timestamp,cpu_pct,cpu_perf_pct,mem_used_gb,mem_commit_gb,mem_commit_limit_gb,pagefile_pct,stata_count,stata_pids,stata_ws_gb_total,stata_cpu_sec_total,stata_threads_total,perf_per_core,util_per_core
# logical_cores=22
# header_repeated_below
timestamp,cpu_pct,cpu_perf_pct,mem_used_gb,mem_commit_gb,mem_commit_limit_gb,pagefile_pct,stata_count,stata_pids,stata_ws_gb_total,stata_cpu_sec_total,stata_threads_total,perf_per_core,util_per_core
2026-05-07 08:19:38,1.1,128.9,16.76,28.45,63.23,0.28,0,,,,,132.4|102.1|55.6|55.4|55.5|55.4|55.6|55.5|54.7|55.6|165.3|153.2|152.7|168|123.9|166.3|165.4|157.4|168.1|164.5|110|110,13.7|6|0|0|0|0|0|0|0|0|36.8|18.3|39.9|7.5|35.3|7.5|33.7|9.1|41.4|18.3|0|0
2026-05-07 08:19:49,1,101.8,16.66,28.36,63.23,0.28,0,,,,,97.9|88.8|55.1|54.7|55.6|51.2|55.2|55.9|55.8|55.8|97.6|87.1|110.3|96.2|85.3|88.3|86.4|83.8|86.5|87.5|109.9|110.2,11|0.1|0.1|0.1|0.1|0.1|0.1|0.1|0.1|0.1|25|9.4|25|11|20.4|4.7|15.7|0.1|12.5|1.6|0|0.1
2026-05-07 08:19:59,11.2,188,16.88,28.58,63.23,0.28,1,27588,0.224,1.6,9,142.2|130.3|55.6|55.5|55.5|55.4|55.5|55.5|55.6|55.5|193.9|202|199.1|194.8|154.2|157.3|140.3|109.8|146|155.9|110|109.8,13.4|2.6|2.6|2.6|4.2|4.2|4.2|2.6|2.6|4.2|41.3|16.5|15|41.3|5.7|35.1|33.5|7.2|21.2|11.9|2.6|4.2
2026-05-07 08:20:09,13.4,184.9,17.14,28.81,63.23,0.28,1,27588,0.319,11.8,9,118.1|88.9|55.6|55.5|55.6|55.4|55.6|55.5|55.5|55.6|162.9|143|190.3|169.9|177.3|177.6|184.9|197.3|165.9|171.9|109.2|109.3,16.1|6.8|0.6|0.6|0.6|0.6|0.6|0.6|0.6|0.6|20.8|6.8|3.7|22.4|19.2|50.3|64.3|41|36.3|23.9|0.6|0.6
2026-05-07 08:20:19,4.8,139.2,17.02,28.69,63.23,0.28,1,27588,0.363,21.8,9,70.6|77.3|0|55.6|55.8|50.6|0|0|0|0|122.9|101.4|123.3|129|133.5|160.8|175.5|127.4|123.1|131.1|110.4|0,4|0.9|0.9|0|0|0|0.9|0.9|0.9|0.9|31.9|11.8|10.2|30.3|13.3|24.2|27.3|5.6|21.1|4|0|0.9
2026-05-07 08:20:30,6.2,125.7,17.03,28.74,63.23,0.28,1,27588,0.398,31.7,9,110.7|78.7|0|0|48.5|0|0|0|0|0|97.3|83.1|114|86.5|114.4|105.4|158.4|139|105.6|159.4|0|0,1.9|0|0|1.9|0|1.9|1.9|1.9|1.9|1.9|12.8|3.5|12.8|3.5|9.7|5|26.8|12.8|30|3.5|1.9|1.9
2026-05-07 08:20:40,5.6,122.9,17.16,28.84,63.23,0.28,1,27588,0.461,41.7,9,136.3|142.5|55.5|52.1|55.3|55.5|55.6|55.6|55.7|55.5|176.1|193|131.7|95.1|135.2|140.3|172.6|160.7|173.2|175.7|110.3|109.7,22.4|6.9|0|0|0|0|0|0|0|0|16.2|6.9|16.2|3.7|16.2|17.7|48.8|17.7|48.8|16.2|0|0
2026-05-07 08:20:50,6.6,104.3,17.15,28.83,63.23,0.28,1,27588,0.512,51.8,9,78.8|91.8|72.4|130|62.8|56.6|55.5|55.5|55.5|55.5|149.1|167.5|161.1|130.4|91.9|103.7|105|79.7|127|88.4|110.2|110.3,3.9|3.9|0|0.8|0|0|0|0.8|0|0|7|7|11.7|3.9|13.2|16.3|21|27.2|24.1|19.4|0|0
2026-05-07 08:21:00,9.7,134.8,17.44,28.95,63.23,0.28,1,27588,0.541,61.8,6,130.7|96.9|55.5|52.8|55.4|55.6|55.6|55.6|55.6|55.6|156.6|179.9|183.5|171|61.2|72.3|88.5|124.5|114.1|95.4|105.8|106.9,12.7|0|0.3|0.3|0.3|0.3|0.3|0.3|0.3|0.3|0|14.3|25.2|3.4|15.9|4.9|6.5|50.1|36.1|9.6|0|0
2026-05-07 08:21:10,5.8,93.4,17.52,29.16,63.23,0.28,1,27588,0.556,71.8,6,147.8|150.7|162.2|126.6|75.7|179.1|117.4|193.1|157.7|160.8|137.1|155.7|171.2|158.1|125.3|128.4|138.2|138.5|136.3|178.8|109.5|109.9,1.5|1.5|1.5|1.5|0|0|1.5|0|1.5|1.5|1.5|6.1|16.9|4.6|9.2|16.9|4.6|40|13.8|12.3|1.5|1.5
2026-05-07 08:21:21,5,79.3,17.42,29.11,63.23,0.28,1,27588,0.571,81.8,6,82.5|87.3|59|62.4|64.8|82.1|55|55|55.4|55|100.1|91.9|93|87.6|61.8|59.4|105.5|107.8|90.2|97.6|110.2|110.4,12.6|0|6.4|8|4.8|17.3|4.8|1.7|4.8|6.4|12.6|0|15.8|0|1.7|1.7|3.3|3.3|36|0|0.2|0
2026-05-07 08:21:31,6.2,96.4,17.41,29.12,63.23,0.28,1,27588,0.587,91.7,6,76.3|59.8|80.1|55.4|84.6|55.8|51.2|55.4|57.8|56.7|91.1|90.7|87.4|86.5|64.2|73.3|64.2|57.3|83.6|83.1|109.8|0,12.5|4.7|9.4|0|0|7.8|1.6|0|1.6|1.6|3.1|0|7.8|0|7.8|3.1|3.1|0|32.8|9.4|0|1.6
2026-05-07 08:21:41,11.2,155.5,17.79,29.44,63.23,0.28,1,27588,0.626,101.6,6,168.7|186.4|55.6|55.3|54.7|55.5|55.6|55.5|55.6|55.8|147.6|149.9|139.6|178.1|149.3|170.5|157|164.2|174.2|178.6|109.7|109.9,34.7|3.6|0|0|0|0|0|0|0|0|23.8|8.3|33.2|6.8|20.7|8.3|28.5|16.1|72|6.8|0|0
2026-05-07 08:21:51,3.3,77.9,17.53,29.17,63.23,0.28,1,27588,0.628,111.7,6,88|79|118.3|63.9|74.7|62.2|58.1|55|55.2|55.3|91.8|117.7|65.1|85.8|68.7|62.5|105.7|64.5|99.9|95.1|109.3|109.2,12.5|0|6.3|6.3|6.3|3.2|1.6|1.6|3.2|3.2|4.7|1.6|1.6|7.8|7.8|7.8|6.3|3.2|6.3|34.4|3.2|3.2
2026-05-07 08:22:01,5.8,84.4,17.52,29.18,63.23,0.28,1,27588,0.627,121.7,5,124.3|122.2|55.9|55.1|55.6|56|55|55.4|55.4|55.5|194.3|194.1|187|205.2|76.1|73.5|63.5|106|150.8|137.6|108.9|110,17.6|5.2|0.5|0.5|0.5|0.5|0.5|0.5|0.5|0.5|23.8|0.5|2.1|19.2|9.9|5.2|22.3|2.1|11.4|36.3|0.5|0.5
2026-05-07 08:22:12,6.8,156.6,17.57,29.27,63.23,0.28,1,27588,0.627,131.7,5,127.8|96.4|55.5|55.4|55.6|55.4|55.5|55.4|55.4|55.6|147.7|176.4|117.4|105.5|67.5|87.8|66.6|70.1|113.7|131.4|110.1|109.9,8.3|2.1|0.5|0.5|0|0.5|0|0.5|0|0.5|16.1|2.1|2.1|19.2|14.5|8.3|30.1|3.6|9.9|42.5|0|0.5
2026-05-07 08:22:22,5.3,94.3,17.51,29.2,63.23,0.28,1,27588,0.627,141.6,5,105.9|89.1|52.2|53.7|51|52.8|52.8|54.8|52.8|53.6|102|98.2|83|83.2|72.4|64.4|54.3|61.6|66.5|71.9|110.4|110.6,34.7|11.4|0.5|2.1|0.5|0.5|0.5|0.5|0.5|0.5|3.6|2.1|9.8|2.1|5.2|11.4|8.3|8.3|8.3|5.2|0.5|0.5
2026-05-07 08:22:32,5.2,85.2,17.52,29.21,63.23,0.28,1,27588,0.631,151.6,5,87.5|78.8|55.5|55.6|55.6|55.6|55.5|55.6|55.7|55.5|88.4|87.9|82.2|74.8|71.7|72.2|65.3|68.3|62|57.4|109.8|109.8,47.3|5.4|0|0|0|0|0|0|0|0|28.7|7|38|5.4|39.5|10.1|39.5|2.3|28.7|7|0|0
2026-05-07 08:22:42,13,148.5,17.62,29.3,63.23,0.28,1,27588,0.638,161.7,5,96.2|133|55.5|55.5|55.6|55.6|55.6|54.3|55.7|55.6|138|171.5|153.4|150.6|102.8|96.5|98.8|108.1|92.9|79|110|109.9,27.1|3.8|0|0|0|0|0|0|0|0|13.1|0|10|2.3|11.6|19.3|13.1|5.4|6.9|10|0|0
2026-05-07 08:22:52,7.7,78.1,17.57,29.26,63.23,0.28,1,27588,0.644,171.7,5,120.3|82.9|54.2|55.2|54.8|55.1|55.5|55.7|55.5|55.8|88.7|95.8|88.1|95.1|79.4|70.6|59.8|63.4|60.3|53.9|109.8|110.1,5.1|28.4|0|0.4|0|0.4|0.4|0.4|0.4|0.4|0.4|14.4|20.6|3.5|6.6|8.2|6.6|12.8|0|9.7|0.4|0.4
2026-05-07 08:23:03,7.9,114,17.59,29.27,63.23,0.28,1,27588,0.651,181.7,5,114.1|83.4|55.6|44.5|55.4|55.9|55.8|55.7|55.4|55.2|77.1|89.7|90|94.8|63.1|86.9|59.5|77.2|67.9|61|109.5|110.5,0.2|17.4|0|0.2|0|0.2|0|0.2|0.2|0.2|0.2|11.1|15.8|1.8|18.9|6.4|9.6|8|12.7|8|0.2|0.2
2026-05-07 08:23:13,12.6,125.4,17.64,29.32,63.23,0.28,1,27588,0.657,191.6,5,93.8|107|55.5|55.7|55.5|55.7|55.5|55.6|55.5|55.6|183.8|135.8|127.6|158|84|63|109.2|81.6|82.5|92.6|110|110,8.3|44.1|0|0|0|0|0|0|0|0|3.7|13|9.9|3.7|19.2|13|14.6|6.8|11.4|8.3|0|0
2026-05-07 08:23:23,5.6,79.7,17.58,29.26,63.23,0.28,1,27588,0.663,201.6,3,77.2|86|51.5|55.2|55.6|55.4|54.8|55.8|55.4|55.9|83.3|97.9|88.3|89.9|73.7|66|83.1|71.2|67.5|70.4|111.1|110.1,0|0|0.8|0.8|0.8|2.3|0.8|0.8|0.8|0.8|7|0|11.6|2.3|30.2|11.6|17.8|13.2|16.3|5.4|0.8|0.8
2026-05-07 08:23:33,5.3,73.1,17.56,29.23,63.23,0.28,1,27588,0.669,211.5,3,64.7|64|0|0|55.5|54.9|0|0|54.8|0|107.6|109|97.7|93.3|112.2|81.1|86.1|100.5|59.1|68.2|0|0,3.6|3.6|2.1|2.1|0.5|0.5|2.1|2.1|0.5|2.1|9.8|2.1|11.4|3.6|26.9|11.4|14.5|14.5|14.5|3.6|2.1|2.1
2026-05-07 08:23:44,11.5,107,17.55,29.21,63.23,0.28,1,27588,0.675,221.5,3,84|83.8|55.7|55.5|53.9|55.5|55.6|55.4|55.6|55.4|107|94|88.1|91.2|74.7|74|72.8|60.9|63.5|58.3|109.9|109.7,3.4|3.4|0.3|0.3|0.3|0|0.3|0.3|0.3|0.3|11.2|1.9|15.9|3.4|36.1|9.7|23.7|11.2|3.4|23.7|0.3|0.3
2026-05-07 08:23:54,5.8,73.2,17.49,29.16,63.23,0.28,1,27588,0.681,231.4,3,69.5|84.8|55.8|55.6|53.8|55.4|55.5|55.6|55.3|55.5|98.9|90.5|124.7|94.8|87.8|91.4|75.6|76.2|60.4|66.2|110|109.7,5.8|4.2|0|0|0|0|0|0|0|0|8.9|0|1.1|10.4|10.4|33.6|39.8|13.5|24.3|11.9|0|0
2026-05-07 08:24:04,10.7,142.5,17.53,29.21,63.23,0.28,1,27588,0.686,241.5,3,142.2|92.8|55.8|55.6|55|55.6|55.5|55.2|55.6|55.2|132.8|181.8|111.2|118.2|79|87.4|76.4|54.9|86|61.7|110.2|110.3,0.9|0.9|0|0|0.9|0|0|0|0|0|4|2.5|0.9|7.1|14.8|25.7|33.4|14.8|5.6|10.2|0|0
2026-05-07 08:24:14,7.3,101.7,17.59,29.26,63.23,0.28,1,27588,0.692,251.6,3,86.5|80.3|55.8|55.7|55.6|55.3|50.1|55.2|55.7|55.4|99.6|127.3|116.4|126.7|86.7|97.8|63.1|92.1|56.5|70.7|110|110.1,7|7|0|0|0|0|0.8|0|0|0|24.1|3.9|5.5|19.4|14.8|34.9|7|19.4|8.6|21|0|0
2026-05-07 08:24:24,5,75.5,17.57,29.24,63.23,0.28,1,27588,0.697,261.6,3,71.5|67.3|55.6|55.6|55.5|55.5|55.7|55.4|55.8|55.5|84|87.8|79|88.3|50.8|60.5|102.9|97.2|63.7|51.4|109.7|110.1,2.5|2.5|0|0|0|0|0|0|0|0|5.6|0|8.7|2.5|11.8|13.3|30.3|13.3|14.9|8.7|0|0
2026-05-07 08:24:35,5.3,75,17.55,29.23,63.23,0.28,1,27588,0.702,271.6,3,84.6|64.1|0|0|41.3|0|0|0|0|0|72|83.6|83.7|58.2|50.5|70.9|79.5|63.5|63.3|53.5|0|0,8.6|0|0|0|0.8|0|0|0|0|0|11.7|0.8|7|3.9|21|2.4|27.2|5.5|17.9|8.6|0|0
2026-05-07 08:24:45,11.1,140.9,17.78,29.44,63.23,0.28,1,27588,0.708,281.7,3,128.1|99|52.5|55.6|53.3|55.7|55.9|55.5|55.2|55|134.2|143.3|104.6|109.8|97.9|88.2|183.8|173.2|146.5|117.1|109.7|109.3,15.1|5.8|2.7|2.7|1.2|2.7|2.7|2.7|2.7|2.7|24.4|4.3|13.6|4.3|13.6|5.8|53.7|7.4|53.7|29|2.7|1.2
2026-05-07 08:24:55,5.4,76.5,17.7,29.34,63.23,0.28,1,27588,0.688,291.6,3,66.8|64.4|55.7|55.2|55.6|55.7|55.5|54.5|55.5|55.4|88.6|98.3|90.1|85.2|63.8|53.6|102.6|99.1|64.7|58.4|109.9|109.7,3.8|2.2|0.7|0.7|0.7|0.7|0.7|0.7|0.7|0.7|0.7|20.9|16.2|0.7|5.3|2.2|2.2|39.5|14.6|6.9|0.7|0.7
2026-05-07 08:25:05,14.8,164.1,17.88,29.45,63.23,0.28,1,27588,0.688,301.7,5,109.5|79.2|55.6|55.7|55.5|55.6|55.7|55.6|55.4|55.6|203.7|210.7|210.6|205.9|69.4|51.2|164.5|173.2|126.9|127.2|110.1|109.8,34.4|1.7|0.1|0|0.1|0|0|0|0|0.1|14.1|56.3|56.3|17.3|21.9|20.4|11|51.6|51.6|12.6|0|0
2026-05-07 08:25:15,17.8,169.7,17.49,29.38,63.23,0.28,1,27588,0.688,311.8,5,138.4|139.7|54.3|55.4|55.5|53.8|55.3|55.2|55.8|55.5|203|207.6|209.1|210.6|91.5|77.5|175|167.4|137.9|176.8|110.1|110.1,50.2|0.3|0.3|0|0|0.3|0|0.3|0.3|0.3|3.4|61.1|42.4|11.2|19|17.4|8.1|47|47|6.5|0.3|0.3
2026-05-07 08:25:25,13.8,180.4,17.53,29.34,63.23,0.28,1,27588,0.688,321.8,5,131.7|131.9|55.5|55.4|55.5|55.5|55.4|55.3|55.9|55.5|202.5|205.7|211.2|212.3|107.7|59.8|104.4|121.4|163.3|180.5|110.1|109.9,47.2|8.4|0|0|0.7|0|0|0|0|0|47.2|11.5|58.1|13.1|19.3|8.4|13.1|10|56.5|8.4|0.7|0
2026-05-07 08:25:36,8.9,131.6,17.48,29.33,63.23,0.28,1,27588,0.689,331.8,5,85.1|76.4|76.8|57.5|56.5|70.8|55.6|55.6|66.1|55.5|209.5|202.6|202.2|130.4|49.1|35.5|53.1|76.4|94.1|112.9|110.4|109.3,20.9|0|7|5.4|8.5|10.1|2.3|0|3.9|2.3|50.4|0|59.7|0.8|10.1|0|7|2.3|44.2|2.3|0|0.8
2026-05-07 08:25:46,10.6,142,17.5,29.33,63.23,0.28,1,27588,0.689,341.7,5,63.6|60.6|140.6|64.6|97.6|67.8|55.7|55.6|55.4|55.4|203.7|215.2|215.3|220|51.6|45.1|47|51.6|60.6|63|110.1|110.6,8.9|1.1|5.8|7.3|0|4.2|0|0|0|0|59.8|8.9|47.5|8.9|8.9|1.1|4.2|2.7|44.4|2.7|1.1|0
2026-05-07 08:25:56,10.1,136.7,17.49,29.34,63.23,0.28,1,27588,0.689,351.7,5,66.4|86.3|119.4|63|78|56.8|58.7|55.6|55.6|55.5|211|202.8|219.4|208.7|53.2|84.3|44.3|36.4|71.6|49.2|110|110.5,20.1|1.3|2.8|6|7.5|23.2|4.4|0|2.8|0|38.9|4.4|2.8|60.8|12.2|1.3|15.4|2.8|2.8|24.8|0|0
2026-05-07 08:26:06,22,146.6,17.51,29.34,63.23,0.28,1,27588,0.69,361.6,6,71.7|82.6|98.7|89.8|60.3|59.5|55.4|55.6|55.6|55.5|217.1|207.5|220.5|211|47.7|44.7|49.9|36.2|80.4|76.7|109.8|109.9,23.6|0.2|3.3|6.4|0.2|1.8|1.8|0|0|9.6|56.3|0.2|0|61|12.7|0.2|15.8|0|0|33|0.2|0.2
2026-05-07 08:26:16,13.6,136,17.53,29.37,63.23,0.28,1,27588,0.69,371.6,6,45|45.6|69.7|60.5|86.4|61.6|57.7|55.9|56|55.7|205.4|212.8|205.7|209.3|51.9|73.9|49.2|78|50.2|54.4|109.8|110.2,3.8|2.3|6.9|8.5|6.9|14.7|0|22.4|0|8.5|50.4|0|0|51.9|2.3|0|2.3|0|5.4|45.7|0|0
2026-05-07 08:26:27,11.3,149.9,17.27,28.99,63.23,0.28,1,27588,0.691,381.6,6,106.8|127.3|63.7|201.6|70.2|70.2|55.6|55.5|55.4|55.5|211.2|207.4|213.4|211.7|145.1|182.5|64.4|42.1|96.8|88.9|110|109.9,44.3|5.6|4|5.6|5.6|0.9|0|2.5|0|0.9|53.6|4|61.3|2.5|22.6|2.5|19.5|0|5.6|0.9|0.9|0.9
2026-05-07 08:26:37,7.9,144.3,17.29,29,63.23,0.28,1,27588,0.691,391.6,6,78.8|38.2|133.5|59.3|65.8|104.4|86.1|56.7|68.9|57.5|162.6|62.5|220|208.5|102.6|45.9|112.1|84.7|88.9|87.6|110.2|110,55.2|1.1|2.7|5.8|1.1|0|0|0|0|0|41.3|4.2|70.7|2.7|22.8|13.5|13.5|5.8|5.8|2.7|0|1.1
2026-05-07 08:26:47,10.9,141.3,17.34,29.03,63.23,0.28,1,27588,0.691,401.5,6,71.5|55.4|91.9|88.6|59.1|66.4|61|55.7|55.5|55.6|184.5|176.2|220.5|216|64.1|43.1|47.4|81.8|45.2|51.1|109.8|109.3,31.9|0|7.1|11.7|5.5|5.5|0|2.4|0|0.9|52|2.4|55.1|4|10.2|2.4|5.5|2.4|5.5|0|0.9|0.9
2026-05-07 08:26:57,11.1,148,17.32,29.02,63.23,0.28,1,27588,0.692,411.5,6,123.9|105.7|98.4|112.5|100.6|108.8|56.4|62.1|65.7|58.6|199.5|214.6|208.9|198.4|60.9|49.6|53.5|86.8|40.8|75.8|105.4|105.5,0.7|38|0|8.5|10|5.4|0|13.1|0|6.9|0.7|53.5|78.3|0.7|8.5|0|6.9|0|2.3|0|0.7|0.7
2026-05-07 08:27:07,9.7,143.3,17.34,29.02,63.23,0.28,1,27588,0.692,421.5,6,73.3|80.7|107.6|83.6|78.1|95.5|89.2|58.1|56.4|57.1|211|207|194.8|136.6|81.5|54.6|67|34.4|102.6|92.2|110.2|0,3.9|34.9|2.4|0|0|2.4|0.8|2.4|2.4|0|7|13.2|19.4|8.6|10.1|5.5|14.8|11.7|2.4|17.9|0|0.8
2026-05-07 08:27:18,4.7,65.6,17.33,29,63.23,0.28,1,27588,0.692,431.3,6,74.8|71.4|94.8|57.4|60|56.5|56.8|93.2|56.1|84.7|71.2|60.3|60.8|63.5|65.8|82.2|72.8|87.6|70|87.5|0|0,0|61.5|1.3|0|12.1|2.9|0|0|0|0|0|5.9|12.1|0|4.4|0|0|0|0|0|0|0
2026-05-07 08:27:28,4.9,79,17.28,28.95,63.23,0.28,1,27588,0.692,441.3,6,86.3|87.6|67.5|59.9|55.7|59.7|55.6|55.6|55.6|55.5|96.2|105.3|88.6|97.2|83|63.4|55.8|54.8|63.6|52.6|110|108.3,3.6|2|0.4|3.6|9.8|2|0.4|3.6|0.4|3.6|2|3.6|6.7|3.6|70.4|39.3|8.2|5.1|3.6|19.1|0|0.4
2026-05-07 08:27:38,5.3,76.4,17.29,28.96,63.23,0.28,1,27588,0.692,451.2,6,84.3|87.5|54.6|60.1|55.8|55.3|54.3|54.3|54.9|54.3|87|92|85.4|84.7|87.3|71.5|56.9|71.6|60|81.8|0|0,1.5|3.1|0|12.3|6.1|7.7|1.5|0|7.7|0|7.7|3.1|7.7|3.1|69.2|12.3|3.1|3.1|3.1|3.1|0|0
2026-05-07 08:27:48,4.9,86.1,17.28,28.94,63.23,0.28,1,27588,0.692,461,3,85.5|87.5|55.6|56.6|57.4|57|56.4|55.2|54.7|55.2|78.6|77|74.4|85.3|103.6|75.5|60.1|60.2|72.6|76.9|0|0,0.4|0.4|5.1|5.1|0.4|8.2|2|0|11.3|9.8|9.8|0.4|12.9|8.2|53.3|16|2|2|3.6|0.4|0.4|0.4
2026-05-07 08:27:58,5.3,78.5,17.26,28.92,63.23,0.28,1,27588,0.693,470.8,3,68.7|87.4|45.1|53.7|44.8|55.4|0|55.6|0|0|84|88.5|82.5|78.1|68.4|82.9|55.2|54.5|75.6|93.2|0|0,1.8|0.2|12.7|0.2|0|4.9|0.2|0|0.2|0|25.2|6.5|3.4|22.1|1.8|47|1.8|0.2|4.9|3.4|0.2|0.2
2026-05-07 08:28:09,6.6,60.7,17.32,28.98,63.23,0.28,1,27588,0.754,480.9,3,82.2|43.1|0|55.6|54.5|55.8|0|51.4|0|53.2|146.4|155.9|178.1|135.3|56.9|67|68.6|98.3|51.2|70.1|0|0,2.4|0.9|2.4|0|5.5|8.6|0|0|0|0|11.7|0.9|4|10.2|17.9|14.8|10.2|11.7|8.6|7.1|0.9|0.9
2026-05-07 08:28:19,4.7,72.4,17.3,28.97,63.23,0.28,1,27588,0.754,490.9,3,44.6|69.4|139.7|122.2|60.1|61|106.4|56|57.3|56.5|53.4|80.7|83.1|84|53.4|53.2|38.8|37.6|40.5|76.7|109.9|109.7,0.7|0.7|19.3|17.8|2.3|10|0|5.4|0|0.7|5.4|0|3.8|3.8|3.8|17.8|5.4|5.4|6.9|2.3|0|0.7
2026-05-07 08:28:29,4.7,56.5,17.31,28.96,63.23,0.28,1,27588,0.754,500.9,3,53.4|38.9|158.9|95.1|140.1|73.6|56.7|122.7|98.5|63.1|69.3|76.6|65.7|79.2|42|39.6|47.9|60.8|47.2|45.1|110|110,2.2|2.2|10|8.4|10|8.4|0.6|2.2|0|0.6|11.5|0|6.9|0.6|8.4|10|23.9|23.9|23.9|3.8|0|0
2026-05-07 08:28:39,6.4,86.2,17.31,28.97,63.23,0.28,1,27588,0.754,510.8,3,87.6|87.6|86.7|128.7|66|57.1|79.4|54.8|58|55.4|85.8|86.7|71.6|82.5|63.2|78.4|65.5|98.2|39.7|37.3|110.1|109.9,1.1|0|8.8|2.6|10.4|22.7|11.9|7.3|2.6|0|11.9|2.6|15|0|0|0|21.2|0|1.1|0|0|1.1
2026-05-07 08:28:50,4.5,66.1,17.32,28.98,63.23,0.28,1,27588,0.754,520.9,3,78|47.1|170.5|62.5|151|79|57|55.5|55.7|56.2|89|90.5|86|83.3|52.4|46.7|50.7|46.1|48.4|39|109.8|109.8,7.3|1.1|2.7|2.7|7.3|1.1|11.9|0|0|0|5.8|5.8|18.1|0|5.8|1.1|19.7|8.8|13.5|4.2|1.1|1.1
2026-05-07 08:29:00,6,82.9,17.32,28.99,63.23,0.28,1,27588,0.754,530.7,3,87.4|87.2|158.7|101.6|74.6|62.7|54.9|65.3|55.3|54.6|74.8|70.3|61.6|74.3|46.5|41.2|47.1|55.5|37.4|60.4|102.4|100.2,0.4|2|0|6.6|8.2|8.2|0.4|0.4|0.4|0.4|0|6.6|9.7|0|14.4|5.1|0|20.6|20.6|9.7|0.4|0.4
2026-05-07 08:29:10,10.9,92.5,17.08,28.99,63.23,0.31,1,27588,0.754,540.7,3,56.8|85.7|152|84.8|126.7|126.9|55.4|55.1|55.5|55.3|77.1|59.5|70.3|52.7|40.7|49.9|62|55.8|60.3|68.1|109.9|110.2,3.6|2|14.5|9.8|14.5|5.1|3.6|0.5|3.6|2|2|8.3|6.7|0.5|3.6|8.3|2|20.7|11.4|8.3|0.5|0.5
2026-05-07 08:29:20,6.1,71.3,17.09,28.99,63.23,0.31,1,27588,0.754,550.7,3,78.2|79.1|138|108.5|93.6|79.2|53.7|53.7|54.3|55.1|91.9|142.3|82.2|82.8|42.5|83.7|79.1|72|32.9|33.2|109.6|110.3,6.9|0.7|0|0.7|2.3|0.7|0|0|0|0.7|0|6.9|20.9|0|13.1|6.9|2.3|8.5|22.5|25.6|0|0.7
2026-05-07 08:29:30,5.1,79.2,17.07,28.96,63.23,0.31,1,27588,0.754,560.7,3,48.8|40.5|102.3|103.6|63.5|61.4|78.4|53.6|55.5|54.3|80.1|90.9|66.1|83|47.8|38|36.8|40.9|47.5|37.5|109|109.9,0.5|5.2|23.8|8.3|5.2|0.5|0|2|2|0.5|12.9|2|6.7|0.5|8.3|3.6|2|3.6|25.4|6.7|0.5|0.5
2026-05-07 08:29:41,6.1,81.4,17.06,28.96,63.23,0.31,1,27588,0.754,570.6,3,63.6|76.8|130.9|92.9|138.2|62.3|66.3|126.9|155.4|69.6|60|82.2|63.5|63.9|46|39.2|34.7|69.3|52.2|51.6|110|109.4,16.1|2.2|3.7|2.2|8.4|14.6|0|0.6|0.6|0.6|6.8|2.2|2.2|0.6|5.3|0.6|11.5|5.3|19.3|3.7|0.6|0
2026-05-07 08:29:51,5,77.8,17.05,28.95,63.23,0.31,1,27588,0.754,580.6,3,56.5|81.3|181.7|116.4|139.7|100.5|82.4|57.8|57.7|56.6|55.4|75|78.5|79|41.7|67|45.6|41.8|48|49.9|110.1|110,2.4|0.9|8.6|7.1|4|11.7|4|2.4|0.9|2.4|10.2|0|2.4|11.7|8.6|2.4|8.6|0|7.1|28.7|0|0.9
2026-05-07 08:30:01,7.7,67.7,17.05,28.95,63.23,0.31,1,27588,0.754,590.5,5,87.2|87|149.1|152.6|118.2|69.1|55.5|55.5|55.4|55.5|91.4|84.4|79|69|42.7|35.4|38.8|73|53.8|54.1|108.6|109.9,1|0|13.4|14.9|7.2|4.1|2.6|2.6|0|5.7|2.6|0|0|5.7|4.1|2.6|10.3|7.2|4.1|19.6|1|1
2026-05-07 08:30:11,8,66.9,17.06,28.95,63.23,0.31,1,27588,0.754,600.6,5,57.1|79.8|160.5|106.9|74.3|116.5|79.7|55.7|53.4|53.6|77|70.2|62.9|63.3|44.2|42.4|44.4|38.4|61.5|51.5|110.2|0,13.5|4.2|7.3|7.3|10.4|4.2|2.6|2.6|1.1|4.2|10.4|0|0|2.6|11.9|8.8|11.9|15|11.9|39.7|0|0
2026-05-07 08:30:21,5.6,69,17.09,29,63.23,0.31,1,27588,0.755,610.5,5,45.9|71|110.7|166.9|149.6|117.2|55.3|55.2|55.5|59.6|61.5|59.2|58.8|85.3|41|35.2|47.3|53.4|47.6|51.5|109.9|0,23|6.1|16.9|3|0|4.6|1.5|3|4.6|1.5|21.5|1.5|33.8|1.5|13.8|10.7|10.7|10.7|4.6|0|0|1.5
2026-05-07 08:30:32,4.3,77.4,17.05,28.95,63.23,0.31,1,27588,0.755,620.4,5,62.4|60.6|169.4|138.6|62.1|78.6|170|69.1|89.2|72.1|80.3|84.4|64|51.7|49.4|33.7|51.2|36.5|42|75.7|109.7|107.6,5.6|0.9|4|13.3|28.8|4|0|2.5|0|0|13.3|0|8.6|0|14.8|7.1|0.9|5.6|11.7|2.5|0.9|0
2026-05-07 08:30:42,5.4,99.5,17.12,29.02,63.23,0.31,1,27588,0.755,630.5,5,57|47.2|132.9|114.1|128.4|92.9|117.7|58.1|56.8|55.4|70.4|89.7|55.1|47.3|44.9|47.6|39.6|34|82.1|38.5|109.9|0,28.6|2.3|6.9|5.4|13.1|2.3|2.3|0.7|0|0.7|14.7|0.7|14.7|0|41.1|33.3|39.5|44.2|25.5|10|0|0
2026-05-07 08:30:52,5.5,66.7,17.07,28.95,63.23,0.31,1,27588,0.755,640.5,5,48.9|63.1|186.7|128.6|140.3|99.6|58.7|62.5|63.1|145.8|75|75.6|73.5|48.5|56.8|38.9|44.1|74.7|58.7|39.2|110.1|0,0.3|23.7|9.7|31.5|0.3|0.3|0|0.3|0.3|0|0.3|15.9|20.6|0.3|11.2|6.5|6.5|5|3.4|5|0|0.3
2026-05-07 08:31:02,6.5,81.4,17.06,28.95,63.23,0.31,1,27588,0.755,650.4,5,74.7|55.5|151.4|154.9|64.9|107.9|179.4|75.2|70.3|73.3|55.2|59.6|69.8|74.1|59.2|51.1|43.2|76.5|50.3|41.8|110.1|110,3.6|19.2|11.4|30.1|6.7|3.6|2.1|0.5|2.1|0.5|0|16.1|8.3|0.5|6.7|6.7|8.3|0.5|5.2|0|0.5|0
2026-05-07 08:31:12,8.1,91.7,17.12,29.03,63.23,0.31,1,27588,0.754,660.4,3,92|107.3|160.5|166|102|127.8|55.4|55.5|55.4|55.6|103.3|108.3|138.2|130.5|121.5|128.8|103|96.6|99.8|90.5|109.9|110.9,8.2|26.8|14.4|17.5|19.1|6.6|1.9|8.2|17.5|5.1|1.9|14.4|23.7|0|23.7|5.1|19.1|6.6|9.7|0|0|0.4
2026-05-07 08:31:23,5.1,75,17.06,28.96,63.23,0.31,1,27588,0.754,670.5,3,107.2|91.2|99.8|108.7|117|73.3|55.1|54.7|55.1|121.8|112.9|59.8|145.3|101.9|61.5|77.2|48.2|115.9|49.9|69.8|110|0,9.4|1.6|9.4|9.4|1.6|4.7|0.1|3.2|7.9|4.7|11|3.2|14.1|1.6|7.9|0|20.4|14.1|17.2|9.4|0.1|0.1
2026-05-07 08:31:33,5.7,80,17.05,28.94,63.23,0.31,1,27588,0.754,680.5,3,81.9|39.7|88.4|64.6|133.2|69.3|55.7|84.1|55.7|56.9|58.4|85.6|76.5|84.7|52.5|46.1|33.1|31.5|53.8|83.1|110.1|0,0.9|0.9|0|4|8.7|4|4|0.9|0|0|11.8|0.9|7.1|0.9|21.1|0|13.3|13.3|8.7|0.9|0|0
2026-05-07 08:31:43,6,61.5,17.1,29,63.23,0.31,1,27588,0.754,690.5,3,120.5|94.6|146.4|161.8|164|157.9|128.3|122.2|79.7|56.2|155.2|153.1|128.1|165.4|137.6|126|157.5|203.8|129.1|93.3|110.2|110,0|0|11.7|7.1|11.7|11.7|2.4|11.7|7.1|14.8|7.1|0|13.3|0|39.6|14.8|16.4|0|10.2|0|0.9|0.9
2026-05-07 08:31:53,5.8,78.7,17.05,28.94,63.23,0.31,1,27588,0.754,700.5,3,44|70.5|88|117.3|82.2|84.8|77.2|54.9|55.4|55.4|70.7|89.2|72|61.2|53.5|44.4|36.9|35.7|34.6|39.8|109.8|110.2,0.7|0.7|10|13.1|3.8|2.2|2.2|0|0|6.9|10|2.2|6.9|10|13.1|19.3|10|10|14.6|6.9|0.7|0.7
2026-05-07 08:32:04,3.9,73.6,17.04,28.93,63.23,0.31,1,27588,0.754,710.4,5,73.7|65.6|64.5|58.4|58.7|141.7|54.6|54.3|55|55.3|118.3|153.5|97.5|96.3|53.2|57.5|48.7|38.4|43|34.3|110|109.9,0.6|0.6|8.3|3.7|2.1|0|5.2|2.1|0.6|0.6|6.8|2.1|2.1|9.9|5.2|25.4|20.8|2.1|2.1|16.1|0.6|0.6
2026-05-07 08:32:14,5.5,117.4,17.08,28.97,63.23,0.31,1,27588,0.754,720.4,5,165.7|92|95.1|59.2|82|131.9|172.9|157.6|145.7|128.8|145.4|71.5|111.2|106.3|88.1|146.9|138.4|100.8|108.4|98.1|109.2|109.3,3.3|8|1.7|9.5|9.5|15.8|0.2|0|6.4|1.7|11.1|0|0|20.5|17.3|17.3|3.3|6.4|12.7|3.3|0.2|0.2
2026-05-07 08:32:24,5.6,60.4,17.03,28.93,63.23,0.29,1,27588,0.754,730.3,5,100.9|89.3|128.1|119.1|73.2|65.9|54.9|55|55.4|55.5|141.8|96.7|162.9|87.2|71|42.6|74.4|41.6|66.5|39.7|109.9|110.1,10.6|0|6|16.8|13.7|9.1|0|2.9|0|0|6|0|16.8|0|12.1|2.9|21.4|7.5|9.1|13.7|1.4|0
2026-05-07 08:32:34,5,58.5,17.26,29.01,63.23,0.28,1,27588,0.754,740.2,5,86.6|86.1|118.3|61.3|60.1|129.7|152.9|57.7|57.8|68.5|84.9|89.1|76.6|76.7|41.3|38.5|69.5|37.4|56|70.3|110|110.3,3.4|0.3|11.2|14.3|6.6|8.1|9.7|1.9|1.9|1.9|1.9|0.3|15.9|0|3.4|0.3|28.4|0.3|11.2|6.6|0.3|0
2026-05-07 08:32:44,7.5,154.6,17.28,29.03,63.23,0.28,1,27588,0.754,750.2,5,123.8|102.6|177.4|124.7|58.9|76.9|56.3|54.5|54|53.4|117.1|175.8|109.9|190.5|55.5|58|112.3|119.3|61.5|57|109.9|109.7,4.9|0.2|8|1.8|12.7|1.8|8|4.9|1.8|8|14.3|1.8|11.2|0.2|9.6|6.5|17.4|6.5|17.4|11.2|0|0.2
2026-05-07 08:32:55,5.2,76.1,17.25,29,63.23,0.28,1,27588,0.754,760.2,5,78.5|87.3|152.5|59.3|114.8|71.9|58|161.7|57.3|57.9|86.5|90|73.9|73|48.4|40.9|47.4|72.4|38.6|58.5|104|105.3,4|0|8.6|8.6|11.7|0.9|0|0.9|11.7|7.1|4|14.8|11.7|2.4|8.6|5.5|13.3|19.5|17.9|11.7|0|0.9
2026-05-07 08:33:05,6.5,69.6,17.3,29.08,63.23,0.28,1,27588,0.754,770.1,5,87.3|86.6|151.5|161.3|75.8|65.5|53.8|54.4|53.8|53.7|81.5|68.4|63.9|60.4|39.6|34.8|73.3|54.3|34.5|58.5|110|110,0.7|0.7|13.2|6.9|8.5|10|0.7|3.8|0.7|2.3|0|2.3|5.4|0|6.9|8.5|0.7|22.5|3.8|8.5|0.7|0.7
2026-05-07 08:33:15,9.1,134.7,17.32,29.08,63.23,0.28,1,27588,0.754,780.2,5,137.1|91.2|152.9|88.4|60.5|64.9|55.1|55.1|54.9|54.9|178.8|135.9|104.3|160.5|56|44.5|65.8|63.8|62.3|37.4|109.9|110.1,2.3|3.8|8.5|6.9|0.7|5.4|0|0|0|0|5.4|8.5|11.6|2.3|5.4|5.4|10|25.5|22.4|3.8|0.7|0.7
2026-05-07 08:33:25,5.8,92.1,17.29,29.06,63.23,0.28,1,27588,0.754,790.1,3,44.7|36.8|123.2|58.5|82.5|92.4|60.1|57.1|146.1|58.1|78.3|116.3|66.6|59.5|44|45.5|51.4|43.1|50.8|40|110.1|109.9,2.7|2.7|8.9|8.9|7.3|7.3|4.2|2.7|1.1|5.8|10.4|0|13.5|2.7|10.4|7.3|8.9|4.2|25.8|19.7|1.1|1.1
2026-05-07 08:33:35,5.9,80.3,17.29,29.05,63.23,0.28,1,27588,0.754,800,3,39.3|75.8|123.5|123.5|119.7|78.8|56|86.3|55.3|54.6|67.3|84.6|53.6|43.8|37.4|40.2|44.5|42|52.2|42.6|109.8|109.8,2.1|2.1|6.8|17.6|3.7|5.2|9.9|3.7|5.2|14.5|6.8|0.5|5.2|0.5|8.3|3.7|9.9|3.7|27|6.8|0.5|0
2026-05-07 08:33:46,13.7,69.6,17.29,29.05,63.23,0.28,1,27588,0.754,810.1,3,125.8|97.7|180.6|129.1|75.6|83.5|54.2|53.6|53.5|54.4|119.8|162.4|140.7|184.4|60.6|67|58.6|71.1|47.1|53.8|110|110.2,2.6|1|10.3|24.2|1|10.3|1|0|1|2.6|2.6|1|13.4|1|13.4|2.6|8.8|2.6|44.3|1|1|1
2026-05-07 08:33:56,5.8,68,17.26,29.03,63.23,0.28,1,27588,0.754,820.1,3,52.9|85.5|163.1|122.4|65.7|95.1|86|55.3|55.2|55.1|87.2|88.7|83.4|64.3|37.6|39|42.9|40.8|52.7|50.3|110|0,6.4|1.7|14.2|9.5|20.4|4.8|1.7|0|0|0|7.9|0|0|12.6|7.9|1.7|4.8|3.2|0|18.8|0.1|0.1
2026-05-07 08:34:06,5.7,68.9,17.26,29.01,63.23,0.28,1,27588,0.754,830,3,57.8|86.9|128.9|166.2|81.1|94.7|55.3|55.3|54.8|55.3|88.2|44.8|69|72.7|43.1|40.1|44.6|40.1|50.5|60.2|110.2|0,10.1|3.9|5.5|2.4|7|7|2.4|2.4|2.4|0.8|7|2.4|0.8|10.1|14.8|10.1|7|33.4|0|28.7|0|0
2026-05-07 08:34:16,14.1,131.2,17.31,29.06,63.23,0.28,1,27588,0.754,840,3,118.3|122.1|57.2|67.8|85.4|71.9|55.5|55.4|52.9|55.5|93.9|68.8|103.4|143.7|80.9|88.3|124.1|55|159.7|142.7|108.3|105.8,26.9|0.4|9.8|3.5|9.8|8.2|3.5|0.4|3.5|6.7|6.7|0.4|6.7|26.9|17.5|8.2|16|5.1|8.2|50.2|0.4|2
2026-05-07 08:34:27,6,82.6,17.25,28.99,63.23,0.28,1,27588,0.754,850.1,4,57.4|71.9|98.4|59.3|163.9|73.7|56.2|157.6|56.2|55.5|90.4|86.8|74.4|79.3|45.8|32.9|42.7|47.4|57.3|163.8|109.9|109.9,28.2|0.1|15.7|11|7.9|3.2|15.7|4.8|3.2|3.2|14.1|0|12.6|0|12.6|0|9.4|1.6|7.9|4.8|0.1|1.6
2026-05-07 08:34:37,5,96,17.25,29,63.23,0.28,1,27588,0.754,860.1,4,66.6|78.6|128.9|134.8|115.2|66.8|80.6|56.1|55|55.5|90.4|131.2|102.2|83.3|44.8|36|39.7|73.2|86.9|87.5|110.1|110,12.8|0|3.5|11.2|15.9|6.6|6.6|0|0|1.9|8.1|0|1.9|0|15.9|8.1|12.8|0.3|8.1|0|0.3|0.3
2026-05-07 08:34:47,6.5,73.5,17.25,29,63.23,0.28,1,27588,0.754,870.1,4,56.2|72.6|161.4|87.6|148.4|95.3|111.8|57.4|56.6|56.4|91.9|100.4|72.1|82.3|45|41.4|44.5|60.7|37.2|81.3|109.7|109.3,23.1|1.6|20|9.3|3.1|3.1|0|6.2|0|0|10.8|0|9.3|0|3.1|1.6|7.7|6.2|13.9|0|0|0
2026-05-07 08:34:57,5.4,84.9,17.23,28.97,63.23,0.28,1,27588,0.754,880.1,4,51.2|60|130|66|100.5|138.3|73.9|124.1|168.1|84.2|90.3|92.2|60.1|73.3|59|55.1|39.3|43|40.3|39.1|108.6|108,0.3|19|5|11.2|12.8|11.2|0.3|0|0.3|0|0|8.1|12.8|0|12.8|6.6|5|0|19|0|0.3|0.3
2026-05-07 08:35:07,5.1,82,17.24,28.98,63.23,0.28,1,27588,0.754,890.1,4,76.6|66.3|121.7|153.5|99.6|104.2|89.2|55.3|56|85.9|75.8|74.7|66.6|104.8|63.8|45.3|41.1|37.4|53.6|59|110|103.3,0|16|6.7|16|3.6|16|2|3.6|2|0|0|9.8|14.5|0|8.3|0.5|8.3|0|2|3.6|0.5|0
2026-05-07 08:35:18,6.9,79.2,17.25,28.99,63.23,0.28,1,27588,0.754,900,4,66.6|54.7|126.9|87.6|60.2|145.5|55.7|57.4|56.3|58.9|91.3|96.4|59.5|95.1|42|49.4|58.3|38.4|39.6|36.6|110.1|100.2,8.1|20.6|0.3|6.6|12.8|1.9|0.3|3.4|3.4|1.9|11.2|6.6|15.9|5|8.1|15.9|3.4|6.6|1.9|3.4|0.3|0.3
2026-05-07 08:35:28,6.7,52.4,17.22,28.96,63.23,0.28,1,27588,0.754,910.1,4,77.9|46|146.5|93.9|107.5|99.2|55.4|55.3|54.4|54.7|60.9|80.9|61.6|81|58.9|42.1|45.8|81.2|38.5|43.4|110|108.4,4.4|2.8|5.9|1.3|1.3|4.4|2.8|0|0|0|7.5|7.5|9|1.3|18.3|13.6|18.3|7.5|5.9|13.6|0|0
2026-05-07 08:35:38,6.3,73,17.22,28.96,63.23,0.28,1,27588,0.754,920.1,3,45.5|80.5|123.6|111.5|127.1|66.3|57.6|55.7|54.5|58.1|68.5|84.5|59|66.6|54.2|43|39|44.6|39.5|46.9|110.1|99.9,9.6|5|1.8|3.4|3.4|1.8|0.3|0.3|0|0|12.7|5|9.6|1.8|33|5|8.1|17.4|6.5|11.2|0.3|0
2026-05-07 08:35:48,7.5,65.6,17.22,28.96,63.23,0.28,1,27588,0.754,929.9,3,72.6|42|118.7|108.2|138.5|67.8|55.5|54.9|55|55|87.7|92.2|69.9|67.1|54.2|42.4|38.9|36|83.5|38.5|110.1|110.1,3.5|5.1|5.1|2|0.4|8.2|2|0|0|0|12.9|0.4|8.2|2|20.6|11.3|6.6|6.6|19.1|19.1|0.4|0.4
2026-05-07 08:35:59,5.4,65.9,17.21,28.95,63.23,0.28,1,27588,0.754,939.8,3,46.5|83.4|112.8|129.5|150.3|62.6|55.3|55.1|55.2|55.2|75.4|89|85.6|91.7|45.2|53.2|42.4|75.5|49.8|58.2|110|110,0|0|9.8|8.3|5.2|17.6|0.5|0.5|5.2|5.2|11.4|0|2|11.4|0|25.4|11.4|0.5|6.7|2|0.5|0
2026-05-07 08:36:09,6.5,68.7,17.22,28.96,63.23,0.28,1,27588,0.754,949.8,3,83.2|42.2|112.6|143.6|82.8|185.1|79.4|55.2|55|55|84.3|85.4|78.9|72.9|46.4|50.4|39.4|39.1|44.6|38.4|110|109.2,0|2.1|6.8|3.7|3.7|2.1|3.7|3.7|5.2|3.7|6.8|2.1|0|8.4|6.8|16.1|14.6|3.7|9.9|5.2|0.6|0.6
2026-05-07 08:36:19,5.9,82.8,17.22,28.96,63.23,0.28,1,27588,0.754,959.8,3,53.8|84.8|111.6|56.8|82.1|60.7|70.3|143.2|132|81.1|89.5|81.1|76.8|76.7|43.8|63.6|58.3|33.6|62.9|40.9|109.9|0,0.8|3.9|7|3.9|0.8|2.3|2.3|0.8|0.8|0.8|13.2|2.3|2.3|5.4|17.8|20.9|11.6|0.8|11.6|20.9|2.3|0.8
2026-05-07 08:36:29,5.2,77.1,17.21,28.95,63.23,0.28,1,27588,0.755,969.7,3,47.1|50.4|166.1|71.4|57.1|81.6|81.5|111.6|123.3|60.4|114.3|78.1|87.6|83.7|57.4|81.5|62.8|60.1|45|96.9|110|110.1,0.7|0|8.5|6.9|11.6|5.4|0.7|0.7|13.1|3.8|13.1|0|6.9|0|13.1|0.7|20.9|0.7|19.3|0|0|0.7
2026-05-07 08:36:39,6.7,47.9,17.23,28.98,63.23,0.28,1,27588,0.755,979.5,3,77.2|75|90.7|125|107.8|58.9|95.7|57|137.1|56.3|101|92.1|68.6|77.5|43.4|36.9|52.5|38.2|43.6|75.7|110.1|0,0|0|16.3|17.9|7|13.2|13.2|3.9|7|3.9|8.6|0|10.1|0|2.4|0|31.8|0|13.2|0|0.8|0
2026-05-07 08:36:50,5.9,63.5,17.23,28.96,63.23,0.28,1,27588,0.755,989.6,3,87.6|84.6|145.9|87.6|64.4|150.4|56.6|68.2|55.1|54.6|104.9|94.6|85.5|82|41.7|39.8|68.1|44|55.6|80.1|110|0,0.2|0.2|9.5|14.2|6.4|8|1.7|0|1.7|0|9.5|0.2|11.1|0.2|8|4.8|22|0|4.8|6.4|0.2|0.2
2026-05-07 08:37:00,5.9,69.5,17.22,28.95,63.23,0.28,1,27588,0.755,999.5,3,80.8|43.5|106.2|79.6|81.4|151.7|60.2|57.8|56.3|122.7|85.8|71.8|71.9|58|47.4|50.1|54.5|53.5|45.8|63.5|102.2|103.3,3.6|0.5|8.3|2|11.4|6.7|0|5.2|0.5|2|0.5|5.2|8.3|0.5|9.8|2|5.2|17.6|9.8|9.8|0|0.5
2026-05-07 08:37:10,6.3,72.2,17.22,28.97,63.23,0.28,1,27588,0.755,1009.5,3,85.9|87.1|174.9|60.6|63.7|105.7|56.6|54.9|55|55.2|76.5|74.9|81.7|65.1|42.5|36.5|66.3|69.3|37.8|69.1|110|109.6,2.4|0|21|4|13.3|2.4|0|0|0.9|0.9|0|5.5|11.7|0|4|2.4|8.6|14.8|8.6|8.6|0|0
2026-05-07 08:37:20,5.8,68.6,17.23,28.97,63.23,0.28,1,27588,0.755,1019.6,3,46.2|33.2|168.9|76.5|58.2|87.1|57.6|117|56|56.4|84.7|78.5|54.8|83.6|39.5|50.5|52.3|65.8|34.8|37.8|110.1|0,7.2|0|0|8.7|16.4|22.6|1|5.6|5.6|5.6|8.7|1|7.2|0|2.5|1|0|5.6|39.7|5.6|0|0
2026-05-07 08:37:30,5.7,68.9,17.23,28.97,63.23,0.28,1,27588,0.755,1029.7,3,76.3|35.4|181.2|63|115.4|103.6|122.2|56.5|60.8|58.9|64.3|78.6|66.2|85.9|38.8|42.3|44.2|50.9|51.3|47.4|110|0,0|0.5|6.8|14.5|16.1|0.5|6.8|0|0|2.1|5.2|0.5|6.8|0.5|16.1|6.8|13|3.6|14.5|0.5|0.5|0
2026-05-07 08:37:41,6.7,86.3,17.22,28.96,63.23,0.28,1,27588,0.755,1039.7,3,55.7|82.8|101.9|63.2|56.9|57.5|55.5|53.8|65.4|54.7|65.6|79.8|49.4|78.3|40.3|39.4|41.6|44.7|54.3|52.5|110.1|109.9,5|1.9|14.3|5|6.6|8.1|0.3|1.9|0.3|3.4|8.1|1.9|9.7|1.9|6.6|1.9|6.6|5|33|6.6|0.3|0
2026-05-07 08:37:51,4.2,73.6,17.23,28.98,63.23,0.28,1,27588,0.755,1049.7,3,47|72.3|111.5|67.4|61.6|81.8|62.7|55|54.7|54.8|75.4|74.7|81.9|74.8|47.9|40.3|48|81.5|56.8|50.9|109.9|109.6,15.7|1.7|4.8|4.8|3.3|1.7|0|0|0|0.1|3.3|0.1|3.3|1.7|9.5|0.1|6.4|0.1|3.3|53.2|0|0
2026-05-07 08:38:01,5.1,69,17.24,28.99,63.23,0.28,1,27588,0.755,1059.6,5,54.7|86.9|86.7|75.8|58.5|71.5|54.1|55.3|54.1|54.2|84.9|79.5|79|77.7|47.1|43.3|44.9|85.6|58.7|51.1|110.1|109.8,7.9|0|18.8|12.6|1.6|4.7|1.6|1.6|0|4.7|20.4|0.1|1.6|25|4.7|0.1|0.1|0.1|1.6|45.3|0.1|0.1
2026-05-07 08:38:11,7.4,64.4,17.23,28.97,63.23,0.28,1,27588,0.755,1069.4,5,46.2|85.8|81.7|76.4|59.4|58.1|58.3|54.9|54.8|56.1|74.6|73.7|72.7|66.7|44.6|75.7|40.2|49.9|56.5|54.4|110|109.2,22.1|0|6.6|9.7|1.9|9.7|1.9|5|5|9.7|5|0|0.3|9.7|8.1|3.4|0|1.9|0|31.5|1.9|1.9
2026-05-07 08:38:22,5.8,69.2,17.23,28.97,63.23,0.28,1,27588,0.755,1079.3,5,58.1|54.6|120.5|64.3|58|67.1|54.5|54.5|54.3|54|103.8|66.8|64.8|79.6|52.4|47.3|75.3|44.9|59.1|48.7|110|110.7,42.6|2.2|3.8|3.8|0|0|0.7|0|0|0|5.3|3.8|11.5|2.2|8.4|10|5.3|5.3|6.9|0.7|0|0
2026-05-07 08:38:32,6.8,72.8,17.25,28.98,63.23,0.28,1,27588,0.755,1089.3,5,71.2|38.3|137.3|66.4|67|103.6|55.1|60.4|54.3|54.6|140|67.3|76.9|81.2|56.9|39.6|56.8|38.2|52.8|39.2|110.1|110,47.1|6.7|0|0|0|0|0|0.5|0|0|8.3|9.8|23.8|3.6|14.5|9.8|11.4|2.1|14.5|2.1|0|0
2026-05-07 08:38:42,6.7,61.6,17.24,28.97,63.23,0.28,1,27588,0.755,1099.3,5,60.4|66.2|104.8|58.4|69.9|60.3|56.8|59.6|66.6|54.8|80.4|86.6|63.1|66.4|58.4|40.4|46.7|87.1|86.9|87|110.1|110.2,36.2|0.5|6.7|8.3|9.8|3.6|0.5|2|2|0.5|12.9|0.5|9.8|0.5|16|2|6.7|14.5|0.5|0.5|0.5|0.5
2026-05-07 08:38:52,6.9,63.7,17.24,28.98,63.23,0.28,1,27588,0.755,1109,5,62.3|56.3|103.1|62.9|66.3|78.8|71|68.3|64.2|77.3|70.1|64.3|66.9|83.2|50.9|84.6|46.7|78.3|46.1|87.2|109.7|110.3,1.4|41.5|10.7|6.1|9.1|0|0|0|0|10.7|3|9.1|16.8|3|0|3|3|1.4|0|0|1.4|1.4
2026-05-07 08:39:02,6.3,66.8,17.24,28.97,63.23,0.28,1,27588,0.755,1118.9,5,62.9|60.6|80.1|72.2|59.5|62.9|55.2|57|58|55.1|83.9|75.9|69.9|81.7|51.7|44.9|49.8|61.4|87.4|87.6|110|105.6,8.2|48.7|3.6|9.8|3.6|0|2|0|14.5|11.4|8.2|14.5|5.1|3.6|11.4|0|2|2|2|14.5|0.5|0.5
2026-05-07 08:39:13,5.3,62.7,17.27,29,63.23,0.28,1,27588,0.755,1128.8,5,58.9|59.4|88.3|87.5|76|114.3|65.9|55|55.4|54.9|57.1|78.8|64.8|77|64.7|86.5|55.3|87.1|86.6|87|109.8|105.4,0|61.5|4.4|6|15.2|2.9|0|0|4.4|10.6|0|13.7|4.4|0|7.5|0|1.4|0|1.4|0|0|1.4
2026-05-07 08:39:23,6.6,69.3,17.21,28.95,63.23,0.28,1,27588,0.755,1138.7,5,86|85.6|77.4|59.2|149|75.4|58|56.2|54.9|55.2|90.8|87.8|100.9|91.9|61.3|54|56.6|75.1|79.8|85.4|109.9|106.6,0.5|0.5|2|3.6|0.5|0.5|2|3.6|2|0|11.4|0.5|19.1|0.5|33.1|12.9|8.3|9.8|6.7|2|0.5|0.5
2026-05-07 08:39:33,6.6,76.9,17.22,28.96,63.23,0.28,1,27588,0.755,1148.7,5,48.8|74.2|81.8|57.1|63.3|65.7|54.7|54.5|55.3|55.3|73.5|74.7|67.6|77.6|60.6|51.3|54.2|48.6|41.8|45.3|109.8|106.8,0|0|1.5|9.2|15.3|3|0|10.7|6.1|0|7.6|0|13.8|0|50.7|0|0|1.5|0|0|0|1.5
2026-05-07 08:39:43,4.9,59.9,17.25,28.99,63.23,0.28,1,27588,0.755,1158.6,5,41.5|83.6|73.9|58.7|61|69.6|54|54.1|53.4|54.9|83.8|82|67.1|52.8|55.4|82.6|47.9|71.9|72.7|87.4|0|109.3,7.1|2.5|8.7|14.9|19.5|7.1|10.2|4|4|0|31.9|4|19.5|0.9|58.2|0|33.4|8.7|8.7|0|0|0
2026-05-07 08:39:54,6.1,63.1,17.25,28.98,63.23,0.28,1,27588,0.755,1168.6,5,50.6|84.8|67.4|55.4|59.7|90.5|55.3|58.3|57.9|54|80.7|82.6|44.2|68.3|61.9|79.7|50.9|49|45.4|47.2|109.6|0,1.7|1.7|0.1|14.2|3.3|14.2|0|0.1|7.9|17.3|9.5|0.1|3.3|18.9|9.5|34.5|6.4|4.8|7.9|6.4|0.1|0
2026-05-07 08:40:04,5.2,68.8,17.25,28.98,63.23,0.28,1,27588,0.755,1178.8,3,85.3|87.6|71.8|71.1|72.9|116.7|84.2|54.9|60|54.4|77.5|79.8|83.7|85.7|46.2|51.1|36.8|37.4|74|37.8|110|0,1|2.6|7.2|10.3|8.7|7.2|2.6|0|1|1|4.1|1|0|7.2|0|16.5|13.4|0|14.9|11.8|1|1
2026-05-07 08:40:14,7.4,79.2,17.3,29.04,63.23,0.28,1,27588,0.755,1188.8,3,57|87.2|164.3|110.1|100.4|106.5|114.4|62.2|56.6|55.7|152.2|152.9|78.3|86.3|115.8|138.4|132.1|137.6|87.8|52.1|110.1|109.5,8.6|5.6|4|10.2|4|13.3|5.6|8.6|0|0|21|0|0|14.8|5.6|45.8|47.4|10.2|25.7|0|0|0
2026-05-07 08:40:24,5.2,67.8,17.24,28.97,63.23,0.28,1,27588,0.755,1198.8,3,85.1|84.7|104.4|101.6|79.7|65|114|82|58.7|86.8|105.3|50.5|93.4|89.1|41.9|39.2|54.5|55.8|37.1|68|110|110.1,2.4|0.8|10.1|7|13.2|7|0.8|0.8|0|0|5.5|2.4|8.6|2.4|2.4|5.5|21|19.4|17.9|3.9|0|0
2026-05-07 08:40:35,7.7,76.9,17.25,28.98,63.23,0.28,1,27588,0.755,1208.8,3,100.6|87.2|122.6|57.9|59|119.7|152.7|57|55.8|144.6|63.1|80.2|64.7|83.7|43.2|42.7|54.5|59.6|71.4|41|108.1|104.1,1.1|0|11.9|0|5.7|8.8|4.1|0|1.1|1.1|10.3|0|4.1|0|7.2|4.1|36.6|5.7|13.4|1.1|1.1|1.1
2026-05-07 08:40:45,7.6,84.1,17.3,29.03,63.23,0.28,1,27588,0.755,1218.6,3,156.8|163.6|137.3|163|105.6|75.1|160.3|192.1|192.5|167.5|138.2|102.1|135.6|79.3|101.3|108.9|129.9|136.2|147.5|109.7|110|109.9,2.4|2.4|4|4|8.6|5.5|13.2|2.4|2.4|0.9|10.1|2.4|8.6|0.9|14.8|7|36.5|11.7|14.8|19.4|0|0
2026-05-07 08:40:55,4.9,63,17.23,28.96,63.23,0.28,1,27588,0.755,1228.6,3,82.4|78.4|143.8|89.5|86.9|77|55.1|55.8|77.9|55.5|85.2|89.1|79.2|72.4|56.2|50.8|64.9|63.8|61.9|85.7|110|110.4,3.9|0|7|0.8|5.5|2.4|3.9|0.8|2.4|0.8|0|11.7|10.1|0.8|14.8|5.5|8.6|16.3|30.3|14.8|2.4|2.4
2026-05-07 08:41:05,10.3,136.3,17.27,29,63.23,0.28,1,27588,0.755,1238.6,3,59.5|44.6|120.5|70.6|180.3|59.3|55.9|107.9|55.8|56|103.7|136|195.2|98.9|89.6|51.5|157.2|148.5|41.6|37.1|110.1|110,2.6|1|0|7.2|1|1|2.6|4.1|1|2.6|2.6|10.3|11.9|2.6|11.9|10.3|24.2|18.1|13.4|4.1|0|0
2026-05-07 08:41:15,7.6,108.1,17.39,29.08,63.23,0.28,1,27588,0.755,1248.5,3,117.9|134.4|55.2|55.3|55.5|55.5|55.6|55.5|55.6|55.6|157.1|142.4|151.7|177.7|112.1|117.4|144.9|131.5|168.7|188.5|110|107.8,17.5|0.4|0.4|0.4|0.4|0.4|0.4|0.4|0.4|0.4|6.6|59.5|31.5|3.5|22.2|12.8|8.2|23.7|33.1|1.9|0.4|0.4
2026-05-07 08:41:26,6.9,83.3,17.33,29.01,63.23,0.28,1,27588,0.755,1258.5,3,63.9|44|100.9|79.7|68.3|178.1|56.9|55.4|55.9|55.4|83.4|51.4|56.9|76|53.7|49.5|52.9|44.5|56.7|48|109.9|110.1,2.1|3.7|13|17.7|9.9|20.8|2.1|0.6|3.7|2.1|16.1|5.3|17.7|2.1|2.1|6.8|6.8|9.9|28.5|8.4|0|0.6
2026-05-07 08:41:36,4.7,75.6,17.34,29.02,63.23,0.28,1,27588,0.755,1268.5,3,110.9|42.3|91|79.2|68.2|79.9|57.7|56.1|57.3|121.4|96.9|59.7|66.1|57.2|43.7|47.7|45|46.3|59|60.2|110|110,7.1|0|8.6|4|7.1|7.1|0.9|0|0.9|2.4|8.6|0|11.7|0.9|14.8|2.4|7.1|8.6|24.1|5.5|0|0
2026-05-07 08:41:46,8.2,146.3,17.35,29.03,63.23,0.28,1,27588,0.755,1278.5,3,72.7|37.6|191.1|133.1|95.2|94.8|54.2|55.4|55.3|55.2|85.1|83.3|121.1|120.8|42.8|37.8|67.8|57.8|109.1|45.3|109.9|109.9,5|1.9|12.8|15.9|5|9.7|1.9|0|1.9|3.4|11.2|0|17.4|0.3|5|1.9|11.2|15.9|22.1|1.9|0.3|0.3
2026-05-07 08:41:56,7.4,76.6,17.32,29,63.23,0.28,1,27588,0.755,1288.5,3,86.4|84.1|90|123.2|158|108.4|54.7|56.3|55.3|55|78.8|94|87.4|77.7|48.9|42.1|42.2|46.8|58.2|61|110|110,4|7.1|8.6|2.4|5.5|14.8|0.9|0|0|2.4|13.3|0|0|10.2|10.2|2.4|19.5|0|0.9|24.1|0.9|0.9
2026-05-07 08:42:07,4.1,81.8,17.31,28.99,63.23,0.28,1,27588,0.755,1298.5,3,59.6|84|153.3|118.1|134.9|165.6|54.7|54.7|54.5|54.8|69.6|80.4|83.6|90.3|44.8|43.9|46.1|52|59.7|63.4|110|110,5.3|6.8|9.9|5.3|8.4|3.7|5.3|3.7|2.2|2.2|13.1|0.6|3.7|16.2|6.8|8.4|13.1|3.7|2.2|28.6|0.6|0.6
2026-05-07 08:42:17,9,134.2,17.32,29,63.23,0.28,1,27588,0.755,1308.5,3,136.1|117.3|92|71|150|62.5|53.7|54.4|55.2|55.9|109.4|138.3|181.2|137.3|51.4|53|55.9|83.4|57.8|67.3|110|109.9,21.1|2.5|21.1|13.3|1|2.5|4.1|4.1|1|14.9|25.7|1|0|22.6|18|2.5|18|10.2|8.7|33.5|2.5|2.5
2026-05-07 08:42:27,6.2,78.8,17.29,28.96,63.23,0.28,1,27588,0.755,1318.5,3,68.2|77.6|147.8|141.3|82.9|78.4|176.3|59.6|57.6|69.6|67.9|89.3|92.8|86.1|48.3|38.7|49.5|41|83.2|86.2|109.5|109.7,26.9|0.5|9.8|5.2|12.9|17.6|0.5|5.2|0.5|2|8.3|0.5|3.6|0.5|9.8|2|9.8|2|2|0.5|2|0.5
2026-05-07 08:42:37,5.8,79.9,17.29,28.98,63.23,0.28,1,27588,0.755,1328.4,3,67.2|76|175.4|112.5|119|98.5|54.9|55.6|55.6|54.6|97.8|93.3|87.9|105|41.8|41.9|48.2|55.2|56.1|81.4|110.1|110,31.9|0.9|7.1|2.5|11.8|0|0|0|0.9|0.9|11.8|0.9|11.8|0|8.7|8.7|2.5|2.5|10.2|2.5|0|0
2026-05-07 08:42:48,13.7,108.8,17.3,28.98,63.23,0.28,1,27588,0.755,1338.4,3,65.5|100.1|183.4|63.7|68.4|70.9|59.2|53.8|53.9|59.7|98.6|78.7|98.4|65.5|54.7|43.6|50|43.7|69.5|52.3|109.9|107.9,22.3|0|0|6.8|0.6|2.1|0|0|0|0|13|0|13|3.7|9.9|14.6|3.7|14.6|13|0|0.6|2.1
2026-05-07 08:42:58,5.1,92.7,17.27,28.96,63.23,0.28,1,27588,0.755,1348.5,3,68.8|60.3|129.8|67.2|110.1|118.1|55.1|55.2|55|55.1|81.1|80.2|76.3|88.2|55|43.5|51.7|52.9|50.6|53.9|109.8|107.1,0|23.7|6.5|9.6|25.2|8.1|0.3|0.3|0.3|5|0|3.4|9.6|0|6.5|1.9|8.1|1.9|0|0|0.3|0
2026-05-07 08:43:08,5.4,93.3,17.3,28.98,63.23,0.28,1,27588,0.755,1358.6,3,83.8|96|122.2|158.3|117|71.4|56.3|55.9|55.4|55.2|127.6|173.6|172.5|91.1|71.3|51|63.7|54.6|61.2|63.5|109.6|106.8,2.3|20.9|10|10|6.9|3.8|3.8|0|6.9|0|0.7|6.9|3.8|2.3|8.5|6.9|6.9|3.8|0|14.7|0|0.7
2026-05-07 08:43:18,13.6,129.3,17.33,29.02,63.23,0.28,1,27588,0.756,1368.6,3,178.1|156.8|55.6|55.2|55.6|55.5|55.9|55.2|55.5|55.6|139|147.3|132|148.1|123.5|153.4|165|166.7|122.7|114.8|111.2|110,3.6|47.1|0|0|0|0|0|0|0|0.5|3.6|8.3|14.5|2.1|16|26.9|34.7|22.3|20.7|23.8|0.5|0
2026-05-07 08:43:28,4.9,82.8,17.27,28.95,63.23,0.28,1,27588,0.756,1378.6,3,57.1|87.6|115.3|62.1|85.2|118.5|54.2|55.2|54.9|54.3|87.4|85.5|82|85.7|64.3|70.7|51.9|44.5|57.1|45.2|109.9|109.4,0.7|0.7|5.4|10|10|3.8|6.9|3.8|3.8|3.8|2.3|0.7|13.1|0.7|25.5|2.3|22.4|0.7|3.8|6.9|0.7|0.7
2026-05-07 08:43:39,4.6,79.5,17.29,28.98,63.23,0.28,1,27588,0.756,1388.7,3,62.9|87|56.1|60.3|55.4|55.4|54.3|54.6|54.8|54.6|89|88.4|85.5|81|76.2|82.2|67.5|54|51.7|72.7|110.1|110.4,0.4|0.4|3.5|3.5|12.9|6.6|0|0|0|0|8.2|0|12.9|0|31.5|0|8.2|0.4|6.6|0.4|0|0
2026-05-07 08:43:49,8.8,85.7,17.28,28.96,63.23,0.28,1,27588,0.756,1398.6,3,67.9|85.5|56|55.7|58.3|58.2|55.2|55.6|57.1|55.5|86.1|83.7|81.4|85.3|103.3|91.8|72.6|80.5|76.6|86.7|110.5|109.4,6.4|0.2|3.3|8|1.7|1.7|3.3|0.2|3.3|1.7|14.2|0.2|18.9|0.2|48.5|6.4|9.5|11.1|4.8|3.3|0.2|0.2
2026-05-07 08:43:59,6.3,130.3,17.23,28.93,63.23,0.28,1,27588,0.751,1408.6,3,81.2|64.8|78.2|56.3|59.1|60.3|55.5|58.5|55.7|56.2|120.7|108|97.8|125.7|127.7|161.2|148.9|157|90.1|63.5|110|109.9,1.8|0.3|0|0|0|0|0|0|0|0|11.2|0.3|0|9.6|0.3|45.5|26.7|6.5|8|1.8|0|0
2026-05-07 08:44:09,5.5,81.3,17.26,28.94,63.23,0.28,1,27588,0.751,1418.7,5,84.2|52|72.8|124.4|97.5|61.8|55|55.1|55.4|55|66.3|79|82.6|77.9|57.2|76.5|41.8|42|62.3|83|109.9|109.9,5.6|1|5.6|0|1|11.8|0|1|0|0|10.3|0|0|4.1|1|24.2|10.3|1|24.2|1|0|0
2026-05-07 08:44:20,15.1,173.9,17.71,29.46,63.23,0.28,1,27588,0.751,1427.1,5,174.5|185.1|55.7|55.3|55.2|55.7|55.6|55.7|54.7|55.5|205.5|205.7|207.6|206.7|148|156.4|157.7|178.1|191.4|192.9|110.7|110.1,23.6|1.8|0.2|0.2|0.2|0|0.2|0.2|0.2|0.2|15.8|1.8|8|15.8|6.4|34.5|57.9|14.2|45.4|14.2|0.2|0.2
2026-05-07 08:44:30,10.5,86.8,17.63,29.37,63.23,0.28,1,27588,0.751,1437.2,5,64.7|81.3|50|55.6|55.6|55.8|53.9|55.3|55.1|54.7|148.3|114|143.8|126.8|49.8|57.9|113|98.3|85.9|55.4|109.5|110.2,5.1|1.9|5.1|5.1|6.6|8.2|9.7|8.2|6.6|3.5|12.8|0.4|9.7|0.4|5.1|1.9|17.5|5.1|16|0|0.4|0.4
2026-05-07 08:44:40,4.3,77.3,17.63,29.39,63.23,0.26,1,27588,0.751,1447.1,5,66.2|92.4|130.3|122.6|152.3|164.6|55.5|73.6|55.7|62.6|145.6|113.9|126.5|108.1|59.8|59.3|119.8|101.3|88.8|85.8|110|110.3,1.6|3.1|0|0|3.1|4.7|0|0|1.6|0|7.8|1.6|7.8|1.6|14.1|4.7|29.7|26.6|17.2|6.3|0|1.6
2026-05-07 08:44:50,9.2,96.6,17.62,29.38,63.23,0.26,1,27588,0.751,1457.1,5,85.6|85.9|121.8|97.7|81.1|93.7|55.3|55.2|54.6|54.2|92.2|87.7|87.7|86.8|53.1|78.6|86.5|181.9|62.6|72|110.2|0,0.6|0.6|2.2|5.3|6.8|0.6|0|2.2|2.2|0.6|2.2|5.3|14.6|0.6|6.8|2.2|16.1|14.6|14.6|3.7|0|0
2026-05-07 08:45:00,5.6,76.4,17.59,29.35,63.23,0.26,1,27588,0.751,1467,5,85.8|86.2|159.4|133.6|59.4|109.3|55.4|55.3|55.5|55.3|83.4|104|81.7|111.5|51.7|55.2|72.9|80.7|58.1|70.3|106|103.5,3.8|0.7|0.7|0|11.6|2.3|0|0|0|0.7|0.7|11.6|3.8|0|5.4|3.8|8.5|24|33.3|2.3|0.7|0.7
2026-05-07 08:45:11,4.8,79.4,17.59,29.35,63.23,0.26,1,27588,0.751,1477,5,72.4|87.5|136.1|86.5|58.4|76.3|93.8|55.5|55.1|55.3|79.9|76.4|88.5|89.7|50.6|53.7|76.6|89.9|60.3|102.3|109.9|110.4,3.8|0.7|8.5|8.5|0.7|6.9|3.8|0|0|0|0|6.9|14.7|0|8.5|0|0|39.5|11.6|0.7|0.7|0
2026-05-07 08:45:21,8.3,98.5,17.65,29.41,63.23,0.26,1,27588,0.751,1487.1,5,68.7|96.2|154.5|96.6|56.8|57.2|55.1|55.5|55.5|55.6|101|107.5|96.6|83|71.6|76|95.1|66.4|78.9|99.7|110|109.9,5.7|1|2.6|4.1|7.2|0|0|0|1|2.6|14.9|4.1|10.3|2.6|7.2|7.2|7.2|7.2|19.6|5.7|0|0
2026-05-07 08:45:31,4.4,80,17.61,29.37,63.23,0.26,1,27588,0.751,1497.1,5,62.7|76.7|146.5|104.5|58.1|61.6|65.3|56.5|55.3|55.2|85|100.2|70.8|83.1|56|63.6|60.4|76.5|78.3|70.4|110.3|0,8.5|0.7|6.9|2.3|0.7|0.7|0.7|0.7|0.7|0.7|19.3|5.4|6.9|0.7|17.8|0.7|5.4|10|25.5|10|0|0
2026-05-07 08:45:41,5.1,77.4,17.59,29.35,63.23,0.26,1,27588,0.751,1507.1,3,86.4|62|135.7|60.1|109.4|155.9|58.2|59.9|59.2|107.2|73.6|84.2|76.2|79.1|58.2|100.2|69.9|46.4|67.3|52.7|110|0,0.6|0|2.2|16.1|3.7|3.7|0|0|0|0|5.3|0|9.9|0|6.8|3.7|3.7|2.2|45.6|2.2|0|0
2026-05-07 08:45:51,4.9,78,17.59,29.35,63.23,0.26,1,27588,0.751,1517.1,3,69.5|77.6|135.4|56.7|68.9|90.5|70.4|162.1|57.1|63.9|74.4|84.5|86.9|122.1|57.7|58.9|97.2|122.3|98.6|88.7|110.1|110,5.2|0.6|9.9|14.5|8.3|2.1|6.8|0.6|2.1|2.1|2.1|0|0.6|2.1|14.5|0|11.4|0|5.2|36.3|0|0.6
2026-05-07 08:46:02,4.3,82.6,17.6,29.35,63.23,0.26,1,27588,0.751,1527.2,3,87.6|87.7|137.5|114.9|109.7|62.9|55.3|55.6|55.5|56.1|80.2|86.2|81.9|93.5|87|87.7|76|87.8|73.9|91.6|109.9|0,2.3|3.9|2.3|7|2.3|5.4|3.9|0.8|2.3|0.8|13.2|0|2.3|11.6|3.9|5.4|3.9|5.4|3.9|33.3|0.8|0
2026-05-07 08:46:12,4.1,88.2,17.6,29.36,63.23,0.26,1,27588,0.752,1537.3,3,114.8|91.7|62.1|124.2|58.6|60.2|55.6|54.8|55.4|55.7|166.5|146.1|183.7|189.8|87.4|61.7|68.4|47.1|103.1|89.1|109.8|108.3,6.5|1.8|1.8|1.8|1.8|1.8|1.8|1.8|0.3|1.8|9.6|3.4|0.3|14.3|20.5|15.9|11.2|5|11.2|26.8|1.8|1.8
2026-05-07 08:46:22,7.6,74.2,17.58,29.34,63.23,0.26,1,27588,0.752,1547.2,3,95.5|94.1|106|97.7|57.7|60.7|56.9|60|86.5|58|127.4|98.8|82.7|91.4|56.8|66.4|57.9|84.7|57.5|57.4|109.7|109.2,36.1|0.2|4.9|11.1|3.3|6.5|0.2|0.2|3.3|1.8|0.2|3.3|12.7|0.2|9.6|14.3|4.9|1.8|6.5|22.1|1.8|0.2
2026-05-07 08:46:32,4.9,93.4,17.6,29.36,63.23,0.26,1,27588,0.752,1557.1,3,73.2|63.7|153.2|70.1|151.5|130.6|85.9|58.3|60.8|59.3|76.9|90.4|70.1|54.7|54.6|55.5|64.9|48.4|51.7|90.4|110|106.3,20.7|0|11.3|5.1|5.1|8.2|14.4|0.4|5.1|2|12.9|0.4|17.6|0.4|11.3|0|9.8|9.8|2|0|0.4|0
2026-05-07 08:46:43,3.4,83.7,17.58,29.32,63.23,0.26,1,27588,0.752,1567.2,3,66.5|53.6|114.8|142.4|74.6|109.1|57.9|55.2|55.3|55.1|83.6|84.2|77.4|70.7|85|65|59|72.2|60.7|62.5|109.9|101.8,23.8|3.6|3.6|8.3|5.2|0.5|0|0|0|0|5.2|3.6|6.7|2.1|5.2|8.3|8.3|9.8|6.7|5.2|0.5|0.5
2026-05-07 08:46:53,7.1,109,17.61,29.35,63.23,0.26,1,27588,0.752,1577.1,3,95.1|87.1|54.9|50.4|55.3|54.9|55.5|55.5|54.9|55.5|81.3|80.3|69|75|60.2|62.4|50.5|75.8|51.3|55.1|110|107.4,3.9|28.7|11.7|3.9|8.6|5.5|5.5|0.8|0|2.4|2.4|11.7|17.9|2.4|13.2|0|5.5|2.4|13.2|2.4|0|0
2026-05-07 08:47:03,5.6,73.5,17.62,29.36,63.23,0.26,1,27588,0.752,1587.2,3,92.7|76.8|88.5|57.1|127.2|65.7|55.3|54.2|54.2|54.4|71.4|89.3|69.3|84.7|75.7|70|47.6|48.7|52.9|80.9|110|105.3,0|25.4|5.2|6.8|13|3.7|2.1|3.7|2.1|0|0|9.9|6.8|0|2.1|11.5|8.4|0.6|6.8|2.1|0|0.6
2026-05-07 08:47:13,5.9,83.7,17.61,29.35,63.23,0.26,1,27588,0.752,1597.2,3,69.7|71.9|159.7|151.1|63.1|93.7|60.3|55.7|60.7|54.4|80.2|69.2|79.8|60.9|68|76.8|78.5|71.7|53.8|85.4|106.9|104.3,5.3|14.6|5.3|8.4|10|0.7|3.8|5.3|0|0.7|0|11.5|17.7|0.7|8.4|0|20.8|0|6.9|0|0.7|0.7
2026-05-07 08:47:23,5.5,71,17.64,29.39,63.23,0.26,1,27588,0.752,1607.2,3,70|86|86.2|57.2|107.4|81.2|58.1|55.5|55.5|55.6|91.9|115.4|101.1|92.2|83.1|61|63.3|55.4|63.5|101.3|110|109.9,0|2.3|7|8.5|2.3|5.4|10.1|0|2.3|16.3|8.5|0|8.5|0|25.6|5.4|17.8|7|10.1|2.3|0|0
2026-05-07 08:47:34,7.2,73.6,17.61,29.35,63.23,0.26,1,27588,0.752,1617.3,3,83.7|57|140|67.3|85.5|57.1|57.2|55.9|57.3|141.2|88.5|54.8|95.8|87.6|75|79.6|65.4|58.8|62.8|64.5|110.2|109.9,10.8|10.8|0|0|0|0|0|0|0|0|13.8|0|18.5|1.5|21.5|12.3|21.5|3.1|32.3|1.5|0|0
2026-05-07 08:47:44,5.3,78.9,17.61,29.35,63.23,0.26,1,27588,0.752,1627.3,3,53|87.6|132.9|56.7|56.7|84.2|55.4|55.1|55.1|55.4|74.6|73.5|77|83.2|68.6|89.7|70|54.4|70.1|64.2|108.4|0,3.6|0|14.5|8.3|11.4|12.9|5.2|0.5|2.1|3.6|14.5|0|0|0.5|26.9|2.1|6.7|8.3|8.3|0|0.5|0.5
2026-05-07 08:47:54,5.9,89.5,17.61,29.34,63.23,0.26,1,27588,0.752,1637.2,3,87.1|87.2|108.9|81.4|60|140.1|156.6|62.8|93.8|62.1|83.3|85.6|82.5|75.6|72.6|79.2|57.5|75.6|64.1|63.5|109.8|110.1,0|0.7|6.9|3.8|6.9|6.9|2.3|0|0|3.8|6.9|0|0.7|11.6|2.3|24|17.8|0.7|3.8|3.8|0|0
2026-05-07 08:48:04,8.2,79.6,17.61,29.37,63.23,0.26,1,27588,0.752,1647.3,3,74.9|85.8|135.6|59|61.8|72.8|81.6|56.7|54.8|54.5|109.6|87|85.1|88.2|67.9|89.6|60|73.9|103.3|50.9|109.9|109.8,3.5|2|3.5|12.9|3.5|12.9|11.3|3.5|2|3.5|2|3.5|3.5|12.9|22.2|36.2|25.3|0.4|5.1|25.3|0|0
2026-05-07 08:48:15,3.8,84.8,17.63,29.38,63.23,0.26,1,27588,0.754,1657.3,3,58.4|82.9|138.5|74|128.7|89|87.4|55.7|56.5|55.5|84.8|89.6|73.1|61.1|76.7|70.1|79.2|80.7|58.2|71.8|105.2|101.5,7.1|0|13.3|7.1|8.6|13.3|0.9|0|0.9|0|11.7|0|0|8.6|11.7|28.8|33.4|2.5|17.9|7.1|0|0
2026-05-07 08:48:25,5.6,87.9,17.62,29.39,63.23,0.26,1,27588,0.754,1667.3,3,87.4|84.5|121.1|59.7|134.9|78.5|53.9|56|53.9|52.8|81.6|88.4|66.6|80.7|53.9|52.5|78|72.7|51.9|53.1|110|0,2.2|0.6|16.2|0.6|0.6|5.3|0.6|0|3.7|0|10|0.6|8.4|0|8.4|10|30.1|20.8|10|5.3|0|0
2026-05-07 08:48:35,6.9,84.3,17.62,29.39,63.23,0.26,1,27588,0.754,1677.2,3,103.6|65.3|95.8|58.7|61|57.2|66.7|57.1|55.2|57.1|145.8|112.9|145.6|132.2|70.2|63.7|80.9|58.3|86.9|83|109.5|0,3.8|3.8|0|5.4|8.5|0.7|0|3.8|0|0|8.5|3.8|10|0.7|5.4|5.4|30.2|5.4|14.7|6.9|0.7|0.7
2026-05-07 08:48:45,4,81.4,17.68,29.44,63.23,0.26,1,27588,0.754,1687.2,3,85.6|87.6|109.1|71.5|95.8|88.6|56.8|67.6|122.3|57.8|75.1|88|75.8|84.4|45.8|51.8|80|69.6|78.3|81.6|0|0,28.7|16.2|14.7|20.9|14.7|19.3|6.9|2.3|0.7|5.4|19.3|0|24|0|14.7|0.7|59.7|0.7|34.9|3.8|0|0
2026-05-07 08:48:56,5.9,81.5,17.63,29.39,63.23,0.26,1,27588,0.754,1697.2,3,68.1|54.7|55.6|55.6|55.7|55.2|47.4|53.1|55.8|55.2|87.3|87.4|87.1|89.9|48.1|54.9|84.1|85.5|51.4|71.7|109.8|109.7,0|0|5.2|8.3|0.6|0.6|0.6|8.3|0|0|5.2|3.7|5.2|0.6|3.7|9.9|3.7|28.5|28.5|0|0|0
2026-05-07 08:49:06,5.6,72.9,17.67,29.41,63.23,0.26,1,27588,0.754,1707.4,3,57.6|80.4|55.6|55.6|53.4|50.2|55.6|55.5|55.4|55.6|85.9|95.7|83.8|87.1|57.8|51.6|77.9|81.9|57.2|59|109.9|109.8,0.9|0.9|0|0|2.4|0.9|0|2.4|0|0|5.5|13.3|5.5|0.9|7.1|14.8|21|38.1|13.3|17.9|0.9|0.9
2026-05-07 08:49:16,5.8,87.4,17.72,29.48,63.23,0.26,1,27588,0.754,1717.4,3,154|188|98.3|56.2|65.8|61.7|55.3|52.5|55.3|55.2|119.7|137.7|139.8|93.8|117.1|111.8|152.5|149.2|151.1|161.8|110|109.9,9.6|8|0.2|0|0|0|0|0|0|0|8|20.5|22|4.9|18.9|31.4|33|68.8|25.2|9.6|0|0
2026-05-07 08:49:26,6.8,94.2,17.63,29.38,63.23,0.26,1,27588,0.755,1727.4,3,57.6|83.1|55.5|55.7|55.3|55.6|55.6|55.6|55.6|55.7|72.8|83.7|88.4|48.8|52.9|47.9|57.9|79.8|80.2|72.9|110|110.1,4|1|1|7.1|2.5|2.5|0|0|2.5|2.5|8.7|1|11.8|1|13.3|4|10.2|1|33.5|7.1|1|0
2026-05-07 08:49:37,6.7,101.2,17.63,29.38,63.23,0.26,1,27588,0.755,1737.5,3,66.8|85|55.5|55.7|49.8|55.9|55.5|55.4|55.5|55.4|91|109.9|88.1|105|47.8|48.2|53.7|62.1|98.3|103.9|110.4|109.8,6.7|5.1|0|2|0|0.5|0.5|2|0|6.7|11.4|3.6|17.6|8.3|17.6|11.4|17.6|12.9|39.4|14.5|2|2
2026-05-07 08:49:47,4.2,83.1,17.68,29.42,63.23,0.26,1,27588,0.755,1747.5,3,119.8|42.3|133|67.1|94.6|59.1|130.1|67.9|56.8|59.2|132.2|91.6|133.8|111.7|112.6|127.4|154.2|123.8|173.9|204.6|110.1|110.1,23.9|3.7|2.2|2.2|2.2|2.2|0|0.6|2.2|2.2|13.1|3.7|20.8|13.1|25.5|8.4|27|14.6|48.8|28.6|0|0.6
2026-05-07 08:49:57,5,75.4,17.65,29.39,63.23,0.26,1,27588,0.755,1757.5,3,91.7|81.5|124.9|64.2|69.9|56|55.5|54.4|55.3|54.9|94.7|89.3|100.6|95.9|82.8|74.7|66.8|76.7|71|71.8|107|108,5.2|2.1|3.6|3.6|3.6|3.6|0.5|2.1|0|0.5|5.2|0|0|3.6|5.2|5.2|13|6.7|5.2|40.9|0.5|0.5
2026-05-07 08:50:07,4.9,79.2,17.64,29.38,63.23,0.26,1,27588,0.755,1767.5,5,74.4|74.7|142.6|58.2|93.8|86.7|55.7|54.2|54.6|54.9|81.2|83.8|86.3|101.7|68.4|62.5|58.9|82.7|61.8|67.8|110.1|109.9,8.5|8.5|5.4|3.9|3.9|3.9|2.3|0.8|2.3|0|11.6|3.9|0.8|8.5|5.4|10.1|22.5|7|7|34.9|0.8|2.3
2026-05-07 08:50:17,4.3,116.7,17.65,29.38,63.23,0.26,1,27588,0.755,1777.6,5,158.4|151.3|55.5|55.5|55.5|55.5|55.6|55.5|55.6|55.5|126.8|160.8|159|149.9|163.6|149.6|109.5|148|174.7|163|110|107.5,11.6|6.9|3.8|3.8|3.8|3.8|0|0.7|0.7|0.7|8.5|0|0|6.9|13.1|2.3|8.5|0|14.7|30.2|2.3|2.3
2026-05-07 08:50:28,6.1,79.9,17.63,29.35,63.23,0.26,1,27588,0.755,1787.6,5,78.3|111.1|111.2|57.5|80.7|60.9|54.1|53.9|53.6|54.3|75.4|96.4|70.6|82.6|62.1|60.8|57.4|55.3|54.1|76.7|109.9|106.4,33.1|0.4|8.2|0|2|2|9.7|0.4|5.1|0|11.3|0.4|14.4|6.6|8.2|11.3|12.9|0|9.7|3.5|0|2
2026-05-07 08:50:38,5.6,92.9,17.65,29.38,63.23,0.26,1,27588,0.755,1797.7,5,85.4|79.8|55.5|55.6|55.5|55.6|52.8|55.6|55.6|55.6|83.6|92.3|102|108|55.1|57.4|58.3|67.4|95.2|103.6|108.7|105.4,36.2|5.1|5.1|3.5|2|0.4|0.4|0.4|0.4|0|9.8|2|11.3|0|11.3|2|16|0.4|11.3|2|0.4|0
2026-05-07 08:50:48,6.2,156.5,17.66,29.39,63.23,0.26,1,27588,0.756,1807.7,5,128.5|168.7|55.5|55.5|53.8|55.7|55.6|53.7|55.8|55.6|125.4|94.3|113|130.5|87|98.9|126.4|151|139.3|111.9|109.9|106.2,28.3|8|1.7|0.2|0|0.2|0.2|1.7|1.7|0.2|12.7|8|8|0.2|14.2|11.1|18.9|0.2|20.5|4.9|0.2|1.7
2026-05-07 08:50:58,6.8,76.4,17.65,29.39,63.23,0.26,1,27588,0.756,1817.7,5,80|75.3|55.3|55.4|55.7|55.7|55.8|44.4|55.6|55.8|88.6|82.3|76.7|64.9|77.7|66.2|104.6|49.9|67|61.3|109.4|110.1,0.9|24.1|5.6|8.7|5.6|0|0.9|0.9|0.9|0.9|0|7.1|4|0.9|18|10.2|14.9|2.5|10.2|2.5|0|0.9
2026-05-07 08:51:09,8.2,78.9,17.66,29.4,63.23,0.26,1,27588,0.756,1827.6,5,81.8|70.3|55.5|55.6|55.5|55.6|55.7|55.5|55.7|55.6|99.6|95.7|88.6|82.8|68.8|59|64.6|66.8|52.9|56.1|110|109.9,9.7|20.6|0|3.4|12.8|0|0.3|8.1|5|6.5|0.3|1.9|14.3|1.9|3.4|0.3|6.5|5|20.6|6.5|0|0
2026-05-07 08:51:19,9.2,166.1,17.71,29.45,63.23,0.26,1,27588,0.756,1837.7,3,192.1|149.1|55.4|55.5|55.5|55.9|55.4|55.4|55.7|55.6|177.1|146.2|136.5|148.3|136.9|143.7|108.8|114.7|92|98.5|110.5|110.5,9.2|41.5|0|0|0|0|0|0|0|0|1.5|21.5|20|7.7|15.4|10.8|29.2|13.8|36.9|18.5|0|0
2026-05-07 08:51:29,4.9,74.7,17.64,29.37,63.23,0.26,1,27588,0.756,1847.8,3,64.8|84.3|0|0|55.7|0|0|0|55.3|0|96.5|100.5|95.2|87.6|67.8|64.7|91.5|77.8|59.8|68.6|0|0,1.8|1.8|0|3.4|3.4|1.8|0|3.4|3.4|0|15.9|1.8|6.5|1.8|22.1|12.7|12.7|34.6|1.8|5|0|0
2026-05-07 08:51:39,6.5,72.6,17.65,29.39,63.23,0.26,1,27588,0.756,1857.8,3,56.9|75.8|57.4|59.6|55.9|95.5|54.9|55.1|55.8|54.8|94.1|83.2|103.6|83.1|61.8|79.8|89.5|108.2|53.1|53.1|110.1|110,0|0.4|0.4|5.1|12.8|20.6|1.9|0.4|3.5|5.1|8.2|0|16|0|16|0.4|12.8|9.7|8.2|0|0.4|0.4
2026-05-07 08:51:49,11.6,138.3,17.69,29.43,63.23,0.26,1,27588,0.756,1867.9,3,99.8|82.4|88.5|118.3|127.3|108.9|59|57.3|57.1|56.4|118.6|90.8|118.3|93.1|92.1|72.3|102.1|52.8|95.5|61.6|110.1|110.1,0|0|9.8|3.6|16.1|6.7|3.6|5.2|0|6.7|11.4|0.5|9.8|0|25.4|2.1|9.8|0.5|9.8|0.5|2.1|0
2026-05-07 08:52:00,5.6,72.5,17.64,29.37,63.23,0.26,1,27588,0.756,1877.8,3,65.5|85.8|79.3|58.5|109.9|82.4|66|53.5|53.5|53.3|84.9|82.9|70.4|93.7|88.2|90.9|57.4|71.5|52.3|61.6|105.4|104.7,1.9|0.3|8.1|3.4|3.4|8.1|3.4|1.9|1.9|1.9|11.2|1.9|0.3|3.4|5|31.5|22.1|0.3|12.8|0.3|1.9|0.3
2026-05-07 08:52:10,5.3,76.7,17.64,29.38,63.23,0.26,1,27588,0.756,1888,3,86.2|87.6|141.1|105.9|75.1|115.4|54.9|54.6|54.8|54.8|93.2|64.7|80|80.4|51.4|62.9|72.4|79.5|82.5|56.2|110|110.2,0.8|0.8|5.4|3.9|8.5|3.9|0.8|0|0|0|7|0|0.8|10.1|28.7|22.5|13.2|7|22.5|7|0|0.8
2026-05-07 08:52:20,11.1,80,17.7,29.43,63.23,0.26,1,27588,0.756,1898,3,132.7|88.2|80.7|66.5|59.3|161.3|55.4|54.7|53.9|55.2|130.4|99.8|80.3|117|71.5|89.2|92.8|65.4|71.8|53.4|109.9|110.3,5|5|6.5|1.9|1.9|1.9|0.3|11.2|5|3.4|17.4|1.9|15.9|5|3.4|6.5|36.1|6.5|20.6|6.5|0|0.3
2026-05-07 08:52:30,6.3,79.3,17.63,29.36,63.23,0.26,1,27588,0.757,1908,3,87.5|87.5|129.7|83.6|56.7|106.4|55.6|55|54.9|55|97.4|86.8|84|86.3|75.2|72.9|70.4|90.9|52.4|74.8|109.9|110,0|0|9.9|11.4|19.2|6.8|0.5|0.5|3.7|0|9.9|0|5.2|0|6.8|3.7|37.8|0|9.9|0|0.5|0.5
2026-05-07 08:52:41,6,81.7,17.65,29.39,63.23,0.26,1,27588,0.757,1918,3,69.4|83.9|87.4|93.3|96.3|58.5|56.3|56.7|136.2|56.6|113.6|96.2|128.6|112.1|84.8|50.3|85.5|82.2|67.9|83|110.1|110,1|0|7.1|7.1|14.9|11.8|7.1|5.6|0|1|4|0|8.7|0|10.2|11.8|18|0|8.7|2.5|0|0
2026-05-07 08:52:51,7.7,95.8,17.65,29.39,63.23,0.26,1,27588,0.757,1928,3,83.5|57.5|101.1|58.4|102.1|59.6|55.5|55.3|54.8|55.1|71.5|97.5|86.8|90.8|64.3|51.1|69.6|73.6|63|50.9|110|109.9,5.2|0.6|0|6.8|16.1|6.8|3.7|0.6|3.7|0|0|6.8|16.1|0.6|8.4|2.1|0|23.9|5.2|9.9|0.6|0
2026-05-07 08:53:01,3.6,74,17.63,29.37,63.23,0.26,1,27588,0.757,1938,3,78.2|87.4|92.4|143.5|57.6|73.5|55.6|55.5|55.5|55.6|75.5|119.8|96.3|87.5|57.1|64.6|69|72.5|74.8|56.9|109.9|109,2|2|0|0|11.3|0.4|0|0.4|0|0|0|9.8|16|2|8.2|3.5|2|26.9|17.5|12.9|2|2
2026-05-07 08:53:11,5.6,71.7,17.63,29.37,63.23,0.26,1,27588,0.757,1948,3,71.9|86|95|79.2|62.7|121.4|55.5|55.5|55.6|55.6|88.7|140.8|135.8|96.5|62.1|58.5|72.9|89.3|61.9|81.3|110.1|0,4|11.8|0|0|0.9|0.9|0|0|0|0|4|5.6|24.1|2.5|8.7|16.4|5.6|24.1|7.1|17.9|0|0
2026-05-07 08:53:21,9.1,73.1,17.67,29.41,63.23,0.26,1,27588,0.757,1958,3,87.1|87.2|106.3|66|56.9|56.5|54.4|54.8|55.1|56|76|85.1|72.3|86.1|70.4|59.9|69.7|52.6|80.2|85.1|107.6|105.1,3.4|3.4|6.5|9.6|8.1|8.1|0|3.4|0.3|0|14.3|0.3|19|0.3|6.5|0.3|8.1|1.9|20.6|6.5|0|0
2026-05-07 08:53:32,6.1,74.9,17.61,29.35,63.23,0.26,1,27588,0.757,1967.9,3,76.6|133.1|130.1|86.6|112|119.2|83.9|54.4|56.2|78.7|102.8|87.1|88.4|81.5|48.8|45.7|60|68.9|77.3|77.6|109.8|110,2|5.1|5.1|5.1|2|0.4|0.4|0|0|0|6.7|0|9.8|0|9.8|2|8.2|6.7|34.7|6.7|0|0.4
2026-05-07 08:53:42,4.1,103.1,17.59,29.32,63.23,0.26,1,27588,0.726,1977.8,3,51.4|82.7|72.9|56.1|88.5|55.2|60.6|55.2|54.3|64.1|82.8|86.9|91.7|85.9|46.8|78.4|50|69.7|58.9|60.7|110|110.3,8|0|1.8|11.1|12.7|8|0|0|0.2|0|29.8|0|11.1|0|0.2|0.2|11.1|0.2|34.5|0.2|0|0
2026-05-07 08:53:52,7.3,73.7,17.65,29.37,63.23,0.26,1,27588,0.726,1987.8,3,72.3|43.7|72.1|55.4|55|55.7|55.4|54.7|55|64.8|71.2|72.3|80.6|93.9|53.9|53.1|53.8|44.9|72.1|69.1|109.9|0,12.2|1.5|10.7|10.7|7.6|12.2|4.5|1.5|3|7.6|9.2|1.5|6.1|12.2|7.6|4.5|0|0|4.5|52.3|0|0
2026-05-07 08:54:02,4.3,64.1,17.59,29.31,63.23,0.26,1,27588,0.726,1997.7,3,86.8|61.8|63.5|59.9|56.2|56.1|68.2|57.5|72|54.8|74.2|85.5|76.9|69.9|64.7|47.4|65.1|87.6|87.9|62.7|110.2|106.3,15.9|0|11.2|12.8|6.5|11.2|3.4|0|0.3|3.4|12.8|0|0|15.9|6.5|0|5|0|0.3|34.6|0.3|1.9
2026-05-07 08:54:13,5.8,69.1,17.6,29.31,63.23,0.26,1,27588,0.726,2007.6,3,48.2|72.4|57.9|56.4|72|56.6|55.3|54.3|55.4|56.4|99.6|79.7|76.3|78.3|78.8|46.3|46.7|43.7|62.6|58.4|110.4|100.1,12.8|0.4|0.4|6.6|6.6|5|1.9|5|3.5|0|15.9|3.5|3.5|9.7|9.7|5|17.5|5|0.4|36.2|1.9|1.9
2026-05-07 08:54:23,3.7,81.8,17.62,29.34,63.23,0.26,1,27588,0.726,2017.5,3,69.5|76|63.4|56.3|56|55.7|55.5|53.5|53.8|53.6|66.9|79.9|62.3|61.1|66.6|44.8|52|87.5|50.1|87.5|110|106,39.3|6.6|3.4|5|5|1.9|1.9|1.9|1.9|1.9|9.7|3.4|9.7|0.3|22.1|6.6|11.2|5|6.6|1.9|1.9|1.9
2026-05-07 08:54:33,8.7,101.6,17.61,29.34,63.23,0.26,1,27588,0.726,2027.5,3,86.7|94.9|55.6|55.1|55.5|55.5|55.6|48|55.5|55.5|139.2|148.4|142|122.1|84.2|77.7|102.3|84.1|91.3|51.2|109.1|106.4,50.1|1.8|4.9|0|4.9|8.1|1.8|1.8|4.9|0.3|9.6|0.3|20.5|1.8|3.4|1.8|6.5|1.8|3.4|1.8|0.3|0.3
2026-05-07 08:54:43,7.3,67.2,17.62,29.34,63.23,0.26,1,27588,0.726,2037.4,3,66.2|66.4|68.2|72.3|59.4|57.2|54.7|54.1|54.5|54.2|82.5|83.7|64.7|69|63.8|80.9|53.4|85.5|45.6|87.5|109.9|104.5,37.7|5|1.8|11.2|17.4|12.8|0|8.1|0|11.2|8.1|1.8|12.8|1.8|0|0|0|0|0|0|0.3|0.3
2026-05-07 08:54:53,6,70.6,17.59,29.31,63.23,0.26,1,27588,0.726,2047.3,3,66|57.4|96.4|55.5|58.3|57.7|62.5|54.8|55.7|55.7|57.4|65.9|71.2|76.9|67.1|61.8|49.9|55|46.9|75|110.1|110.1,0|42.5|3.7|16.2|8.4|8.4|3.7|0|2.2|0|0.6|8.4|2.2|0|5.3|0.6|11.5|2.2|9.9|0|0.6|0.6
2026-05-07 08:55:04,5,71,17.57,29.29,63.23,0.26,1,27588,0.726,2057.1,3,58.3|57.7|86.8|61.5|62.4|61.3|65.3|53.4|54.6|57|80.3|69.3|68.6|80.2|85.5|54.2|87.3|87.3|56.5|87.6|109.5|109.6,0|36.1|0.2|11.1|0.2|0|0|0|1.8|0|0|18.9|9.6|0|1.8|0.2|4.9|0|6.5|0.2|0|0
2026-05-07 08:55:14,4.3,68.5,17.58,29.3,63.23,0.26,1,27588,0.726,2067.2,3,74.1|64.7|74.7|85.2|69.5|56.7|57.5|54.8|55.3|54.8|71.6|67.9|82.8|150.8|53|48.8|43.5|76.6|59.7|42.7|109.9|110.4,1.6|38.5|3.1|3.1|1.6|1.6|0|0|0|0|4.6|23.1|23.1|10.8|9.2|3.1|9.2|4.6|6.2|0|1.6|0
2026-05-07 08:55:24,4.5,62.5,17.62,29.34,63.23,0.26,1,27588,0.726,2077.1,3,62|85.9|140.6|65|76.5|113.1|54|52.6|53.4|54.8|149.9|153.1|155.1|136.2|69.3|101.6|65.3|70.4|62.7|57.6|109.9|110.1,0.1|3.3|3.3|3.3|3.3|1.7|0|0.1|6.4|0.1|17.3|1.7|9.5|1.7|26.7|11.1|20.4|7.9|7.9|0.1|0.1|1.7
2026-05-07 08:55:34,6.8,65.7,17.6,29.32,63.23,0.26,1,27588,0.726,2087.1,3,81.4|83.3|56.8|55|55.1|52.9|56.1|55|54.8|52.9|58.4|65.6|60.3|74.4|54.1|58.1|57.3|46|43.6|47|110.1|109.3,4.8|0.1|1.7|11|9.5|0.1|3.2|4.8|1.7|0.1|18.8|1.7|12.6|1.7|28.2|0|11|0.1|3.2|0.1|0|0.1
2026-05-07 08:55:45,4.8,56.4,17.6,29.32,63.23,0.26,1,27588,0.726,2096.9,3,87|87.6|97.1|56.3|58.5|62.4|56.2|54.8|54.3|54.6|82.7|54.4|66.8|76.9|56.5|56|45.4|50|57|80.2|110.4|110,1.7|0|4.8|1.7|7.9|12.6|4.8|1.7|0|0|12.6|0|7.9|0|43.8|0|4.8|3.3|0.1|0|1.7|0.1
2026-05-07 08:55:55,8,77.9,17.6,29.32,63.23,0.26,1,27588,0.726,2106.9,3,58.4|76.3|55.4|55.4|55.5|57.8|55.9|54.9|55.1|55.3|90.9|84|104|97.7|85.9|100.2|155.9|94.8|57.5|81.1|110|108.5,2.5|0|1|7.2|4.1|5.6|0|1|0|0|14.9|1|0|25.7|0|47.4|1|2.5|1|4.1|0|0
2026-05-07 08:56:05,5.6,78.4,17.59,29.32,63.23,0.26,1,27588,0.726,2116.8,5,87.2|87.5|61.5|55.2|60.2|56.2|54.8|55.5|54|54.5|77.4|83|71.2|71.5|66.2|70|53.6|87.5|65.6|89.6|108.9|0,0|1.3|0|4.4|0|2.9|0|0|0|2.9|9|0|1.3|30.6|0|47.6|1.3|1.3|6|1.3|1.3|1.3
2026-05-07 08:56:15,6.2,82.6,17.59,29.31,63.23,0.26,1,27588,0.726,2126.8,5,87|67.9|91|55.1|55|55.2|55|55|55|54.5|77.1|83.3|70.2|72|66.1|90.7|55.3|58.6|63.9|87.6|105.2|101.5,0.3|0.3|0.3|3.4|0.3|1.8|0.3|0.3|3.4|9.6|6.5|0.3|1.8|15.8|1.8|67.3|9.6|0.3|0|0.3|0.3|1.8
2026-05-07 08:56:25,4.8,79.5,17.61,29.37,63.23,0.26,1,27588,0.726,2136.8,5,61.3|87.5|55.6|56.8|62|70.9|55.1|54.9|68.8|55.3|78|89.1|73.8|77.9|63.1|87.2|86.4|77.9|71|87.6|0|109.4,3.4|0|0.3|11.2|11.2|3.4|0.3|0|1.9|0|6.5|0.3|6.5|0.3|12.8|0.3|48.6|0.3|8.1|0.3|0.3|0.3
2026-05-07 08:56:36,4.8,78.6,17.58,29.31,63.23,0.26,1,27588,0.729,2146.7,5,87.4|87|62.1|61.7|55.1|57.3|56.6|57|54.5|55.1|78.8|84.1|80.8|85.1|58|78|93.4|72.7|70.4|86.9|0|0,9.4|0|0|4.7|3.1|0|1.6|0|0|0|14.1|0|7.8|0|1.6|1.6|54.7|0|4.7|0|0|0
2026-05-07 08:56:46,5.3,68.4,17.61,29.34,63.23,0.26,1,27588,0.759,2156.8,5,44.9|82.4|93.1|136.9|67.6|98.4|56|56.5|55.6|57.7|68.2|78.3|68.2|83.6|49.7|40.2|49.8|46.9|33.8|35.2|110|0,4.1|2.5|16.4|5.6|16.4|7.2|2.5|0|0|5.6|4.1|2.5|11.8|1|7.2|2.5|38.1|1|19.5|2.5|1|1
2026-05-07 08:56:56,5.8,99.4,17.63,29.36,63.23,0.26,1,27588,0.759,2166.8,5,44.4|43.2|145.8|108.5|60.2|67.3|55.1|61.6|57.5|74.4|78.1|72.8|77.5|95.6|42.1|82.1|45.8|57.7|72.7|58.3|110.3|0,3.8|0.7|8.4|8.4|0|3.8|3.8|10|10|0.7|0.7|6.9|2.2|0|8.4|0.7|16.2|19.3|33.3|0|0.7|0.7
2026-05-07 08:57:06,5.1,76.1,17.62,29.34,63.23,0.26,1,27588,0.759,2176.6,5,51.6|75.2|137.3|130.7|108.6|82.6|54.1|55.1|54.8|55.4|111.2|76.8|82.5|49.4|42.1|39.4|53.4|56.4|38.6|40.1|110|0,2|0.4|20.7|6.7|8.2|8.2|3.6|0|0|2|2|9.8|9.8|5.1|11.3|3.6|11.3|17.6|12.9|2|3.6|0.4
2026-05-07 08:57:17,5.7,75.7,17.62,29.34,63.23,0.26,1,27588,0.759,2186.6,5,86.1|87.3|125.2|156.6|75.8|81.4|59.6|57.5|57.8|76.9|73.6|65.2|68.7|70.2|39.3|36|50.3|50|46.9|42.4|109.9|109.9,4.1|1|4.1|8.8|15|4.1|1|5.7|2.6|0|0|15|18.1|0|1|0|4.1|25.8|2.6|4.1|1|1
2026-05-07 08:57:27,5.5,78.3,17.61,29.35,63.23,0.26,1,27588,0.759,2196.6,5,85.1|86.4|97|93.9|59.1|80.4|57.2|97.6|60.7|55.6|88.4|86.6|117.7|104.7|37.6|60.4|39.2|34.8|75.7|112.3|110|110,1.5|4.6|0|4.6|0|9.2|1.5|0|4.6|0|15.3|6.1|23|3|9.2|9.2|6.1|10.7|23|9.2|0|0
2026-05-07 08:57:37,3.7,76.1,17.62,29.34,63.23,0.26,1,27588,0.759,2206.6,5,86.5|85.1|159.8|95|58.6|75.5|132.8|58.9|56.4|58.4|107.1|98.6|77.6|87.9|40.7|41.5|51.3|41.3|51.1|36.8|110|109.9,3.8|3.8|8.5|6.9|3.8|6.9|0|0|0|2.3|13.1|0|3.8|0|11.6|3.8|5.4|2.3|24|8.5|0.7|0.7
2026-05-07 08:57:47,5.1,84.2,17.63,29.37,63.23,0.26,1,27588,0.759,2216.5,5,45|38.6|134.1|166.2|91.1|59.9|55.1|55.1|55.2|55.2|100.7|82.1|72.3|80.1|54.2|36.6|82.2|42.2|61.4|45.5|110|106.9,11.1|0.2|3.3|3.3|11.1|3.3|0|0|0|0|14.2|0|22|1.8|17.4|0.2|12.7|11.1|48.5|4.9|0.2|0.2
2026-05-07 08:57:58,6.3,66.1,17.62,29.34,63.23,0.26,1,27588,0.759,2226.5,3,52.6|81.4|143|96.2|73.3|93.8|83.9|123|66.3|76.9|83.7|88.7|54.6|67.6|39.7|44.8|40.4|39.8|63.9|51.6|108.7|106.2,1.7|1.7|6.4|11.1|9.5|1.7|6.4|8|1.7|1.7|14.2|0.2|0|18.9|11.1|0|6.4|0.2|0|28.2|0|0.2
2026-05-07 08:58:08,4.3,76.7,17.63,29.35,63.23,0.26,1,27588,0.759,2236.6,3,48.6|41.6|148.2|58.2|71.1|134.3|55.2|113.5|64|54.1|110.6|85.2|77.6|62.9|54|75.4|48.8|69.6|43.3|49|110.1|105.6,5.3|2.2|17.7|5.3|11.5|5.3|0|2.2|0|2.2|8.4|0|8.4|6.8|0.6|0|5.3|0|17.7|22.4|0.6|0.6
2026-05-07 08:58:18,5.4,74.6,17.67,29.4,63.23,0.26,1,27588,0.759,2246.6,3,70.4|37|146.3|104.6|116.3|60.5|55.3|55.8|53.5|53.9|71.8|83.7|85.6|95.2|43.9|39.9|42.6|68.6|39.8|61.6|109.9|106.8,14.4|3.5|20.6|12.9|26.9|9.8|11.3|2|2|9.8|19.1|5.1|6.6|19.1|9.8|0.4|9.8|2|16|62.7|0|0.4
2026-05-07 08:58:28,5.1,72.8,17.61,29.35,63.23,0.26,1,27588,0.759,2256.6,3,66|50.9|151.7|123|95.6|88.9|55.1|55.1|55|55.2|123|101.8|116|78.6|73.2|39.4|134|44.5|62|82.7|109.5|106.8,26.8|6.5|9.6|8.1|0.3|0.3|3.4|3.4|5|0|11.2|3.4|12.7|0.3|6.5|26.8|6.5|5|0.3|5|0.3|0
2026-05-07 08:58:38,4.4,47.5,17.63,29.36,63.23,0.26,1,27588,0.759,2266.5,3,57.4|46.6|189.3|168|71.1|183.8|55|61|55.4|55.3|87.8|85.2|69.7|81.7|43.1|39|42.8|66.7|53.3|48.8|109.9|109.8,23.7|0|26.8|6.6|14.4|3.5|1.9|0|0.4|1.9|6.6|0.4|17.5|1.9|1.9|0|1.9|3.5|6.6|0|0.4|0.4
2026-05-07 08:58:49,5.5,79.7,17.66,29.4,63.23,0.26,1,27588,0.759,2276.5,3,132.7|85.5|146.1|86.4|59.3|129.1|57.1|84.2|56.6|58.7|109.8|83.1|75.2|122.5|62.4|42.8|108.4|101.3|57.2|67.2|110|110,42.9|10.4|1.2|1.2|1.2|1.2|1.2|1.2|1.2|1.2|13.5|1.2|18.2|5.8|38.2|27.4|35.2|19.7|27.4|22.8|1.2|1.2
2026-05-07 08:58:59,5.5,79.9,17.54,29.35,63.23,0.26,1,27588,0.759,2286.6,3,73.5|51.1|196.2|158.4|127.4|92.5|150.4|57.1|56|54.8|78.2|71.2|79|81.7|40.7|33.4|38.1|45.6|43.2|36.8|109.7|109.4,0.9|16.4|5.5|7.1|4|2.4|8.6|0|0|0|0.9|8.6|5.5|0.9|13.3|11.7|4|7.1|5.5|5.5|0|0
2026-05-07 08:59:09,4.1,83.4,17.55,29.36,63.23,0.26,1,27588,0.759,2296.5,3,73.4|65.9|69.4|171.7|95.2|120.6|57.4|75.4|55.6|75.2|91.4|85.2|66|117.9|41.4|44.2|40.5|41.8|39.6|39.2|110|108.4,0.2|12.7|11.2|14.3|0.2|3.4|3.4|0|0|0.2|1.8|6.5|11.2|0.2|12.7|8|11.2|0.2|9.6|3.4|0.2|0.2
2026-05-07 08:59:19,9,86.9,17.57,29.38,63.23,0.26,1,27588,0.759,2306.5,3,89.6|119.3|171.3|157.5|139.6|165.9|130.2|68.3|153.8|66.3|86.1|122.1|124.3|168.9|107.7|116.3|83|117.6|113.4|99.1|110.1|109.9,1.9|31.5|5|19|11.2|8.1|12.8|3.4|5|6.6|0.3|11.2|14.3|0.3|23.7|15.9|23.7|8.1|15.9|17.5|0|0
2026-05-07 08:59:29,6.3,76.2,17.54,29.34,63.23,0.26,1,27588,0.759,2316.6,3,57.1|69.6|55.6|55.6|55.5|55.5|55.4|55.6|55.5|55.5|120.4|164.2|139.1|171.4|57.8|49.4|53.2|44.4|59.8|43.1|108.2|110,0.7|0|8.5|5.4|6.9|10|2.3|0|0.7|0.7|11.6|2.3|5.4|0.7|30.2|5.4|11.6|5.4|10|5.4|0.7|0.7
2026-05-07 08:59:40,5.8,64,17.56,29.36,63.23,0.26,1,27588,0.759,2326.6,3,78.7|79|113.3|62|101.2|135.6|83.8|56|55.8|55.4|68.8|86.3|63.7|86.1|54.6|37.6|35.6|37.9|50.6|45|110.1|0,0.6|0.6|3.7|6.8|9.9|2.2|0.6|0.6|0.6|0.6|6.8|0|9.9|0.6|25.5|17.7|19.3|6.8|9.9|5.3|0|0
2026-05-07 08:59:50,5.8,89.7,17.58,29.38,63.23,0.26,1,27588,0.759,2336.6,3,103.1|98|123.7|122.5|122.7|140.5|107.1|147.8|129.6|92.6|133.4|102.2|118.3|93.6|158.9|203.7|122.6|84.1|102|106.5|110|109.6,2.5|1|7.2|7.2|8.7|5.6|8.7|0|0|0|4.1|4.1|8.7|2.5|16.5|7.2|8.7|2.5|1|1|0|0
2026-05-07 09:00:00,10.5,118.3,17.59,29.34,63.23,0.26,1,27588,0.759,2346.4,3,87.1|86.6|92.9|115.8|87.4|64.1|88.1|70|70.9|162|134|83.1|57.7|150.5|64.8|59.1|37.8|49.5|40|73.7|103.4|100.4,0|0.9|2.4|5.5|0.9|0.9|0.9|4|0.9|2.4|14.8|0.9|5.5|8.6|10.2|25.6|4|8.6|13.3|16.4|0.9|0.9
2026-05-07 09:00:10,5.1,61,17.6,29.35,63.23,0.26,1,27588,0.759,2356.5,3,50.8|47.1|169.7|132.4|112|91.3|54.4|56|55.3|55.5|56.5|74|79.9|67.3|45.3|47.5|37.1|34.7|50.9|82.4|109.9|0,2.5|1|7.2|13.4|8.7|2.5|1|0|0|0|10.3|0|1|2.5|1|14.9|10.3|7.2|14.9|1|1|0
2026-05-07 09:00:21,6,105.7,17.61,29.37,63.23,0.26,1,27588,0.759,2366.6,3,102.6|91.9|133.3|72.2|74.3|120.2|162.3|166.8|189.4|190.5|109.5|89.9|47.9|140.8|49.4|119.5|126|142.8|153.2|89.7|110|109.6,18|0|8.7|5.6|4.1|2.5|14.9|0|1|1|18|0|21.1|0|8.7|2.5|28.8|1|11.8|0|1|1
2026-05-07 09:00:31,5,92.2,17.58,29.34,63.23,0.26,1,27588,0.759,2376.5,3,52.9|52.8|124.3|124.1|98.5|66.8|56.8|56.2|56.2|53.5|95.4|85|75.5|82|45|38.6|54|45.6|40.5|43.8|109.9|110,4|0.9|7.1|8.7|0.9|4|10.2|0|10.2|2.5|7.1|0.9|11.8|0.9|11.8|13.3|16.4|8.7|18|0|0.9|0.9
2026-05-07 09:00:41,6.3,60.6,17.6,29.36,63.23,0.26,1,27588,0.759,2386.6,3,56.3|78|129.9|80.2|94.9|103.7|55.7|55.3|55.8|55.8|94.5|77.4|70|90.2|40.5|49.8|60.6|42.6|37.6|52|110|110.2,2.2|2.2|11.5|16.2|3.7|8.4|5.3|3.7|3.7|0.6|2.2|2.2|6.8|0|9.9|3.7|23.9|3.7|17.7|0.6|0|0
2026-05-07 09:00:51,9.1,157.7,17.66,29.43,63.23,0.26,1,27588,0.759,2396.5,3,81.7|85.6|55.6|55.6|55.5|55.8|55.6|55.5|53.6|55.7|114.4|161.7|129.5|128.3|65.9|55.5|158.8|165.6|134.6|168.5|110|109.9,13.6|5.9|0|0|1.3|0|0|0|1.3|0|7.5|15.2|22.9|7.5|22.9|16.7|15.2|55.3|42.9|18.3|0|0
2026-05-07 09:01:01,3.4,72.8,17.6,29.36,63.23,0.26,1,27588,0.759,2406.6,3,86.1|85.1|72.6|89.2|72.5|132.3|72.1|64.6|118.3|171.3|71|67.4|88.8|80.7|38.5|40.4|63.2|52.3|52.3|42.5|110.1|109.4,0|0.9|5.5|10.1|8.6|2.4|0.9|4|5.5|4|0.9|8.6|8.6|0.9|5.5|0.9|2.4|19.4|16.3|5.5|0.9|0.9
2026-05-07 09:01:12,5.5,68.5,17.6,29.36,63.23,0.26,1,27588,0.759,2416.6,3,81.9|86.4|134.9|59.7|112.3|73.6|56.7|56.4|59.5|98.8|80.9|87|74.4|93.1|48.1|39.2|47.2|59.2|57.5|37.6|110|110.3,2.4|2.4|14.8|4|8.6|4|0|0.9|0|0.9|0|5.5|7.1|0|17.9|4|0|25.6|7.1|0|0|0
2026-05-07 09:01:22,11.6,92.2,17.65,29.4,63.23,0.26,1,27588,0.759,2426.5,3,126|89.9|168.6|59.5|61.9|88.1|63.7|153.4|55.8|60.8|129.9|147.9|115.4|155.9|58.2|49.8|90.8|65.7|80|65.6|110|109.8,2.3|0|22.5|10.1|8.5|7|0|0|3.9|0.8|7|0|3.9|0|7|0.8|10.1|25.6|22.5|0|0|0.8
2026-05-07 09:01:32,5.7,71.7,17.58,29.34,63.23,0.26,1,27588,0.759,2436.6,3,53.8|86.8|129.3|84.3|73.5|107.6|89.2|54.8|56.1|55.2|111.2|115.2|75|101.5|39.9|34.6|45.8|37.2|64.6|62.2|109.9|110.2,11.2|0.3|6.6|8.1|5|3.4|6.6|0|0|0.3|19|0|6.6|0|8.1|1.9|3.4|0|28.4|9.7|0.3|0
2026-05-07 09:01:42,5.9,71.3,17.61,29.38,63.23,0.26,1,27588,0.759,2446.5,3,67.6|86.3|122|61.4|105|101.5|56|54.6|54.6|54.8|71.5|76.9|58.1|83.7|55|32.9|39.9|72.4|49.2|68.6|110.3|104.1,0.8|0|14.7|8.5|2.3|10.1|0|0|0|0|8.5|0.8|11.6|2.3|16.3|2.3|8.5|3.9|22.5|5.4|0|0
2026-05-07 09:01:53,9.9,103.7,17.63,29.39,63.23,0.26,1,27588,0.759,2456.5,3,86.7|87.6|142.3|106.4|127.3|112.4|58.9|68.5|57.8|56.7|72.1|85.3|66.2|56|39.9|44|54|38.8|60.5|57.8|110|104.6,10.2|0.9|5.5|5.5|10.2|8.6|5.5|0|0|0.9|13.3|0|0|11.7|13.3|4|5.5|0.9|4|25.6|0|0
2026-05-07 09:02:03,5.2,78.5,17.58,29.34,63.23,0.26,1,27588,0.759,2466.6,3,86.8|87|159.6|88.4|84.6|102.4|56.8|53.7|55.1|56|80.9|85|86.8|86.3|38.3|36.8|39|95.5|45.9|50.9|110|105,2.8|0|5.9|1.2|4.3|0|0|1.2|4.3|1.2|15.1|0|0|13.6|13.6|2.8|2.8|2.8|5.9|24.4|0|0
2026-05-07 09:02:13,5.3,76.1,17.59,29.34,63.23,0.26,1,27588,0.759,2476.5,5,133.9|68|60.8|80.5|122.5|90.8|133.9|55.4|55.7|56.3|93.1|90.7|59.2|101|56.1|87.8|74.4|39.2|65.8|75.9|107.9|105,3.9|0.8|16.3|13.2|2.3|8.5|0.8|2.3|3.9|0.8|3.9|2.3|2.3|7|7|0.8|5.4|3.9|3.9|28.7|0.8|0
2026-05-07 09:02:23,8.1,85.1,17.6,29.36,63.23,0.26,1,27588,0.759,2486.5,5,79.6|73.1|89.9|142.8|136.7|112.4|57.9|55.2|55.5|50.8|116.8|100.5|64.6|78|45.6|35.6|39.3|38.4|52.1|83.7|110|103.9,22.6|0|11.8|4.1|2.5|1|5.6|10.3|1|4.1|5.6|1|11.8|2.5|10.3|13.3|19.5|11.8|4.1|4.1|0|0
2026-05-07 09:02:33,4,68.3,17.59,29.33,63.23,0.26,1,27588,0.759,2496.5,5,76.1|87|139|90.7|132.7|134.6|78.3|57.9|56|56.5|126.9|92.3|95.2|44.2|47.5|39.4|40|41.9|52.3|45.2|110.1|110,19.6|1|1|0|4.1|8.8|0|0|0|0|11.8|4.1|18|0|25.8|1|10.3|5.7|8.8|4.1|1|1
2026-05-07 09:02:44,6.5,85.9,17.59,29.34,63.23,0.26,1,27588,0.759,2506.5,5,57.8|82|158.1|92.3|156.1|155.9|126.7|57.5|62.7|63.6|65.6|94.5|62.8|104.1|48.1|66.9|37.5|76.9|42.4|62.1|110|102.3,19.8|1.3|4.4|7.5|4.4|1.3|4.4|0|0|2.8|18.3|0|24.4|1.3|16.7|10.5|21.3|1.3|13.6|1.3|0|0
2026-05-07 09:02:54,7.6,83,17.58,29.34,63.23,0.26,1,27588,0.759,2516.5,5,76.8|59.3|138.5|190.7|64|106.9|67|61.3|56.8|167|55.1|85.3|54.9|71.8|41|39.2|36.8|42.8|50.1|46.6|108.6|104.8,4.6|26.2|1.6|4.6|0|6.2|3.1|1.6|0|0|3.1|18.5|15.4|6.2|12.3|24.6|9.2|3.1|4.6|3.1|0|0
2026-05-07 09:03:04,5.5,97.3,17.59,29.35,63.23,0.26,1,27588,0.759,2526.5,5,70.6|68.3|155.6|105.6|124.3|76.2|157|61.5|72.7|63.7|84.9|100.7|60.6|85|42.2|40|42|59.3|41.5|73.2|110|109.9,2.2|23.9|5.3|2.2|11.5|0.6|0|0|0|2.2|0.6|8.4|5.3|0.6|16.1|6.8|14.6|3.7|6.8|0.6|0|0.6
2026-05-07 09:03:14,5.1,88.1,17.59,29.35,63.23,0.26,1,27588,0.759,2536.5,5,65.4|58.2|143.9|101.7|68.8|64.2|145.5|59.4|62.8|57.2|71.1|55.5|61.9|75.7|43.4|38.8|43.9|40.8|83.5|83.4|110|110.2,2.5|22.6|14.9|19.5|1|1|2.5|1|1|1|1|4.1|4.1|1|14.9|4.1|10.3|1|10.3|0|1|1
2026-05-07 09:03:25,6.9,55.2,17.6,29.36,63.23,0.26,1,27588,0.759,2546.5,5,45.3|76.1|143.1|78|122.2|72.7|56.3|55.4|55.8|55.1|71.6|48.3|74.8|84.7|49.4|65.1|47.4|32.7|66.3|83.6|109.9|109.9,0.5|0|23.8|2.1|2.1|11.4|3.6|2.1|0|0|3.6|0|6.7|0|22.3|0.5|6.7|9.8|6.7|0|0.5|0.5
2026-05-07 09:03:35,6,75,17.57,29.35,63.23,0.26,1,27588,0.759,2556.6,3,55.8|87.6|153.6|77.1|91|58.9|122.1|65.8|86.1|67.9|90.8|87.7|73.3|87.4|54|44.6|44.5|39.4|50.2|36.1|109.9|110.1,2.3|0.8|14.7|7|13.2|7|0|0|0|0|10.1|0|13.2|0|13.2|2.3|10.1|3.9|19.4|5.4|0.8|0.8
2026-05-07 09:03:45,5.8,70.9,17.59,29.35,63.23,0.26,1,27588,0.759,2566.4,3,117.6|87.3|164.4|111.7|72.5|101.9|62.2|56.7|56.2|55.8|160.2|93.3|140.9|85.7|68.8|56.1|63.7|47|101.6|37.4|110|110,3.9|3.9|0.8|0|0.8|2.4|0|0|8.6|8.6|10.1|7|14.8|3.9|17.9|14.8|21|16.3|8.6|21|0.8|0.8
2026-05-07 09:03:55,5.5,65,17.6,29.37,63.23,0.26,1,27588,0.759,2576.5,3,59|84|160.1|101.6|97.8|96.6|56.4|57|54.8|55.4|67|79.6|78.8|61.5|46.2|46.2|34.5|35.5|44.3|82.7|110|109.9,0.9|0.9|10.2|2.5|5.6|4|0.9|0.9|11.8|0.9|8.7|0|2.5|16.4|0|31.9|0|2.5|7.1|11.8|0.9|0.9
2026-05-07 09:04:05,6.2,79.7,17.59,29.35,63.23,0.26,1,27588,0.759,2586.5,3,51.1|84.7|99.4|134.6|60.2|100.5|72.7|55.3|55.4|54.8|65.5|80.5|74.1|61.4|47.8|48.3|47.7|48.1|43.1|37|110.1|109.7,2.1|2.1|9.9|13|9.9|8.4|3.7|3.7|2.1|2.1|9.9|2.1|2.1|30.1|3.7|22.3|19.2|2.1|3.7|2.1|0.6|0.6
2026-05-07 09:04:16,6.3,57.4,17.59,29.35,63.23,0.26,1,27588,0.759,2596.5,3,86.7|86.1|129.4|66.2|126|84.8|58.1|55.2|55|55.7|72.4|54|82.9|66.8|53.9|56.2|37.1|59.1|53.8|44.3|104.5|102,2.4|0|7|5.5|10.1|10.1|3.9|0.8|0.8|0|16.3|0|0|14.8|0|28.7|24.1|0|10.1|2.4|0|0
2026-05-07 09:04:26,5.8,77.8,17.6,29.36,63.23,0.26,1,27588,0.759,2606.5,3,50.9|47.4|127.5|153.7|80.6|90.1|56.3|54.8|54.7|54.6|70.8|88.1|86.9|93.2|41.1|36.5|43.1|56.3|35.7|43.6|109.9|109.3,3.8|0.7|3.8|14.7|10|11.6|2.3|0|0.7|0.7|8.5|0.7|20.9|3.8|10|5.4|24|0|8.5|6.9|0.7|0.7
2026-05-07 09:04:36,5.4,55.1,17.58,29.35,63.23,0.26,1,27588,0.759,2616.7,3,81.5|83.7|153.8|135.2|67.6|62|125.7|66.8|57.1|72|111.2|92.8|78.7|81.3|40.1|56.7|41.3|48.3|40.6|40.3|109.9|110,0.8|0|13.2|8.6|0.8|0|0|0|0|0|7|0.8|8.6|3.9|10.1|7|19.4|14.8|14.8|3.9|0.8|0
2026-05-07 09:04:46,3.8,85,17.59,29.35,63.23,0.26,1,27588,0.759,2626.7,3,63|50.7|0|55.8|45.7|0|55.7|55.1|0|0|114.7|160|147.7|120.6|65.2|47.5|61.4|67.8|51.2|82.3|110.3|0,5.1|2|6.7|8.2|2|0.4|2|8.2|8.2|3.6|12.9|2|8.2|2|12.9|5.1|19.1|5.1|9.8|8.2|3.6|2
2026-05-07 09:04:57,5.5,65.8,17.58,29.35,63.23,0.26,1,27588,0.759,2636.7,3,61.6|80|154.7|121.2|64.4|108.2|66.9|59.9|120.6|58.5|75.7|70|59.1|76.7|40.1|43.3|47|55.2|49.3|41.2|110|110.2,2.4|0.9|14.8|0.9|11.7|4|5.5|0.9|0|0|2.4|14.8|13.3|0|10.2|2.4|4|30.3|19.5|0|0.9|0.9
2026-05-07 09:05:07,6.4,77.7,17.56,29.35,63.23,0.26,1,27588,0.759,2646.7,3,46|37.5|125.7|59.9|78.2|139|56.6|56.8|55.5|57.9|82|100.6|67|114.2|48.6|42.5|64.6|54.9|42.7|40.7|110|110,3.7|0|13|8.4|14.6|6.8|3.7|2.1|11.5|5.2|0.6|14.6|6.8|0.6|2.1|2.1|0|22.3|14.6|2.1|0.6|0
2026-05-07 09:05:17,6,84.2,17.56,29.35,63.23,0.26,1,27588,0.759,2656.6,3,68.1|90.9|134.7|61.6|114.6|63.5|55.1|94.9|55.1|55|89.7|89.1|117.9|90.6|43.9|38.2|68.2|56.3|40.3|60.4|110.2|110,2.2|0.7|19.3|17.8|13.1|8.5|0|10|0.7|6.9|0|11.6|5.4|2.2|5.4|6.9|3.8|22.4|8.5|0.7|2.2|2.2
2026-05-07 09:05:27,5.8,82.7,17.55,29.35,63.23,0.26,1,27588,0.759,2666.6,3,61.4|75.4|99.6|67.5|70.1|137.1|55.1|58.8|56.8|72|72.8|84.6|72|83.4|46.1|71.7|37|36.3|48.7|73.5|109|108.3,2.1|0|6.8|6.8|11.5|3.7|0.6|0.6|0.6|0.6|6.8|0|17.7|0|6.8|2.1|3.7|5.2|33.2|9.9|0.6|0.6
2026-05-07 09:05:37,5.3,57.9,17.56,29.36,63.23,0.26,1,27588,0.759,2676.6,3,66.3|37.4|112.2|125.2|62.2|73.7|58.9|55.5|117.1|56.3|88.3|81.5|64.2|83.6|46.9|74.6|48.5|37.5|60.8|47.2|110.2|107.5,3.7|3.7|3.7|9.9|3.7|11.5|2.1|0.6|0.6|5.3|13|0|11.5|0.6|9.9|0.6|5.3|8.4|23.9|3.7|0.6|0
2026-05-07 09:05:48,4.6,100.5,17.55,29.36,63.23,0.26,1,27588,0.759,2686.6,3,62|83.4|94.5|59.5|60|61.3|116.7|62.9|117.8|58.9|115.2|88|70.2|76.7|42.6|40.4|41.8|38|61.6|75.8|110.1|104.1,0|0.8|21|7|2.4|3.9|0|0.8|0|0.8|8.6|0|8.6|0|10.1|2.4|11.7|0.8|25.6|0.8|0.8|0.8
2026-05-07 09:05:58,7.1,95,17.56,29.36,63.23,0.26,1,27588,0.759,2696.6,3,55.7|80.9|153.4|132.5|77.3|125.9|65.8|70.9|117.9|169|89.9|83.7|80.4|81.8|42.2|50|43.8|72.2|51|59.2|109.9|107,11.3|5.1|0.4|3.6|3.6|2|6.7|5.1|0|2|8.2|0|2|14.4|9.8|3.6|5.1|3.6|6.7|23.8|0|0
2026-05-07 09:06:08,4.2,81.1,17.57,29.37,63.23,0.26,1,27588,0.759,2706.6,3,81.6|58.2|148.8|148.2|75.8|61.7|148.5|139.3|65.7|75.4|70.8|81.4|81.6|67.9|42|38.4|44.5|73.4|53.8|54.1|109.9|101.9,16.9|9.2|6.1|1.5|3.1|4.6|0|0|0|0|7.7|1.5|3.1|3.1|9.2|4.6|10.8|1.5|6.1|23.1|0|0
2026-05-07 09:06:18,4.5,66.5,17.55,29.35,63.23,0.26,1,27588,0.759,2716.5,3,56.6|82.4|170.2|87.3|110.9|77.3|55.3|56.6|54.8|55.2|77.9|47.8|80.1|82.1|44.2|39.7|51.1|43|48.4|48.8|110|110.4,14.7|0|16.2|5.4|5.4|11.6|6.9|0|0|0|16.2|0|0|13.1|10|2.3|2.3|0|0|25.5|0|0.7
2026-05-07 09:06:29,7.1,71.8,17.56,29.36,63.23,0.26,1,27588,0.759,2726.5,3,60.5|50.8|123.5|58.9|96.4|59.5|75.1|89.5|56.6|56.4|98.1|76.7|68.8|82|45.5|71.5|48.1|48.9|41.5|41.9|110|109.9,50.3|9.9|13|13|0.6|3.7|2.1|0|0.6|2.1|17.7|6.8|13|3.7|6.8|2.1|6.8|3.7|2.1|5.2|0.6|0.6
2026-05-07 09:06:39,6.3,65.5,17.56,29.37,63.23,0.26,1,27588,0.759,2736.5,3,55.8|61.5|85.6|59.9|103|65|78.4|55|54.7|57.9|68.3|75.2|74.7|86.9|49.7|81.1|47|44.6|57.8|87.5|107.3|106.9,33.2|2.1|28.5|5.2|9.9|0|0|0|0|0|8.3|0.5|11.4|0.5|5.2|2.1|0|3.6|5.2|0|0.5|0.5
2026-05-07 09:06:49,4.5,76.4,17.56,29.37,63.23,0.26,1,27588,0.759,2746.5,3,55.1|74.6|86.9|128.1|72.6|70.5|90.5|117|56.2|55.7|90.8|84.6|73.5|76.3|51.5|80.9|50|86.8|53|46.8|110|109.9,48.6|0|1.8|3.4|4.9|12.7|0.3|0|0|0|9.6|0|4.9|0|9.6|8|17.4|0|12.7|0|0.3|0.3
2026-05-07 09:06:59,7.2,64.6,17.56,29.36,63.23,0.26,1,27588,0.759,2756.4,3,70.7|58.2|55.6|76.1|109.1|56|55.4|55.4|55.2|55.6|82.9|86.6|70.1|79.5|41.8|40.2|36.8|38.8|49.3|43|110.2|109.4,0|43.8|9.4|11|7.8|12.5|3.2|1.6|0|1.6|0|7.8|11|1.6|3.2|0|7.8|0|0|0|0|0
2026-05-07 09:07:09,6.1,60.9,17.58,29.37,63.23,0.26,1,27588,0.759,2766.3,3,57.5|54.5|129.2|97.1|57.7|82.8|59.1|58.3|55.3|55.1|78.8|81.8|58.6|52.2|54.9|43.2|54.1|87|41.1|90.5|109.5|109.4,2.2|31.7|2.2|9.9|5.3|17.7|0|0.6|0|3.7|0.6|8.4|17.7|3.7|5.3|0|0|0|0|0.6|0.6|0.6
2026-05-07 09:07:20,4.9,68.6,17.59,29.38,63.23,0.26,1,27588,0.759,2776.3,3,65.5|64|56.8|62.7|56.9|128.8|57.7|54.4|54.7|60|82.9|106.1|78.1|84|66.7|44.4|46.2|45.6|43.8|44.9|110.1|110.4,3.9|27.1|10.1|10.1|16.3|5.4|2.3|0|2.3|0.8|7|16.3|19.4|0.8|36.4|2.3|11.6|2.3|11.6|2.3|0|0.8
2026-05-07 09:07:30,5.3,60.6,17.57,29.37,63.23,0.26,1,27588,0.759,2786.3,3,82|87.1|89|56.2|57.5|69.2|57.4|55.7|55.4|55.1|76.7|48.3|123.8|95.9|76.4|69.9|54.8|58.8|45.7|80|110|110,3|1.5|9.2|6.1|15.3|4.6|3|1.5|3|0|16.9|1.5|7.6|1.5|23|1.5|7.6|3|6.1|0|1.5|1.5
2026-05-07 09:07:40,7.9,58.3,17.59,29.39,63.23,0.26,1,27588,0.759,2796.1,3,58.2|87.3|79.7|68.4|57.2|60.7|54.4|57.3|55.4|56.1|67.7|80.6|59.8|74|57.8|42.1|47.7|78.2|64|41.2|110|109.7,5.5|0.8|2.4|3.9|5.5|3.9|0.8|0.8|0|0|5.5|0|8.6|0|33.4|5.5|10.1|8.6|10.1|2.4|0|0
2026-05-07 09:07:50,6.4,66.2,17.63,29.44,63.23,0.26,1,27588,0.759,2806.1,3,83.7|86.8|97.7|58.1|60|62.8|54.4|54.5|54.7|54|123.4|121.7|100.1|74|76.4|55.4|58.9|43.9|58.7|71.6|110|109.9,8.7|0.9|16.4|4|16.4|13.3|5.6|7.1|8.7|2.5|33.4|2.5|10.2|13.3|18|44.3|55.1|7.1|18|5.6|0|0.9
2026-05-07 09:08:00,6.7,63.4,17.54,29.34,63.23,0.26,1,27588,0.759,2816.1,3,88.8|87.4|81.1|59.6|59.6|64.7|55.3|55.4|55.3|54.9|87.7|82.6|55.6|86.9|55.3|57.4|49.9|42.3|43.7|78.5|103.8|103.1,1.9|1.9|11.3|3.5|1.9|12.8|5|0.4|1.9|11.3|22.2|1.9|5|14.4|5|31.5|5|1.9|12.8|1.9|0.4|0.4
2026-05-07 09:08:11,5.1,89.8,17.54,29.35,63.23,0.26,1,27588,0.759,2825.9,5,86|79.2|46.2|56.1|46.4|55.6|55.6|55.7|54.2|55.4|72.5|70.2|81.8|64|52.1|51|48.6|45|40.9|53.8|110.4|110,5|1.8|11.2|15.9|6.5|8.1|3.4|8.1|5|1.8|15.9|0.3|0.3|11.2|8.1|28.3|17.4|1.8|6.5|3.4|0.3|0.3
2026-05-07 09:08:21,5.5,62.3,17.61,29.42,63.23,0.26,1,27588,0.759,2835.9,5,102.4|63.1|66.3|61.2|60.1|62.9|54.7|55.4|54.7|54.5|75.4|82|97.5|57.2|92.3|66.6|175.3|208.9|85.6|85.3|110.4|109.7,8.2|0|17.5|8.2|0.4|5.1|5.1|9.7|14.4|0.4|17.5|5.1|26.9|0|30|23.7|72|0.4|33.1|0.4|2|2
2026-05-07 09:08:31,9.7,68.3,17.57,29.36,63.23,0.26,1,27588,0.759,2845.8,5,51.2|42.8|63.8|68.2|62.3|55.6|54.8|56.8|55.2|55|73.7|78.9|54.6|72.4|81.5|87.3|86|81|50.6|64|0|0,1.9|0.3|3.4|6.5|12.8|0|1.9|0|9.7|3.4|9.7|1.9|14.3|0.3|3.4|0.3|59.5|14.3|11.2|0.3|0|0
2026-05-07 09:08:41,5,61.1,17.58,29.37,63.23,0.26,1,27588,0.759,2855.8,5,86.9|87.5|66.3|65.1|55.6|55.8|58.4|61.1|54.8|55.4|84.3|92.3|68|122|56.7|86.6|71.2|76.2|57.2|87.3|0|0,0.4|2|20.6|3.5|8.2|0|0|0.4|6.6|0|5.1|0.4|8.2|0|5.1|0.4|37.8|0.4|20.6|0.4|0.4|0
2026-05-07 09:08:52,6.7,81.3,17.59,29.39,63.23,0.26,1,27588,0.759,2865.8,5,65.5|85.5|151.8|96|106.8|123.5|56.7|56.5|55.4|55.2|85.8|126.5|111.4|91.7|159.3|116.9|128.5|117.2|83.5|74.4|109.9|110.3,19|3.4|19|20.5|6.5|5|8.1|6.5|9.6|11.2|1.8|11.2|17.4|1.8|11.2|11.2|11.2|17.4|39.2|9.6|0.3|1.8
2026-05-07 09:09:02,7,66.3,17.57,29.36,63.23,0.26,1,27588,0.759,2875.8,5,57.1|85.5|125.3|74.5|85.8|66.6|114.4|58.1|69.4|56.6|70.5|70.7|94|86.9|41.1|45.3|50.7|45.8|39.6|62.2|110.2|0,2.2|0|13.1|11.6|5.4|0.7|0|0|0|3.8|2.2|3.8|14.7|0|8.5|0.7|20.9|16.2|30.2|0|0.7|0.7
2026-05-07 09:09:12,6.6,82.4,17.58,29.37,63.23,0.26,1,27588,0.759,2885.8,5,87.3|87.3|144.7|129.1|90.3|92.6|114.3|85.5|58.7|61.6|68.1|59.4|73.1|83.3|46.6|45.7|62.6|84.2|54.4|61.2|110|0,3.4|4.9|4.9|6.5|11.2|22.1|1.8|0.3|4.9|15.8|1.8|3.4|8|0.3|6.5|1.8|0|12.7|11.2|1.8|0.3|0
2026-05-07 09:09:22,4.6,124.8,17.63,29.43,63.23,0.26,1,27588,0.759,2895.7,5,167.3|177.5|187.8|204.6|203.2|205.8|55.5|55.5|55.5|55.5|153.9|181.7|148.9|164.7|162|150.2|158|146.8|178.3|194.2|110.1|110,31.9|2.5|0|0|0|0|0|0|0|0|24.2|11.8|31.9|7.1|16.4|16.4|24.2|10.2|45.8|10.2|0|0
2026-05-07 09:09:32,11.3,83.7,17.56,29.35,63.23,0.26,1,27588,0.759,2905.8,5,53.2|76.7|134.1|67.2|136.8|105.4|55.6|55.5|55.6|51.6|73.9|90.1|71|90.8|41.7|44|51.4|46.7|53.5|46.4|110|105.8,0.7|0.7|19.3|8.4|17.7|6.9|6.9|6.9|10|8.4|11.5|0.7|3.8|0.7|13.1|2.2|3.8|2.2|36.4|16.2|0.7|0.7
2026-05-07 09:09:43,5.4,72.6,17.56,29.35,63.23,0.26,1,27588,0.759,2915.7,5,46|66|120.8|71|57.3|87.2|55.1|121.9|56.1|53.9|82.4|85.2|50.6|42.7|54.1|43|49.7|69.2|58.7|81.6|110.1|104.6,8.4|5.3|3.8|0|5.3|6.9|3.8|2.2|0|5.3|16.2|0|6.9|0|8.4|5.3|6.9|3.8|30.2|8.4|0|0
2026-05-07 09:09:53,6.4,146.7,17.79,29.59,63.23,0.26,1,27588,0.759,2925.7,5,101.4|83.1|55.6|55.5|55.6|55.5|55.6|55.5|55.5|55.2|151.7|172.4|161.1|125.9|143.9|167.3|112.3|73.3|184.6|186.8|110|108.9,44.2|11.6|0|0|0.8|0|0|0|0|0|20.9|3.9|2.3|16.3|20.9|5.4|27.1|13.2|16.3|56.6|0|0
2026-05-07 09:10:03,11.3,129.3,17.72,29.53,63.23,0.26,1,27588,0.759,2935.7,5,121.8|131.2|55.6|55.3|55.4|55.4|55.4|54.9|55.5|55.6|111.4|106.3|128|117.4|64.6|65.8|54.9|59.5|168.2|167.1|110.2|106.2,42.8|7.2|1.1|0|0|0|1.1|0|0|0|19.6|2.6|2.6|42.8|16.5|10.3|5.7|4.1|5.7|61.3|1.1|1.1
2026-05-07 09:10:13,11.5,129.8,17.72,29.53,63.23,0.26,1,27588,0.759,2945.8,3,120.4|90.7|172.6|117|153.5|138|56.3|58.6|57|80.4|112.5|94.2|90.6|115.6|102.1|122.2|106|86.1|196.7|124|109.6|102.6,24.2|0|10.2|25.7|10.2|14.9|0|0|0|8.7|16.4|0.9|0.9|24.2|27.2|2.5|2.5|0.9|5.6|67.5|0|0.9
2026-05-07 09:10:23,13.6,169.9,17.79,29.59,63.23,0.26,1,27588,0.759,2955.8,3,148.8|181.7|55.6|55.4|55.2|55.6|55.7|55.6|55.7|55.7|114.7|129|103.8|133.9|146|140.1|116.3|107.2|75.3|84.7|108.1|109.7,47.4|18|1|0|1|1|1|1|1|0|22.6|2.5|25.7|1|28.8|11.8|27.3|7.2|22.6|25.7|1|1
2026-05-07 09:10:34,11.3,125.9,17.74,29.55,63.23,0.26,1,27588,0.759,2965.9,3,129.7|127|55.5|55.6|54.2|55.5|55.6|55.6|55.5|55.4|141.5|135|110.7|135.9|88.9|81.5|102.1|115.3|86.5|138.9|110.1|110.2,28.9|2.7|21.2|27.4|13.5|7.3|13.5|0|0|0|13.5|0|18.1|0|19.7|0|35.1|4.2|13.5|8.9|0|1.1
2026-05-07 09:10:44,11.3,139.1,17.72,29.53,63.23,0.26,1,27588,0.759,2975.8,3,144.5|101.9|184.7|182.3|177.8|156|125.4|58.9|100.9|60.1|123.1|99.5|98|85.8|115.7|109.6|102.1|103.1|53|86.3|110.2|109.2,49|2.5|1|0|0|1|0|0|0|0|14.9|2.5|22.7|5.6|33.5|22.7|28.8|8.7|21.1|19.6|0|0
2026-05-07 09:10:54,16.4,156.7,17.69,29.51,63.23,0.26,1,27588,0.759,2985.9,3,118.4|143.2|153.4|107.8|104.5|135.6|55.6|58.1|54.6|55.6|173.1|159.2|135.5|177.5|134.2|116.8|137|125.1|65.8|80.7|109|108.9,7.1|24.1|4|13.3|2.5|7.1|0|0.9|0.9|0.9|2.5|8.6|24.1|7.1|28.8|13.3|30.3|21|36.5|17.9|0|0
2026-05-07 09:11:04,10.9,132.8,17.72,29.55,63.23,0.26,1,27588,0.759,2995.9,3,74.5|82.5|189.4|193.2|205.6|199.3|99.7|60.9|95.9|58.8|86.3|87.1|102.1|111.4|94.3|103.4|152.9|123.6|160.9|166.5|109.8|0,0|22.5|16.3|24.1|24.1|31.8|11.7|2.4|19.4|0|0|4|10.2|0|25.6|0|10.2|0|0|0.9|0.9|0.9
2026-05-07 09:11:14,12.5,133.2,17.72,29.55,63.23,0.26,1,27588,0.759,3006,3,133.4|115.4|176.3|108.6|168.8|187.5|84.3|109.3|61.8|57.6|85.1|85.5|91.1|85.8|106.3|88.3|101.9|72.8|128.9|86.7|0|0,0.9|30.3|31.9|18|5.6|30.3|21|2.5|2.5|2.5|0.9|13.3|7.1|0|36.5|11.8|18|0.9|5.6|0|0.9|0.9
2026-05-07 09:11:25,17,136.7,17.77,29.59,63.23,0.26,1,27588,0.759,3016,3,110.8|85|55.6|55.5|55.6|55.5|55.7|55.5|55.5|55.7|134|150.2|121.6|166.8|102.2|81.7|162.5|156.4|193|192.8|109|108.6,5.7|2.6|8.8|1.1|18.1|11.9|24.3|2.6|13.4|1.1|15|1.1|13.4|0|25.8|0|21.2|2.6|27.4|0|1.1|0
2026-05-07 09:11:35,12.4,126.6,17.73,29.56,63.23,0.26,1,27588,0.759,3026.1,3,87.2|87.7|139|113.1|87.8|105.7|71|57.4|74.7|84.4|117.8|122.5|121.9|149.8|159|66|140.9|157.1|138.1|95|109.7|0,2.2|0.6|16.1|13|17.7|6.8|3.7|14.6|3.7|3.7|6.8|0.6|14.6|0.6|37.9|5.3|44.1|6.8|19.2|6.8|0|0.6
2026-05-07 09:11:45,10,133.6,17.74,29.57,63.23,0.26,1,27588,0.759,3036.3,3,83.5|87.6|119.5|117.6|98.8|109.8|56.7|86.5|110|56.7|101.1|97.3|89.2|89|153.6|152.1|130.9|165.7|107.2|160.6|108.9|109.6,0|1.3|9.1|16.8|15.2|10.6|4.4|2.9|6|2.9|12.1|0|24.5|0|69.2|1.3|33.7|4.4|6|7.5|1.3|0
2026-05-07 09:11:55,16.9,160.7,17.61,29.65,63.23,0.26,1,27588,0.759,3046.2,3,74.9|73.3|55.6|55.5|55.5|55|55.9|55.4|55.2|55.8|124.6|125.8|175.9|124.6|144.7|152.4|169.7|172.3|140.8|139.9|109.8|110,4.3|4.3|16.6|15.1|10.4|8.9|5.8|7.3|1.2|5.8|18.2|0|0|18.2|2.7|47.5|84.6|4.3|22.8|8.9|1.2|1.2
2026-05-07 09:12:06,9.4,150.2,17.54,29.57,63.23,0.26,1,27588,0.754,3056.2,3,149.6|85.2|111.9|56.2|56|67.3|56.6|79.3|88|70.6|131|101.1|131.3|147.7|160.6|161.9|186.7|180.7|98.6|118|0|0,5.2|0|13|8.3|16.1|14.6|5.2|0.6|8.3|0|22.3|0|0|27|0|56.5|50.3|0|11.5|0|0|0
2026-05-07 09:12:16,9.4,120.2,17.54,29.57,63.23,0.26,1,27588,0.754,3066.2,3,91.8|86.6|107.6|120.3|108.2|122.2|71.7|55.9|77.6|65.5|119.4|105.9|128.1|99.1|118.7|149|101|165.6|131.9|158.9|110.1|110.3,4|2.5|7.1|14.8|14.8|22.6|10.2|2.5|0.9|0|21|0|0.9|27.2|4|38.1|31.9|0.9|19.5|0|0.9|0.9
2026-05-07 09:12:26,11.5,123.8,17.58,29.59,63.23,0.26,1,27588,0.754,3076.2,3,63.6|86.8|125.3|119|93|112.2|109.7|75.5|59.2|102.2|104.2|96|135.5|115.5|82.6|129.1|150.1|155.8|101.4|162.6|109.9|110,9.8|2|28.4|19.1|8.2|16|8.2|9.8|12.9|2|12.9|0.5|9.8|0.5|3.6|2|34.7|3.6|23.8|0.5|0.5|0.5
2026-05-07 09:12:36,11.6,132.6,17.6,29.63,63.23,0.26,1,27588,0.754,3086.2,3,72|56.2|55.9|56.4|55.5|55.6|55.6|55.6|55.5|55.3|129.5|107.8|106.9|120.7|54.5|66.6|170.9|182.8|150.4|122.5|109.2|109.6,12.8|8.2|3.5|3.5|1.9|0.4|12.8|3.5|0.4|1.9|30|3.5|34.6|1.9|17.5|6.6|64.2|17.5|54.9|11.3|0.4|0.4
2026-05-07 09:12:46,9.2,125.7,17.57,29.59,63.23,0.26,1,27588,0.754,3096.2,3,82.3|84|158|118.8|129.5|101|88.5|75.3|106|80.2|96.4|93.3|112.2|88.7|68.3|117.1|105.7|105.1|125.3|152.2|110.1|110.1,5.3|2.2|8.4|14.6|14.6|2.2|8.4|6.9|5.3|0|11.5|3.8|10|3.8|3.8|5.3|45.7|30.2|41|22.4|0.7|0.7
2026-05-07 09:12:57,12.6,115.1,17.58,29.61,63.23,0.26,1,27588,0.754,3106.3,3,83.6|92.3|111|118.7|79.7|76.2|125.6|58.2|92.7|101|84.1|102.6|94.3|90.1|69.1|76.1|108.1|129.9|162.2|207.5|109|109,6.9|3.8|25.5|13.1|13.1|19.3|3.8|3.8|2.2|5.4|2.2|17.8|11.6|0.7|2.2|0|2.2|37.9|47.2|0.7|0|0
2026-05-07 09:13:07,11.1,59.8,17.25,29.27,63.23,0.26,1,27588,0.754,3116.5,3,46.3|87.6|129.6|112.3|85|119.1|166.4|59.2|62.1|83.1|82.7|102.5|73.1|85.5|63.6|79.6|59.3|66.6|55.8|71.4|109.9|109.9,0|5.4|16.3|3.9|8.5|2.3|0|2.3|14.7|7|0.8|7|7|0|2.3|8.5|14.7|34.9|11.6|2.3|0|0
2026-05-07 09:13:17,4.5,85,17.26,29.27,63.23,0.26,1,27588,0.754,3126.5,3,83.7|86.4|124.8|96.2|121.5|86.1|56.5|57.4|155|56.5|70.7|85.6|70.8|79|52|65.6|54.7|70.4|69.8|57.1|110|109.9,2.2|0|20.9|10|3.8|10|5.3|5.3|3.8|3.8|0|16.2|10|0|2.2|3.8|3.8|37.9|10|0|0.7|0.7
2026-05-07 09:13:27,6,81.1,17.31,29.31,63.23,0.26,1,27588,0.754,3136.5,3,85.5|87.3|81.5|106|57.6|123|107.1|54.8|55.6|55.3|110.3|86.7|68.6|86.6|61.6|43.9|67|54.6|69.4|59.5|110|107.4,4.9|1.8|4.9|9.6|15.8|8.1|1.8|4.9|1.8|4.9|6.5|1.8|4.9|0.3|12.7|1.8|6.5|8.1|25.2|0|0.3|0.3
2026-05-07 09:13:38,6.2,83,17.24,29.26,63.23,0.26,1,27588,0.754,3146.3,3,84.1|90.9|148.7|90.4|122.4|64.9|55.4|55.5|55.4|55.4|117.7|104.3|81.7|68.2|81.6|75.2|53.1|66.3|72.3|101.1|110|108,6.4|4.8|3.3|0.1|4.8|4.8|0|0.1|3.3|0|14.2|0.1|20.4|6.4|18.9|7.9|3.3|7.9|31.3|20.4|0.1|0.1
2026-05-07 09:13:48,4.7,68.8,17.25,29.25,63.23,0.26,1,27588,0.754,3156.3,3,71.9|86.5|105.7|63.6|114.6|59|55.3|54.9|55|55.2|82.2|54|113.1|89.2|50.5|40|92.1|43|79.1|70.3|110|100.1,0|0.6|6.8|3.7|2.1|2.1|0|0|0.6|0|9.9|3.7|5.2|2.1|16.1|6.8|11.4|8.3|33.2|2.1|0.6|0.6
2026-05-07 09:13:58,5.3,93.6,17.31,29.33,63.23,0.26,1,27588,0.755,3166.3,3,69.2|52.5|96.5|62.4|55.8|81.5|55.1|59.1|58.2|115.4|103.4|89.7|86|92.3|55.6|54.6|53.4|59.5|91.3|90.3|109.8|106.2,4.9|3.3|15.8|8|12.7|3.3|0.2|1.8|0|0.2|12.7|0.2|0.2|12.7|12.7|3.3|4.9|0.2|1.8|23.6|1.8|1.8
2026-05-07 09:14:08,4.8,82.6,17.25,29.26,63.23,0.26,1,27588,0.755,3176.2,5,85.3|56.6|92.1|58.4|56.7|56.7|139.9|129.7|61.2|132.6|77.7|86.8|83|75.3|49.5|52.3|61.6|67.1|85.5|69|110.1|109.1,3.8|0.7|19.3|14.7|10|3.8|0.7|0.7|3.8|2.2|13.1|0.7|2.2|10|6.9|2.2|16.2|0|0.7|24|0|0
2026-05-07 09:14:19,7.1,84.3,17.25,29.26,63.23,0.26,1,27588,0.755,3186.1,5,60.1|50.4|81.9|86.7|114.6|70.2|55.3|53.6|55.3|55.2|67.1|85.8|80.5|76.1|64.9|78.6|50.5|53.7|76.4|82|110|110.3,14.5|2.1|14.5|11.4|9.8|2.1|3.6|0.5|2.1|0.5|14.5|0|0.5|9.8|5.2|5.2|12.9|0|0.5|23.8|0.5|0
2026-05-07 09:14:29,7.2,81.5,17.24,29.25,63.23,0.26,1,27588,0.755,3196.2,5,98.7|62.4|181|58|68.4|105.2|88.7|60.7|69|67.5|112.7|99|63.8|83.1|50.7|49.5|48.9|53.3|49.1|73.3|110.1|0,22.5|0.9|14.8|5.5|0|2.4|0|5.5|0|0|13.3|0|14.8|0|10.2|2.4|0|0|7.1|2.4|0.9|0.9
2026-05-07 09:14:39,5.5,82.5,17.25,29.26,63.23,0.26,1,27588,0.755,3206.2,5,78.6|99.5|156.6|61.8|157|99.9|55.5|55.5|55.6|55.5|134.3|154.9|156.5|115.7|90.8|98.8|91.3|59|60|56.9|110.4|0,33.4|2.5|8.7|13.3|0.9|0|0|0.9|0|4|10.2|4|7.1|2.5|14.8|5.6|14.8|2.5|13.3|10.2|0|0
2026-05-07 09:14:49,6.3,80.3,17.24,29.24,63.23,0.26,1,27588,0.755,3216.3,5,76.5|104.2|114.3|58.3|169.5|121.7|55.1|54.3|56.9|54.9|75.2|93.6|69.9|85.4|62.2|55.5|54.9|52.4|79.3|51.5|110|0,30.1|5.2|9.9|11.4|5.2|2.1|0|0|0|0|17.7|2.1|9.9|2.1|9.9|13|6.8|2.1|3.7|2.1|0.6|0.6
2026-05-07 09:15:00,7.9,81.7,17.25,29.26,63.23,0.26,1,27588,0.755,3226.3,5,74.6|61.6|139|101.6|80.6|95.4|54.8|54.6|54.8|54.7|88|78.4|65.5|77|60.2|57.7|50.7|68.8|67|56|110.1|109.9,0|30.2|13.2|22.5|7|8.5|3.9|0|0.8|2.3|0|24|20.9|2.3|5.4|3.9|19.4|0.8|2.3|0.8|0.8|0.8
2026-05-07 09:15:10,5.8,72.8,17.25,29.26,63.23,0.26,1,27588,0.755,3236.2,5,84|87.7|112.3|139.2|107.3|134.4|54.9|55|54.7|54.6|83.4|77.7|79.9|61.9|62.6|100.3|62.4|98|70.3|85.8|110.2|110.6,2.1|17.7|0|11.5|16.1|13|0.6|0|2.1|0.6|6.8|8.4|6.8|2.1|6.8|3.7|6.8|2.1|13|8.4|0.6|0.6
2026-05-07 09:15:20,6.5,85.5,17.25,29.25,63.23,0.26,1,27588,0.755,3246.2,5,46.7|61.3|149.5|129.7|136.2|136.3|55.3|55.3|55|55|82.5|84.4|76.8|58.5|49|66.3|49.7|52.2|67.5|85.9|109.8|109.3,0|17.6|3.6|17.6|6.7|3.6|3.6|5.2|8.3|0.5|0|5.2|16|5.2|11.4|0|9.8|5.2|9.8|0.5|0.5|0.5
2026-05-07 09:15:30,5.3,77.6,17.29,29.29,63.23,0.26,1,27588,0.756,3256.3,5,56.9|87.5|90.3|68.2|84|73.5|127.3|59|64.1|56.8|86.2|86.8|75.7|87.4|81.1|101.9|80.5|65.9|60.5|65.3|109.4|109.8,2.3|0|6.9|13.1|3.8|14.7|0|10|5.4|8.5|8.5|2.3|11.6|0.7|41.1|0|5.4|0.7|10|0.7|0.7|0
2026-05-07 09:15:40,5.1,93,17.27,29.26,63.23,0.26,1,27588,0.756,3266.3,5,86.4|87.2|113.2|55.8|78.2|57.4|63.9|55.5|55.5|55.6|85.1|115.7|70.5|76.2|70.4|53.1|61.9|88|54.5|72.8|109.9|110.5,1.8|5|3.4|5|6.5|5|3.4|3.4|0.3|0.3|8.1|0.3|14.3|5|26.8|1.8|11.2|8.1|6.5|12.7|1.8|1.8
2026-05-07 09:15:51,5.1,81.7,17.26,29.26,63.23,0.26,1,27588,0.756,3276.4,3,65.9|86.8|90.1|93.5|111.7|81.7|58|54.4|105.7|54.3|82.1|86.9|78.7|65.5|66.9|100.1|51.1|56.4|74.5|85.3|109.8|109.7,2.2|0|13.1|11.5|2.2|16.2|6.9|3.8|2.2|6.9|10|0|0.7|3.8|2.2|33.3|19.3|0|16.2|6.9|0.7|0
2026-05-07 09:16:01,4.5,90.9,17.25,29.25,63.23,0.26,1,27588,0.756,3286.5,3,49.9|49.8|112|58.7|115.6|61.8|54.8|55.6|55.5|55.6|83.8|85.6|83|84.7|100.5|101.1|84.1|60.3|82.6|66.4|110|110,0|0|3.8|2.2|2.2|14.6|5.3|0.7|0|0|14.6|0|0|19.3|2.2|14.6|13.1|14.6|10|0.7|0.7|0
2026-05-07 09:16:11,6.1,76,17.28,29.27,63.23,0.26,1,27588,0.758,3296.4,3,85|53.1|153.3|62.3|132.4|56.9|59|72.8|56.1|57.7|76.8|74.8|79.6|77.3|55.6|79.6|66.8|74.7|47.1|70|110|109.9,11.6|5.4|0|0|6.9|2.3|0.7|2.3|0.7|0.7|28.7|2.3|5.4|41.1|5.4|22.5|36.4|6.9|25.6|5.4|0|0.7
2026-05-07 09:16:21,3.9,69.9,17.28,29.28,63.23,0.26,1,27588,0.758,3306.4,3,69.7|53|142.5|96.6|78.6|59.8|88.5|56.7|56|55.6|85.2|89.5|107.9|60.2|50.1|52|75.9|65.1|55.8|66.5|109.9|110.1,3.1|3.1|6.2|3.1|4.6|1.6|0|0|0|3.1|20|1.6|10.8|0|6.2|6.2|35.4|7.7|26.2|4.6|1.6|1.6
2026-05-07 09:16:32,6.5,72.4,17.26,29.25,63.23,0.26,1,27588,0.758,3316.4,3,86|84.7|55.4|55.4|55.6|55.7|55.6|55.7|55.5|55.6|106.2|89.1|95.9|101.6|51|58.6|62|80.4|74.2|74.4|110.3|109.9,3|0|4.5|0|7.6|4.5|1.4|0|0|0|24.5|1.4|19.9|0|6.1|6.1|29.2|4.5|19.9|0|0|0
2026-05-07 09:16:42,3.7,111.6,17.27,29.28,63.23,0.26,1,27588,0.758,3326.2,3,85.6|75.3|56.2|71.4|94.9|57.2|54.8|55.2|54.5|53.9|105.2|94.9|96.9|114.2|58.3|80.5|77.4|59.9|72.6|42.9|110|109.8,2.5|0|5.6|7.2|2.5|11.8|5.6|4.1|0|0|2.5|1|10.3|0|8.7|4.1|18|11.8|19.5|0|1|0
2026-05-07 09:16:52,3.9,96.6,17.32,29.32,63.23,0.26,1,27588,0.758,3336.2,3,100|71.2|55.5|55.5|55.1|55.5|55.6|55.6|55.5|55.6|150.4|174.3|171.8|155.1|75.4|65.8|101.4|83.4|83.3|84.8|110.1|110.3,20.7|5.2|0.5|0.5|0.5|0.5|0.5|0.5|0.5|0.5|3.6|23.8|22.3|11.4|26.9|16|22.3|64.2|36.2|16|0.5|0.5
2026-05-07 09:17:02,4.7,74.1,17.28,29.28,63.23,0.26,1,27588,0.758,3346.3,3,81.5|52.3|114.3|70.1|60.1|119.6|57.2|56.5|56.2|57.2|88.3|95.1|102.6|78.8|59.8|57.7|83|76.3|73.9|62.7|105.4|102.7,7.1|0.9|0.9|0.9|0|0.9|0.9|0.9|0.9|0.9|0.9|5.5|13.3|0.9|8.6|8.6|7.1|33.4|17.9|5.5|0.9|0.9
2026-05-07 09:17:12,5.7,68.8,17.29,29.28,63.23,0.26,1,27588,0.758,3356.3,3,86.8|87.2|86.9|85.9|58|58.7|129.8|55.9|57.5|58.1|85.2|88|95.7|83.2|54.9|89.6|85.2|108.6|59.9|64.5|109.9|105.1,5|0.4|9.7|6.6|1.9|1.9|1.9|1.9|0.4|0.4|0.4|9.7|12.8|1.9|6.6|8.2|14.4|19.1|8.2|3.5|0.4|0.4
2026-05-07 09:17:23,5.4,85.4,17.36,29.35,63.23,0.26,1,27588,0.758,3366.3,3,45.7|86.7|133.7|86.8|64.3|63.5|59.2|99.6|79.6|59.9|87.5|83.8|85.7|83.4|57.4|43.5|77.5|48.4|84|54.9|110|104.2,39.6|11.7|0.9|0.9|0|0.9|0.9|0.9|0.9|0.9|19.5|2.4|30.3|7.1|33.4|8.6|25.7|25.7|62.8|17.9|0.9|0.9
2026-05-07 09:17:33,9.4,123.4,17.23,29.21,63.23,0.26,1,27588,0.758,3376.4,3,75.8|85.1|55.4|55.5|55.6|55.6|55.3|55.7|55.6|55.7|99|105.5|121.9|150.7|56.7|51.9|61.4|55.4|109.1|116|109.8|105.2,3.9|0.7|0|0|0|0|0|0|0|0|11.6|0|3.9|0|11.6|7|17.8|11.6|41.1|5.4|0|0
2026-05-07 09:17:43,6.3,85.9,17.24,29.22,63.23,0.26,1,27588,0.759,3386.2,3,57|81.6|55.6|55.6|55.5|55.6|54.6|55.6|54.2|54.5|108|96.7|84.6|87.1|54.8|66.3|57.6|56.2|91.9|113.5|110|108.3,6.7|0|3.6|8.3|0|8.3|0|0|0.5|0.5|5.2|0|11.4|0|16.1|0.5|22.3|5.2|31.6|3.6|0.5|0
2026-05-07 09:17:53,4.9,96.7,17.31,29.3,63.23,0.26,1,27588,0.759,3396.1,3,91.3|87.8|55.5|55.5|55.3|55.5|55.5|55.5|55.5|55.5|115.8|95.2|74.3|104.5|103.2|127.3|98.7|100|118.3|144.3|109.9|107.1,44.2|5.4|0.7|0.7|0.7|0.7|0.7|0.7|0.7|0.7|19.3|3.8|10|20.9|22.4|8.5|16.2|8.5|20.9|62.8|0.7|0.7
2026-05-07 09:18:03,6.8,116,17.25,29.26,63.23,0.26,1,27588,0.759,3406,3,81.2|85.6|55.5|55.5|55|55.6|55.6|55.2|55.6|55.5|134.2|134.8|147.3|146.1|64.5|58.1|59.9|56.9|79.4|90.7|109.9|110,7|2.3|0.8|0|0.8|0.8|0.8|0|0.8|0.8|7|2.3|3.9|16.3|17.8|3.9|22.5|8.5|7|36.4|0.8|0.8
2026-05-07 09:18:14,6.7,83,17.25,29.26,63.23,0.26,1,27588,0.759,3416,3,73.9|80.7|145.4|82.4|58.2|103.3|55.6|66.7|56|55.6|87.6|87.5|83.4|82.8|62.8|101.5|55.4|52.9|70.7|67.1|109.4|109.4,5.3|2.2|0|0.7|2.2|0|0|0|0|0|8.4|2.2|5.3|14.6|16.2|3.8|10|6.9|13.1|41|0|0.7
2026-05-07 09:18:24,6.6,89.4,17.28,29.29,63.23,0.26,1,27588,0.759,3426,3,139.3|128|55.6|54.7|55.6|55.5|55.5|54.7|55.5|55.4|118.3|102.7|151.9|166|125.9|152|116.8|111.7|135|120.6|109.9|109.9,31.7|8.5|0|0.7|0.7|0.7|0.7|0.7|0.7|0.7|17.8|11.6|19.3|8.5|14.7|14.7|14.7|11.6|13.1|3.8|0.7|0.7
2026-05-07 09:18:34,5.5,77.6,17.28,29.27,63.23,0.26,1,27588,0.759,3436,3,75.6|85.7|139.1|59.6|59|59.2|55.5|55.5|55.6|55.5|78.7|87.4|74.2|95|62.4|49.7|66.3|71.4|62.9|97.4|110|110.5,35|7.1|2.5|5.6|2.5|11.8|2.5|4|0.9|0.9|13.3|0|11.8|0|2.5|16.4|4|4|11.8|0.9|0.9|0.9
2026-05-07 09:18:44,6.1,76.2,17.28,29.29,63.23,0.26,1,27588,0.759,3446,3,76|56.5|55.5|55.5|54.5|54.3|55.6|50.9|55.6|55.6|140.5|95|94.2|68.1|63.2|68.2|52.5|48|57.1|56.6|109.9|110,18.1|2.6|10.3|0|1.1|2.6|1.1|1.1|1.1|1.1|7.2|1.1|13.4|2.6|16.5|11.9|11.9|5.7|10.3|5.7|1.1|0
2026-05-07 09:18:54,5.2,147.7,17.33,29.34,63.23,0.26,1,27588,0.759,3456,3,90.4|106.3|55.6|55.6|55.5|55.6|55.5|55.6|55.5|55.6|156.1|126.7|103.4|148.4|137.2|128.8|122.4|142.3|97.5|103.8|107.4|106.9,0.7|22.4|0.7|0.7|0.7|0.7|0.7|0|0.7|0.7|2.2|10|22.4|3.8|16.2|10|17.8|17.8|24|3.8|0.7|0.7
2026-05-07 09:19:05,5.1,70.6,17.26,29.25,63.23,0.26,1,27588,0.759,3466,3,79.4|76.2|194.3|64.3|158.5|115.4|55.2|53|54.4|55.5|92.2|95|69.2|80.8|55.8|60.7|60.2|53.9|59.7|58.4|110|109.3,0|22.4|2.3|5.4|10|2.3|0|2.3|0.7|2.3|0|8.5|6.9|0|10|11.6|13.1|0|17.8|0|0.7|0
2026-05-07 09:19:15,5.2,78.9,17.26,29.25,63.23,0.26,1,27588,0.759,3475.9,3,54.9|76.2|130.6|66.7|84.4|56.8|55.1|54.6|55.5|55.6|81.4|81.5|80.9|74.9|49.6|63.8|77.8|68.3|58.2|57.5|109.8|109.5,5.2|34.7|2.1|0.5|2.1|0.5|0|0|0|0|6.8|16.1|16.1|3.7|8.3|11.4|2.1|2.1|14.5|2.1|0.5|0.5
2026-05-07 09:19:25,6.6,135.3,17.31,29.3,63.23,0.26,1,27588,0.759,3486,3,72.2|71.1|55.8|55.5|55.7|55.8|56.3|56.2|55.5|54.9|91.6|112.3|73.7|91.9|76.4|75.4|69.5|76.6|68.8|64.5|109.5|109.6,2.3|2.3|0|0|0.7|0|0.7|0.7|0.7|0.7|6.9|2.3|5.4|2.3|36.4|6.9|19.3|10|19.3|5.4|0.7|0.7
2026-05-07 09:19:35,5,84.1,17.25,29.24,63.23,0.26,1,27588,0.759,3496.1,3,71.1|49.4|0|0|55.6|0|0|0|54|0|76.1|75|77.7|85.1|68.5|56.1|58.3|66.2|64.8|62.8|0|110,5.3|2.2|2.2|10|3.8|3.8|3.8|2.2|0.7|2.2|19.3|0.7|8.4|0|27|5.3|20.8|5.3|17.7|6.9|0.7|0
2026-05-07 09:19:46,5.1,77.6,17.26,29.25,63.23,0.26,1,27588,0.76,3506.2,3,57|62.6|126.7|55.5|55.3|55.9|55.4|59.7|112.3|56.1|77.9|97.8|74.9|78.2|85.2|83.5|59|54.8|59.7|64.3|110.3|0,0.6|0|3.7|13|3.7|6.8|0|0|0|0|16.1|0|11.5|0|11.5|11.5|2.1|11.5|3.7|2.1|0.6|0.6
2026-05-07 09:19:56,13.1,87.4,17.28,29.27,63.23,0.26,1,27588,0.76,3516.1,3,86.6|109.5|55.5|55.6|55.5|55.6|55.5|55.5|55.6|53.2|123.3|106.5|170.3|116.3|97.1|88.2|77.5|57.6|88.1|59|110.1|110.1,0|0|0|0|0.8|0|0|0|0.8|0.8|11.6|0|0.8|11.6|0.8|22.5|27.1|7|13.2|7|0|0
2026-05-07 09:20:06,5.2,78.1,17.25,29.24,63.23,0.26,1,27588,0.76,3526.1,3,58.8|86.6|56|107|56.4|61.1|55.2|55|54.8|55.3|93.3|88.4|83.5|72.1|85.8|72.4|57|69.4|56.1|58.8|109.7|110.1,0|0.6|2.1|5.2|5.2|2.1|2.1|2.1|0|0.6|8.3|0.6|0|13|0|39.4|11.4|9.9|9.9|16.1|0.6|0
2026-05-07 09:20:16,6,70.9,17.27,29.3,63.23,0.26,1,27588,0.76,3536,5,74.8|66.5|70.6|67.7|107.3|124.2|55|54.5|54.8|54.2|80.2|69|80|73.7|68.4|64.1|57.7|62.7|57.5|71.6|110.3|0,0.5|0.5|0|0|0.5|0|0.5|0.5|0.5|0|5.2|2.1|0.5|6.7|9.8|34.7|9.8|6.7|2.1|23.8|2.1|0.5
2026-05-07 09:20:27,10.5,91.2,17.3,29.31,63.23,0.26,1,27588,0.76,3546.1,5,73.5|86.7|0|0|55.6|0|0|55.6|55.5|0|84.3|107.5|86|85.2|63.2|68.6|72.7|56.2|70.1|48.2|110|109.3,0.6|0|0|2.2|0.6|3.8|0|2.2|2.2|0|10|2.2|5.3|2.2|6.9|6.9|30.1|13.1|13.1|14.6|3.8|2.2
2026-05-07 09:20:37,4.2,76,17.27,29.28,63.23,0.26,1,27588,0.76,3556.1,5,82.7|83|52.2|55.5|55.5|55.7|55.6|55.6|55.6|55.7|81|88.7|87.5|80.2|52.6|57.9|89.4|89.2|69.1|51.6|109.9|110.1,1.6|0|0|0|1.6|1.6|0|1.6|0|0|14.1|1.6|9.4|0|6.3|4.7|36|1.6|12.5|17.2|0|0
2026-05-07 09:20:47,7.8,78.8,17.28,29.28,63.23,0.26,1,27588,0.76,3566.1,5,64.3|55.1|55.6|55.6|53.3|55.6|55.6|55.5|55.5|55.5|92.3|91.6|90|91.3|55.7|54.7|81.2|79.1|61.3|63.4|109.8|109.8,2.5|4.1|1|1|1|1|1|0|1|1|14.9|1|10.2|1|2.5|14.9|39.6|22.6|10.2|7.2|1|1
2026-05-07 09:20:57,14.5,165.1,17.52,29.31,63.23,0.26,1,27588,0.76,3576.2,5,90.9|64.7|55.5|55.5|55.5|55.5|55.5|55.6|54.8|55.6|113.8|128.8|130.7|113.2|83.8|82.5|89.6|83|91.9|104.7|108.7|108.3,2.2|3.8|0.7|0.7|0.7|0.7|0.7|0.7|0|0.7|0.7|3.8|11.6|0.7|6.9|10|10|33.3|27.1|13.1|2.2|0.7
2026-05-07 09:21:08,5,138,17.43,29.29,63.23,0.26,1,27588,0.76,3586.1,5,93|87.2|55.5|55.5|55.6|55.7|55.6|55.6|55.6|55.5|88.9|121.2|89|80|54.9|58.6|75.4|82.2|64.8|62|110|108.6,3.4|0|0.3|0.3|0|0.3|0|0.3|0.3|0.3|0.3|11.2|8.1|0|12.8|5|1.8|29.9|26.8|0|0.3|0.3
2026-05-07 09:21:18,6.1,78.4,17.39,29.29,63.23,0.26,1,27588,0.76,3596.2,5,81.2|80|49.6|49.6|50.1|49.6|52.9|52.9|53|53|83.4|91.7|81.3|66.9|60.1|73.6|77.9|69.3|62.5|61.4|82.9|82,5.2|2.1|2.1|2.1|0.5|2.1|2.1|2.1|2.1|2.1|0.5|9.8|13|0.5|13|16.1|8.3|28.5|20.7|8.3|2.1|2.1
2026-05-07 09:21:28,6.5,170.7,17.38,29.31,63.23,0.26,1,27588,0.76,3606.2,3,86.8|86.5|55.3|55.4|55.7|55.5|55.5|55.4|55.7|55.6|133.9|97.1|138|106.3|86.6|87.5|76.1|79.3|196.5|190.6|110|107.9,6.6|2|0.4|0.4|0.4|0.4|0.4|0.4|0.4|0.4|14.4|0.4|33.1|0.4|0.4|0.4|0.4|0.4|48.6|2|0.4|0.4
2026-05-07 09:21:38,6.8,102,17.31,29.26,63.23,0.26,1,27588,0.729,3616.1,3,156|90.7|54.9|55.9|55.5|55.4|55.5|55.4|55.5|54.8|126.9|130.2|109|144.7|110.6|69.2|77|67.7|78.8|66.4|110|102.7,13.2|2.3|0|8.5|5.4|5.4|0|0|0.8|0|5.4|5.4|13.2|3.9|8.5|3.9|3.9|2.3|50.4|3.9|0|0
2026-05-07 09:21:48,7.4,126.2,17.3,29.29,63.23,0.26,1,27588,0.729,3626.1,3,114.8|126.7|55.5|55.4|55|55.4|55.4|55.4|54.9|55.4|177.8|181.9|151|152.2|106.1|84.6|115.6|113|117.5|128.3|110|109.4,18.3|5.9|1.3|1.3|0|1.3|1.3|1.3|0|1.3|24.4|4.4|33.7|7.5|22.9|10.5|19.8|10.5|58.4|16.7|1.3|1.3
2026-05-07 09:21:58,7,78.9,17.34,29.33,63.23,0.26,1,27588,0.729,3636,3,75.5|53.3|55.5|55.6|54.6|52.9|55.9|55.5|55.3|55.9|100.9|92|86.6|125.5|46.3|66.1|55.3|47.7|64.8|75.8|110.2|110,31.3|1.6|0|0|0|1.6|0|0|0|0|29.7|0|1.6|23.4|26.6|1.6|3.1|1.6|6.3|56.3|0|1.6
2026-05-07 09:22:09,6.2,92,17.28,29.26,63.23,0.26,1,27588,0.729,3645.9,3,72.7|80.7|55.9|55.5|55.6|55.5|55.7|55.4|55.6|55.1|121.3|109.4|114.7|117.2|75.8|75.5|46.5|57.9|57|76|109.7|110.1,16|0.5|0.5|0.5|0.5|0.5|0.5|0.5|0.5|0.5|5.1|0|0|12.9|17.6|5.1|6.7|2|9.8|51.8|0.5|0
2026-05-07 09:22:19,6,84.6,17.32,29.3,63.23,0.26,1,27588,0.729,3655.8,3,103.5|96.8|0|54.3|55.7|0|55.5|55.6|55.6|0|152.4|157.5|143|159.3|91|68.5|68.6|51.8|116.2|96.5|110.1|110,22.2|0.4|0.4|0.4|0.4|0.4|0.4|0.4|0.4|0.4|20.7|3.5|8.2|22.2|17.5|11.3|20.7|8.2|11.3|67.3|0.4|0.4
2026-05-07 09:22:29,10,140.6,17.3,29.28,63.23,0.26,1,27588,0.729,3665.8,3,85.2|81.1|55.1|49.6|55.2|55.5|55.9|56.2|55.6|56.3|151.3|170.6|128.3|121.9|79|80.3|89|82|116.6|150.3|110|110.1,42.6|3.8|0.7|0.7|0.7|0.7|0.7|0.7|0.7|0.7|16.2|0|17.8|0|20.9|2.3|17.8|0.7|5.4|0|0.7|0.7
2026-05-07 09:22:39,6,78.5,17.3,29.28,63.23,0.26,1,27588,0.729,3675.8,3,74.3|59.8|0|0|42.2|0|0|0|0|0|104.5|96.3|90.2|96.6|70.1|62.8|52.1|70.3|51.5|68|0|110,49|7.3|4.2|5.8|5.8|5.8|1.1|13.5|10.4|10.4|13.5|2.7|15|7.3|5.8|5.8|5.8|13.5|2.7|2.7|1.1|0
2026-05-07 09:22:49,10.1,167.8,17.27,29.26,63.23,0.26,1,27588,0.729,3685.7,3,75.8|96.2|55.7|55.6|51.6|54.9|55.5|55.3|55.3|55.6|122|120.5|103.5|75.7|80.2|57.5|75.2|87.2|78.5|53.6|110.5|110.9,25.1|4.9|9.6|4.9|3.3|3.3|3.3|0|12.7|0|12.7|3.3|14.2|0.2|12.7|4.9|4.9|1.8|6.4|1.8|1.8|1.8
2026-05-07 09:23:00,5.4,61.9,17.29,29.26,63.23,0.26,1,27588,0.729,3695.6,3,61.2|55.4|80.1|61.5|62.9|56.7|54.7|54.7|56.5|54.8|60.6|70.6|66.9|75.2|53|64.2|60.8|85.8|54.2|87.5|0|0,0|37.9|2.2|6.9|11.5|0.7|8.4|3.8|0|0|0|14.6|8.4|2.2|16.2|0|5.3|0|6.9|2.2|0|0
2026-05-07 09:23:10,6.7,64.1,17.3,29.27,63.23,0.26,1,27588,0.729,3705.6,3,48.8|51.8|56.9|59.2|82.4|59.3|54.9|55|55.4|55|78.9|70.5|67|55.7|55.2|72.9|87.3|87.2|87.1|87.2|0|0,0|35|4|2.4|10.2|2.4|4|0|0.9|0.9|0|7.1|21|0|8.6|0|13.3|7.1|7.1|0|0|0
2026-05-07 09:23:20,6,70.4,17.28,29.25,63.23,0.26,1,27588,0.729,3715.5,3,57.1|73.5|64.9|91.6|55.4|57.4|54.8|55.4|54.3|54.6|99.4|87|80.5|99.6|88.1|54.3|58.5|80.3|58.3|46.7|110.1|0,0.1|17.2|0.1|1.6|3.2|0.1|0.1|3.2|1.6|11|0|6.3|4.8|1.6|46.9|7.9|15.7|3.2|3.2|3.2|0.1|0.1
2026-05-07 09:23:30,7.9,60.5,17.31,29.29,63.23,0.26,1,27588,0.729,3725.5,3,105.2|87.5|98|58|62.6|65.2|55.2|56.5|59.3|55.6|77.8|85.9|88.8|94.8|52.6|40.4|46.1|50.7|51.3|82.6|0|0,0|0|2|0|5.1|5.1|0.4|2|0.4|5.1|5.1|0|9.8|0|56.4|0|16|0|0|0|0|0.4
2026-05-07 09:23:41,6.7,61,17.29,29.26,63.23,0.26,1,27588,0.729,3735.5,3,62.5|87.4|77.6|71.2|127.6|62.2|55|55.7|58.8|55.1|71.6|72.2|71.1|82.1|58.4|66.4|75.1|87.6|78.4|87.6|0|110.2,1.9|0|0|0|0|6.6|0.3|0|1.9|0.3|8.1|0|28.4|3.4|51.7|19|6.6|0.3|3.4|0|0.3|0.3
2026-05-07 09:23:51,5.5,76.6,17.28,29.24,63.23,0.26,1,27588,0.729,3745.4,3,67.7|75.2|69.5|56.2|55.6|57.2|69.4|54.8|55.2|55.2|99.2|92.7|91.6|105.9|94|112.9|65.2|45.7|69.6|82.2|109.4|110.6,1.6|1.6|12.5|0|21.9|6.3|3.2|4.7|11|3.2|12.5|0|0|11|0|45.3|11|1.6|7.8|0|0|0
2026-05-07 09:24:01,3.7,74.9,17.28,29.25,63.23,0.26,1,27588,0.729,3755.2,3,82.5|87.3|57.1|56.8|55.3|104.4|56.3|64.5|56.3|54.3|77.4|89.4|78.7|71.8|72.4|81.1|63.6|86.2|63.5|86.1|109.6|109.5,0.2|0.2|3.3|3.3|1.8|6.4|4.9|6.4|11.1|0|15.8|0|0|11.1|6.4|70.4|1.8|0.2|4.9|0|0.2|0.2
2026-05-07 09:24:11,6.5,76.7,17.29,29.26,63.23,0.26,1,27588,0.729,3765.1,3,62.5|70.4|55.3|55.3|63.2|56.7|55.4|55.3|55.5|55.1|76.4|78.7|75|71.3|62.8|75.8|71.3|85.9|59.5|60.5|110.1|109.8,0|0|0|1.5|7.7|0|0|0|0|1.5|18.5|0|0|16.9|0|52.3|6.1|0|0|0|0|0
2026-05-07 09:24:21,4.4,83.8,17.28,29.25,63.23,0.26,1,27588,0.729,3775,3,79.6|87.5|55.6|60.1|54.5|58|54.6|54.5|54.6|56.2|72.1|84.4|69.2|80.6|70.7|86.9|80.5|78.6|63|87.6|110.1|109.6,5|0.3|12.8|0.3|6.5|0.3|0|0.3|1.9|1.9|14.3|1.9|9.6|1.9|0|0.3|42.4|0.3|8.1|0.3|0|1.9
2026-05-07 09:24:32,7.8,74.9,17.32,29.29,63.23,0.26,1,27588,0.76,3785.1,3,87.1|87.4|93|101.8|68|75.1|58.6|60.3|57.6|146.1|76.9|89.3|65|46.3|85.7|44|50.5|46.3|60.6|82|110|109.6,0.6|2.2|2.2|9.9|5.3|6.8|0|0.6|5.3|0|8.4|2.2|14.6|0.6|13.1|9.9|30.1|11.5|0.6|2.2|0.6|0.6
2026-05-07 09:24:42,5.3,73.2,17.34,29.31,63.23,0.26,1,27588,0.76,3795,3,83.6|87.5|140.1|107|126.3|96.1|55.9|54.3|54.4|54.4|66|85.3|55.3|80.9|48.9|43.6|46.8|44.1|36.9|43.7|110|109.7,3.3|1.8|3.3|0|8|1.8|1.8|8|12.7|15.8|6.4|1.8|9.6|6.4|9.6|3.3|17.4|31.4|26.7|0|1.8|0.2
2026-05-07 09:24:52,4.9,56.7,17.32,29.29,63.23,0.26,1,27588,0.76,3805,3,51|79.7|103.3|109.6|110.2|103.8|53.3|54.4|55.3|55.7|69.3|63.3|65.8|81.6|43.9|39.3|44.8|49.2|43.8|66.5|110|110,2.1|2.1|19.2|6.8|9.9|8.3|2.1|0|0.6|2.1|0|6.8|8.3|2.1|11.5|9.9|5.2|20.8|6.8|9.9|0.6|0
2026-05-07 09:25:02,4.8,85.5,17.33,29.29,63.23,0.26,1,27588,0.76,3815,3,77.2|78.5|102.2|117.5|114.4|123|55.2|54.9|55.5|55.6|77.8|92.1|79|73.8|37.8|38.1|71.1|64.8|36.1|43|106.3|104.6,0.5|0|3.6|5.1|2|8.2|0.5|5.1|5.1|2|0|9.8|12.9|3.6|5.1|6.7|3.6|30|8.2|3.6|0.5|0.5
2026-05-07 09:25:13,5,69.5,17.34,29.31,63.23,0.26,1,27588,0.76,3825,3,45.9|47|160.3|80.7|63.8|115.4|55.4|56|55.9|56.1|64.8|79.4|74.6|76.3|38.5|42.3|66.5|65.4|44.1|79.1|110|107.2,0|0|11.5|9.9|9.9|2.2|0.6|0.6|0.6|0.6|0|0.6|5.3|0|11.5|9.9|6.8|19.3|16.1|6.8|0|0.6
2026-05-07 09:25:23,5.6,66,17.33,29.3,63.23,0.26,1,27588,0.76,3835,3,76|87.6|150.7|119.6|121.1|64.9|56|55.7|56.1|73.5|77.5|89.5|95.8|82|42.4|34|41.3|41.6|56.7|40.1|107.7|97.6,3.8|0.7|13.1|6.9|10|6.9|3.8|0|0.7|0|3.8|0|8.5|0|5.4|5.4|5.4|0.7|28.7|0|0.7|0.7
2026-05-07 09:25:33,4.9,75,17.33,29.29,63.23,0.26,1,27588,0.76,3844.9,3,70.9|87.6|94.7|124.7|119.7|58.6|136.2|72.8|61.1|59.1|92.1|73.3|66.2|82.2|41.3|41.8|41.6|73.5|59.8|41|109.9|104.7,2.5|0|4.1|5.6|0|2.5|0|0|0|0|11.8|0|18|0|7.2|13.4|4.1|7.2|31.9|0|0|0
2026-05-07 09:25:43,5.9,73.6,17.32,29.29,63.23,0.26,1,27588,0.76,3854.8,3,42.6|45.5|163.6|72.8|149.5|142|59.1|54.5|54.9|54.4|58.8|76.3|45.8|80.2|46.4|37.4|41.2|46.3|52.6|71.7|109.9|106.8,7|0.8|10.1|3.9|10.1|0.8|0|2.4|0|0|2.4|0.8|5.5|0.8|19.4|2.4|10.1|2.4|22.5|0|0.8|0.8
2026-05-07 09:25:53,6.7,77.1,17.32,29.29,63.23,0.26,1,27588,0.76,3864.8,3,73.3|54|108.3|83.9|141.9|86.5|111.2|60|114|62.4|84.2|88.1|125|106.6|53.9|44.5|42|76|46.1|104.3|110.1|109.8,8.7|4.1|13.4|7.2|4.1|10.3|4.1|11.8|5.6|4.1|14.9|0|0|5.6|8.7|5.6|4.1|1|2.5|30.4|0|0
2026-05-07 09:26:04,11,129.4,17.32,29.29,63.23,0.26,1,27588,0.76,3874.8,3,143.2|104.4|55.3|0|49.9|0|0|55.3|0|0|115.1|94.5|63.7|80.4|40.7|44.8|113.4|40.8|177.4|167|0|0,25.5|0.7|5.4|11.6|0|2.3|0.7|0.7|0.7|0.7|13.1|5.4|0.7|11.6|17.8|16.2|5.4|6.9|20.9|33.3|0.7|0.7
2026-05-07 09:26:14,4.8,88.6,17.32,29.29,63.23,0.26,1,27588,0.76,3884.8,5,55.4|43|147.1|113.9|125.8|62.1|55|54.9|55.2|55.2|74.4|59.9|68.8|59.7|39.6|43.4|38.3|40.5|46.8|53|110.1|109.8,5.2|5.2|6.7|14.5|8.3|0.5|0.5|3.6|0.5|0|5.2|3.6|3.6|6.7|6.7|9.8|8.3|9.8|14.5|20.7|0.5|0.5
2026-05-07 09:26:24,3.6,82.6,17.33,29.31,63.23,0.26,1,27588,0.76,3894.8,5,52.2|67.5|175.8|148.7|67.6|109.8|55.9|55.4|55.3|54.5|60.8|82.5|71.4|54.7|42.3|37.4|58.3|45.8|53.9|46.5|110|110.6,24.1|0|19.4|22.5|16.3|3.9|10.1|0|0|0|7|0.8|7|0|10.1|13.2|16.3|7|7|0|0.8|0.8
2026-05-07 09:26:34,4.3,85.4,17.31,29.28,63.23,0.26,1,27588,0.76,3904.8,5,65.6|45.7|188.4|64.7|168.1|66.8|56.4|55.4|55.3|55.5|110.1|102.8|60.9|73.8|49.4|39.1|42.1|67.1|38.7|40.7|110|109.7,23.9|2.2|6.9|6.9|2.2|13.1|0|0|0.6|0|11.5|0.6|10|3.8|5.3|8.4|10|5.3|10|3.8|0.6|0
2026-05-07 09:26:45,17.1,109.2,17.47,29.42,63.23,0.26,1,27588,0.76,3914.7,5,77.7|69.3|55.5|55.5|54.2|55.5|54.6|56.4|55.8|55.8|117.9|55.4|81.8|81.4|53.2|37.1|47.7|40.1|39|37.2|110|110,17.7|0|0.6|0.6|0.6|0.6|0.6|0.6|0.6|0.6|2.1|0.6|5.2|0|11.5|16.1|17.7|6.8|25.4|11.5|0.6|0.6
2026-05-07 09:26:55,11.1,88.4,17.52,29.48,63.23,0.26,1,27588,0.76,3924.8,5,71.6|51.6|110.9|64.5|63.4|162|90.5|61.1|60.8|58.9|105.1|67.5|66.1|68.5|49.6|49|47.6|38|40.4|48|108.4|106.3,0|32|16.5|19.6|24.2|11.8|13.4|2.6|0|5.7|0|19.6|11.8|0|45.9|1|25.8|2.6|7.2|8.8|1|1
2026-05-07 09:27:05,5.6,70.9,17.46,29.4,63.23,0.26,1,27588,0.76,3934.6,5,73.1|53.9|154.2|86.4|119.5|121.7|56.8|54.5|55.8|54.7|82.3|73.7|80.7|78.7|49.4|47.8|48.9|40.4|43.2|105.1|110|110.2,3.8|31.7|8.5|2.3|2.3|3.8|10|2.3|2.3|2.3|0.7|8.5|8.5|0.7|6.9|8.5|19.3|3.8|6.9|6.9|0.7|0.7
2026-05-07 09:27:15,5,71.4,17.46,29.4,63.23,0.26,1,27588,0.76,3944.7,5,71|55.1|121.3|131.6|103|82|99.1|64.1|66.5|67.2|80.5|66.3|65.5|79.2|44|39.6|50.3|65.9|47.6|42.1|110|109.4,0|24.1|8.6|21|16.3|22.5|7|7|11.7|3.9|0.8|14.8|11.7|0|21|2.4|14.8|2.4|8.6|0|0.8|0.8
2026-05-07 09:27:25,7,66.1,17.46,29.39,63.23,0.26,1,27588,0.76,3954.7,5,88.9|87.2|132.1|108.7|154.6|114.9|56.7|71.4|57.3|55.2|141.9|115.1|101.2|173.2|99.4|50.1|85.3|42.9|36.7|58|110|109.9,9.6|1.8|15.9|1.8|19|22.1|3.4|12.7|12.7|5|12.7|3.4|31.4|6.5|45.5|3.4|37.7|3.4|39.2|5|0.3|0.3
2026-05-07 09:27:36,5.1,78.5,17.43,29.36,63.23,0.26,1,27588,0.76,3964.7,5,91.6|86.5|127.6|121.6|76.6|105.7|54.9|55|54.9|54.7|77.2|81.3|82.1|84.2|63.3|111.6|57.6|58.5|39.8|48.7|110|110.1,0|5.1|0|5.1|3.5|0.4|0.4|0.4|2|6.7|6.7|2|6.7|0.4|23.8|19.1|8.2|8.2|11.3|6.7|2|0
2026-05-07 09:27:46,5.8,64.7,17.39,29.32,63.23,0.26,1,27588,0.76,3974.6,5,65.7|82.7|118.4|153|106.6|138.9|55.3|55.6|55.8|55.7|81.8|80.6|77.2|100|69.1|58|38.9|37.6|39.9|39.6|110|110,0|0|13.2|0|14.8|3.9|5.5|0|0.8|0|5.5|0.8|8.6|0.8|17.9|0|16.3|10.1|17.9|7|0.8|0.8
2026-05-07 09:27:56,7.2,71.9,17.43,29.36,63.23,0.26,1,27588,0.76,3984.7,5,119.1|93.4|146.1|96.4|85.5|113.1|87.5|96.8|96|108.3|151.1|103.5|90.7|115.6|163.9|108|133.7|104.8|108.5|80.2|109.9|110,5.1|2|9.8|11.4|8.2|14.5|2|5.1|9.8|9.8|17.6|2|2|19.1|8.2|33.1|42.5|3.6|44|19.1|2|2
2026-05-07 09:28:06,7.4,70.6,17.37,29.29,63.23,0.26,1,27588,0.76,3994.6,3,86.2|84.9|55.5|55.5|48.7|54.9|43.4|55.6|55|56|106.5|106|88.5|86.4|41.6|58.8|46.7|48.9|46.3|40.8|108.8|110.1,2.4|2.4|5.5|5.5|5.5|8.6|2.4|0|0|0|0.8|0.8|0.8|7|11.7|14.8|14.8|8.6|11.7|8.6|0|0
2026-05-07 09:28:17,5.6,60.7,17.37,29.29,63.23,0.26,1,27588,0.76,4004.6,3,41.9|77.1|88.6|70.2|56.4|117.2|54.5|54.4|54.1|54.3|71.3|83.2|73.6|54.3|56.4|59.2|44.9|38.9|47.2|47.3|109.9|0,7|3.9|3.9|10.1|8.6|31.8|0.8|0.8|2.4|0.8|19.4|2.4|8.6|14.8|13.2|14.8|10.1|2.4|2.4|7|0.8|0.8
2026-05-07 09:28:27,8,86.6,17.39,29.32,63.23,0.26,1,27588,0.76,4014.7,3,132.8|65|175.2|162.1|172.3|172.3|159|132.9|140.3|164.3|147.2|101.4|136.2|117.1|118.6|134.4|148.6|153.2|161.7|167.7|110|110.1,6.7|8.3|9.8|2.1|2.1|3.6|2.1|0.5|0.5|0.5|9.8|5.2|11.4|3.6|14.5|5.2|14.5|12.9|30|12.9|0.5|0
2026-05-07 09:28:37,7.1,77.6,17.36,29.29,63.23,0.26,1,27588,0.76,4024.7,3,69.6|75.4|144.4|67.3|147.2|63.6|56.1|122.2|55.5|56.3|74.4|87.9|70.5|80.1|44.9|36.6|49.6|61.7|45.5|50.5|110|110,3.8|0|22.4|8.5|2.3|10|2.3|3.8|2.3|3.8|16.2|0.7|11.6|0|6.9|2.3|36.4|8.5|11.6|5.4|0|0.7
2026-05-07 09:28:47,6.8,75.5,17.37,29.29,63.23,0.26,1,27588,0.76,4034.6,3,55.3|79.8|152.3|107.2|72.7|67.6|69.1|56.8|56.1|55.8|79.1|84.9|70|78.7|42.2|41.9|65.9|39.9|39.5|45.9|109.9|109.8,5|1.9|26.8|6.6|5|5|3.5|0|0.4|0.4|14.4|0|17.5|0|8.1|0.4|26.8|8.1|8.1|0.4|0.4|1.9
2026-05-07 09:28:58,4.7,130.8,17.4,29.33,63.23,0.26,1,27588,0.76,4044.5,3,67.6|54.7|55.6|55.5|55.3|55.6|55.6|55.5|53.7|55.5|90.9|91.2|108.5|94.2|60.5|55.8|149.6|137|83.9|71.6|107.1|105.6,3.8|2.2|2.2|2.2|0|3.8|0|8.4|0|3.8|0.6|8.4|10|2.2|22.4|6.9|10|25.5|30.1|2.2|2.2|0.6
2026-05-07 09:29:08,5.8,60.2,17.36,29.3,63.23,0.26,1,27588,0.76,4054.4,3,38|109.7|61.4|138.7|69.3|119.9|57.2|56.2|63.8|57.1|77|81.4|71.8|84.6|45.9|45.8|55.4|68.5|52|66|110|103.2,5.3|0|2.1|6.8|13|6.8|2.1|14.6|0.6|2.1|8.4|13|8.4|3.7|6.8|3.7|11.5|20.8|11.5|3.7|0|0.6
2026-05-07 09:29:18,4.9,67.4,17.34,29.3,63.23,0.26,1,27588,0.76,4064.4,3,53.9|69.3|126|95.6|59.3|58.9|57.1|94.8|58.3|121.7|85|96.4|154.3|86|45.7|42.9|54.6|75.4|74.3|36.6|105.2|107.4,5.5|0.8|7|7|14.8|0|2.4|0.8|0.8|2.4|0.8|30.3|70.6|0.8|13.2|2.4|0|28.7|25.6|0.8|0|0.8
2026-05-07 09:29:28,8.5,137.7,17.37,29.33,63.23,0.26,1,27588,0.76,4074.3,3,145.3|96.8|118.8|96.7|84.9|160.4|54.8|54.6|54.2|54.3|81.8|81.9|66.8|83.5|51.3|46.4|49.7|56.4|87.6|79.2|110.1|104.1,4.2|1.1|5.8|4.2|8.9|8.9|1.1|0|10.4|8.9|8.9|0|15|0|7.3|4.2|13.5|1.1|19.7|7.3|0|1.1
2026-05-07 09:29:38,6,70.6,17.34,29.3,63.23,0.26,1,27588,0.76,4084.4,3,61.4|67.6|58.6|55.9|92.8|58.2|162.4|59.5|66.6|56.3|85.7|89|75|87.6|43.7|45.7|65.2|61.8|59.1|48.9|109.9|109.6,5.6|2.5|4|4|7.1|11.8|5.6|0|2.5|0.9|11.8|4|10.2|0|8.7|7.1|4|5.6|33.4|7.1|0.9|0.9
2026-05-07 09:29:49,3.5,76.1,17.34,29.3,63.23,0.26,1,27588,0.76,4094.3,3,61.7|73.8|98.9|170.9|95.6|81.9|56.1|171|56.1|58.1|67.1|80.3|70.2|83.5|38.8|42.9|41.7|41.3|51.6|50|110|110.2,10.4|1.1|7.3|7.3|10.4|0|0|4.2|5.8|0|5.8|4.2|11.9|2.7|8.9|5.8|4.2|8.9|18.1|4.2|0|1.1
2026-05-07 09:29:59,10.1,119.4,17.4,29.36,63.23,0.26,1,27588,0.76,4104.4,3,84.3|41.2|157.9|69.1|108.1|64.2|123.3|73|72.7|110.9|137.4|88|101.9|148.1|76.3|58.4|116.3|53.4|59|65.1|110|110,8.6|2.4|4|2.4|4|7.1|0.9|0.9|0.9|2.4|7.1|4|5.5|17.9|13.2|10.2|5.5|7.1|8.6|36.5|0.9|0.9
2026-05-07 09:30:09,5.1,65,17.34,29.3,63.23,0.26,1,27588,0.76,4114.3,3,55.4|51.4|172.7|94.6|86.9|114.1|57.9|58.7|89.5|100.6|91.4|77|90.1|85.6|52.4|49.9|41.8|51.6|55.2|60.7|109.8|110.1,13.1|0.6|6.8|16.2|8.4|0.6|0.6|2.2|0.6|5.3|9.9|0.6|0.6|9.9|3.7|6.8|5.3|0.6|5.3|22.4|0.6|0.6
2026-05-07 09:30:19,4.6,85.3,17.33,29.29,63.23,0.26,1,27588,0.76,4124.2,3,51.8|47.3|122.2|90.3|109.8|101.2|133.5|65.7|60.4|58.8|85.6|79.6|76.8|61.9|40.2|46|44.3|43.1|57.2|55.5|109.5|108,14.6|0.7|3.8|3.8|11.5|3.8|14.6|0|2.2|3.8|16.2|2.2|0|10|11.5|13.1|6.9|2.2|2.2|24|0|0.7
2026-05-07 09:30:30,12.6,76.1,17.4,29.35,63.23,0.26,1,27588,0.76,4134.3,3,75.1|60|153.8|109.8|104|111|55|54.9|55|54.7|145.1|170.6|153.3|166.4|56.2|42.2|57.1|49.1|73.6|51|110.1|110.1,27.2|7|11.7|5.5|2.4|0|0|0|0|0|5.5|0.8|3.9|0.8|10.1|7|14.8|8.6|5.5|0.8|0|0
2026-05-07 09:30:40,6.5,129.5,17.41,29.33,63.23,0.26,1,27588,0.76,4144.2,3,72.8|66.3|160|140.4|181.8|121.7|59.1|55.1|55.5|55.5|96.4|91|220.7|206.9|60.8|54.8|63.9|37.9|67.5|42.1|109.9|109.8,33.2|0.5|20.7|16.1|11.4|6.8|3.6|0.5|3.6|3.6|31.6|0|36.3|0|20.7|2.1|5.2|0.5|14.5|0|0.5|0.5
2026-05-07 09:30:50,6.3,73.1,17.41,29.32,63.23,0.26,1,27588,0.76,4154.4,3,55|76|164.5|60.5|64.4|70.1|58.7|123.8|59.8|116.7|100.5|81.8|83.9|85.5|50.6|38.2|38.7|41|49.3|39.6|109.7|109.8,6.8|16.2|13.1|20.8|10|3.7|5.3|2.2|2.2|6.8|5.3|8.4|5.3|2.2|6.8|6.8|11.5|2.2|3.7|2.2|0|0
2026-05-07 09:31:00,9.6,87.2,17.41,29.33,63.23,0.26,1,27588,0.76,4164.4,3,81.8|72.2|100.4|57.7|57.5|99.7|55.4|55.3|55.4|54.8|94.4|85.8|119.2|89.3|55.4|44.8|39.6|39.9|64.1|48.6|103.5|102.4,2|11.3|6.7|11.3|14.5|5.1|0.5|3.6|0|0|0|8.2|8.2|2|16|11.3|12.9|12.9|0.5|0.5|0|0.5
2026-05-07 09:31:11,6.1,54.9,17.44,29.35,63.23,0.26,1,27588,0.76,4174.4,3,54.4|50.6|89.4|72.5|120.2|150.3|57.3|79.3|57.6|55.5|81.2|69.5|85.5|56.6|46|38.4|40.4|49.1|47.3|36|109.9|109.9,3.9|22.5|5.5|10.1|16.3|19.4|0.8|0.8|0.8|2.4|2.4|13.2|33.4|3.9|27.2|11.7|8.6|3.9|3.9|0|0.8|0.8
2026-05-07 09:31:21,6,74.6,17.41,29.34,63.23,0.26,1,27588,0.76,4184.4,3,73.1|67|124.7|110.3|164.8|119.8|62|69.1|59.2|55.9|83.8|84.8|73.4|82.3|53.7|41.2|64|38.9|44.5|78.4|110.2|0,0|0|3.8|10|6.9|3.8|3.8|0|0.7|0|8.4|0|14.6|0|17.7|14.6|13.1|0.7|33.3|5.3|2.2|2.2
2026-05-07 09:31:31,9.1,108.3,17.43,29.36,63.23,0.26,1,27588,0.76,4194.4,3,47.7|80.4|96.8|57.6|56|57.1|55|54.8|54.5|54.2|90|129.3|91|96.5|60.1|43.5|38.7|40|38|36.1|109.8|109.9,0|0.6|11.5|5.3|11.5|9.9|5.3|5.3|0|0|8.4|0.6|9.9|0.6|20.8|3.7|17.7|11.5|5.3|3.7|0|0
2026-05-07 09:31:41,5.3,62.7,17.42,29.35,63.23,0.26,1,27588,0.76,4204.3,3,86.9|87.1|131.2|71.4|116.4|79.7|56|57.3|154.8|57.1|81.1|84.8|78.1|87.8|66|44.9|49.1|37.7|39|59.1|110.2|110.8,0.2|0|9.6|8|9.6|23.6|3.3|3.3|3.3|1.8|4.9|0|4.9|0|18.9|0.2|14.3|1.8|12.7|6.5|0.2|1.8
2026-05-07 09:31:51,5.4,61.5,17.41,29.34,63.23,0.26,1,27588,0.76,4214.2,3,76.2|46.1|112.4|102.9|87.1|89.2|55.2|54.6|54.8|54.9|71.2|84.2|82.7|77.1|53.8|55|43.4|35|40|41.2|109.7|0,0.8|0.8|7|8.5|5.4|13.2|0|3.9|0.8|0.8|3.9|2.3|3.9|7|8.5|19.4|19.4|0|17.8|13.2|0.8|0.8
2026-05-07 09:32:02,6.7,71,17.44,29.37,63.23,0.26,1,27588,0.76,4224.2,3,57.7|86.6|87.4|64|91.8|72.6|121.6|56|62.2|56.7|96.9|83.5|69.7|83.7|47.2|50|34.9|32|39.6|72.2|109.9|109.3,0.8|0.8|10.1|2.3|3.9|20.9|5.4|5.4|0|36.4|22.5|2.3|0.8|10.1|3.9|25.6|16.3|0.8|10.1|2.3|0|0
2026-05-07 09:32:12,6.2,67.5,17.4,29.33,63.23,0.26,1,27588,0.76,4234.2,5,49.2|84.2|179.6|124.7|140|74.5|56|54|53.6|54.4|70|84.1|86.8|96.6|45.5|51.6|38.8|38.1|39.3|66|110|0,0.9|0.9|8.6|8.6|7.1|8.6|0.9|0.9|0|2.4|11.7|0|0|8.6|2.4|10.2|2.4|2.4|35|2.4|0.9|0.9
2026-05-07 09:32:22,5.6,59.6,17.39,29.31,63.23,0.26,1,27588,0.76,4244.3,5,52.3|76.3|126.5|63|124.3|62.6|98.6|58.3|58.7|58.3|65.6|74.8|76.6|85.8|47.4|41.1|59.2|70.7|67.5|54|109.2|110.1,0.8|0|25.6|10.1|7|2.4|2.4|0.8|2.4|5.5|8.6|0|10.1|0|2.4|2.4|28.7|10.1|7|0|0|0.8
2026-05-07 09:32:32,5,66.6,17.39,29.33,63.23,0.26,1,27588,0.76,4254.3,5,55.1|84.8|159|128.9|105.9|63|60.9|139.1|84|126.2|73.6|84.5|107.1|49.4|46.9|46.1|68.6|77.7|44.7|38.5|109.8|106.9,2.1|0|17.7|5.2|6.8|13|13|0|2.1|0.6|8.3|0|16.1|0|8.3|5.2|22.3|0.6|3.7|2.1|0.6|0.6
2026-05-07 09:32:43,6.1,74.2,17.39,29.32,63.23,0.26,1,27588,0.76,4264.3,5,84.4|47.7|118.7|80.6|130.5|62.1|69.3|56.6|56.5|55.6|79.9|89.2|64.1|90.7|41.6|46.2|55.9|46.4|44.5|83.9|110|104.1,5.3|0|2.2|6.9|5.3|2.2|0.7|0|0.7|3.8|5.3|0|13.1|0|5.3|0|22.4|2.2|20.9|3.8|0.7|0
2026-05-07 09:32:53,6,82.6,17.38,29.31,63.23,0.26,1,27588,0.76,4274.4,5,56.9|87.5|147.5|101.5|140|78.7|55.3|55.3|55.2|55.2|71.1|68.8|73.1|78.9|45.8|46.5|58.5|53.7|39.3|39.5|109.9|102.6,2.4|2.4|13.3|5.5|8.6|2.4|5.5|0.9|0|0|0|7.1|11.7|2.4|2.4|0|0.9|21|7.1|14.8|0|0.9
2026-05-07 09:33:03,7.2,82.2,17.42,29.37,63.23,0.26,1,27588,0.76,4284.4,5,86.3|45.1|166.8|108.1|107.3|78.4|53.5|54.5|53.7|57.4|80.7|71.2|48.6|64.3|42.2|42.5|76.1|59.3|42.3|40.6|107.9|99.5,5.9|9|4.3|4.3|9|2.8|4.3|4.3|0|0|5.9|9|13.6|2.8|5.9|13.6|9|22.9|9|4.3|0|1.3
2026-05-07 09:33:13,5.7,74.3,17.41,29.35,63.23,0.26,1,27588,0.76,4294.3,5,85|43.7|120.2|82.3|113.2|62.1|54.2|55.2|55.2|55.4|77.2|72.3|110.5|49.2|46.7|41.6|67.7|60|60.6|67.3|110|109.8,2.5|0.9|14.9|13.3|2.5|13.3|0.9|0|0|4|0.9|4|13.3|0.9|2.5|5.6|2.5|36.5|4|0.9|0.9|0
2026-05-07 09:33:24,5,65,17.39,29.34,63.23,0.26,1,27588,0.76,4304.3,5,42.2|77.6|92.6|125|59.7|75.9|54.2|54.4|110.5|54|92|89|58.7|82.3|41.3|37|43.2|79.2|56.8|39.1|109.9|110.2,2.5|0|7.1|16.4|0|0.9|2.5|0.9|5.6|4|2.5|0|10.2|2.5|21|0|19.5|0|21|5.6|0|0.9
2026-05-07 09:33:34,5.3,91.8,17.4,29.34,63.23,0.26,1,27588,0.76,4314.4,5,87.6|87.5|142.3|59.3|123.6|147.5|54.9|55|113.5|55.2|69.4|82.7|82|82.3|37|36.9|46.2|40.9|50|49|110|109.7,2.1|2.1|16.1|13|0|8.3|0|0|0|0|11.4|2.1|9.9|2.1|2.1|5.2|9.9|2.1|22.3|3.7|0.6|0.6
2026-05-07 09:33:44,7,67.3,17.4,29.33,63.23,0.26,1,27588,0.76,4324.3,3,66.9|85.2|169.4|123.7|60.3|99.7|72|57.7|143.8|68.6|65.8|56.3|72.1|82.7|47.7|44.2|40.8|42.7|51.6|52.6|110|109.7,0.6|0.6|6.8|16.2|6.8|2.2|2.2|5.3|0|2.2|11.5|0.6|9.9|0.6|3.7|9.9|0.6|6.8|23.9|11.5|0.6|0.6
2026-05-07 09:33:54,6,90.9,17.39,29.33,63.23,0.26,1,27588,0.76,4334.2,3,63.3|75.7|118.5|104.2|90.9|118.6|55.4|55.3|55.3|55.3|90.7|87.9|77|75.7|43|47.5|41|41.7|44.4|76.6|108.8|110.1,11.9|1.1|11.9|21.2|8.9|1.1|0|7.3|0|0|10.4|0|1.1|10.4|16.6|1.1|15|0|5.8|16.6|1.1|1.1
2026-05-07 09:34:05,5,65.8,17.38,29.31,63.23,0.26,1,27588,0.76,4344.3,3,53|86.5|133.6|91.2|134.4|62.7|60.3|89.1|64.6|72.1|65.5|87.1|76.6|63.3|40|43.4|39.3|75.8|52.6|53.5|110.2|110.1,7|3.9|8.6|17.9|13.2|0|2.4|2.4|0|7|11.7|0.8|2.4|14.8|7|0|3.9|0.8|5.5|27.2|0|0
2026-05-07 09:34:15,5.7,64.3,17.35,29.28,63.23,0.26,1,27588,0.76,4354.2,3,75.3|87|113.6|65.5|65.9|66.6|53.6|54.3|53.4|54.8|100.9|87|81.9|84.5|46|40.4|42.3|63.7|56.3|61.9|0|0,8.4|2.2|0.6|17.7|3.7|6.8|3.7|5.3|6.8|5.3|11.5|0|0.6|11.5|11.5|3.7|14.6|0.6|6.8|25.5|0.6|0.6
2026-05-07 09:34:25,8.5,62.3,17.37,29.3,63.23,0.26,1,27588,0.76,4364.2,3,77.5|63.8|80.5|78.9|65.2|90.5|99|70.7|62.5|55.9|80.9|84.9|66.6|45.4|46.5|68.4|49.1|60|40.6|72.7|0|0,41.5|0|13.7|2.9|7.6|6|0|0|0|1.4|7.6|0|6|1.4|9.1|0|9.1|6|6|0|0|1.4
2026-05-07 09:34:35,11.1,121.9,17.38,29.29,63.23,0.26,1,27588,0.76,4374.3,3,110.4|112.3|53.9|0|50.9|0|0|0|0|0|125.5|104.5|94.1|130.3|122.3|116.9|123.9|100.3|107.9|111.4|0|0,33.2|6.8|6.8|3.7|2.2|0|8.4|0|0|0|16.1|0.6|27|5.3|31.7|6.8|13|30.1|3.7|17.7|0.6|0
2026-05-07 09:34:45,5.1,61.1,17.37,29.29,63.23,0.26,1,27588,0.76,4384.2,3,57.7|58.9|96.6|82.9|76.4|57.7|66.9|63.1|55.1|54.1|64.5|76.9|63.9|78.2|56.6|45.7|50.4|43.4|55.2|46.8|109.9|0,24.3|0|4.3|24.3|15.1|8.9|2.7|4.3|1.2|2.7|10.4|0|15.1|0|5.8|0|2.7|0|1.2|0|0|0
2026-05-07 09:34:56,5.4,71.7,17.37,29.29,63.23,0.26,1,27588,0.76,4394,3,78.7|63.8|112.2|119.1|145.9|112.2|56.5|54.6|54.8|60.2|74.2|67.1|59.9|80.5|66|53.6|84.8|87.5|87|87.5|109.8|109.9,3.6|28.5|5.2|2|9.8|14.5|3.6|0|2|3.6|0|11.4|12.9|0|8.3|0|9.8|0|3.6|0|0|0
2026-05-07 09:35:06,5,62.6,17.36,29.27,63.23,0.26,1,27588,0.76,4403.9,3,60.8|65.6|63.5|65|75.9|75.8|57.2|55.3|62.1|54.4|80.2|67.9|80|97.9|49.5|84.3|83.2|44.9|59.4|82|109.1|108.2,2|45.6|2|5.1|14.4|5.1|2|6.7|8.2|0.4|0.4|14.4|9.8|0.4|9.8|2|0.4|2|0|0.4|2|2
2026-05-07 09:35:16,5.2,82.4,17.36,29.29,63.23,0.26,1,27588,0.76,4413.7,3,73.1|68.5|52.8|51.6|53.5|55.7|47.3|51.4|55.5|55.3|55.2|66|93.3|87.9|52|44.9|47.4|45.3|44.9|49.2|110.1|110.2,1.6|43.8|4.8|0.1|9.5|17.3|1.6|0.1|3.2|0|0|11|23.5|0|21.9|11|1.6|0.1|1.6|1.6|1.6|1.6
2026-05-07 09:35:26,4.5,64.6,17.36,29.27,63.23,0.26,1,27588,0.76,4423.7,3,56.2|43.9|79.2|72.9|82.7|61.4|54.3|54|99.5|54.4|64.9|74.3|63.6|82.6|61.9|62.6|49.5|61.3|55.1|77.7|109.6|109.6,0.4|0.4|9.8|6.7|5.1|3.5|3.5|0|0|0|6.7|2|2|2|53.3|0|8.2|2|0.4|2|2|2
2026-05-07 09:35:37,6.4,65,17.4,29.31,63.23,0.26,1,27588,0.76,4433.7,3,87.4|86.9|86|55.8|56.5|67.2|55.1|55|54.5|55|67|71.3|64.2|79.3|57.4|57|52|53.1|48.6|78.5|110.8|110.2,0.4|0.4|6.6|6.6|12.9|5.1|6.6|3.5|0|0.4|11.3|0|5.1|0|44|0.4|9.8|2|0.4|6.6|0.4|2
2026-05-07 09:35:47,5.9,101.3,17.4,29.32,63.23,0.26,1,27588,0.76,4443.6,3,91.1|88|55.5|55.6|55.6|55.5|55.5|55.5|55.5|55.6|130.7|134.2|142.7|95.6|94.6|83.5|66.7|58.8|57.7|55.6|110|110,2.1|0.6|2.1|2.1|6.8|3.7|2.1|0|2.1|0|11.4|0|16.1|0|25.4|5.2|34.7|5.2|20.8|0|0.6|0
2026-05-07 09:35:57,9.2,111.6,17.49,29.38,63.23,0.26,1,27588,0.76,4453.7,3,89|82.5|55.6|55.6|54.2|55.6|55.5|55.5|55.6|55|162|170.2|150|165.1|73.9|97.2|96.1|94.1|97.1|95.1|108.3|108.4,19.7|1.2|1.2|1.2|1.2|1.2|1.2|1.2|1.2|1.2|18.2|0|7.4|29|2.7|39.8|39.8|2.7|39.8|19.7|1.2|1.2
2026-05-07 09:36:07,5.7,100.6,17.39,29.3,63.23,0.26,1,27588,0.76,4463.7,3,85.1|69.4|55.6|55.6|55.5|55.7|55.6|55.6|55.5|55.5|161.7|117.8|146.4|133.6|65|100|79.9|77|72.8|62.9|109.9|110.1,13.1|6.8|0.6|0.6|0.6|0.6|0.6|0.6|0.6|0.6|16.2|5.3|2.2|31.7|8.4|41|41|13.1|27|13.1|0.6|0.6
2026-05-07 09:36:17,8.3,91.7,17.39,29.3,63.23,0.26,1,27588,0.76,4473.6,3,83.8|91.4|55.6|53.4|54.8|55.4|54.9|55.5|55.6|55.5|122.5|179.1|136.3|99.2|59.6|72.5|78.7|40.9|57.4|49.3|110.1|108.1,1.5|3|3|1.5|6.1|3|0|3|1.5|1.5|6.1|0|0|21.5|3|41.5|13.8|1.5|7.7|3|1.5|0
2026-05-07 09:36:28,6.1,86.7,17.42,29.34,63.23,0.26,1,27588,0.76,4483.6,3,83.1|84.8|54.8|86.6|78.7|55.1|52.8|54.1|53.8|53.8|76|83.9|89.5|60.5|47.8|45.1|76.5|91.4|50|63.2|109.9|103.8,19|1.9|5|3.4|1.9|5|9.6|1.9|3.4|1.9|28.3|0.3|23.7|0|17.4|6.5|51.7|5|47|1.9|0|0
2026-05-07 09:36:38,8,130.6,17.36,29.28,63.23,0.26,1,27588,0.76,4493.5,3,130|118.8|55.4|55.5|52.7|55.4|53.7|54.6|55.2|55.5|142.3|170.6|155.3|179.7|138|165.9|114.6|115.9|111.9|111.6|110|106.9,14.7|0|0.8|0.8|0|0.8|0.8|0.8|0.8|0|11.6|5.4|7|0|28.7|7|36.4|2.3|28.7|14.7|0.8|0.8
2026-05-07 09:36:48,6,70.2,17.36,29.27,63.23,0.26,1,27588,0.76,4503.6,3,62.1|84.4|145.9|138.8|135.8|67.8|55.7|55.9|59.7|66.3|95.7|91.6|105.7|99.3|58.1|59.3|62.2|57.7|46.6|57.8|110|104.3,4.5|0|4.5|2.9|1.4|0|4.5|0|1.4|1.4|22.9|4.5|35.3|1.4|9.1|7.5|39.9|13.7|26|6|0|0
2026-05-07 09:36:58,9.1,110.5,17.41,29.33,63.23,0.26,1,27588,0.76,4513.6,3,144.5|101.7|55.7|55.6|55.5|55.6|55.6|48.4|55.8|55.5|186.4|181.4|174.2|182.3|164.3|153.3|172.1|165.8|135.1|177|110.3|107.1,13.4|4.1|1|1|0|1|1|1|1|1|4.1|24.2|15|4.1|18|19.6|28.9|41.2|47.4|28.9|1|1
2026-05-07 09:37:08,6.1,74.8,17.39,29.3,63.23,0.26,1,27588,0.76,4523.5,3,84.6|87|111.1|155.8|124.1|62.4|55.4|55.4|54.9|55.1|83.2|106.4|106|88.4|40.3|40.2|58.4|55.6|42.2|44.9|109.9|110,3.7|2.1|13|8.3|9.9|2.1|0.5|0|0|0|2.1|8.3|16.1|2.1|5.2|6.8|11.4|23.9|8.3|2.1|0.5|0.5
2026-05-07 09:37:19,4.1,82.4,17.4,29.29,63.23,0.26,1,27588,0.76,4533.5,3,57.5|69.3|135.4|145.9|142|86.2|53.3|106.4|53.3|55.5|82.3|84.5|58.9|56.5|40.8|43.3|45.8|52.7|62.2|39.5|107|106.5,0|0|10.4|2.7|7.3|5.8|2.7|8.9|10.4|7.3|5.8|8.9|18.1|1.1|1.1|2.7|10.4|19.7|22.8|2.7|0|0
2026-05-07 09:37:29,5.9,77,17.41,29.32,63.23,0.26,1,27588,0.76,4543.3,3,179.1|164.6|181.1|103.5|70.3|178.5|59.4|56.4|56.7|92.8|170.6|179.5|161.4|200.5|155|128.4|153.3|191.1|130.9|162.1|110|109.8,11.6|2.3|0.8|0.8|0.8|0.8|0.8|0.8|0.8|0.8|11.6|2.3|14.7|0.8|22.5|8.5|16.3|8.5|42.6|33.3|0.8|0.8
2026-05-07 09:37:39,5.7,88.1,17.39,29.3,63.23,0.26,1,27588,0.76,4553.3,3,89.1|45.4|149.7|62.3|153.6|141.7|55.4|58.1|73|66.2|88.2|85.4|74.5|83|44.7|44.1|53.9|54.1|56.3|50.4|110.1|109.6,2.4|0|7|7|5.5|2.4|2.4|3.9|0|3.9|10.1|0|8.6|0|11.7|7|14.8|0|25.6|7|0.8|0.8
2026-05-07 09:37:49,5.8,87.3,17.39,29.29,63.23,0.26,1,27588,0.76,4563.4,3,87.1|86.9|130.1|95.5|119.1|60.8|55.7|55|53.7|53.8|85.5|91.8|61.8|84.5|42.8|87.4|45.3|65.2|60|85.4|0|0,0|0|17.5|12.9|9.8|8.2|2|3.5|2|8.2|8.2|0|2|0|6.6|0|5.1|2|20.6|17.5|0.4|0.4
2026-05-07 09:38:00,5.4,119,17.41,29.32,63.23,0.26,1,27588,0.76,4573.4,3,117.2|71.6|55.5|55.6|55.4|55.7|55.3|55.7|55.5|55.4|144.7|167.3|159|132.9|142.3|159.4|106.3|140.7|183.4|171.8|109.5|110,15.1|4.3|7.4|4.3|7.4|7.4|1.2|1.2|1.2|2.7|10.5|4.3|2.7|13.5|12|5.8|12|18.2|16.6|42.9|1.2|1.2
2026-05-07 09:38:10,6,72.6,17.35,29.26,63.23,0.26,1,27588,0.76,4583.3,5,62|50.5|146.2|94.6|63|86.5|56.4|102.9|138.7|105.7|83|78.7|83.2|75|55.9|42.4|45.1|67.2|48.3|84.6|109.9|109.9,5.4|0.8|13.2|8.5|17.8|8.5|3.9|14.7|7|7|10.1|0|0.8|10.1|10.1|5.4|7|5.4|0|13.2|0.8|0.8
2026-05-07 09:38:20,4.6,86,17.36,29.25,63.23,0.26,1,27588,0.76,4593.4,5,87.5|87.5|165.8|106.2|142.4|89.3|64.3|54.6|55|55|87|84.4|86.8|86|41.5|37.1|40.5|38.6|50.6|52.9|110.1|110.1,18|0|2.6|7.2|16.5|0|0|7.2|14.9|8.7|7.2|0|0|5.6|18|13.4|13.4|1|5.6|21.1|0|1
2026-05-07 09:38:30,5.9,138.5,17.4,29.31,63.23,0.26,1,27588,0.76,4603.4,5,82.4|155.3|56.5|55.8|50.1|56.1|55.3|55.3|55.7|55.5|101.7|138.9|127.6|155.7|51|48.8|91.2|72.9|51.4|90.6|110|110.6,5.7|4.2|2.6|10.4|5.7|0|0|0|5.7|5.7|4.2|2.6|5.7|4.2|13.5|4.2|18.1|5.7|22.7|1.1|0|0
2026-05-07 09:38:41,5.3,65.4,17.4,29.3,63.23,0.26,1,27588,0.76,4613.4,5,74.2|53.7|132.3|108.9|82.2|151.3|55|55.3|53.9|55.1|67.7|87.7|71.3|74.8|54.4|39|51|45.2|51|42.4|109.9|110.1,15|0|25.8|7.2|4.1|5.7|5.7|0|5.7|4.1|8.8|1|2.6|1|11.9|4.1|10.3|7.2|15|2.6|0|1
2026-05-07 09:38:51,9,82.3,17.38,29.28,63.23,0.26,1,27588,0.76,4623.5,5,61.9|82.1|176.7|88.8|170.1|87.5|54.7|54.3|56.3|54.7|67.3|85.5|65.4|51.9|48.9|40.7|47.1|43.5|41.6|41|109.8|110.3,7.2|18|8.7|7.2|13.3|2.5|2.5|0|0|0|1|10.3|5.6|1|5.6|5.6|11.8|2.5|11.8|0|0|0
2026-05-07 09:39:01,11.5,105.8,17.43,29.33,63.23,0.26,1,27588,0.76,4633.6,5,83.5|86|165.3|150.7|152|119.3|55.4|54.9|55.3|55|90.6|159.6|124.3|85|65.9|50.4|57.5|121.9|75.2|51.7|110|109.9,1.9|26.8|6.6|3.5|16|19.1|0.4|0|0.4|1.9|0.4|9.7|11.3|0.4|9.7|9.7|3.5|8.2|3.5|3.5|0.4|0.4
2026-05-07 09:39:11,5.9,102.2,17.39,29.29,63.23,0.26,1,27588,0.76,4643.5,5,72.7|59.8|148.1|154.9|69.1|163|89.6|66.5|58.3|177.6|102.2|85.7|64.8|58.7|47.2|44.1|50.6|74.3|57.9|52.3|110|110.1,11.5|14.6|3.7|9.9|6.8|3.7|11.5|2.1|3.7|0|2.1|9.9|14.6|3.7|13|17.7|11.5|0.6|5.2|6.8|0.6|0.6
2026-05-07 09:39:21,5.4,78.7,17.37,29.27,63.23,0.26,1,27588,0.76,4653.5,5,87.8|86.8|157.3|144.1|64.5|132.8|54.9|54.8|55.6|55.1|79.6|84.1|75.2|76.5|55.4|46.2|43.5|55.2|47.7|46.7|109.9|109.8,2.6|0|4.1|2.6|4.1|7.2|1|0|1|2.6|8.7|1|21.1|0|18|5.7|4.1|14.9|16.5|2.6|0|0
2026-05-07 09:39:32,12.3,59,17.39,29.29,63.23,0.26,1,27588,0.76,4663.6,5,80.2|88.6|179.1|65.8|148.9|64.3|65|55.1|55|55.2|121.5|88.6|112.1|91.5|83.8|43.7|65.1|110.3|73.6|51.7|109.7|0,2.1|0|2.1|13|9.9|5.2|3.7|2.1|0.6|2.1|6.8|0.6|2.1|0.6|20.8|3.7|22.3|5.2|8.3|0.6|3.7|0.6
2026-05-07 09:39:42,6.5,83,17.39,29.29,63.23,0.26,1,27588,0.76,4673.7,5,83.9|87|117.5|78.1|66.5|157|118.2|56.8|56.5|56|115.6|58.8|83.5|66.6|62.4|50.3|51.2|51|40.3|42.1|109.9|0,4.2|1.1|2.6|11.9|7.3|13.4|4.2|5.7|5.7|1.1|11.9|2.6|13.4|2.6|19.6|5.7|13.4|5.7|13.4|8.8|0|0
2026-05-07 09:39:52,7.4,73.7,17.37,29.27,63.23,0.26,1,27588,0.76,4683.7,5,59.7|82.2|142.5|108.3|62.4|108.4|81.4|57.8|56.6|54.1|80.8|85.3|70.8|79.4|59.9|62.1|55.7|55.3|56.9|42.9|109.9|0,0.6|2.2|14.6|0|11.5|13|2.2|0|0|0|5.3|0|2.2|6.8|0|25.5|9.9|0.6|5.3|0|0.6|0
2026-05-07 09:40:02,8.9,89.3,17.38,29.29,63.23,0.26,1,27588,0.76,4693.7,5,52|44.5|82.9|75.8|101.4|59.8|77.3|55.3|54.7|54.4|64.5|84|78.2|63.3|71.7|59.6|55.9|62.4|79.4|52.1|110.2|107.6,3.7|0.6|8.4|11.5|5.3|9.9|5.3|5.3|5.3|5.3|3.7|0|0|13|3.7|19.2|2.2|0|5.3|16.1|0.6|2.2
2026-05-07 09:40:13,5.8,69.1,17.39,29.29,63.23,0.26,1,27588,0.76,4703.9,5,57.5|38.7|133.1|90.6|105.5|72.2|55.1|53.6|54.5|53.9|63.8|85.1|66.3|70.2|62.6|60.7|87.2|87.2|47.8|81.1|110|103.3,0|1.8|5|5|9.6|0|1.8|0|0|0.3|11.2|1.8|1.8|11.2|23.7|34.6|8.1|0.3|5|3.4|0.3|0
2026-05-07 09:40:23,4.3,69.1,17.37,29.28,63.23,0.26,1,27588,0.76,4713.8,3,73.5|87.6|60|55.2|55.1|56.6|60.7|55.3|56.9|78.8|77.3|72.8|68.7|83.1|77|85.3|84.5|74.5|68.3|66.8|109.7|104,2.5|0|5.6|8.7|2.5|0.9|0.9|0|0|0|14.9|0|22.6|0|2.5|0|35|0|4|0|0|0
2026-05-07 09:40:33,6.8,96.7,17.39,29.28,63.23,0.26,1,27588,0.76,4723.7,3,76.9|87.3|63.5|61.6|59.6|55.5|55.1|55.4|55.4|55.4|85|88.5|98.7|79.1|66.2|52.3|139.7|146.9|61.4|87.5|109.2|110.1,0.1|0|6.3|1.6|6.3|7.9|4.8|0.1|0|17.2|15.7|0|23.5|0|1.6|0|53.2|0|9.4|0|0|0
2026-05-07 09:40:43,5.6,73.4,17.38,29.28,63.23,0.26,1,27588,0.756,4733.6,3,87.2|88|106.4|73.6|58.2|56.2|55.7|55|55.4|94.7|95.5|100.9|77.9|83.6|61.7|54.1|88.2|63.2|60.5|72.1|110.1|105.3,1|1|11.8|14.9|8.8|2.6|2.6|2.6|2.6|2.6|2.6|1|10.3|0|5.7|7.2|25.8|7.2|16.5|13.4|0|0
2026-05-07 09:40:54,5.2,79,17.37,29.27,63.23,0.26,1,27588,0.756,4743.6,3,81.1|85.9|125.3|106.2|73.1|77|133.3|56.9|69.2|65.3|78|68.1|71.3|83.4|70.4|80.6|59.7|66.7|53.6|68|109.9|109.9,6.5|0.3|3.4|6.5|11.2|0|0.3|0.3|0|0.3|12.7|3.4|9.6|1.8|19|1.8|1.8|25.2|19|0.3|0.3|0.3
2026-05-07 09:41:04,10.4,151.7,17.43,29.34,63.23,0.26,1,27588,0.756,4753.6,3,139|89.7|180.6|111.8|67.1|62.1|55.8|58.2|55.6|65.5|176.4|191.2|209.3|217.9|78.6|66.1|83.5|90|102.3|119.1|109.8|109.8,2.2|2.2|0|0|0|0|0|0|0|0|0.7|13.1|14.6|3.8|8.4|22.4|10|22.4|31.7|14.6|0|0.7
2026-05-07 09:41:14,4.5,69.6,17.43,29.33,63.23,0.26,1,27588,0.756,4763.6,3,55|56.6|166.3|62.4|83.3|58.3|56.4|55.2|55.5|55.2|89.3|80.2|81.3|83.4|66.8|44.7|79.8|85.7|55.3|68.1|109.5|109.7,3.6|0|3.6|11.3|11.3|0.4|0|0|0|19.1|0|8.2|14.4|0|2|8.2|0|25.3|9.8|9.8|0.4|0.4
2026-05-07 09:41:24,5.2,84.8,17.41,29.31,63.23,0.26,1,27588,0.756,4773.7,3,74.1|82.8|125.1|81.3|98|60.7|73.4|53.8|56.3|54.6|79.6|86.4|77.2|85.4|48.9|46.8|71.4|80.1|59.5|72.3|110.1|109.8,2.2|0|6.8|8.4|2.2|10|0|0.6|5.3|0|5.3|3.7|6.8|0|5.3|8.4|8.4|2.2|31.7|2.2|0.6|0.6
2026-05-07 09:41:35,5.6,83.2,17.43,29.34,63.23,0.26,1,27588,0.756,4783.7,3,74.2|62.3|133.5|149.2|75.4|91.8|55.3|55.5|55.3|55.4|74.1|83.8|71.4|86.5|49.8|58.5|56.5|50.5|65.8|55|110.1|109.7,0.2|0|15.8|17.4|8|1.8|1.8|0|9.6|3.3|18.9|0.2|11.1|0|3.3|1.8|4.9|0.2|33|0|0.2|0
2026-05-07 09:41:45,8,85.5,17.41,29.31,63.23,0.26,1,27588,0.756,4793.6,3,87.9|87.3|156.5|71.4|87.9|146.2|63.9|56.9|97.7|55.7|75.2|80.2|107.7|89.7|60.2|84.6|69.6|92.8|75.3|124.1|109.9|110.1,0|0|2.7|11.9|30.5|4.2|2.7|0|2.7|1.1|8.9|0|2.7|0|10.4|1.1|8.9|8.9|32|0|0|1.1
2026-05-07 09:41:55,4.9,85.4,17.41,29.32,63.23,0.26,1,27588,0.756,4803.7,3,87.4|67.1|106.1|60.9|57.9|94.9|103.1|56.9|56.4|55.9|84.5|76.2|50.2|61.5|58.2|60.8|57.3|79.3|49.1|65.3|110.1|109.9,9.5|6.4|15.8|9.5|1.7|0.2|0.2|0|0|0.2|6.4|3.3|0.2|9.5|12.7|1.7|22|3.3|1.7|17.3|1.7|1.7
2026-05-07 09:42:05,7,74.1,17.41,29.31,63.23,0.26,1,27588,0.756,4813.7,3,74.2|74.6|104.4|72.2|103.1|65.5|54.4|54.2|54.4|54.7|76.2|88.9|83.8|83.8|65.2|52.6|55.2|67.7|67.9|74.8|110.1|109.2,10|3.8|11.5|6.9|3.8|3.8|5.3|0.7|2.2|0.7|19.3|3.8|5.3|13.1|16.2|10|8.4|5.3|6.9|22.4|0.7|0.7
2026-05-07 09:42:15,5.9,83.6,17.41,29.31,63.23,0.26,1,27588,0.756,4823.7,3,55.7|76.2|86.9|66.3|105.4|127.9|89.2|55.2|55.6|55.5|83.4|88.2|98.3|77.4|43.7|48.6|50.9|65.1|98.5|70.5|110|109.4,8.5|0|5.4|2.3|5.4|8.5|0.8|0|0|0|8.5|0.8|0.8|16.3|7|0.8|16.3|0|5.4|24|0.8|0
2026-05-07 09:42:26,5.9,79.8,17.41,29.31,63.23,0.26,1,27588,0.756,4833.8,3,83.5|81.7|101.4|68.3|93.3|60.4|59.1|55|55.3|55.3|73.9|73.7|83.1|85.8|55.8|65.7|66.5|54.8|58.8|86.1|109.3|108.4,25.3|2|14.5|23.8|2|14.5|0.5|3.6|0|2|14.5|3.6|8.2|2|3.6|6.7|12.9|11.4|3.6|2|0|0
2026-05-07 09:42:36,6.6,84.4,17.41,29.31,63.23,0.26,1,27588,0.756,4843.8,3,74.2|48.7|154.2|65.6|69.2|105.5|93.5|58.2|81.3|56.4|77.9|84.6|69.1|71.4|71.4|72.1|55.5|134.7|66.5|86.9|110|109.9,12.9|6.7|9.8|11.3|3.6|5.1|3.6|3.6|5.1|3.6|8.2|0.4|8.2|0.4|8.2|8.2|14.4|11.3|6.7|3.6|2|0.4
2026-05-07 09:42:46,5.9,86.2,17.4,29.3,63.23,0.26,1,27588,0.756,4853.8,3,66.5|85|158|140|101.3|138.9|82.1|57|113.8|58.5|70.1|52.3|74.5|88.5|57.8|51.1|50.7|54.7|69.7|56.2|110.1|0,17.7|2.1|9.9|3.7|19.2|5.2|0.6|0.6|0.6|0.6|11.5|0|13|0|3.7|0.6|14.6|0|13|2.1|0|0
2026-05-07 09:42:56,3.7,82.9,17.4,29.3,63.23,0.26,1,27588,0.756,4863.7,3,57.8|70.2|177.1|61.5|158.7|63.5|82.2|56.8|57.5|54.4|82.1|80|82.1|53.4|72.2|56.8|78.5|72.9|75.4|88.7|109.9|110.3,6.1|19.9|9.1|10.7|1.4|6.1|0|0|3|3|1.4|10.7|10.7|4.5|10.7|3|12.2|4.5|6.1|7.6|1.4|0
2026-05-07 09:43:07,8.7,130.7,17.39,29.29,63.23,0.26,1,27588,0.756,4873.8,3,147|139.7|0|55.4|55.5|0|56.4|0|0|0|92.7|94.4|82.1|94.3|142.1|144.2|103.3|176.6|134.2|143.3|0|0,3.9|36.5|0|0.8|0|0|0|0|0|0|2.4|21|19.4|5.5|19.4|16.3|21|21|13.2|3.9|0|0
2026-05-07 09:43:17,8.2,84.4,17.39,29.29,63.23,0.26,1,27588,0.756,4883.6,3,71.6|66.3|159.4|154.7|116.9|91.3|175.4|60.5|68.9|67.1|79.6|84.4|76|83.7|51.6|69.4|52.1|61.2|54.8|85.2|109.9|110.1,0|28.4|23.8|8.2|12.9|6.7|5.1|2|3.6|2|0|8.2|9.8|0|5.1|9.8|6.7|0|0|40.9|0|0
2026-05-07 09:43:27,5.5,80.4,17.39,29.29,63.23,0.26,1,27588,0.756,4893.6,3,87.2|78|104.3|56.2|95.6|55.9|87.5|54.7|111.7|55.4|78.9|88.5|90|136.9|71.9|77.8|80|51.2|74.9|83.6|109.9|109.9,0|0|14.7|5.4|6.9|11.6|0.7|0|0|0|3.8|0|13.1|0|27.1|0|14.7|0|11.6|2.3|0.7|0.7
2026-05-07 09:43:37,5.2,79.3,17.39,29.29,63.23,0.26,1,27588,0.756,4903.7,3,72.8|87.6|93.1|87.3|84|57.5|55.1|55|54.6|54.8|98.8|87.6|88.3|85.9|60|49.4|60.4|55.9|39.1|66.2|110|110,1.9|0.4|11.3|6.6|11.3|1.9|3.5|3.5|3.5|3.5|8.2|0|11.3|0.4|25.3|0|12.8|9.7|8.2|1.9|0.4|0.4
2026-05-07 09:43:47,6.5,75.5,17.38,29.29,63.23,0.26,1,27588,0.757,4913.7,3,87.5|83.9|89|55.9|90.3|57|55|54.9|54.6|54.8|91.9|88.5|88.4|48.2|71.3|86.8|55.2|71.3|66.9|73.4|110.1|107,3.7|0|14.6|10|13.1|11.5|8.4|2.2|0|0|10|0|11.5|0|27|0|14.6|0|3.7|0|0.6|0.6
2026-05-07 09:43:58,5.7,94.7,17.38,29.28,63.23,0.26,1,27588,0.757,4923.8,3,87.6|87.6|117.6|117.9|99.4|74|94.3|55.8|55.7|55.4|88.4|92.6|85.1|80.9|88|97.6|95.4|119.1|48.5|58.6|107.1|104.7,4|2.5|4|7.1|5.6|7.1|0|8.7|0|0|14.9|4|0.9|18|5.6|30.3|18|0.9|10.2|0.9|0.9|0.9
2026-05-07 09:44:08,5.7,77,17.39,29.28,63.23,0.26,1,27588,0.757,4933.7,3,55.8|63.8|55.3|55.4|55.6|55.6|55.5|55.4|49.5|55.6|93.1|186.4|82.8|77.5|95.8|65.9|103.4|92.8|53.3|57.8|110.2|106.3,0|0|2|12.9|5.1|5.1|9.8|2|8.3|5.1|17.6|0.5|0|8.3|0|28.5|11.4|0.5|0.5|8.3|0.5|0.5
2026-05-07 09:44:18,7,106,17.23,28.89,63.23,0.26,1,27588,0.757,4943.8,5,60|75.9|137.4|97.8|140.7|171.1|51.6|52.1|51.2|51.4|83.1|64.1|78.8|81.8|119.5|70.5|82.9|63.6|76.4|71.3|91.5|90.3,0|0|8.5|22.5|10.1|11.6|0|5.4|0|0.7|7|0|0|3.8|0|25.6|17.8|0|2.3|0|0.7|0.7
2026-05-07 09:44:28,5,79.5,17.23,28.88,63.23,0.26,1,27588,0.757,4953.8,5,74.5|72.3|105.2|61.1|112.5|86.9|111.9|64.9|112.6|81.9|63.7|74.1|69.7|111.7|49.3|44.2|63.4|66.5|77.9|83.9|109.9|110.1,0.6|3.8|6.9|6.9|10|2.2|2.2|3.8|0.6|11.5|2.2|0.6|11.5|0|8.4|5.3|34.8|0|10|2.2|0|0
2026-05-07 09:44:39,5.2,86.1,17.24,28.89,63.23,0.26,1,27588,0.757,4963.8,5,60.3|84.3|128.1|55.7|56.1|61.3|55.3|55.3|55.1|55.5|76.4|85.4|74.2|81.9|53.8|51.6|83.7|78.2|65.1|80.5|109.9|109.5,3.6|0|3.6|12.9|12.9|14.5|0|0|0|0|9.8|0|11.3|0|9.8|0|31.6|0|5.1|0|0|0
2026-05-07 09:44:49,5.7,75.9,17.24,28.89,63.23,0.26,1,27588,0.757,4973.8,5,55.3|83.2|82.7|81.1|88.6|119.1|155|57.2|56.5|59.9|65.5|83.1|62.1|82.6|74.7|45.1|67|59.2|53.6|42.2|110.4|0,0.8|2.3|10.1|14.7|11.6|5.4|2.3|0.8|2.3|0|13.2|5.4|14.7|5.4|11.6|2.3|38|2.3|3.9|2.3|0.8|0.8
2026-05-07 09:44:59,6.6,86.6,17.25,28.91,63.23,0.26,1,27588,0.759,4983.9,5,76.9|62.6|55.7|55.5|55.6|55.6|55.8|55.3|55.5|55.7|82.5|80.8|79.5|77.4|52.9|64.8|67.7|72.8|93.7|50.8|109.8|110,5.4|0|7|3.9|8.5|2.3|0|2.3|2.3|0|0|22.5|16.3|2.3|5.4|0.8|5.4|47.3|41.1|11.6|0|0
2026-05-07 09:45:09,9.1,69.6,17.21,28.86,63.23,0.26,1,27588,0.759,4993.9,5,59|62|144.1|59.4|83.1|60.3|55.4|55|55.5|55.4|78.8|81|89|95.3|55.4|57.5|61.5|74.2|59.1|69.7|110.1|110.1,0.7|2.2|0.7|3.8|13.1|3.8|5.3|0|0|0|5.3|6.9|11.5|2.2|3.8|3.8|14.6|36.4|17.7|6.9|0|0
2026-05-07 09:45:19,5.9,66.1,17.21,28.86,63.23,0.26,1,27588,0.759,5003.9,5,87.3|87.6|126.9|122.4|58.9|69.5|55.9|55.7|56.2|56.8|79.7|68.2|65.8|77.2|50|54.1|55.3|78.7|66.7|52.9|109.9|0,0|0|13|5.3|5.3|5.3|3.7|2.2|2.2|2.2|0|3.7|6.8|0|2.2|6.8|0|31.7|14.6|0|0.6|0.6
2026-05-07 09:45:30,5.6,77.4,17.24,28.89,63.23,0.26,1,27588,0.759,5013.8,5,72|75.4|164|82.7|58.4|117.7|54.7|53.4|54.6|54.9|72.7|89.5|76.8|85.8|54.1|56|78.2|64.7|79.8|100|110.1|0,11.5|3.8|5.3|14.6|11.5|3.8|0|0|3.8|0.6|20.8|0|28.6|0|16.2|0|16.2|3.8|53.4|5.3|0|0
2026-05-07 09:45:40,5.1,81.8,17.27,28.92,63.23,0.26,1,27588,0.759,5023.8,5,62.4|51.8|55.8|55.5|55.6|55.8|55.3|55.5|55.9|55.6|100.4|96.3|73.1|88.5|50.5|54.7|58.9|63.6|75|55|110.1|110,5.3|0.7|5.3|2.2|2.2|0.7|0.7|2.2|0.7|2.2|6.9|0|3.8|0|6.9|3.8|3.8|14.6|37.9|25.5|2.2|0.7
2026-05-07 09:45:50,7.8,76.4,17.26,28.92,63.23,0.26,1,27588,0.759,5033.8,5,85.3|53.7|118|111.3|118.8|58.7|54.5|52.7|54.8|54.7|70.1|59|73.8|82|69.2|53.4|62.6|63.3|72.4|70.1|110|0,2.1|0.6|6.8|3.7|3.7|14.5|0.6|0|0|0.6|11.4|0|6.8|9.9|14.5|6.8|9.9|5.2|20.8|9.9|0.6|0
2026-05-07 09:46:00,6.7,69.3,17.29,28.95,63.23,0.26,1,27588,0.759,5043.9,3,67.5|85.3|162.8|57.4|81.3|136.5|63.8|55.3|55.5|55.4|82.6|86.2|93.7|76.3|59.2|71.3|72|76.8|83.2|86.7|103.9|102.8,33.4|7.1|0.9|0.9|0.9|0.9|0.9|0.9|0.9|0.9|22.6|4|8.6|22.6|27.2|25.7|16.4|7.1|22.6|78.3|0.9|0.9
2026-05-07 09:46:10,6.9,76.3,17.3,28.98,63.23,0.26,1,27588,0.759,5053.8,3,84.6|68.1|55.5|55.6|55.5|55.4|55.5|55.5|53.7|55.6|79.6|71.5|93.1|66.7|57.8|55.3|59.2|53.3|92.6|74.4|110|110,11.8|5.6|4.1|8.7|0|2.5|2.5|1|1|5.6|14.9|4.1|4.1|16.5|16.5|10.3|19.6|11.8|14.9|27.3|1|1
2026-05-07 09:46:21,4.6,77.5,17.24,28.9,63.23,0.26,1,27588,0.759,5063.8,3,60.8|61.8|168.4|74.2|99.3|108.5|53.7|52.9|52.9|53.1|75.7|83.8|59|82.9|51|51.3|54.7|64.8|104.4|76.5|110.4|110.5,25.5|2.2|2.2|9.9|0.6|0.6|0.6|0|0|0.6|17.7|0.6|9.9|2.2|6.8|2.2|11.5|2.2|13|6.8|0|0
2026-05-07 09:46:31,6.6,82.6,17.3,28.97,63.23,0.26,1,27588,0.759,5073.7,3,138|129|55.5|51.3|55.6|55.8|55.4|51.1|55.6|55.6|114.1|126.7|138.2|167.4|120.4|86.7|88|110.5|129.3|89.8|110|109.8,41.1|6.9|0|0|0|0|0|0|0|0|16.2|5.4|14.7|3.8|17.8|17.8|27.1|16.2|36.4|11.6|0|0
2026-05-07 09:46:41,5.5,77,17.25,28.91,63.23,0.26,1,27588,0.76,5083.8,3,74.6|76.8|147.6|84.5|81.3|65.6|55.2|55.2|55.2|55.3|73.5|85.2|69.7|83.5|58.3|56.7|54.9|79.3|83.2|60.9|109.8|110,34.8|2.2|0|0.7|2.2|2.2|0|0|0.7|0|3.8|0.7|10|0|16.2|16.2|23.9|0.7|17.7|8.4|2.2|2.2
2026-05-07 09:46:51,4.9,73.2,17.24,28.91,63.23,0.26,1,27588,0.76,5093.8,3,65.7|96.6|72.4|104.7|90.1|82.4|57.6|58.2|102.4|58.9|130.9|187.6|176.9|165.2|94.2|74.9|83.3|75.6|83.1|72.3|110.2|109.8,2.6|30.4|0|0|1|1|1|1|1|1|1|4.1|5.6|1|14.9|14.9|13.4|5.6|13.4|4.1|1|1
2026-05-07 09:47:02,7.2,87.8,17.28,28.95,63.23,0.26,1,27588,0.76,5103.8,3,175.3|140.2|55.6|55.6|55.5|54.6|55.5|55.6|55.6|55.6|167.4|147.7|147.4|163.8|160.8|165|149.9|177.3|147.9|172.2|110|109.9,0.5|25.4|0|0.5|0.5|0.5|0.5|0.5|0.5|0.5|3.6|17.6|16.1|0|16.1|14.5|8.3|6.8|5.2|5.2|0.5|0.5
2026-05-07 09:47:12,5.6,64.8,17.25,28.92,63.23,0.26,1,27588,0.76,5113.8,3,79.3|82.7|63.4|72.4|57.3|86.4|103|67|57|56.8|93.4|98.8|101.5|105.8|48.9|53.7|59.5|114.6|80|115|110.1|110,0.7|20.9|0.7|0.7|3.8|0.7|6.9|0|0.7|0.7|0|2.3|2.3|3.8|14.7|14.7|10|11.6|8.5|2.3|0.7|0
2026-05-07 09:47:22,5.7,69.2,17.24,28.9,63.23,0.26,1,27588,0.76,5123.7,3,68.7|86.9|58.7|82.9|55.7|56.1|53.6|54.8|54.9|54.9|82.2|87.4|85.5|87.6|68.4|93.2|90.4|79.7|55.4|74|110.1|110.3,3.8|2.2|2.2|5.3|8.4|3.8|3.8|0|5.3|2.2|13.1|0.7|22.4|0|36.4|0|10|10|13.1|8.4|0.7|0.7
2026-05-07 09:47:32,5,154.1,17.27,28.93,63.23,0.26,1,27588,0.76,5133.8,3,75.9|83.7|55.5|55.3|55.6|55.6|55.8|55.6|51.9|55.6|91.8|97.7|130.4|92.9|101.3|83.7|96.9|104.4|88.4|140.7|110|110.5,2.5|0|0.9|0.9|0.9|0.9|0.9|0|0|0|10.2|0.9|7.1|0|22.6|13.3|18|7.1|24.2|8.7|0|0
2026-05-07 09:47:42,5.8,81.3,17.26,28.92,63.23,0.26,1,27588,0.76,5143.8,3,86.8|84.9|55.6|54.1|55.4|55.4|55.5|53.7|55.3|55.5|94.7|97.3|87.5|86.8|99.2|89.9|67.3|61.3|73.7|82.1|110|104,0.5|2|3.6|2|3.6|5.2|3.6|8.3|3.6|2|8.3|0.5|9.8|2|28.5|2|5.2|6.7|8.3|16|0.5|0
2026-05-07 09:47:53,5.8,78.6,17.24,28.9,63.23,0.26,1,27588,0.76,5153.9,3,63.9|67.9|53.9|55|55.2|55|55.5|64.9|55.5|53.4|86.4|102.8|84.5|70|72.8|70.2|72.4|58|51.5|66.7|110.1|105.4,3.5|0|0.4|2|2|8.2|2|3.5|0.4|0|14.4|0|0|20.6|0|30|11.3|0|19.1|0.4|0|0
2026-05-07 09:48:03,9.6,153.4,17.3,28.98,63.23,0.26,1,27588,0.76,5163.8,3,99.3|111.7|55.5|55.5|55|55.4|55.5|55|55.4|55.6|181.3|190.5|194.4|186.9|100.2|119.6|84.5|81.2|98.2|99.4|110|110,0.7|0.7|0.7|0.7|0.7|0.7|0.7|0.7|0.7|0.7|13.1|2.3|0.7|10|10|28.6|27.1|5.4|24|2.3|0.7|0.7
2026-05-07 09:48:13,5.6,85.6,17.29,28.97,63.23,0.26,1,27588,0.76,5173.9,3,84.2|88.6|113|101.9|77.9|62.8|56.6|68.5|56.8|56.7|81.9|84.8|86.6|85.9|68.7|68.1|61.3|83.4|86.7|82.6|109.8|103.8,0|0|0.7|0|0.7|0.7|0.7|0|0.7|0.7|17.8|0.7|3.8|8.5|2.3|33.3|22.5|14.7|10|6.9|0|0
2026-05-07 09:48:23,5.1,74.7,17.28,28.95,63.23,0.26,1,27588,0.76,5184,3,66.8|87.2|149.5|60.2|62.1|80.1|54.5|55.5|55.2|55.4|85.9|86.4|69.3|82.9|62.2|59.5|73.4|91.7|74.7|51.4|109.8|110.2,2|0|0|0|0|0|0|0|0|0|14.5|0.5|14.5|2|6.7|11.4|31.6|6.7|16|5.2|0.5|0
2026-05-07 09:48:34,11.7,112.3,17.25,29,63.23,0.26,1,27588,0.761,5194,3,95.7|122|55.6|55.5|55.5|55.7|54.4|55.5|55.8|38.2|130.9|192.9|114.6|123.5|72.5|52.2|91.2|79.4|66.8|46.4|109.9|109.8,0.9|0|5.6|4|4|4|0.9|2.5|4|0.9|7.1|0|8.7|0|13.3|5.6|33.4|8.7|18|0.9|0.9|0
2026-05-07 09:48:44,6,89.1,17.2,28.96,63.23,0.26,1,27588,0.761,5203.9,3,69.8|55|95.8|55.4|55.9|62.3|55.1|55.3|55.2|56.8|88|125|88.9|90.1|56.5|66|83.8|85.3|65.6|58.4|109.9|0,3.7|2.1|0|2.1|0|0|3.7|0.6|0|5.2|20.8|2.1|13|0.6|9.9|0.6|33.2|9.9|14.5|9.9|0.6|0
2026-05-07 09:48:54,5.5,73.7,17.19,28.94,63.23,0.26,1,27588,0.761,5214,3,59|85.1|154.5|60.1|114.6|74.5|113.7|55.3|55.9|56.5|85.1|93.5|73.2|67.6|60.1|53.1|74|76.2|63.7|84.4|110|0,3.8|5.4|0|0|0.7|0|0|0|0|0|2.3|8.5|11.6|2.3|11.6|13.1|6.9|30.2|10|11.6|0|0.7
2026-05-07 09:49:04,11.6,108.1,17.22,28.94,63.23,0.26,1,27588,0.761,5224.1,3,61.8|137.1|0|0|55.5|50.5|0|0|0|0|126.7|139|97.3|87.5|69|64.3|75.5|81.8|116.9|121.7|110|0,1.1|0|1.1|1.1|0|0|1.1|1.1|1.1|1.1|0|11.9|13.4|1.1|7.2|13.4|10.3|27.3|18.1|21.2|0|1.1
2026-05-07 09:49:14,7.2,76.4,17.19,28.93,63.23,0.26,1,27588,0.761,5234,3,80.6|48.3|84.9|94.1|67.1|58.6|55.4|58.6|55.6|55.6|92.4|113.3|86.2|83|64.4|66.7|121.7|107|59.4|52.6|109.9|0,0.6|3.7|0|0.6|0|0|0|0|0|0|0.6|9.9|11.5|2.2|11.5|14.6|6.8|27|16.1|9.9|0|0
2026-05-07 09:49:25,5.1,81,17.18,28.91,63.23,0.26,1,27588,0.761,5244,3,55.1|51.8|88.9|81.1|77.7|122.8|93.8|58|57.4|58.5|79.8|87.9|71.5|84.5|63.5|88.8|66.2|60.6|73.4|79.3|109.5|109.6,7.1|7.1|4|4|2.5|4|0.9|0.9|0.9|0.9|10.2|2.5|17.9|0.9|11.7|5.6|11.7|8.6|17.9|11.7|4|2.5
2026-05-07 09:49:35,8.2,101.1,17.22,28.96,63.23,0.26,1,27588,0.761,5254.1,3,70|51.7|83.4|90.8|65.9|56.7|55.2|55.5|55.3|55.3|84.4|84.4|74.7|88.5|53.2|52.6|74.4|56.3|69.3|75.1|110.1|110,5|0.3|3.4|6.6|1.9|1.9|1.9|1.9|1.9|1.9|11.2|0.3|3.4|0|14.3|9.7|15.9|5|31.5|11.2|1.9|1.9
2026-05-07 09:49:45,5.7,69.7,17.21,28.93,63.23,0.26,1,27588,0.761,5264,3,52.3|54.3|55.7|55.3|55.5|55.2|56|55.6|56|55.7|79.8|97.2|84|85.3|86.8|69.8|60.8|62.2|86.4|105.6|110.4|110.5,0.7|0|2.2|0|5.3|2.2|0|0|0|0|5.3|0.7|8.4|0|5.3|6.9|8.4|3.8|37.9|11.5|0.7|0.7
2026-05-07 09:49:55,5.6,67.2,17.2,28.93,63.23,0.26,1,27588,0.761,5274.1,3,61.8|74.1|105.2|68.9|95.4|87.8|55.6|55.5|55.6|55.6|76.7|95.4|83.4|76.5|71.6|60.1|59.8|73.6|75.5|77|110.1|109.9,3.9|2.3|0.8|0.8|0.8|0.8|0.8|0.8|0.8|0.8|8.5|0.8|0.8|10.1|16.3|7|14.7|2.3|11.6|36.4|0|0.8
2026-05-07 09:50:06,5.9,89.4,17.21,28.94,63.23,0.26,1,27588,0.761,5284,3,64.9|84.4|55.4|55.7|55.5|55.5|55.5|55.4|55.5|55.7|75.9|69.9|84.6|81.4|50.7|66.3|58.3|60.4|70.7|88.1|108.8|109.4,4.8|3.2|0.1|0.1|0.1|0.1|0.1|0|0.1|0.1|11|0.1|0.1|17.3|17.3|12.6|15.7|0.1|9.5|28.2|0.1|0.1
2026-05-07 09:50:16,4.8,93.9,17.16,28.89,63.23,0.26,1,27588,0.761,5294,5,86.6|87.3|55.9|55.5|55.6|55.5|55.9|55.3|55.8|55.3|155.4|110.3|92|130.9|85.4|82.1|84.9|87.3|191.9|203|109.6|110.1,4|0.9|0|0|0|0|0|0|0|0|28.7|0|0.9|13.3|0.9|0.9|2.4|0.9|2.4|62.8|0|0
2026-05-07 09:50:26,6.4,66.5,17.13,28.85,63.23,0.26,1,27588,0.73,5303.9,5,58.1|49.5|58.4|61.7|59.5|66.6|55.4|78.2|54.9|53.6|58.7|60.8|68.3|44.5|86.7|87|87.5|87.6|83.3|83.3|110|109.8,25.5|0|2.3|8.5|2.3|13.1|0.7|0|2.3|0|14.7|2.3|14.7|0|19.3|0|0.7|0|6.9|0.7|0|0.7
2026-05-07 09:50:36,2.7,59.4,17.18,28.9,63.23,0.26,1,27588,0.73,5313.9,5,59.8|47.9|81.6|62.3|57.8|92.1|55.5|54.4|54.3|55.2|68.5|78.9|72.8|58.1|65.5|81.7|85.3|87.6|50.3|87.4|109.9|110,40.6|0|4.7|6.3|7.8|17.2|7.8|0|1.6|0|21.9|0|15.6|0|3.2|0|6.3|0|0|0|0|0
2026-05-07 09:50:46,9.2,77,17.18,28.88,63.23,0.26,1,27588,0.73,5323.8,5,59|50.7|61.2|60|57.5|78.4|58.2|54.4|59|56.3|73.3|56|64.6|83.9|55.5|45|74.6|79.9|53.2|50|109.8|110,40.7|0.1|0.1|11|4.8|1.6|3.2|0|0|0|11|0.1|12.6|0.1|11|0|6.3|0.1|0.1|0|1.6|0.1
2026-05-07 09:50:57,15,105,17.2,28.94,63.23,0.26,1,27588,0.73,5333.8,5,72.4|97.8|55.3|55.3|55.3|54.3|55.3|54|55.2|55.3|147.8|146.3|91|143.4|91.3|104.1|77.2|92.2|79.6|64|110|110,0|17.3|1.7|1.7|0.1|1.7|0.1|0.1|0.1|0|0|22|23.5|4.8|4.8|17.3|11|9.5|0.1|12.6|0.1|1.7
2026-05-07 09:51:07,8.8,97.5,17.23,28.96,63.23,0.26,1,27588,0.73,5343.7,5,76.1|89.3|66.3|107.4|65.1|62|55.4|55.3|55.4|55.1|104.8|158.3|148.2|122.6|97.8|51.4|75.5|55.4|54|72.9|110.1|110,11.3|36.2|0|0|0|0.4|0|0|0|0|5.1|9.7|20.6|9.7|12.9|6.6|19.1|2|6.6|3.5|0|0
2026-05-07 09:51:17,5.6,68.8,17.2,28.93,63.23,0.26,1,27588,0.73,5353.8,5,79.7|76.5|79.5|111|67.1|64.9|55.5|76.7|55.2|66.5|121.7|76.9|70.3|125.1|103.7|104|76.4|87.9|54.2|53.5|100.3|100.2,0|64.6|1.4|7.6|7.6|3|6.1|7.6|7.6|9.1|3|9.1|1.4|3|0|0|0|0|0|0|0|0
2026-05-07 09:51:27,9.5,61.5,17.2,28.92,63.23,0.26,1,27588,0.73,5363.6,5,57.9|87.6|70.7|55.5|57.8|56.8|55.9|54.9|55.4|56.1|80|80.1|84.3|85.6|61.9|71.2|52|63.7|48.3|77.2|109.6|109.4,0|0|3.3|6.4|17.3|4.9|0|0|3.3|1.7|11.1|1.7|8|1.7|32.9|6.4|8|0.2|1.7|0|0.2|0.2
2026-05-07 09:51:37,6.3,63.6,17.22,28.93,63.23,0.26,1,27588,0.73,5373.7,3,84.1|84.5|75.8|56.1|58.9|62.5|57.9|56|55|55.2|70.5|83|86.1|84|53.8|49.8|56.8|72.4|81.6|86.7|109.8|106.5,3|0|9.2|9.2|6.1|9.2|3|6.1|7.6|0|9.2|0|6.1|4.6|38.4|9.2|9.2|0|3|0|1.5|1.5
2026-05-07 09:51:48,6.6,59.6,17.2,28.91,63.23,0.26,1,27588,0.73,5383.8,3,53|85.7|61.4|56.3|69.4|56.7|55.8|55.3|54.5|54.7|63.6|74.4|62.4|76.9|54.7|77.7|48|54.2|61|48|109.8|107.7,2.2|0|5.3|10|3.8|2.2|5.3|2.2|2.2|2.2|22.4|0|17.8|0|27.1|0|14.7|0|0|0|0.7|0
2026-05-07 09:51:58,4,77.8,17.2,28.91,63.23,0.26,1,27588,0.73,5393.8,3,87.5|87.5|88.7|74.4|56.1|57.2|69.3|56.9|58.6|55.5|81.3|86.3|82.9|89.9|65.8|64|54|85.9|47.8|68.3|102.2|102.4,0|0|5.9|5.9|12.1|0|0|0|0|5.9|19.8|0|0|10.6|0|22.9|21.4|0|5.9|0|0|0
2026-05-07 09:52:08,10.7,109.1,17.28,28.99,63.23,0.26,1,27588,0.73,5403.9,3,75|87.6|88|56.5|88.4|63.2|57.6|115.3|59.5|114.6|135.1|86.1|84|110.5|84.3|132.1|53|68.1|159.4|117.2|109.7|104.4,11.8|0|7.2|7.2|2.6|8.8|2.6|1|0|1|18|0|0|14.9|1|70.6|50.5|0|22.7|2.6|1|0
2026-05-07 09:52:18,2.3,77,17.19,28.92,63.23,0.26,1,27588,0.73,5413.9,3,87.3|87.5|68.4|65.7|60.4|58.3|54.6|54.4|53.8|54.4|85.8|46.1|78.3|74|49.7|57.3|73.9|196.8|50.5|83.8|110.9|103.2,0.1|0.1|0.1|6.3|0|4.8|1.7|3.2|0.1|12.6|6.3|1.7|0|14.1|1.7|61|0|0.1|0|1.7|0.1|0.1
2026-05-07 09:52:28,8.8,74.4,17.2,28.91,63.23,0.26,1,27588,0.73,5423.7,3,47.8|67.5|95.9|57|55.9|55.8|55.3|54.3|53.3|53.7|94.4|80.2|75.2|74.5|52.3|39.9|60.5|62.7|74.1|85.6|0|0,0|0|8.2|5.1|17.6|9.8|2|3.6|0|2|6.7|0|17.6|0|2|2|42.4|0|16|0.5|0|0
2026-05-07 09:52:39,5.6,95.4,17.18,28.88,63.23,0.26,1,27588,0.73,5433.5,3,71.3|86.8|57|55.9|61.8|55.3|54.6|55|54.6|55.3|76.2|84.4|81.1|85.5|62.9|72.1|87.7|100.1|49.4|79.6|110.1|110,0.3|0|0.3|3.4|3.4|0|0|6.5|5|0|6.5|0|5|0|1.9|0.3|86|0|0|0.3|1.9|0.3
2026-05-07 09:52:49,4.6,79.3,17.22,28.88,63.23,0.26,1,27588,0.73,5443.6,3,77|86.2|59.6|56.2|62.6|55.6|55.4|58.7|54.8|55.3|78.9|83.2|99.7|93.4|51.8|51.3|79.7|97|81.6|87|110|110,2.6|0|14.9|19.6|5.7|2.6|0|2.6|0|0|21.1|0|10.3|2.6|2.6|0|27.3|0|2.6|1|1|0
2026-05-07 09:52:59,5,81.6,17.22,28.89,63.23,0.26,1,27588,0.73,5453.5,3,87.5|87.6|62.8|62.1|65|55.3|54.7|54|55.6|54.8|81.6|91|87.4|84.5|59.4|87.2|65.5|79.9|60.4|87.6|110.5|109.4,0|0|4.6|4.6|0|1.5|1.5|0|0|0|0|15.3|16.9|0|0|0|0|76.9|1.5|0|0|0
2026-05-07 09:53:09,3.3,79.2,17.22,28.88,63.23,0.26,1,27588,0.73,5463.5,3,81.3|86.9|55.7|56|54.9|56.3|69.8|54.6|55.5|55.4|74.8|72.7|86.8|85.2|65.5|58.5|77.2|81|59.5|77.4|110.2|110.1,0|0|5.5|0|0.8|22.5|0|0|0|0|0|8.6|3.9|7|2.4|0.8|0|58.2|11.7|0|0.8|0.8
2026-05-07 09:53:20,7.2,82.9,17.25,28.91,63.23,0.26,1,27588,0.761,5473.5,3,81|49.9|84.6|104.1|127|76.4|117.4|53.1|54.6|55.2|71.4|72.7|76.1|80.7|37.7|44.3|48|48.4|42.9|35.8|109.9|109.9,11.7|0|10.2|4|7.1|7.1|4|4|2.5|0|0|7.1|5.6|0|13.3|4|7.1|17.9|11.7|0|0|0.9
2026-05-07 09:53:30,5.9,77.6,17.25,28.93,63.23,0.26,1,27588,0.761,5483.5,3,67.6|83.9|103.8|138.7|129.6|97.7|56.5|54.9|55.3|54.8|70.7|79.2|75.2|55.8|39.8|36.9|42.4|38|59.1|46|109.5|108.6,0.6|0|16.1|13|3.7|20.8|2.2|8.4|0.6|5.3|6.8|3.7|13|2.2|3.7|3.7|9.9|0.6|39.4|11.5|0|0.6
2026-05-07 09:53:40,4.7,67.8,17.23,28.91,63.23,0.26,1,27588,0.761,5493.5,3,51.7|86.1|144.8|94.6|84.4|129.7|53.8|56|68.6|55.5|72.3|82.5|62.8|81.6|49|76.8|47|80.2|47.5|37|110.1|110.1,2.7|5.8|4.3|8.9|2.7|0|1.2|1.2|0|0|7.4|2.7|7.4|4.3|12|10.4|10.4|7.4|22.8|21.3|1.2|0
2026-05-07 09:53:50,5,66.9,17.23,28.91,63.23,0.26,1,27588,0.761,5503.5,3,87.4|87.5|155.2|94.4|84.2|109.6|90.9|55.4|56.2|57|76.2|85.1|66.4|83.5|40.5|66.2|44.9|35.6|52.6|42.2|109.8|110.3,3.8|0.7|14.6|8.4|16.2|5.3|8.4|3.8|2.2|2.2|6.9|2.2|0.7|16.2|5.3|0.7|5.3|3.8|3.8|22.4|0.7|0
2026-05-07 09:54:01,7.4,75.6,17.22,28.91,63.23,0.26,1,27588,0.761,5513.5,3,77.1|146.2|124.4|147.3|113|125.7|57.2|55.4|55.2|54.8|78|118.7|84.4|88.7|50|80.4|54.4|81.9|79|61.9|105.1|103.7,2|0|8.3|3.6|5.1|8.3|6.7|0|0|0|3.6|0|0|11.4|6.7|3.6|2|5.1|9.8|17.6|2|0
2026-05-07 09:54:11,6.9,81.6,17.23,28.91,63.23,0.26,1,27588,0.761,5523.5,3,81.5|55.6|147.2|120.3|89.3|70.5|69.2|62.4|60.8|101.2|153.7|117|175.4|133.3|65.1|55.9|54.6|52.1|104.4|68.7|110.1|110,5.3|9.9|6.8|14.6|6.8|0|2.2|0|0|0|11.5|6.8|5.3|13|11.5|11.5|8.4|6.8|17.7|30.1|2.2|2.2
2026-05-07 09:54:21,4.6,89.7,17.23,28.91,63.23,0.26,1,27588,0.761,5533.4,3,47.1|76.3|162.2|105.6|152.3|149|143.5|58|56.8|59.6|69.4|82.8|69.1|72.9|39.9|37.3|38.1|40.8|44|49.5|109.9|110.3,28.4|3.5|8.2|12.8|5.1|11.3|2|0|2|3.5|14.4|2|22.2|0.4|16|3.5|3.5|3.5|9.7|3.5|0.4|0.4
2026-05-07 09:54:31,5.3,72,17.24,28.93,63.23,0.26,1,27588,0.761,5543.4,3,55.8|75.4|186.1|114.6|135.5|70.4|59|59.2|57.2|108.8|57.1|89|56.2|83|38.3|35.7|36.4|45.1|40.8|43.6|110.1|0,27.2|5.5|22.5|8.6|0|16.3|2.4|0|0|0|8.6|2.4|11.7|4|21|7.1|19.4|5.5|5.5|4|0|0
2026-05-07 09:54:41,4.9,88.2,17.25,28.93,63.23,0.26,1,27588,0.761,5553.3,3,49.3|75.4|123.8|60|85.6|75.9|119.8|91|61|72.3|67.7|51.1|69.4|83.2|38.6|36.2|38.2|73.1|39.8|42.9|110|110.5,13.1|5.4|19.3|11.6|6.9|3.8|3.8|2.3|0.7|0.7|11.6|0|10|2.3|0.7|16.2|8.5|3.8|3.8|0|0.7|0.7
2026-05-07 09:54:52,5.8,95.8,17.23,28.91,63.23,0.26,1,27588,0.761,5563.2,3,70.7|47.1|180.9|149.9|138.2|130.4|58.7|55.5|55.4|55.5|80.9|58.4|62.6|78.1|42.4|47.6|40.5|41.1|43|75.4|110|0,0.9|8.7|13.3|5.6|5.6|2.5|8.7|0|0.9|2.5|2.5|4|5.6|0|8.7|8.7|7.1|7.1|13.3|0|0.9|0
2026-05-07 09:55:02,4.9,86.8,17.29,28.99,63.23,0.26,1,27588,0.761,5573.3,3,54.2|50.9|150.2|82|187.6|88.7|57.4|55.5|55.4|55.5|44.6|89.8|61.3|83.5|37.4|40.6|47|39.4|40.4|43.8|110|0,0|39.7|7.2|4.1|11.8|5.6|1|8.7|0|1|0|14.9|10.3|0|30.4|5.6|27.3|8.7|8.7|2.5|1|1
2026-05-07 09:55:12,3.7,70.2,17.26,28.95,63.23,0.26,1,27588,0.761,5583.4,3,73.6|65.6|175.2|114.9|122|121.2|55.2|55|55.4|55.4|70.2|69.4|56.1|66.4|44.8|36.1|42.6|74.7|48.2|39.5|109.8|0,0.5|19.2|9.9|9.9|9.9|2.1|0|0.5|0.5|0.5|2.1|2.1|13|2.1|9.9|6.8|9.9|8.3|11.4|17.6|0.5|0.5
2026-05-07 09:55:22,5.6,62.4,17.24,28.93,63.23,0.26,1,27588,0.761,5593.4,3,86.5|87|103.8|60.2|109|98|55.4|55.9|55.4|55.6|91.6|71.2|99|85.1|55.7|45.8|46.2|75.3|41.3|44.7|110.1|102.9,1|1|8.7|11.8|21.1|5.6|5.6|2.5|4.1|1|4.1|2.5|5.6|4.1|18|31.9|7.2|5.6|7.2|2.5|1|1
2026-05-07 09:55:33,7.4,55.3,17.28,28.97,63.23,0.26,1,27588,0.761,5603.5,3,56.4|82.9|185.7|166.5|62.8|61.4|55.7|55.1|57|54.6|96.7|91.8|98|89|104.1|117.8|140.8|160.7|50.1|54.6|110|105.8,14.6|0.6|6.8|6.8|11.5|8.4|8.4|11.5|6.8|3.7|20.8|0|17.7|11.5|42.5|14.6|33.2|23.9|23.9|8.4|0.6|0.6
2026-05-07 09:55:43,4.8,70.7,17.26,28.95,63.23,0.26,1,27588,0.761,5613.5,3,43.1|54.2|125.1|137.7|58|66.9|60.1|65.3|71.9|92.4|85.4|101.8|78.7|86.3|50.5|45.5|49.3|48.8|52.3|51.4|110|105.1,5.4|2.3|0.7|3.8|8.5|5.4|3.8|3.8|0|2.3|8.5|2.3|11.6|3.8|24|3.8|14.7|6.9|10|13.1|0|0.7
2026-05-07 09:55:53,4.8,70.9,17.25,28.94,63.23,0.26,1,27588,0.761,5623.5,3,54.9|58.4|163.3|67.9|57|64.3|136.7|112.8|58.7|63.5|62.5|87.1|89.7|86.4|38.2|52.4|56.8|81.7|44.2|35.9|110.1|107.7,2.7|2.7|2.7|5.7|8.8|8.8|5.7|1.1|8.8|0|5.7|1.1|1.1|7.3|13.5|24.3|7.3|1.1|16.6|5.7|1.1|1.1
2026-05-07 09:56:03,8,68.8,17.3,29,63.23,0.26,1,27588,0.761,5633.6,3,143.5|90|124|144.4|153.1|115.2|137.5|125.7|118.4|57.6|122.6|53.9|125.9|153|86.5|161.5|152.8|166.6|94.9|157.4|110.2|108,5.7|0|5.7|2.6|2.6|22.7|5.7|5.7|7.3|10.4|11.9|0|2.6|7.3|2.6|33.6|25.8|0|33.6|18.1|1.1|1.1
2026-05-07 09:56:14,7,71.1,17.22,28.9,63.23,0.26,1,27588,0.761,5643.6,5,54.4|45.4|165.6|90.3|61.8|111.5|62.5|66.8|58.7|173.6|73|80.8|47.5|61.1|53.5|68.4|54.4|100.3|60.9|46.8|109.9|109.8,3.8|0|11.5|5.3|13.1|0|3.8|3.8|0.7|0.7|13.1|0|0.7|13.1|0|16.2|13.1|13.1|5.3|6.9|0|0
2026-05-07 09:56:24,5.1,68.7,17.21,28.88,63.23,0.26,1,27588,0.761,5653.6,5,53.8|86.3|164.3|106|98.7|69.3|55|55.3|55.3|55.4|59.8|84.8|74.3|82.3|46.9|47|49.5|49.1|38.8|60.8|110|109.8,0|0|9.9|2.1|3.7|5.2|0|0|0|0.6|13|0.6|8.3|0|2.1|6.8|19.2|5.2|20.8|0|0.6|0
2026-05-07 09:56:34,4.4,103.6,17.26,28.94,63.23,0.26,1,27588,0.761,5663.6,5,120.9|89.9|177.7|160.5|136|129.2|75.2|58.4|56.5|58.7|124.2|151.8|124.1|193|92.2|104.5|144.1|171.1|102.3|63.8|110.2|110.1,4.1|1|4.1|8.8|16.5|2.6|5.7|2.6|1|10.3|8.8|0|11.9|4.1|1|4.1|27.3|13.4|33.5|4.1|1|1
2026-05-07 09:56:44,4.2,78.6,17.25,28.93,63.23,0.26,1,27588,0.761,5673.5,5,69.3|87.4|128.8|117.4|90.9|60.8|125.3|61.3|62.2|56.2|114.7|96.7|78.7|90.2|39.6|41.7|61.4|59.6|46.5|45.3|110|0,0|0|2.4|13.2|14.8|2.4|3.9|0.8|2.4|0|7|0.8|14.8|2.4|24.1|3.9|16.3|11.7|5.5|2.4|0.8|0
2026-05-07 09:56:54,5.2,66.3,17.23,28.92,63.23,0.26,1,27588,0.761,5683.5,5,44.6|86.4|151.2|58|119|139.6|55.3|55.4|55.3|55.3|104.6|74|53|79.3|42.1|52.3|44.5|45.9|41.7|41.4|107.8|104.6,3.9|0.8|11.6|19.4|3.9|7|0|2.3|0|0|0|11.6|13.2|0|7|16.3|0.8|13.2|10.1|10.1|0|0.8
2026-05-07 09:57:05,5.5,148.9,17.29,28.98,63.23,0.26,1,27588,0.761,5693.5,5,83.7|37.8|149.9|144.1|63.9|63.3|55.5|54.3|55.3|55.5|81.7|71|76.8|79.3|57.5|50.2|154.2|103.7|52.9|73.8|110.1|108.5,6.6|0.4|12.8|3.5|5.1|0.4|0|5.1|0|0|2|19.1|23.7|0.4|3.5|6.6|6.6|23.7|11.3|2|0.4|0.4
2026-05-07 09:57:15,5.1,72.2,17.25,28.93,63.23,0.26,1,27588,0.761,5703.5,5,87.3|86.8|171.4|139.5|135.9|145.8|104.8|56.7|55.8|54.7|84.7|82.6|82.1|88.7|39.4|38.4|43.1|59.1|42.6|38.7|109.9|110,0.6|2.1|9.9|16.1|8.4|5.2|2.1|0.6|2.1|0.6|2.1|8.4|6.8|3.7|2.1|3.7|8.4|17.7|25.4|0.6|0.6|0
2026-05-07 09:57:25,3.9,66.1,17.24,28.92,63.23,0.26,1,27588,0.761,5713.6,5,85.2|85.6|101.7|92.3|112.2|123.1|55.1|54.8|54|54.7|74.8|85.7|96.3|86.5|40.1|32|42.9|40.8|53.6|49.8|109.9|0,5.6|2.5|5.6|5.6|5.6|8.7|4|5.6|0.9|5.6|5.6|13.3|14.9|0.9|16.4|11.8|11.8|8.7|18|4|0|0.9
2026-05-07 09:57:35,11.2,135.7,17.25,28.94,63.23,0.26,1,27588,0.761,5723.7,5,129.1|133.6|131.6|60|85.8|128|113.6|62|63.8|149.5|113|147.3|145.4|149.3|76.5|111.7|82.8|94.6|53.3|51.4|110|109.9,0|2.5|19.5|10.2|8.7|1|0|0|1|0|2.5|4.1|7.1|2.5|7.1|1|8.7|4.1|10.2|2.5|0|0
2026-05-07 09:57:46,5.4,81.3,17.23,28.91,63.23,0.26,1,27588,0.761,5733.7,5,42.2|40.8|181.7|87.8|133|63.6|54.9|55.1|55|55.1|59.6|80.3|87.8|87.4|48.8|46.9|40|43.8|52|68.3|110|0,3.7|3.7|23.9|14.5|2.1|5.2|0.6|6.8|0.6|0|9.9|5.2|9.9|5.2|9.9|0.6|2.1|0|19.2|0|0|0.6
2026-05-07 09:57:56,5.5,67.2,17.23,28.92,63.23,0.26,1,27588,0.761,5743.6,5,86.5|87|168.8|101.1|61.2|64.4|57.4|55.8|61.1|119.6|64.5|81.7|75.9|64.8|38.7|42.8|47.9|48.9|60.9|47.6|110.2|108.7,0.7|0|6.9|6.9|11.6|2.3|0|0|0|0|8.5|0.7|0.7|17.8|10|0|10|2.3|8.5|34.9|0.7|0.7
2026-05-07 09:58:06,11.9,107.3,17.27,28.96,63.23,0.26,1,27588,0.761,5753.7,5,103.2|92.9|108.6|75.1|73.9|61.2|76.5|88.8|68.1|187.8|134.9|89.4|103.1|124.3|63.2|49.5|62.5|63.8|57.6|61.1|109.9|110.4,2.4|0.9|7|10.1|3.9|7|0|7|5.5|3.9|8.6|0.9|0.9|7|11.7|5.5|14.8|7|11.7|14.8|2.4|0.9
2026-05-07 09:58:16,6.8,76.6,17.23,28.91,63.23,0.26,1,27588,0.761,5763.6,3,50.5|79.3|175.1|64.9|149.2|164.8|126.4|57.9|60|59|73.5|77|80.5|76.1|41.6|40.1|47.4|75.9|64.7|69.2|109.8|110,3.8|3.8|17.8|10|3.8|3.8|2.3|3.8|2.3|3.8|13.1|2.3|0.7|13.1|5.4|5.4|5.4|0|2.3|27.1|0.7|2.3
2026-05-07 09:58:26,6.3,79,17.23,28.91,63.23,0.26,1,27588,0.761,5773.6,3,50.7|72|142.5|109.5|171.5|127.2|57.3|56.1|84.4|57.1|84.2|60.9|56.5|78.6|36.8|39.7|40.7|48.4|40.4|40.2|110.1|109.8,20.5|0.2|8|9.5|8|4.9|6.4|1.7|0|0|6.4|0|11.1|1.7|9.5|6.4|11.1|1.7|11.1|0|0.2|1.7
2026-05-07 09:58:37,13.5,73.2,17.24,28.92,63.23,0.26,1,27588,0.761,5783.6,3,67.5|79.1|181.5|62.7|68.8|79.4|54.9|52.1|55|54.8|130|168.3|97.4|136.9|95.4|63.9|58.7|48.8|52.7|38.6|110|110,17.6|0.5|2.1|8.3|2.1|0.5|0.5|6.8|2.1|0.5|13|0|11.4|0|9.9|3.7|13|8.3|11.4|6.8|0.5|0.5
2026-05-07 09:58:47,5,79.9,17.22,28.9,63.23,0.26,1,27588,0.761,5793.5,3,57.1|75.9|177.7|92.5|153.6|109.1|202.7|59.3|110.6|64.3|95.6|87.7|84.8|85|46.6|40.5|37|44.8|42.5|56.5|110|110,25.7|2.5|2.5|11.8|5.6|11.8|0|0.9|0|4|5.6|2.5|10.2|2.5|7.1|5.6|11.8|7.1|19.5|4|0|0
2026-05-07 09:58:57,4.4,63.5,17.23,28.9,63.23,0.26,1,27588,0.761,5803.5,3,69.7|56.3|113.3|73.6|113.2|131.6|140.5|58|60.4|66.1|79.5|72|74.1|84.9|45.5|39.6|46.5|43.1|45.7|54.2|110|110,5.2|23.9|11.4|3.7|6.8|14.5|2.1|0|0.5|2.1|8.3|8.3|6.8|2.1|6.8|8.3|3.7|6.8|9.9|8.3|0.5|0
2026-05-07 09:59:07,12.6,104.8,17.24,28.92,63.23,0.26,1,27588,0.761,5813.5,3,50.1|51.6|86.7|81.3|74.7|153.6|54.1|56.6|54.4|55.4|61.7|124.5|67.2|76.5|58.6|46.7|71.9|97|43.1|76.8|109.9|108.3,9.5|12.6|18.9|1.7|15.8|3.3|3.3|0|0|4.8|4.8|3.3|11.1|1.7|11.1|9.5|3.3|6.4|0.2|1.7|0.2|0.2
2026-05-07 09:59:18,6,65.6,17.22,28.9,63.23,0.26,1,27588,0.761,5823.4,3,68|52.6|104.8|142.7|154|112.5|55.7|56|56.1|56.2|95|73.4|72.7|81.6|49.2|71.4|54.2|73.2|41.3|64.9|91.6|90.1,30|11.4|2|14.5|5.1|6.7|0|0.5|11.4|3.6|9.8|8.2|6.7|3.6|14.5|5.1|25.4|0|14.5|0|0.5|0.5
2026-05-07 09:59:28,4.3,66.3,17.23,28.91,63.23,0.26,1,27588,0.761,5833.4,3,73.7|74.6|101.4|104.5|61.2|112.8|131.3|57.6|56|58.8|72.9|86.9|64|80.5|53.3|40.8|39.1|33.6|39.6|74.6|109.6|104.3,0.5|2|3.6|5.1|12.9|5.1|2|3.6|0|6.7|2|0|11.4|0|19.1|5.1|19.1|3.6|22.2|5.1|0.5|0.5
2026-05-07 09:59:38,7.1,50.8,17.24,28.92,63.23,0.26,1,27588,0.761,5843.4,3,84.6|84.3|158.1|84.4|116.1|61.8|56.1|54.1|56.5|54.8|94.6|73.2|81.8|90.2|65.5|45|44.6|37.9|44.1|37.3|110|104.9,5.2|0|9.9|3.7|8.3|6.8|3.7|0.6|2.1|2.1|9.9|2.1|13|0.6|17.7|31.6|11.4|5.2|17.7|5.2|0|0
2026-05-07 09:59:48,5.7,73.9,17.22,28.9,63.23,0.26,1,27588,0.761,5853.3,3,42.3|80.3|178.8|71.5|61.5|97.8|56.2|55.8|56.2|55.3|69.1|84.7|65.1|118.9|62.4|84.9|44.7|42.9|36.5|39|108.1|100.3,2.8|7.4|12.1|16.7|18.2|2.8|13.6|9|5.9|2.8|13.6|2.8|7.4|1.2|29|4.3|7.4|1.2|13.6|1.2|1.2|1.2
2026-05-07 09:59:58,5,70.4,17.24,28.97,63.23,0.26,1,27588,0.761,5863.2,3,70.4|85|97.9|75.2|122.1|117|54.9|58.1|55.4|55.9|151.4|93.9|98.6|171.6|41.6|82.7|71.8|41.8|59.4|62.4|109.2|108.7,1.3|2.8|0|0|0|0|0|0|0|0|29|5.9|7.5|27.5|15.2|16.7|39.8|10.5|33.7|15.2|1.3|0
2026-05-07 10:00:09,7.2,64.5,17.26,28.96,63.23,0.26,1,27588,0.761,5873.2,3,86.7|87|99.5|89.3|56.7|106.8|55.6|55|55.2|56.2|103.2|92.8|81.8|69.3|52.9|52.7|38.1|67.2|43.2|38.1|109.9|110.1,0|0|5.5|5.5|4|14.8|4|5.5|0|0.9|7.1|0|0|11.7|5.5|25.6|19.4|0|0.9|11.7|0|0
2026-05-07 10:00:19,5.1,72.8,17.24,28.94,63.23,0.26,1,27588,0.761,5883.3,3,82.6|44.3|126.5|62.2|119.2|63.5|181.6|57.6|58.2|55.3|75.5|74|89.7|69.4|51.8|53.9|35.6|35.3|87.6|87.6|110.1|0,0|0.9|7.1|13.3|5.5|14.8|2.4|0|0|0|11.7|0|2.4|4|21|28.8|13.3|0.9|2.4|2.4|0.9|0
2026-05-07 10:00:29,4.4,76.1,17.24,28.94,63.23,0.26,1,27588,0.761,5893.3,3,51|83.6|117.8|111.8|66|69.9|58.7|54.6|55.3|56.4|96|95.3|72.7|78.1|50.3|87.5|56.6|71.4|49|67|110.1|0,0.4|0|9.7|12.8|5.1|8.2|3.5|0.4|5.1|1.9|1.9|0.4|8.2|0|9.7|5.1|30|0|1.9|8.2|0.4|0.4
2026-05-07 10:00:39,5.3,84,17.24,28.93,63.23,0.26,1,27588,0.761,5903.4,3,46.2|87.2|109.9|60.9|69.9|94.8|67.7|56.9|55.4|65.2|85.9|89.3|88.5|86.7|44.5|43.8|53.7|41.8|47.4|42.3|110|109.4,4.4|0|0|5.9|9|7.4|0|0|0|0|7.4|2.8|5.9|0|12.1|0|26|4.4|22.9|0|1.3|0
2026-05-07 10:00:50,5.1,78.1,17.22,28.91,63.23,0.26,1,27588,0.761,5913.4,3,53.6|79.7|180.1|129.4|136.7|108.4|55.1|56.2|54.4|54.9|68.4|86.8|67.8|65|46.8|45.2|73.1|69.6|42.3|74.2|109.9|109.8,0.4|0.4|9.8|9.8|6.6|14.4|9.8|2|0|0.4|2|2|8.2|0|3.5|2|16|6.6|19.1|0|2|0.4
2026-05-07 10:01:00,7.4,65.2,17.23,28.92,63.23,0.26,1,27588,0.761,5923.4,3,77.5|87.4|163.6|59.5|63.5|89|47.8|51|52|50.2|84|94.5|80|87.1|39.4|38.1|58.7|62.7|39|39.3|110|110.2,0|0|5.7|10.3|2.6|0|1.1|1.1|8.8|2.6|0|2.6|7.2|2.6|8.8|5.7|15|24.2|22.7|2.6|0|0
2026-05-07 10:01:10,7.7,57.1,17.26,28.94,63.23,0.26,1,27588,0.761,5933.3,3,95.7|46.4|66.3|134.7|68.1|69.9|55.5|55.5|55.5|55.5|49.7|97|59.1|78.5|36.7|38.3|66.7|54|34.5|32.9|109.9|110,3.9|0|2.3|7|10.1|10.1|0.8|2.3|0|0|2.3|7|3.9|0.8|3.9|7|0.8|17.8|27.1|0.8|0.8|0.8
2026-05-07 10:01:20,5.8,85.2,17.24,28.92,63.23,0.26,1,27588,0.761,5943.3,3,83.1|86.7|164.6|111.4|75.3|100.1|56.7|55.2|55.1|56.8|87.5|81.6|73|88.3|41.2|41.5|48.5|46.8|34.9|56.7|110|110.1,1.9|0.3|19|8.1|14.4|0.3|0|0|1.9|0|0|1.9|8.1|0.3|9.7|0|9.7|5|23.7|0.3|0.3|0.3
2026-05-07 10:01:31,6,83.6,17.23,28.92,63.23,0.26,1,27588,0.761,5953.3,3,48.7|45|143.9|114.1|110.6|74.4|122.5|57.8|59.1|58.9|67.5|61.7|88.4|87.5|43.3|47.2|50.2|37.9|49.4|44|110.1|109.4,2.1|2.1|17.7|8.3|9.9|2.1|2.1|3.7|3.7|0.6|8.3|2.1|9.9|3.7|9.9|5.2|5.2|11.4|20.8|8.3|0.6|0.6
2026-05-07 10:01:41,10.2,121.1,17.28,28.97,63.23,0.26,1,27588,0.761,5963.4,3,124|101.8|161|155.1|115.9|148.1|66.1|114.4|103.6|157.8|88.9|92.9|100.9|86.5|121.1|85.1|53.1|40.4|155|126.6|109.9|109.9,31.7|0.6|3.7|13|16.1|0.6|6.8|6.8|2.1|0|16.1|0|20.8|0|13|2.1|14.6|0.6|70.5|3.7|0.6|0.6
2026-05-07 10:01:51,4.3,76.6,17.24,28.92,63.23,0.26,1,27588,0.761,5973.4,3,81.1|85.8|164.1|174.8|59.1|106.7|55.6|55.3|55.3|58.8|89|79.8|70.4|48.4|39.5|37.2|42.9|47.1|47.5|45.5|109.9|110,8.5|2.3|0.8|3.9|17.8|3.9|0|0.8|0.8|0|7|2.3|2.3|10.1|10.1|8.5|19.4|3.9|5.4|14.7|0.8|0
2026-05-07 10:02:01,4.1,67.3,17.24,28.92,63.23,0.26,1,27588,0.761,5983.3,3,54.5|76.9|131.6|130.6|66.2|104.3|80.4|57.6|56.4|57|93.5|86.1|82|64.4|37.8|39.3|41.2|43.7|53.7|55|107.3|107.2,8.6|2.4|4|2.4|4|11.7|0|13.2|10.2|10.2|2.4|0.9|0.9|13.2|7.1|5.5|14.8|0.9|11.7|31.8|0|0
2026-05-07 10:02:11,4.5,67.1,17.26,28.94,63.23,0.26,1,27588,0.761,5993.3,3,79.4|39|146.9|183.9|123.1|113.4|73.4|57.2|57.6|56|122.5|89.3|78.1|77.7|41.9|63.8|48.9|39.7|54.8|52.1|109.9|109.3,7.3|8.9|4.3|0|0|1.2|1.2|0|7.3|12|8.9|5.8|5.8|24.3|7.3|4.3|7.3|7.3|10.4|32.1|1.2|1.2
2026-05-07 10:02:22,4.5,74.7,17.23,28.9,63.23,0.26,1,27588,0.761,6003.4,5,49.7|70.4|171.4|166.8|64.2|94.7|91.4|58.5|58.2|58.6|66|83.3|66.5|84|42.5|39.1|39.4|50.7|45|75.8|110.1|109.7,20.8|2.2|23.9|11.5|2.2|9.9|3.7|3.7|2.2|3.7|11.5|3.7|8.4|2.2|11.5|6.8|0.6|5.3|3.7|5.3|2.2|0
2026-05-07 10:02:32,5.7,68.8,17.23,28.91,63.23,0.26,1,27588,0.761,6013.4,5,54.5|52.3|172.9|139.1|77.9|70.4|113.3|101.5|59.6|61.8|63.5|84|91.9|79.8|43.4|44.3|42.2|77.5|46.5|71.7|110|109.9,22.3|2.2|17.7|0|3.7|2.2|0|0|0|0|8.4|0.6|16.1|0.6|5.3|5.3|8.4|3.7|14.6|3.7|0|2.2
2026-05-07 10:02:42,6.1,73,17.25,28.92,63.23,0.26,1,27588,0.761,6023.4,5,48.6|68.9|119.4|172.5|184.6|87.8|55.3|55.4|55.1|55.3|67.9|95.7|77.2|84|41|46.2|42.7|41.8|55.2|80.6|109.9|0,26.8|1.9|9.7|1.9|12.8|5.1|14.4|6.6|0.4|3.5|16|1.9|19.1|3.5|11.3|14.4|3.5|0|5.1|8.2|0.4|0.4
2026-05-07 10:02:52,7.6,64.2,17.23,28.91,63.23,0.26,1,27588,0.761,6033.3,5,49.1|62.6|61.4|70.7|68.6|90.1|54.7|54.5|54.7|54.6|54|114.4|77.9|79|52.6|87.1|52.1|83|53.2|78|0|0,0|32|8.8|15|5.7|11.9|4.2|1.1|1.1|1.1|0|15|7.3|1.1|11.9|5.7|1.1|0|7.3|2.6|1.1|1.1
2026-05-07 10:03:03,4.8,62.7,17.25,28.94,63.23,0.26,1,27588,0.761,6043.1,5,64.2|65.1|143|147.8|102.4|99.3|55.9|68.8|123.7|58|80|92|78.6|76.3|51.9|49.1|83.5|88.4|50.7|42.6|103.7|102.4,1.8|33|0.2|0.2|0.2|0.2|0.2|0.2|0.2|0.2|0.2|20.5|9.6|1.8|11.2|6.5|23.6|3.4|11.2|3.4|0.2|0.2
2026-05-07 10:03:13,1.9,66.6,17.26,28.96,63.23,0.26,1,27588,0.761,6053.1,5,54.8|56.4|98.3|56|70.7|83.3|57.2|54.9|53.6|53.5|70.3|90.4|55.2|49.6|48.8|54.9|44|64|52.6|48.3|109.9|103.1,2.3|11.6|17.8|8.5|5.4|6.9|2.3|2.3|8.5|6.9|8.5|13.1|16.2|3.8|11.6|3.8|11.6|14.7|6.9|0.7|0.7|0
2026-05-07 10:03:23,5.5,57.1,17.24,28.94,63.23,0.26,1,27588,0.761,6063.1,5,86.2|42.3|100.3|58.5|92.6|60.5|58.4|55.4|56|54.7|80.5|86.8|68.5|90.6|53.7|44.8|58.5|44.3|68.9|87.2|109.9|105,0|0.5|6.7|3.6|11.4|3.6|6.7|3.6|2|6.7|5.2|0|3.6|0.5|39.4|0|5.2|0|6.7|0|0.5|0.5
2026-05-07 10:03:33,5.8,59.7,17.24,28.94,63.23,0.26,1,27588,0.761,6073,5,61|87.4|76.2|56.2|115.9|56.7|59.8|54.5|54.5|54|83.2|74.1|73.5|85.9|58|45.4|43|53.2|53.1|86.6|110.4|104.9,0.5|0|6.7|9.9|9.9|11.4|0.5|2.1|8.3|0.5|8.3|0|11.4|0|40.9|0|3.6|0.5|5.2|0|0.5|0.5
2026-05-07 10:03:43,5.2,61.2,17.26,28.95,63.23,0.26,1,27588,0.761,6082.9,5,57.5|86.7|84|58.4|59.7|59.4|55.3|64|56.3|56.4|70.3|92.6|55.5|101.8|56.5|43.5|49.8|43|60.1|83.3|109.9|109.9,0|0|3.6|8.2|11.4|9.8|3.6|3.6|0.5|2|9.8|0|8.2|0.5|45.6|0|8.2|2|0.5|5.1|0|0
2026-05-07 10:03:54,4.8,74.6,17.24,28.94,63.23,0.26,1,27588,0.761,6092.8,3,85.7|86.5|81.6|66.9|66.8|135.8|54.2|54.9|55.4|54.7|78.7|80.1|83.9|82.2|74.3|58.2|48.8|47|58.5|87.2|110.4|110.6,6.8|2.1|3.7|9.9|3.7|8.3|3.7|3.7|2.1|2.1|8.3|0.6|2.1|23.9|3.7|34.7|9.9|5.2|3.7|2.1|2.1|2.1
2026-05-07 10:04:04,4.4,84.8,17.25,28.93,63.23,0.26,1,27588,0.761,6102.6,3,83.5|87.6|61.3|78.3|58.7|85.2|73|56.5|56.4|55.7|74.5|47.9|82.6|81.7|62.9|64.5|51.2|80.4|48.5|73.8|110.2|110,3.5|2|6.6|0|0.4|6.6|8.2|3.5|2|0.4|14.4|2|0.4|20.6|3.5|56.4|2|2|2|3.5|2|2
2026-05-07 10:04:14,6.5,74.3,17.24,28.92,63.23,0.26,1,27588,0.761,6112.6,3,54.9|87.6|73.9|61.8|57.4|61.2|60.1|53.4|54.8|52.7|67.6|83.5|83.3|91.6|58.6|55.7|57.2|74.3|59.9|48.3|110|109.9,1.6|0|12.5|12.5|12.5|12.5|1.6|0|0|4.7|15.6|0|0|15.6|0|32.8|10.9|0|3.1|0|0|0
2026-05-07 10:04:24,5,55,17.22,28.91,63.23,0.26,1,27588,0.761,6122.5,3,84.2|49.8|72.4|60|56.8|58.2|67|55.3|64.1|55.2|66.1|79.6|73.2|80.7|49.8|74.3|56.3|78.4|51.1|70.3|110.3|110,0.8|0|3.9|3.9|2.4|0|0|3.9|2.4|0|8.6|0|5.5|0|5.5|0|78.3|0|2.4|0|0.8|0.8
2026-05-07 10:04:34,5,58.3,17.25,28.94,63.23,0.26,1,27588,0.761,6132.4,3,61.2|86|86.8|55.9|61|64.2|54.7|54.3|54|54.3|69.5|82.3|76.4|83.8|44.7|83.4|61.9|63|45.4|87.6|109.9|110.1,8.2|2|6.7|6.7|5.1|3.5|2|0|0|5.1|25.3|2|19.1|2|9.8|5.1|58|8.2|19.1|0.4|0|0
2026-05-07 10:04:45,6.9,66.8,17.24,28.93,63.23,0.26,1,27588,0.761,6142.3,3,57.8|86|79.1|57.9|56.4|65.3|55.4|54.1|54.9|54.9|91|75.2|59|122|52|79.3|69|74.9|82.9|84.6|110|110.1,12.9|0.5|14.5|2.1|3.6|0|0|0.5|3.6|0|16.1|3.6|8.3|3.6|2.1|0|54.9|0|2.1|0|0.5|0.5
2026-05-07 10:04:55,6,63.7,17.23,28.92,63.23,0.26,1,27588,0.761,6152.1,3,85.7|44.6|65.5|56.6|55.8|61.2|55.2|55.5|55.3|56.1|82.9|85.3|70.3|78.7|48.9|48.6|62.5|63.5|54|79.9|107.2|107.2,0.5|0|6.7|9.9|8.3|9.9|2.1|5.2|2.1|0.5|5.2|5.2|13|2.1|3.6|5.2|16.1|33.2|6.7|0.5|0.5|0.5
2026-05-07 10:05:05,5.1,66.3,17.29,28.99,63.23,0.26,1,27588,0.761,6161.8,3,64.5|86.5|90|92.5|69.5|65.1|55.2|54.9|55.2|72.6|78.7|91.9|83.3|77.4|60.8|142.6|65.4|79.2|52.6|77.2|110|109.3,13.2|3.9|13.2|5.5|7|11.7|2.4|5.5|0|0|2.4|45.8|47.3|0|10.1|3.9|0|47.3|28.7|0|0|0
2026-05-07 10:05:15,5.7,57.7,17.26,28.94,63.23,0.26,1,27588,0.761,6171.7,3,61.8|86.5|132.8|109.5|88.5|75.8|55.8|54.1|55.1|55.4|87.3|101.6|125.3|141.5|64.2|61.4|75.5|84.2|46.2|75.1|110.1|110.2,4.9|0.2|11.1|8|6.4|3.3|0.2|0.2|0.2|4.9|1.7|12.7|17.3|1.7|6.4|3.3|8|17.3|20.4|9.5|0.2|0.2
2026-05-07 10:05:26,5.9,76.8,17.24,28.92,63.23,0.26,1,27588,0.761,6181.8,3,48|36.7|160.6|83.4|91|83.9|54.2|93.2|56.4|54.7|78.9|83.2|63.1|75.1|41.8|60.4|44.2|46.2|56.6|44.7|110|109.2,8.3|6.7|5.2|0.5|0|23.8|0|0|0.5|3.6|5.2|3.6|12.9|6.7|9.8|9.8|2.1|8.3|31.6|19.2|0|0
2026-05-07 10:05:36,5.3,64.9,17.3,28.99,63.23,0.26,1,27588,0.761,6191.7,3,187.2|114.6|178.4|132.3|149.4|120.9|56.3|67.1|60.3|113.7|119|89.2|124.4|132.9|120.5|122.1|60.1|143.1|123.2|105.2|110.2|109.4,28.8|4|21|25.7|16.4|17.9|0.9|0|5.5|4|27.2|5.5|19.5|0|17.9|2.4|13.3|5.5|47.4|7.1|0|0
2026-05-07 10:05:46,5.7,75.3,17.25,28.94,63.23,0.26,1,27588,0.761,6201.7,3,62.9|82.2|160.6|106.7|82.2|107.2|54.5|58.8|54.7|55.1|85.6|85.4|103.5|51.2|69.2|80.9|43.9|47.1|58.2|55.5|109.9|0,3.6|3.6|16|12.9|6.7|5.1|8.3|0.5|0.5|6.7|5.1|0|2|0|23.8|5.1|16|0|14.5|6.7|0|2
2026-05-07 10:05:56,5.6,75.3,17.43,29.17,63.23,0.26,1,27588,0.761,6211.8,3,55.9|83.5|152.7|87.2|109.6|82.8|55.3|54.7|55|54.9|89|85.8|79.4|62.2|41.1|36.8|43.9|40.8|51.9|56.1|109.9|0,36.8|16.7|10.6|12.1|4.4|13.6|5.9|1.3|0|5.9|47.6|30.6|24.4|44.5|30.6|12.1|32.1|21.4|27.5|42.9|0|0
2026-05-07 10:06:06,12.1,71.9,17.72,29.47,63.23,0.26,1,27588,0.761,6221.7,3,137.1|46.1|190.8|168|151.6|115.5|116.3|161.1|91|167.1|141.5|82.5|96.7|126.8|111.6|92.1|118.9|120.6|150.3|155.5|110|110.2,31.7|5.3|6.8|5.3|6.8|3.7|6.8|0.6|0.6|6.8|20.8|0.6|5.3|23.9|34.8|6.8|27|0|37.9|61.2|0|0.6
2026-05-07 10:06:17,5.9,140.2,17.6,29.34,63.23,0.26,1,27588,0.761,6231.7,3,117.9|81.1|0|56.5|53.4|0|0|55.4|54.1|0|120.7|91.1|120.4|124.9|74.7|71.4|64.7|73.2|66.7|92.6|110.1|110.1,2.1|2.1|0.5|6.7|0|9.8|0.5|0|0|0.5|8.3|0|0.5|6.7|11.4|2.1|11.4|2.1|11.4|28.5|0|0
2026-05-07 10:06:27,3.6,87.5,17.59,29.33,63.23,0.26,1,27588,0.761,6241.7,3,57.8|73.8|141.3|92.4|133.4|61.3|86.3|55.8|54.6|57.1|69.2|43|71.8|88|42.9|44.5|47.5|47.4|46.9|57.1|110|109.9,19.5|5.5|2.4|0.9|0.9|0.9|8.6|4|0.9|0|10.2|4|13.3|4|24.1|0|11.7|0|4|10.2|0|0
2026-05-07 10:06:37,6.8,114.8,17.6,29.33,63.23,0.26,1,27588,0.761,6251.7,3,125.7|109.2|183.5|173.5|134.6|136.1|141.3|146.8|104.4|154.5|164|211.1|153.1|122.1|114.7|54|79.9|92.2|129.2|140.6|109.9|110,14.5|0|5.1|8.2|3.6|16|0.5|0|0|0.5|8.2|0|14.5|0|6.7|0.5|5.1|0.5|9.8|12.9|0|0.5
2026-05-07 10:06:47,8.9,124.2,17.58,29.31,63.23,0.26,1,27588,0.761,6261.7,3,58.8|60.4|89.1|89.5|57.4|70.3|64.8|100.3|106.1|74.3|85.8|93.9|71|74.4|48.2|39.4|39.8|52.4|80.5|50|110|110.3,17.7|2.2|5.3|2.2|0.7|20.8|0.7|0.7|0.7|0.7|3.8|2.2|13.1|2.2|16.2|10|6.9|11.5|6.9|5.3|0|0.7
2026-05-07 10:06:58,6.8,86.6,17.58,29.31,63.23,0.26,1,27588,0.761,6271.7,3,77.1|71.7|75.9|161.9|175.2|187.2|122.8|76.1|74.7|66.2|92.7|127.3|100.5|89.7|74.2|54|53.9|48.3|65.7|58.6|105.3|104.6,0.9|24.1|4|7.1|21|2.5|2.5|2.5|5.6|2.5|0.9|8.7|13.3|4|13.3|5.6|11.8|4|21|4|0.9|0.9
2026-05-07 10:07:08,6.6,148.5,17.61,29.35,63.23,0.26,1,27588,0.761,6281.7,3,153.6|85.2|165.5|129.4|65.8|130.9|175.4|58.7|61.9|55.1|64.7|89.1|76.5|95.7|121.9|143|126.5|95.4|69.9|114.6|109.8|106.5,0|20.8|8.3|3.7|8.3|5.2|2.1|0.6|0|0|2.1|16.1|20.8|5.2|9.9|0.6|9.9|11.4|17.6|0|0.6|0.6
2026-05-07 10:07:18,4.8,73.4,17.58,29.32,63.23,0.26,1,27588,0.761,6291.7,3,68.3|71|74.2|182.6|58.7|66.8|55.4|55.5|55.6|55.7|84.4|113.1|58.5|82.8|51.8|45.9|44.8|52.9|41.6|69.3|110.1|107.8,10.1|24.1|8.6|14.8|2.4|4|2.4|0|0|4|4|8.6|8.6|2.4|14.8|13.2|8.6|2.4|7.1|2.4|0.9|0.9
2026-05-07 10:07:28,6.1,63.1,17.58,29.32,63.23,0.26,1,27588,0.761,6301.8,3,87.3|87|149.5|109.1|58.8|81|121.4|58.3|61.9|58.6|72.3|85|70.3|89|57.3|45.5|49.3|82.3|47.5|66.7|110|108,3.8|2.2|11.5|5.3|5.3|6.9|3.8|3.8|3.8|2.2|0.7|2.2|8.4|2.2|30.1|8.4|19.3|13.1|10|5.3|0.7|0.7
2026-05-07 10:07:39,7.3,138,17.6,29.34,63.23,0.26,1,27588,0.761,6311.8,3,143.5|87.9|110.9|75.7|156.8|88.6|149.6|74.1|82.3|72.2|159.7|98.2|117.1|85.9|75.4|43.4|52|39.8|77.4|47.3|110.1|109.9,0.7|0|17.8|8.5|17.8|3.8|2.3|0.7|0|0.7|5.4|0.7|10|0.7|19.4|0.7|8.5|0|11.6|17.8|0.7|0.7
2026-05-07 10:07:49,5.1,71.2,17.58,29.32,63.23,0.26,1,27588,0.761,6321.8,3,67.4|86.3|146|131.3|61.1|58.7|55.5|54.8|55|56.2|74.1|82.2|80.7|79.6|62.9|51.9|66.4|36.8|42.9|58.2|110|109.7,0|0.9|7.1|4|5.6|2.5|8.7|2.5|10.2|0|11.8|0|10.2|0|27.2|2.5|8.7|2.5|19.5|0.9|0|0.9
2026-05-07 10:07:59,5.6,121,17.57,29.31,63.23,0.26,1,27588,0.761,6331.8,3,104.9|90.9|132.9|70.3|74.7|114.8|112.4|58|60|61.2|192|114.8|159.1|216.7|73.8|93.5|75.8|76|72.2|57.8|109.2|109.3,0.8|0.8|0|0|2.3|0.8|0|0|0.8|0.8|20.9|0.8|3.9|16.3|16.3|39.5|19.4|10.1|8.5|11.6|0.8|0.8
2026-05-07 10:08:09,13.9,81.5,17.62,29.35,63.23,0.26,1,27588,0.761,6341.9,3,133.7|80.8|109.7|63.2|92.4|87.8|125.3|69.3|98.6|64.2|127.2|98.5|92|131.8|52.8|77.5|71.7|39|126.7|47.7|110.1|110,2.1|2.1|6.8|6.8|8.3|11.4|0|0|0|0|9.9|0|0|8.3|0|20.8|6.8|9.9|6.8|0|0|0
2026-05-07 10:08:19,5.3,77.9,17.56,29.29,63.23,0.26,1,27588,0.761,6351.9,5,79|42.8|117|115|84.6|69.3|55.3|55.1|55.2|55.5|75.1|85.5|79.8|81.1|63.6|78.4|50.7|47.5|45.6|49.3|109.9|109.5,3.9|2.4|5.5|17.9|3.9|5.5|0|0|3.9|3.9|10.1|0|3.9|8.6|8.6|19.4|16.3|3.9|21|11.7|0.8|0
2026-05-07 10:08:30,4.9,75.3,17.55,29.29,63.23,0.26,1,27588,0.761,6361.8,5,50.2|48.1|123.2|59.2|138.1|118.1|53.8|54.1|55.5|54.1|82.1|49.7|66.1|46.2|53.9|44|58.8|50.2|47.4|80.8|110.3|110.9,0.8|0.8|0.8|7|8.5|5.4|0|2.3|0.8|5.4|7|0|13.2|0|8.5|0.8|22.5|17.8|2.3|33.3|0.8|0.8
2026-05-07 10:08:40,11,95.3,17.57,29.3,63.23,0.26,1,27588,0.761,6371.9,5,86.7|86.5|70.6|112|88.2|62.1|84.8|54.8|56.4|59|76.3|84.5|72.9|84.9|56.7|54.2|67.8|56.2|48.1|53.1|110|0,4.1|1|7.2|10.3|0|2.5|1|0|0|0|4.1|4.1|4.1|4.1|10.3|5.6|21.1|4.1|27.3|11.8|1|0
2026-05-07 10:08:50,5.6,80,17.55,29.29,63.23,0.26,1,27588,0.761,6381.8,5,57.5|87.6|60.2|57.2|61.8|55.7|56.9|54.1|55.3|54.6|71.3|82.2|87.6|88.5|60.7|76.8|89.7|89.2|67.7|87.2|110.1|109.7,9.1|1.4|15.2|9.1|7.5|12.1|6|0|0|0|12.1|13.7|16.8|7.5|4.4|2.9|27.6|39.9|9.1|0|1.4|1.4
2026-05-07 10:09:00,5.9,80.2,17.54,29.28,63.23,0.26,1,27588,0.761,6391.8,5,72.4|75.6|61.4|66.3|55.4|59.1|55.3|55.1|54.3|54.6|75|73.6|86.4|84.9|58.9|64.7|89.9|106.1|72.5|87.6|101.4|101.2,3|0|7.7|0|0|0|0|3|0|0|0|15.4|4.6|0|3|1.5|0|56.9|9.2|0|0|0
2026-05-07 10:09:11,6.6,148.5,17.56,29.3,63.23,0.26,1,27588,0.757,6401.8,5,77.1|72.8|55.8|55.7|55.6|55.9|55.5|64.6|55.5|56.1|91.7|93.1|97.2|95.5|76.2|69.3|105.3|166.3|72.9|80.4|109.9|109.8,0.4|0.4|5.1|0.4|3.5|3.5|2|0.4|3.5|3.5|5.1|11.3|0.4|5.1|0.4|2|5.1|73.6|0.4|0.4|0.4|0.4
2026-05-07 10:09:21,5.5,90,17.54,29.28,63.23,0.26,1,27588,0.757,6411.9,5,58|85|101.4|140.7|106.7|64.9|55.2|54.5|55.5|55.5|78.8|69.7|75.8|85.3|53.4|56.1|72.4|81.6|77.1|97.4|110.1|109.8,8.1|1.9|8.1|12.8|17.5|1.9|0.3|0|0.3|9.7|8.1|0|6.6|0|17.5|0.3|6.6|1.9|31.5|6.6|0.3|0
2026-05-07 10:09:31,6.1,82.9,17.54,29.27,63.23,0.26,1,27588,0.757,6421.8,3,87.1|87.1|102.7|122.5|70.9|79.5|56.3|55.1|116.6|58.8|91.8|92.1|75.2|106.8|61.4|55.1|42|44.3|80.7|70.2|110|110.5,3.3|0|14.2|6.4|1.7|0.1|0|0|3.3|6.4|6.4|0|3.3|0|3.3|0|0.1|1.7|50.1|3.3|0|0.1
2026-05-07 10:09:41,7.6,81,17.59,29.33,63.23,0.26,1,27588,0.757,6431.8,3,66.2|86.4|118.8|76.5|61.5|57.8|106.3|58.3|56.1|118.8|87.9|87.7|79.4|83.8|54.2|88|54.2|60.8|81.8|82.2|107.8|110,5.3|0.6|5.3|0.6|3.7|6.8|2.1|5.3|2.1|2.1|5.3|0.6|6.8|0.6|8.4|2.1|5.3|11.5|28.5|14.6|0.6|2.1
2026-05-07 10:09:52,5.7,70,17.58,29.31,63.23,0.26,1,27588,0.757,6441.8,3,75.5|86.5|117.5|69.3|60.1|98.6|79.7|54|56.1|54.9|78.9|84.1|84.4|79|56.3|58.9|59|50.9|73.2|75.8|109.8|109.8,6.6|1.9|9.7|11.2|6.6|0|0|0.3|0.3|1.9|9.7|17.5|17.5|3.4|6.6|3.4|11.2|5|5|33|0.3|0.3
2026-05-07 10:10:02,6.1,85.6,17.58,29.31,63.23,0.26,1,27588,0.757,6451.8,3,65.6|86.1|112.5|119.2|75.1|107.5|54.9|55.3|55|57.5|79.1|150.7|71.4|60.7|54.5|67.4|68.8|74.1|102|72.3|110|109.9,5.1|2|5.1|5.1|12.9|5.1|0.4|0|0|0.4|0.4|2|0.4|0.4|6.7|9.8|16|3.6|3.6|31.6|0|0
2026-05-07 10:10:12,9.9,149.4,17.66,29.4,63.23,0.26,1,27588,0.757,6461.9,3,104.4|100.5|55.2|55.5|53.5|56|54.8|55.5|55.4|55.6|139.2|192.2|79.2|103.1|69.1|58.2|106|86.4|198.7|177.3|110.6|109.9,21.1|11.9|0|0|0|0|0|0|0|0|24.2|4.1|0|21.1|18|4.1|11.9|4.1|19.6|70.6|0|0
2026-05-07 10:10:22,5,86.3,17.55,29.29,63.23,0.26,1,27588,0.757,6472,3,77.3|69.3|161.3|62.3|133|119.5|56.9|58.6|56.4|55.4|71.8|88.2|65.7|79.7|50.9|45.5|52.5|81.5|68.6|86.8|110|110.1,31.6|2.1|6.8|14.5|2.1|5.2|0.5|0.5|0|0.5|8.3|5.2|11.4|0.5|9.9|8.3|11.4|17.6|3.6|0|0|0
2026-05-07 10:10:33,5.7,87.2,17.55,29.29,63.23,0.26,1,27588,0.757,6482.1,3,77|81.9|155.7|74.9|96.6|71.4|114.1|66.9|58.6|58.2|76.4|69.4|81.1|81.9|60.1|72.3|57.8|80.9|63.3|70.7|110|103.5,22.3|14.5|6.7|14.5|3.6|5.2|0.5|0.5|0.5|0.5|2.1|2.1|11.4|2.1|12.9|3.6|6.7|2.1|0.5|2.1|0|0.5
2026-05-07 10:10:43,6.2,82.4,17.55,29.29,63.23,0.26,1,27588,0.757,6492.2,3,75.3|81.8|169.7|67.2|201.4|90.9|127.5|59.4|60|126.9|91.9|86.5|145.5|98.7|70.9|58.3|65|80.9|70.5|79.7|110.1|104.2,14.8|3.9|5.5|8.6|7|0|8.6|0|0.8|0.8|5.5|5.5|14.8|5.5|8.6|16.3|16.3|14.8|0.8|11.7|0|0.8
2026-05-07 10:10:53,5.1,83.8,17.52,29.26,63.23,0.26,1,27588,0.757,6502.1,3,89.6|97.4|135.3|86.7|77|56.5|55.4|57.1|55.5|55.5|83.6|90|62.9|76.1|54.7|56.9|67.9|72.5|58.2|56.8|110.2|100,2.1|27|0.5|0.5|3.7|0.5|6.8|0|0.5|0|3.7|14.5|14.5|0|11.4|2.1|11.4|9.9|3.7|2.1|0|0
2026-05-07 10:11:03,5.5,79.6,17.52,29.26,63.23,0.26,1,27588,0.757,6512.2,3,79.5|74.1|106.6|71.6|161.4|87.9|125.5|57|56|61.1|72.3|64.5|67.4|88.4|61.5|50.3|72.1|47.3|64|83.4|105.3|103,0|29.8|18.9|15.8|4.9|4.9|9.6|0|0.2|9.6|0|9.6|1.8|0|6.4|3.3|12.7|1.8|11.1|0.2|0.2|1.8
2026-05-07 10:11:13,4.8,80.5,17.56,29.3,63.23,0.26,1,27588,0.757,6522.2,3,50.9|69.2|112.3|68.1|131.3|80.8|109.1|60.6|64.2|76.9|84.2|80.1|80.9|63|58.3|69.9|87|87.5|98.5|52.7|109.6|0,0.6|31.7|9.9|2.2|22.3|2.2|0.6|3.7|0|0.6|0.6|11.5|13|3.7|9.9|0|6.8|0|3.7|0.6|0|0
2026-05-07 10:11:24,7.1,87.1,17.53,29.27,63.23,0.26,1,27588,0.757,6532.3,3,62.6|86.7|175.6|57.4|67.2|78.3|55.6|54.6|55|55.1|71.4|85.1|79.9|85.7|81.1|51.9|80|77.5|63.1|54.2|109.7|0,0.6|0|6.8|11.5|5.3|6.8|5.3|2.2|6.8|3.7|5.3|0.6|13|0.6|16.1|5.3|13|9.9|11.5|0|0.6|0
2026-05-07 10:11:34,5.1,83,17.53,29.26,63.23,0.26,1,27588,0.757,6542.2,3,85.3|87.5|63.1|58.1|89.6|80.8|57.8|55.1|59.3|55|85.7|86.1|70.8|83.5|70.7|94.9|73.4|67.3|64.3|75.1|109.5|0,8.4|0.6|5.3|8.4|2.2|13|5.3|0.6|3.7|0|0.6|2.2|2.2|2.2|28.6|20.8|8.4|3.7|11.5|3.7|0.6|0
2026-05-07 10:11:44,7.2,71.2,17.6,29.33,63.23,0.26,1,27588,0.757,6552.2,3,87.5|87.5|133.6|107.8|62.7|72.2|55.7|55.9|87|55.4|77.3|92|80.7|90.4|66.5|64.1|67.9|45.2|72.8|73.6|110.2|0,0.4|0.4|0.4|0|2|9.8|2|0|0|0|12.9|0.4|14.4|0|25.3|14.4|8.2|3.6|11.3|16|0|0.4
2026-05-07 10:11:54,5.5,80.2,17.58,29.32,63.23,0.26,1,27588,0.757,6562.2,3,48.1|86.8|72.2|96.2|58.3|90.3|95.4|57.2|57.4|56.4|79.2|84|84.3|78.2|64.6|79|89.5|69.1|73.8|51.2|110.1|110.1,0.7|0|3.8|2.2|0|14.6|3.8|0.7|0.7|3.8|8.4|0|0|6.9|5.3|19.3|17.7|5.3|16.2|3.8|0|0
2026-05-07 10:12:05,7.5,76.5,17.58,29.32,63.23,0.26,1,27588,0.757,6572.2,3,66.9|86.4|174.9|155.9|122.1|72.4|55.8|55.2|55.4|56.5|73.3|88|82.9|73.1|77.1|71.5|88.2|85.4|72.1|86.5|110|110.1,0.4|0.4|14.4|8.2|3.5|9.8|6.6|0.4|0.4|0|2|0|0|3.5|0|37.8|6.6|0.4|9.8|2|0.4|0.4
2026-05-07 10:12:15,5.9,78.9,17.57,29.3,63.23,0.26,1,27588,0.757,6582.3,3,86.5|87.6|129.3|103.8|97.9|58.8|55.4|54.4|55.3|55.4|88.5|78.4|80.5|76.3|60.8|81.7|56.7|38.3|56.5|75.9|109.9|110.3,5.2|0|6.7|11.4|19.2|8.3|3.6|0|0|0.5|8.3|0|0.5|17.6|0|26.9|8.3|0|9.8|5.2|0.5|0.5
2026-05-07 10:12:25,5.7,73.8,17.55,29.29,63.23,0.26,1,27588,0.757,6592.3,3,87.6|87.6|105.3|86.9|60.4|103.4|54.8|54.8|54.8|54.6|76.2|89.7|73|83.5|85.9|64.1|72.5|58.6|63.9|77.2|109.9|110.5,3.5|2|14.4|8.2|5.1|5.1|3.5|0|5.1|0|8.2|2|8.2|3.5|6.6|0.4|22.2|5.1|11.3|0|0|0.4
2026-05-07 10:12:35,6.8,79.1,17.55,29.29,63.23,0.26,1,27588,0.757,6602.3,3,86.9|87.5|160.7|94.8|61.2|71.1|73.5|56.5|57.8|83.6|67|85.3|67.5|80.9|79.8|43.7|81.4|63.3|91|41.7|109.9|110.4,0.8|2.4|10.1|13.2|3.9|14.8|3.9|2.4|2.4|5.5|10.1|0|8.6|0|3.9|2.4|39.6|0|8.6|0|0.8|0.8
2026-05-07 10:12:45,5.8,81.9,17.58,29.31,63.23,0.26,1,27588,0.757,6612.4,3,85.2|83.7|94.5|88.1|63.5|68.9|55|55.4|55.4|55.3|90.4|86|106.1|66.9|55.7|73.2|87|66.8|53.5|86.4|109.9|110.1,3.9|2.3|0|2.3|0.8|0|0|2.3|5.4|0|5.4|0.8|10.1|8.5|7|0.8|34.9|3.9|38|2.3|2.3|0.8
2026-05-07 10:12:56,5.1,78,17.56,29.3,63.23,0.26,1,27588,0.757,6622.4,3,59.5|79.8|115.9|162.6|115.8|139.9|51.3|54.4|55|53.7|80.7|80.7|81.2|83.8|53.3|45.7|54.6|61.8|71.4|59.4|109.4|109.5,5.3|0|19.2|8.4|3.7|3.7|6.8|3.7|2.2|3.7|0|13|9.9|0|2.2|5.3|5.3|31.7|9.9|5.3|0|0
2026-05-07 10:13:06,5.4,99.3,17.56,29.3,63.23,0.26,1,27588,0.757,6632.4,3,86.7|87.5|133.6|124.4|122.3|61.1|54.8|54.7|54.4|54.6|81.7|80.4|73.6|79.2|56.8|73.9|72.7|75|49.4|50.9|110.1|110.4,3|3|4.5|6.1|9.1|6.1|0|4.5|6.1|0|7.6|10.7|12.2|0|15.3|1.4|10.7|29.2|13.8|1.4|1.4|1.4
2026-05-07 10:13:16,4.1,77.7,17.54,29.28,63.23,0.26,1,27588,0.757,6642.3,3,84.7|94.8|156.9|66.6|116.4|147.8|55.1|56.5|57.7|54.6|115.2|103.3|84.6|100.2|66.4|76.5|83.5|93.2|82.5|61.5|110.3|110.4,1.6|0|11|11|4.7|3.2|0|3.2|14.1|6.3|1.6|4.7|6.3|3.2|11|7.8|0|34.4|14.1|4.7|0|0
2026-05-07 10:13:26,5.4,77.7,17.53,29.27,63.23,0.26,1,27588,0.759,6652.3,3,88.3|87.5|55.5|55.3|50.7|55.9|55.6|56|55.3|56.1|88.1|86.4|87.6|85.5|59|50.1|55.7|55.6|85.6|95.8|110.2|109.7,3.9|0.8|0|0|0|0|0|0|0|0|10.1|0|11.7|0|10.1|8.6|14.8|28.7|14.8|8.6|0|0
2026-05-07 10:13:37,5.4,80.6,17.53,29.27,63.23,0.26,1,27588,0.759,6662.4,3,89.1|86.9|137.1|105|58.2|63.6|55.2|55.5|55.1|56.5|87.2|65.5|75.2|81.5|53.8|51.1|77.8|52.3|70.1|90.5|110.3|0,8.1|1.9|6.6|6.6|5|3.5|5|5|0.4|0|14.4|0.4|17.5|1.9|11.3|1.9|0.4|9.7|33.1|9.7|0|0.4
2026-05-07 10:13:47,5.9,87.4,17.54,29.27,63.23,0.26,1,27588,0.759,6672.4,3,59.4|87.1|92.4|88.5|65.5|109.6|56.5|82.4|55.6|57|86.3|83.7|102.2|88.4|51.6|49.1|52.4|55.4|79.3|105.4|110.1|109.6,3.2|3.2|7.9|4.8|4.8|1.7|3.2|3.2|4.8|3.2|7.9|0.1|12.6|1.7|7.9|4.8|11|11|39.1|6.3|0.1|0.1
2026-05-07 10:13:57,5.5,71.4,17.53,29.27,63.23,0.26,1,27588,0.759,6682.3,3,68.9|86|156.8|78.5|106|67.7|55.3|56.2|103.4|56.2|96.9|89|109.8|100.5|54.8|61.2|57|48.4|63|78.8|108.6|108,0.8|2.3|0|2.3|2.3|5.4|2.3|2.3|0.8|2.3|11.6|0.8|2.3|5.4|22.5|8.5|11.6|0.8|7|39.5|0.8|0.8
2026-05-07 10:14:07,6.6,92,17.55,29.29,63.23,0.26,1,27588,0.759,6692.2,3,76.3|79.6|105.4|58.9|55.6|59.2|53.1|52.9|52.4|52.7|97.4|100.9|87.2|85.5|56.5|58|52|42.2|130.1|72|110.1|110.1,13.2|7|7|0|0|0.8|0|0|3.9|7|14.7|0.8|7|10.1|17.8|5.4|13.2|0|0.8|44.2|0|0
2026-05-07 10:14:17,5.2,97.1,17.54,29.27,63.23,0.26,1,27588,0.759,6702.2,5,67.3|97.3|55.7|55.5|53.4|55.5|55.5|55.4|55.6|55.4|105.8|110.9|86.7|88.2|57.2|54.7|63|50.4|95.6|92.8|110.1|103.5,0.6|2.2|6.8|0.6|3.7|3.7|0.6|0.6|0.6|0.6|13.1|2.2|2.2|10|25.5|8.4|10|6.8|13.1|20.8|0.6|0.6
2026-05-07 10:14:28,6.6,76.7,17.53,29.27,63.23,0.26,1,27588,0.759,6712.2,5,67.8|75.3|57.1|110.1|115|120|77.7|55.3|55.3|55.4|104.3|100.7|66.3|96.2|77|48.8|68.3|63.9|59.4|51.1|110.1|107.8,31.7|3.8|0|0.7|11.5|0.7|0.7|0.7|0.7|0.7|8.4|0.7|6.9|0|13.1|11.5|10|2.2|6.9|0.7|0.7|0.7
2026-05-07 10:14:38,3.8,79.1,17.55,29.28,63.23,0.26,1,27588,0.759,6722.2,5,79.9|62|73.5|64.7|70|66.4|152.7|72|74|61.1|84.3|62|76.9|100.3|58.3|60.3|58|44.9|48.8|60.8|109.3|99,29.9|5|8.1|3.4|5|11.2|1.9|3.4|0.3|0.3|14.3|0.3|9.7|0.3|37.7|9.7|31.5|22.1|17.5|8.1|0.3|0.3
2026-05-07 10:14:48,6.1,72.4,17.56,29.29,63.23,0.26,1,27588,0.76,6732.3,5,62.6|76.3|55.5|55.7|55.5|55.7|54.4|55.5|48.2|55.6|88.4|65.5|65.7|79.3|57.4|49|86.7|59.1|47.2|65.9|110|105.2,21.1|2.5|1|4|8.7|7.1|1|1|1|1|7.1|2.5|13.3|2.5|11.8|7.1|10.2|8.7|7.1|2.5|1|1
2026-05-07 10:14:58,5.3,82.1,17.55,29.29,63.23,0.26,1,27588,0.76,6742.3,5,86.6|78.6|55.1|55.6|68.8|55.4|125.9|70.9|63.2|60.4|88.5|95|68.2|81.2|67.7|58.1|49|84.4|77.1|97.6|105.8|103.5,5.4|31.8|0|7|10.1|0|0|0.8|2.3|0|0|7|11.6|5.4|3.9|0.8|10.1|2.3|14.7|3.9|0.8|0.8
2026-05-07 10:15:09,3.4,75.5,17.57,29.31,63.23,0.26,1,27588,0.76,6752.4,5,98.4|85.3|90.9|108.4|77.5|122.6|55.1|54.6|61.3|55.3|95.7|88.4|82.8|107.5|90.5|51.6|46|51.8|49.8|54.8|110|110,5.4|55|7|5.4|2.3|10.1|3.9|0.8|0|0|7|13.2|20.9|8.5|27.1|16.3|44.2|13.2|25.6|5.4|0|0
2026-05-07 10:15:19,5.6,70.4,17.56,29.3,63.23,0.26,1,27588,0.76,6762.4,5,78.5|79|55.4|55.5|55.1|55.5|52.5|55.6|55.5|55.4|58.4|69.6|86.5|86.9|60.7|54.2|59.1|57.5|57.6|70.2|109.5|109.4,3.7|28.6|5.3|8.4|2.2|6.8|0.6|0.6|0.6|0.6|0|9.9|11.5|3.7|11.5|6.8|11.5|2.2|5.3|2.2|0.6|0.6
2026-05-07 10:15:29,5.1,67.7,17.56,29.29,63.23,0.26,1,27588,0.76,6772.3,5,55.6|85|69.4|112.4|86.5|87.9|94.6|56.2|57.1|54.9|62.9|82.2|74.1|82.3|67.2|57|77.2|90.3|56.8|55|109.9|110.1,3.4|0|8.1|3.4|0.3|3.4|3.4|3.4|1.9|3.4|12.8|1.9|6.6|0|28.4|5|23.7|9.7|9.7|0|0.3|0.3
2026-05-07 10:15:39,5.4,72.8,17.61,29.37,63.23,0.26,1,27588,0.76,6782.4,5,64.5|95.9|163.7|130.1|110.8|124.4|56.4|56|58.7|56|114.6|90.2|116.1|96.3|169.3|141.4|124.7|145.4|138.3|153.9|110|109.8,3.8|5.3|3.8|3.8|5.3|5.3|2.2|3.8|3.8|0.7|16.2|0|20.9|3.8|55|16.2|28.6|17.8|37.9|3.8|0|0
2026-05-07 10:15:49,5.3,71,17.53,29.27,63.23,0.26,1,27588,0.76,6792.5,5,87.3|87|56.4|89.7|95.1|82.3|54.7|54.1|54|54.2|149.1|95.8|77.5|82.8|78.4|84.5|67.7|51.5|74.8|145.3|110|109.9,5|1.9|1.9|5|0|0.3|3.5|0.3|0.3|0.3|9.7|0|8.1|0.3|22.1|9.7|19|14.4|3.5|0.3|0.3|0.3
2026-05-07 10:16:00,5,71.2,17.54,29.27,63.23,0.26,1,27588,0.76,6802.6,5,85.8|86.4|113.1|56.5|57.4|71.3|79.9|66.2|72.8|64.6|85.8|90|91.9|87.9|59.9|81|69.7|71.8|67.1|61.7|109.8|110.5,5.3|5.3|8.5|3.8|0|0.7|0|0.7|0.7|0|6.9|0.7|0.7|5.3|2.2|36.4|27.1|0.7|5.3|5.3|0|0
2026-05-07 10:16:10,7.1,100.8,17.58,29.33,63.23,0.26,1,27588,0.76,6812.7,3,99|83.2|128.3|74.8|62.3|105.5|104.1|112.9|61.6|142.9|125.4|107.3|89.8|134.8|114.1|142.3|142.3|165.6|105.3|172.1|109.9|110,1|1|10.2|8.7|2.5|11.8|1|1|1|0|11.8|2.5|1|8.7|2.5|31.9|11.8|1|5.6|1|0|0
2026-05-07 10:16:20,6.8,81.8,17.56,29.31,63.23,0.26,1,27588,0.76,6822.8,3,78.1|107.9|100.8|57.5|77.9|57.3|57|57.1|56.3|62.3|80.6|83.4|97.7|99.3|57.3|74.7|60.8|52.9|63.8|51.1|110|110.4,6.7|0|11.4|12.9|2|11.4|5.1|6.7|8.2|6.7|6.7|0.5|8.2|8.2|0|12.9|14.5|0.5|6.7|0.5|0.5|0.5
2026-05-07 10:16:30,4.5,93.7,17.5,29.33,63.23,0.26,1,27588,0.76,6832.8,3,67.8|78.4|109.9|142.8|58.6|58.1|55.5|55.4|55.4|55.4|99.9|116.9|74.8|86.1|64.4|81.5|83.8|61.4|81.5|69.9|110.1|110.1,2.6|1.1|5.7|4.2|13.4|4.2|5.7|0|2.6|2.6|4.2|1.1|5.7|1.1|10.3|2.6|28.9|8.8|16.5|8.8|1.1|1.1
2026-05-07 10:16:41,6.4,159.3,17.53,29.35,63.23,0.26,1,27588,0.76,6842.8,3,74.4|74.2|111.7|191.6|142.9|177.5|85.8|56.1|55.6|56.1|102.1|92.9|102.7|116.7|102.1|72.2|106.3|104.8|155|152.6|110.1|109.8,6.8|2.2|2.2|0.6|0.6|5.3|3.7|0.6|2.2|0.6|19.3|2.2|22.4|3.7|13|11.5|30.1|9.9|27|6.8|0.6|0.6
2026-05-07 10:16:51,5.6,72.3,17.49,29.3,63.23,0.26,1,27588,0.761,6852.8,3,86|88|57.3|57|85.9|55.4|55.6|55.3|55.3|55.5|85.3|116.7|83.5|89.8|51.3|55.1|85.7|81.8|57.1|48.4|110.3|110.2,3.8|0.7|8.5|8.5|5.4|3.8|2.3|5.4|2.3|2.3|0.7|27.1|33.3|2.3|13.1|2.3|2.3|30.2|41.1|10|0|0
2026-05-07 10:17:01,6.1,85,17.48,29.3,63.23,0.26,1,27588,0.761,6862.8,3,85.4|87.5|97.8|119.7|59.8|67|55.7|57.3|74.8|60.9|82.6|80.7|84.9|102.7|58|52|67.5|69.6|51.7|75.4|105.1|102.9,2|0|8.2|6.6|12.9|6.6|0.4|0|0|2|0|2|5.1|0|3.5|2|0.4|28.4|16|3.5|2|0.4
2026-05-07 10:17:11,8.3,124.3,17.52,29.34,63.23,0.26,1,27588,0.761,6872.8,3,54.5|85.4|95.1|65|114.5|148.3|54.9|55.1|55.2|55.2|85.7|89.1|80.5|83.5|55.5|71|56.9|65|60.8|68.2|110|0,9.9|0.6|5.2|5.2|3.7|0.6|3.7|9.9|6.8|8.3|2.1|6.8|9.9|0.6|6.8|6.8|6.8|39.4|20.8|8.3|2.1|0.6
2026-05-07 10:17:21,4.8,73.4,17.47,29.31,63.23,0.26,1,27588,0.761,6882.8,3,55.2|66.3|58.3|104.6|62.5|58.7|59.2|84.9|62.3|57.3|74.5|84.9|76.1|86.3|58.5|56.8|53.4|75|86.4|111.9|110|0,8.5|0|17.8|5.4|13.1|11.6|2.3|0.7|2.3|0|28.6|0|24|0|0|0|8.5|0|28.6|0|0|0.7
2026-05-07 10:17:32,6.7,97.7,17.47,29.32,63.23,0.26,1,27588,0.761,6892.8,3,98.1|119.4|129.7|58.3|140|69.8|62.8|56|56.3|55.6|108.9|97.8|92.8|55.6|66.6|70.8|80|74.6|104.3|134.2|0|109.8,11.3|0|9.8|12.9|2|5.1|0.4|0|6.6|0|25.3|0|25.3|0|6.6|0|6.6|0.4|34.6|5.1|0|0
2026-05-07 10:17:42,15.6,138.6,17.54,29.39,63.23,0.26,1,27588,0.761,6902.8,3,125.8|114.9|54.7|55.7|55.5|55.6|54.3|55.5|55.5|55.8|124.2|148.1|124.2|188.1|115.4|110.6|153.7|158.2|156.8|183.5|110.5|109.6,10.3|2.6|0|0|0|0|0|0|0|0|32|1.1|24.2|5.7|16.5|2.6|15|21.2|83|4.1|0|0
2026-05-07 10:17:52,5.9,91.8,17.49,29.33,63.23,0.26,1,27588,0.761,6912.9,3,56.5|82.7|92.1|125.4|102.2|59.2|54.6|54.3|55|54.6|74.5|71.2|70.8|67.8|54.4|58.9|65.3|44.8|79.8|78.5|109.9|110.1,0.9|0.9|4|10.2|5.6|7.1|0.9|2.5|0.9|4|4|4|0.9|13.3|8.7|2.5|7.1|0.9|0.9|44.3|0.9|0.9
2026-05-07 10:18:02,4.3,77.9,17.51,29.37,63.23,0.26,1,27588,0.761,6922.8,3,133.3|57.2|76.4|66.6|62|104.2|55.2|55.1|55.1|55.2|168.2|90|87.3|138.2|70.8|66|72.7|76|56.7|83.6|110.1|109.9,10.2|0.9|0.9|0.9|0.9|0.9|0.9|0.9|0.9|0.9|21|2.5|2.5|16.4|16.4|10.2|16.4|7.1|14.8|38.1|2.5|2.5
2026-05-07 10:18:13,6.6,96.8,17.56,29.44,63.23,0.26,1,27588,0.761,6932.9,3,93.1|72.4|78.3|136.8|71.4|87.8|55.3|52.7|55.2|54.7|64.6|83.5|82.5|74.8|56.9|58.5|59|47.3|74.4|68.8|110.2|105.7,0|0.7|10|3.8|2.3|13.1|0.7|0.7|0|2.3|8.5|0|0|8.5|6.9|0.7|0.7|2.3|10|30.2|0.7|0.7
2026-05-07 10:18:23,5.2,78.1,17.49,29.35,63.23,0.26,1,27588,0.761,6942.9,3,73.7|83.7|118.4|57.6|57.7|55.9|103.8|61|62.6|85.1|73.2|53.5|67.4|64.5|47.8|55.2|72.2|63.1|63.6|74.3|109.1|107.4,30|0.4|14.4|5.1|6.6|8.2|5.1|0|0|0|8.2|0|6.6|0|14.4|2|0|0.4|9.8|5.1|0.4|0
2026-05-07 10:18:33,4.8,71.2,17.49,29.34,63.23,0.26,1,27588,0.762,6953,3,73.7|108|138.9|105.2|57.3|84.4|55.5|55.1|55.9|54.9|105.4|73.2|68.2|71.4|49.2|56.8|54.2|46.9|74.9|74.9|110|102.6,20.8|0|3.8|10|6.9|19.3|3.8|0|3.8|0|11.5|2.2|14.6|0|11.5|3.8|6.9|3.8|3.8|0|0|0.7
2026-05-07 10:18:43,5.4,158.8,17.56,29.41,63.23,0.26,1,27588,0.762,6962.9,3,185.5|157.7|55.5|55.6|55.6|55.5|55.7|55.6|55.5|55.6|152.3|125.1|147.2|119.9|87.5|87.5|85.6|90.8|89.1|86|110.1|103.3,65.8|0.6|0.6|0.6|0.6|0.6|0.6|0.6|0.6|0.6|20.8|2.1|14.6|0.6|0.6|0.6|0.6|0.6|0.6|0.6|0.6|0.6
2026-05-07 10:18:53,6.7,69.1,17.47,29.31,63.23,0.26,1,27588,0.73,6972.9,3,62|76.3|96|59.8|88.2|61.8|55.8|55|114.1|58.2|63.8|70.4|62.6|83.7|55.6|86.9|87.5|85|87.6|87.6|109.9|110.3,0|33.3|10.1|5.4|13.2|14.7|2.3|0|2.3|0|0|25.6|7|0|20.9|0|3.9|2.3|0.8|3.9|0|0
2026-05-07 10:19:04,4.9,72.5,17.46,29.28,63.23,0.26,1,27588,0.73,6982.8,3,60.1|62.7|62.5|70.6|81.9|63.7|54.8|54.2|55.9|54.5|77.9|82|61.2|60.4|54.5|71.4|49.5|83.7|57.6|69.8|110.1|110.2,0.1|26.6|3.2|6.3|9.4|0.1|0.1|0|0|0|1.6|14.1|7.9|0|4.8|0.1|12.6|4.8|4.8|3.2|0.1|0.1
2026-05-07 10:19:14,9,76.5,17.45,29.3,63.23,0.26,1,27588,0.73,6992.6,3,162.7|87|72.5|92.2|83.2|63.3|54.9|55.1|69.5|55.1|64.5|82.3|88.8|88.5|134.7|94.2|69.6|87|96.5|83.3|110|109,3.7|45.6|0|0|0|0|0|0|0|0|0.6|33.2|19.2|0.6|14.5|9.9|22.3|2.1|3.7|5.2|0|0
2026-05-07 10:19:24,6.9,60.5,17.44,29.26,63.23,0.26,1,27588,0.73,7002.6,3,51.1|87.4|76.8|59.5|59|71.1|54.5|56|55.3|55.2|84.1|87.4|95.4|89.4|55.2|51.6|47.4|50.4|52.3|42.9|109.3|110,3.2|0.1|1.6|6.3|15.7|17.2|3.2|7.9|11|7.9|20.4|0|25.1|0.1|48.5|0|23.5|0.1|17.2|1.6|0.1|0.1
2026-05-07 10:19:34,6.5,61.9,17.44,29.26,63.23,0.26,1,27588,0.73,7012.6,3,75.7|87.4|72.8|59.3|64|56|54.9|55.2|53.9|53.9|86.1|86.5|68.2|77.6|56.9|71.8|45.8|67|44.7|77.5|0|0,2.3|0|3.9|0.8|11.6|7|0|2.3|0|0.8|7|0.8|5.4|0.8|42.6|0|13.2|0.8|5.4|0|0|0
2026-05-07 10:19:45,5.6,68.2,17.47,29.29,63.23,0.26,1,27588,0.73,7022.5,3,87.4|87.6|57.5|60.3|58.2|78.8|83.9|54.4|54|61.1|87.4|84.9|77|79.4|55.2|39.4|65|142.9|50.1|49.2|110|0,0|0|3.1|4.7|7.8|6.3|4.7|1.6|0|0|7.8|0|7.8|0|45.3|0|6.3|0|7.8|0|0|0
2026-05-07 10:19:55,4.8,70.9,17.44,29.26,63.23,0.26,1,27588,0.73,7032.4,3,87.2|86.7|57.8|59.4|59.2|57.1|55.7|54.8|55.1|55.2|68.3|89.6|82.7|89.3|69.8|57.1|49.6|61.7|44.1|78.3|109.9|110.1,1.7|0.2|1.7|4.8|8|6.4|0|4.8|6.4|6.4|4.8|3.3|0|17.3|0|37.6|6.4|0|11.1|0.2|1.7|1.7
2026-05-07 10:20:05,5.4,61.4,17.45,29.27,63.23,0.26,1,27588,0.73,7042.3,3,87.4|87|71.7|58.5|57.7|73.9|69.4|54.4|54.8|55|71.1|73.4|70.6|64|58.3|54|50.1|87.2|52.9|83.9|0|110.4,0.4|3.5|8.1|14.4|3.5|11.3|3.5|0|1.9|6.6|1.9|1.9|1.9|11.3|0.4|45.5|0.4|3.5|8.1|3.5|0.4|1.9
2026-05-07 10:20:15,5.5,60.3,17.49,29.31,63.23,0.26,1,27588,0.73,7052.3,3,87|85.9|65.5|60.4|55.3|74.3|54.9|54.7|55.2|53.8|90.6|82.8|84.9|97.1|60|54.4|53.9|65.7|39|67.8|0|0,3.6|0.4|2|6.7|8.2|5.1|0.4|2|0.4|0|5.1|0|0|8.2|0.4|44|20.7|5.1|6.7|2|2|0.4
2026-05-07 10:20:25,5.8,68,17.46,29.27,63.23,0.26,1,27588,0.73,7062.2,5,50.7|82.2|74.1|56.4|62|55.7|55.4|54.9|54.9|55.3|75.2|80.8|86|85.3|57.9|87.5|57.5|49.8|57|87.5|108.2|110.5,4.2|1.1|22.7|4.2|2.6|1.1|5.7|4.2|1.1|8.8|19.6|2.6|16.5|4.2|2.6|0|15|5.7|1.1|0|1.1|1.1
2026-05-07 10:20:36,5.4,67.8,17.46,29.27,63.23,0.26,1,27588,0.73,7072.1,5,79.5|87.5|77.2|71.2|59.6|56.4|55|55.2|55.4|53.6|85.1|83.4|75.4|85.8|60.2|87.3|62.2|52.1|67.5|86.5|109.4|110,3.6|0|8.3|0.5|12.9|5.2|2.1|3.6|0.5|0|22.3|0|22.3|0|2.1|0|26.9|0|3.6|0|0.5|0
2026-05-07 10:20:46,5.5,63,17.47,29.28,63.23,0.26,1,27588,0.73,7082.1,5,65.7|78.4|97.8|66.9|68.4|62.8|67.2|56|55.4|57.1|86.5|85.5|107.6|93.3|80|92.8|64.3|64.4|54.1|86.3|0|0,1.8|1.8|15.9|14.3|3.4|0|5|0.3|5|0.3|8.1|0.3|8.1|0.3|0.3|0.3|37.7|6.5|15.9|0.3|0.3|0.3
2026-05-07 10:20:56,12.8,142.7,17.69,29.33,63.23,0.26,1,27588,0.73,7092,5,143|174.2|55.6|55.4|55.4|55.6|55.4|55.3|55.5|55.5|207.8|209.9|203.7|201.5|132.5|155|132.5|135.1|129.7|140.8|109.2|109.9,11.3|2|0.4|0.4|0.4|0.4|0.4|0.4|2|0.4|3.6|17.6|22.2|2|6.7|6.7|5.1|23.8|30|6.7|0.4|0.4
2026-05-07 10:21:06,5,74.6,17.62,29.35,63.23,0.26,1,27588,0.73,7101.9,5,79.6|88.1|70.2|68.9|64|58.8|111.8|57.7|57.3|60.7|82.9|95.8|89.7|85.8|60.3|52.5|77.4|121.5|84.6|89.7|110|109.9,28.9|4.2|11.9|7.3|8.8|7.3|2.6|4.2|4.2|5.7|1.1|42.8|38.2|5.7|16.5|13.5|0|42.8|49|5.7|0|0
2026-05-07 10:21:16,7.6,72.6,17.6,29.34,63.23,0.26,1,27588,0.73,7111.8,5,61.1|87|61.7|58.8|63.2|58.5|55.1|55.2|55.3|55.1|86|83.5|79.2|86.4|67.3|69.8|74.8|93.3|85|86.7|110.4|110.7,2.3|0|0.7|2.3|3.8|2.3|2.3|0|0|0|0|17.8|31.7|0|5.4|0|0|27.1|3.8|3.8|0.7|0.7
2026-05-07 10:21:27,5.9,75.7,17.54,29.32,63.23,0.26,1,27588,0.73,7121.8,5,73.2|99.4|56.7|60.7|55.7|72.3|55.3|55.3|55.3|54.7|77.5|81.7|95.5|101.5|62.4|51.4|54.9|70.1|89.7|80.7|110|109.9,0|1.6|1.6|4.7|4.7|6.3|0|0|1.6|0|4.7|0|18.8|0|3.2|1.6|0|0|62.5|0|1.6|3.2
2026-05-07 10:21:37,3.8,73,17.52,29.31,63.23,0.26,1,27588,0.73,7131.8,5,69.3|87.4|58.2|55.2|55.4|54.7|54.1|54.8|55.7|54.4|88.8|107.8|70.7|79.6|73.7|82.1|71.7|51.5|75.4|68.3|109.8|109.9,1.7|1.7|3.3|4.8|9.5|0|0|1.7|7.9|9.5|12.6|0|22|0|3.3|0.1|4.8|0|71.9|0.1|0|0
2026-05-07 10:21:47,5.5,60.1,17.55,29.36,63.23,0.26,1,27588,0.751,7141.7,3,78.9|75.2|106|61.2|106.5|123.9|56.8|54.4|55|54.7|65.5|83.5|76.5|48.3|43.5|38.7|47.3|45.5|50.2|58|109.9|109.8,2|2|9.8|8.2|9.8|3.5|5.1|0.4|2|3.5|3.5|2|6.6|2|9.8|2|20.6|3.5|22.2|9.8|0.4|0.4
2026-05-07 10:21:57,6.1,71.2,17.59,29.38,63.23,0.26,1,27588,0.751,7151.8,3,49.1|66.1|148.1|62.2|58.1|142.8|55.8|54.3|54.9|54.5|76.2|85.6|82.2|76.3|46.5|44.2|52.8|83.5|38.2|55.1|110|110,2.3|0|24|11.6|2.3|0.7|0.7|2.3|0|3.8|6.9|0|0|13.1|6.9|8.5|8.5|0|0|28.6|0|0.7
2026-05-07 10:22:08,6.1,89.3,17.59,29.37,63.23,0.26,1,27588,0.751,7161.8,3,69.5|81.4|151.5|60.6|76.8|143.6|55.1|55.1|60.5|55.4|86.6|108.4|69.4|95.3|41.8|41.1|42.9|41.9|58|52|109.4|107.2,0|0|21|8.6|3.9|0.9|0|0.9|0|0.9|8.6|0|2.4|8.6|10.1|3.9|3.9|3.9|0|28.7|0|0.9
2026-05-07 10:22:18,5.5,100.4,17.55,29.34,63.23,0.26,1,27588,0.75,7171.8,3,81|87.4|190.3|63.2|72.1|61.1|55.9|57.6|83.8|56.1|78.9|84.1|80.6|77.4|40.7|36.4|35.7|39.2|48.3|48.5|109.9|102.8,2.6|1|19.6|11.8|10.3|7.2|4.1|5.7|2.6|4.1|7.2|1|1|16.5|8.7|1|7.2|4.1|7.2|35|0|0
2026-05-07 10:22:28,5.8,85.8,17.55,29.34,63.23,0.26,1,27588,0.75,7181.8,3,80.9|52|121.6|59.4|126.1|154.2|55.3|55.1|55.1|55.1|82.1|85.8|67.7|96.3|54|43.1|46.6|45|37.7|69.2|109.9|106.9,13.7|0|9.1|6|12.2|9.1|1.4|0|4.5|0|10.6|0|12.2|2.9|19.9|7.5|19.9|1.4|9.1|1.4|0|0
2026-05-07 10:22:38,5,81.9,17.54,29.33,63.23,0.26,1,27588,0.75,7191.8,3,50.5|69.9|124.5|72|133.5|132.9|54.9|55.2|104.2|55.6|63.5|82.9|75|77.7|55|36.7|41.6|46.3|41.2|74.4|109.9|103.9,18.4|6.1|4.5|6.1|26.1|7.6|1.4|4.5|3|0|1.4|1.4|6.1|0|3|6.1|0|10.7|1.4|1.4|0|0
2026-05-07 10:22:48,5.6,74.2,17.54,29.33,63.23,0.26,1,27588,0.75,7201.9,3,82.5|67.9|189.2|104.8|61.8|97.1|55|58.4|56.4|55.8|130.3|82.7|70.3|79.1|43.9|39.8|36.6|57.9|39.6|40|110|109.7,21|2.4|0.9|3.9|11.7|10.1|0.9|0.9|0.9|2.4|11.7|0|3.9|0|14.8|17.9|5.5|2.4|5.5|0|0.9|0
2026-05-07 10:22:59,7.7,84.7,17.54,29.32,63.23,0.26,1,27588,0.749,7211.9,3,69.3|51.8|130.7|60.5|151.9|167.5|111.7|57.2|61.7|56.5|71.8|55.6|55.2|47.8|41.6|38.8|41.1|73.8|63.4|51.7|110.1|0,2.5|22.6|5.6|10.2|7.1|10.2|2.5|0|0|0.9|0|7.1|8.7|0.9|13.3|10.2|7.1|0|5.6|0.9|0.9|0
2026-05-07 10:23:09,7.9,80.9,17.54,29.32,63.23,0.26,1,27588,0.749,7222,3,50.7|48.9|180.9|124.2|107.3|131.7|55.6|57.5|89.4|56.4|78.5|56.4|48.5|73.1|43.7|41.1|43.3|41.3|54.4|44.1|110|0,0.5|20.7|12.9|20.7|3.6|2|0|0|23.8|2|0|5.1|6.7|0|9.8|19.1|8.2|19.1|5.1|5.1|0|0
2026-05-07 10:23:19,7.3,92.5,17.54,29.32,63.23,0.26,1,27588,0.749,7231.9,3,98.6|107.7|48.5|53.7|55.5|55.4|42.9|54.6|52.4|55.7|96.1|96.9|110|166.3|37.6|35.4|40.1|44.6|45.9|68.4|110|110,4|39.6|8.7|2.5|11.8|16.4|7.1|2.5|2.5|2.5|0|11.8|8.7|0|8.7|8.7|4|0|5.6|4|0|0
2026-05-07 10:23:29,6.1,61.1,17.53,29.32,63.23,0.26,1,27588,0.748,7241.8,3,50.6|81.2|138.1|72|129.6|127.9|56.5|56|56|55.6|56|84.6|72.7|86.9|46.9|40.2|41.3|50.3|38.4|50.2|109.8|0,1.9|0|19|14.3|9.7|6.5|1.9|0.3|1.9|1.9|6.5|1.9|8.1|0.3|28.3|3.4|12.8|6.5|3.4|0|0|0
2026-05-07 10:23:40,5.5,78.5,17.55,29.34,63.23,0.26,1,27588,0.748,7251.8,3,86.9|87.5|106.9|106.6|63.9|63.1|85.3|54.8|55.4|56.6|72.4|78.4|71.1|81.1|53.4|33|35.2|47.1|36.8|39.5|110.1|0,2.3|0.7|6.9|2.3|11.6|2.3|13.1|5.4|6.9|3.8|6.9|3.8|10|0|20.9|0|24|0.7|30.2|0.7|2.3|0.7
2026-05-07 10:23:50,5.1,78,17.55,29.33,63.23,0.26,1,27588,0.748,7261.8,3,54.6|81.5|72.7|56.3|62.8|77.6|57|55.2|87.3|57.4|122.9|90.1|77.4|78.1|52.4|40.4|49|35.8|35.5|34.3|109.9|109.5,3.6|2|0|12.9|3.6|2|3.6|6.7|2|0.5|12.9|2|8.3|5.1|17.6|26.9|25.4|2|17.6|3.6|0.5|0.5
2026-05-07 10:24:00,6.1,64.1,17.54,29.32,63.23,0.26,1,27588,0.747,7271.9,3,86.4|87.1|116.7|121.6|63|101.5|162.4|59.1|57.6|64.3|86.4|82.4|79.6|57.7|68.6|54|43.8|61|34.9|37.7|110|110.3,0.6|0.6|8.3|6.8|13|6.8|8.3|2.1|3.7|2.1|8.3|0.6|8.3|9.9|25.4|23.9|5.2|0.6|5.2|2.1|0.6|0.6
2026-05-07 10:24:10,2.5,69.9,17.58,29.36,63.23,0.26,1,27588,0.747,7281.8,3,57.3|87.3|97.9|58.4|71.2|60.6|114.7|57.3|59.7|57.2|79.7|80.7|80.7|81.7|45.3|45.8|45.9|31.1|74.1|33.8|110|110.2,15.3|4.5|18.4|21.4|9.1|15.3|10.7|7.6|7.6|6|7.6|0|4.5|18.4|3|15.3|24.5|1.4|29.1|7.6|1.4|1.4
2026-05-07 10:24:20,5.3,65.4,17.49,29.28,63.23,0.26,1,27588,0.705,7291.9,3,47.1|78|126.9|122.4|56.7|62.3|58.2|133.1|71.1|56.7|85.8|80.7|74.2|61.7|42.9|52.4|45.9|35.9|33.9|31.6|110|109.6,0|0|3.9|7|10.1|11.6|5.4|5.4|5.4|2.3|3.9|0|0|2.3|0.8|3.9|28.7|0|0.8|14.7|0.8|0.8
2026-05-07 10:24:31,7.7,70.5,17.49,29.27,63.23,0.26,1,27588,0.706,7302,3,66|84.7|152.1|159.9|122.9|114.3|63.8|81.7|64.7|137.8|85.6|88.3|77.7|88.1|39.9|42.4|48.5|42.8|45.2|37.2|110|110.2,3.6|2|6.7|6.7|8.3|9.8|3.6|9.8|6.7|2|6.7|3.6|17.6|3.6|6.7|5.1|14.5|3.6|16|2|0|0.5
2026-05-07 10:24:41,4.3,86.4,17.56,29.34,63.23,0.26,1,27588,0.706,7312.1,3,92.4|84.1|107.7|91.8|85.1|71.6|93.4|55.6|55.5|55|82.2|91.8|125.2|89.1|47.6|41.4|91.6|46|88.8|50.3|110|109.8,48.9|11.7|7|8.6|4|22.5|5.5|8.6|7|7|14.8|7|17.9|7|33.4|16.3|70.6|14.8|59.7|30.3|0.9|0
2026-05-07 10:24:51,5.8,66.5,17.48,29.26,63.23,0.26,1,27588,0.706,7322.1,3,86.6|87.6|153|111.7|152.8|79.8|55.7|55.8|55.7|104.2|77.5|64.9|72.6|83.8|42.2|47|59.4|56.2|36.9|84.3|109.2|110.1,5.4|0.8|10.1|2.3|3.9|5.4|0|0|0.8|0|0.8|10.1|5.4|0.8|7|8.5|0.8|22.5|5.4|5.4|0.8|0.8
2026-05-07 10:25:01,5.2,60.4,17.48,29.26,63.23,0.26,1,27588,0.705,7332,3,53.3|81.5|170.8|152.8|78.5|102.8|58.8|58.3|125.8|61.7|62|60.2|63.6|81.4|52.4|41.2|52.7|61.4|44.6|46.5|105.3|103.9,0|0|11.5|8.4|8.4|3.7|0.6|5.3|6.8|2.2|0|13.1|9.9|0|2.2|0.6|5.3|23.9|11.5|0|0|0.6
2026-05-07 10:25:11,5.2,77.1,17.54,29.32,63.23,0.26,1,27588,0.704,7342,3,44|81.9|144.8|137.7|71.6|74.9|59.3|82.5|54.9|55.4|51.4|85.7|129.4|87.7|64.8|86|124.6|164.5|71|67.2|109.9|110,4.1|0|14.9|7.2|13.4|13.4|2.5|22.6|10.3|1|0|16.4|8.7|0|19.5|2.5|0|39.7|27.3|1|1|1
2026-05-07 10:25:22,5.3,78.2,17.51,29.29,63.23,0.26,1,27588,0.704,7351.8,3,70.7|103.4|143|59.1|67.7|61|56.9|57.7|60.9|120.4|73.1|81.9|79.8|85.4|45.6|45.4|46.2|81.5|54.5|44.8|110|109.9,2.1|0|14.5|8.3|5.2|5.2|5.2|0|9.8|3.6|9.8|3.6|6.7|2.1|6.7|2.1|8.3|3.6|22.3|6.7|0|0
2026-05-07 10:25:32,5.1,61.6,17.51,29.29,63.23,0.26,1,27588,0.704,7361.7,3,62.7|87.3|126.8|82.2|56.8|56.3|153.2|55.8|92.8|56.5|69.9|79.5|66.7|77.1|38.9|36.8|39.8|65.3|60.4|43.2|110|110.4,0.5|0.5|19.2|13|5.2|6.8|0|2.1|0.5|2.1|16.1|0.5|11.4|2.1|2.1|2.1|5.2|0|20.7|8.3|0.5|0.5
2026-05-07 10:25:42,5.7,112.7,17.54,29.31,63.23,0.26,1,27588,0.703,7371.6,3,147.7|177.8|78|134.8|71.7|201.4|85.9|76.3|200.5|149.4|142.4|157|138.4|146.4|134.3|110.8|75.2|107.2|159.8|157.3|110.2|110.3,2.7|0|1.1|5.8|0|1.1|1.1|1.1|7.3|0|2.7|1.1|8.9|4.2|15|8.9|24.3|2.7|22.8|5.8|1.1|0
2026-05-07 10:25:52,5.8,58,17.5,29.28,63.23,0.26,1,27588,0.703,7381.6,3,81.2|87.5|114.7|72|58.8|73.4|56.4|65.9|54.9|55.2|69.6|74.4|79.2|79.6|44.9|66.3|58.8|87.8|51.8|53.5|110.1|106.1,0.1|0|7.9|17.3|6.4|0.1|0.1|1.7|18.9|1.7|4.8|17.3|9.5|3.3|7.9|3.3|3.3|1.7|0|47|1.7|1.7
2026-05-07 10:26:03,3.3,62.9,17.5,29.28,63.23,0.26,1,27588,0.703,7391.4,3,65|72.9|106|59|57.9|87.3|63.2|56.6|64.3|58.9|77|52.7|69.8|56.7|52.1|47.1|52.7|80.2|67.4|69.8|110.2|106.9,1.8|1.8|1.8|8.1|9.6|9.6|3.4|0|0|0|11.2|0|3.4|15.9|1.8|1.8|0|0.3|0|33|0|0
2026-05-07 10:26:13,9.3,132.8,17.52,29.3,63.23,0.26,1,27588,0.703,7401.4,3,104.5|82.9|101.8|87.5|80.3|140|57.6|72.1|55.7|55.7|71.3|95.2|117.5|93.3|107.5|37.3|139.1|191.5|106.4|122|109.5|104.3,9.9|3.7|3.7|5.2|3.7|0|0|0|0|0.6|8.3|0.6|2.1|14.6|13|11.5|11.5|6.8|2.1|34.8|0.6|0.6
2026-05-07 10:26:23,6,61.9,17.5,29.27,63.23,0.26,1,27588,0.703,7411.5,5,52.4|56.5|86.7|65.3|72.4|71.4|59.2|54.3|53.8|56.4|58.2|79.1|55|78.9|49.9|87.5|46.8|41.5|87.6|87.4|109.6|105.1,34.9|0.7|8.5|8.5|5.4|3.8|0|0|0|5.4|5.4|0.7|13.1|2.3|6.9|0|3.8|3.8|5.4|0|0.7|0
2026-05-07 10:26:33,3.6,62.1,17.3,29.27,63.23,0.26,1,27588,0.703,7421.4,5,51.6|62|83.7|71.8|56|55.9|71.7|73.4|53.8|54.6|55.6|74.4|64.8|57.8|87.6|87.6|46.6|87.4|87.6|87.6|109.4|106.6,18.8|4.8|12.6|11|20.4|0|9.5|0.1|12.6|0|17.3|0|14.1|0.1|7.9|0|6.3|9.5|0|11|0.1|0.1
2026-05-07 10:26:43,7.9,127,17.34,29.31,63.23,0.26,1,27588,0.703,7431.3,5,61.8|60.8|89|58.1|75.9|60.5|58|59|55.7|54.6|89.3|114.4|72.9|84.3|53.1|86.7|50.6|87.3|48.1|87.4|109.2|109.4,42.5|0.6|14.5|9.9|5.2|3.7|0.6|0|0|0|20.8|2.1|19.2|0|16.1|2.1|6.8|0|5.2|2.1|0.6|2.1
2026-05-07 10:26:54,6.3,66.2,17.3,29.27,63.23,0.26,1,27588,0.703,7441.3,5,53.6|60.5|83.4|55.8|59.8|61.6|54.1|55.2|53.6|53.4|78.2|63.8|70.9|50.8|66.5|87|42|81.3|44.3|79.9|110.2|109.9,0|41|6.8|13|6.8|8.4|5.3|0.6|2.1|2.1|2.1|11.5|11.5|3.7|5.3|0|2.1|0|2.1|2.1|0.6|0.6
2026-05-07 10:27:04,7.3,76.3,17.3,29.27,63.23,0.26,1,27588,0.703,7451.3,5,70.1|64.5|187.6|69.5|94.2|134.4|55.1|57.8|55.1|55.3|86.2|86.9|62.7|84.6|55|48.1|42.7|43.7|45.7|51.2|109.9|109.8,7.2|22.6|10.3|21.1|5.6|0|0|1|1|0|2.5|5.6|4.1|0|11.8|2.5|13.4|2.5|10.3|0|0|1
2026-05-07 10:27:14,11.2,116.5,17.33,29.3,63.23,0.26,1,27588,0.702,7461.4,5,71.2|71|79.5|59.7|103.4|146.9|59|55|54.9|55.1|192.3|115.2|117.6|104.7|53.6|59.8|54|68.1|63.8|42.8|109.8|110,0|19.3|3.8|20.9|3.8|5.3|10|0.7|0.7|0.7|0.7|14.6|10|2.2|14.6|11.5|3.8|10|2.2|0.7|0.7|0
2026-05-07 10:27:24,5.2,74.6,17.29,29.26,63.23,0.26,1,27588,0.701,7471.3,5,74.6|44.6|78.9|63.2|129.1|158.6|54.5|54.4|54.1|57.8|85.5|87.5|79.6|41.4|59|39.4|46.8|58.7|38.8|39.3|109.9|109.2,2.5|2.5|5.6|7.1|10.2|5.6|4|0.9|0.9|2.5|4|2.5|8.7|2.5|19.5|2.5|5.6|11.8|25.7|4|0.9|0.9
2026-05-07 10:27:35,5.8,69.5,17.29,29.26,63.23,0.26,1,27588,0.7,7481.5,5,58.3|87|94.5|92.6|126.4|63.4|144.5|60.2|59.8|73.1|78.6|85.2|63.1|65.9|60.7|61.6|54.3|41.7|67.3|40.1|108.9|104.4,0.8|2.3|11.6|8.5|8.5|10.1|5.4|0.8|3.9|0.8|7|0|7|0|24|3.9|10.1|10.1|8.5|3.9|0.8|0.8
2026-05-07 10:27:45,13.3,58.7,17.34,29.31,63.23,0.26,1,27588,0.7,7491.4,5,155|97|149.5|78.2|90.6|80.4|58.7|56|72.9|192.6|140.7|170.1|90.6|138.6|74.2|43|135.5|68.4|66|49|110.1|109.7,9.8|2|0.4|2|6.7|6.7|0.4|0.4|5.1|5.1|11.3|2|6.7|0.4|17.5|3.5|19.1|12.9|11.3|5.1|0.4|0.4
2026-05-07 10:27:55,6.8,53.5,17.27,29.25,63.23,0.26,1,27588,0.699,7501.4,5,83|45.7|125.2|65.1|125.3|134.3|58.3|59.6|54.5|54.7|70.2|81.8|70.5|62.8|51|55.7|55|48.5|46.2|41.9|109.4|109,0.9|0|2.5|5.6|2.5|21.1|2.5|0|0|0|7.1|0.9|5.6|10.2|21.1|10.2|19.5|0|19.5|0|0|0.9
2026-05-07 10:28:05,2.6,66.3,17.27,29.24,63.23,0.26,1,27588,0.699,7511.3,5,87.6|87.6|130.3|81.7|62.6|123|54.3|54.3|54.5|56.1|61.3|78.9|86.8|75.2|48.6|57.8|38.4|36.6|35.4|64.6|109.3|110.1,0.5|2.1|14.5|6.8|2.1|14.5|0.5|0|0|3.6|3.6|0|0.5|11.4|5.2|22.3|19.2|5.2|11.4|5.2|0.5|0.5
2026-05-07 10:28:15,11.2,59,17.32,29.29,63.23,0.26,1,27588,0.698,7521.4,5,107.7|96.1|116.3|82.5|62.9|141.9|80.8|59.1|58.5|56|136.1|93.1|90.9|151.6|53.6|73.6|67.5|64.9|61.8|36.8|109.9|109.9,6.8|0.6|3.7|11.4|8.3|5.2|0.6|0.6|0.6|0.6|8.3|0|0|16.1|2.1|16.1|27|2.1|9.9|0.6|0|0.6
2026-05-07 10:28:26,4.9,71.1,17.28,29.26,63.23,0.26,1,27588,0.698,7531.4,3,60|83.6|158|88.3|81.5|81.9|80|54.5|58.1|54.9|78.7|85|87.1|84.5|51|46|60.6|55.2|47.3|68.8|110|0,2.5|1|16.5|0|16.5|4.1|0|8.7|2.5|2.5|7.2|0|1|0|10.3|2.5|13.4|0|22.6|0|0|0
2026-05-07 10:28:36,4.6,70.8,17.26,29.23,63.23,0.26,1,27588,0.673,7541.4,3,77.6|83.2|128.1|85.9|100.3|60.7|55.9|55.1|55|55.1|64.4|87|73.6|73.6|47.4|46|59.3|48.7|48.4|65|110.3|0,0.4|0.4|11.3|8.2|9.7|12.8|3.5|0.4|0|0|8.2|2|9.7|2|0.4|5.1|34.6|2|12.8|11.3|0.4|0.4
2026-05-07 10:28:46,10,100.9,17.27,29.24,63.23,0.26,1,27588,0.673,7551.3,3,73.4|87.6|58.1|57.8|69.5|60.1|69.4|55.2|55|54.8|82.6|82|85.3|80.1|76.1|79.3|72.5|77.7|61.8|83.7|110|110.4,0|0.4|3.5|3.5|3.5|0.4|1.9|1.9|3.5|3.5|17.5|0|20.6|0|0|0.4|64.2|0.4|3.5|0.4|1.9|1.9
2026-05-07 10:28:56,7.5,77.7,17.24,29.21,63.23,0.26,1,27588,0.667,7561.2,3,69.4|76|124.7|55.2|55.7|57.2|55.2|52.1|54.2|54.3|79.7|67.7|91.4|87.2|49.6|53|56.1|74.7|63.2|61.3|110.2|110.1,0.3|0|6.6|9.7|5|12.8|1.9|1.9|0|0|0|5|20.6|0|3.4|6.6|0|26.8|8.1|0|0.3|0.3
2026-05-07 10:29:06,3.8,75,17.24,29.21,63.23,0.26,1,27588,0.667,7571.2,3,57.8|88.1|100.5|86.6|102.2|108.2|55|55.2|55|54.5|85|80.8|82|87.6|77.7|71.5|66.1|70.8|56.8|43.6|109.7|0,2.5|0|2.5|13.3|5.6|8.7|0|0|0|0|0|4|5.6|0|14.9|2.5|5.6|24.2|11.8|4|0|1
2026-05-07 10:29:17,6.2,92.6,17.29,29.26,63.23,0.26,1,27588,0.667,7581.3,3,71|62.1|146.2|92.9|120|87.1|55.3|55.1|55.1|55.4|91.5|129.2|91.4|78.4|76.8|66|89.5|84.2|65.7|41.9|110|110.3,5.2|2.1|8.3|13|6.8|5.2|2.1|2.1|2.1|2.1|2.1|3.7|17.7|2.1|5.2|5.2|6.8|28.5|9.9|3.7|2.1|2.1
2026-05-07 10:29:27,5.2,83.3,17.26,29.23,63.23,0.26,1,27588,0.667,7591.3,3,86.8|83.3|89.3|57.1|56.4|62.5|56.1|82.4|55.2|57.3|89.4|88.1|81.7|90.1|42.8|51.2|107.9|77.8|76.3|88|110|110,11.3|0|14.4|5.1|6.7|11.3|0|0.4|5.1|3.6|6.7|0|3.6|0|6.7|2|2|0.4|34.7|3.6|0|0.4
2026-05-07 10:29:37,5.3,82.9,17.26,29.23,63.23,0.26,1,27588,0.667,7601.3,3,52|70.7|121.6|123|119.8|57.8|55.9|118.7|56.5|55.8|84.7|81.5|66.8|85.3|47.3|40.9|72.3|84|80.8|77.1|110|110,3.6|0.5|8.2|17.6|5.1|8.2|6.7|9.8|8.2|3.6|5.1|2|11.4|0.5|6.7|0.5|0.5|0.5|23.8|9.8|0|0.5
2026-05-07 10:29:47,6.1,87.1,17.3,29.27,63.23,0.26,1,27588,0.667,7611.4,3,55.7|72.7|147.5|103.2|148.3|60.8|55.4|55.4|55.4|54.9|73.2|79.9|122.1|90.9|55.1|52.3|63|50.3|78.5|76.7|109.9|110.2,8.2|0|14.5|11.3|14.5|14.5|3.6|2|0.5|5.1|8.2|0.5|19.1|0.5|2|0.5|5.1|2|28.5|0.5|0.5|2
2026-05-07 10:29:58,6.2,75,17.27,29.24,63.23,0.26,1,27588,0.668,7621.3,3,79.8|87|134.5|133.9|93.5|61|86.9|54.8|55.4|55.4|74.8|80.2|88.6|106.5|58.3|38.7|51.7|74.7|107.7|85.3|109.2|107.2,3.5|0|8.1|9.7|3.5|12.8|0.3|0.3|0.3|0|6.6|0|0|9.7|8.1|1.9|17.5|0.3|3.5|26.8|1.9|0.3
2026-05-07 10:30:08,5.6,74.6,17.28,29.25,63.23,0.26,1,27588,0.668,7631.3,3,55.8|65.8|102|92.1|127.4|85.9|62.3|55|55|55.7|82.2|86|83.8|88.9|45.7|82.2|50.9|86.1|83.9|69.8|110.1|106,5.5|0.8|14.8|10.1|10.1|7|7|0|0|13.2|13.2|8.6|0.8|7|11.7|0.8|7|0.8|13.2|34.9|0.8|2.4
2026-05-07 10:30:18,2.8,99.5,17.32,29.29,63.23,0.26,1,27588,0.668,7641.3,3,68.6|82.4|113.5|60.1|104.3|123.2|55|55.2|56.1|57.7|79.4|74.7|84.3|78.5|55.3|65.7|53.1|47.2|79.3|78.2|110|102.5,0|0|13|3.7|2.1|8.3|0.6|0|0.6|2.1|9.9|0.6|0|17.6|17.6|0.6|9.9|2.1|0|31.6|0|0.6
2026-05-07 10:30:28,5,100.4,17.27,29.24,63.23,0.26,1,27588,0.668,7651.3,3,73.3|81.1|152.5|148.7|164.2|147.3|56.1|55.5|55.4|55.2|78.4|85.5|76.3|79.6|70.3|55.2|53|51|53|53|109.9|107.8,33.3|0|6.9|11.5|11.5|6.9|8.4|10|6.9|0.7|10|0|8.4|2.2|10|2.2|0.7|13.1|0.7|0|0.7|0.7
2026-05-07 10:30:38,6.2,83.2,17.27,29.24,63.23,0.26,1,27588,0.669,7661.4,3,67|72.5|126.3|122.1|103.5|93|55.6|54.8|54.7|55.3|75.7|60|77.4|85.7|71|57.3|51.7|81.8|53.5|49.1|109.8|110.3,23.8|2|2|3.6|16|0|2|0|0|0.5|5.1|2|2|0.5|2|6.7|11.4|5.1|8.3|8.3|2|0.5
2026-05-07 10:30:49,10.9,126,17.33,29.31,63.23,0.26,1,27588,0.669,7671.4,3,128.9|174|55.3|55.8|55.4|56.1|55.6|55.5|56.1|55.9|121.8|100.1|123.1|116.6|113.5|113.6|94.6|129.4|152.4|172.6|109.4|110.2,44.3|1|0|0|0|0|0|0|0|0|21.1|1|16.5|0|19.6|14.9|24.2|16.5|13.4|10.3|0|0
2026-05-07 10:30:59,4.8,74.3,17.27,29.25,63.23,0.26,1,27588,0.671,7681.5,3,73.6|63|145.2|62.2|85.4|141|79.5|56.8|58.4|58.7|81.9|83.3|70.2|80.6|92.7|71.4|58.3|50.7|57.2|52.5|109.1|107.4,0.9|27.2|14.8|8.6|11.7|11.7|11.7|2.4|5.5|0|0|8.6|16.4|0|10.2|7.1|0.9|8.6|13.3|0|0.9|0
2026-05-07 10:31:09,4.4,85.6,17.27,29.25,63.23,0.26,1,27588,0.673,7691.6,3,75.9|91.8|159.3|131.6|164.1|177.3|79.1|94.6|130.6|124.3|83.8|86.9|65.9|76.9|105.4|68.3|56.7|53.1|65.1|67.8|110.1|109.8,0.5|26.9|3.6|16.1|5.2|6.7|3.6|0.5|0.5|0.5|0|5.2|20.7|0.5|3.6|5.2|0.5|5.2|2.1|8.3|0.5|0.5
2026-05-07 10:31:19,6.4,84.2,17.27,29.25,63.23,0.26,1,27588,0.677,7701.6,3,64.5|61.7|141.2|60.2|64.1|91.4|91.5|58.9|57.1|53.6|89.6|74.2|66.4|69.9|57.9|65.8|59.1|46.3|77.8|80.4|109.7|0,3.6|31.6|11.4|6.7|5.1|8.2|0|0|0|0|0.5|5.1|11.4|0.5|6.7|2|17.6|3.6|0.5|0.5|0|0
2026-05-07 10:31:30,6.6,83.1,17.27,29.25,63.23,0.26,1,27588,0.68,7711.5,3,75.2|40.8|103.5|109.3|70.3|68.8|57.6|56.4|56.1|55.6|80.9|86.8|82.8|73.4|74.6|57.8|51.7|42.3|66.4|55.6|110.1|0,2.3|0|16.3|5.4|6.9|5.4|8.5|0.7|0.7|0|5.4|0|3.8|0|24|0|11.6|8.5|10|0|0.7|0
2026-05-07 10:31:40,7.2,85,17.27,29.25,63.23,0.26,1,27588,0.684,7721.7,3,68.5|87.6|151.6|99.2|94.8|74.7|55|55.3|54.6|54.8|78.1|82.7|97.8|87.2|64.2|62.2|71.2|75|62.2|87.5|0|110.2,8.5|0|5.4|13.1|5.4|0.7|2.3|2.3|0|0|5.4|0|8.5|0|11.6|0|22.4|14.7|16.2|6.9|0|0
2026-05-07 10:31:50,6,74.8,17.3,29.28,63.23,0.26,1,27588,0.686,7731.8,3,57.2|86|157.3|105|59.9|74.3|57.7|54.8|54.4|54.1|87.7|95.4|83.1|84.7|68.6|48.7|96.1|57.7|64|75.1|109.9|0,3.9|0|2.3|11.6|2.3|11.6|2.3|0.8|0.8|0.8|13.2|0|0.8|0|17.8|24|13.2|0|2.3|0|0.8|0.8
2026-05-07 10:32:00,7.2,127.9,17.33,29.32,63.23,0.26,1,27588,0.689,7741.9,3,70.5|84.9|51.5|55.2|54|55.4|57.2|55.1|55.3|54.5|89.7|96.1|82.4|78.9|79.6|82.5|66.4|56.4|54.7|49.3|109.9|109.9,3.5|0.4|14.4|6.6|0.4|5.1|0.4|2|2|2|3.5|0|0|6.6|2|26.9|17.5|0|5.1|0|0.4|0
2026-05-07 10:32:11,6,105.1,17.35,29.33,63.23,0.26,1,27588,0.691,7751.9,3,50.9|83.6|103.9|78.4|103.8|119.8|86.6|60.9|128.1|124.5|81.5|85.1|80.5|71.2|80.6|69.8|57.2|47.1|63.3|50.8|108.1|0,3.5|0|8.2|2|6.7|19.1|9.8|0|2|0|17.5|0|0|12.9|0|44|11.3|0|3.5|0.4|0.4|0.4
2026-05-07 10:32:21,5.4,79.1,17.35,29.32,63.23,0.26,1,27588,0.695,7762,5,70.7|92.5|123.7|94|102.4|121.5|55.2|54.9|54.8|55.2|80.7|96.6|76.4|73.9|81.6|76.5|90.6|78.7|45.7|43|110.1|0,8.4|0.7|6.9|8.4|13.1|2.2|3.8|10|3.8|0|6.9|0|13.1|0|5.3|0|39.5|0.7|10|3.8|0.7|0
2026-05-07 10:32:31,4.8,68.1,17.34,29.31,63.23,0.26,1,27588,0.697,7772.1,5,90.2|58.3|63|144|74|120.9|134.6|89.8|56|62.4|86.6|56.1|66.1|81.3|52.6|60.6|65.5|91.5|62.4|60.8|110|111.3,3.9|3.9|8.6|11.7|11.7|3.9|0.8|0.8|5.5|7|10.1|3.9|16.3|17.9|5.5|7|31.8|19.4|5.5|2.4|2.4|0
2026-05-07 10:32:41,6.9,82.2,17.34,29.31,63.23,0.26,1,27588,0.7,7782.2,5,105.5|82.5|146.5|59.6|85.1|83.5|56.4|55|56|55.3|98.5|87.2|84.9|80|54.7|40.5|78.4|117.3|65.4|81.2|108.7|110,5.2|2.1|11.4|5.2|6.8|8.3|0|0.6|0|0|5.2|2.1|6.8|0|2.1|2.1|33.2|8.3|6.8|19.2|2.1|0.6
2026-05-07 10:32:51,5.2,85.8,17.32,29.28,63.23,0.26,1,27588,0.703,7792.2,5,72.6|87|92.5|90.7|87.8|78.7|55.2|54.8|54.9|55.5|91|120.3|94.1|79.2|67.6|119.1|47.4|77.3|53.3|60.9|109.9|110.2,4|0|10.2|2.4|7.1|7.1|0.9|2.4|0.9|0.9|0.9|5.5|10.2|2.4|5.5|7.1|10.2|31.8|19.4|0.9|0.9|0.9
2026-05-07 10:33:02,6.6,151.7,17.34,29.33,63.23,0.26,1,27588,0.668,7802.2,5,120.5|90.7|55|55.7|51.2|55.6|55.6|55.5|55.5|55.7|121|162|132.9|94.1|78.8|84.7|180.9|199.1|83.2|86.1|99.2|99.1,0.8|0.8|0.8|2.3|2.3|0.8|2.3|2.3|0.8|2.3|0.8|41.1|25.6|0.8|0.8|0.8|0.8|45.7|2.3|3.9|2.3|2.3
2026-05-07 10:33:12,5.7,66.2,17.32,29.31,63.23,0.26,1,27588,0.668,7812.1,5,57.4|87.5|76.1|96|67.8|88.3|54.5|56.3|55|59.9|83.1|90.6|66.7|93.8|56.1|72|59.6|61.8|46.8|45.2|109.9|110,9.7|0.4|12.8|1.9|5|6.6|3.5|3.5|5|1.9|0|26.8|9.7|0.4|3.5|0|0|33.1|3.5|0|0.4|0.4
2026-05-07 10:33:22,5.4,65,17.31,29.29,63.23,0.26,1,27588,0.668,7822,5,74.6|87|96.5|56.9|67.3|86|55.2|54.4|54.6|54.6|74.6|90.1|87.7|84.9|47.6|41.7|83.6|57.7|62|49.7|110.1|109.9,3.7|2.1|3.7|3.7|5.2|2.1|0|0|5.2|3.7|17.7|3.7|22.3|2.1|13|6.8|5.2|0.6|44.1|0.6|0.6|0.6
2026-05-07 10:33:32,5.4,70.6,17.32,29.29,63.23,0.26,1,27588,0.668,7832,5,49.8|80.2|72.6|67.5|57.3|55.9|55.9|55.8|109.8|55.4|80.2|78.3|74.3|86.6|48|71.8|65.6|62.2|54.6|50.7|109|110.2,4.7|0|9.4|14.1|0|1.6|7.9|0|6.3|0|15.7|3.2|14.1|1.6|1.6|0|7.9|1.6|39.1|0|0|0
2026-05-07 10:33:43,5,65.8,17.34,29.31,63.23,0.26,1,27588,0.668,7842.1,5,86.2|85.6|57.1|57.8|61.6|79.5|55.5|55|62.1|54.4|84.4|85.2|81|82.8|46.3|43.4|51.2|73.9|64.4|71.1|109.2|107.6,36.1|5|14.3|20.5|12.7|8.1|3.4|0.3|6.5|5|14.3|0.3|19|0|29.9|5|3.4|3.4|79.7|5|1.8|0.3
2026-05-07 10:33:53,5.9,64,17.31,29.29,63.23,0.26,1,27588,0.668,7852,5,64.2|84.3|82.9|77.6|63.3|56.8|54.5|53.8|53.7|60.6|82.5|63.6|79.9|80.9|46.9|41.6|47.4|71.1|67.8|60.2|110|104.9,0|2|3.6|5.1|11.4|2|2|3.6|3.6|6.7|11.4|0.5|0.5|14.5|9.8|2|5.1|6.7|3.6|28.5|0.5|0.5
2026-05-07 10:34:03,5,82,17.3,29.26,63.23,0.26,1,27588,0.668,7861.9,3,85|70.5|67.8|55.6|54.9|58.3|55.2|54.7|54.6|57.3|73.5|83.4|83.6|69.4|58.4|50.1|64.5|85.7|122.2|102.4|110|103.9,1.9|0.3|0|0.3|9.6|19|0.3|0|0|0|11.2|0.3|0|22.1|8.1|1.9|0|0.3|1.9|53.3|0.3|0.3
2026-05-07 10:34:13,5.9,75.1,17.35,29.32,63.23,0.26,1,27588,0.74,7871.8,3,79.2|87.6|77.9|63.7|57.7|108.9|55.1|55.6|64.2|55.5|89.4|81.4|83.8|115.3|104.2|44.5|126.1|86.8|125.3|140.7|110.2|106.5,25.6|5.5|0|2.4|0|0.8|0.8|0.8|0.8|0.8|27.2|2.4|2.4|39.6|21|19.4|8.6|0.8|13.2|81.4|0|0
2026-05-07 10:34:23,5.1,80.2,17.34,29.3,63.23,0.26,1,27588,0.699,7881.9,3,60.3|39.7|183.5|129.7|139.7|114.1|54.7|54.9|54.7|54.8|89.1|85.1|86.3|87.8|41.7|40.6|41|38.1|43|44.7|110.1|107.2,24.1|0|2.4|0.8|7|0.8|0.8|0|0.8|0|10.1|0.8|2.4|0|11.7|0|10.1|10.1|16.3|2.4|0|0
2026-05-07 10:34:34,6.5,68.7,17.34,29.3,63.23,0.26,1,27588,0.699,7891.9,3,50.4|71|118.1|97.8|123.9|123.6|120.9|56|84|59.2|71.1|81.8|62.1|79|38.3|40.4|41.6|78.7|37.8|62|110.1|110.1,22.6|4|2.5|25.7|5.6|4|0|8.7|0.9|7.1|2.5|2.5|8.7|2.5|4|7.1|7.1|8.7|7.1|2.5|0|0.9
2026-05-07 10:34:44,4.4,101.5,17.41,29.37,63.23,0.26,1,27588,0.699,7901.8,3,108.9|40.1|176.3|159.8|180.5|84.3|122|73.3|79.4|77.4|110.7|87.6|116.6|127.6|120.3|44.7|110.3|136|79.6|39.3|109.9|109.8,28.5|2.1|20.8|16.1|11.5|2.1|3.7|0|0|0|25.4|0|28.5|0|34.8|8.3|30.1|14.6|23.9|9.9|0.6|0
2026-05-07 10:34:54,5.3,85.5,17.33,29.29,63.23,0.26,1,27588,0.699,7911.8,3,52.4|66.4|184.2|85.5|83.5|77.7|55.5|55.3|55.5|55.4|57.1|85|94.9|83.8|36.5|39.1|38.5|45|38.2|41.3|110|109.8,0|16|3.5|5.1|5.1|11.3|0|0|0.4|0|2|9.8|9.8|0.4|22.2|12.9|16|2|3.5|3.5|0.4|0
2026-05-07 10:35:04,6,78.9,17.32,29.28,63.23,0.26,1,27588,0.699,7921.9,3,49.9|48.8|115.9|111.6|122.8|66.1|98.5|59.5|154.5|55.5|78.8|76.5|71.2|82.5|42.6|38.5|41.4|76.1|44|75.7|110|0,3.6|17.6|5.2|5.2|13|11.4|2.1|0.5|0|0|2.1|2.1|2.1|2.1|2.1|16.1|17.6|0|8.3|22.3|0.5|0
2026-05-07 10:35:14,4.6,89.4,17.38,29.34,63.23,0.26,1,27588,0.699,7931.9,3,166.7|136|194.2|167.1|204.6|169.1|133.5|65.1|68.4|59.9|168.3|137.4|138|130.4|135.7|115|108|133.4|116.9|185.8|110|109.8,0.8|19.4|8.6|7|0.8|13.2|2.4|0|0|0|0|14.8|5.5|0.8|19.4|19.4|16.3|0|17.9|7|0.8|0.8
2026-05-07 10:35:25,5.7,73.2,17.34,29.29,63.23,0.26,1,27588,0.699,7941.9,3,56.8|36.6|171.8|87.9|119.5|74.8|54.7|78.5|54.5|54.5|83.3|50.1|84.6|85.5|50.2|43.1|38.4|38.4|41.2|35.5|109.8|0,0|5.2|9.9|0.5|3.6|5.2|0|0|0|0|8.3|0|20.7|0|13|0|19.2|5.2|8.3|0|0|0
2026-05-07 10:35:35,5.4,74.3,17.34,29.3,63.23,0.26,1,27588,0.699,7951.9,3,86.8|86.9|119.6|106.2|93.6|171.7|58.7|57|57.6|55.7|58.7|74.3|54.2|81.2|49.5|41.5|35.2|49|44|42.1|109.9|0,2|0|8.2|5.1|11.3|5.1|0|0|0|0|8.2|3.5|17.5|2|19.1|5.1|8.2|2|9.7|5.1|0|0
2026-05-07 10:35:45,5,126.1,17.37,29.33,63.23,0.26,1,27588,0.699,7961.9,3,146|97.1|142|147.7|175.1|170.9|158.5|74.5|117|60.9|138.2|92.2|153|113.4|100.3|46.5|109.6|77.1|90.2|100.9|110.2|109.8,2.4|4|0.9|0|10.2|11.7|4|2.4|5.5|2.4|17.9|5.5|17.9|4|19.4|16.3|13.2|16.3|19.4|10.2|0.9|0.9
2026-05-07 10:35:55,5.9,76.4,17.33,29.29,63.23,0.26,1,27588,0.699,7972,3,83.7|41.7|146.9|114.6|84.5|64.5|56.2|56.7|54.5|55.2|71|82.4|75.5|58.6|75.5|49.4|41.2|34.3|32.9|62.5|110|110.1,2.2|0.6|0.6|3.7|3.7|9.9|2.2|9.9|0.6|6.8|5.3|2.2|0.6|9.9|3.7|20.8|17.7|2.2|8.4|6.8|0.6|0.6
2026-05-07 10:36:06,5.2,61.8,17.32,29.28,63.23,0.26,1,27588,0.699,7981.9,3,80.2|81.7|154.1|101.8|61.8|85.4|55.9|54.6|55.4|56.4|86.6|83.3|71.5|60.7|51.2|69.8|49.6|37.4|49.6|41.6|110.2|109.5,2|3.6|17.6|9.8|8.2|5.1|0.5|0|0|0|5.1|0|0.5|9.8|5.1|17.6|9.8|20.7|5.1|2|0|0.5
2026-05-07 10:36:16,9,128.1,17.34,29.3,63.23,0.26,1,27588,0.699,7991.9,3,73.9|109|171|101.7|61.2|64|54.1|56|55.1|53.9|153.5|185|193.6|149.4|56.5|58.5|43.1|82|41.9|72|109.7|109.9,3.7|0.6|2.2|5.3|2.2|0.6|0|9.9|6.8|5.3|17.7|6.8|6.8|14.6|11.5|17.7|19.3|3.7|20.8|9.9|0.6|0.6
2026-05-07 10:36:26,6.4,72.2,17.31,29.26,63.23,0.26,1,27588,0.699,8001.8,3,81.6|85.7|168.6|60.3|68.5|122|122.9|57|57.5|54.6|79|79.4|65.5|83.7|41.1|57.2|45|43.4|40|38.9|108.4|110.1,0|3.6|8.3|9.8|9.8|5.1|0.5|0|0|0|6.7|0|11.4|0|3.6|3.6|23.8|9.8|6.7|0|0|0
2026-05-07 10:36:36,4.8,67.9,17.38,29.31,63.23,0.26,1,27588,0.699,8011.9,4,52.9|71.5|134.5|83.3|98|111.7|62.5|55.9|56.2|53.8|83.9|84.1|86.4|75.5|46.5|38.7|57.9|46.5|72.3|42.4|110.1|109.7,8.4|2.2|0.6|8.4|2.2|5.3|0|3.7|0|0.6|9.9|2.2|8.4|2.2|6.8|5.3|28.6|17.7|13|13|0|0.6
2026-05-07 10:36:47,10.2,97.7,17.42,29.34,63.23,0.26,1,27588,0.699,8021.9,4,45.7|53.7|102.1|84.7|67.1|59.5|147.1|61.8|57.9|59.6|79.2|90.9|85.7|101.6|40.3|37.7|63|51.7|40|43.3|110.1|109.7,0.5|0.5|8.3|2.1|3.6|0.5|0.5|0.5|0|2.1|17.6|0.5|9.9|0.5|6.7|3.6|28.5|0.5|16.1|11.4|2.1|2.1
2026-05-07 10:36:57,6,72.1,17.39,29.31,63.23,0.26,1,27588,0.699,8031.8,4,53|35|98.8|98|104|113.2|55|54.8|55.8|55|58.6|85|64.3|81.1|53.5|37.6|52.9|61|44.6|36.7|110.1|109.8,3.3|0|14.3|11.1|9.6|9.6|0.2|0|8|6.5|0|8|14.3|0.2|8|3.3|0|17.4|12.7|0.2|0.2|0
2026-05-07 10:37:07,5.3,74.3,17.39,29.31,63.23,0.26,1,27588,0.699,8041.7,4,46.7|34.5|146.4|87.6|111.4|98.9|93.9|57.4|55.3|55.3|77.3|83.6|50.8|43.6|82.3|87.5|66.8|52.1|39|65.9|110|110.1,2|2|8.2|9.7|5.1|14.4|3.5|6.6|3.5|2|0|3.5|3.5|3.5|11.3|2|0.4|28.4|16|0.4|0.4|0.4
2026-05-07 10:37:17,14.4,139,17.47,29.4,63.23,0.26,1,27588,0.699,8051.8,4,72.7|48.6|55.3|55.5|55.1|55.5|55.7|55.4|55.5|55.6|126.9|133.8|114|103.6|135.8|150.8|143.6|112.3|145.5|145.6|110|110,5.2|0.6|5.2|11.4|11.4|11.4|0|2.1|0|11.4|0.6|9.9|23.9|0.6|14.5|2.1|8.3|34.7|42.5|30.1|0.6|0.6
2026-05-07 10:37:27,4.6,73.8,17.41,29.33,63.23,0.26,1,27588,0.699,8061.9,4,86.2|87.1|133.7|138.7|97.6|123.8|55.5|55.3|55.4|55.5|75.5|85.2|95.8|86.6|41.8|41.6|46.5|45.2|55.9|42.9|110|100.3,4.1|1|13.4|7.2|11.8|7.2|2.6|1|1|1|1|2.6|2.6|2.6|7.2|4.1|7.2|7.2|28.9|8.8|1|0
2026-05-07 10:37:38,6.4,146.7,17.49,29.45,63.23,0.26,1,27588,0.699,8071.8,4,86.3|149.9|55.6|55.7|54.5|55.5|55.9|55.6|55.7|55.7|152.7|170.7|149.5|164|106.7|65.7|106.1|108|108|120.7|109.9|107.7,12.9|12.9|11.4|12.9|19.1|9.8|14.5|8.2|11.4|12.9|23.8|8.2|26.9|8.2|19.1|14.5|14.5|12.9|26.9|20.7|2|2
2026-05-07 10:37:48,8.8,118,17.49,29.41,63.23,0.26,1,27588,0.699,8081.7,4,57.4|45.5|55.6|55.3|54.7|55.5|55.6|55.4|55.5|55.6|112.7|97.7|105|90.6|60.1|47.7|41.1|51.6|76|112.4|109.6|107.4,9.5|4.8|0.1|3.2|3.2|1.7|4.8|7.9|0|0|23.5|4.8|20.4|4.8|11|3.2|11|14.2|25.1|14.2|1.7|1.7
2026-05-07 10:37:58,8,92.2,17.51,29.44,63.23,0.26,1,27588,0.699,8091.7,4,59.5|51.8|55.6|55.5|55.6|54|55.6|55.6|55.6|55.6|142.3|135.6|132.6|122.5|48.3|45|48|35.9|58.1|71.4|108.8|109.1,14.5|3.7|11.4|2.1|3.7|6.8|2.1|2.1|2.1|0|9.9|0|2.1|13|11.4|5.2|11.4|6.8|6.8|27|0.6|0
2026-05-07 10:38:08,6.7,79.7,17.51,29.42,63.23,0.26,1,27588,0.699,8101.8,4,70.2|96|135.5|59.2|129.6|62.1|55.7|55.6|55.5|61.1|113.1|133.6|143.9|110.1|55.9|76.2|65.9|46.7|90.6|66|110|103.4,13|2.1|6.8|3.7|0.6|16.1|2.1|3.7|2.1|2.1|13|0|0|8.4|8.4|2.1|11.5|0.6|6.8|36.3|0.6|0
2026-05-07 10:38:19,6.6,76.4,17.79,29.84,63.23,0.26,1,27588,0.699,8111.8,4,150.5|59|177.7|151.2|152.6|179.6|105.1|73.9|89.2|101.9|162.6|186.9|171.6|146.1|116.4|57.8|91.7|97|95.1|99.8|106.7|105.9,22.5|5.4|2.3|2.3|3.9|3.9|0|0|2.3|5.4|28.7|8.5|11.6|19.4|27.1|10.1|19.4|7|14.7|27.1|0|0.8
2026-05-07 10:38:29,6,72.9,17.74,29.76,63.23,0.26,1,27588,0.699,8121.9,5,59.9|80.4|57.5|98|76|64.5|56.1|54.2|59.7|55|84.2|65.9|61.8|79.7|55.7|50.9|59.1|41.4|46.1|48.6|109.9|110,25.1|4.8|12.6|12.6|12.6|3.2|1.7|1.7|1.7|7.9|12.6|1.7|14.2|1.7|6.3|7.9|3.2|3.2|6.3|4.8|0.1|0.1
2026-05-07 10:38:39,7.6,70,17.71,29.73,63.23,0.26,1,27588,0.699,8131.9,5,73.9|69.8|151.3|120.7|167|74.8|56.8|55.5|54.8|58.6|126.2|91.5|134.7|92.2|58.3|41.8|77.9|42.1|62.7|49|109.9|109.9,31.6|3.7|0.6|0|0|0.6|0.6|0|0.6|0.6|5.2|0.6|16.1|2.1|8.3|11.4|19.2|2.1|14.5|11.4|0.6|0
2026-05-07 10:38:49,7.8,63,17.72,29.74,63.23,0.26,1,27588,0.699,8141.9,5,54.5|64.6|88.8|79.8|68.4|62.9|53.7|53.4|53.7|53.8|81.8|81.6|68.9|67|44.8|49.3|43.5|43.6|42.7|40.2|109.9|110,28.3|9.6|1.8|9.6|5|0.3|3.4|6.5|3.4|3.4|8.1|11.2|19|9.6|14.3|5|9.6|1.8|1.8|3.4|0.3|0.3
2026-05-07 10:38:59,4.1,64.4,17.7,29.72,63.23,0.26,1,27588,0.699,8152,5,48.1|63.2|62.1|137.7|71|111.4|54.9|62.3|55.9|81.5|80.8|84.5|66.6|72.7|47|49.5|45|52.8|50.6|80|110|109.8,3.7|19.2|0|17.7|0.6|3.7|0|0|0|0|3.7|9.9|11.5|0.6|5.3|3.7|13|0.6|14.6|5.3|0|0
2026-05-07 10:39:10,8.3,60.8,17.7,29.71,63.23,0.26,1,27588,0.699,8161.8,5,61.6|61|62.3|56.6|67.9|62.4|56.8|55.3|60.2|55.3|85.4|90.4|69.8|76.6|44.9|78.3|45.9|44.4|49.7|85.8|110.3|110.4,5.1|34.7|3.6|6.7|3.6|11.4|5.1|0|0|0|6.7|8.3|11.4|2|17.6|0|20.7|3.6|0.5|0|0.5|0.5
2026-05-07 10:39:20,5.7,69.2,17.72,29.77,63.23,0.26,1,27588,0.699,8171.8,5,64.3|63.7|102|85.2|72.1|61.3|54.7|56.9|55|54.9|71.9|78.9|99.2|77.8|54.9|52|78.1|55.2|48.9|61.2|110.2|110.5,6.7|25.3|3.5|5.1|2|3.5|2|0.4|3.5|2|11.3|6.7|3.5|0.4|14.4|0.4|14.4|5.1|22.2|5.1|0|0.4
2026-05-07 10:39:30,7.6,61.4,17.69,29.71,63.23,0.26,1,27588,0.699,8181.7,5,86.6|86.8|99.6|59.9|64.5|64.8|55.6|54.8|57.5|54.8|78.4|90.6|62.4|87.4|50.2|53.6|46.5|52.7|68.9|38.2|109.8|110.3,2.9|2.9|9.1|6|2.9|12.2|1.4|6|0|0|13.7|0|15.3|0|38.4|0|19.9|0|15.3|2.9|0|0
2026-05-07 10:39:40,7.9,86.7,17.69,29.71,63.23,0.26,1,27588,0.699,8191.6,3,63.1|80.6|100.7|59.2|111|98.6|54.2|53.5|53.5|53.5|84.4|105.6|88.6|109.4|58.8|57.5|49.1|69.8|55|41|110.1|110.1,4.3|5.8|5.8|0|7.4|10.5|1.2|0|0|0|18.2|1.2|10.5|1.2|22.8|7.4|16.6|12|19.7|5.8|0|0
2026-05-07 10:39:51,8,72.6,17.69,29.71,63.23,0.26,1,27588,0.699,8201.7,3,77.5|76.2|113.2|68.1|63.5|110|59.8|55.1|55.1|55.3|62.1|78.9|73.2|78.5|54.2|48.8|41|42.3|49.8|85.4|110|110,3.9|0|8.6|11.7|8.6|8.6|5.5|2.4|0|10.1|11.7|0|0|19.4|2.4|42.7|22.5|0|13.2|0|0.8|0
2026-05-07 10:40:01,5.1,69,17.65,29.67,63.23,0.26,1,27588,0.699,8211.7,3,64|83.5|98.6|114.9|113.5|76.4|62|54.6|53.8|54.7|84.2|81.7|95.2|65|60.5|62.9|48.7|81.5|38.2|42.8|101.6|102.5,5|0|14.4|15.9|6.6|14.4|11.3|5|3.5|1.9|12.8|0|0|6.6|0.4|20.6|15.9|1.9|19|3.5|0|0.4
2026-05-07 10:40:11,5.7,65.4,17.7,29.71,63.23,0.26,1,27588,0.699,8221.9,3,87.4|87.5|174.7|119.1|187.2|133.8|86.8|55.8|54.2|54.9|73.4|87.6|79.5|74.3|65.1|76.8|63.5|85.9|39.2|58.1|109.9|110,2|0.5|2|8.2|2|9.8|5.1|0|2|3.6|8.2|5.1|0|9.8|2|14.5|12.9|6.7|11.3|16|0|0.5
2026-05-07 10:40:21,6.1,67.6,17.72,29.74,63.23,0.26,1,27588,0.699,8231.9,3,70.9|86.5|77|62.1|153.7|160.4|134.3|120.2|58.8|61.4|79.7|82.9|86.2|89.4|50.1|46.4|71|58.9|47.1|45.7|110|110,3.9|0.8|0|0|0.8|5.4|0|5.4|0.8|0.8|3.9|0.8|3.9|0.8|11.6|10.1|25.6|11.6|11.6|20.9|0.8|0.8
2026-05-07 10:40:32,5.6,69.1,17.68,29.7,63.23,0.26,1,27588,0.698,8242,3,66.3|86.1|83.7|75|62.5|119.7|55.9|54.6|82.2|54.4|66.2|77.4|80.8|82.8|45.6|56.5|63.9|50.9|42.9|44.3|110|110,2.1|2.1|8.3|8.3|9.9|3.7|3.7|0|2.1|0.5|6.8|2.1|11.4|0.5|11.4|3.7|17.6|2.1|17.6|17.6|0.5|2.1
2026-05-07 10:40:42,7,61.8,17.69,29.7,63.23,0.26,1,27588,0.698,8252,3,82|86.4|121.9|140.3|75.8|63.1|139|55.9|56.8|56.7|102.1|92|75.5|86.2|60.1|59|72.3|105.5|50.7|64.8|109.9|110.1,7|2.3|7|0.8|0|7|0|14.7|5.4|0|7|2.3|11.6|3.9|11.6|3.9|24|24|14.7|10.1|0|0.8
2026-05-07 10:40:52,6.2,80.3,17.65,29.65,63.23,0.26,1,27588,0.698,8262,3,55.1|81.7|95.7|120.3|61|131.4|137.5|59|56.9|57.5|75.1|83.6|82.9|85.8|50|44.8|68.9|56.5|51.6|43|109.9|0,5.2|0.6|8.3|6.8|5.2|6.8|2.1|2.1|11.4|0.6|0|6.8|5.2|0|3.7|13|2.1|23.9|13|3.7|0.6|0.6
2026-05-07 10:41:02,11,133.3,17.69,29.7,63.23,0.26,1,27588,0.698,8271.9,3,105.3|90.4|111.9|82|155.8|75.8|66.1|70.9|56|55.9|130.9|184.5|219.2|210|61|81.7|114|84.8|60.4|103.9|109.1|109.1,11.7|0.9|4|2.4|2.4|2.4|2.4|2.4|4|2.4|2.4|11.7|22.6|0|11.7|5.5|2.4|25.7|45.8|5.5|2.4|2.4
2026-05-07 10:41:13,5.1,87.8,17.73,29.74,63.23,0.26,1,27588,0.698,8282,3,54.6|56.2|89|72.5|144.4|102.3|58.1|54.8|55.4|54.7|50.8|72.6|85|81.8|46.3|48.3|72.3|60|40.5|43.4|110|98.3,3.9|0|10.1|8.5|11.6|0|0|2.3|2.3|3.9|0|5.4|5.4|0.8|8.5|2.3|5.4|24|31.8|0|0.8|0
2026-05-07 10:41:23,5.5,73.9,17.71,29.71,63.23,0.26,1,27588,0.698,8292,3,62.3|45.3|141|59.3|118.8|59.2|90.2|61.7|59.9|61.4|81.1|84.4|72.3|75.5|51|48.4|48.9|46.2|58|53.2|109.6|105.6,12.8|3.5|6.6|6.6|2|0|0|0|0|0|6.6|3.5|3.5|2|8.2|16|6.6|3.5|30|6.6|0|0
2026-05-07 10:41:33,4.6,84.3,17.71,29.71,63.23,0.26,1,27588,0.698,8302,3,60.5|79.9|58.7|55.9|55.5|54.8|54.7|55.1|55.4|54.6|86|85.6|83.3|87.1|56.6|59.2|59.4|82.2|81.2|86.9|109.9|107.7,12.7|0.2|8|0|0|0.2|4.9|0|6.4|6.4|6.4|0.2|9.5|0.2|1.7|0.2|3.3|0.2|43.9|0.2|0|0
2026-05-07 10:41:43,8.6,78.1,17.77,29.78,63.23,0.26,1,27588,0.697,8312.1,3,74.6|86.2|108.1|129.1|100.4|60.7|55.3|91.5|56.3|55.3|94.9|91.2|73.3|56.7|49.5|52.3|52.6|90.1|74.3|82.2|109.8|105.7,5.1|0.4|14.4|6.7|11.3|9.8|5.1|0.4|8.2|6.7|19.1|2|20.7|3.6|16|6.7|9.8|14.4|26.9|2|0.4|0
2026-05-07 10:41:54,6.4,78.3,17.75,29.77,63.23,0.26,1,27588,0.697,8322.2,3,84.7|87.4|79|105.8|123.2|98.5|90.9|56.7|54.6|57.2|74.7|83.3|82.5|80.2|67.4|59.9|72.6|45.5|50.9|70|110.1|109.8,2.2|0|0.6|16.2|0.6|3.7|10|0.6|0|0.6|3.7|0|0|11.5|10|3.7|5.3|0.6|2.2|31.7|0.6|0.6
2026-05-07 10:42:04,7.1,83.6,17.72,29.75,63.23,0.26,1,27588,0.697,8332.2,3,61.8|84.6|105.3|107.5|152.2|138.5|57.9|57|55.6|72.1|72|87|82.3|79.9|44.3|59.3|61.8|66.3|51.5|73.8|110|110.2,0|0.9|0|2.4|2.4|17.9|0.9|10.2|4|2.4|10.2|0|0|5.5|7.1|2.4|11.7|4|2.4|27.2|0|0.9
2026-05-07 10:42:14,6.2,81.5,17.72,29.73,63.23,0.26,1,27588,0.697,8342.2,3,66.7|76.7|153.9|153.3|83.8|127.9|57.2|83.5|57.8|59.4|90.9|87.3|54.9|71|65.3|94.1|72.5|60.4|61.8|70|110|109.8,17.7|2.1|6.8|9.9|11.4|6.8|2.1|14.6|0.6|6.8|5.2|2.1|0|11.4|11.4|2.1|6.8|0|11.4|48.7|0|0.6
2026-05-07 10:42:24,8.4,88.2,17.69,29.69,63.23,0.26,1,27588,0.697,8352.1,3,66.5|72.4|158.5|65.1|120.3|87.3|55.4|55.4|55.8|60.7|77.1|85.2|141.1|115.6|82.3|51.3|51.9|79.1|62.2|48.9|110.1|110.2,22.2|1.9|9.7|6.6|1.9|1.9|0.4|0.4|0.4|0.4|8.2|0.4|12.8|1.9|6.6|1.9|17.5|1.9|3.5|6.6|0.4|0.4
2026-05-07 10:42:34,5,78.9,17.71,29.73,63.23,0.26,1,27588,0.697,8362.3,3,81.3|51|162.9|109.1|65|181.7|55.6|55.8|55.5|86.7|66.9|82.8|80.3|93.2|57.7|43.6|49.8|70.7|56.7|81.7|110|110,16.5|1|10.3|7.2|11.8|1|4.1|2.6|0|1|5.6|2.6|10.3|0|13.4|7.2|10.3|2.6|2.6|4.1|0|1
2026-05-07 10:42:45,5.6,72.7,17.74,29.76,63.23,0.26,1,27588,0.697,8372.2,3,89.4|96.1|151.8|71.2|66.5|160.7|109.4|100.9|175|56.7|107.9|142.4|104.8|126|77.3|74.3|75.9|42.1|68.9|78|109.9|110,48.8|2.2|27|27|31.7|11.5|16.2|0|2.2|2.2|16.2|0|13|0.6|36.3|5.3|22.4|3.7|16.2|0.6|0|0
2026-05-07 10:42:55,6.7,81.8,17.7,29.72,63.23,0.26,1,27588,0.697,8382.1,3,67.5|92|55.6|55.5|55.5|55.5|55.5|55.5|55.5|55.5|100.9|111.4|105.2|102|56.9|45.8|57.1|60.5|68.6|63.8|107.9|105.6,5.4|41.1|0|8.5|0.8|0.8|0.8|2.3|0.8|2.3|5.4|7|14.7|2.3|16.3|8.5|11.6|5.4|2.3|8.5|0|0
2026-05-07 10:43:05,6.9,82.8,17.7,29.71,63.23,0.26,1,27588,0.697,8392.1,3,88|86.4|63.6|115.1|117.4|101.7|55.9|71.1|57.3|55.4|88.3|100.8|100.9|90|67.6|43.1|62.5|52.9|64.9|92.9|109.5|0,6.5|23.7|1.8|8.1|1.8|3.4|0.3|0|0|0|6.5|6.5|8.1|1.8|22.1|11.2|17.4|9.6|8.1|0|0.3|0
