timestamp,cpu_pct,cpu_perf_pct,mem_used_gb,mem_commit_gb,mem_commit_limit_gb,pagefile_pct,stata_pid,stata_ws_gb,stata_cpu_sec,stata_threads
# logical_cores=22
# header_repeated_below
timestamp,cpu_pct,cpu_perf_pct,mem_used_gb,mem_commit_gb,mem_commit_limit_gb,pagefile_pct,stata_pid,stata_ws_gb,stata_cpu_sec,stata_threads
2026-05-05 21:52:49,9.6,181.1,22.53,39.04,71.99,3.66,,,,
2026-05-05 21:52:58,12.2,172.3,22.78,39.26,71.99,3.66,33416,0.218,4.3,9
2026-05-05 21:53:06,5.3,145.6,23.07,39.67,71.99,3.66,33416,0.287,12.5,9
2026-05-05 21:53:14,13.9,143,23.07,39.69,71.99,3.66,33416,0.36,20.5,9
2026-05-05 21:53:22,9.8,142.9,23.03,39.66,71.99,3.66,33416,0.361,28.4,9
2026-05-05 21:53:31,6.5,117.9,23.03,39.66,71.99,3.66,33416,0.361,36.6,9
2026-05-05 21:53:39,12,126.6,23.04,39.67,71.99,3.66,33416,0.361,44.7,9
2026-05-05 21:53:47,8.9,158.2,23.04,39.68,71.99,3.66,33416,0.361,52.7,9
2026-05-05 21:53:55,9.2,181.9,23.11,39.74,71.99,3.66,33416,0.361,60.9,6
2026-05-05 21:54:04,10,145.9,23.14,39.8,71.99,3.66,33416,0.361,69,5
2026-05-05 21:54:12,16.3,155.6,23.2,39.85,71.99,3.66,33416,0.361,77.2,5
2026-05-05 21:54:20,12.9,183.8,23.05,39.7,71.99,3.66,33416,0.315,85.3,5
2026-05-05 21:54:28,17.3,182.2,23.11,39.77,71.99,3.66,33416,0.316,93.5,5
2026-05-05 21:54:37,5.2,141.6,23.09,39.72,71.99,3.66,33416,0.318,101.6,5
2026-05-05 21:54:45,6.2,141.4,23.11,39.74,71.99,3.66,33416,0.36,109.7,5
2026-05-05 21:54:53,10.2,132,23.09,39.73,71.99,3.66,33416,0.341,117.9,5
2026-05-05 21:55:01,7.1,161.8,23.05,39.67,71.99,3.66,33416,0.373,125.8,4
2026-05-05 21:55:10,10.6,123.8,23.1,39.72,71.99,3.66,33416,0.373,133.8,3
2026-05-05 21:55:18,8,147.6,23.06,39.67,71.99,3.66,33416,0.373,142,3
2026-05-05 21:55:26,22.8,189,23.08,39.7,71.99,3.66,33416,0.373,150.2,3
2026-05-05 21:55:34,6.1,140.4,23.1,39.72,71.99,3.66,33416,0.373,158.3,3
2026-05-05 21:55:43,13,130.6,23.08,39.71,71.99,3.66,33416,0.373,166.4,3
2026-05-05 21:55:51,8.3,138.7,23.04,39.64,71.99,3.66,33416,0.373,174.4,3
2026-05-05 21:55:59,12.9,131.2,23.05,39.66,71.99,3.66,33416,0.371,182.5,3
2026-05-05 21:56:07,13.5,138.8,23.09,39.71,71.99,3.66,33416,0.372,190.5,3
2026-05-05 21:56:15,7.4,142.5,23.07,39.68,71.99,3.66,33416,0.372,198.6,3
2026-05-05 21:56:24,5.9,131.5,23.03,39.63,71.99,3.66,33416,0.366,206.7,3
2026-05-05 21:56:32,19.7,176.2,23.09,39.69,71.99,3.66,33416,0.333,214.8,3
2026-05-05 21:56:40,4.9,153.8,23.03,39.64,71.99,3.66,33416,0.333,222.7,3
2026-05-05 21:56:48,10.9,143.3,23.06,39.67,71.99,3.66,33416,0.364,230.9,3
2026-05-05 21:56:57,18.3,161.8,23.04,39.63,71.99,3.66,33416,0.364,239,3
2026-05-05 21:57:05,18.2,159.4,23.07,39.67,71.99,3.66,33416,0.364,247.2,3
2026-05-05 21:57:13,6.8,159.3,23.08,39.69,71.99,3.66,33416,0.364,255.3,3
2026-05-05 21:57:21,11,135.1,23.05,39.66,71.99,3.66,33416,0.364,263.4,3
2026-05-05 21:57:30,11.6,167.2,23.11,39.71,71.99,3.66,33416,0.362,271.5,3
2026-05-05 21:57:38,11.2,146.6,23.07,39.67,71.99,3.66,33416,0.362,279.6,3
2026-05-05 21:57:46,8.2,134.4,23.07,39.67,71.99,3.66,33416,0.362,287.7,3
2026-05-05 21:57:54,10.4,163.8,23.04,39.64,71.99,3.66,33416,0.363,295.7,6
2026-05-05 21:58:02,6.4,138.1,23.02,39.63,71.99,3.66,33416,0.358,303.7,6
2026-05-05 21:58:11,6.6,147.7,23,39.6,71.99,3.66,33416,0.332,311.8,6
2026-05-05 21:58:19,11,133.9,23.04,39.65,71.99,3.66,33416,0.363,319.9,6
2026-05-05 21:58:27,18.8,139,23.09,39.7,71.99,3.66,33416,0.363,327.9,6
2026-05-05 21:58:35,18.3,174.8,23.11,39.73,71.99,3.66,System.Object[],0.363,,14
2026-05-05 21:58:44,14.4,171,23.19,39.87,71.99,3.66,System.Object[],0.363,,16
2026-05-05 21:58:52,13.4,187.4,23.27,39.96,71.99,3.66,System.Object[],0.363,,16
2026-05-05 21:59:00,16.5,187.1,23.24,39.91,71.99,3.66,System.Object[],0.363,,17
2026-05-05 21:59:08,8.4,148.5,22.95,39.52,71.99,3.66,System.Object[],0.363,,16
2026-05-05 21:59:17,9.5,129.3,22.82,39.31,71.99,3.66,33416,0.362,376.4,6
2026-05-05 21:59:25,20.4,177.2,22.89,39.39,71.99,3.66,33416,0.362,384.3,6
2026-05-05 21:59:33,16.3,187.4,22.87,39.38,71.99,3.66,33416,0.361,392.4,6
2026-05-05 21:59:41,6.5,131.6,22.89,39.39,71.99,3.66,33416,0.36,400.4,5
2026-05-05 21:59:50,9.6,150.1,22.86,39.36,71.99,3.66,33416,0.329,408.4,5
2026-05-05 21:59:58,12.1,130.8,22.88,39.39,71.99,3.66,33416,0.379,416.5,5
2026-05-05 22:00:06,20.7,181.8,22.96,39.53,71.99,3.66,System.Object[],0.379,,14
2026-05-05 22:00:14,15,180.5,23,39.57,71.99,3.66,System.Object[],0.379,,14
2026-05-05 22:00:23,15.4,183,23.08,39.65,71.99,3.66,System.Object[],0.379,,14
2026-05-05 22:00:31,18.1,159,22.86,39.36,71.99,3.66,33416,0.379,449,5
2026-05-05 22:00:39,8.6,169.9,22.86,39.37,71.99,3.66,33416,0.394,457.2,5
2026-05-05 22:00:47,5.2,92.9,22.9,39.39,71.99,3.66,33416,0.409,465.2,3
2026-05-05 22:00:55,23.1,175,22.96,39.45,71.99,3.66,33416,0.421,473.3,3
2026-05-05 22:01:04,7.1,78.9,22.89,39.37,71.99,3.66,33416,0.431,481.3,3
2026-05-05 22:01:12,7.1,86.6,22.89,39.38,71.99,3.66,33416,0.44,489.4,3
2026-05-05 22:01:20,5.4,87.4,22.91,39.4,71.99,3.66,33416,0.448,497.6,3
2026-05-05 22:01:29,6.3,83.3,22.93,39.42,71.99,3.66,33416,0.456,505.6,3
2026-05-05 22:01:37,11.9,103.1,22.91,39.4,71.99,3.66,33416,0.463,513.7,3
2026-05-05 22:01:45,8.6,106,22.92,39.4,71.99,3.66,33416,0.47,521.7,3
2026-05-05 22:01:53,5.2,85.5,22.92,39.41,71.99,3.66,33416,0.473,529.8,3
2026-05-05 22:02:02,6.6,107.1,22.93,39.42,71.99,3.66,33416,0.473,537.8,3
2026-05-05 22:02:10,6.7,110.5,22.93,39.41,71.99,3.66,33416,0.473,545.8,3
2026-05-05 22:02:18,5.3,138.4,22.92,39.41,71.99,3.66,33416,0.473,553.9,3
2026-05-05 22:02:26,14,163.6,22.95,39.44,71.99,3.66,33416,0.474,562,3
2026-05-05 22:02:35,9.1,96.7,22.91,39.39,71.99,3.66,33416,0.478,570.1,3
2026-05-05 22:02:43,7.6,108.7,22.94,39.42,71.99,3.66,33416,0.483,578.2,3
2026-05-05 22:02:51,14.7,120.9,22.96,39.44,71.99,3.66,33416,0.488,586.2,3
2026-05-05 22:02:59,19.6,166.2,23.31,39.9,71.99,3.66,33416,0.496,594.3,5
2026-05-05 22:03:08,9.2,156.8,22.82,39.86,71.99,3.66,33416,0.516,602.5,5
2026-05-05 22:03:16,7,140,22.83,39.88,71.99,3.66,33416,0.537,610.5,5
2026-05-05 22:03:24,7.5,147.3,23,39.89,71.99,3.66,33416,0.558,618.7,5
2026-05-05 22:03:32,8.4,147,23.07,39.92,71.99,3.66,33416,0.578,626.7,5
2026-05-05 22:03:40,8.9,137.9,23.06,39.94,71.99,3.66,33416,0.595,634.8,5
2026-05-05 22:03:49,7.9,163.2,23.13,39.93,71.99,3.66,33416,0.595,642.9,5
2026-05-05 22:03:57,7.2,168.3,23.31,39.91,71.99,3.66,33416,0.595,651,5
2026-05-05 22:04:05,8.6,146.4,23.67,40.16,71.99,3.66,33416,0.598,659.1,4
2026-05-05 22:04:13,8.5,144.6,23.64,40.15,71.99,3.66,33416,0.598,667.3,4
2026-05-05 22:04:22,10.5,150.1,23.52,40.15,71.99,3.66,33416,0.6,675.4,4
2026-05-05 22:04:30,7.4,156.2,23.5,40.15,71.99,3.66,33416,0.601,683.5,4
2026-05-05 22:04:38,8.9,147.7,23.47,40.16,71.99,3.66,33416,0.603,691.5,4
2026-05-05 22:04:46,9,156.6,23.39,40.16,71.99,3.66,33416,0.605,699.6,4
2026-05-05 22:04:55,8.6,153.1,23.37,40.17,71.99,3.66,33416,0.606,707.7,4
2026-05-05 22:05:03,8.4,152.7,23.31,40.16,71.99,3.66,33416,0.607,715.8,5
2026-05-05 22:05:11,11.5,154.6,23.31,40.17,71.99,3.66,33416,0.61,724,5
2026-05-05 22:05:19,7.1,152.8,23.41,40.15,71.99,3.66,33416,0.611,732.1,5
2026-05-05 22:05:28,12,157.2,23.57,40.18,71.99,3.66,33416,0.614,740.1,5
2026-05-05 22:05:36,9.3,156.2,23.56,40.18,71.99,3.66,33416,0.617,748.3,5
2026-05-05 22:05:44,8.8,154.2,23.47,40.16,71.99,3.66,33416,0.619,756.4,5
2026-05-05 22:05:52,8.5,149.4,23.49,40.18,71.99,3.66,33416,0.62,764.5,5
2026-05-05 22:06:01,8.6,158.8,23.65,40.17,71.99,3.66,33416,0.62,772.6,5
2026-05-05 22:06:09,9,153.9,23.76,40.17,71.99,3.66,33416,0.632,780.8,5
2026-05-05 22:06:17,7.3,157.6,23.77,40.17,71.99,3.66,33416,0.633,789,5
2026-05-05 22:06:25,10.8,157.9,23.69,40.17,71.99,3.66,33416,0.635,797.1,3
2026-05-05 22:06:33,9.7,161.2,23.58,40.16,71.99,3.66,33416,0.635,805.3,3
2026-05-05 22:06:42,8.9,155.4,23.56,40.18,71.99,3.66,33416,0.636,813.5,3
2026-05-05 22:06:50,7.9,178.4,23.6,40.24,71.99,3.66,33416,0.64,821.6,3
2026-05-05 22:06:58,15.9,182.2,23.53,40.29,71.99,3.66,33416,0.642,829.9,3
2026-05-05 22:07:07,12.8,161.5,23.46,40.28,71.99,3.66,33416,0.641,838,3
2026-05-05 22:07:15,10.9,162.9,23.41,40.26,71.99,3.66,33416,0.641,846.1,3
2026-05-05 22:07:23,9.1,157.7,23.33,40.26,71.99,3.66,33416,0.642,854.2,3
2026-05-05 22:07:31,6.5,152.1,23.52,40.26,71.99,3.66,33416,0.642,862.3,3
2026-05-05 22:07:39,8.6,157.5,23.38,40.24,71.99,3.66,33416,0.642,870.5,3
2026-05-05 22:07:48,9.8,149.3,23.32,40.25,71.99,3.66,33416,0.642,878.7,3
2026-05-05 22:07:56,10.2,151.2,23.35,40.28,71.99,3.66,33416,0.643,886.7,3
2026-05-05 22:08:04,10.2,141.8,23.32,40.29,71.99,3.66,33416,0.645,894.8,3
2026-05-05 22:08:12,9.2,141.8,23.48,40.32,71.99,3.66,33416,0.647,903,3
2026-05-05 22:08:21,18.4,143.3,23.56,40.35,71.99,3.66,33416,0.65,911.1,3
2026-05-05 22:08:29,9.6,150.3,23.58,40.38,71.99,3.66,33416,0.653,919.2,3
2026-05-05 22:08:37,9.5,149.3,23.69,40.37,71.99,3.66,33416,0.655,927.3,3
2026-05-05 22:08:45,10.2,149.6,23.42,40.35,71.99,3.66,33416,0.658,935.3,3
2026-05-05 22:08:54,17.4,148.1,23.26,40.36,71.99,3.66,33416,0.661,943.4,3
2026-05-05 22:09:02,8.6,153.7,22.98,40,71.99,3.66,33416,0.665,951.5,3
2026-05-05 22:09:10,8.2,158,23.01,40.01,71.99,3.66,33416,0.666,959.5,3
2026-05-05 22:09:18,7.8,146.7,23.16,40.02,71.99,3.66,33416,0.669,967.7,3
2026-05-05 22:09:27,7.6,150.5,23.19,40.03,71.99,3.66,33416,0.672,975.9,3
2026-05-05 22:09:35,8.1,158.8,23.08,40,71.99,3.66,33416,0.674,984,3
2026-05-05 22:09:43,13.7,153.9,23.71,40.09,71.99,3.66,33416,0.677,992.1,3
2026-05-05 22:09:51,8.7,126.6,23.43,39.9,71.99,3.66,33416,0.679,1000.2,3
2026-05-05 22:10:00,11,138.8,23.6,39.94,71.99,3.66,33416,0.681,1008.2,3
2026-05-05 22:10:08,9.6,146.2,23.48,39.9,71.99,3.66,33416,0.683,1016.3,3
2026-05-05 22:10:16,8.2,155.8,23.26,39.91,71.99,3.66,33416,0.686,1024.5,3
2026-05-05 22:10:24,7.5,150.2,23.2,39.91,71.99,3.66,33416,0.688,1032.5,3
2026-05-05 22:10:33,10,144.2,23.21,39.91,71.99,3.66,33416,0.691,1040.7,3
2026-05-05 22:10:41,7.9,148.2,23.09,39.91,71.99,3.66,33416,0.693,1048.8,3
2026-05-05 22:10:49,7.9,166.2,23.09,39.93,71.99,3.66,33416,0.695,1056.9,3
2026-05-05 22:10:57,17.1,184.7,23.18,39.97,71.99,3.66,33416,0.698,1064.9,5
2026-05-05 22:11:05,9.8,178.6,23.02,40,71.99,3.66,33416,0.699,1073.1,5
2026-05-05 22:11:14,12.5,158.3,23.01,40,71.99,3.66,33416,0.701,1081.3,5
2026-05-05 22:11:22,7.5,143.6,23.25,40.02,71.99,3.66,33416,0.703,1089.4,5
2026-05-05 22:11:30,13.5,168.4,23.32,40.1,71.99,3.66,33416,0.705,1097.5,5
2026-05-05 22:11:39,10.5,149.6,23.22,40.03,71.99,3.66,33416,0.707,1105.7,5
2026-05-05 22:11:47,12.6,134.6,23.54,40.4,71.99,3.66,33416,0.709,1113.8,5
2026-05-05 22:11:55,7.5,144.8,23.4,40.36,71.99,3.66,33416,0.711,1121.9,5
2026-05-05 22:12:03,19.6,177.5,23.54,40.57,71.99,3.66,System.Object[],0.711,,14
2026-05-05 22:12:12,15.9,162.4,23.51,40.65,71.99,3.66,System.Object[],0.711,,14
2026-05-05 22:12:20,14.7,186.5,23.66,40.65,71.99,3.66,System.Object[],0.711,,15
2026-05-05 22:12:28,14.2,187.4,23.74,40.66,71.99,3.66,System.Object[],0.711,,14
2026-05-05 22:12:36,9.3,136.3,23.5,40.39,71.99,3.66,33416,0.72,1162.5,5
2026-05-05 22:12:45,37.9,174.8,23.58,40.5,71.99,3.66,33416,0.722,1170.7,5
2026-05-05 22:12:53,21.8,190.8,23.57,40.55,71.99,3.66,33416,0.723,1178.8,5
2026-05-05 22:13:01,13.9,173.8,23.43,40.57,71.99,3.66,33416,0.725,1187,3
2026-05-05 22:13:09,13.7,154,23.34,40.55,71.99,3.66,33416,0.727,1195.1,3
2026-05-05 22:13:18,9.9,125.8,23.31,40.42,71.99,3.66,33416,0.729,1203.3,3
2026-05-05 22:13:26,12.5,135.5,23.43,40.42,71.99,3.66,33416,0.731,1211.5,3
2026-05-05 22:13:34,16.3,188.8,23.61,40.47,71.99,3.66,33416,0.734,1219.7,3
2026-05-05 22:13:42,23.8,193.5,23.7,40.57,71.99,3.66,System.Object[],0.734,,12
2026-05-05 22:13:51,12.6,167.3,23.58,40.51,71.99,3.66,33416,0.734,1236,3
2026-05-05 22:13:59,12.1,171,23.59,40.53,71.99,3.66,33416,0.734,1244.1,3
2026-05-05 22:14:07,7.7,161.7,23.56,40.49,71.99,3.66,33416,0.734,1252.2,3
2026-05-05 22:14:15,7.1,153.6,23.49,40.48,71.99,3.66,33416,0.737,1260.3,3
2026-05-05 22:14:24,12.7,175.5,23.56,40.41,71.99,3.66,33416,0.737,1268.5,3
2026-05-05 22:14:32,13.6,182.4,23.64,40.45,71.99,3.66,33416,0.737,1276.7,3
2026-05-05 22:14:40,17.3,168.9,23.75,40.47,71.99,3.66,33416,0.737,1284.8,3
2026-05-05 22:14:49,14.3,176.4,23.7,40.46,71.99,3.66,33416,0.737,1293,3
2026-05-05 22:14:57,13,162,23.7,40.41,71.99,3.66,33416,0.706,1301.1,3
2026-05-05 22:15:05,12.8,161.4,23.89,40.46,71.99,3.66,33416,0.706,1309.2,3
2026-05-05 22:15:13,18.8,157.4,24.19,40.53,71.99,3.66,33416,0.706,1317.4,3
2026-05-05 22:15:22,7.7,146.1,24.37,40.45,71.99,3.66,33416,0.706,1325.3,3
2026-05-05 22:15:30,10.5,157,24.43,40.45,71.99,3.66,33416,0.706,1333.5,3
2026-05-05 22:15:38,11.7,171,24.46,40.46,71.99,3.66,33416,0.706,1341.7,3
2026-05-05 22:15:46,13.2,166.5,24.53,40.47,71.99,3.66,33416,0.706,1349.9,3
2026-05-05 22:15:55,13.8,190.6,24.33,40.47,71.99,3.66,33416,0.706,1358,3
2026-05-05 22:16:03,23.4,188.9,24.39,40.52,71.99,3.66,33416,0.706,1366.2,3
2026-05-05 22:16:11,13.5,171.8,24.37,40.53,71.99,3.66,33416,0.706,1374.3,3
2026-05-05 22:16:19,13.5,156.8,24.48,40.43,71.99,3.66,33416,0.706,1382.4,3
2026-05-05 22:16:28,12.5,182.2,24.67,40.57,71.99,3.66,33416,0.706,1390.7,3
2026-05-05 22:16:36,23.9,188.7,24.76,40.51,71.99,3.66,33416,0.706,1398.9,3
2026-05-05 22:16:44,18.5,192.8,24.98,40.71,71.99,3.66,System.Object[],0.706,,13
2026-05-05 22:16:53,17.7,197.6,24.98,40.69,71.99,3.66,System.Object[],0.706,,13
2026-05-05 22:17:01,16.6,187.5,25.02,40.72,71.99,3.66,System.Object[],0.706,,14
2026-05-05 22:17:09,19.5,197.7,25.04,40.72,71.99,3.66,System.Object[],0.706,,14
2026-05-05 22:17:17,14.7,162.5,24.7,40.5,71.99,3.66,33416,0.706,1439.2,5
2026-05-05 22:17:26,23.3,175.6,24.67,40.54,71.99,3.66,33416,0.706,1447.4,5
2026-05-05 22:17:34,15.3,164,24.74,40.53,71.99,3.66,33416,0.706,1455.5,5
2026-05-05 22:17:42,13.6,167.1,24.81,40.53,71.99,3.66,33416,0.707,1463.7,5
2026-05-05 22:17:50,12.4,153.9,24.43,40.26,71.99,3.66,33416,0.707,1471.8,5
2026-05-05 22:17:59,7.1,127,24.11,40.19,71.99,3.66,33416,0.707,1479.9,5
2026-05-05 22:18:07,7.4,131.8,23.9,40.19,71.99,3.66,33416,0.707,1488,5
2026-05-05 22:18:15,11.7,166.2,23.95,40.13,71.99,3.66,33416,0.707,1496.2,5
2026-05-05 22:18:23,18.5,179.6,23.95,40.18,71.99,3.66,33416,0.707,1504.3,5
2026-05-05 22:18:32,11.5,180.4,24.26,40.36,71.99,3.66,System.Object[],0.707,,15
2026-05-05 22:18:40,16.9,186.2,24.52,40.4,71.99,3.66,System.Object[],0.707,,13
2026-05-05 22:18:48,14.5,167.2,24.52,40.41,71.99,3.66,System.Object[],0.707,,12
2026-05-05 22:18:57,14.1,161.5,24.43,40.41,71.99,3.66,System.Object[],0.707,,13
2026-05-05 22:19:05,14.2,152.9,23.98,40.11,71.99,3.66,33416,0.707,1544.9,3
2026-05-05 22:19:13,13.5,142.4,24.02,40.16,71.99,3.66,33416,0.707,1553,3
2026-05-05 22:19:21,8.4,137.4,24.08,40.17,71.99,3.66,33416,0.707,1561.1,3
2026-05-05 22:19:30,9,154.5,23.74,40.1,71.99,3.66,33416,0.707,1569.2,3
2026-05-05 22:19:38,10.9,150.8,23.79,40.09,71.99,3.66,33416,0.707,1577.2,3
2026-05-05 22:19:46,10.5,142.1,23.79,40.1,71.99,3.66,33416,0.707,1585.2,3
2026-05-05 22:19:54,9.4,134.9,23.86,40.09,71.99,3.66,33416,0.707,1593.3,3
2026-05-05 22:20:02,17.4,141.6,24.07,40.14,71.99,3.66,33416,0.707,1601.3,3
2026-05-05 22:20:11,9.7,173.2,24.16,40.15,71.99,3.66,33416,0.707,1609.4,3
2026-05-05 22:20:19,14.1,174.5,24.16,40.18,71.99,3.66,33416,0.707,1617.5,3
2026-05-05 22:20:27,13.5,178.5,24.28,40.31,71.99,3.66,System.Object[],0.707,,13
2026-05-05 22:20:35,13.9,183.1,24.25,40.36,71.99,3.66,System.Object[],0.707,,12
2026-05-05 22:20:44,12.9,186.9,24.38,40.4,71.99,3.66,System.Object[],0.707,,12
2026-05-05 22:20:52,12.7,187.1,24.14,40.37,71.99,3.66,System.Object[],0.707,,13
2026-05-05 22:21:00,12.7,179.5,24.26,40.36,71.99,3.66,System.Object[],0.707,,12
2026-05-05 22:21:08,10.5,142.2,24.17,40.1,71.99,3.66,33416,0.707,1665.9,3
2026-05-05 22:21:17,9.1,145.7,23.68,39.73,71.99,3.66,33416,0.707,1674,3
2026-05-05 22:21:25,9.7,143.3,23.58,39.8,71.99,3.66,33416,0.729,1682.2,3
2026-05-05 22:21:33,9.1,124.9,23.44,39.74,71.99,3.66,33416,0.73,1690.4,3
2026-05-05 22:21:41,8.3,133.5,23.31,39.72,71.99,3.66,33416,0.73,1698.5,3
2026-05-05 22:21:50,12.1,144.8,23.79,39.78,71.99,3.66,33416,0.762,1706.6,3
2026-05-05 22:21:58,7.4,82.9,23.27,39.77,71.99,3.66,33416,0.762,1714.8,3
2026-05-05 22:22:06,6.1,70.3,23.23,39.72,71.99,3.66,33416,0.762,1722.9,3
2026-05-05 22:22:14,8.1,67.9,23.23,39.73,71.99,3.66,33416,0.762,1731,3
2026-05-05 22:22:23,7.4,84.8,23.25,39.75,71.99,3.66,33416,0.762,1739.1,3
2026-05-05 22:22:31,6.3,80.6,23.23,39.74,71.99,3.66,33416,0.762,1747.2,3
2026-05-05 22:22:39,8.7,77.2,23.23,39.74,71.99,3.66,33416,0.762,1755.2,3
2026-05-05 22:22:48,11.5,80.8,23.23,39.74,71.99,3.66,33416,0.762,1763.2,3
2026-05-05 22:22:56,5.8,72.9,23.54,40.15,71.99,3.66,33416,0.762,1771.3,3
2026-05-05 22:23:04,6.9,79.2,23.51,40.13,71.99,3.66,33416,0.762,1779.4,5
2026-05-05 22:23:12,11.9,67.1,23.5,40.12,71.99,3.66,33416,0.762,1787.5,5
2026-05-05 22:23:21,21.2,145,23.57,40.15,71.99,3.66,33416,0.762,1795.5,5
2026-05-05 22:23:29,7,89.2,23.53,40.11,71.99,3.66,33416,0.762,1803.5,5
2026-05-05 22:23:37,5.9,67.8,23.53,40.11,71.99,3.66,33416,0.762,1811.6,5
2026-05-05 22:23:45,6.6,70,23.54,40.12,71.99,3.66,33416,0.762,1819.8,5
2026-05-05 22:23:54,7.4,58.1,23.54,40.14,71.99,3.66,33416,0.762,1828,5
2026-05-05 22:24:02,10,121.7,23.57,40.15,71.99,3.66,33416,0.762,1836,5
2026-05-05 22:24:10,14.7,132.7,23.57,40.15,71.99,3.66,33416,0.762,1844.2,3
2026-05-05 22:24:19,6.5,78.5,23.56,40.14,71.99,3.66,33416,0.762,1852.3,3
2026-05-05 22:24:27,7.4,64.7,23.55,40.13,71.99,3.66,33416,0.762,1860.5,3
2026-05-05 22:24:35,8.5,106.9,23.55,40.14,71.99,3.66,33416,0.762,1868.5,3
2026-05-05 22:24:43,8.8,83.1,23.55,40.13,71.99,3.66,33416,0.762,1876.6,3
2026-05-05 22:24:52,23.2,111.3,23.58,40.16,71.99,3.66,33416,0.762,1884.7,3
2026-05-05 22:25:00,21.4,120,23.53,40.11,71.99,3.66,33416,0.762,1892.7,3
2026-05-05 22:25:08,12.4,148.5,23.54,40.11,71.99,3.66,33416,0.762,1900.8,3
2026-05-05 22:25:16,7.9,82,23.53,40.1,71.99,3.66,33416,0.762,1908.8,3
2026-05-05 22:25:25,14.5,145.3,23.55,40.12,71.99,3.66,33416,0.762,1916.9,3
2026-05-05 22:25:33,6.2,113.8,23.52,40.09,71.99,3.66,33416,0.762,1924.9,3
2026-05-05 22:25:41,6.6,85.9,23.53,40.09,71.99,3.66,33416,0.762,1933,3
2026-05-05 22:25:50,6.6,107.8,23.55,40.11,71.99,3.66,33416,0.762,1941,3
2026-05-05 22:25:58,6.8,81.5,23.53,40.11,71.99,3.66,33416,0.762,1949.1,3
2026-05-05 22:26:06,7.1,80.6,23.53,40.1,71.99,3.66,33416,0.762,1957.2,3
2026-05-05 22:26:14,7.2,69,23.54,40.1,71.99,3.66,33416,0.762,1965.2,3
2026-05-05 22:26:23,9.3,75.3,23.54,40.12,71.99,3.66,33416,0.761,1973.2,3
2026-05-05 22:26:31,15.4,96.8,23.54,40.11,71.99,3.66,33416,0.761,1981.3,3
2026-05-05 22:26:39,7.1,68.9,23.53,40.1,71.99,3.66,33416,0.761,1989.2,3
2026-05-05 22:26:47,7.5,80.1,23.53,40.1,71.99,3.66,33416,0.761,1997.2,3
2026-05-05 22:26:56,10.4,68.6,23.54,40.1,71.99,3.66,33416,0.761,2005.3,3
2026-05-05 22:27:04,6.2,76.4,23.52,40.09,71.99,3.66,33416,0.761,2013.3,3
2026-05-05 22:27:12,5.5,86.4,23.52,40.1,71.99,3.66,33416,0.761,2021.4,3
2026-05-05 22:27:21,6.9,148.2,23.58,40.16,71.99,3.66,33416,0.761,2029.5,3
2026-05-05 22:27:29,5.9,77.9,23.53,40.11,71.99,3.66,33416,0.761,2037.6,3
2026-05-05 22:27:37,8.8,64.8,23.53,40.11,71.99,3.66,33416,0.761,2045.7,3
2026-05-05 22:27:45,10.4,102.7,23.53,40.11,71.99,3.66,33416,0.761,2053.8,3
2026-05-05 22:27:54,7.3,76.3,23.55,40.13,71.99,3.66,33416,0.761,2062,3
2026-05-05 22:28:02,6.3,88.3,23.53,40.11,71.99,3.66,33416,0.761,2070.1,3
2026-05-05 22:28:10,9.6,65.3,23.53,40.11,71.99,3.66,33416,0.761,2078.2,3
2026-05-05 22:28:18,10.6,92.5,23.54,40.11,71.99,3.66,33416,0.761,2086.3,3
2026-05-05 22:28:27,4.8,70.6,23.55,40.12,71.99,3.66,33416,0.761,2094.4,3
2026-05-05 22:28:35,7.8,65.5,23.53,40.11,71.99,3.66,33416,0.761,2102.5,3
2026-05-05 22:28:43,11.8,96.5,23.53,40.11,71.99,3.66,33416,0.761,2110.6,3
2026-05-05 22:28:52,17.6,144.1,23.56,40.13,71.99,3.66,33416,0.761,2118.7,3
2026-05-05 22:29:00,10.7,78,23.28,39.74,71.99,3.66,33416,0.761,2126.8,5
2026-05-05 22:29:08,5.4,66.3,23.27,39.73,71.99,3.66,33416,0.761,2134.9,5
2026-05-05 22:29:16,5.1,65.6,23.27,39.73,71.99,3.66,33416,0.761,2143,5
2026-05-05 22:29:25,7.4,80.8,23.31,39.77,71.99,3.66,33416,0.761,2151.1,5
2026-05-05 22:29:33,9.6,65,23.28,39.74,71.99,3.66,33416,0.761,2159.2,5
2026-05-05 22:29:41,10,90.1,23.28,39.74,71.99,3.66,33416,0.761,2167.1,5
2026-05-05 22:29:49,7.9,98,23.3,39.76,71.99,3.66,33416,0.761,2175.3,5
2026-05-05 22:29:58,6.4,72.8,23.27,39.74,71.99,3.66,33416,0.761,2183.4,5
2026-05-05 22:30:06,7.5,82.5,23.36,39.78,71.99,3.66,33416,0.761,2191.5,5
2026-05-05 22:30:14,7.9,75.7,23.33,39.76,71.99,3.66,33416,0.761,2199.6,5
2026-05-05 22:30:22,13.6,107,23.38,39.8,71.99,3.66,33416,0.761,2207.8,5
2026-05-05 22:30:31,12.2,140.9,23.35,39.77,71.99,3.66,33416,0.761,2215.9,5
2026-05-05 22:30:39,8.2,73.6,23.35,39.77,71.99,3.66,33416,0.761,2224,5
2026-05-05 22:30:47,8.8,70.7,23.35,39.76,71.99,3.66,33416,0.761,2232.2,5
2026-05-05 22:30:56,6.3,87.1,23.36,39.78,71.99,3.66,33416,0.761,2240.3,3
2026-05-05 22:31:04,8.6,110.7,23.31,39.73,71.99,3.66,33416,0.761,2248.5,3
2026-05-05 22:31:12,4.9,86.2,23.32,39.74,71.99,3.66,33416,0.761,2256.7,3
2026-05-05 22:31:20,5.4,136.9,23.36,39.79,71.99,3.66,33416,0.761,2264.7,3
2026-05-05 22:31:29,6.7,67.1,23.31,39.72,71.99,3.66,33416,0.761,2272.7,3
2026-05-05 22:31:37,5.3,69.6,23.3,39.72,71.99,3.66,33416,0.761,2280.7,3
2026-05-05 22:31:45,6.1,77.6,23.3,39.72,71.99,3.66,33416,0.761,2288.7,3
2026-05-05 22:31:54,8.7,99,23.32,39.74,71.99,3.66,33416,0.761,2296.9,3
2026-05-05 22:32:02,12.3,104.9,23.3,39.72,71.99,3.66,33416,0.761,2304.9,3
2026-05-05 22:32:10,7.3,89,23.31,39.73,71.99,3.66,33416,0.761,2312.9,3
2026-05-05 22:32:18,7,63.2,23.3,39.72,71.99,3.66,33416,0.761,2320.8,3
2026-05-05 22:32:27,6.9,75,23.33,39.75,71.99,3.66,33416,0.761,2328.9,3
2026-05-05 22:32:35,11.6,69.1,23.3,39.73,71.99,3.66,33416,0.761,2337,3
2026-05-05 22:32:43,10.3,66.6,23.3,39.73,71.99,3.66,33416,0.761,2345.1,3
2026-05-05 22:32:51,18.1,135.8,23.31,39.75,71.99,3.66,33416,0.761,2353.1,3
2026-05-05 22:33:00,11.2,94.1,23.28,39.72,71.99,3.66,33416,0.761,2361.1,3
2026-05-05 22:33:08,5.1,85.2,23.29,39.74,71.99,3.66,33416,0.761,2369.2,3
2026-05-05 22:33:16,4.4,72.9,23.28,39.73,71.99,3.66,33416,0.761,2377.3,3
2026-05-05 22:33:25,7.3,74.6,23.3,39.75,71.99,3.66,33416,0.761,2385.2,3
2026-05-05 22:33:33,10.2,80.4,23.28,39.73,71.99,3.66,33416,0.761,2393.3,3
2026-05-05 22:33:41,5.3,96.8,23.28,39.73,71.99,3.66,33416,0.761,2401.4,3
2026-05-05 22:33:49,5.6,81.3,23.29,39.74,71.99,3.66,33416,0.761,2409.5,3
2026-05-05 22:33:58,6.4,70.1,23.3,39.75,71.99,3.66,33416,0.761,2417.6,3
2026-05-05 22:34:06,4.6,69.6,23.27,39.73,71.99,3.66,33416,0.761,2425.8,3
2026-05-05 22:34:14,5.9,82.4,23.28,39.73,71.99,3.66,33416,0.761,2433.8,3
2026-05-05 22:34:22,20.5,153.6,23.33,39.8,71.99,3.66,33416,0.761,2441.8,3
2026-05-05 22:34:31,8.7,138.6,22.85,39.75,71.99,3.66,33416,0.761,2449.9,3
2026-05-05 22:34:39,9.1,133.6,22.83,39.76,71.99,3.66,33416,0.761,2458.1,3
2026-05-05 22:34:47,9.9,134.1,22.97,39.75,71.99,3.66,33416,0.761,2466.1,3
2026-05-05 22:34:56,9.8,138.5,23.07,39.77,71.99,3.66,33416,0.761,2474.3,3
2026-05-05 22:35:04,13,130.6,23.01,39.77,71.99,3.66,33416,0.761,2482.3,5
2026-05-05 22:35:12,17.1,127.7,23.06,39.76,71.99,3.66,33416,0.761,2490.2,5
2026-05-05 22:35:20,8.2,137.4,23.23,39.75,71.99,3.66,33416,0.761,2498.4,5
2026-05-05 22:35:29,10,127.5,23.35,39.75,71.99,3.66,33416,0.761,2506.5,5
2026-05-05 22:35:37,13,121.5,23.43,39.75,71.99,3.66,33416,0.761,2514.5,5
2026-05-05 22:35:45,9.5,144.2,23.28,39.75,71.99,3.66,33416,0.761,2522.7,5
2026-05-05 22:35:53,7.8,133.9,23.24,39.75,71.99,3.66,33416,0.761,2530.8,5
2026-05-05 22:36:02,13.3,141.2,23.23,39.76,71.99,3.66,33416,0.761,2538.9,5
2026-05-05 22:36:10,8.4,145.1,23.24,39.76,71.99,3.66,33416,0.761,2547,5
2026-05-05 22:36:18,9.4,144.7,23.06,39.76,71.99,3.66,33416,0.761,2555.1,5
2026-05-05 22:36:26,9.1,141.3,23.06,39.76,71.99,3.66,33416,0.761,2563.3,5
2026-05-05 22:36:34,11.4,149.8,23.05,39.76,71.99,3.66,33416,0.761,2571.4,3
2026-05-05 22:36:43,10.1,143.3,23.15,39.75,71.99,3.66,33416,0.762,2579.6,3
2026-05-05 22:36:51,8.4,147.5,23.26,39.75,71.99,3.66,33416,0.762,2587.7,3
2026-05-05 22:36:59,17.4,145.9,23.3,39.76,71.99,3.66,33416,0.762,2595.8,3
2026-05-05 22:37:07,10.2,134.5,23.21,39.76,71.99,3.66,33416,0.762,2604,3
2026-05-05 22:37:16,10.7,145.9,23.2,39.76,71.99,3.66,33416,0.762,2612,3
2026-05-05 22:37:24,10.3,128.7,23.33,39.75,71.99,3.66,33416,0.762,2620.1,3
2026-05-05 22:37:32,8.6,146.8,23.45,39.75,71.99,3.66,33416,0.762,2628.3,3
2026-05-05 22:37:41,15.4,152.6,23.54,39.75,71.99,3.66,33416,0.762,2636.2,3
2026-05-05 22:37:49,9.8,153.9,23.52,39.75,71.99,3.66,33416,0.757,2644.4,3
2026-05-05 22:37:57,8.5,128.1,23.32,39.74,71.99,3.66,33416,0.757,2652.6,3
2026-05-05 22:38:05,7.6,141,23.31,39.76,71.99,3.66,33416,0.757,2660.7,3
2026-05-05 22:38:14,6.9,147.4,23.31,39.78,71.99,3.66,33416,0.757,2668.8,3
2026-05-05 22:38:22,9.6,143,23.31,39.8,71.99,3.66,33416,0.757,2677,3
2026-05-05 22:38:30,7.8,133.7,23.18,39.78,71.99,3.66,33416,0.757,2685.1,3
2026-05-05 22:38:38,8.4,139.9,23.05,39.77,71.99,3.66,33416,0.757,2693.3,3
2026-05-05 22:38:47,8.1,151.5,23,39.76,71.99,3.66,33416,0.757,2701.4,3
2026-05-05 22:38:55,8,128.4,23.18,39.76,71.99,3.66,33416,0.757,2709.4,3
2026-05-05 22:39:03,7.6,124.7,23.05,39.8,71.99,3.66,33416,0.757,2717.6,3
2026-05-05 22:39:11,8.1,130,23.08,39.81,71.99,3.66,33416,0.757,2725.6,3
2026-05-05 22:39:19,8.2,137.2,23,39.79,71.99,3.66,33416,0.757,2733.7,3
2026-05-05 22:39:28,7.9,144.9,22.95,39.75,71.99,3.66,33416,0.757,2741.8,3
2026-05-05 22:39:36,10.9,142.4,23.12,39.8,71.99,3.66,33416,0.757,2750,3
2026-05-05 22:39:44,7.7,142.3,23.52,39.75,71.99,3.66,33416,0.757,2758,3
2026-05-05 22:39:52,11.1,124.2,23.13,39.74,71.99,3.66,33416,0.757,2766.1,3
2026-05-05 22:40:01,8.7,131.8,23.3,39.75,71.99,3.66,33416,0.757,2774.2,3
2026-05-05 22:40:09,7.1,145.2,23.01,39.73,71.99,3.66,33416,0.757,2782.3,3
2026-05-05 22:40:17,7.4,132.1,22.79,39.73,71.99,3.66,33416,0.757,2790.4,3
2026-05-05 22:40:25,7.8,143.5,22.79,39.72,71.99,3.66,33416,0.757,2798.5,3
2026-05-05 22:40:34,9.1,142.5,22.85,39.73,71.99,3.66,33416,0.757,2806.7,3
2026-05-05 22:40:42,8.5,145.1,23,39.73,71.99,3.66,33416,0.757,2814.8,3
2026-05-05 22:40:50,7.2,146,22.96,39.73,71.99,3.66,33416,0.757,2822.9,3
2026-05-05 22:40:58,10.6,134,22.91,39.73,71.99,3.66,33416,0.757,2831,3
2026-05-05 22:41:06,8.4,154.1,23.15,39.74,71.99,3.66,33416,0.757,2839.1,5
2026-05-05 22:41:15,10.2,135.8,23.35,39.75,71.99,3.66,33416,0.757,2847.1,5
2026-05-05 22:41:23,8.5,160.7,23.48,39.78,71.99,3.66,33416,0.757,2855.2,5
2026-05-05 22:41:31,12.8,155.8,23.41,39.77,71.99,3.66,33416,0.757,2863.3,5
2026-05-05 22:41:39,8,143.8,23.11,39.77,71.99,3.66,33416,0.757,2871.4,5
2026-05-05 22:41:48,7,160.6,23.12,39.77,71.99,3.66,33416,0.757,2879.5,5
2026-05-05 22:41:56,8.8,158.4,23.12,39.77,71.99,3.66,33416,0.757,2887.6,5
2026-05-05 22:42:04,7.4,131.1,22.98,39.76,71.99,3.66,33416,0.757,2895.7,5
2026-05-05 22:42:12,7.7,126,23.05,39.77,71.99,3.66,33416,0.757,2903.9,5
2026-05-05 22:42:21,11.9,140.7,22.92,39.76,71.99,3.66,33416,0.757,2911.9,5
2026-05-05 22:42:29,6.1,145.2,22.87,39.76,71.99,3.66,33416,0.757,2920.1,5
2026-05-05 22:42:37,7.7,148.2,22.92,39.77,71.99,3.66,33416,0.757,2928.1,5
2026-05-05 22:42:45,7.6,127.5,23.07,39.77,71.99,3.66,33416,0.757,2936.2,5
2026-05-05 22:42:54,8,145.4,23,39.74,71.99,3.66,33416,0.757,2944.1,5
2026-05-05 22:43:02,7.3,142.3,23.07,39.74,71.99,3.66,33416,0.758,2952.2,5
2026-05-05 22:43:10,9.8,148.5,22.99,39.74,71.99,3.66,33416,0.758,2960.5,3
2026-05-05 22:43:18,7.1,134.6,22.89,39.74,71.99,3.66,33416,0.758,2968.6,3
2026-05-05 22:43:26,8.7,121.6,22.8,39.74,71.99,3.66,33416,0.758,2976.7,3
2026-05-05 22:43:35,10.8,129.2,22.93,39.74,71.99,3.66,33416,0.758,2984.8,3
2026-05-05 22:43:43,8.8,125.6,23.02,39.74,71.99,3.66,33416,0.758,2992.9,3
2026-05-05 22:43:51,7.3,146.5,23.01,39.74,71.99,3.66,33416,0.759,3001,3
2026-05-05 22:43:59,7.7,142.1,23.01,39.75,71.99,3.66,33416,0.759,3009.1,3
2026-05-05 22:44:08,7.6,150.1,22.95,39.75,71.99,3.66,33416,0.761,3017.1,3
2026-05-05 22:44:16,8.1,132.9,22.72,39.76,71.99,3.66,33416,0.761,3025.3,3
2026-05-05 22:44:24,9.9,135.9,22.72,39.75,71.99,3.66,33416,0.761,3033.5,3
2026-05-05 22:44:32,8.2,142.3,22.79,39.75,71.99,3.66,33416,0.76,3041.5,3
2026-05-05 22:44:40,7.6,139.3,22.94,39.75,71.99,3.66,33416,0.761,3049.7,3
2026-05-05 22:44:49,9.2,134.4,23.06,39.75,71.99,3.66,33416,0.762,3057.7,3
2026-05-05 22:44:57,7.8,156.4,23.04,39.75,71.99,3.66,33416,0.763,3065.7,3
2026-05-05 22:45:05,8.8,146,22.95,39.75,71.99,3.66,33416,0.763,3073.9,3
2026-05-05 22:45:13,9.6,126.4,22.96,39.75,71.99,3.66,33416,0.763,3082,3
2026-05-05 22:45:22,7.8,153.5,22.98,39.75,71.99,3.66,33416,0.762,3090,3
2026-05-05 22:45:30,7.1,143.8,22.97,39.75,71.99,3.66,33416,0.764,3098.1,3
2026-05-05 22:45:38,7.9,122.9,23.1,39.74,71.99,3.66,33416,0.764,3106.2,3
2026-05-05 22:45:46,14.3,143.1,23.17,39.75,71.99,3.66,33416,0.764,3114.3,3
2026-05-05 22:45:54,8.4,142.7,23.15,39.75,71.99,3.66,33416,0.764,3122.5,3
2026-05-05 22:46:03,15.5,143.7,23.34,39.96,71.99,3.66,33416,0.764,3130.6,3
2026-05-05 22:46:11,7.2,129,23.48,39.98,71.99,3.66,33416,0.764,3138.8,3
2026-05-05 22:46:19,8.4,155.9,23.67,39.93,71.99,3.66,33416,0.764,3146.9,3
2026-05-05 22:46:27,7.8,156.5,23.92,39.94,71.99,3.66,33416,0.764,3155,3
2026-05-05 22:46:36,8.7,128.2,24.1,39.93,71.99,3.66,33416,0.764,3163.1,3
2026-05-05 22:46:44,9.8,137.5,23.98,39.93,71.99,3.66,33416,0.764,3171.2,3
2026-05-05 22:46:52,8.4,139.5,24.19,39.92,71.99,3.66,33416,0.764,3179.3,3
2026-05-05 22:47:00,10.1,154.7,23.96,39.91,71.99,3.66,33416,0.764,3187.5,3
2026-05-05 22:47:09,7.7,149.1,24.01,39.91,71.99,3.66,33416,0.764,3195.6,5
2026-05-05 22:47:17,10.4,145.2,23.99,39.91,71.99,3.66,33416,0.764,3203.7,5
2026-05-05 22:47:25,9.4,149.5,24.18,39.92,71.99,3.66,33416,0.764,3211.8,5
2026-05-05 22:47:33,13.3,159,24.3,39.92,71.99,3.66,33416,0.765,3219.9,5
2026-05-05 22:47:42,6.7,153.3,24.41,39.92,71.99,3.66,33416,0.765,3228,5
2026-05-05 22:47:50,8.6,146.5,24.43,39.92,71.99,3.66,33416,0.765,3236.1,5
2026-05-05 22:47:58,8.8,138.8,24.44,39.93,71.99,3.66,33416,0.765,3244.2,5
2026-05-05 22:48:06,7.1,142.6,24.45,39.93,71.99,3.66,33416,0.765,3252.3,5
2026-05-05 22:48:15,9.5,142.2,24.34,39.93,71.99,3.66,33416,0.765,3260.5,5
2026-05-05 22:48:23,7.7,149.6,24.28,39.93,71.99,3.66,33416,0.765,3268.7,5
2026-05-05 22:48:31,9.5,147.4,24.28,39.93,71.99,3.66,33416,0.765,3276.8,5
2026-05-05 22:48:39,8.3,143.3,24.37,39.93,71.99,3.66,33416,0.765,3285,5
2026-05-05 22:48:47,13,156.3,24.39,39.93,71.99,3.66,33416,0.765,3292.9,3
2026-05-05 22:48:56,15.1,127.8,24.06,39.93,71.99,3.66,33416,0.765,3300.9,3
2026-05-05 22:49:04,9.9,140,23.87,39.94,71.99,3.66,33416,0.765,3308.8,3
2026-05-05 22:49:12,8.1,161.2,23.94,39.94,71.99,3.66,33416,0.765,3316.8,3
2026-05-05 22:49:20,8,146.2,23.91,39.94,71.99,3.66,33416,0.765,3324.9,3
2026-05-05 22:49:29,7.7,152.5,24.12,39.95,71.99,3.66,33416,0.765,3333,3
2026-05-05 22:49:37,7.2,159.2,24.33,39.95,71.99,3.66,33416,0.765,3341,3
2026-05-05 22:49:45,7.8,139.7,24.27,39.95,71.99,3.66,33416,0.765,3349.2,3
2026-05-05 22:49:53,13.3,127.2,24.1,39.95,71.99,3.66,33416,0.766,3357.2,3
2026-05-05 22:50:02,13.4,135,23.99,39.97,71.99,3.66,33416,0.766,3365.1,3
2026-05-05 22:50:10,9.4,131.9,24,39.97,71.99,3.66,33416,0.766,3373.2,3
2026-05-05 22:50:18,9.6,123,24.05,39.97,71.99,3.66,33416,0.766,3381.3,3
2026-05-05 22:50:26,8,119.9,23.91,39.95,71.99,3.66,33416,0.766,3389.5,3
2026-05-05 22:50:35,8.9,128.3,23.73,39.94,71.99,3.66,33416,0.766,3397.5,3
2026-05-05 22:50:43,7.2,130.9,23.81,39.92,71.99,3.66,33416,0.766,3405.7,3
2026-05-05 22:50:51,6.6,134,23.76,39.94,71.99,3.66,33416,0.766,3413.9,3
2026-05-05 22:50:59,8.6,145.3,23.83,39.94,71.99,3.66,33416,0.766,3422,3
2026-05-05 22:51:08,7.1,148.6,24.02,39.94,71.99,3.66,33416,0.766,3429.9,3
2026-05-05 22:51:16,8.4,150.5,24.2,39.97,71.99,3.66,33416,0.766,3437.9,3
2026-05-05 22:51:24,7.6,145.8,24.13,39.94,71.99,3.66,33416,0.766,3445.8,3
2026-05-05 22:51:32,8.1,145.5,24.08,39.93,71.99,3.66,33416,0.766,3453.9,3
2026-05-05 22:51:40,8.4,116.2,24.14,39.93,71.99,3.66,33416,0.766,3462.1,3
2026-05-05 22:51:49,8.8,135.2,24.02,39.91,71.99,3.66,33416,0.766,3470.2,3
2026-05-05 22:51:57,8.3,142.3,24.01,39.92,71.99,3.66,33416,0.766,3478.3,3
2026-05-05 22:52:05,7,140.4,24.15,39.91,71.99,3.66,33416,0.767,3486.4,3
2026-05-05 22:52:13,9.9,136.7,24,39.94,71.99,3.66,33416,0.767,3494.5,3
2026-05-05 22:52:22,6.4,140.4,23.8,39.94,71.99,3.66,33416,0.767,3502.6,3
2026-05-05 22:52:30,8.2,142.1,23.76,39.92,71.99,3.66,33416,0.767,3510.7,3
2026-05-05 22:52:38,9.9,135.1,23.64,39.92,71.99,3.66,33416,0.767,3518.8,3
2026-05-05 22:52:46,8.3,137,23.53,39.94,71.99,3.66,33416,0.767,3527,3
2026-05-05 22:52:55,5.4,67.5,23.49,39.93,71.99,3.66,33416,0.767,3535.1,3
2026-05-05 22:53:03,7.4,71.4,23.47,39.91,71.99,3.66,33416,0.767,3543.2,3
2026-05-05 22:53:11,7.1,63.8,23.47,39.9,71.99,3.66,33416,0.767,3551.2,5
2026-05-05 22:53:19,6,71.1,23.48,39.91,71.99,3.66,33416,0.767,3559.2,5
2026-05-05 22:53:28,6.1,63.4,23.46,39.9,71.99,3.66,33416,0.767,3567.4,5
2026-05-05 22:53:36,6.4,76.1,23.46,39.9,71.99,3.66,33416,0.767,3575.6,5
2026-05-05 22:53:44,10.2,68.2,23.46,39.9,71.99,3.66,33416,0.767,3583.7,5
2026-05-05 22:53:53,7,117.6,23.49,39.93,71.99,3.66,33416,0.767,3591.8,5
2026-05-05 22:54:01,7.7,90,23.49,39.93,71.99,3.66,33416,0.767,3599.7,5
2026-05-05 22:54:09,6.7,77.6,23.49,39.93,71.99,3.66,33416,0.767,3607.8,5
2026-05-05 22:54:17,5.4,74.2,23.49,39.94,71.99,3.66,33416,0.767,3615.8,5
2026-05-05 22:54:26,4.8,82.4,23.5,39.95,71.99,3.66,33416,0.767,3623.9,3
2026-05-05 22:54:34,5.1,78.7,23.49,39.93,71.99,3.66,33416,0.767,3631.9,3
2026-05-05 22:54:42,8.4,74.8,23.49,39.94,71.99,3.66,33416,0.767,3639.8,3
2026-05-05 22:54:50,14.2,147.9,23.55,39.99,71.99,3.66,33416,0.767,3647.9,3
2026-05-05 22:54:59,10.7,109.5,23.51,39.96,71.99,3.66,33416,0.767,3655.8,3
2026-05-05 22:55:07,7.1,89.8,23.5,39.93,71.99,3.66,33416,0.767,3663.7,3
2026-05-05 22:55:15,7.1,70.8,23.5,39.94,71.99,3.66,33416,0.767,3671.5,3
2026-05-05 22:55:24,4.1,88.5,23.5,39.93,71.99,3.66,33416,0.767,3679.4,3
2026-05-05 22:55:32,6.8,82,23.48,39.92,71.99,3.66,33416,0.767,3687.5,3
2026-05-05 22:55:40,8.8,79.8,23.45,39.88,71.99,3.66,33416,0.736,3695.5,3
2026-05-05 22:55:48,14.9,80.4,23.45,39.88,71.99,3.66,33416,0.736,3703.6,3
2026-05-05 22:55:57,8.3,77,23.46,39.89,71.99,3.66,33416,0.736,3711.6,3
2026-05-05 22:56:05,6,79.8,23.44,39.88,71.99,3.66,33416,0.736,3719.7,3
2026-05-05 22:56:13,10.8,68.8,23.44,39.88,71.99,3.66,33416,0.736,3727.8,3
2026-05-05 22:56:22,13,108.6,23.49,39.92,71.99,3.66,33416,0.736,3735.8,3
2026-05-05 22:56:30,6.4,98.1,23.46,39.9,71.99,3.66,33416,0.736,3744,3
2026-05-05 22:56:38,6.1,72.2,23.46,39.9,71.99,3.66,33416,0.736,3752.2,3
2026-05-05 22:56:47,6.5,68.6,23.47,39.9,71.99,3.66,33416,0.736,3760.3,3
2026-05-05 22:56:55,6.4,67.1,23.48,39.91,71.99,3.66,33416,0.736,3768.3,3
2026-05-05 22:57:03,5.8,72.3,23.46,39.9,71.99,3.66,33416,0.736,3776.4,3
2026-05-05 22:57:11,9.8,69.9,23.45,39.9,71.99,3.66,33416,0.736,3784.4,3
2026-05-05 22:57:20,10.7,129.7,23.51,39.96,71.99,3.66,33416,0.736,3792.5,3
2026-05-05 22:57:28,5.1,68.3,23.46,39.9,71.99,3.66,33416,0.736,3800.6,3
2026-05-05 22:57:36,6.3,79.7,23.46,39.9,71.99,3.66,33416,0.736,3808.6,3
2026-05-05 22:57:44,7.4,71,23.46,39.9,71.99,3.66,33416,0.736,3816.5,3
2026-05-05 22:57:53,8.9,88.8,23.51,39.94,71.99,3.66,33416,0.736,3824.6,3
2026-05-05 22:58:01,7.7,66.2,23.48,39.92,71.99,3.66,33416,0.736,3832.8,3
2026-05-05 22:58:09,11.2,83.2,23.47,39.91,71.99,3.66,33416,0.736,3840.8,3
2026-05-05 22:58:18,5.1,89.9,23.48,39.92,71.99,3.66,33416,0.736,3849,3
2026-05-05 22:58:26,5.6,78.3,23.49,39.92,71.99,3.66,33416,0.736,3857,3
2026-05-05 22:58:34,9.5,72.2,23.47,39.91,71.99,3.66,33416,0.736,3865,3
2026-05-05 22:58:42,6.1,68.6,23.47,39.9,71.99,3.66,33416,0.736,3873.1,3
2026-05-05 22:58:51,12.4,153.6,23.49,39.92,71.99,3.66,33416,0.736,3881.1,3
2026-05-05 22:58:59,6.2,73.5,23.47,39.91,71.99,3.66,33416,0.736,3889.3,3
2026-05-05 22:59:07,8,71.4,23.46,39.9,71.99,3.66,33416,0.736,3897.3,5
2026-05-05 22:59:16,6.4,70.6,23.46,39.91,71.99,3.66,33416,0.736,3905.3,5
2026-05-05 22:59:24,8.1,81.5,23.48,39.92,71.99,3.66,33416,0.736,3913.4,5
2026-05-05 22:59:32,7.6,76.9,23.45,39.9,71.99,3.66,33416,0.736,3921.5,5
2026-05-05 22:59:40,10.8,102.6,23.46,39.9,71.99,3.66,33416,0.736,3929.6,5
2026-05-05 22:59:49,5.6,89.9,23.45,39.89,71.99,3.66,33416,0.736,3937.6,5
2026-05-05 22:59:57,7.4,70.2,23.46,39.9,71.99,3.66,33416,0.736,3945.5,5
2026-05-05 23:00:05,5.3,71.4,23.45,39.9,71.99,3.66,33416,0.736,3953.6,5
2026-05-05 23:00:14,7.8,66.7,23.45,39.9,71.99,3.66,33416,0.736,3961.8,5
2026-05-05 23:00:22,14.9,105.7,23.47,39.92,71.99,3.66,33416,0.736,3970,5
2026-05-05 23:00:30,7.3,100.5,23.45,39.9,71.99,3.66,33416,0.736,3978.1,5
2026-05-05 23:00:39,6.9,90.3,23.45,39.9,71.99,3.66,33416,0.736,3986.1,5
2026-05-05 23:00:47,6,103.3,23.45,39.9,71.99,3.66,33416,0.736,3993.9,5
2026-05-05 23:00:55,5.8,67.4,23.46,39.91,71.99,3.66,33416,0.736,4002,5
2026-05-05 23:01:03,5.8,74,23.45,39.89,71.99,3.66,33416,0.736,4010,3
2026-05-05 23:01:12,7.4,66.8,23.45,39.89,71.99,3.66,33416,0.736,4018,3
2026-05-05 23:01:20,16.8,167.8,23.7,40.05,71.99,3.66,33416,0.736,4026.1,3
2026-05-05 23:01:28,6.4,73.5,23.64,40,71.99,3.66,33416,0.736,4034.3,3
2026-05-05 23:01:36,14.8,122,23.64,39.98,71.99,3.66,33416,0.736,4042.4,3
2026-05-05 23:01:45,6.3,65.4,23.64,39.99,71.99,3.66,33416,0.736,4050.4,3
2026-05-05 23:01:53,14.9,113.9,23.39,39.92,71.99,3.67,33416,0.736,4058.5,3
2026-05-05 23:02:01,9,94.5,23.37,39.89,71.99,3.67,33416,0.736,4066.5,3
2026-05-05 23:02:09,6.4,71.6,23.37,39.89,71.99,3.67,33416,0.736,4074.4,3
2026-05-05 23:02:18,7,74.6,23.37,39.89,71.99,3.67,33416,0.736,4082.5,3
2026-05-05 23:02:26,6.8,69.1,23.46,39.98,71.99,3.67,33416,0.736,4090.5,3
2026-05-05 23:02:34,10.1,97.5,23.45,39.96,71.99,3.67,33416,0.736,4098.6,3
2026-05-05 23:02:43,13.1,106.8,23.45,39.97,71.99,3.67,33416,0.736,4106.7,3
2026-05-05 23:02:51,14.4,169.2,23.47,39.97,71.99,3.67,33416,0.736,4114.9,3
2026-05-05 23:02:59,7.3,96.7,23.45,39.95,71.99,3.67,33416,0.766,4123,3
2026-05-05 23:03:07,7.1,81.8,23.45,39.95,71.99,3.67,33416,0.766,4131.3,3
2026-05-05 23:03:16,6,69.5,23.46,39.95,71.99,3.67,33416,0.766,4139.3,3
2026-05-05 23:03:24,12.2,100.8,23.47,39.96,71.99,3.67,33416,0.766,4147.3,3
2026-05-05 23:03:32,9.2,101.8,23.44,39.94,71.99,3.67,33416,0.766,4155.4,3
2026-05-05 23:03:41,4.6,80.7,23.45,39.96,71.99,3.67,33416,0.766,4163.5,3
2026-05-05 23:03:49,10.8,94.5,23.46,39.97,71.99,3.67,33416,0.766,4171.6,3
2026-05-05 23:03:57,9.6,105,23.44,39.97,71.99,3.67,33416,0.766,4179.8,3
2026-05-05 23:04:05,10.1,106.9,23.5,39.97,71.99,3.67,33416,0.766,4187.8,3
2026-05-05 23:04:14,8.5,94,23.48,39.96,71.99,3.67,33416,0.766,4195.9,3
2026-05-05 23:04:22,12.8,87.6,23.53,40,71.99,3.67,33416,0.766,4204,3
2026-05-05 23:04:30,4.8,75.9,23.5,39.97,71.99,3.67,33416,0.766,4212,3
2026-05-05 23:04:38,10,92.9,23.5,39.97,71.99,3.67,33416,0.766,4220.1,3
2026-05-05 23:04:47,6.3,61.6,23.5,39.97,71.99,3.67,33416,0.766,4228.1,3
2026-05-05 23:04:55,5.2,64.9,23.52,40,71.99,3.67,33416,0.766,4236.2,3
2026-05-05 23:05:03,12.2,94.1,23.5,39.98,71.99,3.67,33416,0.766,4244.2,3
2026-05-05 23:05:12,12.3,106.2,23.51,39.98,71.99,3.67,33416,0.766,4252.4,5
2026-05-05 23:05:20,9.2,133.4,23.53,40,71.99,3.67,33416,0.766,4260.5,5
2026-05-05 23:05:28,8.7,92.3,23.5,39.97,71.99,3.67,33416,0.766,4268.5,5
2026-05-05 23:05:36,10.9,93.6,23.5,39.97,71.99,3.67,33416,0.766,4276.5,5
2026-05-05 23:05:45,10.9,76.9,23.5,39.97,71.99,3.67,33416,0.766,4284.8,5
2026-05-05 23:05:53,6.1,87.8,23.53,39.99,71.99,3.67,33416,0.766,4293,5
2026-05-05 23:06:01,11.3,102.9,23.5,39.97,71.99,3.67,33416,0.766,4301,5
2026-05-05 23:06:10,5,94.7,23.5,39.97,71.99,3.67,33416,0.766,4309,5
2026-05-05 23:06:18,11.6,110.8,23.51,39.97,71.99,3.67,33416,0.766,4317.2,5
2026-05-05 23:06:26,15.1,139,23.55,40.03,71.99,3.67,33416,0.766,4325.4,5
2026-05-05 23:06:34,10,152.9,22.98,39.97,71.99,3.67,33416,0.766,4333.5,5
2026-05-05 23:06:43,8.1,126.7,23.1,39.97,71.99,3.67,33416,0.766,4341.6,3
2026-05-05 23:06:51,13.6,130.7,23.23,39.97,71.99,3.67,33416,0.766,4349.8,3
2026-05-05 23:06:59,9.3,134.1,23.27,39.98,71.99,3.67,33416,0.766,4357.8,3
2026-05-05 23:07:07,10.7,139.5,23.25,39.99,71.99,3.67,33416,0.766,4366,3
2026-05-05 23:07:16,8.5,132.4,23.36,39.99,71.99,3.67,33416,0.766,4374.1,3
2026-05-05 23:07:24,7.2,130.3,23.49,39.98,71.99,3.67,33416,0.766,4382.1,3
2026-05-05 23:07:32,8,137,23.6,39.98,71.99,3.67,33416,0.766,4390.2,3
2026-05-05 23:07:41,8,158.8,23.61,39.97,71.99,3.67,33416,0.766,4398.2,3
2026-05-05 23:07:49,8.7,136.1,23.45,39.97,71.99,3.67,33416,0.766,4406.2,3
2026-05-05 23:07:57,9,148.6,23.44,39.97,71.99,3.67,33416,0.766,4414.3,3
2026-05-05 23:08:05,9.7,129.5,23.44,39.99,71.99,3.67,33416,0.766,4422.4,3
2026-05-05 23:08:13,7.5,157.2,23.44,39.99,71.99,3.67,33416,0.766,4430.6,3
2026-05-05 23:08:22,10.4,131.8,23.31,40.02,71.99,3.67,33416,0.766,4438.7,3
2026-05-05 23:08:30,8.9,152.3,23.27,40.01,71.99,3.67,33416,0.766,4446.9,3
2026-05-05 23:08:38,7.4,135.9,23.24,40,71.99,3.67,33416,0.766,4455,3
2026-05-05 23:08:46,8.4,137.3,23.35,40.01,71.99,3.67,33416,0.766,4463.1,3
2026-05-05 23:08:55,14.3,138.1,23.5,40.01,71.99,3.67,33416,0.766,4471.2,3
2026-05-05 23:09:03,10.8,149.2,23.54,40.01,71.99,3.67,33416,0.766,4479.2,3
2026-05-05 23:09:11,8.1,142.9,23.49,40.02,71.99,3.67,33416,0.766,4487.2,3
2026-05-05 23:09:19,9.8,150.8,23.44,40.01,71.99,3.67,33416,0.766,4495.3,3
2026-05-05 23:09:28,7.4,116.8,23.61,39.99,71.99,3.67,33416,0.766,4503.6,3
2026-05-05 23:09:36,9,142.7,23.75,40.07,71.99,3.67,33416,0.766,4511.6,3
2026-05-05 23:09:44,7.1,136,24.15,40.02,71.99,3.67,33416,0.766,4519.7,3
2026-05-05 23:09:52,10.3,136.8,23.76,39.99,71.99,3.67,33416,0.766,4527.9,3
2026-05-05 23:10:01,6.6,124.2,23.55,39.99,71.99,3.67,33416,0.766,4536.1,3
2026-05-05 23:10:09,8.1,134.1,23.54,39.99,71.99,3.67,33416,0.766,4544.3,3
2026-05-05 23:10:17,14,133.8,23.54,39.99,71.99,3.67,33416,0.766,4552.2,3
2026-05-05 23:10:26,8.9,148.9,23.5,39.96,71.99,3.67,33416,0.766,4560.3,3
2026-05-05 23:10:34,7.1,154.9,23.39,39.96,71.99,3.67,33416,0.766,4568.4,3
2026-05-05 23:10:42,8.6,133.7,23.27,39.96,71.99,3.67,33416,0.766,4576.6,3
2026-05-05 23:10:50,8.7,136.2,23.19,39.96,71.99,3.67,33416,0.766,4584.6,3
2026-05-05 23:10:59,8.3,133.1,23.29,39.97,71.99,3.67,33416,0.766,4592.6,3
2026-05-05 23:11:07,11.8,135.3,23.21,39.96,71.99,3.67,33416,0.766,4600.5,5
2026-05-05 23:11:15,7.3,119.9,23.26,39.97,71.99,3.67,33416,0.766,4608.7,5
2026-05-05 23:11:23,7.9,138.9,23.21,39.97,71.99,3.67,33416,0.766,4616.7,5
2026-05-05 23:11:32,7.1,131,23.16,39.96,71.99,3.67,33416,0.766,4624.6,5
2026-05-05 23:11:40,9.8,134.7,23.27,39.97,71.99,3.67,33416,0.766,4632.7,5
2026-05-05 23:11:48,7.8,117.3,23.3,39.91,71.99,3.67,33416,0.766,4640.8,5
2026-05-05 23:11:56,14.7,128.2,23.29,39.92,71.99,3.67,33416,0.766,4648.8,5
2026-05-05 23:12:05,8.2,153.9,23.3,39.92,71.99,3.67,33416,0.766,4657,5
2026-05-05 23:12:13,7.8,132.8,23.2,39.91,71.99,3.67,33416,0.766,4665.1,5
2026-05-05 23:12:21,8.2,145.8,22.93,39.92,71.99,3.67,33416,0.766,4673.3,5
2026-05-05 23:12:30,9.3,138.2,22.89,39.92,71.99,3.67,33416,0.766,4681.5,5
2026-05-05 23:12:38,8.7,132.1,22.91,39.92,71.99,3.67,33416,0.766,4689.6,5
2026-05-05 23:12:46,8.2,143.7,22.92,39.93,71.99,3.67,33416,0.766,4697.7,5
2026-05-05 23:12:54,13.1,138,23.04,39.93,71.99,3.67,33416,0.766,4705.9,5
2026-05-05 23:13:03,8.5,145.9,23.03,39.95,71.99,3.67,33416,0.766,4714,5
2026-05-05 23:13:11,9.5,160.3,23.09,39.94,71.99,3.67,33416,0.766,4722.1,5
2026-05-05 23:13:19,13.2,142.5,23.35,39.94,71.99,3.67,33416,0.766,4730.1,3
2026-05-05 23:13:27,7.8,134.4,23.51,39.94,71.99,3.67,33416,0.766,4738.2,3
2026-05-05 23:13:36,9,135.2,23.47,39.94,71.99,3.67,33416,0.766,4746.3,3
2026-05-05 23:13:44,7.6,141.2,23.34,39.94,71.99,3.67,33416,0.766,4754.4,3
2026-05-05 23:13:52,7.3,132.3,23.16,39.94,71.99,3.67,33416,0.766,4762.5,3
2026-05-05 23:14:00,11.6,139.7,23.18,39.94,71.99,3.67,33416,0.766,4770.5,3
2026-05-05 23:14:09,9,136.8,23.06,39.94,71.99,3.67,33416,0.766,4778.4,3
2026-05-05 23:14:17,7.2,126.8,22.99,39.96,71.99,3.67,33416,0.766,4786.5,3
2026-05-05 23:14:25,7.7,160.1,23.11,39.95,71.99,3.67,33416,0.766,4794.7,3
2026-05-05 23:14:33,8.9,165,22.96,39.95,71.99,3.67,33416,0.766,4802.8,3
2026-05-05 23:14:42,8.5,149.6,22.91,39.95,71.99,3.67,33416,0.766,4810.9,3
2026-05-05 23:14:50,10.1,134.7,23.1,39.95,71.99,3.67,33416,0.766,4819,3
2026-05-05 23:14:58,8,119.3,23.11,39.95,71.99,3.67,33416,0.766,4827,3
2026-05-05 23:15:06,9.8,133,23.09,39.96,71.99,3.67,33416,0.766,4835.2,3
2026-05-05 23:15:15,12.3,130.8,23.15,39.96,71.99,3.67,33416,0.766,4843.4,3
2026-05-05 23:15:23,6.7,158.2,23.02,39.95,71.99,3.67,33416,0.766,4851.5,3
2026-05-05 23:15:31,6.5,137,23.07,39.95,71.99,3.67,33416,0.766,4859.6,3
2026-05-05 23:15:40,9.1,160.9,22.91,39.95,71.99,3.67,33416,0.766,4867.7,3
2026-05-05 23:15:48,8,166.8,23.09,39.97,71.99,3.67,33416,0.765,4875.8,3
2026-05-05 23:15:56,7.1,157.1,23.13,39.97,71.99,3.67,33416,0.765,4883.9,3
2026-05-05 23:16:04,8.8,162.7,23.13,39.97,71.99,3.67,33416,0.765,4891.8,3
2026-05-05 23:16:13,8.1,134.8,23.06,39.96,71.99,3.67,33416,0.765,4900,3
2026-05-05 23:16:21,7.8,134.7,23.04,39.97,71.99,3.67,33416,0.765,4908.1,3
2026-05-05 23:16:29,11.7,153.8,22.79,39.96,71.99,3.67,33416,0.765,4916.2,3
2026-05-05 23:16:37,7.1,138.5,22.85,39.96,71.99,3.67,33416,0.765,4924.3,3
2026-05-05 23:16:46,7.4,168.6,23,39.98,71.99,3.67,33416,0.765,4932.5,3
2026-05-05 23:16:54,7.1,166.8,23.19,39.97,71.99,3.67,33416,0.765,4940.6,3
2026-05-05 23:17:02,7.8,149.5,23.21,39.97,71.99,3.67,33416,0.76,4948.7,3
2026-05-05 23:17:10,7.5,135.9,23.12,39.97,71.99,3.67,33416,0.76,4956.8,5
2026-05-05 23:17:19,10.3,129,23.1,39.96,71.99,3.67,33416,0.76,4964.8,5
2026-05-05 23:17:27,8.6,164.3,23.11,39.96,71.99,3.67,33416,0.76,4972.9,5
2026-05-05 23:17:35,7.9,162.3,23.06,39.96,71.99,3.67,33416,0.76,4980.7,5
2026-05-05 23:17:43,8.1,138.5,23.1,39.92,71.99,3.67,33416,0.76,4988.8,5
2026-05-05 23:17:52,10.4,127.1,23.25,39.92,71.99,3.67,33416,0.76,4996.8,5
2026-05-05 23:18:00,8.7,139.6,23.3,39.92,71.99,3.67,33416,0.76,5004.8,5
2026-05-05 23:18:08,7.8,146.5,23.25,39.93,71.99,3.67,33416,0.76,5012.9,5
2026-05-05 23:18:16,7.9,150.3,23.23,39.92,71.99,3.67,33416,0.76,5021,5
2026-05-05 23:18:25,9.3,144.1,23.45,39.92,71.99,3.67,33416,0.76,5029,5
2026-05-05 23:18:33,7.6,132.3,23.68,39.94,71.99,3.67,33416,0.76,5037,5
2026-05-05 23:18:41,8.5,132.9,23.93,39.94,71.99,3.67,33416,0.76,5045,5
2026-05-05 23:18:49,7.5,127.2,23.98,39.94,71.99,3.67,33416,0.76,5053.2,5
2026-05-05 23:18:58,9.5,131.7,24,39.93,71.99,3.67,33416,0.761,5061.4,3
2026-05-05 23:19:06,18.1,132.9,24.16,39.92,71.99,3.67,33416,0.761,5069.2,3
2026-05-05 23:19:14,11,135.5,23.94,39.92,71.99,3.67,33416,0.761,5077.2,3
2026-05-05 23:19:22,13,137,23.88,39.92,71.99,3.67,33416,0.761,5085.1,3
2026-05-05 23:19:31,10.4,151.7,23.89,39.92,71.99,3.67,33416,0.761,5093.2,3
2026-05-05 23:19:39,9.1,129.4,24.38,40.04,71.99,3.67,33416,0.761,5101.3,3
2026-05-05 23:19:47,7.9,122.6,24.41,40,71.99,3.67,33416,0.761,5109.5,3
2026-05-05 23:19:55,8,150.7,24.54,40,71.99,3.67,33416,0.761,5117.6,3
2026-05-05 23:20:04,13.5,133.5,24.48,39.97,71.99,3.67,33416,0.761,5125.5,3
2026-05-05 23:20:12,19.6,130.4,24.34,39.92,71.99,3.67,33416,0.761,5133.4,3
2026-05-05 23:20:20,7.2,142.4,24.32,39.9,71.99,3.67,33416,0.761,5141.5,3
2026-05-05 23:20:29,8.5,143.1,24.32,39.89,71.99,3.67,33416,0.761,5149.7,3
2026-05-05 23:20:37,8.7,133.8,24.27,39.98,71.99,3.67,33416,0.761,5157.8,3
2026-05-05 23:20:45,14.8,137.3,24.19,39.98,71.99,3.67,33416,0.761,5165.7,3
2026-05-05 23:20:53,6.9,137.8,24.35,39.98,71.99,3.67,33416,0.761,5173.9,3
2026-05-05 23:21:02,9.8,130.2,24.37,39.98,71.99,3.67,33416,0.761,5182,3
2026-05-05 23:21:10,7.8,134.1,24.05,39.89,71.99,3.67,33416,0.761,5190.2,3
2026-05-05 23:21:18,9.4,131.5,23.84,39.89,71.99,3.67,33416,0.761,5198.4,3
2026-05-05 23:21:26,8.1,126.4,23.7,39.89,71.99,3.67,33416,0.761,5206.6,3
2026-05-05 23:21:35,8,135.3,23.8,39.89,71.99,3.67,33416,0.761,5214.8,3
2026-05-05 23:21:43,8.8,133.9,23.87,39.9,71.99,3.67,33416,0.761,5222.9,3
2026-05-05 23:21:51,8.3,145.3,24.1,39.9,71.99,3.67,33416,0.761,5230.8,3
2026-05-05 23:21:59,6.8,132.1,24.15,39.9,71.99,3.67,33416,0.761,5238.9,3
2026-05-05 23:22:08,8.6,139.9,24.16,39.93,71.99,3.67,33416,0.761,5247.1,3
2026-05-05 23:22:16,8.4,141.5,23.93,39.93,71.99,3.67,33416,0.761,5255.1,3
2026-05-05 23:22:24,11.7,126.7,23.81,39.91,71.99,3.67,33416,0.761,5263,3
2026-05-05 23:22:33,8,140.7,23.92,39.92,71.99,3.67,33416,0.761,5271.1,3
2026-05-05 23:22:41,8.1,170.3,23.75,39.91,71.99,3.67,33416,0.761,5279.2,3
2026-05-05 23:22:49,6.8,161.5,23.68,39.91,71.99,3.67,33416,0.761,5287.1,3
2026-05-05 23:22:57,13.2,137,23.66,39.93,71.99,3.67,33416,0.761,5295.2,3
2026-05-05 23:23:06,10,136.2,23.73,39.94,71.99,3.67,33416,0.761,5303.2,3
2026-05-05 23:23:14,7.9,132.8,23.96,39.93,71.99,3.67,33416,0.761,5311,5
2026-05-05 23:23:22,7.6,129.6,24.04,39.93,71.99,3.67,33416,0.763,5319,5
2026-05-05 23:23:30,7.4,136.1,24.06,39.93,71.99,3.67,33416,0.764,5327.2,5
2026-05-05 23:23:38,8.9,140.8,24.02,39.93,71.99,3.67,33416,0.764,5335.3,5
2026-05-05 23:23:47,7.2,152.9,24.04,39.93,71.99,3.67,33416,0.764,5343.5,5
2026-05-05 23:23:55,12.8,148.2,23.86,39.93,71.99,3.67,33416,0.764,5351.6,5
2026-05-05 23:24:03,8.6,153.1,24.02,39.94,71.99,3.67,33416,0.764,5359.7,5
2026-05-05 23:24:11,11.3,165.1,24.23,40.03,71.99,3.67,33416,0.763,5367.9,5
2026-05-05 23:24:20,11.6,155.5,24.1,40.13,71.99,3.67,33416,0.764,5376,5
2026-05-05 23:24:28,9.5,163.4,24.66,40.15,71.99,3.67,33416,0.764,5384.2,3
2026-05-05 23:24:36,6.7,147.5,24.85,40.22,71.99,3.67,33416,0.764,5392.4,3
2026-05-05 23:24:44,9,154,24.66,40.19,71.99,3.67,33416,0.764,5400.4,3
2026-05-05 23:24:53,6.2,70,24.6,40.14,71.99,3.67,33416,0.764,5408.6,3
2026-05-05 23:25:01,8.9,63.5,24.59,40.14,71.99,3.67,33416,0.764,5416.7,3
2026-05-05 23:25:09,17.3,104.5,24.6,40.14,71.99,3.67,33416,0.764,5424.7,3
2026-05-05 23:25:17,10.2,138.3,24.63,40.18,71.99,3.67,33416,0.764,5432.8,3
2026-05-05 23:25:26,6.7,63.3,24.61,40.15,71.99,3.67,33416,0.764,5440.9,3
2026-05-05 23:25:34,6.6,68.8,24.6,40.15,71.99,3.67,33416,0.764,5448.9,3
2026-05-05 23:25:42,7.4,76.6,24.59,40.12,71.99,3.67,33416,0.764,5457,3
2026-05-05 23:25:51,10.3,82,24.6,40.13,71.99,3.67,33416,0.764,5465.1,3
2026-05-05 23:25:59,11.2,98.3,24.59,40.12,71.99,3.67,33416,0.764,5473.3,3
2026-05-05 23:26:07,11.9,110.2,24.6,40.12,71.99,3.67,33416,0.764,5481.4,3
2026-05-05 23:26:15,5.7,79.5,24.6,40.14,71.99,3.67,33416,0.764,5489.4,3
2026-05-05 23:26:24,6.5,99,24.59,40.12,71.99,3.67,33416,0.764,5497.5,3
2026-05-05 23:26:32,10.6,100.6,24.6,40.12,71.99,3.67,33416,0.764,5505.6,3
2026-05-05 23:26:40,10.6,106.4,24.59,40.12,71.99,3.67,33416,0.764,5513.7,3
2026-05-05 23:26:49,13.5,122.5,24.62,40.15,71.99,3.67,33416,0.764,5521.9,3
2026-05-05 23:26:57,11.9,106.7,24.61,40.13,71.99,3.67,33416,0.764,5529.9,3
2026-05-05 23:27:05,11.7,104,24.6,40.12,71.99,3.67,33416,0.764,5538,3
2026-05-05 23:27:13,11.4,108.1,24.6,40.13,71.99,3.67,33416,0.764,5546.2,3
2026-05-05 23:27:22,7.7,73.7,24.61,40.14,71.99,3.67,33416,0.764,5554.2,3
2026-05-05 23:27:30,7.5,93.5,24.6,40.13,71.99,3.67,33416,0.764,5562.3,3
2026-05-05 23:27:38,12.8,101.1,24.6,40.13,71.99,3.67,33416,0.764,5570.4,3
2026-05-05 23:27:46,13.2,156.8,24.66,40.19,71.99,3.67,33416,0.764,5578.5,3
2026-05-05 23:27:55,10.1,90.7,24.62,40.14,71.99,3.67,33416,0.765,5586.6,3
2026-05-05 23:28:03,10.7,102,24.61,40.14,71.99,3.67,33416,0.765,5594.7,3
2026-05-05 23:28:11,6.8,71.2,24.61,40.14,71.99,3.67,33416,0.765,5602.8,3
2026-05-05 23:28:20,5.7,89.2,24.62,40.15,71.99,3.67,33416,0.765,5611,3
2026-05-05 23:28:28,11.8,105.7,24.6,40.12,71.99,3.67,33416,0.765,5619,3
2026-05-05 23:28:36,10.5,99.6,24.59,40.12,71.99,3.67,33416,0.765,5627.1,3
2026-05-05 23:28:44,6.1,73.8,24.6,40.13,71.99,3.67,33416,0.765,5635.2,3
2026-05-05 23:28:53,7,105.3,24.63,40.15,71.99,3.67,33416,0.765,5643.2,3
2026-05-05 23:29:01,9.5,100.9,24.61,40.13,71.99,3.67,33416,0.765,5651.4,3
2026-05-05 23:29:09,11.6,117,24.61,40.13,71.99,3.67,33416,0.765,5659.6,3
2026-05-05 23:29:17,15.1,130.5,24.63,40.16,71.99,3.67,33416,0.765,5667.7,5
2026-05-05 23:29:26,6.6,75.6,24.6,40.14,71.99,3.67,33416,0.765,5675.8,5
2026-05-05 23:29:34,5.6,80.3,24.6,40.13,71.99,3.67,33416,0.765,5683.8,5
2026-05-05 23:29:42,11.3,94.9,24.59,40.13,71.99,3.67,33416,0.765,5692,5
2026-05-05 23:29:50,8.7,71.9,24.64,40.19,71.99,3.67,33416,0.765,5700.1,5
2026-05-05 23:29:59,12.3,108.5,24.62,40.16,71.99,3.67,33416,0.765,5708.2,5
2026-05-05 23:30:07,9.8,122.6,24.7,40.23,71.99,3.67,33416,0.765,5716.2,5
2026-05-05 23:30:15,14.3,143.5,24.7,40.22,71.99,3.67,33416,0.765,5724.2,5
2026-05-05 23:30:23,14.3,125.4,24.72,40.24,71.99,3.67,33416,0.765,5732.3,5
2026-05-05 23:30:32,10.1,104.2,24.7,40.22,71.99,3.67,33416,0.765,5740.4,5
2026-05-05 23:30:40,10.5,104,24.69,40.21,71.99,3.67,33416,0.765,5748.5,5
2026-05-05 23:30:48,18.1,128.1,24.7,40.23,71.99,3.67,33416,0.765,5756.7,5
2026-05-05 23:30:56,11.5,99.7,24.68,40.2,71.99,3.67,33416,0.765,5764.8,5
2026-05-05 23:31:05,11.7,101.7,24.7,40.21,71.99,3.67,33416,0.765,5772.9,5
2026-05-05 23:31:13,9.3,98.2,24.69,40.2,71.99,3.67,33416,0.765,5781.1,3
2026-05-05 23:31:21,11,108.7,24.73,40.23,71.99,3.67,33416,0.766,5789.2,3
2026-05-05 23:31:30,9.8,86.7,24.7,40.2,71.99,3.67,33416,0.766,5797.4,3
2026-05-05 23:31:38,9.3,112,24.7,40.2,71.99,3.67,33416,0.766,5805.5,3
2026-05-05 23:31:46,10,123.8,24.72,40.22,71.99,3.67,33416,0.766,5813.6,3
2026-05-05 23:31:54,11.2,99,24.71,40.19,71.99,3.67,33416,0.766,5821.8,3
2026-05-05 23:32:03,10.3,101.8,24.72,40.2,71.99,3.67,33416,0.766,5829.8,3
2026-05-05 23:32:11,9.3,101.6,24.71,40.19,71.99,3.67,33416,0.766,5837.9,3
2026-05-05 23:32:19,11.7,119.8,24.72,40.21,71.99,3.67,33416,0.766,5846,3
2026-05-05 23:32:27,11.5,98.7,24.7,40.19,71.99,3.67,33416,0.766,5854.1,3
2026-05-05 23:32:36,10.8,103.3,24.7,40.19,71.99,3.67,33416,0.766,5862.2,3
2026-05-05 23:32:44,10.7,99.8,24.7,40.19,71.99,3.67,33416,0.766,5870.3,3
2026-05-05 23:32:52,12.6,97.6,24.72,40.2,71.99,3.67,33416,0.766,5878.5,3
2026-05-05 23:33:00,10.5,100.2,24.7,40.2,71.99,3.67,33416,0.766,5886.4,3
2026-05-05 23:33:09,10.2,100.5,24.69,40.19,71.99,3.67,33416,0.766,5894.5,3
2026-05-05 23:33:17,12.4,153.4,24.71,40.21,71.99,3.67,33416,0.766,5902.7,3
2026-05-05 23:33:25,14.9,123.9,24.69,40.19,71.99,3.67,33416,0.766,5910.8,3
2026-05-05 23:33:34,14,144.8,24.7,40.2,71.99,3.67,33416,0.766,5918.9,3
2026-05-05 23:33:42,11.9,107.4,24.7,40.19,71.99,3.67,33416,0.766,5927.1,3
2026-05-05 23:33:50,12.8,132.4,24.73,40.22,71.99,3.67,33416,0.766,5935.3,3
2026-05-05 23:33:58,14.2,113,24.72,40.21,71.99,3.67,33416,0.766,5943.4,3
2026-05-05 23:34:07,11.4,112.7,24.69,40.18,71.99,3.67,33416,0.766,5951.3,3
2026-05-05 23:34:15,10.6,106.4,24.69,40.19,71.99,3.67,33416,0.766,5959.5,3
2026-05-05 23:34:23,11.2,128.8,24.69,40.19,71.99,3.67,33416,0.766,5967.6,3
2026-05-05 23:34:31,10.3,106,24.68,40.18,71.99,3.67,33416,0.766,5975.7,3
2026-05-05 23:34:40,10.9,114.5,24.7,40.18,71.99,3.67,33416,0.766,5983.8,3
2026-05-05 23:34:48,16.4,138.8,24.73,40.21,71.99,3.67,33416,0.766,5991.8,3
2026-05-05 23:34:56,11.5,110.8,24.71,40.19,71.99,3.67,33416,0.766,5999.9,3
2026-05-05 23:35:05,9.3,96.3,24.72,40.19,71.99,3.67,33416,0.766,6008,3
2026-05-05 23:35:13,11,96.4,24.72,40.2,71.99,3.67,33416,0.766,6016,5
2026-05-05 23:35:21,11.5,97.7,24.73,40.2,71.99,3.67,33416,0.766,6023.9,5
2026-05-05 23:35:29,12.7,82.7,24.72,40.19,71.99,3.67,33416,0.766,6032,5
2026-05-05 23:35:38,8.6,104.1,24.68,40.16,71.99,3.67,33416,0.735,6040.1,5
2026-05-05 23:35:46,11.8,101.5,24.69,40.16,71.99,3.67,33416,0.735,6048.2,5
2026-05-05 23:35:54,10.3,80.2,24.67,40.15,71.99,3.67,33416,0.735,6056.2,5
2026-05-05 23:36:02,9.6,94.3,24.66,40.14,71.99,3.67,33416,0.735,6064.3,5
2026-05-05 23:36:11,9.2,104.9,24.67,40.15,71.99,3.67,33416,0.735,6072.5,5
2026-05-05 23:36:19,16.4,90.5,24.7,40.17,71.99,3.67,33416,0.735,6080.6,5
2026-05-05 23:36:27,11,118.8,24.68,40.15,71.99,3.67,33416,0.735,6088.6,5
2026-05-05 23:36:36,13.6,130.7,24.67,40.15,71.99,3.67,33416,0.735,6096.8,5
2026-05-05 23:36:44,10.7,118.8,24.67,40.15,71.99,3.67,33416,0.735,6104.9,5
2026-05-05 23:36:52,13.5,124.8,24.69,40.18,71.99,3.67,33416,0.735,6113.1,3
2026-05-05 23:37:00,8.1,75.2,24.67,40.16,71.99,3.67,33416,0.735,6121.3,3
2026-05-05 23:37:09,9.5,121.1,24.68,40.16,71.99,3.67,33416,0.735,6129.4,3
2026-05-05 23:37:17,8.6,146.5,24.75,40.23,71.99,3.67,33416,0.735,6137.5,3
2026-05-05 23:37:25,14.3,138,24.66,40.15,71.99,3.67,33416,0.735,6145.6,3
2026-05-05 23:37:33,10.5,115.9,24.66,40.14,71.99,3.67,33416,0.735,6153.8,3
2026-05-05 23:37:42,16.4,170.5,24.65,40.13,71.99,3.67,33416,0.735,6161.9,3
2026-05-05 23:37:50,10.7,118.4,24.7,40.17,71.99,3.67,33416,0.735,6169.9,3
2026-05-05 23:37:58,10.9,105.7,24.68,40.16,71.99,3.67,33416,0.735,6178,3
2026-05-05 23:38:06,8.1,93.3,24.67,40.14,71.99,3.67,33416,0.735,6186.1,3
2026-05-05 23:38:15,11.7,90.9,24.67,40.14,71.99,3.67,33416,0.735,6194.1,3
2026-05-05 23:38:23,4.7,76,24.71,40.2,71.99,3.67,33416,0.735,6202.2,3
2026-05-05 23:38:31,11.1,100.8,24.67,40.16,71.99,3.67,33416,0.735,6210.3,3
2026-05-05 23:38:39,12.1,91.5,24.68,40.16,71.99,3.67,33416,0.735,6218.3,3
2026-05-05 23:38:48,11.4,146.1,24.73,40.21,71.99,3.67,33416,0.735,6226.4,3
2026-05-05 23:38:56,6.6,74.3,24.7,40.2,71.99,3.67,33416,0.735,6234.4,3
2026-05-05 23:39:04,6.6,72.6,24.68,40.18,71.99,3.67,33416,0.735,6242.4,3
2026-05-05 23:39:12,6.1,86.6,24.69,40.19,71.99,3.67,33416,0.735,6250.5,3
2026-05-05 23:39:21,6.7,73.1,24.72,40.22,71.99,3.67,33416,0.735,6258.5,3
2026-05-05 23:39:29,6.3,66.1,24.7,40.19,71.99,3.67,33416,0.735,6266.6,3
2026-05-05 23:39:37,10.2,142.8,25.06,40.58,71.99,3.67,33416,0.735,6274.6,3
2026-05-05 23:39:46,10.9,100.3,24.87,40.21,71.99,3.67,33416,0.735,6282.6,3
2026-05-05 23:39:54,10.6,121,24.81,40.23,71.99,3.67,33416,0.735,6290.7,3
2026-05-05 23:40:02,11.8,148.1,24.1,40.17,71.99,3.67,33416,0.735,6298.8,3
2026-05-05 23:40:10,8.3,128.3,24.01,40.08,71.99,3.67,33416,0.735,6307,3
2026-05-05 23:40:19,8.9,138.8,24.1,40.07,71.99,3.67,33416,0.735,6315,3
2026-05-05 23:40:27,7.2,148.2,24.06,40.01,71.99,3.67,33416,0.735,6323.1,3
2026-05-05 23:40:35,10.7,142,24,40,71.99,3.67,33416,0.735,6331.2,3
2026-05-05 23:40:43,11.9,134.1,24.1,40,71.99,3.67,33416,0.735,6339.3,3
2026-05-05 23:40:52,7.1,146,24.27,39.99,71.99,3.67,33416,0.735,6347.4,3
2026-05-05 23:41:00,8.5,139,24.42,40,71.99,3.67,33416,0.735,6355.5,3
2026-05-05 23:41:08,7.2,135.9,24.38,39.99,71.99,3.67,33416,0.735,6363.7,3
2026-05-05 23:41:16,7.3,135,24.23,39.99,71.99,3.67,33416,0.735,6371.8,5
2026-05-05 23:41:25,13.8,162.1,24.28,40.04,71.99,3.67,33416,0.735,6379.8,5
2026-05-05 23:41:33,10.8,149.7,24.21,40.01,71.99,3.67,33416,0.735,6387.9,5
2026-05-05 23:41:41,10.4,166.7,24.2,40.02,71.99,3.67,33416,0.735,6396,5
2026-05-05 23:41:49,8.9,161.3,24.11,40.02,71.99,3.67,33416,0.736,6404.1,5
2026-05-05 23:41:58,7.8,161.5,24.08,40.02,71.99,3.67,33416,0.736,6412.1,5
2026-05-05 23:42:06,16.6,130.3,24.08,40.04,71.99,3.67,33416,0.767,6420.1,5
2026-05-05 23:42:14,9.1,132.1,24.18,40.04,71.99,3.67,33416,0.767,6428.2,5
2026-05-05 23:42:22,7.1,116.1,24.29,40.05,71.99,3.67,33416,0.767,6436.3,3
2026-05-05 23:42:31,14.1,127.4,24.35,40.05,71.99,3.67,33416,0.767,6444.1,3
2026-05-05 23:42:39,7.2,110.2,24.25,40.02,71.99,3.67,33416,0.767,6452.2,3
2026-05-05 23:42:47,12.2,123.9,24.22,40.03,71.99,3.67,33416,0.767,6460.2,3
2026-05-05 23:42:56,9.2,128.7,24.32,40.03,71.99,3.67,33416,0.767,6468.2,3
2026-05-05 23:43:04,9,131.7,24.45,40.02,71.99,3.67,33416,0.767,6476.2,3
2026-05-05 23:43:12,8.4,125.6,24.54,40.02,71.99,3.67,33416,0.767,6484.4,3
2026-05-05 23:43:20,7.6,129.2,24.56,40.02,71.99,3.67,33416,0.767,6492.5,3
2026-05-05 23:43:29,13,125.7,24.38,39.99,71.99,3.67,33416,0.767,6500.6,3
2026-05-05 23:43:37,6.8,138.2,24.32,39.99,71.99,3.67,33416,0.767,6508.7,3
2026-05-05 23:43:45,9.4,120.6,24.31,39.99,71.99,3.67,33416,0.767,6516.8,3
2026-05-05 23:43:53,7.6,131.8,24.27,40,71.99,3.67,33416,0.767,6524.9,3
2026-05-05 23:44:02,8.8,130.5,24.17,40.01,71.99,3.67,33416,0.767,6533,3
2026-05-05 23:44:10,10.7,135.1,24.04,40,71.99,3.67,33416,0.767,6541,3
2026-05-05 23:44:18,8.7,128.1,23.98,40.01,71.99,3.67,33416,0.767,6549.1,3
2026-05-05 23:44:26,8.2,134.2,24.02,40,71.99,3.67,33416,0.767,6557.2,3
2026-05-05 23:44:35,7.7,131.8,24.21,40,71.99,3.67,33416,0.767,6565.3,3
2026-05-05 23:44:43,7.6,130.9,24.03,40.02,71.99,3.67,33416,0.767,6573.4,3
2026-05-05 23:44:51,9.5,132.3,24.01,40.01,71.99,3.67,33416,0.767,6581.5,3
2026-05-05 23:44:59,9.6,138.6,23.98,40.02,71.99,3.67,33416,0.767,6589.6,3
2026-05-05 23:45:08,9,128.5,23.98,40.02,71.99,3.67,33416,0.767,6597.7,3
2026-05-05 23:45:16,7.7,130.6,24.12,40.03,71.99,3.67,33416,0.767,6605.7,3
2026-05-05 23:45:24,10,121.9,24.15,40.02,71.99,3.67,33416,0.767,6613.8,3
2026-05-05 23:45:32,11.2,129.1,24.14,40.03,71.99,3.67,33416,0.767,6622,3
2026-05-05 23:45:41,8.4,131.8,24.29,40.02,71.99,3.67,33416,0.767,6630.2,3
2026-05-05 23:45:49,8,147.5,24,40.01,71.99,3.67,33416,0.767,6638.3,3
2026-05-05 23:45:57,11.5,142.3,23.86,40.02,71.99,3.67,33416,0.767,6646.2,3
2026-05-05 23:46:05,10,128.5,23.85,40.03,71.99,3.67,33416,0.767,6654.4,3
2026-05-05 23:46:14,7.1,126.7,23.88,40.03,71.99,3.67,33416,0.767,6662.5,3
2026-05-05 23:46:22,9,138.6,24.04,40.03,71.99,3.67,33416,0.767,6670.6,3
2026-05-05 23:46:30,10.5,124.8,24,40.03,71.99,3.67,33416,0.767,6678.7,3
2026-05-05 23:46:38,8.3,122.6,23.94,40.04,71.99,3.67,33416,0.767,6686.9,3
2026-05-05 23:46:47,9.7,135.6,24.18,40.06,71.99,3.67,33416,0.767,6695,3
2026-05-05 23:46:55,8.3,135.1,24.38,40.06,71.99,3.67,33416,0.767,6703.2,3
2026-05-05 23:47:03,7.8,121.6,24.53,40.08,71.99,3.67,33416,0.767,6711.3,3
2026-05-05 23:47:11,7.6,158.4,24.45,40.08,71.99,3.67,33416,0.767,6719.4,3
2026-05-05 23:47:20,8,136.6,24.21,40.09,71.99,3.67,33416,0.767,6727.5,5
2026-05-05 23:47:28,7.4,133.6,24.12,40.04,71.99,3.67,33416,0.767,6735.7,5
2026-05-05 23:47:36,7.6,132.4,24.11,40.04,71.99,3.67,33416,0.767,6743.8,5
2026-05-05 23:47:45,9.9,154.2,24,40.06,71.99,3.67,33416,0.767,6751.9,5
2026-05-05 23:47:53,11.3,132.4,23.99,40.05,71.99,3.67,33416,0.767,6760,5
2026-05-05 23:48:01,8.2,137.2,24.07,40.05,71.99,3.67,33416,0.767,6768.1,5
2026-05-05 23:48:09,8.8,147.5,23.89,40.04,71.99,3.67,33416,0.767,6776.2,5
2026-05-05 23:48:18,8.5,167.6,23.87,40.04,71.99,3.67,33416,0.767,6784.2,5
2026-05-05 23:48:26,7.9,126.2,24.07,40.03,71.99,3.67,33416,0.767,6792.3,5
2026-05-05 23:48:34,8.8,138.7,24.05,40.04,71.99,3.67,33416,0.767,6800.4,5
2026-05-05 23:48:42,11.4,137.8,24.04,40.05,71.99,3.67,33416,0.767,6808.5,5
2026-05-05 23:48:51,9.5,135.3,24.08,40.04,71.99,3.67,33416,0.767,6816.6,5
2026-05-05 23:48:59,7.5,134.6,23.99,40.04,71.99,3.67,33416,0.767,6824.7,5
2026-05-05 23:49:07,8.6,135.8,23.99,40.04,71.99,3.67,33416,0.767,6832.9,3
2026-05-05 23:49:15,7.9,137.4,23.74,40.03,71.99,3.67,33416,0.767,6841.1,3
2026-05-05 23:49:24,9.9,122.1,23.91,40.04,71.99,3.67,33416,0.767,6849,3
2026-05-05 23:49:32,7.2,144.3,23.97,40.04,71.99,3.67,33416,0.767,6857.2,3
2026-05-05 23:49:40,8.7,137.1,23.95,40.04,71.99,3.67,33416,0.767,6865.3,3
2026-05-05 23:49:48,7.3,127.4,23.92,40.04,71.99,3.67,33416,0.767,6873.4,3
2026-05-05 23:49:57,10.2,131.3,23.86,40.04,71.99,3.67,33416,0.767,6881.5,3
2026-05-05 23:50:05,8.7,140.9,23.62,40.04,71.99,3.67,33416,0.767,6889.6,3
2026-05-05 23:50:13,7.8,134.3,23.67,40.05,71.99,3.67,33416,0.767,6897.7,3
2026-05-05 23:50:21,8.2,121.6,23.75,40.04,71.99,3.67,33416,0.767,6905.8,3
2026-05-05 23:50:30,7.9,136.1,23.93,40.04,71.99,3.67,33416,0.767,6914,3
2026-05-05 23:50:38,7.8,142.8,23.96,40.04,71.99,3.67,33416,0.767,6922.1,3
2026-05-05 23:50:46,9.1,125.6,24.01,40.04,71.99,3.67,33416,0.767,6930.2,3
2026-05-05 23:50:54,8,133,23.89,40.04,71.99,3.67,33416,0.767,6938.3,3
2026-05-05 23:51:03,8.8,132.2,23.89,40.04,71.99,3.67,33416,0.767,6946.6,3
2026-05-05 23:51:11,9.2,129.3,23.89,40.04,71.99,3.67,33416,0.767,6954.7,3
2026-05-05 23:51:19,8.1,129.6,23.85,40.01,71.99,3.67,33416,0.767,6962.8,3
2026-05-05 23:51:28,9.1,131.2,24.01,40.01,71.99,3.67,33416,0.767,6970.9,3
2026-05-05 23:51:36,7.2,127,24.07,40.02,71.99,3.67,33416,0.767,6979,3
2026-05-05 23:51:44,9,122.8,24.07,40.01,71.99,3.67,33416,0.767,6987,3
2026-05-05 23:51:52,7.6,123.9,24.08,40.01,71.99,3.67,33416,0.767,6995.1,3
2026-05-05 23:52:01,8.6,134.2,24.16,40.01,71.99,3.67,33416,0.767,7003.2,3
2026-05-05 23:52:09,7.3,126.2,24.47,40.02,71.99,3.67,33416,0.767,7011.2,3
2026-05-05 23:52:17,9.8,131.9,24.62,40.03,71.99,3.67,33416,0.767,7019.2,3
2026-05-05 23:52:25,8.4,128.3,24.78,40.03,71.99,3.67,33416,0.767,7027.2,3
2026-05-05 23:52:34,7.9,137.1,24.85,40.01,71.99,3.67,33416,0.767,7035.1,3
2026-05-05 23:52:42,8.7,135.6,24.85,40.01,71.99,3.67,33416,0.767,7043.3,3
2026-05-05 23:52:50,9.2,131.7,24.8,40.02,71.99,3.67,33416,0.767,7051.4,3
2026-05-05 23:52:58,11.9,128.1,24.76,40.02,71.99,3.67,33416,0.767,7059.3,3
2026-05-05 23:53:07,8.9,159,24.75,40.02,71.99,3.67,33416,0.767,7067.4,3
2026-05-05 23:53:15,6.4,127,24.89,40.02,71.99,3.67,33416,0.767,7075.5,5
2026-05-05 23:53:23,9.8,137.6,24.99,40.03,71.99,3.67,33416,0.767,7083.5,5
2026-05-05 23:53:31,6.7,127.4,25.13,40.02,71.99,3.67,33416,0.767,7091.7,5
2026-05-05 23:53:40,8.9,136.9,25.2,40.02,71.99,3.67,33416,0.767,7099.8,5
2026-05-05 23:53:48,10.2,156.5,25.22,40.02,71.99,3.67,33416,0.767,7107.9,5
2026-05-05 23:53:56,6.7,162.2,25.16,40.02,71.99,3.67,33416,0.767,7116.1,5
2026-05-05 23:54:04,9,163.3,25.25,40.03,71.99,3.67,33416,0.767,7124.2,5
2026-05-05 23:54:12,8.1,159.8,25.08,40.05,71.99,3.67,33416,0.767,7132.3,5
2026-05-05 23:54:21,9,154.6,25.09,40.05,71.99,3.67,33416,0.767,7140.4,5
2026-05-05 23:54:29,8,169.5,25.11,40.02,71.99,3.67,33416,0.767,7148.5,5
2026-05-05 23:54:37,8,171.9,25.16,40.02,71.99,3.67,33416,0.767,7156.7,3
2026-05-05 23:54:45,13.8,159.7,25.06,40.02,71.99,3.67,33416,0.767,7164.8,3
2026-05-05 23:54:54,12.9,139.9,24.8,40.03,71.99,3.67,33416,0.767,7173,3
2026-05-05 23:55:02,7.2,142.3,24.59,40.04,71.99,3.67,33416,0.767,7181.1,3
2026-05-05 23:55:10,8.3,145.3,24.68,40.04,71.99,3.67,33416,0.767,7189.1,3
2026-05-05 23:55:18,10.4,142.1,24.67,40.04,71.99,3.67,33416,0.767,7197.2,3
2026-05-05 23:55:27,7.9,131.2,24.9,40.04,71.99,3.67,33416,0.767,7205.5,3
2026-05-05 23:55:35,14.9,139.9,25.03,40.04,71.99,3.67,33416,0.762,7213.5,3
2026-05-05 23:55:43,9.1,132.1,25.05,40.03,71.99,3.67,33416,0.762,7221.6,3
2026-05-05 23:55:52,7.9,128.6,24.77,40.03,71.99,3.67,33416,0.762,7229.6,3
2026-05-05 23:56:00,9.6,124.9,24.69,40.03,71.99,3.67,33416,0.762,7237.7,3
2026-05-05 23:56:08,7.2,131.1,24.79,40.03,71.99,3.67,33416,0.762,7245.8,3
2026-05-05 23:56:16,11,129.2,24.73,40.06,71.99,3.67,33416,0.762,7253.9,3
2026-05-05 23:56:25,10.2,145.4,24.49,40.02,71.99,3.67,33416,0.762,7261.9,3
2026-05-05 23:56:33,11.4,165.9,24.52,40.02,71.99,3.67,33416,0.762,7269.9,3
2026-05-05 23:56:41,6.7,150.7,24.57,40.03,71.99,3.67,33416,0.762,7278,3
2026-05-05 23:56:49,18.1,123.4,24.74,40.02,71.99,3.67,33416,0.762,7285.7,3
2026-05-05 23:56:57,6.9,137.8,24.86,40.03,71.99,3.67,33416,0.762,7293.8,3
2026-05-05 23:57:06,9.6,139.6,25.02,40.03,71.99,3.67,33416,0.762,7301.9,3
2026-05-05 23:57:14,7.9,152.4,24.96,40.05,71.99,3.67,33416,0.762,7309.9,3
2026-05-05 23:57:22,7.6,162.7,24.87,40.04,71.99,3.67,33416,0.762,7318.1,3
2026-05-05 23:57:31,7.2,165,24.9,40.03,71.99,3.67,33416,0.762,7326.3,3
2026-05-05 23:57:39,7.6,136.6,24.77,40.02,71.99,3.67,33416,0.762,7334.5,3
2026-05-05 23:57:47,8.8,152,24.96,40.03,71.99,3.67,33416,0.762,7342.6,3
2026-05-05 23:57:55,8.5,132.5,24.77,40.03,71.99,3.67,33416,0.762,7350.8,3
2026-05-05 23:58:04,7.8,139,24.54,40.03,71.99,3.67,33416,0.762,7359,3
2026-05-05 23:58:12,9.7,157.5,24.51,40.02,71.99,3.67,33416,0.762,7367,3
2026-05-05 23:58:20,11.7,152.8,24.37,40.03,71.99,3.67,33416,0.762,7375.1,3
2026-05-05 23:58:28,8,105.2,24.25,40.02,71.99,3.67,33416,0.762,7383.2,3
2026-05-05 23:58:37,8.1,82.7,24.24,40,71.99,3.67,33416,0.762,7391.3,3
2026-05-05 23:58:45,9.3,103.3,24.24,40,71.99,3.67,33416,0.762,7399.5,3
2026-05-05 23:58:53,10.2,81.2,24.24,40,71.99,3.67,33416,0.762,7407.6,3
2026-05-05 23:59:02,8.7,74,24.24,40.01,71.99,3.67,33416,0.762,7415.7,3
2026-05-05 23:59:10,5.6,78.4,24.23,39.99,71.99,3.67,33416,0.762,7423.8,3
2026-05-05 23:59:18,9.4,88.2,24.23,40,71.99,3.67,33416,0.762,7431.9,5
2026-05-05 23:59:27,8.7,147.3,24.28,40.04,71.99,3.67,33416,0.762,7440,5
2026-05-05 23:59:35,6.9,99.6,24.25,40.01,71.99,3.67,33416,0.762,7448.2,5
2026-05-05 23:59:43,5.6,80.2,24.24,40.01,71.99,3.67,33416,0.762,7456.3,5
2026-05-05 23:59:51,6.5,70,24.24,40,71.99,3.67,33416,0.762,7464.5,5
2026-05-06 00:00:00,11,74.2,24.27,40.04,71.99,3.67,33416,0.762,7472.7,5
2026-05-06 00:00:08,7.3,70.7,24.24,40.01,71.99,3.67,33416,0.762,7480.8,5
2026-05-06 00:00:16,11.2,100.8,24.28,40.06,71.99,3.67,33416,0.762,7488.9,5
2026-05-06 00:00:25,9.6,92.8,24.27,40.05,71.99,3.67,33416,0.762,7497,5
2026-05-06 00:00:33,7.1,72.1,24.28,40.07,71.99,3.67,33416,0.762,7505,5
2026-05-06 00:00:41,6.9,69.3,24.26,40.05,71.99,3.67,33416,0.762,7513.2,5
2026-05-06 00:00:49,8.3,91,24.26,40.05,71.99,3.67,33416,0.762,7521.4,5
2026-05-06 00:00:58,14.7,130.9,24.29,40.07,71.99,3.67,33416,0.762,7529.5,5
2026-05-06 00:01:06,12.9,96.8,24.27,40.05,71.99,3.67,33416,0.762,7537.6,5
2026-05-06 00:01:14,10.5,90,24.28,40.05,71.99,3.67,33416,0.762,7545.8,5
2026-05-06 00:01:23,10.1,89.3,24.28,40.04,71.99,3.67,33416,0.762,7554,3
2026-05-06 00:01:31,10.2,68.8,24.31,40.08,71.99,3.67,33416,0.762,7562.1,3
2026-05-06 00:01:39,12.4,92.5,24.34,40.07,71.99,3.67,33416,0.762,7570.1,3
2026-05-06 00:01:47,10.2,147.8,24.34,40.07,71.99,3.67,33416,0.763,7578.2,3
2026-05-06 00:01:56,10.9,120.6,24.36,40.1,71.99,3.67,33416,0.763,7586.4,3
2026-05-06 00:02:04,10.7,96.3,24.34,40.07,71.99,3.67,33416,0.763,7594.6,3
2026-05-06 00:02:12,10.7,104,24.34,40.07,71.99,3.67,33416,0.764,7602.7,3
2026-05-06 00:02:21,13.3,153,24.34,40.08,71.99,3.67,33416,0.764,7610.8,3
2026-05-06 00:02:29,19,112.1,24.35,40.08,71.99,3.67,33416,0.764,7618.9,3
2026-05-06 00:02:37,10.3,112.2,24.33,40.05,71.99,3.67,33416,0.767,7626.8,3
2026-05-06 00:02:45,6.1,74.3,24.33,40.06,71.99,3.67,33416,0.769,7634.7,3
2026-05-06 00:02:53,5.5,66.6,24.34,40.06,71.99,3.67,33416,0.77,7642.8,3
2026-05-06 00:03:02,13.9,102.9,24.37,40.09,71.99,3.67,33416,0.769,7650.9,3
2026-05-06 00:03:10,11.1,97.4,24.35,40.08,71.99,3.67,33416,0.77,7659,3
2026-05-06 00:03:18,8.3,146.8,24.35,40.08,71.99,3.67,33416,0.769,7667.1,3
2026-05-06 00:03:27,7.7,163.7,24.41,40.13,71.99,3.67,33416,0.77,7675.2,3
2026-05-06 00:03:35,11.5,100.2,24.35,40.07,71.99,3.67,33416,0.77,7683.3,3
2026-05-06 00:03:43,12.5,128.7,24.4,40.13,71.99,3.67,33416,0.769,7691.5,3
2026-05-06 00:03:51,16.8,99,24.39,40.1,71.99,3.67,33416,0.768,7699.6,3
2026-05-06 00:04:00,17.3,104.7,24.43,40.15,71.99,3.67,33416,0.768,7707.7,3
2026-05-06 00:04:08,14.4,109.2,24.39,40.1,71.99,3.67,33416,0.768,7715.8,3
2026-05-06 00:04:16,12.1,100.6,24.37,40.09,71.99,3.67,33416,0.768,7723.9,3
2026-05-06 00:04:24,10.1,99.3,24.37,40.09,71.99,3.67,33416,0.768,7732.1,3
2026-05-06 00:04:33,12,105.9,24.38,40.1,71.99,3.67,33416,0.768,7740.2,3
2026-05-06 00:04:41,7.5,66,24.36,40.08,71.99,3.67,33416,0.768,7748.4,3
2026-05-06 00:04:49,5.4,136.4,24.36,40.08,71.99,3.67,33416,0.768,7756.6,3
2026-05-06 00:04:58,13.3,150.6,24.39,40.11,71.99,3.67,33416,0.768,7764.7,3
2026-05-06 00:05:06,5.6,67.8,24.35,40.08,71.99,3.67,33416,0.768,7772.9,3
2026-05-06 00:05:14,7.6,70.9,24.34,40.05,71.99,3.67,33416,0.768,7781,3
2026-05-06 00:05:23,11.8,146.2,24.35,40.05,71.99,3.67,33416,0.769,7789.1,5
2026-05-06 00:05:31,8.1,65.4,24.36,40.06,71.99,3.67,33416,0.769,7797.1,5
2026-05-06 00:05:39,5.9,146.4,24.34,40.05,71.99,3.67,33416,0.769,7805.2,5
2026-05-06 00:05:48,10.8,150.7,24.35,40.05,71.99,3.67,33416,0.769,7813.3,5
2026-05-06 00:05:56,12.1,116.8,24.36,40.06,71.99,3.67,33416,0.769,7821.4,5
2026-05-06 00:06:04,17.4,100.2,24.34,40.05,71.99,3.67,33416,0.769,7829.5,5
2026-05-06 00:06:12,10,105.6,24.34,40.04,71.99,3.67,33416,0.769,7837.6,5
2026-05-06 00:06:21,9.6,86.1,24.34,40.04,71.99,3.67,33416,0.769,7845.7,5
2026-05-06 00:06:29,12.4,87.9,24.36,40.07,71.99,3.67,33416,0.769,7853.8,5
2026-05-06 00:06:37,8.6,69.4,24.34,40.04,71.99,3.67,33416,0.769,7862,5
2026-05-06 00:06:46,7.1,67.3,24.29,40,71.99,3.67,33416,0.769,7870.1,5
2026-05-06 00:06:54,10,106.6,24.29,39.99,71.99,3.67,33416,0.769,7878.2,5
2026-05-06 00:07:02,11.1,100.1,24.32,40.02,71.99,3.67,33416,0.769,7886.3,3
2026-05-06 00:07:10,9.8,148.8,24.3,40.01,71.99,3.67,33416,0.769,7894.4,3
2026-05-06 00:07:19,11.3,100.3,24.31,40.01,71.99,3.67,33416,0.769,7902.5,3
2026-05-06 00:07:27,12.9,165.2,24.33,40.04,71.99,3.67,33416,0.769,7910.5,3
2026-05-06 00:07:35,10.2,110.2,24.3,40,71.99,3.67,33416,0.769,7918.6,3
2026-05-06 00:07:43,10.9,101.8,24.31,40.01,71.99,3.67,33416,0.769,7926.8,3
2026-05-06 00:07:52,20.5,93.4,24.3,40.01,71.99,3.67,33416,0.769,7934.9,3
2026-05-06 00:08:00,11.6,105.8,24.32,40.03,71.99,3.67,33416,0.769,7943.1,3
2026-05-06 00:08:08,8.8,101.4,24.31,40.01,71.99,3.67,33416,0.769,7951.3,3
2026-05-06 00:08:17,5.6,59.5,24.3,40,71.99,3.67,33416,0.769,7959.3,3
2026-05-06 00:08:25,8.7,154.2,24.32,40.03,71.99,3.67,33416,0.769,7967.3,3
2026-05-06 00:08:33,10.6,101.8,24.33,40.04,71.99,3.67,33416,0.769,7975.5,3
2026-05-06 00:08:41,6.6,135.4,24.32,40.03,71.99,3.67,33416,0.769,7983.6,3
2026-05-06 00:08:50,5,143.5,24.32,40.03,71.99,3.67,33416,0.769,7991.7,3
2026-05-06 00:08:58,17,115.6,24.34,40.05,71.99,3.67,33416,0.77,7999.8,3
2026-05-06 00:09:06,17.7,105,24.33,40.05,71.99,3.67,33416,0.77,8007.9,3
2026-05-06 00:09:15,6.1,87.5,24.33,40.05,71.99,3.67,33416,0.77,8016,3
2026-05-06 00:09:23,13.8,113.7,24.33,40.05,71.99,3.67,33416,0.77,8024,3
2026-05-06 00:09:31,10.7,136.7,24.36,40.08,71.99,3.67,33416,0.77,8032.1,3
2026-05-06 00:09:40,13.3,99,24.58,40.1,71.99,3.67,33416,0.77,8040.2,3
2026-05-06 00:09:48,10.6,112.1,24.53,40.09,71.99,3.67,33416,0.77,8048.5,3
2026-05-06 00:09:56,5.9,144.7,24.51,40.13,71.99,3.67,33416,0.77,8056.5,3
2026-05-06 00:10:04,5.3,81.7,24.42,40.07,71.99,3.67,33416,0.77,8064.6,3
2026-05-06 00:10:13,15,104.4,24.4,40.07,71.99,3.67,33416,0.77,8072.7,3
2026-05-06 00:10:21,8.8,84.9,24.38,40.06,71.99,3.67,33416,0.77,8080.9,3
2026-05-06 00:10:29,8.6,90.8,24.37,40.07,71.99,3.67,33416,0.77,8088.9,3
2026-05-06 00:10:38,9.9,92.9,24.31,40.05,71.99,3.67,33416,0.77,8097,3
2026-05-06 00:10:46,7.9,141.7,24.32,40.05,71.99,3.67,33416,0.77,8105.1,3
2026-05-06 00:10:54,10,89.1,24.32,40.05,71.99,3.67,33416,0.77,8113.3,3
2026-05-06 00:11:02,5.4,143,24.35,40.08,71.99,3.67,33416,0.77,8121.5,3
2026-05-06 00:11:11,9.1,76,24.33,40.06,71.99,3.67,33416,0.77,8129.6,3
2026-05-06 00:11:19,9.1,90.9,24.34,40.05,71.99,3.67,33416,0.77,8137.8,5
2026-05-06 00:11:27,12.9,144.9,24.36,40.08,71.99,3.67,33416,0.77,8145.9,5
2026-05-06 00:11:36,5.3,74.2,24.33,40.05,71.99,3.67,33416,0.77,8154,5
2026-05-06 00:11:44,12.6,65.5,24.33,40.05,71.99,3.67,33416,0.77,8162.1,5
2026-05-06 00:11:52,7.5,142.3,24.33,40.05,71.99,3.67,33416,0.77,8170.1,5
2026-05-06 00:12:00,12,97.8,24.36,40.07,71.99,3.67,33416,0.77,8178.3,5
2026-05-06 00:12:09,8.9,99.2,24.33,40.05,71.99,3.67,33416,0.771,8186.4,5
2026-05-06 00:12:17,11.3,102.9,24.33,40.04,71.99,3.67,33416,0.771,8194.5,5
2026-05-06 00:12:25,10.5,93.3,24.34,40.05,71.99,3.67,33416,0.771,8202.7,5
2026-05-06 00:12:34,12.8,133.7,24.35,40.07,71.99,3.67,33416,0.771,8210.8,3
2026-05-06 00:12:42,6,110.5,24.32,40.04,71.99,3.67,33416,0.771,8218.8,3
2026-05-06 00:12:50,8.8,110.6,24.34,40.06,71.99,3.67,33416,0.771,8227,3
2026-05-06 00:12:59,17.4,113.3,24.36,40.09,71.99,3.67,33416,0.771,8235.1,3
2026-05-06 00:13:07,8.2,80.1,24.35,40.08,71.99,3.67,33416,0.771,8243.2,3
2026-05-06 00:13:15,10.3,73.1,24.35,40.08,71.99,3.67,33416,0.771,8251.3,3
2026-05-06 00:13:23,11.1,150,24.35,40.07,71.99,3.67,33416,0.771,8259.4,3
2026-05-06 00:13:32,15,155.2,24.41,40.14,71.99,3.67,33416,0.771,8267.5,3
2026-05-06 00:13:40,14.1,159.8,23.94,40.08,71.99,3.67,33416,0.771,8275.7,3
2026-05-06 00:13:48,11.7,172.3,23.99,40.09,71.99,3.67,33416,0.771,8283.8,3
2026-05-06 00:13:56,8.8,146.1,24.13,40.1,71.99,3.67,33416,0.771,8291.9,3
2026-05-06 00:14:05,10.5,158.6,24.16,40.1,71.99,3.67,33416,0.771,8300.1,3
2026-05-06 00:14:13,7.4,172.4,24.06,40.06,71.99,3.67,33416,0.771,8308.2,3
2026-05-06 00:14:21,17.3,134.6,24.18,40.04,71.99,3.67,33416,0.771,8316.2,3
2026-05-06 00:14:30,13.4,139.5,24.32,40.05,71.99,3.67,33416,0.771,8324.3,3
2026-05-06 00:14:38,9.3,139.7,24.5,40.05,71.99,3.67,33416,0.771,8332.3,3
2026-05-06 00:14:46,14.3,131.5,24.46,40.05,71.99,3.67,33416,0.771,8340.5,3
2026-05-06 00:14:54,11.7,178.8,24.27,40.04,71.99,3.67,33416,0.74,8348.5,3
2026-05-06 00:15:03,10.3,143.8,24.25,40.02,71.99,3.67,33416,0.74,8356.5,3
2026-05-06 00:15:11,8.4,132.2,24.26,40.05,71.99,3.67,33416,0.74,8364.6,3
2026-05-06 00:15:19,7.6,139.3,24.21,40.01,71.99,3.67,33416,0.74,8372.7,3
2026-05-06 00:15:28,8,119.6,24.1,40,71.99,3.67,33416,0.74,8380.8,3
2026-05-06 00:15:36,15.6,135.2,24.07,40,71.99,3.67,33416,0.74,8388.9,3
2026-05-06 00:15:44,9,145.2,24.04,39.99,71.99,3.67,33416,0.74,8397,3
2026-05-06 00:15:52,8.6,124.4,24.17,40.03,71.99,3.67,33416,0.74,8405,3
2026-05-06 00:16:00,8.3,129.2,24.27,40.01,71.99,3.67,33416,0.74,8413.1,3
2026-05-06 00:16:09,8.2,126.5,24.31,40,71.99,3.67,33416,0.74,8421.2,3
2026-05-06 00:16:17,12.6,126.7,24.26,40.01,71.99,3.67,33416,0.74,8429.3,3
2026-05-06 00:16:25,8.6,171.1,24.22,40.02,71.99,3.67,33416,0.74,8437.5,3
2026-05-06 00:16:33,8.3,136.9,24.34,40.01,71.99,3.67,33416,0.74,8445.6,3
2026-05-06 00:16:42,12.2,128.1,24.45,40.01,71.99,3.67,33416,0.74,8453.5,3
2026-05-06 00:16:50,7.8,168,24.54,40.02,71.99,3.67,33416,0.74,8461.6,3
2026-05-06 00:16:58,7.5,124.2,24.58,40.01,71.99,3.67,33416,0.74,8469.8,3
2026-05-06 00:17:07,10.6,163.3,24.43,40.03,71.99,3.67,33416,0.74,8477.8,3
2026-05-06 00:17:15,9.1,131.8,24.35,40.02,71.99,3.67,33416,0.74,8486,3
2026-05-06 00:17:23,8.2,125,24.32,40.02,71.99,3.67,33416,0.74,8494.1,5
2026-05-06 00:17:31,11.6,146,24.3,40.02,71.99,3.67,33416,0.74,8502.2,5
2026-05-06 00:17:40,9.2,129.5,24.19,40.01,71.99,3.67,33416,0.74,8510.2,5
2026-05-06 00:17:48,12.1,136.5,24.07,40.01,71.99,3.67,33416,0.74,8518.3,5
2026-05-06 00:17:56,9.1,171.6,24.01,40.01,71.99,3.67,33416,0.74,8526.2,5
2026-05-06 00:18:04,7.9,129.3,24.08,40,71.99,3.67,33416,0.74,8534.3,5
2026-05-06 00:18:13,13.3,132.4,24.25,40.01,71.99,3.67,33416,0.74,8542.3,5
2026-05-06 00:18:21,8.9,128.7,24.05,40.01,71.99,3.67,33416,0.74,8550.4,5
2026-05-06 00:18:29,8.4,152,24.02,40.03,71.99,3.67,33416,0.74,8558.4,5
2026-05-06 00:18:37,14.9,165,24,40.02,71.99,3.67,33416,0.74,8566.5,5
2026-05-06 00:18:46,7.8,149.7,24.02,40.02,71.99,3.67,33416,0.74,8574.6,5
2026-05-06 00:18:54,8.5,127.5,24.18,40.03,71.99,3.67,33416,0.74,8582.8,5
2026-05-06 00:19:02,9.4,148.7,24.19,40.03,71.99,3.67,33416,0.74,8590.9,5
2026-05-06 00:19:10,7.6,125.5,24.21,40.01,71.99,3.67,33416,0.74,8599.1,5
2026-05-06 00:19:19,14,131,24.3,40.01,71.99,3.67,33416,0.74,8607.2,3
2026-05-06 00:19:27,9.2,164.6,24.09,40.01,71.99,3.67,33416,0.74,8615.3,3
2026-05-06 00:19:35,11.9,139.7,23.88,40.03,71.99,3.67,33416,0.74,8623.4,3
2026-05-06 00:19:44,13.8,122.7,23.86,40.03,71.99,3.67,33416,0.74,8631.5,3
2026-05-06 00:19:52,7.6,123.8,23.88,40.02,71.99,3.67,33416,0.74,8639.5,3
2026-05-06 00:20:00,7.8,132.7,24.04,40.03,71.99,3.67,33416,0.74,8647.7,3
2026-05-06 00:20:08,8,151.9,24.01,40.03,71.99,3.67,33416,0.74,8655.8,3
2026-05-06 00:20:17,7.8,150.8,23.95,40.03,71.99,3.67,33416,0.74,8664,3
2026-05-06 00:20:25,9.2,131.2,24.24,40.02,71.99,3.67,33416,0.74,8672,3
2026-05-06 00:20:33,7.7,151.4,24.43,40.03,71.99,3.67,33416,0.739,8680.1,3
2026-05-06 00:20:41,11.1,151.1,24.47,40.03,71.99,3.67,33416,0.739,8688.2,3
2026-05-06 00:20:49,9.1,131.8,24.46,40.06,71.99,3.67,33416,0.771,8696.2,3
2026-05-06 00:20:58,11.4,131.3,24.17,40.07,71.99,3.67,33416,0.771,8704.3,3
2026-05-06 00:21:06,8,124,24.16,40.06,71.99,3.67,33416,0.771,8712.4,3
2026-05-06 00:21:14,9.5,135.8,24.15,40.06,71.99,3.67,33416,0.771,8720.5,3
2026-05-06 00:21:22,7.7,122.2,24.02,40.06,71.99,3.67,33416,0.771,8728.5,3
2026-05-06 00:21:31,6.9,127.5,24.08,40.07,71.99,3.67,33416,0.771,8736.6,3
2026-05-06 00:21:39,8.9,125.4,24.06,40.07,71.99,3.67,33416,0.771,8744.6,3
2026-05-06 00:21:47,19.6,121,23.92,40.08,71.99,3.67,33416,0.771,8752.6,3
2026-05-06 00:21:56,8.4,129.8,23.94,40.07,71.99,3.67,33416,0.771,8760.7,3
2026-05-06 00:22:04,8.9,118.5,24.16,40.07,71.99,3.67,33416,0.771,8768.8,3
2026-05-06 00:22:12,8.5,124.2,24.11,40.08,71.99,3.67,33416,0.771,8777,3
2026-05-06 00:22:20,8.6,128.2,24.1,40.07,71.99,3.67,33416,0.771,8785.1,3
2026-05-06 00:22:29,9.8,135.3,24.07,40.08,71.99,3.67,33416,0.771,8793.4,3
2026-05-06 00:22:37,7.4,135.4,24.02,40.07,71.99,3.67,33416,0.771,8801.5,3
2026-05-06 00:22:45,8.5,130.6,24.07,40.07,71.99,3.67,33416,0.771,8809.6,3
2026-05-06 00:22:54,9.2,124.4,23.99,40.08,71.99,3.67,33416,0.771,8817.8,3
2026-05-06 00:23:02,8.6,118.8,24.08,40.08,71.99,3.67,33416,0.771,8825.9,3
2026-05-06 00:23:10,8.2,126.1,24.13,40.09,71.99,3.67,33416,0.771,8834.1,3
2026-05-06 00:23:18,8,150.7,24.13,40.09,71.99,3.67,33416,0.771,8842.1,3
2026-05-06 00:23:27,8.8,144.8,23.98,40.02,71.99,3.67,33416,0.771,8850.3,5
2026-05-06 00:23:35,7.6,125.8,23.99,40.03,71.99,3.67,33416,0.771,8858.3,5
2026-05-06 00:23:43,7.6,143.4,23.74,40.03,71.99,3.67,33416,0.771,8866.4,5
2026-05-06 00:23:51,8.9,126.3,23.78,40.03,71.99,3.67,33416,0.771,8874.6,5
2026-05-06 00:24:00,8.2,143.5,23.94,40.03,71.99,3.67,33416,0.771,8882.6,5
2026-05-06 00:24:08,7.9,122.7,24.1,40.06,71.99,3.67,33416,0.771,8890.8,5
2026-05-06 00:24:16,8,150.1,24.12,40.06,71.99,3.67,33416,0.771,8898.9,5
2026-05-06 00:24:24,8.7,125.8,24.04,40.06,71.99,3.67,33416,0.771,8906.9,5
2026-05-06 00:24:33,8.3,145.1,24.06,40.04,71.99,3.67,33416,0.771,8915,5
2026-05-06 00:24:41,11.3,145.2,24.08,40.05,71.99,3.67,33416,0.771,8923.1,5
2026-05-06 00:24:49,8.5,147.1,23.98,40.05,71.99,3.67,33416,0.771,8931.3,3
2026-05-06 00:24:57,7.3,137.1,24.11,40.06,71.99,3.67,33416,0.771,8939.4,3
2026-05-06 00:25:06,7.1,137.3,24.19,40.05,71.99,3.67,33416,0.771,8947.6,3
2026-05-06 00:25:14,13.4,126.1,24.3,40.08,71.99,3.67,33416,0.771,8955.6,3
2026-05-06 00:25:22,8,128.2,24.26,40.07,71.99,3.67,33416,0.771,8963.8,3
2026-05-06 00:25:30,7.8,131.3,24.27,40.1,71.99,3.67,33416,0.771,8971.9,3
2026-05-06 00:25:39,8.2,131.2,24.51,40.11,71.99,3.67,33416,0.771,8980,3
2026-05-06 00:25:47,9.7,139,24.75,40.09,71.99,3.67,33416,0.771,8988.1,3
2026-05-06 00:25:55,7.7,133.1,24.93,40.08,71.99,3.67,33416,0.771,8996.2,3
2026-05-06 00:26:04,11.4,153,25.01,40.08,71.99,3.67,33416,0.771,9004.3,3
2026-05-06 00:26:12,8.5,128.9,25,40.08,71.99,3.67,33416,0.771,9012.4,3
2026-05-06 00:26:20,7.7,120.7,25.14,40.07,71.99,3.67,33416,0.771,9020.5,3
2026-05-06 00:26:28,9.4,140.9,24.97,40.07,71.99,3.67,33416,0.771,9028.5,3
2026-05-06 00:26:36,8.3,153.9,24.93,40.05,71.99,3.67,33416,0.771,9036.5,3
2026-05-06 00:26:45,9.6,132.2,24.99,40.05,71.99,3.67,33416,0.771,9044.5,3
2026-05-06 00:26:53,12,128.4,25.14,40.04,71.99,3.67,33416,0.771,9052.7,3
2026-05-06 00:27:01,9.7,136,25.28,40.04,71.99,3.67,33416,0.771,9060.9,3
2026-05-06 00:27:09,16,127,25.36,40.05,71.99,3.67,33416,0.771,9069,3
2026-05-06 00:27:18,9.9,150.2,25.38,40.05,71.99,3.67,33416,0.771,9077.1,3
2026-05-06 00:27:26,9.4,128.5,25.39,40.05,71.99,3.67,33416,0.771,9085.2,3
2026-05-06 00:27:34,8.5,125.3,25.4,40.04,71.99,3.67,33416,0.771,9093.4,3
2026-05-06 00:27:43,7.5,125.7,25.27,40.03,71.99,3.67,33416,0.771,9101.4,3
2026-05-06 00:27:51,8.5,129.8,25.21,40.03,71.99,3.67,33416,0.771,9109.6,3
2026-05-06 00:27:59,7.7,119.7,25.2,40.03,71.99,3.67,33416,0.771,9117.7,3
2026-05-06 00:28:07,8.6,124.2,25.31,40.03,71.99,3.67,33416,0.771,9125.8,3
2026-05-06 00:28:16,8.2,141.8,25.32,40.02,71.99,3.67,33416,0.771,9134,3
2026-05-06 00:28:24,8.4,135.3,25.01,40.04,71.99,3.67,33416,0.771,9142.1,3
2026-05-06 00:28:32,7.4,143.6,24.82,40.04,71.99,3.67,33416,0.771,9150.3,3
2026-05-06 00:28:40,8.7,141,24.82,40.04,71.99,3.67,33416,0.771,9158.3,3
2026-05-06 00:28:49,8.6,131.7,24.83,40.05,71.99,3.67,33416,0.771,9166.4,3
2026-05-06 00:28:57,14.6,150.9,25,40.04,71.99,3.67,33416,0.771,9174.3,3
2026-05-06 00:29:05,7.9,131,25.19,40.04,71.99,3.67,33416,0.771,9182.4,3
2026-05-06 00:29:13,10.2,130.4,25.18,40.05,71.99,3.67,33416,0.771,9190.5,3
2026-05-06 00:29:22,6.8,124,25.13,40.04,71.99,3.67,33416,0.771,9198.6,5
2026-05-06 00:29:30,8.1,132.9,24.88,40.04,71.99,3.67,33416,0.771,9206.7,5
2026-05-06 00:29:38,7.2,128.9,24.92,40.04,71.99,3.67,33416,0.771,9214.8,5
2026-05-06 00:29:46,9.5,122.9,24.91,40.04,71.99,3.67,33416,0.771,9222.8,5
2026-05-06 00:29:55,9,143.3,24.6,40.04,71.99,3.67,33416,0.771,9230.8,5
2026-05-06 00:30:03,13,156.1,24.81,40.14,71.99,3.67,33416,0.771,9238.9,5
2026-05-06 00:30:11,12.5,162.2,24.81,40.13,71.99,3.67,33416,0.771,9246.9,5
2026-05-06 00:30:19,13.5,126.6,24.86,40.13,71.99,3.67,33416,0.771,9254.9,5
2026-05-06 00:30:28,12.8,145.2,24.99,40.14,71.99,3.64,33416,0.771,9263.2,5
2026-05-06 00:30:36,8.9,142.7,25.13,40.15,71.99,3.64,33416,0.771,9271.3,5
2026-05-06 00:30:44,13.8,163,25.13,40.15,71.99,3.64,33416,0.771,9279.5,5
2026-05-06 00:30:53,15.3,169.2,25.19,40.17,71.99,3.64,33416,0.771,9287.5,5
2026-05-06 00:31:01,10.7,148.1,25.07,40.16,71.99,3.64,33416,0.771,9295.6,5
2026-05-06 00:31:09,9.2,134.5,25.08,40.16,71.99,3.64,33416,0.771,9303.7,5
2026-05-06 00:31:17,8.7,131.9,24.99,40.16,71.99,3.64,33416,0.771,9311.9,5
2026-05-06 00:31:26,9.8,132.8,25.14,40.16,71.99,3.64,33416,0.771,9320,5
2026-05-06 00:31:34,12.8,125.8,25.03,40.14,71.99,3.64,33416,0.771,9328,3
2026-05-06 00:31:42,7.2,134.6,24.77,40.14,71.99,3.64,33416,0.771,9336.2,3
2026-05-06 00:31:50,10.1,142.2,24.65,40.14,71.99,3.64,33416,0.771,9344.2,3
2026-05-06 00:31:58,9.2,142.1,24.6,40.13,71.99,3.64,33416,0.771,9352.4,3
2026-05-06 00:32:07,7,144.3,24.47,40.13,71.99,3.64,33416,0.771,9360.5,3
2026-05-06 00:32:15,14.2,149.2,24.46,40.1,71.99,3.64,33416,0.771,9368.5,3
2026-05-06 00:32:23,7.7,109.3,24.42,40.06,71.99,3.64,33416,0.771,9376.6,3
2026-05-06 00:32:31,4.3,65.4,24.41,40.05,71.99,3.64,33416,0.771,9384.7,3
2026-05-06 00:32:40,6.2,110.6,24.44,40.07,71.99,3.64,33416,0.771,9392.8,3
2026-05-06 00:32:48,6.7,76.9,24.41,40.05,71.99,3.64,33416,0.771,9400.9,3
2026-05-06 00:32:56,7.2,65.4,24.41,40.05,71.99,3.64,33416,0.771,9409,3
2026-05-06 00:33:05,11.9,68.3,24.43,40.08,71.99,3.64,33416,0.771,9417,3
2026-05-06 00:33:13,9.1,123.2,24.43,40.07,71.99,3.64,33416,0.771,9425.1,3
2026-05-06 00:33:21,6.1,79.7,24.42,40.07,71.99,3.64,33416,0.771,9433.2,3
2026-05-06 00:33:29,7.9,92,24.42,40.06,71.99,3.64,33416,0.771,9441.4,3
2026-05-06 00:33:38,11,105.9,24.42,40.07,71.99,3.64,33416,0.771,9449.5,3
2026-05-06 00:33:46,6,79.2,24.44,40.09,71.99,3.64,33416,0.771,9457.6,3
2026-05-06 00:33:54,6.5,79.6,24.43,40.09,71.99,3.64,33416,0.771,9465.7,3
2026-05-06 00:34:03,7.9,97.6,24.43,40.09,71.99,3.64,33416,0.771,9473.8,3
2026-05-06 00:34:11,14.3,117.8,24.46,40.11,71.99,3.64,33416,0.771,9482,3
2026-05-06 00:34:19,9.6,95.8,24.43,40.09,71.99,3.64,33416,0.771,9490.1,3
2026-05-06 00:34:27,10,86,24.42,40.09,71.99,3.64,33416,0.771,9498.1,3
2026-05-06 00:34:36,10.4,98,24.42,40.09,71.99,3.64,33416,0.771,9506.2,3
2026-05-06 00:34:44,10.7,94.2,24.43,40.1,71.99,3.64,33416,0.771,9514.3,3
2026-05-06 00:34:52,11.2,113.9,24.42,40.09,71.99,3.64,33416,0.771,9522.4,3
2026-05-06 00:35:01,10.6,107.3,24.41,40.08,71.99,3.64,33416,0.771,9530.4,3
2026-05-06 00:35:09,15.5,169.7,24.47,40.14,71.99,3.64,33416,0.766,9538.5,3
2026-05-06 00:35:17,11,109.4,24.44,40.11,71.99,3.64,33416,0.766,9546.6,3
2026-05-06 00:35:25,10,109,24.42,40.1,71.99,3.64,33416,0.766,9554.7,5
2026-05-06 00:35:34,9.1,107.4,24.41,40.08,71.99,3.64,33416,0.766,9562.8,5
2026-05-06 00:35:42,7.3,85.5,24.42,40.1,71.99,3.64,33416,0.766,9570.8,5
2026-05-06 00:35:50,6.6,80.4,24.39,40.07,71.99,3.64,33416,0.766,9578.9,5
2026-05-06 00:35:59,10.2,92.1,24.39,40.07,71.99,3.64,33416,0.766,9587,5
2026-05-06 00:36:07,11.4,90.8,24.4,40.07,71.99,3.64,33416,0.766,9595,5
2026-05-06 00:36:15,6,71.7,24.42,40.1,71.99,3.64,33416,0.766,9603.2,5
2026-05-06 00:36:23,7.5,78.5,24.39,40.06,71.99,3.64,33416,0.766,9611.3,5
2026-05-06 00:36:32,6.2,67.2,24.4,40.06,71.99,3.64,33416,0.766,9619.3,5
2026-05-06 00:36:40,18.2,118.4,24.42,40.09,71.99,3.64,33416,0.766,9627.5,5
2026-05-06 00:36:48,7,96.2,24.39,40.06,71.99,3.64,33416,0.766,9635.7,5
2026-05-06 00:36:57,6,90.3,24.4,40.06,71.99,3.64,33416,0.766,9643.8,5
2026-05-06 00:37:05,7.5,75.2,24.39,40.06,71.99,3.64,33416,0.766,9651.9,3
2026-05-06 00:37:13,9.4,67.2,24.39,40.06,71.99,3.64,33416,0.766,9660,3
2026-05-06 00:37:21,11.4,115.4,24.36,40.03,71.99,3.64,33416,0.766,9668.1,3
2026-05-06 00:37:30,10.2,100.5,24.36,40.03,71.99,3.64,33416,0.766,9676.1,3
2026-05-06 00:37:38,11.6,87.4,24.36,40.03,71.99,3.64,33416,0.766,9684.2,3
2026-05-06 00:37:46,5.6,68.4,24.35,40.02,71.99,3.64,33416,0.766,9692.2,3
2026-05-06 00:37:54,14.5,100.3,24.36,40.02,71.99,3.64,33416,0.765,9700.3,3
2026-05-06 00:38:03,8.3,70.5,24.36,40.02,71.99,3.64,33416,0.765,9708.3,3
2026-05-06 00:38:11,15.5,121.4,24.38,40.04,71.99,3.64,33416,0.765,9716.5,3
2026-05-06 00:38:19,12,156.5,24.45,40.15,71.99,3.64,33416,0.765,9724.5,3
2026-05-06 00:38:28,13.2,97,24.37,40.05,71.99,3.64,33416,0.765,9732.6,3
2026-05-06 00:38:36,10.1,93.2,24.36,40.03,71.99,3.64,33416,0.765,9740.9,3
2026-05-06 00:38:44,9.2,103.6,24.36,40.04,71.99,3.64,33416,0.765,9749,3
2026-05-06 00:38:52,4.4,85.3,24.39,40.08,71.99,3.64,33416,0.765,9757.1,3
2026-05-06 00:39:01,9.6,101.6,24.39,40.07,71.99,3.64,33416,0.765,9765.3,3
2026-05-06 00:39:09,12,141.3,24.43,40.12,71.99,3.64,33416,0.765,9773.5,3
2026-05-06 00:39:17,8.2,79.4,24.39,40.08,71.99,3.64,33416,0.765,9781.5,3
2026-05-06 00:39:26,10.1,110.8,24.39,40.08,71.99,3.64,33416,0.765,9789.6,3
2026-05-06 00:39:34,11.2,111.9,24.39,40.08,71.99,3.64,33416,0.765,9797.8,3
2026-05-06 00:39:42,8.2,89,24.59,40.11,71.99,3.64,33416,0.765,9806,3
2026-05-06 00:39:50,8.9,97.7,24.49,40.05,71.99,3.64,33416,0.765,9814.1,3
2026-05-06 00:39:59,6.3,89.4,24.45,40.04,71.99,3.64,33416,0.765,9822.2,3
2026-05-06 00:40:07,7.7,68.3,24.42,40.05,71.99,3.64,33416,0.765,9830.4,3
2026-05-06 00:40:15,11.3,83.8,24.43,40.08,71.99,3.64,33416,0.765,9838.6,3
2026-05-06 00:40:24,5.8,82.9,24.4,40.05,71.99,3.64,33416,0.765,9846.6,3
2026-05-06 00:40:32,10.9,79.1,24.39,40.05,71.99,3.64,33416,0.765,9854.8,3
2026-05-06 00:40:40,13.3,126.8,24.39,40.06,71.99,3.64,33416,0.765,9862.9,3
2026-05-06 00:40:48,17.8,98.1,24.35,40.03,71.99,3.64,33416,0.765,9871,3
2026-05-06 00:40:57,9.1,99.6,24.35,40.03,71.99,3.64,33416,0.765,9879.1,3
2026-05-06 00:41:05,11,136.3,24.42,40.09,71.99,3.64,33416,0.765,9887.2,3
2026-05-06 00:41:13,6.7,75.7,24.4,40.09,71.99,3.64,33416,0.765,9895.2,3
2026-05-06 00:41:22,6.7,72.9,24.38,40.08,71.99,3.64,33416,0.765,9903.3,3
2026-05-06 00:41:30,5.3,72,24.37,40.06,71.99,3.64,33416,0.765,9911.5,5
2026-05-06 00:41:38,6.7,71.2,24.38,40.07,71.99,3.64,33416,0.765,9919.4,5
2026-05-06 00:41:47,5.4,83.9,24.38,40.07,71.99,3.64,33416,0.765,9927.6,5
2026-05-06 00:41:55,7.8,82.8,24.38,40.07,71.99,3.64,33416,0.765,9935.5,5
2026-05-06 00:42:03,4.9,64.4,24.37,40.07,71.99,3.64,33416,0.765,9943.6,5
2026-05-06 00:42:12,8.7,101.6,24.37,40.06,71.99,3.64,33416,0.766,9951.7,5
2026-05-06 00:42:20,7,71.7,24.35,40.04,71.99,3.64,33416,0.766,9959.7,5
2026-05-06 00:42:28,6.2,71.4,24.35,40.04,71.99,3.64,33416,0.767,9967.8,5
2026-05-06 00:42:36,6.6,76.3,24.35,40.03,71.99,3.64,33416,0.768,9975.7,5
2026-05-06 00:42:45,7.3,63.8,24.36,40.06,71.99,3.64,33416,0.769,9983.7,3
2026-05-06 00:42:53,6.6,71.2,24.35,40.04,71.99,3.64,33416,0.768,9991.7,3
2026-05-06 00:43:01,5.8,70.6,24.35,40.05,71.99,3.64,33416,0.769,9999.8,3
2026-05-06 00:43:10,7.8,147.8,24.39,40.09,71.99,3.64,33416,0.768,10007.9,3
2026-05-06 00:43:18,12.3,76.1,24.35,40.05,71.99,3.64,33416,0.769,10016,3
2026-05-06 00:43:26,5.5,68,24.35,40.05,71.99,3.64,33416,0.769,10024,3
2026-05-06 00:43:34,5.7,77.9,24.37,40.07,71.99,3.64,33416,0.769,10032.1,3
2026-05-06 00:43:43,9.6,70.2,24.37,40.07,71.99,3.64,33416,0.768,10040.2,3
2026-05-06 00:43:51,5.6,84.5,24.35,40.05,71.99,3.64,33416,0.769,10048.2,3
2026-05-06 00:43:59,7.1,83.3,24.35,40.05,71.99,3.64,33416,0.769,10056.3,3
2026-05-06 00:44:08,7.2,90.7,24.35,40.05,71.99,3.64,33416,0.769,10064.5,3
2026-05-06 00:44:16,5.3,71.6,24.38,40.08,71.99,3.64,33416,0.768,10072.6,3
2026-05-06 00:44:24,6.6,79,24.37,40.07,71.99,3.64,33416,0.768,10080.7,3
2026-05-06 00:44:32,6.5,95.5,24.36,40.06,71.99,3.64,33416,0.768,10088.8,3
2026-05-06 00:44:41,13.1,96.6,24.39,40.09,71.99,3.64,33416,0.768,10096.8,3
2026-05-06 00:44:49,5,71.5,24.36,40.06,71.99,3.64,33416,0.768,10105,3
2026-05-06 00:44:57,9.6,71,24.37,40.06,71.99,3.64,33416,0.768,10113,3
2026-05-06 00:45:06,8.1,73.4,24.37,40.06,71.99,3.64,33416,0.769,10121,3
2026-05-06 00:45:14,5.2,73.3,24.39,40.09,71.99,3.64,33416,0.769,10128.9,3
2026-05-06 00:45:22,6.1,68.7,24.37,40.07,71.99,3.64,33416,0.769,10137,3
2026-05-06 00:45:30,6.2,73.3,24.37,40.07,71.99,3.64,33416,0.769,10145,3
2026-05-06 00:45:39,9.5,137.1,24.43,40.13,71.99,3.64,33416,0.769,10153,3
2026-05-06 00:45:47,5.3,74.4,24.38,40.08,71.99,3.64,33416,0.769,10161,3
2026-05-06 00:45:55,5.6,81.5,24.38,40.09,71.99,3.64,33416,0.769,10169,3
2026-05-06 00:46:04,5.6,72,24.38,40.09,71.99,3.64,33416,0.769,10177.1,3
2026-05-06 00:46:12,11,99.6,24.39,40.1,71.99,3.64,33416,0.769,10185.2,3
2026-05-06 00:46:20,6.4,65.6,24.37,40.07,71.99,3.64,33416,0.769,10193.3,3
2026-05-06 00:46:28,5.8,129.1,24.39,40.09,71.99,3.64,33416,0.769,10201.4,3
2026-05-06 00:46:37,7,71.6,24.38,40.08,71.99,3.64,33416,0.769,10209.4,3
2026-05-06 00:46:45,6.6,72.3,24.4,40.11,71.99,3.64,33416,0.769,10217.5,3
2026-05-06 00:46:53,8.1,75.8,24.39,40.1,71.99,3.64,33416,0.769,10225.6,3
2026-05-06 00:47:02,8.8,78.9,24.38,40.09,71.99,3.64,33416,0.769,10233.5,3
2026-05-06 00:47:10,7.7,150.7,24.43,40.14,71.99,3.64,33416,0.769,10241.6,3
2026-05-06 00:47:18,6.2,72.2,24.39,40.09,71.99,3.64,33416,0.769,10249.8,3
2026-05-06 00:47:26,5.1,75.7,24.39,40.09,71.99,3.64,33416,0.769,10257.8,5
2026-05-06 00:47:35,11.4,70.8,24.4,40.09,71.99,3.64,33416,0.769,10265.8,5
2026-05-06 00:47:43,6.4,63.4,24.42,40.12,71.99,3.64,33416,0.769,10274,5
2026-05-06 00:47:51,7.3,78.4,24.4,40.1,71.99,3.64,33416,0.769,10282.1,5
2026-05-06 00:48:00,5.1,84.9,24.4,40.12,71.99,3.64,33416,0.769,10290,5
2026-05-06 00:48:08,6.3,66.9,24.41,40.11,71.99,3.64,33416,0.769,10298.2,5
2026-05-06 00:48:16,6.2,97.3,24.42,40.14,71.99,3.64,33416,0.769,10306.3,5
2026-05-06 00:48:24,6.2,85.3,24.41,40.12,71.99,3.64,33416,0.769,10314.3,5
2026-05-06 00:48:33,5.7,74.8,24.41,40.12,71.99,3.64,33416,0.77,10322.4,5
2026-05-06 00:48:41,13.1,87.2,24.44,40.16,71.99,3.64,33416,0.77,10330.5,5
2026-05-06 00:48:49,7,65.9,24.43,40.13,71.99,3.64,33416,0.77,10338.6,5
2026-05-06 00:48:58,5.4,69.2,24.42,40.14,71.99,3.64,33416,0.77,10346.7,5
2026-05-06 00:49:06,6.5,62.4,24.42,40.12,71.99,3.64,33416,0.77,10354.8,5
2026-05-06 00:49:14,6.3,81.7,24.42,40.13,71.99,3.64,33416,0.77,10362.9,5
2026-05-06 00:49:23,6.8,78.9,24.41,40.11,71.99,3.64,33416,0.77,10370.9,3
2026-05-06 00:49:31,6,68.9,24.4,40.11,71.99,3.64,33416,0.77,10379,3
2026-05-06 00:49:39,9.1,107.3,24.43,40.14,71.99,3.64,33416,0.77,10387.2,3
2026-05-06 00:49:47,5.5,65,24.4,40.1,71.99,3.64,33416,0.77,10395.4,3
2026-05-06 00:49:56,6.6,72.4,24.4,40.11,71.99,3.64,33416,0.77,10403.5,3
2026-05-06 00:50:04,5.5,75,24.41,40.13,71.99,3.64,33416,0.77,10411.6,3
2026-05-06 00:50:12,12.2,141.4,24.47,40.2,71.99,3.64,33416,0.77,10419.7,3
2026-05-06 00:50:21,10.1,143.9,23.92,40.14,71.99,3.64,33416,0.77,10427.8,3
2026-05-06 00:50:29,6.1,140.5,23.98,40.15,71.99,3.64,33416,0.77,10435.9,3
2026-05-06 00:50:37,9.2,126,24.11,40.15,71.99,3.64,33416,0.77,10444.1,3
2026-05-06 00:50:45,7,142.6,24.18,40.15,71.99,3.64,33416,0.77,10452.3,3
2026-05-06 00:50:54,7.9,132.5,24.15,40.14,71.99,3.64,33416,0.77,10460.3,3
2026-05-06 00:51:02,7.3,154.4,24.2,40.13,71.99,3.64,33416,0.77,10468.5,3
2026-05-06 00:51:10,7.7,134.4,24.4,40.13,71.99,3.64,33416,0.77,10476.7,3
2026-05-06 00:51:18,7.2,121.7,24.53,40.13,71.99,3.64,33416,0.77,10485,3
2026-05-06 00:51:27,8.8,151.3,24.54,40.12,71.99,3.64,33416,0.77,10493.1,3
2026-05-06 00:51:35,8.6,153.5,24.39,40.12,71.99,3.64,33416,0.77,10501.2,3
2026-05-06 00:51:43,7.9,152.6,24.36,40.12,71.99,3.64,33416,0.77,10509.2,3
2026-05-06 00:51:51,12.8,135.4,24.32,40.11,71.99,3.64,33416,0.771,10517.3,3
2026-05-06 00:52:00,8,139.2,24.25,40.11,71.99,3.64,33416,0.771,10525.5,3
2026-05-06 00:52:08,9.6,140.1,24.22,40.11,71.99,3.64,33416,0.771,10533.6,3
2026-05-06 00:52:16,8.1,139.2,24.18,40.13,71.99,3.64,33416,0.771,10541.8,3
2026-05-06 00:52:24,7.1,140.7,24.18,40.13,71.99,3.64,33416,0.771,10549.9,3
2026-05-06 00:52:32,7,144.8,24.3,40.12,71.99,3.64,33416,0.771,10558,3
2026-05-06 00:52:41,7.4,149.3,24.39,40.1,71.99,3.64,33416,0.771,10566.1,3
2026-05-06 00:52:49,7.3,140.4,24.42,40.11,71.99,3.64,33416,0.771,10574.2,3
2026-05-06 00:52:57,8.6,143.3,24.36,40.12,71.99,3.64,33416,0.771,10582.4,3
2026-05-06 00:53:05,10,156,24.34,40.08,71.99,3.64,33416,0.771,10590.4,3
2026-05-06 00:53:14,7.2,142.2,24.44,40.06,71.99,3.64,33416,0.771,10598.5,3
2026-05-06 00:53:22,8.3,145.7,24.6,40.06,71.99,3.64,33416,0.771,10606.6,3
2026-05-06 00:53:30,7.9,140.7,24.64,40.06,71.99,3.64,33416,0.771,10614.8,5
2026-05-06 00:53:38,9.4,149.5,24.58,40.06,71.99,3.64,33416,0.771,10622.9,5
2026-05-06 00:53:46,9.2,149.9,24.42,40.07,71.99,3.64,33416,0.771,10631,5
2026-05-06 00:53:55,8,146.1,24.37,40.06,71.99,3.64,33416,0.771,10639.2,5
2026-05-06 00:54:03,7.9,146.2,24.37,40.08,71.99,3.64,33416,0.771,10647.3,5
2026-05-06 00:54:11,8.6,153.5,24.28,40.1,71.99,3.64,33416,0.771,10655.3,5
2026-05-06 00:54:19,12,146.3,24.16,40.1,71.99,3.64,33416,0.771,10663.3,5
2026-05-06 00:54:28,7.6,161.2,24.1,40.08,71.99,3.64,33416,0.771,10671.5,5
2026-05-06 00:54:36,8.6,160.8,24.09,40.07,71.99,3.64,33416,0.771,10679.6,5
2026-05-06 00:54:44,8.5,162.1,24.29,40.08,71.99,3.64,33416,0.771,10687.7,5
2026-05-06 00:54:52,7.3,166.1,24.11,40.08,71.99,3.64,33416,0.771,10695.8,5
2026-05-06 00:55:01,7.1,155.9,24.06,40.04,71.99,3.64,33416,0.74,10703.9,3
2026-05-06 00:55:09,10.3,131.8,24.04,40.04,71.99,3.64,33416,0.74,10712,3
2026-05-06 00:55:17,10.3,152.7,24.11,40.05,71.99,3.64,33416,0.74,10719.9,3
2026-05-06 00:55:25,7.2,143.3,24.21,40.05,71.99,3.64,33416,0.74,10727.8,3
2026-05-06 00:55:33,7.8,144.3,24.2,40.05,71.99,3.64,33416,0.74,10735.9,3
2026-05-06 00:55:42,10.1,146.4,24.27,40.04,71.99,3.64,33416,0.74,10744,3
2026-05-06 00:55:50,12.6,137.4,24.27,40.05,71.99,3.64,33416,0.74,10752.1,3
2026-05-06 00:55:58,9.8,143.7,24.03,40.04,71.99,3.64,33416,0.74,10760.2,3
2026-05-06 00:56:06,8.8,138.9,23.91,40.04,71.99,3.64,33416,0.74,10768.3,3
2026-05-06 00:56:15,7.2,151.4,23.93,40.05,71.99,3.64,33416,0.74,10776.3,3
2026-05-06 00:56:23,8.7,144.4,23.9,40.05,71.99,3.64,33416,0.74,10784.4,3
2026-05-06 00:56:31,9.3,139.5,24.09,40.05,71.99,3.64,33416,0.74,10792.5,3
2026-05-06 00:56:39,8.3,134.1,24.04,40.05,71.99,3.64,33416,0.74,10800.6,3
2026-05-06 00:56:48,7.1,141.3,24.04,40.05,71.99,3.64,33416,0.74,10808.6,3
2026-05-06 00:56:56,10.8,154.2,24.34,40.05,71.99,3.64,33416,0.74,10816.6,3
2026-05-06 00:57:04,7.8,131.1,24.54,40.06,71.99,3.64,33416,0.74,10824.6,3
2026-05-06 00:57:12,8.6,134.3,24.5,40.07,71.99,3.64,33416,0.74,10832.7,3
2026-05-06 00:57:21,7.6,145.7,24.39,40.07,71.99,3.64,33416,0.74,10840.8,3
2026-05-06 00:57:29,8.2,156.6,24.21,40.07,71.99,3.64,33416,0.74,10848.8,3
2026-05-06 00:57:37,19.5,145.5,24.2,40.07,71.99,3.64,33416,0.74,10856.9,3
2026-05-06 00:57:45,17.1,136.9,24.07,40.07,71.99,3.64,33416,0.74,10865,3
2026-05-06 00:57:53,7.1,144.1,24.01,40.08,71.99,3.64,33416,0.74,10873.1,3
2026-05-06 00:58:02,8.5,132.3,24.11,40.07,71.99,3.64,33416,0.74,10881.1,3
2026-05-06 00:58:10,7.9,151.2,23.99,40.08,71.99,3.64,33416,0.74,10889.4,3
2026-05-06 00:58:18,7,136.4,23.96,40.07,71.99,3.64,33416,0.74,10897.5,3
2026-05-06 00:58:26,10.5,136.1,24.09,40.07,71.99,3.64,33416,0.74,10905.4,3
2026-05-06 00:58:35,8,150.5,24.15,40.07,71.99,3.64,33416,0.74,10913.2,3
2026-05-06 00:58:43,8.9,152.8,24.1,40.07,71.99,3.64,33416,0.74,10921.3,3
2026-05-06 00:58:51,7.6,149.4,24.15,40.07,71.99,3.64,33416,0.74,10929.3,3
2026-05-06 00:58:59,7.5,156.6,24.05,40.07,71.99,3.64,33416,0.74,10937.5,3
2026-05-06 00:59:08,8,137.6,24.08,40.08,71.99,3.64,33416,0.74,10945.5,3
2026-05-06 00:59:16,9.2,145.1,23.96,40.08,71.99,3.64,33416,0.74,10953.6,3
2026-05-06 00:59:24,8.2,151.3,24.08,40.07,71.99,3.64,33416,0.74,10961.8,3
2026-05-06 00:59:32,7.3,151.4,24.14,40.07,71.99,3.64,33416,0.74,10969.8,5
2026-05-06 00:59:41,9.6,137.5,24.12,40.08,71.99,3.64,33416,0.74,10978,5
2026-05-06 00:59:49,8.8,144.8,24.06,40.07,71.99,3.64,33416,0.74,10986,5
2026-05-06 00:59:57,14.2,159.7,24.03,40.08,71.99,3.64,33416,0.74,10993.8,5
2026-05-06 01:00:05,7.2,143.8,23.82,40.1,71.99,3.64,33416,0.74,11001.9,5
2026-05-06 01:00:13,7.4,133.9,23.86,40.08,71.99,3.64,33416,0.74,11009.9,5
2026-05-06 01:00:22,7.3,128.7,24.02,40.07,71.99,3.64,33416,0.74,11018,5
2026-05-06 01:00:30,9,147.3,24.14,40.07,71.99,3.64,33416,0.74,11026,5
2026-05-06 01:00:38,10.3,155,24.17,40.07,71.99,3.64,33416,0.74,11034.2,5
2026-05-06 01:00:47,12.2,180.1,23.35,39.34,71.99,3.64,,,,
2026-05-06 01:00:55,4.4,185.5,23.43,39.43,71.99,3.64,,,,
2026-05-06 01:01:03,3.5,187.6,23.49,39.48,71.99,3.64,,,,
2026-05-06 01:01:11,2.3,181.3,23.41,39.44,71.99,3.64,,,,
2026-05-06 01:01:19,3.6,183.2,23.5,39.38,71.99,3.64,,,,
2026-05-06 01:01:28,13.7,179.1,23.58,39.37,71.99,3.64,,,,
2026-05-06 01:01:36,4.7,180.6,23.61,39.38,71.99,3.64,,,,
