timestamp,cpu_pct,cpu_perf_pct,mem_used_gb,mem_commit_gb,mem_commit_limit_gb,pagefile_pct,stata_count,stata_pids,stata_ws_gb_total,stata_cpu_sec_total,stata_threads_total,perf_per_core,util_per_core
# logical_cores=22
# header_repeated_below
timestamp,cpu_pct,cpu_perf_pct,mem_used_gb,mem_commit_gb,mem_commit_limit_gb,pagefile_pct,stata_count,stata_pids,stata_ws_gb_total,stata_cpu_sec_total,stata_threads_total,perf_per_core,util_per_core
2026-05-06 07:02:06,21.3,125.6,24.85,41.31,71.99,3.31,0,,,,,109.8|80.7|69.3|72.5|57.5|57.1|56|56.7|55.6|56.2|90.8|158.7|143.6|87.4|102|73.4|88.1|96|101.2|99.1|109.8|109.9,22.6|0|24.2|14.9|0.9|4|0|2.5|30.4|7.1|21.1|10.2|44.3|0|27.3|0|31.9|11.8|25.7|5.6|0|0
2026-05-06 07:02:17,17.3,145,25.56,42.25,71.99,3.31,2,24152|42248,0.393,9.7,19,128.2|143.4|137.4|142.3|148.6|161.3|113.3|120.3|169|180.9|153|112.2|139.9|137|131.9|102.2|123.7|118.8|160.5|108.4|110|109.9,16.8|7.5|10.6|9.1|7.5|7.5|6|0|21.4|13.7|29.1|0|29.1|0|46.1|0|24.5|0|46.1|2.9|0|0
2026-05-06 07:02:28,12.9,144.6,25.61,42.3,71.99,3.31,2,24152|42248,0.507,25.6,18,126.6|101.3|145.4|92.9|96.8|90|115.8|65.5|100.6|133.5|182.1|141|177.2|128.7|139.2|79.5|118.2|96.8|141.9|89.2|110|110.3,28.9|0|8.8|4.2|1.1|5.7|7.3|2.6|13.4|8.8|39.7|0|28.9|0|22.7|0|27.3|1.1|44.4|19.6|0|0
2026-05-06 07:02:38,9.5,155,25.55,42.23,71.99,3.3,2,24152|42248,0.554,41.5,19,164.2|97.5|162.5|164.4|126.3|174.6|74.2|99.2|85.9|127.6|179.5|146.1|159.4|183.8|158.2|77.3|125.6|84.7|189|171.8|110|109.9,26.1|0|29.2|27.6|15.3|15.3|6.1|7.6|1.5|30.7|19.9|0|0|21.5|30.7|0|26.1|0|0|38.4|0|0
2026-05-06 07:02:48,16.8,163.9,25.57,42.28,71.99,3.3,2,24152|42248,0.601,56,19,122.8|91.4|131.7|101.2|74.8|64.9|64.9|182.1|182.7|92.3|191.3|211|214.2|192|147.5|89|122.4|82.2|120.3|177.1|0|0,29.9|0.4|22.2|9.7|14.4|6.6|0.4|1.9|1.9|25.3|37.7|0|0|26.8|47.1|0|45.5|0|0|37.7|0.4|0
2026-05-06 07:02:59,7.5,152.1,25.59,42.4,71.99,3.3,2,24152|42248,0.64,71.2,19,129.7|78.6|142.5|132.8|143|141.7|59.8|55.6|55.6|101.5|164.5|168.1|164|186.5|136.5|131|106.8|95.4|82|114.5|107.9|107.6,36.2|51.8|26.9|26.9|5.1|6.7|0|0|0|19.1|28.5|0|12.9|33.1|34.7|0|16|0|0|37.8|0.5|0
2026-05-06 07:03:09,22.2,162.6,25.63,42.36,71.99,3.3,2,24152|42248,0.688,86.7,16,173.9|164.2|121.1|105.8|71.9|104.4|176.2|113.5|139.7|76.2|180.4|109.7|173.4|67.4|154.6|75.8|135.8|84.8|128|0|110.1|0,30.3|16.4|27.2|5.5|4|2.4|8.6|4|2.4|0.9|33.4|76.8|24.1|2.4|48.9|0|33.4|41.2|25.7|70.6|0.9|0.9
2026-05-06 07:03:20,9.1,138.1,25.68,42.38,71.99,3.3,2,24152|42248,0.731,102.3,11,112.8|88|149.7|178.6|162.6|202|78.7|61.4|62.3|110.2|163|104.6|163.6|136.5|123.8|177.8|114.5|77.9|117.4|68.3|110.1|110.2,44.6|27.7|21.5|10.7|4.6|4.6|29.2|18.4|12.3|16.9|46.1|29.2|49.2|1.5|50.8|0|64.6|4.6|47.7|0|1.5|1.5
2026-05-06 07:03:30,5.4,135.1,25.74,42.47,71.99,3.3,2,24152|42248,0.686,116.7,6,105|76.7|174.9|147.1|118.6|158.8|103.8|56.4|56.5|62.8|182.1|117.1|160.8|94.6|150.4|85.1|147.4|91.4|108.1|80.2|110|110.1,39.6|44.2|42.7|38|48.9|27.2|52|10.2|5.5|11.7|55.1|62.8|50.4|55.1|28.8|4|48.9|0|38|0|0.9|0
2026-05-06 07:03:40,0.9,134.8,25.53,42.15,71.99,3.3,1,24152,0.561,83.4,5,124.9|88.1|134.5|118.6|93.5|91.8|90.8|55.7|55.7|55.9|75|105.4|122.2|111.4|91.4|87|110.5|130|77.8|79.7|109.9|109.9,1.8|50.1|9.6|32.9|31.4|28.3|9.6|3.3|6.4|8|0.2|28.3|29.8|0.2|64.1|17.4|56.3|0.2|22|1.8|0.2|0.2
2026-05-06 07:03:51,19.7,84.7,25.48,42.1,71.99,3.3,1,24152,0.577,93.4,5,81.2|94.6|99.1|66|61.3|59.3|55.5|55.6|55.6|0|76.4|83.7|81.9|82.5|89.6|70.1|77.7|0|64.4|0|0|0,2.3|25.6|2.3|30.2|22.5|17.8|0.8|0|0|0|0.8|11.6|25.6|0|10.1|0|14.7|0|0|0|0|0
2026-05-06 07:04:01,14.3,90.1,25.55,42.17,71.99,3.3,1,24152,0.616,103.6,5,73.7|107.3|87.3|101.8|116.3|87.8|82.4|68.2|66.3|59.7|79.4|77.7|73|66|92.8|90.6|76.5|62.3|60.6|86.4|107.1|107,1.3|15.2|5.9|21.3|16.7|18.2|2.8|0|1.3|1.3|1.3|21.3|24.4|1.3|70.7|1.3|22.9|1.3|12.1|1.3|1.3|1.3
2026-05-06 07:04:12,18.2,84.3,25.53,42.16,71.99,3.3,1,24152,0.618,113.7,5,88.3|82.4|79.2|56.7|82.3|62.8|55.6|55.5|55.5|55.4|75.7|76.5|80.2|80.8|97.6|103|93.7|91.1|78.6|60.2|110.3|110.3,15.1|0|7.4|1.2|13.5|4.3|4.3|0|0|0|24.4|0|22.8|10.5|59.9|0|58.3|0|24.4|0|0|0
2026-05-06 07:04:22,11.1,86,25.53,42.15,71.99,3.3,1,24152,0.621,123.9,4,78.4|84.7|116.8|68.9|109|88|55.5|55.1|55.6|55.6|76.4|77.5|83.7|88.2|91.6|79.8|95.2|201.5|74.6|77.5|110.2|110.1,20.4|1.7|4.8|11|23.5|17.3|9.5|0.1|1.7|1.7|21.9|1.7|23.5|1.7|54.7|1.7|59.4|1.7|3.2|1.7|1.7|1.7
2026-05-06 07:04:32,,88,25.56,42.18,71.99,3.3,1,24152,0.625,134,3,59.4|87.4|115.9|68.8|80.8|62.8|55.5|55.6|55.6|55.5|101.2|81.3|88.3|81.4|77.5|74|93.7|81.3|65.1|83.7|108.5|109.2,0|0|1.1|0|8.8|8.8|1.1|1.1|0|0|27.4|96.9|13.5|50.5|7.3|89.2|38.2|0|24.3|0|0|0
2026-05-06 07:04:43,10.2,92.6,25.54,42.15,71.99,3.3,1,24152,0.625,144.1,3,83.2|71.2|89.8|98.1|110.5|141.7|76.9|55.6|55.6|55.5|83.2|85.2|78.5|81.1|80.5|96.6|93.6|75.6|75.7|78.8|109.9|109.9,28.3|0.3|3.4|11.2|1.9|19|1.9|0.3|0.3|0.3|12.8|20.6|0.3|14.3|25.2|50.1|45.5|0.3|48.6|0.3|0.3|0.3
2026-05-06 07:04:53,14.9,84.9,25.56,42.18,71.99,3.3,1,24152,0.626,154.3,3,74.4|81.7|88.1|92.5|70|121.5|55.4|55.2|54.7|55.3|75.9|79.3|65.9|78.2|89.8|93.6|85|87|74.6|74.6|109.3|109.4,22.2|36.2|16|17.5|3.5|23.7|1.9|0.4|0.4|0.4|9.7|0.4|0.4|17.5|0.4|45.5|50.2|0.4|65.8|0.4|0.4|0.4
2026-05-06 07:05:04,13.8,87.4,25.58,42.21,71.99,3.3,1,24152,0.633,164.5,3,69.9|73.4|81.1|69|110.4|95.4|54.9|55.6|55.6|55.5|95.6|69.8|82.5|114.2|60.4|88.5|105|89.1|79.5|95.1|109.9|110.1,11.1|0|3.3|9.5|0.1|11.1|0.1|0.1|0.1|1.7|14.2|0|1.7|9.5|1.7|53.2|71.9|1.7|42.3|1.7|1.7|1.7
2026-05-06 07:05:14,16.7,132.5,25.81,42.53,71.99,3.3,2,24152|46664,0.765,177,13,124.7|90.5|142.4|132.7|145.9|137.1|136.6|150.5|108.3|193.2|212.5|77.8|154.3|89.6|134.4|209|121.1|205.1|109.6|0|109.3|0,42.8|0|25.8|21.2|5.7|4.2|33.5|5.7|4.2|2.6|22.7|0|30.5|0|24.3|0|52.1|5.7|32|0|0|0
2026-05-06 07:05:24,11.1,149.1,25.78,42.48,71.99,3.3,2,24152|46664,0.799,193.3,13,148.5|131.1|105.3|102.6|84.8|68.7|169.1|152.1|173.7|116.1|168.4|183.9|152.9|159|117|65.8|154.4|147.6|138.9|192.9|93.9|90.6,29|15.1|19.8|5.9|5.9|0|50.6|7.4|7.4|1.3|7.4|1.3|2.8|1.3|18.2|0|56.8|0|53.7|0|0|0
2026-05-06 07:05:35,20.7,145.5,25.87,42.55,71.99,3.3,2,24152|46664,0.834,209.4,12,107.6|100.9|119.7|73.6|68.6|73.4|129.4|170.4|117.6|117.6|155|72.5|191.1|114.6|109.7|75.1|158.9|100.4|172.1|88.9|109.9|0,39.9|27.5|35.2|24.5|12.1|5.9|38.3|15.2|4.4|2.9|5.9|32.2|10.6|0|29.1|1.3|46|0|70.7|0|0|0
2026-05-06 07:05:45,16,138.6,25.89,42.59,71.99,3.3,2,24152|46664,0.871,225.2,13,132.8|71.6|132.1|98.2|86.9|120.6|179.6|136.7|87.3|116.9|139.6|180.3|172|115.9|107.6|68|89.4|144.3|135.8|85.9|109.9|109.5,36.6|4.2|39.7|22.7|10.3|1.1|1.1|39.7|21.2|4.2|1.1|35.1|50.5|1.1|44.4|1.1|1.1|50.5|50.5|1.1|1.1|1.1
2026-05-06 07:05:56,16.4,137.2,25.85,42.56,71.99,3.3,2,24152|46664,0.858,240.5,12,84.9|82.4|66.6|85.7|74.8|129.6|84.4|117|90.9|120.6|110.3|151.1|174.2|122.9|93.3|104.8|87.1|121.4|108.5|75.1|110.5|109.5,25.8|0|5.7|0|0|1|4.1|24.2|14.9|10.3|0|27.3|30.4|0|25.8|1|0|35.1|39.7|0|0|0
2026-05-06 07:06:06,5.1,139.4,25.89,42.6,71.99,3.3,2,24152|46664,0.865,256.8,13,90.3|78.6|59.7|82.6|56.2|57.6|55.6|141.8|62.2|55.5|162.7|177.1|181.7|109.9|83.1|81.2|178.9|157.9|140.5|67.2|110.2|110.4,23.7|0|36.1|22.1|14.3|9.7|0|23.7|8.1|8.1|0|36.1|34.6|0|17.4|0|0|65.7|51.7|0.3|0.3|0.3
2026-05-06 07:06:16,11.5,143.5,25.89,42.6,71.99,3.3,2,24152|46664,0.871,272.2,9,130.5|88.3|127.2|158.1|163.8|184.4|148.3|163.5|149.2|167|161|103.8|162.9|98|140.6|109.1|123.1|130.5|127.5|155.4|110|110,37.6|0|12.6|6.3|3.2|1.7|1.7|0.1|28.2|1.7|36|0|34.4|42.2|25.1|1.7|28.2|15.7|9.5|1.7|0|1.7
2026-05-06 07:06:27,20.8,141.7,25.83,42.55,71.99,3.3,2,24152|46664,0.884,288,9,84|87.9|123.5|130|109.5|150.1|73.5|124.1|79.5|118.7|116.2|84.5|173.7|89.7|131.6|78.4|111|89.4|144.9|208.3|109.7|110,19.3|25.5|17.8|3.8|2.3|0|3.8|2.3|14.7|3.8|16.2|0.7|38|0|25.5|0|25.5|0|47.3|20.9|0|0.7
2026-05-06 07:06:37,21.3,145.6,25.85,42.56,71.99,3.3,2,24152|46664,0.885,304,9,101.7|82|154.3|136.1|111.8|70.7|142.4|80.6|131|151.4|131.8|79.2|183.2|149|133.6|0|122|115.2|149.5|138.4|110|0,21.5|4.5|9.2|0|4.5|0|4.5|1.5|0|26.1|12.2|0|16.9|18.4|43|0|29.2|0|18.4|60|0|0
2026-05-06 07:06:48,11.4,103,25.75,42.36,71.99,3.3,1,24152,0.693,264.4,3,89.1|80.5|91.2|100.8|93.6|106.5|59.2|55.6|55.7|55.6|77.1|70.6|56|83.6|89|82.4|76.5|87.4|167.9|93.2|110.7|111,31.9|31.9|13.3|22.6|22.6|8.7|2.5|0.9|0.9|16.4|21.1|0|0.9|19.5|33.5|0.9|10.2|0.9|0|59.8|0.9|0.9
2026-05-06 07:06:58,19.3,87.3,25.73,42.35,71.99,3.3,1,24152,0.699,274.6,3,87.2|80.9|105.8|90.1|78.3|97.1|56.2|60.9|58.8|64.4|75.4|75.4|71|78.6|72.8|81.2|68.4|86.9|85.2|91.5|109.5|110.4,20|0|40|43|36.9|12.3|1.5|0|0|20|35.3|0|3|36.9|38.4|0|20|0|0|38.4|0|0
2026-05-06 07:07:08,11.7,101.3,25.67,42.27,71.99,3.3,1,24152,0.704,284.9,3,96.3|73.5|88.1|87.5|130.1|67|54.9|54.4|51.2|50|87.6|75.8|87.5|83.4|74|87|102.5|78.8|61.8|87.9|100.2|100.2,41.4|0|19.8|13.7|16.7|2.9|0|2.9|0|2.9|9|0|24.4|0|61.5|0|19.8|0|13.7|1.3|1.3|1.3
2026-05-06 07:07:19,21.3,100.3,25.63,42.26,71.99,3.3,1,24152,0.709,295.1,5,88.5|76.7|116.3|116.5|116.7|173.2|55.6|57.2|57.1|59.8|86.3|89.3|87.4|85.8|97.3|67.1|92.1|62.1|65.3|71.5|106.6|106.5,28.2|68.8|32.9|37.6|17.3|12.6|3.2|3.2|1.7|1.7|11|7.9|25.1|1.7|46.9|1.7|43.8|1.7|20.4|1.7|1.7|1.7
2026-05-06 07:07:29,14.6,78.2,25.58,42.2,71.99,3.3,1,24152,0.686,305.1,5,75.2|108.3|80.5|72|81.5|109.3|55.4|55.5|55.5|55.4|78.6|121.1|73.2|72.6|71.4|73|67.4|69.3|67.1|53.3|110.3|110.2,38.4|0|19.9|21.4|10.7|13.7|0|0|0|0|27.6|0|24.5|86.1|49.2|100|32.2|0|60|0|0|0
2026-05-06 07:07:40,1.8,136.1,25.61,42.23,71.99,3.3,1,24152,0.686,315.2,5,96.1|86.9|117.5|110.2|131.8|101.8|55.9|55.5|55.6|55.6|120.1|98.5|89.9|92|85.5|68.3|75.8|67.9|65.7|68.8|109.9|110.1,6|53.8|1.3|16.8|15.2|6|0|0|0|0|0|18.3|24.5|93.8|39.9|0|0|1.3|7.5|1.3|0|0
2026-05-06 07:07:50,10.6,77.3,25.6,42.21,71.99,3.3,1,24152,0.686,325.3,5,83.3|75.5|96.7|61.6|69.5|68.9|55.5|55.5|55.6|55|58|69.8|72.5|87.3|81.6|87.6|59.7|87.6|61.8|26.6|109.8|110.4,0|20.6|3.5|25.3|19.1|6.6|0.4|0.4|0.4|0.4|0|17.5|11.3|0.4|36.2|0.4|20.6|0.4|3.5|0.4|0.4|0.4
2026-05-06 07:08:00,20.4,78.4,25.58,42.19,71.99,3.3,1,24152,0.686,335.5,5,74.8|84.6|74.2|68.4|59.5|62.7|55.6|55.8|55.7|0|86.2|73.6|76.2|76.9|82|0|70.9|0|75|0|0|0,0|33.8|4.5|23|9.1|10.7|0|0|0|0|0|23|18.4|0|70.7|0|19.9|0|4.5|0|0|0
2026-05-06 07:08:11,20.7,75.3,25.58,42.19,71.99,3.3,1,24152,0.687,345.4,5,51.5|83.2|105.9|57.9|66.2|68.4|67.7|55.5|55.6|55.7|69.6|84.8|74.6|88|77.4|74.3|77.3|52.8|62.8|86.7|110.4|110.6,11.2|0.3|3.4|0.3|23.6|20.5|6.5|0.3|0.3|0|14.3|0|22.1|0|62.6|0|47|0|31.4|0|0|0
2026-05-06 07:08:21,19.3,102.2,25.58,42.21,71.99,3.3,1,24152,0.687,355.6,6,75.4|87.4|77.3|106.2|90.4|89.7|60.7|54.9|55.5|55.6|74.9|87|76.4|87.7|74.4|81.4|58.9|85.4|53.4|32.4|110.5|110.1,0|1.6|1.6|7.8|27.8|13.9|0.1|0|0.1|0.1|12.4|1.6|18.5|1.6|63.1|61.6|50.8|1.6|30.8|1.6|1.6|1.6
2026-05-06 07:08:31,7.3,85.2,25.58,42.19,71.99,3.3,1,24152,0.688,365.8,6,68.7|88.8|91.4|100.6|100|80|63.9|56|56.5|59|74.8|85.6|81.1|86.6|75.3|80.7|79.6|27|77.1|89.3|109.6|111.2,7.3|1.1|5.7|4.2|10.3|18.1|0|1.1|1.1|1.1|10.3|59.8|24.3|52.1|28.9|69.1|33.5|76.8|0|1.1|1.1|1.1
2026-05-06 07:08:42,1.2,86.6,25.58,42.2,71.99,3.3,1,24152,0.688,376,6,69.2|81.5|102.7|74.8|69.3|118.2|75.7|78.9|55.5|54.9|88.9|80.4|79|80.3|78.4|92.6|73.6|74.1|65.4|37.2|110|109.7,17.5|0.4|6.6|6.6|3.5|20.6|0|0|0|0|28.4|12.8|25.3|12.8|25.3|54.9|12.8|0|51.8|0|0|0
2026-05-06 07:08:52,,79.8,25.65,42.27,71.99,3.3,1,24152,0.689,386,6,67.2|80.8|70.7|61|57.1|72.3|55.6|55.6|55.7|55.9|75.2|94.4|62.6|78.4|66.2|83.6|74.6|96.1|57.3|86.6|110.1|110,29.8|0.1|14.2|14.2|6.4|26.6|0.1|1.7|1.7|1.7|11|0|1.7|7.9|15.7|45.4|53.2|3.2|26.6|1.7|1.7|1.7
2026-05-06 07:09:03,7.5,73.4,25.61,42.23,71.99,3.3,1,24152,0.689,396.3,6,75.4|76.4|100.4|72.3|60.5|97|55.5|55.6|55.4|55.5|74.7|82.1|79.7|79.4|70.4|71.6|50.3|87.6|47.4|82.7|110.1|110,1.4|1.4|0|2.9|2.9|9.1|1.4|0|0|0|7.5|0|36.8|12.2|64.6|27.6|29.1|50.7|32.2|93.8|1.4|1.4
2026-05-06 07:09:13,,68.7,25.62,42.24,71.99,3.3,1,24152,0.689,406.4,6,65.3|87.4|92.5|73|92.2|61.1|54.3|54.1|55.5|55.6|79.2|80.8|76|77.6|44.4|87.4|69.9|80.5|51.7|61.4|106.5|106.5,12.9|2|12.9|16|6.7|3.6|0.5|0.5|0.5|0.5|20.7|67.3|9.8|81.3|2|0.5|36.2|100|26.9|0.5|0.5|0.5
2026-05-06 07:09:23,23,74.4,25.58,42.21,71.99,3.3,1,24152,0.689,416.4,6,65|68.5|71.8|64.9|61.3|64.3|72.1|60.2|60.4|62.3|77.6|81|75.8|83.5|56.6|79.3|77.1|68|72.9|71.9|109.9|110.1,22.2|1.9|11.3|14.4|5|3.5|8.1|1.9|0.4|1.9|19|1.9|15.9|1.9|5|1.9|65.7|1.9|53.3|1.9|1.9|1.9
2026-05-06 07:09:34,10.5,75.9,25.59,42.22,71.99,3.3,1,24152,0.69,426.5,6,75.9|91|81.8|78.4|63.8|81.8|55.5|55.6|55.5|55.6|72.6|76.4|77.4|80.6|49.9|0|81.1|0|72.8|0|0|0,36.7|0|27.4|19.7|5.8|5.8|10.4|2.7|5.8|0|33.6|0|42.8|0|19.7|0|67.6|0|61.4|0|0|0
2026-05-06 07:09:44,19.1,74.1,25.76,42.22,71.99,3.3,1,24152,0.69,436.6,6,73|87.1|96.6|73.9|65.6|66.8|55|55.3|55.5|55.7|87.6|77.9|80.8|83.4|57.6|88|92.3|77.9|75|48.4|110|109.7,11.2|0.3|19|14.4|14.4|5|0.3|1.9|1.9|1.9|0|14.4|29.9|0.3|29.9|0.3|0|68.9|70.4|0.3|0.3|0.3
2026-05-06 07:09:55,10.7,82.5,25.74,42.26,71.99,3.3,1,24152,0.69,446.7,6,78.6|64.8|120.9|114.9|102.1|110.9|55.6|75.8|72.4|74.5|88.1|73.6|70.3|88.4|59|72.9|71.2|77.4|77.9|82.5|0|0,24.3|0|32.1|24.3|12|5.8|2.7|2.7|4.3|1.2|0|18.2|22.8|0|27.4|2.7|1.2|55.2|75.3|0|0|0
2026-05-06 07:10:05,9.2,86.7,25.71,42.25,71.99,3.3,1,24152,0.691,456.8,3,75.1|86.8|81.9|95.1|64.1|76.4|55.7|55.6|55.8|55.6|104.5|73.2|79.7|124|63.3|82|94.2|81.2|84.7|121.2|109.8|109.9,2.3|0|16.3|19.4|7|5.4|0|0|0|0|0|14.7|19.4|0|11.6|0|0|62.8|72.1|0|0|0
2026-05-06 07:10:15,9.9,84.3,25.66,42.23,71.99,3.3,1,24152,0.691,466.7,3,98|69.2|66.2|65.3|65.9|69.3|55.5|55.5|55.4|55.5|73.8|60.4|85.8|79.9|79.9|87.2|55.7|87.8|96.3|84.1|110.1|109.4,39.3|0|25.4|20.7|8.2|3.6|0.5|0.5|6.7|0|16|0.5|19.1|76.7|47.1|0.5|30|0.5|44|0|0.5|0.5
2026-05-06 07:10:26,15,93.9,25.67,42.27,71.99,3.3,1,24152,0.691,476.6,3,76.4|76|91.2|90.5|71.1|64|55.6|55.6|74.7|55.6|93|83.4|105.1|66.6|93.7|87.2|68.1|61.1|102.3|95.4|109.8|110.5,2.9|0|10.6|16.8|2.9|2.9|1.3|1.3|7.5|1.3|21.4|0|30.6|0|44.5|1.3|19.8|1.3|76.9|0|1.3|1.3
2026-05-06 07:10:36,29.4,94.1,25.66,42.27,71.99,3.3,1,24152,0.691,486.8,3,107.9|83.9|100.2|71.9|69.8|67.9|86.8|81.9|72.8|98.3|95.9|80.3|121.6|77.6|87.4|85.7|76.7|94.7|98.6|97.3|109.7|109.8,40.8|0.3|17.5|31.5|9.7|0.3|0.3|0.3|8.1|0.3|20.6|0|20.6|0|40.8|0.3|15.9|0.3|70.4|0.3|0.3|0.3
2026-05-06 07:10:46,17.5,95.7,25.81,42.48,71.99,3.3,1,24152,0.753,496.8,3,100.6|78.9|73.9|63.5|59.8|61.6|55.3|54.7|54.7|76.4|99.3|81.7|88.1|98.8|84.7|81.6|73.1|87.4|157.2|105|101.9|101.6,75.3|1.2|22.8|24.3|13.5|8.9|2.7|1.2|2.7|25.9|27.4|0|16.6|47.5|39.8|2.7|18.1|0|1.2|66|2.7|2.7
2026-05-06 07:10:57,19.2,94.1,25.76,42.41,71.99,3.3,1,24152,0.753,507,3,74.2|81.1|119.6|112.4|63.7|128.9|83.6|81.2|72.1|80.2|79.4|72.6|79.7|94.5|74.9|67.4|68.4|92.2|133.3|77.1|110.1|110,45.5|23.7|47|33|29.9|26.8|1.9|6.6|1.9|42.4|45.5|0|0|62.6|50.2|0.3|53.3|0|6.6|43.9|0|0
2026-05-06 07:11:07,13.5,88.2,25.73,42.38,71.99,3.3,1,24152,0.753,517.2,3,79.8|78.6|80.5|94.7|87.2|76.1|58.8|65.1|64.4|75.3|98.3|62.5|107.1|99.1|75.4|99|68.3|53.1|36.3|73.6|105.3|106,58.2|0|30.4|38.1|24.2|11.8|10.3|0|0|0|18|0|22.7|0|61.3|0|49|0|1|0|0|0
2026-05-06 07:11:18,13,86.7,26.57,43.31,71.99,3.27,1,24152,0.752,526.2,6,147.7|146.1|150|169.8|170.3|173.9|109.7|133.8|128.1|134.7|198.3|182.4|194.5|182.1|134.6|164.5|136.4|153.7|121.3|138.8|110|107.2,1.4|1.2|1.1|1.2|1.1|1|1.6|1|1.2|1.2|1.3|2.7|2.6|1.3|1.2|0.6|1.1|0.7|0.9|0.7|0|0
2026-05-06 07:14:28,38.3,169.1,26.83,43.3,71.99,3.26,1,24152,0.752,536.4,6,122.8|140.1|145.3|147.1|147.8|141.5|155.2|156|162.1|160.7|182.9|148.6|195|160.5|124.4|116.2|119.8|111.1|111.4|96.9|109.9|102.5,55.4|0.1|30.9|15.5|6.3|15.5|23.2|21.6|63.1|40.1|33.9|4.7|30.9|4.7|55.4|1.7|47.8|4.7|57|4.7|1.7|1.7
2026-05-06 07:14:38,17.1,114.6,26.63,43.04,71.99,3.26,1,24152,0.752,546.7,6,70.4|74.7|52.2|51.5|55.6|55.7|71.2|70.9|62.8|117.6|94.5|87.4|79.5|81.2|51.3|81.2|46.8|82.4|53|58.7|110.9|110.7,24.1|0|5.5|2.4|0|0|16.3|14.8|0.8|34.9|30.3|0.8|0|34.9|30.3|0|10.1|0.8|0|39.6|0.8|0.8
2026-05-06 07:14:49,8.3,79.1,26.58,43,71.99,3.26,1,24152,0.752,556.7,6,76.4|79.5|66.1|60.5|55.4|55.3|83.1|69.5|88.8|136.7|79|81.7|81.2|88.9|55.8|87.5|76.1|88.2|54.4|65.1|109.7|109.8,30.2|38|3.9|2.3|0.8|0|16.3|11.6|2.3|31.8|28.7|34.9|45.7|38|13.2|0|8.5|0|45.7|47.3|0|0
2026-05-06 07:14:59,16.2,91.1,26.33,42.94,71.99,3.29,1,24152,0.752,567.1,6,97|138.2|82|57.3|56.5|55.6|106.1|136|148.2|137.2|138.9|192.9|77.8|98.5|98.2|154.8|85.4|75.5|103.1|84.4|103.8|103.5,20.6|1.9|11.2|9.7|0.3|1.9|9.7|3.4|0|19|20.6|1.9|0|40.8|6.6|1.9|8.1|1.9|0|70.4|0.3|0.3
2026-05-06 07:15:10,26.5,147.9,26.35,42.96,71.99,3.29,1,24152,0.752,577.3,7,103.6|84|128.1|138.8|92.1|169.9|173.8|128.7|139.7|167.9|157.9|115.9|175.1|92.8|103.6|94.2|104.6|111.3|104.1|131.1|110.1|109.9,50.4|14.7|33.3|16.2|6.9|8.5|59.7|25.5|34.9|22.4|33.3|19.3|34.9|0|48.8|0.7|59.7|0|48.8|0|0|0
2026-05-06 07:15:20,13.1,131,26.33,42.94,71.99,3.29,1,24152,0.752,587.6,7,129.8|124.5|155.1|149.6|152.8|149.2|155.7|150.9|157.7|160.3|193.1|203.4|197.1|171.2|128.6|134.6|127.9|165.7|126.1|112|110.4|109.8,42.6|3.8|61.2|48.8|38|42.6|79.8|22.4|22.4|11.6|67.4|0.7|70.5|0.7|55|2.3|47.3|0.7|44.2|0.7|0.7|0.7
2026-05-06 07:15:31,12,91.2,26.43,43.03,71.99,3.29,1,24152,0.752,597.9,7,78.6|76.8|126.5|69.1|52.5|55.6|68.9|60|61.5|56.4|86.5|78.9|81.1|76.8|77.6|50|70.9|83.7|56|74.1|110|110.1,10.4|19.6|18.1|2.6|2.6|1.1|13.5|4.2|2.6|2.6|28.9|1.1|10.4|1.1|58.3|1.1|10.4|1.1|53.6|1.1|1.1|1.1
2026-05-06 07:15:41,17.6,143.3,26.39,42.97,71.99,3.29,1,24152,0.752,608.1,7,102.4|119.7|150.2|123.8|134.4|126.2|162.1|154.5|140.2|162.7|125.8|180.6|178.1|161.1|109.4|92.1|109.4|180.8|109.7|89|110|110,0|32.3|0|41.5|38.5|20|66.2|18.5|7.7|9.2|1.5|44.6|50.8|0|35.4|0|35.4|1.5|36.9|0|0|0
2026-05-06 07:15:52,1.8,81,26.29,42.85,71.99,3.29,1,24152,0.752,618.1,7,70.1|72|55.5|64.2|55.5|55.6|128.4|89.7|112.5|118.7|80.2|77.4|80.4|74.2|60.2|80.4|54.7|72.3|78.3|86.6|108.8|108.5,1.5|38.4|0|0|0|0|32.3|10.7|3|3|24.6|10.7|24.6|0|30.7|0|38.4|0|0|0|0|0
2026-05-06 07:16:02,12.4,126.4,26.24,42.78,71.99,3.29,1,24152,0.752,628.4,7,83.3|77.3|106.8|124.8|131.9|128.8|85.7|88.6|93.6|104.7|82|86.3|99|79.6|80.7|77.2|71.5|67|61.5|57.9|109.8|109.8,0|47.7|4.6|21.6|20|13.9|10.8|1.6|1.6|1.6|1.6|23.1|6.2|27.7|43.1|1.6|36.9|1.6|20|1.6|1.6|1.6
2026-05-06 07:16:12,,73.6,26.17,42.72,71.99,3.29,1,24152,0.752,638.5,7,54.3|84.5|90.8|65.1|126.2|125.8|56.2|55.6|55.6|55.5|99.5|81.9|94.4|80.4|64.2|76.1|76.1|72.6|61.3|85.6|104.2|104.4,13.6|1.2|0|1.2|16.7|15.1|0|0|1.2|1.2|21.3|76.8|16.7|29|50.6|25.9|5.9|0|2.8|1.2|1.2|1.2
2026-05-06 07:16:23,8,74.8,26.13,42.67,71.99,3.29,1,24152,0.753,648.7,7,77.5|82.3|113.5|85.2|101.8|121.3|54.9|55.5|55.6|55.6|74|92.6|82.2|113.7|69.7|73.2|52.1|76.4|42.8|62.1|0|0,9.4|1.6|0|1.6|9.4|17.2|1.6|1.6|3.2|1.6|15.7|1.6|15.7|1.6|53.1|0|1.6|1.6|29.7|1.6|1.6|1.6
2026-05-06 07:16:33,17.5,85.4,26.08,42.61,71.99,3.29,1,24152,0.753,658.9,7,63.5|87.5|132.2|73.9|113.2|122.2|55.5|55.6|55.6|55.6|78.5|100.6|77.1|66.8|69.9|76.9|69.1|73.8|58.7|32.3|109.5|109.5,0|1.5|3.1|1.5|30.8|24.6|1.5|27.7|1.5|1.5|26.1|3.1|23.1|1.5|33.8|0|33.8|1.5|13.8|3.1|1.5|1.5
2026-05-06 07:16:44,19.1,84.9,26.07,42.6,71.99,3.29,1,24152,0.752,668.9,3,78.2|80|109.9|119.2|100.9|129|55.6|55.5|55.6|55|75.6|88.7|85.5|82.5|69.4|87.2|82.7|61.7|70.7|88.5|110.4|110.1,20.9|0.7|2.3|5.4|2.3|13.1|2.3|0.7|0.7|0|19.3|0|0|16.2|0|70.5|67.4|0|13.1|0|0|0
2026-05-06 07:16:54,7.8,161.3,26.23,42.75,71.99,3.29,1,24152,0.752,678.9,3,81.4|79|138.7|77.9|162.3|119.5|147.5|110.4|114.8|131.8|130.6|77.9|91.1|121.3|84.7|73.4|72.5|66.4|70.2|52.2|109.9|110.1,5.1|0.4|6.6|2|0.4|14.4|0.4|0.4|0.4|0.4|11.3|3.5|9.7|12.9|0|64.2|53.3|9.7|26.9|0.4|0.4|0.4
2026-05-06 07:17:04,13,86.9,26.18,42.67,71.99,3.29,1,24152,0.753,688.9,3,94.6|97.5|74.7|67.7|69.6|125.5|78.6|55.6|55.6|55.5|153.3|82.8|109.3|154.9|119.6|102|99.8|71.7|88.3|54.1|110|109.9,27.3|1|22.7|5.7|4.1|50.5|5.7|7.2|7.2|1|55.1|1|1|49|1|58.2|59.8|2.6|66|4.1|1|1
2026-05-06 07:17:15,18.4,105.2,26.27,42.76,71.99,3.29,1,24152,0.753,699,3,74.3|144.6|71.1|55.5|56.8|60|144.3|107.4|74.5|67.2|80.2|80.8|83.6|89|79.7|76.3|86.5|94.5|86.9|59.7|104.3|104.4,40.8|1.8|12.7|6.5|1.8|3.4|37.7|28.3|11.2|19|15.8|15.8|12.7|0.3|34.5|17.4|29.9|0.3|31.4|0.3|0.3|0.3
2026-05-06 07:17:25,44.8,172.1,27.07,44.06,71.99,3.28,1,24152,0.753,708.7,3,99.1|169.1|111.7|120.5|136.4|168|146.9|132.3|178.1|178.9|127.4|191.3|100.8|172.1|107.1|170.6|82.5|154.7|95.3|153.5|106.1|106.1,45.7|20.9|24|31.8|25.6|22.5|30.2|30.2|39.5|39.5|45.7|20.9|39.5|25.6|25.6|22.5|36.4|22.5|42.6|22.5|0.8|0.8
2026-05-06 07:17:36,,129.1,26.95,43.89,71.99,3.28,1,24152,0.753,718.7,3,71.6|143.1|92.4|78.3|94.8|87.2|151.3|95.2|114.7|127.5|176.5|87.2|190.4|194.6|72.5|68.8|82|68.4|77.6|85.1|110.1|110.1,36|67.2|9.4|0|0|0|26.6|4.7|4.7|7.8|46.9|0|48.5|0|17.2|0|53.1|15.7|51.6|0|0|0
2026-05-06 07:17:46,13.6,99.5,26.84,44.59,71.99,3.28,1,24152,0.753,728.6,3,74.7|98.1|119.4|67.7|55.6|55.6|101.7|126.6|131.2|96.3|93.2|134.6|153.9|138.2|56.4|77.1|99.5|88.1|78.3|145.2|110.1|110,26.1|1.5|3|0|0|0|7.6|24.6|23|10.7|0|58.4|41.5|0|38.4|0|0|78.4|55.3|0|0|0
2026-05-06 07:17:56,13.3,88.4,26.87,45.16,71.99,3.28,1,24152,0.753,738.7,3,74.4|66.4|99.5|74.8|55.6|57.5|72.5|122.1|123.1|176.3|71.5|126.2|141.2|0|71.5|0|0|74|78.1|0|0|0,75|0|14.1|4.7|0|0|1.6|28.1|18.8|10.9|0|35.9|53.1|1.6|10.9|1.6|1.6|29.7|76.6|1.6|1.6|1.6
2026-05-06 07:18:07,16,85,26.64,43.41,71.99,3.28,1,24152,0.753,748.8,3,73.1|87.6|64|57.8|55.7|55.4|59.7|88.5|61.5|62.4|65.6|103.3|104.4|60.4|81.9|0|69.6|90.9|86.1|31.4|0|0,9.8|3.6|2|0.5|0.5|0.5|3.6|8.3|17.6|8.3|0|40.9|22.2|0|14.5|5.1|0|9.8|19.1|0|0|0
2026-05-06 07:18:17,7.6,99.5,26.57,43.4,71.99,3.28,1,24152,0.753,758.9,3,86.5|105.6|66.3|71.3|24.8|0|65.3|65.5|91.7|88|80|0|81.4|0|76.7|0|49.5|0|91.3|86.1|0|0,29.9|43.9|1.8|1.8|0.3|0|0.3|0.3|11.2|1.8|19|0|12.7|11.2|33|0|11.2|0|67.3|0|0|0
2026-05-06 07:18:27,4.8,78.2,26.59,43.44,71.99,3.28,1,24152,0.753,768.9,3,98|86.1|72.2|76.3|55.9|56.1|121.2|90.8|120.2|131.9|135.9|111.9|116.2|87.8|98|85.7|88|95.9|93.3|67.6|109.9|109.8,55.1|7|5.5|0.8|0.8|0.8|8.6|2.4|21|10.1|13.2|0.8|16.3|0.8|50.4|0.8|24.1|0.8|70.6|0.8|0.8|0.8
2026-05-06 07:18:38,,79.7,26.53,43.38,71.99,3.28,1,24152,0.753,779,3,94.6|75.6|55.5|55.6|55.6|55.7|58.5|60.8|55.6|65.5|75.4|78.2|76.8|82.9|61.8|85.8|60.7|87.5|101.5|81.6|110.1|110.2,44.5|27.5|0|0|0|0|2.9|1.3|1.3|10.6|18.3|49.1|1.3|18.3|22.9|0|13.7|0|0|66.1|0|0
2026-05-06 07:18:48,11.8,74.3,26.53,43.37,71.99,3.28,1,24152,0.753,789.1,3,77.1|100.5|55.6|55.6|55.6|55.5|59.9|67.7|56.4|89.2|81.4|92.7|77.9|80.2|64.7|66|44.5|79.5|60.5|73.1|109.2|109.4,53.2|28.3|0.2|0.2|0.2|0.2|3.3|1.8|1.8|9.6|26.7|0.2|22|31.4|42.3|0.2|15.8|0.2|0.2|89.1|0.2|0.2
2026-05-06 07:18:59,13.1,89.7,26.58,43.43,71.99,3.28,1,24152,0.753,799.2,3,94.5|85.8|142.1|166.6|168.2|154.4|125.2|102|69.4|142.6|113.6|140.6|124.4|113.9|85|96.7|87.1|79.8|95.2|87.2|110|110.2,10.7|76.9|0|1.5|1.5|1.5|6.1|4.6|1.5|13.8|21.5|58.4|75.4|16.9|27.6|0|3|0|75.4|67.7|0|0
2026-05-06 07:19:09,15.5,75,26.6,43.44,71.99,3.28,1,24152,0.753,809.2,3,83.8|73.7|55.5|55.6|55.6|0|79.5|58.7|58.5|55.8|75.8|0|81.9|84.3|81|0|70.9|0|47.7|0|0|0,61.4|0|0|1.1|1.1|0|21.2|8.8|2.6|4.2|32|0|32|0|86.1|0|21.2|0|27.4|0|0|0
2026-05-06 07:19:19,14.6,102.3,26.74,43.57,71.99,3.28,1,24152,0.753,819.3,4,90.1|76.2|75|55.3|55.5|55.2|107.3|67.2|73.2|62.8|89.4|91.4|84.4|83.2|80.4|0|82.5|0|68.3|0|0|0,45.9|22.7|11.8|1|1|0|13.4|2.6|4.1|0|19.6|0|7.2|0|30.4|1|16.5|1|7.2|1|1|1
2026-05-06 07:19:30,15,90.2,26.67,43.47,71.99,3.28,1,24152,0.753,829.5,4,75.7|75.9|60.8|59|60.8|55.5|68.4|59.6|95.4|55.4|93.6|87|90.9|0|70.6|58.8|63.9|0|49.1|0|0|0,27.2|0|8.7|2.5|0|0.9|14.9|7.1|2.5|7.1|16.4|0|17.9|0.9|19.5|0|21|0.9|16.4|0.9|0.9|0.9
2026-05-06 07:19:40,6.1,68.1,26.64,43.42,71.99,3.28,1,24152,0.753,839.5,4,68.7|81.4|55.5|55.5|55.5|55.6|124.2|87.9|64.1|86.2|77.7|81.8|79|81.3|67.7|76.5|75.9|74.1|36.9|87.2|105.9|105.3,0|47.6|0|0|0|0|13.7|6|0|1.4|0|16.8|33.7|2.9|4.4|0|6|0|12.1|0|0|0
2026-05-06 07:19:51,4.6,69.4,26.62,43.4,71.99,3.28,1,24152,0.753,849.5,4,67.3|67.8|55.5|71.3|55.4|55.4|66.3|98.5|76.5|82.5|75.8|86.1|69.1|68.6|66.9|65.4|55.5|80.3|48.4|62.9|108.7|108.7,0|36.8|1.4|4.4|2.9|2.9|12.1|9.1|1.4|4.4|24.5|22.9|12.1|38.3|33.7|0|13.7|0|6|0|0|0
2026-05-06 07:20:01,17.8,72.3,26.66,43.43,71.99,3.28,1,24152,0.753,859.4,4,71.2|80.2|55.1|55.4|55.1|55.6|57.8|56.4|56.4|55.9|81.8|83.6|84.2|77.9|61.5|87.6|43.3|82.9|35.6|87.5|109.9|109.3,0|32|0|1.1|0|0|4.2|2.7|0|2.7|32|13.5|13.5|66|44.4|0|12|0|4.2|0|0|0
2026-05-06 07:20:11,1.5,65,26.63,43.42,71.99,3.28,1,24152,0.753,869.5,4,67.3|66.5|54.5|54.7|54|54|56|57|57.5|56|82.1|75.1|79.1|68.4|67.8|71.8|48.1|61.8|56.2|61.4|110|109.9,0|1.2|1.2|1.2|1.2|1.2|5.8|4.3|1.2|2.7|13.5|1.2|24.3|1.2|33.6|36.7|30.5|1.2|30.5|1.2|1.2|1.2
2026-05-06 07:20:22,18.1,97.9,26.33,43.39,71.99,3.31,1,24152,0.753,879.7,4,66.7|79.7|76|77.7|105.4|56.7|73.2|59.7|64.1|57.2|82.4|78.2|79.5|95.6|74.5|68.5|74.6|96.6|62.1|85.4|109.8|110.2,7.8|0|0|0|0|0|17.2|7.8|1.6|0|18.8|0|23.5|90.6|31.3|0|31.3|0|4.7|0|0|0
2026-05-06 07:20:32,13.7,75.2,26.33,43.37,71.99,3.31,1,24152,0.753,889.7,4,73.7|80.1|56.1|55.8|64.9|67.5|142.7|75.3|137.7|155.8|77.6|80.7|81.1|85.8|72.8|76|60.2|80.8|51.8|41.2|110.4|110.2,5.5|0.8|2.4|2.4|2.4|2.4|16.3|5.5|0.8|8.6|22.5|0|19.4|0.8|45.8|0|34.9|27.2|5.5|0.8|0.8|0.8
2026-05-06 07:20:43,7.9,70.6,26.33,43.38,71.99,3.31,1,24152,0.753,899.8,4,83.6|87.5|54.6|53.8|53.9|54.1|65.6|65.2|72.3|68.2|77.9|81|82.3|83.4|54.9|60.3|53.6|69.7|46.5|68.9|0|0,12.2|0|0|0|0|0|12.2|4.5|1.5|0|26.1|0|0|24.5|0|44.6|26.1|1.5|50.7|0|0|0
2026-05-06 07:20:53,28.9,62.1,26.32,43.37,71.99,3.31,1,24152,0.753,909.8,4,42.6|86.8|55.6|0|0|54.7|111.2|59.4|64.7|78.8|81.6|78.2|77.2|77|64.7|63.8|55|83.4|40.5|0|0|0,2.8|1.3|1.3|0|0|1.3|5.9|2.8|0|1.3|5.9|0|0|12.1|0|41.4|24.4|0|36.7|0|0|0
2026-05-06 07:21:03,3.8,63.2,26.34,43.38,71.99,3.31,1,24152,0.753,919.8,4,45.8|86.5|53.8|55|55.3|63|111.2|62.5|67.5|57.4|82|83.9|80.5|83.6|61.3|65.6|47.2|63.7|43.5|47.7|109.5|109.7,3.7|0.6|0.6|0.6|0.6|2.1|3.7|2.1|0.6|2.1|13|48.7|100|22.3|100|45.6|17.7|89.1|37.9|19.2|0.6|0.6
2026-05-06 07:21:14,0.8,66.4,26.34,43.37,71.99,3.31,1,24152,0.753,929.9,3,64.5|85.2|54.4|55.3|55.2|55.3|54.9|55.1|54.7|56|82.1|78|91.8|79|39.3|80.5|66.1|71.5|51.6|51.5|109.9|110.1,11.5|0.6|2.2|0.6|0.6|0.6|23.9|8.4|0.6|3.8|23.9|0.6|22.4|0|6.9|0.6|39.5|0|51.9|0.6|2.2|2.2
2026-05-06 07:21:24,,83.6,26.35,43.37,71.99,3.31,1,24152,0.753,940,3,58.6|59.3|49.6|50.5|49|48.6|73.4|76|78.6|133.6|82.7|72.6|87|85.3|57|61.3|87.7|95.3|76|62.8|86.9|86.8,2.5|0|4|0|0.9|0.9|21|0.9|2.5|0.9|14.9|0|21|0.9|5.6|0.9|56.7|0|19.5|0.9|0|0
2026-05-06 07:21:35,17,68.7,26.35,43.36,71.99,3.31,1,24152,0.753,950.1,3,81.9|82.8|55.6|55.5|55.3|55.3|100.3|60|60.4|61.3|113.6|89.6|105|137.6|75.3|87.6|92.7|71.3|70.6|74.9|110.2|110.1,11.5|0.7|0.7|0|0|0|14.6|6.9|2.2|5.3|30.2|0|22.4|0|0|0.7|53.4|0|31.7|0.7|0.7|0.7
2026-05-06 07:21:45,18,68,26.33,43.35,71.99,3.31,1,24152,0.753,960.1,3,76.9|78.4|55.4|55.5|55.6|55.6|56.1|55.5|56.2|56.2|78.9|83.6|75.1|73.5|45.4|0|53.3|65.5|64.3|54.9|0|0,2.8|0|1.3|1.3|1.3|1.3|1.3|13.6|7.4|2.8|0|16.7|27.5|0|21.3|1.3|0|46|15.1|0|1.3|1.3
2026-05-06 07:21:55,10.3,59.3,26.35,43.36,71.99,3.31,1,24152,0.753,969.9,3,55.9|88.1|55.1|0|0|0|55|90.4|63.7|60.2|67.8|71|81.8|84.6|66.6|0|73.6|73.5|50.5|65.8|0|0,11.8|1|2.6|1|1|1|1|24.2|13.4|7.2|0|16.5|8.8|0|0|1|0|25.8|32|0|1|1
2026-05-06 07:22:06,13.3,74,26.4,43.44,71.99,3.31,1,24152,0.753,979.8,3,70.1|78.6|58.6|54.5|54.5|55.3|71|102.8|72.2|74.1|78.6|84.2|76.2|87.6|51.3|65.7|74.8|85.8|58.4|72|0|0,29.9|0.4|8.1|6.6|0.4|5|0.4|34.6|20.6|15.9|0|19|11.3|39.3|5|0.4|0|26.8|45.5|0.4|0.4|0.4
2026-05-06 07:22:16,7.2,86.5,26.48,43.5,71.99,3.31,1,24152,0.753,989.8,5,61.5|80|137.3|77.8|134.3|89.9|55.6|55.6|139.4|55.4|81.8|84.3|80.1|78|62.1|82.9|69.1|73|65.7|74.2|109.1|110.5,22|3.2|4.8|12.6|4.8|3.2|0.1|0.1|6.4|3.2|26.6|0.1|20.4|0.1|9.5|0.1|9.5|0.1|56.3|39.1|0.1|0.1
2026-05-06 07:22:27,3.2,81.1,26.37,43.4,71.99,3.31,1,24152,0.753,999.8,5,83.8|75.7|142.8|124.4|99.5|83.1|70.9|62.8|95.5|64.4|89.9|88.5|83.5|71.9|71.5|82.5|59.2|82.3|77.3|69.1|109.9|110,36.2|0.4|37.8|17.6|6.7|12.9|0.4|0|22.2|3.6|25.3|5.1|20.7|0|26.9|0|6.7|0|64.2|31.6|0|0
2026-05-06 07:22:37,7.5,83,26.39,43.44,71.99,3.31,1,24152,0.753,1009.8,5,69.2|73.4|134.7|80.6|94.8|83.7|59.5|64.8|73.7|89.4|83.5|117|86.4|80.7|74.3|72|49.7|72.4|72.2|81.8|110|110,56.5|20.7|26.9|8.2|12.9|14.5|0.5|0.5|0.5|2|17.6|0.5|0.5|9.8|6.7|0.5|12.9|0.5|2|62.7|0.5|0.5
2026-05-06 07:22:47,8.2,78.6,26.34,43.39,71.99,3.31,1,24152,0.753,1019.8,5,68.9|93.4|83.5|105.6|134.6|73.8|55.5|55.5|55.5|55.4|82.9|77.6|72.3|83.9|63.5|60.7|60.6|80.9|77.8|74.5|110.5|109.8,14.2|0|11.1|6.4|3.3|0|0|0.2|0.2|8|17.3|1.7|32.9|22|18.9|0.2|3.3|0.2|73.5|67.2|1.7|1.7
2026-05-06 07:22:58,12.6,91.3,26.34,43.39,71.99,3.31,1,24152,0.753,1029.9,5,85.8|79.8|102.7|88|74.8|63|55.6|55.6|55.4|58.7|84.2|81.3|80.1|84.3|67.7|76.7|75.3|75.1|71.2|80|109.7|109.9,37.8|6.7|11.4|12.9|3.6|0|0.5|0.5|0.5|0.5|12.9|0|0|25.3|20.7|0|5.1|0|0|54.9|0|0
2026-05-06 07:23:08,11.2,77.7,26.32,43.37,71.99,3.31,1,24152,0.753,1040.2,5,82.2|91.1|136.5|150.4|91|121.4|64.1|55.6|55.6|55.6|83.6|84.1|87.6|72.1|77.3|78|69.3|95.8|53.1|71.2|104.9|104.9,23.1|20|10.7|10.7|10.7|9.2|1.5|1.5|0|0|21.5|0|15.4|1.5|29.2|0|20|0|10.7|3.1|0|0
2026-05-06 07:23:19,9.8,83.4,26.32,43.37,71.99,3.31,1,24152,0.753,1050.3,5,98.1|164.8|135.4|135.4|109.4|84.4|76.6|55.9|56.3|56.3|94.6|80.5|84.6|80.4|72.9|62.7|69.7|100|43.2|82.2|109.9|110,64.1|1.6|20.3|20.3|15.7|6.3|6.3|1.6|1.6|1.6|26.6|0|29.7|14.1|40.6|0|23.5|0|9.4|0|0|0
2026-05-06 07:23:29,19.2,102.6,26.33,43.36,71.99,3.31,1,24152,0.753,1060.5,3,80.4|74|120.4|120.8|134.3|149.5|55.6|55.6|55.7|55.8|89.8|97.2|91|71.9|78.1|98.6|70.8|34.3|56.7|87.3|110.2|109.4,73.4|0|46.9|50|26.6|26.6|18.8|1.6|1.6|0|18.8|31.3|26.6|34.4|68.8|1.6|20.3|1.6|29.7|0|1.6|1.6
2026-05-06 07:23:39,16.7,81.7,26.3,43.35,71.99,3.31,1,24152,0.753,1070.5,3,74.7|77.1|67.6|78.6|105|59.7|55.4|55.5|0|0|68|78.8|78.2|73.8|56|82.6|60|0|53.9|0|0|0,0.7|37.9|0.7|6.9|10|3.8|0|0|0.7|0.7|0|27.1|17.7|0|42.6|0|10|0.7|0.7|0.7|0.7|0.7
2026-05-06 07:23:50,12.6,108.9,26.36,43.41,71.99,3.31,1,24152,0.753,1080.7,3,84.7|80.2|86.4|93.7|77|64.2|55.3|55.4|55.4|55|80.3|79|78.7|76.4|77.2|66.3|60.3|79.9|67.9|82.2|109.9|110,0|36|6.4|26.7|14.2|9.5|0.1|1.7|0.1|0.1|0.1|23.6|36|0|45.4|0.1|42.3|0.1|28.2|0.1|0.1|0.1
2026-05-06 07:24:00,14.9,96.1,26.37,43.42,71.99,3.31,1,24152,0.753,1090.8,3,82.2|105.5|153.1|108.5|130.5|139.3|116.1|103.8|141.2|134.9|215.4|96.4|103.1|95.2|78.9|96|78.9|89.4|84.7|128.1|110.2|109.7,1.3|78.4|0|22.9|16.8|0|0|0|0|0|29.1|15.2|38.3|0|32.2|0|7.5|0|19.8|0|0|0
2026-05-06 07:24:10,10.7,71.9,26.29,43.35,71.99,3.31,1,24152,0.753,1101,3,64.6|87.9|142.3|57.8|75.6|57.2|54.3|55.5|55.6|55.6|81.5|69.6|87.9|81.6|64.8|43.5|79.2|61.8|65.2|81.7|110.2|109.4,19.9|0|6|0|15.3|10.7|3|1.4|0|0|19.9|0|36.9|0|27.6|0|72.3|0|53.8|0|0|0
2026-05-06 07:24:21,12.4,75.8,26.32,43.33,71.99,3.31,1,24152,0.753,1111.1,4,99|130.7|116.8|71.2|135.4|152.5|149.1|148.4|76.2|55.6|103|79.4|85.7|120.9|87.9|94.6|88.5|114.6|81.2|75.2|110.4|109.6,5.1|0.5|11.3|3.6|23.8|9.8|0|0|0|0|33.1|0.5|26.9|0.5|72|0|75.1|0.5|17.6|22.2|0.5|0.5
2026-05-06 07:24:31,15.2,95.8,26.33,43.34,71.99,3.31,1,24152,0.753,1121.2,4,80.3|82.9|89.8|108.1|120.6|85.3|121.6|66.8|61.6|76.9|82.1|0|80.3|0|74.4|76.3|73.6|70|63.3|78.7|0|0,8.1|0.4|0.4|6.6|28.4|15.9|5|0.4|0.4|0.4|22.2|0|9.7|0|22.2|0|47.1|0.4|19|0.4|0|0
2026-05-06 07:24:42,26.3,79.2,26.29,43.31,71.99,3.31,1,24152,0.753,1131.3,4,68.9|61.6|135.5|135.4|89.7|141.7|55.6|55.6|55.5|55.5|81.9|0|0|95.7|70.7|72.4|77.8|90.6|71.6|83.3|0|0,6.6|0|5.1|5.1|3.5|12.9|3.5|0.4|2|2|11.3|17.5|0|65.8|0|31.5|36.2|0|51.8|0|0.4|0.4
2026-05-06 07:24:52,11.7,79.5,26.32,43.36,71.99,3.31,1,24152,0.753,1141.4,4,70.4|76.3|133.1|148.5|161.4|117.1|150|145.8|144.7|152.4|89.5|129.6|174.7|94.2|182.6|88.4|84|150.6|72.6|127.9|110.4|110.1,14.7|2.3|24|10.1|10.1|58.1|24|14.7|8.5|10.1|24|0|36.4|16.3|0.8|51.9|61.2|0.8|42.6|2.3|0|0
2026-05-06 07:25:02,18,81.3,26.36,43.39,71.99,3.31,1,24152,0.753,1151.6,4,71.3|87.9|73.8|63.9|93.4|86.1|55.6|55.6|55.7|55.4|91.8|87.9|63.2|81.1|71|83.1|73.6|51.9|74.1|111.3|108.3|108,14.5|2.1|31.6|8.3|2.1|25.4|8.3|0.5|0.5|0.5|30.1|2.1|2.1|25.4|2.1|54.9|20.7|0.5|22.3|2.1|2.1|2.1
2026-05-06 07:25:13,11.4,87.2,26.1,43.02,71.99,3.31,1,24152,0.753,1161.6,4,91.7|137|105.6|86.1|76.1|78.2|117.9|117.8|150.7|147.3|97.5|155.1|91.7|165.3|75.6|131.9|71.3|97.3|79.7|90|104.4|104.4,61.3|0|18.1|15|11.9|11.9|10.3|2.6|1.1|0|39.7|0|33.5|0|18.1|0|24.2|0|10.3|21.1|0|0
2026-05-06 07:25:23,11.9,98.5,26,43.02,71.99,3.33,1,24152,0.753,1171.8,4,80.7|79.6|65.6|63.1|67.8|58|123.4|56|70.8|54.3|81.5|75.6|87.7|78.3|70.6|53.4|78.3|76.5|67.6|57.9|110|109.9,41.3|90.7|16.6|7.3|5.8|2.7|5.8|1.1|1.1|1.1|5.8|10.4|18.1|0|35.1|1.1|47.5|0|30.5|1.1|1.1|1.1
2026-05-06 07:25:33,20.9,84.3,26,43.03,71.99,3.33,1,24152,0.753,1181.9,4,82.1|71.2|108.7|89.1|88.4|154.7|101.9|87|78|78.9|94.1|75|100.1|79.2|66.7|80.9|98|119.7|75.5|78.3|108.6|108.6,49.2|0|21.5|16.9|3|6.1|7.6|0|0|0|18.4|0|20|0|26.1|0|72.3|93.8|35.4|0|0|0
2026-05-06 07:25:44,10.9,81.5,25.97,42.99,71.99,3.33,1,24152,0.753,1191.9,3,66.9|61.9|98.8|83.9|81.9|74.5|51.9|136|54.8|54.7|79.5|77.7|88.5|70.8|64.1|85.3|77.7|77.9|75.9|86.1|109|109.2,14.3|0.3|14.3|20.5|9.6|8.1|0.3|14.3|1.8|0.3|0.3|26.8|67.3|0.3|9.6|0|100|45.5|54.8|0.3|0.3|0.3
2026-05-06 07:25:54,20.7,75.5,25.97,43,71.99,3.33,1,24152,0.753,1202,3,67|88.6|80.3|88.8|68|64.4|56.8|108.2|164.2|183.1|74.9|77.9|83|75.9|63.8|89.4|61.3|74.9|70.4|115.7|108.7|110.1,13.4|0|8.8|13.4|0|0|0|8.8|0|0|18|11.8|13.4|0|4.1|0|0|47.4|49|10.3|0|0
2026-05-06 07:26:05,12,75.3,25.98,43,71.99,3.33,1,24152,0.753,1212.1,3,74.9|0|78.3|81.1|60.1|57|0|55.5|55.6|55.6|69.7|78.9|79.6|0|60.1|0|72.2|88.8|80.3|0|0|0,3.8|0|24|11.6|3.8|0.7|0|16.2|0.7|0.7|0|24|31.8|0|24|0|0|65.9|67.4|0|0|0
2026-05-06 07:26:15,11.5,80.7,25.98,43,71.99,3.33,1,24152,0.753,1222.1,3,76|84.8|85.1|74.7|91.2|61.3|65.4|64.3|112.4|142.8|79.6|63.3|82.9|87.6|70.2|77.2|63.9|68.3|77.6|80.2|105.5|105.1,41.4|0|30.6|9|4.3|5.9|1.2|1.2|27.5|4.3|7.4|1.2|18.2|1.2|18.2|1.2|22.8|1.2|35.2|1.2|1.2|1.2
2026-05-06 07:26:25,6.6,92.8,26.01,43.06,71.99,3.33,1,24152,0.753,1232.2,3,86.1|100.2|78.6|66.1|73.3|62.5|67.3|63|118.8|93.7|85.3|90|79.8|73.6|73.1|77.6|71.7|91.5|75.8|83.4|106.4|106.2,53.8|1.4|53.8|46.1|33.8|21.5|9.1|4.5|50.7|18.4|36.9|1.4|38.4|1.4|33.8|0|47.6|3|64.6|1.4|1.4|0
2026-05-06 07:26:36,14.2,89,25.95,42.98,71.99,3.33,1,24152,0.753,1242.2,3,96.6|71.3|70.2|58.9|63.6|58.6|55.5|55.4|154|59.3|95.4|111.4|80.8|77.5|73.8|68.4|73.5|84.3|73.3|75.2|110.4|109.6,36.3|61.1|9.9|8.3|6.7|2.1|6.7|0.5|14.5|3.6|19.2|0.5|16.1|81.3|36.3|0.5|0|0|27|70.5|0|0
2026-05-06 07:26:46,17,120.3,25.99,43.05,71.99,3.33,1,24152,0.753,1252.5,3,79.3|79.8|131.2|119.6|133.7|125.9|95.2|95.8|99.3|137.1|97.6|71.3|82.9|102.4|88.7|78.9|73.1|102.9|63.2|67.4|109.7|110,48.9|22.5|16.3|14.8|3.9|5.5|2.4|0|0|22.5|19.4|0|0.8|10.1|42.7|0|34.9|0|0.8|41.1|0|0
2026-05-06 07:26:57,20.1,147.9,26.24,43.42,71.99,3.33,2,24152|30512,0.843,1263.3,12,107.7|90.3|164.3|171.1|165.1|162.7|134.5|107.1|98.7|120.3|178.7|187.5|194.9|190.5|105.3|115.3|99.5|92.4|119.9|109.3|109.6|110,42.9|10.5|29|12|7.4|4.3|1.2|0|0|30.6|55.3|0|41.4|61.4|49.1|0|29|0|0|55.3|0|0
2026-05-06 07:27:07,20.3,144.8,26.31,43.46,71.99,3.33,1,24152,0.753,1272.6,3,101.8|167.1|144.5|161.6|114|133.8|133.3|114.4|136.6|138.2|177.9|142.9|102.8|173.7|102.6|194.7|100.6|196.7|118.9|102.3|0|0,18.4|0|52.3|38.4|32.2|19.9|46.1|9.1|1.4|0|36.8|0|46.1|0|18.4|0|16.8|0|46.1|0|0|0
2026-05-06 07:27:18,17.4,112.9,26.27,43.38,71.99,3.33,1,24152,0.753,1282.7,3,88.9|129.4|134.8|139.2|148.7|164|113|75.7|67.2|61.7|148.5|95|118.1|67|84.8|107|87.5|103.3|89|184|111.2|110,55.3|0|35.3|4.5|6|4.5|12.2|0|0|0|18.4|36.8|16.8|0|46.1|0|9.1|0|44.5|0|0|0
2026-05-06 07:27:28,13.6,92.5,26.22,43.37,71.99,3.33,1,24152,0.753,1292.9,3,80.7|77.3|122.1|94.4|133.7|135|124.6|80.8|87.8|87.3|92.1|83.2|81.9|87.7|77.4|87.5|67.7|87.7|67.1|87.5|109.8|109.8,36|1.7|23.5|15.7|3.2|3.2|15.7|3.2|1.7|0.1|20.4|0|18.8|23.5|57.9|1.7|40.7|1.7|34.5|1.7|1.7|1.7
2026-05-06 07:27:38,16.6,164.8,26.23,43.42,71.99,3.33,1,24152,0.753,1303.1,3,130.7|102.9|167.5|142.5|156.7|157.8|127.5|141.4|122.8|148.4|194|155.3|146.2|206.4|83.5|117.6|90.5|94.3|83.7|106.6|110|110.1,2.2|17.7|2.2|55|47.2|20.8|50.3|0.6|2.2|2.2|0.6|33.2|17.7|2.2|34.8|2.2|48.8|58.1|51.9|0.6|0.6|0.6
2026-05-06 07:27:49,11.7,82.5,26.53,43.68,71.99,3.33,1,24152,0.753,1313.3,3,69.4|74.1|55.6|70.3|63.9|81.3|123.4|59.2|57.3|55.6|76.3|80.9|86.2|95.8|66.3|71.3|56.7|38.8|47.7|83.5|110.3|109.5,0|44.3|1|21.1|10.3|38.1|16.5|0|0|0|61.3|33.5|30.4|1|55.2|1|24.2|1|24.2|1|1|1
2026-05-06 07:27:59,,68.8,26.55,43.71,71.99,3.33,1,24152,0.753,1323.4,3,74.3|89.1|59.2|96.7|89.7|72.9|95|60.1|62|55.6|79.1|115.2|113.2|93.9|73|75.4|65.8|65.5|73.5|75.1|110|105.2,1.1|49|1.1|19.7|7.3|0|15|0|0|0|0|18.1|16.6|1.1|8.9|0|4.2|1.1|2.7|1.1|1.1|1.1
2026-05-06 07:28:10,,95.5,26.52,43.69,71.99,3.33,1,24152,0.753,1333.4,3,80.6|83.3|154.1|122.7|143.4|147.8|131.6|80.4|143.8|84.4|96|100|102.6|101.1|83.7|93.9|74.3|93.2|77.3|80.2|109.5|109.5,22|1.7|1.7|1.7|34.5|25.1|29.8|9.5|6.4|4.8|34.5|1.7|39.2|1.7|51.6|1.7|56.3|1.7|54.8|1.7|1.7|1.7
2026-05-06 07:28:20,16.1,86.1,26.52,43.69,71.99,3.33,1,24152,0.753,1343.5,5,77.8|0|55.8|55.4|82.3|61.6|116.2|65|57.9|55.6|90.1|83.7|98.1|80.9|75.7|87|63|87.5|55.2|77.9|0|0,8.9|1.2|0|0|22.8|8.9|22.8|2.8|0|0|30.5|0|44.4|0|38.3|0|56.8|0|30.5|0|1.2|1.2
2026-05-06 07:28:30,24.5,86.5,26.55,43.7,71.99,3.33,1,24152,0.753,1353.7,5,77.7|74.5|88.1|89.7|112.4|158.3|86.6|77.9|58.9|67.9|89|91.4|89|112.6|75.4|84.7|66.7|113.4|71.6|85|110.2|110.2,56.7|1.1|0|0|53.6|32|59.8|16.5|13.4|1.1|24.3|0|39.7|0|25.8|1.1|70.6|0|45.9|0|0|0
2026-05-06 07:28:41,6.9,79.1,26.52,43.68,71.99,3.33,1,24152,0.753,1363.7,5,69|70.5|55.6|56|56|64.3|71.8|67.7|67.8|60.4|121.5|89.7|83.7|113.2|59|87.3|80.3|87.2|58.8|64|109.5|109.5,39.9|0|0|1.4|0|55.3|52.2|27.6|16.8|6|47.6|1.4|1.4|47.6|72.3|49.2|32.2|1.4|27.6|1.4|1.4|1.4
2026-05-06 07:28:51,15.9,78.1,26.58,43.79,71.99,3.33,1,24152,0.753,1373.8,5,78.2|78.7|122|73.2|61.7|116.3|54.2|55.6|55.6|55.4|111.9|114.5|84.5|113.9|57.7|86.4|74.7|76.2|93.2|60.7|110.5|109.8,39.5|0.7|30.2|22.4|13.1|53.5|45.7|31.7|24|14.7|61.2|19.3|0|56.6|0|47.3|45.7|0|53.5|6.9|0|0
2026-05-06 07:29:02,13.9,75.5,26.75,43.85,71.99,3.33,1,24152,0.753,1383.9,5,103.4|91.6|122.7|122.6|108.5|125.5|154.6|145|87.5|74.5|128.5|119.7|128.2|150.9|73.9|89.3|82.3|69.4|82.4|81.4|110|110,9.2|3|19.9|10.7|9.2|50.7|24.5|10.7|10.7|1.5|33.8|6.1|9.2|36.9|16.8|23|15.3|6.1|35.3|4.5|3|3
2026-05-06 07:29:12,12.3,84.1,26.63,43.72,71.99,3.33,1,24152,0.753,1393.9,5,92.5|106.6|77.3|58.4|59.8|56.7|125.3|105.6|124.4|75.2|104.2|95.6|114.4|106.6|89.3|79.9|78.7|90.5|85.3|78.8|108.6|108.6,48.9|0.8|5.5|0.8|0.8|0.8|31.8|5.5|2.4|2.4|19.4|0.8|24.1|0.8|25.6|0.8|65.9|0.8|41.1|8.6|0.8|0.8
2026-05-06 07:29:22,7.7,97,26.57,43.71,71.99,3.33,1,24152,0.753,1404.1,5,73.8|62.2|56.7|55.6|55.4|55.2|142|103.9|67.9|106.3|82.1|67.1|85.8|67.8|73.1|77.5|78.1|74.9|84.4|74.8|110.2|110.2,2.9|1.4|1.4|1.4|1.4|1.4|9.1|0|2.9|0|12.2|0|26|0|22.9|1.4|44.5|0|38.4|0|1.4|1.4
2026-05-06 07:29:33,9.3,114.2,26.43,43.76,71.99,3.33,1,24152,0.754,1414.1,5,79|76.8|71.2|55.6|55.4|55.5|98.3|85.2|129.5|59.4|90.5|107.8|102.4|215.6|72|80.9|88.5|74.2|79.1|43.1|110.1|110,8.8|1|1|1|1|1|2.6|2.6|15|2.6|18|1|27.3|1|2.6|1|61.3|0|18|1|1|1
2026-05-06 07:29:43,11,79.6,26.36,43.64,71.99,3.33,1,24152,0.754,1424.3,5,71|0|107.5|55.2|55|0|56.8|59.1|56.6|61.1|72.3|79.3|85.1|0|46.2|0|63.3|70.7|49.8|0|0|0,11.7|0.9|5.6|0.9|0.9|0.9|0.9|24.1|11.7|5.6|0|14.8|17.9|31.9|13.3|0.9|0|28.8|28.8|0|0|0
2026-05-06 07:29:54,12.7,126.1,26.74,44.1,71.99,3.33,1,24152,0.754,1434.5,5,78.5|80.4|63|55.3|55.5|55.6|85.7|142.5|130.4|92.5|79.3|104.1|113.8|132.8|67.8|82.1|71.4|90.2|83.5|78.7|110.1|106.7,31.8|0|0|0|0|0|0.7|25.6|16.2|8.5|0|36.4|34.9|0|8.5|0|0|47.3|45.7|0|0|0
2026-05-06 07:30:04,12.9,69.2,26.72,44.09,71.99,3.33,1,24152,0.754,1444.7,3,65.5|76.1|55.6|55.5|55.6|55.6|86.3|117.6|101|80.9|66.9|82.1|97|96.2|56.4|87.4|67.2|76.5|63.4|87.3|110.1|110,5.1|0|0.4|0|0|0|0|11.3|8.2|2|0|28.4|28.4|0|5.1|0|0|56.4|34.6|0|0|0
2026-05-06 07:30:15,,91.5,26.72,44.08,71.99,3.33,1,24152,0.754,1454.8,3,80.2|71.6|55.8|55.6|56|56.2|65.1|77.8|110.7|103.3|134.2|91|129.4|91.2|83.8|87|71.3|99.9|93|77.3|109.8|109.8,7.8|6.3|0|1.6|1.6|1.6|0|1.6|21.9|11|34.4|1.6|34.4|0|26.6|1.6|14.1|1.6|14.1|0|1.6|1.6
2026-05-06 07:30:25,11.7,83.7,26.92,44.25,71.99,3.33,1,24152,0.754,1464.8,4,87.3|65.5|70.2|55.5|55.8|55.4|77.5|105.6|112.3|82.2|80.3|71.1|79.7|78.5|85.2|148.2|60.3|86.5|93.7|73.3|109.3|110.2,40.7|1.7|6.4|8|4.9|3.3|14.2|14.2|37.6|17.3|25.1|1.7|17.3|0.2|59.5|1.7|28.3|4.9|62.6|0|1.7|1.7
2026-05-06 07:30:35,4.8,78.3,26.92,44.24,71.99,3.33,1,24152,0.755,1474.9,4,75.2|78.4|55.4|55.5|55.7|55.4|68.3|60.3|143.3|70|93.5|85.8|82.8|72.6|60.1|73.5|54.5|71.9|80.1|73.8|109.9|109.7,20.4|0|0.2|0.2|0.2|0.2|1.7|1.7|9.5|9.5|23.6|0|20.4|0|12.6|0.2|14.2|0.2|51.6|34.5|0.2|0.2
2026-05-06 07:30:46,9.1,89.2,26.89,44.22,71.99,3.33,1,24152,0.755,1484.9,4,69.8|75.7|55.6|55.9|0|0|89.5|67.2|73.9|127.9|97.4|89.3|83.4|93.7|58.2|0|60.3|0|68|86.2|0|0,33.6|0|2.8|5.9|2.8|1.2|10.5|5.9|1.2|27.5|44.4|0|0|36.7|30.6|0|22.8|0|7.4|50.6|0|0
2026-05-06 07:30:56,4.9,95.4,26.91,44.26,71.99,3.33,1,24152,0.755,1494.9,4,68.3|89.4|68.7|55.1|0|0|67.1|80|90.5|114.6|97.9|79.1|84.6|88|52.1|0|52|0|67.5|76|0|0,20.9|0.7|2.3|0.7|2.3|2.3|2.3|5.4|5.4|27.1|16.2|0|0|38|11.6|0.7|8.5|0.7|0|36.4|0.7|0.7
2026-05-06 07:31:07,14.5,88,26.88,44.22,71.99,3.33,1,24152,0.755,1504.8,4,78.4|73.7|55.5|55.5|55.5|55.3|66.7|87.4|68.7|89.3|97.2|97.4|91.4|118.9|62.6|52.2|53.4|0|81.2|97.7|0|0,30.2|25.5|3.8|3.8|2.2|0|13.1|3.8|0|6.9|20.9|0|0|11.6|31.7|19.3|22.4|0.7|0|14.7|0.7|0.7
2026-05-06 07:31:17,0.9,113,26.89,44.22,71.99,3.33,1,24152,0.755,1514.7,4,166.1|78.4|62.4|60.2|70.5|52|69.7|58.8|59.8|61.2|84.4|83.3|89.6|82.5|78.1|78.6|74.9|88.2|67|87.2|109.5|109.6,67.6|0|10.5|0|0|0|4.3|2.7|0|1.2|18.2|4.3|30.5|0|25.9|4.3|5.8|0|8.9|0|0|0
2026-05-06 07:31:28,,118.9,26.89,44.21,71.99,3.33,1,24152,0.755,1524.6,4,80.6|79.2|89.2|55.6|55.8|55.7|58.6|55.6|56.1|56.2|123.5|89.1|103.8|94.2|141.4|95.1|86.8|58.1|79.7|87.5|110.1|109.5,20|0|4.6|0|0|0|10.7|4.6|3|0|26.1|0|29.2|6.1|66.1|0|23|0|0|0|0|0
2026-05-06 07:31:38,10.3,92.6,26.85,44.18,71.99,3.33,1,24152,0.75,1534.5,4,85.1|97.4|55.7|61.1|58|54.9|126.4|66.3|60.4|56.2|81.2|79.2|91.7|84.9|77.6|73.5|80.9|85.4|57.2|87.5|110|110,0|59.4|0.1|0|0|0.1|9.5|1.6|1.6|0.1|3.2|17.3|36|0|14.1|0|6.3|1.6|11|1.6|1.6|1.6
2026-05-06 07:31:49,9.1,86.1,26.85,44.18,71.99,3.33,1,24152,0.75,1544.5,4,94.8|117.9|55.6|77.7|55.5|55.6|55.6|55.8|54.9|55.6|78.6|80.1|98.6|80.3|88.7|105.8|74.2|71.4|41.8|69.3|110.3|108,1.1|67.6|0|5.8|0|0|8.9|2.7|1.1|0|0|15|13.5|0|7.3|0|8.9|0|4.2|0|0|0
2026-05-06 07:31:59,11.5,89.5,26.83,44.17,71.99,3.33,1,24152,0.75,1554.6,4,82.2|92.2|54|66|55.2|55|124.1|73.5|68.3|65|75.5|82.5|91.1|82.7|103.3|75.3|64.8|75.7|71.8|83.1|109.1|106.3,0|41.3|0|2.7|2.7|1.2|29|5.8|2.7|0|10.4|29|29|0|42.9|0|15.1|0|5.8|0|0|0
2026-05-06 07:32:10,2.4,100.2,26.84,44.17,71.99,3.33,1,24152,0.75,1564.6,4,72.9|81.8|55.5|55.8|55.7|55.6|97|59.9|71.7|59.1|90.4|85.6|92|85|94.7|79.1|101.1|151.5|66|87|109.7|106.5,3.1|0|0|0|4.7|0|12.5|4.7|1.6|0|20.3|0|23.4|0|20.3|0|64.1|0|9.4|0|0|0
2026-05-06 07:32:20,29.3,90.4,26.83,44.16,71.99,3.33,1,24152,0.751,1574.4,3,83.7|76.9|55.7|55.5|55.4|55.4|68|58.5|56.8|55.6|101.3|85.3|89.2|92.4|86.8|80.1|98.1|63.9|65.8|80.6|109.6|110.2,7.4|0|1.3|0|7.4|0|16.7|4.4|4.4|2.8|55.3|1.3|24.4|26|16.7|89.2|26|1.3|38.3|1.3|1.3|1.3
2026-05-06 07:32:30,8.9,93.2,26.81,44.13,71.99,3.33,1,24152,0.751,1584.4,3,64.8|80.5|54.2|54.1|89.8|54.1|119.7|72.8|93.2|90.4|100.7|71.7|89.8|76|80.2|75.9|102.7|132.1|72.6|57.1|110.1|110.1,4.7|0.1|0.1|0.1|6.3|0.1|12.5|0.1|1.6|0.1|15.7|0.1|17.2|45.3|32.9|48.5|39.1|0.1|29.7|0.1|0.1|0.1
2026-05-06 07:32:41,,100.4,26.79,44.11,71.99,3.33,1,24152,0.751,1594.3,3,76.9|76.8|59.1|57.4|55.5|64.1|122.8|141.3|146.8|143.2|81.5|73.6|100.5|130.8|82.4|88.1|72.8|77.5|63.7|67.4|109.9|109.9,0|0|0|0|0|5.4|13.2|7|3.9|2.3|30.2|0|0|27.1|0|17.8|25.6|0|62.8|0|0|0
2026-05-06 07:32:51,0.6,86.3,26.82,44.15,71.99,3.33,1,24152,0.751,1604.2,3,63.7|80.1|54.5|54.6|54.8|54.8|56.2|96.5|59.1|74.2|83.8|79.7|84.3|85.9|81.4|97.8|75.5|77.6|46.9|75.9|110.1|110.2,3.7|3.7|2.2|2.2|2.2|2.2|8.4|9.9|0.6|2.2|19.3|0|44.1|23.9|0|41|28.6|0|20.8|17.7|2.2|2.2
2026-05-06 07:33:02,11.9,94.4,26.89,44.22,71.99,3.33,1,24152,0.751,1614.1,3,67.7|79.9|54.7|55.5|55.6|132.7|95.3|114.2|78.1|71.1|98.1|89.3|86.1|102.7|75.5|83.7|73.3|74.9|63.2|53|109.3|109.8,11.3|0.4|0.4|0.4|0.4|1.9|11.3|9.7|5.1|1.9|31.5|0|0|39.3|0|56.4|47.1|0|54.9|0.4|0.4|0.4
2026-05-06 07:33:12,11.1,114,26.83,44.15,71.99,3.33,1,24152,0.751,1624.1,3,70.8|75.7|55.4|54.1|54.4|55.6|86.9|74.3|61.8|73.8|96|84.4|114.1|87.7|81.3|82|79.5|79.8|80.7|80.1|109.8|110,1.4|3|7.6|3|3|3|13.8|3|6.1|1.4|33.8|30.7|30.7|1.4|0|1.4|10.7|1.4|35.3|15.3|1.4|1.4
2026-05-06 07:33:22,7.8,86.8,26.86,44.17,71.99,3.33,1,24152,0.751,1634.3,3,82.9|82.3|59.4|57.7|58.4|55.6|123.5|151.7|148.2|139.2|109.3|93.6|95.7|127.5|83.9|83.3|108.7|79.9|78|82.3|110|109.9,20.5|0|1.8|0.3|0.3|1.8|11.2|6.5|3.4|1.8|20.5|0|17.4|0.3|1.8|0.3|36.1|0|23.6|0.3|0.3|0.3
2026-05-06 07:33:33,6.8,100.4,26.88,44.19,71.99,3.33,1,24152,0.751,1644.3,3,109.2|84.5|55.6|55.6|55.4|55.6|78.5|76.2|69.9|67.4|134.8|92.5|114.4|88.2|87.1|65.2|89.7|76.3|88|65.3|109.9|109.9,56.3|0|6.3|0|0|0|35.9|25|7.8|9.4|48.4|0|26.6|0|34.4|0|23.4|9.4|35.9|0|0|0
2026-05-06 07:33:43,,109,26.82,44.13,71.99,3.33,1,24152,0.751,1654.3,3,84|82.7|54|52.6|46.7|46.3|59.2|81.7|72.8|61.8|71.6|78.6|85.4|73.9|71.4|87.1|68.3|75.1|88.5|75.9|110.2|110,9.8|0.5|0|0|0.5|0.5|0|19.2|8.3|5.2|53.4|31.6|37.8|65.8|3.6|0|0|30|53.4|26.9|0|0
2026-05-06 07:33:54,9.3,97.2,26.8,44.09,71.99,3.33,1,24152,0.751,1664.2,3,70.6|79.5|55.6|55.6|55.5|55.6|98.8|128.8|62.7|71.3|71|86.2|91|83|58.9|74|91.1|107.1|86.5|80.8|109.4|108.7,7|0|3.9|0.8|2.3|2.3|2.3|3.9|8.5|7|22.5|16.3|20.9|28.7|0|0.8|22.5|44.2|31.8|13.2|0.8|0
2026-05-06 07:34:04,10.2,102.6,26.85,44.15,71.99,3.33,1,24152,0.751,1674.2,3,110.6|92.1|136.6|159.4|160.7|136.6|186.6|137.5|150|168.9|82.3|122|122.8|145.1|66.7|86.8|110.5|105.7|121.5|93.9|109.9|108.7,4.8|0.1|0.1|0|0|0|1.7|23.5|11.1|6.4|42.3|23.5|25.1|0|4.8|0|56.3|47|29.8|20.4|0|0
2026-05-06 07:34:14,11.7,98,26.79,44.1,71.99,3.33,1,24152,0.751,1684.1,5,90|79.2|55.6|55.5|55.6|55.6|69|78.3|102.7|61.2|91.4|82.7|103.5|96.9|63.3|70.3|62.3|75.4|110.5|77.2|110|109,17.8|5.4|5.4|2.3|0.7|0.7|2.3|2.3|19.3|24|20.9|2.3|24|5.4|8.5|2.3|3.8|0.7|47.3|56.6|0.7|0.7
2026-05-06 07:34:25,15.5,93.8,26.79,44.09,71.99,3.33,1,24152,0.751,1694.1,5,99.4|92.6|56.9|58.7|57|57.2|58.6|55.6|62.8|97.4|79.5|71.4|92.1|76.2|67|87.1|60.3|65.8|101.8|72.3|109.9|110,28.2|26.6|4.8|0.1|0.1|0.1|4.8|1.6|28.2|4.8|7.9|0.1|15.7|0|3.2|0.1|9.4|0.1|48.5|0|0.1|0.1
2026-05-06 07:34:35,12.5,112.4,26.83,44.13,71.99,3.33,1,24152,0.751,1704.1,5,105.9|101.3|92.2|99.3|98.8|94.7|97.5|101|139.8|114.9|150.6|93.5|142|83.1|96.3|87.3|101.5|128.1|101.4|82.9|109.9|110.6,24.3|0|13.5|4.2|2.7|4.2|4.2|0|33.6|12|56.8|0|32|0|15.1|1.2|19.7|0|36.7|0|1.2|1.2
2026-05-06 07:34:46,,114.8,26.8,44.11,71.99,3.33,1,24152,0.752,1714,5,100.8|74.1|88.1|99.1|99.9|94.5|127.7|112.2|153.7|147.8|130.7|0|82.4|124.6|97.3|0|94.6|80|84.8|97.6|0|0,26.8|64.2|6.6|1.9|5.1|1.9|3.5|0|0|17.5|30|0.4|0|28.4|31.5|0.4|28.4|0|0|67.3|0.4|0.4
2026-05-06 07:34:56,14.8,109.8,26.76,44.06,71.99,3.33,1,24152,0.752,1724,5,131.5|83.1|84.7|71.4|63.6|81.2|98.9|85.3|68.8|139.1|126.8|101.1|90.9|132.6|107.1|90|72.6|74.4|77.8|99.8|110|109.9,53.7|0|10.5|4.4|1.3|0|7.4|10.5|2.8|38.3|24.4|9|2.8|30.6|18.2|0|16.7|0|13.6|33.7|0|0
2026-05-06 07:35:07,19,125.6,26.85,44.1,71.99,3.33,1,24152,0.752,1734.1,5,109.2|82|107.8|116.9|122.3|133.4|140.8|116.6|111.9|166.6|138|112.8|99.2|130|110.6|81.6|84.8|75.8|86|102.3|110|110,17.6|0|5.1|5.1|5.1|0.5|33.1|2|2|14.5|25.4|0|0|19.1|39.4|0|23.8|0|0|16|0|0
2026-05-06 07:35:17,9.7,101.6,26.76,44.06,71.99,3.33,1,24152,0.752,1744.1,5,106.3|80.9|84.6|76.8|72.2|55.6|109.6|90.1|81.4|68.5|115.3|101.4|107.4|89.9|118.7|118.7|74.8|66.3|77.5|79.2|110.1|110,25.8|1|14.9|7.2|2.6|1|30.4|10.3|4.1|0|30.4|1|25.8|2.6|47.4|1|30.4|1|5.7|1|1|1
2026-05-06 07:35:27,8.3,133.2,26.71,44.06,71.99,3.35,1,24152,0.752,1754.2,5,116.7|82.8|94.1|90.2|91.8|89.9|137.7|136.5|97.5|103.4|154.8|88.4|163.4|87.9|112.8|74.7|118.3|96.6|90.3|87.3|109.9|110,16.3|0|19.4|11.6|10.1|5.4|28.7|7|14.7|5.4|31.8|3.9|31.8|2.3|34.9|3.9|41.1|3.9|38|2.3|2.3|2.3
2026-05-06 07:35:38,18.3,113.6,26.78,44.11,71.99,3.35,1,24152,0.754,1764.2,3,83.2|109.8|77.8|63.7|63.7|55.6|165.9|104.8|108.9|102.1|93.5|100.1|110.6|212.4|91.3|83.1|74.3|76.8|68.8|86.6|110.2|110.3,1.3|21.4|1.3|29.1|9|1.3|49.1|7.5|2.8|2.8|0|26|27.5|1.3|39.9|0|30.6|1.3|53.7|1.3|1.3|1.3
2026-05-06 07:35:48,16.6,111.5,26.97,44.22,71.99,3.34,1,24152,0.754,1774.2,3,97.5|96.9|109.9|94|108.3|109|134.9|128.1|140.5|133.1|133|111.5|119|148.3|105.8|90.4|93.8|84.8|94.3|117.7|109.2|109.2,1.2|32.1|2.7|16.6|8.9|5.8|10.5|5.8|12|2.7|2.7|16.6|22.8|2.7|39.8|2.7|35.2|2.7|27.4|2.7|2.7|2.7
2026-05-06 07:35:59,9.4,99.2,26.65,43.78,71.99,3.34,1,24152,0.754,1784.2,3,96.1|112.1|61.8|82.2|92.7|96.6|84.1|123.2|81.6|63.2|83.3|108.4|112|148.2|86.5|89.8|84.7|84.5|85.3|90.2|108.7|106.1,2|59.6|2|33.1|5.1|6.7|30|11.3|8.2|8.2|2|23.8|39.3|2|37.8|2|37.8|2|47.1|2|2|2
2026-05-06 07:36:09,13.3,113.1,26.65,43.79,71.99,3.34,1,24152,0.754,1794.2,3,86.9|88.7|104.7|65.4|130.9|159.9|95.6|84.2|67.3|109.1|99.1|86.8|112|94|88.3|82|94.8|84.1|85.3|72.1|110|106.9,23.2|0.1|0.1|0.1|24.7|1.6|24.7|0.1|6.2|0.1|30.8|0.1|27.8|0.1|43.1|0.1|53.9|0.1|50.8|0.1|0.1|0.1
2026-05-06 07:36:20,12.2,109.4,26.65,43.75,71.99,3.34,1,24152,0.754,1804.3,3,89.9|76.7|104.1|133.2|117.5|125.1|123.6|145.8|119.1|114.2|129.4|100.2|116.8|106.3|89.1|79.9|85.7|71.4|89.4|76.4|110|110,50.3|0|2.1|0|54.9|19.2|61.1|25.4|20.7|14.5|20.7|0|33.2|0|34.7|0|31.6|0|39.4|0|0|0
2026-05-06 07:36:30,17.3,117.2,26.45,43.74,71.99,3.34,1,24152,0.754,1814.3,3,107.6|107.4|134.8|116.8|132.6|157.5|137.7|103|116.8|141.6|115.6|137.1|122.1|93.2|88.8|132|103.1|69.2|87.4|95.4|110.1|110.1,25.7|0|0|0|14.9|0|19.6|5.6|7.2|2.5|19.6|14.9|22.6|21.1|73.7|0|56.7|0|56.7|0|0|0
2026-05-06 07:36:40,20.2,107.5,26.46,43.75,71.99,3.34,1,24152,0.754,1824.2,3,80.8|75.6|55.6|55.6|55.6|63.3|96.6|142.1|176|75.5|103.4|133.3|96|124.3|66.9|79.5|72.8|70.6|63.3|79.7|110.1|109.8,3.6|0.5|0.5|0.5|0.5|6.7|22.3|5.2|0.5|0.5|25.4|0.5|0|68.9|0|17.6|34.7|12.9|22.3|0.5|0.5|0.5
2026-05-06 07:36:51,19.1,119.4,26.48,43.76,71.99,3.35,1,24152,0.754,1834.1,3,77.2|80.7|57.8|57.8|59.3|133.9|57.3|58|56.5|56.3|136.6|102.8|87.9|114.2|93.9|108|87.5|85.5|85.1|72|110.1|110.1,13.3|0.9|0.9|0.9|0.9|4|25.7|5.5|4|2.4|35|0.9|39.6|31.9|4|44.3|42.7|0.9|44.3|2.4|0.9|0.9
2026-05-06 07:37:01,7.5,110.9,26.49,43.72,71.99,3.35,1,24152,0.754,1844.1,3,79.6|86.6|99.3|81.8|58.6|110.6|110.6|108.4|155.9|138.8|145.8|102.1|101.7|105.3|83|106.5|78.3|87.2|105|140.7|109.6|110,36.9|0|1.5|0|0|16.9|16.9|6.1|9.2|3|24.6|41.5|49.2|15.3|69.2|70.8|23|0|38.4|0|0|0
2026-05-06 07:37:12,9.6,94.4,26.5,43.73,71.99,3.35,1,24152,0.754,1854.2,3,92.2|80.4|55.6|55.5|55.6|55.4|70.3|59|56.3|56.2|188.9|161.4|161.7|127.3|66.5|82.4|120|85|126.7|89.4|110.1|110,11.8|2.5|8.7|2.5|2.5|2.5|7.1|5.6|0|2.5|27.3|38.1|27.3|53.6|5.6|2.5|31.9|7.1|56.7|55.1|1|1
2026-05-06 07:37:22,13.6,103.2,26.39,43.67,71.99,3.35,1,24152,0.755,1864.3,3,106.5|83.1|82.8|65.7|78.3|55.4|129.1|107.3|108.8|113.5|98.5|116.8|90.6|70|96.1|76.6|91.4|83|91.1|140.6|110|109.9,60|1.5|9.2|1.5|1.5|0|29.2|12.3|1.5|4.6|18.4|16.9|15.4|0|44.6|0|24.6|0|30.7|0|0|0
2026-05-06 07:37:33,8.2,95.9,26.41,43.68,71.99,3.35,1,24152,0.755,1874.4,3,108.2|81.5|83.3|138.6|104.3|55.7|130.8|114.5|85.1|112.4|98|85.8|100|111.9|69.8|78.7|89.6|71|90|75.7|109.8|110.3,61.5|0|3.1|1.5|3.1|1.5|49.2|10.8|4.6|3.1|36.9|1.5|21.5|1.5|15.4|1.5|43.1|1.5|58.5|1.5|1.5|1.5
2026-05-06 07:37:43,23.6,99.1,26.4,43.67,71.99,3.35,1,24152,0.755,1884.4,3,78.3|77.5|62|55.6|55.5|55.6|81.3|121|87.4|89.9|97.5|85.8|98.9|86.3|79.4|88.6|78.2|85.2|90.1|81.4|110.3|110,16.2|0|0|0.7|0|0|2.2|27.1|14.7|11.6|0|30.2|41|0|25.5|0|0|58.1|59.7|0|0|0
2026-05-06 07:37:53,11.5,115.4,26.46,43.75,71.99,3.26,1,24152,0.755,1894.3,3,84.5|129.6|61.8|56.7|56.5|55.5|157.1|110.4|81.8|105.7|149.5|132.5|133|156.5|69.8|74.9|156.8|96.3|83.4|89.3|110.2|110,35.2|1.3|12.1|2.8|4.4|1.3|9|21.4|10.6|7.5|1.3|16.7|18.3|0|16.7|1.3|1.3|44.5|61.4|1.3|1.3|1.3
2026-05-06 07:38:04,14,91.3,26.44,43.73,71.99,3.26,1,24152,0.755,1904.4,3,93.5|93|80|67.5|88|85.6|107.6|149|136.5|160.7|137.1|133.9|166.2|111.3|90.9|68|85.6|96.8|106.9|77|110|109.1,31.4|0.2|9.5|0|0|0.2|8|37.6|18.9|20.4|0.2|34.5|37.6|14.2|28.2|0.2|0|64.1|54.8|0.2|0.2|0.2
2026-05-06 07:38:14,10.3,105.5,26.45,43.76,71.99,3.26,1,24152,0.755,1914.5,3,101.8|71.6|55.5|55.6|55.6|55.6|108.1|107.8|111.1|73.2|110.5|90|124.4|95.2|76.9|96.8|69.9|75.9|96|147.6|110.1|107,57.9|0.1|4.8|1.7|1.7|1.7|7.9|4.8|22|9.5|20.4|0.1|20.4|18.9|18.9|0.1|32.9|3.3|64.1|1.7|0.1|0.1
2026-05-06 07:38:25,13.7,103.8,26.39,43.68,71.99,3.26,1,24152,0.755,1924.6,3,93.7|92|121.4|96.5|105|62|117|89.7|76.8|108.2|127.9|141.4|117.2|187.1|104|98.5|93.4|90.2|87.5|73.2|69.9|68.2,58.2|0|2.5|0|0|0|2.5|0|22.7|8.7|22.7|0|28.8|0|38.1|0|5.6|0|61.3|0|0|0
2026-05-06 07:38:35,14.9,93.7,26.4,43.69,71.99,3.26,1,24152,0.755,1934.7,3,98.2|83.9|72|59.5|56.8|55.7|111.1|102.1|119.1|124.8|85.7|77.1|90.9|104.6|76.4|105.5|72.4|70.4|104.6|73.6|110.4|109.7,53.6|10.2|8.7|0.9|0|0.9|24.1|0.9|47.4|25.7|35|0.9|31.9|0.9|36.5|0.9|50.5|2.5|75.2|0.9|0.9|0.9
2026-05-06 07:38:45,14.4,99.7,26.51,43.78,71.99,3.26,1,24152,0.756,1944.8,3,87.6|83.6|114.5|105|129|102.9|120.4|122.8|92.3|113.3|94.2|91.7|86.8|87.8|83.3|98.2|74.8|95.8|91.3|98.7|110|110.1,55|64.3|55|25.6|22.5|17.8|3.9|2.3|0.8|61.2|20.9|51.9|13.2|20.9|17.8|2.3|55|0.8|0.8|25.6|0.8|0.8
2026-05-06 07:38:56,7,100.5,26.61,43.86,71.99,3.26,1,24152,0.756,1954.9,3,91.2|83.6|111.3|66.6|100.1|166.2|55.5|55.5|55.5|111.3|106.8|87.8|66|96.9|94|89|68.9|87.9|63.2|101.1|109.8|110.3,42.7|8.7|41.2|36.5|19.5|13.3|5.6|4|0.9|25.7|24.1|0.9|35|25.7|33.4|0.9|36.5|0.9|25.7|44.3|0.9|0.9
2026-05-06 07:39:06,12.4,94.2,26.65,43.91,71.99,3.26,1,24152,0.756,1965.1,3,86.1|98.9|128|135.4|160|92|90|131|129.7|116.7|96.1|85.2|86.6|86.5|79.5|79.7|69.8|80.8|71.9|95.6|110|110,70.4|0|34.6|23.7|25.3|9.7|6.6|8.1|3.5|22.1|22.1|0.3|1.9|25.3|39.3|0|31.5|0|5|65.7|0.3|0.3
2026-05-06 07:39:17,13.3,98.3,26.54,43.83,71.99,3.29,1,24152,0.756,1975.3,3,89.4|82.4|116.3|127.6|122|128|71.8|59.1|56.4|55.4|93.4|70.7|84|87.3|91.1|64.5|59.8|87.1|71.1|87.6|109.5|109.2,33.6|18.1|30.5|25.8|24.3|10.4|8.8|2.6|2.6|2.6|15|2.6|16.6|2.6|61.4|2.6|27.4|2.6|8.8|2.6|2.6|2.6
2026-05-06 07:39:27,13.4,108.6,26.38,43.78,71.99,3.29,1,24152,0.756,1985.5,3,104.3|78.1|130.1|104.7|111.6|96.6|55.5|55.6|55.7|55.5|110.9|0|100.1|99.7|95.6|0|85.3|0|82.6|0|0|0,21|14.8|17.9|3.9|2.4|0.8|2.4|0.8|0|0|19.4|34.9|25.6|0|34.9|58.2|24.1|0|24.1|0|0|0
2026-05-06 07:39:38,19.9,152.6,26.65,43.87,71.99,3.29,1,24152,0.756,1995.5,3,118.1|122.6|181.8|168|178.4|174.6|126.6|132.5|154.3|171.3|199.6|212.8|205.4|201.9|109.7|155.3|103.1|102.7|105.8|99.8|109.9|110,4.6|29.2|0|16.9|6.2|6.2|6.2|0|0|0|0|53.9|63.1|0|40|0|27.7|0|24.6|0|0|0
2026-05-06 07:39:48,7.9,120.6,26.57,43.78,71.99,3.29,1,24152,0.756,2005.6,3,144.3|108.5|104.6|117.8|126|116.7|133.5|86.8|86.6|76|109.8|139|143.6|125.3|126.5|152.8|110|111.3|87.2|76.5|109.9|110.1,0.3|36.1|3.4|39.3|20.6|12.8|9.7|3.4|0|0|0|31.5|34.6|0|56.4|0|33|0|34.6|0|0|0
2026-05-06 07:39:58,11.9,128.6,26.52,43.77,71.99,3.29,1,24152,0.757,2015.6,3,136.7|162.8|62.3|97.5|98.5|65.8|57.6|55.5|55.6|55.7|147.6|164|157.5|107.4|100.9|77.6|78.7|71.9|77|86.2|110.2|109.8,0|59.9|5.9|36.8|16.7|10.5|0|0|0|0|0|53.7|59.9|0|47.6|0|36.8|0|12.1|0|0|0
2026-05-06 07:40:09,19.9,101.1,26.5,43.78,71.99,3.29,1,24152,0.757,2025.6,3,84.4|79.9|127.9|90.9|113.8|108.4|106.6|90.9|74.9|56.2|108|94|98.9|77.9|102.4|103.8|97.8|81|93.2|77.5|110|105.3,2.2|0.7|3.8|0.7|33.3|14.7|3.8|0.7|0.7|0.7|14.7|0.7|22.4|0.7|28.6|0.7|72.1|0.7|62.8|2.2|0.7|0.7
2026-05-06 07:40:19,17,103.4,26.39,43.7,71.99,3.29,1,24152,0.757,2035.6,5,69.5|84.9|90.7|84.7|84.1|73.4|70.5|55.6|55.6|55.6|80.5|82.1|88.4|93.3|84|78.4|92.9|63.3|80.5|81.3|109.9|103.9,12|1.2|5.9|2.8|12|7.4|4.3|1.2|1.2|1.2|12|0|22.8|4.3|64.5|1.2|79.9|1.2|41.4|0|1.2|1.2
2026-05-06 07:40:30,12.1,92.5,26.37,43.71,71.99,3.29,1,24152,0.757,2045.7,5,84.1|74.7|131.6|142.6|126|145.8|89.6|58|56.7|57.8|100.3|103.3|102.8|97.2|93.3|74.3|95|73.3|77.7|85.6|109.9|110,8.5|0.7|2.3|3.8|33.3|28.6|8.5|0.7|0.7|2.3|20.9|0.7|25.5|0.7|39.5|0.7|64.3|0.7|33.3|20.9|0.7|0.7
2026-05-06 07:40:40,20.1,119.4,26.37,43.7,71.99,3.29,1,24152,0.726,2054.8,5,92.1|86.1|89.5|61.6|76|81.8|65.6|55.5|55.6|55.5|106.8|90.1|79|100.1|199.9|131.9|131|140.4|122.1|87.2|109.8|110.7,20.6|0.4|12.8|12.8|6.6|22.2|8.1|8.1|0.4|0.4|33|15.9|1.9|29.9|0.4|56.4|58|1.9|33|0.4|0.4|0.4
2026-05-06 07:40:50,5.7,85.7,26.32,43.66,71.99,3.29,1,24152,0.726,2064.7,5,58.2|81.5|55.4|55.1|55.6|55.4|55.1|55.9|0|0|86.2|86.8|82.8|83.1|84.4|102.6|68.3|0|65.3|0|0|0,10.8|3.1|9.3|7.7|6.2|13.9|9.3|6.2|9.3|4.7|12.4|40|26.2|13.9|63.1|26.2|27.7|3.1|38.5|87.7|3.1|3.1
2026-05-06 07:41:01,12.1,92.2,26.33,43.66,71.99,3.29,1,24152,0.726,2074.8,5,64.8|89.7|120.3|85.5|101.3|111.1|126|142.7|158.2|105.5|96.1|101.5|87.3|92.7|74.3|78.6|76.1|70.3|86.1|86.5|109.9|109.8,24|0|10.1|3.9|3.9|28.7|0|0.8|0|0|19.4|0|0|13.2|0|64.3|28.7|0|53.5|0|0|0
2026-05-06 07:41:11,7.3,86.7,26.34,43.67,71.99,3.29,1,24152,0.726,2084.6,5,77.6|81.4|72.2|61.9|57|55.8|156.4|55.6|55.7|55.4|121.8|113.1|107|91.1|65.4|87.3|74.7|78.1|75.6|81.2|110.1|109.8,14.9|0|16.5|2.5|2.5|1|18|1|1|1|14.9|1|21.1|0|13.4|1|44.3|0|30.4|1|1|1
2026-05-06 07:41:22,14.7,86,26.35,43.68,71.99,3.29,1,24152,0.726,2094.5,5,70.7|79.2|88|69.1|58.5|57.4|129.6|187.5|140.5|108.1|108.9|88.4|93.8|80.3|69.2|65.9|78.9|87.2|71.2|82.6|110.1|110.1,39.2|15.8|23.6|15.8|11.1|3.3|17.3|0.2|0|0|34.5|0|37.6|0|26.7|0|75|0|82.8|0|0|0
2026-05-06 07:41:32,13.1,95,26.35,43.67,71.99,3.29,1,24152,0.726,2104.6,5,68.8|100.8|72.1|62.7|68.5|72.8|176.4|55.3|55.4|55.8|108.1|178.9|96.2|114.1|79.2|79.2|82.3|75.6|89.3|185.7|109.5|110.1,22.1|0.2|20.5|6.5|1.8|3.4|26.7|1.8|1.8|1.8|20.5|0.2|22.1|1.8|19|1.8|43.9|0.2|37.7|0.2|1.8|1.8
2026-05-06 07:41:43,15.8,91.2,26.33,43.65,71.99,3.29,1,24152,0.726,2114.5,5,77.9|79.4|62.4|68.6|59.2|55.7|55.6|62.9|55.5|55.6|85.4|98.6|96.5|84.1|71.8|78.6|79.6|82.5|72|83.4|110.3|110.2,40|0|7.7|1.5|7.7|0|0|3.1|0|0|4.6|18.4|49.2|0|0|0|0|21.5|13.8|0|0|0
2026-05-06 07:41:53,2.7,76.2,26.32,43.65,71.99,3.29,1,24152,0.726,2124.6,5,72.6|77.3|73.3|56.7|56|55.4|55.5|58.4|55.3|55.7|74.9|87.6|82.9|84|63.6|69|66.3|76.8|66|88.6|109.8|109.8,7.6|0|9.2|3|1.5|1.5|0|4.6|3|3|26.1|16.9|20|24.6|16.9|0|0|44.6|29.2|0|1.5|1.5
2026-05-06 07:42:03,2.9,85.2,26.32,43.64,71.99,3.29,1,24152,0.726,2134.6,5,70.6|35.6|94.8|64.8|56.2|55.3|0|102.2|0|0|80.2|87.5|86.1|0|66.7|0|72.6|90.8|73.9|76.4|0|0,4.3|1.3|0|4.3|1.3|1.3|0|1.3|1.3|1.3|0|24.4|18.2|1.3|10.5|1.3|0|39.8|46|0|1.3|1.3
2026-05-06 07:42:14,7.9,89.6,26.33,43.66,71.99,3.29,1,24152,0.726,2144.6,5,77.2|83.2|89.4|73.4|57.8|57.5|55.6|55.6|55.4|55.5|96.2|86.6|98|85.7|66.7|67.8|59.6|74.4|72.5|76.9|110|108.2,10.5|15.1|4.3|2.8|4.3|5.9|1.2|1.2|1.2|1.2|13.6|83|27.5|95.4|22.8|1.2|7.4|1.2|41.4|0|1.2|1.2
2026-05-06 07:42:24,12,81.4,26.33,43.66,71.99,3.29,1,24152,0.726,2154.3,3,71.2|75.7|88.7|89.3|61|60|55.4|55.4|55.4|55.5|90.5|89.5|105.7|99.8|57.1|77.9|51.2|80.2|87.8|79.3|109.9|108.5,30.7|0|19.9|15.3|1.4|0|0|0|1.4|0|35.3|0|36.9|93.8|18.4|0|9.1|0|66.1|0|0|0
2026-05-06 07:42:35,8.3,90.5,26.53,43.75,71.99,3.29,1,24152,0.726,2164.5,3,84.5|84|95.3|63.1|82.8|75.1|55.6|55.4|54.9|55.5|86.9|82.7|87.3|107.4|68.9|83.4|49.8|77|97.9|90.9|109.9|110.1,45.5|40.8|6.6|1.9|14.4|1.9|0.4|0.4|9.7|0.4|15.9|11.3|15.9|0|20.6|0.4|11.3|0.4|90.7|0.4|0.4|0.4
2026-05-06 07:42:45,14.9,87.1,26.54,43.75,71.99,3.29,1,24152,0.726,2174.6,3,87.4|109.3|77.7|61.8|71.1|103.1|55.5|55.9|55.5|79.7|104.9|93.5|74|94.6|85.4|60.6|77.6|83|204.4|91.8|0|0,64.4|0.8|19.4|8.6|7|2.4|0|0.8|0|0|30.3|0|0.8|47.3|50.4|0.8|28.7|0.8|5.5|30.3|0.8|0.8
2026-05-06 07:42:55,17.9,94.3,26.53,43.75,71.99,3.33,1,24152,0.726,2184.7,3,92.6|84.1|97.5|71.1|97.4|63.3|56.4|67.7|88.9|126|101|79.2|104.9|116.6|86.8|76.7|74|87.1|84.5|82.6|110.2|110.5,27.4|2.7|8.8|21.2|16.6|8.8|4.2|2.7|1.1|13.5|28.9|0|1.1|69.1|21.2|1.1|22.7|1.1|1.1|35.1|1.1|1.1
2026-05-06 07:43:06,13.6,110.7,26.46,43.87,71.99,3.33,1,24152,0.726,2194.6,3,141.6|99.3|121|95.3|84.5|75.5|107.8|111.5|117.6|101.9|117.5|81|90.1|102.4|89.5|78.4|73.6|84.8|80.1|86|110.2|110,47.6|23|18.4|6.1|0|3|1.4|1.4|1.4|24.5|46.1|6.1|44.6|44.6|35.3|1.4|18.4|1.4|41.5|38.4|0|0
2026-05-06 07:43:16,10.7,137.7,26.49,43.89,71.99,3.33,1,24152,0.726,2204.3,3,84.7|79.3|134.8|86.5|154.1|157|63.1|57.3|57.2|67.7|171.5|157.5|151.7|102.7|132|163.9|76|76.5|77.4|90.1|108.6|109,14.8|48.9|13.2|3.9|0|0.8|0.8|0.8|0.8|0.8|27.2|52|16.3|56.6|58.2|42.7|13.2|33.4|17.9|0.8|0.8|0.8
2026-05-06 07:43:27,7.8,121.9,26.7,44.09,71.99,3.33,1,24152,0.726,2214.1,3,123.7|134.4|161.5|158.7|166.2|157|111.6|144.2|147.7|148.3|180|197.8|177.5|194.3|125.5|104.5|117.2|153.4|120.1|118.6|108.3|108.3,11.9|5.7|47.5|30.5|18.1|8.8|13.5|5.7|0|1.1|36.6|4.2|56.7|0|33.5|1.1|19.6|0|41.3|0|0|0
2026-05-06 07:43:37,10.5,136.6,26.74,44.12,71.99,3.33,1,24152,0.726,2224,3,143.9|151.7|112.5|117.1|80.7|76.4|102.9|60.2|55.5|55.5|184|181.4|156.3|154.8|134.8|93.6|87.2|75.1|78.6|85.3|108.6|108.6,1.2|38.2|21.3|50.6|44.4|29|19.7|12|2.7|5.8|0|24.3|16.6|0|21.3|2.7|39.8|1.2|19.7|1.2|0|0
2026-05-06 07:43:48,11.4,103.3,27.02,44.5,71.99,3.33,1,24152,0.758,2233.9,3,85|109.3|93.8|124.6|111.1|142.3|64.5|55.6|55.6|55.6|106.9|150.1|126|100.9|84.4|77.7|69|99.4|51.4|73.8|110|110,0|27.4|7.4|24.4|36.7|7.4|1.2|4.3|4.3|2.7|0|33.6|32.1|0|33.6|1.2|35.2|1.2|24.4|1.2|1.2|1.2
2026-05-06 07:43:58,30.3,171.7,27.13,44.62,71.99,3.33,1,24152,0.758,2244,3,137.9|160.5|165.2|187.2|184.2|184.9|120.8|123.6|134.4|131.7|209|209.2|208.9|200.1|143.2|120.4|138.1|122.8|141.1|115.4|110|110,0|42.9|7.5|33.7|39.9|33.7|36.8|15.2|1.3|0|0|86.1|80|1.3|46|0|46|0|35.2|0|0|0
2026-05-06 07:44:08,14.7,126.4,27.11,44.63,71.99,3.33,1,24152,0.758,2254,3,103.7|81.2|155.2|123.7|152.2|159.5|92|113.9|113.8|142.6|179.6|102.1|200.9|137|90.1|79.1|100.9|98|92.4|85|110|110,16.8|1.4|12.2|6|30.7|27.6|12.2|4.5|1.4|0|69.2|0|43|0|30.7|0|24.5|0|50.7|0|0|0
2026-05-06 07:44:19,12.5,128,27.09,44.59,71.99,3.33,1,24152,0.758,2264.2,3,73.2|75.5|76.5|67.2|95.4|82.6|69.2|62|64.6|60.5|168.8|112.3|200.5|126.2|74.9|76.9|75.7|75.6|70.9|66.5|109.5|107.7,9.1|1.4|7.5|1.4|21.4|24.5|4.4|0|0|1.4|35.3|1.4|84.6|1.4|21.4|1.4|44.5|0|32.2|1.4|1.4|1.4
2026-05-06 07:44:29,19.3,127,27.13,44.65,71.99,3.33,1,24152,0.758,2274.1,3,66.7|58.7|86.4|109|117.4|114.2|55.5|55.5|55.6|55.5|144.1|105.3|217.7|187.6|80.1|74.6|81.5|69.8|70.7|64.1|109.9|108.6,28.5|0|3.6|8.3|42.5|20.7|3.6|0|0|0|45.6|0|90.7|0|37.8|8.3|50.3|0|34.7|0|0|0
2026-05-06 07:44:40,14.9,117.9,27.05,44.56,71.99,3.33,1,24152,0.758,2284.1,3,88.8|69.3|127|84.9|113.3|119.2|116.3|95.7|79.8|108.1|94.4|95.9|86.6|86.8|74.8|82.5|70.4|73.4|74.6|82.1|110|109.9,30.2|0|17.8|11.6|7|31.8|14.7|3.9|2.3|0.8|17.8|0|0.8|24|0|69|24|0|48.8|0.8|0|0
2026-05-06 07:44:50,24.5,158.3,27.1,44.64,71.99,3.33,1,24152,0.758,2294.2,3,130.1|122.4|132|148.8|154.9|147.3|139.6|160.9|161.2|145.3|205.3|190.5|210.4|210.8|131.5|129.4|140.1|106.9|131|100.4|110|109.9,34.9|2.3|14.7|8.5|7|55|100|55|28.7|10.1|89.1|0.8|0.8|92.2|0|30.2|33.3|0.8|41.1|2.3|0.8|0.8
2026-05-06 07:45:01,13.2,142,27.06,44.59,71.99,3.33,1,24152,0.758,2304.2,3,84.4|82.9|102.1|79.9|83.6|139.7|109|140.7|133.1|117.8|170.7|128.4|136.9|216.9|79.8|88.7|81.5|75.8|88.4|84|110|110,22.5|0|10.1|14.8|0.8|41.1|8.6|0.8|3.9|0|44.2|0|0|90.7|0|27.2|31.8|0|41.1|0|0|0
2026-05-06 07:45:11,26.3,115.3,27.08,44.61,71.99,3.33,1,24152,0.758,2314.3,3,85.5|76.2|137.9|107.8|69.3|83.7|87.3|79.4|61|64.4|114.9|101.7|219.1|223.5|77.8|76.4|90.3|67.9|81|79.1|110.1|109.9,25.6|0.8|0.8|2.4|3.9|2.4|14.8|2.4|5.5|0.8|21|7|96.9|0|25.6|0|50.4|0|10.1|0|0|0
2026-05-06 07:45:21,17,126.1,27.08,44.61,71.99,3.33,1,24152,0.758,2324.5,3,75.2|73.8|138.4|98.6|88.3|74|73.3|57.4|57.6|58.1|171.3|108.6|206.7|170|61.1|68.7|79.2|75.4|68.4|71.7|110|109.9,26.9|3.6|17.6|6.7|6.7|5.1|9.8|8.2|3.6|2|30|2|89.1|2|19.1|2|33.1|2|50.2|2|2|2
2026-05-06 07:45:32,15.3,128.8,26.88,44.77,71.99,3.36,1,24152,0.758,2334.7,4,94.4|98.2|145.7|85.7|147.5|150.8|107|148.5|169|80.7|197.4|175.7|193.8|199.5|92.2|123.6|78.3|53.3|66.5|74.8|110|110.1,18.4|0|21.5|21.5|10.7|26.1|47.7|1.5|0|1.5|50.7|0|67.7|0|23|0|36.9|0|41.5|0|0|0
2026-05-06 07:45:42,17,123.6,26.81,44.8,71.99,3.37,1,24152,0.758,2344.7,4,78.2|78.4|144.6|121.7|99.3|135.3|74.4|95.4|92.1|63.9|119.9|177.5|209.3|186.1|79.5|119.8|75.1|84.4|74.2|74.7|110|110,19.4|0.8|30.2|8.5|8.5|7|0.8|38|0.8|0.8|0.8|31.8|90.7|0.8|14.7|0.8|0.8|45.7|25.6|0.8|0.8|0.8
2026-05-06 07:45:53,17.4,124.6,26.8,44.78,71.99,3.37,1,24152,0.758,2354.8,4,83.3|73.5|145.7|112.3|87.5|163.3|139.9|95.6|97.7|94.4|112.3|174.4|205.5|144.7|76.8|76.7|83.9|78.1|74.4|74.4|110|110,27.6|0|32.2|22.9|12.2|2.9|1.4|32.2|7.5|1.4|0|61.5|59.9|0|24.5|0|0|39.9|39.9|2.9|0|0
2026-05-06 07:46:03,19.2,130.2,26.73,44.71,71.99,3.37,1,24152,0.758,2364.8,4,99.9|106.6|131|112.6|135.7|139.9|72.8|99.9|125.5|74.4|102.9|189.5|209.2|186.2|112.9|101.9|91.1|89.2|92.7|84.4|110|109.4,36.7|0|25.9|16.7|7.4|1.3|0|18.2|10.5|4.4|7.4|58.3|70.7|0|25.9|0|0|42.9|35.2|1.3|0|0
2026-05-06 07:46:14,15.5,112.1,26.41,44.41,71.99,3.37,1,24152,0.758,2375,4,84|82.5|85|67.3|94.5|57.1|85.5|54.6|78.6|71.2|104.8|0|93.3|0|89.3|109.3|70|86|74.4|88.1|0|0,39.3|0|20.6|3.5|9.7|3.5|0.4|0.4|8.2|9.7|23.7|0.4|23.7|0.4|31.5|0|9.7|0.4|45.5|5.1|0.4|0.4
2026-05-06 07:46:24,8.8,138.2,26.41,44.29,71.99,3.37,1,24152,0.758,2385.1,5,74.6|77.1|76.7|71.3|116.5|70.5|55.4|0|55.8|55.5|149|100.4|121.1|0|61.3|0|80|0|82.3|103.4|0|0,24.5|0|4.5|0|1.4|0|0|1.4|0|1.4|24.5|0|26|0|22.9|0|2.9|0|39.9|0|0|0
2026-05-06 07:46:35,12.6,91.5,26.38,44.31,71.99,3.37,1,24152,0.758,2395.2,5,77.3|78.4|74.3|56.8|56.2|57.8|55.5|0|47.3|55.6|158.4|0|126.1|102.2|54.3|0|73.8|0|82.8|73.5|0|0,30.7|9.2|3|1.5|1.5|1.5|0|0|3|1.5|29.2|9.2|27.7|0|12.3|0|7.6|0|64.6|0|0|0
2026-05-06 07:46:45,16.8,77.9,26.44,44.4,71.99,3.37,1,24152,0.758,2405.1,5,68.3|64.4|85.9|98.5|130.5|68.9|75.5|65.5|72.8|78.5|121.9|100.6|88.6|97.7|59.3|74.4|78.1|90.7|63.7|74.3|109.3|109.1,33.2|44.1|20.7|11.4|6.8|5.2|2.1|0.5|0|0.5|37.8|0|33.2|40.9|22.3|0|16.1|0|40.9|81.4|0|0
2026-05-06 07:46:55,6.9,97.6,26.44,44.43,71.99,3.37,1,24152,0.758,2415.2,5,93.2|72.7|77.5|74.8|80.7|66|57.7|56.8|57.3|64.3|172.8|166.7|142.8|141.2|72.7|76.2|63|69.1|156.9|82.8|110|110,22.7|24.3|15|7.3|8.8|11.9|4.2|2.7|5.8|10.4|41.3|0|67.6|38.2|18.1|0|15|1.1|18.1|42.8|0|0
2026-05-06 07:47:06,0.2,104.6,26.4,44.42,71.99,3.37,1,24152,0.758,2425.3,5,86.5|82.8|111.9|82.8|114.5|111.6|61.5|58.4|58.5|74.4|162.3|131.9|134.2|139.5|74.2|97.7|73.3|70.7|106.7|89.9|110|110.1,36.5|14.8|8.6|16.3|5.5|10.1|5.5|3.9|0|7|30.3|0|0|24.1|13.2|0|5.5|0|11.7|61.3|0|0
2026-05-06 07:47:16,,86.9,26.4,44.42,71.99,3.37,1,24152,0.758,2435.4,5,93.9|80|109|63.8|98.3|60.4|79.3|62.6|54.9|55.6|157.4|130.6|122.8|102.4|81.9|75.3|61.3|43.8|56.1|67.4|109.5|109.2,26.7|6.4|3.3|0.2|3.3|0.2|0.2|0.2|0.2|0.2|23.6|70.4|28.3|100|51.7|95.3|25.2|0.2|11.1|0.2|0.2|0.2
2026-05-06 07:47:27,12.3,81.5,26.36,44.38,71.99,3.37,1,24152,0.758,2445.5,5,105.9|108.1|151.2|118.2|179.4|122.2|77.4|65.7|68.9|66.4|139.6|168.7|152.3|189.7|78.4|114.3|84.3|124|111.5|100.8|109.5|109.5,33.6|0|33.6|12|22.8|4.3|4.3|0|0|0|42.9|0|42.9|0|47.5|2.7|47.5|0|18.2|0|0|0
2026-05-06 07:47:37,14.5,80.7,26.38,44.38,71.99,3.37,1,24152,0.758,2455.5,5,79.4|76|111.8|92.1|69.6|115.1|55.6|55.5|55.7|0|103.2|107.3|80.9|78.6|62.4|0|53.2|0|65.8|0|0|0,6.9|0|10|24|10|13.1|2.3|0|0.7|0|27.1|0|44.2|0|51.9|0|36.4|0.7|19.3|0|0|0
2026-05-06 07:47:47,15.1,87.9,26.36,44.35,71.99,3.37,1,24152,0.758,2465.8,5,75|83.3|61.1|90.2|80.3|59.5|55.5|44.6|55.5|0|76|84|85.6|80.7|53.7|0|51.3|0|37.4|0|0|0,0|13.6|1.2|24.4|7.4|12|2.8|2.8|1.2|1.2|0|10.5|18.2|0|27.5|13.6|24.4|0|8.9|0|1.2|1.2
2026-05-06 07:47:58,12.8,182.4,27.46,45.62,71.99,3.37,1,24152,0.758,2475.6,3,163.8|181.3|173.8|180.5|175.8|176.4|146.7|151.7|163.2|164.9|207|207.5|207.5|207.6|176.8|179.5|169.8|173.5|169.2|176.6|110|108.4,11.7|52|14.8|76.8|67.5|47.3|55.1|14.8|16.3|8.6|16.3|65.9|64.4|13.2|53.5|13.2|59.7|14.8|55.1|8.6|0.8|0.8
2026-05-06 07:48:09,12.5,147.9,27.58,45.73,71.99,3.37,1,24152,0.758,2485.7,3,106|141.6|171.9|163|153.6|171.2|106.3|114.4|98.8|100.7|199|203.5|153.7|129.5|117.1|144.4|101|101.4|104.4|86.1|105.2|105.2,25.8|0|16.5|21.1|55.2|42.8|27.3|19.6|7.2|8.8|49|7.2|72.2|0|36.6|0|39.7|0|38.2|0|0|0
2026-05-06 07:48:20,17.7,144.1,27.82,45.9,71.99,3.37,1,24152,0.758,2495.4,3,100.9|107.8|68.7|57.7|116.5|77.9|148.9|139.2|143.7|143.3|137.6|91.4|117.2|87|76.8|74.3|73.3|67.4|73.2|66.3|109.5|105.7,34.6|0.3|0.3|1.9|28.4|9.7|33|19|15.9|12.8|28.4|1.9|29.9|1.9|40.8|0|43.9|0.3|47|0.3|0.3|0.3
2026-05-06 07:48:30,13,87.8,27.83,45.9,71.99,3.37,1,24152,0.758,2505.8,3,70.6|64.1|55.4|55.6|56.5|55.7|98.9|65.1|62.4|76.7|104.6|87.7|80.3|74.2|65.8|91.4|69.1|70.3|68|69.9|110.6|109.1,16|0|0.4|0|16|2|9.7|2|0|0.4|22.2|0|20.6|0|50.2|0|36.2|0|64.2|0|0|0
2026-05-06 07:48:41,15.4,113.4,27.92,46,71.99,3.37,1,24152,0.758,2516,3,106.2|97.1|106.2|91|134.1|96.1|110|98.6|94.1|115.6|168.9|134.9|109.1|121.3|88.5|111.9|96.2|78.1|81.6|134.2|106.5|106.4,21.1|0|0|0|0|7.2|8.8|5.7|5.7|10.3|35.1|1|0|27.3|5.7|25.8|39.7|1|39.7|0|1|1
2026-05-06 07:48:51,17.5,111.9,27.96,46.05,71.99,3.37,1,24152,0.758,2526,3,93.6|73.3|55.6|55.6|55.5|75.1|73.1|60.4|62.6|59.5|179|79.9|130.1|151.8|74.7|89.7|86.5|76.8|92.9|86.1|110.6|109.8,34|0|1.7|1.7|0.2|15.6|14|1.7|6.3|1.7|34|0|100|41.7|37|44.7|32.4|75.4|18.6|26.3|0.2|0.2
2026-05-06 07:49:02,5.8,99.4,27.98,46.05,71.99,3.37,1,24152,0.758,2536.1,3,80.2|75.7|67.4|70.5|70.1|70.9|147.4|135.1|129.5|138|134.3|116.4|121.8|135.7|72.6|81.5|80.1|75.6|78.8|87|110.1|110,31.8|7|3.9|0.8|0.8|14.7|14.7|20.9|3.9|3.9|38|0|0|50.4|0|47.3|53.5|0|39.5|0.8|0.8|0.8
2026-05-06 07:49:12,15.9,102.1,28.04,46.12,71.99,3.37,1,24152,0.758,2546,3,94.2|80.8|83.5|87.2|55.6|55.6|137.3|99.6|99.4|85.5|171.1|92.2|123.5|88.6|74.9|71.7|84.3|129.4|88.3|183.8|109.8|111.5,34.8|0|2.2|2.2|0.6|0.6|23.9|11.5|0.6|0|41|0|34.8|11.5|23.9|0.6|20.8|0.6|33.2|0.6|0.6|0.6
2026-05-06 07:49:22,19.8,118.7,27.93,46.06,71.99,3.36,1,24152,0.758,2555.9,3,80.1|79.9|67.1|57.4|57.1|60.7|162.3|143.4|123.6|159.7|142.1|150.8|113.4|155.1|83.1|85.4|89.4|77.5|86.4|74|0|0,30.3|0|5.6|0.9|0.9|0|30.3|14.9|13.3|5.6|35|0|39.6|41.2|13.3|0|42.7|0|41.2|0|0.9|0.9
2026-05-06 07:49:33,16,74.5,27.89,46.03,71.99,3.36,1,24152,0.758,2566.1,3,94.2|78.9|58.9|55.6|55.6|55.4|130.7|170.6|145|105.1|107.2|84.6|92.6|82.9|89.3|180.2|72.6|87.6|86.4|97.5|110.5|109.6,23.9|0|0|0|0.6|0.6|20.8|5.2|0|0|27|0|17.7|0.6|11.4|0.6|37.9|0|5.2|0.6|0.6|0.6
2026-05-06 07:49:43,10.9,114.4,27.98,46.12,71.99,3.36,1,24152,0.758,2576.1,3,73.5|107.2|64.4|59|56.4|55.9|93.1|147.7|113.9|144.5|97.3|129.8|120.3|110.3|79.4|73.4|79.5|100.9|74.6|80.9|110.1|109.9,1.4|35.3|3|1.4|0|0|0|24.5|10.7|10.7|24.5|12.2|38.4|16.8|10.7|9.1|24.5|18.4|15.3|1.4|1.4|1.4
2026-05-06 07:49:54,5,133.2,27.95,46.1,71.99,3.36,1,24152,0.758,2586.2,3,127.7|91.6|74.1|57.5|57.6|55.9|93.5|139.9|120.5|150.6|102.8|132.7|140.8|131.7|92.6|73.1|84.1|108.6|136|62.1|109.6|110.3,8.6|27.2|7|2.4|2.4|2.4|3.9|17.9|17.9|13.2|100|38|42.7|0.8|19.4|0.8|100|33.4|48.9|90.7|0|0
2026-05-06 07:50:04,11.2,92.2,28,46.09,71.99,3.36,1,24152,0.758,2596.2,3,71.7|84.6|55.1|54.2|53.4|52.8|64.1|104.4|95.2|63.6|80.9|89.3|86.9|77.2|55.1|66.4|70.9|75|56.6|85.1|109.5|109.6,19.2|22.3|0|0.5|2.1|2.1|0.5|8.3|3.6|0.5|33.2|30.1|31.6|90.7|6.7|2.1|64.3|31.6|36.3|81.3|0.5|0.5
2026-05-06 07:50:15,,81.9,28.07,46.17,71.99,3.36,1,24152,0.758,2606.3,3,100.3|92.4|57.3|58.3|56.3|55.5|89.5|113|113.2|141.4|138.2|99|140.8|85.6|71.6|93|57.2|75.1|81.3|75.9|108.3|108.2,46.2|0|1.5|1.5|0|0|3.1|3.1|23.1|16.9|44.6|0|47.7|0|27.7|0|38.5|0|43.1|0|0|0
2026-05-06 07:50:25,10.4,133.4,26.88,45.15,71.99,3.44,1,24152,0.758,2616.4,3,101|143.8|92.9|69.9|67.5|65.6|117|86.3|126.8|108.3|155.2|83.2|206.8|218|98.9|98.1|92.5|72.2|93.2|71.2|87.6|87.3,47.2|2.2|45.7|42.6|37.9|16.2|42.6|25.5|59.6|65.9|62.8|13.1|72.1|5.3|62.8|0.7|61.2|10|62.8|16.2|0|0
2026-05-06 07:50:35,10.7,96.8,26.16,44.72,71.99,3.44,1,24152,0.758,2626.5,3,96.9|75.3|78.4|80.9|64.9|59.5|55.6|55.6|90.8|55.6|151.3|96.7|128.6|0|72.4|0|58.4|0|79.4|75.4|0|0,56.9|0|16.8|10.7|3|6.1|0|0|13.8|3|44.6|0|43|44.6|27.6|0|21.5|0|38.4|0|0|0
2026-05-06 07:50:46,16.7,78.4,26.19,44.75,71.99,3.44,1,24152,0.758,2636.6,3,67.3|73.1|120.5|127.1|119.2|107|62.7|56.9|78.2|77.1|83.4|105.3|83.4|79.7|58.4|87.1|53.5|86.5|63|71.1|110.2|109.7,26.1|30.7|18.4|13.8|3|13.8|0|0|0|16.9|21.5|0|60|13.8|26.1|0|32.3|0|58.4|50.7|0|0
2026-05-06 07:50:56,16.5,117.5,26.52,44.98,71.99,3.44,1,24152,0.758,2646.7,3,103.5|124|155|162.1|178|169.9|113.5|118.6|114.3|124.9|165.5|196.3|192.5|148.4|106.5|105.5|97.8|91.9|148.5|108.7|110|110,30.5|0|38.2|21.2|12|12|5.8|0|1.1|25.9|28.9|0|0|27.4|28.9|0|42.8|0|0|45.9|0|0
2026-05-06 07:51:07,17,117.7,26.54,44.99,71.99,3.44,1,24152,0.758,2656.7,3,89.3|76.5|112.9|119.1|147.8|104.3|57.6|61.8|57.8|78.4|95.7|84.2|81.2|87.1|78.8|72.8|74.7|77.8|42.6|71.9|110|109.7,28.6|0|22.4|6.9|3.8|5.3|13.1|5.3|0|5.3|37.9|0|23.9|19.3|58.1|0|34.8|0|6.9|25.5|0|0
2026-05-06 07:51:17,5.3,121,26.43,44.89,71.99,3.44,1,24152,0.758,2666.8,3,92.6|81.6|128|84.9|78.6|88.7|69.3|55.5|55.5|55|142.1|143|120.3|96.6|75.1|77.5|74.2|72.1|87.7|83.8|109.8|109.8,28.5|0|22.3|25.4|14.5|2|3.6|0.5|0.5|0.5|30|9.8|23.8|0.5|30|0|25.4|0.5|14.5|0.5|0.5|0.5
2026-05-06 07:51:27,1.1,95.8,26.36,44.81,71.99,3.44,1,24152,0.758,2676.9,3,104.1|99.7|82.9|66|73.3|78|86.4|55.6|55.6|55.7|164.8|139|131.2|137.7|106|85.8|83.6|58|69.7|66.6|109.9|110,24|0|17.8|2.3|3.8|0|0|0|0|0|33.3|0|22.5|0|55|0|19.4|0|20.9|0|0|0
2026-05-06 07:51:38,14.8,104,26.43,44.87,71.99,3.44,1,24152,0.758,2687.1,3,84|74.7|89.6|125.7|132.6|117.2|65.8|58.4|0|0|109.1|83.9|93.2|86.5|74.7|76.8|73.9|0|57.5|0|0|0,0|27|14.5|51.8|39.4|41|19.2|14.5|0.6|5.2|0|27|44.1|0|50.3|0|47.2|0|31.6|0|0|0
2026-05-06 07:51:48,23.9,161.1,26.62,45.04,71.99,3.44,1,24152,0.758,2696.9,3,125.2|122|175.3|162.7|171.4|165.8|110.2|132.3|110.8|95.2|185.6|175.5|184.6|211.6|108.2|129.6|120.6|117.1|112.8|135.2|110|110.2,0|14.8|14.8|33.4|33.4|17.9|17.9|2.4|2.4|0.8|25.6|25.6|39.6|28.7|38|27.2|33.4|0|10.1|0|0|0
2026-05-06 07:51:59,10.8,114.5,26.6,44.97,71.99,3.44,1,24152,0.758,2707,3,119.5|100.7|111.7|119.1|105.5|84.8|72|64.8|70.6|66.7|169.3|153.5|161|127.6|107|85.4|100.8|95|82.6|74.9|110.1|110,0|30.3|4|16.4|18|16.4|19.5|0|0.9|0.9|0|33.4|30.3|0|52|2.5|52|0.9|50.5|0.9|0|0
2026-05-06 07:52:09,15.7,120.4,26.61,44.96,71.99,3.44,1,24152,0.758,2717.1,3,79.3|77.7|105.4|80.8|116.9|133.7|55.2|55.6|55.6|55.5|122.8|97.4|116.9|88.6|83.9|95|91.4|91|69.2|66.1|98.7|98.6,13.1|28.6|17.8|8.5|30.2|27.1|8.5|5.4|5.4|3.8|25.5|0.7|30.2|2.3|30.2|0|25.5|2.3|25.5|5.4|0|0
2026-05-06 07:52:19,6.2,119.2,26.55,44.89,71.99,3.44,1,24152,0.758,2727.1,5,97.6|149.4|147.9|131.6|145.7|134.8|83|82.2|83.9|88|128.3|108.7|142.3|95.9|78.3|99.6|89.2|71|89.1|70.7|109.9|109.9,22.5|0.8|11.7|8.6|36.5|33.4|14.8|3.9|3.9|2.4|41.1|0.8|48.9|0.8|42.7|0.8|56.6|0.8|42.7|0.8|0.8|0.8
2026-05-06 07:52:30,19.7,126.6,26.52,44.83,71.99,3.44,1,24152,0.758,2737.2,5,93.8|129.8|151.8|142.8|138.3|124.7|131.6|86.7|117.1|89.1|164.9|173.4|144.3|143.4|93.8|86.4|110.6|102.3|103.9|81.5|110|110,18.3|1.4|10.6|2.9|26|27.6|10.6|0|0|0|41.5|30.7|36.8|0|27.6|19.9|50.7|0|56.9|1.4|0|0
2026-05-06 07:52:40,16.6,133.7,27.09,45.5,71.99,3.43,1,24152,0.758,2747.2,5,150.2|191.3|161.5|172.7|173.2|154.6|151.5|154.9|169.6|173.7|193.8|210.5|210.4|190|182.8|138.7|140.4|193.5|135.8|182.7|110.1|110.2,25.6|2.3|13.2|19.4|0.8|56.6|41.1|30.2|13.2|3.9|44.2|0.8|0.8|59.7|0.8|27.1|33.3|0|31.8|0|0.8|0.8
2026-05-06 07:52:50,13.2,137.5,26.99,45.26,71.99,3.43,1,24152,0.758,2757.2,5,133.1|179.3|177.4|178.3|182.8|175|119.5|129.9|133.4|150.7|188|205.4|203.1|168.8|184.8|128.3|124.6|187|124.5|178.2|110.2|109.8,20.9|0|2.3|0|2.3|34.8|3.8|2.3|0|0|34.8|2.3|44.2|31.7|41|27.1|34.8|48.8|25.5|0|0|0
2026-05-06 07:53:01,12.9,94.5,26.96,45.22,71.99,3.43,1,24152,0.758,2767.5,5,122.2|120.7|131.5|110.7|135.3|137.9|126.7|131.3|151.9|137.4|165.8|169|117.3|157.3|115.3|110.8|114.2|82.4|96.1|73.7|108.6|108.7,0.2|0.2|6.4|9.5|3.3|31.4|1.7|0|0|0.2|23.6|0.2|0|9.5|0|68.8|37.6|0.2|42.3|0.2|0.2|0.2
2026-05-06 07:53:11,7.2,95.1,26.92,45.17,71.99,3.43,1,24152,0.758,2777.6,5,91.4|74.3|116.6|108.7|123.4|107.1|111.9|125.6|141.8|105.3|90.2|72.4|106.1|84.7|82.1|131.7|96.8|81.8|76.9|53.1|109.8|109.9,22.6|2.5|21.1|28.8|11.8|10.2|31.9|10.2|13.3|2.5|39.6|2.5|41.2|1|45.8|2.5|64.4|0|27.3|1|1|1
2026-05-06 07:53:22,9.5,82.5,26.83,45.07,71.99,3.43,1,24152,0.758,2787.7,5,70.3|94.6|86.2|66.7|68.3|65.9|127.9|56.9|58.2|55.6|101.2|75.4|96|108.9|66.6|87.5|85.2|130.4|73.9|76.1|109.8|110.4,30.3|10.1|14.8|8.6|10.1|4|8.6|2.4|2.4|4|30.3|8.6|41.1|31.8|16.3|0|44.2|59.7|22.5|0|0|0
2026-05-06 07:53:32,6.8,84.4,26.84,45.07,71.99,3.43,1,24152,0.758,2797.8,3,73.8|76|68.6|77.8|60.1|68|82.4|55.5|55.6|55.7|96.9|112.5|94.5|52|63.5|80.4|76|77.9|69.1|81.1|110.1|109.6,11.4|0|16.1|11.4|14.5|8.3|12.9|9.8|0|2.1|25.4|0.5|34.7|0.5|19.2|0.5|50.3|17.6|54.9|0.5|0.5|0.5
2026-05-06 07:53:43,9.3,92.2,26.87,45.08,71.99,3.43,1,24152,0.758,2807.8,3,88.9|107|116.1|136.9|115.1|82.3|67.8|115.8|158.4|77.6|82|91.9|130.8|80.8|81|46.4|68.4|80.8|82.2|81.5|110|110.1,19.4|2.3|28.7|19.4|22.5|13.2|8.5|47.3|0.8|5.4|8.5|13.2|14.7|22.5|30.2|0.8|0.8|62.8|24|0.8|0.8|0.8
2026-05-06 07:53:53,4.2,78.9,26.82,45.03,71.99,3.43,1,24152,0.758,2817.9,3,76.4|61.2|107.4|70.8|66.1|72.3|55.9|55.6|55.7|55.9|74.1|92.2|87.5|75.7|54.8|81.2|70.3|72.3|70.3|74.4|110.3|110.1,16.4|13.3|14.8|10.2|4|7.1|0|13.3|7.1|0|0|42.7|59.7|0|14.8|0|0|27.2|27.2|0|0|0
2026-05-06 07:54:03,14.9,110.5,26.84,45.05,71.99,3.43,1,24152,0.758,2828.1,3,67.8|87.5|137.3|96.7|80|84.4|55.6|119.4|82.8|99|78.1|81.8|87.9|86.5|58.6|44.7|71.7|75.3|57.8|87.5|110.3|110.3,22.4|2.2|11.5|5.3|3.7|2.2|0.6|6.8|0.6|2.2|0|20.8|14.6|0|14.6|2.2|11.5|37.9|39.4|42.6|2.2|2.2
2026-05-06 07:54:14,17.5,111.8,26.87,45.08,71.99,3.43,1,24152,0.758,2838.2,3,79.7|74.7|120.4|74.3|79.3|105.3|70.9|56.6|105.8|70.8|99|90.1|104.1|104.4|77.5|82.9|74.7|83.2|98.2|61.8|109.8|109.9,17.8|0|22.4|8.5|8.5|2.3|2.3|2.3|33.3|2.3|31.7|0|42.6|0|19.3|0|16.2|0|67.4|0|0|0
2026-05-06 07:54:24,14.9,82.3,26.55,44.66,71.99,3.43,1,24152,0.758,2848.4,3,84.8|77|121.3|119|140.6|104|75.1|94.3|113.2|111.3|108.9|87.9|108.6|81.2|86.1|58.6|80.5|122.5|80.1|72.9|97.7|97.6,13.1|2.3|39.5|24|10|5.4|3.8|0.7|45.7|14.7|25.5|0.7|37.9|0.7|39.5|0.7|39.5|0.7|56.6|0|0.7|0.7
2026-05-06 07:54:35,19.3,87.3,26.52,44.63,71.99,3.43,1,24152,0.758,2858.6,3,71|81.6|122.6|138.4|123.5|120.3|80.1|88.3|110.4|99.3|95.6|103.4|87.3|83.5|74.1|73.1|63.8|76.7|86.2|78.8|108.4|108.4,52.1|1.1|13.5|16.5|7.3|15|1.1|1.1|15|1.1|22.7|1.1|15|0|13.5|1.1|4.2|1.1|73.7|0|0|0
2026-05-06 07:54:45,15.8,91.8,25.92,44.7,71.99,3.43,1,24152,0.758,2868.9,3,113|164.8|158.1|151.7|146|151.1|146.8|141.7|151.7|127.8|151.1|203.4|200.1|144.7|107|188.5|97.1|176.6|121.1|107.4|109.5|109.8,28.5|5.2|34.8|36.3|33.2|27|9.9|5.2|9.9|31.6|37.9|3.7|8.3|37.9|53.4|3.7|33.2|3.7|6.8|48.7|0|2.1
2026-05-06 07:54:55,9.3,83.8,25.47,44.68,71.99,3.43,1,24152,0.758,2878.9,3,63.5|67.2|110.4|85|104.9|80.5|55.5|55.3|55.5|55.3|108.2|31.1|82|82.9|61.8|86.9|71.3|61.8|59.8|61|110.1|110.2,33.7|100|18.3|12.1|19.8|0|0|0|0|0|15.2|1.3|100|1.3|10.6|1.3|1.3|1.3|100|21.4|1.3|1.3
2026-05-06 07:55:06,0.6,85.1,25.46,44.64,71.99,3.43,1,24152,0.758,2889,3,76.8|79|128.9|131.7|73.6|75.7|55.5|55.5|56|55|87.8|70.7|81.3|80.7|53|84.7|73.8|85.3|66.9|68.1|110.1|109.7,14.8|0.8|22.5|24.1|8.6|0|0.8|0.8|0.8|11.7|28.7|0.8|67.5|27.2|31.8|0.8|21|30.3|0|33.4|0.8|0.8
2026-05-06 07:55:16,10.2,115.7,25.53,44.73,71.99,3.43,1,24152,0.758,2899,3,105.8|104.1|107.9|115.4|98.8|90.6|98.4|55.5|55.6|55.6|142.9|124.1|127.2|93|105.6|94.2|81.3|82.5|84.4|91.5|108|107.8,42.7|11.8|19.5|7.1|11.8|5.6|7.1|4|4|0|39.6|18|27.2|0|22.6|0|38.1|0|21.1|0|0|0
2026-05-06 07:55:27,10.9,106.9,25.46,44.72,71.99,3.43,1,24152,0.743,2909.1,3,89.5|75|83.5|65.7|100|54.3|124.7|77.6|75.4|73.3|94.1|86.5|92.7|78.3|76|62.8|77.3|77|73.8|87.3|109.6|109.5,45.9|11.9|28.9|19.6|11.9|10.3|32|16.5|18|19.6|35.1|7.2|42.8|0|44.3|8.8|58.2|8.8|39.7|7.2|0|0
2026-05-06 07:55:37,16.4,82.2,25.46,44.78,71.99,3.43,1,24152,0.743,2919.2,3,73.3|86.4|63.6|97.5|97.2|98|95.2|57.4|55.8|62.6|131.2|107.5|102.2|88.2|70.3|74.3|65.1|73.5|52.7|72.3|110|109.6,2.7|0|1.1|0|0|1.1|2.7|4.2|1.1|0|2.7|0|22.7|1.1|21.2|0|32|0|19.7|1.1|1.1|1.1
2026-05-06 07:55:47,17.3,72.8,25.41,44.72,71.99,3.43,1,24152,0.743,2929.4,3,66.4|67.4|55.6|63|55.6|55.6|57.5|65.9|55.8|55.3|70.1|85.8|85.1|81|66.4|105.3|55.2|62.3|74.4|0|0|0,0|20.9|0.7|0.7|0.7|0.7|6.9|6.9|0.7|0|36.4|14.7|22.4|0|30.2|41|30.2|0|0|0|0|0
2026-05-06 07:55:58,25.3,110.8,25.68,45.11,71.99,3.43,1,24152,0.743,2939.3,3,99.3|115.1|0|66.4|66.4|63.6|76.5|71.5|65.1|63.3|125.3|155.8|161.9|62.4|82.2|0|95.5|81.3|75.2|0|0|0,0|47.4|2.4|8.6|5.5|4|35|25.7|7.1|7.1|0|44.3|41.2|0|38.1|2.4|39.6|0|39.6|2.4|0.9|0.9
2026-05-06 07:56:08,2.8,74.4,25.49,45.07,71.99,3.43,1,24152,0.743,2949.3,3,80.4|82|55.5|55.5|80.3|84.3|106.4|64.4|96.2|61.2|96.3|87.8|88.8|76.5|70.4|76|59.3|77.4|52.9|58|104.4|104.3,7.5|2.9|2.9|2.9|1.3|2.9|24.5|2.9|7.5|9|26|36.8|15.2|2.9|29.1|26|29.1|13.7|19.8|2.9|2.9|2.9
2026-05-06 07:56:19,3.5,67.5,25.49,45.07,71.99,3.43,1,24152,0.743,2959.2,3,112.2|123.3|109.9|120.3|106.8|106.5|136.5|134.1|157.3|151.4|139.7|195.3|144.4|204.5|101.9|87.2|110.3|130.7|106.8|101.4|110.2|109.4,12.3|3|7.7|4.6|12.3|7.7|23.1|15.4|15.4|20|27.7|4.6|30.7|0|40|13.8|29.2|3|24.6|3|0|0
2026-05-06 07:56:29,11.4,79.1,25.57,45.15,71.99,3.43,1,24152,0.743,2969.4,3,74.2|88.6|67.7|61.9|72.9|61.8|113.8|73.4|68.5|72.5|100|119.6|88.9|93.4|76.5|72.6|62|79.8|54.1|26.1|107.5|107.3,19.4|2.4|2.4|0.8|7|7|22.5|11.7|11.7|3.9|17.9|0.8|27.2|0.8|22.5|22.5|50.4|5.5|27.2|2.4|0.8|0.8
2026-05-06 07:56:39,11.5,95.6,25.61,45.11,71.99,3.43,1,24152,0.743,2979.2,3,58.8|79.1|55.5|55.6|55.5|54.9|108.6|61.9|58.3|58.2|96|84.4|73.5|86.4|74.8|72.3|65.4|78.6|48.7|74.3|109.9|109.2,10.4|1.2|1.2|0|0|0|4.3|5.8|1.2|1.2|46|0|41.3|33.6|0|12|10.4|1.2|29|0|1.2|1.2
2026-05-06 07:56:50,17.8,77.9,25.62,45.1,71.99,3.43,1,24152,0.743,2989.3,3,68.5|0|59|55.4|55.4|65.5|171.1|80.6|143.1|191|97|70.5|75.6|90.9|78.2|80.2|60.3|69.1|66.9|87.5|0|0,4.4|0|0|1.3|1.3|2.8|9|4.4|2.8|1.3|29.1|0|0|32.1|0|9|50.6|0|2.8|0|0|0
2026-05-06 07:57:00,25.3,99.5,25.68,45.13,71.99,3.43,1,24152,0.743,2999.3,4,67.4|74.4|55.7|57.4|55.8|81|111.6|81.3|147.4|75.4|85.8|80.2|82.3|84.2|68.3|77.2|76.4|88.3|59.3|86.3|110.1|109.8,6.3|1.6|1.6|0|0|1.6|4.7|3.1|0|0|15.6|3.1|4.7|12.5|4.7|48.4|35.9|0|20.3|0|0|0
2026-05-06 07:57:11,22.7,73.2,25.46,45.09,71.99,3.44,1,24152,0.743,3009.2,4,64.7|82.6|55.2|55.8|55.8|55.7|55.1|55.1|55|54.8|88.4|77.3|83.7|78|52.8|87|79.1|70.1|75.9|62.9|109.7|109.9,12.6|0.1|1.7|1.7|1.7|1.7|11.1|4.8|4.8|3.3|22|0.1|18.9|4.8|4.8|1.7|40.7|0|37.6|23.5|1.7|1.7
2026-05-06 07:57:21,20.5,100.2,25.44,45.03,71.99,3.44,1,24152,0.743,3019.2,4,77.6|87.6|82.9|85.9|0|0|137.9|68.1|72.3|75.3|82.5|77.4|108.4|0|53.9|79.2|68.1|67.9|73|69.6|0|0,10.3|1.1|2.6|0|0|0|11.9|4.1|2.6|2.6|38.2|0|25.8|0|18.1|0|41.3|41.3|44.3|0|0|0
2026-05-06 07:57:32,7.6,72.9,25.45,45.03,71.99,3.44,1,24152,0.743,3029.4,4,66.3|78.8|52.4|53.9|54.1|55.6|101.3|77.5|130.6|128.1|82.7|77.2|85.8|70.4|64.1|72.2|82.2|70.5|63.9|67.9|110|110.2,8.8|27.3|0|0|0|0|5.7|4.1|4.1|2.6|11.9|83|11.9|0|5.7|1|32|0|53.6|49|0|0
2026-05-06 07:57:42,10.9,74.2,25.56,45.14,71.99,3.44,1,24152,0.743,3039.2,4,69.7|59.9|55.6|55.5|55.7|55.8|56.8|56.4|56.6|56.9|76.4|78.3|86.3|72.9|53.8|86.7|79.4|100.9|63.8|72.9|110.4|110.2,18.1|1.1|0|0|1.1|0|2.6|16.5|8.8|5.7|0|30.4|33.5|0|18.1|0|0|69.1|56.7|0|0|0
2026-05-06 07:57:52,,74.9,25.52,45.1,71.99,3.44,1,24152,0.743,3049.1,4,58.3|69.9|55.5|55.6|55.9|55.3|55.9|75.6|74|60.3|72|76.8|82.7|75.4|47.6|83.1|63.6|78|57.7|66.5|110.3|110.1,25.8|1.1|2.7|2.7|1.1|1.1|2.7|22.8|11.9|7.3|100|41.3|36.7|0|11.9|1.1|100|55.2|66|95.4|1.1|1.1
2026-05-06 07:58:03,13.1,64.7,25.45,45,71.99,3.44,1,24152,0.743,3059,4,78.7|0|55.7|0|0|0|79.5|98.2|57.7|78.8|81.8|87.7|76.7|82.2|57.8|0|64.1|76.4|51.3|0|0|0,5.5|2.4|2.4|4|4|4|11.7|16.4|11.7|8.6|4|24.1|21|2.4|2.4|2.4|4|35|41.2|2.4|0.9|0.9
2026-05-06 07:58:13,9.8,68.6,25.44,45,71.99,3.44,1,24152,0.743,3069.1,4,83|65.6|66.2|55.4|55.6|55.7|81.3|71.4|123.7|114.5|95.7|79.9|87.3|77.2|84.5|82.4|83|80.1|75.8|69|104.6|104.7,42.4|25.2|9.6|3.4|1.8|1.8|0.3|1.8|20.5|14.3|22.1|0.3|39.2|0|40.8|14.3|26.8|1.8|11.2|1.8|0.3|0.3
2026-05-06 07:58:23,23.2,71.3,25.38,44.93,71.99,3.44,1,24152,0.743,3079.3,5,67.4|75.9|55.4|0|0|0|55|53.8|54.3|56.3|73.8|0|75.7|89.2|57.1|0|38.3|0|58.4|63.3|0|0,35.1|0|2.6|1.1|0|0|8.8|2.6|8.8|4.1|15|0|15|0|2.6|0|5.7|0|27.3|0|0|0
2026-05-06 07:58:34,15.7,70.3,25.38,44.92,71.99,3.44,1,24152,0.743,3089.2,5,80.2|76.8|55|55.5|0|0|66.4|66.3|77.5|87.7|94.3|0|81.6|0|62.4|0|48.7|0|69.9|0|0|0,17.2|0|3.2|0.1|0|0.1|0.1|0|21.9|11|15.7|0|17.2|0|12.6|0.1|7.9|0.1|50|0.1|0.1|0.1
2026-05-06 07:58:44,11.5,91.8,25.42,44.95,71.99,3.44,1,24152,0.743,3099,5,87.7|167.2|135.6|171.6|203.2|202.4|86.3|81.6|65.9|102.3|101.5|112.4|90.6|112.5|87.7|151.4|71.2|153.9|87.4|65.8|110.3|110.4,38.4|9.1|2.9|0|0|0|6|7.5|1.4|10.6|38.4|32.2|32.2|26|16.8|0|10.6|0|12.2|35.3|0|0
2026-05-06 07:58:55,1.6,82.9,25.56,45.01,71.99,3.44,1,24152,0.743,3108.9,5,77.1|79.7|55.5|55.6|55.6|55.6|73.8|75.1|59.6|130.8|105.7|75.9|64.6|79.6|64.4|86.1|71.5|74.6|60.7|69.8|110|109.8,36.8|0|9.1|0|0|0|6|4.4|2.9|24.5|50.7|24.5|41.4|56.8|15.2|0|2.9|0|41.4|46.1|0|0
2026-05-06 07:59:05,,73.4,25.57,45,71.99,3.44,1,24152,0.743,3118.8,5,88|78.3|85.3|76.7|79.2|60.9|77.1|120.9|69.8|113|100.8|89.2|78.6|92.6|64.9|69.5|61.4|76.9|69.4|86.3|110|109.6,25.7|100|2.5|1|2.5|0|1|5.6|1|5.6|21.1|87.6|0|24.2|4.1|0|8.7|1|4.1|59.8|1|1
2026-05-06 07:59:16,19.8,109.2,25.63,45.08,71.99,3.44,1,24152,0.743,3128.9,5,94.5|83.3|89.7|58.9|56.4|56.2|143.6|86.7|74.7|133.2|134.3|94.9|118.8|97.4|83.7|113.3|84.9|69.8|86.7|83.7|105.7|105.8,39.9|0|2.9|0|1.4|1.4|12.2|6|2.9|0|21.4|0|32.2|1.4|7.5|1.4|44.5|18.3|4.5|1.4|1.4|1.4
2026-05-06 07:59:26,16.9,90.7,25.43,45.08,71.99,3.45,1,24152,0.743,3138.9,5,83.5|73.4|74.9|62.7|58.9|58|162.5|74.7|82.5|79.3|94.7|92.4|93.2|93.7|73.5|50.4|74.9|78.2|74.2|72.2|102.8|102.7,25.6|0|31.8|10.1|10.1|0|33.4|7|7|8.6|42.7|0|67.5|0|27.2|0|31.8|0|24.1|0|0|0
2026-05-06 07:59:36,16.1,76.5,25.4,45,71.99,3.45,1,24152,0.743,3148.7,5,71.1|74.2|55.5|55.5|0|0|87.1|62.9|55.3|55.5|87.6|71.2|82.9|71.1|68.8|68.6|58.7|0|39|0|0|0,39.9|0|0|0|0|0|13.6|1.3|0|0|78.4|0|33.7|0|30.6|0|22.9|0|4.4|0|0|0
2026-05-06 07:59:47,16.4,79.7,25.4,45,71.99,3.45,1,24152,0.743,3158.7,5,65.3|84.4|54.2|57.1|59|55.8|82.8|65|57.4|57.1|75.6|90.1|83.8|76.1|64.2|0|63.5|0|65.1|0|0|0,9.5|43.8|0.1|9.5|0.1|3.2|23.5|6.4|14.2|14.2|0|25.1|17.3|0|29.8|1.7|26.7|1.7|20.4|1.7|1.7|1.7
2026-05-06 07:59:57,40.8,94.3,25.72,45.35,71.99,3.45,1,24152,0.743,3168.5,5,91.6|101.2|82.4|118|119.9|117.4|124.1|83.5|83.6|75.8|127.7|129.6|129.9|116.7|84.8|87.5|82.8|77.6|78.9|68|42.8|47.2,5.2|25.4|0|0|0|0|0|0|0|0|9.9|30.1|39.4|19.2|31.6|22.3|25.4|13|14.5|9.9|0|0.6
2026-05-06 08:00:08,8.9,112.3,25.79,45.45,71.99,3.45,1,24152,0.743,3178.6,5,100.2|105.9|55.5|55.6|55.6|55.5|55.6|55.5|55|55.4|124|122.6|113.2|119|84.1|92.2|82|93|90.8|78.5|55.8|60.5,28.9|13.4|0|0|0|0|0|0|0|0|42.8|49|59.8|39.7|31.9|13.4|45.9|25.8|41.2|14.9|0|0
2026-05-06 08:00:18,19.8,124.9,25.81,45.33,71.99,3.43,1,24152,0.743,3188.8,3,117.8|130.2|55.5|55.5|55.5|55.5|55.2|55.6|55.6|55.5|126.5|132.8|115.5|117.7|112.6|120.3|126.8|129.2|128.6|137|47.7|47.3,19.1|2|0.4|0.4|0.4|2|2|2|2|2|26.9|0.4|14.4|3.5|37.7|3.5|34.6|12.8|51.8|20.6|2|2
2026-05-06 08:00:28,16.6,103,25.58,45.58,71.99,3.43,1,24152,0.724,3199,3,93.9|94.4|108|104.1|114.4|114.3|114.4|111.1|112.1|108.1|108.4|105|111.4|109.5|92.7|96.1|93.2|95|93.1|96.1|49.1|45.6,48.9|5.6|35|18|70.6|62.9|72.1|56.7|48.9|36.5|65.9|11.8|78.3|5.6|41.2|13.3|35|13.3|42.7|7.1|0|0
2026-05-06 08:00:39,19.8,119.3,25.56,45.68,71.99,3.43,1,24152,0.724,3209.2,3,119.9|122.5|54.9|55.4|55.5|55.4|55.4|55.3|55.2|56|120.2|122.6|124.6|125.3|119.6|115.4|114.9|121.8|126.7|127.8|45|45,30.3|8.6|0.9|0|0|0|0|0.9|0|0|39.6|5.5|16.4|31.9|17.9|39.6|47.4|33.4|58.2|48.9|0|0
2026-05-06 08:00:49,12.9,114,25.66,45.75,71.99,3.43,1,24152,0.724,3219.3,3,98.8|76.7|55|0|0|0|0|0|55.2|0|121.8|125.3|118.3|113.2|146.7|117.9|111.4|124.2|107.2|102.6|0|0,19.1|11.3|0|0.4|0.4|0.4|0.4|0.4|0|0.4|26.9|17.5|17.5|31.5|20.7|34.7|45.6|25.3|48.7|45.6|0.4|0.4
2026-05-06 08:00:59,11.4,95.3,25.6,45.69,71.99,3.43,1,24152,0.724,3229.4,3,106.8|98.9|55.3|0|0|0|0|0|53.3|55.4|103.2|112.8|132.8|124|94.3|106.5|74.8|88.2|76.9|74.3|0|0,8.9|1.2|1.2|1.2|1.2|0|1.2|1.2|0|0|12|0|0|10.5|1.2|29|25.9|10.5|24.4|5.8|1.2|1.2
2026-05-06 08:01:10,12.7,101.3,25.58,45.68,71.99,3.43,1,24152,0.724,3239.5,3,84.5|85.8|55.7|0|54.9|0|0|55.5|55.5|55.6|103.1|122.3|121.7|122|60.4|62.3|93.8|84.4|72.3|71.8|0|0,23.6|1.8|0|0.2|0.2|0.2|0.2|0.2|0|0.2|17.4|8|22|0.2|22|14.2|29.8|1.8|26.7|4.9|0.2|0.2
2026-05-06 08:01:20,6.2,103.6,25.63,45.72,71.99,3.43,1,24152,0.724,3249.7,3,92.2|96.3|55.6|55.9|55.6|55.5|55.3|54.7|55.5|56.1|104.1|109.7|125.6|106.2|84.5|64.9|96.6|98.2|104.2|93.5|88.8|90,17.6|2|0.5|0.5|2|0.5|0.5|0.5|0.5|0.5|22.2|9.8|23.8|5.1|16|8.2|42.4|12.9|22.2|16|0.5|0.5
2026-05-06 08:01:30,6.2,109.5,25.61,45.71,71.99,3.43,1,24152,0.724,3259.7,3,72.4|88.4|55.5|55.8|52.7|56.4|55.5|56|55.7|55.8|105.5|119.1|112.3|110.9|86.3|84.6|102.8|119.5|117.8|104|79.8|74.9,16.3|3.9|0.8|0|0|0|0.8|0|0|0|13.2|8.6|24.1|0|5.5|10.1|24.1|5.5|38|16.3|0.8|0
2026-05-06 08:01:41,15.8,110.5,25.64,45.73,71.99,3.43,1,24152,0.725,3269.8,3,110.2|88.5|55.5|55.6|55.6|55.8|55.5|55.6|54.5|55.5|118.5|116.9|125.3|126.9|102.3|109.3|85.2|109.6|122.3|121.9|44.7|58.9,41|0.7|0|0|0|0|0|0|0|0|3.8|28.6|30.2|14.7|30.2|13.1|10|31.7|36.4|5.3|0|0.7
2026-05-06 08:01:51,9.1,120.4,25.65,45.73,71.99,3.43,1,24152,0.725,3279.8,3,113.5|96.5|55.6|55.7|55.6|55.5|55.6|55.8|55.5|55.6|122.5|115.8|130.2|123.9|95.1|101.3|118.3|128.2|129.1|124.7|55.2|57,28.8|0.9|0.9|0|0|0.9|0|0|0.9|0.9|5.6|22.6|25.7|13.3|25.7|10.2|8.7|31.9|39.6|7.1|0.9|0.9
2026-05-06 08:02:01,8.1,122,25.63,45.72,71.99,3.43,1,24152,0.725,3289.7,3,114.5|110.7|55.6|55.6|55.7|55.4|55.6|55.5|55.5|55.6|121.7|121.8|150|134|110.1|116.7|105|113.9|115.2|111.9|44.8|53.8,31.7|2.2|0.6|0|0|0|0|0|0|0|5.3|30.1|92.2|6.9|28.6|17.7|10|42.6|34.8|13.1|0.6|0.6
2026-05-06 08:02:11,14.8,125.3,25.66,45.76,71.99,3.43,1,24152,0.72,3299.7,3,107.4|106.4|55.6|55.7|55.6|55.5|55.7|55.5|55.6|55.6|129.1|132.6|142.1|129.7|103.8|108.3|105.7|114.2|109.2|104.1|42.6|55.2,40.7|17.2|0.1|0.1|0.1|0.1|0.1|0.1|0.1|0|34.4|26.6|68.8|31.3|54.7|17.2|61|45.3|45.3|34.4|0.1|0
2026-05-06 08:02:22,8.6,120.5,25.34,45.3,71.99,3.43,1,24152,0.72,3309.7,3,96.6|99.8|55.6|55.6|55.6|55.6|55.3|55.5|55.2|55.6|128.7|142.1|156.6|142.5|104.6|110.5|101.4|95.3|104.1|113.1|41.3|49.4,22.7|4.2|0|0|0|0|0|0|0|0|28.9|13.5|33.5|10.4|28.9|7.3|27.4|18.1|39.7|11.9|0|1.1
2026-05-06 08:02:32,14.1,116.5,25.39,45.35,71.99,3.43,1,24152,0.721,3319.7,3,116.6|117.8|55.5|55.8|55.7|55.5|55.6|55.5|55.5|55.6|131.4|143.6|127.9|140.2|112.9|106.5|100.7|94.1|105.9|104.9|42.6|58.7,24.6|6.1|1.5|0|0|0|0|0|1.5|0|33.8|27.7|87.7|9.2|27.7|7.7|23.1|12.3|43.1|29.2|0|0
2026-05-06 08:02:42,12.9,117,25.44,45.4,71.99,3.43,1,24152,0.721,3329.7,3,106.8|108.7|49.4|55.5|55.6|55.6|55.3|55.5|55.4|55.6|125.8|143.7|134.2|152|104.7|94.6|106.3|114.9|116.6|111.7|44.3|55.7,40|6.1|1.5|1.5|0|1.5|1.5|1.5|1.5|0|27.7|9.2|6.1|98.5|29.2|3.1|27.7|18.4|29.2|44.6|1.5|0
2026-05-06 08:02:53,7.9,105.4,25.51,45.39,71.99,3.43,1,24152,0.721,3339.8,3,120|117.1|55.5|55.3|55.3|55.6|55.5|55.4|55.5|55.4|133.9|132|126.8|125.2|92.4|87|79.8|76.8|106.4|108.1|41.2|59.3,14.7|6.9|0|0.7|0.7|0.7|0.7|0.7|0.7|0.7|17.8|0.7|0.7|24|20.9|10|8.5|6.9|6.9|39.5|0.7|0
2026-05-06 08:03:03,26.8,106.9,25.95,45.45,71.99,3.42,1,24152,0.721,3349.9,3,93.1|90.4|114|113.8|115.5|110.6|104.3|106.5|100.1|111.6|105.9|100|102.2|108.2|96.2|99.4|92.9|93.7|90.3|91.3|52|49.4,51.9|27|17.7|8.4|6.9|6.9|10|5.3|5.3|13.1|31.7|19.3|28.6|44.1|50.3|36.4|53.4|27|44.1|58.1|0|0
2026-05-06 08:03:13,18.1,120.9,25.52,45.34,71.99,3.36,1,24152,0.721,3360,3,116.9|120.1|54.7|55.4|55.4|55.4|55.4|55.4|55.3|55.3|128|133.9|122.4|121.1|118.4|120.3|120.8|121.8|112.2|110.7|48|46.9,56.6|28.7|0|0|0|0|0|0|0|0|22.5|20.9|28.7|30.2|59.7|38|41.1|28.7|62.8|28.7|0|0
2026-05-06 08:03:24,7,98.3,25.61,45.4,71.99,3.36,1,24152,0.721,3370.2,3,119.9|96.6|55.6|50|55.5|55.7|56|55.5|55.2|55.9|121.1|130.2|139.5|136.9|103.2|103.2|89.9|88.5|89.6|77.5|60|60,49|7.3|0|1.1|0|0|0|0|1.1|0|33.5|16.5|33.5|15|32|10.3|25.8|5.7|18.1|11.9|0|0
2026-05-06 08:03:34,13.1,108.6,25.56,45.38,71.99,3.36,1,24152,0.721,3380.2,3,120.5|115|55.5|55.7|55.5|55.8|55.9|55.7|55.5|55.9|110.3|112.7|121.1|125.1|104.2|97.3|96.2|87.1|103.9|101|53.8|42.9,36.7|15.1|0|1.3|0|0|0|0|0|0|29|12.1|30.6|12.1|27.5|15.1|24.4|21.3|29|19.8|0|0
2026-05-06 08:03:44,6.9,101.6,25.52,45.34,71.99,3.36,1,24152,0.721,3390.4,3,119|136.9|55.6|55|55.5|55.6|55.4|55.6|55.6|55.5|118.6|111.5|128.4|127.6|122.2|122|118.2|111.3|115|120.8|46.9|46.9,2.6|24.2|0|1.1|1.1|1.1|1.1|0|0|0|4.1|30.4|27.3|11.9|36.6|13.4|39.7|11.9|36.6|32|0|0
2026-05-06 08:03:55,7.7,97.9,25.49,45.31,71.99,3.36,1,24152,0.722,3400.5,3,106.7|123.6|41.4|55.5|55.3|55.4|55.5|55.8|55.7|55.2|101.3|112.6|101.5|90|101.4|92.8|81.2|70.6|71.4|53|45.3|45.3,4.9|29.9|0|0.3|0.3|0.3|0.3|0.3|0.3|0.3|0|25.2|26.8|3.4|20.5|4.9|15.9|6.5|22.1|22.1|1.8|1.8
2026-05-06 08:04:05,5.4,98.9,25.48,45.3,71.99,3.36,1,24152,0.722,3410.6,3,87.2|106.9|54|0|0|0|0|0|0|55.5|107.9|114.9|104.3|106.5|87.9|99.6|91.3|89.1|67|66|0|0,1.9|25.2|0.3|0|0|0|0|0|0|0.3|0.3|26.8|23.7|0.3|17.4|8.1|14.3|9.7|12.8|5|0|0
2026-05-06 08:04:15,7.3,116,25.44,45.24,71.99,3.36,1,24152,0.722,3420.5,3,93.4|84.7|55|55.5|55.7|55.5|55.6|55.5|55.6|55.6|130|140.7|116.5|122.4|114.5|127.9|130.2|135.1|152.8|154.2|55.8|55.7,12.9|2|0.4|0.4|0.4|0.4|0.4|0.4|0.4|0.4|23.7|5.1|16|9.7|28.4|12.9|34.6|17.5|31.5|19.1|0.4|0.4
2026-05-06 08:04:26,6.8,105.2,25.42,45.22,71.99,3.36,1,24152,0.723,3430.5,5,88.4|53.6|49.4|0|0|0|0|0|0|0|120.4|126.4|96.4|102|98|77.8|110.7|92.1|75.7|72.3|63.9|0,10.6|1.3|0|0|0|0|0|0|0|0|38.3|9.1|32.2|7.5|26|16.8|33.7|21.4|29.1|13.7|0|0
2026-05-06 08:04:36,9.5,109.8,25.44,45.23,71.99,3.36,1,24152,0.723,3440.5,5,85.6|68.7|55.4|0|0|55.4|55.6|0|0|55.5|130.3|126|103.3|95.8|101.5|89.6|99.8|98.2|95.2|94.7|0|0,6.6|0.4|0|0.4|0.4|0.4|0.4|0.4|0.4|0.4|34.6|0.4|12.8|0.4|39.3|11.3|23.7|1.9|9.7|5|0.4|0.4
2026-05-06 08:04:46,10,126.2,25.45,45.23,71.99,3.36,1,24152,0.723,3450.5,5,114.2|106.7|55.5|55.8|55.7|55.3|55.5|52.1|55.7|55.7|121.2|125.1|125.8|120.3|123.4|121.2|112.3|101.4|107|113.8|45.1|56.1,30|11.3|0|0.4|0.4|0.4|0.4|0.4|0.4|0.4|28.4|16|12.9|30|20.7|51.8|39.3|26.9|72|48.7|0.4|0.4
2026-05-06 08:04:56,12.4,103.7,25.41,45.19,71.99,3.36,1,24152,0.723,3460.6,5,72.3|78.8|55.8|0|54|53.5|0|0|0|0|106|92.9|120.6|115.5|90.8|107.3|111.3|108.2|85.8|84.3|0|0,8.8|2.6|1|0|1|1|0|0|0|0|15|1|1|19.6|10.3|25.8|27.3|5.7|21.1|13.4|0|0
2026-05-06 08:05:07,7.1,95,25.42,45.2,71.99,3.36,1,24152,0.723,3470.7,5,82.5|86.2|55.5|54.5|55.2|55.7|55.5|55.5|55.6|55.1|108|105.9|112.3|121.4|96.3|103.4|92.1|83|95.7|71.2|70.6|58.8,10.8|4.7|0.1|0.1|0.1|0.1|0.1|0.1|1.6|0.1|15.4|0.1|15.4|3.1|17|4.7|37|10.8|21.6|6.2|0.1|0.1
2026-05-06 08:05:17,13.3,111,25.5,45.28,71.99,3.36,1,24152,0.723,3480.7,5,115.7|111.3|55.6|55.6|55.6|55.6|55.2|55.6|55.6|55.5|124.3|126.3|119.7|125.1|118.2|123|132.8|153.8|136.2|151.7|48.7|48.7,17.7|3.7|0.6|0.6|0|0|0|0|0|0|17.7|5.3|19.2|9.9|13|9.9|27|5.3|47.2|16.1|0|0
2026-05-06 08:05:27,14.5,118.8,25.44,45.26,71.99,3.23,1,24152,0.723,3490.8,5,113.8|116.3|55.5|55.5|55.5|55.5|55.5|55.5|55.5|55.5|122.5|131.4|123|128.5|112|116.1|105.8|112.5|103.8|107.9|45|44.6,34.8|6.8|0.6|0.6|0.6|0.6|0.6|0.6|0.6|0.6|22.3|9.9|34.8|5.2|8.4|9.9|42.5|13|45.6|28.5|0.6|0.6
2026-05-06 08:05:38,8.7,110.5,25.14,45.21,71.99,3.23,1,24152,0.723,3500.8,5,114.3|103.9|55.1|55.1|55.3|55.3|55.3|55.3|55.3|55.3|110.9|113.8|115.2|111.6|105.2|108.7|126.1|124.9|128.7|124.5|52.5|53.5,26.8|8.1|0.3|1.9|1.9|1.9|1.9|1.9|1.9|1.9|1.9|14.4|17.5|12.8|23.7|14.4|26.8|59.5|31.5|14.4|1.9|0.3
2026-05-06 08:05:48,9.8,122.1,25.19,45.23,71.99,3.23,1,24152,0.723,3510.9,3,104.9|116|55.5|55.5|55.5|55.6|55.4|55.8|55.6|55.5|107.3|109.1|135.9|126|114.9|110.4|116.5|126.1|130.2|126.2|46.6|47.9,19.1|6.6|0|0|0.4|0.4|0.4|0.4|0.4|0.4|9.7|28.4|28.4|11.3|33.1|25.3|17.5|33.1|48.6|20.6|0|0.4
2026-05-06 08:05:58,6.4,117.7,25.15,45.19,71.99,3.23,1,24152,0.725,3520.9,3,112|99.5|55.4|55.4|55.4|55.3|55.4|55.4|55.4|55.4|114.1|117.2|119.8|127|95.8|94.3|131.7|132.8|127.7|133.9|52.8|54.6,36|17.3|0.1|0.1|0.1|0.1|0.1|0.1|0.1|1.7|17.3|37.6|43.8|25.1|32.9|29.8|20.4|40.7|51.6|25.1|0.1|0.1
2026-05-06 08:06:09,5.5,116.1,25.16,45.2,71.99,3.23,1,24152,0.725,3531,3,131.4|122.3|55.6|55.5|55.6|55.6|55.5|55.6|55.6|55.6|121.9|108.1|107.3|101.6|127.3|129.8|114.1|104.1|126.6|138.8|54.1|56.7,34.6|11.3|0|0|0|0|0|0|0|0|14.4|1.9|25.3|3.5|31.5|8.2|33.1|20.6|47.1|19.1|0|0
2026-05-06 08:06:19,9.7,122.5,25.19,45.24,71.99,3.23,1,24152,0.725,3540.9,3,128.4|126.3|54.5|54.9|54.7|54.7|54.8|54.7|54.9|54.7|121.5|122.7|117.2|119.3|109.8|109.9|109.1|103.9|134.1|113.4|54.5|57.6,26.7|11.1|0.1|0|0|0|0|0|0|0|25.1|11.1|20.4|9.5|26.7|11.1|32.9|37.6|45.4|18.9|0|0
2026-05-06 08:06:29,7.9,111.7,25.17,45.21,71.99,3.23,1,24152,0.725,3551,3,126.1|130.3|55.6|55.6|55.6|55.6|55.5|55.6|55.5|55.6|129.6|128.6|105.3|107.1|108|104.7|102.7|89.8|123|130.5|50.5|56,25.1|4.9|0|0|0|0|0|0|0|0|26.7|8|25.1|6.4|23.6|18.9|15.8|11.1|48.5|29.8|0|0
2026-05-06 08:06:39,8.2,116.3,25.17,45.21,71.99,3.23,1,24152,0.726,3561,3,132.7|123.5|54.3|55|55|55|54.9|54.9|54.5|54.6|127.3|147.1|98.4|120.5|124.4|124.9|103.6|110.2|109.4|121.4|54.8|54.5,22.3|3.7|0.6|0.6|0.6|0.6|0.6|0.6|0.6|0.6|27|5.3|6.8|33.2|27|9.9|5.3|6.8|19.2|39.4|0.6|0.6
2026-05-06 08:06:50,11.9,106.4,25.2,45.25,71.99,3.23,1,24152,0.726,3571.1,3,118.6|122.9|55.5|55.3|55.4|55.4|55.1|55.5|55.5|55.4|122.7|127.8|116.9|122.6|93.6|95.4|92.9|80.4|120.8|127.7|66.8|46.5,33|8|0|0|0|0|0.3|0|0|0|26.7|8|15.8|36.1|23.6|3.4|14.3|12.7|19|28.3|0|0
2026-05-06 08:07:00,8.3,104.3,25.55,45.72,71.99,3.23,1,24152,0.726,3581.3,3,93.7|93.6|55.5|55.5|55.6|55.7|55.6|55.5|55.6|55.6|121.9|134.9|110.5|112.5|97.3|82.9|74|68.6|127.4|124.6|54.7|54.8,19.5|7.1|0|0.9|0.9|0.9|0.9|0.9|0|0.9|21|2.5|5.6|16.4|14.9|2.5|13.3|7.1|5.6|44.3|0.9|0.9
2026-05-06 08:07:11,10.5,122.2,25.56,45.67,71.99,3.23,1,24152,0.726,3591.4,3,124.1|127|55.6|55.3|55.3|55.5|55.5|55.6|55.4|55.6|135.9|132.9|135.8|135.1|116.5|127.2|113.8|109.7|115.3|101.3|54.5|54.9,39.1|1.6|0|0|0|0|0|0|0|0|18.8|4.7|17.2|0|31.3|3.1|7.8|3.1|9.4|0|0|0
2026-05-06 08:07:21,7.4,101,25.57,45.65,71.99,3.23,1,24152,0.726,3601.5,3,126.1|118.9|55.6|55.7|55.2|46.8|55.3|55.6|55.6|55.8|106.8|99.5|123.9|103.9|129.1|84|94.6|62|71.4|57.4|68.7|43.1,29|8.9|0|0|0|0|0|0|0|0|13.6|2.8|22.8|5.8|16.7|4.3|8.9|10.5|5.8|15.1|0|0
2026-05-06 08:07:31,12.1,126.4,25.61,45.67,71.99,3.23,1,24152,0.726,3611.6,3,138.2|142.9|55.6|55.5|55.7|55.3|55.4|54.1|55.6|55.6|120.2|126|122.1|124.5|132.4|141.5|130.8|137.2|97.6|111.3|44.5|44.6,33.9|9.3|1.6|1.6|0|1.6|1.6|1.6|1.6|1.6|26.2|7.7|21.6|3.1|49.3|9.3|44.6|21.6|24.6|4.7|1.6|1.6
2026-05-06 08:07:41,11.5,130.2,25.52,45.66,71.99,3.23,1,24152,0.726,3621.8,3,143.1|142.7|55.8|0|53.8|55.5|0|0|55.5|0|143.4|134.6|132.6|140.6|137.9|147.8|98.8|100.6|110.3|100.2|0|0,4.1|41.2|1|0|1|1|0|0|1|0|1|24.2|31.9|7.2|47.4|8.7|33.5|14.9|13.3|8.7|0|0
2026-05-06 08:07:52,10.4,129.4,25.47,45.65,71.99,3.23,1,24152,0.726,3632,3,124.9|139.5|53.6|55.4|0|0|55.5|54.5|0|55.1|123.7|126.2|126.7|136.2|133|145.5|121|136.2|86.8|80.5|0|0,0|58|0|0.5|0.5|0|0|0.5|0.5|0|2.1|31.6|33.1|0|54.9|5.2|22.3|6.7|6.7|2.1|0.5|0.5
2026-05-06 08:08:02,11.2,127.3,25.47,45.63,71.99,3.23,1,24152,0.726,3642,3,123.8|135.4|54.4|55.2|55.4|55.7|55.3|55.6|55.7|55.6|119.1|120.5|134.8|130.7|140.3|143.1|109.1|86.7|110|123.2|45.5|45.4,6.9|34.8|0.7|0.7|0.7|0.7|0.7|0.7|0.7|0.7|5.3|25.5|36.4|5.3|50.3|28.6|39.5|16.2|19.3|5.3|0.7|0.7
2026-05-06 08:08:12,9.8,101.2,25.44,45.61,71.99,3.23,1,24152,0.727,3652.2,3,87.4|78.1|55.5|55.6|55.6|55.5|55.6|55.6|55.5|55.5|124.6|110|110|109.4|120.4|110.8|100.7|90.7|89.3|78.9|57.2|57.2,5.5|0|0|0|0|0|0.9|0|0|0|22.6|2.4|24.1|2.4|36.5|2.4|19.5|8.6|21|0|0|0
2026-05-06 08:08:23,12.4,109.4,25.46,45.66,71.99,3.23,1,24152,0.727,3662.2,3,87.2|78.9|55.6|55.7|55.7|48.4|55.6|55.5|54|55.3|120.6|110.8|102.9|100.7|121.6|98.8|107.9|92.9|58.4|67.4|47.9|45.2,0.4|1.9|0.4|0.4|0.4|0.4|0.4|0.4|0.4|0.4|25.3|1.9|14.4|0.4|47.1|0.4|17.5|5|8.1|3.5|0.4|0.4
2026-05-06 08:08:33,7,99.1,25.43,45.61,71.99,3.23,1,24152,0.727,3672.1,3,77.6|85.8|55.4|55.4|55.6|55.9|55.9|52.6|55.7|55.2|120.1|116.5|108.9|89.5|120.2|92.8|91.4|74.2|66.9|70.6|58.8|64.6,6.8|5.2|0.5|0.5|0.5|0.5|0.5|0.5|0.5|0.5|20.7|0.5|11.4|0.5|40.9|5.2|19.2|6.8|8.3|16.1|0.5|0.5
2026-05-06 08:08:43,6.6,108.3,25.44,45.62,71.99,3.23,1,24152,0.727,3682.2,3,71.2|86.1|55.6|55.8|55.5|55.5|55.9|55.6|55.6|55.4|121.5|115.1|99.9|99.4|124.5|129.8|97.6|75.2|70.8|70.6|50|44,6.6|1.9|0.4|0.4|0.4|0.4|0.4|0.4|0.4|0.4|25.3|0.4|0.4|12.8|5.1|36.2|22.2|17.5|11.3|17.5|0|0
2026-05-06 08:08:54,7.3,95.9,25.42,45.61,71.99,3.23,1,24152,0.727,3692.3,3,77.3|89.1|53.4|55.6|55.7|55.5|55.6|55.4|55.5|55.5|127.4|126.4|104.2|113.6|125.5|130.8|97.4|106.3|81.7|77.8|58.1|58.1,3.6|0.5|0|0|0|0|0|0|0|0|16.1|0.5|0.5|14.5|3.6|40.9|17.6|6.8|13|16.1|0|0
2026-05-06 08:09:04,8,103.5,25.42,45.61,71.99,3.23,1,24152,0.727,3702.3,3,79.4|85.8|52.7|55.1|55.6|0|0|0|0|55.6|112.6|113.9|100.6|95.3|99.7|119.4|98.1|80.7|74.7|57.6|58.1|67.3,2.1|3.7|0.6|0.6|0.6|0.6|0.6|0.6|0.6|0.6|22.3|0.6|3.7|19.2|9.9|34.8|28.6|14.6|0.6|13|0.6|0.6
2026-05-06 08:09:14,5.3,93.3,25.42,45.61,71.99,3.23,1,24152,0.727,3712.4,3,106.1|105.4|55.6|55.6|0|0|0|0|0|55.4|115.8|122.5|125.4|105.7|76.8|80.8|120.8|121.8|102.9|100.4|0|0,39.9|13.7|0|1.4|0|0|0|0|0|0|18.3|2.9|30.7|2.9|15.2|10.6|47.6|13.7|58.4|9.1|0|0
2026-05-06 08:09:25,8.7,105,25.41,45.61,71.99,3.23,1,24152,0.727,3722.4,3,84.1|78.7|55.7|0|0|53.4|55.7|55.6|55.3|0|104.5|90.3|101.2|107.3|57.9|64.3|122.1|98.9|90.5|68.7|0|0,7|5.4|0.8|0|0|0.8|0|0|0|0|7|0.8|13.2|5.4|11.6|10.1|28.7|3.9|33.3|5.4|0|0
2026-05-06 08:09:35,7.1,105.5,25.48,45.69,71.99,3.23,1,24152,0.728,3732.5,3,82.9|86|55.7|55.6|0|0|0|0|0|0|102.7|97.8|109.2|114.2|79|72.4|128.7|118.9|100|63.4|0|0,18.4|4.5|1.4|1.4|1.4|1.4|1.4|1.4|1.4|1.4|29.1|12.2|43|12.2|13.7|10.7|39.9|6|30.7|6|1.4|1.4
2026-05-06 08:09:45,5.5,118.2,25.58,45.63,71.99,3.23,1,24152,0.728,3742.5,3,127.2|127.5|55.5|55.3|55.6|55.5|55.5|55.5|55.5|55.5|110|113.8|129.7|132.8|121.8|130.3|151.2|140|123|113.2|50.3|50.4,23.7|5.1|0.4|0|0.4|0.4|0.4|0.4|0.4|0.4|11.3|31.5|33.1|17.5|33.1|23.7|20.6|58|56.4|22.2|0.4|0.4
2026-05-06 08:09:56,8.8,116.1,25.49,45.59,71.99,3.23,1,24152,0.728,3752.5,3,114.8|91.9|55.6|55.5|55.6|55.6|55.6|55.6|55.5|55.5|110.6|118|125.4|115|97.5|100.1|117.7|119.8|125.3|135.8|50.8|50.8,16|6.7|0.4|0.4|0|0.4|0.4|0.4|0.4|0.4|0.4|19.1|26.9|0.4|8.2|11.3|17.5|48.7|17.5|12.9|0.4|0.4
2026-05-06 08:10:06,10.2,113.5,25.53,45.61,71.99,3.23,1,24152,0.728,3762.7,3,122.9|113.3|55.3|55.1|55.2|55.2|55.2|55.2|55.2|55.2|117.7|117.3|108.8|110.1|120|112.7|121.5|123.1|121.7|119.4|46.7|45.8,12.9|3.5|0|0|0|0|0|0|0|0.4|3.5|22.2|28.4|2|11.3|11.3|14.4|36.2|28.4|22.2|0|0
2026-05-06 08:10:16,13.9,130.2,25.67,45.71,71.99,3.23,1,24152,0.728,3772.7,3,130.3|116.1|55.4|54.7|55.3|55.3|55.2|55.3|55.3|55.3|124|131.2|123.8|119|118.8|133.2|114.6|126.1|127|131.9|51.7|48.5,14.7|5.4|0|0.7|0|0.7|0.7|0.7|0.7|0.7|22.4|2.3|20.9|3.8|16.2|0.7|13.1|10|39.5|10|0.7|0.7
2026-05-06 08:10:26,9,115.6,25.61,45.67,71.99,3.23,1,24152,0.728,3782.6,5,96.6|100.9|55.6|55.6|55.5|55.6|55.6|55.5|55.6|55.6|96.6|94.9|115.6|111.9|83.4|67|65.9|64.7|133.3|101.2|53.9|54,16.1|0.6|0|0|0|0|0|0|0|0|14.5|0.6|14.5|2.1|16.1|2.1|2.1|8.3|39.4|8.3|0|0
2026-05-06 08:10:37,5.5,147.8,25.59,45.67,71.99,3.23,1,24152,0.728,3792.6,5,135.2|101.4|55.5|55.3|56|55.6|55.3|55.6|55.5|55.2|136.6|116.7|153.3|128.4|91.1|88.2|115.6|123|164.5|138.7|45.1|45.3,1|0|1|1|1|1|1|1|1|1|21.1|0|11.8|31.9|1|0|1|0|8.7|35|0|1
2026-05-06 08:10:47,11.6,129.4,25.31,45.61,71.99,3.26,1,24152,0.697,3802.7,5,119.8|91.7|55.6|0|55.5|0|0|55.4|0|0|130.1|123.2|88.8|124.6|85.9|96.4|62.3|56|126.5|122.2|64.3|0,40.8|11.2|0|0|0|0|0|0|0|0|40.8|8.1|9.6|43.9|34.6|14.3|15.9|11.2|14.3|56.4|0|0
2026-05-06 08:10:57,5.9,93.2,25.04,45.55,71.99,3.28,1,24152,0.697,3812.7,5,112.9|96.9|56.5|56.7|55.4|55.5|55.6|64.8|55.5|55.5|126.4|119.7|100.3|114.4|104.9|98.4|90|79.7|99.2|112.7|50.9|66.2,19.2|0.6|2.1|3.7|5.2|6.8|3.7|6.8|3.7|2.1|22.3|3.7|5.2|27|20.8|9.9|8.3|9.9|3.7|51.8|0.6|0.6
2026-05-06 08:11:08,7.3,104.1,25.15,45.64,71.99,3.28,1,24152,0.697,3822.7,5,95|88.6|55.6|55.5|55.5|55.5|55.5|55.5|55.6|55.6|126.5|137.1|121.7|117.9|82.5|64.3|60.3|54.4|91.7|111.4|63.5|64.1,45.6|0.5|0|0|0|0|0|0|0|0|20.7|2|11.4|2|16|8.3|6.7|2|12.9|3.6|2|0.5
2026-05-06 08:11:18,8.3,118.4,24.92,45.5,71.99,3.28,1,24152,0.697,3832.9,5,119|116.6|55.5|55.5|54.8|53.7|55.5|55.5|55.6|55.7|129.6|131.9|124.6|127|118.8|119|113.1|117.2|109.5|115.6|40.4|40.2,42.9|0|0|1.3|1.3|0|1.3|1.3|1.3|1.3|19.8|4.4|15.2|4.4|29|5.9|19.8|5.9|13.6|9|1.3|1.3
2026-05-06 08:11:28,12,119.3,24.5,45.44,71.99,3.28,1,24152,0.697,3843,5,125.3|129.5|53.7|0|0|0|55.2|0|46.7|0|125.8|129.4|123.5|132.2|123.3|126.6|119.3|118.6|99.4|85.7|55.1|0,61.3|5.5|0.9|0.9|0.9|0.9|0|0.9|0.9|0.9|21|5.5|24.1|5.5|39.6|7.1|41.2|5.5|24.1|2.4|0.9|0.9
2026-05-06 08:11:39,13,120.8,24.59,45.35,71.99,3.28,1,24152,0.697,3853.2,5,126.6|124.4|52.7|55.6|55.5|55.3|55.8|55.5|55.6|55.6|132.8|129.5|129.4|138.1|118.5|115.1|117.9|125.7|73.3|63.5|43.7|43.7,0|38.3|0|0|0|0|0|0|0|0|0|35.2|35.2|1.3|46|1.3|33.7|2.8|21.3|4.4|0|0
2026-05-06 08:11:49,9.2,120.4,24.71,45.37,71.99,3.28,1,24152,0.697,3863.4,5,127.2|126|54.1|53.4|55.5|55.7|55.3|55.5|55.6|55.7|129.8|129.9|131.3|133.8|123|124.8|112.5|117.7|81.1|100.5|45.3|45.2,0|41.2|0|0.9|0.9|0.9|0.9|0.9|0|0.9|0.9|28.8|27.2|0.9|47.4|5.5|21|2.4|21|7.1|0.9|0.9
2026-05-06 08:11:59,15.7,117.8,24.64,45.12,71.99,3.28,1,24152,0.697,3873.5,5,112|114.2|55.5|55.5|55.5|54.6|55.5|55.5|55.5|55.5|126.8|126.6|124.8|126.8|113.6|113.5|112.9|111.5|112.3|114.1|45.9|45.1,3|58.4|1.5|1.5|1.5|1.5|1.5|1.5|1.5|1.5|0|23|26.1|13.8|32.3|7.7|18.4|1.5|26.1|7.7|1.5|1.5
2026-05-06 08:12:10,10.3,118,24.62,45.08,71.99,3.28,1,24152,0.697,3883.6,5,114.4|89.6|55.6|55.3|55.9|55.7|53.5|55.6|55.6|55.5|127.7|130.8|122.4|131.4|118.5|126.7|120.8|125.6|108.9|99.1|51.8|42.2,13.6|10.5|0|0|0|0|0|0|0|0|21.3|2.8|41.4|4.3|36.7|1.2|42.9|10.5|30.6|7.4|0|0
2026-05-06 08:12:20,11.8,121.3,24.8,45.07,71.99,3.28,1,24152,0.697,3893.8,5,78.3|63.3|54.6|55.4|55.6|55.7|55.7|52.6|55.5|55.7|134.7|137.4|136.2|138.6|126.3|124|124.6|130.6|104.8|104.9|42.6|42.9,18.9|9.5|0|0.1|0.1|0.1|0.1|0.1|0.1|0.1|18.9|9.5|25.1|6.4|39.1|7.9|48.5|12.6|34.5|4.8|0.1|0.1
2026-05-06 08:12:30,9.3,118.9,24.64,44.99,71.99,3.31,1,24152,0.697,3903.9,3,92.2|99.8|54.3|55.5|55.6|55.5|55.5|55.5|55.6|55.5|135|135.9|134.1|125|124.8|123.7|126.7|126.5|105.1|108.9|48.7|49.6,18.9|1.8|0|0.2|0.2|0.2|0.2|0.2|0.2|0.2|26.7|0.2|37.6|1.8|39.2|4.9|43.9|4.9|37.6|3.4|0.2|0.2
2026-05-06 08:12:40,9.2,126.5,24.71,44.99,71.99,3.31,1,24152,0.697,3914.1,3,96.8|88.3|53.8|0|0|0|0|0|55.3|0|132.9|134|128.3|128|122.8|123.8|123.4|128.2|114.5|106.9|55.6|0,13.8|6.1|0|1.5|0|1.5|1.5|1.5|0|1.5|23|3|1.5|21.5|1.5|41.5|49.2|4.5|33.8|6.1|1.5|1.5
2026-05-06 08:12:51,9.3,122.4,24.59,44.98,71.99,3.31,1,24152,0.697,3924,3,87.2|99|49.9|0|0|0|0|0|0|55.7|136.3|136.8|130.6|130.2|122.9|126.5|126.5|123.9|113.7|113.6|54.7|54.2,19.5|5.6|0|0|0|0|0|0|0|0|41.2|10.2|16.4|45.8|18|58.2|48.9|14.9|55.1|19.5|2.5|1
2026-05-06 08:13:01,14.6,122.6,24.64,45.06,71.99,3.31,1,24152,0.697,3934,3,102.2|110.5|55.5|55.5|56.1|56|55.3|55.7|56.6|54|134.5|136.1|133.7|131.8|121.7|125.1|125|120.8|108.3|101.5|43.8|44,12.1|1.3|0|1.3|1.3|1.3|1.3|1.3|1.3|1.3|29|0|1.3|36.7|1.3|41.4|47.5|0|22.9|2.8|1.3|1.3
2026-05-06 08:13:11,8.7,120.1,24.66,45.1,71.99,3.31,1,24152,0.731,3944.1,3,110.2|103.3|53.3|56.1|56.1|55|55.8|55.4|55.5|55.6|133.2|136.4|131.3|140.1|77.8|72.5|122.9|123.9|123.2|117|43.9|43.9,29.8|4.8|3.2|3.2|3.2|3.2|3.2|3.2|3.2|3.2|23.5|3.2|31.3|1.7|7.9|3.2|50|4.8|51.6|6.3|3.2|3.2
2026-05-06 08:13:22,8.4,119.1,24.63,45.1,71.99,3.31,1,24152,0.731,3954.1,3,111.8|97.7|53.9|53.8|55.2|56|55.2|54.1|55.5|55.4|133.9|139.1|128.9|138.6|86.1|71.4|124.1|128.9|123.8|116.3|53.4|49.1,33.3|6.9|0|0|0|0|0|0|0|0|36.4|5.4|24|8.5|17.8|11.6|55|8.5|50.4|11.6|0|0
2026-05-06 08:13:32,9.4,123.3,24.44,45.01,71.99,3.31,1,24152,0.731,3964.2,3,111|102.5|53.9|55.4|54.8|55.3|55.7|55.3|54.2|55.6|133.5|141|128.8|136.2|81.6|86.6|121.9|124.6|118.5|126.5|45|44.8,13.5|2.7|0|1.1|0|1.1|1.1|1.1|1.1|1.1|33.6|7.3|24.3|4.2|4.2|2.7|49|11.9|44.4|10.4|1.1|1.1
2026-05-06 08:13:42,11.5,120.6,24.46,45.02,71.99,3.31,1,24152,0.731,3974.2,3,107.6|104.8|49.3|55.2|55.2|55.4|54.1|55.6|55.4|55.6|131.8|130.9|133.3|132.8|92.7|95.4|123.4|123.5|125.2|116.2|45|44.9,32|7.3|0|1.1|1.1|1.1|1.1|0|1.1|1.1|2.7|19.7|19.7|5.8|15|5.8|18.1|35.1|28.9|16.6|1.1|1.1
2026-05-06 08:13:53,9.3,119,24.47,45.04,71.99,3.31,1,24152,0.731,3984.3,3,115.7|115.2|55.5|55.4|54.8|54.9|55.5|55.5|55.4|55.6|130.7|127.6|126.6|136.6|107.8|99.9|123.1|114.9|116.2|118.9|42.6|42.6,26.7|8|0.2|0.2|0|0|0|0|0.2|1.7|1.7|37.6|22|11.1|6.4|6.4|11.1|42.3|53.2|14.2|0.2|0.2
2026-05-06 08:14:03,21.5,120.4,24.55,45.04,71.99,3.31,1,24152,0.731,3994.2,3,115.7|113.7|55.6|55.3|55.3|55.7|53.4|55.6|55.8|55.3|133.6|132.8|132.4|135.3|91|81.6|121.4|116.7|119.8|116.7|48.2|44.8,16.1|0|0|0|0|0|0|0|0|0|2.1|25.4|23.9|0.6|14.6|0.6|6.8|50.3|47.2|16.1|0|0
2026-05-06 08:14:13,9.9,118.2,24.76,45.09,71.99,3.31,1,24152,0.731,4004.4,3,115.8|112.2|55.6|53.6|55.4|55.5|55.5|55.4|55.4|55.5|140.4|139.4|131.1|134.8|107.4|117|88.9|94.1|105.8|106|47.6|47.1,33.4|8.7|0|0|0|0|0|0|0|0|55.1|22.6|36.5|17.9|28.8|8.7|33.4|27.2|52|27.2|0|0
2026-05-06 08:14:24,9.6,117.2,24.75,45.04,71.99,3.31,1,24152,0.731,4014.5,3,127.2|129.3|55.2|55.9|55.4|52.8|55.7|55.6|55.7|55.2|135.5|142|128.5|138.5|103.7|90.6|84.1|79|118.5|127.3|43.6|43.5,53.8|1.4|0|0|0|0|0|0|0|0|27.6|0|29.1|1.4|13.7|6|7.5|1.4|47.6|9.1|0|0
2026-05-06 08:14:34,11,119,24.66,45.04,71.99,3.31,1,24152,0.731,4024.7,3,125.1|120|55.5|55.6|55.5|55.7|55.6|55.6|55.7|55.5|135.3|139.6|128.7|136.8|109.2|91.8|78.5|79.1|121.5|127.3|46.3|51.6,45.9|0|0|0|1.1|0|0|1.1|0|0|28.9|0|30.5|0|22.8|5.8|4.2|2.7|53.7|7.3|1.1|0
2026-05-06 08:14:44,7.7,121.7,24.66,45.04,71.99,3.31,1,24152,0.731,4034.9,3,127.4|132.2|55.8|0|54.9|55.6|0|0|0|0|131.5|137.4|136.6|134.5|101.4|104.6|75.9|80|126|125.4|54|0,39.8|2.8|1.2|0|1.2|1.2|0|0|0|0|24.4|0|0|32.1|13.6|2.8|13.6|0|2.8|55.2|2.8|0
2026-05-06 08:14:55,15.7,104.2,24.97,45.18,71.99,3.31,1,24152,0.731,4044.5,5,120.4|118.8|115.2|64.2|71.2|65.8|58.8|61.2|60.2|115.4|130.6|129.9|130.9|131.5|114.9|113.3|105|116|123.5|121.6|53.2|54.1,30.7|7.6|0|0|0|0|0|0|1.4|0|21.4|19.9|19.9|33.8|32.2|19.9|26|16.8|23|44.5|0|0
2026-05-06 08:15:05,24.3,111.7,25.21,45.23,71.99,3.3,1,24152,0.731,4054.2,5,117.8|110.8|55.2|55.5|55.7|55.6|55.4|54.3|55.4|54.5|129|128.7|130.3|128.5|111.9|118|100.5|94.3|119.3|116.1|46|51.7,45.6|11.4|0|0|0.5|2.1|0.5|0.5|0.5|2.1|25.4|9.9|8.3|26.9|51.8|26.9|28.5|16.1|23.8|51.8|0.5|0.5
2026-05-06 08:15:15,13.1,119,25.25,45.13,71.99,3.3,1,24152,0.731,4064.5,5,119.3|116.4|55.3|55.5|55.5|55.5|55.4|55.6|55.4|55.5|128.9|132.5|127.9|129.4|111.4|114.5|118.4|121.8|104.8|118.8|52.1|45.4,50.6|33.6|1.2|2.7|2.7|2.7|2.7|1.2|0|1.2|24.4|19.7|21.3|19.7|39.8|30.5|46|39.8|38.3|32.1|1.2|1.2
2026-05-06 08:15:26,12,119.7,25.26,45.11,71.99,3.3,1,24152,0.731,4074.5,5,126.4|126.7|53.2|55.5|55.2|55.4|55.5|55.6|55.2|55.6|135.7|135.3|131.5|136|122.6|129.6|98.4|106.8|86|100.1|56.4|44.8,51.8|16|0.5|0.5|0.5|0.5|0.5|0.5|0.5|0.5|40.9|16|48.7|11.4|47.1|20.7|36.3|11.4|9.8|11.4|0.5|0.5
2026-05-06 08:15:36,9.8,120.6,24.96,45.06,71.99,3.3,1,24152,0.731,4084.6,5,127.9|126.5|55.3|55.9|55.6|55.9|55.6|55.1|55.4|55.8|136|143.3|127.6|134.5|123.1|115.8|106.1|113.7|79.6|71.2|45|45.1,46|2.7|0|0|0|0|0|0|0|0|15.1|0|29|0|33.6|10.4|22.8|2.7|10.4|0|0|0
2026-05-06 08:15:46,9.9,115.9,25.2,45.25,71.99,3.29,1,24152,0.731,4094.7,5,113.2|116.5|55.5|55.5|55.6|55.6|55.5|55.6|55.6|55.5|129|131.8|125.3|132.3|110.9|111.9|106|110|100.2|96|48|45.3,0.1|42.2|0.1|0.1|1.6|0.1|0.1|0.1|0.1|0.1|3.2|28.2|29.7|11|42.2|14.1|36|4.8|25.1|6.3|0|0.1
2026-05-06 08:15:57,15.2,119.2,25.2,45.24,71.99,3.29,1,24152,0.731,4104.9,5,110.8|115.3|55.5|55.6|55.5|55.3|54.7|55.5|55.5|55.6|128.3|126.7|125.3|130.5|116.7|119.2|119|122.4|103.3|110.1|48.5|47.4,2.7|41.3|0|0|0|0|0|0|0|0|5.8|35.1|21.2|7.3|30.5|11.9|56.7|25.8|35.1|19.7|0|0
2026-05-06 08:16:07,9.2,119.9,25.13,45.2,71.99,3.29,1,24152,0.731,4115,5,123.4|123|55.8|0|0|0|0|0|0|0|132.4|134|130.5|135.5|122.1|127.2|107.6|112.7|88.5|86.6|54.7|0,13.6|7.4|0|1.2|1.2|0|1.2|1.2|0|0|19.7|7.4|29|0|30.5|5.8|33.6|8.9|24.4|7.4|1.2|1.2
2026-05-06 08:16:17,8.1,119.8,25.01,45.2,71.99,3.29,1,24152,0.731,4125.1,5,96.3|111.3|55.1|55|55.1|55|55.2|55.1|55|54.1|135.6|134.6|132.6|134.7|122.2|121.1|125.6|118.7|110|109.2|49.1|49.2,13|2.1|0.6|0.6|0.6|0.6|0.6|0.6|0.6|0.6|39.4|2.1|25.4|0.6|31.6|6.8|50.3|13|25.4|13|0.6|0.6
2026-05-06 08:16:28,9.7,116.3,24.92,45.19,71.99,3.29,1,24152,0.731,4135.2,5,100.9|109.3|54.4|53.4|53.9|53.9|53.9|54.1|53.8|53.8|136|134.3|127.3|131.9|122.8|120.1|119|119.9|103.1|108.1|46.9|45.4,27.3|13.3|0|0|0.9|0.9|0.9|0.9|0.9|0.9|36.5|27.3|38.1|19.5|42.7|14.9|41.2|21.1|33.4|14.9|0.9|0.9
2026-05-06 08:16:38,10.5,124.6,24.86,45.19,71.99,3.29,1,24152,0.731,4145.3,5,83.9|82.9|55.7|55.6|55.6|55.6|55.7|55.9|55.6|55.3|137.3|138.2|128.1|132.8|118.6|127.3|122.2|131.8|87.2|103|44.5|44.6,16.8|4.5|0|0|0|0|0|0|0|0|21.5|1.4|3|30.7|0|43|38.4|4.5|27.6|9.1|0|0
2026-05-06 08:16:48,11.5,120.5,24.96,45.19,71.99,3.29,1,24152,0.731,4155.5,5,100.8|91.3|55.2|55.5|55.5|55.5|55.4|55.6|55.1|55.5|131|135.5|133.1|128.1|129|119.8|120|125.5|108.7|99.3|43.1|45.9,4.4|2.9|0|0|0|0|0|0|2.9|0|27.6|0|2.9|22.9|4.4|39.9|52.2|6|15.2|7.5|0|0
2026-05-06 08:16:59,7.9,120.8,24.77,45.18,71.99,3.29,1,24152,0.731,4165.8,4,104.4|72.5|55.5|55.7|55.5|55.6|55.5|55.7|53.8|55.4|131.6|140.2|137.9|133.5|124.1|124.6|121.6|114.9|98.7|106.2|42.2|42.2,10.2|0|0.9|0.9|0.9|0.9|0|0.9|0.9|0.9|22.6|0|0.9|25.7|0.9|36.5|53.5|8.6|25.7|5.5|0.9|0.9
2026-05-06 08:17:09,8.6,117.8,24.77,45.12,71.99,3.29,1,24152,0.731,4175.9,4,118.7|116.2|55.6|0|0|56.1|55.2|0|47.4|55.3|130.1|140|123|134.9|92.9|63.2|123.1|127.4|119.6|129.3|0|0,27.6|0|1.4|0|0|1.4|1.4|0|1.4|0|18.3|1.4|29.1|0|12.2|2.9|46.1|9.1|41.5|2.9|0|0
2026-05-06 08:17:19,8.4,120.5,24.68,45.09,71.99,3.29,1,24152,0.731,4186.1,4,110.4|100.3|55.6|0|0|0|0|52.6|0|55.5|133.6|142.7|128.3|135.8|84.2|85.8|120.1|116.7|122.3|124.1|0|0,18.2|2.7|1.2|1.2|1.2|1.2|1.2|1.2|1.2|1.2|29|2.7|18.2|4.3|4.3|4.3|42.9|4.3|47.5|8.9|1.2|1.2
2026-05-06 08:17:30,8.5,124.8,24.65,45.08,71.99,3.29,1,24152,0.731,4196.1,4,116.9|96.5|54.1|0|0|0|0|0|0|0|132.8|130.1|127.6|131.2|94.3|86.5|122.4|130.1|120.5|129.6|0|0,27.6|4.5|0|0|1.5|1.5|1.5|1.5|1.5|1.5|18.4|3|33.8|4.5|18.4|9.2|46.1|16.9|36.9|9.2|1.5|1.5
2026-05-06 08:17:40,10,121.8,24.78,45.09,71.99,3.29,1,24152,0.731,4206.4,4,115.6|106|49.4|52.3|52.3|52|52|51.8|54.5|52|128.1|127.9|126.9|135.2|91.5|85.8|128|120.5|118.4|119.5|44.1|44.3,13.7|1.4|1.4|1.4|1.4|1.4|1.4|1.4|1.4|1.4|4.5|12.2|21.4|6|6|12.2|7.5|41.4|41.4|6|1.4|1.4
2026-05-06 08:17:50,15.2,119.7,24.84,45.07,71.99,3.29,1,24152,0.731,4216.3,4,115.5|112.2|55.2|55.6|53.8|55.5|55.5|55.6|55.4|55.7|137.2|130.2|130.4|136.5|94.8|83.2|121.7|118.6|118.2|129.7|51.8|53.5,19.3|3.8|0|0|0|0|0|0|0|0|3.8|19.3|30.2|6.9|2.2|2.2|11.5|41|50.3|13.1|0|0
2026-05-06 08:18:01,9.9,122.9,24.83,45.08,71.99,3.29,1,24152,0.731,4226.3,4,111.7|103.2|55.5|55.4|55.6|55.5|54.5|55.4|55.6|55.5|133.9|130.2|132.9|135.8|98.8|99.3|119.5|119.3|121.3|121.3|44.9|51.3,47|4.9|0.2|0.2|0.2|0.2|0.2|0.2|0|0.2|8|34.5|31.4|14.3|17.4|11.1|9.6|34.5|51.7|17.4|0.2|0.2
2026-05-06 08:18:11,11.8,119,24.98,45.05,71.99,3.29,1,24152,0.731,4236.2,3,125.4|122.6|55.4|55.4|55.6|54.2|55.6|55.5|55.3|55.6|133.4|136.5|131.8|135.4|111.6|109.4|86|77.1|121.4|124.2|50.9|70.3,44.3|7.1|0|0|0|2.5|0|0|0|0|30.4|8.7|35|4|24.2|4|18|14.9|38.1|7.1|0|0.9
2026-05-06 08:18:21,9.8,122.9,24.69,45.05,71.99,3.29,1,24152,0.731,4246.4,3,123.8|124.2|51.2|55.6|55.8|55.4|55.5|55.5|55.4|55.3|132.3|134.2|128.8|128.7|109.6|76.2|87.9|83|121.7|124.8|48.9|73.1,42.9|0|2.9|0|0|0|0|0|0|0|26|1.3|24.4|1.3|27.5|5.9|10.6|4.4|50.7|15.2|0|0
2026-05-06 08:18:31,14.1,119.2,24.73,45.15,71.99,3.29,1,24152,0.731,4256.4,3,123.4|130.4|54.8|55.5|55.6|55.5|55.5|55.7|55.6|55.7|132|134|124.9|129.6|106.6|109.1|85.5|95.1|120.3|122.9|49|61.8,38|2.3|0.8|0.8|0.8|0.8|0.8|0.8|0.8|0.8|28.7|3.9|27.1|0.8|27.1|8.5|13.2|2.3|44.2|8.5|0.8|0.8
2026-05-06 08:18:42,8.8,118.4,24.75,45.15,71.99,3.29,1,24152,0.731,4266.5,3,128.4|132.9|52.9|55.9|55.8|55|55.9|55.6|55.6|55.7|134.7|140.4|126.8|128.4|91.1|88.2|84|73.8|128.2|126.7|44.6|44.5,47.4|0.9|0.9|0|0|2.5|0|0|0|0|27.2|0|0.9|22.6|19.5|0.9|10.2|0.9|5.6|52|0|0
2026-05-06 08:18:52,16.7,119,24.73,45.15,71.99,3.29,1,24152,0.731,4276.5,3,129.8|120.6|55.6|54.3|0|0|0|0|0|55.4|137.1|137.9|136.9|130.4|101.7|112.6|71.2|89.4|130.7|126|0|53.9,44.5|0|1.3|1.3|1.3|1.3|1.3|1.3|1.3|1.3|15.2|1.3|1.3|33.7|32.1|10.5|13.6|1.3|5.9|47.6|1.3|1.3
2026-05-06 08:19:02,12.2,120.5,24.66,45.07,71.99,3.29,1,24152,0.731,4286.6,3,125.5|125|55.2|55.5|55.3|55.2|52.8|55.6|55.1|55.8|136.2|138.5|133.2|129.5|104.2|86.3|62.8|65.4|130.1|124.8|43|42.8,35.1|0|0|0|0|1.1|1.1|0|0|0|28.9|0|1.1|30.5|18.1|7.3|15|2.7|7.3|52.1|0|0
2026-05-06 08:19:13,8.3,120.6,24.64,45.06,71.99,3.29,1,24152,0.731,4296.7,3,125.7|129.1|55.5|55.4|55|55.6|55.6|55.5|55.5|54.9|131.7|141.4|130.8|141|119|129.3|106.1|116.9|69.9|67.1|49|47,40.9|3.5|2|0.4|0.4|0.4|0.4|0.4|0.4|0|22.2|2|33.1|0.4|33.1|5.1|33.1|8.2|14.4|2|0.4|0.4
2026-05-06 08:19:23,11.9,119.8,24.56,45.06,71.99,3.29,1,24152,0.731,4306.8,3,124.1|121.3|55.2|0|0|54.9|55.9|54.7|0|0|129.8|134|132.2|132.4|121|125.7|116|122.1|96.4|109.1|58.5|65.6,47.1|8.3|0.5|2.1|0|0.5|0.5|0.5|2.1|2.1|26.9|9.8|26.9|5.2|44|9.8|23.8|12.9|17.6|8.3|0.5|0.5
2026-05-06 08:19:33,8.8,117,25.09,45.16,71.99,3.29,1,24152,0.731,4316.9,3,127.2|122|55.3|0|53.1|0|0|0|0|0|132.8|139.4|134.7|136.1|121.8|131.5|100.7|101.4|79.4|77.7|58.5|0,39.8|4.3|1.2|1.2|1.2|1.2|1.2|1.2|1.2|1.2|36.7|2.8|32.1|2.8|39.8|5.9|36.7|12|13.6|1.2|1.2|1.2
2026-05-06 08:19:44,11,120.8,25.27,45.15,71.99,3.29,1,24152,0.731,4326.9,3,131.1|126.7|55.4|56|55.3|55.4|55.3|55.3|55.7|55.7|137|133.1|128.3|136.6|121.6|123.8|88.1|97.9|66.6|70.8|43.5|43.5,0|47.7|0|1.5|1.5|1.5|1.5|1.5|1.5|1.5|0|29.2|30.7|0|35.4|6.1|24.6|4.6|9.2|6.1|1.5|0
2026-05-06 08:19:54,9.3,120.4,25.15,45.15,71.99,3.31,1,24152,0.731,4337,3,119.8|122.4|55.2|55.5|55.5|55.6|55.6|55.8|55.6|55.6|131.3|131.3|130.2|127.1|120.3|119.8|104.1|98.9|95.8|103.5|44.9|51.2,0|50.7|0|0|0|0|0|0|0|0|0|27.7|21.5|1.5|33.8|7.7|36.9|18.4|26.1|10.7|0|0
2026-05-06 08:20:04,9.5,121.1,25.06,45.04,71.99,3.31,1,24152,0.731,4347.1,3,123.2|125.9|55.6|55.6|55.4|55.4|55.5|55.5|55.5|55.4|128.4|129.5|128.2|128.5|123.7|126.6|98.2|101.9|83.3|97.1|43.7|43.7,1.4|39.9|1.4|0|0|0|0|0|0|0|1.4|32.2|27.6|1.4|43|9.1|27.6|6|6|1.4|0|0
2026-05-06 08:20:15,12.7,125.3,24.75,45.04,71.99,3.31,1,24152,0.731,4357.2,3,90.6|84.5|55.4|54.3|55.4|55.5|55.5|55.4|55.4|55.4|132.6|135.9|134.8|138.6|126|122.1|126.5|127.8|100.7|99.5|43.8|43.7,12.3|1.5|0|0|0|0|0|0|0|0|30.8|4.6|23.1|1.5|49.2|7.7|41.5|9.2|18.4|3.1|0|0
2026-05-06 08:20:25,8.8,122.7,24.7,45.03,71.99,3.31,1,24152,0.731,4367.3,3,95.5|90.9|55.5|55.5|55.6|55.6|55.6|55.5|55.1|55.6|129.3|133.3|131.1|137.5|122.9|127.9|120.8|124.7|109.8|111.2|46.6|43.3,19|1.9|1.9|1.9|1.9|1.9|1.9|1.9|1.9|1.9|26.8|5|26.8|0.3|37.7|3.5|45.5|5|42.4|5|1.9|1.9
2026-05-06 08:20:35,12.9,116.7,24.85,45.12,71.99,3.31,1,24152,0.731,4377.5,3,113.3|115.8|55.6|55.3|55.5|54.7|55.9|53.2|51.5|56.1|127|129.3|125.3|126.7|112.7|118.9|115.4|117.6|111.8|117|45.6|41,29.1|9.1|0|0|0|0|0|0|0|0|35.3|19.9|33.7|15.3|50.7|9.1|38.4|19.9|43|24.5|0|0
2026-05-06 08:20:45,8.8,123.1,24.73,45.11,71.99,3.31,1,24152,0.731,4387.4,3,68.1|82.2|55.3|55.6|55.6|55.6|55.7|55.6|55.5|55.7|134.6|140.5|138.3|133.5|128.7|128.6|127.5|136.2|95.2|106.8|46.5|43.8,25|12.5|0|0|0|0|0|0|0|0|46.9|9.4|11|45.3|11|45.3|68.8|17.2|32.8|18.8|0|0
2026-05-06 08:20:56,8.9,120.1,24.86,45.11,71.99,3.31,1,24152,0.731,4397.5,3,106.5|96.4|54.9|55.4|55.6|55.5|55.4|55.6|55.6|55.5|130.3|133.2|127.5|131.3|123.8|119.4|119.8|116.2|98.2|110.9|45|55.5,9.9|5.2|0.6|0.6|0.6|0.6|0.6|0.6|0.6|0.6|22.3|2.1|3.7|20.8|3.7|36.3|44.1|3.7|33.2|14.5|0.6|0
2026-05-06 08:21:06,9,117,24.52,45.07,71.99,3.32,1,24152,0.731,4407.7,3,90.1|88|55.3|55.6|55.6|55.6|55.6|55.6|55.6|55.5|131.3|137.7|131.7|131.6|114.4|118.5|123|123|105.3|112.7|46.8|56.3,15|0|1.1|1.1|1.1|0|0|0|0|0|13.4|0|1.1|21.2|4.2|32|49|2.6|45.9|8.8|0|0
2026-05-06 08:21:16,8.7,124.3,24.49,45.05,71.99,3.32,1,24152,0.731,4417.9,3,113|111.1|55.7|55.4|55.6|56.1|55.8|55.7|55.4|56|132.7|134.2|125.7|128.4|104.9|108.9|112.1|111.2|114.5|113.9|55.1|79.9,35|18|1|1|1|1|1|1|1|1|27.3|5.6|19.5|10.3|22.6|10.3|33.5|7.2|41.2|18|1|0
2026-05-06 08:21:27,12.2,120.9,24.57,45.05,71.99,3.32,1,24152,0.731,4428,3,123.2|112.4|54.4|55.2|55.2|55.1|55.6|55.6|55.6|55.6|133.4|137.1|128.5|138.8|86.7|116.2|118.7|121.3|108.1|123.8|48.8|48.9,27|5.2|3.7|0.6|0.6|2.1|0.6|0.6|0.6|0.6|27|6.8|22.3|5.2|16.1|11.5|44.1|9.9|33.2|11.5|0.6|0.6
2026-05-06 08:21:37,15.2,118.6,24.75,45.13,71.99,3.32,1,24152,0.731,4438.1,3,117.6|111.4|55.6|55.7|55.5|55.6|55.6|55.7|55.6|55.3|129.3|132.1|133.5|129.6|99|104.2|116.5|112.3|120.7|110.9|48.4|43.6,34.8|2.1|2.1|0.6|0.6|0.6|0.6|0.6|0|0.6|3.7|31.6|20.8|5.2|16.1|6.8|11.5|54.9|44.1|6.8|2.1|0.6
2026-05-06 08:21:47,9.4,120.8,24.7,45.12,71.99,3.32,1,24152,0.731,4448.2,3,112.7|116.5|54.8|54.7|54.6|54.9|54.7|54.4|53.7|55.2|136.4|137.8|136.4|136.8|86.3|80.4|123.3|128.9|129.1|132.1|53.4|46,37.5|0.1|0.1|0.1|0.1|1.6|0.1|0.1|0.1|0.1|1.6|23.5|26.6|1.6|14.1|1.6|3.2|43.8|31.3|7.9|0.1|0.1
2026-05-06 08:21:58,13.3,119.7,24.81,45.13,71.99,3.32,1,24152,0.731,4458.3,3,114.6|109.6|55.5|55.5|55.5|55.3|55.3|55.7|55.2|55.6|132.7|131.2|132.4|136.7|99.7|74.2|125.3|124.4|122.7|119.9|51.6|47.9,24.2|0|1|1|0|0|1|0|1|1|0|19.6|24.2|0|11.9|2.6|5.7|52.1|52.1|5.7|1|1
2026-05-06 08:22:08,10,122,24.59,45.03,71.99,3.32,1,24152,0.731,4468.3,3,119.4|97|55.1|55.6|55.6|55.6|55.5|55.6|55.6|55.5|134.2|132.6|129.9|135.7|93.9|108.5|100|115.4|125.7|129.5|48.9|49.6,43|0|0|1.5|1.5|0|1.5|1.5|0|1.5|38.4|0|32.2|0|13.8|1.5|9.2|7.6|49.2|1.5|1.5|0
2026-05-06 08:22:18,11,120.4,24.61,45.02,71.99,3.32,1,24152,0.731,4478.5,3,118.3|120.4|55.5|55.7|55.5|55.4|55.4|55.2|55.5|55.4|132.5|133.6|131.5|137.8|113.4|121.6|98.9|92.5|115.2|117.4|46.3|53,45.4|1.7|0|1.7|1.7|1.7|1.7|0.1|0.1|1.7|32.9|0.1|42.2|0.1|14.1|0.1|7.9|4.8|56.3|4.8|1.7|0.1
2026-05-06 08:22:28,10.2,121.3,24.49,45.05,71.99,3.32,1,24152,0.731,4488.7,5,118.9|121.8|55.5|55.7|55.5|55.8|55.5|55.5|55.5|55.4|128|132.9|127.5|130.6|110.8|111.8|95.2|102.7|109.5|118.6|46.8|46.7,49|0|0|0|0|0|0|0|1.2|0|21.2|4.3|35.1|1.2|29|2.7|12|5.8|53.7|4.3|0|0
2026-05-06 08:22:39,10.2,119.9,24.65,45.02,71.99,3.32,1,24152,0.731,4498.8,5,125.7|130.4|52.3|54.2|55.3|0|55.6|55.6|54.9|0|130|137.5|137.5|133.8|111.7|104.3|82|72.8|115.9|126.4|0|0,40|0|0|1.5|1.5|0|1.5|1.5|0|0|26.1|0|0|24.6|23|1.5|15.3|0|9.2|58.4|0|0
2026-05-06 08:22:49,9.2,125.4,24.68,45.02,71.99,3.32,1,24152,0.731,4508.9,5,127.2|126.9|50.5|55.6|56.1|55.5|55.6|56|55.5|55.2|132.7|141.5|133.3|133.7|99.5|109.1|90.2|84.1|123.1|122.8|40.1|39.8,49.1|7.5|1.4|1.4|0|1.4|0|0|0|0|36.8|1.4|1.4|47.6|21.4|10.6|7.5|4.5|10.6|52.2|0|0
2026-05-06 08:22:59,12,119.7,24.65,45.02,71.99,3.32,1,24152,0.731,4518.9,5,128.4|127.3|55.5|0|0|53.4|0|0|0|0|132|138.1|138.5|134|95.7|102.5|63.6|65.4|132.4|123.7|0|0,41.4|0|0|0|0|0|0|0|0|0|30.6|1.3|0|24.4|33.7|5.9|9|0|10.5|46|0|0
2026-05-06 08:23:10,8.9,118.1,24.6,45.03,71.99,3.32,1,24152,0.731,4529,5,127.4|125.7|55.5|55.5|55.5|55.6|55.5|55.6|55.5|55.5|128.4|129.5|128.7|126.8|119.4|117.3|112.3|118|85.1|71.7|49|48.4,44|2|0|0|0|0|0|0|0|0|23.8|0.4|23.8|0.4|50.2|6.7|23.8|6.7|14.4|0|0|0
2026-05-06 08:23:20,10.4,120.2,24.56,45.02,71.99,3.32,1,24152,0.731,4539.1,5,122.2|118.1|55.5|55.4|55.9|55.4|55.4|55.7|55.4|55.7|128.7|130.3|129|138.7|118.4|113.3|111.4|109.6|83.9|58.1|53.9|44,38.3|1.2|0|0|0|0|0|0|0|0|22.8|0|21.3|2.8|49.1|2.8|38.3|0|7.4|4.3|0|0
2026-05-06 08:23:30,9.4,125.2,24.34,45.02,71.99,3.32,1,24152,0.731,4549.3,5,127.3|121.8|55.5|55.4|55.4|55.4|50.8|55.9|55.5|55.8|135.6|146.9|132.6|136|126.1|128.8|100.4|112.8|75.7|71.9|41.5|41.4,42.2|9.4|0|0|0|0|1.6|0|0|0|29.7|17.2|29.7|14.1|54.7|11|40.6|14.1|32.8|4.7|1.6|1.6
2026-05-06 08:23:41,8.9,119.7,24.39,45.02,71.99,3.32,1,24152,0.731,4559.4,3,118.5|125.9|53.8|55.4|53.6|55.4|55.6|55.5|55.6|55.5|131.6|130.2|130.8|133.7|122.1|117.8|111.3|117.4|89.9|88.6|48.5|75.7,8.2|31.5|0.4|0.4|0|1.9|0.4|0.4|0|0|8.2|33.1|34.6|9.7|42.4|14.4|25.3|17.5|25.3|15.9|0|0
2026-05-06 08:23:51,9.6,116.4,24.53,45.02,71.99,3.32,1,24152,0.731,4569.5,3,121.8|123.7|55.5|55.6|55.5|55.1|55.5|55.8|55.7|55.4|133.1|130.5|130.9|137.6|121.5|130.8|107.9|112|96.1|84.3|46.4|69.7,0|33.3|0.7|0.7|0.7|0.7|0.7|0.7|0.7|0.7|0|25.6|30.2|0|36.4|16.2|25.6|19.4|13.1|5.4|0.7|0.7
2026-05-06 08:24:01,9.7,122.1,24.67,45.02,71.99,3.32,1,24152,0.731,4579.5,3,125.5|125.7|55.1|55.5|55.4|55.4|53.3|55.5|55.6|55.5|132.8|129.9|131|131.8|120.3|123.4|104.2|98.4|85.5|85.7|50.6|61.8,1.1|33.5|1.1|0|0|0|1.1|0|0|0|0|19.6|27.4|1.1|39.7|2.6|32|10.4|11.9|8.8|0|0
2026-05-06 08:24:12,8.2,118.3,24.71,45.03,71.99,3.32,1,24152,0.731,4589.6,3,71|78.5|53.8|0|55.6|0|0|0|0|0|135.3|133.6|129.5|132|119.6|117.5|122.6|117.4|111.5|101.8|0|0,3|3|1.5|1.5|1.5|1.5|1.5|1.5|1.5|1.5|23|7.6|26.1|1.5|33.8|6.1|35.3|12.2|35.3|13.8|1.5|1.5
2026-05-06 08:24:22,11.4,118.2,24.64,45.03,71.99,3.32,1,24152,0.731,4599.8,3,87.6|108.3|55.2|0|0|0|0|0|0|0|132.9|137.2|128.6|135.7|119.9|124.9|126.8|120.1|99.4|108.3|0|58.1,18.1|0|1.1|1.1|1.1|1.1|1.1|1.1|1.1|0|32|4.2|16.6|1.1|38.2|2.7|56.7|15|32|7.3|1.1|1.1
2026-05-06 08:24:32,8.9,119.1,24.66,45.02,71.99,3.32,1,24152,0.731,4610,3,100.6|91.3|52.5|0|0|0|0|55.6|55.6|55.4|123.4|132.4|127|131.5|118.6|128.6|118.3|120.9|107.2|115.3|0|0,6.3|0|0|0|0|0|0|1.6|0|0|21.9|7.8|28.1|4.7|43.8|4.7|36|17.2|28.1|12.5|0|0
2026-05-06 08:24:43,9.8,118.3,24.63,45,71.99,3.32,1,24152,0.731,4620.1,3,81.9|84.1|55.6|0|54.9|0|55.6|0|55.1|0|133|138.3|143.9|134.7|130.5|125.9|128.7|139|102.9|103.3|0|0,6.1|4.6|0|0|0|0|0|0|0|0|30.7|0|0|18.4|3|38.4|46.1|10.7|33.8|9.2|0|0
2026-05-06 08:24:53,8.6,120.1,24.56,45,71.99,3.32,1,24152,0.731,4630.3,3,90.2|99.8|52|54.7|54.9|54.6|55.2|53.6|55.3|55.4|128.7|132|134|125.2|122.6|117.7|120|127.9|116.7|115.8|45.7|45.7,7.3|1.1|0|0|0|0|0|0|0|0|21.2|1.1|0|18.1|4.2|35.1|53.7|2.7|27.4|4.2|0|0
2026-05-06 08:25:03,13.6,119.9,24.69,45,71.99,3.32,1,24152,0.731,4640.3,3,97.4|76.9|53.3|55.7|55.6|55.6|55.1|55.5|55.6|51.5|132.8|136|135.6|126.4|120.8|122|121.6|130.8|103.1|90.5|44.2|44.2,5.8|1.2|0|1.2|1.2|1.2|1.2|0|0|0|25.9|0|0|24.3|0|46|49|7.4|36.7|15.1|1.2|1.2
2026-05-06 08:25:13,15.1,121.7,24.75,45.01,71.99,3.32,1,24152,0.731,4650.3,3,119|117.2|55.6|55.7|55.7|55.6|55.7|50.5|55.2|55.6|132.9|136.8|126.7|132|77.3|65.1|123.1|134.6|123.6|126.1|41.8|41.8,14.4|6.6|0.4|2|2|2|2|2|0.4|2|30|2|20.6|0.4|11.3|5.1|40.9|5.1|50.2|11.3|0.4|0.4
2026-05-06 08:25:24,10.6,121.7,24.85,45.01,71.99,3.32,1,24152,0.731,4660.5,3,97|104.5|43.9|43.6|44|44|44|43.8|43.8|44|136.4|134.7|132.2|130.7|84.7|94.2|125.7|130.9|127.2|118.8|49.4|50.5,25.8|2.6|0|1.1|1.1|0|0|1.1|1.1|0|22.7|1.1|24.3|4.2|15|5.7|58.3|7.3|36.6|8.8|0|1.1
2026-05-06 08:25:34,10.7,119.4,24.88,45.06,71.99,3.32,1,24152,0.731,4670.5,3,107.7|107.4|55.5|55.5|55.5|55.3|55.5|55.8|55.9|55.6|132.1|134|132.3|132.7|95.2|88.4|121.7|118.7|119.4|114.4|52.8|44.7,33.4|2.4|0|0|0|0|0|0|0|0|27.2|7.1|19.5|7.1|16.4|5.5|44.2|10.2|48.9|19.5|0|0
2026-05-06 08:25:44,8.7,118.5,24.87,44.99,71.99,3.32,1,24152,0.731,4680.6,3,110.5|113.6|54.1|0|0|0|0|0|55.3|0|128.4|127.9|129|128.4|103.4|114.3|121.1|117.7|114.6|114.6|0|0,36.2|11.3|0.4|0.4|0.4|0.4|0.4|0.4|0.4|0.4|9.7|30|37.8|9.7|16|17.5|8.2|48.7|61.1|20.6|0.4|0.4
2026-05-06 08:25:55,12.1,121.7,25.24,45,71.99,3.32,1,24152,0.731,4690.8,3,113.5|113.4|55.2|55.2|55.4|55.2|54.7|54.7|55.3|55.2|136.5|132.8|130.7|135.5|83.3|76.5|127|120.7|122.8|131.8|43.8|47.6,26.9|2|0.4|0.4|0.4|0.4|0.4|0.4|0.4|0.4|2|28.4|36.2|6.7|8.2|3.6|8.2|39.3|50.2|11.3|0.4|0.4
2026-05-06 08:26:05,10.1,118.4,25.48,44.99,71.99,3.32,1,24152,0.731,4700.9,3,114.8|91.5|49.4|55.6|55.6|55.6|55.8|55.5|55.3|55.4|129|132.7|127.9|139|91.3|91|125.5|122.6|116.9|127.2|44.3|44.3,30.4|0|1|1|1|1|1|1|1|1|0|24.2|28.8|1|22.6|4.1|8.7|48.9|36.6|4.1|1|1
2026-05-06 08:26:15,9.3,120.6,25.78,45.02,71.99,3.32,1,24152,0.731,4711.1,3,112.5|107.4|52.4|55.5|55.6|55.6|55.6|55.5|55.6|55.3|127.5|130|127.5|130.5|108|109.9|108.5|106|113.4|118.7|44|44,36.4|8.4|2.2|2.2|2.2|2.2|2.2|2.2|2.2|2.2|36.4|19.3|27.1|8.4|30.2|3.8|36.4|10|55|23.9|2.2|2.2
2026-05-06 08:26:26,18.8,116.9,25.8,45.02,71.99,3.32,1,24152,0.731,4721.4,3,108.7|110.5|55.5|55.6|55.6|55.5|55.5|55.6|55.5|54.8|129.1|129.7|128.5|131.3|108.6|111|109.1|113.5|105.2|110.2|44.8|48.3,29.8|3.3|0|0.2|0.2|0.2|0.2|0.2|0.2|0.2|31.4|9.5|39.2|9.5|25.1|9.5|29.8|14.2|59.4|11.1|0.2|0.2
2026-05-06 08:26:36,9.4,121.2,25.8,45.01,71.99,3.32,1,24152,0.731,4731.3,3,118.7|132.7|55.5|55.6|55.6|55.6|55.6|55.5|55.5|55.6|134.5|141.9|125|132.7|114.9|123.7|72.6|79.7|117.3|118|46.4|63,40.9|3.6|0|0.5|0.5|0.5|0|0.5|0.5|0|26.9|5.1|26.9|3.6|33.1|9.8|12.9|8.2|42.5|12.9|0.5|0.5
2026-05-06 08:26:46,9.7,120.3,25.94,45.03,71.99,3.32,1,24152,0.731,4741.5,3,121.4|121.2|54.5|55.7|55.4|55.6|55.4|55.5|53.9|54.5|129.8|137|135.6|129.2|106.5|106.7|93.5|116.1|121.4|118.5|48|69.1,62.9|33.5|2.5|0|0|0|0.9|0.9|0|0|44.3|24.2|31.9|36.5|41.2|25.7|35|14.9|28.8|53.6|2.5|0
2026-05-06 08:26:57,8.4,123.3,25.74,45,71.99,3.32,1,24152,0.731,4751.6,3,124|124.5|55.4|55.4|55.4|55.5|55.6|55.6|55.4|55.5|134.4|130.6|133.9|128.5|115.3|112|93.9|92|123|123|43.9|44,53.5|5.4|0|0|0|0|0|0|0|0.8|24|0|10.1|25.6|41.1|0.8|24|2.3|0.8|39.5|0|0
2026-05-06 08:27:07,10.1,123.4,25.81,45.09,71.99,3.32,1,24152,0.731,4761.6,3,119.5|121.2|55.4|55.4|55.5|55.6|55.5|55.5|55.5|55|127.6|133.2|133.1|130.3|113.9|119|99.8|101.4|116|119.4|45.6|45.5,50.7|18.4|0|0|1.5|0|0|0|0|0|53.8|41.5|49.2|35.3|52.3|18.4|49.2|16.9|50.7|26.1|0|0
2026-05-06 08:27:17,12.4,117.8,25.78,45.01,71.99,3.32,1,24152,0.726,4771.6,3,114.5|115.6|55.4|55.4|55.3|55.3|55.1|55.3|54.1|54.8|128.2|129.4|127.1|130.6|115.2|118.9|113.5|116.8|102|111.7|44.1|44.2,47.4|28.8|0|0|0|0|0|0|0|0|59.8|31.9|45.8|25.7|59.8|18|50.5|24.2|50.5|19.5|0|0
2026-05-06 08:27:28,10.8,121.4,25.98,45,71.99,3.32,1,24152,0.726,4781.7,3,123.3|128.1|54.8|0|0|53.7|0|0|55.5|55.6|132.9|134.2|129.7|134.7|119.4|114.2|110.5|106|97|105.2|0|55.4,35.2|2.8|0|1.3|1.3|1.3|1.3|1.3|1.3|0|19.8|0|16.7|0|36.7|2.8|33.7|4.3|22.9|5.9|1.3|0
2026-05-06 08:27:38,11.3,119,26.08,45,71.99,3.32,1,24152,0.726,4791.7,3,114.9|120.1|54.5|55.2|55.4|55.3|55.6|55.5|55.5|53.3|130.5|129.4|129.3|139.9|116.2|120.2|110.9|109.9|99|105.3|45|45.2,0|44.5|0|1.4|1.4|1.4|1.4|1.4|1.4|1.4|0|26|24.5|2.9|43|4.5|30.7|4.5|7.5|1.4|1.4|1.4
2026-05-06 08:27:48,9.8,118.4,26.19,45.01,71.99,3.32,1,24152,0.726,4801.9,3,112.2|118.1|55.3|55.6|55.6|54.7|55|55.6|55.5|55.3|126.5|127.8|126.1|133.6|120.7|128.4|112.5|115.1|93.4|78.4|44.2|47.8,2.1|39.4|0|2.1|0.5|0.5|0|0.5|0.5|0.5|8.3|19.2|25.4|16.1|33.2|14.5|42.5|9.9|42.5|30.1|0.5|0.5
2026-05-06 08:27:59,17.2,118.7,26.31,45.11,71.99,3.32,1,24152,0.726,4812,3,114.3|119.7|52|51.2|51.2|51.2|51.2|51.2|51.2|52|124.3|132.3|131.3|135.9|120.7|124.8|109.2|100.8|97.7|112.2|48.4|48.3,8.1|36.1|0.3|0.3|0.3|0.3|0.3|0.3|0.3|0|14.3|25.2|28.4|9.7|37.7|23.7|40.8|26.8|39.3|29.9|0.3|0.3
2026-05-06 08:28:09,11.6,118.3,26.45,45.1,71.99,3.32,1,24152,0.726,4822.2,3,110.4|110.9|55.6|55.6|55.6|55.6|55.5|55.5|55.5|54.9|126.7|130.3|126.1|129.8|118.2|119.8|117.3|117.6|117.8|119.4|44.1|46.5,23.8|5.1|0.4|0.4|0.4|0.4|0.4|0.4|0.4|0.4|33.1|9.8|28.4|8.2|25.3|6.7|51.8|12.9|23.8|11.3|0.4|0.4
2026-05-06 08:28:19,13.1,119.6,26.41,45.1,71.99,3.32,1,24152,0.726,4832.4,3,105|94.3|55.3|55.5|55.5|55.4|55.5|55.5|55.6|55.5|129.8|134.4|128.1|129.4|115.4|121|118.4|117.3|114.4|115.7|43.7|43.7,12.1|4.4|0|0|0|0|0|0|0|0|27.6|15.2|30.6|9.1|27.6|10.6|53.8|29.1|33.7|18.3|0|0
2026-05-06 08:28:30,10.3,119.4,26.4,45.06,71.99,3.33,1,24152,0.726,4842.4,5,97.9|85|55.6|55.6|55.1|55.5|55.6|51.8|55.6|55.5|131|133.3|130|134.3|117.8|117.1|122|122.7|111.6|113.7|44.2|46,16.1|8.3|2.1|0.6|2.1|0.6|0.6|2.1|0.6|0.6|22.3|8.3|28.5|5.2|36.3|6.8|36.3|16.1|41|22.3|0.6|0.6
2026-05-06 08:28:40,9.2,122.3,26.03,45.01,71.99,3.33,1,24152,0.726,4852.4,5,90.8|101.8|55.5|55.6|55.6|55.5|55.6|55.6|55.6|55.6|134.2|133.2|134.7|132.3|104.1|125.8|121.9|121.5|106|102.3|43.7|43.7,21.4|13.7|1.4|1.4|1.4|1.4|1.4|1.4|1.4|1.4|49.1|15.2|19.9|44.5|18.3|47.6|47.6|16.8|46.1|19.9|1.4|1.4
2026-05-06 08:28:50,8.6,121.4,26.01,45,71.99,3.33,1,24152,0.726,4862.5,5,103|89.2|55.2|55.4|54.9|55.2|54.9|55|55.3|54.9|130.6|132.4|137.5|128.7|116.8|122|120.4|118.6|111.3|112.6|52.9|44.8,22.1|4.9|0.3|0.3|0.3|0.3|0.3|0.3|0.3|0.3|20.5|6.5|6.5|29.9|4.9|37.7|42.3|6.5|29.9|12.7|0.3|0.3
2026-05-06 08:29:01,9.8,122.4,26.1,45.1,71.99,3.33,1,24152,0.726,4872.6,5,110.5|111.5|54.7|55.4|55.3|55.4|55.4|55|55.4|55.5|125.5|127.6|128|126.6|118|115|112.4|118.1|112|112.8|48.2|52.2,17.3|4.9|1.7|1.7|1.7|1.7|1.7|1.7|0|0.2|26.7|1.7|9.5|31.4|8|34.5|34.5|4.9|37.6|8|0.2|0.2
2026-05-06 08:29:11,9.7,121,26.24,45.11,71.99,3.33,1,24152,0.726,4882.6,5,123.7|124.7|55.5|55.5|55.7|55.5|55.5|55.7|55.5|55.6|130.5|134.4|129.4|136.2|103|107.8|116|120.9|115.1|113.7|53.1|69.5,40|16.9|0|0|0|0|0|0|0|0|32.3|19.9|40|12.2|24.6|10.7|44.6|13.8|43|21.5|0|0
2026-05-06 08:29:21,11.4,119.2,26.26,45.12,71.99,3.33,1,24152,0.726,4892.8,5,118.9|121.7|55.4|55.5|55.6|55.4|55.5|55.6|55.8|55.7|131.8|131|124.5|126.1|97.9|107.7|118.3|121.5|118|115.6|48.2|75.9,22.9|7.5|0|0|0|0|0|0|0|0|35.3|15.2|33.7|10.6|18.3|7.5|44.5|12.2|41.4|13.7|0|0
2026-05-06 08:29:32,13.9,120.9,25.82,45.02,71.99,3.33,1,24152,0.726,4902.8,5,117.5|106.7|55.5|55.5|55.8|55.9|55.2|55.4|55.5|55.8|131.1|136.5|128|134.9|95.5|114.6|123.1|132.1|119.3|131.6|42.5|42.6,37.7|5|0.3|0|0|0|0|0|0.3|0|28.4|9.7|37.7|9.7|19|3.4|45.5|9.7|43.9|12.8|0|0
2026-05-06 08:29:42,9.7,119.8,25.65,45.03,71.99,3.33,1,24152,0.726,4912.8,5,118.4|117.5|55.4|55.5|55.4|55.6|55.5|55.6|55.6|55.5|128.3|127.8|129.8|132.4|89.1|95.5|119.6|119.6|118.5|114.9|43.8|48.4,18.2|0|0|0|0|0|0|0|0|0|2.7|24.3|16.6|4.3|16.6|8.9|4.3|47.5|35.2|1.2|0|0
2026-05-06 08:29:52,10.4,119.1,25.61,45.03,71.99,3.33,1,24152,0.726,4922.8,5,113.1|101.2|55.6|55.7|55.4|55.3|55.6|55.5|55.5|55.6|133|128.5|129.4|134.2|98.7|83.6|125.6|121.4|111.4|116.3|44.9|48.4,15.1|0|1.2|0|0|0|1.2|0|0|0|0|21.2|29|4.3|12|7.3|10.4|47.5|41.3|5.8|0|1.2
2026-05-06 08:30:02,12.6,121.3,25.72,45.02,71.99,3.33,1,24152,0.727,4932.9,5,110.3|111.1|55.5|55.6|55.5|55.6|55.5|55.6|55.1|55.5|138|132.6|137.8|131.7|106.8|116.6|111.2|109.3|107.4|112|51.1|47,25.2|8.1|0|0.3|0|0|0|0|0.3|0|5|36.1|42.4|6.5|15.9|9.7|9.7|37.7|53.3|15.9|0|0.3
2026-05-06 08:30:13,11.1,117.6,25.86,45.02,71.99,3.33,1,24152,0.727,4943.1,5,117.6|116.7|55.5|55.6|55.6|55.6|55.6|55.5|55.5|55.6|128.4|130.2|127.3|128.8|111.4|115.8|105.9|111.7|108.5|102.7|49.1|47.8,44.3|5.5|0.9|0|0.9|0.9|0.9|0.9|0.9|0.9|19.5|2.5|30.3|0.9|33.4|2.5|16.4|4|35|10.2|0.9|0.9
2026-05-06 08:30:23,18.5,122.8,26,45.05,71.99,3.33,1,24152,0.727,4953.3,3,118.8|129.1|55.4|55.5|55.5|55.5|55.6|55.5|55.6|55.6|124|126.2|123.7|124.3|112.9|120|116.7|120.3|120|124.4|46.3|42.8,52.1|5.8|0|1.1|1.1|0|0|0|0|0|28.9|15|25.8|11.9|32|1.1|32|24.3|59.8|21.2|0|0
2026-05-06 08:30:33,8.8,119.7,26.16,45.11,71.99,3.33,1,24152,0.727,4963.5,3,119.7|118.1|55.3|55.4|55.6|55.5|55.4|55.5|55.6|55.4|133.5|138.4|130.2|135.1|106.7|116.6|97.9|88.4|110.8|112.8|43.9|43.8,35.4|1.5|0|0|0|0|0|0|0|0|26.2|10.8|30.8|4.6|18.5|6.2|10.8|6.2|46.2|15.4|0|0
2026-05-06 08:30:44,12.2,121.1,26.15,45.11,71.99,3.33,1,24152,0.727,4973.7,3,126.5|128.9|55.5|0|0|55.6|55.1|0|0|0|126.5|123.5|135.4|132.5|95.1|102|83|89.6|123.3|122.9|0|0,35.3|6|1.4|0|0|1.4|1.4|0|0|0|22.9|1.4|4.4|22.9|15.2|2.9|9.1|4.4|15.2|41.4|0|0
2026-05-06 08:30:54,11.7,119.8,26.06,45.09,71.99,3.33,1,24152,0.727,4983.8,3,121.3|122.6|55.3|47.4|0|0|0|0|0|0|135.5|141.4|139|135.5|104.4|85.3|84.6|82.2|126.8|119|0|0,45.4|1.7|0.1|0.1|0.1|0|0.1|0|0.1|0.1|28.2|4.8|7.9|21.9|29.8|1.7|11|0.1|4.8|40.7|0.1|0.1
2026-05-06 08:31:04,8.4,119.5,25.78,45.11,71.99,3.33,1,24152,0.729,4994,3,130.1|126.1|54.3|0|53.9|55.7|0|55.8|0|0|126.5|130.3|138.6|134|112.6|120.4|92.4|90.7|125.1|123.5|0|0,31.6|5.2|0.5|0.5|0.5|0.5|0.5|0.5|0.5|0.5|23.8|3.6|6.7|31.6|20.7|5.2|23.8|3.6|17.6|45.6|0.5|0.5
2026-05-06 08:31:15,13,120.3,25.8,45.11,71.99,3.33,1,24152,0.729,5003.9,3,122.3|123.7|54.9|55.4|55.3|55.8|55.6|55.5|55.5|55.3|132.8|139.7|133.7|132.5|118.6|112.2|104.7|102.3|99.9|81.5|45.3|45.4,40|6.2|1.6|1.6|1.6|1.6|1.6|1.6|1.6|1.6|30.8|6.2|27.7|7.7|32.3|1.6|24.6|1.6|13.9|4.6|1.6|1.6
2026-05-06 08:31:25,16,121.6,25.85,45.12,71.99,3.33,1,24152,0.73,5014,3,117.4|114.6|49.2|48.8|49|49.9|48.8|48.8|49|50.7|129.1|131.7|126.5|129.2|115|115.9|113.8|116.8|103.1|92.4|50.4|49.6,36.9|3|0|0|0|0|0|0|0|0|21.5|9.1|35.3|1.4|35.3|3|39.9|7.6|15.3|6.1|1.4|1.4
2026-05-06 08:31:35,10,119,25.91,45.21,71.99,3.33,1,24152,0.73,5024.1,3,123.5|131.8|55.5|55.6|55.3|55.3|55.6|55.5|55.5|55.6|131|133.6|135.8|135.2|113|113.1|104.9|106.4|88.9|100.4|45.2|46.6,30.7|9.2|1.5|1.5|1.5|1.5|1.5|1.5|1.5|1.5|30.7|9.2|26.1|6.1|41.5|6.1|27.6|9.2|13.8|12.2|1.5|0
2026-05-06 08:31:46,16.1,121.5,25.79,45.22,71.99,3.33,1,24152,0.73,5034,3,130.2|124.3|55.4|55.6|55.6|55.5|55.6|55.5|55.6|55.6|127.4|129.4|134.6|141.1|117.7|122.5|115.9|131.1|104.5|100.7|45.9|57,0.1|31.3|0.1|0.1|0.1|0.1|0|0|0|0|0.1|15.7|20.4|3.2|39.1|4.7|18.8|6.3|18.8|11|0|0
2026-05-06 08:31:56,8.1,117.6,25.86,45.21,71.99,3.33,1,24152,0.73,5044.1,3,115.4|122.8|55.6|55.6|55.5|55.4|55.6|55.6|55.6|54.7|134.3|128.7|130.9|129.8|121.5|115|114.5|124.9|99.8|105|44.4|55.5,3.2|42.3|0.1|0.1|0.1|1.7|0.1|0.1|0.1|1.7|4.8|25.1|18.8|14.2|34.5|11|46.9|11|28.2|6.4|0.1|0
2026-05-06 08:32:06,14.5,118.3,25.59,45.21,71.99,3.34,1,24152,0.73,5054.2,5,121.3|123.7|55.5|55.5|55.6|55.6|55.6|55.5|55.5|55.6|133.1|127.5|131.1|135|113.3|114.8|102|98|93|110|47.6|62,14.1|31.3|0|0|0|0|0|0|0|0|9.4|23.4|23.4|1.6|35.9|7.8|18.8|6.3|21.9|1.6|0|0
2026-05-06 08:32:17,9.7,119.4,25.79,45.33,71.99,3.34,1,24152,0.73,5064.3,5,105.6|108.1|55.6|55.7|55.6|55.7|55.7|55.7|55.4|55.6|127|127.3|127.6|125.8|119.8|121.6|120.3|117.3|108.7|109.3|53.3|49.8,15.3|3|1.4|1.4|1.4|1.4|1.4|1.4|1.4|1.4|27.6|3|23|1.4|39.9|6.1|38.4|10.7|29.2|10.7|0|1.4
2026-05-06 08:32:27,9.6,121.1,25.92,45.32,71.99,3.34,1,24152,0.73,5074.5,5,101.5|87.1|55.6|56|55.6|55.8|55.2|55.1|54.7|55.8|127|128.3|129.2|134.5|118.6|110.4|124.5|131|113.9|113.2|43.6|43.3,15.1|1.2|1.2|1.2|1.2|1.2|1.2|1.2|1.2|1.2|16.6|2.7|24.4|5.8|49.1|1.2|46|12|35.2|8.9|1.2|1.2
2026-05-06 08:32:37,10.2,122.2,26.03,45.33,71.99,3.34,1,24152,0.73,5084.6,5,100.5|93|55.4|0|0|0|43.2|0|0|0|130.8|135.1|131.7|123.6|113.7|107.1|128.2|121.3|107.8|106.7|0|0,12.2|6.1|0|1.4|0|1.4|1.4|1.4|0|1.4|24.5|0|1.4|16.8|6.1|38.4|21.5|3|27.6|12.2|1.4|1.4
2026-05-06 08:32:48,9.4,120.6,26.09,45.3,71.99,3.34,1,24152,0.73,5094.7,5,96.9|90|53.2|55.6|55.5|55.4|55.6|55.6|55.5|55.6|130.9|135.3|128.2|133.1|114.5|124.1|120.3|117.5|103.9|113.3|49.3|49,20.6|6.6|0.3|0.3|0.3|0.3|0.3|0|0.3|0|39.3|6.6|12.8|42.4|6.6|40.8|31.5|5|50.2|9.7|0|0
2026-05-06 08:32:58,9.7,116.9,26.09,45.22,71.99,3.34,1,24152,0.731,5104.9,5,101.3|86.6|55.4|55.3|55.3|55.3|55.3|55.1|55.3|55.3|122.4|137.4|128.1|125.4|105.4|115.2|118.3|105.8|118.7|106.5|45.7|45.2,8.1|0.3|0|0|0.3|0.3|0.3|0|0.3|0|22.1|1.9|6.6|25.3|5|40.8|34.6|3.5|33|12.8|0|0
2026-05-06 08:33:08,10.1,119.7,26.08,45.22,71.99,3.34,1,24152,0.731,5115.1,5,114.8|108.5|55.2|55.6|55.6|55.6|55.5|55.5|55.5|55.6|132.7|139.7|127.4|140.6|91.6|67.4|119|121|118.8|127.3|49|49,21.9|1.6|0.1|0.1|0.1|0.1|0.1|0.1|0.1|0.1|31.3|14.1|40.7|4.8|12.6|4.8|48.5|17.2|43.8|12.6|0.1|0.1
2026-05-06 08:33:19,9.2,121.3,26.12,45.19,71.99,3.34,1,24152,0.731,5125.1,5,115.3|112.6|55.5|55.7|55.4|55.6|55.5|55.6|55.1|55.5|129.6|128.1|127.5|133.7|103.8|103.9|109.7|108.8|113.7|114.7|44.5|51.1,39.7|10.4|0|0|1.1|1.1|0|0|1.1|1.1|32|10.4|39.7|7.3|18.1|7.3|38.2|13.5|50.6|16.6|0|1.1
2026-05-06 08:33:29,13.2,121.2,26.19,45.29,71.99,3.34,1,24152,0.731,5135.3,5,103.7|109|55.5|55.5|55.2|54.8|55.6|55.6|55.6|55.6|132.1|133.4|127.5|127.8|102.9|105.6|119.7|118.4|112.3|110.3|45.8|46.8,50.1|12.6|0.1|0.1|0.1|0.1|0.1|0.1|0.1|0.1|26.6|17.3|28.2|3.2|39.1|23.5|42.2|12.6|48.5|7.9|0.1|0.1
2026-05-06 08:33:39,8.2,119,26.19,45.23,71.99,3.34,1,24152,0.731,5145.6,5,116.3|113.8|55.5|55.6|55.4|55.1|55.4|55.1|55.5|55.4|133.2|129.9|128.6|139|89.4|88.9|125.2|120.3|117.9|115.4|44.3|44.3,31.9|0|0|0|0|0|0|0|0|0|0|25.7|28.8|0.9|13.3|4|0.9|47.4|31.9|0|0|0
2026-05-06 08:33:50,11.8,120.2,26.03,45.18,71.99,3.34,1,24152,0.731,5155.7,3,110.3|108.5|55.7|0|0|0|0|0|55.5|0|131.7|137.4|131.4|133.1|89.4|90.9|109|121.5|123.7|117.6|0|0,33|1.8|1.8|1.8|1.8|1.8|1.8|1.8|1.8|1.8|0.2|33|20.5|3.3|22.1|3.3|6.5|34.5|57.9|9.6|1.8|1.8
2026-05-06 08:34:00,9.6,118.9,25.95,45.08,71.99,3.34,1,24152,0.731,5165.9,3,113|113.4|50.1|55.4|55.6|55.6|55.6|55.6|54.3|54.8|127.2|128.7|129.9|130.4|106.2|101.2|118.4|117.6|120.5|123.6|47.9|46.5,45.6|6.8|0.5|0.5|0.5|0.5|0.5|0.5|0.5|0.5|3.7|25.4|30.1|9.9|14.5|11.4|3.7|41|45.6|20.7|0.5|0.5
2026-05-06 08:34:10,9.2,122.9,25.98,45.05,71.99,3.34,1,24152,0.731,5176,3,125|125.7|54.4|55.4|0|0|0|0|54.3|0|133.6|136.3|128|134|113.1|100.8|101.5|97|120.8|128.8|0|0,44.3|1|1|1|1|1|1|1|1|1|24.2|2.5|21.1|0|21.1|4|10.2|4|39.6|8.7|1|1
2026-05-06 08:34:21,9.4,120,25.75,45.05,71.99,3.34,1,24152,0.731,5186.1,3,120.5|124.8|55.6|0|55.5|55.6|0|53.7|0|0|130.3|134.9|129.4|129.5|107|111.7|93.5|100.3|120.5|125.6|0|0,45.9|5.7|0|0|0|0|0|0|0|0|21.2|2.6|21.2|5.7|28.9|8.8|24.3|8.8|42.8|13.5|0|0
2026-05-06 08:34:31,12.7,118.4,25.64,45.14,71.99,3.34,1,24152,0.732,5196.3,5,124.7|120|55.7|55.7|55.6|55.7|55.5|55.6|55.6|55.6|135.4|134.7|132.3|138.6|106.2|111.9|100.8|112.4|121.4|124.8|53.6|69.9,49.2|4.5|1.4|1.4|1.4|1.4|1.4|1.4|1.4|1.4|32.2|4.5|33.8|1.4|18.4|6.1|13.8|9.1|41.5|10.7|1.4|1.4
2026-05-06 08:34:41,7.1,112.5,25.57,45.05,71.99,3.34,1,24152,0.732,5206.3,5,112.4|100.3|55.6|55.3|55.6|55.5|55.5|55.6|55.3|55.6|108.4|103.6|115.4|122.1|76.7|80|83.2|60.5|111.6|122.9|48.1|79.7,14.5|2.1|0.5|0.5|0.5|0.5|0.5|0|0.5|0.5|25.4|9.8|6.7|20.7|5.2|3.6|9.8|11.4|22.3|37.8|0.5|0.5
2026-05-06 08:34:51,6.8,113.1,25.58,45.06,71.99,3.34,1,24152,0.732,5216.2,5,103.7|85.1|55.5|55.5|55.5|55.4|55.5|55.5|54.3|55.2|120|106.1|103.2|120.3|68.3|67.7|72|65.3|121.1|132.9|59.5|82.4,23.5|4.7|0|0|0|0|0|0|0|0|20.3|6.3|3.2|31.3|11|4.7|14.1|3.2|12.5|45.3|0|0
2026-05-06 08:35:02,6.7,117.8,25.59,45.06,71.99,3.34,1,24152,0.732,5226.2,5,113.7|102.6|54.8|55.6|55.5|55.6|55.6|55.5|55.5|55.5|129.6|118.4|125.4|139.6|102|103.6|103.1|86.9|114.2|124.5|61.6|60.9,47.1|12.8|0.4|1.9|0.4|0.4|0.4|0.4|0.4|0.4|42.4|23.7|12.8|34.6|28.4|17.5|26.8|9.7|26.8|68.9|0.4|0.4
2026-05-06 08:35:12,6.8,107.1,25.55,45.01,71.99,3.34,1,24152,0.732,5236.2,5,137|130.4|55.5|55.7|55.7|55.6|55.6|55.5|55.6|55.5|104.2|103.7|127|112.9|89.7|83.9|93.1|66.6|64.9|81.3|47.2|60.1,34.4|3.2|0|0|0|0|0|0|0|0|9.4|0|20.3|0|15.7|12.5|7.9|1.6|3.2|7.9|0|0
2026-05-06 08:35:22,7.7,109.9,25.54,45.02,71.99,3.34,1,24152,0.734,5246.1,5,118.4|109|55.8|55.7|55.5|55.5|52.9|55.6|55.5|55.7|117.4|124.7|133.8|128|92.8|75.3|83|81.2|72.3|59.7|45.4|52.6,42.3|1.8|0.3|0|0|0.3|0.3|0|0|0|19|3.4|25.2|1.8|14.3|6.5|11.2|8.1|6.5|3.4|0|0
2026-05-06 08:35:33,6.1,142.9,25.59,45.06,71.99,3.34,1,24152,0.732,5256.1,5,130|130.9|55.5|55.5|55.6|55.5|55.5|55.4|55.3|55.5|138.3|141.7|123.8|118.3|126.9|127.1|125.5|127.2|119.3|120.6|44.4|44.5,42.6|13.1|0.7|0|0|0|0|0|0|0|28.6|13.1|36.4|5.4|45.7|16.2|42.6|16.2|30.2|16.2|0|0
2026-05-06 08:35:43,5.5,99.3,25.5,44.98,71.99,3.34,1,24152,0.701,5266,5,125|125.6|55.3|55.5|55.5|55.5|55.5|55.6|55.5|55.4|121.1|125.2|102.2|95.5|127.9|108.2|105.8|131.3|100.7|105.5|51|50.8,11.1|32.9|4.9|4.9|3.3|15.8|4.9|0.2|1.7|1.7|4.9|29.8|22|4.9|43.9|17.3|37.6|9.5|17.3|6.4|0.2|0.2
2026-05-06 08:35:53,6.5,95.7,25.51,44.98,71.99,3.34,1,24152,0.701,5276.1,5,142.8|128.1|55.4|55.5|55.5|55.5|55.5|55.5|55.5|55.3|91.4|97.6|115.3|101.7|125.1|111.5|116.8|109.5|102.8|104|51.5|52.6,9|42.9|4.4|18.2|0|1.3|4.4|4.4|2.8|1.3|1.3|26|29|4.4|42.9|9|32.1|1.3|10.5|4.4|0|0
2026-05-06 08:36:04,6.2,121.4,25.54,45.02,71.99,3.34,1,24152,0.701,5286.1,3,135.5|126.9|55.5|55.5|55.5|55.5|55.5|55.3|55.5|55.5|124.4|122.4|123.6|130.8|125.8|134.9|119.6|122.3|130.8|140.3|48.5|48.7,9.9|39.4|0.6|0|0|0|0|0|0|0|11.5|30.1|30.1|17.7|44.1|22.3|37.9|17.7|28.6|20.8|0|0
2026-05-06 08:36:14,7.5,111.8,25.48,44.96,71.99,3.34,1,24152,0.701,5296,3,99.1|97.3|60.3|61.6|122.4|56.9|118.1|74.8|71.8|81.3|106.9|112.2|109.2|108.3|118.8|124.9|117.5|119.7|112.7|121.6|52.3|52.7,12.9|0.5|9.8|0.5|14.5|5.1|2|0.5|2|0|20.7|2|19.1|0.5|47.1|16|33.1|6.7|19.1|5.1|0|0
2026-05-06 08:36:24,7.2,111.8,25.48,44.96,71.99,3.34,1,24152,0.701,5306.2,3,106|114.1|90.4|116.2|141.4|99.6|108.5|56.2|56.5|55|116.5|122.7|112.8|105|117.1|116|112.9|104.4|110.9|113.8|51.9|51.6,15|2.6|0|2.6|5.7|2.6|0|2.6|0|0|22.7|8.8|22.7|7.2|41.2|13.4|44.3|19.6|18.1|7.2|1|1
2026-05-06 08:36:35,12.9,126.4,25.52,45.01,71.99,3.34,1,24152,0.701,5316.2,3,96.8|104.6|55.4|55.3|55.5|55.1|55.5|55.5|55.5|55.5|117.9|117.6|99.6|83.7|127.8|131.1|113|122.9|136.7|139|49.3|48.5,16|11.3|0|0.4|0.4|0.4|0.4|0.4|0.4|0.4|34.7|16|31.6|12.9|42.4|16|48.7|23.8|37.8|17.6|0.4|0.4
2026-05-06 08:36:45,10.9,115.2,25.46,44.95,71.99,3.34,1,24152,0.701,5326.1,3,102.7|92.7|65.1|58.1|60.4|134.5|142.9|59.2|70|73.3|124|114.3|102.7|112.8|104.1|108.8|119|125.6|103.2|104.8|48|46.6,2.1|2.1|2.1|2.1|0.6|11.4|2.1|2.1|2.1|2.1|17.7|2.1|0.6|23.9|5.2|23.9|36.3|6.8|11.4|5.2|0.6|0.6
2026-05-06 08:36:55,6.6,120.2,25.56,45.04,71.99,3.24,1,24152,0.701,5336.1,3,99.4|96.1|55.2|55|55.2|55.2|55.1|55.2|55.2|55.1|110.8|96.5|110.9|114.4|141.4|130.7|118.8|118.8|102.9|104.6|51.9|52.4,9.7|5.1|0|0|0|0|0|0|2|0|34.6|5.1|2|25.3|20.6|36.2|40.9|16|25.3|12.8|0.4|0.4
2026-05-06 08:37:05,13.9,127,25.57,45.06,71.99,3.24,1,24152,0.701,5346.1,3,107.2|108.3|65.5|103.9|67.3|141.8|125.9|109.8|99.6|62.6|111|115.7|122.9|115.4|128|129.9|111.6|111.4|106.1|110.3|54.8|56,4|2.4|0.9|0.9|0.9|0.9|0.9|0.9|0.9|0.9|16.3|4|0.9|21|5.5|28.7|24.1|7.1|22.5|8.6|0.9|2.4
2026-05-06 08:37:16,9.3,110.3,25.55,45.03,71.99,3.24,1,24152,0.701,5356.2,3,118|115.6|130.4|119.6|59.3|74.9|106.5|64.7|76.3|70.9|106|103.2|112.4|107.8|104.7|109.4|94.6|80.4|108.9|119.1|57.9|67.9,15.6|3.1|6.3|1.6|4.7|3.1|1.6|3.1|4.7|1.6|9.4|0|17.2|0|12.5|11|26.6|12.5|25|3.1|1.6|0
2026-05-06 08:37:26,5.7,91.9,25.32,44.95,71.99,3.26,1,24152,0.701,5366.1,3,61.1|74.7|55.5|55.6|55.5|55.6|55.5|55.5|55.5|55.6|111.6|105.9|125.7|112.1|57.2|54|102.9|87.1|64|67.4|50.9|66.9,25.7|5.5|0|0|0|0|0|0|0|0|27.2|2.4|21|2.4|13.3|2.4|45.8|7.1|21|2.4|0|0
2026-05-06 08:37:36,20.2,119.7,25.35,44.98,71.99,3.26,1,24152,0.701,5376.1,3,105.7|94.8|85.6|62.3|61.9|71.5|159.5|140.3|152|136.5|104.5|121.1|114.7|105.6|106.7|102.6|111.9|99.1|112.5|111.9|56.5|61.9,15|2.6|1.1|0|1.1|0|0|0|0|1.1|13.4|13.4|24.2|0|2.6|2.6|24.2|21.1|18.1|4.1|0|0
2026-05-06 08:37:47,8.9,114.5,25.32,44.94,71.99,3.26,1,24152,0.701,5386,3,116.4|104|55.6|55.6|55.1|55.5|55.6|55.6|55.6|55.6|108.6|109.6|111.1|98.5|108.5|112.6|132.2|132.8|121.6|137.8|49.5|48.7,15.8|0.2|0.2|1.8|1.8|1.8|1.8|1.8|1.8|1.8|3.3|25.2|20.5|3.3|18.9|4.9|4.9|45.4|18.9|4.9|1.8|1.8
2026-05-06 08:37:57,12.1,114.8,25.43,45.04,71.99,3.26,1,24152,0.701,5395.8,3,97.1|79.9|55.5|55.5|55.6|55.5|55.5|55.6|55.4|55.5|99.7|110.8|126|115.7|95.9|77.8|140.5|133.8|126.8|115.4|52.7|46,21.1|1|0|1|4.1|5.7|0|1|0|0|2.6|19.6|21.1|2.6|18|15|11.9|44.3|42.8|11.9|2.6|1
2026-05-06 08:38:07,19.4,123,25.46,45.08,71.99,3.26,1,24152,0.701,5405.4,3,115.1|122.7|54.7|54.7|54.6|54.5|54.5|54.7|54.5|54.4|116.7|120.3|122.1|114.9|104.8|105.8|130.2|133|131.5|131.5|53.4|52,36.6|5.7|0|0|0|0|0|1.1|0|0|24.3|10.4|41.3|5.7|33.5|13.5|36.6|18.1|52.1|13.5|0|0
2026-05-06 08:38:18,63.5,96,27.07,46.55,71.99,3.25,1,24152,0.702,5411.5,4,80.5|79.4|97.3|97.4|97.6|97.5|96.6|97|96.4|96.8|92.4|92.3|93.2|92.9|80.2|79.3|81.1|81.2|79.7|79.3|51.5|53.1,69.1|61.4|75.3|66|75.3|76.8|83|76.8|79.9|81.5|76.8|64.5|79.9|72.2|75.3|49|62.9|70.7|66|70.7|0|0
2026-05-06 08:38:29,26.6,90.5,26.38,46.33,71.99,3.25,1,24152,0.765,5416.4,4,79.7|78.5|94.1|94|94|94.2|93.4|92.9|93.3|93.4|90.7|90.5|91.9|88.8|80.7|80.5|80.5|79.5|80.5|80.2|48.4|50.6,56.9|3|64.6|56.9|61.5|60|46.1|33.8|43|49.2|60|35.3|47.7|30.7|46.1|1.5|44.6|29.2|49.2|7.6|0|0
2026-05-06 08:38:39,30.1,107.7,26.22,46.06,71.99,3.25,1,24152,0.733,5426.5,4,96.9|94.1|119.5|119.2|116.5|114.2|116.1|111.4|115.7|119.4|115.3|114.5|112.9|118.9|98.8|103.6|96.6|97.9|97|96.6|52|49.7,49.3|10.8|17|15.5|3.2|3.2|1.6|4.7|4.7|35.4|38.5|12.4|12.4|46.2|37|7.8|47.7|7.8|13.9|38.5|0.1|0.1
2026-05-06 08:38:50,28.7,111.5,26.51,46.3,71.99,3.25,1,24152,0.733,5436.6,4,87.5|83.8|107.8|108.6|103|98.4|95.6|94.4|94.9|107.5|100.3|90.2|92.7|99.2|88.6|88|88.5|87.7|86.9|86.4|45.5|43.7,42.6|8.5|58.1|48.8|62.8|51.9|53.5|45.7|25.5|55|58.1|27.1|33.3|64.3|53.5|6.9|55|11.6|6.9|51.9|2.3|0.7
2026-05-06 08:39:00,20,120.2,26.54,46.31,71.99,3.25,1,24152,0.733,5446.7,4,109.1|112.3|54.6|55.3|55.7|55.5|55.8|55.5|55.4|54.9|129.3|129.4|131.1|131.3|110.1|114.4|111.8|114.6|114.9|113.6|49.5|51.6,61.6|24.7|0.1|0.1|0|0.1|0.1|0.1|0.1|0.1|21.6|23.1|24.7|40|61.6|32.4|33.9|10.8|52.3|63.1|1.6|1.6
2026-05-06 08:39:11,21.2,116.9,25.96,46.3,71.99,3.25,1,24152,0.733,5456.8,4,109|112|120.5|110.7|108.9|106.1|107.6|81|71|90.4|122.5|129|122.6|127.9|107.8|110.8|110.2|111.3|107.8|112.7|56.2|66.6,53.8|40|0|0|0|0|0|0|0|0|23|35.3|32.3|43|44.6|29.2|52.3|23|61.5|38.4|0|0
2026-05-06 08:39:21,15.7,118.2,25.89,46.22,71.99,3.25,1,24152,0.733,5466.8,4,113.4|118.6|55.5|55.4|55.6|55.1|55.6|55.5|55.7|55.5|131.2|131.9|129.9|133.5|111.7|118|110.8|113.7|108.6|109.3|51.8|66.1,44.6|20|1.6|0|0|0|0|0|0|0|55.4|33.9|47.7|16.9|43.1|21.6|49.2|24.6|50.8|26.2|0|0
2026-05-06 08:39:32,14.9,122.3,25.95,45.91,71.99,3.25,1,24152,0.733,5476.8,4,123.3|126|55.5|55.5|55.5|55.4|55.5|55.4|55.5|55.2|117.8|122.7|118|116.5|119.6|121.3|118.7|120.3|116.7|118.8|50.8|50.7,50.5|52|0|0|0|0|0|0|0|0|0|0|0|0|30.4|28.8|41.2|47.4|25.7|27.3|0|0
2026-05-06 08:39:42,18.3,117.4,25.95,45.88,71.99,3.25,1,24152,0.733,5486.9,4,119|119.9|55.1|55.5|55.5|55.6|55.5|51.8|55.6|55.5|129.3|132.1|132.5|132.8|117.3|117.2|115.3|122.3|104.9|118|46.7|45.5,0|44.6|0|0|0|0|0|0|0|0|7.7|30.8|23.1|12.3|40|7.7|30.8|6.1|15.4|6.1|0|0
2026-05-06 08:39:52,11.9,122.1,25.61,45.86,71.99,3.25,1,24152,0.733,5497.1,4,119.7|112.5|55.5|55.7|55.5|55.8|55.7|55.8|55.6|55.5|129.1|124.9|125.7|129.3|112.8|121|113.7|121.5|104.2|111.5|42.6|42.5,1.5|21.5|0|0|1.5|0|0|1.5|0|1.5|12.3|24.6|27.7|16.9|35.3|18.4|32.3|16.9|32.3|20|1.5|1.5
2026-05-06 08:40:03,13.3,121.3,25.69,45.99,71.99,3.25,1,24152,0.733,5507.4,4,105.2|113.3|55.5|55.4|55.4|55.5|55.3|55.4|55.1|55.3|119.6|125.7|127.5|136.3|118|125.4|117.1|114.7|107.4|119.7|45.9|45,1.3|42.9|0|0|0|0|0|0|0|0|2.8|24.4|32.1|12.1|42.9|16.7|27.5|5.9|22.9|9|0|0
2026-05-06 08:40:13,32.7,91.6,26.18,46.25,71.99,3.24,1,24152,0.733,5517.4,4,86.2|83.7|98.9|96.5|101.4|101.9|101.5|99.5|100.5|98.2|101.1|92.9|99.3|94.3|85.7|85.5|87.3|82.7|85.7|83.5|46.4|45.5,39.8|13.6|5.9|2.8|4.3|9|4.3|4.3|1.3|2.8|22.9|12.1|33.7|4.3|36.7|10.5|42.9|12.1|27.5|22.9|0|0
2026-05-06 08:40:24,60.8,101,26.14,46.04,71.99,3.23,1,24152,0.733,5527.1,5,98.6|94.7|112.5|106.5|116.1|116.9|114.8|110.2|107.3|106.9|117.2|109.9|117.4|107.5|95.9|94.5|100|97.4|96.3|97.5|49.2|50.8,33.5|5.6|0|0|0|0|0|0|0|0|24.2|58.2|53.6|31.9|31.9|0|36.6|13.4|30.4|25.7|0|0
2026-05-06 08:40:34,13.3,114,26.12,45.86,71.99,3.23,1,24152,0.733,5537.1,5,104.5|99.6|55.2|55.5|55.5|55.5|55.5|55.3|55.4|55.5|131.1|132.5|136.4|133.4|97|95.2|107.1|103.2|100.4|95.9|49.7|46.7,34.9|22.6|0|0|0|0|0|0.9|0.9|0.9|59.7|22.6|65.9|21|48.9|24.1|50.4|31.9|50.4|30.3|0|0
2026-05-06 08:40:44,12.8,113.6,26.09,45.81,71.99,3.22,1,24152,0.733,5547.3,5,102.6|101.5|55.6|55.4|55.5|55.7|55.7|55.3|55.6|55.4|128.5|126.3|130.4|131.5|100|101.9|108.1|109.9|101.5|93.9|43.5|43.5,30.2|14.7|0.7|0.7|0.7|0|0|0.7|0.7|0.7|22.5|19.4|22.5|30.2|7|33.3|30.2|14.7|38|16.3|0|0
2026-05-06 08:40:55,11.8,114.4,25.81,45.72,71.99,3.22,1,24152,0.733,5557.3,5,104.1|103|55.6|55.5|55.6|55.6|55.6|55.4|55.4|55.6|131.2|129.7|132.1|133.4|109.9|101|109.9|103.8|100.7|104.9|43.6|47.1,42.6|14.7|0.7|0.7|0.7|0.7|0.7|0.7|0.7|0.7|48.8|8.5|27.1|47.3|5.4|31.7|45.7|6.9|30.2|22.4|0.7|0.7
2026-05-06 08:41:05,11.1,115.7,25.76,45.67,71.99,3.25,1,24152,0.733,5567.5,5,111.8|117.8|55.6|55.2|55.6|55.6|55.6|55.6|55.6|55.5|123.4|120.1|117|125.3|118.7|111.6|116.1|118|112.3|119.3|56.9|53,38|7.1|0|0.9|0|0|0|0|0|0|21|0|14.8|22.6|0.9|33.4|31.9|8.6|38|11.7|0|0
2026-05-06 08:41:16,18.4,115.3,25.64,45.71,71.99,3.25,1,24152,0.733,5577.5,5,125.7|127.9|55.6|55.5|55.5|55.6|55.6|55.6|55.6|55.5|114.3|116.7|113.8|117.4|125|129.2|126.6|130.6|125.4|130.4|50.3|46.8,53.7|36.8|1.3|1.3|1.3|1.3|1.3|1.3|1.3|1.3|7.5|4.4|10.6|7.5|46|22.9|52.2|33.7|39.9|24.5|0|1.3
2026-05-06 08:41:26,57.6,91.4,25.95,46.61,71.99,3.25,1,24152,0.733,5584.1,5,81.7|82|96.3|96.3|96.3|96.1|96.1|96.6|96.5|96.6|94.3|93.3|95|93.2|82.1|83.6|82.1|83.9|81.9|83.9|45.6|46.6,47|33|56.4|56.4|67.3|43.9|45.5|50.1|48.6|57.9|76.6|28.3|62.6|39.2|45.5|17.4|54.8|9.6|70.4|4.9|0|0
2026-05-06 08:41:36,73.7,92.6,26.54,46.81,71.99,3.25,1,24152,0.733,5590.7,3,83.9|82.7|97.7|96.7|96.7|96|97.6|98.2|98.4|98.3|96.6|93.8|97.3|94.6|83.4|82.8|84.3|83.8|82.8|88|46.9|46.4,58.8|26.4|66.2|72|64.7|51.4|42.6|50|60.3|51.4|47|55.9|66.2|47|63.2|29.4|38.2|47|64.7|23.5|2.9|2.9
2026-05-06 08:41:47,43.5,87.1,26.56,46.83,71.99,3.25,1,24152,0.733,5595.2,3,79.4|81.2|94.2|94.1|93.8|93.7|92.9|93.4|93|93.3|91.2|90.1|90.8|90.6|80|81.6|81.8|80.6|79.2|81.1|40.3|41.4,70.8|27.7|73.9|75.4|76.9|84.6|67.7|73.9|55.4|66.2|63.1|66.2|73.9|58.5|53.9|46.2|40|55.4|67.7|38.5|0|0
2026-05-06 08:41:58,42.1,105.3,26.4,46.35,71.99,3.2,1,24152,0.733,5605.4,3,94.8|97.5|102.6|90.7|89|96.2|103.1|121.7|122.8|115.6|114.4|115.8|116.5|109.1|95.2|95.1|93.4|100.3|97.7|95.7|54.2|64.2,49|15.1|7.3|1.2|1.2|1.2|1.2|15.1|2.7|2.7|22.8|55.2|38.2|33.6|35.1|21.2|10.4|53.7|49|30.5|0|0
2026-05-06 08:42:09,36.2,94.8,26.78,46.76,71.99,3.2,1,24152,0.733,5615.4,3,85.2|83|99.4|98.8|98|98.3|97.1|97.6|100|99.8|97.3|95|98|94.3|84.7|81.6|85.5|81.9|84.7|82.8|47.7|46.9,72.3|19.9|52.3|58.4|73.8|58.4|46.1|36.8|56.9|66.1|46.1|66.1|72.3|27.6|53.8|30.7|53.8|23|47.6|27.6|0|0
2026-05-06 08:42:19,39.8,100.3,28,48.5,71.99,3.25,1,24152,0.733,5625.3,3,94.6|93.7|117.8|116.6|114|113.3|98.5|95.8|106.7|98.2|114.8|114.4|117.2|112.8|94.6|93.4|98.8|99.2|92.9|93.7|50.8|54.5,47.4|22.6|2.5|2.5|0.9|0.9|0.9|0.9|7.1|2.5|58.2|33.4|62.9|21.1|42.7|10.2|33.4|22.6|47.4|30.4|0.9|0
2026-05-06 08:42:30,15.2,117.9,28.02,48.37,71.99,3.25,1,24152,0.733,5635.4,3,113.7|108.3|54.7|54.7|55.5|55.6|55.6|55.5|55.6|55.5|133.7|132.9|134.3|132.3|109.2|108.1|102.2|103.8|108|111.2|46.2|48,42.4|11.2|1.8|1.8|1.8|0.3|0.3|0.3|0.3|0.3|36.1|8.1|37.7|8.1|23.7|5|33|9.6|29.9|12.8|0.3|0.3
2026-05-06 08:42:40,30.8,104.4,28.06,48.32,71.99,3.25,1,24152,0.733,5645.6,3,91.1|94|114.6|114.3|115.8|112.5|82.4|79.6|82.4|93.7|111|108.7|112.9|112.9|92.3|90.4|96.7|96.2|93.2|94.4|48.6|47.6,45.5|1.8|34.6|34.6|39.2|56.4|11.2|6.5|1.8|29.9|65.7|17.4|11.2|68.8|39.2|3.4|43.9|3.4|4.9|31.4|1.8|1.8
2026-05-06 08:42:51,19.7,116.2,27.88,48.16,71.99,3.25,1,24152,0.733,5655.8,3,107.3|97.6|55.5|55.6|55.6|55.5|66.1|72.7|74.8|61.2|126.9|128.8|133|133.3|104.6|104|111.1|111.8|111.2|104.5|44.7|44.7,35.3|7.6|6.1|6.1|7.6|3|1.4|1.4|1.4|7.6|27.6|32.2|30.7|52.3|26.1|3|39.9|7.6|4.5|30.7|1.4|1.4
2026-05-06 08:43:01,28.4,100.5,28.46,48.89,71.99,3.38,1,24152,0.733,5666.1,3,85.7|85.8|100.9|101.1|101.1|101.1|100.9|101.1|101.1|101.1|97.8|97.9|97.6|97.9|86.1|85.7|86|85.9|85.8|85.9|47.3|48.7,58.4|46.1|76.9|76.9|81.5|83.1|92.3|84.6|78.4|83.1|80|56.9|70.7|70.7|61.5|35.3|64.6|38.4|47.6|53.8|0|0
2026-05-06 08:43:12,23.9,110.5,28.32,49.14,71.99,4.06,1,24152,0.733,5676.3,3,96.8|104.7|118.9|118.8|106.9|106.4|108.4|91.9|90.6|95.7|121.5|121.2|119.7|125.2|94.1|99.6|103.7|103.1|94.6|99.6|46.6|49.1,54.9|6.7|47.1|36.2|45.6|42.5|53.3|28.5|19.1|17.6|58|17.6|64.2|16|56.5|8.3|70.5|11.4|59.6|6.7|0|0.5
2026-05-06 08:43:22,27.2,96.5,28.47,49.47,71.99,4.75,1,24152,0.733,5686.4,3,87.5|85.6|103.7|103.3|102.1|104.4|101.7|100.7|100.7|100.6|101|100.8|103.6|98.7|86.4|84.9|89|85.1|86.8|85.3|48.2|45.8,46.2|10.8|33.9|47.7|49.2|49.2|47.7|44.6|35.4|26.2|36.9|23.1|44.6|9.3|46.2|12.3|46.2|16.9|73.9|9.3|0|0
2026-05-06 08:43:33,56.9,95.7,29.35,52.06,71.99,5.51,1,24152,0.721,5696.6,3,87.4|87|102.3|102.4|102.3|102.4|102.1|102|102|102.1|97.7|97.9|97.6|98.4|87.2|87.4|87.3|87.1|87.7|87.3|45.7|43.9,50.8|81.6|90.8|78.5|83.1|89.2|83.1|84.6|80|86.2|67.7|72.3|84.6|75.4|64.7|57|75.4|57|70.8|63.1|0.1|0
2026-05-06 08:43:44,41.8,93.7,29.31,52.37,71.99,6.27,1,24152,0.721,5706.8,3,85.2|83.4|100.7|100.3|100.1|100.3|100.7|100.2|100.4|100.6|92.5|95|94.9|95.9|84.2|83.6|84.7|82.9|84.6|83.1|46.7|47.2,25.3|68.9|48.6|53.3|53.3|54.9|48.6|48.6|45.5|56.4|73.5|56.4|68.9|53.3|48.6|33.1|59.5|28.4|62.6|29.9|0|0
2026-05-06 08:43:54,59.9,93.7,29.16,52.92,71.99,7.06,1,24152,0.721,5716.9,3,84.9|81.8|99.7|100.1|99.9|100.1|99.3|99.2|99.3|99.5|94.3|94.1|94.6|93.7|82.6|82.6|83.7|82.7|82.5|84.4|51.2|52.3,50.5|67.5|64.5|81.5|70.6|75.3|78.4|70.6|62.9|69.1|70.6|55.2|72.2|72.2|58.3|59.8|70.6|44.4|62.9|56.7|0|0
2026-05-06 08:44:05,48,93.5,28.94,53,71.99,7.67,1,24152,0.721,5727.2,3,85.1|81|99|98.6|99.8|99.2|99.3|97.8|99.6|98.2|93.9|94|94.3|93.7|81.6|81.3|83.3|82.5|81.8|80.5|50.6|50,11.3|65.7|50.2|58|53.3|68.9|56.4|50.2|40.8|53.3|26.8|75.1|67.3|43.9|65.7|29.9|67.3|22.2|78.2|15.9|0|0
2026-05-06 08:44:16,44,88.4,28.63,52.89,71.99,8.37,1,24152,0.721,5737.5,3,83.6|83.3|100.3|99.9|99.8|100|99.5|99.4|99.7|99.6|94.1|94.1|94.4|94.6|81.5|82.3|82.9|82.3|83.2|82.8|46.4|48.6,66.1|27.6|64.6|61.5|63|69.2|63|46.1|44.5|49.1|72.3|46.1|73.8|43|56.8|26|56.8|30.6|61.5|36.8|2.9|2.9
2026-05-06 08:44:26,31.3,93.1,28.31,52.78,71.99,8.97,1,24152,0.721,5747.8,3,88.4|100.1|104|105.7|104.6|105.1|104.2|102.9|104.4|103.6|93.8|91|94|95.3|89.6|97.5|90.2|92.2|89.5|97.7|50.3|49.3,45.7|11.6|20.9|17.8|33.3|34.8|38|17.8|24|24|17.8|5.4|19.3|5.4|59.7|3.8|39.5|20.9|61.2|6.9|0|0.7
2026-05-06 08:44:37,48,92.4,27.9,52.8,71.99,9.86,1,24152,0.721,5758.1,3,78.9|77.2|96.1|95.5|95.3|96|92.9|93.2|93.6|93.1|90.7|88.2|91.1|90.1|77.3|75.5|79.9|79.1|78.1|79.1|51|51,61.4|12.1|35.2|42.9|33.7|50.6|39.8|30.6|39.8|32.1|66.1|30.6|36.7|64.5|10.5|52.2|52.2|15.1|50.6|15.1|0|0
2026-05-06 08:44:48,33.8,92.9,27.47,52.57,71.99,10.19,1,24152,0.721,5768.5,3,86.8|88.1|100.9|102.6|102.4|102.1|99.9|100|99.4|99.9|92|87.7|89.7|93.5|94.1|84.8|86.8|92.4|86.2|92.5|51.9|47.8,52|13.2|28.7|28.7|25.6|41.1|31.8|30.3|39.6|33.4|58.2|22.5|39.6|34.9|0.8|50.4|61.3|5.5|56.6|14.8|0|0
2026-05-06 08:44:58,24.8,89.8,27.45,52.56,71.99,10.19,1,24152,0.721,5778.7,3,80.2|85.2|98.5|99.8|97.3|100|95.7|96.3|96.2|96|94.2|92.1|95.9|94.6|85.1|79.5|83.9|85.1|80.5|84.3|58.6|52.6,39.2|18.9|37.6|29.8|36|45.4|56.3|43.8|29.8|40.7|67.2|28.3|36|61|6.4|62.6|67.2|3.3|45.4|26.7|0.2|1.7
2026-05-06 08:45:09,32.6,86.2,27.51,52.75,71.99,10.19,1,24152,0.721,5787.6,3,79.8|79.6|96.5|96.5|96.7|97|96.4|96.3|96.5|96.5|88.3|88.2|91.8|91|79.6|79.1|80.5|79.5|79.9|79.4|45.5|45.1,50.9|21.8|49.4|43.3|52.5|54|47.9|38.7|49.4|43.3|49.4|47.9|47.9|47.9|54|15.7|55.5|9.5|58.6|3.4|0|0.3
2026-05-06 08:45:20,29.7,93.8,27.64,52.75,71.99,10.19,1,24152,0.721,5796.6,3,91.1|91.4|105.1|105.9|106.3|105.5|104.4|103.5|105.4|105.1|94.2|96.3|94.2|94.1|91.6|89.9|92.5|91.3|92.1|92.4|52.3|45.4,50.1|31.4|42.3|45.4|53.2|43.9|50.1|37.6|36.1|39.2|34.5|14.3|29.8|15.8|59.5|25.2|64.1|25.2|50.1|17.4|0.2|1.8
2026-05-06 08:45:30,36.2,98.5,27.73,52.75,71.99,9.57,1,24152,0.721,5806.8,3,89.7|86.6|100.7|101.4|103.1|101.9|102.1|102.2|100.3|100.3|89.3|82.7|93.3|89.6|88.7|90.1|88.4|90.4|87.2|89.9|54|45.6,72.3|16.8|56.9|58.4|55.3|59.9|50.7|52.2|35.3|32.2|59.9|21.4|63|18.4|73.8|15.3|72.3|4.5|70.7|6|3|0
2026-05-06 08:45:41,31.4,92.8,27.4,52.64,71.99,9.67,1,24152,0.721,5817.2,3,80.5|79.6|98.5|99.1|99.2|97.9|94.7|95.2|95.9|95.5|92.5|94.9|95.4|92|80.8|79.6|82.6|83.2|80|77.6|46.6|49.4,57|18.5|47.7|55.4|61.6|58.5|43.1|40|40|32.4|38.5|58.5|70.8|37|47.7|35.4|27.7|49.3|46.2|29.3|0.1|0.1
2026-05-06 08:45:52,34.7,96.1,27.32,52.63,71.99,9.67,1,24152,0.721,5827.4,3,84.1|84.2|100.5|100.6|100.6|100.6|100.4|99.5|100.2|101.1|94.4|96.9|96.3|95|82.1|81|82.6|85.4|80.6|84.3|44.9|45,53.5|47.3|64.3|72.1|67.4|73.6|61.2|48.8|56.6|56.6|73.6|56.6|65.9|61.2|48.8|48.8|51.9|48.8|59.7|50.4|0|0
2026-05-06 08:46:02,31.1,90.3,27.51,53,71.99,9.67,1,24152,0.721,5837.6,3,82.2|83.8|98.4|98.3|98.3|98|97.3|97.4|97.7|97.5|89.3|91.9|92.5|93|79.6|81.8|81.6|82.7|82.1|82.1|47.1|46.9,53.4|23.9|55|44.1|56.5|51.9|41|42.6|37.9|47.2|34.8|76.7|70.5|41|48.8|36.4|33.2|48.8|59.6|23.9|0.7|0.7
2026-05-06 08:46:13,30.4,91.7,27.54,53.07,71.99,9.67,1,24152,0.721,5847.9,3,83.8|85.7|105.7|106.3|106.9|107|97.4|96.7|95|94.7|103.8|94.7|104.1|96.8|82.7|84.7|88.6|85.7|83.9|83.1|46.9|46.6,34.5|0|36.1|28.3|34.5|37.7|23.6|12.7|22.1|20.5|71.9|8|70.4|12.7|31.4|3.4|59.5|4.9|48.6|1.8|0|0
2026-05-06 08:46:24,33.1,96.4,27.46,53.08,71.99,9.67,1,24152,0.721,5858.2,3,83.5|77.2|102.2|103.4|102.1|103.4|95.1|95.6|96.3|97.4|99.2|96.7|100.2|93.2|82.2|79.8|86.3|84.2|84.7|79.7|0|56.2,56.4|11.3|39.3|47.1|34.6|33.1|33.1|22.2|28.4|31.5|48.7|33.1|58|17.5|54.9|5.1|40.9|8.2|40.9|12.9|0|0
2026-05-06 08:46:34,30.7,96.4,27.28,52.76,71.99,9.67,1,24152,0.721,5868.4,5,87.9|85.1|104.8|105.9|102.6|103.1|107.7|104.4|107.9|106.9|106|102.2|106.8|100.9|85.7|82.9|92.5|89.4|87.5|84.6|44.8|45.1,55|8.5|30.2|36.4|28.7|25.6|33.3|14.7|25.6|30.2|58.1|19.3|70.5|24|55|3.8|58.1|10|33.3|11.6|0|0
2026-05-06 08:46:45,31.4,94.7,27.29,52.6,71.99,9.67,1,24152,0.721,5878.7,5,83.5|80.7|97.5|97.7|99.1|99.1|101.7|99.6|99.3|100|94.8|98.3|96.3|95.7|82.1|83.1|84.7|82.1|81.6|83.1|44|44.9,39.5|8.5|24|34.9|39.5|39.5|34.9|24|11.6|38|72.1|16.3|22.5|44.2|41.1|5.4|59.7|2.3|5.4|45.7|0|0
2026-05-06 08:46:55,28.3,92.8,27.24,52.66,71.99,9.67,1,24152,0.721,5889.1,5,84.7|85|101.8|102.5|101.8|101.2|105.5|98.9|99.3|99.2|100.9|100.1|101.9|101.8|85|87.6|87|89|85.6|86|47.5|48.2,44.1|10|27.1|34.8|37.9|34.8|34.8|27.1|27.1|33.3|64.3|19.3|30.2|64.3|41|6.9|47.2|5.4|17.8|37.9|0.7|0.7
2026-05-06 08:47:06,27.9,95.9,27.21,52.64,71.99,9.67,1,24152,0.721,5899.4,5,82.6|78.1|99.1|99.9|103.9|101.9|103.8|98.2|98.3|99.8|97.9|98.5|99.5|100.2|82|83|87.6|83.5|83.7|83|48.2|50.7,44.2|8.5|36.4|28.7|34.9|42.6|42.6|20.9|22.5|51.9|67.4|25.6|27.1|61.2|38|5.4|48.8|5.4|14.7|36.4|0|0
2026-05-06 08:47:17,33.5,95.3,27.26,52.64,71.99,9.67,1,24152,0.721,5909.8,5,85.3|83.7|100.5|99.7|101.9|100.4|101.7|100.6|101|100.3|99|94.8|97.3|95|84.7|83.5|86.6|84.8|83|85.6|46.3|46,48.6|39.3|47.1|47.1|40.9|67.3|50.2|42.4|36.2|31.5|73.5|33.1|68.9|34.6|47.1|30|61.1|23.7|58|19.1|2|3.5
2026-05-06 08:47:27,44.4,91.7,27.21,52.62,71.99,9.66,1,24152,0.721,5920.1,5,83.5|80.6|101|102.1|103|101.4|98.9|97.1|100.2|96|98.3|92.1|99.4|93.8|83.5|80.8|86.2|81.7|83.9|80.7|45.9|46.7,37.7|12.8|31.5|26.8|44|25.3|33.1|23.7|15.9|15.9|56.4|23.7|73.5|12.8|26.8|9.7|51.7|3.5|40.9|0|0.4|0.4
2026-05-06 08:47:38,44,89.6,27.18,52.59,71.99,9.66,1,24152,0.721,5930.3,5,81.9|82.6|98.6|98.7|99.5|98.7|97.7|96.5|98.1|96.4|92.9|94.3|96.1|92.2|83.1|78.7|82.8|82.1|81.6|81.9|51.9|48.3,6.6|48.6|22.1|29.9|40.8|26.8|31.5|43.9|25.2|29.9|17.5|39.3|51.7|12.8|45.5|11.2|56.4|20.6|40.8|11.2|0.3|0
2026-05-06 08:47:49,28.9,92.2,27.02,52.43,71.99,9.66,1,24152,0.721,5940.6,5,85.5|84.9|98.8|98.4|99.5|98.8|98.3|99|100|99.3|93.4|94.2|92.9|90.9|83|85.7|86.5|85.9|84.6|83.9|53.6|57.2,11.8|67.5|31.9|35|41.2|50.5|41.2|39.7|36.6|39.7|19.6|55.1|58.2|28.8|52|21.1|61.3|16.5|61.3|16.5|1|0
2026-05-06 08:47:59,29.9,97.8,27.14,52.46,71.99,9.66,1,24152,0.721,5951,5,98.1|87.7|103.9|103.8|104.1|104|102.2|101.4|102|102.5|93.1|92.3|94.5|91.3|89.2|90.5|89.8|96.8|88.4|94.4|52.3|45.6,6.7|61.1|23.8|45.5|28.4|48.7|42.4|22.2|31.5|37.8|11.3|23.8|33.1|3.5|51.8|19.1|51.8|12.9|58|11.3|3.5|2
2026-05-06 08:48:10,30,95,27.2,52.45,71.99,9.66,1,24152,0.721,5961.2,5,88.4|90.1|100.1|102|103.6|103.1|102.2|101.9|100.7|102.4|91.3|88.5|92.4|93.2|87.2|86.8|89|92|87.8|88.9|55|46.5,64.2|12.7|50.1|40.8|43.9|48.6|53.2|33|47|28.3|28.3|20.5|40.8|15.8|54.8|17.4|51.7|25.2|48.6|22.1|0.3|1.8
2026-05-06 08:48:20,38.6,96.2,27.25,52.45,71.99,9.66,1,24152,0.721,5971.5,3,88.5|91.7|103.5|104.5|103.9|102.8|103.6|101.4|101.6|103.6|91.4|91.1|91.7|91.6|89.4|90.3|90.4|89.3|89.4|91.1|54.3|45.9,64.3|6.9|30.1|28.6|42.6|42.6|47.2|42.6|39.5|36.4|62.7|16.2|48.8|30.1|61.2|0|59.6|11.5|55|16.2|0.7|0.7
2026-05-06 08:48:31,32.7,94.2,27.17,52.47,71.99,9.68,1,24152,0.721,5981.8,3,89.5|88.8|102.4|102.1|101.4|102.8|103.7|102.1|102.8|103.6|88.8|84.5|92.2|93.1|90.2|86.9|89.1|92.4|88.7|89.2|50.2|50.2,53.5|11.6|36.4|25.5|41|50.4|39.5|33.3|27.1|27.1|19.3|3.8|39.5|0.7|61.2|14.7|58.1|17.8|61.2|16.2|0.7|2.3
2026-05-06 08:48:42,25.2,96.4,27.18,52.46,71.99,9.68,1,24152,0.721,5992.1,3,85.2|89.4|100.5|98.8|99.7|99.7|101.4|98.3|99.7|100.1|94|91.5|91.2|95.4|89.6|85.3|87.7|82.4|86.8|89|53.7|0,68.9|8.2|30|39.3|37.8|47.1|44|34.7|44|36.2|42.4|12.9|23.8|28.4|11.3|61.1|65.8|9.8|53.3|25.3|0|0.4
2026-05-06 08:48:52,26.8,97.2,27.22,52.39,71.99,9.68,1,24152,0.721,6002.4,3,83.6|82.3|99.5|98.2|99.5|99.5|98.8|97.6|98.3|98.6|94.8|92.7|95.9|94.3|84.2|82.7|85.3|85.9|84.4|86.1|53.8|44.5,59.9|13.6|46|46|52.2|59.9|46|32.1|46|36.7|67.6|21.3|55.2|44.4|21.3|53.7|67.6|10.5|58.3|16.7|1.2|0
2026-05-06 08:49:03,32.7,95.7,27.29,52.38,71.99,9.68,1,24152,0.721,6012.8,3,89.9|90.9|103.9|103.3|104.2|103.9|103.7|102.7|104.2|104.2|95.8|97.2|93.4|95.5|93.3|90.1|89.2|89.1|88.8|91.3|54.5|50.3,55|14.6|47.2|56.5|42.5|34.8|42.5|41|39.4|44.1|41|25.5|25.5|47.2|9.9|59.6|64.3|13|51.9|28.6|0.6|2.2
2026-05-06 08:49:14,30.3,94.6,27.08,52.37,71.99,9.68,1,24152,0.721,6023,3,87.6|89.3|104.7|99.9|105|105.2|105.9|101.7|102.6|104.4|100.7|97.5|100.1|98.6|87|90.2|91.6|91.3|88|92.7|55|44.1,42.3|4.9|32.9|15.8|25.1|18.9|48.5|32.9|26.7|23.6|57.9|15.8|65.7|12.7|45.4|4.9|51.7|1.8|43.9|0|0.2|1.8
2026-05-06 08:49:24,29.2,96.8,26.93,52.38,71.99,9.68,1,24152,0.721,6033.3,3,83.8|83|99.4|100.2|98.8|99.4|97.3|98.5|99|98.7|95.9|95.8|96.7|93.7|81.1|81.4|84.1|83.9|81.9|83|0|0,42.9|21.2|35.1|30.5|35.1|33.6|29|29|35.1|36.7|24.3|12|33.6|5.8|52.1|7.3|55.2|10.4|56.8|2.7|0|0
2026-05-06 08:49:35,33.2,92.2,26.77,52.35,71.99,9.68,1,24152,0.721,6043.5,3,87.6|87.9|100.2|102.4|101.9|104|101.3|101.8|100.2|101.5|96.2|93.8|94.1|97.3|85.9|90.2|87.6|89.4|88.1|92.6|62|0,45.7|19.3|41|34.8|34.8|23.9|34.8|30.1|27|39.4|48.8|11.5|47.2|6.8|44.1|14.6|65.8|6.8|61.2|6.8|0.6|0
2026-05-06 08:49:45,35.1,93,26.77,52.32,71.99,9.68,1,24152,0.721,6053.8,3,88.3|92.2|101.6|101.7|101.3|104.6|103.3|103.1|103.2|102.4|99.1|96.5|96.7|96.7|88.6|90|92.9|88.1|88.8|93.8|49.4|57.6,70.7|16.6|52.1|39.8|42.9|39.8|30.5|27.4|35.1|35.1|13.5|24.3|25.9|8.9|53.7|25.9|30.5|52.1|61.4|19.7|1.1|2.7
2026-05-06 08:49:56,36.5,96.3,26.85,52.5,71.99,9.68,1,24152,0.721,6064,3,85.1|90.6|100.1|100.8|98.9|100.5|100|98.8|99.4|99.2|93.3|93.9|94.4|90.5|85.6|91.6|89.4|85.4|85.4|88.7|52.9|57.1,58.2|0|28.7|27.2|36.5|27.2|34.9|33.4|28.7|28.7|11.7|47.3|38|16.3|44.2|5.5|2.4|62.8|61.3|0|0|0
2026-05-06 08:50:07,27.8,96.6,26.81,52.4,71.99,9.68,1,24152,0.721,6074.2,3,92.7|93.4|106.6|106.8|105.4|107.1|108|107|105.8|106.6|101|92.2|92.9|93.7|91.6|93.3|96|94.6|93.6|96.2|55.3|71.4,62.8|11.6|38|44.2|47.3|47.3|34.9|24|33.3|33.3|20.9|19.4|27.1|3.9|61.2|13.2|34.9|39.5|53.5|10.1|0.8|0
2026-05-06 08:50:17,34.8,90.6,26.88,52.44,71.99,9.68,1,24152,0.721,6084.5,3,81.5|79.8|99|98.1|98.3|98.9|98.2|97|97.5|97|92.8|92|94.3|92.9|80.2|78.7|81.9|81.7|80.8|82.3|44.8|47.3,51.9|19.3|48.8|51.9|61.2|44.1|48.8|33.2|44.1|45.7|50.3|30.1|53.4|22.4|58.1|16.2|62.7|25.5|50.3|30.1|0|0.6
2026-05-06 08:50:28,29.1,94.1,27,52.4,71.99,9.68,1,24152,0.721,6094.8,3,88.3|94|103.7|103.9|101.5|102.5|105.2|103.2|102.1|101.7|94.1|89.8|90.8|92.1|89.2|93.9|88.8|92.9|88.1|92.1|52.3|47.2,53.5|13.2|38|44.2|44.2|31.8|34.9|20.9|36.4|47.3|39.5|5.4|38|3.9|56.6|7|67.4|7|58.1|10.1|0|0
2026-05-06 08:50:38,35.6,91.2,26.67,52.39,71.99,9.68,1,24152,0.719,6105.2,3,79.2|81|97|96.1|98|96.9|95|95.6|96|95.4|92.1|90|94|93.5|79.4|76.3|82.7|77.7|77.8|79.6|46.3|46.1,44.5|21.4|43|39.9|49.1|38.3|58.4|38.3|35.2|36.8|61.5|36.8|50.7|47.6|55.3|16.7|70.7|12.1|29.1|53.7|0|0
2026-05-06 08:50:49,28.9,95.3,26.61,52.36,71.99,9.68,1,24152,0.719,6115.4,3,89.3|90.2|102.5|102.4|101.8|101.9|102.2|100.4|100.8|101.2|91.7|89.5|91.5|93.1|87.8|86.9|88.9|83.5|90.3|89.6|55.6|50.4,59.6|17.6|50.3|40.9|54.9|48.7|45.6|36.3|26.9|37.8|47.1|25.4|34.7|50.3|64.2|13|62.7|13|17.6|67.4|0|0
2026-05-06 08:51:00,30,97.9,26.48,52.31,71.99,9.68,1,24152,0.719,6125.6,3,88.6|91.3|103.3|102.4|104.5|103.9|101.2|100.1|102|99.4|91.2|92.1|95.5|93.8|90.1|94.6|89.9|92.5|92.4|87.6|54.7|45.3,57.9|18.9|37.6|43.8|40.7|37.6|34.5|29.8|34.5|31.4|39.2|9.5|4.8|37.6|53.2|12.6|57.9|9.5|14.2|61|0.2|0
2026-05-06 08:51:10,29.1,97.7,26.62,52.22,71.99,9.68,1,24152,0.719,6135.9,3,86.4|87.2|102.4|102.3|101.4|103|101|99.6|99.6|99.5|91.3|92.2|93.2|94.9|85.1|89.9|87.1|89.8|85.2|90.5|49.8|47.4,50.5|13.3|38.1|33.5|41.2|47.4|38.1|35|27.3|25.7|27.3|8.7|33.5|5.6|48.9|21.1|61.3|11.8|59.8|7.2|0|0
2026-05-06 08:51:21,36.6,93.2,26.78,52.26,71.99,9.68,1,24152,0.719,6146.2,3,86.8|94.3|100.9|102.3|101.5|102.1|100.1|100|98.8|98.6|91.6|93|93.9|91.5|87.1|92.8|87.8|89.4|84.7|86.4|51.9|51.6,42.2|14.1|26.6|25.1|50|46.9|34.4|29.7|26.6|37.5|45.4|23.5|56.3|11|57.8|11|57.8|0.1|61|6.3|0.1|1.6
2026-05-06 08:51:31,31.2,98.3,26.84,52.15,71.99,9.68,1,24152,0.719,6156.5,3,91.3|91.3|104.7|104.7|105.4|104.5|102.8|102.2|103.7|103.6|94.9|89.8|94.7|91.2|90.7|92.4|91.6|95.8|88.1|95.1|49.2|63.8,53.6|11.9|28.9|44.4|42.8|33.5|41.3|45.9|22.7|15|25.8|15|38.2|5.7|47.5|19.6|49|5.7|59.8|2.6|0|0
2026-05-06 08:51:42,29.9,96.5,26.93,52.18,71.99,9.68,1,24152,0.719,6166.9,3,88.3|84.9|99.9|102.9|102.8|102.2|98.3|99.4|98.3|99.3|87.4|88.7|93.9|89.8|85.3|89.9|87.3|89.8|87.3|92|49.7|49.6,12.7|64.2|19|47|53.2|45.5|40.8|22.1|29.9|40.8|4.9|23.6|23.6|4.9|47|31.4|67.3|17.4|59.5|22.1|0|0
2026-05-06 08:51:53,26.6,96.8,26.8,52.09,71.99,9.68,1,24152,0.719,6177.2,3,100.5|92.9|108.9|108.8|108.4|109.1|105.4|105.8|104.6|105.9|94.7|92.9|97.7|92.7|91.6|93|93.1|93.1|92.5|96.9|53.7|56.2,23.8|75.1|34.7|51.8|72|54.9|51.8|42.5|53.3|56.4|33.1|53.3|48.7|30|59.6|34.7|64.2|25.3|70.4|33.1|0.5|0.5
2026-05-06 08:52:03,28.5,94.8,26.82,52.11,71.99,9.68,1,24152,0.719,6187.4,3,89.2|90.5|102.6|104.1|104.5|104.3|103.6|102.5|102.2|103.1|89|93.4|94.7|92.4|88.5|92.7|90.3|94.6|89.1|93.5|54.5|57.7,11.5|45.6|28.5|36.3|45.6|39.4|42.5|25.4|34.8|33.2|17.7|25.4|33.2|5.2|37.9|23.9|64.3|8.4|45.6|9.9|2.1|0
2026-05-06 08:52:14,34.6,97.7,26.53,52.12,71.99,9.68,1,24152,0.719,6197.6,3,86.9|90.1|101.4|101.3|101.8|102.6|103.3|101.7|100.2|99.2|90.7|89.3|93.5|90.8|88.9|90.9|89.3|89.7|88.6|90|52.4|49.1,58.5|10.8|36.9|35.4|38.4|46.1|30.8|30.8|29.2|26.1|41.5|18.4|44.6|7.7|75.4|4.6|58.5|20|47.7|10.8|0|0
2026-05-06 08:52:24,33.7,92.4,26.54,52.14,71.99,9.68,1,24152,0.719,6207.9,3,83.2|81.1|98|95.3|98.4|98.7|100.6|99.9|99|99.6|97.5|95.9|98.3|95.6|82.2|79.7|85.4|83.6|82.5|82|45.5|45.5,53.7|5.9|33.6|24.4|38.3|50.6|50.6|27.5|35.2|29|64.5|24.4|75.3|18.2|56.8|7.4|58.3|12|52.2|13.6|0|0
2026-05-06 08:52:35,35.7,90.6,26.59,52.19,71.99,9.68,1,24152,0.719,6218.2,5,87.2|88.8|103|102.3|102.6|101.4|101.8|99.8|101.1|98.9|95.9|92.5|93.9|91.1|86.9|91.3|88.5|90.3|87|91|51.4|44.3,61.2|10|53.5|31.7|44.1|56.6|36.4|44.1|22.4|37.9|56.6|25.5|59.7|20.9|61.2|3.8|61.2|22.4|59.7|17.8|0|0
2026-05-06 08:52:46,52.7,90.7,27.04,52.61,71.99,9.68,1,24152,0.719,6228.5,5,82|81.4|99.7|99.6|99.2|99.7|99.5|98.8|98.9|99.2|94.5|91.3|94.9|94.7|81.2|80.6|82.8|82|82.1|82|47.5|60,49.1|32.1|49.1|52.1|36.7|55.2|42.9|42.9|46|36.7|66|33.6|49.1|61.4|15.1|66|55.2|18.2|42.9|25.9|0|0
2026-05-06 08:52:56,32.8,90.4,26.99,52.63,71.99,9.68,1,24152,0.719,6238.8,5,79.3|76.9|95.4|94.6|95.1|94.8|94.7|94.3|94.3|94|85.4|85.8|89.2|90.2|77.2|79|79.2|75.4|79.4|77.9|44.3|47.2,51.7|9.7|26.8|33|22.2|26.8|39.3|22.2|34.6|33|39.3|19|19|40.8|5|45.5|56.4|8.1|48.6|11.3|0|0.4
2026-05-06 08:53:07,29,94.3,27.14,52.87,71.99,9.68,1,24152,0.719,6249.1,5,85.5|82.1|103.4|100.1|101.1|102.2|101.5|100.5|101.7|101.3|101.3|95.3|100.9|101.6|83.1|82.9|86|83.1|82.9|85.8|45.9|42.9,56.4|18.9|29.9|50.1|54.8|39.2|50.1|34.5|31.4|34.5|70.4|20.5|67.3|25.2|43.9|12.7|54.8|17.4|48.6|4.9|0.2|0
2026-05-06 08:53:18,42,93.3,26.91,52.66,71.99,9.68,1,24152,0.719,6259.3,5,84.8|81.8|100.8|100.5|102.4|100.8|101.2|100.1|98.6|99|97.6|95.7|100.5|96|82.4|83.4|85.3|86.9|82.1|83.1|45.5|45.9,49.1|10.5|38.2|29|32.1|24.4|32.1|25.9|32.1|22.8|67.6|18.2|67.6|19.7|41.3|18.2|52.1|7.4|52.1|5.8|0|0
2026-05-06 08:53:28,22.6,98.1,27.01,52.6,71.99,9.68,1,24152,0.719,6269.4,5,83.6|84.2|99.8|101.6|103.3|104.5|100.6|96.7|94.5|98.5|102.7|96.2|102.7|97.4|83.3|81.3|88.1|83.7|83.8|79.6|0|57.3,33.5|2.5|28.8|8.7|19.5|16.5|27.3|18|21.1|14.9|61.3|16.5|66|10.3|42.8|4.1|39.7|4.1|36.6|0|1|1
2026-05-06 08:53:39,24.9,97.5,26.89,52.59,71.99,9.68,1,24152,0.719,6279.5,5,84|86.9|103.5|107.4|108|103.1|88.7|98.2|99.1|97.9|98.5|102.9|103.9|105.3|85.1|85|86.1|86.4|87.7|85.6|0|0,49|1.2|32|33.6|39.8|32|12|25.9|27.4|29|7.3|67.6|72.2|24.3|42.9|13.5|5.8|49|42.9|5.8|0|0
2026-05-06 08:53:49,24.3,97.5,26.86,52.66,71.99,9.68,1,24152,0.719,6289.6,3,83.8|84.6|103.7|103|104|98.3|93.6|97.7|97.5|99.6|99.6|101.6|101.3|98.1|84.7|86|84.5|86.5|83.3|82.8|44|43.7,53.2|3.4|47|15.8|48.6|12.7|9.6|28.3|33|31.4|8|67.3|71.9|6.5|48.6|4.9|0.2|47|40.8|1.8|1.8|1.8
2026-05-06 08:54:00,26.9,98.6,26.83,52.62,71.99,9.68,1,24152,0.719,6299.7,3,85.6|81.1|103.2|105.9|103.8|105.7|92.7|100.6|103.1|101.1|99.8|103.3|104.3|98.4|86.9|84.6|86.8|87.5|86.2|82.9|46|46,34.7|2.1|30.1|9.9|27|20.7|8.3|23.8|25.4|19.2|3.6|68.9|76.7|9.9|36.3|0|0.5|45.6|36.3|0|0.5|0
2026-05-06 08:54:11,26,99.1,26.79,52.55,71.99,9.68,1,24152,0.719,6309.7,3,85.4|81.2|106|103.4|104.1|106.7|92|92.3|97.6|99.3|101.2|100.3|101.8|96.2|83.2|83|86.9|85.5|83.7|83.4|48.3|52,52.2|2.9|41.4|43|32.2|30.7|19.9|12.2|32.2|36.8|63|30.7|80|2.9|52.2|0|53.8|2.9|44.5|2.9|1.4|1.4
2026-05-06 08:54:21,26.7,95.2,26.92,52.49,71.99,9.68,1,24152,0.719,6319.8,3,85.1|81.6|108.7|104.6|106.2|105.1|98.8|94.6|98.1|96.5|103.1|96.4|102.8|96.3|82.6|81.3|88.5|84.9|83.2|83|49.9|51.9,47.3|2.3|39.5|31.8|30.2|38|10|10|30.2|33.3|56.6|10|70.5|10|34.9|2.3|42.6|5.4|45.7|5.4|0|0
2026-05-06 08:54:32,24.3,97.5,26.87,52.48,71.99,9.68,1,24152,0.719,6330,3,87.6|85|109.4|108.7|105.1|103.7|96|97.3|98.3|96.6|103.7|100.2|104.2|99.5|84.5|81.7|89.2|88|85.2|86.1|43.2|49,47.7|1.5|35.4|36.9|47.7|16.9|9.2|4.6|36.9|33.8|73.8|12.3|83.1|3.1|44.6|1.5|52.3|3.1|49.2|1.5|0|0
2026-05-06 08:54:42,25.7,96.5,26.84,52.45,71.99,9.68,1,24152,0.719,6340.1,3,87.9|85.2|111.2|109.6|109.9|106.3|100.2|96.2|97|96.9|105.3|104|104.7|105.3|85.7|85.3|90.7|92.2|86.9|82.4|61|50.9,62.6|8.1|37.7|36.1|36.1|28.3|22.1|11.2|19|33|65.7|14.3|33|57.9|53.3|6.5|53.3|11.2|14.3|51.7|0.3|0.3
2026-05-06 08:54:53,32,94.5,26.95,52.64,71.99,9.68,1,24152,0.719,6350.3,3,85.5|83.9|103|104.7|105.6|104.6|98.1|95.8|98.7|96.5|101.3|100.5|102.5|100.7|84.2|82.5|86.6|84|84.3|83.5|45.6|45.5,46.1|9.1|30.7|30.7|36.8|53.8|24.5|12.2|12.2|23|67.6|7.6|21.4|64.6|39.9|0|49.2|6|2.9|50.7|0|0
2026-05-06 08:55:04,29.5,97.4,27.05,52.56,71.99,9.68,1,24152,0.719,6360.5,3,87.1|83.8|108.9|108|109.3|108.9|97.6|93.1|87.3|93.3|104.4|99.4|101.7|103.9|84.9|82.8|90.2|85.7|84.2|84.6|49.2|53.9,69.2|6.1|52.3|32.3|43|27.6|21.5|16.9|9.2|33.8|81.5|12.3|29.2|69.2|53.8|6.1|61.5|6.1|10.7|61.5|0|0
2026-05-06 08:55:14,37.8,89.9,26.9,52.62,71.99,9.68,1,24152,0.719,6370.6,3,84.2|83|101.2|103.3|102.4|101.3|99.4|98.7|98.1|96.4|101.5|94|100.2|93.9|83.4|83.2|86.4|80.6|84.4|81.8|48.7|48,48.6|20.5|45.5|48.6|50.1|50.1|42.4|31.4|26.8|31.4|42.4|42.4|73.5|28.3|43.9|9.6|59.5|12.8|59.5|9.6|0.3|0.3
2026-05-06 08:55:25,29.8,97,26.85,52.61,71.99,9.68,1,24152,0.719,6380.8,3,84.5|85.1|101.8|103.5|104.7|103.2|97|97.8|98|97.3|102.2|95.9|99.5|95.4|82.8|82.3|86.5|82.4|84.5|82.9|48.2|50,55.2|24.2|49|36.6|36.6|39.7|39.7|39.7|38.2|25.8|55.2|35.1|58.3|27.3|52.1|18.1|66|15|56.7|13.4|1.1|1.1
2026-05-06 08:55:35,42.4,96.4,26.95,52.75,71.99,9.76,1,24152,0.716,6391,3,83.9|84.9|98.1|100.3|100.1|101.6|99.2|99.5|99.4|99.4|97|95|97.7|93.5|83.1|82|85.8|82.1|83.1|82.5|47.6|47.6,50|37.5|68.8|56.3|57.8|59.4|59.4|45.3|43.8|31.3|71.9|39.1|81.3|43.8|62.5|31.3|67.2|31.3|73.4|25|0|0
2026-05-06 08:55:46,42.8,95.1,26.44,52.67,71.99,9.76,1,24152,0.716,6401.2,3,82.1|83.4|99.6|101.1|101.7|101.1|102.6|101.7|101.1|102.6|98.7|99.8|101.2|97|81.4|84.4|85.5|86.3|84|82.7|46.5|51.3,2|47.1|20.7|31.6|44|36.2|54.9|22.2|31.6|30|20.7|67.3|67.3|25.3|42.4|17.6|65.8|8.2|56.4|2|2|2
2026-05-06 08:55:57,28.4,95.4,26.57,52.74,71.99,9.75,1,24152,0.716,6411.6,3,80.8|82.4|99.7|102.3|100.7|101.4|103.6|101|100.9|98.9|95.7|99.9|101.9|96.4|83.9|79.5|85.8|83.8|82.6|81.2|48.9|44.6,6.3|43.8|28.2|28.2|28.2|25.1|53.2|18.8|28.2|26.6|11|64.1|67.2|26.6|36|9.5|64.1|7.9|50|4.8|0.1|0.1
2026-05-06 08:56:07,34.7,96,26.55,52.56,71.99,9.75,1,24152,0.716,6421.7,3,85.4|87.5|101.5|102.2|102.5|101.4|105.3|102.6|101.2|101|100.5|104.8|103.9|100.6|85.8|86.1|88|84.6|84.9|84.5|45.7|43.6,51.7|1.9|28.3|19|31.5|33|48.6|29.9|34.6|17.4|65.7|15.9|79.8|9.7|47|5|47|6.5|51.7|0.3|0|0
2026-05-06 08:56:18,43.7,92.8,26.6,52.62,71.99,9.75,1,24152,0.716,6432,3,84.1|82.8|97.8|96.9|97.7|98|101.1|100.9|100.3|100.7|93.9|94.1|98|95.9|83.2|83.3|84.4|81.5|83.8|82.8|46.9|47,52.3|15.4|23.1|32.3|27.7|43.1|53.9|30.8|46.2|38.5|66.2|41.5|61.5|36.9|61.5|3.1|38.5|23.1|56.9|12.3|0|0
2026-05-06 08:56:29,26.6,92.5,26.55,52.54,71.99,9.75,1,24152,0.716,6442.2,3,83.8|88.5|99.6|101.2|100.1|98.8|99.4|97.2|98.4|96.9|94.7|93.1|94.9|98|84.4|90.1|85.6|87.4|84.3|85.8|50.5|49.9,59.4|20.4|43.8|34.5|42.3|54.8|48.5|34.5|42.3|34.5|28.2|7.9|36|3.3|67.2|12.6|65.7|17.3|61|17.3|0.1|0
2026-05-06 08:56:39,31.3,96.8,26.48,52.49,71.99,9.75,1,24152,0.716,6452.3,3,86.2|82.9|102.1|101.9|101.1|102.8|109.7|105|107.2|105.3|105.9|106|105.6|105.9|82.6|85|90.9|88.3|87.3|86.9|43.9|44,56.5|3.7|25.5|31.7|17.7|53.4|31.7|27|37.9|20.8|75.2|14.6|22.4|62.7|2.2|47.2|56.5|2.2|48.8|6.8|0.6|0.6
2026-05-06 08:56:50,33.8,92.3,26.47,52.49,71.99,9.75,1,24152,0.716,6462.5,3,81.5|79.7|97.8|97.7|97.4|98|98.5|97.1|96.6|97.3|91.5|87.7|92.3|94.5|78.6|80|81.9|80.5|80.9|79.2|50.6|50,40.7|18.9|45.4|32.9|36|50.1|42.3|36|31.4|39.2|76.6|12.6|36|50.1|11.1|47|64.1|4.8|31.4|18.9|1.7|1.7
2026-05-06 08:57:00,27.5,95.2,26.39,52.48,71.99,9.75,1,24152,0.716,6472.9,3,84.3|81.5|101.9|102.9|101.2|104.8|101.7|102.5|102.6|101.4|102.2|95.8|104.1|103.7|83.3|85|89|84|85.2|83.5|49.6|49.6,50.2|9.8|26.9|30|19.1|47.1|45.6|28.5|33.1|39.4|64.2|20.7|19.1|73.6|12.9|50.2|53.4|8.3|54.9|16|0|0
2026-05-06 08:57:11,34.9,94.6,25.97,51.61,71.99,9.67,1,24152,0.716,6483.1,3,87|87.3|102.1|103.9|103.5|102.2|101.1|101.3|101.4|101.2|100.8|98.6|99.9|97.6|83|85.9|87.2|86.8|86.6|86|48|54.2,46.1|33.8|56.9|49.2|66.1|52.2|47.6|38.4|50.7|53.8|53.8|49.2|78.4|44.5|53.8|23|63|18.4|72.3|18.4|1.4|2.9
2026-05-06 08:57:22,40.3,95.5,26.48,52.49,71.99,9.67,1,24152,0.716,6493.2,3,86.9|87.1|101.7|101.9|101.9|101.7|101.5|101.7|101.6|101.6|97.4|97.2|97.5|97.1|86.1|86.1|86.3|86.7|86.7|87.7|47.2|47.2,73.9|67.8|80|86.2|86.2|95.4|86.2|83.1|80|77|86.2|78.5|87.7|75.4|73.9|63.2|77|69.3|78.5|69.3|0|0
2026-05-06 08:57:32,33.6,95.7,26.43,52.34,71.99,9.67,1,24152,0.716,6503.5,3,81.3|83.9|102.3|102.5|103.4|103|99.5|99.8|100.9|101.8|99.3|94.9|100.2|95|82.2|83.1|85.6|85.6|83.2|86.1|45|45,49|18.1|35.1|27.4|33.6|41.3|32|33.6|45.9|32|67.6|25.9|62.9|22.8|55.2|13.5|55.2|8.9|45.9|2.7|1.1|0
2026-05-06 08:57:43,33,96.1,26.44,52.32,71.99,9.67,1,24152,0.716,6513.8,3,83.2|86.8|102.7|105.7|105.8|104.2|101.8|99.9|101.2|101.2|96.7|103|102.2|96.2|82.7|79.7|83.8|87.6|83.5|82.4|46.9|44.6,59.6|8.3|42.5|47.2|61.2|78.2|33.2|39.4|41|37.9|39.4|54.9|72|34.7|48.7|25.4|16.1|59.6|48.7|11.4|0.6|0.6
2026-05-06 08:57:54,78.5,92.7,27.32,53.35,71.99,9.67,1,24152,0.716,6523.7,3,83.6|83.7|100|100|100.1|100|99.8|100|99.8|99.8|94.2|93.8|95|94.8|83.6|83.5|82.8|83.3|83.3|83.5|45.2|43.9,48.6|45.5|87.5|79.8|82.9|79.8|86|72|79.8|76.6|61.1|59.5|62.6|65.7|59.5|51.7|50.2|56.4|59.5|47|0|0.3
2026-05-06 08:58:04,64.3,94,28.08,54.27,71.99,9.63,1,24152,0.716,6534,3,83|83|99.3|99.4|99.2|99.6|99.1|99.2|99.1|99.3|93.4|92.9|94.2|93.8|82.9|82.2|83.4|82.9|82.7|83.3|51.1|43.4,83|84.6|93.8|96.9|93.8|95.4|98.5|95.4|96.9|92.3|89.2|92.3|86.1|86.1|87.7|86.1|86.1|86.1|87.7|89.2|1.3|0
2026-05-06 08:58:15,52.3,88.8,28.53,54.89,71.99,9.62,1,24152,0.716,6544.4,3,80.4|80.4|96.7|97.2|96.5|96.4|96.4|96.5|96.4|96.8|90.2|89.9|90.2|91.1|79.7|79.9|79.6|79.2|79.6|80.1|46.6|44.7,53.8|50.7|66.1|67.6|70.7|78.4|73.8|50.7|75.4|73.8|72.3|56.9|78.4|63|56.9|44.5|66.1|50.7|67.6|41.5|0|0
2026-05-06 08:58:26,23.9,97.1,28.54,54.81,71.99,9.62,1,24152,0.716,6554.6,3,81.2|77.7|103|101.4|102.2|101.5|97.3|95.5|96.6|95.6|98.4|93|100|93.5|81.5|79.6|85.8|81.9|82.4|81|45.6|50.4,53.5|10|33.3|33.3|30.2|28.6|17.8|11.6|44.2|34.9|65.9|25.5|69|16.2|38|6.9|53.5|13.1|51.9|14.7|0.7|0.7
2026-05-06 08:58:36,27.4,99.2,28.53,54.74,71.99,9.62,1,24152,0.716,6565,5,89|87.1|108.6|108.5|105.7|110.1|104.1|99.2|103.3|102|106.6|104.1|106.9|100.6|84.9|84.3|91|90.8|85.8|84.8|44.3|58.3,53.3|5.1|33.1|40.9|36.2|40.9|28.4|11.3|28.4|17.5|62.7|22.2|75.1|22.2|61.1|5.1|58|9.8|48.7|9.8|0.4|0.4
2026-05-06 08:58:47,31.8,93.2,28.36,54.63,71.99,9.62,1,24152,0.716,6575.2,5,85.1|84.6|103.9|102.3|103.3|102.2|97.8|96.6|96|97.1|99.9|97.7|99|99.3|84.5|82.3|86.1|85|79.3|85|43.4|43.4,56.3|11.1|40.7|50.1|40.7|50.1|37.6|31.4|22|32.9|71.9|36|45.4|48.5|48.5|14.2|62.6|11.1|23.6|45.4|1.7|1.7
2026-05-06 08:58:58,44.4,88.6,28.41,54.83,71.99,9.62,1,24152,0.716,6585.5,5,82.7|84.3|99.8|99.7|99.3|99.6|99.7|99.8|99.6|99.7|94.2|93|95.4|95.1|82.8|84.6|82.5|85|82.5|83.6|43.3|43.3,41.3|32.1|41.3|46|39.8|49|49|35.1|46|35.1|66|42.9|58.3|44.4|61.4|13.5|61.4|8.9|33.6|38.2|0|0
2026-05-06 08:59:08,32.8,98.2,28.37,54.8,71.99,9.62,1,24152,0.716,6595.8,5,84.7|86.5|102.5|102.9|102.5|101.2|97.6|98.2|94.9|97.8|98.3|97.2|97.8|95.1|83.2|85.1|86.3|85.5|83.9|87.4|44.6|44.5,51.6|22|32.9|40.7|42.3|43.8|39.2|29.8|36|26.7|68.8|36|79.7|25.1|57.9|18.9|62.6|17.3|54.8|7.9|1.7|3.3
2026-05-06 08:59:19,29.8,89.2,28.46,54.87,71.99,9.62,1,24152,0.716,6606.2,5,82.2|81.4|98.9|98.5|99.4|99|97.1|97|97.9|97.4|94|93|93.7|92.1|81.5|82.4|82.8|81.6|81.4|81.8|46.6|44.4,45.8|22.6|38.1|45.8|42.7|39.6|41.2|38.1|30.3|33.4|64.4|30.3|64.4|25.7|39.6|17.9|55.1|7.1|48.9|11.7|0|0
2026-05-06 08:59:30,36.4,,28.53,54.99,71.99,9.62,1,24152,0.716,6616.7,5,85|84.9|99.3|100.1|99.4|99.8|98.5|98.8|98.6|98.9|91.6|92.1|95|95.8|84|85.9|83.8|85.4|82.5|82.5|45.4|46.9,41.5|27.7|40|44.6|49.2|47.7|40|38.4|29.2|26.1|49.2|49.2|58.4|43.1|26.1|43.1|60|13.8|43.1|13.8|0|0
2026-05-06 08:59:40,31.1,91.2,28.6,55.02,71.99,9.62,1,24152,0.716,6627.1,5,82.1|80.6|98.1|98.1|99.1|99.3|97.3|96.2|97.2|97.1|91.9|91.2|93.8|93.6|81.9|83.2|82.6|80.3|81.6|81.3|43.7|45.1,14.3|68.8|42.3|36.1|40.8|45.4|45.4|40.8|40.8|47|47|57.9|47|56.4|48.6|25.2|62.6|17.4|62.6|20.5|3.4|1.8
2026-05-06 08:59:51,38.5,94.4,28.56,55.1,71.99,9.62,1,24152,0.716,6637.3,5,82.3|83.5|99.5|99.9|99|99.6|98.9|98.7|98.8|99.1|92.7|93.4|95.8|96.7|83.4|82.8|83.2|84.7|83|84|47.3|46.3,13.7|61.5|41.4|38.4|53.8|56.8|41.4|50.7|26|29.1|19.9|84.6|67.6|39.9|43|29.1|47.6|21.4|64.6|10.6|1.4|1.4
2026-05-06 09:00:02,23.6,100.4,28.36,54.36,71.99,9.62,1,24152,0.716,6647.6,5,83.7|86|103.4|105.6|107.1|105.5|106.8|99.2|102|98.5|99.6|106.4|106.7|100.3|87.4|80.5|91.8|86.4|84.8|82.8|46.7|46,7|47.3|20.9|41.1|47.3|31.8|39.5|41.1|34.9|34.9|11.6|62.8|72.1|17.8|47.3|19.4|61.2|16.3|53.5|7|0|0
2026-05-06 09:00:13,19.9,96.9,28.41,54.31,71.99,9.62,1,24152,0.716,6657.8,5,83.5|85.9|89.6|100.2|102.6|105.3|103.3|100.7|101.9|99.4|106.2|95.3|106.6|101.3|82.7|83.9|89.3|85.6|84.8|86.6|49|49.4,36.4|5.4|13.1|14.7|34.8|44.1|28.6|19.3|16.2|19.3|61.2|14.7|75.2|6.9|28.6|2.2|31.7|2.2|41|3.8|0.7|0.7
2026-05-06 09:00:23,22.9,92.1,28.35,54.25,71.99,9.61,1,24152,0.716,6668.1,5,85.1|83.8|100.9|100.4|103.1|101.8|100.4|99.7|98.9|99.5|98.7|97.1|99.2|98.9|81.6|83.5|85.6|85|83.4|84.6|44.8|45.1,67.3|14.4|31.5|42.4|59.5|50.2|42.4|34.6|26.8|20.6|62.6|37.7|79.8|31.5|65.8|15.9|59.5|28.4|53.3|25.3|1.9|1.9
2026-05-06 09:00:34,30.6,95,28.36,53.85,71.99,9.5,1,24152,0.716,6678.5,3,84|86.9|101.1|102|102.8|102.2|101.5|98.3|99.8|98.8|100.7|102.8|102.1|102|85|83.5|87.1|87.2|85.5|86.4|44.3|44.3,43.1|1.6|17|21.6|26.2|40.1|27.8|20.1|27.8|15.5|58.5|26.2|66.2|15.5|60|0|47.7|3.2|43.1|1.6|0.1|0.1
2026-05-06 09:00:44,26.4,97.5,28.18,53.81,71.99,9.48,1,24152,0.715,6688.8,3,85.5|84.6|101|104.7|100|103.7|104.7|105.2|104.5|104|100.9|102.9|102.5|103.1|86.1|83.9|86.7|87.1|85.8|83.9|52.9|50.2,34.9|0.8|17.9|31.8|11.7|38|30.3|24.1|19.4|7|62.8|5.5|19.4|53.5|0|36.5|52|0|33.4|3.9|0.8|0.8
2026-05-06 09:00:55,34.7,92.9,28.21,53.87,71.99,9.48,1,24152,0.715,6699,3,80.4|79.3|94.8|94.3|94.1|95.2|93.8|94|93.9|93.9|90.9|90.6|88.9|93.2|80.5|79.4|80.9|80.1|78.4|79.1|48.9|48.6,47.3|8.6|38.1|41.2|31.9|28.8|27.2|31.9|25.7|21|62.8|21|31.9|56.6|0.9|42.7|56.6|0.9|45.8|11.7|0.9|0.9
2026-05-06 09:01:06,30.9,93.4,28.17,53.82,71.99,9.47,1,24152,0.715,6709.2,3,80.8|81.8|98.5|99.9|98.4|99.1|100.7|98.1|97.8|97.5|97.3|93.8|96.7|97.8|79.6|79.6|84.6|81.4|82.7|81.6|46.8|49.1,47|11.2|33|34.6|22.1|45.5|28.3|33|37.7|22.1|82.9|12.8|14.3|73.5|8.1|53.3|64.2|9.7|54.8|14.3|0.3|0.3
2026-05-06 09:01:16,32.9,93.1,28.24,53.77,71.99,9.45,1,24152,0.715,6719.5,3,85.1|84.5|99.5|101.2|101.6|100.3|101.4|101.3|101.3|100.6|100.6|97.9|100.7|96.9|84.6|79.6|85.5|85.4|83.2|82.9|46.9|47.7,53.6|21.2|55.2|52.1|49|53.6|50.5|27.3|45.9|38.2|53.6|49|72.2|35.1|59.8|13.4|62.9|22.7|64.4|8.8|0|0
2026-05-06 09:01:27,36.3,94,28.19,53.76,71.99,10.25,1,24152,0.715,6729.7,3,86.9|84.7|100.2|102.3|102|102.3|104|103|104.7|103.9|103.4|98.8|102.3|101.9|85.7|85.3|87.4|90|84|87.6|52.2|53.6,48.7|22.2|44|30|36.2|23.8|37.8|31.6|23.8|30|75.1|14.5|61.1|25.4|45.6|8.2|56.5|2|51.8|0|2|2
2026-05-06 09:01:38,19.7,98.4,28.4,53.68,71.99,10.25,1,24152,0.715,6740,3,88|90.3|101.2|96.6|97.8|91|107.8|104.7|108|109.4|109|109.7|110.7|103.1|86.1|83.6|92.5|94.3|87.9|87.8|49.4|43.1,35.5|3.3|43.2|32.4|20.1|14|6.3|24.8|29.4|20.1|9.4|61.6|60.1|7.9|30.9|6.3|6.3|57|44.7|3.3|0.2|0.2
2026-05-06 09:01:48,34.7,99.2,28.55,53.66,71.99,10.24,1,24152,0.715,6750,3,89.1|83.3|106.3|97.4|106.9|97.2|95.4|99.8|102.8|99.5|103.9|110|110.2|103.1|85.9|85.4|86.6|91.2|85.2|84.9|45.7|43.9,62.7|5.1|33.1|40.9|34.7|20.7|19.1|34.7|33.1|26.9|17.6|70.5|72|25.4|45.6|8.3|9.8|47.1|53.4|3.6|0|0
2026-05-06 09:01:59,24,101.1,28.69,53.66,71.99,10.24,1,24152,0.715,6760.2,3,94.8|91.1|103.9|84|79.1|74.2|96.6|106.3|108.8|101.5|123.3|116.8|117.9|119.1|88|97.6|102.5|97.3|91|98|48.7|43.2,39.9|38.4|0|0|1.4|0|0|0|1.4|1.4|49.2|52.3|50.7|53.8|33.8|55.3|38.4|41.5|39.9|52.3|1.4|3
2026-05-06 09:02:10,22.8,98,28.71,53.64,71.99,10.24,1,24152,0.715,6770.6,3,84.7|85.3|106.1|105.1|105.5|105.3|95.7|93.3|96.3|99|103.3|95.4|101.7|92.6|81.9|83.3|89.1|85.7|83|82.8|44.5|50.2,42.7|7|33.4|36.5|36.5|39.6|21|17.9|27.2|41.1|76.8|14.8|73.7|14.8|50.4|5.5|45.8|11.7|52|8.6|0|0.8
2026-05-06 09:02:20,27.1,98.3,28.78,53.72,71.99,10.24,1,24152,0.715,6780.8,3,87.8|86.4|109.5|107.8|104.1|106.8|93.1|101.8|105.6|100.7|107.7|101|109.1|97|85.5|85.9|92.1|89.8|89.7|88.5|0|0,41.3|2.6|32|30.4|24.2|18.1|19.6|11.9|22.7|28.9|62.9|13.4|66|11.9|38.2|0|42.8|2.6|41.3|4.1|0|0
2026-05-06 09:02:31,20.1,103,28.98,53.76,71.99,10.24,1,24152,0.715,6791.1,3,86.2|88.6|97.2|99.6|99.2|98.5|99.1|98.8|103.5|103|102.9|96.1|104.2|95.6|85.1|84.3|89.7|86.1|83.9|87.8|54.1|109.7,45.7|6.9|30.2|33.3|28.7|30.2|14.7|11.6|39.5|39.5|75.2|14.7|82.9|14.7|39.5|5.4|61.2|6.9|45.7|8.5|0|0
2026-05-06 09:02:41,23.7,97.4,28.87,53.84,71.99,10.24,1,24152,0.715,6801.1,3,87.5|88.7|107.5|106.5|106.1|102.4|99.7|93.7|99.1|97.1|104.6|106.9|105.4|106.1|87|85.2|89.5|86.5|85.6|86.1|48.1|67,46.1|16.9|47.7|36.9|35.3|29.2|30.7|16.9|20|41.5|66.1|29.2|20|67.7|49.2|6.1|61.5|4.6|12.3|44.6|1.5|1.5
2026-05-06 09:02:52,22,100,28.99,53.93,71.99,10.24,1,24152,0.715,6811.5,3,83.5|81|105.6|105.5|103.3|104.1|97.5|96.7|95.3|97.2|101|94.9|100.8|101.6|84|81.5|85.8|89|78.8|84.1|43.8|51.7,41|5.3|30.1|34.8|37.9|36.4|36.4|16.2|22.4|33.2|70.5|19.3|20.8|64.3|41|5.3|55|3.8|5.3|44.1|0|0.6
2026-05-06 09:03:03,22.4,94.2,29,53.93,71.99,10.24,1,24152,0.715,6821.6,3,82.1|82.5|100.3|102|99.6|100.2|93.7|89.5|94.8|93.3|96.7|88.9|97.7|99.5|80.9|80.8|85|81.1|81.5|81.2|48.3|47.1,48.7|9.8|39.3|34.7|36.2|25.3|39.3|12.9|20.7|31.5|53.3|8.2|12.9|48.7|53.3|8.2|50.2|3.5|8.2|51.8|0.4|0
2026-05-06 09:03:13,28.4,92.8,28.97,53.92,71.99,10.26,1,24152,0.715,6831.7,3,81.9|85.1|98.7|99.7|99.8|99.3|96.3|94.9|94.8|95.7|93.1|93.1|94.7|96|81.6|82.4|81.3|81.8|82.9|85.8|41|45.3,59.6|23.9|61.2|50.3|67.4|47.2|53.4|41|34.8|25.4|75.1|31.6|81.4|31.6|58.1|27|72|16.1|62.7|23.9|3.7|0
2026-05-06 09:03:24,34.4,94,29.04,53.93,71.99,10.25,1,24152,0.715,6841.9,3,83|84.2|107.8|108.1|108.1|104.8|99.3|98.6|96.9|95.4|102.7|100.9|102.6|98.8|84.3|85.1|86.2|86.8|85|83.6|44.2|46.1,42.3|3.3|42.3|33|31.4|23.6|33|17.4|14.3|11.1|65.7|15.8|78.2|1.8|48.6|1.8|59.5|1.8|47|0.2|1.8|1.8
2026-05-06 09:03:35,24.5,98.7,29.16,53.89,71.99,10.25,1,24152,0.715,6852.1,3,84.8|85.6|102.1|101.8|104.7|103|100|99.6|97|94.7|102.5|99.8|102.7|99.3|85.1|83.4|88.6|83.6|83.8|82.2|53.9|43.8,64.2|14.3|40.8|45.5|53.2|43.9|70.4|36.1|29.9|28.3|75.1|19|75.1|14.3|57.9|8|64.2|11.2|61|8|0.3|0.3
2026-05-06 09:03:45,22.5,93.2,29.25,53.92,71.99,10.25,1,24152,0.715,6862.5,3,77.8|80.9|97.1|100|99.3|98.6|97.4|93.9|94.7|93.8|92.8|95.4|96.8|93.3|80.8|79.9|83.1|80.1|80.6|77.1|51.7|50.5,14.7|62.8|34.9|48.8|53.5|56.6|64.3|42.6|42.6|30.2|22.5|62.8|64.3|16.3|59.7|24|61.2|14.7|67.4|11.6|0|0
2026-05-06 09:03:56,25.6,93,29.45,54,71.99,10.24,1,24152,0.715,6872.5,3,78|85.2|103.4|102.8|107.8|106|98.8|101.5|100|99.2|101|102.8|102.6|97.3|84.1|83.1|89.6|86.8|82.6|82.9|47.8|56.6,21.3|49.1|21.3|47.5|58.3|39.8|53.7|22.9|21.3|13.6|27.5|73.8|73.8|30.6|49.1|22.9|72.2|21.3|49.1|22.9|0|0
2026-05-06 09:04:06,21,96.9,29.29,53.77,71.99,10.24,1,24152,0.715,6882.7,3,86.4|86.7|101|108.2|108.7|109.2|95.3|94.2|93|85.1|100.8|104.4|103.8|107.5|83|81.1|88.8|83.4|81.7|84.9|47|59.8,12.9|23.8|12.9|25.4|39.4|23.8|28.5|9.8|5.2|5.2|30|42.5|70.5|2|26.9|0.5|51.8|0|28.5|0|0|0.5
2026-05-06 09:04:17,29.4,94.8,29.31,53.79,71.99,10.26,1,24152,0.715,6892.9,3,83.6|82.9|102.6|102.3|103.6|103|102.8|101.7|101.5|101.7|99.3|99.4|98.3|97.9|84.6|82|85.5|86.4|84.1|83.5|50.3|50.3,33.2|6.8|27|14.6|47.2|45.6|31.7|19.2|23.9|22.3|59.6|20.8|68.9|17.7|39.4|6.8|53.4|11.5|50.3|8.4|0.6|0.6
2026-05-06 09:04:28,25.9,94.2,29.36,53.78,71.99,10.26,1,24152,0.715,6903.1,5,83.8|84.5|100.4|98.8|103.5|102.4|100.1|96.3|97.5|95.8|99.6|99|100|94.9|82.6|87.7|87.3|80.7|82.1|82.6|54.8|54.8,23.7|5|9.7|12.8|37.7|36.2|23.7|22.2|20.6|9.7|68.9|12.8|75.1|6.6|31.5|3.5|56.4|6.6|29.9|6.6|0.4|0.4
2026-05-06 09:04:38,25.2,96.2,29.39,53.81,71.99,10.26,1,24152,0.715,6913.2,5,87.7|87.9|98.9|92.7|97.1|101.8|108.9|108.1|108.3|105.9|107.5|97.9|102.3|106.8|89.6|86.5|93.7|87.8|87.4|85.4|0|0,51.9|9.9|34.8|19.2|20.8|41|39.4|30.1|30.1|37.9|53.4|30.1|27|59.6|3.7|50.3|51.9|3.7|47.2|16.1|0.6|0.6
2026-05-06 09:04:49,27.9,94.8,29.57,54.07,71.99,10.26,1,24152,0.715,6923.6,5,86.8|83.7|100.2|97.1|98.3|103.8|108.1|106.8|109.5|105.5|108.4|99.4|102.8|106.8|82.6|85.3|91.3|84.7|86.2|88|46.1|46.6,62.9|13.5|42.9|35.2|32.1|50.6|41.3|35.2|47.5|47.5|78.4|25.9|30.5|78.4|12|58.3|70.7|10.4|56.8|21.3|0|0
2026-05-06 09:05:00,28.2,92.5,29.57,54,71.99,10.29,1,24152,0.715,6933.6,5,85.2|85.5|100.1|100.6|99.9|100.9|100.1|99.8|100.6|99.3|99.6|101.3|98.8|98.8|88.6|85.8|86.3|87|85.1|86.5|52|53.4,51.9|16.2|50.3|41|36.4|51.9|55|36.4|39.5|37.9|73.6|34.8|47.2|69|16.2|67.4|69|11.5|61.2|23.9|2.2|2.2
2026-05-06 09:05:10,31.3,101.3,29.58,53.98,71.99,10.3,1,24152,0.715,6943.6,5,89.4|94.2|108.4|107.8|97.7|94.4|105.4|107.8|107.1|101.1|112|107.1|111.9|102|89.9|92.1|94.1|95|91.5|91.5|46.9|47.3,48.8|5.3|28.6|25.5|16.2|11.6|50.3|27.1|25.5|27.1|69|14.7|75.2|6.9|45.7|0.7|42.6|5.3|55|0|0.7|0
2026-05-06 09:05:21,21.9,98.6,29.41,54.01,71.99,10.3,1,24152,0.715,6953.8,5,92.9|90.5|103.2|101.4|106.1|103.2|107.6|107.8|106.7|104.2|109.8|107|109.5|102.4|87.4|89.1|92.7|94|90|89.1|48.9|54.5,48.8|2.3|36.4|16.3|11.6|14.7|31.8|25.6|13.2|2.3|58.1|20.9|65.9|7|47.3|0|51.9|0|39.5|0|0.8|0.8
2026-05-06 09:05:31,34.9,96.1,29.38,53.99,71.99,10.3,1,24152,0.715,6964.2,5,85.5|85.8|101|101.3|100.9|101.1|102.2|101.3|101.6|100.3|100.1|98.3|100.9|96.6|86|85.8|85.4|85.6|84.6|84.9|45.6|47.3,44.1|16.1|27|23.9|23.9|30.1|30.1|30.1|23.9|31.6|65.8|22.3|82.9|16.1|40.9|5.2|67.4|3.7|54.9|0|0.5|0.5
2026-05-06 09:05:42,30.6,98.2,28.13,53.76,71.99,10.29,1,24152,0.498,6974.4,5,86|82|103.2|102.7|102.9|103|102.4|102.3|102.3|102.2|97.5|97.6|98.8|97.9|84.6|85.4|86.2|84.9|83.9|84.3|47|42.9,50.5|18|69.1|64.4|72.2|72.2|28.8|45.9|33.5|44.3|27.3|73.7|73.7|31.9|49|22.7|31.9|53.6|56.7|19.6|1|1
2026-05-06 09:05:53,22.3,,27.78,53.78,71.99,10.29,1,24152,0.501,6984.6,5,83.3|78.4|97.9|99.7|99.1|99.2|94.9|95.3|95.4|95.7|94.7|95|97.1|95.9|81.8|80.7|84.6|82.7|82.3|81.2|51|43.9,55.4|13.9|46.2|30.8|47.7|53.9|33.9|23.1|41.5|29.2|38.5|67.7|76.9|32.3|50.8|30.8|27.7|49.2|66.2|10.8|0|0
2026-05-06 09:06:03,34.8,93.9,27.92,53.8,71.99,10.29,1,24152,0.505,6994.8,5,86.5|85.3|102.6|102.8|102.2|103.2|99.7|102.5|102.8|101.5|102.5|103.4|103.9|103.5|86.4|89.9|84.6|88.2|87.2|85.6|45.2|45.2,38.1|1|35|13.3|18|18|5.6|28.8|27.3|22.6|1|78.3|76.8|10.3|35|0|1|48.9|38.1|0|0|0
2026-05-06 09:06:14,23,104.7,27.9,53.73,71.99,10.29,1,24152,0.509,7005.2,3,85.1|86.6|104.8|104.4|105.6|103.3|95.4|94.1|96|97.5|100.6|96.5|101.6|99|83.6|84.5|85.3|82.4|82.1|83.8|47.8|47.8,39.3|16|34.6|31.5|39.3|51.8|17.5|14.4|26.9|22.2|58|30|68.9|20.6|47.1|5.1|45.5|8.2|50.2|8.2|0|0.4
2026-05-06 09:06:24,35.7,94.4,27.76,53.8,71.99,10.29,1,24152,0.513,7015.5,3,96.7|103.5|111|116.4|108.1|111.5|95.5|81.1|103|92.1|120.4|121.9|121.1|120.5|95.3|97.7|103.6|102.2|97.9|101.9|55.6|52.9,61.2|39.4|5.3|13|8.4|8.4|8.4|0.6|9.9|8.4|68.9|68.9|76.7|51.9|58.1|31.7|56.5|53.4|51.9|41|0|0.6
2026-05-06 09:06:35,24.4,98.9,27.52,53.75,71.99,10.29,1,24152,0.517,7025.6,3,87.2|91.3|97.3|98|95.9|97|95.9|97.2|97.2|95.2|105.2|102.5|106.5|102.7|86.5|86.6|91.3|93.6|89.2|93.9|51.6|48.9,64.4|7.2|41.2|31.9|33.5|39.7|16.4|7.2|24.2|30.4|62.9|16.4|81.4|16.4|55.1|5.6|53.6|4.1|59.8|5.6|0|0
2026-05-06 09:06:46,32.1,99,27.4,53.71,71.99,10.29,1,24152,0.521,7035.7,3,85.3|81.6|104.8|105|105.2|104.4|92.8|93.4|88.1|93.2|101.9|95.3|97.4|101.9|85.3|83.5|84.6|78.2|83.8|83.2|50.3|54.8,53.6|21.1|41.2|49|53.6|44.3|36.6|39.7|31.9|39.7|72.2|25.7|41.2|59.8|52|10.3|58.2|8.7|14.9|49|1|0
2026-05-06 09:06:56,22.1,98.5,27.15,53.66,71.99,10.29,1,24152,0.525,7045.8,3,86.5|85.4|105.8|109|105.8|104.9|96.2|95.7|91.1|92.9|104.7|100.6|99.7|104.4|84.1|85.4|86|87.9|86.2|85.2|45.8|49.1,37.8|0.6|45.6|45.6|33.2|22.3|16.1|9.9|3.7|20.8|65.8|3.7|5.2|70.5|45.6|0.6|41|0.6|2.1|39.4|0.6|0.6
2026-05-06 09:07:07,22.4,98.1,27.24,53.68,71.99,10.29,1,24152,0.529,7055.8,3,85.1|85.8|116|110.7|110.6|108.2|85.5|79.4|79.8|90.6|107.6|100.5|104.2|107|81.2|84.6|89.4|84.8|87|85.9|0|0,33.1|3.5|34.7|28.4|28.4|36.2|12.9|3.5|5.1|14.4|64.2|17.5|53.3|20.6|37.8|2|50.2|0.4|30|14.4|0.4|0.4
2026-05-06 09:07:17,29.4,101.6,27.37,53.79,71.99,10.29,1,24152,0.533,7066.1,3,85.4|91.4|114.6|114.1|109.5|117.2|100.2|90.2|88.6|89.6|111.2|105.7|110.2|100.8|82.4|83.3|91.4|94.6|87.7|95.3|41.4|41.5,39.6|3.9|28.7|34.9|14.8|19.4|34.9|2.4|5.5|5.5|56.6|14.8|64.4|7|41.1|2.4|42.7|0.9|28.7|0.9|0|0
2026-05-06 09:07:28,22.3,107.2,27.31,53.74,71.99,10.29,1,24152,0.538,7076,3,85|86|106.6|106.5|106.2|107.5|93.5|85.9|87.6|80.7|103|100.4|104.7|97.7|83.6|84|88.5|85.3|85.5|91.5|46.7|47.7,29.3|17|26.2|17|15.4|18.5|20.1|9.3|4.7|9.3|44.7|20.1|64.6|15.4|41.6|7.8|49.3|9.3|49.3|6.2|0.1|0.1
2026-05-06 09:07:38,32.9,110.8,27.52,53.73,71.99,10.29,1,24152,0.541,7086.2,3,95.5|92.6|78.9|95.8|92.4|95.6|86|85.2|92.4|92.7|120.1|116.2|115|118.3|94.9|100.3|97.4|102.8|97|103.8|47.4|44.4,2.3|51.9|11.6|28.7|33.3|24|31.8|19.4|13.2|14.7|13.2|58.1|58.1|5.4|51.9|2.3|45.7|3.9|31.8|5.4|0|0.8
2026-05-06 09:07:49,21.4,111.5,27.51,53.63,71.99,10.29,1,24152,0.545,7096.6,3,99|100.1|55.8|55.3|56|55.5|55.3|55.1|55.4|55.3|125.8|124.6|125.5|122.9|99.5|98.3|100.3|104.6|104.3|107.6|55.8|61.1,15.1|32.1|1.2|1.2|1.2|1.2|1.2|1.2|1.2|1.2|49.1|41.3|38.2|42.9|32.1|19.7|38.2|19.7|41.3|38.2|1.2|1.2
2026-05-06 09:08:00,26.8,91.4,27.7,53.67,71.99,10.29,1,24152,0.546,7106.9,3,81|86.5|95.9|105.4|106.8|108.2|101.8|95.2|92.8|89.7|102.4|106.5|107.4|99.6|86|87.1|90|87.5|83.9|81.5|0|0,1.4|41.5|10.7|29.2|30.7|41.5|30.7|19.9|24.5|6.1|15.3|64.6|72.3|13.8|35.3|7.6|53.8|7.6|46.1|4.5|0|1.4
2026-05-06 09:08:10,26.3,94.6,27.73,53.69,71.99,10.29,1,24152,0.546,7117,3,84.1|83.3|99|98.6|101.9|101.5|99.8|98.7|101.3|98.8|101.3|96.1|101.1|93.2|81.4|83.8|84.6|83.4|83.3|76.4|52.2|43.8,42.7|0|17.9|17.9|41.1|36.5|33.4|27.2|17.9|17.9|64.4|5.5|72.1|5.5|39.6|0.9|50.4|2.4|42.7|0.9|0|0
2026-05-06 09:08:21,32.4,95,27.7,53.66,71.99,10.29,1,24152,0.546,7127.4,3,86.7|86.7|105|104|103.8|103.9|102.5|101|101.5|101.4|102.4|101.4|102|101|85.1|86.3|88.4|86.7|85.3|85.4|47.4|50.3,61.3|22.6|33.4|41.2|52|65.9|47.4|42.7|35|36.5|67.5|31.9|75.2|24.2|61.3|18|62.9|16.4|58.2|19.5|0.9|0.9
2026-05-06 09:08:32,21.8,99.5,27.6,53.64,71.99,10.29,1,24152,0.546,7137.4,3,83.8|81.9|101.2|93|104.9|105.7|98.7|98.9|96.1|96.8|103.7|100.2|102.3|98.9|81.1|81.6|87.5|85.3|83.1|83.6|48.1|57.9,54.9|9.8|16.1|14.5|45.6|40.9|33.2|26.9|9.8|14.5|70.5|17.6|70.5|9.8|39.4|5.2|59.6|6.7|45.6|8.3|0|0
2026-05-06 09:08:42,23,94.4,27.31,53.61,71.99,10.29,1,24152,0.546,7147.5,3,84.7|83.6|99.3|97|93.8|101.5|107.2|104.5|101.9|100.7|105.9|106.2|100.9|107.5|84.8|86.8|89.8|83.7|84.6|80.8|0|54.1,50.2|5|15.9|19.1|12.8|47.1|44|39.3|20.6|17.5|62.6|5|15.9|59.5|8.2|47.1|61.1|1.9|54.9|9.7|0.4|1.9
2026-05-06 09:08:53,24.3,99,27.21,53.63,71.99,10.29,1,24152,0.546,7157.6,3,85.3|86.8|93.7|96|104|107.1|107.1|106.8|104.5|103.4|108.4|105.9|103.8|108.5|87.7|87.4|92.1|93.1|88.8|88.9|52.7|44.3,49|0|28.8|19.6|11.8|28.8|39.7|27.3|16.5|16.5|75.3|4.1|14.9|61.3|0|36.6|56.7|0|50.5|0|0|0
2026-05-06 09:09:03,24.4,98.4,27.28,53.58,71.99,10.29,1,24152,0.546,7167.3,3,98.4|101|68.2|70.9|70.1|111|71.8|60.8|63.9|60.3|123.6|124.6|124.1|122.7|100.7|97.5|99|100.4|101.1|101.8|50.4|43,41|17.7|0|0|0|0|0|0|0|0|50.3|31.7|47.2|25.5|23.9|25.5|51.9|9.9|33.2|27|0|0
2026-05-06 09:09:14,23.4,96.5,27.4,53.74,71.99,10.29,1,24152,0.542,7177.5,3,84.8|87.3|94.6|95.9|97.9|97.2|105.2|102.3|102.3|100.8|101|95.5|101.7|99.1|83.4|81.5|86.7|87.4|84.8|83.4|43.5|43.6,47.3|11.6|30.2|27.1|19.4|17.8|39.5|27.1|22.5|24|61.2|28.7|69|14.7|48.8|7|48.8|2.3|48.8|2.3|0.8|0.8
2026-05-06 09:09:24,39.3,94.5,27.25,53.74,71.99,10.29,1,24152,0.543,7187.6,3,88.2|85.9|103.3|96.5|96|88.3|109.5|106.8|106.9|103.8|107.8|100.8|108.4|102.5|85.9|79.6|91.8|86.4|85.8|86.7|43.6|43.6,44|6.7|30|14.5|16|11.4|22.3|28.5|22.3|17.6|58|9.8|76.7|6.7|40.9|8.3|39.4|2|37.8|3.6|2|2
2026-05-06 09:09:35,33.7,96.7,27.31,53.92,71.99,10.29,1,24152,0.545,7197.6,3,84.3|83.9|94.4|90.5|89.7|94.5|107.9|106.8|107.3|105.6|103.6|104.3|102.2|102.1|83.1|79.5|87.8|92.3|82.8|81.8|55.8|0,41.1|14.8|24.1|27.2|28.7|14.8|56.6|21|31.8|30.3|56.6|28.7|72.1|16.3|41.1|19.4|58.2|3.9|53.5|2.4|0.8|0.8
2026-05-06 09:09:46,25.5,98.7,27.47,53.81,71.99,10.29,1,24152,0.546,7207.7,3,87.7|84|101.1|101.5|100.5|97.7|101|106.3|107|107.6|99.3|106.3|105.6|102.4|85.8|82.5|89.1|89.8|84.1|83.3|45|55.4,31.8|0.8|24.1|24.1|14.8|11.7|5.5|34.9|21|30.3|8.6|67.5|67.5|10.1|33.4|2.4|3.9|44.2|44.2|3.9|2.4|2.4
2026-05-06 09:09:56,35.4,97,27.5,54.13,71.99,10.29,1,24152,0.548,7218,3,89|87.9|100.8|98.5|101.5|92.9|103.6|109.3|111.4|109.8|104.6|106.6|107.3|106|84.2|83.3|88.5|87.6|83.7|86.1|52.8|56.4,46|4.3|27.5|4.3|13.6|9|5.9|38.3|24.4|25.9|16.7|72.2|69.1|7.4|29|2.8|4.3|49.1|41.4|4.3|0|0
2026-05-06 09:10:07,33.7,96.6,27.45,53.97,71.99,10.29,1,24152,0.549,7228.2,3,87.6|90.6|107.2|104.7|105.5|104.4|99|98.9|103|102.1|102.5|105.6|104.2|103.5|87.3|84.9|86.7|88|85.7|91.7|48|44.4,44.5|4.4|30.6|38.3|33.7|19.8|10.6|12.1|29.1|22.9|52.2|19.8|76.9|13.6|35.2|1.3|35.2|9|50.7|1.3|1.3|1.3
2026-05-06 09:10:18,25.8,96,27.3,53.82,71.99,10.29,1,24152,0.55,7238.5,3,82.2|80.8|106.7|106.5|104.5|102|93.9|92|98.5|94.6|103.7|99.8|103.9|99.9|83.1|82.5|85.8|83.2|83.1|81.5|0|0,41.1|0|33.4|31.8|24.1|16.3|5.5|7|19.4|27.2|56.6|17.9|67.5|0.8|39.6|0|48.9|0.8|45.8|0.8|0|0
2026-05-06 09:10:28,20.2,97.6,27.49,53.81,71.99,10.29,1,24152,0.551,7248.4,3,85.2|79.9|105.2|107.9|106.8|105.2|89.8|87.7|103|99|105.9|99.4|106|97.8|85.5|82.8|88.8|83.8|84.3|80.6|0|54.1,56.6|8.6|48.9|45.8|35|19.5|16.4|10.2|39.6|44.2|72.1|11.7|86.1|5.5|58.2|5.5|62.8|8.6|42.7|11.7|0.9|0.9
2026-05-06 09:10:39,25.9,99.8,27.6,53.82,71.99,10.29,1,24152,0.552,7258.5,5,88.6|86.5|112.9|110.6|112|105.7|96.1|87.4|79.7|93.5|108.9|102|109.1|108.5|86.4|84.1|92|86.6|88|86.9|41.9|41.9,50.6|7.4|39.8|22.9|29|22.9|22.9|13.6|7.4|39.8|67.6|15.1|15.1|69.1|30.6|9|52.2|4.3|5.9|46|0|1.3
2026-05-06 09:10:49,37.2,97.5,26.44,53.77,71.99,10.29,1,24152,0.442,7268.9,5,83.2|81.7|99.8|100.4|99.9|100|99.5|99|99.4|98.8|96.4|92.1|95.4|93.9|82.4|81.7|84.4|84.2|82.4|80.4|43.7|43.8,48.7|25.4|59.6|54.9|61.1|64.2|59.6|50.3|58|51.8|51.8|59.6|44|68.9|59.6|19.2|70.5|14.5|30.1|50.3|2.1|0.5
2026-05-06 09:11:00,20.5,97.6,26.62,53.99,71.99,10.29,1,24152,0.443,7278.9,5,83.2|81.1|106.5|104.1|104.1|104.9|95.7|90.1|84.1|95.7|102.2|93|97.2|104|85.8|82.4|87.1|84.7|81.9|84.2|48|47.8,61.1|15.9|54.9|51.7|54.9|31.5|26.8|29.9|9.7|39.3|73.5|22.2|31.5|68.9|62.6|15.9|51.7|14.4|15.9|53.3|0.4|0
2026-05-06 09:11:11,22,97.4,26.45,53.85,71.99,10.29,1,24152,0.444,7289.1,5,84.2|88.3|107.4|106.9|104|103.9|100.9|94.2|88.3|87.8|103.9|102.3|103.4|97.2|83.8|85.4|88.6|86.5|86.3|84.8|50|0,39.3|14.4|36.2|25.3|37.7|33.1|54.9|17.5|15.9|14.4|65.8|14.4|78.2|11.3|44|3.5|50.2|3.5|54.9|1.9|1.9|1.9
2026-05-06 09:11:21,28.9,94.8,26.46,53.91,71.99,10.29,1,24152,0.446,7299,5,88|88.2|110.2|112|109.1|108.2|97.7|94.8|88.8|93.3|108.2|100.6|108|95.9|86.1|89.5|93.5|88|87.8|92.8|52.7|53.6,45.6|9.9|30.1|47.2|11.5|20.8|37.9|9.9|2.1|8.4|58.1|19.2|70.5|9.9|37.9|6.8|55|6.8|45.6|3.7|0|0
2026-05-06 09:11:32,23.7,102.3,26.45,53.79,71.99,10.28,1,24152,0.448,7309,5,90.9|93.9|110.2|110.1|109.7|109.2|101.7|99.2|92.6|89.6|109.6|104.6|108.6|105.8|89.9|88.6|92.9|89.6|87|84.6|52.4|51.5,69.1|11.8|41.2|44.3|24.2|24.2|36.6|16.5|16.5|13.4|75.2|14.9|83|22.7|52|14.9|62.9|13.4|62.9|16.5|0|0
2026-05-06 09:11:42,22,99.9,26.36,53.8,71.99,10.28,1,24152,0.449,7319,3,82.9|84.8|96.5|108.6|108.6|107.8|96.6|92.4|88.9|87.7|98.9|103.6|104|95.9|84.1|81.9|89.8|85.7|81.9|81.1|0|0,1.2|29|13.5|42.9|30.5|39.8|29|10.4|10.4|12|0|75.3|73.7|4.3|33.6|1.2|56.8|0|46|0|1.2|1.2
2026-05-06 09:11:53,24.2,96.4,26.15,53.69,71.99,10.28,1,24152,0.45,7329.2,3,82.5|83.6|95|108.1|108.5|105.4|96.8|95.5|98.3|89.3|103.1|104.9|104.5|98.4|82.5|81.9|89.4|86.4|83.8|83|0|0,0|47.1|31.6|51.8|54.9|48.7|34.7|33.1|19.1|23.8|20.7|61.1|78.2|8.3|39.4|3.6|50.2|0.5|62.7|0|0.5|0.5
2026-05-06 09:12:04,24.3,97.7,26.33,53.74,71.99,10.28,1,24152,0.451,7339.5,3,87.2|82.8|100|100.2|100.1|99.1|99.9|95.9|97.3|94.9|96.1|97.6|98.9|95.7|84|82.5|85.9|85.5|81.3|86.5|50.8|45,0|50.4|16.3|36.4|34.9|39.5|30.2|24|28.7|34.9|2.3|64.3|65.9|10.1|47.3|8.5|56.6|0.8|51.9|2.3|2.3|0.8
2026-05-06 09:12:14,26.7,97.6,26.37,53.72,71.99,10.28,1,24152,0.452,7349.5,3,84.9|82.5|98.7|98|110.2|112.3|101.3|99.3|98.8|95.5|106.7|105.6|106.7|102|84.8|86.5|90.5|89.5|83.7|80.4|43.4|43.4,42.7|2.4|14.8|5.5|38.1|31.9|30.3|25.7|24.1|19.5|61.3|5.5|79.9|0.9|38.1|0.9|50.4|0.9|45.8|0.9|0|0
2026-05-06 09:12:25,30.4,100,26.14,53.69,71.99,10.28,1,24152,0.454,7359.7,3,86.8|86.9|102.9|97.5|108.5|109.6|100.4|99.8|97.3|97.5|107.4|98.3|107.2|105|84.5|87|91.5|90.5|87|89.4|42.8|42.9,42.3|3.3|17.4|12.7|36.1|47|34.5|26.7|23.6|22.1|62.6|22.1|65.7|18.9|56.4|3.3|57.9|3.3|51.7|1.8|0.2|0
2026-05-06 09:12:35,24.8,101.4,25.94,53.7,71.99,10.28,1,24152,0.456,7369.7,3,85.7|83.5|95.9|92.2|98.6|104.8|102|99.3|96.5|96.5|104.4|103.4|104|101.8|83|84.1|90.5|85.6|87.3|85.8|49.6|45.2,48.8|0.7|22.4|17.8|39.5|34.8|25.5|33.3|25.5|22.4|51.9|22.4|81.4|10|51.9|0|48.8|10|55|0.7|0.7|0.7
2026-05-06 09:12:46,18.1,103.5,26.06,53.66,71.99,10.26,1,24152,0.457,7379.6,3,90.6|100.1|96.3|110.8|103.8|112.5|110.4|106.7|98.2|96.7|118.1|117.9|124.4|115.3|96.3|93.2|92.3|101.2|97.3|102.7|52.2|64,34.3|3.7|22.1|20.5|17.5|46.5|48|31.2|22.1|19|63.3|6.8|12.9|69.4|5.3|31.2|32.8|5.3|38.9|9.8|0.7|0
2026-05-06 09:12:57,34.8,100.8,26.24,53.9,71.99,10.26,1,24152,0.458,7389.9,3,83.9|85.4|100.9|100.7|101.4|101.3|102|101.7|101.6|102.3|97.3|97.6|99.1|98.5|82.5|82.6|85.3|84.8|83.1|85.3|47.1|48.3,49.2|4.5|16.8|19.9|24.5|35.3|58.4|33.7|39.9|32.2|64.6|16.8|7.5|87.7|2.9|50.7|47.6|4.5|49.2|9.1|1.4|1.4
2026-05-06 09:13:07,18.3,114,26.15,53.75,71.99,10.26,1,24152,0.461,7400.1,3,98.9|101.7|54.7|55.4|55.4|55.4|55.4|55.4|55.2|55.4|129.4|128.1|129.4|126.2|105.5|100.3|106|105.4|108.4|105.9|48.4|52,35.3|39.9|6|1.4|2.9|0|6|7.5|4.4|2.9|46.1|33.7|52.2|29.1|49.1|50.7|47.6|41.4|47.6|46.1|2.9|2.9
2026-05-06 09:13:18,16.8,111.8,26.17,53.77,71.99,10.26,1,24152,0.463,7410.4,3,101.1|100.6|55.5|55.4|55.5|55.5|55.4|55.4|55.4|55.4|125.9|128.1|130.3|126.4|105.1|106.5|103.9|107.3|102.4|105.2|49.8|49.3,26|36.8|1.4|1.4|1.4|1.4|0|1.4|0|1.4|39.9|46.1|41.5|27.6|44.5|47.6|47.6|30.7|49.2|24.5|0|1.4
2026-05-06 09:13:28,21.2,113.3,26.17,53.79,71.99,10.26,1,24152,0.465,7420.5,3,91.1|97.5|105.9|99.8|106.4|104.2|100.5|99.6|99.1|97|112.1|115.8|113.2|114.1|90.9|101.4|89.9|100.1|89.5|97|46.8|46.9,47.2|11.5|53.4|31.7|33.2|28.6|31.7|37.9|33.2|28.6|67.4|31.7|82.9|22.4|58.1|14.6|51.9|9.9|53.4|14.6|0.6|0.6
2026-05-06 09:13:39,35.2,100.3,26.22,53.78,71.99,10.26,1,24152,0.466,7430.6,3,83|86.2|108|108|106.9|107|101.5|104|103.9|103.9|98.5|101.3|101.1|99.9|82.8|82.7|88.1|86.5|84.4|88.6|47.7|47.6,48.9|4|38.1|31.9|28.8|24.1|21|39.6|35|44.3|14.8|53.6|64.4|19.5|52|8.6|11.7|42.7|44.3|4|0.9|0.9
2026-05-06 09:13:50,15.2,113.7,26.23,53.81,71.99,10.26,1,24152,0.467,7440.9,3,86.7|93.1|108.4|106.1|109.4|109.6|83.2|92.7|99.4|93.6|115.2|110.4|112.9|114|88.6|96.4|93|88.6|86.2|99.1|50.8|48.8,42.7|4|44.3|25.7|14.8|11.7|4|44.3|36.5|22.6|2.5|75.2|79.9|21|45.8|5.6|2.5|36.5|52|5.6|2.5|2.5
2026-05-06 09:14:00,25.9,102.2,26.26,53.81,71.99,10.26,1,24152,0.469,7450.7,3,85.7|84.4|110.5|105|103.7|100.9|96.6|104.2|106.6|107|98|107.6|108.8|103.7|85.2|89|84|87.4|87|83.2|52.3|52.8,42.9|8.9|47.5|41.3|46|25.9|10.5|27.4|27.4|21.3|12|67.6|61.4|21.3|46|15.1|8.9|41.3|38.2|4.3|0|0
2026-05-06 09:14:11,36.9,105,26.44,54.1,71.99,10.22,1,24152,0.47,7459.1,3,91.7|106.8|110.2|108.7|105.4|99|70.9|66.5|86.9|87.9|119.5|125.7|121.6|125|96.7|106.1|97.7|105.4|99.2|106.7|52.8|53.2,42.7|21.1|16.4|11.8|7.2|10.3|8.7|0|10.3|10.3|50.5|33.5|64.4|38.1|39.7|11.8|44.3|33.5|55.1|24.2|0|1
2026-05-06 09:14:21,38.3,100.4,26.59,54.2,71.99,10.22,1,24152,0.471,7469.4,3,84.8|85.8|110.6|110.8|110.7|108.8|100.4|98.8|100.9|103.2|105.3|103.9|105.7|98.8|81.5|84.8|86.1|88.2|85|90.4|54.4|106.2,42.5|0.6|58.1|36.3|41|31.7|28.6|9.9|33.2|33.2|59.6|9.9|72|0.6|33.2|2.2|31.7|3.7|47.2|5.3|0.6|0
2026-05-06 09:14:32,31,93.5,26.61,54.23,71.99,10.22,1,24152,0.472,7479.7,3,91.4|96.5|114.2|115.1|108.7|117.4|88.4|90.3|106.7|98.6|115.4|121.3|119.3|120.8|93|94.2|90.7|101.4|90|102.7|50.3|43.6,36.1|19|15.9|9.6|11.2|6.5|9.6|0.3|9.6|6.5|26.8|43.9|47|36.1|45.5|17.4|40.8|34.6|45.5|25.2|0.3|0
2026-05-06 09:14:43,19.3,107.4,26.67,54.27,71.99,10.22,1,24152,0.473,7489.9,3,92.2|96.4|55.2|55.5|55.4|55.5|55.6|55.5|55.3|55.5|123|126.3|133|125.8|96.9|99.2|95.9|96.5|99|100.8|45|45,27.5|19.8|10.6|1.3|4.4|4.4|2.9|2.9|2.9|6|29.1|36.8|36.8|38.3|29.1|12.1|39.9|16.8|22.9|38.3|2.9|2.9
2026-05-06 09:14:53,36.1,95.3,26.74,54.42,71.99,10.22,1,24152,0.474,7500.2,3,87.6|85.3|104.5|106.3|107.2|105.3|96.1|95|96.1|96.2|103.8|101.8|97.3|104.7|86|83.3|83.2|81.6|85|85.7|44.8|46,58.2|3.9|47.3|45.8|58.2|41.1|16.3|13.2|8.6|27.2|79.9|11.7|11.7|90.7|39.6|8.6|53.5|5.5|13.2|53.5|2.4|2.4
2026-05-06 09:15:04,15.9,107.8,26.69,54.31,71.99,10.22,1,24152,0.477,7510.2,3,90.6|95.3|55.4|55.5|56.6|55.4|55.6|55.6|55.6|55.7|125.8|131|128.5|125.3|91.3|97.3|94.2|106.6|100|103|42.9|42.9,34.9|24|0.7|0.7|0.7|0.7|0.7|0.7|0.7|0.7|30.2|42.6|41.1|25.6|34.9|10|31.8|16.2|33.3|42.6|0.7|0.7
2026-05-06 09:15:14,14.8,109.6,26.55,54.16,71.99,10.22,1,24152,0.478,7520.5,3,93.6|101.4|101.1|98.6|100.5|101|103.6|103.8|99.8|99.8|110.5|114.1|111.1|114|89.5|97.6|92|105.9|90.5|107.6|51.4|51.6,35.3|12.3|46.1|52.3|43|44.6|36.9|12.3|10.7|9.2|66.1|9.2|69.2|7.6|47.7|3|36.9|7.6|41.5|4.6|0|0
2026-05-06 09:15:25,30.9,101.2,26.55,54.15,71.99,10.22,1,24152,0.479,7530.6,3,86.4|85.5|112.6|112.6|113.6|109.6|99.6|92.5|93|87.5|104|100.7|106.6|103.1|84.5|83.8|81.6|84|83.3|84.9|48.9|47.9,47.3|5.5|31.8|28.7|52|45.8|39.6|11.7|19.4|11.7|52|22.5|72.1|13.2|45.8|0.9|41.1|3.9|38|0.9|0.9|0.9
2026-05-06 09:15:36,26.7,101.9,26.55,54.15,71.99,10.22,1,24152,0.48,7540.8,3,88.1|93|117.3|117.8|116|111.8|108.4|100.1|98.5|97.1|109.1|106.3|112.4|110.6|88.5|88.1|84.7|89.4|86.3|94.2|54.4|46.7,64.2|12.9|36.2|62.7|48.7|48.7|42.5|11.4|12.9|9.8|68.9|20.7|86|12.9|70.5|8.2|54.9|11.4|67.3|11.4|0|0
2026-05-06 09:15:46,17,99.6,26.14,54.23,71.99,10.23,1,24152,0.472,7551.2,3,82.4|80.9|107.8|110|110.7|110.2|106.6|105.4|105.1|104.7|103.1|103|104|99.4|82.3|83.5|83.6|85.5|82.7|86.8|52.4|53.1,3.6|45.6|39.3|64.2|51.8|72|47.1|31.6|31.6|31.6|39.3|58|62.7|33.1|37.8|20.7|34.7|9.8|50.2|8.2|0|0
2026-05-06 09:15:57,25.4,95.6,26.29,54.38,71.99,10.23,1,24152,0.475,7561.4,3,82.4|80.5|96.4|103.8|103.5|103.5|95.8|92.7|91.2|88|92.2|98|98.8|92.9|80.9|87.9|81.8|81.3|78.4|82.9|53.4|51.6,43.1|3.1|10.8|37|38.5|46.2|44.6|18.5|17|17|23.1|58.5|76.9|9.3|32.3|9.3|33.9|3.1|40|4.7|0|0
2026-05-06 09:16:07,27.7,106.4,26.25,54.28,71.99,10.23,1,24152,0.477,7571.6,3,93.8|98.1|55.5|54.6|55.6|55.4|76|86.9|77.4|72.5|123.9|121.1|124.1|120.4|94.3|102.1|96.2|97.6|96.9|101.4|48.2|48.5,44.3|11.8|0|0|0|0|1|0|0|0|31.9|22.6|42.7|31.9|25.7|13.4|33.5|35|38.1|31.9|0|2.5
2026-05-06 09:16:18,31.1,115,26.19,54.26,71.99,10.23,1,24152,0.479,7581.9,3,96.8|102.3|84.1|95.9|106.9|112.2|98.7|90.8|89.7|78.1|120.4|126.2|122.3|128.5|95.5|108.1|96.5|100.1|95.3|104.5|47.6|46.1,50.6|41.3|0|0|0|0|0|0|1.1|1.1|35.1|92.3|66|64.5|49|33.6|47.5|47.5|53.6|39.7|0|0
2026-05-06 09:16:29,28.4,99.2,26.12,54.12,71.99,10.23,1,24152,0.48,7592,3,85.4|84.1|105.6|105|107.1|105.7|104.8|103.4|104|102.5|102|103|102.2|100.5|87|84.6|83.4|85|83.3|80|52.1|53,50.1|0.3|39.2|45.5|50.1|67.3|54.8|36.1|26.8|28.3|50.1|29.9|56.4|17.4|50.1|0|33|12.8|39.2|9.6|0.3|0.3
2026-05-06 09:16:39,28.3,99,26.36,54.45,71.99,10.23,1,24152,0.482,7602.1,5,83.7|89.1|99|98.8|99.1|103.1|109.5|107.7|107.2|104.7|104.3|103.5|104.5|104|88.4|84.2|81.8|86.1|84.8|85.7|54.4|52.9,36.4|5.4|19.4|28.7|19.4|36.4|45.7|30.2|27.1|25.6|78.3|3.9|11.6|58.1|2.3|38|27.1|3.9|31.8|3.9|0.8|0.8
2026-05-06 09:16:50,26.4,97.4,26.42,54.52,71.99,10.22,1,24152,0.486,7612.1,5,85.6|87|103.6|104|102.9|104.4|100.3|100.6|100.5|100.7|99.2|99.1|98.3|100.9|87|86.1|83.9|86.7|85.7|85.9|52.5|53.4,47.1|20.6|34.6|34.6|28.4|67.3|31.5|36.2|33.1|36.2|61.1|26.8|23.7|56.4|9.7|33.1|37.7|14.4|42.4|15.9|0|1.9
2026-05-06 09:17:00,26.2,102.4,26.32,54.35,71.99,10.22,1,24152,0.488,7622.3,5,82.9|86.6|104.9|109.4|109.8|110.1|109.2|108.1|103.9|105.8|105.5|105.9|104.9|107.3|82.7|82.8|81.2|82.7|87.6|86.6|51.7|51.6,52.5|5.1|28|21.9|21.9|54.1|51|41.8|28|31.1|57.1|20.4|26.5|54.1|5.1|44.9|43.3|3.5|32.6|5.1|0|0
2026-05-06 09:17:11,20.8,100.1,26.37,54.39,71.99,10.22,1,24152,0.489,7632.6,5,92.1|97.7|101.4|94.6|93.2|79.1|99.6|101|98.5|93.4|114.2|122.6|117.4|119.1|89.6|102|95|107.6|96.3|105.5|48.7|56.6,54|14.1|37.1|15.6|8|17.2|35.6|27.9|24.8|29.4|58.6|20.2|75.5|8|31|15.6|31|9.5|34|9.5|0.3|0
2026-05-06 09:17:22,45.6,93.6,26.76,54.44,71.99,10.09,1,24152,0.495,7643,5,83|83.3|100.1|100.6|100.2|100.4|99.3|99|99.1|99.4|95.6|93.8|95|94.8|82.3|82.5|82.5|82.9|83.9|81.8|46|47.7,48.8|61.2|67.4|53.4|65.8|65.8|64.3|51.9|59.6|64.3|67.4|59.6|69|62.7|72.1|30.1|75.2|45.7|56.5|45.7|0|2.2
2026-05-06 09:17:32,34.7,97.9,26.64,54.29,71.99,10.09,1,24152,0.495,7653.1,5,84.9|86.1|106.5|106.5|108.6|108.6|101.2|102.3|102.3|100.8|105.4|105.7|106|105.1|81.7|84.4|84.7|86.4|86.3|81.7|48.2|47.9,58.4|13.8|49.2|30.7|27.6|13.8|44.6|33.8|38.4|36.9|73.8|27.6|83.1|19.9|43|16.9|46.1|15.3|43|13.8|1.5|0
2026-05-06 09:17:43,25,101.7,26.59,54.28,71.99,9.93,1,24152,0.498,7663.4,5,84.9|89.9|102.4|100.1|99.7|106.9|92.3|100|100.5|102.5|118.7|108.5|110.5|116.7|91.9|104.8|100.9|90|94.5|106.7|48.5|48.8,40|1.6|61.6|47.7|32.4|27.7|13.9|35.4|37|26.2|10.8|50.8|70.8|6.2|37|3.1|0.1|43.1|38.5|3.1|0.1|0.1
2026-05-06 09:17:54,42.8,96.5,26.58,54.26,71.99,9.93,1,24152,0.499,7673.7,5,82.9|84.2|102.4|102.3|102.5|102|99.5|100.5|100.6|100.6|94|97|96.7|94.2|80.9|82.7|87.8|82.6|82|84.3|46.5|46.3,53.5|5.5|56.6|70.6|76.8|65.9|30.3|25.6|38|34.9|33.4|64.4|69|34.9|41.1|24.1|13.3|34.9|39.6|7.1|0|0
2026-05-06 09:18:04,40.9,93.2,26.55,54.15,71.99,9.92,1,24152,0.5,7684,5,82.5|79.6|102.3|102|102.5|102|101.8|100.4|101|100.1|93.5|94.9|95.1|92.5|81.7|83.1|84.4|81.4|82.6|84.6|55.1|52.4,38|0|45.8|27.2|22.5|7|2.4|28.7|33.4|14.8|0|56.6|64.4|0|34.9|2.4|0.8|30.3|28.7|0.8|0.8|0.8
2026-05-06 09:18:15,36.1,99,26.64,54.21,71.99,9.92,1,24152,0.503,7694.3,5,86.1|95.5|108.4|107.7|107.2|107.2|95.1|95.2|101.8|99.6|104.2|103.6|105.3|102.8|83.1|87.6|86.1|86.6|89|91.8|44.4|44.7,33.1|6.7|51.8|45.6|45.6|53.4|39.4|20.7|34.7|42.5|54.9|20.7|72|11.4|31.6|6.7|45.6|12.9|44|16|0.5|0.5
2026-05-06 09:18:26,39.8,96.6,26.63,54.2,71.99,9.92,1,24152,0.504,7704.5,3,81.1|79.1|108.7|108.1|109|107.2|96.7|94.8|101.9|98.4|103.3|98.5|103.6|95.2|82.7|82.8|81.9|84.4|83.4|81.5|50.8|54.6,50.2|20.7|53.3|39.4|42.5|45.6|31.6|25.4|45.6|34.7|40.9|22.2|58|12.9|50.2|14.5|47.1|12.9|58|17.6|3.6|2
2026-05-06 09:18:36,21.3,102.7,26.63,54.19,71.99,9.92,1,24152,0.504,7714.7,3,83.1|85.7|113|111.3|108.3|105.5|88.2|86.9|104.3|96.4|105.3|102.6|107.9|98.9|81.3|83.2|77.4|86.5|81.5|80.9|48.6|53.5,39.8|0|52.2|38.3|27.5|16.7|9|5.9|19.8|24.4|50.6|12.1|66.1|13.6|32.1|1.3|32.1|2.8|21.3|9|0|0
2026-05-06 09:18:47,27.7,103,26.5,54.07,71.99,9.92,1,24152,0.505,7725,3,99.4|104.2|101.7|111.6|98.1|108|84|89.4|91.2|90.3|119.7|118.5|123.9|120.1|91.7|101.6|94.7|104.6|100.6|99.4|56.8|0,53.7|7.3|24.3|13.5|13.5|8.9|8.9|2.7|2.7|10.4|53.7|8.9|24.3|41.3|19.7|12|33.6|8.9|10.4|24.3|0|0
2026-05-06 09:18:57,34.2,101,26.52,54.08,71.99,9.92,1,24152,0.506,7735.1,3,87.5|97.7|55.1|55.1|55.8|54.9|54.8|55.6|55.5|55.5|124.4|129.8|129.3|123.6|97.3|95.5|101.5|109.6|97.7|105.1|42|45.3,38.2|21.2|1.1|4.2|1.1|1.1|1.1|1.1|2.7|1.1|35.1|32|44.4|19.7|45.9|33.6|61.4|28.9|47.5|53.7|1.1|1.1
2026-05-06 09:19:08,28.3,94.3,26.54,54.1,71.99,9.92,1,24152,0.508,7745.3,3,85.3|88.3|105.1|105.8|104.8|106.1|102.9|101.6|102.7|102.8|100.5|100|99.7|98.2|83.9|88.5|85.6|90.9|84.7|87.6|50.2|47.4,30.5|2.7|52.1|62.9|47.5|27.4|28.9|10.4|11.9|11.9|55.2|15|76.8|13.5|35.1|2.7|36.7|2.7|42.8|2.7|0|0
2026-05-06 09:19:19,28.8,96.7,26.81,54.44,71.99,9.92,1,24152,0.509,7755.5,3,82.8|80.2|97.9|99.6|99|97.6|93.7|93|93|93.6|94.9|89.1|94.9|92|82.6|79.2|79.7|79.5|81.1|78.8|46|50.8,44.3|21|39.6|59.7|50.5|48.9|31.9|28.8|28.8|35|45.8|55.1|90.7|14.8|53.6|8.7|50.5|11.8|56.6|8.7|0.9|0
2026-05-06 09:19:29,61.1,92,27.02,55.14,71.99,9.92,1,24152,0.51,7765.8,3,82.3|81.3|100.1|100.3|99.2|100.1|98.4|97.8|98|97.9|92.3|93.2|94.9|93.9|80.9|82|80.9|82.2|81.8|81.3|51.1|53.4,52.2|19.8|39.8|46|36.7|67.6|52.2|30.6|35.2|30.6|61.4|38.3|69.1|27.5|49.1|26|44.5|19.8|53.7|19.8|0|0
2026-05-06 09:19:40,37,96.3,26.95,55.01,71.99,9.92,1,24152,0.511,7776.1,3,78.7|80.7|104|104.6|104.7|105.2|103.1|102.4|103|101.2|97.3|95.8|98.5|94.3|82.5|86|80.7|83|80.7|83.8|44.4|44.4,7.2|45.9|28.9|42.8|55.2|50.5|49|49|50.5|50.5|28.9|59.8|56.7|41.3|44.3|22.7|39.7|15|44.3|18.1|0|0
2026-05-06 09:19:51,44.3,95.1,26.99,55.12,71.99,9.92,1,24152,0.512,7786.5,3,84|82.2|102.3|101.4|101.3|101.4|101.9|100.3|100.6|100.1|95.2|98.5|99|96.6|83.5|83.9|82.8|84.9|82.7|84.4|45.4|47.2,15.1|52.2|29|38.3|27.5|39.8|33.6|25.9|41.3|33.6|25.9|63|76.8|29|38.3|22.8|59.9|13.6|42.9|16.7|1.2|2.8
2026-05-06 09:20:01,36.2,95.3,27.02,55.16,71.99,9.92,1,24152,0.513,7796.8,3,81.7|80.4|97.1|98.7|98|98.1|98.6|96.5|98|96.1|90.3|93.1|95.6|90.4|80.6|81.7|81.1|81.1|79.4|82.3|47.3|57.7,0.7|44.1|20.9|25.5|30.2|34.8|33.3|27.1|25.5|24|11.5|65.9|69|13.1|28.6|2.2|47.2|2.2|39.5|2.2|0|0.7
2026-05-06 09:20:12,39.4,93.2,27.06,55.19,71.99,9.91,1,24152,0.514,7806.9,3,82.2|81.8|98.9|99.9|101.4|99.3|104.4|102.4|101.9|102.3|99.8|91.6|101.4|97.5|81.6|84.7|82.8|84.9|80.3|85.6|45.6|45.8,47.1|2|16|11.3|30|50.2|26.9|26.9|25.3|31.5|61.1|11.3|75.1|11.3|33.1|0|39.3|0.4|40.9|2|0|0
2026-05-06 09:20:23,24.7,99.3,26.92,55.09,71.99,9.91,1,24152,0.515,7817,3,86.9|85.8|103.6|100|113.8|109.8|114|110.9|105.9|100.6|107.7|108.1|110.5|105.5|86.2|85.7|87.2|87.5|87.2|87.2|45.7|47.9,47.1|0.4|22.2|23.7|34.6|47.1|37.8|22.2|26.9|23.7|59.5|16|72|6.6|33.1|0.4|40.9|8.2|51.8|0.4|0|0
2026-05-06 09:20:33,23.1,102.8,27.03,55.31,71.99,9.91,1,24152,0.517,7827.2,3,87.8|96.6|77.1|82.9|107.7|103|106.9|104|108.4|100.9|111.9|114.7|115.7|114.3|88.2|96|88|100.4|88|103.9|46.9|44.4,33.6|10.4|4.2|1.1|7.3|5.8|7.3|5.8|2.7|1.1|44.4|24.3|49|33.6|30.5|10.4|25.9|21.2|35.1|22.8|0|0
2026-05-06 09:20:44,32.6,99.5,27.06,55.34,71.99,9.91,1,24152,0.518,7837.4,3,84.2|85.8|90.8|90.4|97.4|97|105.2|104.7|105.2|103.4|100.5|95.9|99.4|101.3|83.6|82|83.3|85.2|84|85.9|46.1|45.3,39.9|9.1|10.6|13.7|9.1|47.6|30.7|18.3|36.8|12.2|58.4|19.9|32.2|59.9|10.6|44.5|47.6|16.8|41.5|10.6|0|0
2026-05-06 09:20:55,23.3,99.7,26.63,55.27,71.99,9.96,1,24152,0.517,7847.5,3,85.9|81.1|87.2|90.2|84.6|108.3|106.3|106.1|109|106|108.4|97.2|104|109.4|84.3|84.6|85.1|87.2|86.7|86.3|44.6|49.8,50.2|5.1|17.5|17.5|11.3|53.3|39.3|22.2|25.3|20.6|68.9|9.7|25.3|75.1|8.2|36.2|56.4|9.7|47.1|12.9|0.4|0
2026-05-06 09:21:05,17.6,102.7,26.64,55.3,71.99,9.96,1,24152,0.518,7857.5,3,97.1|99.5|105.9|106.6|109.3|105.4|110|110.2|108.4|111.5|93.8|86.9|94.3|99.7|97.2|96.7|95.8|95.2|96.9|99.3|49.6|48.1,61.5|21.4|36.8|36.8|44.5|43|26|27.6|38.4|43|38.4|7.6|10.6|26|16.8|49.2|52.2|12.2|56.9|24.5|0|0
2026-05-06 09:21:16,22.2,96.5,26.71,55.37,71.99,9.96,1,24152,0.519,7867.6,3,82.9|80.1|102|98.6|93.6|101.1|106.6|106|106.3|104.5|105.1|96.3|106.1|96.2|85|82.5|84.1|83|82|87.6|47.3|49.9,53.8|15.3|49.2|44.6|38.4|30.7|40|44.6|44.6|41.5|50.7|33.8|64.6|23|56.9|18.4|46.1|16.9|55.3|6.1|0|0
2026-05-06 09:21:27,30,92.8,26.73,55.34,71.99,9.96,1,24152,0.52,7878,3,83.2|85.1|97.6|98.3|99.5|100.4|102|100.1|101.1|105.7|98.5|94.1|99.3|95.1|84.7|84|84.3|81.6|84.4|86.2|51|51.8,50.8|12.3|29.3|24.6|26.2|27.7|46.2|33.9|35.4|33.9|64.6|18.5|67.7|15.4|56.9|13.9|49.3|10.8|52.3|6.2|0|0
2026-05-06 09:21:37,25.1,98.6,26.73,55.33,71.99,9.96,1,24152,0.522,7888,3,85.7|89.1|104.1|103.5|105.4|104.5|106.1|106|103.4|103.4|105.2|105.7|106.5|101.6|85.7|85.6|83.1|85.4|83.5|84|43.7|43.7,45.4|0.2|48.5|20.5|18.9|14.2|6.4|22|25.2|18.9|1.8|64.1|57.9|4.9|42.3|1.8|0|43.9|39.2|0|1.8|1.8
2026-05-06 09:21:48,33,98,26.68,55.31,71.99,9.96,1,24152,0.523,7898.1,3,93.5|94.7|110.7|111|111.6|112.4|104.7|107.2|108.6|107.2|98.2|105.9|105.1|102.2|93|94.2|98.8|91.8|92.4|101.3|46.3|44.3,45.4|4.8|37.6|26.6|26.6|17.3|12.6|34.4|26.6|26.6|12.6|65.7|71.9|12.6|45.4|9.5|7.9|45.4|43.8|3.2|1.7|1.7
2026-05-06 09:21:58,23.7,99.4,26.66,55.21,71.99,9.96,1,24152,0.523,7908.2,3,85|83.2|114.6|108.9|112.9|110.8|92.9|100.1|96.1|96.3|101.4|106.8|107.9|102.9|84.7|87.9|90.5|86.1|88|86.9|48.6|46.5,59.4|3.1|36|25|31.3|25|11|29.7|31.3|25|6.3|75|75|9.4|42.2|3.1|3.1|54.7|50|4.7|0|0
2026-05-06 09:22:09,28.5,94,26.65,55.18,71.99,9.96,1,24152,0.524,7918.5,3,85.4|85.8|110.1|110.2|106.5|108.8|107.7|105.4|106.2|105.7|103.1|98.3|104.9|98.6|84.8|86.4|83.6|87.4|83.7|86.3|55.3|55.1,30.2|7|33.3|31.8|28.7|28.7|30.2|8.5|36.4|33.3|69|8.5|72.1|5.4|33.3|2.3|38|5.4|36.4|0.8|0.8|0
2026-05-06 09:22:20,26.2,109.7,26.58,55.1,71.99,9.96,1,24152,0.525,7928.6,3,87.2|97.1|113.4|115.3|114.6|111.3|96.7|89.2|103.3|106.8|113.4|108.7|115.1|112.2|90.2|108.4|94|103.6|91|99|52.4|50.7,42.4|6.6|56.4|34.6|31.5|22.2|11.3|6.6|40.8|20.6|54.9|19|70.4|8.2|37.7|8.2|25.3|12.8|36.2|8.2|0|1.9
2026-05-06 09:22:30,28.1,104.9,26.59,55.11,71.99,9.96,1,24152,0.527,7938.9,3,86.5|93.5|117.7|119|119.6|112.1|109.2|101.5|112.4|112.6|107.9|99.3|110|103.6|85.6|87.4|84.8|90.6|84.4|88.6|46.4|46.1,35|0.9|50.5|42.7|33.4|17.9|7.1|2.4|25.7|16.4|64.4|4|67.5|2.4|28.8|0.9|27.2|4|22.6|5.5|0.9|0.9
2026-05-06 09:22:41,26.3,103.6,26.66,55.18,71.99,9.96,1,24152,0.528,7949.2,5,85.1|91.6|107.5|108.6|108.6|108.7|107.8|106.8|105.4|106|107.6|104|107.4|104.9|87.8|91.4|86.8|90.6|89.1|87.8|45.7|56.6,58|23.8|59.6|58|61.1|53.4|73.6|42.5|40.9|48.7|59.6|37.8|56.5|58|54.9|22.3|64.2|8.3|36.3|62.7|2|2
2026-05-06 09:22:52,30.8,100.4,26.64,55.15,71.99,9.96,1,24152,0.53,7959.3,5,88.7|89.8|107.4|106.6|108.2|105.9|106.3|106.3|106.5|105|100.6|101.2|104.2|102.1|86|92.5|88.6|94.8|88.7|88.1|51.9|59.3,42.4|15.9|51.7|48.6|47.1|36.2|37.7|28.4|28.4|39.3|62.6|11.3|20.6|50.2|51.7|19|43.9|6.6|20.6|54.8|0.4|0
2026-05-06 09:23:02,24.1,94.8,26.66,55.18,71.99,9.96,1,24152,0.531,7969.5,5,85|83.1|103.3|104.1|107|108.5|106.4|99|97.7|103.6|107.2|100.1|106.3|106.9|83.6|87.7|85.4|84.6|83.2|83.1|45.7|46.9,33.2|8.3|31.6|25.4|37.8|20.7|39.4|8.3|9.8|31.6|73.6|13|14.5|72|34.7|8.3|47.1|13|9.8|42.5|0|0.5
2026-05-06 09:23:13,21,102.7,26.71,55.2,71.99,9.94,1,24152,0.532,7979.7,5,89|98.8|108.7|111.1|111.5|108.8|105.8|100.6|110.2|106.7|113.2|109.3|113.7|107.7|90.2|88.3|86.9|96.4|89.1|93.1|45|48.4,32.1|19.7|0|0|0|1.2|4.3|0|0|0|42.9|47.5|55.2|29|33.6|24.3|35.2|16.6|44.4|38.2|0|0
2026-05-06 09:23:23,31,96,26.77,55.29,71.99,9.94,1,24152,0.534,7990.1,5,84.1|85.3|102.1|103.1|102.3|102.3|104.3|102.7|101.6|100.4|99.1|100.6|102.2|98.8|82.2|87|82.7|88.2|82.6|87.6|45.9|48.5,38.2|11.9|24.3|36.6|36.6|36.6|44.4|25.8|24.3|30.4|53.6|19.6|70.6|16.5|27.3|7.3|38.2|5.7|42.8|1.1|2.6|2.6
2026-05-06 09:23:34,22.8,106.4,26.8,55.32,71.99,9.94,1,24152,0.536,8000.3,5,104.8|108|55.6|55.6|55.6|55.5|55.5|55.6|55.1|55.7|122.9|126.4|125.5|124.1|100.6|107.9|105.1|109.3|103.2|109.9|52.4|47.4,62.7|42.6|51.9|50.3|53.4|53.4|53.4|39.5|28.6|39.5|59.6|45.7|75.2|51.9|56.5|47.2|55|48.8|67.4|34.8|0|0
2026-05-06 09:23:45,50.7,92.9,27,55.51,71.99,9.94,1,24152,0.537,8010.6,5,81.1|80.7|100.7|101.8|102.2|101.3|99.4|99.3|99.1|99.1|94|95.4|94.7|89.5|82.3|79|81.9|83|81.7|79.7|49.9|49.2,9.6|57.9|50.1|48.6|51.7|64.2|42.4|45.5|45.5|50.1|61.1|43.9|65.7|31.5|62.6|31.5|48.6|9.6|54.8|22.1|0|0
2026-05-06 09:23:55,61.7,93.9,27.97,57.37,71.99,12.37,1,24152,0.538,8020.4,5,80.4|80.8|96.7|96.4|96.6|96.6|96.4|96.4|96.5|96.7|90.4|90.7|90.8|91.2|80.7|80.5|80|80.4|80.4|80.6|45.9|47.2,39.5|69|73.6|72.1|70.5|76.7|70.5|65.9|65.9|67.4|59.7|67.4|70.5|56.5|58.1|48.8|59.7|55|61.2|36.4|2.2|2.2
2026-05-06 09:24:06,29.3,100,27.07,57.14,71.99,13.22,1,24152,0.539,8030.7,3,76.4|82.5|109.8|114.7|113.4|112.9|104.5|99.2|99.1|100.5|105.7|105.9|106.6|100.3|81.9|83.7|83.2|83.7|83.9|83.3|51.5|54.2,5.4|42.6|17.8|55|48.8|41.1|30.2|20.9|17.8|16.3|8.5|53.5|73.6|5.4|38|0.7|42.6|3.8|45.7|0.7|0|0
2026-05-06 09:24:17,31.3,97.7,26.99,57.12,71.99,13.33,1,24152,0.541,8040.9,3,81.7|79.1|100.7|100.5|104.1|103.4|101.5|96.3|99.2|97.6|101.7|90.8|102|93.2|82.4|86.3|81.9|77.6|82.4|79.8|45.3|45.9,34.8|0|14.6|22.4|45.7|53.4|30.1|16.2|3.8|0.7|64.3|13.1|72.1|3.8|41|0|41|3.8|37.9|0.7|0.7|0.7
2026-05-06 09:24:27,30.3,106.3,26.91,57.12,71.99,13.35,1,24152,0.542,8051.2,3,105|102.7|114.3|110.6|116.2|115|120.6|117.6|120.1|117.4|86.4|86.3|84.2|84.4|104.5|100.7|103.7|100.1|105.5|104|49.1|49.6,51.7|9.6|34.5|34.5|36.1|40.8|40.8|34.5|33|37.6|8|4.9|8|1.8|48.5|1.8|42.3|18.9|48.5|23.6|0|0
2026-05-06 09:24:38,24.6,97.8,26.81,57.12,71.99,13.35,1,24152,0.543,8061.6,3,82|79.7|105|99.2|86.2|101.8|103.6|102.7|99.2|94.1|103.9|90.5|95.9|104.9|80.9|84.1|81.5|82.4|82.5|82.9|49.8|54.9,37.8|6.6|14.4|25.3|16|44|36.2|26.9|23.7|14.4|48.6|2|3.5|47.1|11.3|23.7|30|6.6|39.3|12.9|0|0
2026-05-06 09:24:49,30.7,98.9,26.88,57.23,71.99,13.35,1,24152,0.544,8072,3,94.2|104.1|109.4|110.7|109.9|107.6|108.4|107.9|108.8|110.9|92|93|94.4|97.7|100.3|93.9|91.5|96.7|94.3|93.7|49|46.6,43.9|33|29.8|36.1|25.2|51.7|39.2|37.6|31.4|33|12.7|6.5|14.2|1.8|15.8|40.8|56.3|8|68.8|12.7|0|0
2026-05-06 09:24:59,24.6,100.1,26.88,57.16,71.99,13.35,1,24152,0.546,8082.3,3,99.9|103.6|114.3|114.4|118|117.6|117|118|117.1|118.4|91.3|95.6|96.3|92.8|105.2|102.7|102.8|104.2|103.5|104.8|56.3|49.4,50.2|20.7|37.8|44|30|37.8|42.5|34.7|36.3|37.8|11.4|0|2.1|8.3|16|53.4|58|17.6|48.7|33.1|0|0
2026-05-06 09:25:10,23.7,111.8,26.87,57.14,71.99,13.35,1,24152,0.547,8092.6,3,104.6|106.7|117.7|121|119.3|119|115.3|113|109.7|115.4|87.5|87.6|87.7|87.2|107.3|105.6|103.6|104|105.4|102.8|44.6|48.3,68.9|22.2|53.3|33.1|34.7|23.8|45.6|48.7|37.8|36.2|0.5|2|0|0|62.7|14.5|64.2|12.9|72|12.9|0|0
2026-05-06 09:25:21,24.5,108.6,26.91,57.17,71.99,13.35,1,24152,0.549,8102.8,3,102.4|101.6|115.2|115.8|116.5|118.7|119.2|117.7|115.5|115.8|87.5|87.9|87.9|88|102.6|106.2|106.6|108|108.5|107|70.4|71.1,42.5|31.6|33.2|36.3|36.3|30.1|28.5|23.9|36.3|33.2|0.6|0.6|0.6|0.6|51.8|16.1|42.5|22.3|62.7|13|0|0.6
2026-05-06 09:25:31,18.8,110.5,26.93,57.15,71.99,13.33,1,24152,0.55,8113.1,3,102.7|108.6|111.6|117.6|114.1|117.2|119.6|119.9|118.5|117.7|86.2|87.7|86.3|82.2|104|102.4|104.3|106.1|107|107.8|59.2|69.9,61|25.2|43.9|40.7|36.1|39.2|53.2|39.2|53.2|47|0.2|0.2|0.2|0.2|54.8|20.5|62.6|12.7|61|9.6|0.2|0
2026-05-06 09:25:42,22.2,111.4,26.99,57.21,71.99,13.32,1,24152,0.552,8123.5,3,107.9|107.7|116.6|116.3|113.4|113.2|120.2|120.3|121.3|119|87.6|87.5|87.5|87.4|105.8|104.1|104.3|105.8|102.7|102.9|43.8|43.9,62.7|22.3|56.5|41|47.2|51.8|39.4|31.6|34.7|51.8|0.6|0|0.6|2.1|47.2|31.6|31.6|42.5|54.9|22.3|0|0
2026-05-06 09:25:53,29.4,96.7,26.74,57.2,71.99,13.28,1,24152,0.549,8133.9,3,86.6|87.3|106.1|106.5|106.8|106.9|103.6|103.4|102.6|102|98.3|100.4|102.4|100.4|84.6|87.5|87.4|86.9|84.9|87.7|46.3|47.1,54.8|6.5|37.6|43.9|29.8|29.8|25.2|28.3|37.6|36.1|1.8|8|6.5|3.3|45.4|26.7|12.7|45.4|36.1|8|0|0.2
2026-05-06 09:26:03,20.5,115.1,26.68,57.07,71.99,13.28,1,24152,0.551,8144.2,3,103.4|102.1|118.7|120.8|117.8|119.3|110.6|115.4|119.3|115.1|83|84.8|87.6|88.1|106.2|108.9|103.3|105|106.1|101.7|49.4|49.4,40.7|3.3|45.4|45.4|48.5|28.3|22|18.9|18.9|25.1|0.2|0.2|0.2|0.2|34.5|25.1|11.1|39.2|56.3|11.1|0.2|0.2
2026-05-06 09:26:14,21.4,111.8,26.69,57.08,71.99,13.27,1,24152,0.552,8154.5,3,99.4|102.1|118.6|118.2|119.1|118.7|113.7|114.3|114.6|112.7|89.9|85.8|87.4|78|100.3|105.4|99.4|102|103.5|106|52.7|52.7,50.4|6.9|36.4|27.1|45.7|41.1|11.6|13.1|20.9|36.4|0.7|0.7|0.7|0.7|48.8|10|36.4|20.9|45.7|16.2|0.7|0
2026-05-06 09:26:25,23.5,112.3,26.69,57.08,71.99,13.27,1,24152,0.554,8164.9,3,107.8|109.2|118.8|119|119|115.9|117.9|117.5|118.1|117.9|83.4|83.6|85|85.5|107|101.5|106.5|107.2|104.6|104.5|45.7|43.8,64.5|22.8|39.8|42.9|47.5|46|47.5|33.6|32.1|39.8|1.2|1.2|2.7|1.2|61.4|10.4|56.8|32.1|62.9|16.6|1.2|0
2026-05-06 09:26:35,23.2,109.2,26.73,57.09,71.99,13.27,1,24152,0.555,8175.3,3,102|104.6|118.6|120.5|119.8|116.9|110.3|112.7|112.4|113.2|84.8|84.5|83.9|83.6|103.8|100.2|104.4|103.3|105.7|104.2|53.9|50.9,54.9|5.1|33.1|36.2|23.8|30|9.8|12.9|25.3|17.6|0.5|0.5|0.5|0.5|51.8|0|34.7|19.1|45.6|6.7|0.5|0.5
2026-05-06 09:26:46,34.2,111.3,26.75,57.12,71.99,13.27,1,24152,0.557,8185.6,3,105.1|105.5|117.3|117.4|119.7|117.1|116.2|115|116|116.1|84.1|83.3|84|77.3|104.7|102.8|103.4|103.3|103.6|103.1|50.2|50.4,47.3|14.8|39.6|39.6|41.1|33.4|47.3|17.9|14.8|38|0.9|0.9|0.9|0.9|53.5|10.2|56.6|2.4|14.8|39.6|0|0
2026-05-06 09:26:57,24.5,109.4,26.73,57.08,71.99,13.27,1,24152,0.558,8196,3,102.9|105|120.4|120.2|122|119.5|119.4|118.3|115|116|81.6|81.5|80|81.5|106.1|108.4|106.3|105.9|107.4|108.1|46.6|51.4,55.2|10.4|44.4|44.4|32|27.4|55.2|25.8|24.3|47.5|0|0|0|0|53.6|4.2|64.5|2.7|18.1|50.6|0|0
2026-05-06 09:27:07,26.4,108.7,26.71,57.1,71.99,13.27,1,24152,0.56,8206,3,103.3|104.8|119.1|119.3|120.4|120.2|111.6|111|108|111.6|0|87.6|0|0|103.2|102.3|102.2|104.5|102.5|105.7|0|0,39.6|19.4|31.8|31.8|27.2|28.7|41.1|28.7|34.9|19.4|34.9|27.2|33.4|13.2|45.8|13.2|44.2|5.5|39.6|3.9|0.8|0.8
2026-05-06 09:27:18,26.3,109.8,26.77,57.15,71.99,13.27,1,24152,0.561,8216.5,3,106.3|104.5|118.3|119.7|122.8|123.2|110.8|112.7|117|113.1|86.4|86.6|87.7|87.6|103.4|103.6|103.1|104.3|107.8|105.4|44|47.4,54.8|17.4|36.1|53.3|28.3|43.9|37.7|26.8|20.6|23.7|0.3|1.9|0.3|0.3|47|15.9|50.1|12.8|59.5|9.6|0.3|1.9
2026-05-06 09:27:29,28.5,109.7,26.74,57.1,71.99,13.27,1,24152,0.562,8226.9,3,101.6|101.7|117.7|119.6|120.6|119.8|110.6|110.5|111.3|113.1|86.4|86.2|87.4|87.6|102.6|105.1|102.7|96.5|102.8|100.5|51.2|45,51.7|9.7|34.6|37.7|40.8|33|29.9|19|19|20.6|0|0.3|0.3|0.3|42.4|5|51.7|3.4|48.6|3.4|0.3|0.3
2026-05-06 09:27:39,31.7,110.4,26.46,57.08,71.99,13.24,1,24152,0.564,8237.1,3,96.6|99.6|114.3|117.3|115.6|115.2|116.6|115.8|116.5|116.9|87.4|80.8|84.2|77.1|102.1|100.2|99.4|98.3|99.8|100.8|48.8|44.2,23.7|67.3|54.9|61.1|47.1|61.1|59.5|48.6|37.7|59.5|0.4|1.9|0.4|0.4|50.2|36.2|53.3|29.9|65.8|22.2|0|0.4
2026-05-06 09:27:50,29.6,110.7,26.61,57.03,71.99,13.07,1,24152,0.565,8247.5,3,98.5|92.7|110.3|111.2|111.1|111.5|108.7|110.3|109.9|108.6|92.3|96.3|98.4|95.8|90.9|95.4|95.5|97.6|95.6|98.7|54.2|50,5|51.7|33|37.7|56.4|61.1|59.5|36.2|31.5|31.5|14.4|37.7|40.8|28.4|48.6|9.7|42.4|9.7|47.1|9.7|0.3|0.3
2026-05-06 09:28:01,20.2,105.4,26.66,57.04,71.99,13.06,1,24152,0.567,8257.9,3,105.2|104.8|112.6|114.7|114.7|111.9|118|114.1|117.4|117.8|86.8|86.8|87.5|87.6|99.1|98.8|102.6|104.6|98.3|100.8|53.9|57.5,0.5|59.6|22.3|33.2|31.6|37.8|44|33.2|27|16.1|0.5|0.5|0.5|0.5|45.6|9.9|47.2|5.2|51.8|2.1|0.5|0.5
2026-05-06 09:28:11,21.9,101.5,26.67,57.06,71.99,13.06,1,24152,0.568,8268.2,3,93.1|84.2|101.9|101.8|102.3|99.6|102|104|104.4|105.9|105.8|114.1|106.8|111|92|91.1|93.6|96.2|91.8|101.1|57|86.9,47.1|0.4|8.2|8.2|37.7|30|42.4|16|14.4|6.6|44|0.4|54.9|0.4|37.7|1.9|45.5|5.1|44|0.4|0|0.4
2026-05-06 09:28:22,22.9,109.6,26.74,57.13,71.99,13.06,1,24152,0.57,8278.6,3,105.8|101.3|114.4|114.1|121.6|118.9|114.9|116.5|114.6|113.9|0|87.5|0|0|103.4|100.5|105.7|102.5|105.3|103.9|55.7|0,59.5|15.8|36.1|34.5|51.7|57.9|51.7|29.8|39.2|28.3|0.2|0.2|0.2|0.2|65.7|9.5|47|36.1|59.5|18.9|1.7|0.2
2026-05-06 09:28:33,35.8,105.1,26.74,57.12,71.99,13.06,1,24152,0.571,8289,5,87.9|90.2|102.5|104.6|108.2|108.2|110|109.1|107.9|109|107|102.1|106.9|105.8|84.7|90.4|85.2|88.4|87|86.1|51.8|45.9,41.1|2.4|10.1|19.4|33.4|24.1|47.3|24.1|17.9|21|28.7|2.4|41.1|2.4|56.6|0.8|34.9|7|39.6|5.5|0.8|0.8
2026-05-06 09:28:43,26.8,107.6,26.81,57.17,71.99,13.06,1,24152,0.573,8298.9,5,102.4|103.5|116.3|116.5|117.8|116.4|110.7|113.9|113.3|113.3|83.5|82.6|86.9|86.2|99.9|101.3|103|99.6|100.4|100.3|45.9|45.8,55.2|13.5|52.1|64.5|55.2|55.2|42.9|39.8|49|38.2|21.3|5.8|19.7|18.2|8.9|44.4|38.2|15.1|53.7|22.8|1.2|1.2
2026-05-06 09:28:54,22.9,106.6,26.74,57.09,71.99,13.06,1,24152,0.574,8309.2,5,100.7|103.1|113|112.4|113.3|110.2|112.3|112.4|111.4|113.1|86.8|89.6|92.8|87.7|103.7|99|98.7|106|97.7|101.8|51.4|46.6,31.5|22.2|28.4|26.8|23.7|17.5|43.9|31.5|33.1|22.2|0|0|0.4|1.9|8.1|40.8|50.2|1.9|45.5|8.1|0.4|0.4
2026-05-06 09:29:05,29.3,108.1,26.74,57.05,71.99,13.06,1,24152,0.576,8319.6,5,106.5|105.5|116.1|117|116.3|117|116.3|117.2|116.2|119.4|87.4|0|86.4|0|101.5|105.3|100.5|106.8|107|108.4|0|0,47.3|13.1|47.3|45.7|36.4|48.8|47.3|34.9|47.3|39.5|0.7|2.3|2.3|0.7|16.2|55|65.9|10|59.7|28.6|0.7|0.7
2026-05-06 09:29:15,18.4,107.3,26.71,57.11,71.99,13.06,1,24152,0.577,8329.7,5,96.3|96|108.1|109.7|109|108.6|106.6|108.9|108.9|109.8|93|94|97.7|89.3|97.2|93.5|95.1|92.3|95.4|96.8|51.2|50.6,33.2|16.1|31.7|27|36.3|25.4|31.7|30.1|22.3|27|0|0|0|0|45.6|11.5|42.5|11.5|55|5.3|0|0
2026-05-06 09:29:26,21.6,108.3,26.66,57.04,71.99,13.06,1,24152,0.579,8340,5,100.9|102.7|110.8|111.4|113.4|109.9|119.6|118.5|118.4|120.1|78.7|81.7|78.5|79.1|102.5|106.2|103.7|106.4|106.3|101.7|45|54.7,29.8|18.9|20.4|29.8|23.5|22|43.8|29.8|29.8|37.6|0.1|0.1|1.7|0.1|42.3|11|46.9|6.4|65.7|0|1.7|0.1
2026-05-06 09:29:37,37.1,100.8,26.71,57.07,71.99,13.06,1,24152,0.58,8350.1,5,102|103.9|112.4|113.8|115|114.6|111.1|111.9|111.8|113.2|100.9|105.4|97.3|102.5|100.9|99.8|99.5|102.4|98.5|96.7|54.9|43.3,54.8|18.9|40.8|36.1|33|40.8|50.1|45.4|42.3|36.1|9.6|11.1|17.4|8|40.8|28.3|40.8|34.5|61|14.3|0.2|0
2026-05-06 09:29:47,38,99.1,26.75,57.14,71.99,13.06,1,24152,0.582,8360.5,5,96.3|100.6|108|107.5|111.4|111.5|108.6|109.4|109.2|108.4|84.6|97.1|98|90.1|96.1|97.2|99|94.4|94.5|97.8|55|50,42.4|1.9|36.1|48.6|34.6|48.6|36.1|33|29.9|29.9|19|15.9|22.1|8.1|34.6|23.7|12.8|45.5|39.3|8.1|0.3|0.3
2026-05-06 09:29:58,26.1,107.7,26.79,57.19,71.99,13.06,1,24152,0.583,8370.8,5,105|106.8|111.6|115|115.6|114.2|115.1|118|116|117.9|87.3|87.4|87.5|87.6|106.1|106.6|103.5|99.8|99.1|104.8|46.1|46.1,43|3|29.2|13.8|19.9|26.1|32.3|35.3|44.6|40|0|1.5|1.5|1.5|29.2|21.5|10.7|44.6|49.2|7.6|0|1.5
2026-05-06 09:30:09,24.9,109.6,26.74,57.12,71.99,13.06,1,24152,0.585,8381.1,5,101.1|100.8|115.8|118|118.5|119.2|117.7|111.7|113.5|112.1|87.5|87.7|87.9|87.3|100.7|106.3|104.8|105.1|103.5|107.4|44.3|52.9,37.9|0.7|25.5|33.3|31.7|25.5|20.9|13.1|33.3|25.5|0|0.7|0.7|0.7|51.9|10|39.5|19.3|47.2|5.3|0.7|0.7
2026-05-06 09:30:19,30.5,103.6,26.8,57.16,71.99,13.05,1,24152,0.586,8391.4,5,92.7|95|104.7|106.1|106.7|106.9|106.1|104.2|105|104.9|93.8|95.2|95.7|93.6|92.2|96.2|92.5|92.8|90|98.4|51.9|46.5,66|25.8|56.7|50.5|53.6|49|58.3|41.3|53.6|47.5|33.5|36.6|44.4|13.5|76.8|8.8|59.8|25.8|67.5|16.5|1.1|0
2026-05-06 09:30:30,32.2,106.4,26.78,57.15,71.99,13.05,1,24152,0.589,8401.6,5,96.5|99.4|112.4|112.8|111.7|111.3|112.2|109.1|111.2|111.7|86.1|89|91.4|88.4|100.3|97.3|97.9|98.1|99.2|101.4|50.5|47.8,40.8|15.8|34.5|33|31.4|19|28.3|20.5|25.2|22.1|0.3|0.3|0.3|0.3|51.7|0|37.7|14.3|40.8|9.6|0.3|0.3
2026-05-06 09:30:41,20.2,107.5,26.81,57.1,71.99,13.03,1,24152,0.617,8411.8,3,95|100.8|109.7|109.5|109.2|109.4|109.3|109.4|110.2|108.8|94.1|90.2|94|94.2|96.4|103.2|95.5|105.2|98.1|99.9|54.9|63.6,56.5|13.1|36.3|42.6|42.6|37.9|51.9|33.2|28.6|37.9|0|0|0|0|56.5|9.9|61.2|9.9|28.6|34.8|0.6|0.6
2026-05-06 09:30:51,25.7,109.9,26.48,57.11,71.99,12.97,1,24152,0.613,8422.4,3,104|95.6|118.4|116.4|117.1|117.1|119.3|117.6|116.4|116.7|83.2|83.7|81.7|79.4|104.4|109.8|105.3|102.1|103.7|107.1|46.6|52.1,47.2|14.7|45.7|44.1|42.6|39.5|44.1|47.2|30.2|42.6|0.7|5.3|2.2|2.2|41|16.2|50.3|8.4|22.4|44.1|0|0
2026-05-06 09:31:02,20.6,108.9,25.98,57.09,71.99,12.97,1,24152,0.613,8432.6,3,101.1|101.7|121.1|114.2|118.4|119|116.6|115.2|117.5|114.5|83|82.1|81.9|82.5|102.4|105|105|105.9|103|105.8|45|46.9,62.7|31.7|42.6|50.3|45.7|56.5|41|36.4|28.6|37.9|0.7|0.7|0.7|0.7|62.7|20.8|70.5|16.2|39.5|51.9|0.7|2.2
2026-05-06 09:31:13,25.1,105.6,26,57.09,71.99,12.97,1,24152,0.613,8443,3,101.9|104.7|117.8|114.2|115.4|118.5|117|113.5|117.6|110.6|103.7|95.4|91.7|74|106|103.9|100.1|93.7|102.4|101.7|49.7|51.6,47.4|22.6|39.7|35|30.4|45.8|36.6|35|21.1|14.9|4.1|1|8.7|0|35|16.5|48.9|16.5|58.2|1|0|0
2026-05-06 09:31:23,23.9,110.2,26,57.13,71.99,12.97,1,24152,0.613,8453.3,3,102.6|98.9|114.8|118.3|117.3|120.5|113.8|115.7|115|117.2|87.5|85.6|84.1|85.3|104.3|108.9|102.2|100.5|107.9|106.8|55.1|0,36.7|24.3|29|38.2|42.9|35.1|44.4|30.5|13.5|12|2.7|0|1.2|0|38.2|19.7|38.2|12|52.1|5.8|0|0
2026-05-06 09:31:34,19.5,112,25.97,57.05,71.99,12.97,1,24152,0.613,8463.6,3,99.1|97.2|111.3|112.6|113.5|113.4|110.4|111.1|110.4|111.4|94.6|95.6|96.5|94.9|96.3|102.9|98|103.2|98.9|97.6|51.1|44.3,41.1|16.4|22.5|31.8|34.9|44.2|42.7|36.5|21|17.9|0.9|0|0|2.4|47.3|11.7|42.7|10.2|41.1|4|0|0.9
2026-05-06 09:31:45,18.9,110.5,26.21,57.09,71.99,12.94,1,24152,0.613,8473.9,3,104.6|100.4|118|118.6|116.9|117.9|118.6|118.5|114.5|118.5|83.1|83.2|87.3|85.1|103.6|103|103.2|104.7|104.9|102.8|46.6|46.5,13.2|53.5|59.7|59.7|53.5|61.3|55.1|50.4|44.2|53.5|10.1|36.5|25.6|7|44.2|31.8|45.8|30.3|52|25.6|0|0
2026-05-06 09:31:55,19.7,108.2,26.12,56.96,71.99,12.93,1,24152,0.613,8484.1,3,98.1|99.8|111.9|115.8|118|119|110.3|110.2|111.6|111.3|96|93.8|99.8|94.4|102.3|100.9|104.6|105.5|103.1|100.7|57.5|0,2.4|53.5|13.3|42.7|38.1|45.8|41.1|25.7|27.2|27.2|0.9|16.4|14.8|11.7|42.7|13.3|41.1|7.1|42.7|10.2|0.9|0
2026-05-06 09:32:06,26.3,132.6,26.12,56.96,71.99,12.93,1,24152,0.613,8493.9,3,133.5|131.3|55.5|55.5|55.5|55.4|55.2|55.4|55.5|55.5|95.9|104.3|98.8|97|133.3|134.6|132|134.1|132.3|134.6|56.9|59.2,42.9|52.1|0|1.2|1.2|1.2|1.2|0|0|1.2|0|0|2.7|0|52.1|56.8|49.1|46|55.2|44.4|0|1.2
2026-05-06 09:32:16,23.9,137,26.21,57.04,71.99,12.93,1,24152,0.613,8503.6,3,134.4|132.5|55.3|55.5|55.5|55.5|55.5|55.5|55.5|55.5|95|100.7|91.6|99.3|136.5|134.7|134.9|135.4|137.9|137.8|53.2|53.5,73.5|62.5|0.1|0.1|0.1|0.1|0.1|0.1|0|0.1|4.7|3.2|4.7|1.6|73.5|64.1|68.8|65.6|64.1|65.6|1.6|0.1
2026-05-06 09:32:27,20.3,132.8,26.14,56.96,71.99,12.93,1,24152,0.613,8513.1,3,137.8|135.7|55.4|55.3|55.2|55.4|55.4|53.8|55.5|55.3|72.7|83.6|80.2|88.5|133.9|129.9|133.4|131.4|137.4|135.6|55.6|47.4,61.2|58.1|0|0|0|0|0|0|0|0|0|0|0.7|0|61.2|70.5|50.3|64.3|59.6|64.3|0|0
2026-05-06 09:32:37,25.1,134.5,26.13,56.96,71.99,12.93,1,24152,0.613,8522.5,3,133.7|134|54.3|55|55|55.1|55.3|54.8|55.1|55|73.8|80.4|97.2|102.8|134.4|134.5|135.4|133.7|134.9|134.1|59.9|45.9,61.3|56.6|0|0|0|0|0|0|0.9|0|4|0.9|2.4|0.9|55.1|62.8|70.6|75.2|67.5|67.5|0.9|0
2026-05-06 09:32:48,31.9,136,26.24,57.04,71.99,12.93,1,24152,0.613,8532,3,136.7|135|60.5|64.5|64.5|64.3|61.5|65.5|59.2|60.4|88.1|87.8|88|87.9|133.9|134.9|136.3|134.1|137.2|137.6|46.3|48.8,61.1|59.6|0|0.5|0.5|0.5|0|0|0.5|0|6.7|8.2|12.9|2|50.2|58|50.2|51.8|54.9|64.2|0.5|0
2026-05-06 09:32:58,24,109.6,26.14,56.9,71.99,12.64,1,24152,0.613,8542.4,3,101|101.7|118|117.6|118.6|116.4|117.7|117.6|117.1|115.2|85.9|85.8|85.9|86|100.4|103.8|101.7|101.4|101.7|100.9|48.4|47.9,44.5|16.7|35.2|36.8|32.1|35.2|41.4|39.8|33.7|42.9|9|1.3|1.3|5.9|9|44.5|42.9|13.6|50.6|15.2|1.3|1.3
2026-05-06 09:33:09,28.1,109.4,26.11,56.87,71.99,12.64,1,24152,0.613,8552.6,3,94.3|99.3|113.7|114.1|115.5|114.8|113.2|112.7|111.5|111.3|95.3|93.3|101.4|92.3|96.6|99.8|97.3|96.6|97.6|102.1|52.2|46.5,32.3|4.6|35.4|27.7|16.9|7.7|44.6|36.9|33.8|23.1|63.1|6.1|67.7|4.6|26.2|0|35.4|1.5|33.8|0|1.5|0
2026-05-06 09:33:20,37.6,109.6,26.13,56.94,71.99,12.64,1,24152,0.613,8563,3,99|101.2|116.6|116.4|117.6|116.8|115.4|115.7|116.3|115.9|95.7|101.4|100.2|100.8|103.1|102.8|98.4|102.2|100.5|99.3|55.9|47.9,27|33.2|45.6|47.2|56.5|47.2|54.9|42.5|45.6|47.2|0|0|0|0|37.8|33.2|47.2|16.1|59.6|5.2|0|0.6
2026-05-06 09:33:30,30.9,102.2,26.07,56.87,71.99,12.64,1,24152,0.613,8573.2,3,103.4|102.4|117|118.4|118.8|117.6|119.3|118.8|119.2|118.4|86.3|86|87.3|87.7|102.8|103.8|101.5|103.2|100.5|105|54.9|59.5,57.9|29.9|57.9|75.1|56.4|45.5|64.2|36.1|50.1|45.5|1.8|0.3|1.8|0.3|53.3|28.3|57.9|17.4|62.6|17.4|0|0
2026-05-06 09:33:41,34.9,100.9,25.48,56.93,71.99,12.64,1,24152,0.613,8583.7,3,82.4|81.2|101.2|100.6|101|101.8|102.6|102.5|101.9|101.8|94.1|96.2|94.8|95.9|80.8|82.7|84.2|84.2|82.5|85.9|49.3|51.8,39.5|17.8|39.5|44.2|41.1|47.3|45.7|53.5|55|61.2|30.2|51.9|59.7|24|56.6|14.7|17.8|42.6|36.4|13.1|0.7|0
2026-05-06 09:33:52,25.3,110.1,25.43,56.9,71.99,12.64,1,24152,0.613,8594,3,102.2|98|115.8|116.2|115|113.9|114|114.9|112.6|112.8|102.3|88.5|99.7|99.6|100|101.4|102.2|100.3|99.1|101.7|52.9|45.1,44.3|14.8|28.8|53.6|45.8|58.2|28.8|33.4|33.4|33.4|4|16.4|11.8|8.7|38.1|24.1|21|35|38.1|10.2|0.9|0
2026-05-06 09:34:03,38.9,103.9,25.44,56.91,71.99,12.64,1,24152,0.613,8604.3,3,96.3|95.7|111.1|110.5|110.5|111|112.8|109.6|110.6|109.3|91.1|90|90.7|97.1|95.4|100.8|99.8|96.6|96.9|99.4|52.9|42.5,55|5.4|47.3|45.7|53.5|45.7|50.4|36.4|38|42.6|2.3|30.2|31.8|6.9|56.6|22.5|20.9|47.3|58.1|8.5|0.7|0
2026-05-06 09:34:13,33.2,100,25.51,56.82,71.99,12.64,1,24152,0.613,8614.6,3,92.8|99.9|108|108.5|110.2|109.2|109.5|108.4|108.3|108.9|83.7|91|91.2|92.9|94.6|99|93.5|96.5|93.5|98.9|49.4|48.8,52.3|18.5|46.1|50.8|58.5|55.4|38.5|32.3|43.1|46.1|32.3|21.5|26.1|15.4|53.8|13.8|49.2|24.6|50.8|18.5|0|0
2026-05-06 09:34:24,25.9,92.9,25.58,56.82,71.99,12.64,1,24152,0.613,8625.1,3,81.1|83.6|102.7|102.1|102.4|101.6|100.3|98.4|98.6|98.3|96.9|99.7|97|98|81|79.2|82.1|82.3|81.9|81.5|0|0,48.6|6.5|47|50.1|43.9|43.9|34.5|20.5|36.1|40.8|25.2|23.6|36.1|12.7|42.3|3.4|34.5|11.2|47|11.2|0.3|0.3
2026-05-06 09:34:35,35.7,95.3,25.62,56.83,71.99,12.64,1,24152,0.613,8635.4,5,81|80.1|105.8|104.8|105.2|104.3|100|96.8|100|99.4|100.8|97.8|101.7|101.2|80.9|78.6|81.9|81.6|81.3|81.5|48|48.1,49.3|9.3|35.4|38.5|43.1|40.1|40.1|38.5|50.8|47.7|40.1|9.3|29.3|13.9|53.9|0.1|44.7|18.5|50.8|12.4|1.6|1.6
2026-05-06 09:34:45,36.5,100.7,25.64,56.81,71.99,12.64,1,24152,0.613,8645.7,5,89|96|105.9|105.6|106.3|104.7|106.6|106.6|105.8|104.9|95.7|96.4|99.2|98.5|88.6|94.5|88.4|92.4|93.4|89.7|48.8|45.2,31.6|12.9|40.9|39.3|45.6|33.1|37.8|34.7|30|37.8|23.8|22.2|20.7|22.2|36.2|6.7|45.6|2|14.5|39.3|2|0.5
2026-05-06 09:34:56,29.9,97.4,25.76,57.06,71.99,12.64,1,24152,0.613,8656,5,87.1|87.8|104.6|104.1|104.2|103.9|103.9|103.3|103.7|102.8|95.8|97.9|96.9|97.6|89.1|87.7|88.3|88.1|88.3|88.9|53.2|60.5,51.6|20.5|42.3|40.7|40.7|42.3|34.5|42.3|39.2|47|29.8|12.7|26.7|20.5|48.5|9.5|50.1|4.9|15.8|36|0.2|0
2026-05-06 09:35:07,30.9,96.3,25.58,56.94,71.99,12.64,1,24152,0.613,8666.4,5,99|101.9|113|112.2|112.1|112.8|113.1|113.4|112.7|110.5|92.3|97.2|98|90.8|97.3|102.5|99.4|97.7|96.7|95.8|52.8|0,45.4|25.2|54.8|45.4|45.4|43.9|48.5|39.2|36.1|43.9|42.3|29.8|48.5|20.5|37.6|15.8|56.3|12.7|51.7|23.6|1.8|0.2
2026-05-06 09:35:17,29.4,105.4,25.59,56.87,71.99,12.64,1,24152,0.613,8676.9,5,94.6|95|110.4|110.7|111|111.4|108.5|109.2|109.2|109.1|97.7|94.2|98.4|98|96.1|96.5|95.5|99.3|93.1|97.8|54.5|45.5,45.6|39.3|50.2|44|42.4|30|50.2|34.7|31.6|28.4|20.7|8.2|14.4|0|47.1|23.8|59.6|11.3|48.7|9.8|2|0.4
2026-05-06 09:35:28,28.3,102.6,25.67,56.84,71.99,12.64,1,24152,0.613,8687.2,5,98.6|100.3|111|112.2|112.5|112.3|111.1|113.4|113.1|113.4|89.9|82.7|92.6|78.9|96.8|101.6|98.4|101.8|97.7|98.4|53.9|50.3,62.7|31.7|47.2|37.9|50.3|50.3|56.5|41|30.1|22.3|20.8|8.4|14.6|8.4|48.7|23.9|51.9|20.8|56.5|16.1|0|0.6
2026-05-06 09:35:39,26.5,99.8,25.79,56.86,71.99,12.64,1,24152,0.613,8697.5,5,89|89.4|107.6|107.4|107.5|108|105.1|106.3|105.8|105.3|94.6|93.5|96.9|90.7|88.1|90.8|89.9|95.3|87.7|94|54.1|46.7,3.5|45.5|28.4|30|33.1|36.2|36.2|31.5|37.7|39.3|2|8.2|9.7|5.1|39.3|26.9|36.2|22.2|54.9|19.1|0.4|0.4
2026-05-06 09:35:50,28.5,95.3,25.86,56.84,71.99,12.64,1,24152,0.613,8707.8,5,80.1|82|101.1|101.6|101.2|101.5|100.4|102.6|102|101.4|99.8|98.1|98|98.6|82.4|85.5|83|83.9|83.6|82.6|47.8|42.2,4|39.6|19.5|25.7|38.1|31.9|38.1|36.5|44.3|39.6|0|39.6|45.8|5.5|41.2|8.6|28.8|5.5|50.4|8.6|0|0
2026-05-06 09:36:00,26.4,103.7,25.5,56.86,71.99,12.69,1,24152,0.649,8718.2,5,98.3|95.6|108.8|109.9|109.5|109.2|109.2|110.4|110|108.5|98.4|97.1|99.3|94.6|96.4|97.3|95.6|99.1|94.6|97.4|51.7|49.2,12.6|47|34.5|47|67.2|50.1|47|37.6|39.2|39.2|25.1|43.8|47|23.5|48.5|20.4|48.5|17.3|48.5|11.1|0.1|0
2026-05-06 09:36:11,34.4,95.6,25.55,56.86,71.99,12.69,1,24152,0.695,8728.6,5,90.9|94.7|107.9|107.5|107.1|106.1|104.8|105.6|106.2|105.2|91.7|94.2|96.5|85.5|91.5|99.4|89.9|97.8|90.3|95.3|53.2|70.5,41.3|7.3|32|38.2|49|58.3|45.9|36.6|33.5|36.6|25.8|11.9|19.6|18.1|52.1|2.6|44.4|18.1|59.8|10.4|1.1|1.1
2026-05-06 09:36:22,36.1,97.4,25.62,56.99,71.99,12.69,1,24152,0.695,8739.1,3,87.3|88.6|104.6|104.2|104|104|102|102.9|103.2|102.6|94.9|92.6|97.4|95|88.1|87.9|87.3|86.6|87.9|87.7|46.9|42.2,48.8|11.6|59.7|65.9|62.8|58.1|44.2|28.7|38|28.7|48.8|41.1|56.6|30.2|53.5|0.8|39.5|17.8|38|16.3|0|0
2026-05-06 09:36:32,32.3,101.6,25.38,56.84,71.99,12.69,1,24152,0.696,8749.4,3,90.2|94.7|107.4|107|108.8|108.3|106.8|107.9|107.7|108|95.3|93.5|98.2|99.3|91.6|93|91|97.4|90.1|99.8|59|0,67.7|10.7|35.3|35.3|47.6|46.1|47.6|39.9|29.1|39.9|26.1|7.6|24.5|3|55.3|0|47.6|21.4|56.9|18.4|1.4|0
2026-05-06 09:36:43,22.9,100,25.06,56.82,71.99,12.7,1,24152,0.697,8759.8,3,81.4|84.8|103.1|103|102.7|103|101.6|102|101.8|101.9|95.7|92.9|97|96.7|81.9|79.6|82|84.8|83.2|83.3|52.1|47.2,53.6|31.9|73.7|58.2|64.4|59.8|61.3|52|45.8|50.5|61.3|28.8|59.8|50.5|24.2|61.3|64.4|19.5|61.3|33.4|0|0
2026-05-06 09:36:54,32.9,95.2,25.05,56.82,71.99,12.7,1,24152,0.697,8770.3,3,86.5|91.4|103|104.4|103.2|104.5|104.6|104.3|104.7|104.2|92.5|94.9|95.1|96.3|91.4|87.7|87.2|90.7|85.2|89.4|50.8|53.6,37.7|15.9|37.7|45.5|45.5|34.6|48.6|45.5|39.2|37.7|59.5|28.3|37.7|53.3|5|50.1|57.9|6.5|51.7|17.4|0|1.9
2026-05-06 09:37:04,27.3,104.3,25.04,56.8,71.99,12.7,1,24152,0.696,8780.7,3,97.8|95.2|111|111.2|112.1|110.8|108.5|110.1|109.7|109.8|90.2|90.2|92|96.1|101.5|95|96|97.3|95.2|98.4|56|50.1,59.4|37.6|51.6|50|56.3|54.7|61|54.7|42.2|39.1|15.7|11|15.7|12.6|26.6|68.8|62.5|28.2|65.7|37.6|0|0.1
2026-05-06 09:37:15,34.5,105.8,24.97,56.79,71.99,12.7,1,24152,0.696,8791.1,3,96.5|102.3|112|111.8|113.4|112.7|108.1|108.4|109.7|110|89.4|87.4|95.2|88.7|98.5|103.5|94.7|103.7|96.9|95.9|51.6|48.8,40.8|15.9|44|48.6|50.2|44|47.1|34.6|28.4|37.7|20.6|14.4|31.5|12.8|54.9|8.2|36.2|6.6|61.1|6.6|1.9|0.4
2026-05-06 09:37:26,34.6,98.5,24.99,56.8,71.99,12.7,1,24152,0.696,8801.4,3,85.4|85.1|102.8|102.5|104.4|103.9|101.7|101.6|102.3|102.1|98|100.6|98.1|96.5|84.7|86.8|86.5|87.8|82.9|86.3|48|48,50.3|9.8|40.9|31.6|31.6|25.4|40.9|28.5|37.8|47.1|37.8|2.1|36.3|5.2|36.3|6.7|56.5|5.2|42.5|0.5|0.5|0.5
2026-05-06 09:37:36,28,102.8,24.87,56.77,71.99,12.7,1,24152,0.695,8811.9,3,93.8|100|108.2|108.7|110.4|109|108.2|108.7|109.5|109.3|95.1|90.4|97|88|94.5|98.6|92.1|98.2|93.4|97.7|53.5|55.5,44.1|17.7|39.5|44.1|42.6|27|45.7|37.9|37.9|33.3|17.7|16.2|14.6|11.5|42.6|16.2|37.9|25.5|45.7|2.2|0.7|0.7
2026-05-06 09:37:47,35.4,96.4,24.96,56.79,71.99,12.7,1,24152,0.695,8822.2,3,82.2|80.9|98.8|98.7|98.6|99.2|100.2|101.5|101|102.2|96|96.2|95.9|94.6|80.6|81.4|79.9|80.1|78.6|80.4|45.7|45.8,59.5|8.2|44|40.9|42.4|48.7|31.5|42.4|40.9|44|26.9|58|56.4|30|42.4|19.1|11.3|47.1|45.5|17.5|0.4|0.4
2026-05-06 09:37:58,28.1,92.8,24.96,56.8,71.99,12.7,1,24152,0.694,8832.6,3,83.2|80.3|101|101.2|101.8|101|98.2|99.4|100.8|101|93.9|92.6|94.5|94.6|82.5|84|86.6|81.9|82.1|83.7|53.7|0,43|6|41.4|29.1|46|36.8|24.5|43|38.3|46|18.3|50.7|53.7|21.4|47.6|12.1|15.2|38.3|43|6|1.3|1.3
2026-05-06 09:38:09,27.8,98.2,24.89,56.8,71.99,12.7,1,24152,0.694,8842.9,3,83.2|85|102.9|103.4|103.1|103.6|96.4|97.9|98.7|98|98.4|94.4|98.8|96.2|81.9|78.3|81.4|81.7|79.4|80.1|48.7|51.8,36.1|3.3|53.2|50.1|59.5|40.8|37.6|22|26.7|33|61|17.4|78.2|8|39.2|4.9|40.8|8|42.3|1.8|0.2|0.2
2026-05-06 09:38:19,29.6,91.9,25.03,56.94,71.99,12.7,1,24152,0.694,8853.4,3,82|83.8|97.5|98.5|98.1|98.1|98.5|99.4|98.9|98.7|93.7|92.7|92.9|91|80.8|83|81.8|80.1|82.2|82|42.9|43,55.2|36.7|66|56.8|56.8|64.5|73.8|64.5|59.9|56.8|55.2|67.6|75.3|46|59.9|32.1|61.4|44.4|58.3|41.4|0|2.8
2026-05-06 09:38:30,30.1,100.7,24.99,56.83,71.99,12.7,1,24152,0.693,8863.9,3,90.6|87.9|105.7|104.1|104.5|105.3|102.5|103.9|103.9|102.7|94.5|93.8|95.4|94.5|89.9|90.6|88.6|90.9|89.7|89.3|58.6|50.4,37.8|8.2|47.1|36.2|50.2|50.2|31.6|20.7|33.1|34.7|47.1|12.9|50.2|12.9|58|6.7|45.6|8.2|47.1|6.7|2|2
2026-05-06 09:38:41,28,93.2,25.09,56.86,71.99,12.7,1,24152,0.693,8874.3,3,80.7|79.5|104.2|102.8|104.7|103.7|97.9|99|98.5|98.6|99.9|96.4|98.4|100|78.9|79|78|80.4|80.4|80.2|60.7|78.5,38.5|12.3|49.2|55.4|46.1|43.1|36.9|23.1|18.5|36.9|56.9|23.1|20|52.3|40|0|44.6|0|9.2|32.3|0|1.5
2026-05-06 09:38:52,36.9,101.4,25.13,56.83,71.99,12.7,1,24152,0.693,8884.7,3,93.2|99.5|108.1|107.6|109.5|108.7|107.8|106.2|109.2|107.5|98|92.2|98.6|97.2|91.9|103.2|90.3|101.3|99.6|91.1|50.8|62.7,49.2|12.3|35.4|49.2|43.1|40|43.1|26.1|26.1|46.1|32.3|9.2|12.3|29.2|44.6|9.2|46.1|9.2|12.3|36.9|0|0
2026-05-06 09:39:02,39.6,91.5,25.21,56.82,71.99,12.7,1,24152,0.693,8895.1,3,79.3|80.9|97.9|97.5|98.2|98.6|97.4|97|98.2|97.3|92.6|92|92.3|93.8|79.2|82.4|77.6|83|78.6|80.4|44.1|44.1,46.2|4.6|49.2|55.4|44.6|44.6|52.3|33.9|32.3|30.8|41.6|32.3|32.3|58.5|43.1|0|41.6|0|9.3|36.9|0|0
2026-05-06 09:39:13,30.3,101.4,25.23,56.82,71.99,12.7,1,24152,0.693,8905.6,3,98.1|98.3|110.9|108.8|111.6|112.1|109.3|108|110.5|110.9|89|85.6|95.2|92.3|94.9|101.2|94.8|97|97.2|97.9|58.8|49.2,49.3|24.7|46.2|55.4|50.8|46.2|47.7|32.4|41.6|32.4|27.8|7.8|26.2|13.9|50.8|6.2|49.3|6.2|55.4|4.7|0.1|1.6
2026-05-06 09:39:24,47.2,95.9,25.22,56.81,71.99,12.7,1,24152,0.692,8916.1,3,82.5|80.6|103.5|103.2|102.4|102.8|100.3|98.3|100.3|100.1|95.8|97.4|98.3|96.3|82.4|82.1|79.9|82.2|81|82.9|44.4|44.4,33.9|17|38.5|38.5|30.8|35.4|44.7|37|32.4|26.2|18.5|13.9|23.1|10.8|44.7|23.1|43.1|17|50.8|6.2|0.1|0.1
2026-05-06 09:39:34,31.9,95.6,25.2,56.86,71.99,12.7,1,24152,0.691,8926.5,3,97.2|102.2|111.5|109.3|111.6|112.3|111.1|111.1|111.3|111.9|84.2|74.5|92.7|89.7|98|99.8|97|98.3|97.4|98.4|51.5|44.6,46.1|24.6|43.1|38.5|43.1|40|38.5|38.5|36.9|35.4|24.6|6.1|27.7|4.6|55.4|15.4|52.3|6.1|55.4|3.1|1.5|0
2026-05-06 09:39:45,33.8,95.7,25.43,56.85,71.99,12.7,1,24152,0.691,8937.1,3,83.1|81.8|102.3|102.3|102.8|102.9|100.5|100.4|100.2|99.7|93.4|96.1|97.4|96.7|81|83|80|83.8|82.9|84.9|47.6|49,0|43.8|40.6|43.8|64.1|31.3|40.6|34.4|20.3|35.9|23.4|64.1|64.1|18.8|31.3|14.1|31.3|1.6|40.6|4.7|0|0
2026-05-06 09:39:56,39,93.2,25.76,57.25,71.99,12.7,1,24152,0.691,8947.6,3,84.3|82.5|100.7|100.6|100.8|101|100.9|101.1|101|101.1|94.5|94.9|96.6|96.7|80.8|83.2|80.7|85.5|82.5|85.7|49.3|50.2,10.6|55.3|29.1|44.5|59.9|46.1|61.5|41.4|56.8|39.9|24.5|39.9|46.1|29.1|38.3|22.9|61.5|15.2|56.8|15.2|1.4|0
2026-05-06 09:40:07,34.2,90.9,25.83,57.3,71.99,12.7,1,24152,0.69,8958,3,78.3|83.8|97.8|100.4|100|99.5|98.4|100.2|99.9|98.3|92.6|99|97.9|97.9|83.7|80.7|84.1|82.1|84.6|83|45.9|43.4,32.3|26.1|49.2|52.3|58.4|49.2|38.4|44.6|36.9|41.5|30.7|53.8|61.5|26.1|52.3|16.9|46.1|23|58.4|13.8|0|0
2026-05-06 09:40:17,29.2,95.7,25.79,57.28,71.99,12.7,1,24152,0.69,8968.4,3,87.7|93.7|101.4|100.7|101.7|100.5|101.3|102.2|100|101.3|93.5|90.4|96.2|93.5|85.5|99.6|86.5|89.2|86.9|92.1|51.5|44.4,47.1|9.7|20.6|22.2|42.4|34.6|29.9|34.6|33|25.3|19|9.7|20.6|5|59.5|1.9|50.2|11.3|42.4|11.3|0.4|0.4
2026-05-06 09:40:28,38.4,97.1,25.79,57.17,71.99,12.7,1,24152,0.69,8978.9,3,92|90.7|105.6|106.8|105.8|107|105.6|105.3|105.4|106.3|97|95.5|97.3|94.8|94.7|95.5|91.5|94.5|92.2|92.9|46.5|44.6,55.4|18.5|46.2|43.1|35.4|40|41.5|36.9|29.2|36.9|9.2|13.8|15.4|10.8|52.3|16.9|46.2|29.2|52.3|24.6|3.1|0
2026-05-06 09:40:39,32.1,102.7,25.81,57.17,71.99,12.7,1,24152,0.691,8989.2,5,99.2|98.9|108.4|109.3|109.1|107.9|109.6|110.1|108.5|110.8|94.9|92.9|97.5|94.9|95.7|95.9|97|96.5|95.4|96.5|54.8|0,50.1|4.9|43.9|29.9|31.4|45.4|39.2|34.5|36.1|31.4|28.3|1.8|12.7|28.3|4.9|62.6|56.4|0.2|36.1|9.6|0.2|1.8
2026-05-06 09:40:49,31.6,104.8,25.88,57.18,71.99,12.7,1,24152,0.691,8999.6,5,97.5|101.3|109.2|109.6|108.3|108.8|110.1|110.4|110.3|110.4|93.7|83.1|92|98.7|98.4|95.8|95.8|101.2|95.7|100.4|50.8|44.4,48.6|26.8|37.7|43.9|51.7|51.7|43.9|39.2|48.6|56.4|31.5|8.1|25.2|25.2|19|59.5|59.5|20.5|73.5|26.8|0.3|0.3
2026-05-06 09:41:00,42.8,91.5,25.54,57.23,71.99,12.7,1,24152,0.518,9009.8,5,83.8|82|98.3|99.7|98.7|99.3|98.3|97.1|97.3|98.2|97.5|93.1|95.7|96.2|80.6|81.3|82.1|79.8|81.8|81.8|49.2|46.7,49.2|9.2|29.2|32.3|35.4|41.5|46.2|35.4|33.9|33.9|38.5|10.8|23.1|33.9|15.4|61.5|64.6|7.7|67.7|13.9|0|0
2026-05-06 09:41:11,38.7,101.3,25.34,57.17,71.99,12.7,1,24152,0.518,9020.2,5,95.6|97.2|111.6|109.9|109.3|111|109.1|106.2|106.5|107.7|87.8|92.1|94|94.6|95|98.2|96.1|97.9|97.1|101.1|52.4|56,35.4|20|40|44.6|21.5|26.2|36.9|38.5|38.5|30.8|21.5|3.1|20|1.5|53.9|18.5|60|4.6|63.1|6.2|1.5|0
2026-05-06 09:41:22,28.7,92.6,25.24,57.14,71.99,12.7,1,24152,0.489,9030.7,5,86.9|86.5|100.4|100.4|100.8|99.7|101.8|100.4|100|99.4|96.1|94.5|96.8|95.9|84.8|86.2|84.9|88.1|85.3|88.8|52.9|0,50.1|12.7|45.4|39.2|29.8|33|31.4|37.6|29.8|29.8|43.9|11.1|47|14.3|53.2|14.3|50.1|4.9|62.6|0.2|0|1.8
2026-05-06 09:41:32,27.1,101.6,25.13,57.02,71.99,12.7,1,24152,0.489,9041.1,5,98.5|102.8|110|108.6|110.2|108|111|111.1|110.8|111.5|86.9|89.1|91.2|90.1|97.2|101.3|98.6|102.6|99|100.4|55.1|49.6,48.8|16.2|33.3|30.2|39.5|28.6|50.4|37.9|30.2|25.5|20.9|17.8|27.1|14.7|44.1|20.9|56.6|6.9|67.4|3.8|0.7|0.7
2026-05-06 09:41:43,35.7,98,25.14,57.01,71.99,12.7,1,24152,0.489,9051.5,5,84|91.5|102.8|101.9|101.8|102|101.7|100.2|99.7|101.1|93.4|94.1|95.5|93|84.9|89|87|83.2|85|89.2|50.1|50.1,42.6|0|37.9|51.9|28.6|41|23.9|30.2|13.1|28.6|22.4|47.2|58.1|22.4|67.4|2.2|2.2|42.6|50.3|0|0|0
2026-05-06 09:41:54,35.4,94.2,25.1,57,71.99,12.67,1,24152,0.49,9061.9,3,89.6|94.2|103.9|104.3|104.6|105.2|103.4|102.5|103.2|102.4|92|93.5|95.2|93.5|87.4|94.9|92.8|88.8|88.3|96.4|55.3|63,62.7|8.2|42.4|45.5|37.8|45.5|39.3|42.4|51.8|30|20.6|64.2|53.3|26.9|48.7|19.1|22.2|54.9|56.4|11.3|0.4|2
2026-05-06 09:42:04,41.6,94.1,25.05,57,71.99,12.67,1,24152,0.49,9072.3,3,87.5|89.6|102.8|103.8|103.2|104|103.1|100.7|101.2|101.4|95.8|97.2|96.1|93.2|87.6|89.7|91.5|85.2|88.9|92.1|50.4|52.8,57.9|9.5|37.6|45.4|50.1|46.9|36|50.1|34.5|43.8|23.5|56.3|59.4|25.1|59.4|23.5|11|61|68.8|4.8|0.1|0.1
2026-05-06 09:42:15,34.4,106,25.01,57.01,71.99,12.67,1,24152,0.49,9082.7,3,98.1|97.7|110.4|109.4|109.4|110.4|109.5|107.7|110.9|109.6|93|93.1|92.2|89.2|97.1|96.5|96.4|94.6|97.7|101.5|52.6|44.9,54.8|3.5|34.6|39.3|34.6|36.2|39.3|22.1|40.8|29.9|23.7|6.6|26.8|1.9|64.2|3.5|51.7|14.4|61.1|12.8|0|0.3
2026-05-06 09:42:26,34.7,102.2,24.94,57.01,71.99,12.67,1,24152,0.49,9093.1,3,99.4|95.2|109.3|109.7|110.4|110.3|108.9|110.2|107.5|105.6|91.7|94.6|96.3|99.6|94.9|96.8|96.3|97.4|96.4|98.1|52.2|69.8,69|13.3|42.7|44.2|36.5|44.2|36.5|31.9|33.4|38.1|22.6|11.7|25.7|0.9|61.3|10.2|47.3|21|55.1|11.7|0|0
2026-05-06 09:42:37,28.3,101.7,24.9,57.02,71.99,12.67,1,24152,0.49,9103.6,3,98.9|105.1|112.2|111.9|112.6|111.6|110.7|108.3|109.2|110.6|95.5|82.5|98.2|91.9|100.5|104.7|100.1|102.5|101.2|106.3|55.5|89.5,58|19.1|33.1|47.1|45.6|40.9|36.2|20.7|33.1|31.6|31.6|6.7|3.6|6.7|64.2|11.3|53.3|19.1|59.6|28.4|0|0
2026-05-06 09:42:47,25,104.2,24.85,57,71.99,12.67,1,24152,0.489,9113.8,3,95.6|98.3|109.5|110|109.8|110|107|105.9|107.5|107.9|90|89.7|96.2|94.6|96.8|96.5|92.8|91.7|97.6|95.4|57.7|54.1,55.3|12.2|27.6|29.2|41.5|43|30.7|23|35.3|33.8|18.4|9.1|9.1|10.7|64.6|4.5|52.3|1.4|24.5|47.6|0|0
2026-05-06 09:42:58,26.3,103.5,24.97,57.05,71.99,12.67,1,24152,0.489,9124.3,3,96.7|100.5|110|110.5|111.5|111.5|108.8|108.5|105.1|108.3|92.1|91.5|95.6|90.5|97.4|99.5|98.5|99|96.2|100|58.2|70.7,45.6|19.1|31.6|40.9|40.9|34.7|22.2|25.3|33.1|34.7|0|0|2|8.2|48.7|11.3|51.8|11.3|25.3|54.9|2|0
2026-05-06 09:43:09,24,100.3,25.1,57.02,71.99,12.67,1,24152,0.489,9134.8,3,97.9|100.5|110.4|110.9|111.4|111.7|108|109.5|107.9|110.2|87.5|95.2|93.8|83.5|96.5|100|98|98|95.6|98|54.5|54.4,47|22|37.6|33|39.2|48.5|50.1|36.1|33|23.6|15.8|12.7|17.4|14.2|61|26.7|68.8|15.8|64.1|11.1|0|1.8
2026-05-06 09:43:19,26.5,97.1,24.91,57.03,71.99,12.67,1,24152,0.489,9145.2,3,92.1|95.9|107.6|106.8|106.6|107.6|104.9|107.6|105.6|104|97.3|94.1|100.1|91.6|92.6|96|92.5|96.7|93|98.2|48.5|43.4,30|34.7|33.1|40.9|42.4|33.1|33.1|28.4|28.4|36.2|23.8|19.1|33.1|12.9|37.8|25.3|40.9|19.1|51.8|9.8|0.5|0
2026-05-06 09:43:30,27.7,103.4,24.92,57.02,71.99,12.67,1,24152,0.488,9155.6,3,96.8|96|108.2|108|106.7|108.7|110.7|110.3|110.1|110.9|89.8|91.2|93|87.7|98.1|95.5|96.9|96.9|95.8|97.4|51.3|48.3,42.5|8.3|19.2|27|47.2|40.9|31.6|28.5|27|23.9|20.7|2.1|19.2|5.2|56.5|6.8|50.3|6.8|50.3|5.2|0.5|0.5
2026-05-06 09:43:41,27.6,99.9,24.89,57.02,71.99,12.67,1,24152,0.488,9166,3,91.1|90|104.9|105|103.2|105.2|103.2|103.2|104.5|103|86.6|97.1|99.6|94.6|89.5|93.2|90.4|94.5|88.6|91.6|52.6|62.3,12.3|61.5|26.1|32.3|35.4|44.6|49.2|27.7|27.7|21.5|18.4|23.1|29.2|6.1|41.5|26.1|47.7|10.7|49.2|12.3|3|0
2026-05-06 09:43:52,37.7,100.9,24.91,57.03,71.99,12.67,1,24152,0.489,9176.2,3,98.5|99|111.7|111.2|111.3|111|112.3|111.8|112.2|110.2|75|93.6|92.3|89.3|100.2|103|101.8|104.2|101.4|103.9|52.1|73.3,14.5|72|42.5|53.4|50.2|61.1|51.8|39.4|45.6|44|2.1|8.3|9.8|5.2|50.2|50.2|58|36.3|59.6|28.5|0.5|0
2026-05-06 09:44:02,30.1,93.4,24.88,57.07,71.99,12.67,1,24152,0.489,9186.6,3,96.8|91.3|105.8|106.9|107.6|107.4|105.4|105.8|106.9|104.7|97.2|95.3|96.8|97.8|91.2|96|92|100.5|93.3|101.3|53.7|52.2,7.6|55.3|21.5|27.6|38.4|33.8|32.2|27.6|32.2|32.2|12.2|13.8|26.1|15.3|36.9|23|35.3|18.4|52.3|21.5|1.4|0
2026-05-06 09:44:13,36,93.3,25.05,57.09,71.99,12.67,1,24152,0.489,9197.2,3,84.7|86.2|100.6|100.7|100.8|100.9|100.7|100|101|100.4|96.1|95.8|96|96.9|83.6|85.7|84.9|86.2|84.2|83.4|53.6|54.9,59.9|21.4|41.5|36.8|55.3|44.5|41.5|53.8|33.8|41.5|46.1|64.6|56.9|52.2|64.6|18.3|50.7|26.1|46.1|27.6|0|0
2026-05-06 09:44:24,36.6,94.5,25.15,57.11,71.99,12.66,1,24152,0.489,9207.6,3,85.9|83.9|99.9|99.6|100.9|101.5|100.3|99.7|100.2|100.3|97.7|94|96.9|96.4|83.6|85.4|84|83.3|82.4|81.7|47.8|44.1,54.8|8.1|42.4|28.4|43.9|54.8|37.7|19|36.2|22.1|67.3|23.7|75.1|15.9|72|1.9|62.6|14.4|64.2|8.1|0.3|0.3
2026-05-06 09:44:34,40.3,97.7,25.15,57.06,71.99,12.66,1,24152,0.489,9217.9,3,95.4|100.1|109.7|110.1|107.6|109.1|108.4|107.6|108|109.1|99.4|89.2|96.8|88.9|93.9|100.8|94.7|100.4|95.1|101.3|51.8|45.8,68.9|27|61.2|47.2|64.3|55|61.2|53.4|53.4|47.2|58.1|42.6|64.3|25.5|72.1|22.4|78.3|30.1|76.7|25.5|0.6|0.6
2026-05-06 09:44:45,31.1,99,25.14,57.05,71.99,12.66,1,24152,0.489,9228.2,3,90.1|93.8|105.6|107|107.1|107|105.7|104.9|104|105.3|96|89.1|94.4|94.9|94.8|92.1|92|92.2|90.9|94.3|49.7|44.9,47.4|14.9|36.5|27.3|14.9|36.5|45.8|27.3|31.9|28.8|14.9|0.9|0.9|13.3|10.2|50.5|56.7|13.3|52|13.3|0|0
2026-05-06 09:44:56,27.2,95.6,25.31,57.28,71.99,12.66,1,24152,0.489,9238.7,3,90.5|96.9|104.1|104.8|103.7|105.8|102.8|104|103.5|105.6|97.5|91.9|96.1|98.7|92.1|90.7|89|96.9|88.3|92.4|50.3|51.2,55.3|15.3|50.7|49.2|50.7|47.6|52.2|44.5|39.9|47.6|46.1|4.5|23|27.6|21.4|53.8|59.9|15.3|52.2|27.6|0|0
2026-05-06 09:45:07,23.7,102.5,25.41,57.17,71.99,12.66,1,24152,0.489,9249.1,3,90.4|96.1|104|106.2|106.7|104.7|103.1|101.7|101.9|103.2|90.4|87.8|94.2|92.8|92.6|90.1|89.9|91.6|91.9|90.9|52.2|43.4,42.9|19.8|38.3|27.5|38.3|27.5|32.1|33.7|29|36.7|36.7|16.7|38.3|21.3|42.9|39.8|52.2|10.5|50.6|10.5|1.2|0
2026-05-06 09:45:17,32.3,102.7,25.22,57.19,71.99,12.65,1,24152,0.489,9259.3,3,88.9|96.5|104.5|107|105.8|108|105.8|106|103.7|106.1|101.5|96.8|102.9|94.9|88|95.2|89.8|94.7|89.3|99.1|52.5|52.4,41|16.1|44.1|36.3|25.4|25.4|51.8|33.2|42.5|39.4|30.1|14.5|41|5.2|53.4|11.4|58|14.5|65.8|14.5|0.6|0
2026-05-06 09:45:28,25.5,97.4,24.99,57.16,71.99,12.65,1,24152,0.489,9269.6,3,93|95.1|108.2|107.3|106.5|107.6|104.6|105.1|103.8|104.5|96.1|92.8|94.2|98.2|92.7|98.3|93.6|99.7|94.6|98.2|54.3|49.1,39.7|8.7|39.7|31.9|42.7|31.9|24.2|38.1|33.5|31.9|39.7|14.9|41.2|13.4|52|7.2|42.7|13.4|44.3|8.7|0|0
2026-05-06 09:45:39,28.6,96.1,25,56.95,71.99,12.64,1,24152,0.489,9279.9,3,84.4|88.4|98.9|100.7|100.7|101.2|99.6|98.8|100.5|100.5|92.4|91.9|94.5|91.2|82.6|86.1|85.3|83.1|82.4|89.2|54.5|46.1,36.2|0.4|37.7|51.7|45.5|48.6|29.9|37.7|29.9|34.6|6.6|58|62.6|17.5|40.8|11.3|6.6|56.4|48.6|3.5|0.4|0.4
2026-05-06 09:45:50,35.5,95,24.03,55.8,71.99,12.64,1,24152,0.489,9290.2,3,84.8|83.4|101.3|101.4|100.8|101|100.6|100.7|100.6|100.7|93.9|93.4|94.1|92.8|85.3|83.4|83.9|83|84.1|84.6|49.3|54.9,62.9|24.2|42.8|58.2|61.3|61.3|53.6|45.9|45.9|42.8|73.7|42.8|76.8|41.2|53.6|32|33.5|50.5|61.3|30.4|1|1
2026-05-06 09:46:00,30.5,96.9,23.97,55.86,71.99,12.61,1,24152,0.448,9300.6,4,83.4|82.9|100.6|100.3|100|100.4|100.2|100|100.4|101|95|95.2|97.5|94|83.5|84.6|82.9|83.2|82.9|85.7|50.1|51.9,79.8|14.6|51.9|48.8|50.3|53.4|47.2|28.6|47.2|41|20.8|41|42.5|9.9|55|28.6|27|65.8|65.8|23.9|0.6|0
2026-05-06 09:46:11,25.1,98.1,23.98,55.78,71.99,12.61,1,24152,0.449,9311.1,4,84.9|85.5|101.6|100.8|100.8|101.4|100.4|99.6|99.4|100.1|95.4|97.1|97.6|95|83.3|85.2|84.4|84.8|82|84.1|45.2|44.9,58.2|27.3|64.4|73.7|64.4|70.6|55.1|53.6|50.5|56.7|70.6|38.1|67.5|42.8|53.6|28.9|53.6|27.3|52.1|31.9|0|0
2026-05-06 09:46:22,43.3,94.9,24.02,55.85,71.99,12.61,1,24152,0.451,9321.4,4,85.9|85.6|101.9|101.8|102|101.2|100.6|100.1|100.1|99.9|94.8|91.4|94|92.6|87.1|83.3|85.4|85|85.2|84.9|49|44.5,63.1|10.8|38.5|46.2|43.1|55.4|44.6|41.5|49.2|47.7|61.5|43.1|66.2|29.2|53.9|10.8|43.1|21.6|61.5|18.5|0|0
2026-05-06 09:46:33,29.1,92.7,24.14,55.74,71.99,12.61,1,24152,0.453,9331.8,4,86.5|86.5|101.9|101.1|101.9|102.4|99|98.9|101|99.8|95.2|90.2|93.8|94.6|84.7|89.2|85.6|86.4|83.3|85.9|49.8|44.1,47.2|3.8|37.9|33.3|37.9|47.2|41|30.2|28.6|28.6|34.8|19.3|44.1|17.8|50.4|0|42.6|13.1|51.9|13.1|0|0
2026-05-06 09:46:43,34.1,91.7,24.15,55.77,71.99,12.61,1,24152,0.455,9342.1,5,82.9|84.4|99.6|98.3|98.8|99.5|98.2|96.6|98|98.6|93.3|93.2|94.4|94.7|82.7|83.5|81.2|85.9|82.4|82.1|47.4|47.4,55.4|21.6|50.8|53.9|60|53.9|61.6|41.6|33.9|46.2|52.4|33.9|32.4|55.4|50.8|17|55.4|17|29.3|50.8|0.1|0.1
2026-05-06 09:46:54,32.4,95.8,24.12,55.75,71.99,12.61,1,24152,0.457,9352.6,5,86.9|87|101.9|102.1|101.6|101.5|99.6|100.4|99|99.9|94|94.9|95.1|97.6|84.4|83.3|84.5|88.1|85.1|85.8|49.4|46.3,47.4|13.4|36.6|44.3|35|39.7|47.4|35|22.6|39.7|38.1|18|25.7|39.7|55.1|7.2|52|2.5|19.6|53.6|0|1
2026-05-06 09:47:05,29.1,96.9,24.05,55.73,71.99,12.61,1,24152,0.458,9362.9,5,99.1|102.2|110.6|110.6|111.3|108.8|109.5|111.6|109.4|108.6|93.5|98.5|95.5|99.8|98.5|104.2|97.1|98.7|98.3|92.7|51.9|44.3,48.6|19|42.4|53.3|29.9|34.6|39.3|33.1|29.9|37.7|31.5|15.9|14.4|33.1|48.6|17.5|56.4|8.1|15.9|61.1|0.4|0.4
2026-05-06 09:47:15,31.7,95.2,24.39,55.77,71.99,12.61,1,24152,0.46,9373.4,5,84.1|85.4|100.7|100.9|101.6|100.8|98.1|98.6|98.6|97.5|96.8|97.1|95|101.1|82.7|85.5|85.1|86|83.9|84.7|51.8|49.5,46.2|26.2|47.7|40|53.9|55.4|55.4|30.8|41.6|41.6|38.5|21.6|49.2|9.3|61.6|20|66.2|15.4|60|15.4|0|0
2026-05-06 09:47:26,33.2,96.4,24.48,55.74,71.99,12.61,1,24152,0.462,9383.6,5,85|83.3|99.4|100.9|99.8|98.8|99.1|98.5|98.9|99.5|94|94.6|96.4|93.8|81.2|83.2|81.6|85.5|80.4|82.9|45.5|62.9,58|12.9|34.7|36.2|33.1|36.2|48.7|16|28.4|22.2|44|17.5|42.4|17.5|51.8|5.1|47.1|8.2|50.2|8.2|3.5|3.5
2026-05-06 09:47:37,30.6,95.3,24.61,55.71,71.99,12.61,1,24152,0.464,9393.9,5,90.8|90.9|104|104.6|104.7|104.3|103.6|103.4|103.3|104.1|96.9|96.1|99.5|99.1|90.8|91.4|88.8|90.3|88.3|91|53.3|49.5,1.8|39.2|29.9|34.6|51.7|42.3|22.1|23.6|22.1|25.2|12.7|48.6|33|29.9|42.3|9.6|40.8|11.2|50.1|4.9|0|0.3
2026-05-06 09:47:47,33.3,100,24.69,55.76,71.99,12.61,1,24152,0.465,9404.2,5,84.7|83.9|101.1|101.9|100.9|101.4|100.1|99.6|100|100.5|95.5|94.2|95|94.8|83.2|84.2|85.4|85.7|84.1|85|57.5|59.7,16.7|56.8|47.5|47.5|46|59.9|53.7|42.9|44.4|38.3|22.8|42.9|59.9|12|50.6|24.4|52.2|16.7|59.9|35.2|1.2|0
2026-05-06 09:47:58,35.6,98.6,24.61,55.74,71.99,12.61,1,24152,0.467,9414.7,5,83.5|85.2|99.4|101|100.7|100.4|99.2|100.3|99.5|100.4|93.3|94|94.4|95.3|85.2|84|85.8|86.5|83.3|85.6|58.1|52.6,3.4|53.2|25.2|25.2|34.5|45.5|47|33|33|33|11.2|19|29.9|9.6|45.5|22.1|51.7|19|54.8|12.7|0.3|0.3
2026-05-06 09:48:09,34,97.8,24.53,55.73,71.99,12.6,1,24152,0.469,9425.2,5,92.5|100.3|105.6|106.5|106.7|106.2|105.1|105.7|104.4|104.9|97.6|91|96.8|97.7|92.5|94|91|98.4|91|97.5|53.7|54.8,50.3|2.2|37.9|22.4|42.5|47.2|53.4|33.2|31.7|44.1|27|5.3|20.8|6.8|56.5|3.7|50.3|17.7|64.3|13|0.6|0.6
2026-05-06 09:48:20,38.9,92.3,24.35,55.75,71.99,12.6,1,24152,0.471,9435.5,5,89.2|97.7|102.6|103.9|105.1|103.3|102.9|103.9|102.2|103|93.9|94|94.6|91.9|89.6|96.4|87.6|92.3|86.8|95.9|55|46.6,59.4|15.8|40.7|29.8|45.4|50.1|50.1|32.9|26.7|36|34.5|31.4|61|14.2|61|6.4|40.7|36|61|22|1.7|1.7
2026-05-06 09:48:30,28.1,98.8,24.33,55.73,71.99,12.6,1,24152,0.473,9446,5,95.4|97.9|106.8|110.2|107.7|108.7|106.1|109.4|108.3|108.5|88.8|94.5|94.9|98.6|94.9|99|95.5|96.7|95.9|96|50.6|49.4,41.5|6.1|33.8|44.6|38.4|35.4|38.4|24.6|29.2|29.2|58.4|18.4|64.6|16.9|52.3|6.1|43.1|15.4|52.3|9.2|0|0
2026-05-06 09:48:41,23.6,104.4,24.29,55.7,71.99,12.6,1,24152,0.475,9456.4,3,99.1|100.2|112.7|111.9|112.3|111.8|110.4|110.4|109.1|109.9|91.4|88.4|91.6|89.9|97.3|97.9|98.9|101.2|99|101.8|56.2|75.2,47|11.1|28.3|34.5|34.5|34.5|42.3|32.9|45.4|32.9|15.8|6.4|3.3|23.6|12.7|39.2|56.3|4.9|53.2|20.5|0.2|0
2026-05-06 09:48:52,22.9,100.6,24.25,55.68,71.99,12.6,1,24152,0.477,9466.8,3,92.4|99.9|106|107.5|109.1|106.5|106.7|107|106.2|106.5|93.7|89.8|94.5|94|101.6|92.9|92.4|94.2|93.2|98.2|54.8|47.1,50.1|14.3|36.1|40.8|26.7|33|36.1|34.5|34.5|31.4|20.5|6.5|12.7|15.8|12.7|62.6|67.3|6.5|59.5|26.7|0.2|0
2026-05-06 09:49:02,25.2,93.6,24.24,55.77,71.99,12.6,1,24152,0.479,9477.2,3,83.8|85.3|96.5|96.9|96.3|97.8|100.2|97.9|98.6|98.9|94.8|94.9|92.5|96.6|84|85|85.4|98.4|83.1|83.2|51.9|54.9,52|14.8|44.2|34.9|33.4|62.8|44.2|25.7|30.3|42.7|59.7|33.4|33.4|70.6|10.2|50.4|64.4|5.5|50.4|24.1|4|4
2026-05-06 09:49:13,28.4,101,24.2,55.73,71.99,12.6,1,24152,0.481,9487.6,3,98.3|97.8|109.1|110.2|110|108.8|108.8|109.7|109.3|109.4|97.6|89|98.4|94.5|96|95.1|92.4|98.9|94.9|99|50.6|47.9,39.9|24.5|35.3|26|30.6|30.6|44.5|35.3|38.3|24.5|35.3|10.6|33.7|6|53.8|10.6|56.8|6|52.2|9.1|0|0
2026-05-06 09:49:24,26.8,96.5,24.3,55.73,71.99,12.6,1,24152,0.483,9498.1,3,95|97.2|107.6|109|109.3|108.5|107.9|107.9|107.9|108.8|95.1|93.9|96.4|89.6|92.8|99.1|96.5|95.4|95.9|94.1|51.6|47.5,39.5|22.4|27|39.5|30.2|19.3|37.9|34.8|25.5|19.3|16.2|10|22.4|11.5|31.7|14.6|45.7|5.3|55|2.2|0|0.7
2026-05-06 09:49:34,36.1,96.2,24.23,55.75,71.99,12.6,1,24152,0.485,9508.4,3,93.2|96.2|106.4|107.7|107.3|108.6|104.8|104.6|103.9|107|92.5|82.1|95.7|95.4|91.5|95.4|91.5|98.7|91.1|97.3|54.6|51.4,59.4|11.1|34.5|34.5|37.6|40.7|40.7|32.9|32.9|36|62.6|23.6|61|18.9|64.1|11.1|57.9|11.1|67.2|8|1.7|1.7
2026-05-06 09:49:45,24.9,98.5,24.16,55.75,71.99,12.6,1,24152,0.487,9518.7,3,90.1|91.8|105.2|104.3|104.5|106|103.1|102.5|104|104.1|92|96|97.1|95|91.6|92|91|90.1|86.6|90.8|50.1|45.4,47.7|7.8|29.3|26.2|32.4|32.4|41.6|30.8|38.5|33.9|6.2|35.4|24.7|15.4|44.7|13.9|15.4|41.6|47.7|6.2|0.1|1.6
2026-05-06 09:49:56,26.9,94.2,24.25,55.9,71.99,12.57,1,24152,0.479,9529,3,83.7|80.8|97.9|98.1|97.2|97|97.6|97.4|97.4|98.2|91.7|91.2|94.4|94.6|81.7|81.6|82.5|82.1|81.5|79.8|49.3|52.4,56.5|5.2|36.3|42.5|45.6|37.9|23.9|34.8|33.2|33.2|17.7|50.3|42.5|23.9|54.9|11.4|8.3|53.4|48.7|0.6|0|0
2026-05-06 09:50:06,37.7,97.3,24.26,55.8,71.99,12.57,1,24152,0.479,9539.2,3,92.3|93.4|105.6|105|106.3|107.2|102.8|105|104.3|104.3|89.2|96.2|97.9|92|91.1|91.9|92|91.5|91.1|91|51.7|49.4,59.5|6.5|36.1|40.8|40.8|26.8|28.4|37.7|39.3|33|17.4|25.2|26.8|11.2|64.2|8.1|29.9|45.5|50.2|15.9|0|0
2026-05-06 09:50:17,26.2,95.1,24.4,55.81,71.99,12.57,1,24152,0.479,9549.5,3,91.6|91.9|105.7|106.6|105.8|105.5|104.5|104.7|103.6|104.6|97.5|91.9|96.6|95.6|90.2|91|90.7|92.8|89.5|92.3|52|47.2,50.2|16|48.7|44|53.4|44|40.9|36.3|44|37.8|34.7|9.8|31.6|8.3|59.6|14.5|56.5|23.8|54.9|23.8|0|0
2026-05-06 09:50:28,33.5,99.6,24.33,55.78,71.99,12.57,1,24152,0.479,9560,3,90.3|94.2|106.2|107|106.8|104.9|103.4|105.4|104.8|104.1|98|93.5|98.4|97.4|91.7|91.8|88.7|92.5|88.3|94.9|49.1|46.5,57.9|3.4|28.3|42.4|47|45.5|33|20.6|45.5|40.8|36.1|14.3|50.2|9.6|54.8|9.6|42.4|20.6|57.9|14.3|1.9|1.9
2026-05-06 09:50:38,28.1,100.8,24.31,55.78,71.99,12.57,1,24152,0.473,9570.3,3,93.4|93|107.6|107|105.7|106.8|105.4|105.3|104.7|105.2|95.2|95.9|96|96.5|92.3|90.6|92.6|92.2|91.4|91.6|54.6|51.2,56.8|22.8|44.4|44.4|41.3|38.2|38.2|32|38.2|41.3|36.7|16.6|30.5|30.5|58.3|8.9|61.4|13.5|21.2|61.4|1.2|1.2
2026-05-06 09:50:49,32.8,97.7,24.32,55.76,71.99,12.57,1,24152,0.474,9580.6,3,96.9|100.5|110.1|110.7|110.5|110.5|109.3|109.7|110.2|109.6|93.8|88.8|92.7|88.5|94.3|97.8|92.8|100|96.6|96.8|51|46.1,34.6|14.4|37.7|34.6|40.9|31.5|30|28.4|28.4|20.6|33.1|22.2|33.1|25.3|39.3|22.2|42.4|5.1|23.7|36.2|0.4|0.4
2026-05-06 09:51:00,26.3,97.3,24.23,55.82,71.99,12.61,1,24152,0.428,9590.9,3,93.2|92.7|106.4|106.7|107.4|105.8|103.9|104.5|102.4|103.8|91.5|90.3|91.1|96.3|92.1|87.9|91.3|93.2|94.8|91|51.9|47.4,47.6|19.9|44.5|44.5|60|56.9|43|36.8|44.5|38.4|39.9|32.2|41.5|27.6|53.8|15.3|52.2|13.7|27.6|38.4|1.4|0
2026-05-06 09:51:11,22.6,99.9,23.84,55.77,71.99,12.61,1,24152,0.428,9601.3,3,92.5|98.8|107.6|108.3|107.7|108.3|106|105.9|106.2|106.9|94.5|92.6|95.5|93.1|93.6|101.3|93.3|94.6|92.3|97.7|52.9|44.6,40.9|30|37.7|34.6|37.7|36.2|42.4|40.9|42.4|37.7|20.6|11.3|14.4|3.5|44|26.9|42.4|20.6|54.9|19.1|0|0.4
2026-05-06 09:51:21,32.1,101.2,23.79,55.91,71.99,12.61,1,24152,0.429,9611.8,3,93.8|98.5|108.4|108.1|108.1|107.7|107.2|106.7|104.9|107.9|100.6|98.7|100.5|95.1|92.2|99.2|92.6|96.5|91.6|98.8|52.2|53.6,49|25.8|49|52.1|59.8|59.8|39.7|45.9|39.7|32|59.8|42.8|66|38.2|53.6|22.7|52.1|8.8|58.3|21.2|0|0
2026-05-06 09:51:32,25.5,94.8,23.75,55.73,71.99,12.61,1,24152,0.43,9622.1,3,89.5|91|104.5|105|105.4|102.8|103.3|103.6|102.3|103.2|95.8|101.7|97.5|98.7|90.5|92.6|88.3|92.1|88.5|91.8|48.9|46.6,39.2|25.2|39.2|25.2|40.8|36.1|42.4|28.3|25.2|31.4|20.5|11.2|22.1|6.5|33|28.3|47|19|59.5|11.2|1.8|1.8
2026-05-06 09:51:43,30.7,98.1,23.56,55.73,71.99,12.61,1,24152,0.431,9632.5,3,92.4|90|102.6|104.4|103.9|105.2|102.4|103.2|102.8|101.9|93.9|97|97.4|92.5|90.2|90.1|88.7|89.6|87.5|86.4|49.4|46.5,3.8|69|30.2|47.2|36.4|47.2|53.5|33.3|31.7|27.1|25.5|34.8|42.6|19.3|56.6|24|56.6|17.8|65.9|6.9|0.7|0.7
2026-05-06 09:51:53,34.2,96.2,23.68,55.74,71.99,12.61,1,24152,0.432,9642.8,3,85.1|87.4|101.2|101.7|102.7|103.8|102|103.1|102.1|103|95.5|95.4|97.2|95.3|88.9|87.3|88.7|87.9|88.3|88.2|50.2|48.3,5.8|61.4|29|47.5|53.7|39.8|47.5|41.3|39.8|38.3|15.1|47.5|39.8|25.9|59.9|33.6|53.7|13.6|66|10.5|0|0
2026-05-06 09:52:04,27.8,97.8,23.71,55.72,71.99,12.61,1,24152,0.433,9653.2,3,94.7|90.6|105.5|107.5|107.4|108.3|103.9|105|106.3|105.2|94.2|95.4|92.8|94.9|92.4|96.2|94|96.9|94.4|95.8|51.3|47.9,6.6|56.4|34.6|30|33.1|33.1|36.2|34.6|34.6|30|3.5|28.4|16|20.6|51.8|22.2|68.9|3.5|70.4|9.8|2|0.4
2026-05-06 09:52:15,33.5,100.2,23.75,55.69,71.99,12.61,1,24152,0.433,9663.5,3,92.4|93.8|105.6|106.1|105.7|106.7|104.1|105.4|104.9|106|96.8|94.7|96.2|97.5|92.3|90.2|90|94.8|88.7|95.5|49.8|45.9,48.7|14.4|42.4|26.9|34.7|48.7|37.8|26.9|33.1|34.7|39.3|22.2|56.4|12.9|58|8.2|42.4|22.2|53.3|9.8|0|0
2026-05-06 09:52:25,31.1,100.3,23.73,55.69,71.99,12.61,1,24152,0.435,9673.9,3,88.1|89.7|102.7|103.4|102.7|102.9|102.5|103.1|103.2|102.3|97.2|94.2|94.9|95.6|87.1|91.7|85.6|95.3|88|90.3|48.9|44.9,56.5|6.8|39.4|33.2|50.3|56.5|41|42.5|44.1|44.1|56.5|25.4|56.5|14.6|62.7|5.3|50.3|25.4|67.4|17.7|0.6|2.1
2026-05-06 09:52:36,28.1,101,23.7,55.68,71.99,12.61,1,24152,0.435,9684.2,5,95.1|97.6|107.2|109.6|107.7|109.4|107.3|108.4|107.4|108.5|95.3|92.9|96.7|95.5|93.6|98.5|92.8|96.6|92|99.5|51.5|57.1,82.9|11.4|56.5|53.4|56.5|51.8|67.4|50.3|47.2|44.1|30.1|22.3|41|20.8|75.1|16.1|62.7|34.7|68.9|30.1|0|0
2026-05-06 09:52:47,34.9,97.7,23.65,55.68,71.99,12.61,1,24152,0.437,9694.6,5,94|96|105.8|108.2|108.8|105.6|105.8|106.4|106.8|107.1|93.4|92.7|94.5|94.4|100.1|92.5|92.5|96.6|94.6|95.9|51.9|46.9,50.3|14.5|45.6|42.5|42.5|47.2|33.2|27|39.4|31.6|30.1|13|11.4|27|5.2|62.7|68.9|3.7|54.9|33.2|0.6|0.6
2026-05-06 09:52:57,28.6,93.7,23.67,55.71,71.99,12.61,1,24152,0.437,9705,5,91.8|96.9|107|108.6|107.3|108.2|106.9|106.4|106.8|107.6|96.4|96.2|91.3|98.4|94.9|92.4|91.5|97|93.1|98.7|53.1|43.5,59.8|27.3|44.3|49|53.6|58.2|49|44.3|52.1|44.3|55.2|21.1|32|36.6|18|70.6|66|21.1|52.1|36.6|1|0
2026-05-06 09:53:08,28.7,102.2,23.5,55.7,71.99,12.61,1,24152,0.438,9715.3,5,93.7|91.8|104.1|106.4|106.1|105.8|107.3|107.5|106.4|108|97.8|99.3|98.2|98.7|93.7|93.7|92.7|92.3|93.3|96.4|50.2|47.9,44|11.4|37.8|31.6|25.4|30|36.3|19.2|37.8|20.7|31.6|9.8|33.2|2.1|53.4|11.4|45.6|14.5|58|5.2|0|0
2026-05-06 09:53:19,36.3,95,23.37,55.69,71.99,12.61,1,24152,0.439,9725.5,5,94.3|98.8|107.3|107.6|107.7|108.9|108.6|108.5|107.5|107.9|98.9|94.5|97.7|94.2|93.7|100.4|93.8|96.6|93|96.1|48.4|44.8,51.8|33.2|48.7|44.1|42.5|39.4|64.3|42.5|42.5|45.6|34.7|20.8|31.6|6.8|56.5|27|51.8|20.8|73.6|14.5|0|0
2026-05-06 09:53:29,27.5,100.7,23.41,55.67,71.99,12.61,1,24152,0.44,9736,5,95.6|98.3|107.5|108.3|107.7|108.7|106.3|107|107|107.4|93.6|96.2|95.9|93.9|93.9|98.9|94.4|100|94.6|99.8|53.4|50.2,44.6|27.6|32.2|27.6|33.8|32.2|36.9|24.5|29.2|32.2|10.7|6.1|16.8|6.1|41.5|21.5|44.6|13.8|55.3|7.6|0|1.4
2026-05-06 09:53:40,28.3,96,23.44,55.68,71.99,12.61,1,24152,0.44,9746.3,5,88.7|90.9|105.6|105.5|107.4|105.7|102.9|103.6|102.9|102.2|94.6|96.3|96|97.4|90.7|95.4|91|91.7|90.2|93.9|54.4|49,55.4|6.3|41.6|43.1|49.3|41.6|35.5|40.1|44.7|49.3|15.5|41.6|46.2|12.4|61.6|12.4|15.5|52.4|61.6|15.5|1.6|0.1
2026-05-06 09:53:51,39.4,96.4,23.56,55.68,71.99,12.61,1,24152,0.441,9756.6,5,92.8|92.6|106.1|108.6|106.9|106.3|105.2|105.8|104.2|105.6|91.6|94.3|92.5|92.9|90.8|95.1|97|89.8|92.5|96.5|52.5|57.1,52.1|13.5|47.5|42.9|42.9|49.1|33.6|32.1|33.6|32.1|19.7|25.9|39.8|19.7|50.6|24.4|32.1|42.9|49.1|30.5|0|0
2026-05-06 09:54:02,33.2,95.1,23.71,55.71,71.99,12.61,1,24152,0.442,9767.1,5,92.1|92.2|105.1|105.3|105.6|107.2|104.8|104.2|105|104.8|95.7|95.5|94.5|95|90.4|92|96.4|88.6|91.5|94.1|51.8|53,50.3|3.7|33.2|30.1|34.8|27|22.4|31.7|25.5|41|3.7|45.7|44.1|0.6|48.8|3.7|9.9|48.8|48.8|5.3|0.6|0.6
2026-05-06 09:54:12,43.6,91.6,23.91,55.87,71.99,12.61,1,24152,0.443,9777.5,3,83.1|83.9|100.3|100.2|100.6|100.2|99.5|99.8|100.2|99.7|93.8|94.9|95|94.7|81.6|84.8|82.8|82.6|84|84.1|54.4|51.8,44.7|33.9|52.4|53.9|64.7|60.1|47.8|52.4|47.8|60.1|46.2|66.2|57|63.1|52.4|40.1|49.3|46.2|53.9|35.5|0|0
2026-05-06 09:54:23,32.5,94.8,23.92,55.85,71.99,12.61,1,24152,0.443,9787.8,3,83.7|82.2|100.7|101.3|101.4|101.8|99.6|99.9|99.9|99.5|95.7|94.6|96.4|95.8|82.9|83.9|83.2|82.9|83.7|83.3|44.7|44.2,41.3|30.5|55.2|55.2|67.6|69.1|64.5|39.8|53.7|39.8|70.7|47.5|66|39.8|59.9|12|53.7|32.1|55.2|25.9|1.2|0
2026-05-06 09:54:34,31.5,98.7,23.85,55.83,71.99,12.61,1,24152,0.444,9798.2,3,90.5|93.4|106.2|106.4|105.9|104.8|102.3|102.1|103.9|103|95.1|91.6|94.5|91.3|89.7|89.3|88.6|96.2|90.1|95|51.1|43.5,45.4|22|32.9|39.2|45.4|43.9|47|28.3|32.9|31.4|28.3|22|36.1|17.4|54.8|15.8|45.4|25.1|53.2|14.2|0.2|0.2
2026-05-06 09:54:44,26.5,96.9,23.77,55.82,71.99,12.61,1,24152,0.445,9808.6,3,95|100.6|109.7|110.6|111.7|112.1|104.8|108.6|108.5|107.5|96.5|87.7|93.9|95.7|95.8|103.1|96.7|103.2|101.2|95.4|49.6|43.8,53.3|25.3|44|51.8|54.9|59.6|45.6|34.7|33.1|45.6|36.2|19.1|30|31.6|64.2|28.5|67.3|20.7|47.1|44|0.5|0.5
2026-05-06 09:54:55,45.7,90.7,24.04,56.12,71.99,12.61,1,24152,0.446,9818.9,3,82.8|83.2|100.6|99.9|100.4|100.6|98.1|98.4|98.8|98.8|94.4|93.7|92.8|93.2|80.4|80.6|81.4|82.8|83.3|84.1|46.6|47.1,46.1|29.2|46.1|44.6|44.6|53.8|41.5|35.3|23|33.8|72.3|36.9|55.3|41.5|56.9|26.1|53.8|23|36.9|47.7|1.5|1.5
2026-05-06 09:55:06,33.7,96.8,24.05,56.1,71.99,12.61,1,24152,0.446,9829.4,3,94.7|96.7|105.4|106.9|106.1|105.9|106.6|108.1|107.2|108.9|98|86.9|92.7|100.8|92.5|97.6|92.6|97.9|89.7|92.1|50.6|49,49.3|18.5|27.8|44.7|38.5|44.7|23.1|23.1|23.1|26.2|47.7|15.5|35.4|26.2|41.6|12.4|49.3|9.3|20.1|38.5|0.1|0.1
2026-05-06 09:55:17,30.7,102,24.01,56.06,71.99,12.61,1,24152,0.447,9839.9,3,88.1|91.8|102.6|103.5|102.3|103|102.7|102.2|101.4|102.3|96|96.5|96.9|94|87.5|93.6|89.2|91.5|88.1|87.6|51|50.5,48.6|19|31.4|37.7|42.4|37.7|47|36.1|31.4|36.1|28.3|31.4|36.1|25.2|51.7|15.9|51.7|11.2|50.1|14.3|0.3|0.3
2026-05-06 09:55:27,29.1,97.1,23.95,56.06,71.99,12.61,1,24152,0.448,9850.3,3,87.6|90.2|103.6|103.8|104.3|103.9|100|100.8|102.4|103.8|96.2|89.4|97.8|91.2|88.3|88|89|88.1|87.7|93.1|46.9|45.7,42.9|35.2|26|32.2|52.2|42.9|33.7|32.2|32.2|21.4|38.3|9|32.2|16.7|46|12.1|55.3|9|47.6|2.9|1.3|0
2026-05-06 09:55:38,33.1,95,24.07,56.07,71.99,12.61,1,24152,0.449,9860.7,3,92|92.2|106.6|105.8|106.2|105.5|106.1|106|106.6|105.9|94.9|95.6|96.4|97.2|88.9|93|93.5|97.2|93.7|97.4|48.8|41.8,6.4|53.2|28.2|37.6|39.2|40.7|43.8|31.4|42.3|42.3|8|50.1|37.6|22|47|9.5|50.1|12.6|51.6|14.2|0|0.2
2026-05-06 09:55:49,26.5,95.5,24.12,56.01,71.99,12.61,1,24152,0.449,9870.9,3,94.3|92.8|106.7|107.1|107.1|108|105.5|106.8|106.5|106.3|97.9|93.9|93.5|98.6|90.9|93.7|93.5|93.9|91.7|94.4|54.7|48.1,3.6|54.9|28.5|50.2|39.3|37.8|56.5|31.6|34.7|40.9|17.6|50.2|44|22.2|36.2|26.9|54.9|6.7|47.1|14.5|0|0
2026-05-06 09:55:59,39.8,94.7,24.11,56.02,71.99,12.61,1,24152,0.45,9881.4,3,77.3|81.1|97.8|97.8|97.7|98.9|96.7|97.2|96.9|98|89.7|93.1|93.1|92.3|80.7|80|81.4|81.4|81.3|80.2|43.9|43.9,1.7|56.3|31.3|40.7|37.6|40.7|56.3|36|43.8|28.2|17.3|50|48.5|29.8|48.5|22|67.2|9.5|48.5|7.9|1.7|3.2
2026-05-06 09:56:10,36,98.3,23.3,55.71,71.99,12.65,1,24152,0.355,9891.8,3,90.2|91.9|106.1|105.1|104.8|106.9|106.7|106|106.2|105.4|97.5|89.8|99.5|95.7|90.8|91.4|89.9|91.9|92.4|91.5|49.6|48.9,40.9|28.5|47.1|33.1|59.6|65.8|42.5|51.8|47.1|37.8|14.5|28.5|37.8|14.5|59.6|8.2|51.8|33.1|53.3|30|0|0
2026-05-06 09:56:21,34.2,98.3,23.28,55.76,71.99,12.65,1,24152,0.356,9902.2,3,89.2|91.3|105.6|105|105.1|104.9|101.8|103.6|101.3|102.7|95.4|94.1|99.2|92|86.9|95.1|89|94.8|88.4|94.1|54.1|58.1,37.8|16|40.9|30|31.5|37.8|54.9|34.6|30|30|45.5|23.8|51.8|19.1|48.6|0.4|62.7|8.2|50.2|14.4|0.4|0.4
2026-05-06 09:56:31,32.3,100.7,23.28,55.7,71.99,12.65,1,24152,0.358,9912.5,3,94.2|97.1|107.8|108.5|106.8|106.9|106.2|107.3|106.2|106.3|92.9|95.3|96.9|95.7|92.8|96.6|92.1|95.3|92.7|93.9|53|51.1,59.7|16.3|42.6|30.2|48.8|47.3|38|36.4|44.2|25.6|16.3|13.2|14.7|11.6|64.3|11.6|44.2|41.1|61.2|20.9|0|0
2026-05-06 09:56:42,26.4,99.5,23.26,55.7,71.99,12.65,1,24152,0.359,9922.9,3,92.9|95|106.4|108.2|106|108.1|106.9|106.5|106.5|106.5|93.6|97.3|94.2|93.4|94.7|93.4|90.9|97.2|94.4|95.4|52.1|44.6,39.3|14.4|17.5|34.7|33.1|39.3|33.1|25.3|37.8|25.3|34.7|8.2|20.6|22.2|8.2|48.7|53.3|9.8|37.8|22.2|0|0
2026-05-06 09:56:53,36.6,,23.42,55.72,71.99,12.65,1,24152,0.36,9933.3,3,96.4|101.2|107.7|109.1|110.1|109.2|108.7|108.1|106.5|108.9|91.9|92.2|94.2|94.6|101.5|93.6|93.5|104.9|95.9|99.1|50.8|47.9,56.9|15.4|43.1|49.2|43.1|61.5|38.5|35.4|32.3|44.6|36.9|16.9|23.1|32.3|13.9|64.6|64.6|9.3|56.9|24.6|0|1.6
2026-05-06 09:57:03,33.4,97.7,23.71,55.71,71.99,12.65,1,24152,0.362,9943.6,3,96.1|97.6|108.2|108.2|108.1|107.2|107|105.5|107.6|108.7|93.8|93.8|96.2|93|99.4|92|92.6|97.3|94.3|93|53.5|47.1,45.6|14.5|20.7|34.7|36.3|40.9|31.6|31.6|30|34.7|39.4|2.1|11.4|22.3|12.9|45.6|51.8|12.9|50.3|8.3|0|0
2026-05-06 09:57:14,34.8,98.4,23.82,55.72,71.99,12.65,1,24152,0.364,9954,3,94.1|98.3|108.7|108.5|109.1|107.4|108.8|108.7|109.1|108.4|96.2|98.4|98.5|95.7|93.3|100.5|92.4|102.9|95.2|105.1|51.6|50.1,63|22.9|32.2|46.1|41.4|33.7|41.4|35.3|41.4|38.4|22.9|18.3|38.4|6|55.3|12.2|58.4|10.6|58.4|4.4|1.4|1.4
2026-05-06 09:57:25,46.1,93.8,23.98,55.73,71.99,12.65,1,24152,0.364,9964.3,3,89.3|91|103.7|104.9|104.1|104|103.8|103.6|103.2|102.3|97.3|95.4|98.6|93.8|89.5|89.6|88.7|92.4|87.2|84.7|51.1|44.9,49.2|24.6|44.6|47.7|46.2|36.9|38.5|46.2|40|35.4|27.7|9.3|40|13.9|60|24.6|60|15.4|61.6|15.4|0|1.6
2026-05-06 09:57:35,26.3,101.2,24.07,55.73,71.99,12.65,1,24152,0.365,9974.8,3,91.7|93.1|106.7|105.6|106.4|105.7|107.4|106|106.9|106.4|98|97.7|96.4|96.9|91.7|92|90.8|93.3|93.3|91.6|50.7|44.6,43|21.4|39.9|41.5|49.2|41.5|50.7|35.3|33.8|36.8|36.8|36.8|58.4|13.7|50.7|16.8|56.9|10.6|53.8|10.6|1.4|2.9
2026-05-06 09:57:46,31.4,98.9,24.13,55.73,71.99,12.65,1,24152,0.367,9985.1,3,96.1|97|106.8|105.7|107.6|108.5|108|106.8|109|106.4|93.8|91.2|94.9|94.4|95|94.6|92.7|94.8|93.2|95.9|49.9|50.9,48.5|6.4|34.5|42.3|43.9|23.6|29.8|18.9|26.7|25.2|15.8|18.9|20.5|3.3|51.7|15.8|18.9|45.4|53.2|11.1|0.2|0.2
2026-05-06 09:57:57,35,93.6,24.12,55.78,71.99,12.65,1,24152,0.369,9995.6,3,79.7|80.1|95.2|95.5|95.1|95.1|93.2|93.4|93.6|93.5|86.7|89.9|90.8|91.1|79.2|76.9|78.9|80|79.4|78.5|42.4|43.8,59.5|3.4|37.7|45.5|40.8|23.6|25.2|34.6|29.9|31.4|15.9|72|54.8|25.2|61|20.5|17.4|47|59.5|12.7|0.3|0.3
2026-05-06 09:58:07,29.5,97,24.27,55.81,71.99,12.65,1,24152,0.372,10005.8,3,90.6|95.3|105.5|105.6|105.7|105.1|104.4|103.6|104.8|104.3|95.2|90.8|94.7|94.6|89.8|92.6|91.3|92.1|92.8|93.2|48.6|44.5,44.1|19.2|41|41|51.8|42.5|45.6|31.6|48.7|36.3|50.3|28.5|53.4|19.2|56.5|11.4|62.7|22.3|53.4|28.5|0.6|2.1
2026-05-06 09:58:18,29.8,93.8,24.17,55.77,71.99,12.65,1,24152,0.373,10016.2,3,91.1|94.1|105|106.3|104.9|106.4|104.5|103.1|102.6|103.7|92.6|93.9|96.7|92.6|90.6|95.4|88.7|94.3|89.4|94.6|51.5|45.2,59.9|4.5|44.5|49.2|39.9|32.2|33.7|18.3|44.5|33.7|53.8|16.8|50.7|13.7|53.8|2.9|47.6|12.2|53.8|18.3|1.4|0
2026-05-06 09:58:29,41.6,94.3,24.23,55.87,71.99,12.65,1,24152,0.377,10026.5,3,88.5|91.9|103.6|105.2|104.3|103.7|102.3|102.6|102.6|103|99.7|96.9|97.3|97.2|88.1|92.6|87.2|88.5|89.5|88.6|51|45.3,59.7|19.3|37.9|41|37.9|48.8|51.9|42.6|44.1|30.2|62.8|19.3|69|16.2|51.9|13.1|53.4|25.5|50.3|24|0|0.7
2026-05-06 09:58:39,40.5,93.4,24.26,55.45,71.99,12.6,1,24152,0.38,10036.9,5,85.9|84.9|100.5|100.6|100.9|101.9|101.8|100.9|101.2|102.3|100.5|91.3|97.9|99.5|86.6|85.4|84.3|85.4|83.2|85.5|50.3|51.6,52.1|29|56.8|44.4|52.1|62.9|55.2|35.2|42.9|47.5|53.7|56.8|55.2|46|61.4|22.8|67.6|10.5|42.9|42.9|0|0
2026-05-06 09:58:50,41.7,92,23.98,55.3,71.99,12.6,1,24152,0.381,10047.4,5,82.7|81.3|98.1|98.7|98.7|98.2|97.1|96.7|97.8|97.5|93.6|92.3|92.9|94.3|80.7|83|82.2|80.5|82.5|82.9|47.4|52.2,50.7|23|50.7|47.7|43.1|64.6|38.4|35.4|52.3|38.4|58.4|36.9|47.7|53.8|58.4|16.9|67.7|13.8|24.6|58.4|1.5|1.5
2026-05-06 09:59:01,32.8,93,23.98,55.3,71.99,12.6,1,24152,0.382,10057.7,5,83.7|86.2|100.2|99.8|100.5|100.7|99.4|98.2|99.3|97.8|91.5|90.4|94.6|94.6|84.2|84.6|83.5|87.6|85.6|83.3|51.4|55.6,54.8|17.3|40.7|37.6|36|37.6|40.7|36|36|32.9|53.2|34.5|36|57.9|62.6|8|67.2|4.8|28.2|54.8|0|0.2
2026-05-06 09:59:12,32.5,93.7,24.16,55.32,71.99,12.6,1,24152,0.384,10068.1,5,82.9|83.3|99.9|100.4|100.3|101|102.3|100.2|100.7|99.6|95.3|96.4|96.9|96.2|83|83.5|83.9|86.2|84.7|86.1|45.9|48.1,51.6|51.6|56.3|54.7|53.1|64.1|62.5|51.6|51.6|56.3|71.9|50|59.4|56.3|61|37.5|62.5|34.4|67.2|23.5|0|0
2026-05-06 09:59:22,33.1,90.2,24.3,55.37,71.99,12.6,1,24152,0.385,10078.3,5,81.8|82.4|97.8|98.3|97.9|98.4|95.9|96.3|96.9|96.2|92.1|93.1|94.6|92.3|82.3|80.7|82.1|82.4|81.6|83.4|49.3|51,43.8|32.9|42.3|47|53.2|59.4|59.4|39.2|32.9|39.2|56.3|48.5|62.6|34.5|54.8|34.5|56.3|26.7|62.6|12.7|0|0.2
2026-05-06 09:59:33,42.2,92.5,24.37,55.36,71.99,12.6,1,24152,0.387,10088.6,5,83.8|82.6|100|100|99.9|100.4|98.3|97.3|98.1|98.1|95.7|91.8|96.3|94.4|83.5|83.9|82.8|81.4|81.4|83.2|44.7|44.7,58.5|36.9|52.3|55.4|56.9|72.3|50.8|44.6|53.9|52.3|61.6|50.8|84.6|32.3|66.2|24.6|66.2|30.8|61.6|23.1|0|0
2026-05-06 09:59:44,31.8,99.1,24.46,55.33,71.99,12.6,1,24152,0.388,10099,5,82.9|83|99.8|99.3|97.3|98.5|98.9|95.7|97.8|99|92.8|95.4|95.8|95.3|83.3|83.2|82.7|85.9|82.7|83.3|47.1|45.7,7.6|49.2|29.2|38.4|36.9|35.3|44.6|27.6|29.2|23|13.7|55.3|55.3|18.4|41.5|24.5|60|10.7|50.7|12.2|0|0
2026-05-06 09:59:54,36.9,94,24.58,55.49,71.99,12.6,1,24152,0.39,10109.3,5,84|88|103.1|103.4|101.6|103.7|103.4|101.9|102.3|101.2|93.7|96|97.2|93.9|88.4|89|86.9|88.3|85.6|85.8|49.6|43.7,6.1|55.3|43|44.6|52.3|50.7|44.6|38.4|46.1|33.8|21.5|55.3|47.6|29.2|47.6|15.3|49.2|15.3|58.4|13.8|0|0
2026-05-06 10:00:05,30.2,96.3,24.64,55.48,71.99,12.6,1,24152,0.392,10119.8,5,91.5|83.3|101.2|101.2|102.6|103|104|102.3|100.1|101.8|93|92.7|96.1|93.8|86.3|88.7|87.5|92.4|87.3|93.5|51.6|53.3,12.2|52.2|23|32.2|32.2|41.4|43|36.8|30.7|39.9|29.1|39.9|43|33.7|49.1|19.9|47.6|23|69.2|24.5|0|0
2026-05-06 10:00:16,38,94.4,24.66,55.42,71.99,12.6,1,24152,0.394,10130.2,5,88.6|93.4|103.7|104|103.3|103.2|103|102.9|101.8|103.2|93.7|96.4|96.1|98.6|88|94.4|86.5|92|86.5|93.4|50|50.7,62.7|11.3|48.7|39.3|50.2|40.9|40.9|39.3|31.5|30|48.7|40.9|54.9|36.2|53.3|12.9|45.5|28.4|51.8|23.8|0|0
2026-05-06 10:00:27,33,93.1,24.62,55.4,71.99,12.6,1,24152,0.397,10140.5,5,85.5|89.3|102.6|101.4|102.1|102.5|100.5|98.7|97.5|99.4|97|93.3|96.2|95.8|85.2|85.4|84.7|84.6|84.2|86.7|47.8|51.4,44.6|9.3|32.3|41.6|47.7|43.1|35.4|43.1|30.8|33.9|47.7|27.7|61.6|20|52.3|3.1|40|17|43.1|13.9|0|0
2026-05-06 10:00:37,31.1,93.4,24.63,55.39,71.99,12.6,1,24152,0.398,10150.9,5,85.2|89|100.5|100.5|99.7|102.9|99.3|97.8|99.7|100.1|92.6|95.2|95.6|95.6|84.5|86.2|85.6|87.9|83.7|89.2|51.1|49,43|27.5|38.3|33.7|33.7|49.1|39.9|32.2|27.5|41.4|38.3|24.5|33.7|29.1|18.3|52.2|59.9|12.1|53.8|22.9|2.9|1.3
2026-05-06 10:00:48,31.5,94.4,24.66,55.37,71.99,12.6,1,24152,0.401,10161.2,5,88.3|87.3|105|105.5|105.3|105.1|104.3|103.2|103|103.5|99.9|96.7|95.9|98.2|91.7|87.2|87.4|92.4|87.3|89.7|48.7|49.8,47.1|14.4|26.8|31.5|28.4|48.6|39.3|33.1|37.7|23.7|59.5|17.5|28.4|45.5|6.6|50.2|48.6|8.1|43.9|19|0|0
2026-05-06 10:00:59,39.2,94.2,24.53,55.4,71.99,12.6,1,24152,0.402,10171.5,3,81.8|79.1|99.9|99.9|99.8|99|98.6|97.2|97.7|96.8|94.5|92.9|93.8|95.7|81.5|81.4|81.3|79.1|82.4|81.6|46.3|45.2,41.2|14.8|38.1|42.7|31.9|50.5|35|45.8|36.5|31.9|55.1|35|48.9|25.7|14.8|50.5|48.9|7.1|41.2|16.4|0|0
2026-05-06 10:01:09,35.6,94.2,24.26,55.34,71.99,12.6,1,24152,0.365,10182,3,90.5|92.6|102.8|105.8|105.6|104.7|103.1|103.4|103.3|102.5|96.8|92.9|96.4|93.8|89.9|94.8|90.3|91.2|89.9|90.2|50.8|50,51.9|20.9|30.2|33.3|33.3|34.8|44.2|36.4|22.4|27.1|50.4|25.5|50.4|14.7|50.4|8.5|47.3|11.6|51.9|2.3|0|0.7
2026-05-06 10:01:20,41.9,91.1,24.32,55.41,71.99,12.6,1,24152,0.366,10192.3,3,86|90|102.8|102.5|103.8|104.4|100.2|100.1|100.8|100.5|89.9|88.6|94.8|92.3|87.2|90.4|87.5|93.1|86.6|93.1|52.5|46.8,53.2|37.6|43.9|45.4|51.7|57.9|50.1|36.1|36.1|50.1|59.4|54.8|54.8|37.6|57.9|25.1|68.8|26.7|64.1|17.3|0|0
2026-05-06 10:01:31,31.6,92.7,24.22,55.31,71.99,12.6,1,24152,0.367,10202.6,3,88.6|86.9|101.9|102.2|103.2|103.1|102.5|102.4|101.4|102.2|95.9|95.4|96.9|95.9|87.6|90.7|86.3|86.1|86.7|90.1|49|56.7,48.5|31.4|47|53.2|39.2|64.1|56.3|45.4|32.9|43.8|65.7|48.5|64.1|32.9|57.9|20.4|65.7|17.3|68.8|6.4|0.2|0.2
2026-05-06 10:01:41,41.7,91.1,24.32,55.31,71.99,12.6,1,24152,0.368,10213,3,82.1|83.1|98.7|99.4|99.6|100.2|97.7|98.1|98.4|97.9|92.4|94.5|93.5|92.4|82.3|82.8|82.8|80.6|82|85.1|48.7|50.9,45.6|14.5|36.3|40.9|37.8|40.9|31.6|37.8|34.7|42.5|28.5|64.3|51.8|44|48.7|30.1|13|48.7|53.4|9.8|3.6|2.1
2026-05-06 10:01:52,34.3,87.7,24.35,55.3,71.99,12.6,1,24152,0.365,10223.1,3,81.4|76.8|96.3|96.6|96.4|96.4|94.7|95.4|96.1|95.9|88.6|90|92.3|90.6|80.3|80.5|80.2|79.7|80|79.7|47.6|44.7,75.1|18.9|48.5|51.7|71.9|64.1|56.3|53.2|57.9|48.5|42.3|65.7|68.8|53.2|61|23.6|26.7|59.5|70.4|12.7|0.2|0.2
2026-05-06 10:02:03,33.6,96.3,24.36,55.28,71.99,12.6,1,24152,0.334,10233.5,3,89.6|88.8|103.8|104.6|104.2|104.7|104.2|101.7|102.8|102.1|93.6|94.7|97.7|93|89.6|91.6|90.3|89.6|88.5|88.5|50.9|45.8,53.6|5.6|25.7|31.9|39.6|47.4|41.2|31.9|33.4|36.5|17.9|45.8|42.7|24.1|45.8|31.9|16.4|44.3|55.1|14.8|0.9|0
2026-05-06 10:02:13,34.3,98,24.23,55.27,71.99,12.6,1,24152,0.334,10243.9,3,87.7|92.7|103.1|102.5|103.5|102.3|103.9|102.4|102.5|101.7|95.7|90.7|94.6|91.6|88.5|93|87.3|90|87.4|89.1|52.1|47.2,55.3|4.4|29.1|43|39.9|43|32.2|30.6|38.3|36.8|36.8|29.1|49.1|16.8|49.1|9.1|44.5|30.6|41.4|24.5|0|0
2026-05-06 10:02:24,28.5,93.9,24.02,55.26,71.99,12.6,1,24152,0.334,10254.2,3,86.7|90.4|101.3|103.2|100.7|102.7|101.9|100.7|101.3|101.3|92|94.5|95.1|93.9|88.2|90.7|86.1|88.8|84.3|92.4|50.8|46.4,55.1|8.6|34.9|33.4|45.8|41.1|39.6|27.2|33.4|34.9|42.7|28.7|64.4|8.6|53.5|8.6|45.8|13.2|55.1|10.1|0|0
2026-05-06 10:02:35,33.9,95.8,23.94,55.27,71.99,12.6,1,24152,0.334,10264.5,3,87.6|90|104|103.6|104.5|103.5|104.1|104|103.3|103.4|94.5|97.7|95.9|92.5|89.4|92.7|89|95.1|89.1|92.7|50.9|44.9,43.1|21.6|32.4|47.7|32.4|41.6|35.4|29.3|43.1|38.5|38.5|33.9|61.6|10.8|64.6|18.5|47.7|27.8|44.7|30.8|0|0
2026-05-06 10:02:46,31.7,97.6,23.77,55.28,71.99,12.6,1,24152,0.334,10274.9,3,87.6|90.4|103.4|103.6|104.6|104.4|101.9|99.4|101.6|100.8|93.3|90.6|95.3|96|87.8|92.3|87.2|89.6|90.4|83.9|46.4|43.9,70.4|34.5|50.1|45.4|59.5|54.8|51.7|45.4|34.5|42.3|34.5|18.9|31.4|33|67.3|33|73.5|26.7|40.7|54.8|1.8|3.3
2026-05-06 10:02:56,28.8,90.2,23.84,55.28,71.99,12.6,1,24152,0.334,10285.2,3,82.8|83.2|99.1|98.8|99.8|99.3|98.5|96.5|96.1|95.9|93.6|95.2|92.5|93.9|82.2|84.6|82.7|82.6|79.9|82.7|46.6|46.1,58.2|25.6|47.3|55.1|62.8|65.9|53.5|33.4|41.1|39.6|59.7|31.8|41.1|44.2|56.6|22.5|55.1|28.7|31.8|55.1|2.4|2.4
2026-05-06 10:03:07,29.4,92.5,23.89,55.27,71.99,12.6,1,24152,0.334,10295.4,3,83|84.5|100.6|99.2|99|99.1|98.9|95.3|94.7|97.3|88.8|89.6|93.8|92.9|82.8|86.5|83.1|84.7|82.9|82.4|52.4|46.4,42.7|28.7|41.1|42.7|48.9|45.8|34.9|33.4|25.6|25.6|48.9|25.6|44.2|36.5|50.4|24.1|58.2|8.6|64.4|7|0|0
2026-05-06 10:03:18,38.6,91.4,23.91,55.3,71.99,12.6,1,24152,0.334,10305.8,3,81.7|80.7|97.6|97.5|97.8|98.3|97.4|97.1|97|97.6|91.4|88.6|91.4|90.8|81.1|80.7|81.7|81.2|80.6|79.9|45.1|47.4,47|31.5|50.2|45.5|64.2|43.9|51.7|34.6|48.6|31.5|43.9|59.5|65.7|37.7|51.7|34.6|59.5|20.6|64.2|19|0.3|0.3
2026-05-06 10:03:28,34.5,94,23.93,55.26,71.99,12.6,1,24152,0.334,10316.2,3,89.7|91.6|104.8|105.9|103.3|105.6|104.7|104.6|103.9|104.1|96.2|94.6|98.9|97.2|88.6|91.4|86.8|95.2|87.9|96.3|48.5|47.3,56.5|22.4|47.2|41|48.8|44.1|33.3|37.9|34.8|30.2|30.2|17.8|42.6|3.8|61.2|11.5|53.4|10|75.2|2.2|2.2|2.2
2026-05-06 10:03:39,31.7,95.8,24.05,55.24,71.99,12.54,1,24152,0.334,10326.5,3,94.2|95.1|108.2|109|108.2|108.6|108.3|107.7|105.9|107.1|95.5|95.7|95.9|93.3|95.3|98.1|93.1|99.1|94.5|99.2|51.4|51.9,15.5|63.1|32.4|37|50.8|47.7|50.8|33.9|35.4|24.7|15.5|29.3|38.5|17|66.2|24.7|53.9|21.6|60|17|0|0.1
2026-05-06 10:03:50,35.1,99.9,24.12,55.23,71.99,12.54,1,24152,0.334,10336.8,3,99|91.2|106.8|106.9|106.1|108.6|105.4|105.6|104.7|104.8|98|94.8|97.2|94.3|92.4|96.7|92.9|96.4|93.1|95.1|53.9|44.3,3.6|53.4|23.8|37.8|36.3|44|40.9|28.5|42.5|28.5|20.7|39.4|50.2|17.6|48.7|12.9|53.4|8.3|56.5|6.7|0.5|0.5
2026-05-06 10:04:00,36.6,95,24.27,55.25,71.99,12.54,1,24152,0.334,10347,3,85.1|81.6|99.1|99.1|99.9|99.1|98.8|99.3|97.8|97.8|92.9|93.5|95.1|92.4|83|83.6|83.2|84.1|82.9|86.2|53.2|52.5,12.1|58.4|29|39.8|53.7|49.1|35.2|30.6|36.8|41.4|21.3|46|47.6|24.4|42.9|29|58.4|29|42.9|32.1|0|0
2026-05-06 10:04:11,41.1,98.3,24.23,55.23,71.99,12.54,1,24152,0.334,10357.3,3,85.8|87.5|100.6|98.8|100.9|101|100.1|99.3|98.4|98.6|95.6|93.5|97.5|94.5|86.7|85.2|84.5|84.4|84|86.9|52.9|61.8,63.1|12.3|40|41.6|49.2|33.9|46.2|26.2|27.7|40|47.7|21.6|49.2|23.1|61.6|6.2|52.3|23.1|60|10.8|0|0
2026-05-06 10:04:22,34.6,91,24.69,55.58,71.99,12.48,1,24152,0.366,10367.5,3,78.2|78.2|93.2|93.3|93.1|93.1|92.7|92.7|93|92.4|85.6|86.4|88.1|88.2|78.7|79.1|79.1|79.6|78.8|79|43|44.5,62.9|36.7|52.1|47.5|59.8|58.3|72.2|61.4|55.2|55.2|70.7|58.3|92.3|36.7|64.5|36.7|52.1|41.3|62.9|39.8|0|0
2026-05-06 10:04:32,45.9,94,24.63,55.45,71.99,12.44,1,24152,0.366,10377.8,3,80.2|79.9|96.7|97.2|96.7|97.2|96.7|97.2|97|96.7|90.8|89.2|92.5|90.8|81.1|81.2|79.5|79.2|79.4|80.3|46|48.4,41|48.8|47.2|51.9|51.9|69|69|59.6|51.9|55|53.4|62.8|67.4|50.3|59.6|23.9|53.4|34.8|48.8|48.8|0|0
2026-05-06 10:04:43,48.6,88.4,24.73,55.51,71.99,12.43,1,24152,0.367,10388.1,5,82.6|84.4|99.9|99.8|100.2|99.9|100.3|99.7|100|99.7|91.6|95.2|94.2|95.2|83.3|83.8|82.4|80.9|82.5|83.2|43|44.9,45.8|19.5|59.8|47.4|48.9|70.6|52|41.2|30.3|55.1|56.7|48.9|52|50.5|19.5|61.3|48.9|14.9|39.6|41.2|0|0.9
2026-05-06 10:04:54,41.9,98.2,24.56,55.57,71.99,12.43,1,24152,0.367,10398.5,5,86.5|90.1|99.7|101|100.8|100|100.4|99.9|100.8|100.2|92.1|89|95.9|94|88.6|84.2|85.1|91.1|85.3|87.8|53.2|45.6,50.1|18.9|51.7|34.5|33|48.5|43.9|33|31.4|40.8|45.4|18.9|33|33|17.4|62.6|61|17.4|48.5|25.2|0.2|0.2
2026-05-06 10:05:05,43.6,92.2,24.51,55.57,71.99,12.43,1,24152,0.367,10408.8,5,83.7|82.6|96.7|98.4|97.7|98.4|98.7|97.3|97.7|98|95.3|91.9|95.4|94.6|82.3|83.5|83.6|80.2|82.1|83.3|45.9|45.9,54.8|39.2|48.5|47|51.7|57.9|57.9|48.5|43.9|37.6|54.8|53.2|67.3|50.1|20.5|73.5|61|23.6|47|43.9|0|0
2026-05-06 10:05:15,33.1,96.1,24.4,55.42,71.99,12.43,1,24152,0.367,10419.2,5,85.9|87.6|101.1|100.5|100.7|100.3|99.5|98.3|99.8|100.1|96.1|91.4|96.3|93.3|85.3|88.6|85.6|88.1|83.5|88.2|49|45.9,34.7|25.4|37.8|31.6|39.3|36.2|47.1|34.7|31.6|34.7|34.7|23.8|40.9|11.4|53.3|20.7|51.8|19.1|39.3|8.2|0.5|0.5
2026-05-06 10:05:26,33.9,95.3,24.36,55.34,71.99,12.43,1,24152,0.367,10429.4,5,83.4|87.3|98.9|100.6|101.1|99.4|99.6|99.8|99.7|98.8|93.3|90.6|93.3|90.7|83.2|87.6|84.2|87.4|85|90|46.9|58.7,43.2|14|32.4|40.1|37|33.9|47.8|37|33.9|32.4|50.8|37|52.4|27.8|43.2|17.1|40.1|12.4|46.2|12.4|0|1.7
2026-05-06 10:05:37,35.7,86.5,24.58,55.54,71.99,12.41,1,24152,0.367,10439.8,5,78.6|78.6|95.2|95.2|95.5|95.6|94.6|94.3|94.8|95|87.9|88.2|90.6|89.9|77.7|78.7|78|79|78.2|78.4|52.1|43,50.7|30.7|49.2|61.5|55.3|50.7|63|46.1|52.3|41.5|49.2|69.2|61.5|50.7|46.1|49.2|43|47.6|61.5|24.6|0|0
2026-05-06 10:05:47,41.4,87.7,24.22,55.38,71.99,12.41,1,24152,0.367,10450.3,5,81.2|78.6|96.8|97.2|97.7|96.9|94.8|94.7|94.9|95.2|88.7|87.6|91.8|89.5|79.6|79.3|80.3|79.8|79.5|79.3|43.4|45.9,59.8|8.8|41.3|41.3|47.5|55.2|30.5|25.8|36.6|36.6|28.9|49|49|38.2|59.8|25.8|16.6|56.7|62.9|7.3|1.1|1.1
2026-05-06 10:05:58,32.6,97.6,24.19,55.44,71.99,12.41,1,24152,0.367,10460.7,5,84.3|83.3|98.7|99.3|99.4|99.7|100|96.7|95.7|98.4|88.1|92.9|93.3|93.3|83.7|87.2|84.7|83.8|84.3|81.9|52.3|50.1,53.5|0.8|34.9|44.2|39.6|44.2|34.9|39.6|33.4|31.8|16.3|69|64.4|38|56.6|14.8|16.3|58.2|55.1|2.4|0|0
2026-05-06 10:06:09,39.2,93.2,23.96,55.32,71.99,12.43,1,24152,0.356,10471,5,83|83.9|97.6|98.2|98.5|99.1|99.4|100.1|99.5|99|94.1|92|92.4|92.9|80.4|81.7|81.6|84.5|81.9|82.9|53.4|46.7,52.5|4.9|35.6|41.7|47.9|38.6|44.8|29.4|38.6|26.4|55.5|17.2|55.5|15.6|61.7|1.8|63.2|9.5|49.4|11|0.3|0.3
2026-05-06 10:06:20,41.2,90,23.93,55.39,71.99,12.43,1,24152,0.356,10481.5,5,81.6|81|96.5|97.1|96.6|97.1|95.1|95.8|94.9|95.6|89.4|89.5|91|90.7|79.6|82.1|79.6|81.1|80.7|79.3|44.9|47.8,53.7|7.5|38.3|39.9|44.5|50.7|29.1|24.4|27.5|27.5|44.5|35.2|55.3|21.4|56.8|12.1|46|21.4|58.4|15.2|1.3|2.8
2026-05-06 10:06:30,37.9,90.9,23.9,55.29,71.99,12.43,1,24152,0.356,10491.9,3,81.2|81.1|96.4|97|95.9|97.5|96.5|96.7|94.8|95.7|89.9|86.9|92.3|89.3|80.3|80.7|79.4|80.6|79.9|78.9|45|45.6,58.3|5.8|47.5|49|39.8|58.3|44.4|32.1|38.2|38.2|53.7|50.6|70.7|35.2|56.8|4.3|59.9|15.1|59.9|15.1|1.2|1.2
2026-05-06 10:06:41,45.3,92.4,24.15,55.34,71.99,12.35,1,24152,0.356,10502.2,3,87.7|92.8|102.6|104.4|104.1|104.7|103.1|103.8|102.6|103.8|94|96.2|97.7|94.7|87.2|93.7|88.8|93.7|91.8|88.1|50.8|48.7,42.3|7.9|40.7|37.6|39.1|42.3|31.3|25.1|37.6|40.7|46.9|28.2|40.7|46.9|61|3.2|61|6.4|17.3|51.6|0.1|1.7
2026-05-06 10:06:52,39.5,91.9,24.31,55.32,71.99,12.35,1,24152,0.356,10512.5,3,80|79.1|95.6|96.7|96.2|96|94.9|94.7|94.5|94.6|85.9|84.9|91.9|88.4|78.8|77.5|78.3|78.2|80.3|78.3|45.8|46.5,56.3|8|48.5|31.4|37.6|47|47|40.7|36|31.4|42.3|23.6|40.7|31.4|56.3|9.5|50.1|12.6|20.4|53.2|1.7|0.2
2026-05-06 10:07:02,35,91.8,24.35,55.27,71.99,12.35,1,24152,0.356,10522.8,3,81.7|84.6|97.6|99.7|100.9|99.9|100.2|102|97.7|100|96.5|97.2|97.4|94.5|84.6|84.9|84.2|85.1|82.9|83.9|49.4|44.9,45.8|14.8|34.9|30.3|34.9|24.1|24.1|24.1|19.5|36.5|62.8|21|24.1|48.9|41.1|10.2|53.5|7.1|11.7|55.1|0.9|0.9
2026-05-06 10:07:13,30.3,91.8,24.42,55.27,71.99,12.35,1,24152,0.356,10533.2,3,82.8|84.8|99.8|99.1|98.5|98.3|99.1|97.3|98.1|98|95.2|94.1|97.6|94|81.7|83.7|82.8|80.4|82.3|79.3|50.1|52.7,37.7|25.3|37.7|48.6|51.8|42.4|48.6|37.7|28.4|25.3|39.3|9.7|47.1|3.5|53.3|20.6|53.3|16|48.6|9.7|0.4|0.4
2026-05-06 10:07:24,29.6,97.8,24.39,55.26,71.99,12.35,1,24152,0.356,10543.5,3,89.6|95.6|106|104.8|104.9|105.9|102|101.4|100.4|102.1|97.7|97|98.2|98.4|86.7|95.3|88.1|94.9|88|93.6|58|0,64.3|11.5|34.8|23.9|50.3|37.9|30.2|28.6|22.4|25.5|41|10|48.8|3.8|45.7|13.1|53.4|8.4|51.9|3.8|0.7|0.7
2026-05-06 10:07:34,42.7,90.2,23.76,52.43,71.99,11.59,1,24152,0.356,10553.7,3,90.8|88.2|110.3|109.3|110|103|111.7|103.2|103.8|106|106.4|101.5|107.7|106.3|90.7|88.8|90.6|95|90.4|94.3|50|50.1,49.3|18.5|46.2|37|46.2|37|49.3|18.5|10.8|13.9|55.4|32.4|61.6|20.1|57|20.1|43.1|18.5|49.3|10.8|0|0
2026-05-06 10:07:45,18.2,114.4,23.39,51.11,71.99,11.17,1,24152,0.356,10564,3,103.7|115.1|55.5|55.5|55.5|55.5|55.6|55.5|54.6|55.2|134.2|137.9|135|139.2|102.3|111.1|94.4|75.6|71.9|81.8|58.1|65.9,7.1|30.3|0.9|0.9|0.9|0.9|2.5|0.9|0.9|0.9|0.9|44.3|17.9|8.6|27.2|4|39.6|0.9|25.7|4|0.9|0.9
2026-05-06 10:07:55,8.9,115.6,23.49,51.1,71.99,10.69,1,24152,0.356,10574,3,104.8|109.5|55.5|55.5|55.5|55.7|55.5|55.6|55.6|55.5|131.2|136.5|141|133.1|109.7|109.6|111.9|110.2|97.5|102.6|43.9|43.9,6.5|33|0.3|0.3|0.3|0.3|0.3|0.3|0.3|0.3|8.1|43.9|33|11.2|23.7|5|33|8.1|28.4|11.2|1.9|1.9
2026-05-06 10:08:06,10.6,116.4,23.28,51.09,71.99,10.69,1,24152,0.356,10584.1,3,109|101.6|55.5|55.6|55.6|55.6|55.5|55.5|55.6|55.6|134.4|134.6|134.8|134.9|107|101.3|102.3|105.6|100.6|98.9|53.1|53.6,8|26.7|0|0|0|0|0|0|0|0|1.7|40.7|40.7|6.4|32.9|6.4|28.2|6.4|26.7|6.4|0|0
2026-05-06 10:08:16,8.7,116.1,23.44,51.11,71.99,10.69,1,24152,0.356,10594.2,3,71.4|76.3|55.6|55.6|55.5|55.5|55.5|55.6|55.5|55.5|138.3|138.1|138.8|137|108.4|114.8|112.8|111.8|99.9|109.1|46.6|62,18.3|9|0|0|0|0|1.3|1.3|1.3|1.3|50.7|27.5|56.8|24.5|39.9|19.8|49.1|18.3|52.2|26|0|0
2026-05-06 10:08:26,10.1,120.8,23.49,51.11,71.99,10.69,1,24152,0.356,10604.3,3,94.2|92.8|55.6|55.7|55.4|55.7|55.5|55.4|55.3|55.3|140.3|139.9|140.2|140.6|106|105.7|106.4|109.5|103.3|98.4|47|56.5,15.3|4.5|0|0|0|0|0|0|0|0|30.7|12.2|39.9|3|33.8|6.1|41.5|10.7|27.6|24.5|0|0
2026-05-06 10:08:37,8.9,115.3,23.16,51.1,71.99,10.69,1,24152,0.356,10614.5,3,86.6|82.6|49.6|0|55.3|56|55.5|0|55.5|0|138.1|140.2|138.6|141.5|106.6|114.9|117.3|126.2|108|100.6|0|0,18.3|4.5|0|1.4|1.4|1.4|1.4|1.4|1.4|1.4|23|12.2|12.2|16.8|12.2|18.3|30.7|4.5|32.2|13.7|0|1.4
2026-05-06 10:08:47,6,88.1,23.12,51.01,71.99,10.69,1,24152,0.356,10624.5,3,74.8|63.4|55.5|0|0|0|0|55.9|0|0|106.9|121.8|133.4|122.5|78.2|83.7|70.1|75.6|71|61.4|0|98.6,18.4|9.2|0|1.5|1.5|1.5|1.5|0|1.5|0|23|10.7|10.7|29.2|9.2|24.6|29.2|13.8|27.6|23|0|1.5
2026-05-06 10:08:58,7.1,90,23.14,51.03,71.99,10.69,1,24152,0.356,10634.8,3,80.1|111.1|54.9|0|48.5|55.2|0|0|0|0|118.5|131.2|113.5|120.5|93.1|94.7|80.2|73.5|91.1|78.2|0|0,8.8|0|0|1.1|0|0|0|1.1|1.1|1.1|15|1.1|0|16.6|5.7|42.8|24.3|8.8|13.5|10.4|1.1|1.1
2026-05-06 10:09:08,7.1,89,23.18,51.06,71.99,10.69,1,24152,0.356,10644.8,3,62.8|70.5|54.8|55.5|55.5|55.5|55.5|55.6|55.6|54.1|101.8|111.6|112|120.1|74.3|87.1|76.5|70.2|64.9|68.2|70.7|58.4,31.6|11.3|0|0.4|0.4|0.4|0.4|0.4|0.4|0|23.8|12.9|31.6|16|25.3|6.7|45.6|17.6|44|22.2|0|0.4
2026-05-06 10:09:18,7.4,91.4,23.18,51.06,71.99,10.69,1,24152,0.356,10654.9,3,58.8|73.2|55.6|55.8|55.4|55.6|55.6|55.2|55.6|55.5|101.3|92.3|113.8|110.1|63.7|61.3|106.1|93.1|74.2|78|57.4|57.9,14.1|3.2|0|0|0|0|0|0|0|0|25|3.2|26.6|1.6|11|9.4|28.2|11|34.4|7.8|0|0
2026-05-06 10:09:29,6.3,87.8,23.17,51.04,71.99,10.69,1,24152,0.356,10664.9,3,60.9|75.4|55.5|55.5|55.4|55.7|55.6|55.3|55.7|55.5|92.7|75.5|106.9|111.3|67.2|70.3|89.9|75.6|79.9|93.9|52.7|67,9.6|6.5|0|0|0|0.2|0|0|0|0|26.7|8|26.7|1.8|3.3|3.3|26.7|12.7|23.6|11.1|0.2|0.2
2026-05-06 10:09:39,15.1,122.4,23.46,51.13,71.99,10.69,1,24152,0.356,10675,3,104.5|106.9|119.1|109.1|84.4|91|89.3|119.9|118.9|116.9|129.5|128.6|128.8|129.9|101.9|108.2|106.7|107.7|107.2|113.5|49.5|46.5,26|16.8|33.7|29.1|29.1|18.3|15.2|21.4|19.9|18.3|22.9|43|33.7|26|26|24.5|22.9|50.7|41.4|21.4|0|0
2026-05-06 10:09:49,17.9,103.4,23.41,51.21,71.99,10.69,1,24152,0.356,10685.1,3,93.9|105.3|55.1|55.6|55.6|55.6|55.5|55.6|55.6|55.5|137.6|146.7|148.8|154|94.8|100.5|99.3|97.7|104.3|103|45.1|45.7,19.2|5.2|0.5|0.5|0|0.5|0.5|0.5|0.5|0.5|19.2|36.3|34.7|22.3|16.1|11.4|11.4|42.5|33.2|9.9|0|0
2026-05-06 10:10:00,11.4,119.1,23.36,51.22,71.99,10.69,1,24152,0.356,10695.3,3,99.4|96.5|55.5|55.5|55.5|55.6|55.5|55.5|55.5|55.1|132.6|131.5|135.7|131.2|100.9|99.8|108.6|105.7|108|108.6|44|47.7,26.1|1.5|1.5|1.5|1.5|1.5|1.5|1.5|1.5|1.5|13.8|16.9|32.3|6.1|18.4|12.3|13.8|40|40|9.2|1.5|1.5
2026-05-06 10:10:10,6.9,124.2,23.3,51.2,71.99,10.69,1,24152,0.356,10705.5,3,104.7|111.3|77.6|74.4|74.2|73.9|55.6|55.7|58|55.7|130.3|129|124.6|123.1|109.1|110.6|105.7|111.2|107.5|106.6|50.5|45.9,38.2|0|0|0|0|0|0|0|0|0|22.7|1.1|30.5|0|22.7|1.1|11.9|2.7|42.8|2.7|0|0
2026-05-06 10:10:21,29.3,113.8,23.91,51.97,71.99,10.69,1,24152,0.356,10715.5,3,88.4|89.8|103.6|103.3|103.3|103.2|102.9|103.2|102.9|103.3|101.8|98.6|101.5|101.8|89.8|88.9|89.9|89.9|90.2|90.2|46.2|44.9,40|12.3|32.3|60|60|63.1|20|10.7|18.4|26.1|52.3|21.5|56.9|21.5|41.5|4.6|32.3|9.2|50.7|10.7|0|0
2026-05-06 10:10:31,23.1,115.1,24.19,52.2,71.99,10.69,1,24152,0.356,10725.6,3,104.8|102.4|55.6|55.6|54.8|55.6|55.5|55.5|55.5|55.5|129.3|131.4|131.6|128.3|107.7|103.2|110.5|112.1|109.6|111.8|50.4|56.2,26.8|3.4|0|0|0|0|0|0|0|0|37.7|12.8|40.8|11.2|34.6|1.9|19|8.1|53.3|3.4|0|0
2026-05-06 10:10:42,11.9,116.2,24.22,52.24,71.99,10.69,1,24152,0.356,10735.7,5,102.4|109.3|55.3|55.4|55.7|55.6|55.4|55.4|55.3|55.5|127.2|130|131.9|136.9|98|102.2|100.5|88.2|100.4|107.2|57.9|73.1,26.1|1.5|1.5|0|0|0|0|0|1.5|0|15.3|3|3|19.9|18.4|4.5|10.7|7.6|9.2|38.4|0|0
2026-05-06 10:10:52,14.3,110.9,24.17,52.31,71.99,10.71,1,24152,0.356,10745.6,5,93|104.9|124.2|126.6|122.7|119.3|87.3|91.6|79|106.4|125.2|136.5|126.3|126.6|99.6|95.1|97.9|89.6|105.4|94.8|47.9|46,38|30.3|2.4|2.4|2.4|2.4|2.4|2.4|2.4|4|31.8|36.5|16.3|45.8|42.7|30.3|38|24.1|31.8|42.7|2.4|4
2026-05-06 10:11:03,7.1,95.8,24.13,52.2,71.99,10.71,1,24152,0.356,10755.6,5,116.2|104.3|55.6|55.6|55.6|55.6|55.6|55.6|55.5|54.9|125.9|111.5|120|123.7|89.4|86|84|64.2|88.9|110.9|47.7|47.7,38.1|1|1|1|1|1|1|1|1|1|16.4|4.1|5.6|18|18|2.5|7.1|1|2.5|44.3|1|1
2026-05-06 10:11:13,15.1,104.5,23.91,52.23,71.99,10.72,1,24152,0.34,10765.8,5,86.4|91.4|54.7|55.5|55.5|55.6|52.7|55.5|55.6|55.5|124.9|115.8|105.9|98|65.5|69.7|68.2|54.4|70.4|50|55.5|48,38.2|4.2|0|0|1.1|0|0|0|0|0|18.1|2.6|10.4|0|16.5|2.6|15|1.1|7.3|7.3|0|0
2026-05-06 10:11:23,6.8,94.6,23.93,52.24,71.99,10.72,1,24152,0.34,10776.1,5,125.8|134.1|55.5|55.5|55.5|55.6|55.5|55.5|55.5|55.5|129.9|121|100.6|99.1|86.9|64.8|64.9|66|71.1|64.5|61.3|72.2,36.9|1.5|0|1.5|1.5|1.5|1.5|1.5|1.5|0|15.3|1.5|20|0|26.1|3|12.3|12.3|12.3|6.1|0|0
2026-05-06 10:11:34,6,96.4,23.87,52.14,71.99,10.72,1,24152,0.34,10786.3,5,96.8|88.6|55.5|55.3|55.8|55.6|55.5|55.3|55.7|55.4|121.6|123.4|104.5|113.8|86.9|72.7|98.3|109.3|83.8|79.4|56.9|66.9,25.9|1.1|0|0|1.1|0|1.1|1.1|1.1|1.1|13.5|0|13.5|2.7|19.7|5.8|12|12|12|8.9|0|0
2026-05-06 10:11:44,7.9,88.4,23.9,52.17,71.99,10.72,1,24152,0.341,10796.6,5,63.9|91.8|55.3|55.9|55.9|55.4|55.6|55.5|55.3|55.4|110.1|114.2|102.9|104|78.2|76.3|64.3|57.6|61.4|50.4|53.2|53.5,0|21|0|0|0|0|0|0|0|0.9|0|14.8|16.4|4|27.2|4|21|5.5|11.7|7.1|0|0
2026-05-06 10:11:55,5.7,77.9,23.86,52.12,71.99,10.72,1,24152,0.341,10806.8,5,85.2|83.7|55.6|55.3|55.6|55.4|55.5|55.2|55.9|53.7|105.1|112.4|100.8|112.2|97.4|77.7|64.9|59.9|62.5|76.6|76.2|60.4,2.7|41.3|0|0|0|0|1.2|0|0|0|7.4|25.9|24.3|4.3|25.9|10.4|18.2|10.4|5.8|12|0|0
2026-05-06 10:12:05,8.7,86.5,23.86,52.12,71.99,10.72,1,24152,0.341,10817.1,3,65.1|78.2|55.5|55.3|55.2|55.7|55.7|55.6|55.6|55.7|126.3|124.8|91.4|96.5|82.4|86.2|73.6|64.1|69.1|65.3|61.4|85.5,0|21.1|0|0|0|0|0|0|0|0|2.5|13.3|10.2|2.5|28.8|5.6|13.3|5.6|14.9|13.3|0|0
2026-05-06 10:12:16,5.9,88.7,23.89,52.17,71.99,10.72,1,24152,0.341,10827.3,3,68.4|83.6|55.6|55.6|55.6|55.6|55.6|55.6|55.6|55.5|125.4|111.4|117.3|118.3|102.9|102.2|97.9|113.3|73.5|60.2|50.6|68,39.7|16.5|1|1|1|1|1|1|1|1|42.8|35|50.5|32|53.6|28.9|52.1|32|42.8|25.8|1|0
2026-05-06 10:12:26,6.7,105.6,23.87,52.12,71.99,10.72,1,24152,0.341,10837.6,3,89.2|93.2|55.5|55.2|55.3|55.6|55.6|55.7|55.7|55.4|115.7|133.9|125.7|123.8|110.9|99.6|90.2|86.8|88.1|84.9|56.4|60.4,15|7.2|1.1|1.1|1.1|1.1|1.1|1.1|1.1|0|28.9|7.2|24.3|8.8|30.4|5.7|32|13.4|16.5|18.1|1.1|0
2026-05-06 10:12:36,15.2,120.3,23.78,51.7,71.99,10.7,1,24152,0.341,10847.7,3,113|87.4|55.5|55.6|55.5|55.6|55.6|55.5|54.5|55.6|117.3|124.3|108|102.6|101.1|85.7|108.9|98.2|89.7|79|51.1|66.8,13.3|4|0.9|0.9|0.9|0|0|0.9|0.9|0.9|27.2|4|19.5|18|22.6|27.2|41.2|11.8|11.8|10.2|0.9|0.9
2026-05-06 10:12:47,6.1,101.5,23.79,51.7,71.99,10.7,1,24152,0.341,10857.9,3,92|93.6|53.1|55.5|55.6|55.8|55.9|55.5|55.9|55.7|104.2|104.5|109.9|116.5|80.9|98.4|87.3|89.4|62|72.8|43.1|43.2,16.4|7.1|0.9|0|0|0|0|0|0|0|28.8|4|10.2|38.1|11.7|38.1|39.6|14.8|33.4|8.7|0|0
2026-05-06 10:12:57,7.3,102,23.8,51.73,71.99,10.7,1,24152,0.341,10868.1,3,73.4|71.6|55.5|55.6|55.5|55.6|55.6|55.6|54|55.6|96.4|89.6|112.8|113.5|98.6|112.8|103.2|94.2|86.4|78.2|43.6|43.6,30.4|11.9|0|0|2.6|0|0|0|0|2.6|33.5|13.4|18.1|44.3|4.2|38.2|41.3|18.1|36.6|24.3|0|0
2026-05-06 10:13:08,5.6,115.6,23.79,51.72,71.99,10.7,1,24152,0.341,10878.2,3,105.7|117.6|54.7|55.3|55.4|54.1|55.2|54.9|54.3|55.4|118.9|123.5|115.2|120.2|111.9|113.5|124.6|116|122.8|124.2|54.4|51.4,21|0|0|0.8|0.8|0.8|0.8|0|0.8|0|14.8|2.4|13.2|0.8|11.7|0|33.4|0|30.3|0|0|0.8
2026-05-06 10:13:18,6.5,104.5,23.8,51.72,71.99,10.7,1,24152,0.341,10888.4,3,89.6|82|55.6|0|0|0|0|55.6|0|0|127.4|135.2|93.3|86.3|100.5|106.4|97|89.7|114.7|98.7|0|0,38.1|16.5|1|0|0|0|0|0|0|0|22.7|16.5|25.7|14.9|18|10.3|41.2|21.1|39.7|18|0|0
2026-05-06 10:13:29,6.9,112.6,23.77,51.69,71.99,10.7,1,24152,0.342,10898.6,3,67.9|83.3|55.4|55.4|55.4|55.5|55.6|55.5|55.4|55.4|125.2|124.6|98.3|115.2|87.7|73.3|104.5|101.2|106.3|76.6|48.6|47.3,10.4|2.7|0|1.1|0|0|0|0|0|0|16.6|4.2|10.4|0|2.7|2.7|25.9|8.9|44.4|11.9|0|0
2026-05-06 10:13:39,6.9,104.1,23.76,51.68,71.99,10.7,1,24152,0.343,10908.7,3,87.1|84.8|55.5|55.4|0|55.5|55.6|0|0|53.1|112.2|117|109.9|99.7|73.7|70.5|114.5|121|112.9|97.7|55.3|0,5.7|1.1|0|1.1|0|1.1|1.1|0|0|1.1|0|15|16.5|4.2|2.6|2.6|5.7|30.5|52.1|5.7|1.1|0
2026-05-06 10:13:49,7.9,106.1,23.75,51.68,71.99,10.7,1,24152,0.344,10918.9,3,74.4|84.8|55.8|56.3|55.4|55.4|55.5|55.9|53.2|55.3|121.1|124.9|108.3|108.2|69.9|69.5|118.4|129.1|130.2|117.3|52.8|106.8,8.8|7.2|0|1|1|1|1|1|1|0|0|25.8|14.9|1|7.2|2.6|4.1|38.1|21.1|5.7|1|1
2026-05-06 10:14:00,8.7,118.9,23.78,51.7,71.99,10.7,1,24152,0.347,10928.8,3,88.7|100.1|55.6|55.2|55.8|55.6|55.6|55.5|55.2|55.6|111.7|116.7|115|114.8|77.1|60.1|113.2|124.2|117.4|98.9|44|52.1,18.9|0.1|0|0|0|0|0|0.1|0|0|3.2|22|15.7|6.4|11|3.2|4.8|36|34.5|9.5|0|0
2026-05-06 10:14:10,7.8,105.6,23.65,51.32,71.99,10.7,1,24152,0.348,10939,3,104|97.2|55.4|55.6|55.8|55.6|55.7|55.4|55.5|52.9|122.6|115.1|109.6|100.4|83.5|88.9|71.1|70.4|116.7|101|69.7|50.9,22.4|6.9|0.7|0.7|0.7|0.7|0.7|0.7|0.7|0.7|16.2|5.3|22.4|2.2|19.3|5.3|10|8.4|47.2|8.4|0.7|0.7
2026-05-06 10:14:21,7.6,120.1,23.65,51.33,71.99,10.7,1,24152,0.348,10949.1,3,113.6|100.2|53.9|53.7|53.8|53.8|53.7|54|53.7|53.5|119.6|115.6|122.2|115.4|113.4|128.2|116|115.3|134.8|132.8|48.7|61.6,41.3|7.3|0|0|0|0|1.1|1.1|0|0|21.2|13.5|32|13.5|35.1|16.6|15|16.6|35.1|21.2|1.1|0
2026-05-06 10:14:31,5.1,103.4,23.56,51.32,71.99,10.63,1,24152,0.348,10959.3,3,98.1|97.9|55.2|55.5|55.5|55.6|55.6|55.6|55.6|55.6|126.4|122.6|127.9|130.1|76.1|90.3|85.1|81|133.2|115.7|53.9|64.9,15.3|1.5|0|0|0|0|0|0|0|0|16.9|1.5|21.5|0|19.9|6.1|7.6|4.6|41.5|6.1|0|0
2026-05-06 10:14:41,10.4,114.4,23.68,51.45,71.99,10.63,1,24152,0.348,10969.5,3,117.5|118|55.6|55.6|55.5|55.6|55.5|55.5|55.4|55.6|117.3|122.9|120.3|124.8|85.5|77.1|75.8|60.9|105.1|119.2|52.9|80.5,34.5|4.8|0.2|0.2|0.2|0.2|0.2|0.2|0.2|0.2|32.9|4.8|22|42.3|34.5|8|11.1|3.3|12.6|42.3|0.2|0.2
2026-05-06 10:14:52,14.8,122.6,23.7,51.55,71.99,10.63,1,24152,0.349,10979.6,3,106.7|100.6|55.6|55.6|55.6|55.2|55.6|55.5|55.5|55.6|136.5|150.2|162.9|166.6|97.6|78.4|88|74.6|93.7|107.5|45.1|54,34.7|2.1|2.1|2.1|2.1|2.1|2.1|2.1|0.5|2.1|27|5.2|9.9|39.4|13|5.2|11.4|5.2|9.9|33.2|3.6|3.6
2026-05-06 10:15:02,11.2,122.9,23.69,51.46,71.99,10.63,1,24152,0.349,10989.8,3,117.5|103.6|53.6|55.5|55.6|55.4|55.6|55.6|55|55.6|119.2|94.4|129.8|133.1|98.8|85.3|100|78.8|98.6|111.7|45.9|45.9,34.9|10.2|0.9|0.9|0.9|2.4|0|2.4|0.9|0.9|31.8|5.5|13.2|31.8|22.5|5.5|17.9|7.1|19.4|36.5|0.9|0.9
2026-05-06 10:15:13,15,123,23.86,51.46,71.99,10.07,1,24152,0.349,10999.9,3,130.4|132.9|55.2|55.5|55.6|55.6|54.9|55.6|54.9|55.6|111.7|115.4|119.5|122.3|135.1|130.8|121.1|133.7|112.9|113.6|46.6|46.6,56.8|18.3|0|0|0|0|0|0|0|0|30.6|27.5|27.5|10.6|33.7|18.3|38.3|18.3|32.2|15.2|0|0
2026-05-06 10:15:23,5.4,112.9,23.82,51.41,71.99,10.07,1,24152,0.349,11009.9,3,100.6|101.6|55.6|55.6|55.6|55.6|55.6|55.6|55.5|55.6|132.1|136.8|131.2|132.6|119.2|104.7|108.5|101.8|101.7|85.6|47.4|47.4,35.2|1.2|1.2|0|0|1.2|0|1.2|0|0|13.6|4.3|7.4|1.2|18.2|4.3|21.3|1.2|15.1|5.9|0|0
2026-05-06 10:15:33,6.7,104.6,23.81,51.38,71.99,10.07,1,24152,0.349,11020,3,127.1|99|55.5|55.7|55.7|55.5|50.4|55.7|55.5|55.3|127.2|132.5|109|111.4|111.1|111.1|74.7|86.8|77.7|60.6|46.9|46.6,24.3|4.2|0|0|0|1.1|1.1|0|0|0|24.3|2.6|19.6|1.1|32|5.7|19.6|2.6|11.9|2.6|1.1|0
2026-05-06 10:15:44,5.7,116.7,23.87,51.45,71.99,10.07,1,24152,0.35,11030.1,3,124.4|122|55.4|55.7|55.6|55.6|55.6|55.5|55.4|55.6|125.4|125.3|125.7|131.3|131.8|131.8|124.4|126.9|117.2|122.5|43.9|43.9,1.1|25.9|0|0|0|0|0|1.1|0|0|7.3|13.5|15|4.2|28.9|2.7|19.7|10.4|12|12|0|0
2026-05-06 10:15:54,19.6,117.3,23.84,51.46,71.99,10.07,1,24152,0.351,11039.8,3,95.9|100|55|55.4|55.7|55.5|55.5|55.5|55.5|55.6|170.2|135.9|164|147.1|105.7|97.4|94.1|80|91.9|67.4|47.6|49.2,16.6|52.1|1.2|0|0|0|0|0|0|0|22.8|53.7|49.1|29|41.3|18.2|38.2|22.8|30.5|29|0|1.2
2026-05-06 10:16:05,14.3,111.9,23.81,51.38,71.99,10.07,1,24152,0.351,11049.7,3,102.7|115.8|54.2|55.5|55.4|55.5|55.6|55.5|55.6|55.6|116.2|121.2|118.9|117.9|103.4|98.3|108.8|94|101.5|94.8|50.9|43.6,1.4|44.5|0|0|0|0|0|0|0|0|0|23|15.3|0|21.4|2.9|7.6|4.5|12.2|4.5|1.4|1.4
2026-05-06 10:16:15,15.5,127.5,23.57,51.45,71.99,10.12,1,24152,0.346,11059.8,3,102.1|99|55.5|55.6|55.6|55.5|53.4|55.5|55.5|55.6|127.1|130.9|116|120|110.6|105.5|128.2|99.3|120.5|102.7|58.7|58.7,11.9|2.6|0|0|0|0|0|0|0|0|32|8.8|32|11.9|39.7|7.3|27.4|8.8|24.3|10.4|0|0
2026-05-06 10:16:25,10.6,110.1,23.53,51.37,71.99,10.12,1,24152,0.346,11069.7,3,91.3|76.8|55.5|55.5|55.5|55.6|55.5|55.6|55.6|55.7|119.6|133.1|122.1|121.7|114.1|106|114.6|127.1|92.6|84.5|46.7|46.7,15.2|10.5|1.3|1.3|1.3|1.3|1.3|1.3|0|1.3|38.3|15.2|47.5|16.7|47.5|24.4|42.9|27.5|12.1|10.5|0|0
2026-05-06 10:16:36,14.3,130.4,23.58,51.39,71.99,10.12,1,24152,0.347,11079.8,3,107.6|110.1|55.6|55.6|55.6|55.5|55.6|55.6|55.6|55.6|117.3|124.5|115.9|120.1|128.7|116.2|130.2|137.2|143.7|147.6|45.6|53.5,24.4|5.8|0|0|0|0|0|0|0|0|33.6|10.5|39.8|16.7|42.9|12|39.8|18.2|63|22.8|0|1.2
2026-05-06 10:16:46,21.7,126.5,23.59,51.42,71.99,10.12,1,24152,0.348,11089.8,5,109.6|107.6|55.5|55.5|55.5|55.6|55.6|55.6|55.6|55.5|119.5|128.2|132.8|129.1|120.1|132|119|127|134.7|136.3|50|55.4,28.3|4.9|0.2|0.2|0.2|0.2|0.2|0.2|0.2|0.2|29.8|15.8|11.1|22|14.2|39.2|64.1|22|53.2|11.1|0.2|0
2026-05-06 10:16:57,12.6,127.2,23.58,51.38,71.99,10.12,1,24152,0.33,11099.8,5,93.4|89.8|55.4|55.6|55.6|55.5|55.5|55.6|55.5|55.6|109.7|115.2|124.6|122.4|128.8|132.7|132.1|127.7|135.5|135.1|43.4|43.4,10.2|2.5|0.9|0|0.9|0.9|0.9|0|0|0|24.2|7.1|14.9|25.7|7.1|42.7|44.3|19.5|55.1|13.3|0|0
2026-05-06 10:17:07,11.4,119.7,23.5,51.31,71.99,10.12,1,24152,0.33,11109.8,5,92.7|85.7|54.8|54.4|54.4|54.2|55.1|54.9|54.9|55|104.5|110.3|128.4|129.7|102.4|122.6|134.3|124.6|105.3|72.8|48.4|45.3,8.4|0.7|0|0.7|0.7|0.7|0.7|0.7|0.7|0.7|13.1|5.3|14.6|2.2|8.4|5.3|25.5|11.5|41|10|2.2|0.7
2026-05-06 10:17:17,21.7,101.3,23.54,51.35,71.99,10.12,1,24152,0.33,11119.9,5,78.1|71|55.6|55.6|55.5|55.5|55.6|51.1|55.5|55.6|109.8|113.4|114.2|118.4|94|104.3|98.6|100.2|124.1|81.9|69.5|69.3,16.4|4|0.9|0|0|0|0|0|0|0|19.5|4|24.2|2.5|19.5|13.3|31.9|5.6|35|10.2|0|0
2026-05-06 10:17:28,12.5,105.1,23.53,51.31,71.99,10.12,1,24152,0.33,11130,5,75.9|65.7|54.2|55.6|55.6|55.7|55.5|55.7|55.1|55.5|106.7|110.2|105.9|94.3|61.1|65.4|104.4|88.3|110.4|94.7|66.7|64.6,10.4|1.1|0|1.1|1.1|1.1|1.1|1.1|0|1.1|13.5|0|13.5|0|5.8|0|22.8|8.9|35.1|7.3|1.1|1.1
2026-05-06 10:17:38,7.6,91.2,23.53,51.3,71.99,10.12,1,24152,0.33,11140,5,82.5|62.3|55.7|0|0|0|55.4|0|0|0|107.2|121.3|91.4|98.8|71.1|53|90.3|115.2|97.1|82.8|0|0,15.2|4.4|1.3|0|1.3|0|1.3|0|0|0|2.8|30.6|27.5|2.8|19.8|16.7|5.9|39.8|44.5|9|0|0
2026-05-06 10:17:49,13.6,99.2,23.56,51.34,71.99,10.12,1,24152,0.33,11149.9,5,89.6|105.3|55.5|55.6|55.5|55.4|55.7|55.3|55.3|55.5|111.4|125.1|97.6|106|70|72.8|78.7|95.2|95.5|72.4|43.8|43.9,13.2|7|0|0|0|0|0.8|0.8|0|0|10.1|33.4|36.5|10.1|19.4|7|5.5|45.8|38|21|0|0.8
2026-05-06 10:17:59,8,114.7,23.55,51.31,71.99,10.12,1,24152,0.33,11160.2,5,86.7|81.5|55.6|55.2|55.5|55.8|55.8|55.4|55.7|55.8|111.6|119.3|95.4|104.1|80.7|80.2|119.5|131|122.6|95.7|53.2|53.2,16.4|1|1|0|0|0|0|0|0|0|0|22.6|13.3|0|8.7|0|0|36.6|30.4|1|0|0
2026-05-06 10:18:09,6.7,115.3,23.57,51.32,71.99,10.12,1,24152,0.361,11170,5,108.1|102.2|55.6|55.7|55.6|55.5|55.6|55.3|55.4|55.6|118.4|109.5|108.4|115.5|99.2|97.7|77.6|88.8|126.6|110.2|60.8|50.2,39.6|8.6|2.4|0|0.8|0.8|0.8|0|0.8|0.8|31.8|13.2|25.6|8.6|14.8|7|7|8.6|55.1|11.7|0|0.8
2026-05-06 10:18:20,6.7,81.4,23.62,51.39,71.99,10.12,1,24152,0.361,11180.2,5,69.6|92.3|55.6|55.6|53.8|55.3|53.3|55.5|55.6|55.6|120.6|125.9|97.5|106.8|62.2|78.5|65.9|68.4|90.2|78.5|63.4|62.9,24.2|4.1|0|0|0|0|0|0|0|0|16.5|0|7.2|1|14.9|1|8.8|8.8|22.7|22.7|1|1
2026-05-06 10:18:30,5.3,85.3,23.59,51.34,71.99,10.12,1,24152,0.36,11190.2,5,72.5|79.1|55.9|0|0|0|0|0|0|0|106.8|103|107|102.9|62.2|51.2|71.1|69.1|104.9|71.5|0|94.1,52.2|18.2|1.2|1.2|0|0|0|0|0|0|50.6|33.6|66.1|33.6|35.2|12|21.3|15.1|49.1|25.9|0|0
2026-05-06 10:18:41,8.1,89.3,23.58,51.34,71.99,10.12,1,24152,0.36,11200.4,5,68.7|76.3|55.4|0|55.6|55.5|0|0|56|0|100|99.7|105.7|112.5|59.8|57.2|63.8|55.1|64|96.8|66.3|0,21.3|5.8|0|1.2|1.2|0|1.2|1.2|1.2|1.2|13.6|0|1.2|27.5|5.8|1.2|7.4|1.2|4.3|32.1|1.2|2.8
2026-05-06 10:18:51,6,96.3,23.59,51.33,71.99,10.1,1,24152,0.36,11210.4,3,77.3|78.1|55.8|55.3|55.7|55.3|55.8|56|55.6|54.6|105.3|100.1|117.9|125.6|64.7|62.1|60.5|58.8|88.6|101.2|69.8|95.6,25.6|2.3|0.8|0.8|0.8|0.8|0.8|0.8|0.8|0.8|19.4|0.8|3.9|28.7|8.5|5.4|5.4|0.8|3.9|51.9|0.8|0.8
2026-05-06 10:19:01,5.1,73,23.6,51.34,71.99,10.1,1,24152,0.36,11220.5,3,65.3|83.7|55.4|55.6|55.5|55.6|55.6|55.5|55.6|55.6|113.3|116.7|92.1|114.2|65.2|57.8|63|51.7|75.9|105.6|66.9|74.2,24.4|2.8|0|0|0|0|0|0|0|0|12.1|0|0|12.1|7.5|5.9|9|4.4|2.8|36.8|0|0
2026-05-06 10:19:12,5.3,77.4,23.6,51.33,71.99,10.1,1,24152,0.36,11230.5,3,67.5|76.8|55.7|55.6|55.6|55.8|55.6|55.5|55.7|55.5|112.2|102.1|116.9|112.6|73.1|79|61.3|55.5|57.9|48|70.8|67.6,27.5|1.3|2.9|2.9|2.9|2.9|2.9|2.9|2.9|2.9|9|1.3|16.7|0|19.8|4.4|16.7|5.9|18.3|5.9|2.9|2.9
2026-05-06 10:19:22,11.9,124.7,23.61,51.4,71.99,10.1,1,24152,0.36,11240.7,3,132|136.9|51|55.5|55.5|55.5|55.5|55.5|55.5|55.3|131.6|142.2|125.3|137.5|122.5|128.2|135.8|144.5|106.5|95|47.6|48,53.5|16.4|0.9|0|0.9|0.9|0.9|0.9|0.9|0.9|47.4|24.1|48.9|22.6|44.3|22.6|25.7|19.5|36.5|27.2|0.9|0.9
2026-05-06 10:19:32,11,120.5,22.95,51.34,71.99,10.1,1,24152,0.36,11250.9,3,118.1|127|55.2|55.4|55.4|55.5|55.5|55.6|55.7|55.4|131.5|135.4|124.8|134.2|113.2|118.5|115.2|122.7|114.1|126.1|44.5|44.5,53.7|22.8|1.1|1.1|0|1.1|0|0|0|0|30.5|2.7|21.2|2.7|25.9|4.2|32|2.7|27.4|4.2|0|0
2026-05-06 10:19:43,25.7,106.1,23.54,51.84,71.99,10.09,1,24152,0.36,11261,3,95|92.2|105.4|106.2|106.2|105.8|107.2|105.1|104.2|104.3|103.9|102.8|102|104.4|92.3|94.3|92.3|94.6|92.7|95.5|48.1|46.4,30.3|64.4|67.5|84.5|67.5|78.3|81.4|67.5|67.5|70.6|53.5|72.1|67.5|59.7|67.5|42.7|59.7|39.6|69|36.5|0.8|0
2026-05-06 10:19:54,61,99.1,24.03,52.11,71.99,10.09,1,24152,0.36,11271.1,3,86|85.4|102.2|102|101.8|101.8|102|102.3|102.4|102.2|97.5|99.6|98|98.7|86.7|86.5|85.4|86.2|86.5|85.6|44.4|44.8,5.6|53.6|39.6|62.9|64.4|62.9|65.9|42.7|44.3|45.8|25.7|48.9|41.2|30.3|58.2|18|72.1|18|52|11.8|0|0
2026-05-06 10:20:04,27.6,119,24.28,52.36,71.99,10.09,1,24152,0.36,11281,3,120.8|114.1|54.8|55.3|55.5|55.5|55.6|55.5|55.5|55.5|126|123.4|126.2|123.4|114.7|118.6|116.3|118.7|115|118.5|53.4|45.7,44.3|67.5|0|0|0|0|0|0|0|0|16.5|15|24.2|24.2|47.4|50.5|61.4|56.7|67.5|70.6|0|0
2026-05-06 10:20:15,12.5,115.4,24.28,52.33,71.99,10.09,1,24152,0.36,11291.1,3,95.3|97.5|55.2|55.4|55.2|55.3|55.3|55.3|55.4|55.5|133.6|134.5|136.2|133.2|107.8|100.7|106.6|99|111.5|108.6|46.9|47.9,33.2|5.3|0.6|0.6|0.6|0.6|0.6|0.6|0.6|0.6|31.7|28.6|34.8|22.3|36.3|3.7|33.2|9.9|30.1|11.5|0.6|0.6
2026-05-06 10:20:25,10.7,116.1,24.09,52.17,71.99,10.09,1,24152,0.36,11301.4,3,97.4|108.6|55.6|55.5|55.5|55.6|55.7|55.7|55.5|55.6|137.4|134.5|137.7|140.2|114.9|108.1|110.1|111.3|112|118.4|45.4|43.7,31.9|4|2.4|0.9|2.4|0.9|2.4|2.4|2.4|2.4|28.8|10.2|33.4|11.7|25.7|2.4|33.4|17.9|33.4|16.4|2.4|2.4
2026-05-06 10:20:36,9.6,118.2,24.22,52.18,71.99,10.07,1,24152,0.359,11311.7,3,99.5|85.7|55.4|55.4|55.5|55.5|55.5|55.2|55.5|55.5|138|136.9|133.4|134.2|106|101.7|103.4|107.9|113.4|114.3|45.8|51.7,28.6|3.8|0.7|0.7|0.7|0.7|2.2|0.7|0.7|0.7|50.3|20.9|39.5|11.6|25.5|3.8|39.5|14.7|41|13.1|0.7|0
2026-05-06 10:20:46,9.6,119.9,24.24,52.13,71.99,10.07,1,24152,0.359,11321.8,3,95.6|72.8|55.6|55.6|55.5|55.5|55.5|55.6|55.6|55.5|137.3|136.9|135.2|136.7|91.1|103.7|111|111|115.4|111.5|46.2|63.6,22.8|0|0|1.2|1.2|1.2|0|0|0|0|35.2|13.6|5.8|25.9|1.2|29|21.3|4.3|29|7.4|0|0
2026-05-06 10:20:57,14.8,117.4,24.43,52.21,71.99,10.07,1,24152,0.359,11332,3,95.2|89.4|54.6|55.5|54.6|55.4|55.5|55.5|55.2|55.4|135|133|131.9|131.6|109.4|104.2|97.7|108.8|114.2|113.6|44.5|44.5,50.6|8.9|1.2|1.2|1.2|1.2|1.2|1.2|1.2|1.2|35.1|16.6|32|22.8|1.2|50.6|52.1|5.8|55.2|25.9|1.2|1.2
2026-05-06 10:21:07,18.3,115.5,24.45,52.23,71.99,10.07,1,24152,0.359,11342.2,3,107.9|108.9|55.4|55.5|55.5|55.5|55.1|55.5|55.3|55.5|129.7|129.6|131.1|130.3|107.3|107.1|106.4|109|109.1|110.3|44.9|45.9,50.2|54.9|3.5|1.9|1.9|3.5|1.9|1.9|1.9|1.9|59.5|65.8|62.6|56.4|64.2|36.2|58|40.9|62.6|40.9|1.9|3.5
2026-05-06 10:21:18,14.7,114.7,24.25,52.19,71.99,10.07,1,24152,0.359,11352.3,3,105.8|109.7|106.9|83.4|102.5|91.4|110.4|109.7|104.5|95.3|124.6|130|125.4|129|101.5|107.2|102.8|106.8|106.5|107.5|47.7|47.4,52|41.1|3.9|2.4|0.8|0.8|2.4|2.4|0.8|0.8|39.6|39.6|73.7|31.8|44.2|22.5|50.4|27.2|55.1|28.7|0|0
2026-05-06 10:21:28,15.9,115.2,24.2,52.12,71.99,10.07,1,24152,0.359,11362.4,3,107.1|109.6|102.5|66.4|66.5|75.6|105.2|61.1|58|57.7|128.4|130|126|127.5|107.3|112.8|105.4|108.8|106.6|107.7|51.1|45.7,70.6|62.9|1.1|1.1|1.1|1.1|0|1.1|1.1|1.1|55.2|53.6|59.8|49|61.4|42.8|55.2|36.6|62.9|36.6|1.1|1.1
2026-05-06 10:21:39,12.4,115.4,24.1,52.05,71.99,10.07,1,24152,0.359,11372.7,3,104|107.5|53.1|56.1|55.2|0|0|0|55.3|55.6|134.2|136.2|134.7|133|101.3|105.5|101.4|104.5|108.5|116.8|0|57.8,38|8.6|0.8|0.8|0.8|0.8|0.8|0.8|0.8|0.8|7|31.8|31.8|22.5|17.9|5.5|2.4|17.9|31.8|5.5|0.8|0.8
2026-05-06 10:21:49,9.2,118.2,23.96,52.05,71.99,10.07,1,24152,0.359,11382.9,3,106.7|100.9|54.6|55.5|55.5|55.7|55.6|55.3|55.5|55.4|130.2|134.7|129.8|131.5|104.6|102.7|100.6|102.2|108|106.8|47.1|44.5,47.3|17.8|0.7|0|0|0|0|0|0|3.8|47.3|41.1|65.9|47.3|34.9|28.6|33.3|47.3|45.7|27.1|0|0.7
2026-05-06 10:21:59,12.3,117.4,24,52.04,71.99,10.07,1,24152,0.359,11393.1,3,114.7|114.8|55.6|55.3|55.6|55.5|55.5|55.6|55.6|55.6|132.6|133.1|135.5|132.8|102.4|106.1|108|106.2|111.2|116.3|55.1|53.2,42.6|6.9|0|0|0|0|0|0|0|0|11.6|37.9|58.1|13.1|28.6|10|6.9|37.9|34.8|17.8|0|0
2026-05-06 10:22:10,15.2,116.6,23.95,52.04,71.99,10.07,1,24152,0.359,11403.4,3,114.6|110.5|55.1|55.5|55.5|55.5|55.5|55.4|55.4|55.1|137.9|134.7|136.7|132.4|104.6|110.6|93.6|94.2|113.9|116.9|48.2|44.3,38.3|7.4|0|1.2|1.2|1.2|0|1.2|0|1.2|13.6|27.5|15.1|7.4|13.6|4.3|32.1|9|29|12|1.2|1.2
2026-05-06 10:22:20,9.4,116.5,24.04,52.05,71.99,10.07,1,24152,0.359,11413.5,3,109|105.4|55.6|55.5|55.5|55.6|55.6|55.5|55.6|55.6|134.3|133.6|134.3|131.8|107.9|108.9|96.1|109.7|109.9|101.9|49.1|49.5,50.6|15.1|0|1.3|0|0|0|0|0|0|52.2|24.4|53.7|19.8|33.7|12.1|41.4|10.5|49.1|22.9|0|2.8
2026-05-06 10:22:31,17.2,115.8,24.18,52.04,71.99,10.07,1,24152,0.359,11423.7,3,114.9|115.1|55.6|55.5|55.7|55.5|55.6|55.2|55.5|55.5|135.3|137.6|136.9|138.1|106.6|112.6|93.1|81.1|113|117.3|44.2|44.2,33.4|2.4|0.8|0.8|0.8|0.8|0|0|0|0|28.7|8.6|38|7|22.5|0.8|27.2|7|34.9|17.9|0.8|0.8
2026-05-06 10:22:41,10.1,120.3,24.17,52.01,71.99,10.07,1,24152,0.359,11433.9,3,107.8|106.9|55.3|54.7|55.4|53.9|55.7|55.6|55.5|55.6|132.1|134.2|131.5|135.2|102.7|88.3|99.1|99.4|111.1|108.1|45.9|55.5,41.2|0|1|1|0|1|1|0|1|1|27.3|8.8|7.2|39.7|15|0|8.8|0|2.6|36.6|0|1
2026-05-06 10:22:51,9.3,119.4,24.12,52.01,71.99,10.07,1,24152,0.359,11444.2,5,115.7|112.5|55.6|56.2|55.1|55.2|54.9|55.4|55.3|54.5|138.1|137.8|132.5|141.5|101.3|102.5|89.8|87.7|119.6|116.1|55.3|101.9,26.9|6.6|0|0|0|0|0|0|0|0|36.2|6.6|17.5|42.4|30|3.5|22.2|2|19.1|34.6|0|0
2026-05-06 10:23:02,20.6,111.3,24.39,52.42,71.99,10.07,1,24152,0.359,11454.4,5,110.7|102.1|55.4|55.5|55.5|55.5|55.6|55.6|55.6|55.6|135.8|133.6|132.9|135.5|107.6|106.7|98.1|76|113.2|110.6|56.3|53.4,42.9|0|0|0|0|0|0|0|0|0|32.1|0|8.9|38.3|32.1|0|16.7|1.2|7.4|36.7|0|0
2026-05-06 10:23:12,9.1,116.7,24.46,52.31,71.99,10.07,1,24152,0.359,11464.6,5,108.8|83.8|47.5|53.8|55.6|55.2|0|53.1|55.5|0|134|134.7|137.2|137.5|107.2|114.1|107.9|88.9|105.6|97.4|57.5|0,35.1|8.8|0|0|0|1.1|1.1|1.1|1.1|1.1|22.7|10.4|32|2.7|21.2|4.2|28.9|1.1|30.5|4.2|1.1|1.1
2026-05-06 10:23:23,9.7,117.5,24.43,52.03,71.99,10.07,1,24152,0.359,11474.7,5,109.3|102.9|55.5|55.5|55.4|54.6|55.7|55.7|55.5|55.4|134.2|135|134.1|134.2|108.8|113.3|104.9|103.3|105.6|105.8|46.8|54,44.2|19.4|0.8|0.8|0|0|0|0|0|0|48.9|13.2|36.5|16.3|33.4|5.5|25.6|14.8|44.2|11.7|0.8|0.8
2026-05-06 10:23:33,9.3,116.4,24.47,52.05,71.99,10.07,1,24152,0.359,11484.9,5,109.9|117.4|55|55.6|55.5|55.6|55.5|55.4|53.5|55.4|133.9|135.2|133.6|132.4|97.1|97.9|105.8|88.5|104.1|95.7|43|43,45.9|8.7|0|0|0|0|0|0|2.5|0|36.6|10.3|30.4|10.3|24.2|5.6|28.8|4.1|19.6|11.8|0|0
2026-05-06 10:23:43,13.1,117,24.44,52.01,71.99,10.07,1,24152,0.359,11495.1,5,109.3|106.2|54.1|55.6|55.4|55.7|55.5|55.6|55.4|55.5|135.8|136.4|133.5|134.2|100.6|105.2|110.2|116.5|106.2|113.6|43.2|46,6.9|36.4|0.7|0.7|0.7|0.7|0.7|0.7|0|0.7|5.3|33.3|24|13.1|30.2|10|28.6|6.9|25.5|8.4|0.7|0.7
2026-05-06 10:23:54,11.2,119.9,24.24,52,71.99,10.07,1,24152,0.359,11505.3,5,116.2|116.9|55.5|55.7|55.3|55.8|55.6|55.7|55.8|55.5|135.6|139|135|135.2|114.3|113.5|107.3|95.5|87.8|100|46.3|52.1,0|42.8|0|0|0|0|0|0|0|0|13.4|41.2|33.5|4.1|38.1|0|14.9|4.1|7.2|4.1|0|1
2026-05-06 10:24:04,10.8,115,24.23,52.02,71.99,10.07,1,24152,0.359,11515.3,5,112.2|114.6|55.5|55.7|55.6|55.6|55.7|55.6|55.5|55.7|134.5|135.1|132.2|131.5|111.3|110.9|103.5|103|104.8|111.3|49|48.7,0|42.7|0.8|0.8|0.8|0.8|0.8|0.8|0.8|0.8|24.1|27.2|22.5|11.7|38|2.4|17.9|10.1|24.1|2.4|0.8|2.4
2026-05-06 10:24:15,15.8,115.1,24.25,52.03,71.99,10.07,1,24152,0.359,11525.5,5,121.1|129.9|73|79.8|74.5|68.1|67.4|79.8|73.8|78.2|128.5|131.1|128.8|128.1|120|131.8|123|125.2|121.2|127.8|50|49,36.5|10.2|0|0|0|0|0.9|0.9|0.9|0.9|7.1|38.1|16.4|28.8|11.7|5.5|19.5|14.8|39.6|24.1|0.9|0.9
2026-05-06 10:24:25,16.7,117.9,24.08,51.98,71.99,10.07,1,24152,0.359,11535.7,3,102|107.5|55.4|55.4|55.5|55.3|55.5|55.5|55.3|55.5|134.5|132.9|130.5|131.9|103.2|107|106.3|104.9|109.2|106.5|44.5|46.1,17.8|0|0.7|0.7|0|0|0|0.7|0.7|0|37.9|2.3|37.9|2.3|31.7|2.3|30.2|3.8|25.5|6.9|0|0.7
2026-05-06 10:24:36,15,118.5,23.99,51.99,71.99,10.07,1,24152,0.359,11545.9,3,100.9|93|54.9|55.6|55.5|55.5|54.9|55.5|55.5|55.6|137.6|136.4|134.3|134|102.8|98.5|109.5|112.3|113.6|109.1|43.3|47.1,13.3|2.4|0|0|0|0|0|0|0|0|28.7|16.4|24.1|14.8|27.2|5.5|25.7|13.3|45.8|22.6|0|0
2026-05-06 10:24:46,16.4,117.8,23.91,51.99,71.99,10.07,1,24152,0.359,11556.1,3,87.4|82.3|55.6|55.6|55.5|55.5|55.6|55.2|55.6|55.6|137.7|137.5|135.9|136.5|98.2|109.2|109.3|109.7|114|122.7|46.4|60.5,21.3|4.3|1.2|1.2|1.2|1.2|1.2|1.2|1.2|1.2|39.8|4.3|10.4|39.8|1.2|21.3|38.2|5.8|35.2|10.4|1.2|1.2
2026-05-06 10:24:56,14.6,117.6,24.08,52.21,71.99,10.07,1,24152,0.359,11566.3,3,99.8|101.8|55.5|55.2|55.5|55.5|55.5|55.4|55.3|55.1|137.3|137.6|134.7|134|104.3|105.3|104.4|86.8|112.7|117.3|50.1|56.1,45.8|1|0|0|0|0|0|0|0|0|38.1|4.1|25.7|19.5|1|27.3|36.6|7.2|42.7|27.3|0|0
2026-05-06 10:25:07,18.7,116.5,24.23,52.1,71.99,10.07,1,24152,0.359,11576.5,3,106.2|109.8|55.5|55.8|55.3|55.7|55.5|55.5|55.6|55.3|129.4|130.1|130.6|129.7|109.9|107.1|107.7|106.4|111.1|114.2|44.2|44.2,50.5|27.4|1.1|0|0|0|0|0|0|0|32|33.5|35.1|21.2|32|21.2|42.8|11.9|59.8|24.3|0|0
2026-05-06 10:25:17,21,115.1,24.16,52.23,71.99,10.07,1,24152,0.359,11586.8,3,112.5|113.2|60.3|58.7|58.5|62.8|61.3|61.4|61.3|61.3|132.3|131.3|130.1|129.1|109.4|111.1|107.2|108.4|109.9|111.9|47.5|49.3,48.8|8.5|0|0|0|0.8|0|0|0|0|25.6|33.3|33.3|8.5|39.5|11.6|41.1|7|55|7|0|0.8
2026-05-06 10:25:28,18.4,116,24.1,52.15,71.99,10.07,1,24152,0.359,11597.1,3,110.1|111.4|54.3|0|0|55|0|0|55.1|0|128.6|129.4|127.9|129.4|106.9|110.1|106.7|108.6|109.7|111.1|57|0,52.1|15.1|1.2|1.2|0|1.2|1.2|1.2|1.2|1.2|35.2|22.8|27.4|16.6|38.2|10.4|46|12|50.6|13.5|0|1.2
2026-05-06 10:25:38,15.8,116.2,24.06,52.12,71.99,10.07,1,24152,0.359,11607.4,3,106.5|104.4|55.2|0|55.6|0|54.9|0|55.6|0|131.3|129.4|130.1|130.4|106.6|108.7|112.8|110.4|109|112.3|0|0,44.3|4.2|1.1|0|0|0|0|0|0|0|10.3|49|28.9|38.2|49|21.2|13.4|49|55.2|5.7|0|0
2026-05-06 10:25:49,15.4,116.2,24.08,52.09,71.99,10.07,1,24152,0.359,11617.8,3,105.5|105|55|0|0|0|55.5|0|0|0|130.4|129.5|129.1|130.4|108.6|112.1|110|108.8|110.1|111.9|0|0,45.9|13.5|0|0|1.1|1.1|1.1|1.1|1.1|1.1|39.7|28.9|41.3|22.7|39.7|25.8|32|38.2|56.7|21.2|1.1|1.1
2026-05-06 10:25:59,16.2,116.3,24.21,52.11,71.99,10.07,1,24152,0.359,11628,3,104.4|96.8|55.5|55.4|55.4|55.4|55.5|55.5|55.4|55.3|134.8|136.8|133.1|132|103.9|106|112.3|110.3|112.9|117.5|44.2|44.2,36.5|3.9|0.9|0|0|0|0|0|0|0|16.3|36.5|44.2|17.9|16.3|11.7|14.8|33.4|28.7|11.7|0|0
2026-05-06 10:26:09,10.2,119.1,24.18,52.07,71.99,10.07,1,24152,0.358,11638.1,3,107.3|109.9|55.5|55.1|55.6|55.5|55.4|54.1|55.3|55.4|138.1|136|134.9|133.8|101.1|104.5|108.3|105.9|114.9|108.2|50.7|44.3,42.9|4.3|0|0|0|0|0|0|0|0|46|18.2|32.1|12|42.9|4.3|22.8|5.8|38.2|10.4|0|0
2026-05-06 10:26:20,22.9,118.9,24.25,52.08,71.99,10.1,1,24152,0.358,11648.2,3,106|103.8|55.3|55.4|55.4|55.3|55.4|55.4|55.3|55.4|129.5|128.1|133|127|105.3|105.7|104.9|106|111|109.9|50.2|49.1,36.3|0|0.5|0.5|0.5|0.5|0.5|0.5|0|0|31.6|11.4|25.4|6.7|26.9|0.5|20.7|3.6|36.3|13|0.5|0.5
2026-05-06 10:26:30,13.9,118,24.06,51.98,71.99,10.1,1,24152,0.358,11658.5,3,106.6|113.1|55.1|55.5|55.6|55.6|55.4|55.5|55.5|55.6|136.7|134.8|132.5|132.6|103.9|103.7|108|106.9|111.6|110.3|41.6|46.1,38|3.8|0.7|0.7|0.7|0.7|0.7|0.7|0.7|0.7|38|6.9|31.8|5.4|24|5.4|16.2|5.4|31.8|8.5|0.7|0.7
2026-05-06 10:26:41,10.9,117,23.83,51.98,71.99,10.1,1,24152,0.358,11668.5,3,111.1|114.4|54.8|55.7|55.6|55.5|56.2|55.2|55.9|55.8|135.6|135.9|135.6|136.2|104.6|94.8|101.9|91.8|117.7|114|58.5|78.2,42.8|8.7|1|1|1|1|1|1|1|2.6|33.5|10.3|10.3|38.1|24.2|1|11.8|1|10.3|42.8|1|1
2026-05-06 10:26:51,10.6,115.6,23.78,51.97,71.99,10.1,1,24152,0.358,11678.8,3,109.3|108.4|54.4|55.2|54.9|55.7|55.6|54.9|55.6|54.5|128.4|127.5|128.2|126.8|106.5|106.5|109.2|111.8|110.9|109.6|50.4|67.9,31.5|8.1|0.4|0.4|0.4|0|0|0|0.4|0|42.4|8.1|20.6|29.9|28.4|0.4|14.4|8.1|26.8|51.7|0|0
2026-05-06 10:27:02,10.9,114.2,23.81,51.97,71.99,10.1,1,24152,0.358,11689,3,105.7|100.7|54.7|54.1|55.5|55.4|55.4|54.9|55.6|55.7|132.3|133.3|130.2|131.9|108.9|106.2|101.9|106.4|107.3|110|56.8|69.6,42.7|5.6|1|1|0|0|0|1|0|0|39.6|10.2|18|22.6|24.2|1|22.6|4.1|4.1|42.7|0|1
2026-05-06 10:27:12,10,117.6,23.76,51.9,71.99,10.1,1,24152,0.357,11699.2,3,114.7|120.4|51.9|55.8|55.5|55.5|55.5|55.7|55.6|55.7|134.6|134.5|132.9|133.7|109.4|113.6|109.5|120.9|101|104.1|53.3|43.6,41.3|10.4|0|0|0|1.1|0|0|0|0|44.4|21.2|44.4|10.4|38.2|13.5|39.7|22.7|33.6|19.6|0|0
2026-05-06 10:27:22,13.7,119.4,23.95,52,71.99,10.1,1,24152,0.356,11709.6,3,103.6|107.1|119.3|113|110.6|113.4|109.6|89.5|89.8|94.2|122.7|126.9|122|127.8|102.9|105.9|102.4|107.5|104.7|107|45.4|44.7,27.2|21.1|0|0|0|0|0.9|0.9|0.9|0.9|35|47.4|48.9|42.7|38.1|22.6|44.3|27.2|52|24.2|0|0
2026-05-06 10:27:33,12.3,119.9,23.89,51.98,71.99,10.1,1,24152,0.356,11719.7,3,109.9|111.4|54.4|55.3|55.5|55.5|55.2|55.4|55.8|55.5|130.4|130.2|132.9|132.1|108.6|109.5|105.5|105.9|107.9|114.7|44.8|48.5,35.1|8.9|0|0|0|0|0|0|0|0|27.4|8.9|47.5|12|38.2|1.2|33.6|4.2|27.4|4.2|0|0
2026-05-06 10:27:43,8.8,119.8,24,51.96,71.99,10.1,1,24152,0.356,11730.1,3,102.5|111.4|54.1|0|0|0|55.5|0|0|0|133.9|133.8|133.7|135.4|108.1|105.2|109.8|97.1|104.9|106.1|55.5|0,0|41.2|0.9|0.9|0.9|0.9|0|0.9|0.9|0.9|4|38.1|38.1|5.5|16.4|2.4|44.3|0.9|17.9|4|2.4|0.9
2026-05-06 10:27:54,14.7,123.3,24.2,51.94,71.99,10.1,1,24152,0.356,11740.2,3,102.8|115.6|55.7|55.6|50.2|55.8|55.6|55|55.2|55.4|136.6|140.2|140.8|136.7|111|102.1|101.9|103.2|103.4|100.1|44.5|44.7,0|39.7|1|1|0|1|1|1|0|1|21.1|30.4|21.1|10.3|30.4|8.7|28.9|1|28.9|5.7|0|0
2026-05-06 10:28:04,13.7,119,24.32,51.91,71.99,10.1,1,24152,0.356,11750.2,3,112.3|114.4|55.6|55.3|55.4|55.4|55.7|56|55.3|55.7|135.6|136.1|133.3|133.7|108.5|102.6|110.1|111.3|104.9|99.4|42.4|42.4,0|37.9|0.6|0|0.6|0.6|0.6|0.6|0|0.6|6.9|34.8|30.1|13.1|27|0.6|23.9|10|19.3|3.8|0|0.6
2026-05-06 10:28:15,8.1,120.5,24.28,51.92,71.99,10.1,1,24152,0.356,11760.5,3,106.6|106.9|55.5|55.5|55.6|55.6|55.6|55.1|55.6|55.4|137.5|136.3|135.4|134.8|111.4|107.8|113.6|116.5|108.1|112|50|53.5,31.9|1|1|1|1|1|1|1|1|1|30.4|24.2|33.5|1|27.3|0|30.4|7.2|25.7|7.2|1|1
2026-05-06 10:28:25,8.4,119.9,23.97,51.91,71.99,10.1,1,24152,0.356,11770.7,3,101.3|107.8|55.4|55.5|55.5|55.4|55.7|55.4|55.5|55.7|135.3|133.6|133.3|131.1|111.6|112.1|112.1|111.7|111.8|111.3|41.9|41.9,35|13.4|0|0|1|0|0|0|0|0|50.5|14.9|59.8|18|41.2|10.3|45.9|18|42.8|14.9|0|0
2026-05-06 10:28:35,12.7,122.9,23.96,51.91,71.99,10.1,1,24152,0.356,11780.8,3,99.8|97.7|55.6|55.6|55.5|55.5|55.6|55.5|55.6|55.5|136.8|134.5|134.5|132.4|111.3|98.3|112.9|115.4|114.4|114.6|43|45.9,15.1|1.2|2.7|4.3|4.3|4.3|4.3|4.3|2.7|2.7|22.8|18.2|38.2|12|39.8|1.2|35.2|8.9|46|5.8|2.7|2.7
2026-05-06 10:28:46,18.4,121.3,23.96,51.92,71.99,10.1,1,24152,0.356,11791,5,93.1|106.8|54.9|55.6|55.5|55.6|55.5|55.4|55.5|55.6|135.6|137.5|134.3|134.7|107.8|110.3|111.2|99.6|113.2|117.2|49.6|60,16.5|2.6|0|1.1|1.1|0|0|0|0|0|35.1|4.2|7.3|32|1.1|18.1|28.9|1.1|39.7|7.3|0|0
2026-05-06 10:28:56,9.3,118.2,23.84,51.94,71.99,10.1,1,24152,0.356,11801.4,5,102.5|101.7|55.5|55.5|55.5|55.6|55.3|55.5|55.6|55.5|135.1|135.2|131.6|133.6|109.4|110.5|111.7|110.5|111.9|113.1|45.6|58.9,29.1|5.9|2.8|2.8|2.8|2.8|2.8|2.8|2.8|2.8|36.8|9|9|30.6|0|22.9|27.5|1.3|44.5|9|2.8|2.8
2026-05-06 10:29:07,12.1,120.6,23.93,51.93,71.99,10.1,1,24152,0.356,11811.6,5,96.2|81.8|53.3|55.5|55.8|55.5|55.2|56|55.4|55.5|138.1|134.9|133.7|136.6|111.4|113.5|114.1|119.4|114|115.8|50.9|86.6,20.6|14.4|0.4|0.4|0.4|0.4|0.4|0.4|0.4|0.4|47.1|16|22.2|34.6|14.4|19.1|33.1|3.5|37.7|14.4|0.4|0.4
2026-05-06 10:29:17,10.2,119.8,23.78,51.91,71.99,10.1,1,24152,0.325,11821.7,5,109.2|106.4|55.1|55.2|55.2|55.1|55.2|55.1|55.2|55.1|133.2|133.6|133.8|133.7|93.6|94.2|108.3|110.9|102.8|113.9|51.1|47.5,28.8|8.7|0|1|1|1|1|1|1|1|31.9|8.7|36.6|10.3|21.1|2.5|33.5|5.6|39.7|4.1|1|1
2026-05-06 10:29:27,17,120,23.74,51.92,71.99,10.1,1,24152,0.325,11831.8,5,112.9|113.8|54.5|0|0|54.7|0|0|55.2|0|136.3|133.2|134.2|131.2|95.7|105|107.8|110.9|114.5|114|0|0,31.8|11.7|3.9|2.4|2.4|3.9|2.4|2.4|2.4|2.4|28.7|10.1|38|10.1|25.6|8.6|31.8|11.7|38|14.8|2.4|2.4
2026-05-06 10:29:38,9.5,118,23.9,51.92,71.99,10.1,1,24152,0.325,11842.1,5,103.9|89.6|52.3|54.7|55|54.8|54.8|54.6|55|54.6|142|139.8|141.9|134|99.6|94.3|116.9|113|116.6|119.6|52.6|44.5,38.1|0|0.9|0.9|0.9|0.9|0.9|0|0.9|0|7.1|30.3|33.4|2.4|14.8|4|2.4|28.8|38.1|0.9|0|0.9
2026-05-06 10:29:48,9.4,119.6,24.02,52.05,71.99,10.1,1,24152,0.325,11852.5,5,112.4|111.7|55.6|55.6|55.6|55.5|55.6|55.3|55.5|55.6|132.3|134.1|131.2|130.3|105.2|106.5|103.6|107.4|111|111.3|45.9|49.3,49|4.2|1.1|1.1|0|1.1|1.1|1.1|1.1|1.1|5.8|39.8|25.9|8.9|8.9|8.9|4.2|32|29|2.7|1.1|1.1
2026-05-06 10:29:59,8.2,117.6,24.01,52.08,71.99,10.1,1,24152,0.325,11862.7,3,115.8|115.9|55.3|55.4|55.1|55.1|55.2|55.2|55.5|55.4|133.2|134.7|134.5|132.5|97.3|91.8|106.9|109.4|113.4|104.7|41.9|51.3,58.2|17.9|2.4|0|0|0|0|0.9|0|0.9|30.3|42.7|48.9|38|31.9|22.6|19.5|45.8|53.5|19.5|0|0.9
2026-05-06 10:30:09,17.2,118.5,24.03,52.03,71.99,10.1,1,24152,0.325,11872.8,3,112.9|111.8|55.4|0|0|55.9|0|0|0|55.2|135.6|133.3|133.1|130.5|106.1|108.6|99.6|95.1|114.1|116|56.9|57.3,47.1|6.7|0.5|0.5|0.5|0.5|0.5|0|0|0.5|25.4|14.5|36.3|8.3|19.2|0.5|19.2|12.9|37.8|5.2|0.5|0.5
2026-05-06 10:30:20,17.8,117.6,24,52.06,71.99,10.1,1,24152,0.356,11883,3,104.4|98|55.6|55.5|55.5|55.6|55.6|55.5|55.5|55.4|130.6|135.3|133.3|133.9|103.9|104.7|106.1|107.9|109.4|110.2|47|46.9,42.6|6.9|0.7|0.7|0.7|0.7|0.7|0.7|2.2|0.7|11.5|28.6|22.4|16.2|20.8|6.9|30.2|28.6|51.9|27.1|0.7|0.7
2026-05-06 10:30:30,8.8,119.2,24.02,52.05,71.99,10.1,1,24152,0.356,11893.1,3,111|107|54.7|55.3|55.9|55.6|55.6|55.4|55.7|55.7|136.4|137.2|137.1|135.2|101.8|102.7|102.7|109.3|111.2|106.1|54.5|44.9,33.4|2.5|0.9|0.9|0.9|0|0.9|0.9|0.9|0|39.6|5.6|45.8|2.5|21.1|0.9|13.3|5.6|39.6|11.8|2.5|2.5
2026-05-06 10:30:40,9.2,116.1,23.73,52.02,71.99,10.13,1,24152,0.356,11903.3,3,106.6|115|55.5|55.4|55.4|55.8|55.6|55.6|55.5|55.2|136.2|137.6|135.4|136.5|98.5|97.2|89.9|94.7|107.3|109.7|44|46.2,59.7|30.2|0|0|0|0|0|0|0|0|42.6|27.1|28.6|51.9|42.6|17.8|36.4|13.1|27.1|58.1|0|0
2026-05-06 10:30:51,12.4,118,23.9,52.09,71.99,10.13,1,24152,0.356,11913.5,3,102.8|99.2|55.1|55.5|55.6|55.5|55.6|55.6|54.6|55.6|134.8|135.3|133.5|135.2|102.1|100.2|96.7|97.4|116.7|112.5|47.6|54.2,33.2|19.3|2.2|2.2|2.2|2.2|2.2|0.6|2.2|2.2|39.5|36.4|31.7|51.9|30.1|6.9|28.6|17.7|20.8|47.2|2.2|2.2
2026-05-06 10:31:01,9.1,113.7,23.91,52.02,71.99,10.13,1,24152,0.356,11923.7,3,108.8|114.7|55.2|55.5|55.5|55.4|55.4|55.4|55.4|55.4|134.9|135.7|134.3|133.6|93.8|104.9|87.4|100.2|113.9|109.5|51.4|57.4,35.1|10.3|1|1|1|1|1|1|1|1|33.5|1|13.4|27.3|22.7|1|24.2|1|4.1|21.1|1|1
2026-05-06 10:31:12,19.1,116.9,24,52.09,71.99,10.18,1,24152,0.355,11934,3,109.3|107.1|55.6|55.6|55.6|55.6|55.6|55.6|55.6|55.6|132.6|131|130.9|130.6|103.4|106.6|106.4|114.3|106.3|114.3|44.9|48,44.4|16.6|0|0|0|0|0|0|0|0|44.4|41.3|58.3|24.4|36.7|12|46|5.8|44.4|8.9|0|0
2026-05-06 10:31:22,16.5,117,24.01,52.33,71.99,10.18,1,24152,0.355,11944.2,3,113.4|113|55.5|55.6|55.6|55.5|55.5|55.1|55.6|55.6|132.9|132.4|134.5|133.3|110|110.3|107.5|111.8|106.4|107.8|49.6|44.8,28.7|8.5|0|0|0.7|0|0.7|0.7|0|0|14.7|28.7|19.4|22.5|17.8|10|42.6|6.9|24|10|2.3|0
2026-05-06 10:31:33,16.6,118.5,23.83,52.24,71.99,10.18,1,24152,0.355,11954.4,3,108.1|109.2|55.8|0|0|55.6|0|0|0|0|136.9|135.8|136.3|136.3|112.7|120.5|101.9|109.3|100.3|102.1|0|0,30.4|2.6|0|0|0|0|0|0|0|0|39.7|4.1|30.4|1.1|24.2|4.1|19.6|4.1|21.2|7.2|0|0
2026-05-06 10:31:43,15.5,116.7,23.75,52.24,71.99,10.18,1,24152,0.355,11964.6,3,99.3|108.4|55.5|0|0|0|0|0|0|0|135.5|138.5|135.7|133.9|112.8|116.6|107.3|113.4|92.6|90.5|58.4|0,0|45.9|0|1.1|1.1|1.1|1.1|1.1|1.1|1.1|0|24.3|28.9|2.6|38.2|1.1|30.4|4.2|10.4|4.2|0|0
2026-05-06 10:31:53,7.9,117.9,23.78,52.23,71.99,10.18,1,24152,0.355,11974.8,3,113.9|111.9|55.5|55.9|55.3|55.7|55.4|55.6|55.8|55.2|133.5|136|134.8|134.5|110|108.1|112.3|110.6|107.5|93|47.8|44.9,2.5|36.6|1|1|1|1|1|1|1|1|7.2|33.5|28.8|10.3|25.7|7.2|25.7|10.3|24.2|7.2|1|1
2026-05-06 10:32:04,12,118.8,23.98,52.23,71.99,10.18,1,24152,0.355,11985,3,103.8|109.1|53.8|55.1|55.4|55.5|55.8|55.5|55.3|55.5|134.1|136.1|135.1|134.7|102|90.6|107.3|109.9|106.8|110.2|50.1|41.4,0|33.3|0.7|0|0|0|0|0|0|0|8.4|25.5|25.5|2.2|25.5|2.2|19.3|10|30.2|2.2|0.7|0
2026-05-06 10:32:14,9.8,116.2,24.08,52.23,71.99,10.18,1,24152,0.355,11995.3,3,90.4|88.3|55.5|55.6|55.5|55.6|55.6|55.5|55.6|55.5|137.2|134.3|140.3|138.2|115|116.2|0|111.1|115|109.5|47.9|46.6,13.3|0|0.9|0|0|0|0|0|0|0.9|28.7|7.1|36.5|4|28.7|2.4|34.9|7.1|28.7|8.6|0.9|0.9
2026-05-06 10:32:25,11.6,124,24.09,52.21,71.99,10.18,1,24152,0.355,12005.5,3,100.1|103.4|55.2|55.4|54.8|55.8|54.2|55.4|55.7|53.2|134.9|136.4|135.8|138.1|105.6|109.4|106.5|104.5|110.9|115.5|50.2|44.8,19.5|5.6|0|0.9|0.9|0|0.9|0|0.9|0|30.4|11.8|38.1|18|31.9|4|28.8|18|36.5|7.1|0|0
2026-05-06 10:32:35,13.3,119,23.94,52.2,71.99,10.18,1,24152,0.355,12015.6,3,91.4|90.5|55.4|55.1|55.5|55.6|55.6|55.4|50.9|55.7|138.5|139.8|141.9|139.9|108.9|99.9|113.2|99.9|115|120|44|43.9,11.7|0|0.9|0.9|0.9|0.9|0.9|0.9|0.9|0.9|17.9|8.6|35|0.9|16.4|4|45.8|4|39.6|8.6|0.9|0.9
2026-05-06 10:32:45,17.8,115.9,23.95,52.19,71.99,10.18,1,24152,0.355,12025.8,3,88.7|95.1|55.6|55.3|55.6|55.4|55.5|55.5|55.6|55.6|134|133.9|133.4|136.6|105.3|106.1|104.5|102.6|114|114.8|52.4|45.5,27.4|7.3|0|1.1|1.1|1.1|1.1|2.7|1.1|1.1|27.4|13.5|10.4|25.8|2.7|32|30.5|5.8|35.1|15|1.1|1.1
2026-05-06 10:32:56,9.5,118.9,23.96,52.2,71.99,10.18,1,24152,0.355,12035.9,3,102.8|102.3|55|55.5|55.6|55.6|55.6|55.4|55.5|55.6|135.7|135.1|132.9|136.6|98|106.6|105.9|90.7|110.5|109.1|46.9|53.7,27.4|8.9|0|0|0|0|0|1.1|0|0|42.8|30.5|35.1|49|10.4|41.3|53.7|19.7|44.4|22.8|0|0
2026-05-06 10:33:06,9.8,116.4,24.01,52.24,71.99,10.18,1,24152,0.355,12046.1,3,85.3|95.9|55.5|55.6|55.6|55.6|55.6|55.5|55.5|55.6|138.5|138.6|134.9|137.7|114.8|114.7|113.4|121.5|106.8|110.2|51.1|55.2,15.8|6.4|0.2|0|0.2|0.2|0.2|0.2|0|0.2|34.5|4.9|14.2|34.5|6.4|28.3|25.1|3.3|34.5|17.3|0.2|0
2026-05-06 10:33:17,8.4,116.3,24.14,52.23,71.99,10.18,1,24152,0.355,12056.3,3,106.7|92|55.4|55.2|55.3|55.4|55.3|55.3|55.3|55.3|136.9|136.2|138.5|137.6|83.7|93.5|110.6|111|113.3|115.2|48.1|48.1,32.2|6|1.4|0|0|0|0|0|0|0|13.7|7.6|38.4|4.5|23|4.5|32.2|4.5|26.1|2.9|0|0
2026-05-06 10:33:27,9.5,118,24.17,52.18,71.99,10.18,1,24152,0.355,12066.5,3,89.3|87.9|55.2|55.6|53.3|55.2|55.9|52.8|55.6|55.6|141.9|138.8|140.8|143.1|91.2|86.5|118.2|114.8|120.3|114.6|53.3|45.8,31.9|10.3|1|1|1|2.6|1|2.6|1|1|38.1|13.4|30.4|8.7|14.9|7.2|38.1|18|42.8|10.3|2.6|1
2026-05-06 10:33:37,10.3,121.5,24.15,52.2,71.99,10.18,1,24152,0.355,12076.7,3,105.1|108.1|55.1|55.5|55|55.6|55.7|55.8|55.8|55.5|142.9|137.2|138.5|138.7|89.5|81.5|113.8|115.2|120.4|116.9|51.8|42.8,42.3|11|0.1|0.1|0.1|0.1|0.1|0.1|0|0.1|6.4|51.6|42.3|11|15.7|7.9|7.9|34.5|37.6|9.5|0.1|0.1
2026-05-06 10:33:48,17,115.1,24.04,52.21,71.99,10.18,1,24152,0.355,12086.7,3,107.1|104.5|53.4|0|0|0|0|55.1|55.6|0|127.8|130.8|131|128.9|105.2|106.2|113.9|106.6|106.9|111.9|0|55.1,39.8|0|0|0|0|0|0|0|0|0|10.5|32.1|19.8|21.3|36.8|7.4|2.8|16.7|29|5.9|0|0
2026-05-06 10:33:58,9.6,118.5,24.3,52.23,71.99,10.18,1,24152,0.355,12097,3,103.1|108|55.6|0|56.2|55.1|55.4|55.5|52.3|0|136.2|135.9|136.3|135.4|88|105.7|119.3|115.1|115.9|118.3|58.3|57.8,28.9|4.2|0|0|0|0|0|0|1.1|0|2.6|28.9|30.5|18.1|13.5|7.3|8.8|35.1|41.3|7.3|0|0
2026-05-06 10:34:09,9.5,116.2,24.56,52.22,71.99,10.18,1,24152,0.355,12107.2,3,113.5|111.5|55.1|0|51.2|55.5|0|0|55.2|52.3|138.3|143.1|139.2|136.8|103.1|98|97.6|86|115.4|96.7|0|0,36.6|0|0|1.1|1.1|1.1|0|1.1|1.1|1.1|28.9|1.1|41.3|2.6|11.9|4.2|13.4|4.2|44.4|7.3|1.1|1.1
2026-05-06 10:34:19,8.9,117.5,24.75,52.22,71.99,10.18,1,24152,0.355,12117.5,3,107.8|113.6|55.5|0|0|0|53|55.5|0|0|136.6|138.7|133.3|136|96.3|90.3|92.3|105.5|112.8|120.4|0|0,27.3|0|0|0|0|0|0|0|0|0|39.7|2.6|35.1|1.1|19.6|0|16.5|7.2|42.8|7.2|0|1.1
2026-05-06 10:34:30,17.6,116.6,24.83,52.2,71.99,10.18,1,24152,0.355,12127.6,3,107.1|103.3|55.3|55.6|47.7|55.4|55.8|55.4|54.4|55.6|134.8|135|138.3|134.3|104.7|105|98.9|101.1|115.4|115.9|49.4|49.2,30.4|11.8|0|0|0|0|0|0|0|0|35|24.2|31.9|19.5|36.6|4.1|25.7|14.9|47.4|13.4|0|0
2026-05-06 10:34:40,8.6,117.1,24.78,52.18,71.99,10.18,1,24152,0.355,12137.8,3,112.1|115.7|55.5|55.6|55.7|55.7|55.6|55.5|54.8|55.6|138.2|139.1|133.9|137.4|97.2|93.1|88|91.2|110.5|115.7|42.4|42.5,56.8|10.5|0|0|0|0|0|0|0|0|50.6|15.1|38.2|41.3|36.7|13.5|36.7|15.1|18.2|49.1|0|0
2026-05-06 10:34:50,13.6,121,24.86,52.35,71.99,10.18,1,24152,0.355,12148,5,105.3|107.3|54.8|54.7|54.7|54.7|54.7|54.6|54.7|54.6|130.9|130.6|130.7|130.9|104.6|106.6|103.9|104.7|109.8|109.4|45.5|45.9,33.5|7.2|0|0|0|2.6|0|0|0|0|38.2|21.2|22.7|49|24.3|5.7|32|8.8|16.5|52.1|0|0
2026-05-06 10:35:01,8.3,123,24.77,52.28,71.99,10.18,1,24152,0.355,12158.2,5,108.6|95|55.5|55.4|55.5|55.2|55.5|55.5|55.5|55.5|133.8|134.4|131.2|132.8|103.1|99.1|102.3|105|113.9|110|51.1|50.9,39.7|5.7|1|0|0|0|0|0|0|0|21.1|15|8.8|36.6|21.1|0|19.6|2.6|7.2|32|1|1
2026-05-06 10:35:11,10.5,116.6,24.8,52.28,71.99,10.18,1,24152,0.355,12168.4,5,107.2|107.9|55.2|55.6|55.4|55.6|55.3|55.4|55.4|55.7|129.9|129.5|129.2|129|106.8|109.2|107|103.3|105.5|104.2|51.2|60.8,36.7|18.2|0|1.2|1.2|0|0|0|0|0|30.5|21.3|35.2|21.3|38.3|7.4|35.2|8.9|44.4|10.5|1.2|0
2026-05-06 10:35:22,9.4,115.5,24.98,52.28,71.99,10.18,1,24152,0.355,12178.7,5,110.4|106.8|55.6|55.5|55.6|55.6|55.5|55.6|55.6|55.5|135.4|131|131.4|129.6|107.6|106.4|106.7|100.2|105.3|102.8|45|52.8,33.6|5.8|0|0|0|0|0|0|0|0|29|22.8|24.3|22.8|22.8|4.3|42.9|13.5|25.9|5.8|0|0
2026-05-06 10:35:32,16.2,114.5,25.05,52.26,71.99,10.18,1,24152,0.355,12188.9,5,106.5|107.9|55.4|55.5|55.6|55.5|55.6|55.6|55.5|55.5|131.8|132.1|129.8|131.5|105.3|115.2|105.3|112.5|107.7|107.9|44.9|51.6,27.4|5.8|1.2|0|1.2|1.2|1.2|1.2|0|1.2|35.1|19.7|25.9|5.8|30.5|1.2|27.4|4.2|25.9|4.2|1.2|1.2
2026-05-06 10:35:42,15.1,117.4,25.2,52.25,71.99,10.18,1,24152,0.354,12199,5,101.6|110.6|53.2|55.5|55.6|55.7|55.7|55.5|52.7|55.4|137.5|136.9|136|138.2|101.3|105|104.7|103.3|104.2|107.4|44.5|44.6,4.8|36|0.1|0.1|0.1|0.1|0.1|0.1|0|0.1|9.5|39.2|39.2|4.8|37.6|11.1|34.5|9.5|29.8|11.1|0.1|0
2026-05-06 10:35:53,12.4,117.9,25.24,52.32,71.99,10.18,1,24152,0.354,12209.1,5,100.4|103.5|55.5|55.5|55.5|55.1|55.5|55.5|55.1|55.5|132.7|133.2|132.9|133.2|104.8|108.4|108.1|107.4|109|108.3|43.8|43.8,10.9|56.3|1.6|1.6|1.6|0|1.6|0|1.6|1.6|15.6|93.8|48.4|25|45.3|25|43.8|26.6|53.1|20.3|1.6|1.6
2026-05-06 10:36:03,9.6,122.2,25.24,52.25,71.99,10.18,1,24152,0.354,12219.2,5,104.9|106.5|55.3|55.6|55.6|55.5|55.5|55|55.6|55.5|136.2|138.5|134.6|134.5|108.4|109.1|110.1|93.1|101.7|104.7|42.3|42.3,1.2|21.3|1.2|0|0|1.2|0|0|0|0|12|36.7|25.9|9|24.4|5.9|30.6|10.5|32.1|16.7|0|0
2026-05-06 10:36:14,13,122,24.89,52.19,71.99,10.2,1,24152,0.353,12229.5,5,92.8|100.2|52.2|55.4|55.3|55.4|55.4|55.4|55.1|55.3|138.2|137.7|133.2|136.2|107.3|116.7|108.3|114.9|111.9|121.3|48.7|60.8,45.9|13.4|0|0|1|0|1|0|1|1|30.4|14.9|42.8|14.9|48.9|10.3|53.6|30.4|56.7|11.8|0|0
2026-05-06 10:36:24,18.2,117.2,24.92,52.22,71.99,10.2,1,24152,0.353,12239.7,5,94|93.5|55.2|55.5|55.5|55.6|55.2|55.6|55.7|55.4|134.7|134.9|138|135.8|111.8|106.6|113.2|122.7|107.9|111.3|44.8|48.4,18.9|4.9|0|0.2|0.2|1.8|0.2|1.8|1.8|1.8|31.4|17.4|37.6|6.5|43.9|0.2|33|4.9|33|1.8|0|1.8
2026-05-06 10:36:35,9.4,119.1,24.75,52.19,71.99,10.2,1,24152,0.353,12249.9,3,90.7|93.3|55.1|0|0|0|0|53.1|0|0|137.9|134.2|137.8|139.1|111.3|106.8|115.6|118|109.2|114.2|0|0,23.9|10|0.6|0|0.6|0|0|0.6|0|0|34.8|14.6|51.9|17.7|37.9|6.8|41|19.3|50.3|19.3|0|0
2026-05-06 10:36:45,13.3,118,24.71,52.19,71.99,10.2,1,24152,0.353,12260,3,106.4|100.6|55.7|55.4|55.4|55.6|55.7|54.8|55.5|55.6|136|134.4|135|136.4|110.2|114.2|114|106.5|112.6|99.3|52.6|44.7,24|2.3|3.8|2.3|3.8|3.8|3.8|2.3|3.8|2.3|36.4|11.6|16.3|30.2|2.3|33.3|33.3|6.9|45.7|14.7|2.3|2.3
2026-05-06 10:36:55,10.1,120.9,24.83,52.18,71.99,10.2,1,24152,0.353,12270.3,3,103.5|104.5|53.9|55.5|55.5|55.5|55.5|55.5|55.2|55.4|136|133.9|131.5|134|108.6|104.7|112.1|105.5|110.2|114.2|45.4|43.8,19.6|1|1|1|1|1|1|1|1|1|33.5|4.1|5.7|24.2|2.6|22.7|33.5|8.8|30.4|5.7|1|1
2026-05-06 10:37:06,18.7,121.1,24.79,52.15,71.99,10.2,1,24152,0.353,12280.5,3,105.9|105.5|55.3|55.5|55.5|55.6|55|55.6|55.5|55.6|138.1|131.2|135.2|138.4|106.2|110.4|111.6|109.9|117.1|112.4|44.6|48.7,8.5|0.8|0|0|0|0|0|0|0|0|25.6|3.9|0|38|2.3|42.6|27.1|2.3|39.5|7|0.8|0.8
2026-05-06 10:37:16,9.6,125.2,24.46,52.16,71.99,10.2,1,24152,0.353,12290.5,3,111.1|103.3|55.6|55.6|55.6|55.5|55.6|55.6|55.6|55.6|136.6|134.6|133.1|133.9|96.2|91.2|107.1|101.3|107.3|109.9|49.8|52.3,27.4|2.7|0|0|0|0|0|0|0|0|42.9|5.8|27.4|2.7|15.1|1.2|18.2|2.7|42.9|7.4|0|0
2026-05-06 10:37:27,8.5,120.6,24.23,52.15,71.99,10.2,1,24152,0.353,12300.7,3,112.1|90.1|52.9|0|53|55|0|0|52.7|0|139.1|135.5|137.7|136.8|90.4|85.2|107.7|113.1|113.5|111|53.4|0,24.1|3.9|0.8|0.8|0.8|0.8|0|0|0.8|0|25.6|5.5|36.5|0|8.6|0|38|2.4|31.8|3.9|0.8|0
2026-05-06 10:37:37,10.8,119.7,24.34,52.15,71.99,10.2,1,24152,0.353,12310.8,3,110.5|115.7|53.8|55.3|55.2|54.9|54.9|45.5|55.6|55.5|138.2|135.5|135.4|137.8|83.2|108.2|113.7|121.4|114.7|113|51.6|54.6,39.1|7.9|0.1|0.1|0.1|0.1|0.1|0.1|0.1|0.1|9.4|40.7|39.1|23.5|18.8|6.3|18.8|40.7|46.9|12.6|0.1|0.1
2026-05-06 10:37:48,10.3,117.8,24.34,52.16,71.99,10.2,1,24152,0.353,12321,3,113.3|114.4|39.9|52.9|0|0|0|0|0|0|134|136.6|136|136.8|98.5|103.7|114.9|109.6|112.5|99|0|0,45.7|3.7|0.6|0.6|0.6|0.6|0.6|0.6|0.6|0.6|2.2|37.9|34.8|6.8|22.4|0.6|0.6|20.8|34.8|3.7|0|0.6
2026-05-06 10:37:58,22.4,120.6,24.57,52.18,71.99,10.2,1,24152,0.353,12331.1,3,108.1|106.5|55.6|0|0|55.5|0|0|0|54.7|134.7|136.6|137.5|134.3|98.3|102.7|109.6|110.5|115.6|106.8|0|0,25.7|7.1|0|0.9|0.9|0|0.9|0.9|0.9|0.9|8.7|50.5|36.5|14.9|22.6|11.8|5.6|47.4|48.9|10.2|0.9|0.9
2026-05-06 10:38:08,10.1,118.7,24.71,52.17,71.99,10.2,1,24152,0.353,12341,3,112.5|110.4|54.3|55.6|55.6|55.6|55.3|55.6|55.6|55.5|138.7|134|136.7|136.7|108.1|100.5|93.2|101.1|116|119.9|47.7|49.7,34.9|2.4|0|0|0|0|2.4|0|0|0|33.4|3.9|33.4|8.6|28.7|2.4|7|2.4|33.4|2.4|0|0
2026-05-06 10:38:19,9.4,121.3,24.85,52.32,71.99,10.2,1,24152,0.353,12351.4,3,106.5|109.9|55.6|55.5|55.5|55.2|55.8|55.9|55.9|55.7|132.3|131.9|133.1|132.5|103.5|108.4|106|105.9|107.2|107.9|41.4|41.6,44.4|11.9|0|1.1|0|0|0|0|0|0|42.8|45.9|50.6|25.8|28.9|8.8|28.9|27.4|42.8|25.8|0|0
2026-05-06 10:38:29,13.5,123,24.47,52.19,71.99,10.2,1,24152,0.353,12361.6,3,108.9|111.2|53.6|55.5|55.2|55.3|56|55.6|55.9|55.3|136.6|133|135.7|136.9|115|116.4|104.8|94.7|112.9|116.6|43.4|43.4,25.9|2.8|0|0|0|0|0|0|0|0|35.2|7.4|41.4|2.8|24.4|0|15.1|1.2|42.9|4.3|0|0
2026-05-06 10:38:40,9,122.4,24.38,52.17,71.99,10.2,1,24152,0.353,12371.7,3,117|119.7|54.2|0|0|55.2|0|0|54.6|55.6|139.1|139.1|133.9|136.5|103.5|113.2|96.1|84.6|106.8|117.7|0|0,53.6|16.5|0|0|0|1|0|0|1|2.6|39.7|14.9|27.3|36.6|30.4|10.3|31.9|10.3|16.5|47.4|0|0
2026-05-06 10:38:50,10.5,120.9,24.48,52.17,71.99,10.2,1,24152,0.353,12382,3,115.3|97.6|55.3|54.5|0|51.7|0|0|0|0|142.2|140.2|138.4|137.1|107.5|106.8|82.9|86.2|109.7|114.8|0|0,39.4|6.7|0.5|2.1|0.5|0.5|2.1|0.5|0.5|0.5|36.3|11.4|19.2|25.4|25.4|2.1|17.6|6.7|11.4|44|0.5|0.5
2026-05-06 10:39:00,9.2,121.2,24.26,52.18,71.99,10.2,1,24152,0.353,12392.1,3,119.2|109.2|53.1|55|54.7|54.5|54.6|54.6|54.5|54.4|137.6|133.2|135.1|136.1|104.7|103|100|101.7|118.3|112.9|49.1|50.7,39.1|3.2|0.1|1.6|0|0|0|0|0.1|0|32.9|14.1|1.6|37.6|23.5|3.2|14.1|3.2|6.3|36|0|0
2026-05-06 10:39:11,11.1,119.7,24.26,52.17,71.99,10.2,1,24152,0.353,12402.2,3,108.7|102.5|55.4|55.6|55.2|55.4|55.5|55.7|55.7|55.5|138.1|135|134.7|136.7|111.5|103.6|108.9|106.2|106.9|99.4|48.7|61.8,36.7|22.8|2.7|2.7|2.7|2.7|2.7|2.7|2.7|2.7|52.1|35.2|50.6|19.7|38.3|12|33.6|12|32.1|16.6|1.2|1.2
2026-05-06 10:39:21,15.9,119.3,24.29,52.25,71.99,10.2,1,24152,0.353,12412.4,3,110.2|109.4|55.6|55.6|55.4|55.6|55.6|55.6|55.4|55.6|133.6|131|132.4|132.6|108.3|100.1|109.3|106.1|106.9|103.1|46.2|72.3,41.2|24.2|0|0|0|0|0|0|0|0|42.7|42.7|45.8|27.3|41.2|22.6|48.9|22.6|42.7|27.3|0|0
2026-05-06 10:39:32,12.1,120.3,24.35,52.21,71.99,10.2,1,24152,0.353,12422.6,3,118|116.2|55.5|55.7|55.8|55.7|53.6|55.4|55.5|53.4|137.2|134.9|135.9|137.9|109.6|107.7|108.4|86.9|101.8|80.7|43|51.1,49|35.1|1.1|0|0|0|1.1|0|0|1.1|59.8|44.4|70.6|39.7|52.1|27.4|55.2|38.2|52.1|39.7|0|0
2026-05-06 10:39:42,17.9,117.4,24.83,52.21,71.99,10.2,1,24152,0.353,12432.8,3,107.5|109.2|53.6|55.6|55.6|55.6|53.5|53.5|55.5|55.6|134.9|136.1|136|138.7|111.5|107|109|112.3|110.8|94.3|47.3|44,9.2|64.6|1.5|0|0|0|0|0|0|0|13.8|67.7|63.1|29.2|49.2|15.3|44.6|12.3|38.4|10.7|0|0
2026-05-06 10:39:53,15.9,118.5,24.78,52.37,71.99,10.2,1,24152,0.353,12443.1,3,107.1|105.1|55.3|55.3|55.2|55.3|55.2|55.3|55.3|55.2|134.2|134.1|134.8|135.4|104.5|103.9|104.9|105.3|109.9|107.3|46.6|46,2.4|35|2.4|2.4|2.4|2.4|2.4|2.4|2.4|2.4|11.7|48.9|25.7|16.4|22.6|7.1|17.9|16.4|38.1|10.2|2.4|2.4
2026-05-06 10:40:03,11.8,118.7,24.81,52.31,71.99,10.2,1,24152,0.353,12453.4,3,103.7|110.8|54.8|55.5|0|0|0|0|0|0|135.6|136.8|134.2|136.7|110|94.8|108.4|88.4|96.3|81.2|0|0,0.8|30.2|0|0|0|0|0|0|0|0|7|19.4|39.5|2.3|36.4|7|22.5|5.4|13.2|7|0|0
2026-05-06 10:40:13,11.6,121.8,24.72,52.28,71.99,10.2,1,24152,0.353,12463.6,3,94.1|91|55.6|55.5|55.6|55.5|55.5|55.5|55.5|55.4|138.7|132.5|137.4|130.4|122.4|109.7|126.7|117.1|104|100.1|46.5|46.7,13.6|0|0|1.2|1.2|1.2|1.2|1.2|1.2|1.2|33.6|1.2|35.2|0|25.9|2.7|38.3|10.5|24.4|7.4|0|0
2026-05-06 10:40:24,14.1,122.2,24.73,52.25,71.99,10.2,1,24152,0.353,12473.7,3,101.8|88.9|55.3|55.7|55.7|55.4|55.1|55.4|55.3|55|137.1|139.3|138.4|140.2|122|94.8|123.5|115.8|109.5|93.3|56.4|44.9,16.4|2.5|2.5|0|0|0|2.5|0|0.9|0|31.9|7.1|38.1|5.6|25.7|0.9|41.2|4|25.7|4|0|0
2026-05-06 10:40:34,10.5,119.8,24.58,52.21,71.99,10.2,1,24152,0.322,12483.7,3,87.9|83|54.9|55.2|55.8|55.6|55.7|55.6|55.6|55.6|139|142.6|138.9|144.7|129.8|117.2|121.9|99.7|106.7|103.1|45.6|54.6,8.7|0|0|0|0|0|0|0|0|0|36.6|4.1|30.4|2.5|27.3|2.5|38.1|4.1|28.8|7.2|0|1
2026-05-06 10:40:45,8.4,118.1,24.64,52.2,71.99,10.2,1,24152,0.322,12493.9,5,93|82.9|55.5|55.4|55.7|55.6|55.4|55.4|55.3|55.7|139.1|140|131.9|134.9|113.8|120.9|117.2|100.6|103.6|92|45.4|43.8,16.7|4.3|0|0|0|0|0|0|0|0|33.6|4.3|5.9|22.8|1.2|38.3|30.6|9|25.9|10.5|0|0
2026-05-06 10:40:55,12.9,122.2,24.51,52.27,71.99,10.2,1,24152,0.322,12504.2,5,96.9|93.1|55.5|55.5|55.5|55.5|55.6|55.5|55.6|55.5|139.3|137.3|141.4|139.5|104|111.4|114.2|104.9|113.3|107|46.1|44.5,19.3|3.8|0.7|0|0|0|0|0.7|0.7|0|36.4|6.9|8.4|25.5|0.7|33.3|41|2.2|31.7|14.6|0|0
2026-05-06 10:41:05,12.3,117.8,24.62,52.2,71.99,10.2,1,24152,0.322,12514.3,5,103.3|107|55.5|55.7|0|0|0|0|0|0|136.8|135.3|133.9|134.1|111.5|109.8|114.8|108.5|106.5|108.7|56.3|0,19.4|7|0|0|0.8|0.8|0.8|0.8|0.8|0.8|24.1|7|13.2|30.3|2.4|39.6|42.7|2.4|38|8.6|0|2.4
2026-05-06 10:41:16,9.8,120,24.44,52.22,71.99,10.2,1,24152,0.321,12524.5,5,111.5|113.1|55.2|55.4|55.6|55.6|55.5|55.6|55.5|55.5|131|131.8|129.1|129.8|109.2|113.1|105.5|109|109.8|111|47.3|52.5,53.6|27.3|4|8.7|4|2.5|4|5.6|4|4|48.9|47.4|56.7|35|58.2|25.7|55.1|14.9|62.9|27.3|2.5|2.5
2026-05-06 10:41:26,9.3,120.7,24.29,52.19,71.99,10.2,1,24152,0.321,12534.7,5,110.2|104.8|54.4|55|55.5|54.9|55.4|55.5|54.6|55.5|138|133.1|134.6|132.4|97.4|95.7|114.9|108.5|115.6|112.4|46.6|50,27.4|2.7|0|0|0|0|0|0|0|0|33.6|5.8|49|4.2|19.7|1.2|41.3|2.7|52.1|5.8|0|0
2026-05-06 10:41:37,14.9,120,23.92,52.16,71.99,10.17,1,24152,0.353,12544.9,5,116.9|106.5|54.8|53.6|55.1|54.8|54.9|50.1|55.3|52.9|123|128.9|128.4|128.6|105.1|109.6|120.1|127.4|123.9|126|49.4|68.4,25.6|2.4|0.8|0|0|0|0|0|0|0|13.2|17.9|39.6|5.5|22.5|2.4|14.8|19.4|30.3|13.2|0.8|0
2026-05-06 10:41:47,7.9,98.1,23.91,52.11,71.99,10.15,1,24152,0.353,12555.1,5,65.9|79.2|55.5|55.5|55.7|55.5|55.6|55.9|55.6|55.4|114.7|111.9|94.1|100.8|66.2|78.9|74|92.8|76.4|64.1|56.3|56.4,11.7|7.1|0.9|0.9|0|0|0.9|0|0|0|4|24.1|45.8|4|5.5|2.4|13.2|36.5|45.8|21|0.9|0.9
2026-05-06 10:41:57,6.2,96.8,23.93,52.12,71.99,10.15,1,24152,0.353,12565.2,5,82.4|91.2|54.7|55.6|55.6|55.6|55.6|55.5|54|55.5|123.2|115.7|120.3|117|75.5|66.3|92.9|105.6|99.5|99.6|59.8|51.5,27|8.4|0.6|0|0|0.6|0|0|0|0|14.6|27|28.6|11.5|25.5|8.4|17.7|55|59.6|27|0.6|0
2026-05-06 10:42:08,14.9,112.7,23.95,52.16,71.99,10.15,1,24152,0.353,12575.4,5,118.9|101.9|55.5|55.5|55.3|55.6|55.6|55.5|55.5|55.5|114.4|113.6|111.7|123.1|115.8|104.3|106.1|114.1|104.3|98.7|56|49.4,22|0.2|0|0.2|0.2|0.2|0.2|0.2|0.2|0|18.9|8|23.6|0.2|25.1|8|20.5|9.5|43.9|14.2|0.2|0.2
2026-05-06 10:42:18,10.8,107.4,23.92,52.13,71.99,10.15,1,24152,0.353,12585.5,3,70.3|63.9|53.4|55.9|55.5|56|56.2|55.6|55.3|55.5|97.7|117.5|121.5|122.3|70.3|79.1|64.6|69.4|77|88.7|76.5|51.5,21.4|2.9|1.4|0|0|0|0|0|0|0|27.6|13.7|27.6|16.8|21.4|9.1|22.9|15.2|35.3|9.1|0|0
2026-05-06 10:42:29,8.5,78.8,23.91,52.11,71.99,10.15,1,24152,0.353,12595.8,3,76.6|58.1|55.5|55.6|55.7|55.4|55.6|55.5|55.4|55.6|96.1|97.8|101.5|100.6|61.9|67.3|46|58.4|68.7|63.4|80.4|79.6,28.9|7.3|0|1.1|1.1|1.1|1.1|1.1|1.1|1.1|22.7|5.7|22.7|2.6|11.9|7.3|10.4|11.9|35.1|7.3|1.1|1.1
2026-05-06 10:42:39,7.5,95.6,23.95,52.14,71.99,10.15,1,24152,0.353,12606,3,75.9|64.7|53.1|0|0|0|0|0|0|55|107.5|102|114.7|111|58.8|75.4|55.7|58.6|76|101.5|91.1|0,36.6|5.7|0|0|0|0|0|0|0|0|7.2|0|1|11.9|8.8|2.6|5.7|4.1|8.8|25.8|1|0
2026-05-06 10:42:49,9.5,87,23.92,52.12,71.99,10.15,1,24152,0.353,12616,3,73.2|66.8|55.7|0|0|0|0|48.3|0|0|105.5|105.9|107.8|115.2|66.4|49.8|49.2|62|68.9|102.4|0|0,24.3|0|0|0|0|0|0|0|0|0|27.4|0|2.7|29|5.8|1.2|8.9|2.7|4.2|38.2|0|0
2026-05-06 10:43:00,6.8,110.7,23.95,52.15,71.99,10.15,1,24152,0.353,12626.1,3,67.5|82.3|55.6|55.1|55.5|55.3|55.8|55.7|52.7|55.6|116.5|111.2|107|120.5|105.5|78.8|70.2|108.3|75.9|106.8|51.5|51.6,33.3|14.7|0.7|0|0|0|0|0|0|0|22.4|10|14.7|24|28.6|17.8|24|11.6|34.8|53.5|0|0
2026-05-06 10:43:10,6.8,80,23.97,52.18,71.99,10.15,1,24152,0.353,12636,3,99.6|94.7|55.5|55.5|55.6|55.7|55.5|55.6|55.6|55.5|125.8|125.7|107.8|102|91|76.2|75.7|61.3|81.5|70.5|60.5|45.9,42.3|6.4|0.2|0|0|0|0|0|0|0|20.5|12.7|18.9|3.3|31.4|4.9|39.2|12.7|26.7|11.1|0|0
2026-05-06 10:43:21,5.6,105,23.95,52.14,71.99,10.15,1,24152,0.353,12646.1,3,109.2|113.2|55.2|55.1|55|55.1|55.1|55.1|55.1|55.1|131.1|120.8|101.3|91.6|119.3|130.3|122.6|111.7|100.1|84|53.2|67,30|5.1|0.4|0.4|0|0|0.4|0.4|0|0|20.7|2|12.9|0|28.4|6.7|26.9|8.2|6.7|6.7|0|0
2026-05-06 10:43:31,13,109.5,23.93,52.12,71.99,10.15,1,24152,0.353,12656.1,3,95.1|78.7|55.5|55.6|55.6|55.2|55.2|55.4|55|55.6|127.4|131.3|94.2|84.6|69.6|78.2|60.9|46.9|57.3|50.8|77.6|99.9,45.9|15|1.1|0|0|0|0|1.1|1.1|1.1|28.9|18.1|30.4|11.9|30.4|21.2|36.6|11.9|22.7|13.4|1.1|1.1
2026-05-06 10:43:42,9,78.8,23.92,52.12,71.99,10.15,1,24152,0.353,12666.4,3,78.5|71.6|53.1|55.8|52.9|56.2|51.8|55.4|53|55.9|120.1|125.7|90.6|93.4|79.4|86.8|67|74.1|68.5|48.3|76.2|90.1,0|12.5|0|1.6|0|0|0|1.6|1.6|0|0|14.1|4.7|3.1|20.3|7.8|26.6|9.4|15.6|15.6|0|1.6
2026-05-06 10:43:52,6.2,86,23.91,52.1,71.99,10.15,1,24152,0.352,12676.3,3,77.3|88.5|55.4|0|0|55.5|0|0|52.2|55.6|117.2|120.9|95.8|96.1|86.6|75.9|60.7|60|51|52.2|0|0,7.2|41.2|0|1|1|1|1|1|1|1|10.3|24.2|28.8|16.5|31.9|10.3|22.7|10.3|11.8|19.6|0|0
2026-05-06 10:44:02,12.4,117.8,24.02,52.22,71.99,10.15,1,24152,0.352,12686.5,3,108.1|101|55.6|0|0|0|0|0|55.3|0|134.3|144.1|147.3|152.6|105.2|103.1|105.9|100.2|77.3|88.8|0|0,0|18.1|1.1|1.1|1.1|1.1|1.1|1.1|0|1.1|1.1|8.8|15|2.6|33.5|2.6|13.4|10.3|18.1|4.2|1.1|1.1
2026-05-06 10:44:13,15.6,117.1,24.02,52.2,71.99,10.15,1,24152,0.352,12696.7,3,95.1|65.5|55.5|55.6|55.6|55.2|55.5|54.1|55.6|55.1|108.5|113.8|117.5|121.8|97.1|75.1|83.4|66.8|63.7|56.8|53.7|54.2,1.2|0|1.2|1.2|1.2|1.2|1.2|1.2|1.2|1.2|7.4|1.2|19.8|1.2|18.2|5.9|29|7.4|27.5|4.3|1.2|1.2
2026-05-06 10:44:23,5,81.5,24.01,52.18,71.99,10.15,1,24152,0.352,12706.9,3,45.9|51.4|52.7|55.3|55.9|55.4|55.7|55.7|55.1|55.6|98.8|95.4|104.1|82.5|81.5|82.4|87.1|68.4|64.4|80.1|54.4|75.2,4.7|0.1|0.1|0.1|0|0.1|0.1|0|0.1|0.1|11|0.1|12.6|0.1|36|1.6|36|7.9|15.7|4.7|0.1|0.1
2026-05-06 10:44:34,15.5,78.1,24.01,52.18,71.99,10.15,1,24152,0.352,12717,3,81.2|100.5|55.5|55.3|55.6|55.6|55.5|55.4|55.3|55.6|111.6|113|118.5|114.1|102.7|101.9|85.3|77.8|72.2|68.3|56.8|56.8,15.7|4.8|0.1|1.7|0.1|0.1|0.1|0|0.1|0.1|22|9.5|28.2|12.6|37.6|7.9|31.3|12.6|20.4|12.6|0.1|0
2026-05-06 10:44:44,12.6,87.6,24.04,52.18,71.99,10.15,1,24152,0.352,12727.1,3,63.4|59.5|55.6|0|0|0|55.6|0|0|0|101.7|99.2|127.7|119.8|103.3|109.5|91.6|59.9|51.3|59.2|0|70.2,2.6|0|1|1|1|1|1|1|1|1|16.5|1|1|18|4.1|32|19.6|8.8|10.3|13.4|1|1
2026-05-06 10:44:54,12.2,94.5,24.12,52.33,71.99,10.15,1,24152,0.352,12737.4,3,60|81.6|55.4|0|53.4|0|0|0|55.7|0|105.6|102|118.4|129.4|79.6|87.1|71.8|75.1|62.8|71.1|0|0,7.3|0|0|0|0|0|0|0|0|0|7.3|0|0|18.1|2.7|35.1|22.8|4.2|19.7|7.3|0|0
2026-05-06 10:45:05,7.4,103.6,24.1,52.26,71.99,10.15,1,24152,0.352,12747.6,3,65.1|67.6|55.6|0|0|0|0|53.9|0|0|94.7|113.5|110.7|118.3|74.6|98.2|84.2|75.7|74.9|71.4|61.4|64.9,4|0|0|0|0|0|0|0|0|0|10.2|0|0|18|0|33.4|35|5.6|10.2|7.1|0.9|0.9
2026-05-06 10:45:15,5.4,91.1,24.08,52.25,71.99,10.15,1,24152,0.352,12757.6,3,99|92.7|55.5|55.4|55.6|55.8|55.6|55.6|50.8|55.4|126.1|123.5|121.1|128|84.7|102.2|120.8|122.1|113|104.6|52.4|51.8,30.5|24.3|0|0|0|1.2|1.2|0|0|0|49|30.5|59.8|29|21.2|15.1|58.3|24.3|46|24.3|0|0
2026-05-06 10:45:26,7.9,94.4,24.08,52.23,71.99,10.15,1,24152,0.352,12767.7,3,73.3|82.5|55.5|55.6|55.6|55.5|55.5|55.6|55.2|55.6|118.6|123|121.4|114|64.1|54.2|90.3|98.2|81.6|82.4|62|59.4,11.8|4.1|0|1|1|1|1|1|0|1|21.1|5.6|16.4|1|5.6|1|24.2|4.1|35|2.5|1|1
2026-05-06 10:45:36,7.9,92.1,24.13,52.29,71.99,10.15,1,24152,0.352,12777.9,3,66.7|66.3|55.6|55.6|55.6|55.6|55.6|55.5|55.6|55.6|130.4|119.5|108.1|103.4|79.2|85.9|110.3|95.8|83.2|73.6|52.8|66.4,34.6|9.7|0|0.3|0.3|0.3|0.3|0.3|0.3|0.3|17.5|3.4|25.2|8.1|33|12.8|56.4|19|51.7|19|0.3|0.3
2026-05-06 10:45:47,9.5,93.1,24.06,52.2,71.99,10.15,1,24152,0.352,12787.8,3,92.4|81.5|51.4|55.4|55.6|55.5|55.6|55.5|55.5|55.5|109.1|121.4|111.9|101.9|82.1|68.8|94.9|109|101.3|86.2|54.9|76,12.6|3.3|0|0.2|0.2|0.2|0.2|0.2|0.2|0.2|8|25.1|28.2|11.1|23.6|9.5|6.4|32.9|37.6|14.2|0.2|0.2
2026-05-06 10:45:57,13.3,120.1,24.27,52.69,71.99,10.15,1,24152,0.352,12797.8,3,108.1|112.6|55.1|55.6|55.5|55.5|55.6|55.6|55.5|55.5|129.1|131.8|139.1|134.5|106.7|112.2|109.5|110.2|112.9|113.4|43.8|43.9,16.5|0|0|0|0|0|0|0|0|0|18.1|36.6|30.4|16.5|21.2|22.7|15|33.5|27.3|10.3|0|0
2026-05-06 10:46:07,22.5,117.7,23.56,51.59,71.99,10.15,1,24152,0.352,12807.8,3,107.9|112.5|108.5|108.9|109.6|104.2|100.3|101.7|103.9|101.2|116.6|122.5|118.1|124.8|106.2|109.2|105.7|102.5|107.5|110.3|47.9|49,26|21.4|70.7|47.6|53.8|39.9|36.8|27.6|55.3|30.7|41.4|29.1|41.4|21.4|38.4|18.3|44.5|30.7|49.1|36.8|0|1.4
2026-05-06 10:46:18,16.2,122.1,23.62,51.64,71.99,10.15,1,24152,0.352,12817.8,3,126.3|135.5|57.1|55.5|55.5|55.5|55.6|55.5|55.5|55.5|125.9|125.2|124.3|127.9|126|135.7|132|132.5|125.7|132.6|51.6|49.2,86.1|67.5|2.6|0|0|0|0|0|0|0|5.7|5.7|2.6|4.2|81.4|72.2|81.4|79.9|79.9|78.4|0|0
2026-05-06 10:46:28,16.4,118.5,23.56,51.55,71.99,10.15,1,24152,0.352,12827.9,3,113|108.5|55.3|55.4|55.4|55.4|55.4|55.4|55.4|54.9|138.4|130.2|133|133.6|106.6|110.7|108.1|104.9|127.7|115.7|46.4|47.2,35.2|13.6|0|0|0|0|0|0|0|0|27.5|21.3|24.4|13.6|30.6|10.5|29|19.8|36.7|16.7|0|0
2026-05-06 10:46:39,13.8,119.9,23.4,51.4,71.99,10.02,1,24152,0.352,12837.9,3,125.3|131.4|55.5|55.6|55.5|55.5|55.5|55.5|55.6|54.4|124.2|122.2|113|116.8|125.6|130|128.1|132.4|132.7|129.1|54.1|45.8,49|19.6|0|0|0|0|0|1.1|0|0|45.9|16.5|18.1|45.9|33.5|18.1|38.2|28.9|27.4|58.3|0|0
2026-05-06 10:46:49,10.1,101.1,23.34,51.33,71.99,10.02,1,24152,0.352,12847.9,5,91.4|71.4|55.6|55.6|55.6|55.5|48.7|55.6|55.6|55.7|119.3|129.1|115.2|125.5|81.8|58|59|65.1|85.1|96.5|69.6|75.6,45.8|24.2|0.9|0.9|0|0.9|0.9|0.9|0.9|0.9|31.9|19.5|21.1|38.1|44.3|21.1|31.9|13.3|16.4|31.9|0.9|0.9
2026-05-06 10:46:59,14,115.4,23.35,51.33,71.99,10.02,1,24152,0.352,12858,5,103|111.7|55|55.6|55.6|55.6|55.5|55.5|55.6|55.5|145|148.3|132.7|138.9|93|88.2|65.2|64.3|92.3|93.4|47.9|51.1,22.8|2.7|0|0|0|0|0|0|0|0|33.6|2.7|27.4|36.7|15.1|8.9|16.6|13.6|5.8|46|0|0
2026-05-06 10:47:10,19.9,120.8,23.41,51.37,71.99,10.02,1,24152,0.352,12868.1,5,111.9|115.9|55.5|55.6|55.6|55.5|55.3|55.5|55.6|55.6|137.3|136.5|135.8|133.7|105.9|109.3|113|113.8|110.8|109.3|47.1|51,46.1|10.7|0|0|0|0|0|0|0|0|36.9|13.8|36.9|13.8|36.9|12.2|44.6|21.5|36.9|13.8|0|0
2026-05-06 10:47:20,20.7,115.8,24.35,52.65,71.99,10.06,1,24152,0.352,12878.2,5,104.5|105.1|113.9|113.7|110.5|110.5|88.6|91.1|86.9|89.2|119.7|118.3|121.4|119.8|103.2|105.7|101.8|104.5|102.4|102.6|47.4|46.7,37.6|12.7|42.3|40.7|25.1|22|40.7|8|12.7|4.9|54.8|26.7|62.6|22|40.7|9.5|34.5|3.3|45.4|8|3.3|0.2
2026-05-06 10:47:31,12.3,88.3,24.26,52.51,71.99,10.06,1,24152,0.352,12888.2,5,102.8|74|55.6|55.6|55.6|55.6|53.3|55.5|55.5|54.1|126.5|107.4|101.5|96|116.7|99.1|80.4|75.2|68.3|64|47.7|57,22.8|4.2|0|1.1|0|0|0|0|0|0|22.8|4.2|12|7.3|33.6|5.8|22.8|10.4|18.1|12|0|0
2026-05-06 10:47:41,13.8,97,24.25,52.51,71.99,10.06,1,24152,0.352,12898.5,5,105.2|105.8|55.4|55.6|55.7|55.6|55.7|55.2|55.3|51.8|120.8|114.7|131.7|144.3|85.4|82.4|86.1|67.1|71.7|52.3|47.5|73.2,1.1|21.2|0|0|0|0|0|0|0|0|1.1|7.2|15|2.6|30.4|7.2|16.5|5.7|18.1|8.8|0|0
2026-05-06 10:47:52,10.1,92,24.25,52.48,71.99,10.06,1,24152,0.352,12908.5,5,78.5|89.6|44.6|54.6|55.9|55.6|55.5|55.5|55.9|55.2|102.1|99.5|112.6|117|88.1|71.1|79.3|80.1|69.2|61.3|74.9|77.6,4.1|42.8|0|0|0|0|0|0|0|0|7.2|38.2|45.9|18|32|8.8|35.1|15|22.7|7.2|0|0
2026-05-06 10:48:02,7.3,96.3,24.19,52.53,71.99,10.06,1,24152,0.352,12918.4,5,78.6|91.5|55.6|55.4|55.4|55.5|55.1|55.9|55.9|55.6|100.1|113.4|136.7|136.1|105.6|91.1|65.5|59.9|66|59.1|69.7|58.6,0|26.1|0|0|0|0|0|0|0|0|0|20|33.8|0|27.7|1.5|20|4.6|7.6|3|0|0
2026-05-06 10:48:13,9.9,99.2,24.34,52.61,71.99,10.06,1,24152,0.352,12928.4,5,68.7|65.4|55.5|55.6|55.6|55|55.6|55.6|55.5|55.5|98.3|105.3|114.9|117|102.1|87.3|81.1|81.6|88.9|75.6|56.2|56.1,17.2|4.8|0.1|0.1|0.1|0.1|0.1|0|0.1|0.1|14.1|9.4|14.1|1.6|37.5|0.1|36|14.1|28.2|7.9|0.1|0.1
2026-05-06 10:48:23,5.7,90,24.32,52.58,71.99,10.06,1,24152,0.352,12938.6,5,58.1|74|55.4|55.4|55.2|55.3|56.2|55.2|54.8|55.4|104|114.6|114.3|107.9|95.1|104.9|81.3|79.5|78|69.3|76|77.7,10.2|0|0.9|0.9|0.9|0.9|0.9|0.9|0.9|0.9|14.8|0|16.4|0.9|35|5.5|17.9|10.2|16.4|4|0.9|0.9
2026-05-06 10:48:33,7.6,96,24.29,52.56,71.99,10.06,1,24152,0.352,12948.7,5,69.1|82.2|50.9|55.6|55.5|0|0|55.5|0|55.5|105.9|112.9|99.7|91.3|113.1|100.9|97.5|90.9|83.3|78.4|64.9|0,13.5|4.3|1.2|1.2|1.2|0|0|1.2|1.2|1.2|38.2|18.2|39.8|12|39.8|10.5|52.1|18.2|44.4|10.5|1.2|0
2026-05-06 10:48:44,8.7,96,24.34,52.59,71.99,10.06,1,24152,0.352,12958.8,5,68.7|85.6|55.4|0|0|0|0|0|0|55.3|115.1|113.1|80.3|101.2|103.6|107.7|104.9|88.8|63.4|60.2|0|0,6.4|3.3|0|0|0.2|0.2|0.2|0.2|0.2|0.2|25.1|8|3.3|20.5|8|40.7|31.4|1.7|22|12.7|0.2|0.2
2026-05-06 10:48:54,5.9,130,24.31,52.56,71.99,10.06,1,24152,0.352,12968.7,3,84.3|75.1|55.6|55.5|55.6|55.5|55.7|55.6|55.7|55.6|131.1|135.1|119.4|133.8|129.5|154.6|142.9|137|93.1|75.9|42.8|42.7,14.9|10.3|2.6|2.6|1|1|1|1|2.6|1|41.2|16.5|27.3|44.3|14.9|58.2|41.2|19.6|35|21.1|1|1
2026-05-06 10:49:05,14.3,123.1,24.38,52.62,71.99,10.06,1,24152,0.352,12978.9,3,93.1|80.2|55.8|55.5|56|55.4|55.4|55.2|55.8|55.3|125.6|153.4|119.6|128.6|93.3|97.5|110.5|109.5|91.8|87.3|40.1|63.5,15.1|10.5|0|0|0|0|0|0|1.2|1.2|29|10.5|13.6|33.7|2.8|32.1|35.2|10.5|30.6|18.2|0|1.2
2026-05-06 10:49:15,8.6,120,24.29,52.62,71.99,10.06,1,24152,0.352,12989.2,3,108.3|107.4|55.5|55|55.4|55.5|55.5|55.5|55.5|55.2|130|137.1|136.2|132.4|100.3|100.8|105.6|105.7|96.1|93.1|49.8|47.7,38.2|10.4|0|0|1.1|0|0|0|0|0|41.3|22.7|38.2|32|32|16.6|33.6|25.8|38.2|21.2|0|0
2026-05-06 10:49:26,10.2,115.2,24.4,52.78,71.99,10.05,1,24152,0.352,12999.2,3,88|101.4|55.3|55.5|55.6|55.5|55.6|55.2|55.6|55.5|122|127.6|132.4|142.1|99|98.7|116.1|102.7|116.8|107.4|44|44,22.7|5.7|0|0|0|0|0|0|0|0|22.7|7.2|22.7|2.6|19.6|7.2|28.9|8.8|38.1|11.9|0|0
2026-05-06 10:49:36,13.7,109.9,24.44,52.83,71.99,10.05,1,24152,0.352,13009.3,3,96.2|77.6|55.5|55.6|55.6|55.5|55.6|55.6|55.6|55.5|135.2|129.5|126.6|121.8|79|71.3|137.5|109.5|104.9|100.4|46.1|55.5,8.4|2.2|0|0|0|0|0|0|0|0|27.1|10|39.5|3.8|13.1|0.7|41|6.9|39.5|8.4|0|0
2026-05-06 10:49:46,6.7,117.6,24.45,52.85,71.99,10.05,1,24152,0.352,13019.4,3,112.2|94.9|55.5|55.5|55.5|55.6|55.6|55.5|55.6|55.5|118.3|121.5|130.6|129.3|118.2|120.1|121.8|119.4|115.3|104.6|47.1|53.7,42.6|20.8|0|0|0|0|0|0|0|0|37.9|47.2|56.5|34.8|31.7|27.1|27.1|56.5|47.2|25.5|0|0
2026-05-06 10:49:57,16.5,115.4,24.47,53.11,71.99,10.05,1,24152,0.352,13029.6,3,110.8|117.7|55.5|55.5|55.5|55.5|55.4|55.4|55.5|55.4|118.4|123|127.8|123.6|99.2|96.2|109.8|116.3|112.3|113.5|49.8|49.7,31.9|11.8|1|1|1|1|1|1|1|1|25.8|42.8|38.1|35|31.9|24.2|21.1|41.2|55.1|25.8|1|1
2026-05-06 10:50:07,13.5,119.5,24.3,53.04,71.99,10.05,1,24152,0.352,13039.7,3,118.4|119.8|55.5|55.4|55.5|55.5|55.5|55.5|55.5|55.5|114.1|124.2|129.2|130.9|110.4|115.9|116.7|111.3|121.7|121.1|47.7|46.9,42.7|16.4|0|0|0|0|0|0|0|0|24.1|14.8|25.6|25.6|52|19.4|38|21|42.7|27.2|0|0
2026-05-06 10:50:18,10.3,116.8,24.19,53.06,71.99,10.05,1,24152,0.352,13049.9,3,98.8|105.5|55.5|55.5|55.5|55.6|55.5|55.6|55.5|55.5|120|121.5|116.7|116.4|106.1|123.3|112.2|106.6|111.9|119.5|46.2|46,35.2|2.8|1.2|0|0|0|0|1.2|0|0|24.4|2.8|22.8|1.2|12|1.2|8.9|0|32.1|7.4|0|0
2026-05-06 10:50:28,13.5,106.5,24.24,53.03,71.99,10.05,1,24152,0.352,13060,3,104.6|96.4|54.7|55.5|55.4|55.5|55.4|55.5|55.4|55.4|136.5|139.6|119.5|121.5|92.2|87.7|83.4|93.3|109.9|110.6|50.6|56.1,33.5|2.6|0|0|0|0|0|0|0|0|24.2|0|14.9|0|18|4.1|7.2|5.7|33.5|16.5|0|0
2026-05-06 10:50:38,12.6,122.1,24.31,53.09,71.99,10.05,1,24152,0.352,13070.2,3,110.3|121.4|55|55.6|55.5|55.6|55.6|55.4|55.6|55.2|130.6|130.7|132.2|136.6|111.4|109.3|114.5|109.9|114.4|121.9|49.8|43.2,41|17.7|0.6|0.6|0.6|0.6|0.6|0.6|0.6|0.6|36.3|20.8|20.8|42.5|37.9|20.8|37.9|13|31.7|41|0.6|0.6
2026-05-06 10:50:49,6.4,106.9,24.26,53.03,71.99,10.05,1,24152,0.352,13080.4,3,92.3|98.9|52.6|0|0|0|55.6|55.6|55.5|55.4|110.7|106.5|95.6|102.5|84.6|67.4|53.2|65|112.8|138|72|0,28.7|3.9|0.8|0.8|0.8|0.8|0.8|0.8|0.8|0.8|20.9|5.4|3.9|19.4|14.7|2.3|17.8|0.8|3.9|36.4|0.8|0.8
2026-05-06 10:50:59,7.4,113.4,24.25,53.13,71.99,10.05,1,24152,0.352,13090.6,3,95.3|113.3|55.4|55.5|55.8|55.1|55.5|55.6|55.7|55.6|125.7|130.7|117.9|112.5|85.7|82.8|78.2|83|102.9|135.4|45.2|45,30.1|6.8|2.2|2.2|2.2|2.2|2.2|0.6|2.2|2.2|22.4|5.3|6.8|11.5|19.3|6.8|19.3|9.9|9.9|41|2.2|2.2
2026-05-06 10:51:10,7.5,101.9,24.22,53.04,71.99,10.05,1,24152,0.352,13100.8,3,115.1|110.4|52.1|55.5|55.6|55.8|51.2|52.8|55.6|51|98.7|108.9|125.2|121.6|107.9|104.3|102.1|87.9|89.7|106.7|61.8|43,30.4|7.3|1.1|1.1|1.1|1.1|1.1|1.1|2.6|1.1|21.2|2.6|28.9|2.6|24.3|11.9|19.6|16.5|24.3|15|0|0
2026-05-06 10:51:20,20,131.7,23.92,53.08,71.99,10.06,1,24152,0.352,13111,3,107.1|85.5|55.5|55.6|55.5|55.5|55.6|55.6|55.6|55.5|149.9|143.7|135.9|131.4|108.8|108.9|109|110.5|96.1|85.2|46.6|45.4,31.5|16|0.4|0.4|0.4|0.4|0.4|0.4|0.4|0.4|11.3|8.2|20.6|3.5|34.6|14.4|30|11.3|25.3|12.9|0.4|2
2026-05-06 10:51:31,26.2,115.2,24.2,53.09,71.99,10.06,1,24152,0.352,13121.1,3,118|121.8|55.6|55.6|55.6|55.6|55.5|55.5|55.6|55.5|127.7|125.4|123.6|121.7|102.4|81.7|112.8|92.9|107.3|106.4|45.5|47.9,35.4|1.5|0|1.5|1.5|1.5|1.5|1.5|0|1.5|27.7|3.1|23.1|3.1|27.7|3.1|13.8|6.2|9.2|1.5|0|1.5
2026-05-06 10:51:41,16,111,24.1,52.73,71.99,10.06,1,24152,0.352,13131.2,3,101.4|111.2|55.6|55.5|55.7|55.6|55.5|55.5|54.5|55.6|106.6|117.6|111.7|113.7|121.8|118.9|113|105.9|86.6|65.4|59.9|77.2,25.8|49|1.1|1.1|0|1.1|1.1|0|1.1|1.1|38.2|55.2|55.2|42.8|66|49|52.1|42.8|41.3|36.6|1.1|0
2026-05-06 10:51:51,23.4,128.7,24.13,52.74,71.99,10.06,1,24152,0.352,13141.2,3,109|113.8|55.5|55.5|55.5|55.5|55.5|55.5|55.5|55.5|127.3|121.7|125.5|127.2|116.5|116.5|119.4|123.1|120|127.5|47|54.5,4.3|27.4|0|0|0|0|0|0|0|0|16.6|27.4|41.3|22.8|38.2|36.7|41.3|27.4|46|35.2|0|0
2026-05-06 10:52:02,11.3,118.7,23.49,52.64,71.99,10.06,1,24152,0.352,13151.3,3,101.5|108|55.4|55.4|55.5|55.6|55.5|55.6|53.1|55.6|123|120.8|122.9|127.2|116|117.3|119.1|126|116.3|122.9|46.9|48.7,1|33.5|0|0|0|0|0|0|0|0|16.4|22.6|33.5|18|53.6|18|35|13.4|41.2|14.9|0|0
2026-05-06 10:52:12,21.4,115.8,23.7,52.74,71.99,10.04,1,24152,0.352,13161.5,3,118.8|123.8|55.6|55.6|55.6|55.5|55.4|55.6|55.5|55.6|133.7|131|130.5|136.7|120.1|125.9|121.7|124.1|124.5|123.5|47.1|45.3,36.7|9|1.3|0|0|0|0|0|1.3|0|32.1|19.8|33.7|16.7|18.2|7.4|42.9|27.5|32.1|22.9|0|0
2026-05-06 10:52:23,23.8,115.1,23.9,52.73,71.99,10.04,1,24152,0.352,13171.8,3,105.4|109|55.1|54.9|55.3|54.9|55|54.6|55.1|54.8|127.4|128.9|131.8|131.1|105.7|114.2|113.4|114.4|108.8|109.4|48.6|47,37.8|5.1|0.4|0|0|0|0|0|0|0.4|34.7|25.3|51.8|9.8|23.8|16|48.7|36.2|34.7|30|0|0
2026-05-06 10:52:33,10.9,116.7,23.93,52.67,71.99,10.04,1,24152,0.352,13182,3,109|113.8|55.4|55.2|55.1|55.3|55.1|55.1|55.3|55.2|124.4|128.7|127.2|127.2|112.6|116.2|115.4|117|115.9|122.3|43.9|44,9.1|3|0|0|1.4|1.4|1.4|0|1.4|1.4|15.3|18.4|26.1|4.5|24.5|1.4|39.9|12.2|39.9|15.3|1.4|1.4
2026-05-06 10:52:43,11.5,118,23.93,52.69,71.99,10.04,1,24152,0.352,13192.2,3,107.7|104|50.3|55.6|55.5|55.3|55.8|55.6|55.3|55.9|121.5|125.4|130.8|129.1|120.7|112.4|113.6|113.3|120.8|125.2|41.2|41.4,17.9|3.9|2.4|2.4|2.4|2.4|2.4|2.4|2.4|2.4|22.5|5.5|2.4|31.8|0|38|39.6|5.5|39.6|16.3|2.4|2.4
2026-05-06 10:52:54,14.4,117.6,24.04,52.7,71.99,10.04,1,24152,0.352,13202.4,5,103.4|94.2|54.1|55.5|55.5|55.3|55.6|55.6|55.1|51.9|123.1|131.2|129.2|130.4|111.9|115.8|111.8|112.4|118.3|123.1|44.1|54.4,20|6.1|0|0|0|0|0|1.5|0|0|18.4|6.1|6.1|30.8|0|30.8|43.1|4.6|33.8|12.3|1.5|0
2026-05-06 10:53:04,11.3,119.8,24.18,52.62,71.99,10.04,1,24152,0.321,13212.6,5,102.9|107.4|55|55.7|0|0|0|55.6|0|0|124.5|127.5|127.3|124.4|110.2|112.6|117.1|120.4|117.2|119.7|0|0,14.8|0.9|0.9|0.9|0.9|0.9|0.9|0.9|0.9|0.9|17.9|7.1|8.6|35|0.9|38.1|48.9|2.4|36.5|10.2|0.9|0.9
2026-05-06 10:53:15,8.1,119.4,24.33,52.59,71.99,10.04,1,24152,0.321,13222.8,5,112.6|115.5|55.4|55.2|55.4|55.5|55.5|55.7|55.5|55.7|124.4|126.3|123.5|133.3|110|109.6|113.5|122.6|115.2|122.4|49|49,42.7|7|0.8|0.8|0.8|0.8|0.8|0.8|0.8|0.8|25.6|8.6|30.3|2.4|21|8.6|31.8|8.6|47.3|13.2|0.8|0.8
2026-05-06 10:53:25,13.3,119.6,24.34,52.57,71.99,10.04,1,24152,0.321,13233,5,120.9|110.1|53|0|0|0|0|0|55.5|0|125.7|125.9|128.8|137.1|104.3|92.4|119.7|122.8|118.7|122.4|0|57.1,41.3|4.2|0|0|0|0|0|0|1.1|0|18.1|1.1|21.2|2.7|29|0|41.3|5.8|29|5.8|1.1|0
2026-05-06 10:53:35,10.1,119.1,24.21,52.56,71.99,10.04,1,24152,0.321,13243.2,5,109|116.1|55.5|55.6|55.5|55.6|55.6|55.6|55.5|55.5|121.6|125.9|123.3|132.8|106.4|112.5|118.5|124.7|117.5|114.8|43.9|49.1,48.7|17.6|0.5|0.5|0|0|0|0|0.5|0|50.2|31.6|50.2|23.8|40.9|14.5|51.8|17.6|67.3|25.4|0|0
2026-05-06 10:53:46,8.5,118.1,24.22,52.57,71.99,10.04,1,24152,0.321,13253.5,5,115.1|111.7|55.5|55.6|55.5|55.6|55.6|55.5|55.5|55.6|132.1|124|125.1|130.4|109.2|106.4|110|114.8|114.7|113.2|49.7|51.7,38.1|0|0|1|0|0|0|0|0|0|2.6|28.9|25.8|2.6|33.5|2.6|7.2|38.1|39.7|5.7|1|0
2026-05-06 10:53:56,9,118.1,24.2,52.57,71.99,10.04,1,24152,0.321,13263.8,5,120.1|111.7|55.5|55.6|55.5|55.5|55.6|55.5|55.5|55.6|127.5|122|128.2|131.6|105.3|108.8|118.9|118.6|116.5|114.3|46.5|52,45.8|2.5|0|0|0|0|0|0|0|0|10.2|28.8|30.3|11.8|18|16.4|5.6|36.5|38.1|10.2|0|0
2026-05-06 10:54:07,5.8,122.7,24.03,52.3,71.99,10.03,0,,,,,96|92.7|55.7|50.6|55.6|55.3|55.7|55.8|55.4|55.7|131.3|128.4|137.5|136|93|86.6|126.4|127.9|120.4|108.7|44.6|44.5,16|2|2|0.4|0.4|0.4|0.4|2|0.4|0.4|23.8|12.9|33.1|9.7|23.8|3.5|12.9|20.6|31.5|8.2|0.4|0.4
2026-05-06 10:54:17,13.7,116.8,24.04,52.37,71.99,10.03,0,,,,,106.6|107|55.6|55.5|55.5|55.6|55.6|55.6|55.5|55.6|130.1|131.4|129.1|131|105.1|106.9|106.7|106.8|108.8|109.4|46|45.8,45.9|30.4|0|0|0|0|0|0|0|0|49|42.8|49|56.7|35.1|35.1|33.5|33.5|38.2|28.9|0|0
2026-05-06 10:54:27,4.5,123.1,23.96,52.32,71.99,10.03,0,,,,,120.3|109.3|55.6|55.6|0|56.2|0|56|55.2|0|133.6|132.7|135.1|135.2|98.3|89.9|94.6|89.5|128|122.1|58.2|0,24.2|0|0|1|1|0|1|0|0|1|22.7|2.6|19.6|0|11.8|0|8.8|1|24.2|1|0|1
2026-05-06 10:54:38,4,125.9,23.95,52.32,71.99,10.03,0,,,,,111|104.3|54.5|55.7|55.6|55.7|55.8|55.3|51|55.7|133|132.4|138.9|126.8|105.5|98.5|99.7|90.8|131.7|116.6|45|45.1,20.9|0.7|0.7|0.7|0.7|0.7|0.7|0.7|0|0|16.3|0.7|7|20.9|8.5|0|0.7|0|0.7|17.8|0.7|0.7
2026-05-06 10:54:48,5.9,123.9,24.17,52.43,71.99,10.03,0,,,,,117.3|114|55.4|54.2|55.6|55.6|55.5|55.6|55.6|55.6|132|126|126.5|128.3|107.7|105.7|105.2|103|113.3|119.1|46|44.9,26|1.3|1.3|2.9|0|0|0|0|0|0|22.9|7.5|13.7|29.1|18.3|2.9|15.2|0|4.4|22.9|0|0
