row,col | V_base                   | V_new                    | equal
  1,  1 |   3.2797787831532034e-04 |   3.2797787831532034e-04 | 1
  1,  2 |   6.4739857072360421e-05 |   6.4739857072360421e-05 | 1
  1,  3 |   4.9588870047371144e-05 |   4.9588870047371144e-05 | 1
  1,  4 |   6.4332292580312849e-05 |   6.4332292580312849e-05 | 1
  1,  5 |   1.0277812689582098e-04 |   1.0277812689582098e-04 | 1
  1,  6 |   5.6197798233364150e-05 |   5.6197798233364150e-05 | 1
  1,  7 |   6.5390905712384061e-05 |   6.5390905712384061e-05 | 1
  1,  8 |   5.1739439570245614e-05 |   5.1739439570245614e-05 | 1
  1,  9 |   6.8609407364708446e-05 |   6.8609407364708446e-05 | 1
  1, 10 |   5.1780041795464261e-05 |   5.1780041795464261e-05 | 1
  1, 11 |   1.2936707802672034e-04 |   1.2936707802672034e-04 | 1
  1, 12 |   3.4915068575665817e-05 |   3.4915068575665817e-05 | 1
  1, 13 |   5.4414642401517938e-05 |   5.4414642401517938e-05 | 1
  1, 14 |   6.8929880498059233e-05 |   6.8929880498059233e-05 | 1
  1, 15 |   1.1711282280472012e-04 |   1.1711282280472012e-04 | 1
  1, 16 |   4.8713049156619089e-05 |   4.8713049156619089e-05 | 1
  1, 17 |   8.5324888374888150e-05 |   8.5324888374888150e-05 | 1
  1, 18 |   8.7352864203527519e-05 |   8.7352864203527519e-05 | 1
  1, 19 |   7.2132710663894519e-05 |   7.2132710663894519e-05 | 1
  1, 20 |   8.2621678609217194e-05 |   8.2621678609217194e-05 | 1
  1, 21 |   1.0187014843998212e-04 |   1.0187014843998212e-04 | 1
  1, 22 |   6.6366065908888015e-05 |   6.6366065908888015e-05 | 1
  1, 23 |   6.9147063112877778e-05 |   6.9147063112877778e-05 | 1
  1, 24 |   7.3249984796763183e-05 |   7.3249984796763183e-05 | 1
  1, 25 |   6.7050972296399321e-05 |   6.7050972296399321e-05 | 1
  1, 26 |   8.3964080892219434e-05 |   8.3964080892219434e-05 | 1
  1, 27 |   7.4543169283887439e-05 |   7.4543169283887439e-05 | 1
  1, 28 |   7.3781634223580342e-05 |   7.3781634223580342e-05 | 1
  1, 29 |   7.1967240905348415e-05 |   7.1967240905348415e-05 | 1
  1, 30 |   7.3269460537700172e-05 |   7.3269460537700172e-05 | 1
  1, 31 |   8.0872575166827571e-05 |   8.0872575166827571e-05 | 1
  1, 32 |   1.8909247202609753e-05 |   1.8909247202609753e-05 | 1
  1, 33 |  -4.2195453874571483e-05 |  -4.2195453874571483e-05 | 1
  1, 34 |   6.8822893873079463e-05 |   6.8822893873079463e-05 | 1
  1, 35 |  -3.7861934517334721e-05 |  -3.7861934517334721e-05 | 1
  1, 36 |  -3.6421289465617697e-05 |  -3.6421289465617697e-05 | 1
  1, 37 |  -2.4849425259552594e-05 |  -2.4849425259552594e-05 | 1
  1, 38 |  -1.2957201792076529e-05 |  -1.2957201792076529e-05 | 1
  1, 39 |  -3.0737333563335228e-06 |  -3.0737333563335228e-06 | 1
  1, 40 |  -3.3517141818767841e-05 |  -3.3517141818767841e-05 | 1
  1, 41 |   6.8543662315795020e-05 |   6.8543662315795020e-05 | 1
  1, 42 |  -2.1607918080218397e-05 |  -2.1607918080218397e-05 | 1
  2,  1 |   6.4739857072360421e-05 |   6.4739857072360421e-05 | 1
  2,  2 |   1.2412524694022577e-03 |   1.2412524694022577e-03 | 1
  2,  3 |   4.2796274715725376e-05 |   4.2796274715725376e-05 | 1
  2,  4 |   5.7784553046431921e-05 |   5.7784553046431921e-05 | 1
  2,  5 |   8.1910403968869756e-05 |   8.1910403968869756e-05 | 1
  2,  6 |   4.5391694407037588e-05 |   4.5391694407037588e-05 | 1
  2,  7 |   5.6204695813790184e-05 |   5.6204695813790184e-05 | 1
  2,  8 |   4.5648306962273573e-05 |   4.5648306962273573e-05 | 1
  2,  9 |   5.8219331685647826e-05 |   5.8219331685647826e-05 | 1
  2, 10 |   5.0534478248391899e-05 |   5.0534478248391899e-05 | 1
  2, 11 |   1.0373932592523509e-04 |   1.0373932592523509e-04 | 1
  2, 12 |   3.0905355182990763e-05 |   3.0905355182990763e-05 | 1
  2, 13 |   5.4710450535753090e-05 |   5.4710450535753090e-05 | 1
  2, 14 |   6.6705363145001638e-05 |   6.6705363145001638e-05 | 1
  2, 15 |   1.5462422698059484e-04 |   1.5462422698059484e-04 | 1
  2, 16 |   4.4165769277163578e-05 |   4.4165769277163578e-05 | 1
  2, 17 |   7.3700255657762649e-05 |   7.3700255657762649e-05 | 1
  2, 18 |   7.6259394583486100e-05 |   7.6259394583486100e-05 | 1
  2, 19 |   7.0897760821826271e-05 |   7.0897760821826271e-05 | 1
  2, 20 |   7.3911281136136809e-05 |   7.3911281136136809e-05 | 1
  2, 21 |   8.0757028182644260e-05 |   8.0757028182644260e-05 | 1
  2, 22 |   5.5400772447563654e-05 |   5.5400772447563654e-05 | 1
  2, 23 |   5.6167241299581410e-05 |   5.6167241299581410e-05 | 1
  2, 24 |   6.5014574412188575e-05 |   6.5014574412188575e-05 | 1
  2, 25 |   5.8226526748120594e-05 |   5.8226526748120594e-05 | 1
  2, 26 |   7.4980724496262046e-05 |   7.4980724496262046e-05 | 1
  2, 27 |   4.2216654227593639e-05 |   4.2216654227593639e-05 | 1
  2, 28 |   6.3777846630413883e-05 |   6.3777846630413883e-05 | 1
  2, 29 |   6.5091682767611604e-05 |   6.5091682767611604e-05 | 1
  2, 30 |   6.2649637561159563e-05 |   6.2649637561159563e-05 | 1
  2, 31 |   6.3559916137846065e-05 |   6.3559916137846065e-05 | 1
  2, 32 |  -3.5672596048434588e-04 |  -3.5672596048434588e-04 | 1
  2, 33 |  -4.5236723331782249e-06 |  -4.5236723331782249e-06 | 1
  2, 34 |   5.6041662393991262e-05 |   5.6041662393991262e-05 | 1
  2, 35 |  -3.6259336152676651e-05 |  -3.6259336152676651e-05 | 1
  2, 36 |  -3.5658609663870721e-05 |  -3.5658609663870721e-05 | 1
  2, 37 |  -2.5454470103368583e-05 |  -2.5454470103368583e-05 | 1
  2, 38 |  -1.1123600391716063e-05 |  -1.1123600391716063e-05 | 1
  2, 39 |  -2.4666423825271611e-06 |  -2.4666423825271611e-06 | 1
  2, 40 |  -2.8038170297928332e-05 |  -2.8038170297928332e-05 | 1
  2, 41 |   6.0297282830743074e-05 |   6.0297282830743074e-05 | 1
  2, 42 |   3.5398073710594453e-04 |   3.5398073710594453e-04 | 1
  3,  1 |   4.9588870047371144e-05 |   4.9588870047371144e-05 | 1
  3,  2 |   4.2796274715725376e-05 |   4.2796274715725376e-05 | 1
  3,  3 |   1.1694548678403180e-02 |   1.1694548678403180e-02 | 1
  3,  4 |   4.2811024853793835e-05 |   4.2811024853793835e-05 | 1
  3,  5 |   7.7644548754620362e-05 |   7.7644548754620362e-05 | 1
  3,  6 |   3.8833509563705717e-05 |   3.8833509563705717e-05 | 1
  3,  7 |   4.3173396407322577e-05 |   4.3173396407322577e-05 | 1
  3,  8 |   3.4031024395662797e-05 |   3.4031024395662797e-05 | 1
  3,  9 |   4.2179725281812084e-05 |   4.2179725281812084e-05 | 1
  3, 10 |   2.9303329048537784e-05 |   2.9303329048537784e-05 | 1
  3, 11 |   7.2630820027615419e-05 |   7.2630820027615419e-05 | 1
  3, 12 |   1.8275248404496795e-05 |   1.8275248404496795e-05 | 1
  3, 13 |   3.7567731573513677e-05 |   3.7567731573513677e-05 | 1
  3, 14 |   4.8096628563171965e-05 |   4.8096628563171965e-05 | 1
  3, 15 |   6.6936490035045932e-05 |   6.6936490035045932e-05 | 1
  3, 16 |   2.8873078959089985e-05 |   2.8873078959089985e-05 | 1
  3, 17 |   5.7989329667773864e-05 |   5.7989329667773864e-05 | 1
  3, 18 |   5.7786194117102809e-05 |   5.7786194117102809e-05 | 1
  3, 19 |   4.4143739817053594e-05 |   4.4143739817053594e-05 | 1
  3, 20 |   6.1759494357173933e-05 |   6.1759494357173933e-05 | 1
  3, 21 |   6.8818819172173458e-05 |   6.8818819172173458e-05 | 1
  3, 22 |   4.0770039997315563e-05 |   4.0770039997315563e-05 | 1
  3, 23 |   4.4371192902501867e-05 |   4.4371192902501867e-05 | 1
  3, 24 |   5.0366139956605223e-05 |   5.0366139956605223e-05 | 1
  3, 25 |   4.2998053295355485e-05 |   4.2998053295355485e-05 | 1
  3, 26 |   5.6088653380267393e-05 |   5.6088653380267393e-05 | 1
  3, 27 |   3.5670524228099897e-05 |   3.5670524228099897e-05 | 1
  3, 28 |   4.8373613035379004e-05 |   4.8373613035379004e-05 | 1
  3, 29 |   4.8148323801489372e-05 |   4.8148323801489372e-05 | 1
  3, 30 |   4.5252593457694939e-05 |   4.5252593457694939e-05 | 1
  3, 31 |   5.0395724811325753e-05 |   5.0395724811325753e-05 | 1
  3, 32 |   1.4666135937485328e-05 |   1.4666135937485328e-05 | 1
  3, 33 |  -1.7183346474409250e-05 |  -1.7183346474409250e-05 | 1
  3, 34 |   3.7019347832576821e-05 |   3.7019347832576821e-05 | 1
  3, 35 |  -3.7017897286756501e-05 |  -3.7017897286756501e-05 | 1
  3, 36 |  -3.6369026869944519e-05 |  -3.6369026869944519e-05 | 1
  3, 37 |  -2.9352466959169329e-05 |  -2.9352466959169329e-05 | 1
  3, 38 |  -2.9254410534440422e-05 |  -2.9254410534440422e-05 | 1
  3, 39 |  -1.2318718272258401e-06 |  -1.2318718272258401e-06 | 1
  3, 40 |  -1.9327402703873577e-05 |  -1.9327402703873577e-05 | 1
  3, 41 |   5.0267591524406563e-05 |   5.0267591524406563e-05 | 1
  3, 42 |  -1.5522367179183994e-05 |  -1.5522367179183994e-05 | 1
  4,  1 |   6.4332292580312849e-05 |   6.4332292580312849e-05 | 1
  4,  2 |   5.7784553046431921e-05 |   5.7784553046431921e-05 | 1
  4,  3 |   4.2811024853793835e-05 |   4.2811024853793835e-05 | 1
  4,  4 |   1.8357093134528297e-03 |   1.8357093134528297e-03 | 1
  4,  5 |   6.2899916584873480e-05 |   6.2899916584873480e-05 | 1
  4,  6 |   3.2075697761502935e-05 |   3.2075697761502935e-05 | 1
  4,  7 |   6.7407497617391900e-05 |   6.7407497617391900e-05 | 1
  4,  8 |   5.3934995007821723e-05 |   5.3934995007821723e-05 | 1
  4,  9 |   5.6139735757486267e-05 |   5.6139735757486267e-05 | 1
  4, 10 |   9.3722499910771858e-05 |   9.3722499910771858e-05 | 1
  4, 11 |   6.2012174055073890e-05 |   6.2012174055073890e-05 | 1
  4, 12 |   3.4204835627195870e-05 |   3.4204835627195870e-05 | 1
  4, 13 |   8.6990727747252426e-05 |   8.6990727747252426e-05 | 1
  4, 14 |   9.3940086205785794e-05 |   9.3940086205785794e-05 | 1
  4, 15 |   2.9046298616217938e-04 |   2.9046298616217938e-04 | 1
  4, 16 |   5.8941967832041944e-05 |   5.8941967832041944e-05 | 1
  4, 17 |   7.4712000832893432e-05 |   7.4712000832893432e-05 | 1
  4, 18 |   6.7370272393544014e-05 |   6.7370272393544014e-05 | 1
  4, 19 |   1.0573972114944949e-04 |   1.0573972114944949e-04 | 1
  4, 20 |   7.8512386903907577e-05 |   7.8512386903907577e-05 | 1
  4, 21 |   5.2852283460029796e-05 |   5.2852283460029796e-05 | 1
  4, 22 |   4.6965229565462853e-05 |   4.6965229565462853e-05 | 1
  4, 23 |   4.8131193400451067e-05 |   4.8131193400451067e-05 | 1
  4, 24 |   7.0716771431941525e-05 |   7.0716771431941525e-05 | 1
  4, 25 |   6.2921803302781271e-05 |   6.2921803302781271e-05 | 1
  4, 26 |   6.5110134805618144e-05 |   6.5110134805618144e-05 | 1
  4, 27 |  -7.0684362123175348e-05 |  -7.0684362123175348e-05 | 1
  4, 28 |   5.7423741474404617e-05 |   5.7423741474404617e-05 | 1
  4, 29 |   7.7083071527494113e-05 |   7.7083071527494113e-05 | 1
  4, 30 |   5.3308278645032841e-05 |   5.3308278645032841e-05 | 1
  4, 31 |   4.9640977419706267e-05 |   4.9640977419706267e-05 | 1
  4, 32 |  -4.3501361722159145e-05 |  -4.3501361722159145e-05 | 1
  4, 33 |   1.4484735669156653e-04 |   1.4484735669156653e-04 | 1
  4, 34 |   3.7189031818079400e-05 |   3.7189031818079400e-05 | 1
  4, 35 |  -3.4863350114532203e-05 |  -3.4863350114532203e-05 | 1
  4, 36 |  -3.2064659642815207e-05 |  -3.2064659642815207e-05 | 1
  4, 37 |  -1.8390619843999084e-05 |  -1.8390619843999084e-05 | 1
  4, 38 |  -6.3181873919935108e-06 |  -6.3181873919935108e-06 | 1
  4, 39 |  -2.5263313701028098e-06 |  -2.5263313701028098e-06 | 1
  4, 40 |  -3.2453429593989169e-05 |  -3.2453429593989169e-05 | 1
  4, 41 |   5.8687222272714966e-05 |   5.8687222272714966e-05 | 1
  4, 42 |   4.0602282304475574e-05 |   4.0602282304475574e-05 | 1
  5,  1 |   1.0277812689582098e-04 |   1.0277812689582098e-04 | 1
  5,  2 |   8.1910403968869756e-05 |   8.1910403968869756e-05 | 1
  5,  3 |   7.7644548754620362e-05 |   7.7644548754620362e-05 | 1
  5,  4 |   6.2899916584873480e-05 |   6.2899916584873480e-05 | 1
  5,  5 |   2.3956967660658107e-02 |   2.3956967660658107e-02 | 1
  5,  6 |   1.1269713001702737e-04 |   1.1269713001702737e-04 | 1
  5,  7 |   5.4655675250671118e-05 |   5.4655675250671118e-05 | 1
  5,  8 |   4.6932763624530780e-05 |   4.6932763624530780e-05 | 1
  5,  9 |   9.9828594646517811e-05 |   9.9828594646517811e-05 | 1
  5, 10 |  -6.5365024146294727e-05 |  -6.5365024146294727e-05 | 1
  5, 11 |  -7.9913384021830725e-05 |  -7.9913384021830725e-05 | 1
  5, 12 |  -3.2073730514706464e-06 |  -3.2073730514706464e-06 | 1
  5, 13 |   4.6557571395646451e-05 |   4.6557571395646451e-05 | 1
  5, 14 |   5.2446260263139876e-05 |   5.2446260263139876e-05 | 1
  5, 15 |  -7.5846255162469254e-04 |  -7.5846255162469254e-04 | 1
  5, 16 |  -1.3652911894572737e-07 |  -1.3652911894572737e-07 | 1
  5, 17 |   1.0792802782480083e-04 |   1.0792802782480083e-04 | 1
  5, 18 |   1.4175023279005888e-04 |   1.4175023279005888e-04 | 1
  5, 19 |   1.4649247668166203e-05 |   1.4649247668166203e-05 | 1
  5, 20 |   7.8780730299268041e-05 |   7.8780730299268041e-05 | 1
  5, 21 |   1.9853440525489994e-04 |   1.9853440525489994e-04 | 1
  5, 22 |   3.2264554760152084e-05 |   3.2264554760152084e-05 | 1
  5, 23 |   1.4443877122756867e-04 |   1.4443877122756867e-04 | 1
  5, 24 |   2.6824298336034560e-05 |   2.6824298336034560e-05 | 1
  5, 25 |   5.0789905122929045e-05 |   5.0789905122929045e-05 | 1
  5, 26 |   1.2964137356138099e-04 |   1.2964137356138099e-04 | 1
  5, 27 |  -2.1485322610046955e-04 |  -2.1485322610046955e-04 | 1
  5, 28 |   8.6587390317047200e-06 |   8.6587390317047200e-06 | 1
  5, 29 |   4.9769303346429455e-05 |   4.9769303346429455e-05 | 1
  5, 30 |   4.1335104533317884e-05 |   4.1335104533317884e-05 | 1
  5, 31 |   1.1901375393352169e-05 |   1.1901375393352169e-05 | 1
  5, 32 |   1.5326361379532137e-04 |   1.5326361379532137e-04 | 1
  5, 33 |   5.5514605458278217e-05 |   5.5514605458278217e-05 | 1
  5, 34 |  -1.5205137275481242e-04 |  -1.5205137275481242e-04 | 1
  5, 35 |  -5.0446161448163050e-05 |  -5.0446161448163050e-05 | 1
  5, 36 |  -3.0520818005264950e-05 |  -3.0520818005264950e-05 | 1
  5, 37 |  -3.7528407748144037e-05 |  -3.7528407748144037e-05 | 1
  5, 38 |  -2.5159870009444049e-05 |  -2.5159870009444049e-05 | 1
  5, 39 |  -3.7480236156584463e-06 |  -3.7480236156584463e-06 | 1
  5, 40 |  -5.7318125810745688e-05 |  -5.7318125810745688e-05 | 1
  5, 41 |   9.3300978855775886e-05 |   9.3300978855775886e-05 | 1
  5, 42 |  -1.5471388664180957e-04 |  -1.5471388664180957e-04 | 1
  6,  1 |   5.6197798233364150e-05 |   5.6197798233364150e-05 | 1
  6,  2 |   4.5391694407037588e-05 |   4.5391694407037588e-05 | 1
  6,  3 |   3.8833509563705717e-05 |   3.8833509563705717e-05 | 1
  6,  4 |   3.2075697761502935e-05 |   3.2075697761502935e-05 | 1
  6,  5 |   1.1269713001702737e-04 |   1.1269713001702737e-04 | 1
  6,  6 |   2.0279054059592801e-02 |   2.0279054059592801e-02 | 1
  6,  7 |   2.9623324532230876e-05 |   2.9623324532230876e-05 | 1
  6,  8 |   2.7928313687859143e-05 |   2.7928313687859143e-05 | 1
  6,  9 |   5.3853492040587969e-05 |   5.3853492040587969e-05 | 1
  6, 10 |  -2.6388367278433576e-05 |  -2.6388367278433576e-05 | 1
  6, 11 |   2.0559519353707714e-04 |   2.0559519353707714e-04 | 1
  6, 12 |   2.0578192673646513e-05 |   2.0578192673646513e-05 | 1
  6, 13 |  -1.9867664758742259e-05 |  -1.9867664758742259e-05 | 1
  6, 14 |   1.9898378041495567e-07 |   1.9898378041495567e-07 | 1
  6, 15 |  -1.1859355978160422e-04 |  -1.1859355978160422e-04 | 1
  6, 16 |   1.5532616650752050e-05 |   1.5532616650752050e-05 | 1
  6, 17 |   5.9020443453050824e-05 |   5.9020443453050824e-05 | 1
  6, 18 |   7.2492745058186543e-05 |   7.2492745058186543e-05 | 1
  6, 19 |  -4.0211029280053591e-06 |  -4.0211029280053591e-06 | 1
  6, 20 |   5.3212115892461052e-05 |   5.3212115892461052e-05 | 1
  6, 21 |   1.1919323024551297e-04 |   1.1919323024551297e-04 | 1
  6, 22 |   7.7961295331774099e-05 |   7.7961295331774099e-05 | 1
  6, 23 |   7.1676254018211829e-05 |   7.1676254018211829e-05 | 1
  6, 24 |   5.3806370734231698e-05 |   5.3806370734231698e-05 | 1
  6, 25 |   4.0421602018219541e-05 |   4.0421602018219541e-05 | 1
  6, 26 |   7.3923957814986033e-05 |   7.3923957814986033e-05 | 1
  6, 27 |   2.9463693041640091e-04 |   2.9463693041640091e-04 | 1
  6, 28 |   6.8597906988240203e-05 |   6.8597906988240203e-05 | 1
  6, 29 |   3.1391328454909062e-05 |   3.1391328454909062e-05 | 1
  6, 30 |   7.7303213958129183e-05 |   7.7303213958129183e-05 | 1
  6, 31 |   9.2195118464444330e-05 |   9.2195118464444330e-05 | 1
  6, 32 |   9.7621391949735843e-05 |   9.7621391949735843e-05 | 1
  6, 33 |  -3.2710296901252518e-04 |  -3.2710296901252518e-04 | 1
  6, 34 |   1.0738796312948003e-04 |   1.0738796312948003e-04 | 1
  6, 35 |  -3.4943685155197667e-05 |  -3.4943685155197667e-05 | 1
  6, 36 |  -2.2389054335106718e-05 |  -2.2389054335106718e-05 | 1
  6, 37 |  -2.5432955223245774e-05 |  -2.5432955223245774e-05 | 1
  6, 38 |  -1.5255303322653512e-05 |  -1.5255303322653512e-05 | 1
  6, 39 |  -2.0524507220037274e-06 |  -2.0524507220037274e-06 | 1
  6, 40 |  -2.4820656755556883e-05 |  -2.4820656755556883e-05 | 1
  6, 41 |   5.2399830316219871e-05 |   5.2399830316219871e-05 | 1
  6, 42 |  -9.9536275461172403e-05 |  -9.9536275461172403e-05 | 1
  7,  1 |   6.5390905712384061e-05 |   6.5390905712384061e-05 | 1
  7,  2 |   5.6204695813790184e-05 |   5.6204695813790184e-05 | 1
  7,  3 |   4.3173396407322577e-05 |   4.3173396407322577e-05 | 1
  7,  4 |   6.7407497617391900e-05 |   6.7407497617391900e-05 | 1
  7,  5 |   5.4655675250671118e-05 |   5.4655675250671118e-05 | 1
  7,  6 |   2.9623324532230876e-05 |   2.9623324532230876e-05 | 1
  7,  7 |   2.3332040921617794e-02 |   2.3332040921617794e-02 | 1
  7,  8 |   5.6940921711522041e-05 |   5.6940921711522041e-05 | 1
  7,  9 |   5.7698921716845123e-05 |   5.7698921716845123e-05 | 1
  7, 10 |   1.0063954400584812e-04 |   1.0063954400584812e-04 | 1
  7, 11 |   1.3778950194835379e-04 |   1.3778950194835379e-04 | 1
  7, 12 |   4.3534027857214135e-05 |   4.3534027857214135e-05 | 1
  7, 13 |   7.6358811858907226e-05 |   7.6358811858907226e-05 | 1
  7, 14 |   8.7346960604732857e-05 |   8.7346960604732857e-05 | 1
  7, 15 |   3.4514849410371534e-04 |   3.4514849410371534e-04 | 1
  7, 16 |   6.9532545190208135e-05 |   6.9532545190208135e-05 | 1
  7, 17 |   7.5232383379449471e-05 |   7.5232383379449471e-05 | 1
  7, 18 |   6.1018627028279204e-05 |   6.1018627028279204e-05 | 1
  7, 19 |   1.0374636392912378e-04 |   1.0374636392912378e-04 | 1
  7, 20 |   7.6705526673750854e-05 |   7.6705526673750854e-05 | 1
  7, 21 |   5.1836088539481841e-05 |   5.1836088539481841e-05 | 1
  7, 22 |   6.7312874074626570e-05 |   6.7312874074626570e-05 | 1
  7, 23 |   4.4743189815380280e-05 |   4.4743189815380280e-05 | 1
  7, 24 |   8.1383731402696115e-05 |   8.1383731402696115e-05 | 1
  7, 25 |   6.7892888640334664e-05 |   6.7892888640334664e-05 | 1
  7, 26 |   6.3571013768536270e-05 |   6.3571013768536270e-05 | 1
  7, 27 |   4.4156618704769887e-05 |   4.4156618704769887e-05 | 1
  7, 28 |   7.8319547173574008e-05 |   7.8319547173574008e-05 | 1
  7, 29 |   8.1338595868362084e-05 |   8.1338595868362084e-05 | 1
  7, 30 |   6.9729293736184149e-05 |   6.9729293736184149e-05 | 1
  7, 31 |   8.0053820064444046e-05 |   8.0053820064444046e-05 | 1
  7, 32 |  -4.1923861041894297e-05 |  -4.1923861041894297e-05 | 1
  7, 33 |   4.6419118497297001e-05 |   4.6419118497297001e-05 | 1
  7, 34 |   9.4885877024893068e-05 |   9.4885877024893068e-05 | 1
  7, 35 |  -2.0180162886141492e-05 |  -2.0180162886141492e-05 | 1
  7, 36 |  -2.4648884366395550e-05 |  -2.4648884366395550e-05 | 1
  7, 37 |  -8.2335734492914945e-06 |  -8.2335734492914945e-06 | 1
  7, 38 |  -3.5419305531886860e-06 |  -3.5419305531886860e-06 | 1
  7, 39 |  -2.6784544819808271e-06 |  -2.6784544819808271e-06 | 1
  7, 40 |  -4.4901275322728411e-05 |  -4.4901275322728411e-05 | 1
  7, 41 |   5.7780324527044376e-05 |   5.7780324527044376e-05 | 1
  7, 42 |   3.9987378721259589e-05 |   3.9987378721259589e-05 | 1
  8,  1 |   5.1739439570245614e-05 |   5.1739439570245614e-05 | 1
  8,  2 |   4.5648306962273573e-05 |   4.5648306962273573e-05 | 1
  8,  3 |   3.4031024395662797e-05 |   3.4031024395662797e-05 | 1
  8,  4 |   5.3934995007821723e-05 |   5.3934995007821723e-05 | 1
  8,  5 |   4.6932763624530780e-05 |   4.6932763624530780e-05 | 1
  8,  6 |   2.7928313687859143e-05 |   2.7928313687859143e-05 | 1
  8,  7 |   5.6940921711522041e-05 |   5.6940921711522041e-05 | 1
  8,  8 |   2.3223440310748199e-03 |   2.3223440310748199e-03 | 1
  8,  9 |   4.5835296351453994e-05 |   4.5835296351453994e-05 | 1
  8, 10 |   8.8899588253587352e-05 |   8.8899588253587352e-05 | 1
  8, 11 |   1.2520886906465018e-04 |   1.2520886906465018e-04 | 1
  8, 12 |   3.3385685219713591e-05 |   3.3385685219713591e-05 | 1
  8, 13 |   6.0182856330044276e-05 |   6.0182856330044276e-05 | 1
  8, 14 |   7.1120527412365283e-05 |   7.1120527412365283e-05 | 1
  8, 15 |   3.1736207257871237e-04 |   3.1736207257871237e-04 | 1
  8, 16 |   5.6787914201327931e-05 |   5.6787914201327931e-05 | 1
  8, 17 |   5.9380122272387694e-05 |   5.9380122272387694e-05 | 1
  8, 18 |   4.6144134299851226e-05 |   4.6144134299851226e-05 | 1
  8, 19 |   8.4106596510310315e-05 |   8.4106596510310315e-05 | 1
  8, 20 |   6.5188461995635772e-05 |   6.5188461995635772e-05 | 1
  8, 21 |   4.5808218163644349e-05 |   4.5808218163644349e-05 | 1
  8, 22 |   5.7982429339618872e-05 |   5.7982429339618872e-05 | 1
  8, 23 |   4.1314571254906109e-05 |   4.1314571254906109e-05 | 1
  8, 24 |   7.1223213926149465e-05 |   7.1223213926149465e-05 | 1
  8, 25 |   5.4306808580298689e-05 |   5.4306808580298689e-05 | 1
  8, 26 |   4.7741998423910607e-05 |   4.7741998423910607e-05 | 1
  8, 27 |   5.6997750017507041e-05 |   5.6997750017507041e-05 | 1
  8, 28 |   6.1989969486899810e-05 |   6.1989969486899810e-05 | 1
  8, 29 |   6.3833474436135964e-05 |   6.3833474436135964e-05 | 1
  8, 30 |   5.8685109509893759e-05 |   5.8685109509893759e-05 | 1
  8, 31 |   6.5192992634980826e-05 |   6.5192992634980826e-05 | 1
  8, 32 |  -3.6909956740589661e-05 |  -3.6909956740589661e-05 | 1
  8, 33 |   2.6162461487118604e-05 |   2.6162461487118604e-05 | 1
  8, 34 |   8.6518290973651505e-05 |   8.6518290973651505e-05 | 1
  8, 35 |  -2.6502506006785678e-05 |  -2.6502506006785678e-05 | 1
  8, 36 |  -1.7734453467018069e-05 |  -1.7734453467018069e-05 | 1
  8, 37 |  -1.0348522591599823e-05 |  -1.0348522591599823e-05 | 1
  8, 38 |  -2.6375506127770646e-06 |  -2.6375506127770646e-06 | 1
  8, 39 |  -2.1158957994153829e-06 |  -2.1158957994153829e-06 | 1
  8, 40 |  -3.0706932565766174e-05 |  -3.0706932565766174e-05 | 1
  8, 41 |   4.6057010859675907e-05 |   4.6057010859675907e-05 | 1
  8, 42 |   3.4662846301362277e-05 |   3.4662846301362277e-05 | 1
  9,  1 |   6.8609407364708446e-05 |   6.8609407364708446e-05 | 1
  9,  2 |   5.8219331685647826e-05 |   5.8219331685647826e-05 | 1
  9,  3 |   4.2179725281812084e-05 |   4.2179725281812084e-05 | 1
  9,  4 |   5.6139735757486267e-05 |   5.6139735757486267e-05 | 1
  9,  5 |   9.9828594646517811e-05 |   9.9828594646517811e-05 | 1
  9,  6 |   5.3853492040587969e-05 |   5.3853492040587969e-05 | 1
  9,  7 |   5.7698921716845123e-05 |   5.7698921716845123e-05 | 1
  9,  8 |   4.5835296351453994e-05 |   4.5835296351453994e-05 | 1
  9,  9 |   9.4060761084939024e-03 |   9.4060761084939024e-03 | 1
  9, 10 |   3.2424479266896785e-05 |   3.2424479266896785e-05 | 1
  9, 11 |   1.3574645410169446e-04 |   1.3574645410169446e-04 | 1
  9, 12 |   3.0108270184836764e-05 |   3.0108270184836764e-05 | 1
  9, 13 |   3.9935563801500064e-05 |   3.9935563801500064e-05 | 1
  9, 14 |   5.8024412982262041e-05 |   5.8024412982262041e-05 | 1
  9, 15 |   6.9016406578144854e-05 |   6.9016406578144854e-05 | 1
  9, 16 |   4.3395285327651440e-05 |   4.3395285327651440e-05 | 1
  9, 17 |   7.8091744967349495e-05 |   7.8091744967349495e-05 | 1
  9, 18 |   8.1026040056824224e-05 |   8.1026040056824224e-05 | 1
  9, 19 |   5.5918964453306276e-05 |   5.5918964453306276e-05 | 1
  9, 20 |   7.1975476564394204e-05 |   7.1975476564394204e-05 | 1
  9, 21 |   9.7002767743698074e-05 |   9.7002767743698074e-05 | 1
  9, 22 |   6.4103787301865472e-05 |   6.4103787301865472e-05 | 1
  9, 23 |   5.7657356072081224e-05 |   5.7657356072081224e-05 | 1
  9, 24 |   6.4572398222403476e-05 |   6.4572398222403476e-05 | 1
  9, 25 |   6.0075620330274835e-05 |   6.0075620330274835e-05 | 1
  9, 26 |   7.7769811774570707e-05 |   7.7769811774570707e-05 | 1
  9, 27 |   1.0077979960560778e-04 |   1.0077979960560778e-04 | 1
  9, 28 |   7.1453806706984574e-05 |   7.1453806706984574e-05 | 1
  9, 29 |   6.4430590438339854e-05 |   6.4430590438339854e-05 | 1
  9, 30 |   7.2440674068502232e-05 |   7.2440674068502232e-05 | 1
  9, 31 |   8.0478859502438186e-05 |   8.0478859502438186e-05 | 1
  9, 32 |   3.0039007978978709e-05 |   3.0039007978978709e-05 | 1
  9, 33 |  -8.0518010673970216e-05 |  -8.0518010673970216e-05 | 1
  9, 34 |   6.9488987021561362e-05 |   6.9488987021561362e-05 | 1
  9, 35 |  -2.8440822994518813e-05 |  -2.8440822994518813e-05 | 1
  9, 36 |  -3.1844060042012122e-05 |  -3.1844060042012122e-05 | 1
  9, 37 |  -2.6421282351727021e-05 |  -2.6421282351727021e-05 | 1
  9, 38 |  -1.1862853190832579e-05 |  -1.1862853190832579e-05 | 1
  9, 39 |  -2.5671302364693379e-06 |  -2.5671302364693379e-06 | 1
  9, 40 |  -3.7743780150713170e-05 |  -3.7743780150713170e-05 | 1
  9, 41 |   6.3765479343562534e-05 |   6.3765479343562534e-05 | 1
  9, 42 |  -3.1919081618133181e-05 |  -3.1919081618133181e-05 | 1
 10,  1 |   5.1780041795464261e-05 |   5.1780041795464261e-05 | 1
 10,  2 |   5.0534478248391899e-05 |   5.0534478248391899e-05 | 1
 10,  3 |   2.9303329048537784e-05 |   2.9303329048537784e-05 | 1
 10,  4 |   9.3722499910771858e-05 |   9.3722499910771858e-05 | 1
 10,  5 |  -6.5365024146294727e-05 |  -6.5365024146294727e-05 | 1
 10,  6 |  -2.6388367278433576e-05 |  -2.6388367278433576e-05 | 1
 10,  7 |   1.0063954400584812e-04 |   1.0063954400584812e-04 | 1
 10,  8 |   8.8899588253587352e-05 |   8.8899588253587352e-05 | 1
 10,  9 |   3.2424479266896785e-05 |   3.2424479266896785e-05 | 1
 10, 10 |   2.4207107798522448e-02 |   2.4207107798522448e-02 | 1
 10, 11 |   1.9086177272513552e-04 |   1.9086177272513552e-04 | 1
 10, 12 |   8.0023695945601552e-05 |   8.0023695945601552e-05 | 1
 10, 13 |   1.7191155115451511e-04 |   1.7191155115451511e-04 | 1
 10, 14 |   1.6951387152638886e-04 |   1.6951387152638886e-04 | 1
 10, 15 |   1.2905754154189618e-03 |   1.2905754154189618e-03 | 1
 10, 16 |   1.3812640714991673e-04 |   1.3812640714991673e-04 | 1
 10, 17 |   6.9467224056036925e-05 |   6.9467224056036925e-05 | 1
 10, 18 |   1.1133393574237684e-05 |   1.1133393574237684e-05 | 1
 10, 19 |   2.3597266006659024e-04 |   2.3597266006659024e-04 | 1
 10, 20 |   9.4775374955849233e-05 |   9.4775374955849233e-05 | 1
 10, 21 |  -5.9503515125643763e-05 |  -5.9503515125643763e-05 | 1
 10, 22 |   8.0883123378392021e-05 |   8.0883123378392021e-05 | 1
 10, 23 |  -1.0250969828408813e-05 |  -1.0250969828408813e-05 | 1
 10, 24 |   1.4240201181388822e-04 |   1.4240201181388822e-04 | 1
 10, 25 |   9.6070316178770740e-05 |   9.6070316178770740e-05 | 1
 10, 26 |   1.8367922401025449e-05 |   1.8367922401025449e-05 | 1
 10, 27 |  -2.4988235700081802e-05 |  -2.4988235700081802e-05 | 1
 10, 28 |   1.0377202100788396e-04 |   1.0377202100788396e-04 | 1
 10, 29 |   1.3577903882087836e-04 |   1.3577903882087836e-04 | 1
 10, 30 |   8.0027163822689380e-05 |   8.0027163822689380e-05 | 1
 10, 31 |   9.6223563553668185e-05 |   9.6223563553668185e-05 | 1
 10, 32 |  -2.5201520981533385e-04 |  -2.5201520981533385e-04 | 1
 10, 33 |   3.4971489087588055e-04 |   3.4971489087588055e-04 | 1
 10, 34 |   2.0272338728971400e-04 |   2.0272338728971400e-04 | 1
 10, 35 |  -2.7297539925645049e-05 |  -2.7297539925645049e-05 | 1
 10, 36 |  -1.2521459749971133e-05 |  -1.2521459749971133e-05 | 1
 10, 37 |  -3.9994641746164429e-06 |  -3.9994641746164429e-06 | 1
 10, 38 |  -7.8108127158456526e-06 |  -7.8108127158456526e-06 | 1
 10, 39 |  -1.9885704074148308e-06 |  -1.9885704074148308e-06 | 1
 10, 40 |  -3.6919628766030415e-05 |  -3.6919628766030415e-05 | 1
 10, 41 |   4.5668206215516773e-05 |   4.5668206215516773e-05 | 1
 10, 42 |   2.5068801738694279e-04 |   2.5068801738694279e-04 | 1
 11,  1 |   1.2936707802672034e-04 |   1.2936707802672034e-04 | 1
 11,  2 |   1.0373932592523509e-04 |   1.0373932592523509e-04 | 1
 11,  3 |   7.2630820027615419e-05 |   7.2630820027615419e-05 | 1
 11,  4 |   6.2012174055073890e-05 |   6.2012174055073890e-05 | 1
 11,  5 |  -7.9913384021830725e-05 |  -7.9913384021830725e-05 | 1
 11,  6 |   2.0559519353707714e-04 |   2.0559519353707714e-04 | 1
 11,  7 |   1.3778950194835379e-04 |   1.3778950194835379e-04 | 1
 11,  8 |   1.2520886906465018e-04 |   1.2520886906465018e-04 | 1
 11,  9 |   1.3574645410169446e-04 |   1.3574645410169446e-04 | 1
 11, 10 |   1.9086177272513552e-04 |   1.9086177272513552e-04 | 1
 11, 11 |   2.9981339405534754e-03 |   2.9981339405534754e-03 | 1
 11, 12 |   3.1885369521122866e-04 |   3.1885369521122866e-04 | 1
 11, 13 |  -4.8262516472437074e-04 |  -4.8262516472437074e-04 | 1
 11, 14 |  -2.6501505741319254e-04 |  -2.6501505741319254e-04 | 1
 11, 15 |   2.6908925620353543e-03 |   2.6908925620353543e-03 | 1
 11, 16 |   2.5412651627679597e-04 |   2.5412651627679597e-04 | 1
 11, 17 |   1.3640297623977921e-04 |   1.3640297623977921e-04 | 1
 11, 18 |   5.9544136982243681e-05 |   5.9544136982243681e-05 | 1
 11, 19 |  -1.7825200079507839e-04 |  -1.7825200079507839e-04 | 1
 11, 20 |   2.0010116931508927e-04 |   2.0010116931508927e-04 | 1
 11, 21 |   4.1479982564333764e-04 |   4.1479982564333764e-04 | 1
 11, 22 |   8.1855405931494140e-04 |   8.1855405931494140e-04 | 1
 11, 23 |   1.4433143048192117e-04 |   1.4433143048192117e-04 | 1
 11, 24 |   5.3320857786075086e-04 |   5.3320857786075086e-04 | 1
 11, 25 |   2.4980341087171712e-04 |   2.4980341087171712e-04 | 1
 11, 26 |   1.1296198529606108e-04 |   1.1296198529606108e-04 | 1
 11, 27 |   4.8004711548249902e-03 |   4.8004711548249902e-03 | 1
 11, 28 |   8.1466061914807681e-04 |   8.1466061914807681e-04 | 1
 11, 29 |   1.1824320624156858e-04 |   1.1824320624156858e-04 | 1
 11, 30 |   7.2833810741094302e-04 |   7.2833810741094302e-04 | 1
 11, 31 |   1.1222563215036881e-03 |   1.1222563215036881e-03 | 1
 11, 32 |   2.9218769712721794e-04 |   2.9218769712721794e-04 | 1
 11, 33 |  -4.2134712088036774e-03 |  -4.2134712088036774e-03 | 1
 11, 34 |   2.1932524540360559e-03 |   2.1932524540360559e-03 | 1
 11, 35 |  -6.5585705116946307e-05 |  -6.5585705116946307e-05 | 1
 11, 36 |  -4.8142787262328516e-05 |  -4.8142787262328516e-05 | 1
 11, 37 |  -2.8019482198438585e-05 |  -2.8019482198438585e-05 | 1
 11, 38 |   2.7015912410805414e-06 |   2.7015912410805414e-06 | 1
 11, 39 |  -5.4053919445746639e-06 |  -5.4053919445746639e-06 | 1
 11, 40 |  -7.5527219400617259e-05 |  -7.5527219400617259e-05 | 1
 11, 41 |   1.1510293042334084e-04 |   1.1510293042334084e-04 | 1
 11, 42 |  -2.9830855563320660e-04 |  -2.9830855563320660e-04 | 1
 12,  1 |   3.4915068575665817e-05 |   3.4915068575665817e-05 | 1
 12,  2 |   3.0905355182990763e-05 |   3.0905355182990763e-05 | 1
 12,  3 |   1.8275248404496795e-05 |   1.8275248404496795e-05 | 1
 12,  4 |   3.4204835627195870e-05 |   3.4204835627195870e-05 | 1
 12,  5 |  -3.2073730514706464e-06 |  -3.2073730514706464e-06 | 1
 12,  6 |   2.0578192673646513e-05 |   2.0578192673646513e-05 | 1
 12,  7 |   4.3534027857214135e-05 |   4.3534027857214135e-05 | 1
 12,  8 |   3.3385685219713591e-05 |   3.3385685219713591e-05 | 1
 12,  9 |   3.0108270184836764e-05 |   3.0108270184836764e-05 | 1
 12, 10 |   8.0023695945601552e-05 |   8.0023695945601552e-05 | 1
 12, 11 |   3.1885369521122866e-04 |   3.1885369521122866e-04 | 1
 12, 12 |   1.5571302936925997e-02 |   1.5571302936925997e-02 | 1
 12, 13 |   1.0950814857001472e-06 |   1.0950814857001472e-06 | 1
 12, 14 |   2.2665184921267979e-05 |   2.2665184921267979e-05 | 1
 12, 15 |   5.3157411868988186e-04 |   5.3157411868988186e-04 | 1
 12, 16 |   5.3748671489557766e-05 |   5.3748671489557766e-05 | 1
 12, 17 |   4.3089272159727189e-05 |   4.3089272159727189e-05 | 1
 12, 18 |   2.5389129863302902e-05 |   2.5389129863302902e-05 | 1
 12, 19 |   4.2469428674315313e-05 |   4.2469428674315313e-05 | 1
 12, 20 |   5.6303681450406960e-05 |   5.6303681450406960e-05 | 1
 12, 21 |   4.6037114782047155e-05 |   4.6037114782047155e-05 | 1
 12, 22 |   9.4289679955600618e-05 |   9.4289679955600618e-05 | 1
 12, 23 |   1.8353109108840729e-05 |   1.8353109108840729e-05 | 1
 12, 24 |   8.6892908166191969e-05 |   8.6892908166191969e-05 | 1
 12, 25 |   5.5138719063349072e-05 |   5.5138719063349072e-05 | 1
 12, 26 |   3.2692588438354654e-05 |   3.2692588438354654e-05 | 1
 12, 27 |   4.4092314401919541e-04 |   4.4092314401919541e-04 | 1
 12, 28 |   1.1000803237691592e-04 |   1.1000803237691592e-04 | 1
 12, 29 |   5.2678406387271192e-05 |   5.2678406387271192e-05 | 1
 12, 30 |   9.2867407948209492e-05 |   9.2867407948209492e-05 | 1
 12, 31 |   1.3637695302565406e-04 |   1.3637695302565406e-04 | 1
 12, 32 |  -1.9549613534049823e-05 |  -1.9549613534049823e-05 | 1
 12, 33 |  -3.1936395573705224e-04 |  -3.1936395573705224e-04 | 1
 12, 34 |   2.4945896304546015e-04 |   2.4945896304546015e-04 | 1
 12, 35 |  -2.5670819914546857e-05 |  -2.5670819914546857e-05 | 1
 12, 36 |  -3.0133260142440065e-05 |  -3.0133260142440065e-05 | 1
 12, 37 |  -2.1753062489230689e-05 |  -2.1753062489230689e-05 | 1
 12, 38 |  -2.4026158059897033e-05 |  -2.4026158059897033e-05 | 1
 12, 39 |  -1.0402119834215890e-06 |  -1.0402119834215890e-06 | 1
 12, 40 |  -6.0095947883631698e-06 |  -6.0095947883631698e-06 | 1
 12, 41 |   3.5213197889895906e-05 |   3.5213197889895906e-05 | 1
 12, 42 |   1.8550849256541837e-05 |   1.8550849256541837e-05 | 1
 13,  1 |   5.4414642401517938e-05 |   5.4414642401517938e-05 | 1
 13,  2 |   5.4710450535753090e-05 |   5.4710450535753090e-05 | 1
 13,  3 |   3.7567731573513677e-05 |   3.7567731573513677e-05 | 1
 13,  4 |   8.6990727747252426e-05 |   8.6990727747252426e-05 | 1
 13,  5 |   4.6557571395646451e-05 |   4.6557571395646451e-05 | 1
 13,  6 |  -1.9867664758742259e-05 |  -1.9867664758742259e-05 | 1
 13,  7 |   7.6358811858907226e-05 |   7.6358811858907226e-05 | 1
 13,  8 |   6.0182856330044276e-05 |   6.0182856330044276e-05 | 1
 13,  9 |   3.9935563801500064e-05 |   3.9935563801500064e-05 | 1
 13, 10 |   1.7191155115451511e-04 |   1.7191155115451511e-04 | 1
 13, 11 |  -4.8262516472437074e-04 |  -4.8262516472437074e-04 | 1
 13, 12 |   1.0950814857001472e-06 |   1.0950814857001472e-06 | 1
 13, 13 |   1.8024345967425387e-02 |   1.8024345967425387e-02 | 1
 13, 14 |   2.1107016782300571e-04 |   2.1107016782300571e-04 | 1
 13, 15 |   2.6918140237016113e-04 |   2.6918140237016113e-04 | 1
 13, 16 |   5.4705351070220623e-05 |   5.4705351070220623e-05 | 1
 13, 17 |   7.3363372706553373e-05 |   7.3363372706553373e-05 | 1
 13, 18 |   5.8967139134956851e-05 |   5.8967139134956851e-05 | 1
 13, 19 |   2.2633778313450051e-04 |   2.2633778313450051e-04 | 1
 13, 20 |   7.3600137385387301e-05 |   7.3600137385387301e-05 | 1
 13, 21 |  -5.0216903559578668e-05 |  -5.0216903559578668e-05 | 1
 13, 22 |  -8.7774440516336953e-05 |  -8.7774440516336953e-05 | 1
 13, 23 |   1.4102980559121569e-05 |   1.4102980559121569e-05 | 1
 13, 24 |   1.6963024550096446e-05 |   1.6963024550096446e-05 | 1
 13, 25 |   5.1711787068165572e-05 |   5.1711787068165572e-05 | 1
 13, 26 |   5.0244234454525796e-05 |   5.0244234454525796e-05 | 1
 13, 27 |  -1.0542593877455263e-03 |  -1.0542593877455263e-03 | 1
 13, 28 |  -6.6800268460464875e-05 |  -6.6800268460464875e-05 | 1
 13, 29 |   1.0723411557242757e-04 |   1.0723411557242757e-04 | 1
 13, 30 |  -5.9284595927155736e-05 |  -5.9284595927155736e-05 | 1
 13, 31 |  -1.3996763665463649e-04 |  -1.3996763665463649e-04 | 1
 13, 32 |  -2.0169913033169212e-04 |  -2.0169913033169212e-04 | 1
 13, 33 |   1.1379586432715206e-03 |   1.1379586432715206e-03 | 1
 13, 34 |  -3.3036533099905932e-04 |  -3.3036533099905932e-04 | 1
 13, 35 |  -4.3757918759245964e-05 |  -4.3757918759245964e-05 | 1
 13, 36 |  -4.2896756894138013e-05 |  -4.2896756894138013e-05 | 1
 13, 37 |  -4.1789833812439093e-05 |  -4.1789833812439093e-05 | 1
 13, 38 |  -3.9627034128546416e-05 |  -3.9627034128546416e-05 | 1
 13, 39 |  -9.6332807578095637e-07 |  -9.6332807578095637e-07 | 1
 13, 40 |  -2.1048095345020577e-05 |  -2.1048095345020577e-05 | 1
 13, 41 |   5.7916361292213614e-05 |   5.7916361292213614e-05 | 1
 13, 42 |   2.0103943609342084e-04 |   2.0103943609342084e-04 | 1
 14,  1 |   6.8929880498059233e-05 |   6.8929880498059233e-05 | 1
 14,  2 |   6.6705363145001638e-05 |   6.6705363145001638e-05 | 1
 14,  3 |   4.8096628563171965e-05 |   4.8096628563171965e-05 | 1
 14,  4 |   9.3940086205785794e-05 |   9.3940086205785794e-05 | 1
 14,  5 |   5.2446260263139876e-05 |   5.2446260263139876e-05 | 1
 14,  6 |   1.9898378041495567e-07 |   1.9898378041495567e-07 | 1
 14,  7 |   8.7346960604732857e-05 |   8.7346960604732857e-05 | 1
 14,  8 |   7.1120527412365283e-05 |   7.1120527412365283e-05 | 1
 14,  9 |   5.8024412982262041e-05 |   5.8024412982262041e-05 | 1
 14, 10 |   1.6951387152638886e-04 |   1.6951387152638886e-04 | 1
 14, 11 |  -2.6501505741319254e-04 |  -2.6501505741319254e-04 | 1
 14, 12 |   2.2665184921267979e-05 |   2.2665184921267979e-05 | 1
 14, 13 |   2.1107016782300571e-04 |   2.1107016782300571e-04 | 1
 14, 14 |   1.6405159498709073e-02 |   1.6405159498709073e-02 | 1
 14, 15 |   3.7199169303708476e-04 |   3.7199169303708476e-04 | 1
 14, 16 |   7.4637445089904031e-05 |   7.4637445089904031e-05 | 1
 14, 17 |   8.6457774426387468e-05 |   8.6457774426387468e-05 | 1
 14, 18 |   7.1717687166492685e-05 |   7.1717687166492685e-05 | 1
 14, 19 |   2.0996781377557764e-04 |   2.0996781377557764e-04 | 1
 14, 20 |   8.4536584902481719e-05 |   8.4536584902481719e-05 | 1
 14, 21 |  -1.5971858891516794e-05 |  -1.5971858891516794e-05 | 1
 14, 22 |  -2.3839419672591329e-05 |  -2.3839419672591329e-05 | 1
 14, 23 |   2.8793184889364412e-05 |   2.8793184889364412e-05 | 1
 14, 24 |   5.0044835103280491e-05 |   5.0044835103280491e-05 | 1
 14, 25 |   6.8837400237824523e-05 |   6.8837400237824523e-05 | 1
 14, 26 |   6.6327780207064567e-05 |   6.6327780207064567e-05 | 1
 14, 27 |  -7.2296722659865632e-04 |  -7.2296722659865632e-04 | 1
 14, 28 |  -8.9374724286252873e-06 |  -8.9374724286252873e-06 | 1
 14, 29 |   1.1298452449171650e-04 |   1.1298452449171650e-04 | 1
 14, 30 |  -2.5192166793574204e-06 |  -2.5192166793574204e-06 | 1
 14, 31 |  -6.2507273450379368e-05 |  -6.2507273450379368e-05 | 1
 14, 32 |  -1.6261856895775464e-04 |  -1.6261856895775464e-04 | 1
 14, 33 |   8.2364174730312494e-04 |   8.2364174730312494e-04 | 1
 14, 34 |  -1.8694827264947324e-04 |  -1.8694827264947324e-04 | 1
 14, 35 |  -3.5980597469390142e-05 |  -3.5980597469390142e-05 | 1
 14, 36 |  -3.7416241809782601e-05 |  -3.7416241809782601e-05 | 1
 14, 37 |  -3.4121263820872016e-05 |  -3.4121263820872016e-05 | 1
 14, 38 |  -1.4678940657960645e-05 |  -1.4678940657960645e-05 | 1
 14, 39 |  -1.9392638874693030e-06 |  -1.9392638874693030e-06 | 1
 14, 40 |  -4.4573499077832875e-05 |  -4.4573499077832875e-05 | 1
 14, 41 |   6.7966934969739671e-05 |   6.7966934969739671e-05 | 1
 14, 42 |   1.6056133885112184e-04 |   1.6056133885112184e-04 | 1
 15,  1 |   1.1711282280472012e-04 |   1.1711282280472012e-04 | 1
 15,  2 |   1.5462422698059484e-04 |   1.5462422698059484e-04 | 1
 15,  3 |   6.6936490035045932e-05 |   6.6936490035045932e-05 | 1
 15,  4 |   2.9046298616217938e-04 |   2.9046298616217938e-04 | 1
 15,  5 |  -7.5846255162469254e-04 |  -7.5846255162469254e-04 | 1
 15,  6 |  -1.1859355978160422e-04 |  -1.1859355978160422e-04 | 1
 15,  7 |   3.4514849410371534e-04 |   3.4514849410371534e-04 | 1
 15,  8 |   3.1736207257871237e-04 |   3.1736207257871237e-04 | 1
 15,  9 |   6.9016406578144854e-05 |   6.9016406578144854e-05 | 1
 15, 10 |   1.2905754154189618e-03 |   1.2905754154189618e-03 | 1
 15, 11 |   2.6908925620353543e-03 |   2.6908925620353543e-03 | 1
 15, 12 |   5.3157411868988186e-04 |   5.3157411868988186e-04 | 1
 15, 13 |   2.6918140237016113e-04 |   2.6918140237016113e-04 | 1
 15, 14 |   3.7199169303708476e-04 |   3.7199169303708476e-04 | 1
 15, 15 |   6.2657323472345830e-02 |   6.2657323472345830e-02 | 1
 15, 16 |   6.2345051046043131e-04 |   6.2345051046043131e-04 | 1
 15, 17 |   1.8568124154730482e-04 |   1.8568124154730482e-04 | 1
 15, 18 |  -5.2909848639452593e-05 |  -5.2909848639452593e-05 | 1
 15, 19 |   7.3072910153396933e-04 |   7.3072910153396933e-04 | 1
 15, 20 |   3.7484473585434219e-04 |   3.7484473585434219e-04 | 1
 15, 21 |  -2.1337575609616251e-04 |  -2.1337575609616251e-04 | 1
 15, 22 |   7.7915343695796882e-04 |   7.7915343695796882e-04 | 1
 15, 23 |  -1.3110413951220476e-04 |  -1.3110413951220476e-04 | 1
 15, 24 |   8.2134506288142036e-04 |   8.2134506288142036e-04 | 1
 15, 25 |   4.4951097367477061e-04 |   4.4951097367477061e-04 | 1
 15, 26 |   3.7148082889317457e-05 |   3.7148082889317457e-05 | 1
 15, 27 |   3.2864822253606458e-03 |   3.2864822253606458e-03 | 1
 15, 28 |   9.0324328906985624e-04 |   9.0324328906985624e-04 | 1
 15, 29 |   5.0814386630298374e-04 |   5.0814386630298374e-04 | 1
 15, 30 |   7.3737819762646479e-04 |   7.3737819762646479e-04 | 1
 15, 31 |   1.0024204368685446e-03 |   1.0024204368685446e-03 | 1
 15, 32 |  -9.7028978025818504e-04 |  -9.7028978025818504e-04 | 1
 15, 33 |  -1.4655851231695351e-03 |  -1.4655851231695351e-03 | 1
 15, 34 |   2.3600344268529081e-03 |   2.3600344268529081e-03 | 1
 15, 35 |  -1.7490592023966569e-04 |  -1.7490592023966569e-04 | 1
 15, 36 |  -1.5323193395497324e-04 |  -1.5323193395497324e-04 | 1
 15, 37 |  -1.2891695906203294e-04 |  -1.2891695906203294e-04 | 1
 15, 38 |  -4.4956184135115820e-05 |  -4.4956184135115820e-05 | 1
 15, 39 |  -1.7666841835003810e-06 |  -1.7666841835003810e-06 | 1
 15, 40 |  -6.0983273025069846e-07 |  -6.0983273025069846e-07 | 1
 15, 41 |   1.3574942292568710e-04 |   1.3574942292568710e-04 | 1
 15, 42 |   9.5631039315290382e-04 |   9.5631039315290382e-04 | 1
 16,  1 |   4.8713049156619089e-05 |   4.8713049156619089e-05 | 1
 16,  2 |   4.4165769277163578e-05 |   4.4165769277163578e-05 | 1
 16,  3 |   2.8873078959089985e-05 |   2.8873078959089985e-05 | 1
 16,  4 |   5.8941967832041944e-05 |   5.8941967832041944e-05 | 1
 16,  5 |  -1.3652911894572737e-07 |  -1.3652911894572737e-07 | 1
 16,  6 |   1.5532616650752050e-05 |   1.5532616650752050e-05 | 1
 16,  7 |   6.9532545190208135e-05 |   6.9532545190208135e-05 | 1
 16,  8 |   5.6787914201327931e-05 |   5.6787914201327931e-05 | 1
 16,  9 |   4.3395285327651440e-05 |   4.3395285327651440e-05 | 1
 16, 10 |   1.3812640714991673e-04 |   1.3812640714991673e-04 | 1
 16, 11 |   2.5412651627679597e-04 |   2.5412651627679597e-04 | 1
 16, 12 |   5.3748671489557766e-05 |   5.3748671489557766e-05 | 1
 16, 13 |   5.4705351070220623e-05 |   5.4705351070220623e-05 | 1
 16, 14 |   7.4637445089904031e-05 |   7.4637445089904031e-05 | 1
 16, 15 |   6.2345051046043131e-04 |   6.2345051046043131e-04 | 1
 16, 16 |   3.2100628679511069e-03 |   3.2100628679511069e-03 | 1
 16, 17 |   5.8085819629962517e-05 |   5.8085819629962517e-05 | 1
 16, 18 |   3.0167744961236759e-05 |   3.0167744961236759e-05 | 1
 16, 19 |   1.0135107401260606e-04 |   1.0135107401260606e-04 | 1
 16, 20 |   6.5954696946774136e-05 |   6.5954696946774136e-05 | 1
 16, 21 |   2.3796339929136625e-05 |   2.3796339929136625e-05 | 1
 16, 22 |   9.1854917152631461e-05 |   9.1854917152631461e-05 | 1
 16, 23 |   2.2288548183182496e-05 |   2.2288548183182496e-05 | 1
 16, 24 |   9.7174669325338970e-05 |   9.7174669325338970e-05 | 1
 16, 25 |   6.8457920456484672e-05 |   6.8457920456484672e-05 | 1
 16, 26 |   3.1631378918400016e-05 |   3.1631378918400016e-05 | 1
 16, 27 |   2.2675535740882823e-04 |   2.2675535740882823e-04 | 1
 16, 28 |   9.9416382556253221e-05 |   9.9416382556253221e-05 | 1
 16, 29 |   7.6417011169469575e-05 |   7.6417011169469575e-05 | 1
 16, 30 |   8.7829125373156940e-05 |   8.7829125373156940e-05 | 1
 16, 31 |   1.1438928661776265e-04 |   1.1438928661776265e-04 | 1
 16, 32 |  -7.5218366482424998e-05 |  -7.5218366482424998e-05 | 1
 16, 33 |  -7.1855361429595951e-05 |  -7.1855361429595951e-05 | 1
 16, 34 |   1.9590687909948519e-04 |   1.9590687909948519e-04 | 1
 16, 35 |  -1.2610436499697335e-05 |  -1.2610436499697335e-05 | 1
 16, 36 |  -1.0131512385472482e-05 |  -1.0131512385472482e-05 | 1
 16, 37 |  -1.5136648179172599e-07 |  -1.5136648179172599e-07 | 1
 16, 38 |   1.1518941640160733e-05 |   1.1518941640160733e-05 | 1
 16, 39 |  -2.2030204593540201e-06 |  -2.2030204593540201e-06 | 1
 16, 40 |  -4.0950144592711359e-05 |  -4.0950144592711359e-05 | 1
 16, 41 |   4.1195288864005701e-05 |   4.1195288864005701e-05 | 1
 16, 42 |   7.3010650373823218e-05 |   7.3010650373823218e-05 | 1
 17,  1 |   8.5324888374888150e-05 |   8.5324888374888150e-05 | 1
 17,  2 |   7.3700255657762649e-05 |   7.3700255657762649e-05 | 1
 17,  3 |   5.7989329667773864e-05 |   5.7989329667773864e-05 | 1
 17,  4 |   7.4712000832893432e-05 |   7.4712000832893432e-05 | 1
 17,  5 |   1.0792802782480083e-04 |   1.0792802782480083e-04 | 1
 17,  6 |   5.9020443453050824e-05 |   5.9020443453050824e-05 | 1
 17,  7 |   7.5232383379449471e-05 |   7.5232383379449471e-05 | 1
 17,  8 |   5.9380122272387694e-05 |   5.9380122272387694e-05 | 1
 17,  9 |   7.8091744967349495e-05 |   7.8091744967349495e-05 | 1
 17, 10 |   6.9467224056036925e-05 |   6.9467224056036925e-05 | 1
 17, 11 |   1.3640297623977921e-04 |   1.3640297623977921e-04 | 1
 17, 12 |   4.3089272159727189e-05 |   4.3089272159727189e-05 | 1
 17, 13 |   7.3363372706553373e-05 |   7.3363372706553373e-05 | 1
 17, 14 |   8.6457774426387468e-05 |   8.6457774426387468e-05 | 1
 17, 15 |   1.8568124154730482e-04 |   1.8568124154730482e-04 | 1
 17, 16 |   5.8085819629962517e-05 |   5.8085819629962517e-05 | 1
 17, 17 |   4.2458465674456193e-03 |   4.2458465674456193e-03 | 1
 17, 18 |   9.7004555522626091e-05 |   9.7004555522626091e-05 | 1
 17, 19 |   9.1344736668239754e-05 |   9.1344736668239754e-05 | 1
 17, 20 |   9.5275266851999643e-05 |   9.5275266851999643e-05 | 1
 17, 21 |   1.0710868207819681e-04 |   1.0710868207819681e-04 | 1
 17, 22 |   7.4204347601298151e-05 |   7.4204347601298151e-05 | 1
 17, 23 |   7.5486968961308801e-05 |   7.5486968961308801e-05 | 1
 17, 24 |   8.4841162728393067e-05 |   8.4841162728393067e-05 | 1
 17, 25 |   7.8091544702007615e-05 |   7.8091544702007615e-05 | 1
 17, 26 |   9.8521701927249304e-05 |   9.8521701927249304e-05 | 1
 17, 27 |   5.8450556576883524e-05 |   5.8450556576883524e-05 | 1
 17, 28 |   8.5159085106758435e-05 |   8.5159085106758435e-05 | 1
 17, 29 |   8.7673577274631281e-05 |   8.7673577274631281e-05 | 1
 17, 30 |   8.4647543240585658e-05 |   8.4647543240585658e-05 | 1
 17, 31 |   8.8090179603177537e-05 |   8.8090179603177537e-05 | 1
 17, 32 |   7.8032470134930929e-06 |   7.8032470134930929e-06 | 1
 17, 33 |  -1.0031261728916454e-05 |  -1.0031261728916454e-05 | 1
 17, 34 |   7.6323703385655758e-05 |   7.6323703385655758e-05 | 1
 17, 35 |  -4.4644865204544553e-05 |  -4.4644865204544553e-05 | 1
 17, 36 |  -4.7462341772168035e-05 |  -4.7462341772168035e-05 | 1
 17, 37 |  -3.8152308724774962e-05 |  -3.8152308724774962e-05 | 1
 17, 38 |  -2.5480669472647017e-05 |  -2.5480669472647017e-05 | 1
 17, 39 |  -2.9831966462840580e-06 |  -2.9831966462840580e-06 | 1
 17, 40 |  -3.8019652726051740e-05 |  -3.8019652726051740e-05 | 1
 17, 41 |   8.0857271887536345e-05 |   8.0857271887536345e-05 | 1
 17, 42 |  -1.0245131780475605e-05 |  -1.0245131780475605e-05 | 1
 18,  1 |   8.7352864203527519e-05 |   8.7352864203527519e-05 | 1
 18,  2 |   7.6259394583486100e-05 |   7.6259394583486100e-05 | 1
 18,  3 |   5.7786194117102809e-05 |   5.7786194117102809e-05 | 1
 18,  4 |   6.7370272393544014e-05 |   6.7370272393544014e-05 | 1
 18,  5 |   1.4175023279005888e-04 |   1.4175023279005888e-04 | 1
 18,  6 |   7.2492745058186543e-05 |   7.2492745058186543e-05 | 1
 18,  7 |   6.1018627028279204e-05 |   6.1018627028279204e-05 | 1
 18,  8 |   4.6144134299851226e-05 |   4.6144134299851226e-05 | 1
 18,  9 |   8.1026040056824224e-05 |   8.1026040056824224e-05 | 1
 18, 10 |   1.1133393574237684e-05 |   1.1133393574237684e-05 | 1
 18, 11 |   5.9544136982243681e-05 |   5.9544136982243681e-05 | 1
 18, 12 |   2.5389129863302902e-05 |   2.5389129863302902e-05 | 1
 18, 13 |   5.8967139134956851e-05 |   5.8967139134956851e-05 | 1
 18, 14 |   7.1717687166492685e-05 |   7.1717687166492685e-05 | 1
 18, 15 |  -5.2909848639452593e-05 |  -5.2909848639452593e-05 | 1
 18, 16 |   3.0167744961236759e-05 |   3.0167744961236759e-05 | 1
 18, 17 |   9.7004555522626091e-05 |   9.7004555522626091e-05 | 1
 18, 18 |   1.8697805416839623e-02 |   1.8697805416839623e-02 | 1
 18, 19 |   6.7635037099777703e-05 |   6.7635037099777703e-05 | 1
 18, 20 |   9.3708154038631803e-05 |   9.3708154038631803e-05 | 1
 18, 21 |   1.3183502136020735e-04 |   1.3183502136020735e-04 | 1
 18, 22 |   4.7960479150124466e-05 |   4.7960479150124466e-05 | 1
 18, 23 |   8.4073507669968285e-05 |   8.4073507669968285e-05 | 1
 18, 24 |   5.9769338175863550e-05 |   5.9769338175863550e-05 | 1
 18, 25 |   6.6329575451286890e-05 |   6.6329575451286890e-05 | 1
 18, 26 |   1.1543941950930780e-04 |   1.1543941950930780e-04 | 1
 18, 27 |  -1.1424444971107704e-05 |  -1.1424444971107704e-05 | 1
 18, 28 |   6.0402463672234311e-05 |   6.0402463672234311e-05 | 1
 18, 29 |   6.9359376607985477e-05 |   6.9359376607985477e-05 | 1
 18, 30 |   6.5615248012547173e-05 |   6.5615248012547173e-05 | 1
 18, 31 |   5.4734932093176549e-05 |   5.4734932093176549e-05 | 1
 18, 32 |   5.4700110601024610e-05 |   5.4700110601024610e-05 | 1
 18, 33 |  -4.3602896598023328e-06 |  -4.3602896598023328e-06 | 1
 18, 34 |   4.4773471618065462e-06 |   4.4773471618065462e-06 | 1
 18, 35 |  -5.4694116420369759e-05 |  -5.4694116420369759e-05 | 1
 18, 36 |  -5.7539088767156961e-05 |  -5.7539088767156961e-05 | 1
 18, 37 |  -4.4078531222709410e-05 |  -4.4078531222709410e-05 | 1
 18, 38 |  -1.8290149095795900e-05 |  -1.8290149095795900e-05 | 1
 18, 39 |  -3.6242395386031646e-06 |  -3.6242395386031646e-06 | 1
 18, 40 |  -1.8488308818298492e-05 |  -1.8488308818298492e-05 | 1
 18, 41 |   8.1293242676079179e-05 |   8.1293242676079179e-05 | 1
 18, 42 |  -5.9174187157222228e-05 |  -5.9174187157222228e-05 | 1
 19,  1 |   7.2132710663894519e-05 |   7.2132710663894519e-05 | 1
 19,  2 |   7.0897760821826271e-05 |   7.0897760821826271e-05 | 1
 19,  3 |   4.4143739817053594e-05 |   4.4143739817053594e-05 | 1
 19,  4 |   1.0573972114944949e-04 |   1.0573972114944949e-04 | 1
 19,  5 |   1.4649247668166203e-05 |   1.4649247668166203e-05 | 1
 19,  6 |  -4.0211029280053591e-06 |  -4.0211029280053591e-06 | 1
 19,  7 |   1.0374636392912378e-04 |   1.0374636392912378e-04 | 1
 19,  8 |   8.4106596510310315e-05 |   8.4106596510310315e-05 | 1
 19,  9 |   5.5918964453306276e-05 |   5.5918964453306276e-05 | 1
 19, 10 |   2.3597266006659024e-04 |   2.3597266006659024e-04 | 1
 19, 11 |  -1.7825200079507839e-04 |  -1.7825200079507839e-04 | 1
 19, 12 |   4.2469428674315313e-05 |   4.2469428674315313e-05 | 1
 19, 13 |   2.2633778313450051e-04 |   2.2633778313450051e-04 | 1
 19, 14 |   2.0996781377557764e-04 |   2.0996781377557764e-04 | 1
 19, 15 |   7.3072910153396933e-04 |   7.3072910153396933e-04 | 1
 19, 16 |   1.0135107401260606e-04 |   1.0135107401260606e-04 | 1
 19, 17 |   9.1344736668239754e-05 |   9.1344736668239754e-05 | 1
 19, 18 |   6.7635037099777703e-05 |   6.7635037099777703e-05 | 1
 19, 19 |   2.1729256099076211e-02 |   2.1729256099076211e-02 | 1
 19, 20 |   9.6433439000849117e-05 |   9.6433439000849117e-05 | 1
 19, 21 |  -2.2680394711411640e-05 |  -2.2680394711411640e-05 | 1
 19, 22 |  -4.8234975994966230e-06 |  -4.8234975994966230e-06 | 1
 19, 23 |   1.9879728510521477e-05 |   1.9879728510521477e-05 | 1
 19, 24 |   7.9824411479610842e-05 |   7.9824411479610842e-05 | 1
 19, 25 |   8.7668528792918282e-05 |   8.7668528792918282e-05 | 1
 19, 26 |   5.5126106008699893e-05 |   5.5126106008699893e-05 | 1
 19, 27 |  -6.1890520218813765e-04 |  -6.1890520218813765e-04 | 1
 19, 28 |   1.6530447525675954e-05 |   1.6530447525675954e-05 | 1
 19, 29 |   1.3199915131288848e-04 |   1.3199915131288848e-04 | 1
 19, 30 |   1.5005106568827462e-05 |   1.5005106568827462e-05 | 1
 19, 31 |  -2.7428352019105050e-05 |  -2.7428352019105050e-05 | 1
 19, 32 |  -2.1997705265844699e-04 |  -2.1997705265844699e-04 | 1
 19, 33 |   8.1286956043451339e-04 |   8.1286956043451339e-04 | 1
 19, 34 |  -1.0087264022653190e-04 |  -1.0087264022653190e-04 | 1
 19, 35 |  -3.6106312462423946e-05 |  -3.6106312462423946e-05 | 1
 19, 36 |  -3.0058636678610033e-05 |  -3.0058636678610033e-05 | 1
 19, 37 |  -1.9199549093464359e-05 |  -1.9199549093464359e-05 | 1
 19, 38 |   5.4196564855546748e-06 |   5.4196564855546748e-06 | 1
 19, 39 |  -3.3644327643159155e-06 |  -3.3644327643159155e-06 | 1
 19, 40 |  -3.1625688914503077e-05 |  -3.1625688914503077e-05 | 1
 19, 41 |   6.2157632406761230e-05 |   6.2157632406761230e-05 | 1
 19, 42 |   2.1612531248213764e-04 |   2.1612531248213764e-04 | 1
 20,  1 |   8.2621678609217194e-05 |   8.2621678609217194e-05 | 1
 20,  2 |   7.3911281136136809e-05 |   7.3911281136136809e-05 | 1
 20,  3 |   6.1759494357173933e-05 |   6.1759494357173933e-05 | 1
 20,  4 |   7.8512386903907577e-05 |   7.8512386903907577e-05 | 1
 20,  5 |   7.8780730299268041e-05 |   7.8780730299268041e-05 | 1
 20,  6 |   5.3212115892461052e-05 |   5.3212115892461052e-05 | 1
 20,  7 |   7.6705526673750854e-05 |   7.6705526673750854e-05 | 1
 20,  8 |   6.5188461995635772e-05 |   6.5188461995635772e-05 | 1
 20,  9 |   7.1975476564394204e-05 |   7.1975476564394204e-05 | 1
 20, 10 |   9.4775374955849233e-05 |   9.4775374955849233e-05 | 1
 20, 11 |   2.0010116931508927e-04 |   2.0010116931508927e-04 | 1
 20, 12 |   5.6303681450406960e-05 |   5.6303681450406960e-05 | 1
 20, 13 |   7.3600137385387301e-05 |   7.3600137385387301e-05 | 1
 20, 14 |   8.4536584902481719e-05 |   8.4536584902481719e-05 | 1
 20, 15 |   3.7484473585434219e-04 |   3.7484473585434219e-04 | 1
 20, 16 |   6.5954696946774136e-05 |   6.5954696946774136e-05 | 1
 20, 17 |   9.5275266851999643e-05 |   9.5275266851999643e-05 | 1
 20, 18 |   9.3708154038631803e-05 |   9.3708154038631803e-05 | 1
 20, 19 |   9.6433439000849117e-05 |   9.6433439000849117e-05 | 1
 20, 20 |   9.9946861181575298e-03 |   9.9946861181575298e-03 | 1
 20, 21 |   9.6631754796319566e-05 |   9.6631754796319566e-05 | 1
 20, 22 |   9.5004448579383356e-05 |   9.5004448579383356e-05 | 1
 20, 23 |   7.8116154788323268e-05 |   7.8116154788323268e-05 | 1
 20, 24 |   1.0411081568514754e-04 |   1.0411081568514754e-04 | 1
 20, 25 |   8.1938656688045197e-05 |   8.1938656688045197e-05 | 1
 20, 26 |   9.6186807600679342e-05 |   9.6186807600679342e-05 | 1
 20, 27 |   1.4991612595550814e-04 |   1.4991612595550814e-04 | 1
 20, 28 |   1.0538796889972700e-04 |   1.0538796889972700e-04 | 1
 20, 29 |   9.3551900009528641e-05 |   9.3551900009528641e-05 | 1
 20, 30 |   9.7470683139692032e-05 |   9.7470683139692032e-05 | 1
 20, 31 |   1.0595815984017012e-04 |   1.0595815984017012e-04 | 1
 20, 32 |  -1.0777432169442990e-05 |  -1.0777432169442990e-05 | 1
 20, 33 |  -6.2104197154416504e-05 |  -6.2104197154416504e-05 | 1
 20, 34 |   1.3295313243645021e-04 |   1.3295313243645021e-04 | 1
 20, 35 |  -6.1847491992724182e-05 |  -6.1847491992724182e-05 | 1
 20, 36 |  -5.7902228186777757e-05 |  -5.7902228186777757e-05 | 1
 20, 37 |  -4.4186731097002043e-05 |  -4.4186731097002043e-05 | 1
 20, 38 |  -3.6533045122997526e-05 |  -3.6533045122997526e-05 | 1
 20, 39 |  -2.1044816366944436e-06 |  -2.1044816366944436e-06 | 1
 20, 40 |  -3.6700010830695943e-05 |  -3.6700010830695943e-05 | 1
 20, 41 |   8.2786672389389341e-05 |   8.2786672389389341e-05 | 1
 20, 42 |   8.1537009731415735e-06 |   8.1537009731415735e-06 | 1
 21,  1 |   1.0187014843998212e-04 |   1.0187014843998212e-04 | 1
 21,  2 |   8.0757028182644260e-05 |   8.0757028182644260e-05 | 1
 21,  3 |   6.8818819172173458e-05 |   6.8818819172173458e-05 | 1
 21,  4 |   5.2852283460029796e-05 |   5.2852283460029796e-05 | 1
 21,  5 |   1.9853440525489994e-04 |   1.9853440525489994e-04 | 1
 21,  6 |   1.1919323024551297e-04 |   1.1919323024551297e-04 | 1
 21,  7 |   5.1836088539481841e-05 |   5.1836088539481841e-05 | 1
 21,  8 |   4.5808218163644349e-05 |   4.5808218163644349e-05 | 1
 21,  9 |   9.7002767743698074e-05 |   9.7002767743698074e-05 | 1
 21, 10 |  -5.9503515125643763e-05 |  -5.9503515125643763e-05 | 1
 21, 11 |   4.1479982564333764e-04 |   4.1479982564333764e-04 | 1
 21, 12 |   4.6037114782047155e-05 |   4.6037114782047155e-05 | 1
 21, 13 |  -5.0216903559578668e-05 |  -5.0216903559578668e-05 | 1
 21, 14 |  -1.5971858891516794e-05 |  -1.5971858891516794e-05 | 1
 21, 15 |  -2.1337575609616251e-04 |  -2.1337575609616251e-04 | 1
 21, 16 |   2.3796339929136625e-05 |   2.3796339929136625e-05 | 1
 21, 17 |   1.0710868207819681e-04 |   1.0710868207819681e-04 | 1
 21, 18 |   1.3183502136020735e-04 |   1.3183502136020735e-04 | 1
 21, 19 |  -2.2680394711411640e-05 |  -2.2680394711411640e-05 | 1
 21, 20 |   9.6631754796319566e-05 |   9.6631754796319566e-05 | 1
 21, 21 |   4.9306275670952283e-02 |   4.9306275670952283e-02 | 1
 21, 22 |   1.4776293315618829e-04 |   1.4776293315618829e-04 | 1
 21, 23 |   1.2203850021836669e-04 |   1.2203850021836669e-04 | 1
 21, 24 |   9.8762651383692984e-05 |   9.8762651383692984e-05 | 1
 21, 25 |   7.6389038965099610e-05 |   7.6389038965099610e-05 | 1
 21, 26 |   1.3880271282049527e-04 |   1.3880271282049527e-04 | 1
 21, 27 |   6.3177692728441192e-04 |   6.3177692728441192e-04 | 1
 21, 28 |   1.3973916464056257e-04 |   1.3973916464056257e-04 | 1
 21, 29 |   5.4645607757094721e-05 |   5.4645607757094721e-05 | 1
 21, 30 |   1.5003121730268468e-04 |   1.5003121730268468e-04 | 1
 21, 31 |   1.8834118767669975e-04 |   1.8834118767669975e-04 | 1
 21, 32 |   1.9301614875467384e-04 |   1.9301614875467384e-04 | 1
 21, 33 |  -6.9366576879660818e-04 |  -6.9366576879660818e-04 | 1
 21, 34 |   2.3066435762127846e-04 |   2.3066435762127846e-04 | 1
 21, 35 |  -5.7836025675930640e-05 |  -5.7836025675930640e-05 | 1
 21, 36 |  -5.0146125847851580e-05 |  -5.0146125847851580e-05 | 1
 21, 37 |  -5.3746334250776170e-05 |  -5.3746334250776170e-05 | 1
 21, 38 |  -3.8591471801199261e-05 |  -3.8591471801199261e-05 | 1
 21, 39 |  -3.6684990196093856e-06 |  -3.6684990196093856e-06 | 1
 21, 40 |  -3.5963290303473868e-05 |  -3.5963290303473868e-05 | 1
 21, 41 |   9.5922634840311553e-05 |   9.5922634840311553e-05 | 1
 21, 42 |  -1.9489900279760314e-04 |  -1.9489900279760314e-04 | 1
 22,  1 |   6.6366065908888015e-05 |   6.6366065908888015e-05 | 1
 22,  2 |   5.5400772447563654e-05 |   5.5400772447563654e-05 | 1
 22,  3 |   4.0770039997315563e-05 |   4.0770039997315563e-05 | 1
 22,  4 |   4.6965229565462853e-05 |   4.6965229565462853e-05 | 1
 22,  5 |   3.2264554760152084e-05 |   3.2264554760152084e-05 | 1
 22,  6 |   7.7961295331774099e-05 |   7.7961295331774099e-05 | 1
 22,  7 |   6.7312874074626570e-05 |   6.7312874074626570e-05 | 1
 22,  8 |   5.7982429339618872e-05 |   5.7982429339618872e-05 | 1
 22,  9 |   6.4103787301865472e-05 |   6.4103787301865472e-05 | 1
 22, 10 |   8.0883123378392021e-05 |   8.0883123378392021e-05 | 1
 22, 11 |   8.1855405931494140e-04 |   8.1855405931494140e-04 | 1
 22, 12 |   9.4289679955600618e-05 |   9.4289679955600618e-05 | 1
 22, 13 |  -8.7774440516336953e-05 |  -8.7774440516336953e-05 | 1
 22, 14 |  -2.3839419672591329e-05 |  -2.3839419672591329e-05 | 1
 22, 15 |   7.7915343695796882e-04 |   7.7915343695796882e-04 | 1
 22, 16 |   9.1854917152631461e-05 |   9.1854917152631461e-05 | 1
 22, 17 |   7.4204347601298151e-05 |   7.4204347601298151e-05 | 1
 22, 18 |   4.7960479150124466e-05 |   4.7960479150124466e-05 | 1
 22, 19 |  -4.8234975994966230e-06 |  -4.8234975994966230e-06 | 1
 22, 20 |   9.5004448579383356e-05 |   9.5004448579383356e-05 | 1
 22, 21 |   1.4776293315618829e-04 |   1.4776293315618829e-04 | 1
 22, 22 |   5.4940415041647886e-02 |   5.4940415041647886e-02 | 1
 22, 23 |   6.6442416585654046e-05 |   6.6442416585654046e-05 | 1
 22, 24 |   1.7545477432358731e-04 |   1.7545477432358731e-04 | 1
 22, 25 |   9.2639335336628913e-05 |   9.2639335336628913e-05 | 1
 22, 26 |   6.4860556577107738e-05 |   6.4860556577107738e-05 | 1
 22, 27 |   1.2412546268185049e-03 |   1.2412546268185049e-03 | 1
 22, 28 |   2.4047296710879662e-04 |   2.4047296710879662e-04 | 1
 22, 29 |   6.6308424281991379e-05 |   6.6308424281991379e-05 | 1
 22, 30 |   2.1587875898543176e-04 |   2.1587875898543176e-04 | 1
 22, 31 |   3.1692765401507349e-04 |   3.1692765401507349e-04 | 1
 22, 32 |   7.1834076129037838e-05 |   7.1834076129037838e-05 | 1
 22, 33 |  -1.0604630372635497e-03 |  -1.0604630372635497e-03 | 1
 22, 34 |   5.8810555067826883e-04 |   5.8810555067826883e-04 | 1
 22, 35 |  -4.1452421551058596e-05 |  -4.1452421551058596e-05 | 1
 22, 36 |  -2.8766115760816106e-05 |  -2.8766115760816106e-05 | 1
 22, 37 |  -2.2507135650685082e-05 |  -2.2507135650685082e-05 | 1
 22, 38 |  -1.3539874432647605e-05 |  -1.3539874432647605e-05 | 1
 22, 39 |  -2.2642262855284967e-06 |  -2.2642262855284967e-06 | 1
 22, 40 |  -3.8293532687985072e-05 |  -3.8293532687985072e-05 | 1
 22, 41 |   6.3553758867906983e-05 |   6.3553758867906983e-05 | 1
 22, 42 |  -7.4314682201980935e-05 |  -7.4314682201980935e-05 | 1
 23,  1 |   6.9147063112877778e-05 |   6.9147063112877778e-05 | 1
 23,  2 |   5.6167241299581410e-05 |   5.6167241299581410e-05 | 1
 23,  3 |   4.4371192902501867e-05 |   4.4371192902501867e-05 | 1
 23,  4 |   4.8131193400451067e-05 |   4.8131193400451067e-05 | 1
 23,  5 |   1.4443877122756867e-04 |   1.4443877122756867e-04 | 1
 23,  6 |   7.1676254018211829e-05 |   7.1676254018211829e-05 | 1
 23,  7 |   4.4743189815380280e-05 |   4.4743189815380280e-05 | 1
 23,  8 |   4.1314571254906109e-05 |   4.1314571254906109e-05 | 1
 23,  9 |   5.7657356072081224e-05 |   5.7657356072081224e-05 | 1
 23, 10 |  -1.0250969828408813e-05 |  -1.0250969828408813e-05 | 1
 23, 11 |   1.4433143048192117e-04 |   1.4433143048192117e-04 | 1
 23, 12 |   1.8353109108840729e-05 |   1.8353109108840729e-05 | 1
 23, 13 |   1.4102980559121569e-05 |   1.4102980559121569e-05 | 1
 23, 14 |   2.8793184889364412e-05 |   2.8793184889364412e-05 | 1
 23, 15 |  -1.3110413951220476e-04 |  -1.3110413951220476e-04 | 1
 23, 16 |   2.2288548183182496e-05 |   2.2288548183182496e-05 | 1
 23, 17 |   7.5486968961308801e-05 |   7.5486968961308801e-05 | 1
 23, 18 |   8.4073507669968285e-05 |   8.4073507669968285e-05 | 1
 23, 19 |   1.9879728510521477e-05 |   1.9879728510521477e-05 | 1
 23, 20 |   7.8116154788323268e-05 |   7.8116154788323268e-05 | 1
 23, 21 |   1.2203850021836669e-04 |   1.2203850021836669e-04 | 1
 23, 22 |   6.6442416585654046e-05 |   6.6442416585654046e-05 | 1
 23, 23 |   2.6278675022825129e-02 |   2.6278675022825129e-02 | 1
 23, 24 |   6.5247337725864006e-05 |   6.5247337725864006e-05 | 1
 23, 25 |   4.7312333513114895e-05 |   4.7312333513114895e-05 | 1
 23, 26 |   8.2647032457726865e-05 |   8.2647032457726865e-05 | 1
 23, 27 |   1.6418034697842089e-04 |   1.6418034697842089e-04 | 1
 23, 28 |   6.3972866737576516e-05 |   6.3972866737576516e-05 | 1
 23, 29 |   4.5180839268999049e-05 |   4.5180839268999049e-05 | 1
 23, 30 |   6.4924995028172762e-05 |   6.4924995028172762e-05 | 1
 23, 31 |   7.6812151542679822e-05 |   7.6812151542679822e-05 | 1
 23, 32 |   8.3461113425716064e-05 |   8.3461113425716064e-05 | 1
 23, 33 |  -1.9115979837299778e-04 |  -1.9115979837299778e-04 | 1
 23, 34 |   6.0359126916815256e-05 |   6.0359126916815256e-05 | 1
 23, 35 |  -5.3426813890042628e-05 |  -5.3426813890042628e-05 | 1
 23, 36 |  -3.5915519881186790e-05 |  -3.5915519881186790e-05 | 1
 23, 37 |  -3.0135673694378809e-05 |  -3.0135673694378809e-05 | 1
 23, 38 |  -3.2827810962957217e-05 |  -3.2827810962957217e-05 | 1
 23, 39 |  -2.0005995792867730e-06 |  -2.0005995792867730e-06 | 1
 23, 40 |  -3.1507726715099733e-05 |  -3.1507726715099733e-05 | 1
 23, 41 |   6.6966355774242080e-05 |   6.6966355774242080e-05 | 1
 23, 42 |  -8.4302646298356026e-05 |  -8.4302646298356026e-05 | 1
 24,  1 |   7.3249984796763183e-05 |   7.3249984796763183e-05 | 1
 24,  2 |   6.5014574412188575e-05 |   6.5014574412188575e-05 | 1
 24,  3 |   5.0366139956605223e-05 |   5.0366139956605223e-05 | 1
 24,  4 |   7.0716771431941525e-05 |   7.0716771431941525e-05 | 1
 24,  5 |   2.6824298336034560e-05 |   2.6824298336034560e-05 | 1
 24,  6 |   5.3806370734231698e-05 |   5.3806370734231698e-05 | 1
 24,  7 |   8.1383731402696115e-05 |   8.1383731402696115e-05 | 1
 24,  8 |   7.1223213926149465e-05 |   7.1223213926149465e-05 | 1
 24,  9 |   6.4572398222403476e-05 |   6.4572398222403476e-05 | 1
 24, 10 |   1.4240201181388822e-04 |   1.4240201181388822e-04 | 1
 24, 11 |   5.3320857786075086e-04 |   5.3320857786075086e-04 | 1
 24, 12 |   8.6892908166191969e-05 |   8.6892908166191969e-05 | 1
 24, 13 |   1.6963024550096446e-05 |   1.6963024550096446e-05 | 1
 24, 14 |   5.0044835103280491e-05 |   5.0044835103280491e-05 | 1
 24, 15 |   8.2134506288142036e-04 |   8.2134506288142036e-04 | 1
 24, 16 |   9.7174669325338970e-05 |   9.7174669325338970e-05 | 1
 24, 17 |   8.4841162728393067e-05 |   8.4841162728393067e-05 | 1
 24, 18 |   5.9769338175863550e-05 |   5.9769338175863550e-05 | 1
 24, 19 |   7.9824411479610842e-05 |   7.9824411479610842e-05 | 1
 24, 20 |   1.0411081568514754e-04 |   1.0411081568514754e-04 | 1
 24, 21 |   9.8762651383692984e-05 |   9.8762651383692984e-05 | 1
 24, 22 |   1.7545477432358731e-04 |   1.7545477432358731e-04 | 1
 24, 23 |   6.5247337725864006e-05 |   6.5247337725864006e-05 | 1
 24, 24 |   4.0257537836111846e-03 |   4.0257537836111846e-03 | 1
 24, 25 |   9.7033487797740735e-05 |   9.7033487797740735e-05 | 1
 24, 26 |   7.1870452756862778e-05 |   7.1870452756862778e-05 | 1
 24, 27 |   6.9111985114084055e-04 |   6.9111985114084055e-04 | 1
 24, 28 |   1.8157139669770114e-04 |   1.8157139669770114e-04 | 1
 24, 29 |   9.5335275527003605e-05 |   9.5335275527003605e-05 | 1
 24, 30 |   1.6481701935917693e-04 |   1.6481701935917693e-04 | 1
 24, 31 |   2.2022075248445390e-04 |   2.2022075248445390e-04 | 1
 24, 32 |  -2.1324825741273011e-05 |  -2.1324825741273011e-05 | 1
 24, 33 |  -4.9621512540564609e-04 |  -4.9621512540564609e-04 | 1
 24, 34 |   3.9525607626766528e-04 |   3.9525607626766528e-04 | 1
 24, 35 |  -5.5257271142081020e-05 |  -5.5257271142081020e-05 | 1
 24, 36 |  -4.0811318499993428e-05 |  -4.0811318499993428e-05 | 1
 24, 37 |  -3.5479670874113902e-05 |  -3.5479670874113902e-05 | 1
 24, 38 |  -2.9038101394032858e-05 |  -2.9038101394032858e-05 | 1
 24, 39 |  -2.0240328823142036e-06 |  -2.0240328823142036e-06 | 1
 24, 40 |  -3.5774711387315226e-05 |  -3.5774711387315226e-05 | 1
 24, 41 |   7.1907938783882813e-05 |   7.1907938783882813e-05 | 1
 24, 42 |   1.9049697236561686e-05 |   1.9049697236561686e-05 | 1
 25,  1 |   6.7050972296399321e-05 |   6.7050972296399321e-05 | 1
 25,  2 |   5.8226526748120594e-05 |   5.8226526748120594e-05 | 1
 25,  3 |   4.2998053295355485e-05 |   4.2998053295355485e-05 | 1
 25,  4 |   6.2921803302781271e-05 |   6.2921803302781271e-05 | 1
 25,  5 |   5.0789905122929045e-05 |   5.0789905122929045e-05 | 1
 25,  6 |   4.0421602018219541e-05 |   4.0421602018219541e-05 | 1
 25,  7 |   6.7892888640334664e-05 |   6.7892888640334664e-05 | 1
 25,  8 |   5.4306808580298689e-05 |   5.4306808580298689e-05 | 1
 25,  9 |   6.0075620330274835e-05 |   6.0075620330274835e-05 | 1
 25, 10 |   9.6070316178770740e-05 |   9.6070316178770740e-05 | 1
 25, 11 |   2.4980341087171712e-04 |   2.4980341087171712e-04 | 1
 25, 12 |   5.5138719063349072e-05 |   5.5138719063349072e-05 | 1
 25, 13 |   5.1711787068165572e-05 |   5.1711787068165572e-05 | 1
 25, 14 |   6.8837400237824523e-05 |   6.8837400237824523e-05 | 1
 25, 15 |   4.4951097367477061e-04 |   4.4951097367477061e-04 | 1
 25, 16 |   6.8457920456484672e-05 |   6.8457920456484672e-05 | 1
 25, 17 |   7.8091544702007615e-05 |   7.8091544702007615e-05 | 1
 25, 18 |   6.6329575451286890e-05 |   6.6329575451286890e-05 | 1
 25, 19 |   8.7668528792918282e-05 |   8.7668528792918282e-05 | 1
 25, 20 |   8.1938656688045197e-05 |   8.1938656688045197e-05 | 1
 25, 21 |   7.6389038965099610e-05 |   7.6389038965099610e-05 | 1
 25, 22 |   9.2639335336628913e-05 |   9.2639335336628913e-05 | 1
 25, 23 |   4.7312333513114895e-05 |   4.7312333513114895e-05 | 1
 25, 24 |   9.7033487797740735e-05 |   9.7033487797740735e-05 | 1
 25, 25 |   1.3085895416510389e-02 |   1.3085895416510389e-02 | 1
 25, 26 |   7.1879616729867297e-05 |   7.1879616729867297e-05 | 1
 25, 27 |   2.5359420294011192e-04 |   2.5359420294011192e-04 | 1
 25, 28 |   1.0725092446391029e-04 |   1.0725092446391029e-04 | 1
 25, 29 |   8.3058228397716745e-05 |   8.3058228397716745e-05 | 1
 25, 30 |   9.9115773652472627e-05 |   9.9115773652472627e-05 | 1
 25, 31 |   1.2222326260147141e-04 |   1.2222326260147141e-04 | 1
 25, 32 |  -2.2411583539508590e-05 |  -2.2411583539508590e-05 | 1
 25, 33 |  -1.4478732950509417e-04 |  -1.4478732950509417e-04 | 1
 25, 34 |   1.8082476149682843e-04 |   1.8082476149682843e-04 | 1
 25, 35 |  -3.1704241402035656e-05 |  -3.1704241402035656e-05 | 1
 25, 36 |  -3.4816648630486026e-05 |  -3.4816648630486026e-05 | 1
 25, 37 |  -2.7902436052884662e-05 |  -2.7902436052884662e-05 | 1
 25, 38 |  -1.7663204499285554e-05 |  -1.7663204499285554e-05 | 1
 25, 39 |  -2.5785503467164720e-06 |  -2.5785503467164720e-06 | 1
 25, 40 |  -2.8259726478643927e-05 |  -2.8259726478643927e-05 | 1
 25, 41 |   6.2391269324620446e-05 |   6.2391269324620446e-05 | 1
 25, 42 |   2.0379429409272221e-05 |   2.0379429409272221e-05 | 1
 26,  1 |   8.3964080892219434e-05 |   8.3964080892219434e-05 | 1
 26,  2 |   7.4980724496262046e-05 |   7.4980724496262046e-05 | 1
 26,  3 |   5.6088653380267393e-05 |   5.6088653380267393e-05 | 1
 26,  4 |   6.5110134805618144e-05 |   6.5110134805618144e-05 | 1
 26,  5 |   1.2964137356138099e-04 |   1.2964137356138099e-04 | 1
 26,  6 |   7.3923957814986033e-05 |   7.3923957814986033e-05 | 1
 26,  7 |   6.3571013768536270e-05 |   6.3571013768536270e-05 | 1
 26,  8 |   4.7741998423910607e-05 |   4.7741998423910607e-05 | 1
 26,  9 |   7.7769811774570707e-05 |   7.7769811774570707e-05 | 1
 26, 10 |   1.8367922401025449e-05 |   1.8367922401025449e-05 | 1
 26, 11 |   1.1296198529606108e-04 |   1.1296198529606108e-04 | 1
 26, 12 |   3.2692588438354654e-05 |   3.2692588438354654e-05 | 1
 26, 13 |   5.0244234454525796e-05 |   5.0244234454525796e-05 | 1
 26, 14 |   6.6327780207064567e-05 |   6.6327780207064567e-05 | 1
 26, 15 |   3.7148082889317457e-05 |   3.7148082889317457e-05 | 1
 26, 16 |   3.1631378918400016e-05 |   3.1631378918400016e-05 | 1
 26, 17 |   9.8521701927249304e-05 |   9.8521701927249304e-05 | 1
 26, 18 |   1.1543941950930780e-04 |   1.1543941950930780e-04 | 1
 26, 19 |   5.5126106008699893e-05 |   5.5126106008699893e-05 | 1
 26, 20 |   9.6186807600679342e-05 |   9.6186807600679342e-05 | 1
 26, 21 |   1.3880271282049527e-04 |   1.3880271282049527e-04 | 1
 26, 22 |   6.4860556577107738e-05 |   6.4860556577107738e-05 | 1
 26, 23 |   8.2647032457726865e-05 |   8.2647032457726865e-05 | 1
 26, 24 |   7.1870452756862778e-05 |   7.1870452756862778e-05 | 1
 26, 25 |   7.1879616729867297e-05 |   7.1879616729867297e-05 | 1
 26, 26 |   3.4195567246350478e-02 |   3.4195567246350478e-02 | 1
 26, 27 |   8.1112558990393990e-05 |   8.1112558990393990e-05 | 1
 26, 28 |   7.9904208444836017e-05 |   7.9904208444836017e-05 | 1
 26, 29 |   7.5804439878318077e-05 |   7.5804439878318077e-05 | 1
 26, 30 |   8.3506466689245757e-05 |   8.3506466689245757e-05 | 1
 26, 31 |   7.9934410380950804e-05 |   7.9934410380950804e-05 | 1
 26, 32 |   5.4908155433487204e-05 |   5.4908155433487204e-05 | 1
 26, 33 |  -8.0220155044853056e-05 |  -8.0220155044853056e-05 | 1
 26, 34 |   4.9616558314038021e-05 |   4.9616558314038021e-05 | 1
 26, 35 |  -6.9453981343879640e-05 |  -6.9453981343879640e-05 | 1
 26, 36 |  -7.3797163372412941e-05 |  -7.3797163372412941e-05 | 1
 26, 37 |  -7.2750442723965730e-05 |  -7.2750442723965730e-05 | 1
 26, 38 |  -5.3391031959729118e-05 |  -5.3391031959729118e-05 | 1
 26, 39 |  -1.9319048247422073e-06 |  -1.9319048247422073e-06 | 1
 26, 40 |  -1.6966460524730919e-05 |  -1.6966460524730919e-05 | 1
 26, 41 |   8.9242375803581515e-05 |   8.9242375803581515e-05 | 1
 26, 42 |  -5.7403647453181000e-05 |  -5.7403647453181000e-05 | 1
 27,  1 |   7.4543169283887439e-05 |   7.4543169283887439e-05 | 1
 27,  2 |   4.2216654227593639e-05 |   4.2216654227593639e-05 | 1
 27,  3 |   3.5670524228099897e-05 |   3.5670524228099897e-05 | 1
 27,  4 |  -7.0684362123175348e-05 |  -7.0684362123175348e-05 | 1
 27,  5 |  -2.1485322610046955e-04 |  -2.1485322610046955e-04 | 1
 27,  6 |   2.9463693041640091e-04 |   2.9463693041640091e-04 | 1
 27,  7 |   4.4156618704769887e-05 |   4.4156618704769887e-05 | 1
 27,  8 |   5.6997750017507041e-05 |   5.6997750017507041e-05 | 1
 27,  9 |   1.0077979960560778e-04 |   1.0077979960560778e-04 | 1
 27, 10 |  -2.4988235700081802e-05 |  -2.4988235700081802e-05 | 1
 27, 11 |   4.8004711548249902e-03 |   4.8004711548249902e-03 | 1
 27, 12 |   4.4092314401919541e-04 |   4.4092314401919541e-04 | 1
 27, 13 |  -1.0542593877455263e-03 |  -1.0542593877455263e-03 | 1
 27, 14 |  -7.2296722659865632e-04 |  -7.2296722659865632e-04 | 1
 27, 15 |   3.2864822253606458e-03 |   3.2864822253606458e-03 | 1
 27, 16 |   2.2675535740882823e-04 |   2.2675535740882823e-04 | 1
 27, 17 |   5.8450556576883524e-05 |   5.8450556576883524e-05 | 1
 27, 18 |  -1.1424444971107704e-05 |  -1.1424444971107704e-05 | 1
 27, 19 |  -6.1890520218813765e-04 |  -6.1890520218813765e-04 | 1
 27, 20 |   1.4991612595550814e-04 |   1.4991612595550814e-04 | 1
 27, 21 |   6.3177692728441192e-04 |   6.3177692728441192e-04 | 1
 27, 22 |   1.2412546268185049e-03 |   1.2412546268185049e-03 | 1
 27, 23 |   1.6418034697842089e-04 |   1.6418034697842089e-04 | 1
 27, 24 |   6.9111985114084055e-04 |   6.9111985114084055e-04 | 1
 27, 25 |   2.5359420294011192e-04 |   2.5359420294011192e-04 | 1
 27, 26 |   8.1112558990393990e-05 |   8.1112558990393990e-05 | 1
 27, 27 |   1.2329917147097689e-02 |   1.2329917147097689e-02 | 1
 27, 28 |   1.2130035893200561e-03 |   1.2130035893200561e-03 | 1
 27, 29 |  -8.6501611545443264e-06 |  -8.6501611545443264e-06 | 1
 27, 30 |   1.0801320684148696e-03 |   1.0801320684148696e-03 | 1
 27, 31 |   1.7451148383555628e-03 |   1.7451148383555628e-03 | 1
 27, 32 |   7.1682168138987310e-04 |   7.1682168138987310e-04 | 1
 27, 33 |  -7.5550427840032804e-03 |  -7.5550427840032804e-03 | 1
 27, 34 |   3.5089940693740877e-03 |   3.5089940693740877e-03 | 1
 27, 35 |  -5.7455686516315595e-05 |  -5.7455686516315595e-05 | 1
 27, 36 |  -4.5955468664640648e-05 |  -4.5955468664640648e-05 | 1
 27, 37 |  -3.5249853863569640e-05 |  -3.5249853863569640e-05 | 1
 27, 38 |  -2.8863071319878305e-05 |  -2.8863071319878305e-05 | 1
 27, 39 |  -2.7236704855932427e-06 |  -2.7236704855932427e-06 | 1
 27, 40 |  -1.6822961871444882e-05 |  -1.6822961871444882e-05 | 1
 27, 41 |   6.9769704093426482e-05 |   6.9769704093426482e-05 | 1
 27, 42 |  -7.1953946350439995e-04 |  -7.1953946350439995e-04 | 1
 28,  1 |   7.3781634223580342e-05 |   7.3781634223580342e-05 | 1
 28,  2 |   6.3777846630413883e-05 |   6.3777846630413883e-05 | 1
 28,  3 |   4.8373613035379004e-05 |   4.8373613035379004e-05 | 1
 28,  4 |   5.7423741474404617e-05 |   5.7423741474404617e-05 | 1
 28,  5 |   8.6587390317047200e-06 |   8.6587390317047200e-06 | 1
 28,  6 |   6.8597906988240203e-05 |   6.8597906988240203e-05 | 1
 28,  7 |   7.8319547173574008e-05 |   7.8319547173574008e-05 | 1
 28,  8 |   6.1989969486899810e-05 |   6.1989969486899810e-05 | 1
 28,  9 |   7.1453806706984574e-05 |   7.1453806706984574e-05 | 1
 28, 10 |   1.0377202100788396e-04 |   1.0377202100788396e-04 | 1
 28, 11 |   8.1466061914807681e-04 |   8.1466061914807681e-04 | 1
 28, 12 |   1.1000803237691592e-04 |   1.1000803237691592e-04 | 1
 28, 13 |  -6.6800268460464875e-05 |  -6.6800268460464875e-05 | 1
 28, 14 |  -8.9374724286252873e-06 |  -8.9374724286252873e-06 | 1
 28, 15 |   9.0324328906985624e-04 |   9.0324328906985624e-04 | 1
 28, 16 |   9.9416382556253221e-05 |   9.9416382556253221e-05 | 1
 28, 17 |   8.5159085106758435e-05 |   8.5159085106758435e-05 | 1
 28, 18 |   6.0402463672234311e-05 |   6.0402463672234311e-05 | 1
 28, 19 |   1.6530447525675954e-05 |   1.6530447525675954e-05 | 1
 28, 20 |   1.0538796889972700e-04 |   1.0538796889972700e-04 | 1
 28, 21 |   1.3973916464056257e-04 |   1.3973916464056257e-04 | 1
 28, 22 |   2.4047296710879662e-04 |   2.4047296710879662e-04 | 1
 28, 23 |   6.3972866737576516e-05 |   6.3972866737576516e-05 | 1
 28, 24 |   1.8157139669770114e-04 |   1.8157139669770114e-04 | 1
 28, 25 |   1.0725092446391029e-04 |   1.0725092446391029e-04 | 1
 28, 26 |   7.9904208444836017e-05 |   7.9904208444836017e-05 | 1
 28, 27 |   1.2130035893200561e-03 |   1.2130035893200561e-03 | 1
 28, 28 |   7.5189008160874149e-03 |   7.5189008160874149e-03 | 1
 28, 29 |   8.5797888617563639e-05 |   8.5797888617563639e-05 | 1
 28, 30 |   2.2735044890349491e-04 |   2.2735044890349491e-04 | 1
 28, 31 |   3.2847771854224998e-04 |   3.2847771854224998e-04 | 1
 28, 32 |   5.0110327775863410e-05 |   5.0110327775863410e-05 | 1
 28, 33 |  -1.0150387518246212e-03 |  -1.0150387518246212e-03 | 1
 28, 34 |   6.0051719326081844e-04 |   6.0051719326081844e-04 | 1
 28, 35 |  -4.5489629187514506e-05 |  -4.5489629187514506e-05 | 1
 28, 36 |  -5.6784376240316250e-05 |  -5.6784376240316250e-05 | 1
 28, 37 |  -4.2090407309057018e-05 |  -4.2090407309057018e-05 | 1
 28, 38 |  -3.5166429034917966e-05 |  -3.5166429034917966e-05 | 1
 28, 39 |  -1.8642623335628711e-06 |  -1.8642623335628711e-06 | 1
 28, 40 |  -3.3849374025382200e-05 |  -3.3849374025382200e-05 | 1
 28, 41 |   7.5401951853622728e-05 |   7.5401951853622728e-05 | 1
 28, 42 |  -5.2194650024704238e-05 |  -5.2194650024704238e-05 | 1
 29,  1 |   7.1967240905348415e-05 |   7.1967240905348415e-05 | 1
 29,  2 |   6.5091682767611604e-05 |   6.5091682767611604e-05 | 1
 29,  3 |   4.8148323801489372e-05 |   4.8148323801489372e-05 | 1
 29,  4 |   7.7083071527494113e-05 |   7.7083071527494113e-05 | 1
 29,  5 |   4.9769303346429455e-05 |   4.9769303346429455e-05 | 1
 29,  6 |   3.1391328454909062e-05 |   3.1391328454909062e-05 | 1
 29,  7 |   8.1338595868362084e-05 |   8.1338595868362084e-05 | 1
 29,  8 |   6.3833474436135964e-05 |   6.3833474436135964e-05 | 1
 29,  9 |   6.4430590438339854e-05 |   6.4430590438339854e-05 | 1
 29, 10 |   1.3577903882087836e-04 |   1.3577903882087836e-04 | 1
 29, 11 |   1.1824320624156858e-04 |   1.1824320624156858e-04 | 1
 29, 12 |   5.2678406387271192e-05 |   5.2678406387271192e-05 | 1
 29, 13 |   1.0723411557242757e-04 |   1.0723411557242757e-04 | 1
 29, 14 |   1.1298452449171650e-04 |   1.1298452449171650e-04 | 1
 29, 15 |   5.0814386630298374e-04 |   5.0814386630298374e-04 | 1
 29, 16 |   7.6417011169469575e-05 |   7.6417011169469575e-05 | 1
 29, 17 |   8.7673577274631281e-05 |   8.7673577274631281e-05 | 1
 29, 18 |   6.9359376607985477e-05 |   6.9359376607985477e-05 | 1
 29, 19 |   1.3199915131288848e-04 |   1.3199915131288848e-04 | 1
 29, 20 |   9.3551900009528641e-05 |   9.3551900009528641e-05 | 1
 29, 21 |   5.4645607757094721e-05 |   5.4645607757094721e-05 | 1
 29, 22 |   6.6308424281991379e-05 |   6.6308424281991379e-05 | 1
 29, 23 |   4.5180839268999049e-05 |   4.5180839268999049e-05 | 1
 29, 24 |   9.5335275527003605e-05 |   9.5335275527003605e-05 | 1
 29, 25 |   8.3058228397716745e-05 |   8.3058228397716745e-05 | 1
 29, 26 |   7.5804439878318077e-05 |   7.5804439878318077e-05 | 1
 29, 27 |  -8.6501611545443264e-06 |  -8.6501611545443264e-06 | 1
 29, 28 |   8.5797888617563639e-05 |   8.5797888617563639e-05 | 1
 29, 29 |   1.1419922241902128e-02 |   1.1419922241902128e-02 | 1
 29, 30 |   7.9234196604314637e-05 |   7.9234196604314637e-05 | 1
 29, 31 |   8.0810241349295374e-05 |   8.0810241349295374e-05 | 1
 29, 32 |  -7.2812147396452255e-05 |  -7.2812147396452255e-05 | 1
 29, 33 |   1.3470468679983719e-04 |   1.3470468679983719e-04 | 1
 29, 34 |   9.4490262326274443e-05 |   9.4490262326274443e-05 | 1
 29, 35 |  -4.2655842501431810e-05 |  -4.2655842501431810e-05 | 1
 29, 36 |  -4.8457434238031777e-05 |  -4.8457434238031777e-05 | 1
 29, 37 |  -4.4373292464825588e-05 |  -4.4373292464825588e-05 | 1
 29, 38 |  -3.6148844295995605e-05 |  -3.6148844295995605e-05 | 1
 29, 39 |  -1.9818503212665428e-06 |  -1.9818503212665428e-06 | 1
 29, 40 |  -2.9536338668830633e-05 |  -2.9536338668830633e-05 | 1
 29, 41 |   7.2534244912096836e-05 |   7.2534244912096836e-05 | 1
 29, 42 |   7.1603581218054207e-05 |   7.1603581218054207e-05 | 1
 30,  1 |   7.3269460537700172e-05 |   7.3269460537700172e-05 | 1
 30,  2 |   6.2649637561159563e-05 |   6.2649637561159563e-05 | 1
 30,  3 |   4.5252593457694939e-05 |   4.5252593457694939e-05 | 1
 30,  4 |   5.3308278645032841e-05 |   5.3308278645032841e-05 | 1
 30,  5 |   4.1335104533317884e-05 |   4.1335104533317884e-05 | 1
 30,  6 |   7.7303213958129183e-05 |   7.7303213958129183e-05 | 1
 30,  7 |   6.9729293736184149e-05 |   6.9729293736184149e-05 | 1
 30,  8 |   5.8685109509893759e-05 |   5.8685109509893759e-05 | 1
 30,  9 |   7.2440674068502232e-05 |   7.2440674068502232e-05 | 1
 30, 10 |   8.0027163822689380e-05 |   8.0027163822689380e-05 | 1
 30, 11 |   7.2833810741094302e-04 |   7.2833810741094302e-04 | 1
 30, 12 |   9.2867407948209492e-05 |   9.2867407948209492e-05 | 1
 30, 13 |  -5.9284595927155736e-05 |  -5.9284595927155736e-05 | 1
 30, 14 |  -2.5192166793574204e-06 |  -2.5192166793574204e-06 | 1
 30, 15 |   7.3737819762646479e-04 |   7.3737819762646479e-04 | 1
 30, 16 |   8.7829125373156940e-05 |   8.7829125373156940e-05 | 1
 30, 17 |   8.4647543240585658e-05 |   8.4647543240585658e-05 | 1
 30, 18 |   6.5615248012547173e-05 |   6.5615248012547173e-05 | 1
 30, 19 |   1.5005106568827462e-05 |   1.5005106568827462e-05 | 1
 30, 20 |   9.7470683139692032e-05 |   9.7470683139692032e-05 | 1
 30, 21 |   1.5003121730268468e-04 |   1.5003121730268468e-04 | 1
 30, 22 |   2.1587875898543176e-04 |   2.1587875898543176e-04 | 1
 30, 23 |   6.4924995028172762e-05 |   6.4924995028172762e-05 | 1
 30, 24 |   1.6481701935917693e-04 |   1.6481701935917693e-04 | 1
 30, 25 |   9.9115773652472627e-05 |   9.9115773652472627e-05 | 1
 30, 26 |   8.3506466689245757e-05 |   8.3506466689245757e-05 | 1
 30, 27 |   1.0801320684148696e-03 |   1.0801320684148696e-03 | 1
 30, 28 |   2.2735044890349491e-04 |   2.2735044890349491e-04 | 1
 30, 29 |   7.9234196604314637e-05 |   7.9234196604314637e-05 | 1
 30, 30 |   1.0131487361873212e-02 |   1.0131487361873212e-02 | 1
 30, 31 |   2.9223999033002471e-04 |   2.9223999033002471e-04 | 1
 30, 32 |   6.1739637682372143e-05 |   6.1739637682372143e-05 | 1
 30, 33 |  -9.1388662011626231e-04 |  -9.1388662011626231e-04 | 1
 30, 34 |   5.2285282623613190e-04 |   5.2285282623613190e-04 | 1
 30, 35 |  -4.2982410904809232e-05 |  -4.2982410904809232e-05 | 1
 30, 36 |  -4.3637595275368517e-05 |  -4.3637595275368517e-05 | 1
 30, 37 |  -4.6356261803539773e-05 |  -4.6356261803539773e-05 | 1
 30, 38 |  -2.8951086768284866e-05 |  -2.8951086768284866e-05 | 1
 30, 39 |  -2.0935454851235941e-06 |  -2.0935454851235941e-06 | 1
 30, 40 |  -3.4275078760428646e-05 |  -3.4275078760428646e-05 | 1
 30, 41 |   7.4382965457564108e-05 |   7.4382965457564108e-05 | 1
 30, 42 |  -6.3631526476933353e-05 |  -6.3631526476933353e-05 | 1
 31,  1 |   8.0872575166827571e-05 |   8.0872575166827571e-05 | 1
 31,  2 |   6.3559916137846065e-05 |   6.3559916137846065e-05 | 1
 31,  3 |   5.0395724811325753e-05 |   5.0395724811325753e-05 | 1
 31,  4 |   4.9640977419706267e-05 |   4.9640977419706267e-05 | 1
 31,  5 |   1.1901375393352169e-05 |   1.1901375393352169e-05 | 1
 31,  6 |   9.2195118464444330e-05 |   9.2195118464444330e-05 | 1
 31,  7 |   8.0053820064444046e-05 |   8.0053820064444046e-05 | 1
 31,  8 |   6.5192992634980826e-05 |   6.5192992634980826e-05 | 1
 31,  9 |   8.0478859502438186e-05 |   8.0478859502438186e-05 | 1
 31, 10 |   9.6223563553668185e-05 |   9.6223563553668185e-05 | 1
 31, 11 |   1.1222563215036881e-03 |   1.1222563215036881e-03 | 1
 31, 12 |   1.3637695302565406e-04 |   1.3637695302565406e-04 | 1
 31, 13 |  -1.3996763665463649e-04 |  -1.3996763665463649e-04 | 1
 31, 14 |  -6.2507273450379368e-05 |  -6.2507273450379368e-05 | 1
 31, 15 |   1.0024204368685446e-03 |   1.0024204368685446e-03 | 1
 31, 16 |   1.1438928661776265e-04 |   1.1438928661776265e-04 | 1
 31, 17 |   8.8090179603177537e-05 |   8.8090179603177537e-05 | 1
 31, 18 |   5.4734932093176549e-05 |   5.4734932093176549e-05 | 1
 31, 19 |  -2.7428352019105050e-05 |  -2.7428352019105050e-05 | 1
 31, 20 |   1.0595815984017012e-04 |   1.0595815984017012e-04 | 1
 31, 21 |   1.8834118767669975e-04 |   1.8834118767669975e-04 | 1
 31, 22 |   3.1692765401507349e-04 |   3.1692765401507349e-04 | 1
 31, 23 |   7.6812151542679822e-05 |   7.6812151542679822e-05 | 1
 31, 24 |   2.2022075248445390e-04 |   2.2022075248445390e-04 | 1
 31, 25 |   1.2222326260147141e-04 |   1.2222326260147141e-04 | 1
 31, 26 |   7.9934410380950804e-05 |   7.9934410380950804e-05 | 1
 31, 27 |   1.7451148383555628e-03 |   1.7451148383555628e-03 | 1
 31, 28 |   3.2847771854224998e-04 |   3.2847771854224998e-04 | 1
 31, 29 |   8.0810241349295374e-05 |   8.0810241349295374e-05 | 1
 31, 30 |   2.9223999033002471e-04 |   2.9223999033002471e-04 | 1
 31, 31 |   2.1977175665166594e-02 |   2.1977175665166594e-02 | 1
 31, 32 |   1.0783534359614112e-04 |   1.0783534359614112e-04 | 1
 31, 33 |  -1.5180432201647987e-03 |  -1.5180432201647987e-03 | 1
 31, 34 |   8.1984406364405511e-04 |   8.1984406364405511e-04 | 1
 31, 35 |  -2.7204987690626286e-05 |  -2.7204987690626286e-05 | 1
 31, 36 |  -3.4968325679899039e-05 |  -3.4968325679899039e-05 | 1
 31, 37 |  -2.0657139396097952e-05 |  -2.0657139396097952e-05 | 1
 31, 38 |  -1.9128789642723097e-05 |  -1.9128789642723097e-05 | 1
 31, 39 |  -3.3145113407300774e-06 |  -3.3145113407300774e-06 | 1
 31, 40 |  -4.1514405475025107e-05 |  -4.1514405475025107e-05 | 1
 31, 41 |   7.2503935463299210e-05 |   7.2503935463299210e-05 | 1
 31, 42 |  -1.0933008463966050e-04 |  -1.0933008463966050e-04 | 1
 32,  1 |   1.8909247202609753e-05 |   1.8909247202609753e-05 | 1
 32,  2 |  -3.5672596048434588e-04 |  -3.5672596048434588e-04 | 1
 32,  3 |   1.4666135937485328e-05 |   1.4666135937485328e-05 | 1
 32,  4 |  -4.3501361722159145e-05 |  -4.3501361722159145e-05 | 1
 32,  5 |   1.5326361379532137e-04 |   1.5326361379532137e-04 | 1
 32,  6 |   9.7621391949735843e-05 |   9.7621391949735843e-05 | 1
 32,  7 |  -4.1923861041894297e-05 |  -4.1923861041894297e-05 | 1
 32,  8 |  -3.6909956740589661e-05 |  -3.6909956740589661e-05 | 1
 32,  9 |   3.0039007978978709e-05 |   3.0039007978978709e-05 | 1
 32, 10 |  -2.5201520981533385e-04 |  -2.5201520981533385e-04 | 1
 32, 11 |   2.9218769712721794e-04 |   2.9218769712721794e-04 | 1
 32, 12 |  -1.9549613534049823e-05 |  -1.9549613534049823e-05 | 1
 32, 13 |  -2.0169913033169212e-04 |  -2.0169913033169212e-04 | 1
 32, 14 |  -1.6261856895775464e-04 |  -1.6261856895775464e-04 | 1
 32, 15 |  -9.7028978025818504e-04 |  -9.7028978025818504e-04 | 1
 32, 16 |  -7.5218366482424998e-05 |  -7.5218366482424998e-05 | 1
 32, 17 |   7.8032470134930929e-06 |   7.8032470134930929e-06 | 1
 32, 18 |   5.4700110601024610e-05 |   5.4700110601024610e-05 | 1
 32, 19 |  -2.1997705265844699e-04 |  -2.1997705265844699e-04 | 1
 32, 20 |  -1.0777432169442990e-05 |  -1.0777432169442990e-05 | 1
 32, 21 |   1.9301614875467384e-04 |   1.9301614875467384e-04 | 1
 32, 22 |   7.1834076129037838e-05 |   7.1834076129037838e-05 | 1
 32, 23 |   8.3461113425716064e-05 |   8.3461113425716064e-05 | 1
 32, 24 |  -2.1324825741273011e-05 |  -2.1324825741273011e-05 | 1
 32, 25 |  -2.2411583539508590e-05 |  -2.2411583539508590e-05 | 1
 32, 26 |   5.4908155433487204e-05 |   5.4908155433487204e-05 | 1
 32, 27 |   7.1682168138987310e-04 |   7.1682168138987310e-04 | 1
 32, 28 |   5.0110327775863410e-05 |   5.0110327775863410e-05 | 1
 32, 29 |  -7.2812147396452255e-05 |  -7.2812147396452255e-05 | 1
 32, 30 |   6.1739637682372143e-05 |   6.1739637682372143e-05 | 1
 32, 31 |   1.0783534359614112e-04 |   1.0783534359614112e-04 | 1
 32, 32 |   4.3228654557460355e-04 |   4.3228654557460355e-04 | 1
 32, 33 |  -9.5987717101132645e-04 |  -9.5987717101132645e-04 | 1
 32, 34 |   1.2616087316745425e-04 |   1.2616087316745425e-04 | 1
 32, 35 |  -7.7185244804414987e-06 |  -7.7185244804414987e-06 | 1
 32, 36 |  -1.1980946096668960e-05 |  -1.1980946096668960e-05 | 1
 32, 37 |  -1.2697134442643583e-05 |  -1.2697134442643583e-05 | 1
 32, 38 |  -1.4168335209627897e-05 |  -1.4168335209627897e-05 | 1
 32, 39 |  -6.2236382664893336e-07 |  -6.2236382664893336e-07 | 1
 32, 40 |  -4.0165152429414623e-06 |  -4.0165152429414623e-06 | 1
 32, 41 |   1.8419893367069528e-05 |   1.8419893367069528e-05 | 1
 32, 42 |  -4.3193797222637836e-04 |  -4.3193797222637836e-04 | 1
 33,  1 |  -4.2195453874571483e-05 |  -4.2195453874571483e-05 | 1
 33,  2 |  -4.5236723331782249e-06 |  -4.5236723331782249e-06 | 1
 33,  3 |  -1.7183346474409250e-05 |  -1.7183346474409250e-05 | 1
 33,  4 |   1.4484735669156653e-04 |   1.4484735669156653e-04 | 1
 33,  5 |   5.5514605458278217e-05 |   5.5514605458278217e-05 | 1
 33,  6 |  -3.2710296901252518e-04 |  -3.2710296901252518e-04 | 1
 33,  7 |   4.6419118497297001e-05 |   4.6419118497297001e-05 | 1
 33,  8 |   2.6162461487118604e-05 |   2.6162461487118604e-05 | 1
 33,  9 |  -8.0518010673970216e-05 |  -8.0518010673970216e-05 | 1
 33, 10 |   3.4971489087588055e-04 |   3.4971489087588055e-04 | 1
 33, 11 |  -4.2134712088036774e-03 |  -4.2134712088036774e-03 | 1
 33, 12 |  -3.1936395573705224e-04 |  -3.1936395573705224e-04 | 1
 33, 13 |   1.1379586432715206e-03 |   1.1379586432715206e-03 | 1
 33, 14 |   8.2364174730312494e-04 |   8.2364174730312494e-04 | 1
 33, 15 |  -1.4655851231695351e-03 |  -1.4655851231695351e-03 | 1
 33, 16 |  -7.1855361429595951e-05 |  -7.1855361429595951e-05 | 1
 33, 17 |  -1.0031261728916454e-05 |  -1.0031261728916454e-05 | 1
 33, 18 |  -4.3602896598023328e-06 |  -4.3602896598023328e-06 | 1
 33, 19 |   8.1286956043451339e-04 |   8.1286956043451339e-04 | 1
 33, 20 |  -6.2104197154416504e-05 |  -6.2104197154416504e-05 | 1
 33, 21 |  -6.9366576879660818e-04 |  -6.9366576879660818e-04 | 1
 33, 22 |  -1.0604630372635497e-03 |  -1.0604630372635497e-03 | 1
 33, 23 |  -1.9115979837299778e-04 |  -1.9115979837299778e-04 | 1
 33, 24 |  -4.9621512540564609e-04 |  -4.9621512540564609e-04 | 1
 33, 25 |  -1.4478732950509417e-04 |  -1.4478732950509417e-04 | 1
 33, 26 |  -8.0220155044853056e-05 |  -8.0220155044853056e-05 | 1
 33, 27 |  -7.5550427840032804e-03 |  -7.5550427840032804e-03 | 1
 33, 28 |  -1.0150387518246212e-03 |  -1.0150387518246212e-03 | 1
 33, 29 |   1.3470468679983719e-04 |   1.3470468679983719e-04 | 1
 33, 30 |  -9.1388662011626231e-04 |  -9.1388662011626231e-04 | 1
 33, 31 |  -1.5180432201647987e-03 |  -1.5180432201647987e-03 | 1
 33, 32 |  -9.5987717101132645e-04 |  -9.5987717101132645e-04 | 1
 33, 33 |   7.3177911654436854e-03 |   7.3177911654436854e-03 | 1
 33, 34 |  -2.9908722761438082e-03 |  -2.9908722761438082e-03 | 1
 33, 35 |   2.4211397215635813e-05 |   2.4211397215635813e-05 | 1
 33, 36 |   2.7856116241255966e-05 |   2.7856116241255966e-05 | 1
 33, 37 |   1.6464685366502880e-05 |   1.6464685366502880e-05 | 1
 33, 38 |   2.0439020267538473e-05 |   2.0439020267538473e-05 | 1
 33, 39 |   1.8623449965720684e-06 |   1.8623449965720684e-06 | 1
 33, 40 |   2.8092127299508483e-06 |   2.8092127299508483e-06 | 1
 33, 41 |  -3.7324661220801369e-05 |  -3.7324661220801369e-05 | 1
 33, 42 |   9.6056742218080557e-04 |   9.6056742218080557e-04 | 1
 34,  1 |   6.8822893873079463e-05 |   6.8822893873079463e-05 | 1
 34,  2 |   5.6041662393991262e-05 |   5.6041662393991262e-05 | 1
 34,  3 |   3.7019347832576821e-05 |   3.7019347832576821e-05 | 1
 34,  4 |   3.7189031818079400e-05 |   3.7189031818079400e-05 | 1
 34,  5 |  -1.5205137275481242e-04 |  -1.5205137275481242e-04 | 1
 34,  6 |   1.0738796312948003e-04 |   1.0738796312948003e-04 | 1
 34,  7 |   9.4885877024893068e-05 |   9.4885877024893068e-05 | 1
 34,  8 |   8.6518290973651505e-05 |   8.6518290973651505e-05 | 1
 34,  9 |   6.9488987021561362e-05 |   6.9488987021561362e-05 | 1
 34, 10 |   2.0272338728971400e-04 |   2.0272338728971400e-04 | 1
 34, 11 |   2.1932524540360559e-03 |   2.1932524540360559e-03 | 1
 34, 12 |   2.4945896304546015e-04 |   2.4945896304546015e-04 | 1
 34, 13 |  -3.3036533099905932e-04 |  -3.3036533099905932e-04 | 1
 34, 14 |  -1.8694827264947324e-04 |  -1.8694827264947324e-04 | 1
 34, 15 |   2.3600344268529081e-03 |   2.3600344268529081e-03 | 1
 34, 16 |   1.9590687909948519e-04 |   1.9590687909948519e-04 | 1
 34, 17 |   7.6323703385655758e-05 |   7.6323703385655758e-05 | 1
 34, 18 |   4.4773471618065462e-06 |   4.4773471618065462e-06 | 1
 34, 19 |  -1.0087264022653190e-04 |  -1.0087264022653190e-04 | 1
 34, 20 |   1.3295313243645021e-04 |   1.3295313243645021e-04 | 1
 34, 21 |   2.3066435762127846e-04 |   2.3066435762127846e-04 | 1
 34, 22 |   5.8810555067826883e-04 |   5.8810555067826883e-04 | 1
 34, 23 |   6.0359126916815256e-05 |   6.0359126916815256e-05 | 1
 34, 24 |   3.9525607626766528e-04 |   3.9525607626766528e-04 | 1
 34, 25 |   1.8082476149682843e-04 |   1.8082476149682843e-04 | 1
 34, 26 |   4.9616558314038021e-05 |   4.9616558314038021e-05 | 1
 34, 27 |   3.5089940693740877e-03 |   3.5089940693740877e-03 | 1
 34, 28 |   6.0051719326081844e-04 |   6.0051719326081844e-04 | 1
 34, 29 |   9.4490262326274443e-05 |   9.4490262326274443e-05 | 1
 34, 30 |   5.2285282623613190e-04 |   5.2285282623613190e-04 | 1
 34, 31 |   8.1984406364405511e-04 |   8.1984406364405511e-04 | 1
 34, 32 |   1.2616087316745425e-04 |   1.2616087316745425e-04 | 1
 34, 33 |  -2.9908722761438082e-03 |  -2.9908722761438082e-03 | 1
 34, 34 |   2.3930699203968029e-03 |   2.3930699203968029e-03 | 1
 34, 35 |  -4.4555569805432814e-05 |  -4.4555569805432814e-05 | 1
 34, 36 |  -4.0977316948960930e-05 |  -4.0977316948960930e-05 | 1
 34, 37 |  -2.6439225840365738e-05 |  -2.6439225840365738e-05 | 1
 34, 38 |  -2.1243400887776313e-05 |  -2.1243400887776313e-05 | 1
 34, 39 |  -2.2955439954628052e-06 |  -2.2955439954628052e-06 | 1
 34, 40 |  -3.0829506163375495e-05 |  -3.0829506163375495e-05 | 1
 34, 41 |   6.5351103086741378e-05 |   6.5351103086741378e-05 | 1
 34, 42 |  -1.2848712031930217e-04 |  -1.2848712031930217e-04 | 1
 35,  1 |  -3.7861934517334721e-05 |  -3.7861934517334721e-05 | 1
 35,  2 |  -3.6259336152676651e-05 |  -3.6259336152676651e-05 | 1
 35,  3 |  -3.7017897286756501e-05 |  -3.7017897286756501e-05 | 1
 35,  4 |  -3.4863350114532203e-05 |  -3.4863350114532203e-05 | 1
 35,  5 |  -5.0446161448163050e-05 |  -5.0446161448163050e-05 | 1
 35,  6 |  -3.4943685155197667e-05 |  -3.4943685155197667e-05 | 1
 35,  7 |  -2.0180162886141492e-05 |  -2.0180162886141492e-05 | 1
 35,  8 |  -2.6502506006785678e-05 |  -2.6502506006785678e-05 | 1
 35,  9 |  -2.8440822994518813e-05 |  -2.8440822994518813e-05 | 1
 35, 10 |  -2.7297539925645049e-05 |  -2.7297539925645049e-05 | 1
 35, 11 |  -6.5585705116946307e-05 |  -6.5585705116946307e-05 | 1
 35, 12 |  -2.5670819914546857e-05 |  -2.5670819914546857e-05 | 1
 35, 13 |  -4.3757918759245964e-05 |  -4.3757918759245964e-05 | 1
 35, 14 |  -3.5980597469390142e-05 |  -3.5980597469390142e-05 | 1
 35, 15 |  -1.7490592023966569e-04 |  -1.7490592023966569e-04 | 1
 35, 16 |  -1.2610436499697335e-05 |  -1.2610436499697335e-05 | 1
 35, 17 |  -4.4644865204544553e-05 |  -4.4644865204544553e-05 | 1
 35, 18 |  -5.4694116420369759e-05 |  -5.4694116420369759e-05 | 1
 35, 19 |  -3.6106312462423946e-05 |  -3.6106312462423946e-05 | 1
 35, 20 |  -6.1847491992724182e-05 |  -6.1847491992724182e-05 | 1
 35, 21 |  -5.7836025675930640e-05 |  -5.7836025675930640e-05 | 1
 35, 22 |  -4.1452421551058596e-05 |  -4.1452421551058596e-05 | 1
 35, 23 |  -5.3426813890042628e-05 |  -5.3426813890042628e-05 | 1
 35, 24 |  -5.5257271142081020e-05 |  -5.5257271142081020e-05 | 1
 35, 25 |  -3.1704241402035656e-05 |  -3.1704241402035656e-05 | 1
 35, 26 |  -6.9453981343879640e-05 |  -6.9453981343879640e-05 | 1
 35, 27 |  -5.7455686516315595e-05 |  -5.7455686516315595e-05 | 1
 35, 28 |  -4.5489629187514506e-05 |  -4.5489629187514506e-05 | 1
 35, 29 |  -4.2655842501431810e-05 |  -4.2655842501431810e-05 | 1
 35, 30 |  -4.2982410904809232e-05 |  -4.2982410904809232e-05 | 1
 35, 31 |  -2.7204987690626286e-05 |  -2.7204987690626286e-05 | 1
 35, 32 |  -7.7185244804414987e-06 |  -7.7185244804414987e-06 | 1
 35, 33 |   2.4211397215635813e-05 |   2.4211397215635813e-05 | 1
 35, 34 |  -4.4555569805432814e-05 |  -4.4555569805432814e-05 | 1
 35, 35 |   7.1577983562937553e-05 |   7.1577983562937553e-05 | 1
 35, 36 |   5.8960038100707368e-05 |   5.8960038100707368e-05 | 1
 35, 37 |   6.2153907806420422e-05 |   6.2153907806420422e-05 | 1
 35, 38 |   6.7166556311607715e-05 |   6.7166556311607715e-05 | 1
 35, 39 |  -9.4935434706759265e-07 |  -9.4935434706759265e-07 | 1
 35, 40 |  -2.4223724888561572e-06 |  -2.4223724888561572e-06 | 1
 35, 41 |  -5.2247209560210754e-05 |  -5.2247209560210754e-05 | 1
 35, 42 |   7.6752156801407802e-06 |   7.6752156801407802e-06 | 1
 36,  1 |  -3.6421289465617697e-05 |  -3.6421289465617697e-05 | 1
 36,  2 |  -3.5658609663870721e-05 |  -3.5658609663870721e-05 | 1
 36,  3 |  -3.6369026869944519e-05 |  -3.6369026869944519e-05 | 1
 36,  4 |  -3.2064659642815207e-05 |  -3.2064659642815207e-05 | 1
 36,  5 |  -3.0520818005264950e-05 |  -3.0520818005264950e-05 | 1
 36,  6 |  -2.2389054335106718e-05 |  -2.2389054335106718e-05 | 1
 36,  7 |  -2.4648884366395550e-05 |  -2.4648884366395550e-05 | 1
 36,  8 |  -1.7734453467018069e-05 |  -1.7734453467018069e-05 | 1
 36,  9 |  -3.1844060042012122e-05 |  -3.1844060042012122e-05 | 1
 36, 10 |  -1.2521459749971133e-05 |  -1.2521459749971133e-05 | 1
 36, 11 |  -4.8142787262328516e-05 |  -4.8142787262328516e-05 | 1
 36, 12 |  -3.0133260142440065e-05 |  -3.0133260142440065e-05 | 1
 36, 13 |  -4.2896756894138013e-05 |  -4.2896756894138013e-05 | 1
 36, 14 |  -3.7416241809782601e-05 |  -3.7416241809782601e-05 | 1
 36, 15 |  -1.5323193395497324e-04 |  -1.5323193395497324e-04 | 1
 36, 16 |  -1.0131512385472482e-05 |  -1.0131512385472482e-05 | 1
 36, 17 |  -4.7462341772168035e-05 |  -4.7462341772168035e-05 | 1
 36, 18 |  -5.7539088767156961e-05 |  -5.7539088767156961e-05 | 1
 36, 19 |  -3.0058636678610033e-05 |  -3.0058636678610033e-05 | 1
 36, 20 |  -5.7902228186777757e-05 |  -5.7902228186777757e-05 | 1
 36, 21 |  -5.0146125847851580e-05 |  -5.0146125847851580e-05 | 1
 36, 22 |  -2.8766115760816106e-05 |  -2.8766115760816106e-05 | 1
 36, 23 |  -3.5915519881186790e-05 |  -3.5915519881186790e-05 | 1
 36, 24 |  -4.0811318499993428e-05 |  -4.0811318499993428e-05 | 1
 36, 25 |  -3.4816648630486026e-05 |  -3.4816648630486026e-05 | 1
 36, 26 |  -7.3797163372412941e-05 |  -7.3797163372412941e-05 | 1
 36, 27 |  -4.5955468664640648e-05 |  -4.5955468664640648e-05 | 1
 36, 28 |  -5.6784376240316250e-05 |  -5.6784376240316250e-05 | 1
 36, 29 |  -4.8457434238031777e-05 |  -4.8457434238031777e-05 | 1
 36, 30 |  -4.3637595275368517e-05 |  -4.3637595275368517e-05 | 1
 36, 31 |  -3.4968325679899039e-05 |  -3.4968325679899039e-05 | 1
 36, 32 |  -1.1980946096668960e-05 |  -1.1980946096668960e-05 | 1
 36, 33 |   2.7856116241255966e-05 |   2.7856116241255966e-05 | 1
 36, 34 |  -4.0977316948960930e-05 |  -4.0977316948960930e-05 | 1
 36, 35 |   5.8960038100707368e-05 |   5.8960038100707368e-05 | 1
 36, 36 |   8.0177761619729308e-05 |   8.0177761619729308e-05 | 1
 36, 37 |   7.4865876421272438e-05 |   7.4865876421272438e-05 | 1
 36, 38 |   8.2692568708392960e-05 |   8.2692568708392960e-05 | 1
 36, 39 |  -1.5438632731562126e-06 |  -1.5438632731562126e-06 | 1
 36, 40 |  -4.3953383862588577e-06 |  -4.3953383862588577e-06 | 1
 36, 41 |  -5.7157323812963668e-05 |  -5.7157323812963668e-05 | 1
 36, 42 |   1.1337089120874173e-05 |   1.1337089120874173e-05 | 1
 37,  1 |  -2.4849425259552594e-05 |  -2.4849425259552594e-05 | 1
 37,  2 |  -2.5454470103368583e-05 |  -2.5454470103368583e-05 | 1
 37,  3 |  -2.9352466959169329e-05 |  -2.9352466959169329e-05 | 1
 37,  4 |  -1.8390619843999084e-05 |  -1.8390619843999084e-05 | 1
 37,  5 |  -3.7528407748144037e-05 |  -3.7528407748144037e-05 | 1
 37,  6 |  -2.5432955223245774e-05 |  -2.5432955223245774e-05 | 1
 37,  7 |  -8.2335734492914945e-06 |  -8.2335734492914945e-06 | 1
 37,  8 |  -1.0348522591599823e-05 |  -1.0348522591599823e-05 | 1
 37,  9 |  -2.6421282351727021e-05 |  -2.6421282351727021e-05 | 1
 37, 10 |  -3.9994641746164429e-06 |  -3.9994641746164429e-06 | 1
 37, 11 |  -2.8019482198438585e-05 |  -2.8019482198438585e-05 | 1
 37, 12 |  -2.1753062489230689e-05 |  -2.1753062489230689e-05 | 1
 37, 13 |  -4.1789833812439093e-05 |  -4.1789833812439093e-05 | 1
 37, 14 |  -3.4121263820872016e-05 |  -3.4121263820872016e-05 | 1
 37, 15 |  -1.2891695906203294e-04 |  -1.2891695906203294e-04 | 1
 37, 16 |  -1.5136648179172599e-07 |  -1.5136648179172599e-07 | 1
 37, 17 |  -3.8152308724774962e-05 |  -3.8152308724774962e-05 | 1
 37, 18 |  -4.4078531222709410e-05 |  -4.4078531222709410e-05 | 1
 37, 19 |  -1.9199549093464359e-05 |  -1.9199549093464359e-05 | 1
 37, 20 |  -4.4186731097002043e-05 |  -4.4186731097002043e-05 | 1
 37, 21 |  -5.3746334250776170e-05 |  -5.3746334250776170e-05 | 1
 37, 22 |  -2.2507135650685082e-05 |  -2.2507135650685082e-05 | 1
 37, 23 |  -3.0135673694378809e-05 |  -3.0135673694378809e-05 | 1
 37, 24 |  -3.5479670874113902e-05 |  -3.5479670874113902e-05 | 1
 37, 25 |  -2.7902436052884662e-05 |  -2.7902436052884662e-05 | 1
 37, 26 |  -7.2750442723965730e-05 |  -7.2750442723965730e-05 | 1
 37, 27 |  -3.5249853863569640e-05 |  -3.5249853863569640e-05 | 1
 37, 28 |  -4.2090407309057018e-05 |  -4.2090407309057018e-05 | 1
 37, 29 |  -4.4373292464825588e-05 |  -4.4373292464825588e-05 | 1
 37, 30 |  -4.6356261803539773e-05 |  -4.6356261803539773e-05 | 1
 37, 31 |  -2.0657139396097952e-05 |  -2.0657139396097952e-05 | 1
 37, 32 |  -1.2697134442643583e-05 |  -1.2697134442643583e-05 | 1
 37, 33 |   1.6464685366502880e-05 |   1.6464685366502880e-05 | 1
 37, 34 |  -2.6439225840365738e-05 |  -2.6439225840365738e-05 | 1
 37, 35 |   6.2153907806420422e-05 |   6.2153907806420422e-05 | 1
 37, 36 |   7.4865876421272438e-05 |   7.4865876421272438e-05 | 1
 37, 37 |   1.0913887505648562e-04 |   1.0913887505648562e-04 | 1
 37, 38 |   1.1478635303297248e-04 |   1.1478635303297248e-04 | 1
 37, 39 |  -3.2705828559938990e-06 |  -3.2705828559938990e-06 | 1
 37, 40 |  -1.0209524736137168e-05 |  -1.0209524736137168e-05 | 1
 37, 41 |  -5.7174897724494255e-05 |  -5.7174897724494255e-05 | 1
 37, 42 |   8.9654897301586202e-06 |   8.9654897301586202e-06 | 1
 38,  1 |  -1.2957201792076529e-05 |  -1.2957201792076529e-05 | 1
 38,  2 |  -1.1123600391716063e-05 |  -1.1123600391716063e-05 | 1
 38,  3 |  -2.9254410534440422e-05 |  -2.9254410534440422e-05 | 1
 38,  4 |  -6.3181873919935108e-06 |  -6.3181873919935108e-06 | 1
 38,  5 |  -2.5159870009444049e-05 |  -2.5159870009444049e-05 | 1
 38,  6 |  -1.5255303322653512e-05 |  -1.5255303322653512e-05 | 1
 38,  7 |  -3.5419305531886860e-06 |  -3.5419305531886860e-06 | 1
 38,  8 |  -2.6375506127770646e-06 |  -2.6375506127770646e-06 | 1
 38,  9 |  -1.1862853190832579e-05 |  -1.1862853190832579e-05 | 1
 38, 10 |  -7.8108127158456526e-06 |  -7.8108127158456526e-06 | 1
 38, 11 |   2.7015912410805414e-06 |   2.7015912410805414e-06 | 1
 38, 12 |  -2.4026158059897033e-05 |  -2.4026158059897033e-05 | 1
 38, 13 |  -3.9627034128546416e-05 |  -3.9627034128546416e-05 | 1
 38, 14 |  -1.4678940657960645e-05 |  -1.4678940657960645e-05 | 1
 38, 15 |  -4.4956184135115820e-05 |  -4.4956184135115820e-05 | 1
 38, 16 |   1.1518941640160733e-05 |   1.1518941640160733e-05 | 1
 38, 17 |  -2.5480669472647017e-05 |  -2.5480669472647017e-05 | 1
 38, 18 |  -1.8290149095795900e-05 |  -1.8290149095795900e-05 | 1
 38, 19 |   5.4196564855546748e-06 |   5.4196564855546748e-06 | 1
 38, 20 |  -3.6533045122997526e-05 |  -3.6533045122997526e-05 | 1
 38, 21 |  -3.8591471801199261e-05 |  -3.8591471801199261e-05 | 1
 38, 22 |  -1.3539874432647605e-05 |  -1.3539874432647605e-05 | 1
 38, 23 |  -3.2827810962957217e-05 |  -3.2827810962957217e-05 | 1
 38, 24 |  -2.9038101394032858e-05 |  -2.9038101394032858e-05 | 1
 38, 25 |  -1.7663204499285554e-05 |  -1.7663204499285554e-05 | 1
 38, 26 |  -5.3391031959729118e-05 |  -5.3391031959729118e-05 | 1
 38, 27 |  -2.8863071319878305e-05 |  -2.8863071319878305e-05 | 1
 38, 28 |  -3.5166429034917966e-05 |  -3.5166429034917966e-05 | 1
 38, 29 |  -3.6148844295995605e-05 |  -3.6148844295995605e-05 | 1
 38, 30 |  -2.8951086768284866e-05 |  -2.8951086768284866e-05 | 1
 38, 31 |  -1.9128789642723097e-05 |  -1.9128789642723097e-05 | 1
 38, 32 |  -1.4168335209627897e-05 |  -1.4168335209627897e-05 | 1
 38, 33 |   2.0439020267538473e-05 |   2.0439020267538473e-05 | 1
 38, 34 |  -2.1243400887776313e-05 |  -2.1243400887776313e-05 | 1
 38, 35 |   6.7166556311607715e-05 |   6.7166556311607715e-05 | 1
 38, 36 |   8.2692568708392960e-05 |   8.2692568708392960e-05 | 1
 38, 37 |   1.1478635303297248e-04 |   1.1478635303297248e-04 | 1
 38, 38 |   1.6494509933565507e-04 |   1.6494509933565507e-04 | 1
 38, 39 |  -5.1642723431568120e-06 |  -5.1642723431568120e-06 | 1
 38, 40 |  -1.6298874444552099e-05 |  -1.6298874444552099e-05 | 1
 38, 41 |  -5.2877221640341689e-05 |  -5.2877221640341689e-05 | 1
 38, 42 |   5.6689876896385324e-06 |   5.6689876896385324e-06 | 1
 39,  1 |  -3.0737333563335228e-06 |  -3.0737333563335228e-06 | 1
 39,  2 |  -2.4666423825271611e-06 |  -2.4666423825271611e-06 | 1
 39,  3 |  -1.2318718272258401e-06 |  -1.2318718272258401e-06 | 1
 39,  4 |  -2.5263313701028098e-06 |  -2.5263313701028098e-06 | 1
 39,  5 |  -3.7480236156584463e-06 |  -3.7480236156584463e-06 | 1
 39,  6 |  -2.0524507220037274e-06 |  -2.0524507220037274e-06 | 1
 39,  7 |  -2.6784544819808271e-06 |  -2.6784544819808271e-06 | 1
 39,  8 |  -2.1158957994153829e-06 |  -2.1158957994153829e-06 | 1
 39,  9 |  -2.5671302364693379e-06 |  -2.5671302364693379e-06 | 1
 39, 10 |  -1.9885704074148308e-06 |  -1.9885704074148308e-06 | 1
 39, 11 |  -5.4053919445746639e-06 |  -5.4053919445746639e-06 | 1
 39, 12 |  -1.0402119834215890e-06 |  -1.0402119834215890e-06 | 1
 39, 13 |  -9.6332807578095637e-07 |  -9.6332807578095637e-07 | 1
 39, 14 |  -1.9392638874693030e-06 |  -1.9392638874693030e-06 | 1
 39, 15 |  -1.7666841835003810e-06 |  -1.7666841835003810e-06 | 1
 39, 16 |  -2.2030204593540201e-06 |  -2.2030204593540201e-06 | 1
 39, 17 |  -2.9831966462840580e-06 |  -2.9831966462840580e-06 | 1
 39, 18 |  -3.6242395386031646e-06 |  -3.6242395386031646e-06 | 1
 39, 19 |  -3.3644327643159155e-06 |  -3.3644327643159155e-06 | 1
 39, 20 |  -2.1044816366944436e-06 |  -2.1044816366944436e-06 | 1
 39, 21 |  -3.6684990196093856e-06 |  -3.6684990196093856e-06 | 1
 39, 22 |  -2.2642262855284967e-06 |  -2.2642262855284967e-06 | 1
 39, 23 |  -2.0005995792867730e-06 |  -2.0005995792867730e-06 | 1
 39, 24 |  -2.0240328823142036e-06 |  -2.0240328823142036e-06 | 1
 39, 25 |  -2.5785503467164720e-06 |  -2.5785503467164720e-06 | 1
 39, 26 |  -1.9319048247422073e-06 |  -1.9319048247422073e-06 | 1
 39, 27 |  -2.7236704855932427e-06 |  -2.7236704855932427e-06 | 1
 39, 28 |  -1.8642623335628711e-06 |  -1.8642623335628711e-06 | 1
 39, 29 |  -1.9818503212665428e-06 |  -1.9818503212665428e-06 | 1
 39, 30 |  -2.0935454851235941e-06 |  -2.0935454851235941e-06 | 1
 39, 31 |  -3.3145113407300774e-06 |  -3.3145113407300774e-06 | 1
 39, 32 |  -6.2236382664893336e-07 |  -6.2236382664893336e-07 | 1
 39, 33 |   1.8623449965720684e-06 |   1.8623449965720684e-06 | 1
 39, 34 |  -2.2955439954628052e-06 |  -2.2955439954628052e-06 | 1
 39, 35 |  -9.4935434706759265e-07 |  -9.4935434706759265e-07 | 1
 39, 36 |  -1.5438632731562126e-06 |  -1.5438632731562126e-06 | 1
 39, 37 |  -3.2705828559938990e-06 |  -3.2705828559938990e-06 | 1
 39, 38 |  -5.1642723431568120e-06 |  -5.1642723431568120e-06 | 1
 39, 39 |   3.7243470101901961e-07 |   3.7243470101901961e-07 | 1
 39, 40 |   1.2342289602893556e-06 |   1.2342289602893556e-06 | 1
 39, 41 |  -9.6474303661970550e-07 |  -9.6474303661970550e-07 | 1
 39, 42 |   1.0046861229436453e-06 |   1.0046861229436453e-06 | 1
 40,  1 |  -3.3517141818767841e-05 |  -3.3517141818767841e-05 | 1
 40,  2 |  -2.8038170297928332e-05 |  -2.8038170297928332e-05 | 1
 40,  3 |  -1.9327402703873577e-05 |  -1.9327402703873577e-05 | 1
 40,  4 |  -3.2453429593989169e-05 |  -3.2453429593989169e-05 | 1
 40,  5 |  -5.7318125810745688e-05 |  -5.7318125810745688e-05 | 1
 40,  6 |  -2.4820656755556883e-05 |  -2.4820656755556883e-05 | 1
 40,  7 |  -4.4901275322728411e-05 |  -4.4901275322728411e-05 | 1
 40,  8 |  -3.0706932565766174e-05 |  -3.0706932565766174e-05 | 1
 40,  9 |  -3.7743780150713170e-05 |  -3.7743780150713170e-05 | 1
 40, 10 |  -3.6919628766030415e-05 |  -3.6919628766030415e-05 | 1
 40, 11 |  -7.5527219400617259e-05 |  -7.5527219400617259e-05 | 1
 40, 12 |  -6.0095947883631698e-06 |  -6.0095947883631698e-06 | 1
 40, 13 |  -2.1048095345020577e-05 |  -2.1048095345020577e-05 | 1
 40, 14 |  -4.4573499077832875e-05 |  -4.4573499077832875e-05 | 1
 40, 15 |  -6.0983273025069846e-07 |  -6.0983273025069846e-07 | 1
 40, 16 |  -4.0950144592711359e-05 |  -4.0950144592711359e-05 | 1
 40, 17 |  -3.8019652726051740e-05 |  -3.8019652726051740e-05 | 1
 40, 18 |  -1.8488308818298492e-05 |  -1.8488308818298492e-05 | 1
 40, 19 |  -3.1625688914503077e-05 |  -3.1625688914503077e-05 | 1
 40, 20 |  -3.6700010830695943e-05 |  -3.6700010830695943e-05 | 1
 40, 21 |  -3.5963290303473868e-05 |  -3.5963290303473868e-05 | 1
 40, 22 |  -3.8293532687985072e-05 |  -3.8293532687985072e-05 | 1
 40, 23 |  -3.1507726715099733e-05 |  -3.1507726715099733e-05 | 1
 40, 24 |  -3.5774711387315226e-05 |  -3.5774711387315226e-05 | 1
 40, 25 |  -2.8259726478643927e-05 |  -2.8259726478643927e-05 | 1
 40, 26 |  -1.6966460524730919e-05 |  -1.6966460524730919e-05 | 1
 40, 27 |  -1.6822961871444882e-05 |  -1.6822961871444882e-05 | 1
 40, 28 |  -3.3849374025382200e-05 |  -3.3849374025382200e-05 | 1
 40, 29 |  -2.9536338668830633e-05 |  -2.9536338668830633e-05 | 1
 40, 30 |  -3.4275078760428646e-05 |  -3.4275078760428646e-05 | 1
 40, 31 |  -4.1514405475025107e-05 |  -4.1514405475025107e-05 | 1
 40, 32 |  -4.0165152429414623e-06 |  -4.0165152429414623e-06 | 1
 40, 33 |   2.8092127299508483e-06 |   2.8092127299508483e-06 | 1
 40, 34 |  -3.0829506163375495e-05 |  -3.0829506163375495e-05 | 1
 40, 35 |  -2.4223724888561572e-06 |  -2.4223724888561572e-06 | 1
 40, 36 |  -4.3953383862588577e-06 |  -4.3953383862588577e-06 | 1
 40, 37 |  -1.0209524736137168e-05 |  -1.0209524736137168e-05 | 1
 40, 38 |  -1.6298874444552099e-05 |  -1.6298874444552099e-05 | 1
 40, 39 |   1.2342289602893556e-06 |   1.2342289602893556e-06 | 1
 40, 40 |   5.3202504826579509e-05 |   5.3202504826579509e-05 | 1
 40, 41 |  -2.9436570843007833e-05 |  -2.9436570843007833e-05 | 1
 40, 42 |   5.1206762494275362e-06 |   5.1206762494275362e-06 | 1
 41,  1 |   6.8543662315795020e-05 |   6.8543662315795020e-05 | 1
 41,  2 |   6.0297282830743074e-05 |   6.0297282830743074e-05 | 1
 41,  3 |   5.0267591524406563e-05 |   5.0267591524406563e-05 | 1
 41,  4 |   5.8687222272714966e-05 |   5.8687222272714966e-05 | 1
 41,  5 |   9.3300978855775886e-05 |   9.3300978855775886e-05 | 1
 41,  6 |   5.2399830316219871e-05 |   5.2399830316219871e-05 | 1
 41,  7 |   5.7780324527044376e-05 |   5.7780324527044376e-05 | 1
 41,  8 |   4.6057010859675907e-05 |   4.6057010859675907e-05 | 1
 41,  9 |   6.3765479343562534e-05 |   6.3765479343562534e-05 | 1
 41, 10 |   4.5668206215516773e-05 |   4.5668206215516773e-05 | 1
 41, 11 |   1.1510293042334084e-04 |   1.1510293042334084e-04 | 1
 41, 12 |   3.5213197889895906e-05 |   3.5213197889895906e-05 | 1
 41, 13 |   5.7916361292213614e-05 |   5.7916361292213614e-05 | 1
 41, 14 |   6.7966934969739671e-05 |   6.7966934969739671e-05 | 1
 41, 15 |   1.3574942292568710e-04 |   1.3574942292568710e-04 | 1
 41, 16 |   4.1195288864005701e-05 |   4.1195288864005701e-05 | 1
 41, 17 |   8.0857271887536345e-05 |   8.0857271887536345e-05 | 1
 41, 18 |   8.1293242676079179e-05 |   8.1293242676079179e-05 | 1
 41, 19 |   6.2157632406761230e-05 |   6.2157632406761230e-05 | 1
 41, 20 |   8.2786672389389341e-05 |   8.2786672389389341e-05 | 1
 41, 21 |   9.5922634840311553e-05 |   9.5922634840311553e-05 | 1
 41, 22 |   6.3553758867906983e-05 |   6.3553758867906983e-05 | 1
 41, 23 |   6.6966355774242080e-05 |   6.6966355774242080e-05 | 1
 41, 24 |   7.1907938783882813e-05 |   7.1907938783882813e-05 | 1
 41, 25 |   6.2391269324620446e-05 |   6.2391269324620446e-05 | 1
 41, 26 |   8.9242375803581515e-05 |   8.9242375803581515e-05 | 1
 41, 27 |   6.9769704093426482e-05 |   6.9769704093426482e-05 | 1
 41, 28 |   7.5401951853622728e-05 |   7.5401951853622728e-05 | 1
 41, 29 |   7.2534244912096836e-05 |   7.2534244912096836e-05 | 1
 41, 30 |   7.4382965457564108e-05 |   7.4382965457564108e-05 | 1
 41, 31 |   7.2503935463299210e-05 |   7.2503935463299210e-05 | 1
 41, 32 |   1.8419893367069528e-05 |   1.8419893367069528e-05 | 1
 41, 33 |  -3.7324661220801369e-05 |  -3.7324661220801369e-05 | 1
 41, 34 |   6.5351103086741378e-05 |   6.5351103086741378e-05 | 1
 41, 35 |  -5.2247209560210754e-05 |  -5.2247209560210754e-05 | 1
 41, 36 |  -5.7157323812963668e-05 |  -5.7157323812963668e-05 | 1
 41, 37 |  -5.7174897724494255e-05 |  -5.7174897724494255e-05 | 1
 41, 38 |  -5.2877221640341689e-05 |  -5.2877221640341689e-05 | 1
 41, 39 |  -9.6474303661970550e-07 |  -9.6474303661970550e-07 | 1
 41, 40 |  -2.9436570843007833e-05 |  -2.9436570843007833e-05 | 1
 41, 41 |   9.8011357974794861e-05 |   9.8011357974794861e-05 | 1
 41, 42 |  -3.9462315287998870e-05 |  -3.9462315287998870e-05 | 1
 42,  1 |  -2.1607918080218397e-05 |  -2.1607918080218397e-05 | 1
 42,  2 |   3.5398073710594453e-04 |   3.5398073710594453e-04 | 1
 42,  3 |  -1.5522367179183994e-05 |  -1.5522367179183994e-05 | 1
 42,  4 |   4.0602282304475574e-05 |   4.0602282304475574e-05 | 1
 42,  5 |  -1.5471388664180957e-04 |  -1.5471388664180957e-04 | 1
 42,  6 |  -9.9536275461172403e-05 |  -9.9536275461172403e-05 | 1
 42,  7 |   3.9987378721259589e-05 |   3.9987378721259589e-05 | 1
 42,  8 |   3.4662846301362277e-05 |   3.4662846301362277e-05 | 1
 42,  9 |  -3.1919081618133181e-05 |  -3.1919081618133181e-05 | 1
 42, 10 |   2.5068801738694279e-04 |   2.5068801738694279e-04 | 1
 42, 11 |  -2.9830855563320660e-04 |  -2.9830855563320660e-04 | 1
 42, 12 |   1.8550849256541837e-05 |   1.8550849256541837e-05 | 1
 42, 13 |   2.0103943609342084e-04 |   2.0103943609342084e-04 | 1
 42, 14 |   1.6056133885112184e-04 |   1.6056133885112184e-04 | 1
 42, 15 |   9.5631039315290382e-04 |   9.5631039315290382e-04 | 1
 42, 16 |   7.3010650373823218e-05 |   7.3010650373823218e-05 | 1
 42, 17 |  -1.0245131780475605e-05 |  -1.0245131780475605e-05 | 1
 42, 18 |  -5.9174187157222228e-05 |  -5.9174187157222228e-05 | 1
 42, 19 |   2.1612531248213764e-04 |   2.1612531248213764e-04 | 1
 42, 20 |   8.1537009731415735e-06 |   8.1537009731415735e-06 | 1
 42, 21 |  -1.9489900279760314e-04 |  -1.9489900279760314e-04 | 1
 42, 22 |  -7.4314682201980935e-05 |  -7.4314682201980935e-05 | 1
 42, 23 |  -8.4302646298356026e-05 |  -8.4302646298356026e-05 | 1
 42, 24 |   1.9049697236561686e-05 |   1.9049697236561686e-05 | 1
 42, 25 |   2.0379429409272221e-05 |   2.0379429409272221e-05 | 1
 42, 26 |  -5.7403647453181000e-05 |  -5.7403647453181000e-05 | 1
 42, 27 |  -7.1953946350439995e-04 |  -7.1953946350439995e-04 | 1
 42, 28 |  -5.2194650024704238e-05 |  -5.2194650024704238e-05 | 1
 42, 29 |   7.1603581218054207e-05 |   7.1603581218054207e-05 | 1
 42, 30 |  -6.3631526476933353e-05 |  -6.3631526476933353e-05 | 1
 42, 31 |  -1.0933008463966050e-04 |  -1.0933008463966050e-04 | 1
 42, 32 |  -4.3193797222637836e-04 |  -4.3193797222637836e-04 | 1
 42, 33 |   9.6056742218080557e-04 |   9.6056742218080557e-04 | 1
 42, 34 |  -1.2848712031930217e-04 |  -1.2848712031930217e-04 | 1
 42, 35 |   7.6752156801407802e-06 |   7.6752156801407802e-06 | 1
 42, 36 |   1.1337089120874173e-05 |   1.1337089120874173e-05 | 1
 42, 37 |   8.9654897301586202e-06 |   8.9654897301586202e-06 | 1
 42, 38 |   5.6689876896385324e-06 |   5.6689876896385324e-06 | 1
 42, 39 |   1.0046861229436453e-06 |   1.0046861229436453e-06 | 1
 42, 40 |   5.1206762494275362e-06 |   5.1206762494275362e-06 | 1
 42, 41 |  -3.9462315287998870e-05 |  -3.9462315287998870e-05 | 1
 42, 42 |   4.8155814388318156e-04 |   4.8155814388318156e-04 | 1
