row,col | V_base                   | V_new                    | equal
  1,  1 |   3.8140349420457125e-04 |   3.8140349420457125e-04 | 1
  1,  2 |   1.8104526981077947e-04 |   1.8104526981077947e-04 | 1
  1,  3 |   1.6944505668067025e-04 |   1.6944505668067025e-04 | 1
  1,  4 |   1.6960072973455702e-04 |   1.6960072973455702e-04 | 1
  1,  5 |   2.1706565325251931e-04 |   2.1706565325251931e-04 | 1
  1,  6 |   1.7202491463618602e-04 |   1.7202491463618602e-04 | 1
  1,  7 |   1.3236450482021031e-04 |   1.3236450482021031e-04 | 1
  1,  8 |   1.6714356736665222e-04 |   1.6714356736665222e-04 | 1
  1,  9 |   1.6050642056910009e-04 |   1.6050642056910009e-04 | 1
  1, 10 |   1.8695955478844321e-04 |   1.8695955478844321e-04 | 1
  1, 11 |   2.9983487943433039e-04 |   2.9983487943433039e-04 | 1
  1, 12 |   1.5000973950586929e-04 |   1.5000973950586929e-04 | 1
  1, 13 |   1.6587958366727468e-04 |   1.6587958366727468e-04 | 1
  1, 14 |   1.9047294004236553e-04 |   1.9047294004236553e-04 | 1
  1, 15 |   1.9335908731312991e-04 |   1.9335908731312991e-04 | 1
  1, 16 |   1.7372126820448607e-04 |   1.7372126820448607e-04 | 1
  1, 17 |   1.8657626944776145e-04 |   1.8657626944776145e-04 | 1
  1, 18 |   1.8339633614510459e-04 |   1.8339633614510459e-04 | 1
  1, 19 |   2.0457145815710391e-04 |   2.0457145815710391e-04 | 1
  1, 20 |   1.8642304349356570e-04 |   1.8642304349356570e-04 | 1
  1, 21 |   1.7317428495684700e-04 |   1.7317428495684700e-04 | 1
  1, 22 |   1.3698591180287306e-04 |   1.3698591180287306e-04 | 1
  1, 23 |   1.9711795755800399e-04 |   1.9711795755800399e-04 | 1
  1, 24 |   1.9311504514058880e-04 |   1.9311504514058880e-04 | 1
  1, 25 |   1.7817621020336730e-04 |   1.7817621020336730e-04 | 1
  1, 26 |   2.2123708398605584e-04 |   2.2123708398605584e-04 | 1
  1, 27 |   2.0355036087414325e-04 |   2.0355036087414325e-04 | 1
  1, 28 |   2.0407350135424754e-04 |   2.0407350135424754e-04 | 1
  1, 29 |   2.0161880172644449e-04 |   2.0161880172644449e-04 | 1
  1, 30 |   1.9953568324904928e-04 |   1.9953568324904928e-04 | 1
  1, 31 |   2.0334163402131630e-04 |   2.0334163402131630e-04 | 1
  1, 32 |   1.4729411993841191e-05 |   1.4729411993841191e-05 | 1
  1, 33 |  -6.0152888965188723e-05 |  -6.0152888965188723e-05 | 1
  1, 34 |   2.1116239880606519e-04 |   2.1116239880606519e-04 | 1
  1, 35 |  -3.4792147948805864e-05 |  -3.4792147948805864e-05 | 1
  1, 36 |  -3.3549874937550484e-05 |  -3.3549874937550484e-05 | 1
  1, 37 |  -2.4549436401336026e-05 |  -2.4549436401336026e-05 | 1
  1, 38 |  -1.7838263992978192e-05 |  -1.7838263992978192e-05 | 1
  1, 39 |  -2.9889633311850165e-05 |  -2.9889633311850165e-05 | 1
  1, 40 |  -2.3500286005165085e-08 |  -2.3500286005165085e-08 | 1
  1, 41 |  -2.5081331197501562e-05 |  -2.5081331197501562e-05 | 1
  1, 42 |   1.1552128103010288e-06 |   1.1552128103010288e-06 | 1
  1, 43 |   1.7543518402334196e-04 |   1.7543518402334196e-04 | 1
  1, 44 |  -1.7743524520440779e-06 |  -1.7743524520440779e-06 | 1
  2,  1 |   1.8104526981077947e-04 |   1.8104526981077947e-04 | 1
  2,  2 |   1.2151295273177853e-03 |   1.2151295273177853e-03 | 1
  2,  3 |   1.8259705165493277e-04 |   1.8259705165493277e-04 | 1
  2,  4 |   1.8045225554720639e-04 |   1.8045225554720639e-04 | 1
  2,  5 |   2.2720527804827575e-04 |   2.2720527804827575e-04 | 1
  2,  6 |   1.8947694116975162e-04 |   1.8947694116975162e-04 | 1
  2,  7 |   1.4013330406904010e-04 |   1.4013330406904010e-04 | 1
  2,  8 |   1.7949759848886866e-04 |   1.7949759848886866e-04 | 1
  2,  9 |   1.7089312802813272e-04 |   1.7089312802813272e-04 | 1
  2, 10 |   1.9458929312000698e-04 |   1.9458929312000698e-04 | 1
  2, 11 |   3.3709525229366180e-04 |   3.3709525229366180e-04 | 1
  2, 12 |   1.6461063286517865e-04 |   1.6461063286517865e-04 | 1
  2, 13 |   1.7252216346025628e-04 |   1.7252216346025628e-04 | 1
  2, 14 |   2.0108393873353737e-04 |   2.0108393873353737e-04 | 1
  2, 15 |   1.9542014079921958e-04 |   1.9542014079921958e-04 | 1
  2, 16 |   1.8489951696474329e-04 |   1.8489951696474329e-04 | 1
  2, 17 |   1.9460080030625927e-04 |   1.9460080030625927e-04 | 1
  2, 18 |   1.9705830974459936e-04 |   1.9705830974459936e-04 | 1
  2, 19 |   2.1539558463783349e-04 |   2.1539558463783349e-04 | 1
  2, 20 |   2.0010327632946249e-04 |   2.0010327632946249e-04 | 1
  2, 21 |   1.8246621353169607e-04 |   1.8246621353169607e-04 | 1
  2, 22 |   1.4676442589092509e-04 |   1.4676442589092509e-04 | 1
  2, 23 |   2.0980525806002146e-04 |   2.0980525806002146e-04 | 1
  2, 24 |   2.0450074476625733e-04 |   2.0450074476625733e-04 | 1
  2, 25 |   1.8615784702896772e-04 |   1.8615784702896772e-04 | 1
  2, 26 |   2.3371864607573452e-04 |   2.3371864607573452e-04 | 1
  2, 27 |   2.2367127935794042e-04 |   2.2367127935794042e-04 | 1
  2, 28 |   2.1631105759135948e-04 |   2.1631105759135948e-04 | 1
  2, 29 |   2.1012828753021683e-04 |   2.1012828753021683e-04 | 1
  2, 30 |   2.1408359050670820e-04 |   2.1408359050670820e-04 | 1
  2, 31 |   2.1153712548808306e-04 |   2.1153712548808306e-04 | 1
  2, 32 |  -4.8095591378370943e-04 |  -4.8095591378370943e-04 | 1
  2, 33 |  -8.2859248524576895e-05 |  -8.2859248524576895e-05 | 1
  2, 34 |   2.2426517039815646e-04 |   2.2426517039815646e-04 | 1
  2, 35 |  -3.2913757758362610e-05 |  -3.2913757758362610e-05 | 1
  2, 36 |  -3.0944004823880662e-05 |  -3.0944004823880662e-05 | 1
  2, 37 |  -1.9841443447975909e-05 |  -1.9841443447975909e-05 | 1
  2, 38 |  -5.5607710274724905e-06 |  -5.5607710274724905e-06 | 1
  2, 39 |  -2.8395938390581123e-05 |  -2.8395938390581123e-05 | 1
  2, 40 |  -2.4954868893925150e-08 |  -2.4954868893925150e-08 | 1
  2, 41 |  -2.8009231371643669e-05 |  -2.8009231371643669e-05 | 1
  2, 42 |   1.2770426471610737e-06 |   1.2770426471610737e-06 | 1
  2, 43 |   1.8457571596981439e-04 |   1.8457571596981439e-04 | 1
  2, 44 |   4.9526012556380412e-04 |   4.9526012556380412e-04 | 1
  3,  1 |   1.6944505668067025e-04 |   1.6944505668067025e-04 | 1
  3,  2 |   1.8259705165493277e-04 |   1.8259705165493277e-04 | 1
  3,  3 |   1.3237113081768611e-02 |   1.3237113081768611e-02 | 1
  3,  4 |   1.7046283706223574e-04 |   1.7046283706223574e-04 | 1
  3,  5 |   2.2545898673959948e-04 |   2.2545898673959948e-04 | 1
  3,  6 |   1.7427574787516912e-04 |   1.7427574787516912e-04 | 1
  3,  7 |   1.3184353697995955e-04 |   1.3184353697995955e-04 | 1
  3,  8 |   1.7019371887874339e-04 |   1.7019371887874339e-04 | 1
  3,  9 |   1.5647716626666962e-04 |   1.5647716626666962e-04 | 1
  3, 10 |   1.8633300378377072e-04 |   1.8633300378377072e-04 | 1
  3, 11 |   1.3077907605652789e-04 |   1.3077907605652789e-04 | 1
  3, 12 |   1.5675997325786877e-04 |   1.5675997325786877e-04 | 1
  3, 13 |   1.5864495894808462e-04 |   1.5864495894808462e-04 | 1
  3, 14 |   1.9856739592586436e-04 |   1.9856739592586436e-04 | 1
  3, 15 |   1.8751562421370527e-04 |   1.8751562421370527e-04 | 1
  3, 16 |   1.7627714896712942e-04 |   1.7627714896712942e-04 | 1
  3, 17 |   1.8252006556318274e-04 |   1.8252006556318274e-04 | 1
  3, 18 |   1.8389039466720308e-04 |   1.8389039466720308e-04 | 1
  3, 19 |   2.0495444499611765e-04 |   2.0495444499611765e-04 | 1
  3, 20 |   1.8930873092713664e-04 |   1.8930873092713664e-04 | 1
  3, 21 |   1.6776292688094684e-04 |   1.6776292688094684e-04 | 1
  3, 22 |   1.0052593959534100e-04 |   1.0052593959534100e-04 | 1
  3, 23 |   1.9765084979566798e-04 |   1.9765084979566798e-04 | 1
  3, 24 |   1.9244747687363311e-04 |   1.9244747687363311e-04 | 1
  3, 25 |   1.7368454136633364e-04 |   1.7368454136633364e-04 | 1
  3, 26 |   2.2006951995532490e-04 |   2.2006951995532490e-04 | 1
  3, 27 |   1.6277319705666792e-04 |   1.6277319705666792e-04 | 1
  3, 28 |   1.9749665906320483e-04 |   1.9749665906320483e-04 | 1
  3, 29 |   1.9708344612897087e-04 |   1.9708344612897087e-04 | 1
  3, 30 |   1.8726888219305440e-04 |   1.8726888219305440e-04 | 1
  3, 31 |   1.9830375644303721e-04 |   1.9830375644303721e-04 | 1
  3, 32 |   1.4073387414952504e-05 |   1.4073387414952504e-05 | 1
  3, 33 |   2.7647548641509050e-05 |   2.7647548641509050e-05 | 1
  3, 34 |   1.6011674421904346e-04 |   1.6011674421904346e-04 | 1
  3, 35 |  -3.1916611261324818e-05 |  -3.1916611261324818e-05 | 1
  3, 36 |  -2.7416052830646080e-05 |  -2.7416052830646080e-05 | 1
  3, 37 |  -1.4048245973988963e-05 |  -1.4048245973988963e-05 | 1
  3, 38 |  -9.8512402793625156e-06 |  -9.8512402793625156e-06 | 1
  3, 39 |  -2.0481856201974055e-05 |  -2.0481856201974055e-05 | 1
  3, 40 |  -2.1828308190898688e-08 |  -2.1828308190898688e-08 | 1
  3, 41 |  -2.8163802426054393e-05 |  -2.8163802426054393e-05 | 1
  3, 42 |   1.2956471396177572e-06 |   1.2956471396177572e-06 | 1
  3, 43 |   1.7231517789318822e-04 |   1.7231517789318822e-04 | 1
  3, 44 |   8.1473660177018557e-07 |   8.1473660177018557e-07 | 1
  4,  1 |   1.6960072973455702e-04 |   1.6960072973455702e-04 | 1
  4,  2 |   1.8045225554720639e-04 |   1.8045225554720639e-04 | 1
  4,  3 |   1.7046283706223574e-04 |   1.7046283706223574e-04 | 1
  4,  4 |   1.6990383574551941e-03 |   1.6990383574551941e-03 | 1
  4,  5 |   2.0198610408631506e-04 |   2.0198610408631506e-04 | 1
  4,  6 |   1.6127695921321230e-04 |   1.6127695921321230e-04 | 1
  4,  7 |   1.3703604489423955e-04 |   1.3703604489423955e-04 | 1
  4,  8 |   1.7104480081225209e-04 |   1.7104480081225209e-04 | 1
  4,  9 |   1.5552574590822933e-04 |   1.5552574590822933e-04 | 1
  4, 10 |   1.9830184735055383e-04 |   1.9830184735055383e-04 | 1
  4, 11 |   1.8789654179405770e-04 |   1.8789654179405770e-04 | 1
  4, 12 |   1.5086824243401868e-04 |   1.5086824243401868e-04 | 1
  4, 13 |   1.5612424052312474e-04 |   1.5612424052312474e-04 | 1
  4, 14 |   2.0350954164779096e-04 |   2.0350954164779096e-04 | 1
  4, 15 |   2.1589728891098793e-04 |   2.1589728891098793e-04 | 1
  4, 16 |   1.8505961188984555e-04 |   1.8505961188984555e-04 | 1
  4, 17 |   1.8297614279448138e-04 |   1.8297614279448138e-04 | 1
  4, 18 |   1.7790281346689418e-04 |   1.7790281346689418e-04 | 1
  4, 19 |   2.1237717659649429e-04 |   2.1237717659649429e-04 | 1
  4, 20 |   1.8878611973499528e-04 |   1.8878611973499528e-04 | 1
  4, 21 |   1.6111862170065534e-04 |   1.6111862170065534e-04 | 1
  4, 22 |   1.3015589624037956e-04 |   1.3015589624037956e-04 | 1
  4, 23 |   1.9648959959393887e-04 |   1.9648959959393887e-04 | 1
  4, 24 |   1.9468903038649582e-04 |   1.9468903038649582e-04 | 1
  4, 25 |   1.7456603368467446e-04 |   1.7456603368467446e-04 | 1
  4, 26 |   2.1476733721852278e-04 |   2.1476733721852278e-04 | 1
  4, 27 |   1.8360428403282680e-04 |   1.8360428403282680e-04 | 1
  4, 28 |   2.0521273218584372e-04 |   2.0521273218584372e-04 | 1
  4, 29 |   1.9639137214769214e-04 |   1.9639137214769214e-04 | 1
  4, 30 |   1.9578752690002974e-04 |   1.9578752690002974e-04 | 1
  4, 31 |   1.9617855497093805e-04 |   1.9617855497093805e-04 | 1
  4, 32 |  -8.8466221656865778e-06 |  -8.8466221656865778e-06 | 1
  4, 33 |   2.6249438733112041e-05 |   2.6249438733112041e-05 | 1
  4, 34 |   2.0664497412198920e-04 |   2.0664497412198920e-04 | 1
  4, 35 |  -3.2747202845079279e-05 |  -3.2747202845079279e-05 | 1
  4, 36 |  -3.0096959130938078e-05 |  -3.0096959130938078e-05 | 1
  4, 37 |  -1.3990217311576377e-05 |  -1.3990217311576377e-05 | 1
  4, 38 |  -5.3077082157794294e-06 |  -5.3077082157794294e-06 | 1
  4, 39 |  -3.2509884743793971e-05 |  -3.2509884743793971e-05 | 1
  4, 40 |  -2.3075493909788366e-08 |  -2.3075493909788366e-08 | 1
  4, 41 |  -2.5671677904860284e-05 |  -2.5671677904860284e-05 | 1
  4, 42 |   1.1663714786886997e-06 |   1.1663714786886997e-06 | 1
  4, 43 |   1.7247453916640352e-04 |   1.7247453916640352e-04 | 1
  4, 44 |   2.2110132011887631e-05 |   2.2110132011887631e-05 | 1
  5,  1 |   2.1706565325251931e-04 |   2.1706565325251931e-04 | 1
  5,  2 |   2.2720527804827575e-04 |   2.2720527804827575e-04 | 1
  5,  3 |   2.2545898673959948e-04 |   2.2545898673959948e-04 | 1
  5,  4 |   2.0198610408631506e-04 |   2.0198610408631506e-04 | 1
  5,  5 |   1.0478437610418034e-02 |   1.0478437610418034e-02 | 1
  5,  6 |   2.3254328779982698e-04 |   2.3254328779982698e-04 | 1
  5,  7 |   1.7682580813182386e-04 |   1.7682580813182386e-04 | 1
  5,  8 |   2.0581943380978003e-04 |   2.0581943380978003e-04 | 1
  5,  9 |   2.0873509695435360e-04 |   2.0873509695435360e-04 | 1
  5, 10 |   1.7979359156174125e-04 |   1.7979359156174125e-04 | 1
  5, 11 |  -5.5427021464523945e-04 |  -5.5427021464523945e-04 | 1
  5, 12 |   2.2086115716096907e-04 |   2.2086115716096907e-04 | 1
  5, 13 |   2.1556752657370592e-04 |   2.1556752657370592e-04 | 1
  5, 14 |   2.4682822089710734e-04 |   2.4682822089710734e-04 | 1
  5, 15 |   1.5220009249240348e-04 |   1.5220009249240348e-04 | 1
  5, 16 |   1.6602113762532165e-04 |   1.6602113762532165e-04 | 1
  5, 17 |   2.3010993924875041e-04 |   2.3010993924875041e-04 | 1
  5, 18 |   2.6802272486420190e-04 |   2.6802272486420190e-04 | 1
  5, 19 |   2.2426057211812181e-04 |   2.2426057211812181e-04 | 1
  5, 20 |   2.3183686301796603e-04 |   2.3183686301796603e-04 | 1
  5, 21 |   2.4422105929158058e-04 |   2.4422105929158058e-04 | 1
  5, 22 |  -1.7201547225024917e-05 |  -1.7201547225024917e-05 | 1
  5, 23 |   2.6711063654991400e-04 |   2.6711063654991400e-04 | 1
  5, 24 |   2.2245986057162264e-04 |   2.2245986057162264e-04 | 1
  5, 25 |   2.1518716346074872e-04 |   2.1518716346074872e-04 | 1
  5, 26 |   2.8520512046240266e-04 |   2.8520512046240266e-04 | 1
  5, 27 |  -7.3850015859339306e-05 |  -7.3850015859339306e-05 | 1
  5, 28 |   1.8260789506580402e-04 |   1.8260789506580402e-04 | 1
  5, 29 |   2.4607199854086690e-04 |   2.4607199854086690e-04 | 1
  5, 30 |   1.9581515377513421e-04 |   1.9581515377513421e-04 | 1
  5, 31 |   2.3043303854098943e-04 |   2.3043303854098943e-04 | 1
  5, 32 |   1.1186821028833322e-04 |   1.1186821028833322e-04 | 1
  5, 33 |   3.4067527542384402e-04 |   3.4067527542384402e-04 | 1
  5, 34 |  -1.6144743432500749e-04 |  -1.6144743432500749e-04 | 1
  5, 35 |  -4.1733572176837176e-05 |  -4.1733572176837176e-05 | 1
  5, 36 |  -2.5006436942464162e-05 |  -2.5006436942464162e-05 | 1
  5, 37 |  -3.2352567091592887e-05 |  -3.2352567091592887e-05 | 1
  5, 38 |  -2.5999863136065279e-05 |  -2.5999863136065279e-05 | 1
  5, 39 |  -4.2171384075687758e-05 |  -4.2171384075687758e-05 | 1
  5, 40 |  -3.0957866053544468e-08 |  -3.0957866053544468e-08 | 1
  5, 41 |  -3.1119285843980916e-05 |  -3.1119285843980916e-05 | 1
  5, 42 |   1.4618627289131863e-06 |   1.4618627289131863e-06 | 1
  5, 43 |   2.1858979493075511e-04 |   2.1858979493075511e-04 | 1
  5, 44 |  -9.5979092273989634e-05 |  -9.5979092273989634e-05 | 1
  6,  1 |   1.7202491463618602e-04 |   1.7202491463618602e-04 | 1
  6,  2 |   1.8947694116975162e-04 |   1.8947694116975162e-04 | 1
  6,  3 |   1.7427574787516912e-04 |   1.7427574787516912e-04 | 1
  6,  4 |   1.6127695921321230e-04 |   1.6127695921321230e-04 | 1
  6,  5 |   2.3254328779982698e-04 |   2.3254328779982698e-04 | 1
  6,  6 |   1.7326301304090869e-02 |   1.7326301304090869e-02 | 1
  6,  7 |   1.0631045086202983e-04 |   1.0631045086202983e-04 | 1
  6,  8 |   1.6851447706242768e-04 |   1.6851447706242768e-04 | 1
  6,  9 |   1.7311008270776075e-04 |   1.7311008270776075e-04 | 1
  6, 10 |   1.3118091340903976e-04 |   1.3118091340903976e-04 | 1
  6, 11 |   1.3585490071945767e-03 |   1.3585490071945767e-03 | 1
  6, 12 |   1.5358102185291389e-04 |   1.5358102185291389e-04 | 1
  6, 13 |   1.7778185134959272e-04 |   1.7778185134959272e-04 | 1
  6, 14 |   1.0463535106356207e-04 |   1.0463535106356207e-04 | 1
  6, 15 |   5.2009157470917880e-05 |   5.2009157470917880e-05 | 1
  6, 16 |   1.4564951069038657e-04 |   1.4564951069038657e-04 | 1
  6, 17 |   1.8251924030776400e-04 |   1.8251924030776400e-04 | 1
  6, 18 |   1.8369206666495559e-04 |   1.8369206666495559e-04 | 1
  6, 19 |   1.6243023302796257e-04 |   1.6243023302796257e-04 | 1
  6, 20 |   1.9594221619592867e-04 |   1.9594221619592867e-04 | 1
  6, 21 |   2.0220486110796194e-04 |   2.0220486110796194e-04 | 1
  6, 22 |   2.8108231596964849e-04 |   2.8108231596964849e-04 | 1
  6, 23 |   2.0670039296614761e-04 |   2.0670039296614761e-04 | 1
  6, 24 |   2.0447280275046731e-04 |   2.0447280275046731e-04 | 1
  6, 25 |   1.7956281730865887e-04 |   1.7956281730865887e-04 | 1
  6, 26 |   2.3027956901349535e-04 |   2.3027956901349535e-04 | 1
  6, 27 |   4.7588509681411987e-04 |   4.7588509681411987e-04 | 1
  6, 28 |   2.2236122898293919e-04 |   2.2236122898293919e-04 | 1
  6, 29 |   1.9770637636302996e-04 |   1.9770637636302996e-04 | 1
  6, 30 |   2.3361292471979874e-04 |   2.3361292471979874e-04 | 1
  6, 31 |   2.1700470282314281e-04 |   2.1700470282314281e-04 | 1
  6, 32 |   1.2135953363450022e-04 |   1.2135953363450022e-04 | 1
  6, 33 |  -7.6405312488055295e-04 |  -7.6405312488055295e-04 | 1
  6, 34 |   4.0988766669518181e-04 |   4.0988766669518181e-04 | 1
  6, 35 |  -3.5846229657112956e-05 |  -3.5846229657112956e-05 | 1
  6, 36 |  -2.1447085500754839e-05 |  -2.1447085500754839e-05 | 1
  6, 37 |  -1.8819550396289509e-05 |  -1.8819550396289509e-05 | 1
  6, 38 |  -6.8045653927087199e-06 |  -6.8045653927087199e-06 | 1
  6, 39 |  -2.2676269156673516e-05 |  -2.2676269156673516e-05 | 1
  6, 40 |  -2.3161991843749629e-08 |  -2.3161991843749629e-08 | 1
  6, 41 |  -2.6999202712653924e-05 |  -2.6999202712653924e-05 | 1
  6, 42 |   1.1926954274940651e-06 |   1.1926954274940651e-06 | 1
  6, 43 |   1.7551059878070214e-04 |   1.7551059878070214e-04 | 1
  6, 44 |  -1.0568203221895841e-04 |  -1.0568203221895841e-04 | 1
  7,  1 |   1.3236450482021031e-04 |   1.3236450482021031e-04 | 1
  7,  2 |   1.4013330406904010e-04 |   1.4013330406904010e-04 | 1
  7,  3 |   1.3184353697995955e-04 |   1.3184353697995955e-04 | 1
  7,  4 |   1.3703604489423955e-04 |   1.3703604489423955e-04 | 1
  7,  5 |   1.7682580813182386e-04 |   1.7682580813182386e-04 | 1
  7,  6 |   1.0631045086202983e-04 |   1.0631045086202983e-04 | 1
  7,  7 |   1.8342834352550654e-02 |   1.8342834352550654e-02 | 1
  7,  8 |   1.3952928578394311e-04 |   1.3952928578394311e-04 | 1
  7,  9 |   1.1099954459993286e-04 |   1.1099954459993286e-04 | 1
  7, 10 |   1.9078351714086808e-04 |   1.9078351714086808e-04 | 1
  7, 11 |  -2.8251694823687559e-04 |  -2.8251694823687559e-04 | 1
  7, 12 |   1.2716392897960051e-04 |   1.2716392897960051e-04 | 1
  7, 13 |   1.1225600552761645e-04 |   1.1225600552761645e-04 | 1
  7, 14 |   1.9579581827873933e-04 |   1.9579581827873933e-04 | 1
  7, 15 |   2.2008483067476736e-04 |   2.2008483067476736e-04 | 1
  7, 16 |   1.6076457446904084e-04 |   1.6076457446904084e-04 | 1
  7, 17 |   1.4594481066722981e-04 |   1.4594481066722981e-04 | 1
  7, 18 |   1.2966760597468705e-04 |   1.2966760597468705e-04 | 1
  7, 19 |   1.6998431951628580e-04 |   1.6998431951628580e-04 | 1
  7, 20 |   1.4673266855675564e-04 |   1.4673266855675564e-04 | 1
  7, 21 |   1.1891383424513415e-04 |   1.1891383424513415e-04 | 1
  7, 22 |   5.5901295887231938e-05 |   5.5901295887231938e-05 | 1
  7, 23 |   1.4681185447888386e-04 |   1.4681185447888386e-04 | 1
  7, 24 |   1.4988668445014024e-04 |   1.4988668445014024e-04 | 1
  7, 25 |   1.4368702794819905e-04 |   1.4368702794819905e-04 | 1
  7, 26 |   1.8576211144977504e-04 |   1.8576211144977504e-04 | 1
  7, 27 |   4.8055354269679361e-05 |   4.8055354269679361e-05 | 1
  7, 28 |   1.5484430352628631e-04 |   1.5484430352628631e-04 | 1
  7, 29 |   1.6658186147194940e-04 |   1.6658186147194940e-04 | 1
  7, 30 |   1.4240328860517219e-04 |   1.4240328860517219e-04 | 1
  7, 31 |   1.5217478695430791e-04 |   1.5217478695430791e-04 | 1
  7, 32 |  -3.3179551803440765e-05 |  -3.3179551803440765e-05 | 1
  7, 33 |   2.9132609854381374e-04 |   2.9132609854381374e-04 | 1
  7, 34 |   6.7763227877800243e-05 |   6.7763227877800243e-05 | 1
  7, 35 |  -2.2869090891232550e-05 |  -2.2869090891232550e-05 | 1
  7, 36 |  -2.0175507864457190e-05 |  -2.0175507864457190e-05 | 1
  7, 37 |  -1.5422881841361268e-05 |  -1.5422881841361268e-05 | 1
  7, 38 |  -1.5878648977658057e-05 |  -1.5878648977658057e-05 | 1
  7, 39 |  -4.3213827862978359e-05 |  -4.3213827862978359e-05 | 1
  7, 40 |  -1.5056293167453963e-08 |  -1.5056293167453963e-08 | 1
  7, 41 |  -1.6289194714053430e-05 |  -1.6289194714053430e-05 | 1
  7, 42 |   5.6214218380902129e-07 |   5.6214218380902129e-07 | 1
  7, 43 |   1.3723704421930510e-04 |   1.3723704421930510e-04 | 1
  7, 44 |   5.0800756572176885e-05 |   5.0800756572176885e-05 | 1
  8,  1 |   1.6714356736665222e-04 |   1.6714356736665222e-04 | 1
  8,  2 |   1.7949759848886866e-04 |   1.7949759848886866e-04 | 1
  8,  3 |   1.7019371887874339e-04 |   1.7019371887874339e-04 | 1
  8,  4 |   1.7104480081225209e-04 |   1.7104480081225209e-04 | 1
  8,  5 |   2.0581943380978003e-04 |   2.0581943380978003e-04 | 1
  8,  6 |   1.6851447706242768e-04 |   1.6851447706242768e-04 | 1
  8,  7 |   1.3952928578394311e-04 |   1.3952928578394311e-04 | 1
  8,  8 |   1.9836681000225181e-03 |   1.9836681000225181e-03 | 1
  8,  9 |   1.5356922512626208e-04 |   1.5356922512626208e-04 | 1
  8, 10 |   1.9939733213114372e-04 |   1.9939733213114372e-04 | 1
  8, 11 |   2.1187421063740972e-04 |   2.1187421063740972e-04 | 1
  8, 12 |   1.5094720724338664e-04 |   1.5094720724338664e-04 | 1
  8, 13 |   1.5353026800452545e-04 |   1.5353026800452545e-04 | 1
  8, 14 |   2.0304224725803638e-04 |   2.0304224725803638e-04 | 1
  8, 15 |   2.1412906066092308e-04 |   2.1412906066092308e-04 | 1
  8, 16 |   1.9124396228841810e-04 |   1.9124396228841810e-04 | 1
  8, 17 |   1.7743693887673737e-04 |   1.7743693887673737e-04 | 1
  8, 18 |   1.6854226558902052e-04 |   1.6854226558902052e-04 | 1
  8, 19 |   2.0885499402266557e-04 |   2.0885499402266557e-04 | 1
  8, 20 |   1.8604829197768749e-04 |   1.8604829197768749e-04 | 1
  8, 21 |   1.5956406837731250e-04 |   1.5956406837731250e-04 | 1
  8, 22 |   1.3432984460308745e-04 |   1.3432984460308745e-04 | 1
  8, 23 |   1.9944219383107693e-04 |   1.9944219383107693e-04 | 1
  8, 24 |   1.9588726400692901e-04 |   1.9588726400692901e-04 | 1
  8, 25 |   1.7205326208544327e-04 |   1.7205326208544327e-04 | 1
  8, 26 |   2.0770654665911678e-04 |   2.0770654665911678e-04 | 1
  8, 27 |   2.0471617767130529e-04 |   2.0471617767130529e-04 | 1
  8, 28 |   1.9931551794023290e-04 |   1.9931551794023290e-04 | 1
  8, 29 |   1.9404633644853821e-04 |   1.9404633644853821e-04 | 1
  8, 30 |   1.9714701656280376e-04 |   1.9714701656280376e-04 | 1
  8, 31 |   1.9749095332257492e-04 |   1.9749095332257492e-04 | 1
  8, 32 |  -9.0083340560934333e-06 |  -9.0083340560934333e-06 | 1
  8, 33 |   6.1461198009295002e-06 |   6.1461198009295002e-06 | 1
  8, 34 |   2.1982462251091668e-04 |   2.1982462251091668e-04 | 1
  8, 35 |  -2.3860861784974123e-05 |  -2.3860861784974123e-05 | 1
  8, 36 |  -1.1181737532560791e-05 |  -1.1181737532560791e-05 | 1
  8, 37 |  -9.6336562797900777e-07 |  -9.6336562797900777e-07 | 1
  8, 38 |   7.1561718449674583e-06 |   7.1561718449674583e-06 | 1
  8, 39 |  -2.7314382953845430e-05 |  -2.7314382953845430e-05 | 1
  8, 40 |  -2.4886336680304745e-08 |  -2.4886336680304745e-08 | 1
  8, 41 |  -2.6852665107186591e-05 |  -2.6852665107186591e-05 | 1
  8, 42 |   1.1764738456988788e-06 |   1.1764738456988788e-06 | 1
  8, 43 |   1.6748866142721072e-04 |   1.6748866142721072e-04 | 1
  8, 44 |   2.4714728108368561e-05 |   2.4714728108368561e-05 | 1
  9,  1 |   1.6050642056910009e-04 |   1.6050642056910009e-04 | 1
  9,  2 |   1.7089312802813272e-04 |   1.7089312802813272e-04 | 1
  9,  3 |   1.5647716626666962e-04 |   1.5647716626666962e-04 | 1
  9,  4 |   1.5552574590822933e-04 |   1.5552574590822933e-04 | 1
  9,  5 |   2.0873509695435360e-04 |   2.0873509695435360e-04 | 1
  9,  6 |   1.7311008270776075e-04 |   1.7311008270776075e-04 | 1
  9,  7 |   1.1099954459993286e-04 |   1.1099954459993286e-04 | 1
  9,  8 |   1.5356922512626208e-04 |   1.5356922512626208e-04 | 1
  9,  9 |   8.0543216227023269e-03 |   8.0543216227023269e-03 | 1
  9, 10 |   1.6596870671199205e-04 |   1.6596870671199205e-04 | 1
  9, 11 |   4.8530554785402002e-04 |   4.8530554785402002e-04 | 1
  9, 12 |   1.4320971791425240e-04 |   1.4320971791425240e-04 | 1
  9, 13 |   1.5713481576855976e-04 |   1.5713481576855976e-04 | 1
  9, 14 |   1.6290434131677488e-04 |   1.6290434131677488e-04 | 1
  9, 15 |   1.4982798276445212e-04 |   1.4982798276445212e-04 | 1
  9, 16 |   1.5865876505284909e-04 |   1.5865876505284909e-04 | 1
  9, 17 |   1.7541583425681765e-04 |   1.7541583425681765e-04 | 1
  9, 18 |   1.6810445597832853e-04 |   1.6810445597832853e-04 | 1
  9, 19 |   1.8006586017856112e-04 |   1.8006586017856112e-04 | 1
  9, 20 |   1.7262943526508175e-04 |   1.7262943526508175e-04 | 1
  9, 21 |   1.6553447892020260e-04 |   1.6553447892020260e-04 | 1
  9, 22 |   1.5045915714803780e-04 |   1.5045915714803780e-04 | 1
  9, 23 |   1.7944358127016332e-04 |   1.7944358127016332e-04 | 1
  9, 24 |   1.7620901987178080e-04 |   1.7620901987178080e-04 | 1
  9, 25 |   1.7002358918880993e-04 |   1.7002358918880993e-04 | 1
  9, 26 |   2.1716982970863493e-04 |   2.1716982970863493e-04 | 1
  9, 27 |   2.3564023368576628e-04 |   2.3564023368576628e-04 | 1
  9, 28 |   1.9760903321414038e-04 |   1.9760903321414038e-04 | 1
  9, 29 |   1.9160407082038493e-04 |   1.9160407082038493e-04 | 1
  9, 30 |   1.9195340807333204e-04 |   1.9195340807333204e-04 | 1
  9, 31 |   1.9196395934183022e-04 |   1.9196395934183022e-04 | 1
  9, 32 |   3.6829915649773189e-05 |   3.6829915649773189e-05 | 1
  9, 33 |  -1.9087941249869042e-04 |  -1.9087941249869042e-04 | 1
  9, 34 |   2.2888444238358124e-04 |   2.2888444238358124e-04 | 1
  9, 35 |  -2.6796559071649719e-05 |  -2.6796559071649719e-05 | 1
  9, 36 |  -3.1143092423040178e-05 |  -3.1143092423040178e-05 | 1
  9, 37 |  -2.5635572940033864e-05 |  -2.5635572940033864e-05 | 1
  9, 38 |  -1.7749713722691403e-05 |  -1.7749713722691403e-05 | 1
  9, 39 |  -3.5182813436412632e-05 |  -3.5182813436412632e-05 | 1
  9, 40 |  -2.0431263419789423e-08 |  -2.0431263419789423e-08 | 1
  9, 41 |  -2.3555617870214872e-05 |  -2.3555617870214872e-05 | 1
  9, 42 |   1.0888970165454810e-06 |   1.0888970165454810e-06 | 1
  9, 43 |   1.6495922918359835e-04 |   1.6495922918359835e-04 | 1
  9, 44 |  -2.4338625320498246e-05 |  -2.4338625320498246e-05 | 1
 10,  1 |   1.8695955478844321e-04 |   1.8695955478844321e-04 | 1
 10,  2 |   1.9458929312000698e-04 |   1.9458929312000698e-04 | 1
 10,  3 |   1.8633300378377072e-04 |   1.8633300378377072e-04 | 1
 10,  4 |   1.9830184735055383e-04 |   1.9830184735055383e-04 | 1
 10,  5 |   1.7979359156174125e-04 |   1.7979359156174125e-04 | 1
 10,  6 |   1.3118091340903976e-04 |   1.3118091340903976e-04 | 1
 10,  7 |   1.9078351714086808e-04 |   1.9078351714086808e-04 | 1
 10,  8 |   1.9939733213114372e-04 |   1.9939733213114372e-04 | 1
 10,  9 |   1.6596870671199205e-04 |   1.6596870671199205e-04 | 1
 10, 10 |   3.4457414692607297e-02 |   3.4457414692607297e-02 | 1
 10, 11 |  -2.5615844130683193e-04 |  -2.5615844130683193e-04 | 1
 10, 12 |   1.6053794619274718e-04 |   1.6053794619274718e-04 | 1
 10, 13 |   1.6386724165921650e-04 |   1.6386724165921650e-04 | 1
 10, 14 |   2.8697404354526717e-04 |   2.8697404354526717e-04 | 1
 10, 15 |   3.7808106393663046e-04 |   3.7808106393663046e-04 | 1
 10, 16 |   2.4417459914102601e-04 |   2.4417459914102601e-04 | 1
 10, 17 |   2.0464507694624478e-04 |   2.0464507694624478e-04 | 1
 10, 18 |   1.8683964463442237e-04 |   1.8683964463442237e-04 | 1
 10, 19 |   2.7017333680992627e-04 |   2.7017333680992627e-04 | 1
 10, 20 |   2.0476657791846268e-04 |   2.0476657791846268e-04 | 1
 10, 21 |   1.5674588222636717e-04 |   1.5674588222636717e-04 | 1
 10, 22 |   1.1876596922891798e-04 |   1.1876596922891798e-04 | 1
 10, 23 |   2.1110731360739145e-04 |   2.1110731360739145e-04 | 1
 10, 24 |   2.2296736018763010e-04 |   2.2296736018763010e-04 | 1
 10, 25 |   2.0452203273697099e-04 |   2.0452203273697099e-04 | 1
 10, 26 |   2.2142485416800240e-04 |   2.2142485416800240e-04 | 1
 10, 27 |   1.5039935488651954e-04 |   1.5039935488651954e-04 | 1
 10, 28 |   2.3024341130725636e-04 |   2.3024341130725636e-04 | 1
 10, 29 |   2.2460204705819416e-04 |   2.2460204705819416e-04 | 1
 10, 30 |   2.2277674513716711e-04 |   2.2277674513716711e-04 | 1
 10, 31 |   2.2132239201559678e-04 |   2.2132239201559678e-04 | 1
 10, 32 |  -1.1715268130378973e-04 |  -1.1715268130378973e-04 | 1
 10, 33 |   3.9660549566066503e-04 |   3.9660549566066503e-04 | 1
 10, 34 |   2.3831929216721432e-04 |   2.3831929216721432e-04 | 1
 10, 35 |  -3.6798976901420132e-05 |  -3.6798976901420132e-05 | 1
 10, 36 |  -3.1088039930316403e-05 |  -3.1088039930316403e-05 | 1
 10, 37 |  -2.4916169636770000e-05 |  -2.4916169636770000e-05 | 1
 10, 38 |  -1.3720705404887091e-05 |  -1.3720705404887091e-05 | 1
 10, 39 |  -2.4048637957405985e-05 |  -2.4048637957405985e-05 | 1
 10, 40 |  -2.4140434695161957e-08 |  -2.4140434695161957e-08 | 1
 10, 41 |  -2.8011028834380498e-05 |  -2.8011028834380498e-05 | 1
 10, 42 |   1.1720570515052381e-06 |   1.1720570515052381e-06 | 1
 10, 43 |   1.9163794682932445e-04 |   1.9163794682932445e-04 | 1
 10, 44 |   1.3695415559092643e-04 |   1.3695415559092643e-04 | 1
 11,  1 |   2.9983487943433039e-04 |   2.9983487943433039e-04 | 1
 11,  2 |   3.3709525229366180e-04 |   3.3709525229366180e-04 | 1
 11,  3 |   1.3077907605652789e-04 |   1.3077907605652789e-04 | 1
 11,  4 |   1.8789654179405770e-04 |   1.8789654179405770e-04 | 1
 11,  5 |  -5.5427021464523945e-04 |  -5.5427021464523945e-04 | 1
 11,  6 |   1.3585490071945767e-03 |   1.3585490071945767e-03 | 1
 11,  7 |  -2.8251694823687559e-04 |  -2.8251694823687559e-04 | 1
 11,  8 |   2.1187421063740972e-04 |   2.1187421063740972e-04 | 1
 11,  9 |   4.8530554785402002e-04 |   4.8530554785402002e-04 | 1
 11, 10 |  -2.5615844130683193e-04 |  -2.5615844130683193e-04 | 1
 11, 11 |   3.0027125204425305e-02 |   3.0027125204425305e-02 | 1
 11, 12 |  -2.6335289306617479e-04 |  -2.6335289306617479e-04 | 1
 11, 13 |   5.9130543748221525e-04 |   5.9130543748221525e-04 | 1
 11, 14 |  -1.3941618598269083e-03 |  -1.3941618598269083e-03 | 1
 11, 15 |  -1.2290187336350164e-03 |  -1.2290187336350164e-03 | 1
 11, 16 |   1.9783876130751894e-04 |   1.9783876130751894e-04 | 1
 11, 17 |   3.4980280264808230e-04 |   3.4980280264808230e-04 | 1
 11, 18 |  -1.2710254055979639e-04 |  -1.2710254055979639e-04 | 1
 11, 19 |  -8.5976653314163244e-05 |  -8.5976653314163244e-05 | 1
 11, 20 |   3.6661761848121521e-04 |   3.6661761848121521e-04 | 1
 11, 21 |   6.5484769054438184e-04 |   6.5484769054438184e-04 | 1
 11, 22 |   4.9627642252269549e-03 |   4.9627642252269549e-03 | 1
 11, 23 |   3.5435600709858735e-04 |   3.5435600709858735e-04 | 1
 11, 24 |   6.9355862969403817e-04 |   6.9355862969403817e-04 | 1
 11, 25 |   4.6411700221573129e-04 |   4.6411700221573129e-04 | 1
 11, 26 |   2.9776159070170436e-04 |   2.9776159070170436e-04 | 1
 11, 27 |   8.6323759079359880e-03 |   8.6323759079359880e-03 | 1
 11, 28 |   1.4017492798824036e-03 |   1.4017492798824036e-03 | 1
 11, 29 |   3.5210034971828243e-04 |   3.5210034971828243e-04 | 1
 11, 30 |   1.4756761939810192e-03 |   1.4756761939810192e-03 | 1
 11, 31 |   8.7574056660596274e-04 |   8.7574056660596274e-04 | 1
 11, 32 |   8.9178427293355993e-04 |   8.9178427293355993e-04 | 1
 11, 33 |  -1.7283451478083793e-02 |  -1.7283451478083793e-02 | 1
 11, 34 |   8.5807658574753396e-03 |   8.5807658574753396e-03 | 1
 11, 35 |  -1.7253992392225119e-04 |  -1.7253992392225119e-04 | 1
 11, 36 |  -1.5976186336786282e-04 |  -1.5976186336786282e-04 | 1
 11, 37 |  -1.4833097214902487e-04 |  -1.4833097214902487e-04 | 1
 11, 38 |  -1.3265859912806299e-04 |  -1.3265859912806299e-04 | 1
 11, 39 |  -5.7973586187645470e-05 |  -5.7973586187645470e-05 | 1
 11, 40 |  -2.3611308649421422e-08 |  -2.3611308649421422e-08 | 1
 11, 41 |  -3.5017328500772849e-05 |  -3.5017328500772849e-05 | 1
 11, 42 |   1.9246255283536248e-06 |   1.9246255283536248e-06 | 1
 11, 43 |   3.2508984919166477e-04 |   3.2508984919166477e-04 | 1
 11, 44 |  -8.8728751810562205e-04 |  -8.8728751810562205e-04 | 1
 12,  1 |   1.5000973950586929e-04 |   1.5000973950586929e-04 | 1
 12,  2 |   1.6461063286517865e-04 |   1.6461063286517865e-04 | 1
 12,  3 |   1.5675997325786877e-04 |   1.5675997325786877e-04 | 1
 12,  4 |   1.5086824243401868e-04 |   1.5086824243401868e-04 | 1
 12,  5 |   2.2086115716096907e-04 |   2.2086115716096907e-04 | 1
 12,  6 |   1.5358102185291389e-04 |   1.5358102185291389e-04 | 1
 12,  7 |   1.2716392897960051e-04 |   1.2716392897960051e-04 | 1
 12,  8 |   1.5094720724338664e-04 |   1.5094720724338664e-04 | 1
 12,  9 |   1.4320971791425240e-04 |   1.4320971791425240e-04 | 1
 12, 10 |   1.6053794619274718e-04 |   1.6053794619274718e-04 | 1
 12, 11 |  -2.6335289306617479e-04 |  -2.6335289306617479e-04 | 1
 12, 12 |   1.4922646786439647e-02 |   1.4922646786439647e-02 | 1
 12, 13 |   1.3701717057892920e-04 |   1.3701717057892920e-04 | 1
 12, 14 |   1.9149389834190362e-04 |   1.9149389834190362e-04 | 1
 12, 15 |   1.6058791780357325e-04 |   1.6058791780357325e-04 | 1
 12, 16 |   1.5679536586697381e-04 |   1.5679536586697381e-04 | 1
 12, 17 |   1.5710994528928590e-04 |   1.5710994528928590e-04 | 1
 12, 18 |   1.6727861072858232e-04 |   1.6727861072858232e-04 | 1
 12, 19 |   1.7440145765091957e-04 |   1.7440145765091957e-04 | 1
 12, 20 |   1.6863246953124168e-04 |   1.6863246953124168e-04 | 1
 12, 21 |   1.4686964086939129e-04 |   1.4686964086939129e-04 | 1
 12, 22 |   2.3248543949855304e-05 |   2.3248543949855304e-05 | 1
 12, 23 |   1.7199999241153808e-04 |   1.7199999241153808e-04 | 1
 12, 24 |   1.5116323014385612e-04 |   1.5116323014385612e-04 | 1
 12, 25 |   1.5434628967857188e-04 |   1.5434628967857188e-04 | 1
 12, 26 |   2.0146611541663548e-04 |   2.0146611541663548e-04 | 1
 12, 27 |   4.3326789724881936e-05 |   4.3326789724881936e-05 | 1
 12, 28 |   1.6126473578563120e-04 |   1.6126473578563120e-04 | 1
 12, 29 |   1.7554771459605271e-04 |   1.7554771459605271e-04 | 1
 12, 30 |   1.5433283899124933e-04 |   1.5433283899124933e-04 | 1
 12, 31 |   1.7229874722070652e-04 |   1.7229874722070652e-04 | 1
 12, 32 |   3.0127308739113049e-05 |   3.0127308739113049e-05 | 1
 12, 33 |   1.9614893319327232e-04 |   1.9614893319327232e-04 | 1
 12, 34 |   1.3971200390090767e-05 |   1.3971200390090767e-05 | 1
 12, 35 |  -2.7763845339661231e-06 |  -2.7763845339661231e-06 | 1
 12, 36 |  -1.1277422275674647e-05 |  -1.1277422275674647e-05 | 1
 12, 37 |   5.5798865610539039e-06 |   5.5798865610539039e-06 | 1
 12, 38 |   1.3015457476693382e-05 |   1.3015457476693382e-05 | 1
 12, 39 |  -1.1611059442178703e-05 |  -1.1611059442178703e-05 | 1
 12, 40 |  -2.4800663151530151e-08 |  -2.4800663151530151e-08 | 1
 12, 41 |  -2.5310929191075042e-05 |  -2.5310929191075042e-05 | 1
 12, 42 |   1.0589519719444480e-06 |   1.0589519719444480e-06 | 1
 12, 43 |   1.4995079149006428e-04 |   1.4995079149006428e-04 | 1
 12, 44 |  -1.3458153895977024e-05 |  -1.3458153895977024e-05 | 1
 13,  1 |   1.6587958366727468e-04 |   1.6587958366727468e-04 | 1
 13,  2 |   1.7252216346025628e-04 |   1.7252216346025628e-04 | 1
 13,  3 |   1.5864495894808462e-04 |   1.5864495894808462e-04 | 1
 13,  4 |   1.5612424052312474e-04 |   1.5612424052312474e-04 | 1
 13,  5 |   2.1556752657370592e-04 |   2.1556752657370592e-04 | 1
 13,  6 |   1.7778185134959272e-04 |   1.7778185134959272e-04 | 1
 13,  7 |   1.1225600552761645e-04 |   1.1225600552761645e-04 | 1
 13,  8 |   1.5353026800452545e-04 |   1.5353026800452545e-04 | 1
 13,  9 |   1.5713481576855976e-04 |   1.5713481576855976e-04 | 1
 13, 10 |   1.6386724165921650e-04 |   1.6386724165921650e-04 | 1
 13, 11 |   5.9130543748221525e-04 |   5.9130543748221525e-04 | 1
 13, 12 |   1.3701717057892920e-04 |   1.3701717057892920e-04 | 1
 13, 13 |   1.2262855154053769e-02 |   1.2262855154053769e-02 | 1
 13, 14 |   1.5517895678042223e-04 |   1.5517895678042223e-04 | 1
 13, 15 |   1.4840751147440865e-04 |   1.4840751147440865e-04 | 1
 13, 16 |   1.5451102561213261e-04 |   1.5451102561213261e-04 | 1
 13, 17 |   1.8105406434279112e-04 |   1.8105406434279112e-04 | 1
 13, 18 |   1.7184112332029646e-04 |   1.7184112332029646e-04 | 1
 13, 19 |   1.8341214781621978e-04 |   1.8341214781621978e-04 | 1
 13, 20 |   1.7240455038214765e-04 |   1.7240455038214765e-04 | 1
 13, 21 |   1.7755640089206135e-04 |   1.7755640089206135e-04 | 1
 13, 22 |   1.6169399488722577e-04 |   1.6169399488722577e-04 | 1
 13, 23 |   1.9082793263840102e-04 |   1.9082793263840102e-04 | 1
 13, 24 |   1.8216763073149281e-04 |   1.8216763073149281e-04 | 1
 13, 25 |   1.7500532650268244e-04 |   1.7500532650268244e-04 | 1
 13, 26 |   2.1560758570369690e-04 |   2.1560758570369690e-04 | 1
 13, 27 |   2.6234338330306665e-04 |   2.6234338330306665e-04 | 1
 13, 28 |   1.9894891342146732e-04 |   1.9894891342146732e-04 | 1
 13, 29 |   1.9763760117868969e-04 |   1.9763760117868969e-04 | 1
 13, 30 |   1.9998280662770457e-04 |   1.9998280662770457e-04 | 1
 13, 31 |   2.0633791652686955e-04 |   2.0633791652686955e-04 | 1
 13, 32 |   4.2357062927005940e-05 |   4.2357062927005940e-05 | 1
 13, 33 |  -2.5458801758584091e-04 |  -2.5458801758584091e-04 | 1
 13, 34 |   2.5700793109759710e-04 |   2.5700793109759710e-04 | 1
 13, 35 |  -3.3762809084345941e-05 |  -3.3762809084345941e-05 | 1
 13, 36 |  -3.3658651859250587e-05 |  -3.3658651859250587e-05 | 1
 13, 37 |  -3.2221638958989683e-05 |  -3.2221638958989683e-05 | 1
 13, 38 |  -3.0037476442281058e-05 |  -3.0037476442281058e-05 | 1
 13, 39 |  -2.8569704972652646e-05 |  -2.8569704972652646e-05 | 1
 13, 40 |  -2.3390255723767771e-08 |  -2.3390255723767771e-08 | 1
 13, 41 |  -2.3352221989572994e-05 |  -2.3352221989572994e-05 | 1
 13, 42 |   1.1296832981898135e-06 |   1.1296832981898135e-06 | 1
 13, 43 |   1.6876831961744083e-04 |   1.6876831961744083e-04 | 1
 13, 44 |  -3.2104607701901600e-05 |  -3.2104607701901600e-05 | 1
 14,  1 |   1.9047294004236553e-04 |   1.9047294004236553e-04 | 1
 14,  2 |   2.0108393873353737e-04 |   2.0108393873353737e-04 | 1
 14,  3 |   1.9856739592586436e-04 |   1.9856739592586436e-04 | 1
 14,  4 |   2.0350954164779096e-04 |   2.0350954164779096e-04 | 1
 14,  5 |   2.4682822089710734e-04 |   2.4682822089710734e-04 | 1
 14,  6 |   1.0463535106356207e-04 |   1.0463535106356207e-04 | 1
 14,  7 |   1.9579581827873933e-04 |   1.9579581827873933e-04 | 1
 14,  8 |   2.0304224725803638e-04 |   2.0304224725803638e-04 | 1
 14,  9 |   1.6290434131677488e-04 |   1.6290434131677488e-04 | 1
 14, 10 |   2.8697404354526717e-04 |   2.8697404354526717e-04 | 1
 14, 11 |  -1.3941618598269083e-03 |  -1.3941618598269083e-03 | 1
 14, 12 |   1.9149389834190362e-04 |   1.9149389834190362e-04 | 1
 14, 13 |   1.5517895678042223e-04 |   1.5517895678042223e-04 | 1
 14, 14 |   9.5177599061164100e-03 |   9.5177599061164100e-03 | 1
 14, 15 |   3.9050089316800430e-04 |   3.9050089316800430e-04 | 1
 14, 16 |   2.4210759916067759e-04 |   2.4210759916067759e-04 | 1
 14, 17 |   2.0467886949757406e-04 |   2.0467886949757406e-04 | 1
 14, 18 |   2.1274429866756633e-04 |   2.1274429866756633e-04 | 1
 14, 19 |   2.8006660402348855e-04 |   2.8006660402348855e-04 | 1
 14, 20 |   2.0403301861863474e-04 |   2.0403301861863474e-04 | 1
 14, 21 |   1.4733446847595179e-04 |   1.4733446847595179e-04 | 1
 14, 22 |  -9.8280089932263677e-05 |  -9.8280089932263677e-05 | 1
 14, 23 |   2.1678199756719561e-04 |   2.1678199756719561e-04 | 1
 14, 24 |   2.0494559417515119e-04 |   2.0494559417515119e-04 | 1
 14, 25 |   1.9389186662968215e-04 |   1.9389186662968215e-04 | 1
 14, 26 |   2.3722051226513695e-04 |   2.3722051226513695e-04 | 1
 14, 27 |  -2.0936285442263181e-04 |  -2.0936285442263181e-04 | 1
 14, 28 |   1.8477497731930786e-04 |   1.8477497731930786e-04 | 1
 14, 29 |   2.2489422346422966e-04 |   2.2489422346422966e-04 | 1
 14, 30 |   1.7670184835738011e-04 |   1.7670184835738011e-04 | 1
 14, 31 |   1.9873724424928252e-04 |   1.9873724424928252e-04 | 1
 14, 32 |  -1.1176247136367410e-04 |  -1.1176247136367410e-04 | 1
 14, 33 |   1.0260972649736048e-03 |   1.0260972649736048e-03 | 1
 14, 34 |  -1.4038664611999333e-04 |  -1.4038664611999333e-04 | 1
 14, 35 |  -2.1303900114114601e-05 |  -2.1303900114114601e-05 | 1
 14, 36 |  -1.7795115186742755e-05 |  -1.7795115186742755e-05 | 1
 14, 37 |  -1.0597095083059285e-05 |  -1.0597095083059285e-05 | 1
 14, 38 |   8.8686337397337395e-06 |   8.8686337397337395e-06 | 1
 14, 39 |  -3.5682598741036685e-05 |  -3.5682598741036685e-05 | 1
 14, 40 |  -2.6383137969043649e-08 |  -2.6383137969043649e-08 | 1
 14, 41 |  -3.1122949113588115e-05 |  -3.1122949113588115e-05 | 1
 14, 42 |   1.4024917475968130e-06 |   1.4024917475968130e-06 | 1
 14, 43 |   1.9282070909566637e-04 |   1.9282070909566637e-04 | 1
 14, 44 |   1.2846316446562758e-04 |   1.2846316446562758e-04 | 1
 15,  1 |   1.9335908731312991e-04 |   1.9335908731312991e-04 | 1
 15,  2 |   1.9542014079921958e-04 |   1.9542014079921958e-04 | 1
 15,  3 |   1.8751562421370527e-04 |   1.8751562421370527e-04 | 1
 15,  4 |   2.1589728891098793e-04 |   2.1589728891098793e-04 | 1
 15,  5 |   1.5220009249240348e-04 |   1.5220009249240348e-04 | 1
 15,  6 |   5.2009157470917880e-05 |   5.2009157470917880e-05 | 1
 15,  7 |   2.2008483067476736e-04 |   2.2008483067476736e-04 | 1
 15,  8 |   2.1412906066092308e-04 |   2.1412906066092308e-04 | 1
 15,  9 |   1.4982798276445212e-04 |   1.4982798276445212e-04 | 1
 15, 10 |   3.7808106393663046e-04 |   3.7808106393663046e-04 | 1
 15, 11 |  -1.2290187336350164e-03 |  -1.2290187336350164e-03 | 1
 15, 12 |   1.6058791780357325e-04 |   1.6058791780357325e-04 | 1
 15, 13 |   1.4840751147440865e-04 |   1.4840751147440865e-04 | 1
 15, 14 |   3.9050089316800430e-04 |   3.9050089316800430e-04 | 1
 15, 15 |   2.1722927580950579e-02 |   2.1722927580950579e-02 | 1
 15, 16 |   2.9953904944756934e-04 |   2.9953904944756934e-04 | 1
 15, 17 |   2.1414674508994142e-04 |   2.1414674508994142e-04 | 1
 15, 18 |   1.7829684370584904e-04 |   1.7829684370584904e-04 | 1
 15, 19 |   3.2988605082966182e-04 |   3.2988605082966182e-04 | 1
 15, 20 |   2.0223878648360089e-04 |   2.0223878648360089e-04 | 1
 15, 21 |   1.2516220689079281e-04 |   1.2516220689079281e-04 | 1
 15, 22 |   2.2402611612508997e-05 |   2.2402611612508997e-05 | 1
 15, 23 |   2.0667540129483018e-04 |   2.0667540129483018e-04 | 1
 15, 24 |   2.2609774476855133e-04 |   2.2609774476855133e-04 | 1
 15, 25 |   2.1653570866859214e-04 |   2.1653570866859214e-04 | 1
 15, 26 |   2.2035401026121879e-04 |   2.2035401026121879e-04 | 1
 15, 27 |  -5.7579685613624981e-05 |  -5.7579685613624981e-05 | 1
 15, 28 |   2.2552693795459857e-04 |   2.2552693795459857e-04 | 1
 15, 29 |   2.3810791999760353e-04 |   2.3810791999760353e-04 | 1
 15, 30 |   2.1491632172236075e-04 |   2.1491632172236075e-04 | 1
 15, 31 |   2.1426047941420834e-04 |   2.1426047941420834e-04 | 1
 15, 32 |  -2.5932662147866458e-04 |  -2.5932662147866458e-04 | 1
 15, 33 |   1.0872880327217683e-03 |   1.0872880327217683e-03 | 1
 15, 34 |   1.2693010942269441e-04 |   1.2693010942269441e-04 | 1
 15, 35 |  -3.5760203553205124e-05 |  -3.5760203553205124e-05 | 1
 15, 36 |  -3.1285812752321488e-05 |  -3.1285812752321488e-05 | 1
 15, 37 |  -2.4247601646190615e-05 |  -2.4247601646190615e-05 | 1
 15, 38 |  -4.8463079450781159e-06 |  -4.8463079450781159e-06 | 1
 15, 39 |  -2.7663695057771330e-05 |  -2.7663695057771330e-05 | 1
 15, 40 |  -3.2445729608197166e-08 |  -3.2445729608197166e-08 | 1
 15, 41 |  -2.4299755112388974e-05 |  -2.4299755112388974e-05 | 1
 15, 42 |   9.3709821693968870e-07 |   9.3709821693968870e-07 | 1
 15, 43 |   1.9525101717182046e-04 |   1.9525101717182046e-04 | 1
 15, 44 |   2.7810250439567249e-04 |   2.7810250439567249e-04 | 1
 16,  1 |   1.7372126820448607e-04 |   1.7372126820448607e-04 | 1
 16,  2 |   1.8489951696474329e-04 |   1.8489951696474329e-04 | 1
 16,  3 |   1.7627714896712942e-04 |   1.7627714896712942e-04 | 1
 16,  4 |   1.8505961188984555e-04 |   1.8505961188984555e-04 | 1
 16,  5 |   1.6602113762532165e-04 |   1.6602113762532165e-04 | 1
 16,  6 |   1.4564951069038657e-04 |   1.4564951069038657e-04 | 1
 16,  7 |   1.6076457446904084e-04 |   1.6076457446904084e-04 | 1
 16,  8 |   1.9124396228841810e-04 |   1.9124396228841810e-04 | 1
 16,  9 |   1.5865876505284909e-04 |   1.5865876505284909e-04 | 1
 16, 10 |   2.4417459914102601e-04 |   2.4417459914102601e-04 | 1
 16, 11 |   1.9783876130751894e-04 |   1.9783876130751894e-04 | 1
 16, 12 |   1.5679536586697381e-04 |   1.5679536586697381e-04 | 1
 16, 13 |   1.5451102561213261e-04 |   1.5451102561213261e-04 | 1
 16, 14 |   2.4210759916067759e-04 |   2.4210759916067759e-04 | 1
 16, 15 |   2.9953904944756934e-04 |   2.9953904944756934e-04 | 1
 16, 16 |   3.0247244215312512e-03 |   3.0247244215312512e-03 | 1
 16, 17 |   1.8503407631849971e-04 |   1.8503407631849971e-04 | 1
 16, 18 |   1.5734138449753816e-04 |   1.5734138449753816e-04 | 1
 16, 19 |   2.3927434864789266e-04 |   2.3927434864789266e-04 | 1
 16, 20 |   1.8552001479008523e-04 |   1.8552001479008523e-04 | 1
 16, 21 |   1.4012481801926381e-04 |   1.4012481801926381e-04 | 1
 16, 22 |   1.6141749623677622e-04 |   1.6141749623677622e-04 | 1
 16, 23 |   2.0149235992091046e-04 |   2.0149235992091046e-04 | 1
 16, 24 |   2.0538276558928331e-04 |   2.0538276558928331e-04 | 1
 16, 25 |   1.8701352347428752e-04 |   1.8701352347428752e-04 | 1
 16, 26 |   2.0192874821665862e-04 |   2.0192874821665862e-04 | 1
 16, 27 |   2.4731135545964810e-04 |   2.4731135545964810e-04 | 1
 16, 28 |   2.2778016003053672e-04 |   2.2778016003053672e-04 | 1
 16, 29 |   2.0305790210774642e-04 |   2.0305790210774642e-04 | 1
 16, 30 |   2.1879475139868285e-04 |   2.1879475139868285e-04 | 1
 16, 31 |   2.1093131791110123e-04 |   2.1093131791110123e-04 | 1
 16, 32 |  -7.9058609063376815e-05 |  -7.9058609063376815e-05 | 1
 16, 33 |   9.7401753723866630e-05 |   9.7401753723866630e-05 | 1
 16, 34 |   3.1825109690650970e-04 |   3.1825109690650970e-04 | 1
 16, 35 |  -4.3358423205943658e-06 |  -4.3358423205943658e-06 | 1
 16, 36 |  -1.0516114596266934e-06 |  -1.0516114596266934e-06 | 1
 16, 37 |   1.2212297322702135e-05 |   1.2212297322702135e-05 | 1
 16, 38 |   2.2991926126862107e-05 |   2.2991926126862107e-05 | 1
 16, 39 |  -3.9573848629340033e-05 |  -3.9573848629340033e-05 | 1
 16, 40 |  -2.5336478463984551e-08 |  -2.5336478463984551e-08 | 1
 16, 41 |  -2.9915144395881347e-05 |  -2.9915144395881347e-05 | 1
 16, 42 |   1.3205091620429565e-06 |   1.3205091620429565e-06 | 1
 16, 43 |   1.7271789491520229e-04 |   1.7271789491520229e-04 | 1
 16, 44 |   9.6655802224939854e-05 |   9.6655802224939854e-05 | 1
 17,  1 |   1.8657626944776145e-04 |   1.8657626944776145e-04 | 1
 17,  2 |   1.9460080030625927e-04 |   1.9460080030625927e-04 | 1
 17,  3 |   1.8252006556318274e-04 |   1.8252006556318274e-04 | 1
 17,  4 |   1.8297614279448138e-04 |   1.8297614279448138e-04 | 1
 17,  5 |   2.3010993924875041e-04 |   2.3010993924875041e-04 | 1
 17,  6 |   1.8251924030776400e-04 |   1.8251924030776400e-04 | 1
 17,  7 |   1.4594481066722981e-04 |   1.4594481066722981e-04 | 1
 17,  8 |   1.7743693887673737e-04 |   1.7743693887673737e-04 | 1
 17,  9 |   1.7541583425681765e-04 |   1.7541583425681765e-04 | 1
 17, 10 |   2.0464507694624478e-04 |   2.0464507694624478e-04 | 1
 17, 11 |   3.4980280264808230e-04 |   3.4980280264808230e-04 | 1
 17, 12 |   1.5710994528928590e-04 |   1.5710994528928590e-04 | 1
 17, 13 |   1.8105406434279112e-04 |   1.8105406434279112e-04 | 1
 17, 14 |   2.0467886949757406e-04 |   2.0467886949757406e-04 | 1
 17, 15 |   2.1414674508994142e-04 |   2.1414674508994142e-04 | 1
 17, 16 |   1.8503407631849971e-04 |   1.8503407631849971e-04 | 1
 17, 17 |   4.0085459169618819e-03 |   4.0085459169618819e-03 | 1
 17, 18 |   2.0006447193781122e-04 |   2.0006447193781122e-04 | 1
 17, 19 |   2.2272380853996017e-04 |   2.2272380853996017e-04 | 1
 17, 20 |   2.0274648435857553e-04 |   2.0274648435857553e-04 | 1
 17, 21 |   1.8956227788841028e-04 |   1.8956227788841028e-04 | 1
 17, 22 |   1.5635975268337931e-04 |   1.5635975268337931e-04 | 1
 17, 23 |   2.1219613969983544e-04 |   2.1219613969983544e-04 | 1
 17, 24 |   2.0919824816556577e-04 |   2.0919824816556577e-04 | 1
 17, 25 |   1.9361177435533506e-04 |   1.9361177435533506e-04 | 1
 17, 26 |   2.4139316563697821e-04 |   2.4139316563697821e-04 | 1
 17, 27 |   2.2634400115652227e-04 |   2.2634400115652227e-04 | 1
 17, 28 |   2.2338904161846768e-04 |   2.2338904161846768e-04 | 1
 17, 29 |   2.2152600371333920e-04 |   2.2152600371333920e-04 | 1
 17, 30 |   2.1993122726497933e-04 |   2.1993122726497933e-04 | 1
 17, 31 |   2.2314606017916555e-04 |   2.2314606017916555e-04 | 1
 17, 32 |   1.2818456135739285e-05 |   1.2818456135739285e-05 | 1
 17, 33 |  -7.2884564616463422e-05 |  -7.2884564616463422e-05 | 1
 17, 34 |   2.3993567850689047e-04 |   2.3993567850689047e-04 | 1
 17, 35 |  -4.3420601262901556e-05 |  -4.3420601262901556e-05 | 1
 17, 36 |  -4.5162155675641553e-05 |  -4.5162155675641553e-05 | 1
 17, 37 |  -3.7121660794201894e-05 |  -3.7121660794201894e-05 | 1
 17, 38 |  -2.9719111741151848e-05 |  -2.9719111741151848e-05 | 1
 17, 39 |  -3.3090812804665631e-05 |  -3.3090812804665631e-05 | 1
 17, 40 |  -2.4313644536497934e-08 |  -2.4313644536497934e-08 | 1
 17, 41 |  -2.5828503190708601e-05 |  -2.5828503190708601e-05 | 1
 17, 42 |   1.1871387838745503e-06 |   1.1871387838745503e-06 | 1
 17, 43 |   1.9228690782201324e-04 |   1.9228690782201324e-04 | 1
 17, 44 |   7.1185606794313741e-07 |   7.1185606794313741e-07 | 1
 18,  1 |   1.8339633614510459e-04 |   1.8339633614510459e-04 | 1
 18,  2 |   1.9705830974459936e-04 |   1.9705830974459936e-04 | 1
 18,  3 |   1.8389039466720308e-04 |   1.8389039466720308e-04 | 1
 18,  4 |   1.7790281346689418e-04 |   1.7790281346689418e-04 | 1
 18,  5 |   2.6802272486420190e-04 |   2.6802272486420190e-04 | 1
 18,  6 |   1.8369206666495559e-04 |   1.8369206666495559e-04 | 1
 18,  7 |   1.2966760597468705e-04 |   1.2966760597468705e-04 | 1
 18,  8 |   1.6854226558902052e-04 |   1.6854226558902052e-04 | 1
 18,  9 |   1.6810445597832853e-04 |   1.6810445597832853e-04 | 1
 18, 10 |   1.8683964463442237e-04 |   1.8683964463442237e-04 | 1
 18, 11 |  -1.2710254055979639e-04 |  -1.2710254055979639e-04 | 1
 18, 12 |   1.6727861072858232e-04 |   1.6727861072858232e-04 | 1
 18, 13 |   1.7184112332029646e-04 |   1.7184112332029646e-04 | 1
 18, 14 |   2.1274429866756633e-04 |   2.1274429866756633e-04 | 1
 18, 15 |   1.7829684370584904e-04 |   1.7829684370584904e-04 | 1
 18, 16 |   1.5734138449753816e-04 |   1.5734138449753816e-04 | 1
 18, 17 |   2.0006447193781122e-04 |   2.0006447193781122e-04 | 1
 18, 18 |   1.4258263455933687e-02 |   1.4258263455933687e-02 | 1
 18, 19 |   2.1739927207872872e-04 |   2.1739927207872872e-04 | 1
 18, 20 |   2.0656658992206111e-04 |   2.0656658992206111e-04 | 1
 18, 21 |   1.9457713260845547e-04 |   1.9457713260845547e-04 | 1
 18, 22 |   4.9769475890839503e-05 |   4.9769475890839503e-05 | 1
 18, 23 |   2.0857514558975365e-04 |   2.0857514558975365e-04 | 1
 18, 24 |   1.9470259386136692e-04 |   1.9470259386136692e-04 | 1
 18, 25 |   1.8359473721495212e-04 |   1.8359473721495212e-04 | 1
 18, 26 |   2.5538569142309283e-04 |   2.5538569142309283e-04 | 1
 18, 27 |   5.8211076779191548e-05 |   5.8211076779191548e-05 | 1
 18, 28 |   1.9280229517514258e-04 |   1.9280229517514258e-04 | 1
 18, 29 |   2.1494528464450810e-04 |   2.1494528464450810e-04 | 1
 18, 30 |   1.8886936527752257e-04 |   1.8886936527752257e-04 | 1
 18, 31 |   1.9947820624360572e-04 |   1.9947820624360572e-04 | 1
 18, 32 |   4.2974203320551542e-05 |   4.2974203320551542e-05 | 1
 18, 33 |   1.5262904427223268e-04 |   1.5262904427223268e-04 | 1
 18, 34 |   3.6400197977214074e-05 |   3.6400197977214074e-05 | 1
 18, 35 |  -5.4377208187528826e-05 |  -5.4377208187528826e-05 | 1
 18, 36 |  -5.6847265095569607e-05 |  -5.6847265095569607e-05 | 1
 18, 37 |  -4.7830144787313867e-05 |  -4.7830144787313867e-05 | 1
 18, 38 |  -3.1622325945002884e-05 |  -3.1622325945002884e-05 | 1
 18, 39 |  -1.6863468231739965e-05 |  -1.6863468231739965e-05 | 1
 18, 40 |  -2.2844370877812568e-08 |  -2.2844370877812568e-08 | 1
 18, 41 |  -2.7298945472973721e-05 |  -2.7298945472973721e-05 | 1
 18, 42 |   1.3239274655225197e-06 |   1.3239274655225197e-06 | 1
 18, 43 |   1.9092643620761051e-04 |   1.9092643620761051e-04 | 1
 18, 44 |  -3.2578934046085552e-05 |  -3.2578934046085552e-05 | 1
 19,  1 |   2.0457145815710391e-04 |   2.0457145815710391e-04 | 1
 19,  2 |   2.1539558463783349e-04 |   2.1539558463783349e-04 | 1
 19,  3 |   2.0495444499611765e-04 |   2.0495444499611765e-04 | 1
 19,  4 |   2.1237717659649429e-04 |   2.1237717659649429e-04 | 1
 19,  5 |   2.2426057211812181e-04 |   2.2426057211812181e-04 | 1
 19,  6 |   1.6243023302796257e-04 |   1.6243023302796257e-04 | 1
 19,  7 |   1.6998431951628580e-04 |   1.6998431951628580e-04 | 1
 19,  8 |   2.0885499402266557e-04 |   2.0885499402266557e-04 | 1
 19,  9 |   1.8006586017856112e-04 |   1.8006586017856112e-04 | 1
 19, 10 |   2.7017333680992627e-04 |   2.7017333680992627e-04 | 1
 19, 11 |  -8.5976653314163244e-05 |  -8.5976653314163244e-05 | 1
 19, 12 |   1.7440145765091957e-04 |   1.7440145765091957e-04 | 1
 19, 13 |   1.8341214781621978e-04 |   1.8341214781621978e-04 | 1
 19, 14 |   2.8006660402348855e-04 |   2.8006660402348855e-04 | 1
 19, 15 |   3.2988605082966182e-04 |   3.2988605082966182e-04 | 1
 19, 16 |   2.3927434864789266e-04 |   2.3927434864789266e-04 | 1
 19, 17 |   2.2272380853996017e-04 |   2.2272380853996017e-04 | 1
 19, 18 |   2.1739927207872872e-04 |   2.1739927207872872e-04 | 1
 19, 19 |   3.2770582059758246e-02 |   3.2770582059758246e-02 | 1
 19, 20 |   2.1991443226699573e-04 |   2.1991443226699573e-04 | 1
 19, 21 |   1.7871583040613445e-04 |   1.7871583040613445e-04 | 1
 19, 22 |   1.1028336330590745e-04 |   1.1028336330590745e-04 | 1
 19, 23 |   2.3438329289438958e-04 |   2.3438329289438958e-04 | 1
 19, 24 |   2.3909774640519922e-04 |   2.3909774640519922e-04 | 1
 19, 25 |   2.0867306052457888e-04 |   2.0867306052457888e-04 | 1
 19, 26 |   2.5074720402247291e-04 |   2.5074720402247291e-04 | 1
 19, 27 |   1.4947204878206546e-04 |   1.4947204878206546e-04 | 1
 19, 28 |   2.4312580978937750e-04 |   2.4312580978937750e-04 | 1
 19, 29 |   2.3834501957061818e-04 |   2.3834501957061818e-04 | 1
 19, 30 |   2.3321014711630002e-04 |   2.3321014711630002e-04 | 1
 19, 31 |   2.3508256299061955e-04 |   2.3508256299061955e-04 | 1
 19, 32 |  -7.1762465917508074e-05 |  -7.1762465917508074e-05 | 1
 19, 33 |   2.7741616684918491e-04 |   2.7741616684918491e-04 | 1
 19, 34 |   2.2110935750503218e-04 |   2.2110935750503218e-04 | 1
 19, 35 |  -4.5895117902214576e-05 |  -4.5895117902214576e-05 | 1
 19, 36 |  -3.9825459356146917e-05 |  -3.9825459356146917e-05 | 1
 19, 37 |  -2.5970662254092491e-05 |  -2.5970662254092491e-05 | 1
 19, 38 |  -1.0011254047009271e-05 |  -1.0011254047009271e-05 | 1
 19, 39 |  -3.4409400406435752e-05 |  -3.4409400406435752e-05 | 1
 19, 40 |  -2.6048311512964383e-08 |  -2.6048311512964383e-08 | 1
 19, 41 |  -3.2974356402279501e-05 |  -3.2974356402279501e-05 | 1
 19, 42 |   1.6088585061454360e-06 |   1.6088585061454360e-06 | 1
 19, 43 |   2.0843808119652696e-04 |   2.0843808119652696e-04 | 1
 19, 44 |   8.4371418188943268e-05 |   8.4371418188943268e-05 | 1
 20,  1 |   1.8642304349356570e-04 |   1.8642304349356570e-04 | 1
 20,  2 |   2.0010327632946249e-04 |   2.0010327632946249e-04 | 1
 20,  3 |   1.8930873092713664e-04 |   1.8930873092713664e-04 | 1
 20,  4 |   1.8878611973499528e-04 |   1.8878611973499528e-04 | 1
 20,  5 |   2.3183686301796603e-04 |   2.3183686301796603e-04 | 1
 20,  6 |   1.9594221619592867e-04 |   1.9594221619592867e-04 | 1
 20,  7 |   1.4673266855675564e-04 |   1.4673266855675564e-04 | 1
 20,  8 |   1.8604829197768749e-04 |   1.8604829197768749e-04 | 1
 20,  9 |   1.7262943526508175e-04 |   1.7262943526508175e-04 | 1
 20, 10 |   2.0476657791846268e-04 |   2.0476657791846268e-04 | 1
 20, 11 |   3.6661761848121521e-04 |   3.6661761848121521e-04 | 1
 20, 12 |   1.6863246953124168e-04 |   1.6863246953124168e-04 | 1
 20, 13 |   1.7240455038214765e-04 |   1.7240455038214765e-04 | 1
 20, 14 |   2.0403301861863474e-04 |   2.0403301861863474e-04 | 1
 20, 15 |   2.0223878648360089e-04 |   2.0223878648360089e-04 | 1
 20, 16 |   1.8552001479008523e-04 |   1.8552001479008523e-04 | 1
 20, 17 |   2.0274648435857553e-04 |   2.0274648435857553e-04 | 1
 20, 18 |   2.0656658992206111e-04 |   2.0656658992206111e-04 | 1
 20, 19 |   2.1991443226699573e-04 |   2.1991443226699573e-04 | 1
 20, 20 |   8.6735820758468470e-03 |   8.6735820758468470e-03 | 1
 20, 21 |   1.9086178821104159e-04 |   1.9086178821104159e-04 | 1
 20, 22 |   1.7188396160747570e-04 |   1.7188396160747570e-04 | 1
 20, 23 |   2.1566664208903780e-04 |   2.1566664208903780e-04 | 1
 20, 24 |   2.1962522045899200e-04 |   2.1962522045899200e-04 | 1
 20, 25 |   1.9121013501706505e-04 |   1.9121013501706505e-04 | 1
 20, 26 |   2.4781850171171841e-04 |   2.4781850171171841e-04 | 1
 20, 27 |   2.3969812375209000e-04 |   2.3969812375209000e-04 | 1
 20, 28 |   2.2971995780219292e-04 |   2.2971995780219292e-04 | 1
 20, 29 |   2.1798622228961741e-04 |   2.1798622228961741e-04 | 1
 20, 30 |   2.1854321008214666e-04 |   2.1854321008214666e-04 | 1
 20, 31 |   2.1641395068883087e-04 |   2.1641395068883087e-04 | 1
 20, 32 |   2.3500670654004328e-05 |   2.3500670654004328e-05 | 1
 20, 33 |  -9.2870928898798738e-05 |  -9.2870928898798738e-05 | 1
 20, 34 |   2.3617515321568285e-04 |   2.3617515321568285e-04 | 1
 20, 35 |  -5.3828050546443232e-05 |  -5.3828050546443232e-05 | 1
 20, 36 |  -4.8442462458298159e-05 |  -4.8442462458298159e-05 | 1
 20, 37 |  -2.9266555589420479e-05 |  -2.9266555589420479e-05 | 1
 20, 38 |  -2.0559024196311463e-05 |  -2.0559024196311463e-05 | 1
 20, 39 |  -3.6202349077141084e-05 |  -3.6202349077141084e-05 | 1
 20, 40 |  -2.1536518705374315e-08 |  -2.1536518705374315e-08 | 1
 20, 41 |  -2.5608055961985472e-05 |  -2.5608055961985472e-05 | 1
 20, 42 |   1.0685668838910993e-06 |   1.0685668838910993e-06 | 1
 20, 43 |   1.9386892950373026e-04 |   1.9386892950373026e-04 | 1
 20, 44 |  -6.0199168507691623e-06 |  -6.0199168507691623e-06 | 1
 21,  1 |   1.7317428495684700e-04 |   1.7317428495684700e-04 | 1
 21,  2 |   1.8246621353169607e-04 |   1.8246621353169607e-04 | 1
 21,  3 |   1.6776292688094684e-04 |   1.6776292688094684e-04 | 1
 21,  4 |   1.6111862170065534e-04 |   1.6111862170065534e-04 | 1
 21,  5 |   2.4422105929158058e-04 |   2.4422105929158058e-04 | 1
 21,  6 |   2.0220486110796194e-04 |   2.0220486110796194e-04 | 1
 21,  7 |   1.1891383424513415e-04 |   1.1891383424513415e-04 | 1
 21,  8 |   1.5956406837731250e-04 |   1.5956406837731250e-04 | 1
 21,  9 |   1.6553447892020260e-04 |   1.6553447892020260e-04 | 1
 21, 10 |   1.5674588222636717e-04 |   1.5674588222636717e-04 | 1
 21, 11 |   6.5484769054438184e-04 |   6.5484769054438184e-04 | 1
 21, 12 |   1.4686964086939129e-04 |   1.4686964086939129e-04 | 1
 21, 13 |   1.7755640089206135e-04 |   1.7755640089206135e-04 | 1
 21, 14 |   1.4733446847595179e-04 |   1.4733446847595179e-04 | 1
 21, 15 |   1.2516220689079281e-04 |   1.2516220689079281e-04 | 1
 21, 16 |   1.4012481801926381e-04 |   1.4012481801926381e-04 | 1
 21, 17 |   1.8956227788841028e-04 |   1.8956227788841028e-04 | 1
 21, 18 |   1.9457713260845547e-04 |   1.9457713260845547e-04 | 1
 21, 19 |   1.7871583040613445e-04 |   1.7871583040613445e-04 | 1
 21, 20 |   1.9086178821104159e-04 |   1.9086178821104159e-04 | 1
 21, 21 |   2.4908081485151414e-02 |   2.4908081485151414e-02 | 1
 21, 22 |   1.8126641758903385e-04 |   1.8126641758903385e-04 | 1
 21, 23 |   1.9456479397621257e-04 |   1.9456479397621257e-04 | 1
 21, 24 |   1.9611459163101772e-04 |   1.9611459163101772e-04 | 1
 21, 25 |   1.8128123149283035e-04 |   1.8128123149283035e-04 | 1
 21, 26 |   2.3773793921817564e-04 |   2.3773793921817564e-04 | 1
 21, 27 |   2.7734644449968471e-04 |   2.7734644449968471e-04 | 1
 21, 28 |   2.0139235116314733e-04 |   2.0139235116314733e-04 | 1
 21, 29 |   2.0532771687812706e-04 |   2.0532771687812706e-04 | 1
 21, 30 |   2.0762295024893328e-04 |   2.0762295024893328e-04 | 1
 21, 31 |   2.0698351276165838e-04 |   2.0698351276165838e-04 | 1
 21, 32 |   7.8106090844523284e-05 |   7.8106090844523284e-05 | 1
 21, 33 |  -3.2130265384807733e-04 |  -3.2130265384807733e-04 | 1
 21, 34 |   2.3731202906512731e-04 |   2.3731202906512731e-04 | 1
 21, 35 |  -5.3259954325396024e-05 |  -5.3259954325396024e-05 | 1
 21, 36 |  -4.6892133809025937e-05 |  -4.6892133809025937e-05 | 1
 21, 37 |  -5.0060604193249067e-05 |  -5.0060604193249067e-05 | 1
 21, 38 |  -4.1776618848435659e-05 |  -4.1776618848435659e-05 | 1
 21, 39 |  -2.3710888268476191e-05 |  -2.3710888268476191e-05 | 1
 21, 40 |  -2.2004126101464565e-08 |  -2.2004126101464565e-08 | 1
 21, 41 |  -2.2124304701094847e-05 |  -2.2124304701094847e-05 | 1
 21, 42 |   9.8281867494389404e-07 |   9.8281867494389404e-07 | 1
 21, 43 |   1.8017792334595360e-04 |   1.8017792334595360e-04 | 1
 21, 44 |  -6.4398155673252273e-05 |  -6.4398155673252273e-05 | 1
 22,  1 |   1.3698591180287306e-04 |   1.3698591180287306e-04 | 1
 22,  2 |   1.4676442589092509e-04 |   1.4676442589092509e-04 | 1
 22,  3 |   1.0052593959534100e-04 |   1.0052593959534100e-04 | 1
 22,  4 |   1.3015589624037956e-04 |   1.3015589624037956e-04 | 1
 22,  5 |  -1.7201547225024917e-05 |  -1.7201547225024917e-05 | 1
 22,  6 |   2.8108231596964849e-04 |   2.8108231596964849e-04 | 1
 22,  7 |   5.5901295887231938e-05 |   5.5901295887231938e-05 | 1
 22,  8 |   1.3432984460308745e-04 |   1.3432984460308745e-04 | 1
 22,  9 |   1.5045915714803780e-04 |   1.5045915714803780e-04 | 1
 22, 10 |   1.1876596922891798e-04 |   1.1876596922891798e-04 | 1
 22, 11 |   4.9627642252269549e-03 |   4.9627642252269549e-03 | 1
 22, 12 |   2.3248543949855304e-05 |   2.3248543949855304e-05 | 1
 22, 13 |   1.6169399488722577e-04 |   1.6169399488722577e-04 | 1
 22, 14 |  -9.8280089932263677e-05 |  -9.8280089932263677e-05 | 1
 22, 15 |   2.2402611612508997e-05 |   2.2402611612508997e-05 | 1
 22, 16 |   1.6141749623677622e-04 |   1.6141749623677622e-04 | 1
 22, 17 |   1.5635975268337931e-04 |   1.5635975268337931e-04 | 1
 22, 18 |   4.9769475890839503e-05 |   4.9769475890839503e-05 | 1
 22, 19 |   1.1028336330590745e-04 |   1.1028336330590745e-04 | 1
 22, 20 |   1.7188396160747570e-04 |   1.7188396160747570e-04 | 1
 22, 21 |   1.8126641758903385e-04 |   1.8126641758903385e-04 | 1
 22, 22 |   4.6303537521969959e-02 |   4.6303537521969959e-02 | 1
 22, 23 |   1.5025378824441428e-04 |   1.5025378824441428e-04 | 1
 22, 24 |   2.3627924497060689e-04 |   2.3627924497060689e-04 | 1
 22, 25 |   1.7671858484996232e-04 |   1.7671858484996232e-04 | 1
 22, 26 |   1.6016103336112113e-04 |   1.6016103336112113e-04 | 1
 22, 27 |   1.5710966971072974e-03 |   1.5710966971072974e-03 | 1
 22, 28 |   3.6172121718593283e-04 |   3.6172121718593283e-04 | 1
 22, 29 |   1.6884428899876662e-04 |   1.6884428899876662e-04 | 1
 22, 30 |   3.5578929678570584e-04 |   3.5578929678570584e-04 | 1
 22, 31 |   2.5686518957586206e-04 |   2.5686518957586206e-04 | 1
 22, 32 |   7.1992826987597161e-05 |   7.1992826987597161e-05 | 1
 22, 33 |  -2.7239272780756672e-03 |  -2.7239272780756672e-03 | 1
 22, 34 |   1.6128345512278161e-03 |   1.6128345512278161e-03 | 1
 22, 35 |  -6.5215716787448208e-05 |  -6.5215716787448208e-05 | 1
 22, 36 |  -5.1369366805916006e-05 |  -5.1369366805916006e-05 | 1
 22, 37 |  -3.3111902066471279e-05 |  -3.3111902066471279e-05 | 1
 22, 38 |  -3.3350163770681394e-05 |  -3.3350163770681394e-05 | 1
 22, 39 |  -2.4501545829350300e-05 |  -2.4501545829350300e-05 | 1
 22, 40 |  -1.7954054464237851e-08 |  -1.7954054464237851e-08 | 1
 22, 41 |  -1.1062625066628177e-05 |  -1.1062625066628177e-05 | 1
 22, 42 |   2.2709779245905107e-07 |   2.2709779245905107e-07 | 1
 22, 43 |   1.4551087128223327e-04 |   1.4551087128223327e-04 | 1
 22, 44 |  -5.5519874093681477e-05 |  -5.5519874093681477e-05 | 1
 23,  1 |   1.9711795755800399e-04 |   1.9711795755800399e-04 | 1
 23,  2 |   2.0980525806002146e-04 |   2.0980525806002146e-04 | 1
 23,  3 |   1.9765084979566798e-04 |   1.9765084979566798e-04 | 1
 23,  4 |   1.9648959959393887e-04 |   1.9648959959393887e-04 | 1
 23,  5 |   2.6711063654991400e-04 |   2.6711063654991400e-04 | 1
 23,  6 |   2.0670039296614761e-04 |   2.0670039296614761e-04 | 1
 23,  7 |   1.4681185447888386e-04 |   1.4681185447888386e-04 | 1
 23,  8 |   1.9944219383107693e-04 |   1.9944219383107693e-04 | 1
 23,  9 |   1.7944358127016332e-04 |   1.7944358127016332e-04 | 1
 23, 10 |   2.1110731360739145e-04 |   2.1110731360739145e-04 | 1
 23, 11 |   3.5435600709858735e-04 |   3.5435600709858735e-04 | 1
 23, 12 |   1.7199999241153808e-04 |   1.7199999241153808e-04 | 1
 23, 13 |   1.9082793263840102e-04 |   1.9082793263840102e-04 | 1
 23, 14 |   2.1678199756719561e-04 |   2.1678199756719561e-04 | 1
 23, 15 |   2.0667540129483018e-04 |   2.0667540129483018e-04 | 1
 23, 16 |   2.0149235992091046e-04 |   2.0149235992091046e-04 | 1
 23, 17 |   2.1219613969983544e-04 |   2.1219613969983544e-04 | 1
 23, 18 |   2.0857514558975365e-04 |   2.0857514558975365e-04 | 1
 23, 19 |   2.3438329289438958e-04 |   2.3438329289438958e-04 | 1
 23, 20 |   2.1566664208903780e-04 |   2.1566664208903780e-04 | 1
 23, 21 |   1.9456479397621257e-04 |   1.9456479397621257e-04 | 1
 23, 22 |   1.5025378824441428e-04 |   1.5025378824441428e-04 | 1
 23, 23 |   1.7928863630099025e-02 |   1.7928863630099025e-02 | 1
 23, 24 |   2.3142809968077136e-04 |   2.3142809968077136e-04 | 1
 23, 25 |   1.9766547922200954e-04 |   1.9766547922200954e-04 | 1
 23, 26 |   2.5174135033084451e-04 |   2.5174135033084451e-04 | 1
 23, 27 |   2.3193738973320194e-04 |   2.3193738973320194e-04 | 1
 23, 28 |   2.2667185438369816e-04 |   2.2667185438369816e-04 | 1
 23, 29 |   2.2700793282621475e-04 |   2.2700793282621475e-04 | 1
 23, 30 |   2.2023887031478651e-04 |   2.2023887031478651e-04 | 1
 23, 31 |   2.2988796350307031e-04 |   2.2988796350307031e-04 | 1
 23, 32 |   2.4721995950281067e-05 |   2.4721995950281067e-05 | 1
 23, 33 |  -7.7606714557868525e-05 |  -7.7606714557868525e-05 | 1
 23, 34 |   2.3056080031297549e-04 |   2.3056080031297549e-04 | 1
 23, 35 |  -4.2311466252228729e-05 |  -4.2311466252228729e-05 | 1
 23, 36 |  -2.4295047474675853e-05 |  -2.4295047474675853e-05 | 1
 23, 37 |  -1.5248074299767118e-05 |  -1.5248074299767118e-05 | 1
 23, 38 |  -1.2818934606989848e-05 |  -1.2818934606989848e-05 | 1
 23, 39 |  -3.5070907489426088e-05 |  -3.5070907489426088e-05 | 1
 23, 40 |  -2.5840936999101503e-08 |  -2.5840936999101503e-08 | 1
 23, 41 |  -3.1857319267418692e-05 |  -3.1857319267418692e-05 | 1
 23, 42 |   1.5140566300799843e-06 |   1.5140566300799843e-06 | 1
 23, 43 |   1.9946158549532600e-04 |   1.9946158549532600e-04 | 1
 23, 44 |  -9.6366384503954336e-06 |  -9.6366384503954336e-06 | 1
 24,  1 |   1.9311504514058880e-04 |   1.9311504514058880e-04 | 1
 24,  2 |   2.0450074476625733e-04 |   2.0450074476625733e-04 | 1
 24,  3 |   1.9244747687363311e-04 |   1.9244747687363311e-04 | 1
 24,  4 |   1.9468903038649582e-04 |   1.9468903038649582e-04 | 1
 24,  5 |   2.2245986057162264e-04 |   2.2245986057162264e-04 | 1
 24,  6 |   2.0447280275046731e-04 |   2.0447280275046731e-04 | 1
 24,  7 |   1.4988668445014024e-04 |   1.4988668445014024e-04 | 1
 24,  8 |   1.9588726400692901e-04 |   1.9588726400692901e-04 | 1
 24,  9 |   1.7620901987178080e-04 |   1.7620901987178080e-04 | 1
 24, 10 |   2.2296736018763010e-04 |   2.2296736018763010e-04 | 1
 24, 11 |   6.9355862969403817e-04 |   6.9355862969403817e-04 | 1
 24, 12 |   1.5116323014385612e-04 |   1.5116323014385612e-04 | 1
 24, 13 |   1.8216763073149281e-04 |   1.8216763073149281e-04 | 1
 24, 14 |   2.0494559417515119e-04 |   2.0494559417515119e-04 | 1
 24, 15 |   2.2609774476855133e-04 |   2.2609774476855133e-04 | 1
 24, 16 |   2.0538276558928331e-04 |   2.0538276558928331e-04 | 1
 24, 17 |   2.0919824816556577e-04 |   2.0919824816556577e-04 | 1
 24, 18 |   1.9470259386136692e-04 |   1.9470259386136692e-04 | 1
 24, 19 |   2.3909774640519922e-04 |   2.3909774640519922e-04 | 1
 24, 20 |   2.1962522045899200e-04 |   2.1962522045899200e-04 | 1
 24, 21 |   1.9611459163101772e-04 |   1.9611459163101772e-04 | 1
 24, 22 |   2.3627924497060689e-04 |   2.3627924497060689e-04 | 1
 24, 23 |   2.3142809968077136e-04 |   2.3142809968077136e-04 | 1
 24, 24 |   3.9795831153799964e-03 |   3.9795831153799964e-03 | 1
 24, 25 |   1.9816162131103157e-04 |   1.9816162131103157e-04 | 1
 24, 26 |   2.4151271154792273e-04 |   2.4151271154792273e-04 | 1
 24, 27 |   3.4690320198875376e-04 |   3.4690320198875376e-04 | 1
 24, 28 |   2.4243167073781377e-04 |   2.4243167073781377e-04 | 1
 24, 29 |   2.2573534958167821e-04 |   2.2573534958167821e-04 | 1
 24, 30 |   2.4135854992132289e-04 |   2.4135854992132289e-04 | 1
 24, 31 |   2.3131884819997830e-04 |   2.3131884819997830e-04 | 1
 24, 32 |  -1.0289198692079186e-06 |  -1.0289198692079186e-06 | 1
 24, 33 |  -2.3708265071884513e-04 |  -2.3708265071884513e-04 | 1
 24, 34 |   3.7245555615420054e-04 |   3.7245555615420054e-04 | 1
 24, 35 |  -5.7401296040314592e-05 |  -5.7401296040314592e-05 | 1
 24, 36 |  -3.5787314146487972e-05 |  -3.5787314146487972e-05 | 1
 24, 37 |  -2.7419514993320805e-05 |  -2.7419514993320805e-05 | 1
 24, 38 |  -2.0653702396610947e-05 |  -2.0653702396610947e-05 | 1
 24, 39 |  -3.5424481207769620e-05 |  -3.5424481207769620e-05 | 1
 24, 40 |  -2.4083363186762458e-08 |  -2.4083363186762458e-08 | 1
 24, 41 |  -2.8050564362634097e-05 |  -2.8050564362634097e-05 | 1
 24, 42 |   1.2677418520376908e-06 |   1.2677418520376908e-06 | 1
 24, 43 |   1.9803939250196564e-04 |   1.9803939250196564e-04 | 1
 24, 44 |   1.6034168083434252e-05 |   1.6034168083434252e-05 | 1
 25,  1 |   1.7817621020336730e-04 |   1.7817621020336730e-04 | 1
 25,  2 |   1.8615784702896772e-04 |   1.8615784702896772e-04 | 1
 25,  3 |   1.7368454136633364e-04 |   1.7368454136633364e-04 | 1
 25,  4 |   1.7456603368467446e-04 |   1.7456603368467446e-04 | 1
 25,  5 |   2.1518716346074872e-04 |   2.1518716346074872e-04 | 1
 25,  6 |   1.7956281730865887e-04 |   1.7956281730865887e-04 | 1
 25,  7 |   1.4368702794819905e-04 |   1.4368702794819905e-04 | 1
 25,  8 |   1.7205326208544327e-04 |   1.7205326208544327e-04 | 1
 25,  9 |   1.7002358918880993e-04 |   1.7002358918880993e-04 | 1
 25, 10 |   2.0452203273697099e-04 |   2.0452203273697099e-04 | 1
 25, 11 |   4.6411700221573129e-04 |   4.6411700221573129e-04 | 1
 25, 12 |   1.5434628967857188e-04 |   1.5434628967857188e-04 | 1
 25, 13 |   1.7500532650268244e-04 |   1.7500532650268244e-04 | 1
 25, 14 |   1.9389186662968215e-04 |   1.9389186662968215e-04 | 1
 25, 15 |   2.1653570866859214e-04 |   2.1653570866859214e-04 | 1
 25, 16 |   1.8701352347428752e-04 |   1.8701352347428752e-04 | 1
 25, 17 |   1.9361177435533506e-04 |   1.9361177435533506e-04 | 1
 25, 18 |   1.8359473721495212e-04 |   1.8359473721495212e-04 | 1
 25, 19 |   2.0867306052457888e-04 |   2.0867306052457888e-04 | 1
 25, 20 |   1.9121013501706505e-04 |   1.9121013501706505e-04 | 1
 25, 21 |   1.8128123149283035e-04 |   1.8128123149283035e-04 | 1
 25, 22 |   1.7671858484996232e-04 |   1.7671858484996232e-04 | 1
 25, 23 |   1.9766547922200954e-04 |   1.9766547922200954e-04 | 1
 25, 24 |   1.9816162131103157e-04 |   1.9816162131103157e-04 | 1
 25, 25 |   1.2401201391849609e-02 |   1.2401201391849609e-02 | 1
 25, 26 |   2.3334001170071902e-04 |   2.3334001170071902e-04 | 1
 25, 27 |   2.7808501306376667e-04 |   2.7808501306376667e-04 | 1
 25, 28 |   2.2272339735925642e-04 |   2.2272339735925642e-04 | 1
 25, 29 |   2.1827420877282178e-04 |   2.1827420877282178e-04 | 1
 25, 30 |   2.2333043304774940e-04 |   2.2333043304774940e-04 | 1
 25, 31 |   2.2588814825272270e-04 |   2.2588814825272270e-04 | 1
 25, 32 |   1.0081277863022725e-05 |   1.0081277863022725e-05 | 1
 25, 33 |  -1.4923388206316304e-04 |  -1.4923388206316304e-04 | 1
 25, 34 |   2.8747157073634878e-04 |   2.8747157073634878e-04 | 1
 25, 35 |  -2.8621837484224984e-05 |  -2.8621837484224984e-05 | 1
 25, 36 |  -3.4204307544318693e-05 |  -3.4204307544318693e-05 | 1
 25, 37 |  -2.8875029200990147e-05 |  -2.8875029200990147e-05 | 1
 25, 38 |  -2.2429867251323366e-05 |  -2.2429867251323366e-05 | 1
 25, 39 |  -2.7953558685836111e-05 |  -2.7953558685836111e-05 | 1
 25, 40 |  -2.5652685915575661e-08 |  -2.5652685915575661e-08 | 1
 25, 41 |  -2.3945462512657983e-05 |  -2.3945462512657983e-05 | 1
 25, 42 |   9.8881286623627290e-07 |   9.8881286623627290e-07 | 1
 25, 43 |   1.8317105621167386e-04 |   1.8317105621167386e-04 | 1
 25, 44 |   7.2533843681058096e-06 |   7.2533843681058096e-06 | 1
 26,  1 |   2.2123708398605584e-04 |   2.2123708398605584e-04 | 1
 26,  2 |   2.3371864607573452e-04 |   2.3371864607573452e-04 | 1
 26,  3 |   2.2006951995532490e-04 |   2.2006951995532490e-04 | 1
 26,  4 |   2.1476733721852278e-04 |   2.1476733721852278e-04 | 1
 26,  5 |   2.8520512046240266e-04 |   2.8520512046240266e-04 | 1
 26,  6 |   2.3027956901349535e-04 |   2.3027956901349535e-04 | 1
 26,  7 |   1.8576211144977504e-04 |   1.8576211144977504e-04 | 1
 26,  8 |   2.0770654665911678e-04 |   2.0770654665911678e-04 | 1
 26,  9 |   2.1716982970863493e-04 |   2.1716982970863493e-04 | 1
 26, 10 |   2.2142485416800240e-04 |   2.2142485416800240e-04 | 1
 26, 11 |   2.9776159070170436e-04 |   2.9776159070170436e-04 | 1
 26, 12 |   2.0146611541663548e-04 |   2.0146611541663548e-04 | 1
 26, 13 |   2.1560758570369690e-04 |   2.1560758570369690e-04 | 1
 26, 14 |   2.3722051226513695e-04 |   2.3722051226513695e-04 | 1
 26, 15 |   2.2035401026121879e-04 |   2.2035401026121879e-04 | 1
 26, 16 |   2.0192874821665862e-04 |   2.0192874821665862e-04 | 1
 26, 17 |   2.4139316563697821e-04 |   2.4139316563697821e-04 | 1
 26, 18 |   2.5538569142309283e-04 |   2.5538569142309283e-04 | 1
 26, 19 |   2.5074720402247291e-04 |   2.5074720402247291e-04 | 1
 26, 20 |   2.4781850171171841e-04 |   2.4781850171171841e-04 | 1
 26, 21 |   2.3773793921817564e-04 |   2.3773793921817564e-04 | 1
 26, 22 |   1.6016103336112113e-04 |   1.6016103336112113e-04 | 1
 26, 23 |   2.5174135033084451e-04 |   2.5174135033084451e-04 | 1
 26, 24 |   2.4151271154792273e-04 |   2.4151271154792273e-04 | 1
 26, 25 |   2.3334001170071902e-04 |   2.3334001170071902e-04 | 1
 26, 26 |   2.4724516686444899e-02 |   2.4724516686444899e-02 | 1
 26, 27 |   2.2890476216309220e-04 |   2.2890476216309220e-04 | 1
 26, 28 |   2.5855653306626388e-04 |   2.5855653306626388e-04 | 1
 26, 29 |   2.6060344850195171e-04 |   2.6060344850195171e-04 | 1
 26, 30 |   2.5731183861725385e-04 |   2.5731183861725385e-04 | 1
 26, 31 |   2.5879279544762128e-04 |   2.5879279544762128e-04 | 1
 26, 32 |   4.9177785452610112e-05 |   4.9177785452610112e-05 | 1
 26, 33 |  -6.4494125976456679e-05 |  -6.4494125976456679e-05 | 1
 26, 34 |   2.0925815917504845e-04 |   2.0925815917504845e-04 | 1
 26, 35 |  -5.3540536816860094e-05 |  -5.3540536816860094e-05 | 1
 26, 36 |  -6.0569902913273631e-05 |  -6.0569902913273631e-05 | 1
 26, 37 |  -5.2839132131017716e-05 |  -5.2839132131017716e-05 | 1
 26, 38 |  -3.6386900712398601e-05 |  -3.6386900712398601e-05 | 1
 26, 39 |  -3.1106258811775163e-05 |  -3.1106258811775163e-05 | 1
 26, 40 |  -2.7223308977783673e-08 |  -2.7223308977783673e-08 | 1
 26, 41 |  -3.0298406724392433e-05 |  -3.0298406724392433e-05 | 1
 26, 42 |   1.3183458647337803e-06 |   1.3183458647337803e-06 | 1
 26, 43 |   2.3072402673772133e-04 |   2.3072402673772133e-04 | 1
 26, 44 |  -3.0384906248634335e-05 |  -3.0384906248634335e-05 | 1
 27,  1 |   2.0355036087414325e-04 |   2.0355036087414325e-04 | 1
 27,  2 |   2.2367127935794042e-04 |   2.2367127935794042e-04 | 1
 27,  3 |   1.6277319705666792e-04 |   1.6277319705666792e-04 | 1
 27,  4 |   1.8360428403282680e-04 |   1.8360428403282680e-04 | 1
 27,  5 |  -7.3850015859339306e-05 |  -7.3850015859339306e-05 | 1
 27,  6 |   4.7588509681411987e-04 |   4.7588509681411987e-04 | 1
 27,  7 |   4.8055354269679361e-05 |   4.8055354269679361e-05 | 1
 27,  8 |   2.0471617767130529e-04 |   2.0471617767130529e-04 | 1
 27,  9 |   2.3564023368576628e-04 |   2.3564023368576628e-04 | 1
 27, 10 |   1.5039935488651954e-04 |   1.5039935488651954e-04 | 1
 27, 11 |   8.6323759079359880e-03 |   8.6323759079359880e-03 | 1
 27, 12 |   4.3326789724881936e-05 |   4.3326789724881936e-05 | 1
 27, 13 |   2.6234338330306665e-04 |   2.6234338330306665e-04 | 1
 27, 14 |  -2.0936285442263181e-04 |  -2.0936285442263181e-04 | 1
 27, 15 |  -5.7579685613624981e-05 |  -5.7579685613624981e-05 | 1
 27, 16 |   2.4731135545964810e-04 |   2.4731135545964810e-04 | 1
 27, 17 |   2.2634400115652227e-04 |   2.2634400115652227e-04 | 1
 27, 18 |   5.8211076779191548e-05 |   5.8211076779191548e-05 | 1
 27, 19 |   1.4947204878206546e-04 |   1.4947204878206546e-04 | 1
 27, 20 |   2.3969812375209000e-04 |   2.3969812375209000e-04 | 1
 27, 21 |   2.7734644449968471e-04 |   2.7734644449968471e-04 | 1
 27, 22 |   1.5710966971072974e-03 |   1.5710966971072974e-03 | 1
 27, 23 |   2.3193738973320194e-04 |   2.3193738973320194e-04 | 1
 27, 24 |   3.4690320198875376e-04 |   3.4690320198875376e-04 | 1
 27, 25 |   2.7808501306376667e-04 |   2.7808501306376667e-04 | 1
 27, 26 |   2.2890476216309220e-04 |   2.2890476216309220e-04 | 1
 27, 27 |   6.5448628749195117e-02 |   6.5448628749195117e-02 | 1
 27, 28 |   5.6752917357457962e-04 |   5.6752917357457962e-04 | 1
 27, 29 |   2.5291249237899911e-04 |   2.5291249237899911e-04 | 1
 27, 30 |   5.8711187902623036e-04 |   5.8711187902623036e-04 | 1
 27, 31 |   4.1121384555455076e-04 |   4.1121384555455076e-04 | 1
 27, 32 |   1.4759975566887100e-04 |   1.4759975566887100e-04 | 1
 27, 33 |  -4.7990046543358190e-03 |  -4.7990046543358190e-03 | 1
 27, 34 |   2.7499616383657630e-03 |   2.7499616383657630e-03 | 1
 27, 35 |  -5.3868155772547727e-05 |  -5.3868155772547727e-05 | 1
 27, 36 |  -4.2336557444054576e-05 |  -4.2336557444054576e-05 | 1
 27, 37 |  -3.1507623301250696e-05 |  -3.1507623301250696e-05 | 1
 27, 38 |  -2.7541741615325560e-05 |  -2.7541741615325560e-05 | 1
 27, 39 |  -1.2930236362020867e-05 |  -1.2930236362020867e-05 | 1
 27, 40 |  -2.7405995189240742e-08 |  -2.7405995189240742e-08 | 1
 27, 41 |  -2.7835278952519091e-05 |  -2.7835278952519091e-05 | 1
 27, 42 |   1.0339972149484762e-06 |   1.0339972149484762e-06 | 1
 27, 43 |   2.1075437719139315e-04 |   2.1075437719139315e-04 | 1
 27, 44 |  -1.2305623845723147e-04 |  -1.2305623845723147e-04 | 1
 28,  1 |   2.0407350135424754e-04 |   2.0407350135424754e-04 | 1
 28,  2 |   2.1631105759135948e-04 |   2.1631105759135948e-04 | 1
 28,  3 |   1.9749665906320483e-04 |   1.9749665906320483e-04 | 1
 28,  4 |   2.0521273218584372e-04 |   2.0521273218584372e-04 | 1
 28,  5 |   1.8260789506580402e-04 |   1.8260789506580402e-04 | 1
 28,  6 |   2.2236122898293919e-04 |   2.2236122898293919e-04 | 1
 28,  7 |   1.5484430352628631e-04 |   1.5484430352628631e-04 | 1
 28,  8 |   1.9931551794023290e-04 |   1.9931551794023290e-04 | 1
 28,  9 |   1.9760903321414038e-04 |   1.9760903321414038e-04 | 1
 28, 10 |   2.3024341130725636e-04 |   2.3024341130725636e-04 | 1
 28, 11 |   1.4017492798824036e-03 |   1.4017492798824036e-03 | 1
 28, 12 |   1.6126473578563120e-04 |   1.6126473578563120e-04 | 1
 28, 13 |   1.9894891342146732e-04 |   1.9894891342146732e-04 | 1
 28, 14 |   1.8477497731930786e-04 |   1.8477497731930786e-04 | 1
 28, 15 |   2.2552693795459857e-04 |   2.2552693795459857e-04 | 1
 28, 16 |   2.2778016003053672e-04 |   2.2778016003053672e-04 | 1
 28, 17 |   2.2338904161846768e-04 |   2.2338904161846768e-04 | 1
 28, 18 |   1.9280229517514258e-04 |   1.9280229517514258e-04 | 1
 28, 19 |   2.4312580978937750e-04 |   2.4312580978937750e-04 | 1
 28, 20 |   2.2971995780219292e-04 |   2.2971995780219292e-04 | 1
 28, 21 |   2.0139235116314733e-04 |   2.0139235116314733e-04 | 1
 28, 22 |   3.6172121718593283e-04 |   3.6172121718593283e-04 | 1
 28, 23 |   2.2667185438369816e-04 |   2.2667185438369816e-04 | 1
 28, 24 |   2.4243167073781377e-04 |   2.4243167073781377e-04 | 1
 28, 25 |   2.2272339735925642e-04 |   2.2272339735925642e-04 | 1
 28, 26 |   2.5855653306626388e-04 |   2.5855653306626388e-04 | 1
 28, 27 |   5.6752917357457962e-04 |   5.6752917357457962e-04 | 1
 28, 28 |   8.7021855919579456e-03 |   8.7021855919579456e-03 | 1
 28, 29 |   2.4288224594715038e-04 |   2.4288224594715038e-04 | 1
 28, 30 |   2.8879380574599637e-04 |   2.8879380574599637e-04 | 1
 28, 31 |   2.6236946232937697e-04 |   2.6236946232937697e-04 | 1
 28, 32 |   2.6919995553576990e-06 |   2.6919995553576990e-06 | 1
 28, 33 |  -6.3189570319030735e-04 |  -6.3189570319030735e-04 | 1
 28, 34 |   6.1106169727095678e-04 |   6.1106169727095678e-04 | 1
 28, 35 |  -3.8591131026180869e-05 |  -3.8591131026180869e-05 | 1
 28, 36 |  -5.1128712073107173e-05 |  -5.1128712073107173e-05 | 1
 28, 37 |  -2.9105725539758434e-05 |  -2.9105725539758434e-05 | 1
 28, 38 |  -1.8296819423546448e-05 |  -1.8296819423546448e-05 | 1
 28, 39 |  -4.1589668085852371e-05 |  -4.1589668085852371e-05 | 1
 28, 40 |  -2.5311715123691454e-08 |  -2.5311715123691454e-08 | 1
 28, 41 |  -2.9231968394182672e-05 |  -2.9231968394182672e-05 | 1
 28, 42 |   1.2870147929596748e-06 |   1.2870147929596748e-06 | 1
 28, 43 |   2.1131718249481156e-04 |   2.1131718249481156e-04 | 1
 28, 44 |   1.4342160614663706e-05 |   1.4342160614663706e-05 | 1
 29,  1 |   2.0161880172644449e-04 |   2.0161880172644449e-04 | 1
 29,  2 |   2.1012828753021683e-04 |   2.1012828753021683e-04 | 1
 29,  3 |   1.9708344612897087e-04 |   1.9708344612897087e-04 | 1
 29,  4 |   1.9639137214769214e-04 |   1.9639137214769214e-04 | 1
 29,  5 |   2.4607199854086690e-04 |   2.4607199854086690e-04 | 1
 29,  6 |   1.9770637636302996e-04 |   1.9770637636302996e-04 | 1
 29,  7 |   1.6658186147194940e-04 |   1.6658186147194940e-04 | 1
 29,  8 |   1.9404633644853821e-04 |   1.9404633644853821e-04 | 1
 29,  9 |   1.9160407082038493e-04 |   1.9160407082038493e-04 | 1
 29, 10 |   2.2460204705819416e-04 |   2.2460204705819416e-04 | 1
 29, 11 |   3.5210034971828243e-04 |   3.5210034971828243e-04 | 1
 29, 12 |   1.7554771459605271e-04 |   1.7554771459605271e-04 | 1
 29, 13 |   1.9763760117868969e-04 |   1.9763760117868969e-04 | 1
 29, 14 |   2.2489422346422966e-04 |   2.2489422346422966e-04 | 1
 29, 15 |   2.3810791999760353e-04 |   2.3810791999760353e-04 | 1
 29, 16 |   2.0305790210774642e-04 |   2.0305790210774642e-04 | 1
 29, 17 |   2.2152600371333920e-04 |   2.2152600371333920e-04 | 1
 29, 18 |   2.1494528464450810e-04 |   2.1494528464450810e-04 | 1
 29, 19 |   2.3834501957061818e-04 |   2.3834501957061818e-04 | 1
 29, 20 |   2.1798622228961741e-04 |   2.1798622228961741e-04 | 1
 29, 21 |   2.0532771687812706e-04 |   2.0532771687812706e-04 | 1
 29, 22 |   1.6884428899876662e-04 |   1.6884428899876662e-04 | 1
 29, 23 |   2.2700793282621475e-04 |   2.2700793282621475e-04 | 1
 29, 24 |   2.2573534958167821e-04 |   2.2573534958167821e-04 | 1
 29, 25 |   2.1827420877282178e-04 |   2.1827420877282178e-04 | 1
 29, 26 |   2.6060344850195171e-04 |   2.6060344850195171e-04 | 1
 29, 27 |   2.5291249237899911e-04 |   2.5291249237899911e-04 | 1
 29, 28 |   2.4288224594715038e-04 |   2.4288224594715038e-04 | 1
 29, 29 |   9.7076163633660496e-03 |   9.7076163633660496e-03 | 1
 29, 30 |   2.3785205491390918e-04 |   2.3785205491390918e-04 | 1
 29, 31 |   2.4290698014680780e-04 |   2.4290698014680780e-04 | 1
 29, 32 |   1.0403495903213647e-05 |   1.0403495903213647e-05 | 1
 29, 33 |  -6.3136312673507474e-05 |  -6.3136312673507474e-05 | 1
 29, 34 |   2.6137528708386997e-04 |   2.6137528708386997e-04 | 1
 29, 35 |  -4.2636724315322059e-05 |  -4.2636724315322059e-05 | 1
 29, 36 |  -4.6667698496631987e-05 |  -4.6667698496631987e-05 | 1
 29, 37 |  -4.3633474323385819e-05 |  -4.3633474323385819e-05 | 1
 29, 38 |  -3.8269380294872181e-05 |  -3.8269380294872181e-05 | 1
 29, 39 |  -3.1707330965179159e-05 |  -3.1707330965179159e-05 | 1
 29, 40 |  -2.4433635024413917e-08 |  -2.4433635024413917e-08 | 1
 29, 41 |  -2.8747229764227993e-05 |  -2.8747229764227993e-05 | 1
 29, 42 |   1.2931578549373669e-06 |   1.2931578549373669e-06 | 1
 29, 43 |   2.0862086963662889e-04 |   2.0862086963662889e-04 | 1
 29, 44 |   7.2424044140999605e-06 |   7.2424044140999605e-06 | 1
 30,  1 |   1.9953568324904928e-04 |   1.9953568324904928e-04 | 1
 30,  2 |   2.1408359050670820e-04 |   2.1408359050670820e-04 | 1
 30,  3 |   1.8726888219305440e-04 |   1.8726888219305440e-04 | 1
 30,  4 |   1.9578752690002974e-04 |   1.9578752690002974e-04 | 1
 30,  5 |   1.9581515377513421e-04 |   1.9581515377513421e-04 | 1
 30,  6 |   2.3361292471979874e-04 |   2.3361292471979874e-04 | 1
 30,  7 |   1.4240328860517219e-04 |   1.4240328860517219e-04 | 1
 30,  8 |   1.9714701656280376e-04 |   1.9714701656280376e-04 | 1
 30,  9 |   1.9195340807333204e-04 |   1.9195340807333204e-04 | 1
 30, 10 |   2.2277674513716711e-04 |   2.2277674513716711e-04 | 1
 30, 11 |   1.4756761939810192e-03 |   1.4756761939810192e-03 | 1
 30, 12 |   1.5433283899124933e-04 |   1.5433283899124933e-04 | 1
 30, 13 |   1.9998280662770457e-04 |   1.9998280662770457e-04 | 1
 30, 14 |   1.7670184835738011e-04 |   1.7670184835738011e-04 | 1
 30, 15 |   2.1491632172236075e-04 |   2.1491632172236075e-04 | 1
 30, 16 |   2.1879475139868285e-04 |   2.1879475139868285e-04 | 1
 30, 17 |   2.1993122726497933e-04 |   2.1993122726497933e-04 | 1
 30, 18 |   1.8886936527752257e-04 |   1.8886936527752257e-04 | 1
 30, 19 |   2.3321014711630002e-04 |   2.3321014711630002e-04 | 1
 30, 20 |   2.1854321008214666e-04 |   2.1854321008214666e-04 | 1
 30, 21 |   2.0762295024893328e-04 |   2.0762295024893328e-04 | 1
 30, 22 |   3.5578929678570584e-04 |   3.5578929678570584e-04 | 1
 30, 23 |   2.2023887031478651e-04 |   2.2023887031478651e-04 | 1
 30, 24 |   2.4135854992132289e-04 |   2.4135854992132289e-04 | 1
 30, 25 |   2.2333043304774940e-04 |   2.2333043304774940e-04 | 1
 30, 26 |   2.5731183861725385e-04 |   2.5731183861725385e-04 | 1
 30, 27 |   5.8711187902623036e-04 |   5.8711187902623036e-04 | 1
 30, 28 |   2.8879380574599637e-04 |   2.8879380574599637e-04 | 1
 30, 29 |   2.3785205491390918e-04 |   2.3785205491390918e-04 | 1
 30, 30 |   1.0247038590435995e-02 |   1.0247038590435995e-02 | 1
 30, 31 |   2.5186784049230197e-04 |   2.5186784049230197e-04 | 1
 30, 32 |   1.2217265006177415e-05 |   1.2217265006177415e-05 | 1
 30, 33 |  -6.8565507396938018e-04 |  -6.8565507396938018e-04 | 1
 30, 34 |   6.1354095238080279e-04 |   6.1354095238080279e-04 | 1
 30, 35 |  -3.9691147562588935e-05 |  -3.9691147562588935e-05 | 1
 30, 36 |  -3.9739476975292752e-05 |  -3.9739476975292752e-05 | 1
 30, 37 |  -3.9281704757367596e-05 |  -3.9281704757367596e-05 | 1
 30, 38 |  -1.6399198980400113e-05 |  -1.6399198980400113e-05 | 1
 30, 39 |  -3.1250230059899991e-05 |  -3.1250230059899991e-05 | 1
 30, 40 |  -2.5906036861011961e-08 |  -2.5906036861011961e-08 | 1
 30, 41 |  -2.9479885165061847e-05 |  -2.9479885165061847e-05 | 1
 30, 42 |   1.3178845091202653e-06 |   1.3178845091202653e-06 | 1
 30, 43 |   2.0650880889859762e-04 |   2.0650880889859762e-04 | 1
 30, 44 |   4.6517228775478547e-06 |   4.6517228775478547e-06 | 1
 31,  1 |   2.0334163402131630e-04 |   2.0334163402131630e-04 | 1
 31,  2 |   2.1153712548808306e-04 |   2.1153712548808306e-04 | 1
 31,  3 |   1.9830375644303721e-04 |   1.9830375644303721e-04 | 1
 31,  4 |   1.9617855497093805e-04 |   1.9617855497093805e-04 | 1
 31,  5 |   2.3043303854098943e-04 |   2.3043303854098943e-04 | 1
 31,  6 |   2.1700470282314281e-04 |   2.1700470282314281e-04 | 1
 31,  7 |   1.5217478695430791e-04 |   1.5217478695430791e-04 | 1
 31,  8 |   1.9749095332257492e-04 |   1.9749095332257492e-04 | 1
 31,  9 |   1.9196395934183022e-04 |   1.9196395934183022e-04 | 1
 31, 10 |   2.2132239201559678e-04 |   2.2132239201559678e-04 | 1
 31, 11 |   8.7574056660596274e-04 |   8.7574056660596274e-04 | 1
 31, 12 |   1.7229874722070652e-04 |   1.7229874722070652e-04 | 1
 31, 13 |   2.0633791652686955e-04 |   2.0633791652686955e-04 | 1
 31, 14 |   1.9873724424928252e-04 |   1.9873724424928252e-04 | 1
 31, 15 |   2.1426047941420834e-04 |   2.1426047941420834e-04 | 1
 31, 16 |   2.1093131791110123e-04 |   2.1093131791110123e-04 | 1
 31, 17 |   2.2314606017916555e-04 |   2.2314606017916555e-04 | 1
 31, 18 |   1.9947820624360572e-04 |   1.9947820624360572e-04 | 1
 31, 19 |   2.3508256299061955e-04 |   2.3508256299061955e-04 | 1
 31, 20 |   2.1641395068883087e-04 |   2.1641395068883087e-04 | 1
 31, 21 |   2.0698351276165838e-04 |   2.0698351276165838e-04 | 1
 31, 22 |   2.5686518957586206e-04 |   2.5686518957586206e-04 | 1
 31, 23 |   2.2988796350307031e-04 |   2.2988796350307031e-04 | 1
 31, 24 |   2.3131884819997830e-04 |   2.3131884819997830e-04 | 1
 31, 25 |   2.2588814825272270e-04 |   2.2588814825272270e-04 | 1
 31, 26 |   2.5879279544762128e-04 |   2.5879279544762128e-04 | 1
 31, 27 |   4.1121384555455076e-04 |   4.1121384555455076e-04 | 1
 31, 28 |   2.6236946232937697e-04 |   2.6236946232937697e-04 | 1
 31, 29 |   2.4290698014680780e-04 |   2.4290698014680780e-04 | 1
 31, 30 |   2.5186784049230197e-04 |   2.5186784049230197e-04 | 1
 31, 31 |   2.0720599473535255e-02 |   2.0720599473535255e-02 | 1
 31, 32 |   1.8837797492855471e-05 |   1.8837797492855471e-05 | 1
 31, 33 |  -3.6523634484016381e-04 |  -3.6523634484016381e-04 | 1
 31, 34 |   4.2129635744341117e-04 |   4.2129635744341117e-04 | 1
 31, 35 |  -3.4212806577112355e-05 |  -3.4212806577112355e-05 | 1
 31, 36 |  -3.9658088293397095e-05 |  -3.9658088293397095e-05 | 1
 31, 37 |  -3.1977665843912662e-05 |  -3.1977665843912662e-05 | 1
 31, 38 |  -4.0744635565037863e-05 |  -4.0744635565037863e-05 | 1
 31, 39 |  -2.7362570326567108e-05 |  -2.7362570326567108e-05 | 1
 31, 40 |  -2.5142242087799249e-08 |  -2.5142242087799249e-08 | 1
 31, 41 |  -3.1624681136382086e-05 |  -3.1624681136382086e-05 | 1
 31, 42 |   1.4828695663747553e-06 |   1.4828695663747553e-06 | 1
 31, 43 |   2.0751210009511048e-04 |   2.0751210009511048e-04 | 1
 31, 44 |  -8.9706138182773843e-07 |  -8.9706138182773843e-07 | 1
 32,  1 |   1.4729411993841191e-05 |   1.4729411993841191e-05 | 1
 32,  2 |  -4.8095591378370943e-04 |  -4.8095591378370943e-04 | 1
 32,  3 |   1.4073387414952504e-05 |   1.4073387414952504e-05 | 1
 32,  4 |  -8.8466221656865778e-06 |  -8.8466221656865778e-06 | 1
 32,  5 |   1.1186821028833322e-04 |   1.1186821028833322e-04 | 1
 32,  6 |   1.2135953363450022e-04 |   1.2135953363450022e-04 | 1
 32,  7 |  -3.3179551803440765e-05 |  -3.3179551803440765e-05 | 1
 32,  8 |  -9.0083340560934333e-06 |  -9.0083340560934333e-06 | 1
 32,  9 |   3.6829915649773189e-05 |   3.6829915649773189e-05 | 1
 32, 10 |  -1.1715268130378973e-04 |  -1.1715268130378973e-04 | 1
 32, 11 |   8.9178427293355993e-04 |   8.9178427293355993e-04 | 1
 32, 12 |   3.0127308739113049e-05 |   3.0127308739113049e-05 | 1
 32, 13 |   4.2357062927005940e-05 |   4.2357062927005940e-05 | 1
 32, 14 |  -1.1176247136367410e-04 |  -1.1176247136367410e-04 | 1
 32, 15 |  -2.5932662147866458e-04 |  -2.5932662147866458e-04 | 1
 32, 16 |  -7.9058609063376815e-05 |  -7.9058609063376815e-05 | 1
 32, 17 |   1.2818456135739285e-05 |   1.2818456135739285e-05 | 1
 32, 18 |   4.2974203320551542e-05 |   4.2974203320551542e-05 | 1
 32, 19 |  -7.1762465917508074e-05 |  -7.1762465917508074e-05 | 1
 32, 20 |   2.3500670654004328e-05 |   2.3500670654004328e-05 | 1
 32, 21 |   7.8106090844523284e-05 |   7.8106090844523284e-05 | 1
 32, 22 |   7.1992826987597161e-05 |   7.1992826987597161e-05 | 1
 32, 23 |   2.4721995950281067e-05 |   2.4721995950281067e-05 | 1
 32, 24 |  -1.0289198692079186e-06 |  -1.0289198692079186e-06 | 1
 32, 25 |   1.0081277863022725e-05 |   1.0081277863022725e-05 | 1
 32, 26 |   4.9177785452610112e-05 |   4.9177785452610112e-05 | 1
 32, 27 |   1.4759975566887100e-04 |   1.4759975566887100e-04 | 1
 32, 28 |   2.6919995553576990e-06 |   2.6919995553576990e-06 | 1
 32, 29 |   1.0403495903213647e-05 |   1.0403495903213647e-05 | 1
 32, 30 |   1.2217265006177415e-05 |   1.2217265006177415e-05 | 1
 32, 31 |   1.8837797492855471e-05 |   1.8837797492855471e-05 | 1
 32, 32 |   4.7612335870556618e-04 |   4.7612335870556618e-04 | 1
 32, 33 |  -7.3588122063940515e-04 |  -7.3588122063940515e-04 | 1
 32, 34 |  -1.4885622556771076e-05 |  -1.4885622556771076e-05 | 1
 32, 35 |  -7.1656814843406301e-06 |  -7.1656814843406301e-06 | 1
 32, 36 |  -1.0925201362973751e-05 |  -1.0925201362973751e-05 | 1
 32, 37 |  -1.3955794389465593e-05 |  -1.3955794389465593e-05 | 1
 32, 38 |  -1.8850142811551949e-05 |  -1.8850142811551949e-05 | 1
 32, 39 |  -2.3522955669248259e-06 |  -2.3522955669248259e-06 | 1
 32, 40 |  -1.9153461394104839e-09 |  -1.9153461394104839e-09 | 1
 32, 41 |   2.6960547975924079e-07 |   2.6960547975924079e-07 | 1
 32, 42 |  -2.5050249314360207e-08 |  -2.5050249314360207e-08 | 1
 32, 43 |   1.6155426120515945e-05 |   1.6155426120515945e-05 | 1
 32, 44 |  -4.7488910840406127e-04 |  -4.7488910840406127e-04 | 1
 33,  1 |  -6.0152888965188723e-05 |  -6.0152888965188723e-05 | 1
 33,  2 |  -8.2859248524576895e-05 |  -8.2859248524576895e-05 | 1
 33,  3 |   2.7647548641509050e-05 |   2.7647548641509050e-05 | 1
 33,  4 |   2.6249438733112041e-05 |   2.6249438733112041e-05 | 1
 33,  5 |   3.4067527542384402e-04 |   3.4067527542384402e-04 | 1
 33,  6 |  -7.6405312488055295e-04 |  -7.6405312488055295e-04 | 1
 33,  7 |   2.9132609854381374e-04 |   2.9132609854381374e-04 | 1
 33,  8 |   6.1461198009295002e-06 |   6.1461198009295002e-06 | 1
 33,  9 |  -1.9087941249869042e-04 |  -1.9087941249869042e-04 | 1
 33, 10 |   3.9660549566066503e-04 |   3.9660549566066503e-04 | 1
 33, 11 |  -1.7283451478083793e-02 |  -1.7283451478083793e-02 | 1
 33, 12 |   1.9614893319327232e-04 |   1.9614893319327232e-04 | 1
 33, 13 |  -2.5458801758584091e-04 |  -2.5458801758584091e-04 | 1
 33, 14 |   1.0260972649736048e-03 |   1.0260972649736048e-03 | 1
 33, 15 |   1.0872880327217683e-03 |   1.0872880327217683e-03 | 1
 33, 16 |   9.7401753723866630e-05 |   9.7401753723866630e-05 | 1
 33, 17 |  -7.2884564616463422e-05 |  -7.2884564616463422e-05 | 1
 33, 18 |   1.5262904427223268e-04 |   1.5262904427223268e-04 | 1
 33, 19 |   2.7741616684918491e-04 |   2.7741616684918491e-04 | 1
 33, 20 |  -9.2870928898798738e-05 |  -9.2870928898798738e-05 | 1
 33, 21 |  -3.2130265384807733e-04 |  -3.2130265384807733e-04 | 1
 33, 22 |  -2.7239272780756672e-03 |  -2.7239272780756672e-03 | 1
 33, 23 |  -7.7606714557868525e-05 |  -7.7606714557868525e-05 | 1
 33, 24 |  -2.3708265071884513e-04 |  -2.3708265071884513e-04 | 1
 33, 25 |  -1.4923388206316304e-04 |  -1.4923388206316304e-04 | 1
 33, 26 |  -6.4494125976456679e-05 |  -6.4494125976456679e-05 | 1
 33, 27 |  -4.7990046543358190e-03 |  -4.7990046543358190e-03 | 1
 33, 28 |  -6.3189570319030735e-04 |  -6.3189570319030735e-04 | 1
 33, 29 |  -6.3136312673507474e-05 |  -6.3136312673507474e-05 | 1
 33, 30 |  -6.8565507396938018e-04 |  -6.8565507396938018e-04 | 1
 33, 31 |  -3.6523634484016381e-04 |  -3.6523634484016381e-04 | 1
 33, 32 |  -7.3588122063940515e-04 |  -7.3588122063940515e-04 | 1
 33, 33 |   1.0302304692173183e-02 |   1.0302304692173183e-02 | 1
 33, 34 |  -4.5692973882102226e-03 |  -4.5692973882102226e-03 | 1
 33, 35 |   6.4822485585626258e-05 |   6.4822485585626258e-05 | 1
 33, 36 |   6.9514684528329364e-05 |   6.9514684528329364e-05 | 1
 33, 37 |   6.4083873194883644e-05 |   6.4083873194883644e-05 | 1
 33, 38 |   6.9212177958579839e-05 |   6.9212177958579839e-05 | 1
 33, 39 |  -7.2462494914427020e-06 |  -7.2462494914427020e-06 | 1
 33, 40 |   5.4045487707502479e-09 |   5.4045487707502479e-09 | 1
 33, 41 |   1.1470693931431257e-06 |   1.1470693931431257e-06 | 1
 33, 42 |  -1.0803423569266437e-07 |  -1.0803423569266437e-07 | 1
 33, 43 |  -6.8678026689698569e-05 |  -6.8678026689698569e-05 | 1
 33, 44 |   7.3733534279353421e-04 |   7.3733534279353421e-04 | 1
 34,  1 |   2.1116239880606519e-04 |   2.1116239880606519e-04 | 1
 34,  2 |   2.2426517039815646e-04 |   2.2426517039815646e-04 | 1
 34,  3 |   1.6011674421904346e-04 |   1.6011674421904346e-04 | 1
 34,  4 |   2.0664497412198920e-04 |   2.0664497412198920e-04 | 1
 34,  5 |  -1.6144743432500749e-04 |  -1.6144743432500749e-04 | 1
 34,  6 |   4.0988766669518181e-04 |   4.0988766669518181e-04 | 1
 34,  7 |   6.7763227877800243e-05 |   6.7763227877800243e-05 | 1
 34,  8 |   2.1982462251091668e-04 |   2.1982462251091668e-04 | 1
 34,  9 |   2.2888444238358124e-04 |   2.2888444238358124e-04 | 1
 34, 10 |   2.3831929216721432e-04 |   2.3831929216721432e-04 | 1
 34, 11 |   8.5807658574753396e-03 |   8.5807658574753396e-03 | 1
 34, 12 |   1.3971200390090767e-05 |   1.3971200390090767e-05 | 1
 34, 13 |   2.5700793109759710e-04 |   2.5700793109759710e-04 | 1
 34, 14 |  -1.4038664611999333e-04 |  -1.4038664611999333e-04 | 1
 34, 15 |   1.2693010942269441e-04 |   1.2693010942269441e-04 | 1
 34, 16 |   3.1825109690650970e-04 |   3.1825109690650970e-04 | 1
 34, 17 |   2.3993567850689047e-04 |   2.3993567850689047e-04 | 1
 34, 18 |   3.6400197977214074e-05 |   3.6400197977214074e-05 | 1
 34, 19 |   2.2110935750503218e-04 |   2.2110935750503218e-04 | 1
 34, 20 |   2.3617515321568285e-04 |   2.3617515321568285e-04 | 1
 34, 21 |   2.3731202906512731e-04 |   2.3731202906512731e-04 | 1
 34, 22 |   1.6128345512278161e-03 |   1.6128345512278161e-03 | 1
 34, 23 |   2.3056080031297549e-04 |   2.3056080031297549e-04 | 1
 34, 24 |   3.7245555615420054e-04 |   3.7245555615420054e-04 | 1
 34, 25 |   2.8747157073634878e-04 |   2.8747157073634878e-04 | 1
 34, 26 |   2.0925815917504845e-04 |   2.0925815917504845e-04 | 1
 34, 27 |   2.7499616383657630e-03 |   2.7499616383657630e-03 | 1
 34, 28 |   6.1106169727095678e-04 |   6.1106169727095678e-04 | 1
 34, 29 |   2.6137528708386997e-04 |   2.6137528708386997e-04 | 1
 34, 30 |   6.1354095238080279e-04 |   6.1354095238080279e-04 | 1
 34, 31 |   4.2129635744341117e-04 |   4.2129635744341117e-04 | 1
 34, 32 |  -1.4885622556771076e-05 |  -1.4885622556771076e-05 | 1
 34, 33 |  -4.5692973882102226e-03 |  -4.5692973882102226e-03 | 1
 34, 34 |   4.0787867146252635e-03 |   4.0787867146252635e-03 | 1
 34, 35 |  -5.9910175824159432e-05 |  -5.9910175824159432e-05 | 1
 34, 36 |  -5.3777277384061707e-05 |  -5.3777277384061707e-05 | 1
 34, 37 |  -3.3304852588470301e-05 |  -3.3304852588470301e-05 | 1
 34, 38 |  -2.4031753900422729e-05 |  -2.4031753900422729e-05 | 1
 34, 39 |  -3.1386304775850262e-05 |  -3.1386304775850262e-05 | 1
 34, 40 |  -2.6634341144832719e-08 |  -2.6634341144832719e-08 | 1
 34, 41 |  -2.9688177048129512e-05 |  -2.9688177048129512e-05 | 1
 34, 42 |   1.2859595555764917e-06 |   1.2859595555764917e-06 | 1
 34, 43 |   2.1822337054893992e-04 |   2.1822337054893992e-04 | 1
 34, 44 |   3.2835718773496085e-05 |   3.2835718773496085e-05 | 1
 35,  1 |  -3.4792147948805864e-05 |  -3.4792147948805864e-05 | 1
 35,  2 |  -3.2913757758362610e-05 |  -3.2913757758362610e-05 | 1
 35,  3 |  -3.1916611261324818e-05 |  -3.1916611261324818e-05 | 1
 35,  4 |  -3.2747202845079279e-05 |  -3.2747202845079279e-05 | 1
 35,  5 |  -4.1733572176837176e-05 |  -4.1733572176837176e-05 | 1
 35,  6 |  -3.5846229657112956e-05 |  -3.5846229657112956e-05 | 1
 35,  7 |  -2.2869090891232550e-05 |  -2.2869090891232550e-05 | 1
 35,  8 |  -2.3860861784974123e-05 |  -2.3860861784974123e-05 | 1
 35,  9 |  -2.6796559071649719e-05 |  -2.6796559071649719e-05 | 1
 35, 10 |  -3.6798976901420132e-05 |  -3.6798976901420132e-05 | 1
 35, 11 |  -1.7253992392225119e-04 |  -1.7253992392225119e-04 | 1
 35, 12 |  -2.7763845339661231e-06 |  -2.7763845339661231e-06 | 1
 35, 13 |  -3.3762809084345941e-05 |  -3.3762809084345941e-05 | 1
 35, 14 |  -2.1303900114114601e-05 |  -2.1303900114114601e-05 | 1
 35, 15 |  -3.5760203553205124e-05 |  -3.5760203553205124e-05 | 1
 35, 16 |  -4.3358423205943658e-06 |  -4.3358423205943658e-06 | 1
 35, 17 |  -4.3420601262901556e-05 |  -4.3420601262901556e-05 | 1
 35, 18 |  -5.4377208187528826e-05 |  -5.4377208187528826e-05 | 1
 35, 19 |  -4.5895117902214576e-05 |  -4.5895117902214576e-05 | 1
 35, 20 |  -5.3828050546443232e-05 |  -5.3828050546443232e-05 | 1
 35, 21 |  -5.3259954325396024e-05 |  -5.3259954325396024e-05 | 1
 35, 22 |  -6.5215716787448208e-05 |  -6.5215716787448208e-05 | 1
 35, 23 |  -4.2311466252228729e-05 |  -4.2311466252228729e-05 | 1
 35, 24 |  -5.7401296040314592e-05 |  -5.7401296040314592e-05 | 1
 35, 25 |  -2.8621837484224984e-05 |  -2.8621837484224984e-05 | 1
 35, 26 |  -5.3540536816860094e-05 |  -5.3540536816860094e-05 | 1
 35, 27 |  -5.3868155772547727e-05 |  -5.3868155772547727e-05 | 1
 35, 28 |  -3.8591131026180869e-05 |  -3.8591131026180869e-05 | 1
 35, 29 |  -4.2636724315322059e-05 |  -4.2636724315322059e-05 | 1
 35, 30 |  -3.9691147562588935e-05 |  -3.9691147562588935e-05 | 1
 35, 31 |  -3.4212806577112355e-05 |  -3.4212806577112355e-05 | 1
 35, 32 |  -7.1656814843406301e-06 |  -7.1656814843406301e-06 | 1
 35, 33 |   6.4822485585626258e-05 |   6.4822485585626258e-05 | 1
 35, 34 |  -5.9910175824159432e-05 |  -5.9910175824159432e-05 | 1
 35, 35 |   6.4682262050032134e-05 |   6.4682262050032134e-05 | 1
 35, 36 |   5.1182319493210966e-05 |   5.1182319493210966e-05 | 1
 35, 37 |   5.0353906781529567e-05 |   5.0353906781529567e-05 | 1
 35, 38 |   5.0779566788217606e-05 |   5.0779566788217606e-05 | 1
 35, 39 |  -1.5233635674335047e-07 |  -1.5233635674335047e-07 | 1
 35, 40 |  -1.5489398392853870e-09 |  -1.5489398392853870e-09 | 1
 35, 41 |  -9.0346905803297033e-07 |  -9.0346905803297033e-07 | 1
 35, 42 |   3.9160392261570187e-08 |   3.9160392261570187e-08 | 1
 35, 43 |  -4.3825459237317087e-05 |  -4.3825459237317087e-05 | 1
 35, 44 |   7.9766788797854862e-06 |   7.9766788797854862e-06 | 1
 36,  1 |  -3.3549874937550484e-05 |  -3.3549874937550484e-05 | 1
 36,  2 |  -3.0944004823880662e-05 |  -3.0944004823880662e-05 | 1
 36,  3 |  -2.7416052830646080e-05 |  -2.7416052830646080e-05 | 1
 36,  4 |  -3.0096959130938078e-05 |  -3.0096959130938078e-05 | 1
 36,  5 |  -2.5006436942464162e-05 |  -2.5006436942464162e-05 | 1
 36,  6 |  -2.1447085500754839e-05 |  -2.1447085500754839e-05 | 1
 36,  7 |  -2.0175507864457190e-05 |  -2.0175507864457190e-05 | 1
 36,  8 |  -1.1181737532560791e-05 |  -1.1181737532560791e-05 | 1
 36,  9 |  -3.1143092423040178e-05 |  -3.1143092423040178e-05 | 1
 36, 10 |  -3.1088039930316403e-05 |  -3.1088039930316403e-05 | 1
 36, 11 |  -1.5976186336786282e-04 |  -1.5976186336786282e-04 | 1
 36, 12 |  -1.1277422275674647e-05 |  -1.1277422275674647e-05 | 1
 36, 13 |  -3.3658651859250587e-05 |  -3.3658651859250587e-05 | 1
 36, 14 |  -1.7795115186742755e-05 |  -1.7795115186742755e-05 | 1
 36, 15 |  -3.1285812752321488e-05 |  -3.1285812752321488e-05 | 1
 36, 16 |  -1.0516114596266934e-06 |  -1.0516114596266934e-06 | 1
 36, 17 |  -4.5162155675641553e-05 |  -4.5162155675641553e-05 | 1
 36, 18 |  -5.6847265095569607e-05 |  -5.6847265095569607e-05 | 1
 36, 19 |  -3.9825459356146917e-05 |  -3.9825459356146917e-05 | 1
 36, 20 |  -4.8442462458298159e-05 |  -4.8442462458298159e-05 | 1
 36, 21 |  -4.6892133809025937e-05 |  -4.6892133809025937e-05 | 1
 36, 22 |  -5.1369366805916006e-05 |  -5.1369366805916006e-05 | 1
 36, 23 |  -2.4295047474675853e-05 |  -2.4295047474675853e-05 | 1
 36, 24 |  -3.5787314146487972e-05 |  -3.5787314146487972e-05 | 1
 36, 25 |  -3.4204307544318693e-05 |  -3.4204307544318693e-05 | 1
 36, 26 |  -6.0569902913273631e-05 |  -6.0569902913273631e-05 | 1
 36, 27 |  -4.2336557444054576e-05 |  -4.2336557444054576e-05 | 1
 36, 28 |  -5.1128712073107173e-05 |  -5.1128712073107173e-05 | 1
 36, 29 |  -4.6667698496631987e-05 |  -4.6667698496631987e-05 | 1
 36, 30 |  -3.9739476975292752e-05 |  -3.9739476975292752e-05 | 1
 36, 31 |  -3.9658088293397095e-05 |  -3.9658088293397095e-05 | 1
 36, 32 |  -1.0925201362973751e-05 |  -1.0925201362973751e-05 | 1
 36, 33 |   6.9514684528329364e-05 |   6.9514684528329364e-05 | 1
 36, 34 |  -5.3777277384061707e-05 |  -5.3777277384061707e-05 | 1
 36, 35 |   5.1182319493210966e-05 |   5.1182319493210966e-05 | 1
 36, 36 |   6.9097692081648520e-05 |   6.9097692081648520e-05 | 1
 36, 37 |   5.7628417123068912e-05 |   5.7628417123068912e-05 | 1
 36, 38 |   5.8210687462614972e-05 |   5.8210687462614972e-05 | 1
 36, 39 |  -5.3406845239035388e-07 |  -5.3406845239035388e-07 | 1
 36, 40 |  -2.5802091463048405e-09 |  -2.5802091463048405e-09 | 1
 36, 41 |  -1.5833047496063260e-06 |  -1.5833047496063260e-06 | 1
 36, 42 |   6.4844140696887834e-08 |   6.4844140696887834e-08 | 1
 36, 43 |  -4.5160331386823521e-05 |  -4.5160331386823521e-05 | 1
 36, 44 |   1.2335485878341807e-05 |   1.2335485878341807e-05 | 1
 37,  1 |  -2.4549436401336026e-05 |  -2.4549436401336026e-05 | 1
 37,  2 |  -1.9841443447975909e-05 |  -1.9841443447975909e-05 | 1
 37,  3 |  -1.4048245973988963e-05 |  -1.4048245973988963e-05 | 1
 37,  4 |  -1.3990217311576377e-05 |  -1.3990217311576377e-05 | 1
 37,  5 |  -3.2352567091592887e-05 |  -3.2352567091592887e-05 | 1
 37,  6 |  -1.8819550396289509e-05 |  -1.8819550396289509e-05 | 1
 37,  7 |  -1.5422881841361268e-05 |  -1.5422881841361268e-05 | 1
 37,  8 |  -9.6336562797900777e-07 |  -9.6336562797900777e-07 | 1
 37,  9 |  -2.5635572940033864e-05 |  -2.5635572940033864e-05 | 1
 37, 10 |  -2.4916169636770000e-05 |  -2.4916169636770000e-05 | 1
 37, 11 |  -1.4833097214902487e-04 |  -1.4833097214902487e-04 | 1
 37, 12 |   5.5798865610539039e-06 |   5.5798865610539039e-06 | 1
 37, 13 |  -3.2221638958989683e-05 |  -3.2221638958989683e-05 | 1
 37, 14 |  -1.0597095083059285e-05 |  -1.0597095083059285e-05 | 1
 37, 15 |  -2.4247601646190615e-05 |  -2.4247601646190615e-05 | 1
 37, 16 |   1.2212297322702135e-05 |   1.2212297322702135e-05 | 1
 37, 17 |  -3.7121660794201894e-05 |  -3.7121660794201894e-05 | 1
 37, 18 |  -4.7830144787313867e-05 |  -4.7830144787313867e-05 | 1
 37, 19 |  -2.5970662254092491e-05 |  -2.5970662254092491e-05 | 1
 37, 20 |  -2.9266555589420479e-05 |  -2.9266555589420479e-05 | 1
 37, 21 |  -5.0060604193249067e-05 |  -5.0060604193249067e-05 | 1
 37, 22 |  -3.3111902066471279e-05 |  -3.3111902066471279e-05 | 1
 37, 23 |  -1.5248074299767118e-05 |  -1.5248074299767118e-05 | 1
 37, 24 |  -2.7419514993320805e-05 |  -2.7419514993320805e-05 | 1
 37, 25 |  -2.8875029200990147e-05 |  -2.8875029200990147e-05 | 1
 37, 26 |  -5.2839132131017716e-05 |  -5.2839132131017716e-05 | 1
 37, 27 |  -3.1507623301250696e-05 |  -3.1507623301250696e-05 | 1
 37, 28 |  -2.9105725539758434e-05 |  -2.9105725539758434e-05 | 1
 37, 29 |  -4.3633474323385819e-05 |  -4.3633474323385819e-05 | 1
 37, 30 |  -3.9281704757367596e-05 |  -3.9281704757367596e-05 | 1
 37, 31 |  -3.1977665843912662e-05 |  -3.1977665843912662e-05 | 1
 37, 32 |  -1.3955794389465593e-05 |  -1.3955794389465593e-05 | 1
 37, 33 |   6.4083873194883644e-05 |   6.4083873194883644e-05 | 1
 37, 34 |  -3.3304852588470301e-05 |  -3.3304852588470301e-05 | 1
 37, 35 |   5.0353906781529567e-05 |   5.0353906781529567e-05 | 1
 37, 36 |   5.7628417123068912e-05 |   5.7628417123068912e-05 | 1
 37, 37 |   7.7477850884039257e-05 |   7.7477850884039257e-05 | 1
 37, 38 |   6.8400271256434560e-05 |   6.8400271256434560e-05 | 1
 37, 39 |  -1.6957637556860444e-06 |  -1.6957637556860444e-06 | 1
 37, 40 |  -5.3691719764081540e-09 |  -5.3691719764081540e-09 | 1
 37, 41 |  -3.3023185851667847e-06 |  -3.3023185851667847e-06 | 1
 37, 42 |   1.3611235491219869e-07 |   1.3611235491219869e-07 | 1
 37, 43 |  -3.8301654777157656e-05 |  -3.8301654777157656e-05 | 1
 37, 44 |   1.5447680978158679e-05 |   1.5447680978158679e-05 | 1
 38,  1 |  -1.7838263992978192e-05 |  -1.7838263992978192e-05 | 1
 38,  2 |  -5.5607710274724905e-06 |  -5.5607710274724905e-06 | 1
 38,  3 |  -9.8512402793625156e-06 |  -9.8512402793625156e-06 | 1
 38,  4 |  -5.3077082157794294e-06 |  -5.3077082157794294e-06 | 1
 38,  5 |  -2.5999863136065279e-05 |  -2.5999863136065279e-05 | 1
 38,  6 |  -6.8045653927087199e-06 |  -6.8045653927087199e-06 | 1
 38,  7 |  -1.5878648977658057e-05 |  -1.5878648977658057e-05 | 1
 38,  8 |   7.1561718449674583e-06 |   7.1561718449674583e-06 | 1
 38,  9 |  -1.7749713722691403e-05 |  -1.7749713722691403e-05 | 1
 38, 10 |  -1.3720705404887091e-05 |  -1.3720705404887091e-05 | 1
 38, 11 |  -1.3265859912806299e-04 |  -1.3265859912806299e-04 | 1
 38, 12 |   1.3015457476693382e-05 |   1.3015457476693382e-05 | 1
 38, 13 |  -3.0037476442281058e-05 |  -3.0037476442281058e-05 | 1
 38, 14 |   8.8686337397337395e-06 |   8.8686337397337395e-06 | 1
 38, 15 |  -4.8463079450781159e-06 |  -4.8463079450781159e-06 | 1
 38, 16 |   2.2991926126862107e-05 |   2.2991926126862107e-05 | 1
 38, 17 |  -2.9719111741151848e-05 |  -2.9719111741151848e-05 | 1
 38, 18 |  -3.1622325945002884e-05 |  -3.1622325945002884e-05 | 1
 38, 19 |  -1.0011254047009271e-05 |  -1.0011254047009271e-05 | 1
 38, 20 |  -2.0559024196311463e-05 |  -2.0559024196311463e-05 | 1
 38, 21 |  -4.1776618848435659e-05 |  -4.1776618848435659e-05 | 1
 38, 22 |  -3.3350163770681394e-05 |  -3.3350163770681394e-05 | 1
 38, 23 |  -1.2818934606989848e-05 |  -1.2818934606989848e-05 | 1
 38, 24 |  -2.0653702396610947e-05 |  -2.0653702396610947e-05 | 1
 38, 25 |  -2.2429867251323366e-05 |  -2.2429867251323366e-05 | 1
 38, 26 |  -3.6386900712398601e-05 |  -3.6386900712398601e-05 | 1
 38, 27 |  -2.7541741615325560e-05 |  -2.7541741615325560e-05 | 1
 38, 28 |  -1.8296819423546448e-05 |  -1.8296819423546448e-05 | 1
 38, 29 |  -3.8269380294872181e-05 |  -3.8269380294872181e-05 | 1
 38, 30 |  -1.6399198980400113e-05 |  -1.6399198980400113e-05 | 1
 38, 31 |  -4.0744635565037863e-05 |  -4.0744635565037863e-05 | 1
 38, 32 |  -1.8850142811551949e-05 |  -1.8850142811551949e-05 | 1
 38, 33 |   6.9212177958579839e-05 |   6.9212177958579839e-05 | 1
 38, 34 |  -2.4031753900422729e-05 |  -2.4031753900422729e-05 | 1
 38, 35 |   5.0779566788217606e-05 |   5.0779566788217606e-05 | 1
 38, 36 |   5.8210687462614972e-05 |   5.8210687462614972e-05 | 1
 38, 37 |   6.8400271256434560e-05 |   6.8400271256434560e-05 | 1
 38, 38 |   9.4076122491203052e-05 |   9.4076122491203052e-05 | 1
 38, 39 |  -2.2559096021246178e-06 |  -2.2559096021246178e-06 | 1
 38, 40 |  -8.1722321116247909e-09 |  -8.1722321116247909e-09 | 1
 38, 41 |  -4.6541838985148038e-06 |  -4.6541838985148038e-06 | 1
 38, 42 |   1.9140927881467689e-07 |   1.9140927881467689e-07 | 1
 38, 43 |  -2.9493289545738406e-05 |  -2.9493289545738406e-05 | 1
 38, 44 |   1.8821700131867085e-05 |   1.8821700131867085e-05 | 1
 39,  1 |  -2.9889633311850165e-05 |  -2.9889633311850165e-05 | 1
 39,  2 |  -2.8395938390581123e-05 |  -2.8395938390581123e-05 | 1
 39,  3 |  -2.0481856201974055e-05 |  -2.0481856201974055e-05 | 1
 39,  4 |  -3.2509884743793971e-05 |  -3.2509884743793971e-05 | 1
 39,  5 |  -4.2171384075687758e-05 |  -4.2171384075687758e-05 | 1
 39,  6 |  -2.2676269156673516e-05 |  -2.2676269156673516e-05 | 1
 39,  7 |  -4.3213827862978359e-05 |  -4.3213827862978359e-05 | 1
 39,  8 |  -2.7314382953845430e-05 |  -2.7314382953845430e-05 | 1
 39,  9 |  -3.5182813436412632e-05 |  -3.5182813436412632e-05 | 1
 39, 10 |  -2.4048637957405985e-05 |  -2.4048637957405985e-05 | 1
 39, 11 |  -5.7973586187645470e-05 |  -5.7973586187645470e-05 | 1
 39, 12 |  -1.1611059442178703e-05 |  -1.1611059442178703e-05 | 1
 39, 13 |  -2.8569704972652646e-05 |  -2.8569704972652646e-05 | 1
 39, 14 |  -3.5682598741036685e-05 |  -3.5682598741036685e-05 | 1
 39, 15 |  -2.7663695057771330e-05 |  -2.7663695057771330e-05 | 1
 39, 16 |  -3.9573848629340033e-05 |  -3.9573848629340033e-05 | 1
 39, 17 |  -3.3090812804665631e-05 |  -3.3090812804665631e-05 | 1
 39, 18 |  -1.6863468231739965e-05 |  -1.6863468231739965e-05 | 1
 39, 19 |  -3.4409400406435752e-05 |  -3.4409400406435752e-05 | 1
 39, 20 |  -3.6202349077141084e-05 |  -3.6202349077141084e-05 | 1
 39, 21 |  -2.3710888268476191e-05 |  -2.3710888268476191e-05 | 1
 39, 22 |  -2.4501545829350300e-05 |  -2.4501545829350300e-05 | 1
 39, 23 |  -3.5070907489426088e-05 |  -3.5070907489426088e-05 | 1
 39, 24 |  -3.5424481207769620e-05 |  -3.5424481207769620e-05 | 1
 39, 25 |  -2.7953558685836111e-05 |  -2.7953558685836111e-05 | 1
 39, 26 |  -3.1106258811775163e-05 |  -3.1106258811775163e-05 | 1
 39, 27 |  -1.2930236362020867e-05 |  -1.2930236362020867e-05 | 1
 39, 28 |  -4.1589668085852371e-05 |  -4.1589668085852371e-05 | 1
 39, 29 |  -3.1707330965179159e-05 |  -3.1707330965179159e-05 | 1
 39, 30 |  -3.1250230059899991e-05 |  -3.1250230059899991e-05 | 1
 39, 31 |  -2.7362570326567108e-05 |  -2.7362570326567108e-05 | 1
 39, 32 |  -2.3522955669248259e-06 |  -2.3522955669248259e-06 | 1
 39, 33 |  -7.2462494914427020e-06 |  -7.2462494914427020e-06 | 1
 39, 34 |  -3.1386304775850262e-05 |  -3.1386304775850262e-05 | 1
 39, 35 |  -1.5233635674335047e-07 |  -1.5233635674335047e-07 | 1
 39, 36 |  -5.3406845239035388e-07 |  -5.3406845239035388e-07 | 1
 39, 37 |  -1.6957637556860444e-06 |  -1.6957637556860444e-06 | 1
 39, 38 |  -2.2559096021246178e-06 |  -2.2559096021246178e-06 | 1
 39, 39 |   4.1873157590482666e-05 |   4.1873157590482666e-05 | 1
 39, 40 |   1.5268954616467981e-09 |   1.5268954616467981e-09 | 1
 39, 41 |   2.0576321277403773e-06 |   2.0576321277403773e-06 | 1
 39, 42 |  -8.2090457765215050e-08 |  -8.2090457765215050e-08 | 1
 39, 43 |  -3.1648122820427811e-05 |  -3.1648122820427811e-05 | 1
 39, 44 |   5.1010754788487653e-07 |   5.1010754788487653e-07 | 1
 40,  1 |  -2.3500286005165085e-08 |  -2.3500286005165085e-08 | 1
 40,  2 |  -2.4954868893925150e-08 |  -2.4954868893925150e-08 | 1
 40,  3 |  -2.1828308190898688e-08 |  -2.1828308190898688e-08 | 1
 40,  4 |  -2.3075493909788366e-08 |  -2.3075493909788366e-08 | 1
 40,  5 |  -3.0957866053544468e-08 |  -3.0957866053544468e-08 | 1
 40,  6 |  -2.3161991843749629e-08 |  -2.3161991843749629e-08 | 1
 40,  7 |  -1.5056293167453963e-08 |  -1.5056293167453963e-08 | 1
 40,  8 |  -2.4886336680304745e-08 |  -2.4886336680304745e-08 | 1
 40,  9 |  -2.0431263419789423e-08 |  -2.0431263419789423e-08 | 1
 40, 10 |  -2.4140434695161957e-08 |  -2.4140434695161957e-08 | 1
 40, 11 |  -2.3611308649421422e-08 |  -2.3611308649421422e-08 | 1
 40, 12 |  -2.4800663151530151e-08 |  -2.4800663151530151e-08 | 1
 40, 13 |  -2.3390255723767771e-08 |  -2.3390255723767771e-08 | 1
 40, 14 |  -2.6383137969043649e-08 |  -2.6383137969043649e-08 | 1
 40, 15 |  -3.2445729608197166e-08 |  -3.2445729608197166e-08 | 1
 40, 16 |  -2.5336478463984551e-08 |  -2.5336478463984551e-08 | 1
 40, 17 |  -2.4313644536497934e-08 |  -2.4313644536497934e-08 | 1
 40, 18 |  -2.2844370877812568e-08 |  -2.2844370877812568e-08 | 1
 40, 19 |  -2.6048311512964383e-08 |  -2.6048311512964383e-08 | 1
 40, 20 |  -2.1536518705374315e-08 |  -2.1536518705374315e-08 | 1
 40, 21 |  -2.2004126101464565e-08 |  -2.2004126101464565e-08 | 1
 40, 22 |  -1.7954054464237851e-08 |  -1.7954054464237851e-08 | 1
 40, 23 |  -2.5840936999101503e-08 |  -2.5840936999101503e-08 | 1
 40, 24 |  -2.4083363186762458e-08 |  -2.4083363186762458e-08 | 1
 40, 25 |  -2.5652685915575661e-08 |  -2.5652685915575661e-08 | 1
 40, 26 |  -2.7223308977783673e-08 |  -2.7223308977783673e-08 | 1
 40, 27 |  -2.7405995189240742e-08 |  -2.7405995189240742e-08 | 1
 40, 28 |  -2.5311715123691454e-08 |  -2.5311715123691454e-08 | 1
 40, 29 |  -2.4433635024413917e-08 |  -2.4433635024413917e-08 | 1
 40, 30 |  -2.5906036861011961e-08 |  -2.5906036861011961e-08 | 1
 40, 31 |  -2.5142242087799249e-08 |  -2.5142242087799249e-08 | 1
 40, 32 |  -1.9153461394104839e-09 |  -1.9153461394104839e-09 | 1
 40, 33 |   5.4045487707502479e-09 |   5.4045487707502479e-09 | 1
 40, 34 |  -2.6634341144832719e-08 |  -2.6634341144832719e-08 | 1
 40, 35 |  -1.5489398392853870e-09 |  -1.5489398392853870e-09 | 1
 40, 36 |  -2.5802091463048405e-09 |  -2.5802091463048405e-09 | 1
 40, 37 |  -5.3691719764081540e-09 |  -5.3691719764081540e-09 | 1
 40, 38 |  -8.1722321116247909e-09 |  -8.1722321116247909e-09 | 1
 40, 39 |   1.5268954616467981e-09 |   1.5268954616467981e-09 | 1
 40, 40 |   7.5793839613601522e-12 |   7.5793839613601522e-12 | 1
 40, 41 |   2.7856899650077923e-09 |   2.7856899650077923e-09 | 1
 40, 42 |  -1.0914773902887469e-10 |  -1.0914773902887469e-10 | 1
 40, 43 |  -2.0877177837950328e-08 |  -2.0877177837950328e-08 | 1
 40, 44 |   1.7011339920538926e-10 |   1.7011339920538926e-10 | 1
 41,  1 |  -2.5081331197501562e-05 |  -2.5081331197501562e-05 | 1
 41,  2 |  -2.8009231371643669e-05 |  -2.8009231371643669e-05 | 1
 41,  3 |  -2.8163802426054393e-05 |  -2.8163802426054393e-05 | 1
 41,  4 |  -2.5671677904860284e-05 |  -2.5671677904860284e-05 | 1
 41,  5 |  -3.1119285843980916e-05 |  -3.1119285843980916e-05 | 1
 41,  6 |  -2.6999202712653924e-05 |  -2.6999202712653924e-05 | 1
 41,  7 |  -1.6289194714053430e-05 |  -1.6289194714053430e-05 | 1
 41,  8 |  -2.6852665107186591e-05 |  -2.6852665107186591e-05 | 1
 41,  9 |  -2.3555617870214872e-05 |  -2.3555617870214872e-05 | 1
 41, 10 |  -2.8011028834380498e-05 |  -2.8011028834380498e-05 | 1
 41, 11 |  -3.5017328500772849e-05 |  -3.5017328500772849e-05 | 1
 41, 12 |  -2.5310929191075042e-05 |  -2.5310929191075042e-05 | 1
 41, 13 |  -2.3352221989572994e-05 |  -2.3352221989572994e-05 | 1
 41, 14 |  -3.1122949113588115e-05 |  -3.1122949113588115e-05 | 1
 41, 15 |  -2.4299755112388974e-05 |  -2.4299755112388974e-05 | 1
 41, 16 |  -2.9915144395881347e-05 |  -2.9915144395881347e-05 | 1
 41, 17 |  -2.5828503190708601e-05 |  -2.5828503190708601e-05 | 1
 41, 18 |  -2.7298945472973721e-05 |  -2.7298945472973721e-05 | 1
 41, 19 |  -3.2974356402279501e-05 |  -3.2974356402279501e-05 | 1
 41, 20 |  -2.5608055961985472e-05 |  -2.5608055961985472e-05 | 1
 41, 21 |  -2.2124304701094847e-05 |  -2.2124304701094847e-05 | 1
 41, 22 |  -1.1062625066628177e-05 |  -1.1062625066628177e-05 | 1
 41, 23 |  -3.1857319267418692e-05 |  -3.1857319267418692e-05 | 1
 41, 24 |  -2.8050564362634097e-05 |  -2.8050564362634097e-05 | 1
 41, 25 |  -2.3945462512657983e-05 |  -2.3945462512657983e-05 | 1
 41, 26 |  -3.0298406724392433e-05 |  -3.0298406724392433e-05 | 1
 41, 27 |  -2.7835278952519091e-05 |  -2.7835278952519091e-05 | 1
 41, 28 |  -2.9231968394182672e-05 |  -2.9231968394182672e-05 | 1
 41, 29 |  -2.8747229764227993e-05 |  -2.8747229764227993e-05 | 1
 41, 30 |  -2.9479885165061847e-05 |  -2.9479885165061847e-05 | 1
 41, 31 |  -3.1624681136382086e-05 |  -3.1624681136382086e-05 | 1
 41, 32 |   2.6960547975924079e-07 |   2.6960547975924079e-07 | 1
 41, 33 |   1.1470693931431257e-06 |   1.1470693931431257e-06 | 1
 41, 34 |  -2.9688177048129512e-05 |  -2.9688177048129512e-05 | 1
 41, 35 |  -9.0346905803297033e-07 |  -9.0346905803297033e-07 | 1
 41, 36 |  -1.5833047496063260e-06 |  -1.5833047496063260e-06 | 1
 41, 37 |  -3.3023185851667847e-06 |  -3.3023185851667847e-06 | 1
 41, 38 |  -4.6541838985148038e-06 |  -4.6541838985148038e-06 | 1
 41, 39 |   2.0576321277403773e-06 |   2.0576321277403773e-06 | 1
 41, 40 |   2.7856899650077923e-09 |   2.7856899650077923e-09 | 1
 41, 41 |   6.4846705473412831e-06 |   6.4846705473412831e-06 | 1
 41, 42 |  -3.4563612539866478e-07 |  -3.4563612539866478e-07 | 1
 41, 43 |  -2.4655109050102987e-05 |  -2.4655109050102987e-05 | 1
 41, 44 |  -1.6783723916329757e-06 |  -1.6783723916329757e-06 | 1
 42,  1 |   1.1552128103010288e-06 |   1.1552128103010288e-06 | 1
 42,  2 |   1.2770426471610737e-06 |   1.2770426471610737e-06 | 1
 42,  3 |   1.2956471396177572e-06 |   1.2956471396177572e-06 | 1
 42,  4 |   1.1663714786886997e-06 |   1.1663714786886997e-06 | 1
 42,  5 |   1.4618627289131863e-06 |   1.4618627289131863e-06 | 1
 42,  6 |   1.1926954274940651e-06 |   1.1926954274940651e-06 | 1
 42,  7 |   5.6214218380902129e-07 |   5.6214218380902129e-07 | 1
 42,  8 |   1.1764738456988788e-06 |   1.1764738456988788e-06 | 1
 42,  9 |   1.0888970165454810e-06 |   1.0888970165454810e-06 | 1
 42, 10 |   1.1720570515052381e-06 |   1.1720570515052381e-06 | 1
 42, 11 |   1.9246255283536248e-06 |   1.9246255283536248e-06 | 1
 42, 12 |   1.0589519719444480e-06 |   1.0589519719444480e-06 | 1
 42, 13 |   1.1296832981898135e-06 |   1.1296832981898135e-06 | 1
 42, 14 |   1.4024917475968130e-06 |   1.4024917475968130e-06 | 1
 42, 15 |   9.3709821693968870e-07 |   9.3709821693968870e-07 | 1
 42, 16 |   1.3205091620429565e-06 |   1.3205091620429565e-06 | 1
 42, 17 |   1.1871387838745503e-06 |   1.1871387838745503e-06 | 1
 42, 18 |   1.3239274655225197e-06 |   1.3239274655225197e-06 | 1
 42, 19 |   1.6088585061454360e-06 |   1.6088585061454360e-06 | 1
 42, 20 |   1.0685668838910993e-06 |   1.0685668838910993e-06 | 1
 42, 21 |   9.8281867494389404e-07 |   9.8281867494389404e-07 | 1
 42, 22 |   2.2709779245905107e-07 |   2.2709779245905107e-07 | 1
 42, 23 |   1.5140566300799843e-06 |   1.5140566300799843e-06 | 1
 42, 24 |   1.2677418520376908e-06 |   1.2677418520376908e-06 | 1
 42, 25 |   9.8881286623627290e-07 |   9.8881286623627290e-07 | 1
 42, 26 |   1.3183458647337803e-06 |   1.3183458647337803e-06 | 1
 42, 27 |   1.0339972149484762e-06 |   1.0339972149484762e-06 | 1
 42, 28 |   1.2870147929596748e-06 |   1.2870147929596748e-06 | 1
 42, 29 |   1.2931578549373669e-06 |   1.2931578549373669e-06 | 1
 42, 30 |   1.3178845091202653e-06 |   1.3178845091202653e-06 | 1
 42, 31 |   1.4828695663747553e-06 |   1.4828695663747553e-06 | 1
 42, 32 |  -2.5050249314360207e-08 |  -2.5050249314360207e-08 | 1
 42, 33 |  -1.0803423569266437e-07 |  -1.0803423569266437e-07 | 1
 42, 34 |   1.2859595555764917e-06 |   1.2859595555764917e-06 | 1
 42, 35 |   3.9160392261570187e-08 |   3.9160392261570187e-08 | 1
 42, 36 |   6.4844140696887834e-08 |   6.4844140696887834e-08 | 1
 42, 37 |   1.3611235491219869e-07 |   1.3611235491219869e-07 | 1
 42, 38 |   1.9140927881467689e-07 |   1.9140927881467689e-07 | 1
 42, 39 |  -8.2090457765215050e-08 |  -8.2090457765215050e-08 | 1
 42, 40 |  -1.0914773902887469e-10 |  -1.0914773902887469e-10 | 1
 42, 41 |  -3.4563612539866478e-07 |  -3.4563612539866478e-07 | 1
 42, 42 |   2.0464894571478211e-08 |   2.0464894571478211e-08 | 1
 42, 43 |   1.1242089128659763e-06 |   1.1242089128659763e-06 | 1
 42, 44 |   1.5172250004656556e-08 |   1.5172250004656556e-08 | 1
 43,  1 |   1.7543518402334196e-04 |   1.7543518402334196e-04 | 1
 43,  2 |   1.8457571596981439e-04 |   1.8457571596981439e-04 | 1
 43,  3 |   1.7231517789318822e-04 |   1.7231517789318822e-04 | 1
 43,  4 |   1.7247453916640352e-04 |   1.7247453916640352e-04 | 1
 43,  5 |   2.1858979493075511e-04 |   2.1858979493075511e-04 | 1
 43,  6 |   1.7551059878070214e-04 |   1.7551059878070214e-04 | 1
 43,  7 |   1.3723704421930510e-04 |   1.3723704421930510e-04 | 1
 43,  8 |   1.6748866142721072e-04 |   1.6748866142721072e-04 | 1
 43,  9 |   1.6495922918359835e-04 |   1.6495922918359835e-04 | 1
 43, 10 |   1.9163794682932445e-04 |   1.9163794682932445e-04 | 1
 43, 11 |   3.2508984919166477e-04 |   3.2508984919166477e-04 | 1
 43, 12 |   1.4995079149006428e-04 |   1.4995079149006428e-04 | 1
 43, 13 |   1.6876831961744083e-04 |   1.6876831961744083e-04 | 1
 43, 14 |   1.9282070909566637e-04 |   1.9282070909566637e-04 | 1
 43, 15 |   1.9525101717182046e-04 |   1.9525101717182046e-04 | 1
 43, 16 |   1.7271789491520229e-04 |   1.7271789491520229e-04 | 1
 43, 17 |   1.9228690782201324e-04 |   1.9228690782201324e-04 | 1
 43, 18 |   1.9092643620761051e-04 |   1.9092643620761051e-04 | 1
 43, 19 |   2.0843808119652696e-04 |   2.0843808119652696e-04 | 1
 43, 20 |   1.9386892950373026e-04 |   1.9386892950373026e-04 | 1
 43, 21 |   1.8017792334595360e-04 |   1.8017792334595360e-04 | 1
 43, 22 |   1.4551087128223327e-04 |   1.4551087128223327e-04 | 1
 43, 23 |   1.9946158549532600e-04 |   1.9946158549532600e-04 | 1
 43, 24 |   1.9803939250196564e-04 |   1.9803939250196564e-04 | 1
 43, 25 |   1.8317105621167386e-04 |   1.8317105621167386e-04 | 1
 43, 26 |   2.3072402673772133e-04 |   2.3072402673772133e-04 | 1
 43, 27 |   2.1075437719139315e-04 |   2.1075437719139315e-04 | 1
 43, 28 |   2.1131718249481156e-04 |   2.1131718249481156e-04 | 1
 43, 29 |   2.0862086963662889e-04 |   2.0862086963662889e-04 | 1
 43, 30 |   2.0650880889859762e-04 |   2.0650880889859762e-04 | 1
 43, 31 |   2.0751210009511048e-04 |   2.0751210009511048e-04 | 1
 43, 32 |   1.6155426120515945e-05 |   1.6155426120515945e-05 | 1
 43, 33 |  -6.8678026689698569e-05 |  -6.8678026689698569e-05 | 1
 43, 34 |   2.1822337054893992e-04 |   2.1822337054893992e-04 | 1
 43, 35 |  -4.3825459237317087e-05 |  -4.3825459237317087e-05 | 1
 43, 36 |  -4.5160331386823521e-05 |  -4.5160331386823521e-05 | 1
 43, 37 |  -3.8301654777157656e-05 |  -3.8301654777157656e-05 | 1
 43, 38 |  -2.9493289545738406e-05 |  -2.9493289545738406e-05 | 1
 43, 39 |  -3.1648122820427811e-05 |  -3.1648122820427811e-05 | 1
 43, 40 |  -2.0877177837950328e-08 |  -2.0877177837950328e-08 | 1
 43, 41 |  -2.4655109050102987e-05 |  -2.4655109050102987e-05 | 1
 43, 42 |   1.1242089128659763e-06 |   1.1242089128659763e-06 | 1
 43, 43 |   2.0202966470857480e-04 |   2.0202966470857480e-04 | 1
 43, 44 |  -2.1018067379801968e-05 |  -2.1018067379801968e-05 | 1
 44,  1 |  -1.7743524520440779e-06 |  -1.7743524520440779e-06 | 1
 44,  2 |   4.9526012556380412e-04 |   4.9526012556380412e-04 | 1
 44,  3 |   8.1473660177018557e-07 |   8.1473660177018557e-07 | 1
 44,  4 |   2.2110132011887631e-05 |   2.2110132011887631e-05 | 1
 44,  5 |  -9.5979092273989634e-05 |  -9.5979092273989634e-05 | 1
 44,  6 |  -1.0568203221895841e-04 |  -1.0568203221895841e-04 | 1
 44,  7 |   5.0800756572176885e-05 |   5.0800756572176885e-05 | 1
 44,  8 |   2.4714728108368561e-05 |   2.4714728108368561e-05 | 1
 44,  9 |  -2.4338625320498246e-05 |  -2.4338625320498246e-05 | 1
 44, 10 |   1.3695415559092643e-04 |   1.3695415559092643e-04 | 1
 44, 11 |  -8.8728751810562205e-04 |  -8.8728751810562205e-04 | 1
 44, 12 |  -1.3458153895977024e-05 |  -1.3458153895977024e-05 | 1
 44, 13 |  -3.2104607701901600e-05 |  -3.2104607701901600e-05 | 1
 44, 14 |   1.2846316446562758e-04 |   1.2846316446562758e-04 | 1
 44, 15 |   2.7810250439567249e-04 |   2.7810250439567249e-04 | 1
 44, 16 |   9.6655802224939854e-05 |   9.6655802224939854e-05 | 1
 44, 17 |   7.1185606794313741e-07 |   7.1185606794313741e-07 | 1
 44, 18 |  -3.2578934046085552e-05 |  -3.2578934046085552e-05 | 1
 44, 19 |   8.4371418188943268e-05 |   8.4371418188943268e-05 | 1
 44, 20 |  -6.0199168507691623e-06 |  -6.0199168507691623e-06 | 1
 44, 21 |  -6.4398155673252273e-05 |  -6.4398155673252273e-05 | 1
 44, 22 |  -5.5519874093681477e-05 |  -5.5519874093681477e-05 | 1
 44, 23 |  -9.6366384503954336e-06 |  -9.6366384503954336e-06 | 1
 44, 24 |   1.6034168083434252e-05 |   1.6034168083434252e-05 | 1
 44, 25 |   7.2533843681058096e-06 |   7.2533843681058096e-06 | 1
 44, 26 |  -3.0384906248634335e-05 |  -3.0384906248634335e-05 | 1
 44, 27 |  -1.2305623845723147e-04 |  -1.2305623845723147e-04 | 1
 44, 28 |   1.4342160614663706e-05 |   1.4342160614663706e-05 | 1
 44, 29 |   7.2424044140999605e-06 |   7.2424044140999605e-06 | 1
 44, 30 |   4.6517228775478547e-06 |   4.6517228775478547e-06 | 1
 44, 31 |  -8.9706138182773843e-07 |  -8.9706138182773843e-07 | 1
 44, 32 |  -4.7488910840406127e-04 |  -4.7488910840406127e-04 | 1
 44, 33 |   7.3733534279353421e-04 |   7.3733534279353421e-04 | 1
 44, 34 |   3.2835718773496085e-05 |   3.2835718773496085e-05 | 1
 44, 35 |   7.9766788797854862e-06 |   7.9766788797854862e-06 | 1
 44, 36 |   1.2335485878341807e-05 |   1.2335485878341807e-05 | 1
 44, 37 |   1.5447680978158679e-05 |   1.5447680978158679e-05 | 1
 44, 38 |   1.8821700131867085e-05 |   1.8821700131867085e-05 | 1
 44, 39 |   5.1010754788487653e-07 |   5.1010754788487653e-07 | 1
 44, 40 |   1.7011339920538926e-10 |   1.7011339920538926e-10 | 1
 44, 41 |  -1.6783723916329757e-06 |  -1.6783723916329757e-06 | 1
 44, 42 |   1.5172250004656556e-08 |   1.5172250004656556e-08 | 1
 44, 43 |  -2.1018067379801968e-05 |  -2.1018067379801968e-05 | 1
 44, 44 |   5.1950706554374502e-04 |   5.1950706554374502e-04 | 1
