row,col | V_base                   | V_new                    | equal
  1,  1 |   3.0679739200358393e-04 |   3.0679739200358393e-04 | 1
  1,  2 |   4.7103658442701159e-05 |   4.7103658442701159e-05 | 1
  1,  3 |   3.8104116647328556e-05 |   3.8104116647328556e-05 | 1
  1,  4 |   4.3935237580711538e-05 |   4.3935237580711538e-05 | 1
  1,  5 |   6.6033108096816745e-05 |   6.6033108096816745e-05 | 1
  1,  6 |   4.0311642012850713e-05 |   4.0311642012850713e-05 | 1
  1,  7 |   3.6800005805703425e-05 |   3.6800005805703425e-05 | 1
  1,  8 |   3.2403970619912089e-05 |   3.2403970619912089e-05 | 1
  1,  9 |   4.4726454886279975e-05 |   4.4726454886279975e-05 | 1
  1, 10 |   2.8677914811703159e-05 |   2.8677914811703159e-05 | 1
  1, 11 |   8.1231067982395804e-05 |   8.1231067982395804e-05 | 1
  1, 12 |   3.1938964685190757e-05 |   3.1938964685190757e-05 | 1
  1, 13 |   4.1661550764307377e-05 |   4.1661550764307377e-05 | 1
  1, 14 |   4.0593823601657871e-05 |   4.0593823601657871e-05 | 1
  1, 15 |   1.1746554190664684e-04 |   1.1746554190664684e-04 | 1
  1, 16 |   2.2884075478775959e-05 |   2.2884075478775959e-05 | 1
  1, 17 |   6.1190257696857914e-05 |   6.1190257696857914e-05 | 1
  1, 18 |   7.6164521117647201e-05 |   7.6164521117647201e-05 | 1
  1, 19 |   5.2063205156338186e-05 |   5.2063205156338186e-05 | 1
  1, 20 |   5.9150784068843828e-05 |   5.9150784068843828e-05 | 1
  1, 21 |   7.8894695673888661e-05 |   7.8894695673888661e-05 | 1
  1, 22 |   4.2284272474922579e-05 |   4.2284272474922579e-05 | 1
  1, 23 |   4.9701379015531597e-05 |   4.9701379015531597e-05 | 1
  1, 24 |   5.0644885353188974e-05 |   5.0644885353188974e-05 | 1
  1, 25 |   4.9051791290425912e-05 |   4.9051791290425912e-05 | 1
  1, 26 |   7.3808344671260793e-05 |   7.3808344671260793e-05 | 1
  1, 27 |   6.3771026252228008e-05 |   6.3771026252228008e-05 | 1
  1, 28 |   5.2575739204785786e-05 |   5.2575739204785786e-05 | 1
  1, 29 |   5.3486787902114526e-05 |   5.3486787902114526e-05 | 1
  1, 30 |   5.1872564110719177e-05 |   5.1872564110719177e-05 | 1
  1, 31 |   5.4301570152637045e-05 |   5.4301570152637045e-05 | 1
  1, 32 |   1.6305747040855354e-05 |   1.6305747040855354e-05 | 1
  1, 33 |  -4.0292884684862883e-05 |  -4.0292884684862883e-05 | 1
  1, 34 |   4.9441452506556019e-05 |   4.9441452506556019e-05 | 1
  1, 35 |  -3.9337095302358757e-05 |  -3.9337095302358757e-05 | 1
  1, 36 |  -3.9161087104153981e-05 |  -3.9161087104153981e-05 | 1
  1, 37 |  -3.1307329687154832e-05 |  -3.1307329687154832e-05 | 1
  1, 38 |  -2.3287927506663279e-05 |  -2.3287927506663279e-05 | 1
  1, 39 |  -2.2959257616315669e-06 |  -2.2959257616315669e-06 | 1
  1, 40 |   5.0031766486550590e-05 |   5.0031766486550590e-05 | 1
  1, 41 |  -1.8306478681700916e-05 |  -1.8306478681700916e-05 | 1
  2,  1 |   4.7103658442701159e-05 |   4.7103658442701159e-05 | 1
  2,  2 |   1.2258567708224729e-03 |   1.2258567708224729e-03 | 1
  2,  3 |   3.2991231887434327e-05 |   3.2991231887434327e-05 | 1
  2,  4 |   4.0806959177209950e-05 |   4.0806959177209950e-05 | 1
  2,  5 |   5.1275022981598679e-05 |   5.1275022981598679e-05 | 1
  2,  6 |   3.2159496726945358e-05 |   3.2159496726945358e-05 | 1
  2,  7 |   3.2551382172293548e-05 |   3.2551382172293548e-05 | 1
  2,  8 |   2.9557772898105765e-05 |   2.9557772898105765e-05 | 1
  2,  9 |   3.8281717568767109e-05 |   3.8281717568767109e-05 | 1
  2, 10 |   3.1649931768284655e-05 |   3.1649931768284655e-05 | 1
  2, 11 |   6.3541314934993984e-05 |   6.3541314934993984e-05 | 1
  2, 12 |   2.8257600739879046e-05 |   2.8257600739879046e-05 | 1
  2, 13 |   4.4177001615797998e-05 |   4.4177001615797998e-05 | 1
  2, 14 |   4.3333018020191377e-05 |   4.3333018020191377e-05 | 1
  2, 15 |   1.5501221899835759e-04 |   1.5501221899835759e-04 | 1
  2, 16 |   2.2774258365344455e-05 |   2.2774258365344455e-05 | 1
  2, 17 |   5.3561881435071427e-05 |   5.3561881435071427e-05 | 1
  2, 18 |   6.6676700250465628e-05 |   6.6676700250465628e-05 | 1
  2, 19 |   5.4413644715835645e-05 |   5.4413644715835645e-05 | 1
  2, 20 |   5.4458831198232096e-05 |   5.4458831198232096e-05 | 1
  2, 21 |   6.1444372014631899e-05 |   6.1444372014631899e-05 | 1
  2, 22 |   3.5109755768424940e-05 |   3.5109755768424940e-05 | 1
  2, 23 |   3.9707639640109113e-05 |   3.9707639640109113e-05 | 1
  2, 24 |   4.6198326340154221e-05 |   4.6198326340154221e-05 | 1
  2, 25 |   4.3244729818467800e-05 |   4.3244729818467800e-05 | 1
  2, 26 |   6.6185025548904969e-05 |   6.6185025548904969e-05 | 1
  2, 27 |   3.2690258968579410e-05 |   3.2690258968579410e-05 | 1
  2, 28 |   4.5988736706066276e-05 |   4.5988736706066276e-05 | 1
  2, 29 |   4.9672841113443755e-05 |   4.9672841113443755e-05 | 1
  2, 30 |   4.4651676849188733e-05 |   4.4651676849188733e-05 | 1
  2, 31 |   4.1331526600682962e-05 |   4.1331526600682962e-05 | 1
  2, 32 |  -3.5709689551704778e-04 |  -3.5709689551704778e-04 | 1
  2, 33 |  -1.8465406501160997e-06 |  -1.8465406501160997e-06 | 1
  2, 34 |   3.9744452809710793e-05 |   3.9744452809710793e-05 | 1
  2, 35 |  -3.7502528848034573e-05 |  -3.7502528848034573e-05 | 1
  2, 36 |  -3.7951602919584968e-05 |  -3.7951602919584968e-05 | 1
  2, 37 |  -3.0832169713189789e-05 |  -3.0832169713189789e-05 | 1
  2, 38 |  -1.9748619664247626e-05 |  -1.9748619664247626e-05 | 1
  2, 39 |  -1.8163849767940508e-06 |  -1.8163849767940508e-06 | 1
  2, 40 |   4.4797287201370350e-05 |   4.4797287201370350e-05 | 1
  2, 41 |   3.5493439207383911e-04 |   3.5493439207383911e-04 | 1
  3,  1 |   3.8104116647328556e-05 |   3.8104116647328556e-05 | 1
  3,  2 |   3.2991231887434327e-05 |   3.2991231887434327e-05 | 1
  3,  3 |   1.1635037953986214e-02 |   1.1635037953986214e-02 | 1
  3,  4 |   3.1394133307823227e-05 |   3.1394133307823227e-05 | 1
  3,  5 |   5.0026945354663852e-05 |   5.0026945354663852e-05 | 1
  3,  6 |   2.8066395942902758e-05 |   2.8066395942902758e-05 | 1
  3,  7 |   2.3483161586413790e-05 |   2.3483161586413790e-05 | 1
  3,  8 |   2.2928816023986222e-05 |   2.2928816023986222e-05 | 1
  3,  9 |   2.8203686875484321e-05 |   2.8203686875484321e-05 | 1
  3, 10 |   1.6018340832134510e-05 |   1.6018340832134510e-05 | 1
  3, 11 |   4.7524661874628402e-05 |   4.7524661874628402e-05 | 1
  3, 12 |   2.2110322834219369e-05 |   2.2110322834219369e-05 | 1
  3, 13 |   3.3280514757441811e-05 |   3.3280514757441811e-05 | 1
  3, 14 |   2.9405415846920606e-05 |   2.9405415846920606e-05 | 1
  3, 15 |   7.7550895324911203e-05 |   7.7550895324911203e-05 | 1
  3, 16 |   1.2849424092487560e-05 |   1.2849424092487560e-05 | 1
  3, 17 |   4.3840008012231111e-05 |   4.3840008012231111e-05 | 1
  3, 18 |   5.5295332947285632e-05 |   5.5295332947285632e-05 | 1
  3, 19 |   3.4334545923530191e-05 |   3.4334545923530191e-05 | 1
  3, 20 |   4.5591131632489337e-05 |   4.5591131632489337e-05 | 1
  3, 21 |   5.4539700815707550e-05 |   5.4539700815707550e-05 | 1
  3, 22 |   2.8882275968743570e-05 |   2.8882275968743570e-05 | 1
  3, 23 |   3.6010393757632866e-05 |   3.6010393757632866e-05 | 1
  3, 24 |   3.7429569489366509e-05 |   3.7429569489366509e-05 | 1
  3, 25 |   3.2870083298856449e-05 |   3.2870083298856449e-05 | 1
  3, 26 |   5.5886314710651263e-05 |   5.5886314710651263e-05 | 1
  3, 27 |   3.3506279364683717e-05 |   3.3506279364683717e-05 | 1
  3, 28 |   3.7740460031529940e-05 |   3.7740460031529940e-05 | 1
  3, 29 |   3.9794302300020308e-05 |   3.9794302300020308e-05 | 1
  3, 30 |   3.4842473361506130e-05 |   3.4842473361506130e-05 | 1
  3, 31 |   3.4514384600478962e-05 |   3.4514384600478962e-05 | 1
  3, 32 |   1.2880038473998569e-05 |   1.2880038473998569e-05 | 1
  3, 33 |  -1.8837662959816408e-05 |  -1.8837662959816408e-05 | 1
  3, 34 |   2.8843149238538060e-05 |   2.8843149238538060e-05 | 1
  3, 35 |  -3.7557705920537763e-05 |  -3.7557705920537763e-05 | 1
  3, 36 |  -3.7805931946654432e-05 |  -3.7805931946654432e-05 | 1
  3, 37 |  -3.3289983142221130e-05 |  -3.3289983142221130e-05 | 1
  3, 38 |  -3.5633064369715872e-05 |  -3.5633064369715872e-05 | 1
  3, 39 |  -8.0070538769432876e-07 |  -8.0070538769432876e-07 | 1
  3, 40 |   3.9986944548794709e-05 |   3.9986944548794709e-05 | 1
  3, 41 |  -1.3277444108779810e-05 |  -1.3277444108779810e-05 | 1
  4,  1 |   4.3935237580711538e-05 |   4.3935237580711538e-05 | 1
  4,  2 |   4.0806959177209950e-05 |   4.0806959177209950e-05 | 1
  4,  3 |   3.1394133307823227e-05 |   3.1394133307823227e-05 | 1
  4,  4 |   1.8148205319471519e-03 |   1.8148205319471519e-03 | 1
  4,  5 |   2.7335020570309448e-05 |   2.7335020570309448e-05 | 1
  4,  6 |   1.7047760910207348e-05 |   1.7047760910207348e-05 | 1
  4,  7 |   4.0263922626568587e-05 |   4.0263922626568587e-05 | 1
  4,  8 |   3.5456842059823163e-05 |   3.5456842059823163e-05 | 1
  4,  9 |   3.3261014856115177e-05 |   3.3261014856115177e-05 | 1
  4, 10 |   7.2521840733893452e-05 |   7.2521840733893452e-05 | 1
  4, 11 |   1.6433524411007508e-05 |   1.6433524411007508e-05 | 1
  4, 12 |   3.1066882567832866e-05 |   3.1066882567832866e-05 | 1
  4, 13 |   7.5237099293335135e-05 |   7.5237099293335135e-05 | 1
  4, 14 |   6.7417834551153466e-05 |   6.7417834551153466e-05 | 1
  4, 15 |   2.8947766810158730e-04 |   2.8947766810158730e-04 | 1
  4, 16 |   3.4407919893583057e-05 |   3.4407919893583057e-05 | 1
  4, 17 |   5.1592962874989115e-05 |   5.1592962874989115e-05 | 1
  4, 18 |   5.6282472222552566e-05 |   5.6282472222552566e-05 | 1
  4, 19 |   8.7512354315496578e-05 |   8.7512354315496578e-05 | 1
  4, 20 |   5.6154755468099772e-05 |   5.6154755468099772e-05 | 1
  4, 21 |   3.0563498887771642e-05 |   3.0563498887771642e-05 | 1
  4, 22 |   2.3289132647964756e-05 |   2.3289132647964756e-05 | 1
  4, 23 |   2.8990345892366292e-05 |   2.8990345892366292e-05 | 1
  4, 24 |   4.9044667230901823e-05 |   4.9044667230901823e-05 | 1
  4, 25 |   4.5747644833407578e-05 |   4.5747644833407578e-05 | 1
  4, 26 |   5.4898031402668960e-05 |   5.4898031402668960e-05 | 1
  4, 27 |  -8.2174842966668680e-05 |  -8.2174842966668680e-05 | 1
  4, 28 |   3.6725005457648275e-05 |   3.6725005457648275e-05 | 1
  4, 29 |   5.9473554466990053e-05 |   5.9473554466990053e-05 | 1
  4, 30 |   3.2367027201849480e-05 |   3.2367027201849480e-05 | 1
  4, 31 |   2.3660234067111912e-05 |   2.3660234067111912e-05 | 1
  4, 32 |  -4.6918997529983447e-05 |  -4.6918997529983447e-05 | 1
  4, 33 |   1.4997788887654954e-04 |   1.4997788887654954e-04 | 1
  4, 34 |   1.8110134091664985e-05 |   1.8110134091664985e-05 | 1
  4, 35 |  -3.6320735122890286e-05 |  -3.6320735122890286e-05 | 1
  4, 36 |  -3.4729155152291540e-05 |  -3.4729155152291540e-05 | 1
  4, 37 |  -2.4645047067697144e-05 |  -2.4645047067697144e-05 | 1
  4, 38 |  -1.6283476485061842e-05 |  -1.6283476485061842e-05 | 1
  4, 39 |  -1.7752428162442659e-06 |  -1.7752428162442659e-06 | 1
  4, 40 |   4.0766847999537204e-05 |   4.0766847999537204e-05 | 1
  4, 41 |   4.4691134786909264e-05 |   4.4691134786909264e-05 | 1
  5,  1 |   6.6033108096816745e-05 |   6.6033108096816745e-05 | 1
  5,  2 |   5.1275022981598679e-05 |   5.1275022981598679e-05 | 1
  5,  3 |   5.0026945354663852e-05 |   5.0026945354663852e-05 | 1
  5,  4 |   2.7335020570309448e-05 |   2.7335020570309448e-05 | 1
  5,  5 |   2.4016962613434265e-02 |   2.4016962613434265e-02 | 1
  5,  6 |   8.7826455510602188e-05 |   8.7826455510602188e-05 | 1
  5,  7 |   1.0669268706350765e-05 |   1.0669268706350765e-05 | 1
  5,  8 |   1.3650009347723289e-05 |   1.3650009347723289e-05 | 1
  5,  9 |   5.9325515660773567e-05 |   5.9325515660773567e-05 | 1
  5, 10 |  -1.0540245155335058e-04 |  -1.0540245155335058e-04 | 1
  5, 11 |  -1.5985918880351372e-04 |  -1.5985918880351372e-04 | 1
  5, 12 |  -1.7579972003519921e-05 |  -1.7579972003519921e-05 | 1
  5, 13 |   1.9208373306477168e-05 |   1.9208373306477168e-05 | 1
  5, 14 |   7.1958123762270961e-06 |   7.1958123762270961e-06 | 1
  5, 15 |  -7.6188091816319331e-04 |  -7.6188091816319331e-04 | 1
  5, 16 |  -4.2566431327835318e-05 |  -4.2566431327835318e-05 | 1
  5, 17 |   6.7079755533172672e-05 |   6.7079755533172672e-05 | 1
  5, 18 |   1.1593263188824537e-04 |   1.1593263188824537e-04 | 1
  5, 19 |  -2.3350839928756800e-05 |  -2.3350839928756800e-05 | 1
  5, 20 |   4.2696407536168236e-05 |   4.2696407536168236e-05 | 1
  5, 21 |   1.6131193138231001e-04 |   1.6131193138231001e-04 | 1
  5, 22 |  -1.2040709591847331e-05 |  -1.2040709591847331e-05 | 1
  5, 23 |   1.0656266461750804e-04 |   1.0656266461750804e-04 | 1
  5, 24 |  -1.1545315523228197e-05 |  -1.1545315523228197e-05 | 1
  5, 25 |   1.9650474016258594e-05 |   1.9650474016258594e-05 | 1
  5, 26 |   1.0348078050700754e-04 |   1.0348078050700754e-04 | 1
  5, 27 |  -2.2910943659406986e-04 |  -2.2910943659406986e-04 | 1
  5, 28 |  -2.9105236177596563e-05 |  -2.9105236177596563e-05 | 1
  5, 29 |   1.4818173220992259e-05 |   1.4818173220992259e-05 | 1
  5, 30 |   2.4454698637950092e-06 |   2.4454698637950092e-06 | 1
  5, 31 |  -3.1683513564907772e-05 |  -3.1683513564907772e-05 | 1
  5, 32 |   1.4973854743197232e-04 |   1.4973854743197232e-04 | 1
  5, 33 |   5.6937881056849928e-05 |   5.6937881056849928e-05 | 1
  5, 34 |  -1.8578962558429894e-04 |  -1.8578962558429894e-04 | 1
  5, 35 |  -5.3523503877647013e-05 |  -5.3523503877647013e-05 | 1
  5, 36 |  -3.5522564260063380e-05 |  -3.5522564260063380e-05 | 1
  5, 37 |  -4.8318483538461299e-05 |  -4.8318483538461299e-05 | 1
  5, 38 |  -4.2160340844966485e-05 |  -4.2160340844966485e-05 | 1
  5, 39 |  -2.4110710005170403e-06 |  -2.4110710005170403e-06 | 1
  5, 40 |   6.1252231996635501e-05 |   6.1252231996635501e-05 | 1
  5, 41 |  -1.5009640830181164e-04 |  -1.5009640830181164e-04 | 1
  6,  1 |   4.0311642012850713e-05 |   4.0311642012850713e-05 | 1
  6,  2 |   3.2159496726945358e-05 |   3.2159496726945358e-05 | 1
  6,  3 |   2.8066395942902758e-05 |   2.8066395942902758e-05 | 1
  6,  4 |   1.7047760910207348e-05 |   1.7047760910207348e-05 | 1
  6,  5 |   8.7826455510602188e-05 |   8.7826455510602188e-05 | 1
  6,  6 |   2.0247545853650812e-02 |   2.0247545853650812e-02 | 1
  6,  7 |   1.0170631755495825e-05 |   1.0170631755495825e-05 | 1
  6,  8 |   1.3778343784347902e-05 |   1.3778343784347902e-05 | 1
  6,  9 |   3.5912054626199957e-05 |   3.5912054626199957e-05 | 1
  6, 10 |  -4.2071485138247443e-05 |  -4.2071485138247443e-05 | 1
  6, 11 |   1.6193757927216481e-04 |   1.6193757927216481e-04 | 1
  6, 12 |   1.5961785673102273e-05 |   1.5961785673102273e-05 | 1
  6, 13 |  -2.8987801021913430e-05 |  -2.8987801021913430e-05 | 1
  6, 14 |  -1.8453844580640580e-05 |  -1.8453844580640580e-05 | 1
  6, 15 |  -1.1358201943660568e-04 |  -1.1358201943660568e-04 | 1
  6, 16 |  -2.7268762091620438e-06 |  -2.7268762091620438e-06 | 1
  6, 17 |   4.1191708417111030e-05 |   4.1191708417111030e-05 | 1
  6, 18 |   6.2167645571477423e-05 |   6.2167645571477423e-05 | 1
  6, 19 |  -1.8459792021928281e-05 |  -1.8459792021928281e-05 | 1
  6, 20 |   3.7175537295629059e-05 |   3.7175537295629059e-05 | 1
  6, 21 |   1.0090648095835994e-04 |   1.0090648095835994e-04 | 1
  6, 22 |   5.8362552657397481e-05 |   5.8362552657397481e-05 | 1
  6, 23 |   5.5289825590446937e-05 |   5.5289825590446937e-05 | 1
  6, 24 |   3.6878299069320010e-05 |   3.6878299069320010e-05 | 1
  6, 25 |   2.7143292336496001e-05 |   2.7143292336496001e-05 | 1
  6, 26 |   6.3527376794019505e-05 |   6.3527376794019505e-05 | 1
  6, 27 |   2.7470043734330828e-04 |   2.7470043734330828e-04 | 1
  6, 28 |   5.1518174950023344e-05 |   5.1518174950023344e-05 | 1
  6, 29 |   1.7173061522932334e-05 |   1.7173061522932334e-05 | 1
  6, 30 |   5.9887891907203798e-05 |   5.9887891907203798e-05 | 1
  6, 31 |   7.1759123050342663e-05 |   7.1759123050342663e-05 | 1
  6, 32 |   9.3348820659743356e-05 |   9.3348820659743356e-05 | 1
  6, 33 |  -3.1518476079058183e-04 |  -3.1518476079058183e-04 | 1
  6, 34 |   8.9131664532724364e-05 |   8.9131664532724364e-05 | 1
  6, 35 |  -3.6176103119518432e-05 |  -3.6176103119518432e-05 | 1
  6, 36 |  -2.4537076993892069e-05 |  -2.4537076993892069e-05 | 1
  6, 37 |  -3.0183296182430340e-05 |  -3.0183296182430340e-05 | 1
  6, 38 |  -2.2805914026634520e-05 |  -2.2805914026634520e-05 | 1
  6, 39 |  -1.4660183722304160e-06 |  -1.4660183722304160e-06 | 1
  6, 40 |   3.8540493380180400e-05 |   3.8540493380180400e-05 | 1
  6, 41 |  -9.4766017664271230e-05 |  -9.4766017664271230e-05 | 1
  7,  1 |   3.6800005805703425e-05 |   3.6800005805703425e-05 | 1
  7,  2 |   3.2551382172293548e-05 |   3.2551382172293548e-05 | 1
  7,  3 |   2.3483161586413790e-05 |   2.3483161586413790e-05 | 1
  7,  4 |   4.0263922626568587e-05 |   4.0263922626568587e-05 | 1
  7,  5 |   1.0669268706350765e-05 |   1.0669268706350765e-05 | 1
  7,  6 |   1.0170631755495825e-05 |   1.0170631755495825e-05 | 1
  7,  7 |   2.3209427960675346e-02 |   2.3209427960675346e-02 | 1
  7,  8 |   3.1469111864238568e-05 |   3.1469111864238568e-05 | 1
  7,  9 |   2.6325967178756784e-05 |   2.6325967178756784e-05 | 1
  7, 10 |   7.1506821668984117e-05 |   7.1506821668984117e-05 | 1
  7, 11 |   7.4774655977359996e-05 |   7.4774655977359996e-05 | 1
  7, 12 |   3.5145707326176888e-05 |   3.5145707326176888e-05 | 1
  7, 13 |   5.6890502735592643e-05 |   5.6890502735592643e-05 | 1
  7, 14 |   5.2202678552813587e-05 |   5.2202678552813587e-05 | 1
  7, 15 |   3.4099111885333610e-04 |   3.4099111885333610e-04 | 1
  7, 16 |   3.6794861794159527e-05 |   3.6794861794159527e-05 | 1
  7, 17 |   4.3628961499013298e-05 |   4.3628961499013298e-05 | 1
  7, 18 |   4.2601016665170994e-05 |   4.2601016665170994e-05 | 1
  7, 19 |   7.6690179303508157e-05 |   7.6690179303508157e-05 | 1
  7, 20 |   4.8274014169743536e-05 |   4.8274014169743536e-05 | 1
  7, 21 |   2.2281167766941570e-05 |   2.2281167766941570e-05 | 1
  7, 22 |   3.4305954727833349e-05 |   3.4305954727833349e-05 | 1
  7, 23 |   1.6121545524227171e-05 |   1.6121545524227171e-05 | 1
  7, 24 |   5.2038879294473840e-05 |   5.2038879294473840e-05 | 1
  7, 25 |   4.4362601299158624e-05 |   4.4362601299158624e-05 | 1
  7, 26 |   4.4939136783965080e-05 |   4.4939136783965080e-05 | 1
  7, 27 |   2.9557199642568114e-05 |   2.9557199642568114e-05 | 1
  7, 28 |   4.9491892595895780e-05 |   4.9491892595895780e-05 | 1
  7, 29 |   5.5206108785428480e-05 |   5.5206108785428480e-05 | 1
  7, 30 |   4.0258261838855468e-05 |   4.0258261838855468e-05 | 1
  7, 31 |   4.6290452167855227e-05 |   4.6290452167855227e-05 | 1
  7, 32 |  -4.6174666755538458e-05 |  -4.6174666755538458e-05 | 1
  7, 33 |   5.0277210165775306e-05 |   5.0277210165775306e-05 | 1
  7, 34 |   6.8652574276686934e-05 |   6.8652574276686934e-05 | 1
  7, 35 |  -2.2587008885066428e-05 |  -2.2587008885066428e-05 | 1
  7, 36 |  -2.8590568630918887e-05 |  -2.8590568630918887e-05 | 1
  7, 37 |  -1.6853566022947143e-05 |  -1.6853566022947143e-05 | 1
  7, 38 |  -1.7035109765164062e-05 |  -1.7035109765164062e-05 | 1
  7, 39 |  -1.6317502011541497e-06 |  -1.6317502011541497e-06 | 1
  7, 40 |   3.2831576262935439e-05 |   3.2831576262935439e-05 | 1
  7, 41 |   4.5106211800273390e-05 |   4.5106211800273390e-05 | 1
  8,  1 |   3.2403970619912089e-05 |   3.2403970619912089e-05 | 1
  8,  2 |   2.9557772898105765e-05 |   2.9557772898105765e-05 | 1
  8,  3 |   2.2928816023986222e-05 |   2.2928816023986222e-05 | 1
  8,  4 |   3.5456842059823163e-05 |   3.5456842059823163e-05 | 1
  8,  5 |   1.3650009347723289e-05 |   1.3650009347723289e-05 | 1
  8,  6 |   1.3778343784347902e-05 |   1.3778343784347902e-05 | 1
  8,  7 |   3.1469111864238568e-05 |   3.1469111864238568e-05 | 1
  8,  8 |   2.3043819540448053e-03 |   2.3043819540448053e-03 | 1
  8,  9 |   2.4213449626685578e-05 |   2.4213449626685578e-05 | 1
  8, 10 |   6.8742125987941109e-05 |   6.8742125987941109e-05 | 1
  8, 11 |   8.2547308224681314e-05 |   8.2547308224681314e-05 | 1
  8, 12 |   3.0382964373352409e-05 |   3.0382964373352409e-05 | 1
  8, 13 |   4.8294050178671787e-05 |   4.8294050178671787e-05 | 1
  8, 14 |   4.5780366925637320e-05 |   4.5780366925637320e-05 | 1
  8, 15 |   3.1733602412932667e-04 |   3.1733602412932667e-04 | 1
  8, 16 |   3.3715996047203929e-05 |   3.3715996047203929e-05 | 1
  8, 17 |   3.7526015991723475e-05 |   3.7526015991723475e-05 | 1
  8, 18 |   3.5441698211104047e-05 |   3.5441698211104047e-05 | 1
  8, 19 |   6.6400889580863590e-05 |   6.6400889580863590e-05 | 1
  8, 20 |   4.4341376680937521e-05 |   4.4341376680937521e-05 | 1
  8, 21 |   2.4916193659458346e-05 |   2.4916193659458346e-05 | 1
  8, 22 |   3.6163842783939546e-05 |   3.6163842783939546e-05 | 1
  8, 23 |   2.3015270563091180e-05 |   2.3015270563091180e-05 | 1
  8, 24 |   5.0970260764551548e-05 |   5.0970260764551548e-05 | 1
  8, 25 |   3.8228978967479714e-05 |   3.8228978967479714e-05 | 1
  8, 26 |   3.7738825668094432e-05 |   3.7738825668094432e-05 | 1
  8, 27 |   4.7849284154035800e-05 |   4.7849284154035800e-05 | 1
  8, 28 |   4.2850863433357823e-05 |   4.2850863433357823e-05 | 1
  8, 29 |   4.6945020035061052e-05 |   4.6945020035061052e-05 | 1
  8, 30 |   3.9219654180609550e-05 |   3.9219654180609550e-05 | 1
  8, 31 |   4.1602975183225816e-05 |   4.1602975183225816e-05 | 1
  8, 32 |  -3.9843148872445897e-05 |  -3.9843148872445897e-05 | 1
  8, 33 |   2.7941094970918579e-05 |   2.7941094970918579e-05 | 1
  8, 34 |   6.9434588339193430e-05 |   6.9434588339193430e-05 | 1
  8, 35 |  -2.7895839971604160e-05 |  -2.7895839971604160e-05 | 1
  8, 36 |  -2.0312106988661926e-05 |  -2.0312106988661926e-05 | 1
  8, 37 |  -1.6250880043033112e-05 |  -1.6250880043033112e-05 | 1
  8, 38 |  -1.2019996906484312e-05 |  -1.2019996906484312e-05 | 1
  8, 39 |  -1.4047352247393278e-06 |  -1.4047352247393278e-06 | 1
  8, 40 |   2.9086241609886241e-05 |   2.9086241609886241e-05 | 1
  8, 41 |   3.8224407401086274e-05 |   3.8224407401086274e-05 | 1
  9,  1 |   4.4726454886279975e-05 |   4.4726454886279975e-05 | 1
  9,  2 |   3.8281717568767109e-05 |   3.8281717568767109e-05 | 1
  9,  3 |   2.8203686875484321e-05 |   2.8203686875484321e-05 | 1
  9,  4 |   3.3261014856115177e-05 |   3.3261014856115177e-05 | 1
  9,  5 |   5.9325515660773567e-05 |   5.9325515660773567e-05 | 1
  9,  6 |   3.5912054626199957e-05 |   3.5912054626199957e-05 | 1
  9,  7 |   2.6325967178756784e-05 |   2.6325967178756784e-05 | 1
  9,  8 |   2.4213449626685578e-05 |   2.4213449626685578e-05 | 1
  9,  9 |   9.4040543457654634e-03 |   9.4040543457654634e-03 | 1
  9, 10 |   7.2711969015382789e-06 |   7.2711969015382789e-06 | 1
  9, 11 |   7.9926982852371789e-05 |   7.9926982852371789e-05 | 1
  9, 12 |   2.5635948506546476e-05 |   2.5635948506546476e-05 | 1
  9, 13 |   2.5653066651956693e-05 |   2.5653066651956693e-05 | 1
  9, 14 |   2.7208986753632899e-05 |   2.7208986753632899e-05 | 1
  9, 15 |   7.1898236742913706e-05 |   7.1898236742913706e-05 | 1
  9, 16 |   1.4802141669620577e-05 |   1.4802141669620577e-05 | 1
  9, 17 |   5.0982387480321545e-05 |   5.0982387480321545e-05 | 1
  9, 18 |   6.7428582204366889e-05 |   6.7428582204366889e-05 | 1
  9, 19 |   3.3761404189720489e-05 |   3.3761404189720489e-05 | 1
  9, 20 |   4.6191096041801199e-05 |   4.6191096041801199e-05 | 1
  9, 21 |   7.0714032436477387e-05 |   7.0714032436477387e-05 | 1
  9, 22 |   3.6466549552957658e-05 |   3.6466549552957658e-05 | 1
  9, 23 |   3.4965768581482977e-05 |   3.4965768581482977e-05 | 1
  9, 24 |   3.9277306834455932e-05 |   3.9277306834455932e-05 | 1
  9, 25 |   3.9874057638233790e-05 |   3.9874057638233790e-05 | 1
  9, 26 |   6.4998837052724961e-05 |   6.4998837052724961e-05 | 1
  9, 27 |   8.5279730942043391e-05 |   8.5279730942043391e-05 | 1
  9, 28 |   4.7112981413983737e-05 |   4.7112981413983737e-05 | 1
  9, 29 |   4.3427768884870082e-05 |   4.3427768884870082e-05 | 1
  9, 30 |   4.7784461123508106e-05 |   4.7784461123508106e-05 | 1
  9, 31 |   5.0406905132614874e-05 |   5.0406905132614874e-05 | 1
  9, 32 |   2.5999725028200176e-05 |   2.5999725028200176e-05 | 1
  9, 33 |  -7.4605441688937047e-05 |  -7.4605441688937047e-05 | 1
  9, 34 |   4.6730566510445015e-05 |   4.6730566510445015e-05 | 1
  9, 35 |  -3.0215150086832788e-05 |  -3.0215150086832788e-05 | 1
  9, 36 |  -3.4901365552037008e-05 |  -3.4901365552037008e-05 | 1
  9, 37 |  -3.3592010956633969e-05 |  -3.3592010956633969e-05 | 1
  9, 38 |  -2.3343977135762874e-05 |  -2.3343977135762874e-05 | 1
  9, 39 |  -1.6873272597580761e-06 |  -1.6873272597580761e-06 | 1
  9, 40 |   4.2798624141978226e-05 |   4.2798624141978226e-05 | 1
  9, 41 |  -2.7110566400630400e-05 |  -2.7110566400630400e-05 | 1
 10,  1 |   2.8677914811703159e-05 |   2.8677914811703159e-05 | 1
 10,  2 |   3.1649931768284655e-05 |   3.1649931768284655e-05 | 1
 10,  3 |   1.6018340832134510e-05 |   1.6018340832134510e-05 | 1
 10,  4 |   7.2521840733893452e-05 |   7.2521840733893452e-05 | 1
 10,  5 |  -1.0540245155335058e-04 |  -1.0540245155335058e-04 | 1
 10,  6 |  -4.2071485138247443e-05 |  -4.2071485138247443e-05 | 1
 10,  7 |   7.1506821668984117e-05 |   7.1506821668984117e-05 | 1
 10,  8 |   6.8742125987941109e-05 |   6.8742125987941109e-05 | 1
 10,  9 |   7.2711969015382789e-06 |   7.2711969015382789e-06 | 1
 10, 10 |   2.3739180471439754e-02 |   2.3739180471439754e-02 | 1
 10, 11 |   1.4280404920207810e-04 |   1.4280404920207810e-04 | 1
 10, 12 |   7.7100727433850397e-05 |   7.7100727433850397e-05 | 1
 10, 13 |   1.5876547206567697e-04 |   1.5876547206567697e-04 | 1
 10, 14 |   1.4080354444013311e-04 |   1.4080354444013311e-04 | 1
 10, 15 |   1.2857690818617944e-03 |   1.2857690818617944e-03 | 1
 10, 16 |   1.1177930208151666e-04 |   1.1177930208151666e-04 | 1
 10, 17 |   4.4009066908419219e-05 |   4.4009066908419219e-05 | 1
 10, 18 |  -1.4876607717450710e-06 |  -1.4876607717450710e-06 | 1
 10, 19 |   2.1747209981249659e-04 |   2.1747209981249659e-04 | 1
 10, 20 |   7.0995665317832694e-05 |   7.0995665317832694e-05 | 1
 10, 21 |  -8.4083246490747885e-05 |  -8.4083246490747885e-05 | 1
 10, 22 |   5.5491305966954722e-05 |   5.5491305966954722e-05 | 1
 10, 23 |  -3.2072478771210937e-05 |  -3.2072478771210937e-05 | 1
 10, 24 |   1.1925869738038157e-04 |   1.1925869738038157e-04 | 1
 10, 25 |   7.7716223540818112e-05 |   7.7716223540818112e-05 | 1
 10, 26 |   5.9420234005129964e-06 |   5.9420234005129964e-06 | 1
 10, 27 |  -3.6753286500188047e-05 |  -3.6753286500188047e-05 | 1
 10, 28 |   8.1294431941498449e-05 |   8.1294431941498449e-05 | 1
 10, 29 |   1.1615805180802018e-04 |   1.1615805180802018e-04 | 1
 10, 30 |   5.7064698720625427e-05 |   5.7064698720625427e-05 | 1
 10, 31 |   6.8417252414064211e-05 |   6.8417252414064211e-05 | 1
 10, 32 |  -2.5725891618663655e-04 |  -2.5725891618663655e-04 | 1
 10, 33 |   3.5563375557143805e-04 |   3.5563375557143805e-04 | 1
 10, 34 |   1.8274664495939136e-04 |   1.8274664495939136e-04 | 1
 10, 35 |  -2.9366048599156793e-05 |  -2.9366048599156793e-05 | 1
 10, 36 |  -1.5809630629147780e-05 |  -1.5809630629147780e-05 | 1
 10, 37 |  -1.1163702933145839e-05 |  -1.1163702933145839e-05 | 1
 10, 38 |  -1.9125255215941636e-05 |  -1.9125255215941636e-05 | 1
 10, 39 |  -1.1377408027059911e-06 |  -1.1377408027059911e-06 | 1
 10, 40 |   2.5423770997115249e-05 |   2.5423770997115249e-05 | 1
 10, 41 |   2.5666486741494725e-04 |   2.5666486741494725e-04 | 1
 11,  1 |   8.1231067982395804e-05 |   8.1231067982395804e-05 | 1
 11,  2 |   6.3541314934993984e-05 |   6.3541314934993984e-05 | 1
 11,  3 |   4.7524661874628402e-05 |   4.7524661874628402e-05 | 1
 11,  4 |   1.6433524411007508e-05 |   1.6433524411007508e-05 | 1
 11,  5 |  -1.5985918880351372e-04 |  -1.5985918880351372e-04 | 1
 11,  6 |   1.6193757927216481e-04 |   1.6193757927216481e-04 | 1
 11,  7 |   7.4774655977359996e-05 |   7.4774655977359996e-05 | 1
 11,  8 |   8.2547308224681314e-05 |   8.2547308224681314e-05 | 1
 11,  9 |   7.9926982852371789e-05 |   7.9926982852371789e-05 | 1
 11, 10 |   1.4280404920207810e-04 |   1.4280404920207810e-04 | 1
 11, 11 |   2.8079513673980811e-03 |   2.8079513673980811e-03 | 1
 11, 12 |   3.1502027781192034e-04 |   3.1502027781192034e-04 | 1
 11, 13 |  -5.0370459087893953e-04 |  -5.0370459087893953e-04 | 1
 11, 14 |  -3.2310877734990104e-04 |  -3.2310877734990104e-04 | 1
 11, 15 |   2.6967569234272060e-03 |   2.6967569234272060e-03 | 1
 11, 16 |   1.9643666458346807e-04 |   1.9643666458346807e-04 | 1
 11, 17 |   8.1403523424217834e-05 |   8.1403523424217834e-05 | 1
 11, 18 |   3.5457406124048856e-05 |   3.5457406124048856e-05 | 1
 11, 19 |  -2.1909610089646008e-04 |  -2.1909610089646008e-04 | 1
 11, 20 |   1.4902021870233910e-04 |   1.4902021870233910e-04 | 1
 11, 21 |   3.5278547379546211e-04 |   3.5278547379546211e-04 | 1
 11, 22 |   7.6357052343405379e-04 |   7.6357052343405379e-04 | 1
 11, 23 |   9.8282654136170447e-05 |   9.8282654136170447e-05 | 1
 11, 24 |   4.7916299242516472e-04 |   4.7916299242516472e-04 | 1
 11, 25 |   2.1082257400519228e-04 |   2.1082257400519228e-04 | 1
 11, 26 |   8.8430184294175724e-05 |   8.8430184294175724e-05 | 1
 11, 27 |   4.6646231148851150e-03 |   4.6646231148851150e-03 | 1
 11, 28 |   7.5971388660714715e-04 |   7.5971388660714715e-04 | 1
 11, 29 |   7.6383254598548668e-05 |   7.6383254598548668e-05 | 1
 11, 30 |   6.7460223733432467e-04 |   6.7460223733432467e-04 | 1
 11, 31 |   1.0580790181985928e-03 |   1.0580790181985928e-03 | 1
 11, 32 |   2.7511137364964495e-04 |   2.7511137364964495e-04 | 1
 11, 33 |  -4.1477782872937977e-03 |  -4.1477782872937977e-03 | 1
 11, 34 |   2.1162509642826061e-03 |   2.1162509642826061e-03 | 1
 11, 35 |  -6.8700104207009222e-05 |  -6.8700104207009222e-05 | 1
 11, 36 |  -5.4024956261854088e-05 |  -5.4024956261854088e-05 | 1
 11, 37 |  -4.2285824858551342e-05 |  -4.2285824858551342e-05 | 1
 11, 38 |  -2.0203048275370812e-05 |  -2.0203048275370812e-05 | 1
 11, 39 |  -3.6249965227625201e-06 |  -3.6249965227625201e-06 | 1
 11, 40 |   7.2838852777000230e-05 |   7.2838852777000230e-05 | 1
 11, 41 |  -2.7966219290064697e-04 |  -2.7966219290064697e-04 | 1
 12,  1 |   3.1938964685190757e-05 |   3.1938964685190757e-05 | 1
 12,  2 |   2.8257600739879046e-05 |   2.8257600739879046e-05 | 1
 12,  3 |   2.2110322834219369e-05 |   2.2110322834219369e-05 | 1
 12,  4 |   3.1066882567832866e-05 |   3.1066882567832866e-05 | 1
 12,  5 |  -1.7579972003519921e-05 |  -1.7579972003519921e-05 | 1
 12,  6 |   1.5961785673102273e-05 |   1.5961785673102273e-05 | 1
 12,  7 |   3.5145707326176888e-05 |   3.5145707326176888e-05 | 1
 12,  8 |   3.0382964373352409e-05 |   3.0382964373352409e-05 | 1
 12,  9 |   2.5635948506546476e-05 |   2.5635948506546476e-05 | 1
 12, 10 |   7.7100727433850397e-05 |   7.7100727433850397e-05 | 1
 12, 11 |   3.1502027781192034e-04 |   3.1502027781192034e-04 | 1
 12, 12 |   1.5544386210155204e-02 |   1.5544386210155204e-02 | 1
 12, 13 |   1.4572189523089183e-06 |   1.4572189523089183e-06 | 1
 12, 14 |   1.4372038095895571e-05 |   1.4372038095895571e-05 | 1
 12, 15 |   5.4936865975856023e-04 |   5.4936865975856023e-04 | 1
 12, 16 |   4.8595984151673341e-05 |   4.8595984151673341e-05 | 1
 12, 17 |   3.8610501500770915e-05 |   3.8610501500770915e-05 | 1
 12, 18 |   2.8132643631623050e-05 |   2.8132643631623050e-05 | 1
 12, 19 |   4.0750113801668448e-05 |   4.0750113801668448e-05 | 1
 12, 20 |   4.9713711619903517e-05 |   4.9713711619903517e-05 | 1
 12, 21 |   4.0902844227227909e-05 |   4.0902844227227909e-05 | 1
 12, 22 |   9.4791255300005346e-05 |   9.4791255300005346e-05 | 1
 12, 23 |   1.8319555063028674e-05 |   1.8319555063028674e-05 | 1
 12, 24 |   8.4256093822146559e-05 |   8.4256093822146559e-05 | 1
 12, 25 |   5.2942459332646919e-05 |   5.2942459332646919e-05 | 1
 12, 26 |   3.7366571489875735e-05 |   3.7366571489875735e-05 | 1
 12, 27 |   4.4825698997909822e-04 |   4.4825698997909822e-04 | 1
 12, 28 |   1.0976120448093505e-04 |   1.0976120448093505e-04 | 1
 12, 29 |   5.2135866381565111e-05 |   5.2135866381565111e-05 | 1
 12, 30 |   9.2863972842718569e-05 |   9.2863972842718569e-05 | 1
 12, 31 |   1.3382334466583644e-04 |   1.3382334466583644e-04 | 1
 12, 32 |  -2.0549432698801386e-05 |  -2.0549432698801386e-05 | 1
 12, 33 |  -3.2963588034702358e-04 |  -3.2963588034702358e-04 | 1
 12, 34 |   2.5299364967559790e-04 |   2.5299364967559790e-04 | 1
 12, 35 |  -2.5793674493322934e-05 |  -2.5793674493322934e-05 | 1
 12, 36 |  -3.0566816733188816e-05 |  -3.0566816733188816e-05 | 1
 12, 37 |  -2.3295870069145684e-05 |  -2.3295870069145684e-05 | 1
 12, 38 |  -2.6529737853873178e-05 |  -2.6529737853873178e-05 | 1
 12, 39 |  -9.1453706351137790e-07 |  -9.1453706351137790e-07 | 1
 12, 40 |   3.2435646592608425e-05 |   3.2435646592608425e-05 | 1
 12, 41 |   1.9744867088478810e-05 |   1.9744867088478810e-05 | 1
 13,  1 |   4.1661550764307377e-05 |   4.1661550764307377e-05 | 1
 13,  2 |   4.4177001615797998e-05 |   4.4177001615797998e-05 | 1
 13,  3 |   3.3280514757441811e-05 |   3.3280514757441811e-05 | 1
 13,  4 |   7.5237099293335135e-05 |   7.5237099293335135e-05 | 1
 13,  5 |   1.9208373306477168e-05 |   1.9208373306477168e-05 | 1
 13,  6 |  -2.8987801021913430e-05 |  -2.8987801021913430e-05 | 1
 13,  7 |   5.6890502735592643e-05 |   5.6890502735592643e-05 | 1
 13,  8 |   4.8294050178671787e-05 |   4.8294050178671787e-05 | 1
 13,  9 |   2.5653066651956693e-05 |   2.5653066651956693e-05 | 1
 13, 10 |   1.5876547206567697e-04 |   1.5876547206567697e-04 | 1
 13, 11 |  -5.0370459087893953e-04 |  -5.0370459087893953e-04 | 1
 13, 12 |   1.4572189523089183e-06 |   1.4572189523089183e-06 | 1
 13, 13 |   1.7955772511400809e-02 |   1.7955772511400809e-02 | 1
 13, 14 |   1.9366338099642956e-04 |   1.9366338099642956e-04 | 1
 13, 15 |   2.6037910257789890e-04 |   2.6037910257789890e-04 | 1
 13, 16 |   3.7990519250576137e-05 |   3.7990519250576137e-05 | 1
 13, 17 |   5.8590587236155536e-05 |   5.8590587236155536e-05 | 1
 13, 18 |   5.4435867664678702e-05 |   5.4435867664678702e-05 | 1
 13, 19 |   2.1776180482261336e-04 |   2.1776180482261336e-04 | 1
 13, 20 |   5.7181900338377217e-05 |   5.7181900338377217e-05 | 1
 13, 21 |  -6.4473891822756219e-05 |  -6.4473891822756219e-05 | 1
 13, 22 |  -1.0439438758196708e-04 |  -1.0439438758196708e-04 | 1
 13, 23 |   3.7785166578866462e-06 |   3.7785166578866462e-06 | 1
 13, 24 |   2.3347661997163222e-06 |   2.3347661997163222e-06 | 1
 13, 25 |   4.0203551979263005e-05 |   4.0203551979263005e-05 | 1
 13, 26 |   4.7490607645214745e-05 |   4.7490607645214745e-05 | 1
 13, 27 |  -1.0567865087097519e-03 |  -1.0567865087097519e-03 | 1
 13, 28 |  -8.0526697436443377e-05 |  -8.0526697436443377e-05 | 1
 13, 29 |   9.7693201399987075e-05 |   9.7693201399987075e-05 | 1
 13, 30 |  -7.3037689607148294e-05 |  -7.3037689607148294e-05 | 1
 13, 31 |  -1.6047649561211900e-04 |  -1.6047649561211900e-04 | 1
 13, 32 |  -2.0406738124060955e-04 |  -2.0406738124060955e-04 | 1
 13, 33 |   1.1472331106498770e-03 |   1.1472331106498770e-03 | 1
 13, 34 |  -3.4261414149514951e-04 |  -3.4261414149514951e-04 | 1
 13, 35 |  -4.4494348410339843e-05 |  -4.4494348410339843e-05 | 1
 13, 36 |  -4.4554623710064113e-05 |  -4.4554623710064113e-05 | 1
 13, 37 |  -4.5900330430754371e-05 |  -4.5900330430754371e-05 | 1
 13, 38 |  -4.6278220075750856e-05 |  -4.6278220075750856e-05 | 1
 13, 39 |  -4.9285887972217753e-07 |  -4.9285887972217753e-07 | 1
 13, 40 |   4.6558969274882467e-05 |   4.6558969274882467e-05 | 1
 13, 41 |   2.0387134929935235e-04 |   2.0387134929935235e-04 | 1
 14,  1 |   4.0593823601657871e-05 |   4.0593823601657871e-05 | 1
 14,  2 |   4.3333018020191377e-05 |   4.3333018020191377e-05 | 1
 14,  3 |   2.9405415846920606e-05 |   2.9405415846920606e-05 | 1
 14,  4 |   6.7417834551153466e-05 |   6.7417834551153466e-05 | 1
 14,  5 |   7.1958123762270961e-06 |   7.1958123762270961e-06 | 1
 14,  6 |  -1.8453844580640580e-05 |  -1.8453844580640580e-05 | 1
 14,  7 |   5.2202678552813587e-05 |   5.2202678552813587e-05 | 1
 14,  8 |   4.5780366925637320e-05 |   4.5780366925637320e-05 | 1
 14,  9 |   2.7208986753632899e-05 |   2.7208986753632899e-05 | 1
 14, 10 |   1.4080354444013311e-04 |   1.4080354444013311e-04 | 1
 14, 11 |  -3.2310877734990104e-04 |  -3.2310877734990104e-04 | 1
 14, 12 |   1.4372038095895571e-05 |   1.4372038095895571e-05 | 1
 14, 13 |   1.9366338099642956e-04 |   1.9366338099642956e-04 | 1
 14, 14 |   1.6280460889616901e-02 |   1.6280460889616901e-02 | 1
 14, 15 |   3.5822061508602960e-04 |   3.5822061508602960e-04 | 1
 14, 16 |   4.1717293656555196e-05 |   4.1717293656555196e-05 | 1
 14, 17 |   5.5155972608090511e-05 |   5.5155972608090511e-05 | 1
 14, 18 |   5.4058313877276644e-05 |   5.4058313877276644e-05 | 1
 14, 19 |   1.8515486147064529e-04 |   1.8515486147064529e-04 | 1
 14, 20 |   5.5400985250589222e-05 |   5.5400985250589222e-05 | 1
 14, 21 |  -4.5267762648834979e-05 |  -4.5267762648834979e-05 | 1
 14, 22 |  -5.8611749285442413e-05 |  -5.8611749285442413e-05 | 1
 14, 23 |   8.8215846903205767e-07 |   8.8215846903205767e-07 | 1
 14, 24 |   2.0165213800241025e-05 |   2.0165213800241025e-05 | 1
 14, 25 |   4.4980771509051055e-05 |   4.4980771509051055e-05 | 1
 14, 26 |   4.9042382359425821e-05 |   4.9042382359425821e-05 | 1
 14, 27 |  -7.3653004709379436e-04 |  -7.3653004709379436e-04 | 1
 14, 28 |  -3.8592190280171881e-05 |  -3.8592190280171881e-05 | 1
 14, 29 |   8.7751121567203658e-05 |   8.7751121567203658e-05 | 1
 14, 30 |  -3.2860347697741889e-05 |  -3.2860347697741889e-05 | 1
 14, 31 |  -9.9016077321707280e-05 |  -9.9016077321707280e-05 | 1
 14, 32 |  -1.6706668028527251e-04 |  -1.6706668028527251e-04 | 1
 14, 33 |   8.3432953646689974e-04 |   8.3432953646689974e-04 | 1
 14, 34 |  -2.1448387114725832e-04 |  -2.1448387114725832e-04 | 1
 14, 35 |  -3.8147827819192622e-05 |  -3.8147827819192622e-05 | 1
 14, 36 |  -4.1253723607538499e-05 |  -4.1253723607538499e-05 | 1
 14, 37 |  -4.2572690301679335e-05 |  -4.2572690301679335e-05 | 1
 14, 38 |  -2.8097095771587972e-05 |  -2.8097095771587972e-05 | 1
 14, 39 |  -9.0254562476929390e-07 |  -9.0254562476929390e-07 | 1
 14, 40 |   4.3171883277047820e-05 |   4.3171883277047820e-05 | 1
 14, 41 |   1.6589330546978067e-04 |   1.6589330546978067e-04 | 1
 15,  1 |   1.1746554190664684e-04 |   1.1746554190664684e-04 | 1
 15,  2 |   1.5501221899835759e-04 |   1.5501221899835759e-04 | 1
 15,  3 |   7.7550895324911203e-05 |   7.7550895324911203e-05 | 1
 15,  4 |   2.8947766810158730e-04 |   2.8947766810158730e-04 | 1
 15,  5 |  -7.6188091816319331e-04 |  -7.6188091816319331e-04 | 1
 15,  6 |  -1.1358201943660568e-04 |  -1.1358201943660568e-04 | 1
 15,  7 |   3.4099111885333610e-04 |   3.4099111885333610e-04 | 1
 15,  8 |   3.1733602412932667e-04 |   3.1733602412932667e-04 | 1
 15,  9 |   7.1898236742913706e-05 |   7.1898236742913706e-05 | 1
 15, 10 |   1.2857690818617944e-03 |   1.2857690818617944e-03 | 1
 15, 11 |   2.6967569234272060e-03 |   2.6967569234272060e-03 | 1
 15, 12 |   5.4936865975856023e-04 |   5.4936865975856023e-04 | 1
 15, 13 |   2.6037910257789890e-04 |   2.6037910257789890e-04 | 1
 15, 14 |   3.5822061508602960e-04 |   3.5822061508602960e-04 | 1
 15, 15 |   6.1178370332379856e-02 |   6.1178370332379856e-02 | 1
 15, 16 |   6.2192970959978053e-04 |   6.2192970959978053e-04 | 1
 15, 17 |   1.8562694245098985e-04 |   1.8562694245098985e-04 | 1
 15, 18 |  -4.2267191963433112e-05 |  -4.2267191963433112e-05 | 1
 15, 19 |   7.2620037359844947e-04 |   7.2620037359844947e-04 | 1
 15, 20 |   3.7277991562160339e-04 |   3.7277991562160339e-04 | 1
 15, 21 |  -2.0554903212163827e-04 |  -2.0554903212163827e-04 | 1
 15, 22 |   7.9665528264735827e-04 |   7.9665528264735827e-04 | 1
 15, 23 |  -1.2219964316697148e-04 |  -1.2219964316697148e-04 | 1
 15, 24 |   8.2322306619869506e-04 |   8.2322306619869506e-04 | 1
 15, 25 |   4.5266341553865932e-04 |   4.5266341553865932e-04 | 1
 15, 26 |   4.7092455515987854e-05 |   4.7092455515987854e-05 | 1
 15, 27 |   3.3129123684580968e-03 |   3.3129123684580968e-03 | 1
 15, 28 |   9.1195211356271181e-04 |   9.1195211356271181e-04 | 1
 15, 29 |   5.0640204079274525e-04 |   5.0640204079274525e-04 | 1
 15, 30 |   7.4758139545285989e-04 |   7.4758139545285989e-04 | 1
 15, 31 |   1.0179123434612626e-03 |   1.0179123434612626e-03 | 1
 15, 32 |  -9.5569074688011215e-04 |  -9.5569074688011215e-04 | 1
 15, 33 |  -1.5336046494705349e-03 |  -1.5336046494705349e-03 | 1
 15, 34 |   2.3713685581395801e-03 |   2.3713685581395801e-03 | 1
 15, 35 |  -1.7319115060987755e-04 |  -1.7319115060987755e-04 | 1
 15, 36 |  -1.5224780277784972e-04 |  -1.5224780277784972e-04 | 1
 15, 37 |  -1.2831367338055665e-04 |  -1.2831367338055665e-04 | 1
 15, 38 |  -4.4951865717960586e-05 |  -4.4951865717960586e-05 | 1
 15, 39 |  -1.8238773175426987e-06 |  -1.8238773175426987e-06 | 1
 15, 40 |   1.3542521715830414e-04 |   1.3542521715830414e-04 | 1
 15, 41 |   9.4184751994859568e-04 |   9.4184751994859568e-04 | 1
 16,  1 |   2.2884075478775959e-05 |   2.2884075478775959e-05 | 1
 16,  2 |   2.2774258365344455e-05 |   2.2774258365344455e-05 | 1
 16,  3 |   1.2849424092487560e-05 |   1.2849424092487560e-05 | 1
 16,  4 |   3.4407919893583057e-05 |   3.4407919893583057e-05 | 1
 16,  5 |  -4.2566431327835318e-05 |  -4.2566431327835318e-05 | 1
 16,  6 |  -2.7268762091620438e-06 |  -2.7268762091620438e-06 | 1
 16,  7 |   3.6794861794159527e-05 |   3.6794861794159527e-05 | 1
 16,  8 |   3.3715996047203929e-05 |   3.3715996047203929e-05 | 1
 16,  9 |   1.4802141669620577e-05 |   1.4802141669620577e-05 | 1
 16, 10 |   1.1177930208151666e-04 |   1.1177930208151666e-04 | 1
 16, 11 |   1.9643666458346807e-04 |   1.9643666458346807e-04 | 1
 16, 12 |   4.8595984151673341e-05 |   4.8595984151673341e-05 | 1
 16, 13 |   3.7990519250576137e-05 |   3.7990519250576137e-05 | 1
 16, 14 |   4.1717293656555196e-05 |   4.1717293656555196e-05 | 1
 16, 15 |   6.2192970959978053e-04 |   6.2192970959978053e-04 | 1
 16, 16 |   3.1751579995854696e-03 |   3.1751579995854696e-03 | 1
 16, 17 |   2.9299700614435355e-05 |   2.9299700614435355e-05 | 1
 16, 18 |   1.5053490298259312e-05 |   1.5053490298259312e-05 | 1
 16, 19 |   7.7652610234301263e-05 |   7.7652610234301263e-05 | 1
 16, 20 |   3.9316117614702158e-05 |   3.9316117614702158e-05 | 1
 16, 21 |  -3.4910324877551726e-06 |  -3.4910324877551726e-06 | 1
 16, 22 |   6.3111273557719743e-05 |   6.3111273557719743e-05 | 1
 16, 23 |  -2.6906377853307429e-06 |  -2.6906377853307429e-06 | 1
 16, 24 |   7.0668556007241518e-05 |   7.0668556007241518e-05 | 1
 16, 25 |   4.7378220514041305e-05 |   4.7378220514041305e-05 | 1
 16, 26 |   1.6840323010394909e-05 |   1.6840323010394909e-05 | 1
 16, 27 |   2.1325124924962156e-04 |   2.1325124924962156e-04 | 1
 16, 28 |   7.3909555063389715e-05 |   7.3909555063389715e-05 | 1
 16, 29 |   5.3447735482443440e-05 |   5.3447735482443440e-05 | 1
 16, 30 |   6.1825143028352398e-05 |   6.1825143028352398e-05 | 1
 16, 31 |   8.3997955093882036e-05 |   8.3997955093882036e-05 | 1
 16, 32 |  -7.9273500158726811e-05 |  -7.9273500158726811e-05 | 1
 16, 33 |  -6.9745972176968286e-05 |  -6.9745972176968286e-05 | 1
 16, 34 |   1.7290776762961149e-04 |   1.7290776762961149e-04 | 1
 16, 35 |  -1.4769036007349531e-05 |  -1.4769036007349531e-05 | 1
 16, 36 |  -1.3731030456389299e-05 |  -1.3731030456389299e-05 | 1
 16, 37 |  -8.0625496703514698e-06 |  -8.0625496703514698e-06 | 1
 16, 38 |  -9.2247315382109402e-07 |  -9.2247315382109402e-07 | 1
 16, 39 |  -1.2543498177572786e-06 |  -1.2543498177572786e-06 | 1
 16, 40 |   1.8597696041098681e-05 |   1.8597696041098681e-05 | 1
 16, 41 |   7.7878585871337354e-05 |   7.7878585871337354e-05 | 1
 17,  1 |   6.1190257696857914e-05 |   6.1190257696857914e-05 | 1
 17,  2 |   5.3561881435071427e-05 |   5.3561881435071427e-05 | 1
 17,  3 |   4.3840008012231111e-05 |   4.3840008012231111e-05 | 1
 17,  4 |   5.1592962874989115e-05 |   5.1592962874989115e-05 | 1
 17,  5 |   6.7079755533172672e-05 |   6.7079755533172672e-05 | 1
 17,  6 |   4.1191708417111030e-05 |   4.1191708417111030e-05 | 1
 17,  7 |   4.3628961499013298e-05 |   4.3628961499013298e-05 | 1
 17,  8 |   3.7526015991723475e-05 |   3.7526015991723475e-05 | 1
 17,  9 |   5.0982387480321545e-05 |   5.0982387480321545e-05 | 1
 17, 10 |   4.4009066908419219e-05 |   4.4009066908419219e-05 | 1
 17, 11 |   8.1403523424217834e-05 |   8.1403523424217834e-05 | 1
 17, 12 |   3.8610501500770915e-05 |   3.8610501500770915e-05 | 1
 17, 13 |   5.8590587236155536e-05 |   5.8590587236155536e-05 | 1
 17, 14 |   5.5155972608090511e-05 |   5.5155972608090511e-05 | 1
 17, 15 |   1.8562694245098985e-04 |   1.8562694245098985e-04 | 1
 17, 16 |   2.9299700614435355e-05 |   2.9299700614435355e-05 | 1
 17, 17 |   4.2144134392176425e-03 |   4.2144134392176425e-03 | 1
 17, 18 |   8.3211029373648018e-05 |   8.3211029373648018e-05 | 1
 17, 19 |   6.8783893829681868e-05 |   6.8783893829681868e-05 | 1
 17, 20 |   6.9198070896752794e-05 |   6.9198070896752794e-05 | 1
 17, 21 |   8.0802576321995190e-05 |   8.0802576321995190e-05 | 1
 17, 22 |   4.6343980840785491e-05 |   4.6343980840785491e-05 | 1
 17, 23 |   5.2548162926749849e-05 |   5.2548162926749849e-05 | 1
 17, 24 |   5.9264647870810250e-05 |   5.9264647870810250e-05 | 1
 17, 25 |   5.7674166973472148e-05 |   5.7674166973472148e-05 | 1
 17, 26 |   8.5523982266282636e-05 |   8.5523982266282636e-05 | 1
 17, 27 |   4.4728435086280300e-05 |   4.4728435086280300e-05 | 1
 17, 28 |   6.0715194126058223e-05 |   6.0715194126058223e-05 | 1
 17, 29 |   6.6358685720148013e-05 |   6.6358685720148013e-05 | 1
 17, 30 |   5.9850889790223833e-05 |   5.9850889790223833e-05 | 1
 17, 31 |   5.7940573244268613e-05 |   5.7940573244268613e-05 | 1
 17, 32 |   4.1071021784971508e-06 |   4.1071021784971508e-06 | 1
 17, 33 |  -5.5792933193977998e-06 |  -5.5792933193977998e-06 | 1
 17, 34 |   5.3799641244349833e-05 |   5.3799641244349833e-05 | 1
 17, 35 |  -4.6239625185388704e-05 |  -4.6239625185388704e-05 | 1
 17, 36 |  -5.0455472457863749e-05 |  -5.0455472457863749e-05 | 1
 17, 37 |  -4.5257561926201415e-05 |  -4.5257561926201415e-05 | 1
 17, 38 |  -3.6924167803999944e-05 |  -3.6924167803999944e-05 | 1
 17, 39 |  -2.0990857645703814e-06 |  -2.0990857645703814e-06 | 1
 17, 40 |   5.9634644688067516e-05 |   5.9634644688067516e-05 | 1
 17, 41 |  -5.7738032032510804e-06 |  -5.7738032032510804e-06 | 1
 18,  1 |   7.6164521117647201e-05 |   7.6164521117647201e-05 | 1
 18,  2 |   6.6676700250465628e-05 |   6.6676700250465628e-05 | 1
 18,  3 |   5.5295332947285632e-05 |   5.5295332947285632e-05 | 1
 18,  4 |   5.6282472222552566e-05 |   5.6282472222552566e-05 | 1
 18,  5 |   1.1593263188824537e-04 |   1.1593263188824537e-04 | 1
 18,  6 |   6.2167645571477423e-05 |   6.2167645571477423e-05 | 1
 18,  7 |   4.2601016665170994e-05 |   4.2601016665170994e-05 | 1
 18,  8 |   3.5441698211104047e-05 |   3.5441698211104047e-05 | 1
 18,  9 |   6.7428582204366889e-05 |   6.7428582204366889e-05 | 1
 18, 10 |  -1.4876607717450710e-06 |  -1.4876607717450710e-06 | 1
 18, 11 |   3.5457406124048856e-05 |   3.5457406124048856e-05 | 1
 18, 12 |   2.8132643631623050e-05 |   2.8132643631623050e-05 | 1
 18, 13 |   5.4435867664678702e-05 |   5.4435867664678702e-05 | 1
 18, 14 |   5.4058313877276644e-05 |   5.4058313877276644e-05 | 1
 18, 15 |  -4.2267191963433112e-05 |  -4.2267191963433112e-05 | 1
 18, 16 |   1.5053490298259312e-05 |   1.5053490298259312e-05 | 1
 18, 17 |   8.3211029373648018e-05 |   8.3211029373648018e-05 | 1
 18, 18 |   1.8623941631164667e-02 |   1.8623941631164667e-02 | 1
 18, 19 |   5.7698910928739261e-05 |   5.7698910928739261e-05 | 1
 18, 20 |   7.8363621390114489e-05 |   7.8363621390114489e-05 | 1
 18, 21 |   1.1802039083113412e-04 |   1.1802039083113412e-04 | 1
 18, 22 |   3.5881516915721033e-05 |   3.5881516915721033e-05 | 1
 18, 23 |   7.5462843990007389e-05 |   7.5462843990007389e-05 | 1
 18, 24 |   4.7261107958330806e-05 |   4.7261107958330806e-05 | 1
 18, 25 |   5.6314066274563626e-05 |   5.6314066274563626e-05 | 1
 18, 26 |   1.1404984453934630e-04 |   1.1404984453934630e-04 | 1
 18, 27 |  -1.3175837612056045e-05 |  -1.3175837612056045e-05 | 1
 18, 28 |   4.9882903400175530e-05 |   4.9882903400175530e-05 | 1
 18, 29 |   6.0940551244844201e-05 |   6.0940551244844201e-05 | 1
 18, 30 |   5.5190652559593837e-05 |   5.5190652559593837e-05 | 1
 18, 31 |   3.9366378946192421e-05 |   3.9366378946192421e-05 | 1
 18, 32 |   5.2782180131887519e-05 |   5.2782180131887519e-05 | 1
 18, 33 |  -5.3953424273206618e-06 |  -5.3953424273206618e-06 | 1
 18, 34 |  -3.4118404731995252e-06 |  -3.4118404731995252e-06 | 1
 18, 35 |  -5.5075260153161651e-05 |  -5.5075260153161651e-05 | 1
 18, 36 |  -5.8733604016461259e-05 |  -5.8733604016461259e-05 | 1
 18, 37 |  -4.7607492783217220e-05 |  -4.7607492783217220e-05 | 1
 18, 38 |  -2.4204510567844439e-05 |  -2.4204510567844439e-05 | 1
 18, 39 |  -3.2110264071591575e-06 |  -3.2110264071591575e-06 | 1
 18, 40 |   7.1242718495680900e-05 |   7.1242718495680900e-05 | 1
 18, 41 |  -5.6821679907513865e-05 |  -5.6821679907513865e-05 | 1
 19,  1 |   5.2063205156338186e-05 |   5.2063205156338186e-05 | 1
 19,  2 |   5.4413644715835645e-05 |   5.4413644715835645e-05 | 1
 19,  3 |   3.4334545923530191e-05 |   3.4334545923530191e-05 | 1
 19,  4 |   8.7512354315496578e-05 |   8.7512354315496578e-05 | 1
 19,  5 |  -2.3350839928756800e-05 |  -2.3350839928756800e-05 | 1
 19,  6 |  -1.8459792021928281e-05 |  -1.8459792021928281e-05 | 1
 19,  7 |   7.6690179303508157e-05 |   7.6690179303508157e-05 | 1
 19,  8 |   6.6400889580863590e-05 |   6.6400889580863590e-05 | 1
 19,  9 |   3.3761404189720489e-05 |   3.3761404189720489e-05 | 1
 19, 10 |   2.1747209981249659e-04 |   2.1747209981249659e-04 | 1
 19, 11 |  -2.1909610089646008e-04 |  -2.1909610089646008e-04 | 1
 19, 12 |   4.0750113801668448e-05 |   4.0750113801668448e-05 | 1
 19, 13 |   2.1776180482261336e-04 |   2.1776180482261336e-04 | 1
 19, 14 |   1.8515486147064529e-04 |   1.8515486147064529e-04 | 1
 19, 15 |   7.2620037359844947e-04 |   7.2620037359844947e-04 | 1
 19, 16 |   7.7652610234301263e-05 |   7.7652610234301263e-05 | 1
 19, 17 |   6.8783893829681868e-05 |   6.8783893829681868e-05 | 1
 19, 18 |   5.7698910928739261e-05 |   5.7698910928739261e-05 | 1
 19, 19 |   2.1617473286606043e-02 |   2.1617473286606043e-02 | 1
 19, 20 |   7.3679542994080442e-05 |   7.3679542994080442e-05 | 1
 19, 21 |  -4.5232779664615397e-05 |  -4.5232779664615397e-05 | 1
 19, 22 |  -2.8935430136209033e-05 |  -2.8935430136209033e-05 | 1
 19, 23 |   1.7290887743899560e-06 |   1.7290887743899560e-06 | 1
 19, 24 |   5.8507295112127051e-05 |   5.8507295112127051e-05 | 1
 19, 25 |   7.0799000508605959e-05 |   7.0799000508605959e-05 | 1
 19, 26 |   4.6400139788167915e-05 |   4.6400139788167915e-05 | 1
 19, 27 |  -6.3185641852403951e-04 |  -6.3185641852403951e-04 | 1
 19, 28 |  -4.2818081635682222e-06 |  -4.2818081635682222e-06 | 1
 19, 29 |   1.1601174169521285e-04 |   1.1601174169521285e-04 | 1
 19, 30 |  -6.0248785784615208e-06 |  -6.0248785784615208e-06 | 1
 19, 31 |  -5.5439363944844431e-05 |  -5.5439363944844431e-05 | 1
 19, 32 |  -2.2543680582159042e-04 |  -2.2543680582159042e-04 | 1
 19, 33 |   8.2710513930356853e-04 |   8.2710513930356853e-04 | 1
 19, 34 |  -1.2040406093323001e-04 |  -1.2040406093323001e-04 | 1
 19, 35 |  -3.7214913027770088e-05 |  -3.7214913027770088e-05 | 1
 19, 36 |  -3.2372988815492500e-05 |  -3.2372988815492500e-05 | 1
 19, 37 |  -2.5151627279365187e-05 |  -2.5151627279365187e-05 | 1
 19, 38 |  -4.1249255074492633e-06 |  -4.1249255074492633e-06 | 1
 19, 39 |  -2.6214512987717363e-06 |  -2.6214512987717363e-06 | 1
 19, 40 |   4.4459568234358685e-05 |   4.4459568234358685e-05 | 1
 19, 41 |   2.2225757719551429e-04 |   2.2225757719551429e-04 | 1
 20,  1 |   5.9150784068843828e-05 |   5.9150784068843828e-05 | 1
 20,  2 |   5.4458831198232096e-05 |   5.4458831198232096e-05 | 1
 20,  3 |   4.5591131632489337e-05 |   4.5591131632489337e-05 | 1
 20,  4 |   5.6154755468099772e-05 |   5.6154755468099772e-05 | 1
 20,  5 |   4.2696407536168236e-05 |   4.2696407536168236e-05 | 1
 20,  6 |   3.7175537295629059e-05 |   3.7175537295629059e-05 | 1
 20,  7 |   4.8274014169743536e-05 |   4.8274014169743536e-05 | 1
 20,  8 |   4.4341376680937521e-05 |   4.4341376680937521e-05 | 1
 20,  9 |   4.6191096041801199e-05 |   4.6191096041801199e-05 | 1
 20, 10 |   7.0995665317832694e-05 |   7.0995665317832694e-05 | 1
 20, 11 |   1.4902021870233910e-04 |   1.4902021870233910e-04 | 1
 20, 12 |   4.9713711619903517e-05 |   4.9713711619903517e-05 | 1
 20, 13 |   5.7181900338377217e-05 |   5.7181900338377217e-05 | 1
 20, 14 |   5.5400985250589222e-05 |   5.5400985250589222e-05 | 1
 20, 15 |   3.7277991562160339e-04 |   3.7277991562160339e-04 | 1
 20, 16 |   3.9316117614702158e-05 |   3.9316117614702158e-05 | 1
 20, 17 |   6.9198070896752794e-05 |   6.9198070896752794e-05 | 1
 20, 18 |   7.8363621390114489e-05 |   7.8363621390114489e-05 | 1
 20, 19 |   7.3679542994080442e-05 |   7.3679542994080442e-05 | 1
 20, 20 |   9.9689040578435795e-03 |   9.9689040578435795e-03 | 1
 20, 21 |   7.2307321499672436e-05 |   7.2307321499672436e-05 | 1
 20, 22 |   6.8337611937979774e-05 |   6.8337611937979774e-05 | 1
 20, 23 |   5.4565228368331085e-05 |   5.4565228368331085e-05 | 1
 20, 24 |   8.0238787445526184e-05 |   8.0238787445526184e-05 | 1
 20, 25 |   6.2669030615223443e-05 |   6.2669030615223443e-05 | 1
 20, 26 |   8.0719122194121992e-05 |   8.0719122194121992e-05 | 1
 20, 27 |   1.3998046380302908e-04 |   1.3998046380302908e-04 | 1
 20, 28 |   8.2145993537396825e-05 |   8.2145993537396825e-05 | 1
 20, 29 |   7.2018230748172225e-05 |   7.2018230748172225e-05 | 1
 20, 30 |   7.3673060199820644e-05 |   7.3673060199820644e-05 | 1
 20, 31 |   7.8987316223683043e-05 |   7.8987316223683043e-05 | 1
 20, 32 |  -1.4115120370226430e-05 |  -1.4115120370226430e-05 | 1
 20, 33 |  -6.1583061363494577e-05 |  -6.1583061363494577e-05 | 1
 20, 34 |   1.1252153151251720e-04 |   1.1252153151251720e-04 | 1
 20, 35 |  -6.3783919705681603e-05 |  -6.3783919705681603e-05 | 1
 20, 36 |  -6.1028955680870580e-05 |  -6.1028955680870580e-05 | 1
 20, 37 |  -5.1200393229310155e-05 |  -5.1200393229310155e-05 | 1
 20, 38 |  -4.7547771820010712e-05 |  -4.7547771820010712e-05 | 1
 20, 39 |  -1.2435052142305354e-06 |  -1.2435052142305354e-06 | 1
 20, 40 |   6.2305281466123623e-05 |   6.2305281466123623e-05 | 1
 20, 41 |   1.2209719014887336e-05 |   1.2209719014887336e-05 | 1
 21,  1 |   7.8894695673888661e-05 |   7.8894695673888661e-05 | 1
 21,  2 |   6.1444372014631899e-05 |   6.1444372014631899e-05 | 1
 21,  3 |   5.4539700815707550e-05 |   5.4539700815707550e-05 | 1
 21,  4 |   3.0563498887771642e-05 |   3.0563498887771642e-05 | 1
 21,  5 |   1.6131193138231001e-04 |   1.6131193138231001e-04 | 1
 21,  6 |   1.0090648095835994e-04 |   1.0090648095835994e-04 | 1
 21,  7 |   2.2281167766941570e-05 |   2.2281167766941570e-05 | 1
 21,  8 |   2.4916193659458346e-05 |   2.4916193659458346e-05 | 1
 21,  9 |   7.0714032436477387e-05 |   7.0714032436477387e-05 | 1
 21, 10 |  -8.4083246490747885e-05 |  -8.4083246490747885e-05 | 1
 21, 11 |   3.5278547379546211e-04 |   3.5278547379546211e-04 | 1
 21, 12 |   4.0902844227227909e-05 |   4.0902844227227909e-05 | 1
 21, 13 |  -6.4473891822756219e-05 |  -6.4473891822756219e-05 | 1
 21, 14 |  -4.5267762648834979e-05 |  -4.5267762648834979e-05 | 1
 21, 15 |  -2.0554903212163827e-04 |  -2.0554903212163827e-04 | 1
 21, 16 |  -3.4910324877551726e-06 |  -3.4910324877551726e-06 | 1
 21, 17 |   8.0802576321995190e-05 |   8.0802576321995190e-05 | 1
 21, 18 |   1.1802039083113412e-04 |   1.1802039083113412e-04 | 1
 21, 19 |  -4.5232779664615397e-05 |  -4.5232779664615397e-05 | 1
 21, 20 |   7.2307321499672436e-05 |   7.2307321499672436e-05 | 1
 21, 21 |   4.9725568180074002e-02 |   4.9725568180074002e-02 | 1
 21, 22 |   1.2078642711623076e-04 |   1.2078642711623076e-04 | 1
 21, 23 |   9.9234042915775702e-05 |   9.9234042915775702e-05 | 1
 21, 24 |   7.4069749678442316e-05 |   7.4069749678442316e-05 | 1
 21, 25 |   5.6827893901288002e-05 |   5.6827893901288002e-05 | 1
 21, 26 |   1.2523294042808721e-04 |   1.2523294042808721e-04 | 1
 21, 27 |   6.0877942514263816e-04 |   6.0877942514263816e-04 | 1
 21, 28 |   1.1585894028367478e-04 |   1.1585894028367478e-04 | 1
 21, 29 |   3.3794820124689726e-05 |   3.3794820124689726e-05 | 1
 21, 30 |   1.2586615310687638e-04 |   1.2586615310687638e-04 | 1
 21, 31 |   1.5966230087667267e-04 |   1.5966230087667267e-04 | 1
 21, 32 |   1.8869247507772994e-04 |   1.8869247507772994e-04 | 1
 21, 33 |  -6.8548536662825716e-04 |  -6.8548536662825716e-04 | 1
 21, 34 |   2.0645869582868264e-04 |   2.0645869582868264e-04 | 1
 21, 35 |  -5.9293982876125733e-05 |  -5.9293982876125733e-05 | 1
 21, 36 |  -5.2931346031215426e-05 |  -5.2931346031215426e-05 | 1
 21, 37 |  -6.0363439227645680e-05 |  -6.0363439227645680e-05 | 1
 21, 38 |  -4.9250006256752065e-05 |  -4.9250006256752065e-05 | 1
 21, 39 |  -2.8315140113938127e-06 |  -2.8315140113938127e-06 | 1
 21, 40 |   7.5726308660656062e-05 |   7.5726308660656062e-05 | 1
 21, 41 |  -1.8985950202069516e-04 |  -1.8985950202069516e-04 | 1
 22,  1 |   4.2284272474922579e-05 |   4.2284272474922579e-05 | 1
 22,  2 |   3.5109755768424940e-05 |   3.5109755768424940e-05 | 1
 22,  3 |   2.8882275968743570e-05 |   2.8882275968743570e-05 | 1
 22,  4 |   2.3289132647964756e-05 |   2.3289132647964756e-05 | 1
 22,  5 |  -1.2040709591847331e-05 |  -1.2040709591847331e-05 | 1
 22,  6 |   5.8362552657397481e-05 |   5.8362552657397481e-05 | 1
 22,  7 |   3.4305954727833349e-05 |   3.4305954727833349e-05 | 1
 22,  8 |   3.6163842783939546e-05 |   3.6163842783939546e-05 | 1
 22,  9 |   3.6466549552957658e-05 |   3.6466549552957658e-05 | 1
 22, 10 |   5.5491305966954722e-05 |   5.5491305966954722e-05 | 1
 22, 11 |   7.6357052343405379e-04 |   7.6357052343405379e-04 | 1
 22, 12 |   9.4791255300005346e-05 |   9.4791255300005346e-05 | 1
 22, 13 |  -1.0439438758196708e-04 |  -1.0439438758196708e-04 | 1
 22, 14 |  -5.8611749285442413e-05 |  -5.8611749285442413e-05 | 1
 22, 15 |   7.9665528264735827e-04 |   7.9665528264735827e-04 | 1
 22, 16 |   6.3111273557719743e-05 |   6.3111273557719743e-05 | 1
 22, 17 |   4.6343980840785491e-05 |   4.6343980840785491e-05 | 1
 22, 18 |   3.5881516915721033e-05 |   3.5881516915721033e-05 | 1
 22, 19 |  -2.8935430136209033e-05 |  -2.8935430136209033e-05 | 1
 22, 20 |   6.8337611937979774e-05 |   6.8337611937979774e-05 | 1
 22, 21 |   1.2078642711623076e-04 |   1.2078642711623076e-04 | 1
 22, 22 |   5.4821802369498157e-02 |   5.4821802369498157e-02 | 1
 22, 23 |   4.4590124917742090e-05 |   4.4590124917742090e-05 | 1
 22, 24 |   1.5150849413726861e-04 |   1.5150849413726861e-04 | 1
 22, 25 |   7.3501228526976449e-05 |   7.3501228526976449e-05 | 1
 22, 26 |   5.4053319485473822e-05 |   5.4053319485473822e-05 | 1
 22, 27 |   1.2359672503453412e-03 |   1.2359672503453412e-03 | 1
 22, 28 |   2.1980276561521845e-04 |   2.1980276561521845e-04 | 1
 22, 29 |   4.5457574986541271e-05 |   4.5457574986541271e-05 | 1
 22, 30 |   1.9484862478080935e-04 |   1.9484862478080935e-04 | 1
 22, 31 |   2.9277688126624522e-04 |   2.9277688126624522e-04 | 1
 22, 32 |   6.8700725519145456e-05 |   6.8700725519145456e-05 | 1
 22, 33 |  -1.0753478063013871e-03 |  -1.0753478063013871e-03 | 1
 22, 34 |   5.7311294975321485e-04 |   5.7311294975321485e-04 | 1
 22, 35 |  -4.2842112439193468e-05 |  -4.2842112439193468e-05 | 1
 22, 36 |  -3.1734063084633035e-05 |  -3.1734063084633035e-05 | 1
 22, 37 |  -2.9756342082095151e-05 |  -2.9756342082095151e-05 | 1
 22, 38 |  -2.5316248820108722e-05 |  -2.5316248820108722e-05 | 1
 22, 39 |  -1.3779138005288459e-06 |  -1.3779138005288459e-06 | 1
 22, 40 |   4.2306847690566556e-05 |   4.2306847690566556e-05 | 1
 22, 41 |  -7.0366806179947056e-05 |  -7.0366806179947056e-05 | 1
 23,  1 |   4.9701379015531597e-05 |   4.9701379015531597e-05 | 1
 23,  2 |   3.9707639640109113e-05 |   3.9707639640109113e-05 | 1
 23,  3 |   3.6010393757632866e-05 |   3.6010393757632866e-05 | 1
 23,  4 |   2.8990345892366292e-05 |   2.8990345892366292e-05 | 1
 23,  5 |   1.0656266461750804e-04 |   1.0656266461750804e-04 | 1
 23,  6 |   5.5289825590446937e-05 |   5.5289825590446937e-05 | 1
 23,  7 |   1.6121545524227171e-05 |   1.6121545524227171e-05 | 1
 23,  8 |   2.3015270563091180e-05 |   2.3015270563091180e-05 | 1
 23,  9 |   3.4965768581482977e-05 |   3.4965768581482977e-05 | 1
 23, 10 |  -3.2072478771210937e-05 |  -3.2072478771210937e-05 | 1
 23, 11 |   9.8282654136170447e-05 |   9.8282654136170447e-05 | 1
 23, 12 |   1.8319555063028674e-05 |   1.8319555063028674e-05 | 1
 23, 13 |   3.7785166578866462e-06 |   3.7785166578866462e-06 | 1
 23, 14 |   8.8215846903205767e-07 |   8.8215846903205767e-07 | 1
 23, 15 |  -1.2219964316697148e-04 |  -1.2219964316697148e-04 | 1
 23, 16 |  -2.6906377853307429e-06 |  -2.6906377853307429e-06 | 1
 23, 17 |   5.2548162926749849e-05 |   5.2548162926749849e-05 | 1
 23, 18 |   7.5462843990007389e-05 |   7.5462843990007389e-05 | 1
 23, 19 |   1.7290887743899560e-06 |   1.7290887743899560e-06 | 1
 23, 20 |   5.4565228368331085e-05 |   5.4565228368331085e-05 | 1
 23, 21 |   9.9234042915775702e-05 |   9.9234042915775702e-05 | 1
 23, 22 |   4.4590124917742090e-05 |   4.4590124917742090e-05 | 1
 23, 23 |   2.5958791055416156e-02 |   2.5958791055416156e-02 | 1
 23, 24 |   4.3806212943430935e-05 |   4.3806212943430935e-05 | 1
 23, 25 |   3.0480078720761436e-05 |   3.0480078720761436e-05 | 1
 23, 26 |   7.5912817926372520e-05 |   7.5912817926372520e-05 | 1
 23, 27 |   1.5401701240649529e-04 |   1.5401701240649529e-04 | 1
 23, 28 |   4.4714517254933200e-05 |   4.4714517254933200e-05 | 1
 23, 29 |   2.8941651604298716e-05 |   2.8941651604298716e-05 | 1
 23, 30 |   4.5675732989600425e-05 |   4.5675732989600425e-05 | 1
 23, 31 |   5.1416119874923583e-05 |   5.1416119874923583e-05 | 1
 23, 32 |   8.0603589802429688e-05 |   8.0603589802429688e-05 | 1
 23, 33 |  -1.8977182971567511e-04 |  -1.8977182971567511e-04 | 1
 23, 34 |   4.3185644482787315e-05 |   4.3185644482787315e-05 | 1
 23, 35 |  -5.4505535358084924e-05 |  -5.4505535358084924e-05 | 1
 23, 36 |  -3.8324149240094350e-05 |  -3.8324149240094350e-05 | 1
 23, 37 |  -3.6188760222380957e-05 |  -3.6188760222380957e-05 | 1
 23, 38 |  -4.2616712421437415e-05 |  -4.2616712421437415e-05 | 1
 23, 39 |  -1.2868593342783096e-06 |  -1.2868593342783096e-06 | 1
 23, 40 |   4.9719472758525283e-05 |   4.9719472758525283e-05 | 1
 23, 41 |  -8.0769633480622558e-05 |  -8.0769633480622558e-05 | 1
 24,  1 |   5.0644885353188974e-05 |   5.0644885353188974e-05 | 1
 24,  2 |   4.6198326340154221e-05 |   4.6198326340154221e-05 | 1
 24,  3 |   3.7429569489366509e-05 |   3.7429569489366509e-05 | 1
 24,  4 |   4.9044667230901823e-05 |   4.9044667230901823e-05 | 1
 24,  5 |  -1.1545315523228197e-05 |  -1.1545315523228197e-05 | 1
 24,  6 |   3.6878299069320010e-05 |   3.6878299069320010e-05 | 1
 24,  7 |   5.2038879294473840e-05 |   5.2038879294473840e-05 | 1
 24,  8 |   5.0970260764551548e-05 |   5.0970260764551548e-05 | 1
 24,  9 |   3.9277306834455932e-05 |   3.9277306834455932e-05 | 1
 24, 10 |   1.1925869738038157e-04 |   1.1925869738038157e-04 | 1
 24, 11 |   4.7916299242516472e-04 |   4.7916299242516472e-04 | 1
 24, 12 |   8.4256093822146559e-05 |   8.4256093822146559e-05 | 1
 24, 13 |   2.3347661997163222e-06 |   2.3347661997163222e-06 | 1
 24, 14 |   2.0165213800241025e-05 |   2.0165213800241025e-05 | 1
 24, 15 |   8.2322306619869506e-04 |   8.2322306619869506e-04 | 1
 24, 16 |   7.0668556007241518e-05 |   7.0668556007241518e-05 | 1
 24, 17 |   5.9264647870810250e-05 |   5.9264647870810250e-05 | 1
 24, 18 |   4.7261107958330806e-05 |   4.7261107958330806e-05 | 1
 24, 19 |   5.8507295112127051e-05 |   5.8507295112127051e-05 | 1
 24, 20 |   8.0238787445526184e-05 |   8.0238787445526184e-05 | 1
 24, 21 |   7.4069749678442316e-05 |   7.4069749678442316e-05 | 1
 24, 22 |   1.5150849413726861e-04 |   1.5150849413726861e-04 | 1
 24, 23 |   4.3806212943430935e-05 |   4.3806212943430935e-05 | 1
 24, 24 |   3.9928581539116440e-03 |   3.9928581539116440e-03 | 1
 24, 25 |   7.8727445162835637e-05 |   7.8727445162835637e-05 | 1
 24, 26 |   5.9812195758842136e-05 |   5.9812195758842136e-05 | 1
 24, 27 |   6.7711540672642906e-04 |   6.7711540672642906e-04 | 1
 24, 28 |   1.5986008505266836e-04 |   1.5986008505266836e-04 | 1
 24, 29 |   7.5341471495688259e-05 |   7.5341471495688259e-05 | 1
 24, 30 |   1.4278349092327925e-04 |   1.4278349092327925e-04 | 1
 24, 31 |   1.9452151759457025e-04 |   1.9452151759457025e-04 | 1
 24, 32 |  -2.4905619768408570e-05 |  -2.4905619768408570e-05 | 1
 24, 33 |  -4.9698005554937473e-04 |  -4.9698005554937473e-04 | 1
 24, 34 |   3.7550008130529460e-04 |   3.7550008130529460e-04 | 1
 24, 35 |  -5.6856301809637082e-05 |  -5.6856301809637082e-05 | 1
 24, 36 |  -4.3760496296709453e-05 |  -4.3760496296709453e-05 | 1
 24, 37 |  -4.2289903933655393e-05 |  -4.2289903933655393e-05 | 1
 24, 38 |  -3.9868857442766649e-05 |  -3.9868857442766649e-05 | 1
 24, 39 |  -1.1950585508607430e-06 |  -1.1950585508607430e-06 | 1
 24, 40 |   5.2061763887200309e-05 |   5.2061763887200309e-05 | 1
 24, 41 |   2.3356143458629820e-05 |   2.3356143458629820e-05 | 1
 25,  1 |   4.9051791290425912e-05 |   4.9051791290425912e-05 | 1
 25,  2 |   4.3244729818467800e-05 |   4.3244729818467800e-05 | 1
 25,  3 |   3.2870083298856449e-05 |   3.2870083298856449e-05 | 1
 25,  4 |   4.5747644833407578e-05 |   4.5747644833407578e-05 | 1
 25,  5 |   1.9650474016258594e-05 |   1.9650474016258594e-05 | 1
 25,  6 |   2.7143292336496001e-05 |   2.7143292336496001e-05 | 1
 25,  7 |   4.4362601299158624e-05 |   4.4362601299158624e-05 | 1
 25,  8 |   3.8228978967479714e-05 |   3.8228978967479714e-05 | 1
 25,  9 |   3.9874057638233790e-05 |   3.9874057638233790e-05 | 1
 25, 10 |   7.7716223540818112e-05 |   7.7716223540818112e-05 | 1
 25, 11 |   2.1082257400519228e-04 |   2.1082257400519228e-04 | 1
 25, 12 |   5.2942459332646919e-05 |   5.2942459332646919e-05 | 1
 25, 13 |   4.0203551979263005e-05 |   4.0203551979263005e-05 | 1
 25, 14 |   4.4980771509051055e-05 |   4.4980771509051055e-05 | 1
 25, 15 |   4.5266341553865932e-04 |   4.5266341553865932e-04 | 1
 25, 16 |   4.7378220514041305e-05 |   4.7378220514041305e-05 | 1
 25, 17 |   5.7674166973472148e-05 |   5.7674166973472148e-05 | 1
 25, 18 |   5.6314066274563626e-05 |   5.6314066274563626e-05 | 1
 25, 19 |   7.0799000508605959e-05 |   7.0799000508605959e-05 | 1
 25, 20 |   6.2669030615223443e-05 |   6.2669030615223443e-05 | 1
 25, 21 |   5.6827893901288002e-05 |   5.6827893901288002e-05 | 1
 25, 22 |   7.3501228526976449e-05 |   7.3501228526976449e-05 | 1
 25, 23 |   3.0480078720761436e-05 |   3.0480078720761436e-05 | 1
 25, 24 |   7.8727445162835637e-05 |   7.8727445162835637e-05 | 1
 25, 25 |   1.3040979139792975e-02 |   1.3040979139792975e-02 | 1
 25, 26 |   6.2428340256326877e-05 |   6.2428340256326877e-05 | 1
 25, 27 |   2.4726978622169571e-04 |   2.4726978622169571e-04 | 1
 25, 28 |   9.0169769804013337e-05 |   9.0169769804013337e-05 | 1
 25, 29 |   6.7292936375517833e-05 |   6.7292936375517833e-05 | 1
 25, 30 |   8.1703443954272664e-05 |   8.1703443954272664e-05 | 1
 25, 31 |   1.0138289364806957e-04 |   1.0138289364806957e-04 | 1
 25, 32 |  -2.5176446082999238e-05 |  -2.5176446082999238e-05 | 1
 25, 33 |  -1.4661534463156534e-04 |  -1.4661534463156534e-04 | 1
 25, 34 |   1.6653909330913310e-04 |   1.6653909330913310e-04 | 1
 25, 35 |  -3.2962176278270058e-05 |  -3.2962176278270058e-05 | 1
 25, 36 |  -3.7057966434956674e-05 |  -3.7057966434956674e-05 | 1
 25, 37 |  -3.3228782526637172e-05 |  -3.3228782526637172e-05 | 1
 25, 38 |  -2.6252389251645997e-05 |  -2.6252389251645997e-05 | 1
 25, 39 |  -1.9115706101823496e-06 |  -1.9115706101823496e-06 | 1
 25, 40 |   4.6592098058055020e-05 |   4.6592098058055020e-05 | 1
 25, 41 |   2.3726045613644744e-05 |   2.3726045613644744e-05 | 1
 26,  1 |   7.3808344671260793e-05 |   7.3808344671260793e-05 | 1
 26,  2 |   6.6185025548904969e-05 |   6.6185025548904969e-05 | 1
 26,  3 |   5.5886314710651263e-05 |   5.5886314710651263e-05 | 1
 26,  4 |   5.4898031402668960e-05 |   5.4898031402668960e-05 | 1
 26,  5 |   1.0348078050700754e-04 |   1.0348078050700754e-04 | 1
 26,  6 |   6.3527376794019505e-05 |   6.3527376794019505e-05 | 1
 26,  7 |   4.4939136783965080e-05 |   4.4939136783965080e-05 | 1
 26,  8 |   3.7738825668094432e-05 |   3.7738825668094432e-05 | 1
 26,  9 |   6.4998837052724961e-05 |   6.4998837052724961e-05 | 1
 26, 10 |   5.9420234005129964e-06 |   5.9420234005129964e-06 | 1
 26, 11 |   8.8430184294175724e-05 |   8.8430184294175724e-05 | 1
 26, 12 |   3.7366571489875735e-05 |   3.7366571489875735e-05 | 1
 26, 13 |   4.7490607645214745e-05 |   4.7490607645214745e-05 | 1
 26, 14 |   4.9042382359425821e-05 |   4.9042382359425821e-05 | 1
 26, 15 |   4.7092455515987854e-05 |   4.7092455515987854e-05 | 1
 26, 16 |   1.6840323010394909e-05 |   1.6840323010394909e-05 | 1
 26, 17 |   8.5523982266282636e-05 |   8.5523982266282636e-05 | 1
 26, 18 |   1.1404984453934630e-04 |   1.1404984453934630e-04 | 1
 26, 19 |   4.6400139788167915e-05 |   4.6400139788167915e-05 | 1
 26, 20 |   8.0719122194121992e-05 |   8.0719122194121992e-05 | 1
 26, 21 |   1.2523294042808721e-04 |   1.2523294042808721e-04 | 1
 26, 22 |   5.4053319485473822e-05 |   5.4053319485473822e-05 | 1
 26, 23 |   7.5912817926372520e-05 |   7.5912817926372520e-05 | 1
 26, 24 |   5.9812195758842136e-05 |   5.9812195758842136e-05 | 1
 26, 25 |   6.2428340256326877e-05 |   6.2428340256326877e-05 | 1
 26, 26 |   3.4343039288570298e-02 |   3.4343039288570298e-02 | 1
 26, 27 |   7.6691142866392830e-05 |   7.6691142866392830e-05 | 1
 26, 28 |   7.0191393402214375e-05 |   7.0191393402214375e-05 | 1
 26, 29 |   6.8753858003135104e-05 |   6.8753858003135104e-05 | 1
 26, 30 |   7.4071259074079196e-05 |   7.4071259074079196e-05 | 1
 26, 31 |   6.4624310514104470e-05 |   6.4624310514104470e-05 | 1
 26, 32 |   5.3295697788680255e-05 |   5.3295697788680255e-05 | 1
 26, 33 |  -7.9742033093271555e-05 |  -7.9742033093271555e-05 | 1
 26, 34 |   4.1364335426042010e-05 |   4.1364335426042010e-05 | 1
 26, 35 |  -6.9646142987947061e-05 |  -6.9646142987947061e-05 | 1
 26, 36 |  -7.4879155665774242e-05 |  -7.4879155665774242e-05 | 1
 26, 37 |  -7.6104880931751769e-05 |  -7.6104880931751769e-05 | 1
 26, 38 |  -5.9118519348664367e-05 |  -5.9118519348664367e-05 | 1
 26, 39 |  -1.5436721347779376e-06 |  -1.5436721347779376e-06 | 1
 26, 40 |   8.0091179838953993e-05 |   8.0091179838953993e-05 | 1
 26, 41 |  -5.5351527764738974e-05 |  -5.5351527764738974e-05 | 1
 27,  1 |   6.3771026252228008e-05 |   6.3771026252228008e-05 | 1
 27,  2 |   3.2690258968579410e-05 |   3.2690258968579410e-05 | 1
 27,  3 |   3.3506279364683717e-05 |   3.3506279364683717e-05 | 1
 27,  4 |  -8.2174842966668680e-05 |  -8.2174842966668680e-05 | 1
 27,  5 |  -2.2910943659406986e-04 |  -2.2910943659406986e-04 | 1
 27,  6 |   2.7470043734330828e-04 |   2.7470043734330828e-04 | 1
 27,  7 |   2.9557199642568114e-05 |   2.9557199642568114e-05 | 1
 27,  8 |   4.7849284154035800e-05 |   4.7849284154035800e-05 | 1
 27,  9 |   8.5279730942043391e-05 |   8.5279730942043391e-05 | 1
 27, 10 |  -3.6753286500188047e-05 |  -3.6753286500188047e-05 | 1
 27, 11 |   4.6646231148851150e-03 |   4.6646231148851150e-03 | 1
 27, 12 |   4.4825698997909822e-04 |   4.4825698997909822e-04 | 1
 27, 13 |  -1.0567865087097519e-03 |  -1.0567865087097519e-03 | 1
 27, 14 |  -7.3653004709379436e-04 |  -7.3653004709379436e-04 | 1
 27, 15 |   3.3129123684580968e-03 |   3.3129123684580968e-03 | 1
 27, 16 |   2.1325124924962156e-04 |   2.1325124924962156e-04 | 1
 27, 17 |   4.4728435086280300e-05 |   4.4728435086280300e-05 | 1
 27, 18 |  -1.3175837612056045e-05 |  -1.3175837612056045e-05 | 1
 27, 19 |  -6.3185641852403951e-04 |  -6.3185641852403951e-04 | 1
 27, 20 |   1.3998046380302908e-04 |   1.3998046380302908e-04 | 1
 27, 21 |   6.0877942514263816e-04 |   6.0877942514263816e-04 | 1
 27, 22 |   1.2359672503453412e-03 |   1.2359672503453412e-03 | 1
 27, 23 |   1.5401701240649529e-04 |   1.5401701240649529e-04 | 1
 27, 24 |   6.7711540672642906e-04 |   6.7711540672642906e-04 | 1
 27, 25 |   2.4726978622169571e-04 |   2.4726978622169571e-04 | 1
 27, 26 |   7.6691142866392830e-05 |   7.6691142866392830e-05 | 1
 27, 27 |   1.1958800543606811e-02 |   1.1958800543606811e-02 | 1
 27, 28 |   1.1982973405875248e-03 |   1.1982973405875248e-03 | 1
 27, 29 |  -1.9550220822430621e-05 |  -1.9550220822430621e-05 | 1
 27, 30 |   1.0676135826860353e-03 |   1.0676135826860353e-03 | 1
 27, 31 |   1.7353551723726479e-03 |   1.7353551723726479e-03 | 1
 27, 32 |   7.0699370493192300e-04 |   7.0699370493192300e-04 | 1
 27, 33 |  -7.5132710769731936e-03 |  -7.5132710769731936e-03 | 1
 27, 34 |   3.4652693095149367e-03 |   3.4652693095149367e-03 | 1
 27, 35 |  -5.7996765569417436e-05 |  -5.7996765569417436e-05 | 1
 27, 36 |  -4.7322263014501229e-05 |  -4.7322263014501229e-05 | 1
 27, 37 |  -3.8443297741346251e-05 |  -3.8443297741346251e-05 | 1
 27, 38 |  -3.4049005250539883e-05 |  -3.4049005250539883e-05 | 1
 27, 39 |  -2.3193963844716650e-06 |  -2.3193963844716650e-06 | 1
 27, 40 |   6.0325816521662664e-05 |   6.0325816521662664e-05 | 1
 27, 41 |  -7.0935231106612697e-04 |  -7.0935231106612697e-04 | 1
 28,  1 |   5.2575739204785786e-05 |   5.2575739204785786e-05 | 1
 28,  2 |   4.5988736706066276e-05 |   4.5988736706066276e-05 | 1
 28,  3 |   3.7740460031529940e-05 |   3.7740460031529940e-05 | 1
 28,  4 |   3.6725005457648275e-05 |   3.6725005457648275e-05 | 1
 28,  5 |  -2.9105236177596563e-05 |  -2.9105236177596563e-05 | 1
 28,  6 |   5.1518174950023344e-05 |   5.1518174950023344e-05 | 1
 28,  7 |   4.9491892595895780e-05 |   4.9491892595895780e-05 | 1
 28,  8 |   4.2850863433357823e-05 |   4.2850863433357823e-05 | 1
 28,  9 |   4.7112981413983737e-05 |   4.7112981413983737e-05 | 1
 28, 10 |   8.1294431941498449e-05 |   8.1294431941498449e-05 | 1
 28, 11 |   7.5971388660714715e-04 |   7.5971388660714715e-04 | 1
 28, 12 |   1.0976120448093505e-04 |   1.0976120448093505e-04 | 1
 28, 13 |  -8.0526697436443377e-05 |  -8.0526697436443377e-05 | 1
 28, 14 |  -3.8592190280171881e-05 |  -3.8592190280171881e-05 | 1
 28, 15 |   9.1195211356271181e-04 |   9.1195211356271181e-04 | 1
 28, 16 |   7.3909555063389715e-05 |   7.3909555063389715e-05 | 1
 28, 17 |   6.0715194126058223e-05 |   6.0715194126058223e-05 | 1
 28, 18 |   4.9882903400175530e-05 |   4.9882903400175530e-05 | 1
 28, 19 |  -4.2818081635682222e-06 |  -4.2818081635682222e-06 | 1
 28, 20 |   8.2145993537396825e-05 |   8.2145993537396825e-05 | 1
 28, 21 |   1.1585894028367478e-04 |   1.1585894028367478e-04 | 1
 28, 22 |   2.1980276561521845e-04 |   2.1980276561521845e-04 | 1
 28, 23 |   4.4714517254933200e-05 |   4.4714517254933200e-05 | 1
 28, 24 |   1.5986008505266836e-04 |   1.5986008505266836e-04 | 1
 28, 25 |   9.0169769804013337e-05 |   9.0169769804013337e-05 | 1
 28, 26 |   7.0191393402214375e-05 |   7.0191393402214375e-05 | 1
 28, 27 |   1.1982973405875248e-03 |   1.1982973405875248e-03 | 1
 28, 28 |   7.4770842035676273e-03 |   7.4770842035676273e-03 | 1
 28, 29 |   6.7246875928717416e-05 |   6.7246875928717416e-05 | 1
 28, 30 |   2.0763729882494124e-04 |   2.0763729882494124e-04 | 1
 28, 31 |   3.0541664948325806e-04 |   3.0541664948325806e-04 | 1
 28, 32 |   4.6954466958753062e-05 |   4.6954466958753062e-05 | 1
 28, 33 |  -1.0199694119857913e-03 |  -1.0199694119857913e-03 | 1
 28, 34 |   5.8272682392850896e-04 |   5.8272682392850896e-04 | 1
 28, 35 |  -4.7026528379243482e-05 |  -4.7026528379243482e-05 | 1
 28, 36 |  -5.9548490759983819e-05 |  -5.9548490759983819e-05 | 1
 28, 37 |  -4.8669786946296150e-05 |  -4.8669786946296150e-05 | 1
 28, 38 |  -4.5662439308041399e-05 |  -4.5662439308041399e-05 | 1
 28, 39 |  -1.0789183600029259e-06 |  -1.0789183600029259e-06 | 1
 28, 40 |   5.6755461058616302e-05 |   5.6755461058616302e-05 | 1
 28, 41 |  -4.8328825443763060e-05 |  -4.8328825443763060e-05 | 1
 29,  1 |   5.3486787902114526e-05 |   5.3486787902114526e-05 | 1
 29,  2 |   4.9672841113443755e-05 |   4.9672841113443755e-05 | 1
 29,  3 |   3.9794302300020308e-05 |   3.9794302300020308e-05 | 1
 29,  4 |   5.9473554466990053e-05 |   5.9473554466990053e-05 | 1
 29,  5 |   1.4818173220992259e-05 |   1.4818173220992259e-05 | 1
 29,  6 |   1.7173061522932334e-05 |   1.7173061522932334e-05 | 1
 29,  7 |   5.5206108785428480e-05 |   5.5206108785428480e-05 | 1
 29,  8 |   4.6945020035061052e-05 |   4.6945020035061052e-05 | 1
 29,  9 |   4.3427768884870082e-05 |   4.3427768884870082e-05 | 1
 29, 10 |   1.1615805180802018e-04 |   1.1615805180802018e-04 | 1
 29, 11 |   7.6383254598548668e-05 |   7.6383254598548668e-05 | 1
 29, 12 |   5.2135866381565111e-05 |   5.2135866381565111e-05 | 1
 29, 13 |   9.7693201399987075e-05 |   9.7693201399987075e-05 | 1
 29, 14 |   8.7751121567203658e-05 |   8.7751121567203658e-05 | 1
 29, 15 |   5.0640204079274525e-04 |   5.0640204079274525e-04 | 1
 29, 16 |   5.3447735482443440e-05 |   5.3447735482443440e-05 | 1
 29, 17 |   6.6358685720148013e-05 |   6.6358685720148013e-05 | 1
 29, 18 |   6.0940551244844201e-05 |   6.0940551244844201e-05 | 1
 29, 19 |   1.1601174169521285e-04 |   1.1601174169521285e-04 | 1
 29, 20 |   7.2018230748172225e-05 |   7.2018230748172225e-05 | 1
 29, 21 |   3.3794820124689726e-05 |   3.3794820124689726e-05 | 1
 29, 22 |   4.5457574986541271e-05 |   4.5457574986541271e-05 | 1
 29, 23 |   2.8941651604298716e-05 |   2.8941651604298716e-05 | 1
 29, 24 |   7.5341471495688259e-05 |   7.5341471495688259e-05 | 1
 29, 25 |   6.7292936375517833e-05 |   6.7292936375517833e-05 | 1
 29, 26 |   6.8753858003135104e-05 |   6.8753858003135104e-05 | 1
 29, 27 |  -1.9550220822430621e-05 |  -1.9550220822430621e-05 | 1
 29, 28 |   6.7246875928717416e-05 |   6.7246875928717416e-05 | 1
 29, 29 |   1.1425699871431737e-02 |   1.1425699871431737e-02 | 1
 29, 30 |   6.0596240330874722e-05 |   6.0596240330874722e-05 | 1
 29, 31 |   5.6447382057336231e-05 |   5.6447382057336231e-05 | 1
 29, 32 |  -7.5819656239595082e-05 |  -7.5819656239595082e-05 | 1
 29, 33 |   1.3921852157281928e-04 |   1.3921852157281928e-04 | 1
 29, 34 |   7.7165478914134231e-05 |   7.7165478914134231e-05 | 1
 29, 35 |  -4.3795484627802329e-05 |  -4.3795484627802329e-05 | 1
 29, 36 |  -5.0815522205375032e-05 |  -5.0815522205375032e-05 | 1
 29, 37 |  -5.0107020254399029e-05 |  -5.0107020254399029e-05 | 1
 29, 38 |  -4.5421757720256857e-05 |  -4.5421757720256857e-05 | 1
 29, 39 |  -1.2914555377783195e-06 |  -1.2914555377783195e-06 | 1
 29, 40 |   5.6245194097829187e-05 |   5.6245194097829187e-05 | 1
 29, 41 |   7.5253186914459692e-05 |   7.5253186914459692e-05 | 1
 30,  1 |   5.1872564110719177e-05 |   5.1872564110719177e-05 | 1
 30,  2 |   4.4651676849188733e-05 |   4.4651676849188733e-05 | 1
 30,  3 |   3.4842473361506130e-05 |   3.4842473361506130e-05 | 1
 30,  4 |   3.2367027201849480e-05 |   3.2367027201849480e-05 | 1
 30,  5 |   2.4454698637950092e-06 |   2.4454698637950092e-06 | 1
 30,  6 |   5.9887891907203798e-05 |   5.9887891907203798e-05 | 1
 30,  7 |   4.0258261838855468e-05 |   4.0258261838855468e-05 | 1
 30,  8 |   3.9219654180609550e-05 |   3.9219654180609550e-05 | 1
 30,  9 |   4.7784461123508106e-05 |   4.7784461123508106e-05 | 1
 30, 10 |   5.7064698720625427e-05 |   5.7064698720625427e-05 | 1
 30, 11 |   6.7460223733432467e-04 |   6.7460223733432467e-04 | 1
 30, 12 |   9.2863972842718569e-05 |   9.2863972842718569e-05 | 1
 30, 13 |  -7.3037689607148294e-05 |  -7.3037689607148294e-05 | 1
 30, 14 |  -3.2860347697741889e-05 |  -3.2860347697741889e-05 | 1
 30, 15 |   7.4758139545285989e-04 |   7.4758139545285989e-04 | 1
 30, 16 |   6.1825143028352398e-05 |   6.1825143028352398e-05 | 1
 30, 17 |   5.9850889790223833e-05 |   5.9850889790223833e-05 | 1
 30, 18 |   5.5190652559593837e-05 |   5.5190652559593837e-05 | 1
 30, 19 |  -6.0248785784615208e-06 |  -6.0248785784615208e-06 | 1
 30, 20 |   7.3673060199820644e-05 |   7.3673060199820644e-05 | 1
 30, 21 |   1.2586615310687638e-04 |   1.2586615310687638e-04 | 1
 30, 22 |   1.9484862478080935e-04 |   1.9484862478080935e-04 | 1
 30, 23 |   4.5675732989600425e-05 |   4.5675732989600425e-05 | 1
 30, 24 |   1.4278349092327925e-04 |   1.4278349092327925e-04 | 1
 30, 25 |   8.1703443954272664e-05 |   8.1703443954272664e-05 | 1
 30, 26 |   7.4071259074079196e-05 |   7.4071259074079196e-05 | 1
 30, 27 |   1.0676135826860353e-03 |   1.0676135826860353e-03 | 1
 30, 28 |   2.0763729882494124e-04 |   2.0763729882494124e-04 | 1
 30, 29 |   6.0596240330874722e-05 |   6.0596240330874722e-05 | 1
 30, 30 |   1.0077343713510833e-02 |   1.0077343713510833e-02 | 1
 30, 31 |   2.6868612510968061e-04 |   2.6868612510968061e-04 | 1
 30, 32 |   5.8708591006549548e-05 |   5.8708591006549548e-05 | 1
 30, 33 |  -9.1980609153950461e-04 |  -9.1980609153950461e-04 | 1
 30, 34 |   5.0565483560798723e-04 |   5.0565483560798723e-04 | 1
 30, 35 |  -4.4450492778879798e-05 |  -4.4450492778879798e-05 | 1
 30, 36 |  -4.6410072685064623e-05 |  -4.6410072685064623e-05 | 1
 30, 37 |  -5.2866182205259918e-05 |  -5.2866182205259918e-05 | 1
 30, 38 |  -3.9491079656850850e-05 |  -3.9491079656850850e-05 | 1
 30, 39 |  -1.3066372875674089e-06 |  -1.3066372875674089e-06 | 1
 30, 40 |   5.5500538028659074e-05 |   5.5500538028659074e-05 | 1
 30, 41 |  -5.9885776043554207e-05 |  -5.9885776043554207e-05 | 1
 31,  1 |   5.4301570152637045e-05 |   5.4301570152637045e-05 | 1
 31,  2 |   4.1331526600682962e-05 |   4.1331526600682962e-05 | 1
 31,  3 |   3.4514384600478962e-05 |   3.4514384600478962e-05 | 1
 31,  4 |   2.3660234067111912e-05 |   2.3660234067111912e-05 | 1
 31,  5 |  -3.1683513564907772e-05 |  -3.1683513564907772e-05 | 1
 31,  6 |   7.1759123050342663e-05 |   7.1759123050342663e-05 | 1
 31,  7 |   4.6290452167855227e-05 |   4.6290452167855227e-05 | 1
 31,  8 |   4.1602975183225816e-05 |   4.1602975183225816e-05 | 1
 31,  9 |   5.0406905132614874e-05 |   5.0406905132614874e-05 | 1
 31, 10 |   6.8417252414064211e-05 |   6.8417252414064211e-05 | 1
 31, 11 |   1.0580790181985928e-03 |   1.0580790181985928e-03 | 1
 31, 12 |   1.3382334466583644e-04 |   1.3382334466583644e-04 | 1
 31, 13 |  -1.6047649561211900e-04 |  -1.6047649561211900e-04 | 1
 31, 14 |  -9.9016077321707280e-05 |  -9.9016077321707280e-05 | 1
 31, 15 |   1.0179123434612626e-03 |   1.0179123434612626e-03 | 1
 31, 16 |   8.3997955093882036e-05 |   8.3997955093882036e-05 | 1
 31, 17 |   5.7940573244268613e-05 |   5.7940573244268613e-05 | 1
 31, 18 |   3.9366378946192421e-05 |   3.9366378946192421e-05 | 1
 31, 19 |  -5.5439363944844431e-05 |  -5.5439363944844431e-05 | 1
 31, 20 |   7.8987316223683043e-05 |   7.8987316223683043e-05 | 1
 31, 21 |   1.5966230087667267e-04 |   1.5966230087667267e-04 | 1
 31, 22 |   2.9277688126624522e-04 |   2.9277688126624522e-04 | 1
 31, 23 |   5.1416119874923583e-05 |   5.1416119874923583e-05 | 1
 31, 24 |   1.9452151759457025e-04 |   1.9452151759457025e-04 | 1
 31, 25 |   1.0138289364806957e-04 |   1.0138289364806957e-04 | 1
 31, 26 |   6.4624310514104470e-05 |   6.4624310514104470e-05 | 1
 31, 27 |   1.7353551723726479e-03 |   1.7353551723726479e-03 | 1
 31, 28 |   3.0541664948325806e-04 |   3.0541664948325806e-04 | 1
 31, 29 |   5.6447382057336231e-05 |   5.6447382057336231e-05 | 1
 31, 30 |   2.6868612510968061e-04 |   2.6868612510968061e-04 | 1
 31, 31 |   2.1849847557271849e-02 |   2.1849847557271849e-02 | 1
 31, 32 |   1.0474980836803596e-04 |   1.0474980836803596e-04 | 1
 31, 33 |  -1.5347538418593234e-03 |  -1.5347538418593234e-03 | 1
 31, 34 |   8.0173362045742763e-04 |   8.0173362045742763e-04 | 1
 31, 35 |  -2.9189672733662621e-05 |  -2.9189672733662621e-05 | 1
 31, 36 |  -3.8389291258227729e-05 |  -3.8389291258227729e-05 | 1
 31, 37 |  -2.8513690248614799e-05 |  -2.8513690248614799e-05 | 1
 31, 38 |  -3.1612553515532991e-05 |  -3.1612553515532991e-05 | 1
 31, 39 |  -2.3322539831583665e-06 |  -2.3322539831583665e-06 | 1
 31, 40 |   4.9257366829807002e-05 |   4.9257366829807002e-05 | 1
 31, 41 |  -1.0541871871114417e-04 |  -1.0541871871114417e-04 | 1
 32,  1 |   1.6305747040855354e-05 |   1.6305747040855354e-05 | 1
 32,  2 |  -3.5709689551704778e-04 |  -3.5709689551704778e-04 | 1
 32,  3 |   1.2880038473998569e-05 |   1.2880038473998569e-05 | 1
 32,  4 |  -4.6918997529983447e-05 |  -4.6918997529983447e-05 | 1
 32,  5 |   1.4973854743197232e-04 |   1.4973854743197232e-04 | 1
 32,  6 |   9.3348820659743356e-05 |   9.3348820659743356e-05 | 1
 32,  7 |  -4.6174666755538458e-05 |  -4.6174666755538458e-05 | 1
 32,  8 |  -3.9843148872445897e-05 |  -3.9843148872445897e-05 | 1
 32,  9 |   2.5999725028200176e-05 |   2.5999725028200176e-05 | 1
 32, 10 |  -2.5725891618663655e-04 |  -2.5725891618663655e-04 | 1
 32, 11 |   2.7511137364964495e-04 |   2.7511137364964495e-04 | 1
 32, 12 |  -2.0549432698801386e-05 |  -2.0549432698801386e-05 | 1
 32, 13 |  -2.0406738124060955e-04 |  -2.0406738124060955e-04 | 1
 32, 14 |  -1.6706668028527251e-04 |  -1.6706668028527251e-04 | 1
 32, 15 |  -9.5569074688011215e-04 |  -9.5569074688011215e-04 | 1
 32, 16 |  -7.9273500158726811e-05 |  -7.9273500158726811e-05 | 1
 32, 17 |   4.1071021784971508e-06 |   4.1071021784971508e-06 | 1
 32, 18 |   5.2782180131887519e-05 |   5.2782180131887519e-05 | 1
 32, 19 |  -2.2543680582159042e-04 |  -2.2543680582159042e-04 | 1
 32, 20 |  -1.4115120370226430e-05 |  -1.4115120370226430e-05 | 1
 32, 21 |   1.8869247507772994e-04 |   1.8869247507772994e-04 | 1
 32, 22 |   6.8700725519145456e-05 |   6.8700725519145456e-05 | 1
 32, 23 |   8.0603589802429688e-05 |   8.0603589802429688e-05 | 1
 32, 24 |  -2.4905619768408570e-05 |  -2.4905619768408570e-05 | 1
 32, 25 |  -2.5176446082999238e-05 |  -2.5176446082999238e-05 | 1
 32, 26 |   5.3295697788680255e-05 |   5.3295697788680255e-05 | 1
 32, 27 |   7.0699370493192300e-04 |   7.0699370493192300e-04 | 1
 32, 28 |   4.6954466958753062e-05 |   4.6954466958753062e-05 | 1
 32, 29 |  -7.5819656239595082e-05 |  -7.5819656239595082e-05 | 1
 32, 30 |   5.8708591006549548e-05 |   5.8708591006549548e-05 | 1
 32, 31 |   1.0474980836803596e-04 |   1.0474980836803596e-04 | 1
 32, 32 |   4.3095225257907237e-04 |   4.3095225257907237e-04 | 1
 32, 33 |  -9.5976631637513152e-04 |  -9.5976631637513152e-04 | 1
 32, 34 |   1.2156636790844588e-04 |   1.2156636790844588e-04 | 1
 32, 35 |  -7.8023502929996756e-06 |  -7.8023502929996756e-06 | 1
 32, 36 |  -1.2222176144556507e-05 |  -1.2222176144556507e-05 | 1
 32, 37 |  -1.3400829521214958e-05 |  -1.3400829521214958e-05 | 1
 32, 38 |  -1.5370270683738407e-05 |  -1.5370270683738407e-05 | 1
 32, 39 |  -5.2735097888543824e-07 |  -5.2735097888543824e-07 | 1
 32, 40 |   1.6115362581277574e-05 |   1.6115362581277574e-05 | 1
 32, 41 |  -4.3051638869487645e-04 |  -4.3051638869487645e-04 | 1
 33,  1 |  -4.0292884684862883e-05 |  -4.0292884684862883e-05 | 1
 33,  2 |  -1.8465406501160997e-06 |  -1.8465406501160997e-06 | 1
 33,  3 |  -1.8837662959816408e-05 |  -1.8837662959816408e-05 | 1
 33,  4 |   1.4997788887654954e-04 |   1.4997788887654954e-04 | 1
 33,  5 |   5.6937881056849928e-05 |   5.6937881056849928e-05 | 1
 33,  6 |  -3.1518476079058183e-04 |  -3.1518476079058183e-04 | 1
 33,  7 |   5.0277210165775306e-05 |   5.0277210165775306e-05 | 1
 33,  8 |   2.7941094970918579e-05 |   2.7941094970918579e-05 | 1
 33,  9 |  -7.4605441688937047e-05 |  -7.4605441688937047e-05 | 1
 33, 10 |   3.5563375557143805e-04 |   3.5563375557143805e-04 | 1
 33, 11 |  -4.1477782872937977e-03 |  -4.1477782872937977e-03 | 1
 33, 12 |  -3.2963588034702358e-04 |  -3.2963588034702358e-04 | 1
 33, 13 |   1.1472331106498770e-03 |   1.1472331106498770e-03 | 1
 33, 14 |   8.3432953646689974e-04 |   8.3432953646689974e-04 | 1
 33, 15 |  -1.5336046494705349e-03 |  -1.5336046494705349e-03 | 1
 33, 16 |  -6.9745972176968286e-05 |  -6.9745972176968286e-05 | 1
 33, 17 |  -5.5792933193977998e-06 |  -5.5792933193977998e-06 | 1
 33, 18 |  -5.3953424273206618e-06 |  -5.3953424273206618e-06 | 1
 33, 19 |   8.2710513930356853e-04 |   8.2710513930356853e-04 | 1
 33, 20 |  -6.1583061363494577e-05 |  -6.1583061363494577e-05 | 1
 33, 21 |  -6.8548536662825716e-04 |  -6.8548536662825716e-04 | 1
 33, 22 |  -1.0753478063013871e-03 |  -1.0753478063013871e-03 | 1
 33, 23 |  -1.8977182971567511e-04 |  -1.8977182971567511e-04 | 1
 33, 24 |  -4.9698005554937473e-04 |  -4.9698005554937473e-04 | 1
 33, 25 |  -1.4661534463156534e-04 |  -1.4661534463156534e-04 | 1
 33, 26 |  -7.9742033093271555e-05 |  -7.9742033093271555e-05 | 1
 33, 27 |  -7.5132710769731936e-03 |  -7.5132710769731936e-03 | 1
 33, 28 |  -1.0199694119857913e-03 |  -1.0199694119857913e-03 | 1
 33, 29 |   1.3921852157281928e-04 |   1.3921852157281928e-04 | 1
 33, 30 |  -9.1980609153950461e-04 |  -9.1980609153950461e-04 | 1
 33, 31 |  -1.5347538418593234e-03 |  -1.5347538418593234e-03 | 1
 33, 32 |  -9.5976631637513152e-04 |  -9.5976631637513152e-04 | 1
 33, 33 |   7.3555139659771587e-03 |   7.3555139659771587e-03 | 1
 33, 34 |  -2.9909292310067778e-03 |  -2.9909292310067778e-03 | 1
 33, 35 |   2.4179015687444792e-05 |   2.4179015687444792e-05 | 1
 33, 36 |   2.7912863453421270e-05 |   2.7912863453421270e-05 | 1
 33, 37 |   1.6865622365025183e-05 |   1.6865622365025183e-05 | 1
 33, 38 |   2.1269652497484628e-05 |   2.1269652497484628e-05 | 1
 33, 39 |   1.7914156020093637e-06 |   1.7914156020093637e-06 | 1
 33, 40 |  -3.5619095362898011e-05 |  -3.5619095362898011e-05 | 1
 33, 41 |   9.6039306723799060e-04 |   9.6039306723799060e-04 | 1
 34,  1 |   4.9441452506556019e-05 |   4.9441452506556019e-05 | 1
 34,  2 |   3.9744452809710793e-05 |   3.9744452809710793e-05 | 1
 34,  3 |   2.8843149238538060e-05 |   2.8843149238538060e-05 | 1
 34,  4 |   1.8110134091664985e-05 |   1.8110134091664985e-05 | 1
 34,  5 |  -1.8578962558429894e-04 |  -1.8578962558429894e-04 | 1
 34,  6 |   8.9131664532724364e-05 |   8.9131664532724364e-05 | 1
 34,  7 |   6.8652574276686934e-05 |   6.8652574276686934e-05 | 1
 34,  8 |   6.9434588339193430e-05 |   6.9434588339193430e-05 | 1
 34,  9 |   4.6730566510445015e-05 |   4.6730566510445015e-05 | 1
 34, 10 |   1.8274664495939136e-04 |   1.8274664495939136e-04 | 1
 34, 11 |   2.1162509642826061e-03 |   2.1162509642826061e-03 | 1
 34, 12 |   2.5299364967559790e-04 |   2.5299364967559790e-04 | 1
 34, 13 |  -3.4261414149514951e-04 |  -3.4261414149514951e-04 | 1
 34, 14 |  -2.1448387114725832e-04 |  -2.1448387114725832e-04 | 1
 34, 15 |   2.3713685581395801e-03 |   2.3713685581395801e-03 | 1
 34, 16 |   1.7290776762961149e-04 |   1.7290776762961149e-04 | 1
 34, 17 |   5.3799641244349833e-05 |   5.3799641244349833e-05 | 1
 34, 18 |  -3.4118404731995252e-06 |  -3.4118404731995252e-06 | 1
 34, 19 |  -1.2040406093323001e-04 |  -1.2040406093323001e-04 | 1
 34, 20 |   1.1252153151251720e-04 |   1.1252153151251720e-04 | 1
 34, 21 |   2.0645869582868264e-04 |   2.0645869582868264e-04 | 1
 34, 22 |   5.7311294975321485e-04 |   5.7311294975321485e-04 | 1
 34, 23 |   4.3185644482787315e-05 |   4.3185644482787315e-05 | 1
 34, 24 |   3.7550008130529460e-04 |   3.7550008130529460e-04 | 1
 34, 25 |   1.6653909330913310e-04 |   1.6653909330913310e-04 | 1
 34, 26 |   4.1364335426042010e-05 |   4.1364335426042010e-05 | 1
 34, 27 |   3.4652693095149367e-03 |   3.4652693095149367e-03 | 1
 34, 28 |   5.8272682392850896e-04 |   5.8272682392850896e-04 | 1
 34, 29 |   7.7165478914134231e-05 |   7.7165478914134231e-05 | 1
 34, 30 |   5.0565483560798723e-04 |   5.0565483560798723e-04 | 1
 34, 31 |   8.0173362045742763e-04 |   8.0173362045742763e-04 | 1
 34, 32 |   1.2156636790844588e-04 |   1.2156636790844588e-04 | 1
 34, 33 |  -2.9909292310067778e-03 |  -2.9909292310067778e-03 | 1
 34, 34 |   2.3660599991329311e-03 |   2.3660599991329311e-03 | 1
 34, 35 |  -4.5846849089464152e-05 |  -4.5846849089464152e-05 | 1
 34, 36 |  -4.3426144249880975e-05 |  -4.3426144249880975e-05 | 1
 34, 37 |  -3.2343619040977907e-05 |  -3.2343619040977907e-05 | 1
 34, 38 |  -3.0683110263989946e-05 |  -3.0683110263989946e-05 | 1
 34, 39 |  -1.5793338909971642e-06 |  -1.5793338909971642e-06 | 1
 34, 40 |   4.8289098596477402e-05 |   4.8289098596477402e-05 | 1
 34, 41 |  -1.2325168286464442e-04 |  -1.2325168286464442e-04 | 1
 35,  1 |  -3.9337095302358757e-05 |  -3.9337095302358757e-05 | 1
 35,  2 |  -3.7502528848034573e-05 |  -3.7502528848034573e-05 | 1
 35,  3 |  -3.7557705920537763e-05 |  -3.7557705920537763e-05 | 1
 35,  4 |  -3.6320735122890286e-05 |  -3.6320735122890286e-05 | 1
 35,  5 |  -5.3523503877647013e-05 |  -5.3523503877647013e-05 | 1
 35,  6 |  -3.6176103119518432e-05 |  -3.6176103119518432e-05 | 1
 35,  7 |  -2.2587008885066428e-05 |  -2.2587008885066428e-05 | 1
 35,  8 |  -2.7895839971604160e-05 |  -2.7895839971604160e-05 | 1
 35,  9 |  -3.0215150086832788e-05 |  -3.0215150086832788e-05 | 1
 35, 10 |  -2.9366048599156793e-05 |  -2.9366048599156793e-05 | 1
 35, 11 |  -6.8700104207009222e-05 |  -6.8700104207009222e-05 | 1
 35, 12 |  -2.5793674493322934e-05 |  -2.5793674493322934e-05 | 1
 35, 13 |  -4.4494348410339843e-05 |  -4.4494348410339843e-05 | 1
 35, 14 |  -3.8147827819192622e-05 |  -3.8147827819192622e-05 | 1
 35, 15 |  -1.7319115060987755e-04 |  -1.7319115060987755e-04 | 1
 35, 16 |  -1.4769036007349531e-05 |  -1.4769036007349531e-05 | 1
 35, 17 |  -4.6239625185388704e-05 |  -4.6239625185388704e-05 | 1
 35, 18 |  -5.5075260153161651e-05 |  -5.5075260153161651e-05 | 1
 35, 19 |  -3.7214913027770088e-05 |  -3.7214913027770088e-05 | 1
 35, 20 |  -6.3783919705681603e-05 |  -6.3783919705681603e-05 | 1
 35, 21 |  -5.9293982876125733e-05 |  -5.9293982876125733e-05 | 1
 35, 22 |  -4.2842112439193468e-05 |  -4.2842112439193468e-05 | 1
 35, 23 |  -5.4505535358084924e-05 |  -5.4505535358084924e-05 | 1
 35, 24 |  -5.6856301809637082e-05 |  -5.6856301809637082e-05 | 1
 35, 25 |  -3.2962176278270058e-05 |  -3.2962176278270058e-05 | 1
 35, 26 |  -6.9646142987947061e-05 |  -6.9646142987947061e-05 | 1
 35, 27 |  -5.7996765569417436e-05 |  -5.7996765569417436e-05 | 1
 35, 28 |  -4.7026528379243482e-05 |  -4.7026528379243482e-05 | 1
 35, 29 |  -4.3795484627802329e-05 |  -4.3795484627802329e-05 | 1
 35, 30 |  -4.4450492778879798e-05 |  -4.4450492778879798e-05 | 1
 35, 31 |  -2.9189672733662621e-05 |  -2.9189672733662621e-05 | 1
 35, 32 |  -7.8023502929996756e-06 |  -7.8023502929996756e-06 | 1
 35, 33 |   2.4179015687444792e-05 |   2.4179015687444792e-05 | 1
 35, 34 |  -4.5846849089464152e-05 |  -4.5846849089464152e-05 | 1
 35, 35 |   7.1489969250946775e-05 |   7.1489969250946775e-05 | 1
 35, 36 |   5.8771755732056440e-05 |   5.8771755732056440e-05 | 1
 35, 37 |   6.1674760208222550e-05 |   6.1674760208222550e-05 | 1
 35, 38 |   6.6384634337137512e-05 |   6.6384634337137512e-05 | 1
 35, 39 |  -8.9451316914158949e-07 |  -8.9451316914158949e-07 | 1
 35, 40 |  -5.3557192540543583e-05 |  -5.3557192540543583e-05 | 1
 35, 41 |   7.8192601542610377e-06 |   7.8192601542610377e-06 | 1
 36,  1 |  -3.9161087104153981e-05 |  -3.9161087104153981e-05 | 1
 36,  2 |  -3.7951602919584968e-05 |  -3.7951602919584968e-05 | 1
 36,  3 |  -3.7805931946654432e-05 |  -3.7805931946654432e-05 | 1
 36,  4 |  -3.4729155152291540e-05 |  -3.4729155152291540e-05 | 1
 36,  5 |  -3.5522564260063380e-05 |  -3.5522564260063380e-05 | 1
 36,  6 |  -2.4537076993892069e-05 |  -2.4537076993892069e-05 | 1
 36,  7 |  -2.8590568630918887e-05 |  -2.8590568630918887e-05 | 1
 36,  8 |  -2.0312106988661926e-05 |  -2.0312106988661926e-05 | 1
 36,  9 |  -3.4901365552037008e-05 |  -3.4901365552037008e-05 | 1
 36, 10 |  -1.5809630629147780e-05 |  -1.5809630629147780e-05 | 1
 36, 11 |  -5.4024956261854088e-05 |  -5.4024956261854088e-05 | 1
 36, 12 |  -3.0566816733188816e-05 |  -3.0566816733188816e-05 | 1
 36, 13 |  -4.4554623710064113e-05 |  -4.4554623710064113e-05 | 1
 36, 14 |  -4.1253723607538499e-05 |  -4.1253723607538499e-05 | 1
 36, 15 |  -1.5224780277784972e-04 |  -1.5224780277784972e-04 | 1
 36, 16 |  -1.3731030456389299e-05 |  -1.3731030456389299e-05 | 1
 36, 17 |  -5.0455472457863749e-05 |  -5.0455472457863749e-05 | 1
 36, 18 |  -5.8733604016461259e-05 |  -5.8733604016461259e-05 | 1
 36, 19 |  -3.2372988815492500e-05 |  -3.2372988815492500e-05 | 1
 36, 20 |  -6.1028955680870580e-05 |  -6.1028955680870580e-05 | 1
 36, 21 |  -5.2931346031215426e-05 |  -5.2931346031215426e-05 | 1
 36, 22 |  -3.1734063084633035e-05 |  -3.1734063084633035e-05 | 1
 36, 23 |  -3.8324149240094350e-05 |  -3.8324149240094350e-05 | 1
 36, 24 |  -4.3760496296709453e-05 |  -4.3760496296709453e-05 | 1
 36, 25 |  -3.7057966434956674e-05 |  -3.7057966434956674e-05 | 1
 36, 26 |  -7.4879155665774242e-05 |  -7.4879155665774242e-05 | 1
 36, 27 |  -4.7322263014501229e-05 |  -4.7322263014501229e-05 | 1
 36, 28 |  -5.9548490759983819e-05 |  -5.9548490759983819e-05 | 1
 36, 29 |  -5.0815522205375032e-05 |  -5.0815522205375032e-05 | 1
 36, 30 |  -4.6410072685064623e-05 |  -4.6410072685064623e-05 | 1
 36, 31 |  -3.8389291258227729e-05 |  -3.8389291258227729e-05 | 1
 36, 32 |  -1.2222176144556507e-05 |  -1.2222176144556507e-05 | 1
 36, 33 |   2.7912863453421270e-05 |   2.7912863453421270e-05 | 1
 36, 34 |  -4.3426144249880975e-05 |  -4.3426144249880975e-05 | 1
 36, 35 |   5.8771755732056440e-05 |   5.8771755732056440e-05 | 1
 36, 36 |   7.9821233920929278e-05 |   7.9821233920929278e-05 | 1
 36, 37 |   7.4017734218417746e-05 |   7.4017734218417746e-05 | 1
 36, 38 |   8.1331464638719723e-05 |   8.1331464638719723e-05 | 1
 36, 39 |  -1.4432259569712238e-06 |  -1.4432259569712238e-06 | 1
 36, 40 |  -5.9569397174577710e-05 |  -5.9569397174577710e-05 | 1
 36, 41 |   1.1676589768714945e-05 |   1.1676589768714945e-05 | 1
 37,  1 |  -3.1307329687154832e-05 |  -3.1307329687154832e-05 | 1
 37,  2 |  -3.0832169713189789e-05 |  -3.0832169713189789e-05 | 1
 37,  3 |  -3.3289983142221130e-05 |  -3.3289983142221130e-05 | 1
 37,  4 |  -2.4645047067697144e-05 |  -2.4645047067697144e-05 | 1
 37,  5 |  -4.8318483538461299e-05 |  -4.8318483538461299e-05 | 1
 37,  6 |  -3.0183296182430340e-05 |  -3.0183296182430340e-05 | 1
 37,  7 |  -1.6853566022947143e-05 |  -1.6853566022947143e-05 | 1
 37,  8 |  -1.6250880043033112e-05 |  -1.6250880043033112e-05 | 1
 37,  9 |  -3.3592010956633969e-05 |  -3.3592010956633969e-05 | 1
 37, 10 |  -1.1163702933145839e-05 |  -1.1163702933145839e-05 | 1
 37, 11 |  -4.2285824858551342e-05 |  -4.2285824858551342e-05 | 1
 37, 12 |  -2.3295870069145684e-05 |  -2.3295870069145684e-05 | 1
 37, 13 |  -4.5900330430754371e-05 |  -4.5900330430754371e-05 | 1
 37, 14 |  -4.2572690301679335e-05 |  -4.2572690301679335e-05 | 1
 37, 15 |  -1.2831367338055665e-04 |  -1.2831367338055665e-04 | 1
 37, 16 |  -8.0625496703514698e-06 |  -8.0625496703514698e-06 | 1
 37, 17 |  -4.5257561926201415e-05 |  -4.5257561926201415e-05 | 1
 37, 18 |  -4.7607492783217220e-05 |  -4.7607492783217220e-05 | 1
 37, 19 |  -2.5151627279365187e-05 |  -2.5151627279365187e-05 | 1
 37, 20 |  -5.1200393229310155e-05 |  -5.1200393229310155e-05 | 1
 37, 21 |  -6.0363439227645680e-05 |  -6.0363439227645680e-05 | 1
 37, 22 |  -2.9756342082095151e-05 |  -2.9756342082095151e-05 | 1
 37, 23 |  -3.6188760222380957e-05 |  -3.6188760222380957e-05 | 1
 37, 24 |  -4.2289903933655393e-05 |  -4.2289903933655393e-05 | 1
 37, 25 |  -3.3228782526637172e-05 |  -3.3228782526637172e-05 | 1
 37, 26 |  -7.6104880931751769e-05 |  -7.6104880931751769e-05 | 1
 37, 27 |  -3.8443297741346251e-05 |  -3.8443297741346251e-05 | 1
 37, 28 |  -4.8669786946296150e-05 |  -4.8669786946296150e-05 | 1
 37, 29 |  -5.0107020254399029e-05 |  -5.0107020254399029e-05 | 1
 37, 30 |  -5.2866182205259918e-05 |  -5.2866182205259918e-05 | 1
 37, 31 |  -2.8513690248614799e-05 |  -2.8513690248614799e-05 | 1
 37, 32 |  -1.3400829521214958e-05 |  -1.3400829521214958e-05 | 1
 37, 33 |   1.6865622365025183e-05 |   1.6865622365025183e-05 | 1
 37, 34 |  -3.2343619040977907e-05 |  -3.2343619040977907e-05 | 1
 37, 35 |   6.1674760208222550e-05 |   6.1674760208222550e-05 | 1
 37, 36 |   7.4017734218417746e-05 |   7.4017734218417746e-05 | 1
 37, 37 |   1.0718130319777876e-04 |   1.0718130319777876e-04 | 1
 37, 38 |   1.1167183761272584e-04 |   1.1167183761272584e-04 | 1
 37, 39 |  -3.0336576523915295e-06 |  -3.0336576523915295e-06 | 1
 37, 40 |  -6.2823924538336573e-05 |  -6.2823924538336573e-05 | 1
 37, 41 |   9.8806434073389262e-06 |   9.8806434073389262e-06 | 1
 38,  1 |  -2.3287927506663279e-05 |  -2.3287927506663279e-05 | 1
 38,  2 |  -1.9748619664247626e-05 |  -1.9748619664247626e-05 | 1
 38,  3 |  -3.5633064369715872e-05 |  -3.5633064369715872e-05 | 1
 38,  4 |  -1.6283476485061842e-05 |  -1.6283476485061842e-05 | 1
 38,  5 |  -4.2160340844966485e-05 |  -4.2160340844966485e-05 | 1
 38,  6 |  -2.2805914026634520e-05 |  -2.2805914026634520e-05 | 1
 38,  7 |  -1.7035109765164062e-05 |  -1.7035109765164062e-05 | 1
 38,  8 |  -1.2019996906484312e-05 |  -1.2019996906484312e-05 | 1
 38,  9 |  -2.3343977135762874e-05 |  -2.3343977135762874e-05 | 1
 38, 10 |  -1.9125255215941636e-05 |  -1.9125255215941636e-05 | 1
 38, 11 |  -2.0203048275370812e-05 |  -2.0203048275370812e-05 | 1
 38, 12 |  -2.6529737853873178e-05 |  -2.6529737853873178e-05 | 1
 38, 13 |  -4.6278220075750856e-05 |  -4.6278220075750856e-05 | 1
 38, 14 |  -2.8097095771587972e-05 |  -2.8097095771587972e-05 | 1
 38, 15 |  -4.4951865717960586e-05 |  -4.4951865717960586e-05 | 1
 38, 16 |  -9.2247315382109402e-07 |  -9.2247315382109402e-07 | 1
 38, 17 |  -3.6924167803999944e-05 |  -3.6924167803999944e-05 | 1
 38, 18 |  -2.4204510567844439e-05 |  -2.4204510567844439e-05 | 1
 38, 19 |  -4.1249255074492633e-06 |  -4.1249255074492633e-06 | 1
 38, 20 |  -4.7547771820010712e-05 |  -4.7547771820010712e-05 | 1
 38, 21 |  -4.9250006256752065e-05 |  -4.9250006256752065e-05 | 1
 38, 22 |  -2.5316248820108722e-05 |  -2.5316248820108722e-05 | 1
 38, 23 |  -4.2616712421437415e-05 |  -4.2616712421437415e-05 | 1
 38, 24 |  -3.9868857442766649e-05 |  -3.9868857442766649e-05 | 1
 38, 25 |  -2.6252389251645997e-05 |  -2.6252389251645997e-05 | 1
 38, 26 |  -5.9118519348664367e-05 |  -5.9118519348664367e-05 | 1
 38, 27 |  -3.4049005250539883e-05 |  -3.4049005250539883e-05 | 1
 38, 28 |  -4.5662439308041399e-05 |  -4.5662439308041399e-05 | 1
 38, 29 |  -4.5421757720256857e-05 |  -4.5421757720256857e-05 | 1
 38, 30 |  -3.9491079656850850e-05 |  -3.9491079656850850e-05 | 1
 38, 31 |  -3.1612553515532991e-05 |  -3.1612553515532991e-05 | 1
 38, 32 |  -1.5370270683738407e-05 |  -1.5370270683738407e-05 | 1
 38, 33 |   2.1269652497484628e-05 |   2.1269652497484628e-05 | 1
 38, 34 |  -3.0683110263989946e-05 |  -3.0683110263989946e-05 | 1
 38, 35 |   6.6384634337137512e-05 |   6.6384634337137512e-05 | 1
 38, 36 |   8.1331464638719723e-05 |   8.1331464638719723e-05 | 1
 38, 37 |   1.1167183761272584e-04 |   1.1167183761272584e-04 | 1
 38, 38 |   1.6000427819231212e-04 |   1.6000427819231212e-04 | 1
 38, 39 |  -4.7852469101106272e-06 |  -4.7852469101106272e-06 | 1
 38, 40 |  -6.1913207894346488e-05 |  -6.1913207894346488e-05 | 1
 38, 41 |   7.2090442138980490e-06 |   7.2090442138980490e-06 | 1
 39,  1 |  -2.2959257616315669e-06 |  -2.2959257616315669e-06 | 1
 39,  2 |  -1.8163849767940508e-06 |  -1.8163849767940508e-06 | 1
 39,  3 |  -8.0070538769432876e-07 |  -8.0070538769432876e-07 | 1
 39,  4 |  -1.7752428162442659e-06 |  -1.7752428162442659e-06 | 1
 39,  5 |  -2.4110710005170403e-06 |  -2.4110710005170403e-06 | 1
 39,  6 |  -1.4660183722304160e-06 |  -1.4660183722304160e-06 | 1
 39,  7 |  -1.6317502011541497e-06 |  -1.6317502011541497e-06 | 1
 39,  8 |  -1.4047352247393278e-06 |  -1.4047352247393278e-06 | 1
 39,  9 |  -1.6873272597580761e-06 |  -1.6873272597580761e-06 | 1
 39, 10 |  -1.1377408027059911e-06 |  -1.1377408027059911e-06 | 1
 39, 11 |  -3.6249965227625201e-06 |  -3.6249965227625201e-06 | 1
 39, 12 |  -9.1453706351137790e-07 |  -9.1453706351137790e-07 | 1
 39, 13 |  -4.9285887972217753e-07 |  -4.9285887972217753e-07 | 1
 39, 14 |  -9.0254562476929390e-07 |  -9.0254562476929390e-07 | 1
 39, 15 |  -1.8238773175426987e-06 |  -1.8238773175426987e-06 | 1
 39, 16 |  -1.2543498177572786e-06 |  -1.2543498177572786e-06 | 1
 39, 17 |  -2.0990857645703814e-06 |  -2.0990857645703814e-06 | 1
 39, 18 |  -3.2110264071591575e-06 |  -3.2110264071591575e-06 | 1
 39, 19 |  -2.6214512987717363e-06 |  -2.6214512987717363e-06 | 1
 39, 20 |  -1.2435052142305354e-06 |  -1.2435052142305354e-06 | 1
 39, 21 |  -2.8315140113938127e-06 |  -2.8315140113938127e-06 | 1
 39, 22 |  -1.3779138005288459e-06 |  -1.3779138005288459e-06 | 1
 39, 23 |  -1.2868593342783096e-06 |  -1.2868593342783096e-06 | 1
 39, 24 |  -1.1950585508607430e-06 |  -1.1950585508607430e-06 | 1
 39, 25 |  -1.9115706101823496e-06 |  -1.9115706101823496e-06 | 1
 39, 26 |  -1.5436721347779376e-06 |  -1.5436721347779376e-06 | 1
 39, 27 |  -2.3193963844716650e-06 |  -2.3193963844716650e-06 | 1
 39, 28 |  -1.0789183600029259e-06 |  -1.0789183600029259e-06 | 1
 39, 29 |  -1.2914555377783195e-06 |  -1.2914555377783195e-06 | 1
 39, 30 |  -1.3066372875674089e-06 |  -1.3066372875674089e-06 | 1
 39, 31 |  -2.3322539831583665e-06 |  -2.3322539831583665e-06 | 1
 39, 32 |  -5.2735097888543824e-07 |  -5.2735097888543824e-07 | 1
 39, 33 |   1.7914156020093637e-06 |   1.7914156020093637e-06 | 1
 39, 34 |  -1.5793338909971642e-06 |  -1.5793338909971642e-06 | 1
 39, 35 |  -8.9451316914158949e-07 |  -8.9451316914158949e-07 | 1
 39, 36 |  -1.4432259569712238e-06 |  -1.4432259569712238e-06 | 1
 39, 37 |  -3.0336576523915295e-06 |  -3.0336576523915295e-06 | 1
 39, 38 |  -4.7852469101106272e-06 |  -4.7852469101106272e-06 | 1
 39, 39 |   3.4372125190715629e-07 |   3.4372125190715629e-07 | 1
 39, 40 |  -2.8218778216227665e-07 |  -2.8218778216227665e-07 | 1
 39, 41 |   8.8411274495240405e-07 |   8.8411274495240405e-07 | 1
 40,  1 |   5.0031766486550590e-05 |   5.0031766486550590e-05 | 1
 40,  2 |   4.4797287201370350e-05 |   4.4797287201370350e-05 | 1
 40,  3 |   3.9986944548794709e-05 |   3.9986944548794709e-05 | 1
 40,  4 |   4.0766847999537204e-05 |   4.0766847999537204e-05 | 1
 40,  5 |   6.1252231996635501e-05 |   6.1252231996635501e-05 | 1
 40,  6 |   3.8540493380180400e-05 |   3.8540493380180400e-05 | 1
 40,  7 |   3.2831576262935439e-05 |   3.2831576262935439e-05 | 1
 40,  8 |   2.9086241609886241e-05 |   2.9086241609886241e-05 | 1
 40,  9 |   4.2798624141978226e-05 |   4.2798624141978226e-05 | 1
 40, 10 |   2.5423770997115249e-05 |   2.5423770997115249e-05 | 1
 40, 11 |   7.2838852777000230e-05 |   7.2838852777000230e-05 | 1
 40, 12 |   3.2435646592608425e-05 |   3.2435646592608425e-05 | 1
 40, 13 |   4.6558969274882467e-05 |   4.6558969274882467e-05 | 1
 40, 14 |   4.3171883277047820e-05 |   4.3171883277047820e-05 | 1
 40, 15 |   1.3542521715830414e-04 |   1.3542521715830414e-04 | 1
 40, 16 |   1.8597696041098681e-05 |   1.8597696041098681e-05 | 1
 40, 17 |   5.9634644688067516e-05 |   5.9634644688067516e-05 | 1
 40, 18 |   7.1242718495680900e-05 |   7.1242718495680900e-05 | 1
 40, 19 |   4.4459568234358685e-05 |   4.4459568234358685e-05 | 1
 40, 20 |   6.2305281466123623e-05 |   6.2305281466123623e-05 | 1
 40, 21 |   7.5726308660656062e-05 |   7.5726308660656062e-05 | 1
 40, 22 |   4.2306847690566556e-05 |   4.2306847690566556e-05 | 1
 40, 23 |   4.9719472758525283e-05 |   4.9719472758525283e-05 | 1
 40, 24 |   5.2061763887200309e-05 |   5.2061763887200309e-05 | 1
 40, 25 |   4.6592098058055020e-05 |   4.6592098058055020e-05 | 1
 40, 26 |   8.0091179838953993e-05 |   8.0091179838953993e-05 | 1
 40, 27 |   6.0325816521662664e-05 |   6.0325816521662664e-05 | 1
 40, 28 |   5.6755461058616302e-05 |   5.6755461058616302e-05 | 1
 40, 29 |   5.6245194097829187e-05 |   5.6245194097829187e-05 | 1
 40, 30 |   5.5500538028659074e-05 |   5.5500538028659074e-05 | 1
 40, 31 |   4.9257366829807002e-05 |   4.9257366829807002e-05 | 1
 40, 32 |   1.6115362581277574e-05 |   1.6115362581277574e-05 | 1
 40, 33 |  -3.5619095362898011e-05 |  -3.5619095362898011e-05 | 1
 40, 34 |   4.8289098596477402e-05 |   4.8289098596477402e-05 | 1
 40, 35 |  -5.3557192540543583e-05 |  -5.3557192540543583e-05 | 1
 40, 36 |  -5.9569397174577710e-05 |  -5.9569397174577710e-05 | 1
 40, 37 |  -6.2823924538336573e-05 |  -6.2823924538336573e-05 | 1
 40, 38 |  -6.1913207894346488e-05 |  -6.1913207894346488e-05 | 1
 40, 39 |  -2.8218778216227665e-07 |  -2.8218778216227665e-07 | 1
 40, 40 |   8.1739033540263460e-05 |   8.1739033540263460e-05 | 1
 40, 41 |  -3.6551348872580086e-05 |  -3.6551348872580086e-05 | 1
 41,  1 |  -1.8306478681700916e-05 |  -1.8306478681700916e-05 | 1
 41,  2 |   3.5493439207383911e-04 |   3.5493439207383911e-04 | 1
 41,  3 |  -1.3277444108779810e-05 |  -1.3277444108779810e-05 | 1
 41,  4 |   4.4691134786909264e-05 |   4.4691134786909264e-05 | 1
 41,  5 |  -1.5009640830181164e-04 |  -1.5009640830181164e-04 | 1
 41,  6 |  -9.4766017664271230e-05 |  -9.4766017664271230e-05 | 1
 41,  7 |   4.5106211800273390e-05 |   4.5106211800273390e-05 | 1
 41,  8 |   3.8224407401086274e-05 |   3.8224407401086274e-05 | 1
 41,  9 |  -2.7110566400630400e-05 |  -2.7110566400630400e-05 | 1
 41, 10 |   2.5666486741494725e-04 |   2.5666486741494725e-04 | 1
 41, 11 |  -2.7966219290064697e-04 |  -2.7966219290064697e-04 | 1
 41, 12 |   1.9744867088478810e-05 |   1.9744867088478810e-05 | 1
 41, 13 |   2.0387134929935235e-04 |   2.0387134929935235e-04 | 1
 41, 14 |   1.6589330546978067e-04 |   1.6589330546978067e-04 | 1
 41, 15 |   9.4184751994859568e-04 |   9.4184751994859568e-04 | 1
 41, 16 |   7.7878585871337354e-05 |   7.7878585871337354e-05 | 1
 41, 17 |  -5.7738032032510804e-06 |  -5.7738032032510804e-06 | 1
 41, 18 |  -5.6821679907513865e-05 |  -5.6821679907513865e-05 | 1
 41, 19 |   2.2225757719551429e-04 |   2.2225757719551429e-04 | 1
 41, 20 |   1.2209719014887336e-05 |   1.2209719014887336e-05 | 1
 41, 21 |  -1.8985950202069516e-04 |  -1.8985950202069516e-04 | 1
 41, 22 |  -7.0366806179947056e-05 |  -7.0366806179947056e-05 | 1
 41, 23 |  -8.0769633480622558e-05 |  -8.0769633480622558e-05 | 1
 41, 24 |   2.3356143458629820e-05 |   2.3356143458629820e-05 | 1
 41, 25 |   2.3726045613644744e-05 |   2.3726045613644744e-05 | 1
 41, 26 |  -5.5351527764738974e-05 |  -5.5351527764738974e-05 | 1
 41, 27 |  -7.0935231106612697e-04 |  -7.0935231106612697e-04 | 1
 41, 28 |  -4.8328825443763060e-05 |  -4.8328825443763060e-05 | 1
 41, 29 |   7.5253186914459692e-05 |   7.5253186914459692e-05 | 1
 41, 30 |  -5.9885776043554207e-05 |  -5.9885776043554207e-05 | 1
 41, 31 |  -1.0541871871114417e-04 |  -1.0541871871114417e-04 | 1
 41, 32 |  -4.3051638869487645e-04 |  -4.3051638869487645e-04 | 1
 41, 33 |   9.6039306723799060e-04 |   9.6039306723799060e-04 | 1
 41, 34 |  -1.2325168286464442e-04 |  -1.2325168286464442e-04 | 1
 41, 35 |   7.8192601542610377e-06 |   7.8192601542610377e-06 | 1
 41, 36 |   1.1676589768714945e-05 |   1.1676589768714945e-05 | 1
 41, 37 |   9.8806434073389262e-06 |   9.8806434073389262e-06 | 1
 41, 38 |   7.2090442138980490e-06 |   7.2090442138980490e-06 | 1
 41, 39 |   8.8411274495240405e-07 |   8.8411274495240405e-07 | 1
 41, 40 |  -3.6551348872580086e-05 |  -3.6551348872580086e-05 | 1
 41, 41 |   4.8002657500100155e-04 |   4.8002657500100155e-04 | 1
