row,col | V_base                   | V_new                    | equal
  1,  1 |   3.3229011025721189e-04 |   3.3229011025721189e-04 | 1
  1,  2 |   6.8738287067220436e-05 |   6.8738287067220436e-05 | 1
  1,  3 |   6.6723360437456484e-05 |   6.6723360437456484e-05 | 1
  1,  4 |   6.5055928205207120e-05 |   6.5055928205207120e-05 | 1
  1,  5 |   1.2040813286024162e-04 |   1.2040813286024162e-04 | 1
  1,  6 |   6.1391312359408543e-05 |   6.1391312359408543e-05 | 1
  1,  7 |   4.9083709297127384e-05 |   4.9083709297127384e-05 | 1
  1,  8 |   4.4935283927077300e-05 |   4.4935283927077300e-05 | 1
  1,  9 |   6.5857128471730937e-05 |   6.5857128471730937e-05 | 1
  1, 10 |   2.9834081971238288e-05 |   2.9834081971238288e-05 | 1
  1, 11 |   9.1730015713089878e-05 |   9.1730015713089878e-05 | 1
  1, 12 |   5.4202547853720662e-05 |   5.4202547853720662e-05 | 1
  1, 13 |   8.5380814680998402e-05 |   8.5380814680998402e-05 | 1
  1, 14 |   8.2508787422461887e-05 |   8.2508787422461887e-05 | 1
  1, 15 |   1.2793877920957964e-04 |   1.2793877920957964e-04 | 1
  1, 16 |   4.1799891555559831e-05 |   4.1799891555559831e-05 | 1
  1, 17 |   8.9850669019170834e-05 |   8.9850669019170834e-05 | 1
  1, 18 |   1.0251546500286259e-04 |   1.0251546500286259e-04 | 1
  1, 19 |   7.5647069367110488e-05 |   7.5647069367110488e-05 | 1
  1, 20 |   1.0221759798562156e-04 |   1.0221759798562156e-04 | 1
  1, 21 |   1.0546829980596558e-04 |   1.0546829980596558e-04 | 1
  1, 22 |   2.9636753466859650e-05 |   2.9636753466859650e-05 | 1
  1, 23 |   6.8119453082664610e-05 |   6.8119453082664610e-05 | 1
  1, 24 |   7.6832851852344129e-05 |   7.6832851852344129e-05 | 1
  1, 25 |   6.2593510825128266e-05 |   6.2593510825128266e-05 | 1
  1, 26 |   1.3363001822822642e-04 |   1.3363001822822642e-04 | 1
  1, 27 |   6.9633201398596628e-05 |   6.9633201398596628e-05 | 1
  1, 28 |   8.8587373112378081e-05 |   8.8587373112378081e-05 | 1
  1, 29 |   9.0534796679546021e-05 |   9.0534796679546021e-05 | 1
  1, 30 |   8.0419787145282769e-05 |   8.0419787145282769e-05 | 1
  1, 31 |   6.0729995833937509e-05 |   6.0729995833937509e-05 | 1
  1, 32 |   2.5400335800612076e-05 |   2.5400335800612076e-05 | 1
  1, 33 |  -3.6165555246276850e-05 |  -3.6165555246276850e-05 | 1
  1, 34 |   6.7977352325388580e-05 |   6.7977352325388580e-05 | 1
  1, 35 |  -8.3763309385716052e-05 |  -8.3763309385716052e-05 | 1
  1, 36 |  -9.6255895792068648e-05 |  -9.6255895792068648e-05 | 1
  1, 37 |  -1.0838498938535524e-04 |  -1.0838498938535524e-04 | 1
  1, 38 |  -1.2436809329127236e-04 |  -1.2436809329127236e-04 | 1
  1, 39 |   0.0000000000000000e+00 |   0.0000000000000000e+00 | 1
  2,  1 |   6.8738287067220436e-05 |   6.8738287067220436e-05 | 1
  2,  2 |   1.2368413938099586e-03 |   1.2368413938099586e-03 | 1
  2,  3 |   5.5952242966639032e-05 |   5.5952242966639032e-05 | 1
  2,  4 |   6.7092288274005660e-05 |   6.7092288274005660e-05 | 1
  2,  5 |   8.5454732837227532e-05 |   8.5454732837227532e-05 | 1
  2,  6 |   4.8423887671409536e-05 |   4.8423887671409536e-05 | 1
  2,  7 |   4.3738914797351376e-05 |   4.3738914797351376e-05 | 1
  2,  8 |   4.4292595617021797e-05 |   4.4292595617021797e-05 | 1
  2,  9 |   6.1116300497247069e-05 |   6.1116300497247069e-05 | 1
  2, 10 |   4.0587458320336581e-05 |   4.0587458320336581e-05 | 1
  2, 11 |   7.3945812204746124e-05 |   7.3945812204746124e-05 | 1
  2, 12 |   4.8280226525416086e-05 |   4.8280226525416086e-05 | 1
  2, 13 |   1.0707900970192646e-04 |   1.0707900970192646e-04 | 1
  2, 14 |   9.6281013018058049e-05 |   9.6281013018058049e-05 | 1
  2, 15 |   2.6819645750396294e-04 |   2.6819645750396294e-04 | 1
  2, 16 |   4.5881066100333693e-05 |   4.5881066100333693e-05 | 1
  2, 17 |   8.0450745764168875e-05 |   8.0450745764168875e-05 | 1
  2, 18 |   9.3969007493094640e-05 |   9.3969007493094640e-05 | 1
  2, 19 |   9.5198613406662953e-05 |   9.5198613406662953e-05 | 1
  2, 20 |   9.8772673769247814e-05 |   9.8772673769247814e-05 | 1
  2, 21 |   7.8689657563702279e-05 |   7.8689657563702279e-05 | 1
  2, 22 |   1.8601712975628783e-05 |   1.8601712975628783e-05 | 1
  2, 23 |   4.6835769558715602e-05 |   4.6835769558715602e-05 | 1
  2, 24 |   7.3387420061626712e-05 |   7.3387420061626712e-05 | 1
  2, 25 |   5.6781887961551412e-05 |   5.6781887961551412e-05 | 1
  2, 26 |   1.2621439786324943e-04 |   1.2621439786324943e-04 | 1
  2, 27 |   1.2658710566408474e-05 |   1.2658710566408474e-05 | 1
  2, 28 |   7.6342649558326989e-05 |   7.6342649558326989e-05 | 1
  2, 29 |   8.8538327360010693e-05 |   8.8538327360010693e-05 | 1
  2, 30 |   6.9235976536614834e-05 |   6.9235976536614834e-05 | 1
  2, 31 |   3.5826244823433261e-05 |   3.5826244823433261e-05 | 1
  2, 32 |  -2.5775649270436086e-04 |  -2.5775649270436086e-04 | 1
  2, 33 |   5.9828651637506024e-05 |   5.9828651637506024e-05 | 1
  2, 34 |   5.3789157533799085e-05 |   5.3789157533799085e-05 | 1
  2, 35 |  -7.8353101883075436e-05 |  -7.8353101883075436e-05 | 1
  2, 36 |  -9.2792760771780468e-05 |  -9.2792760771780468e-05 | 1
  2, 37 |  -9.7652450057091102e-05 |  -9.7652450057091102e-05 | 1
  2, 38 |  -9.0699318872767377e-05 |  -9.0699318872767377e-05 | 1
  2, 39 |   0.0000000000000000e+00 |   0.0000000000000000e+00 | 1
  3,  1 |   6.6723360437456484e-05 |   6.6723360437456484e-05 | 1
  3,  2 |   5.5952242966639032e-05 |   5.5952242966639032e-05 | 1
  3,  3 |   1.1657284385828474e-02 |   1.1657284385828474e-02 | 1
  3,  4 |   5.4730064920427716e-05 |   5.4730064920427716e-05 | 1
  3,  5 |   1.0205492515979439e-04 |   1.0205492515979439e-04 | 1
  3,  6 |   4.8448137718237775e-05 |   4.8448137718237775e-05 | 1
  3,  7 |   4.3870804674997999e-05 |   4.3870804674997999e-05 | 1
  3,  8 |   3.8370507175867683e-05 |   3.8370507175867683e-05 | 1
  3,  9 |   4.8801160097888101e-05 |   4.8801160097888101e-05 | 1
  3, 10 |   3.2772203803924506e-05 |   3.2772203803924506e-05 | 1
  3, 11 |   9.5628722513134472e-05 |   9.5628722513134472e-05 | 1
  3, 12 |   5.0561709732340084e-05 |   5.0561709732340084e-05 | 1
  3, 13 |   6.9373541577982399e-05 |   6.9373541577982399e-05 | 1
  3, 14 |   6.4804209608530645e-05 |   6.4804209608530645e-05 | 1
  3, 15 |   1.0985382026998691e-04 |   1.0985382026998691e-04 | 1
  3, 16 |   3.9147479433227517e-05 |   3.9147479433227517e-05 | 1
  3, 17 |   7.2430277931157387e-05 |   7.2430277931157387e-05 | 1
  3, 18 |   7.8459076024198047e-05 |   7.8459076024198047e-05 | 1
  3, 19 |   6.1909296320909196e-05 |   6.1909296320909196e-05 | 1
  3, 20 |   9.1083744437062066e-05 |   9.1083744437062066e-05 | 1
  3, 21 |   7.7331078350269315e-05 |   7.7331078350269315e-05 | 1
  3, 22 |   3.0642942876640150e-05 |   3.0642942876640150e-05 | 1
  3, 23 |   6.0543169145232603e-05 |   6.0543169145232603e-05 | 1
  3, 24 |   7.0601591431917571e-05 |   7.0601591431917571e-05 | 1
  3, 25 |   5.0695899947633181e-05 |   5.0695899947633181e-05 | 1
  3, 26 |   1.0686413287859834e-04 |   1.0686413287859834e-04 | 1
  3, 27 |   9.2513897438129412e-05 |   9.2513897438129412e-05 | 1
  3, 28 |   8.0579156017631867e-05 |   8.0579156017631867e-05 | 1
  3, 29 |   7.6365691873449759e-05 |   7.6365691873449759e-05 | 1
  3, 30 |   6.7857568099176504e-05 |   6.7857568099176504e-05 | 1
  3, 31 |   6.0257111209799991e-05 |   6.0257111209799991e-05 | 1
  3, 32 |   1.7886688040601460e-05 |   1.7886688040601460e-05 | 1
  3, 33 |  -6.2440827945318728e-05 |  -6.2440827945318728e-05 | 1
  3, 34 |   7.6807269399399000e-05 |   7.6807269399399000e-05 | 1
  3, 35 |  -7.3846216760653694e-05 |  -7.3846216760653694e-05 | 1
  3, 36 |  -7.8506237991648304e-05 |  -7.8506237991648304e-05 | 1
  3, 37 |  -8.0474139764734998e-05 |  -8.0474139764734998e-05 | 1
  3, 38 |  -1.1043945812893156e-04 |  -1.1043945812893156e-04 | 1
  3, 39 |   0.0000000000000000e+00 |   0.0000000000000000e+00 | 1
  4,  1 |   6.5055928205207120e-05 |   6.5055928205207120e-05 | 1
  4,  2 |   6.7092288274005660e-05 |   6.7092288274005660e-05 | 1
  4,  3 |   5.4730064920427716e-05 |   5.4730064920427716e-05 | 1
  4,  4 |   1.7777509921494442e-03 |   1.7777509921494442e-03 | 1
  4,  5 |   5.1884789527769172e-05 |   5.1884789527769172e-05 | 1
  4,  6 |   3.9740632222762229e-05 |   3.9740632222762229e-05 | 1
  4,  7 |   5.9249543324014937e-05 |   5.9249543324014937e-05 | 1
  4,  8 |   5.9800612975136866e-05 |   5.9800612975136866e-05 | 1
  4,  9 |   6.1814778127865610e-05 |   6.1814778127865610e-05 | 1
  4, 10 |   1.0711829298662396e-04 |   1.0711829298662396e-04 | 1
  4, 11 |   4.1878876313661712e-05 |   4.1878876313661712e-05 | 1
  4, 12 |   5.7507195682555748e-05 |   5.7507195682555748e-05 | 1
  4, 13 |   1.7409332237764726e-04 |   1.7409332237764726e-04 | 1
  4, 14 |   1.2946876450411216e-04 |   1.2946876450411216e-04 | 1
  4, 15 |   4.9748014649219035e-04 |   4.9748014649219035e-04 | 1
  4, 16 |   6.2065403294244418e-05 |   6.2065403294244418e-05 | 1
  4, 17 |   8.1702618820770788e-05 |   8.1702618820770788e-05 | 1
  4, 18 |   8.1701910746914688e-05 |   8.1701910746914688e-05 | 1
  4, 19 |   1.4107501880949270e-04 |   1.4107501880949270e-04 | 1
  4, 20 |   1.0873817058943975e-04 |   1.0873817058943975e-04 | 1
  4, 21 |   5.0273938477967672e-05 |   5.0273938477967672e-05 | 1
  4, 22 |   7.1049417227322150e-06 |   7.1049417227322150e-06 | 1
  4, 23 |   4.1371815386584174e-05 |   4.1371815386584174e-05 | 1
  4, 24 |   8.6509390483868487e-05 |   8.6509390483868487e-05 | 1
  4, 25 |   6.4236451141901546e-05 |   6.4236451141901546e-05 | 1
  4, 26 |   1.1235668300572420e-04 |   1.1235668300572420e-04 | 1
  4, 27 |  -1.0686506068315285e-04 |  -1.0686506068315285e-04 | 1
  4, 28 |   6.1769067375168918e-05 |   6.1769067375168918e-05 | 1
  4, 29 |   1.0706018804982663e-04 |   1.0706018804982663e-04 | 1
  4, 30 |   5.5028588093000366e-05 |   5.5028588093000366e-05 | 1
  4, 31 |   1.1670110596869335e-05 |   1.1670110596869335e-05 | 1
  4, 32 |  -8.3496246833789100e-05 |  -8.3496246833789100e-05 | 1
  4, 33 |   2.6912520422698607e-04 |   2.6912520422698607e-04 | 1
  4, 34 |   3.7009254996950534e-05 |   3.7009254996950534e-05 | 1
  4, 35 |  -8.3790620891329489e-05 |  -8.3790620891329489e-05 | 1
  4, 36 |  -8.6366829266255050e-05 |  -8.6366829266255050e-05 | 1
  4, 37 |  -8.4960044394174073e-05 |  -8.4960044394174073e-05 | 1
  4, 38 |  -8.3860604867662386e-05 |  -8.3860604867662386e-05 | 1
  4, 39 |   0.0000000000000000e+00 |   0.0000000000000000e+00 | 1
  5,  1 |   1.2040813286024162e-04 |   1.2040813286024162e-04 | 1
  5,  2 |   8.5454732837227532e-05 |   8.5454732837227532e-05 | 1
  5,  3 |   1.0205492515979439e-04 |   1.0205492515979439e-04 | 1
  5,  4 |   5.1884789527769172e-05 |   5.1884789527769172e-05 | 1
  5,  5 |   2.7424669384720532e-02 |   2.7424669384720532e-02 | 1
  5,  6 |   1.5271440311629770e-04 |   1.5271440311629770e-04 | 1
  5,  7 |   2.7814330778573032e-05 |   2.7814330778573032e-05 | 1
  5,  8 |   4.2290931717437364e-05 |   4.2290931717437364e-05 | 1
  5,  9 |   9.6476310413153395e-05 |   9.6476310413153395e-05 | 1
  5, 10 |  -4.0393685590490694e-05 |  -4.0393685590490694e-05 | 1
  5, 11 |  -2.2050410742063809e-05 |  -2.2050410742063809e-05 | 1
  5, 12 |   1.7565064669074415e-05 |   1.7565064669074415e-05 | 1
  5, 13 |   4.3601228363827419e-05 |   4.3601228363827419e-05 | 1
  5, 14 |   4.1584271804391420e-05 |   4.1584271804391420e-05 | 1
  5, 15 |  -5.1984437445403082e-04 |  -5.1984437445403082e-04 | 1
  5, 16 |  -2.4922474888438848e-05 |  -2.4922474888438848e-05 | 1
  5, 17 |   1.1713077424398420e-04 |   1.1713077424398420e-04 | 1
  5, 18 |   1.5067734186893493e-04 |   1.5067734186893493e-04 | 1
  5, 19 |   5.1171654981440973e-09 |   5.1171654981440973e-09 | 1
  5, 20 |   8.3349128851839251e-05 |   8.3349128851839251e-05 | 1
  5, 21 |   2.4782227380726937e-04 |   2.4782227380726937e-04 | 1
  5, 22 |   1.1443925978490262e-06 |   1.1443925978490262e-06 | 1
  5, 23 |   1.8412590781848032e-04 |   1.8412590781848032e-04 | 1
  5, 24 |   4.4359575184274911e-05 |   4.4359575184274911e-05 | 1
  5, 25 |   5.9304871110092900e-05 |   5.9304871110092900e-05 | 1
  5, 26 |   1.7614708971671673e-04 |   1.7614708971671673e-04 | 1
  5, 27 |  -5.1120193848776886e-05 |  -5.1120193848776886e-05 | 1
  5, 28 |   1.8183991956145200e-05 |   1.8183991956145200e-05 | 1
  5, 29 |   6.5968262486484062e-05 |   6.5968262486484062e-05 | 1
  5, 30 |   7.2413775847750858e-05 |   7.2413775847750858e-05 | 1
  5, 31 |   1.0674973603806066e-05 |   1.0674973603806066e-05 | 1
  5, 32 |   1.8049284036333353e-04 |   1.8049284036333353e-04 | 1
  5, 33 |  -5.2300201241518442e-05 |  -5.2300201241518442e-05 | 1
  5, 34 |  -7.6372924880245584e-05 |  -7.6372924880245584e-05 | 1
  5, 35 |  -1.3201001029794469e-04 |  -1.3201001029794469e-04 | 1
  5, 36 |  -6.9098792686615696e-05 |  -6.9098792686615696e-05 | 1
  5, 37 |  -1.8326389111220277e-04 |  -1.8326389111220277e-04 | 1
  5, 38 |  -2.1212069452901253e-04 |  -2.1212069452901253e-04 | 1
  5, 39 |   0.0000000000000000e+00 |   0.0000000000000000e+00 | 1
  6,  1 |   6.1391312359408543e-05 |   6.1391312359408543e-05 | 1
  6,  2 |   4.8423887671409536e-05 |   4.8423887671409536e-05 | 1
  6,  3 |   4.8448137718237775e-05 |   4.8448137718237775e-05 | 1
  6,  4 |   3.9740632222762229e-05 |   3.9740632222762229e-05 | 1
  6,  5 |   1.5271440311629770e-04 |   1.5271440311629770e-04 | 1
  6,  6 |   2.0909302001245484e-02 |   2.0909302001245484e-02 | 1
  6,  7 |   1.7573384080184130e-05 |   1.7573384080184130e-05 | 1
  6,  8 |   2.9590654069384252e-05 |   2.9590654069384252e-05 | 1
  6,  9 |   5.3742909629992519e-05 |   5.3742909629992519e-05 | 1
  6, 10 |   5.8988928932171004e-06 |   5.8988928932171004e-06 | 1
  6, 11 |   1.0252340970564358e-04 |   1.0252340970564358e-04 | 1
  6, 12 |   2.4949772521194768e-05 |   2.4949772521194768e-05 | 1
  6, 13 |   3.3324880009900272e-05 |   3.3324880009900272e-05 | 1
  6, 14 |   5.2633282003240599e-05 |   5.2633282003240599e-05 | 1
  6, 15 |  -2.6258085274655526e-05 |  -2.6258085274655526e-05 | 1
  6, 16 |   2.4487657120250999e-05 |   2.4487657120250999e-05 | 1
  6, 17 |   6.4076922113558648e-05 |   6.4076922113558648e-05 | 1
  6, 18 |   7.6512182313318917e-05 |   7.6512182313318917e-05 | 1
  6, 19 |   5.0821341298258352e-05 |   5.0821341298258352e-05 | 1
  6, 20 |   6.9523276731254087e-05 |   6.9523276731254087e-05 | 1
  6, 21 |   1.1358033538490200e-04 |   1.1358033538490200e-04 | 1
  6, 22 |   3.5617917404630698e-05 |   3.5617917404630698e-05 | 1
  6, 23 |   8.0177177892826868e-05 |   8.0177177892826868e-05 | 1
  6, 24 |   5.9564174405472893e-05 |   5.9564174405472893e-05 | 1
  6, 25 |   3.9843099868810139e-05 |   3.9843099868810139e-05 | 1
  6, 26 |   1.0548514109348908e-04 |   1.0548514109348908e-04 | 1
  6, 27 |   1.1516703923476185e-04 |   1.1516703923476185e-04 | 1
  6, 28 |   5.3317822312578170e-05 |   5.3317822312578170e-05 | 1
  6, 29 |   6.0166044956057072e-05 |   6.0166044956057072e-05 | 1
  6, 30 |   7.5308818662844415e-05 |   7.5308818662844415e-05 | 1
  6, 31 |   4.9247831945957923e-05 |   4.9247831945957923e-05 | 1
  6, 32 |   5.2078329974805284e-05 |   5.2078329974805284e-05 | 1
  6, 33 |  -1.1711864289446971e-04 |  -1.1711864289446971e-04 | 1
  6, 34 |   5.6740260427855776e-05 |   5.6740260427855776e-05 | 1
  6, 35 |  -8.1753403698023091e-05 |  -8.1753403698023091e-05 | 1
  6, 36 |  -3.3419950092833691e-05 |  -3.3419950092833691e-05 | 1
  6, 37 |  -1.0027726058732250e-04 |  -1.0027726058732250e-04 | 1
  6, 38 |  -1.0665105689573613e-04 |  -1.0665105689573613e-04 | 1
  6, 39 |   0.0000000000000000e+00 |   0.0000000000000000e+00 | 1
  7,  1 |   4.9083709297127384e-05 |   4.9083709297127384e-05 | 1
  7,  2 |   4.3738914797351376e-05 |   4.3738914797351376e-05 | 1
  7,  3 |   4.3870804674997999e-05 |   4.3870804674997999e-05 | 1
  7,  4 |   5.9249543324014937e-05 |   5.9249543324014937e-05 | 1
  7,  5 |   2.7814330778573032e-05 |   2.7814330778573032e-05 | 1
  7,  6 |   1.7573384080184130e-05 |   1.7573384080184130e-05 | 1
  7,  7 |   2.2017395126360050e-02 |   2.2017395126360050e-02 | 1
  7,  8 |   3.8725522393074171e-05 |   3.8725522393074171e-05 | 1
  7,  9 |   4.6140960463389257e-05 |   4.6140960463389257e-05 | 1
  7, 10 |   7.3646811001659295e-05 |   7.3646811001659295e-05 | 1
  7, 11 |   7.3156619887783467e-05 |   7.3156619887783467e-05 | 1
  7, 12 |   5.8717317037429133e-05 |   5.8717317037429133e-05 | 1
  7, 13 |   1.0846908232564442e-04 |   1.0846908232564442e-04 | 1
  7, 14 |   8.4130672495878343e-05 |   8.4130672495878343e-05 | 1
  7, 15 |   3.1717063482263204e-04 |   3.1717063482263204e-04 | 1
  7, 16 |   5.7464371703080828e-05 |   5.7464371703080828e-05 | 1
  7, 17 |   6.0181342635048811e-05 |   6.0181342635048811e-05 | 1
  7, 18 |   4.6449199075013868e-05 |   4.6449199075013868e-05 | 1
  7, 19 |   1.0056437452829703e-04 |   1.0056437452829703e-04 | 1
  7, 20 |   9.2576619495592848e-05 |   9.2576619495592848e-05 | 1
  7, 21 |   2.7038465666317248e-05 |   2.7038465666317248e-05 | 1
  7, 22 |   3.0418696212795212e-05 |   3.0418696212795212e-05 | 1
  7, 23 |   1.9988099609519782e-05 |   1.9988099609519782e-05 | 1
  7, 24 |   7.7781190234728706e-05 |   7.7781190234728706e-05 | 1
  7, 25 |   5.2585548166545208e-05 |   5.2585548166545208e-05 | 1
  7, 26 |   9.7356803846254664e-05 |   9.7356803846254664e-05 | 1
  7, 27 |   3.5061421071086752e-05 |   3.5061421071086752e-05 | 1
  7, 28 |   8.3925724193890179e-05 |   8.3925724193890179e-05 | 1
  7, 29 |   8.1093096083518506e-05 |   8.1093096083518506e-05 | 1
  7, 30 |   5.5124714181706019e-05 |   5.5124714181706019e-05 | 1
  7, 31 |   4.9026170673342166e-05 |   4.9026170673342166e-05 | 1
  7, 32 |  -5.4430850721811280e-05 |  -5.4430850721811280e-05 | 1
  7, 33 |   6.0454701882069752e-05 |   6.0454701882069752e-05 | 1
  7, 34 |   8.8679378999637889e-05 |   8.8679378999637889e-05 | 1
  7, 35 |  -2.9774456946001406e-05 |  -2.9774456946001406e-05 | 1
  7, 36 |  -8.2555184083300874e-05 |  -8.2555184083300874e-05 | 1
  7, 37 |  -4.9507605087711434e-05 |  -4.9507605087711434e-05 | 1
  7, 38 |  -9.3686452710110173e-05 |  -9.3686452710110173e-05 | 1
  7, 39 |   0.0000000000000000e+00 |   0.0000000000000000e+00 | 1
  8,  1 |   4.4935283927077300e-05 |   4.4935283927077300e-05 | 1
  8,  2 |   4.4292595617021797e-05 |   4.4292595617021797e-05 | 1
  8,  3 |   3.8370507175867683e-05 |   3.8370507175867683e-05 | 1
  8,  4 |   5.9800612975136866e-05 |   5.9800612975136866e-05 | 1
  8,  5 |   4.2290931717437364e-05 |   4.2290931717437364e-05 | 1
  8,  6 |   2.9590654069384252e-05 |   2.9590654069384252e-05 | 1
  8,  7 |   3.8725522393074171e-05 |   3.8725522393074171e-05 | 1
  8,  8 |   2.2102299163043715e-03 |   2.2102299163043715e-03 | 1
  8,  9 |   4.1580170964182568e-05 |   4.1580170964182568e-05 | 1
  8, 10 |   1.0209446956090977e-04 |   1.0209446956090977e-04 | 1
  8, 11 |   1.3958548922647299e-04 |   1.3958548922647299e-04 | 1
  8, 12 |   6.0547146452015745e-05 |   6.0547146452015745e-05 | 1
  8, 13 |   9.7945638141686450e-05 |   9.7945638141686450e-05 | 1
  8, 14 |   8.2544200149707817e-05 |   8.2544200149707817e-05 | 1
  8, 15 |   4.1108952679666511e-04 |   4.1108952679666511e-04 | 1
  8, 16 |   6.6183810462893100e-05 |   6.6183810462893100e-05 | 1
  8, 17 |   5.3607684104150156e-05 |   5.3607684104150156e-05 | 1
  8, 18 |   4.4643598292792722e-05 |   4.4643598292792722e-05 | 1
  8, 19 |   1.0561656913938842e-04 |   1.0561656913938842e-04 | 1
  8, 20 |   9.1117729011880148e-05 |   9.1117729011880148e-05 | 1
  8, 21 |   3.7529638991888820e-05 |   3.7529638991888820e-05 | 1
  8, 22 |   5.8492437662684003e-05 |   5.8492437662684003e-05 | 1
  8, 23 |   4.0759315623774987e-05 |   4.0759315623774987e-05 | 1
  8, 24 |   9.5163975547093529e-05 |   9.5163975547093529e-05 | 1
  8, 25 |   5.2938369013344431e-05 |   5.2938369013344431e-05 | 1
  8, 26 |   8.0516858077673030e-05 |   8.0516858077673030e-05 | 1
  8, 27 |   1.0978725755127523e-04 |   1.0978725755127523e-04 | 1
  8, 28 |   7.9516672262201652e-05 |   7.9516672262201652e-05 | 1
  8, 29 |   7.9591098413781469e-05 |   7.9591098413781469e-05 | 1
  8, 30 |   7.3920048148939544e-05 |   7.3920048148939544e-05 | 1
  8, 31 |   6.1949248188457524e-05 |   6.1949248188457524e-05 | 1
  8, 32 |  -6.6496028844468868e-05 |  -6.6496028844468868e-05 | 1
  8, 33 |   1.7085323808578905e-05 |   1.7085323808578905e-05 | 1
  8, 34 |   1.2061660784611075e-04 |   1.2061660784611075e-04 | 1
  8, 35 |  -6.3351945734096258e-05 |  -6.3351945734096258e-05 | 1
  8, 36 |  -4.4127445951612626e-05 |  -4.4127445951612626e-05 | 1
  8, 37 |  -5.8010238280618322e-05 |  -5.8010238280618322e-05 | 1
  8, 38 |  -7.0368864513686022e-05 |  -7.0368864513686022e-05 | 1
  8, 39 |   0.0000000000000000e+00 |   0.0000000000000000e+00 | 1
  9,  1 |   6.5857128471730937e-05 |   6.5857128471730937e-05 | 1
  9,  2 |   6.1116300497247069e-05 |   6.1116300497247069e-05 | 1
  9,  3 |   4.8801160097888101e-05 |   4.8801160097888101e-05 | 1
  9,  4 |   6.1814778127865610e-05 |   6.1814778127865610e-05 | 1
  9,  5 |   9.6476310413153395e-05 |   9.6476310413153395e-05 | 1
  9,  6 |   5.3742909629992519e-05 |   5.3742909629992519e-05 | 1
  9,  7 |   4.6140960463389257e-05 |   4.6140960463389257e-05 | 1
  9,  8 |   4.1580170964182568e-05 |   4.1580170964182568e-05 | 1
  9,  9 |   9.4002622923785549e-03 |   9.4002622923785549e-03 | 1
  9, 10 |   3.4088930584693373e-05 |   3.4088930584693373e-05 | 1
  9, 11 |   4.9810961831511016e-05 |   4.9810961831511016e-05 | 1
  9, 12 |   4.4513035701215082e-05 |   4.4513035701215082e-05 | 1
  9, 13 |   1.1595870013673796e-04 |   1.1595870013673796e-04 | 1
  9, 14 |   1.0165660908601046e-04 |   1.0165660908601046e-04 | 1
  9, 15 |   2.5344582939874211e-04 |   2.5344582939874211e-04 | 1
  9, 16 |   4.0510771070726749e-05 |   4.0510771070726749e-05 | 1
  9, 17 |   8.0638355429713909e-05 |   8.0638355429713909e-05 | 1
  9, 18 |   9.0125631898577146e-05 |   9.0125631898577146e-05 | 1
  9, 19 |   9.8509711272566996e-05 |   9.8509711272566996e-05 | 1
  9, 20 |   8.9163422797263535e-05 |   8.9163422797263535e-05 | 1
  9, 21 |   7.8929526669216244e-05 |   7.8929526669216244e-05 | 1
  9, 22 |  -2.3097223074477905e-06 |  -2.3097223074477905e-06 | 1
  9, 23 |   2.6353424447599501e-05 |   2.6353424447599501e-05 | 1
  9, 24 |   6.3883926299445579e-05 |   6.3883926299445579e-05 | 1
  9, 25 |   5.5189860549900060e-05 |   5.5189860549900060e-05 | 1
  9, 26 |   1.2051393500720163e-04 |   1.2051393500720163e-04 | 1
  9, 27 |  -3.2835802180294636e-05 |  -3.2835802180294636e-05 | 1
  9, 28 |   6.2394485002426823e-05 |   6.2394485002426823e-05 | 1
  9, 29 |   9.1994120888697301e-05 |   9.1994120888697301e-05 | 1
  9, 30 |   6.5937538521796345e-05 |   6.5937538521796345e-05 | 1
  9, 31 |   2.3342376404478517e-05 |   2.3342376404478517e-05 | 1
  9, 32 |  -1.5474152562371019e-05 |  -1.5474152562371019e-05 | 1
  9, 33 |   1.1429221924473863e-04 |   1.1429221924473863e-04 | 1
  9, 34 |   2.9453609892998095e-05 |   2.9453609892998095e-05 | 1
  9, 35 |  -6.2153975936156514e-05 |  -6.2153975936156514e-05 | 1
  9, 36 |  -7.5091709470510230e-05 |  -7.5091709470510230e-05 | 1
  9, 37 |  -1.1379032323207962e-04 |  -1.1379032323207962e-04 | 1
  9, 38 |  -9.0297618585415888e-05 |  -9.0297618585415888e-05 | 1
  9, 39 |   0.0000000000000000e+00 |   0.0000000000000000e+00 | 1
 10,  1 |   2.9834081971238288e-05 |   2.9834081971238288e-05 | 1
 10,  2 |   4.0587458320336581e-05 |   4.0587458320336581e-05 | 1
 10,  3 |   3.2772203803924506e-05 |   3.2772203803924506e-05 | 1
 10,  4 |   1.0711829298662396e-04 |   1.0711829298662396e-04 | 1
 10,  5 |  -4.0393685590490694e-05 |  -4.0393685590490694e-05 | 1
 10,  6 |   5.8988928932171004e-06 |   5.8988928932171004e-06 | 1
 10,  7 |   7.3646811001659295e-05 |   7.3646811001659295e-05 | 1
 10,  8 |   1.0209446956090977e-04 |   1.0209446956090977e-04 | 1
 10,  9 |   3.4088930584693373e-05 |   3.4088930584693373e-05 | 1
 10, 10 |   1.9287404860498698e-02 |   1.9287404860498698e-02 | 1
 10, 11 |   1.7088687133776900e-04 |   1.7088687133776900e-04 | 1
 10, 12 |   1.1428341357011060e-04 |   1.1428341357011060e-04 | 1
 10, 13 |   2.7292517607454539e-04 |   2.7292517607454539e-04 | 1
 10, 14 |   1.7287231234716543e-04 |   1.7287231234716543e-04 | 1
 10, 15 |   1.1400281439481309e-03 |   1.1400281439481309e-03 | 1
 10, 16 |   1.4261631351068939e-04 |   1.4261631351068939e-04 | 1
 10, 17 |   5.5795814839480114e-05 |   5.5795814839480114e-05 | 1
 10, 18 |  -1.4491684037191734e-05 |  -1.4491684037191734e-05 | 1
 10, 19 |   2.5373775479571375e-04 |   2.5373775479571375e-04 | 1
 10, 20 |   1.4699596084799738e-04 |   1.4699596084799738e-04 | 1
 10, 21 |  -4.8161723396846821e-05 |  -4.8161723396846821e-05 | 1
 10, 22 |   6.8050299368147297e-05 |   6.8050299368147297e-05 | 1
 10, 23 |   8.3103782660129238e-06 |   8.3103782660129238e-06 | 1
 10, 24 |   1.8283380273603973e-04 |   1.8283380273603973e-04 | 1
 10, 25 |   8.2884016735909643e-05 |   8.2884016735909643e-05 | 1
 10, 26 |   4.3241185639462192e-05 |   4.3241185639462192e-05 | 1
 10, 27 |  -9.9949918674093688e-06 |  -9.9949918674093688e-06 | 1
 10, 28 |   9.2310323712624078e-05 |   9.2310323712624078e-05 | 1
 10, 29 |   1.4004852102094241e-04 |   1.4004852102094241e-04 | 1
 10, 30 |   6.3801325590811549e-05 |   6.3801325590811549e-05 | 1
 10, 31 |   5.6676672143803896e-05 |   5.6676672143803896e-05 | 1
 10, 32 |  -2.9201727889193970e-04 |  -2.9201727889193970e-04 | 1
 10, 33 |   4.1512134644301865e-04 |   4.1512134644301865e-04 | 1
 10, 34 |   1.8985532627485647e-04 |   1.8985532627485647e-04 | 1
 10, 35 |  -7.0473975272355565e-05 |  -7.0473975272355565e-05 | 1
 10, 36 |  -2.4336580313401905e-06 |  -2.4336580313401905e-06 | 1
 10, 37 |  -4.6707841011807374e-06 |  -4.6707841011807374e-06 | 1
 10, 38 |  -7.8037529368996146e-05 |  -7.8037529368996146e-05 | 1
 10, 39 |   0.0000000000000000e+00 |   0.0000000000000000e+00 | 1
 11,  1 |   9.1730015713089878e-05 |   9.1730015713089878e-05 | 1
 11,  2 |   7.3945812204746124e-05 |   7.3945812204746124e-05 | 1
 11,  3 |   9.5628722513134472e-05 |   9.5628722513134472e-05 | 1
 11,  4 |   4.1878876313661712e-05 |   4.1878876313661712e-05 | 1
 11,  5 |  -2.2050410742063809e-05 |  -2.2050410742063809e-05 | 1
 11,  6 |   1.0252340970564358e-04 |   1.0252340970564358e-04 | 1
 11,  7 |   7.3156619887783467e-05 |   7.3156619887783467e-05 | 1
 11,  8 |   1.3958548922647299e-04 |   1.3958548922647299e-04 | 1
 11,  9 |   4.9810961831511016e-05 |   4.9810961831511016e-05 | 1
 11, 10 |   1.7088687133776900e-04 |   1.7088687133776900e-04 | 1
 11, 11 |   2.0089941739643538e-03 |   2.0089941739643538e-03 | 1
 11, 12 |   4.2491080650739919e-04 |   4.2491080650739919e-04 | 1
 11, 13 |  -5.9788626456357304e-04 |  -5.9788626456357304e-04 | 1
 11, 14 |  -2.0615240511800487e-04 |  -2.0615240511800487e-04 | 1
 11, 15 |   9.1007357505834118e-04 |   9.1007357505834118e-04 | 1
 11, 16 |   3.5698473721981468e-04 |   3.5698473721981468e-04 | 1
 11, 17 |   7.7534907409602109e-05 |   7.7534907409602109e-05 | 1
 11, 18 |   1.0080669598651188e-04 |   1.0080669598651188e-04 | 1
 11, 19 |  -6.1138268475247862e-05 |  -6.1138268475247862e-05 | 1
 11, 20 |   2.9346106694241793e-04 |   2.9346106694241793e-04 | 1
 11, 21 |   2.0393298218836155e-04 |   2.0393298218836155e-04 | 1
 11, 22 |   9.6799710316208278e-04 |   9.6799710316208278e-04 | 1
 11, 23 |   1.1367296300026516e-04 |   1.1367296300026516e-04 | 1
 11, 24 |   5.6318235448253270e-04 |   5.6318235448253270e-04 | 1
 11, 25 |   2.3753429694955974e-04 |   2.3753429694955974e-04 | 1
 11, 26 |   1.8452191238080303e-04 |   1.8452191238080303e-04 | 1
 11, 27 |   3.5216566007677361e-03 |   3.5216566007677361e-03 | 1
 11, 28 |   8.7250486486835257e-04 |   8.7250486486835257e-04 | 1
 11, 29 |   8.9024173121658143e-05 |   8.9024173121658143e-05 | 1
 11, 30 |   7.1955039480073400e-04 |   7.1955039480073400e-04 | 1
 11, 31 |   1.1172987812561193e-03 |   1.1172987812561193e-03 | 1
 11, 32 |   1.7967321198103758e-04 |   1.7967321198103758e-04 | 1
 11, 33 |  -3.6621970907343322e-03 |  -3.6621970907343322e-03 | 1
 11, 34 |   1.6799462685765348e-03 |   1.6799462685765348e-03 | 1
 11, 35 |  -1.5211421466870969e-04 |  -1.5211421466870969e-04 | 1
 11, 36 |  -1.1292816482944121e-04 |  -1.1292816482944121e-04 | 1
 11, 37 |  -1.2551324229270053e-04 |  -1.2551324229270053e-04 | 1
 11, 38 |  -9.3777461654521028e-05 |  -9.3777461654521028e-05 | 1
 11, 39 |   0.0000000000000000e+00 |   0.0000000000000000e+00 | 1
 12,  1 |   5.4202547853720662e-05 |   5.4202547853720662e-05 | 1
 12,  2 |   4.8280226525416086e-05 |   4.8280226525416086e-05 | 1
 12,  3 |   5.0561709732340084e-05 |   5.0561709732340084e-05 | 1
 12,  4 |   5.7507195682555748e-05 |   5.7507195682555748e-05 | 1
 12,  5 |   1.7565064669074415e-05 |   1.7565064669074415e-05 | 1
 12,  6 |   2.4949772521194768e-05 |   2.4949772521194768e-05 | 1
 12,  7 |   5.8717317037429133e-05 |   5.8717317037429133e-05 | 1
 12,  8 |   6.0547146452015745e-05 |   6.0547146452015745e-05 | 1
 12,  9 |   4.4513035701215082e-05 |   4.4513035701215082e-05 | 1
 12, 10 |   1.1428341357011060e-04 |   1.1428341357011060e-04 | 1
 12, 11 |   4.2491080650739919e-04 |   4.2491080650739919e-04 | 1
 12, 12 |   1.4404712133499862e-02 |   1.4404712133499862e-02 | 1
 12, 13 |  -1.0193949367859709e-05 |  -1.0193949367859709e-05 | 1
 12, 14 |   4.0350040734247659e-05 |   4.0350040734247659e-05 | 1
 12, 15 |   4.5243623950517791e-04 |   4.5243623950517791e-04 | 1
 12, 16 |   1.1688574998702263e-04 |   1.1688574998702263e-04 | 1
 12, 17 |   6.4268289473000436e-05 |   6.4268289473000436e-05 | 1
 12, 18 |   5.0238624120966574e-05 |   5.0238624120966574e-05 | 1
 12, 19 |   7.9244587034980863e-05 |   7.9244587034980863e-05 | 1
 12, 20 |   1.2209217238269096e-04 |   1.2209217238269096e-04 | 1
 12, 21 |   5.9922948841078807e-05 |   5.9922948841078807e-05 | 1
 12, 22 |   1.9610388649662994e-04 |   1.9610388649662994e-04 | 1
 12, 23 |   4.0699229525236102e-05 |   4.0699229525236102e-05 | 1
 12, 24 |   1.6442129000609844e-04 |   1.6442129000609844e-04 | 1
 12, 25 |   8.8723270270371022e-05 |   8.8723270270371022e-05 | 1
 12, 26 |   8.9511441621755120e-05 |   8.9511441621755120e-05 | 1
 12, 27 |   6.4658413503734823e-04 |   6.4658413503734823e-04 | 1
 12, 28 |   2.2017601622801482e-04 |   2.2017601622801482e-04 | 1
 12, 29 |   9.3221177698574653e-05 |   9.3221177698574653e-05 | 1
 12, 30 |   1.7348827435999833e-04 |   1.7348827435999833e-04 | 1
 12, 31 |   2.5030704356078688e-04 |   2.5030704356078688e-04 | 1
 12, 32 |  -2.9420897037814946e-05 |  -2.9420897037814946e-05 | 1
 12, 33 |  -5.7378558526230796e-04 |  -5.7378558526230796e-04 | 1
 12, 34 |   3.7672796906242843e-04 |   3.7672796906242843e-04 | 1
 12, 35 |  -5.7599169338467377e-05 |  -5.7599169338467377e-05 | 1
 12, 36 |  -6.8965114826063684e-05 |  -6.8965114826063684e-05 | 1
 12, 37 |  -6.0121430956915671e-05 |  -6.0121430956915671e-05 | 1
 12, 38 |  -9.9051185297072863e-05 |  -9.9051185297072863e-05 | 1
 12, 39 |   0.0000000000000000e+00 |   0.0000000000000000e+00 | 1
 13,  1 |   8.5380814680998402e-05 |   8.5380814680998402e-05 | 1
 13,  2 |   1.0707900970192646e-04 |   1.0707900970192646e-04 | 1
 13,  3 |   6.9373541577982399e-05 |   6.9373541577982399e-05 | 1
 13,  4 |   1.7409332237764726e-04 |   1.7409332237764726e-04 | 1
 13,  5 |   4.3601228363827419e-05 |   4.3601228363827419e-05 | 1
 13,  6 |   3.3324880009900272e-05 |   3.3324880009900272e-05 | 1
 13,  7 |   1.0846908232564442e-04 |   1.0846908232564442e-04 | 1
 13,  8 |   9.7945638141686450e-05 |   9.7945638141686450e-05 | 1
 13,  9 |   1.1595870013673796e-04 |   1.1595870013673796e-04 | 1
 13, 10 |   2.7292517607454539e-04 |   2.7292517607454539e-04 | 1
 13, 11 |  -5.9788626456357304e-04 |  -5.9788626456357304e-04 | 1
 13, 12 |  -1.0193949367859709e-05 |  -1.0193949367859709e-05 | 1
 13, 13 |   1.7088184381217866e-02 |   1.7088184381217866e-02 | 1
 13, 14 |   3.6830739771046022e-04 |   3.6830739771046022e-04 | 1
 13, 15 |   1.0632384766355511e-03 |   1.0632384766355511e-03 | 1
 13, 16 |   3.5187895339308566e-05 |   3.5187895339308566e-05 | 1
 13, 17 |   1.3290035219477018e-04 |   1.3290035219477018e-04 | 1
 13, 18 |   1.0289973339920591e-04 |   1.0289973339920591e-04 | 1
 13, 19 |   3.6994594580502007e-04 |   3.6994594580502007e-04 | 1
 13, 20 |   1.1907066093678915e-04 |   1.1907066093678915e-04 | 1
 13, 21 |   7.5999243188812600e-06 |   7.5999243188812600e-06 | 1
 13, 22 |  -2.9012954574135356e-04 |  -2.9012954574135356e-04 | 1
 13, 23 |   3.8253843162020578e-05 |   3.8253843162020578e-05 | 1
 13, 24 |   1.1184247751540193e-05 |   1.1184247751540193e-05 | 1
 13, 25 |   6.8041307811555820e-05 |   6.8041307811555820e-05 | 1
 13, 26 |   1.3306274081679748e-04 |   1.3306274081679748e-04 | 1
 13, 27 |  -1.5048179369397305e-03 |  -1.5048179369397305e-03 | 1
 13, 28 |  -1.8541398534062395e-04 |  -1.8541398534062395e-04 | 1
 13, 29 |   2.0596664366202919e-04 |   2.0596664366202919e-04 | 1
 13, 30 |  -1.3044893112259759e-04 |  -1.3044893112259759e-04 | 1
 13, 31 |  -3.6273739474871019e-04 |  -3.6273739474871019e-04 | 1
 13, 32 |  -3.4202500913930014e-04 |  -3.4202500913930014e-04 | 1
 13, 33 |   2.0171901144466547e-03 |   2.0171901144466547e-03 | 1
 13, 34 |  -4.8440998286952545e-04 |  -4.8440998286952545e-04 | 1
 13, 35 |  -1.0767279101269971e-04 |  -1.0767279101269971e-04 | 1
 13, 36 |  -1.0229759206350788e-04 |  -1.0229759206350788e-04 | 1
 13, 37 |  -1.1855841498783595e-04 |  -1.1855841498783595e-04 | 1
 13, 38 |  -1.1269387184436889e-04 |  -1.1269387184436889e-04 | 1
 13, 39 |   0.0000000000000000e+00 |   0.0000000000000000e+00 | 1
 14,  1 |   8.2508787422461887e-05 |   8.2508787422461887e-05 | 1
 14,  2 |   9.6281013018058049e-05 |   9.6281013018058049e-05 | 1
 14,  3 |   6.4804209608530645e-05 |   6.4804209608530645e-05 | 1
 14,  4 |   1.2946876450411216e-04 |   1.2946876450411216e-04 | 1
 14,  5 |   4.1584271804391420e-05 |   4.1584271804391420e-05 | 1
 14,  6 |   5.2633282003240599e-05 |   5.2633282003240599e-05 | 1
 14,  7 |   8.4130672495878343e-05 |   8.4130672495878343e-05 | 1
 14,  8 |   8.2544200149707817e-05 |   8.2544200149707817e-05 | 1
 14,  9 |   1.0165660908601046e-04 |   1.0165660908601046e-04 | 1
 14, 10 |   1.7287231234716543e-04 |   1.7287231234716543e-04 | 1
 14, 11 |  -2.0615240511800487e-04 |  -2.0615240511800487e-04 | 1
 14, 12 |   4.0350040734247659e-05 |   4.0350040734247659e-05 | 1
 14, 13 |   3.6830739771046022e-04 |   3.6830739771046022e-04 | 1
 14, 14 |   1.5308223437492437e-02 |   1.5308223437492437e-02 | 1
 14, 15 |   8.3114476246339789e-04 |   8.3114476246339789e-04 | 1
 14, 16 |   5.6921591247607845e-05 |   5.6921591247607845e-05 | 1
 14, 17 |   1.1663830623497210e-04 |   1.1663830623497210e-04 | 1
 14, 18 |   1.1541053384837479e-04 |   1.1541053384837479e-04 | 1
 14, 19 |   2.5270974038034898e-04 |   2.5270974038034898e-04 | 1
 14, 20 |   1.1801810818104617e-04 |   1.1801810818104617e-04 | 1
 14, 21 |   5.0742474268883480e-05 |   5.0742474268883480e-05 | 1
 14, 22 |  -1.0151670425363388e-04 |  -1.0151670425363388e-04 | 1
 14, 23 |   2.4712671322945750e-05 |   2.4712671322945750e-05 | 1
 14, 24 |   6.2750372257449699e-05 |   6.2750372257449699e-05 | 1
 14, 25 |   8.2376236714767022e-05 |   8.2376236714767022e-05 | 1
 14, 26 |   1.5097000105033522e-04 |   1.5097000105033522e-04 | 1
 14, 27 |  -6.8053949370595695e-04 |  -6.8053949370595695e-04 | 1
 14, 28 |  -2.6098173645028749e-05 |  -2.6098173645028749e-05 | 1
 14, 29 |   1.5939090815663968e-04 |   1.5939090815663968e-04 | 1
 14, 30 |   6.3881886429972443e-06 |   6.3881886429972443e-06 | 1
 14, 31 |  -1.3582138096718738e-04 |  -1.3582138096718738e-04 | 1
 14, 32 |  -1.9165366255607393e-04 |  -1.9165366255607393e-04 | 1
 14, 33 |   1.0012630427547601e-03 |   1.0012630427547601e-03 | 1
 14, 34 |  -1.7343432830768608e-04 |  -1.7343432830768608e-04 | 1
 14, 35 |  -8.5895370331852075e-05 |  -8.5895370331852075e-05 | 1
 14, 36 |  -1.1155122249892516e-04 |  -1.1155122249892516e-04 | 1
 14, 37 |  -1.4398094296693271e-04 |  -1.4398094296693271e-04 | 1
 14, 38 |  -8.3608699146235768e-05 |  -8.3608699146235768e-05 | 1
 14, 39 |   0.0000000000000000e+00 |   0.0000000000000000e+00 | 1
 15,  1 |   1.2793877920957964e-04 |   1.2793877920957964e-04 | 1
 15,  2 |   2.6819645750396294e-04 |   2.6819645750396294e-04 | 1
 15,  3 |   1.0985382026998691e-04 |   1.0985382026998691e-04 | 1
 15,  4 |   4.9748014649219035e-04 |   4.9748014649219035e-04 | 1
 15,  5 |  -5.1984437445403082e-04 |  -5.1984437445403082e-04 | 1
 15,  6 |  -2.6258085274655526e-05 |  -2.6258085274655526e-05 | 1
 15,  7 |   3.1717063482263204e-04 |   3.1717063482263204e-04 | 1
 15,  8 |   4.1108952679666511e-04 |   4.1108952679666511e-04 | 1
 15,  9 |   2.5344582939874211e-04 |   2.5344582939874211e-04 | 1
 15, 10 |   1.1400281439481309e-03 |   1.1400281439481309e-03 | 1
 15, 11 |   9.1007357505834118e-04 |   9.1007357505834118e-04 | 1
 15, 12 |   4.5243623950517791e-04 |   4.5243623950517791e-04 | 1
 15, 13 |   1.0632384766355511e-03 |   1.0632384766355511e-03 | 1
 15, 14 |   8.3114476246339789e-04 |   8.3114476246339789e-04 | 1
 15, 15 |   2.7014974844048942e-02 |   2.7014974844048942e-02 | 1
 15, 16 |   6.3261998963899191e-04 |   6.3261998963899191e-04 | 1
 15, 17 |   2.6031708627232477e-04 |   2.6031708627232477e-04 | 1
 15, 18 |   1.8956672075746189e-04 |   1.8956672075746189e-04 | 1
 15, 19 |   1.1114217465199592e-03 |   1.1114217465199592e-03 | 1
 15, 20 |   5.8092518434044301e-04 |   5.8092518434044301e-04 | 1
 15, 21 |  -1.4656820138528776e-04 |  -1.4656820138528776e-04 | 1
 15, 22 |   4.0627730747156148e-04 |   4.0627730747156148e-04 | 1
 15, 23 |  -7.4925509847232390e-05 |  -7.4925509847232390e-05 | 1
 15, 24 |   7.0133687725832555e-04 |   7.0133687725832555e-04 | 1
 15, 25 |   3.9157721274169085e-04 |   3.9157721274169085e-04 | 1
 15, 26 |   3.4829744536424214e-04 |   3.4829744536424214e-04 | 1
 15, 27 |   7.2907750444053726e-05 |   7.2907750444053726e-05 | 1
 15, 28 |   4.9034874373312005e-04 |   4.9034874373312005e-04 | 1
 15, 29 |   6.0105676882170334e-04 |   6.0105676882170334e-04 | 1
 15, 30 |   4.4028492305324418e-04 |   4.4028492305324418e-04 | 1
 15, 31 |   2.4850315003319340e-04 |   2.4850315003319340e-04 | 1
 15, 32 |  -1.2181577203201400e-03 |  -1.2181577203201400e-03 | 1
 15, 33 |   1.6328505295783689e-03 |   1.6328505295783689e-03 | 1
 15, 34 |   8.3789467662215332e-04 |   8.3789467662215332e-04 | 1
 15, 35 |  -3.3604165615211715e-04 |  -3.3604165615211715e-04 | 1
 15, 36 |  -2.7737557233415615e-04 |  -2.7737557233415615e-04 | 1
 15, 37 |  -2.3912330743673248e-04 |  -2.3912330743673248e-04 | 1
 15, 38 |   1.0014785363125363e-04 |   1.0014785363125363e-04 | 1
 15, 39 |   0.0000000000000000e+00 |   0.0000000000000000e+00 | 1
 16,  1 |   4.1799891555559831e-05 |   4.1799891555559831e-05 | 1
 16,  2 |   4.5881066100333693e-05 |   4.5881066100333693e-05 | 1
 16,  3 |   3.9147479433227517e-05 |   3.9147479433227517e-05 | 1
 16,  4 |   6.2065403294244418e-05 |   6.2065403294244418e-05 | 1
 16,  5 |  -2.4922474888438848e-05 |  -2.4922474888438848e-05 | 1
 16,  6 |   2.4487657120250999e-05 |   2.4487657120250999e-05 | 1
 16,  7 |   5.7464371703080828e-05 |   5.7464371703080828e-05 | 1
 16,  8 |   6.6183810462893100e-05 |   6.6183810462893100e-05 | 1
 16,  9 |   4.0510771070726749e-05 |   4.0510771070726749e-05 | 1
 16, 10 |   1.4261631351068939e-04 |   1.4261631351068939e-04 | 1
 16, 11 |   3.5698473721981468e-04 |   3.5698473721981468e-04 | 1
 16, 12 |   1.1688574998702263e-04 |   1.1688574998702263e-04 | 1
 16, 13 |   3.5187895339308566e-05 |   3.5187895339308566e-05 | 1
 16, 14 |   5.6921591247607845e-05 |   5.6921591247607845e-05 | 1
 16, 15 |   6.3261998963899191e-04 |   6.3261998963899191e-04 | 1
 16, 16 |   2.9344703751587324e-03 |   2.9344703751587324e-03 | 1
 16, 17 |   5.4454271351456330e-05 |   5.4454271351456330e-05 | 1
 16, 18 |   4.3001623778959594e-05 |   4.3001623778959594e-05 | 1
 16, 19 |   1.0212995884797580e-04 |   1.0212995884797580e-04 | 1
 16, 20 |   1.1048045523784513e-04 |   1.1048045523784513e-04 | 1
 16, 21 |   3.1208228118400075e-05 |   3.1208228118400075e-05 | 1
 16, 22 |   1.7069784685594137e-04 |   1.7069784685594137e-04 | 1
 16, 23 |   1.9188541592992374e-05 |   1.9188541592992374e-05 | 1
 16, 24 |   1.5392125587463204e-04 |   1.5392125587463204e-04 | 1
 16, 25 |   8.4301867373367322e-05 |   8.4301867373367322e-05 | 1
 16, 26 |   7.4291437872924223e-05 |   7.4291437872924223e-05 | 1
 16, 27 |   4.8454992867040774e-04 |   4.8454992867040774e-04 | 1
 16, 28 |   1.8109275628199530e-04 |   1.8109275628199530e-04 | 1
 16, 29 |   8.7634367634643710e-05 |   8.7634367634643710e-05 | 1
 16, 30 |   1.4899720454326443e-04 |   1.4899720454326443e-04 | 1
 16, 31 |   1.9427134339504624e-04 |   1.9427134339504624e-04 | 1
 16, 32 |  -8.0764072472179084e-05 |  -8.0764072472179084e-05 | 1
 16, 33 |  -3.4717554481188020e-04 |  -3.4717554481188020e-04 | 1
 16, 34 |   3.1463044581994887e-04 |   3.1463044581994887e-04 | 1
 16, 35 |  -5.3472831195721151e-05 |  -5.3472831195721151e-05 | 1
 16, 36 |  -5.8067705799485369e-05 |  -5.8067705799485369e-05 | 1
 16, 37 |  -5.6556147703182034e-05 |  -5.6556147703182034e-05 | 1
 16, 38 |  -4.9607276660860943e-05 |  -4.9607276660860943e-05 | 1
 16, 39 |   0.0000000000000000e+00 |   0.0000000000000000e+00 | 1
 17,  1 |   8.9850669019170834e-05 |   8.9850669019170834e-05 | 1
 17,  2 |   8.0450745764168875e-05 |   8.0450745764168875e-05 | 1
 17,  3 |   7.2430277931157387e-05 |   7.2430277931157387e-05 | 1
 17,  4 |   8.1702618820770788e-05 |   8.1702618820770788e-05 | 1
 17,  5 |   1.1713077424398420e-04 |   1.1713077424398420e-04 | 1
 17,  6 |   6.4076922113558648e-05 |   6.4076922113558648e-05 | 1
 17,  7 |   6.0181342635048811e-05 |   6.0181342635048811e-05 | 1
 17,  8 |   5.3607684104150156e-05 |   5.3607684104150156e-05 | 1
 17,  9 |   8.0638355429713909e-05 |   8.0638355429713909e-05 | 1
 17, 10 |   5.5795814839480114e-05 |   5.5795814839480114e-05 | 1
 17, 11 |   7.7534907409602109e-05 |   7.7534907409602109e-05 | 1
 17, 12 |   6.4268289473000436e-05 |   6.4268289473000436e-05 | 1
 17, 13 |   1.3290035219477018e-04 |   1.3290035219477018e-04 | 1
 17, 14 |   1.1663830623497210e-04 |   1.1663830623497210e-04 | 1
 17, 15 |   2.6031708627232477e-04 |   2.6031708627232477e-04 | 1
 17, 16 |   5.4454271351456330e-05 |   5.4454271351456330e-05 | 1
 17, 17 |   4.1943675611389357e-03 |   4.1943675611389357e-03 | 1
 17, 18 |   1.1258319727815546e-04 |   1.1258319727815546e-04 | 1
 17, 19 |   1.1451724360242926e-04 |   1.1451724360242926e-04 | 1
 17, 20 |   1.1705913157062101e-04 |   1.1705913157062101e-04 | 1
 17, 21 |   1.0643920519592986e-04 |   1.0643920519592986e-04 | 1
 17, 22 |   2.5402584791317244e-05 |   2.5402584791317244e-05 | 1
 17, 23 |   6.4127067430975494e-05 |   6.4127067430975494e-05 | 1
 17, 24 |   8.6301070354731182e-05 |   8.6301070354731182e-05 | 1
 17, 25 |   7.5890264007256330e-05 |   7.5890264007256330e-05 | 1
 17, 26 |   1.5790397868910424e-04 |   1.5790397868910424e-04 | 1
 17, 27 |   9.7857988452759704e-07 |   9.7857988452759704e-07 | 1
 17, 28 |   9.1388815360966434e-05 |   9.1388815360966434e-05 | 1
 17, 29 |   1.1570657257257282e-04 |   1.1570657257257282e-04 | 1
 17, 30 |   9.1181944407360576e-05 |   9.1181944407360576e-05 | 1
 17, 31 |   5.1676623591383661e-05 |   5.1676623591383661e-05 | 1
 17, 32 |  -7.4760224046855390e-06 |  -7.4760224046855390e-06 | 1
 17, 33 |   8.1045020151907453e-05 |   8.1045020151907453e-05 | 1
 17, 34 |   6.0983965459131880e-05 |   6.0983965459131880e-05 | 1
 17, 35 |  -7.9056963848512732e-05 |  -7.9056963848512732e-05 | 1
 17, 36 |  -1.1166068220712570e-04 |  -1.1166068220712570e-04 | 1
 17, 37 |  -1.3496490889541344e-04 |  -1.3496490889541344e-04 | 1
 17, 38 |  -1.3762728115051227e-04 |  -1.3762728115051227e-04 | 1
 17, 39 |   0.0000000000000000e+00 |   0.0000000000000000e+00 | 1
 18,  1 |   1.0251546500286259e-04 |   1.0251546500286259e-04 | 1
 18,  2 |   9.3969007493094640e-05 |   9.3969007493094640e-05 | 1
 18,  3 |   7.8459076024198047e-05 |   7.8459076024198047e-05 | 1
 18,  4 |   8.1701910746914688e-05 |   8.1701910746914688e-05 | 1
 18,  5 |   1.5067734186893493e-04 |   1.5067734186893493e-04 | 1
 18,  6 |   7.6512182313318917e-05 |   7.6512182313318917e-05 | 1
 18,  7 |   4.6449199075013868e-05 |   4.6449199075013868e-05 | 1
 18,  8 |   4.4643598292792722e-05 |   4.4643598292792722e-05 | 1
 18,  9 |   9.0125631898577146e-05 |   9.0125631898577146e-05 | 1
 18, 10 |  -1.4491684037191734e-05 |  -1.4491684037191734e-05 | 1
 18, 11 |   1.0080669598651188e-04 |   1.0080669598651188e-04 | 1
 18, 12 |   5.0238624120966574e-05 |   5.0238624120966574e-05 | 1
 18, 13 |   1.0289973339920591e-04 |   1.0289973339920591e-04 | 1
 18, 14 |   1.1541053384837479e-04 |   1.1541053384837479e-04 | 1
 18, 15 |   1.8956672075746189e-04 |   1.8956672075746189e-04 | 1
 18, 16 |   4.3001623778959594e-05 |   4.3001623778959594e-05 | 1
 18, 17 |   1.1258319727815546e-04 |   1.1258319727815546e-04 | 1
 18, 18 |   1.9143346116833201e-02 |   1.9143346116833201e-02 | 1
 18, 19 |   9.9406431575703495e-05 |   9.9406431575703495e-05 | 1
 18, 20 |   1.2549175806265010e-04 |   1.2549175806265010e-04 | 1
 18, 21 |   1.3319765944113304e-04 |   1.3319765944113304e-04 | 1
 18, 22 |   2.2743898136135534e-05 |   2.2743898136135534e-05 | 1
 18, 23 |   7.0121913453017140e-05 |   7.0121913453017140e-05 | 1
 18, 24 |   7.7463082485092189e-05 |   7.7463082485092189e-05 | 1
 18, 25 |   6.9559053877853435e-05 |   6.9559053877853435e-05 | 1
 18, 26 |   2.0161865453910183e-04 |   2.0161865453910183e-04 | 1
 18, 27 |   5.5441610952696596e-05 |   5.5441610952696596e-05 | 1
 18, 28 |   1.0303375180954663e-04 |   1.0303375180954663e-04 | 1
 18, 29 |   1.0894816219368642e-04 |   1.0894816219368642e-04 | 1
 18, 30 |   1.0698122371886034e-04 |   1.0698122371886034e-04 | 1
 18, 31 |   4.5389200542928911e-05 |   4.5389200542928911e-05 | 1
 18, 32 |   5.0364386466635977e-05 |   5.0364386466635977e-05 | 1
 18, 33 |  -2.9353402638135847e-05 |  -2.9353402638135847e-05 | 1
 18, 34 |   5.5832049688142113e-05 |   5.5832049688142113e-05 | 1
 18, 35 |  -1.0669585062228075e-04 |  -1.0669585062228075e-04 | 1
 18, 36 |  -1.4481336880467325e-04 |  -1.4481336880467325e-04 | 1
 18, 37 |  -1.6600884954893940e-04 |  -1.6600884954893940e-04 | 1
 18, 38 |  -1.2109600628588580e-04 |  -1.2109600628588580e-04 | 1
 18, 39 |   0.0000000000000000e+00 |   0.0000000000000000e+00 | 1
 19,  1 |   7.5647069367110488e-05 |   7.5647069367110488e-05 | 1
 19,  2 |   9.5198613406662953e-05 |   9.5198613406662953e-05 | 1
 19,  3 |   6.1909296320909196e-05 |   6.1909296320909196e-05 | 1
 19,  4 |   1.4107501880949270e-04 |   1.4107501880949270e-04 | 1
 19,  5 |   5.1171654981440973e-09 |   5.1171654981440973e-09 | 1
 19,  6 |   5.0821341298258352e-05 |   5.0821341298258352e-05 | 1
 19,  7 |   1.0056437452829703e-04 |   1.0056437452829703e-04 | 1
 19,  8 |   1.0561656913938842e-04 |   1.0561656913938842e-04 | 1
 19,  9 |   9.8509711272566996e-05 |   9.8509711272566996e-05 | 1
 19, 10 |   2.5373775479571375e-04 |   2.5373775479571375e-04 | 1
 19, 11 |  -6.1138268475247862e-05 |  -6.1138268475247862e-05 | 1
 19, 12 |   7.9244587034980863e-05 |   7.9244587034980863e-05 | 1
 19, 13 |   3.6994594580502007e-04 |   3.6994594580502007e-04 | 1
 19, 14 |   2.5270974038034898e-04 |   2.5270974038034898e-04 | 1
 19, 15 |   1.1114217465199592e-03 |   1.1114217465199592e-03 | 1
 19, 16 |   1.0212995884797580e-04 |   1.0212995884797580e-04 | 1
 19, 17 |   1.1451724360242926e-04 |   1.1451724360242926e-04 | 1
 19, 18 |   9.9406431575703495e-05 |   9.9406431575703495e-05 | 1
 19, 19 |   1.9196052093861857e-02 |   1.9196052093861857e-02 | 1
 19, 20 |   1.4010406928003494e-04 |   1.4010406928003494e-04 | 1
 19, 21 |   5.1540305746026178e-05 |   5.1540305746026178e-05 | 1
 19, 22 |  -3.0665801181926776e-05 |  -3.0665801181926776e-05 | 1
 19, 23 |   3.0565189145261841e-05 |   3.0565189145261841e-05 | 1
 19, 24 |   1.1889212343369977e-04 |   1.1889212343369977e-04 | 1
 19, 25 |   1.0383401357300097e-04 |   1.0383401357300097e-04 | 1
 19, 26 |   1.3238803099131861e-04 |   1.3238803099131861e-04 | 1
 19, 27 |  -4.7814489136199865e-04 |  -4.7814489136199865e-04 | 1
 19, 28 |   2.6278323849350289e-05 |   2.6278323849350289e-05 | 1
 19, 29 |   1.7813330445473033e-04 |   1.7813330445473033e-04 | 1
 19, 30 |   4.8869212864922421e-05 |   4.8869212864922421e-05 | 1
 19, 31 |  -6.2601309485650085e-05 |  -6.2601309485650085e-05 | 1
 19, 32 |  -2.5344403709332290e-04 |  -2.5344403709332290e-04 | 1
 19, 33 |   8.8016898435349430e-04 |   8.8016898435349430e-04 | 1
 19, 34 |  -4.3365566440334771e-05 |  -4.3365566440334771e-05 | 1
 19, 35 |  -9.6514296805253109e-05 |  -9.6514296805253109e-05 | 1
 19, 36 |  -9.0552177772619253e-05 |  -9.0552177772619253e-05 | 1
 19, 37 |  -1.3089420274843024e-04 |  -1.3089420274843024e-04 | 1
 19, 38 |  -7.3731547021587670e-05 |  -7.3731547021587670e-05 | 1
 19, 39 |   0.0000000000000000e+00 |   0.0000000000000000e+00 | 1
 20,  1 |   1.0221759798562156e-04 |   1.0221759798562156e-04 | 1
 20,  2 |   9.8772673769247814e-05 |   9.8772673769247814e-05 | 1
 20,  3 |   9.1083744437062066e-05 |   9.1083744437062066e-05 | 1
 20,  4 |   1.0873817058943975e-04 |   1.0873817058943975e-04 | 1
 20,  5 |   8.3349128851839251e-05 |   8.3349128851839251e-05 | 1
 20,  6 |   6.9523276731254087e-05 |   6.9523276731254087e-05 | 1
 20,  7 |   9.2576619495592848e-05 |   9.2576619495592848e-05 | 1
 20,  8 |   9.1117729011880148e-05 |   9.1117729011880148e-05 | 1
 20,  9 |   8.9163422797263535e-05 |   8.9163422797263535e-05 | 1
 20, 10 |   1.4699596084799738e-04 |   1.4699596084799738e-04 | 1
 20, 11 |   2.9346106694241793e-04 |   2.9346106694241793e-04 | 1
 20, 12 |   1.2209217238269096e-04 |   1.2209217238269096e-04 | 1
 20, 13 |   1.1907066093678915e-04 |   1.1907066093678915e-04 | 1
 20, 14 |   1.1801810818104617e-04 |   1.1801810818104617e-04 | 1
 20, 15 |   5.8092518434044301e-04 |   5.8092518434044301e-04 | 1
 20, 16 |   1.1048045523784513e-04 |   1.1048045523784513e-04 | 1
 20, 17 |   1.1705913157062101e-04 |   1.1705913157062101e-04 | 1
 20, 18 |   1.2549175806265010e-04 |   1.2549175806265010e-04 | 1
 20, 19 |   1.4010406928003494e-04 |   1.4010406928003494e-04 | 1
 20, 20 |   9.5569962531496782e-03 |   9.5569962531496782e-03 | 1
 20, 21 |   1.1286210000574986e-04 |   1.1286210000574986e-04 | 1
 20, 22 |   1.3744997310030413e-04 |   1.3744997310030413e-04 | 1
 20, 23 |   1.0175941682228371e-04 |   1.0175941682228371e-04 | 1
 20, 24 |   1.6766918804758733e-04 |   1.6766918804758733e-04 | 1
 20, 25 |   1.1195694614797336e-04 |   1.1195694614797336e-04 | 1
 20, 26 |   1.5816426445578949e-04 |   1.5816426445578949e-04 | 1
 20, 27 |   3.1138224000445513e-04 |   3.1138224000445513e-04 | 1
 20, 28 |   1.8090887056319491e-04 |   1.8090887056319491e-04 | 1
 20, 29 |   1.4084260916889267e-04 |   1.4084260916889267e-04 | 1
 20, 30 |   1.5889398842945668e-04 |   1.5889398842945668e-04 | 1
 20, 31 |   1.6538107304242550e-04 |   1.6538107304242550e-04 | 1
 20, 32 |  -4.3701860966436688e-05 |  -4.3701860966436688e-05 | 1
 20, 33 |  -1.7089950879544877e-04 |  -1.7089950879544877e-04 | 1
 20, 34 |   2.4299689025376843e-04 |   2.4299689025376843e-04 | 1
 20, 35 |  -1.3847418669650480e-04 |  -1.3847418669650480e-04 | 1
 20, 36 |  -1.2779000653005283e-04 |  -1.2779000653005283e-04 | 1
 20, 37 |  -1.2565110032200651e-04 |  -1.2565110032200651e-04 | 1
 20, 38 |  -1.3645866706786338e-04 |  -1.3645866706786338e-04 | 1
 20, 39 |   0.0000000000000000e+00 |   0.0000000000000000e+00 | 1
 21,  1 |   1.0546829980596558e-04 |   1.0546829980596558e-04 | 1
 21,  2 |   7.8689657563702279e-05 |   7.8689657563702279e-05 | 1
 21,  3 |   7.7331078350269315e-05 |   7.7331078350269315e-05 | 1
 21,  4 |   5.0273938477967672e-05 |   5.0273938477967672e-05 | 1
 21,  5 |   2.4782227380726937e-04 |   2.4782227380726937e-04 | 1
 21,  6 |   1.1358033538490200e-04 |   1.1358033538490200e-04 | 1
 21,  7 |   2.7038465666317248e-05 |   2.7038465666317248e-05 | 1
 21,  8 |   3.7529638991888820e-05 |   3.7529638991888820e-05 | 1
 21,  9 |   7.8929526669216244e-05 |   7.8929526669216244e-05 | 1
 21, 10 |  -4.8161723396846821e-05 |  -4.8161723396846821e-05 | 1
 21, 11 |   2.0393298218836155e-04 |   2.0393298218836155e-04 | 1
 21, 12 |   5.9922948841078807e-05 |   5.9922948841078807e-05 | 1
 21, 13 |   7.5999243188812600e-06 |   7.5999243188812600e-06 | 1
 21, 14 |   5.0742474268883480e-05 |   5.0742474268883480e-05 | 1
 21, 15 |  -1.4656820138528776e-04 |  -1.4656820138528776e-04 | 1
 21, 16 |   3.1208228118400075e-05 |   3.1208228118400075e-05 | 1
 21, 17 |   1.0643920519592986e-04 |   1.0643920519592986e-04 | 1
 21, 18 |   1.3319765944113304e-04 |   1.3319765944113304e-04 | 1
 21, 19 |   5.1540305746026178e-05 |   5.1540305746026178e-05 | 1
 21, 20 |   1.1286210000574986e-04 |   1.1286210000574986e-04 | 1
 21, 21 |   5.4940171401617263e-02 |   5.4940171401617263e-02 | 1
 21, 22 |   7.0261406233863263e-05 |   7.0261406233863263e-05 | 1
 21, 23 |   7.7539395919611526e-05 |   7.7539395919611526e-05 | 1
 21, 24 |   9.2731096083488148e-05 |   9.2731096083488148e-05 | 1
 21, 25 |   6.8793106589267161e-05 |   6.8793106589267161e-05 | 1
 21, 26 |   1.9771187087955710e-04 |   1.9771187087955710e-04 | 1
 21, 27 |   3.1304196765499635e-04 |   3.1304196765499635e-04 | 1
 21, 28 |   1.2213724284672062e-04 |   1.2213724284672062e-04 | 1
 21, 29 |   8.7051850700588549e-05 |   8.7051850700588549e-05 | 1
 21, 30 |   1.4892511137043379e-04 |   1.4892511137043379e-04 | 1
 21, 31 |   1.1231430946253633e-04 |   1.1231430946253633e-04 | 1
 21, 32 |   1.3328692749328252e-04 |   1.3328692749328252e-04 | 1
 21, 33 |  -3.7733883967374163e-04 |  -3.7733883967374163e-04 | 1
 21, 34 |   1.2778456373253392e-04 |   1.2778456373253392e-04 | 1
 21, 35 |  -8.7452006043685154e-05 |  -8.7452006043685154e-05 | 1
 21, 36 |  -8.2942464464770890e-05 |  -8.2942464464770890e-05 | 1
 21, 37 |  -1.9577898518819044e-04 |  -1.9577898518819044e-04 | 1
 21, 38 |  -1.7119193250090663e-04 |  -1.7119193250090663e-04 | 1
 21, 39 |   0.0000000000000000e+00 |   0.0000000000000000e+00 | 1
 22,  1 |   2.9636753466859650e-05 |   2.9636753466859650e-05 | 1
 22,  2 |   1.8601712975628783e-05 |   1.8601712975628783e-05 | 1
 22,  3 |   3.0642942876640150e-05 |   3.0642942876640150e-05 | 1
 22,  4 |   7.1049417227322150e-06 |   7.1049417227322150e-06 | 1
 22,  5 |   1.1443925978490262e-06 |   1.1443925978490262e-06 | 1
 22,  6 |   3.5617917404630698e-05 |   3.5617917404630698e-05 | 1
 22,  7 |   3.0418696212795212e-05 |   3.0418696212795212e-05 | 1
 22,  8 |   5.8492437662684003e-05 |   5.8492437662684003e-05 | 1
 22,  9 |  -2.3097223074477905e-06 |  -2.3097223074477905e-06 | 1
 22, 10 |   6.8050299368147297e-05 |   6.8050299368147297e-05 | 1
 22, 11 |   9.6799710316208278e-04 |   9.6799710316208278e-04 | 1
 22, 12 |   1.9610388649662994e-04 |   1.9610388649662994e-04 | 1
 22, 13 |  -2.9012954574135356e-04 |  -2.9012954574135356e-04 | 1
 22, 14 |  -1.0151670425363388e-04 |  -1.0151670425363388e-04 | 1
 22, 15 |   4.0627730747156148e-04 |   4.0627730747156148e-04 | 1
 22, 16 |   1.7069784685594137e-04 |   1.7069784685594137e-04 | 1
 22, 17 |   2.5402584791317244e-05 |   2.5402584791317244e-05 | 1
 22, 18 |   2.2743898136135534e-05 |   2.2743898136135534e-05 | 1
 22, 19 |  -3.0665801181926776e-05 |  -3.0665801181926776e-05 | 1
 22, 20 |   1.3744997310030413e-04 |   1.3744997310030413e-04 | 1
 22, 21 |   7.0261406233863263e-05 |   7.0261406233863263e-05 | 1
 22, 22 |   5.0192060676359646e-02 |   5.0192060676359646e-02 | 1
 22, 23 |   2.0818341992778731e-05 |   2.0818341992778731e-05 | 1
 22, 24 |   2.6697783661245217e-04 |   2.6697783661245217e-04 | 1
 22, 25 |   9.7434273290913042e-05 |   9.7434273290913042e-05 | 1
 22, 26 |   6.0574667800482101e-05 |   6.0574667800482101e-05 | 1
 22, 27 |   1.7112814073326477e-03 |   1.7112814073326477e-03 | 1
 22, 28 |   4.1502621181599615e-04 |   4.1502621181599615e-04 | 1
 22, 29 |   3.8754659064010678e-05 |   3.8754659064010678e-05 | 1
 22, 30 |   3.2531703501308769e-04 |   3.2531703501308769e-04 | 1
 22, 31 |   5.3294449948002205e-04 |   5.3294449948002205e-04 | 1
 22, 32 |   7.6633214712870459e-05 |   7.6633214712870459e-05 | 1
 22, 33 |  -1.7767219237368528e-03 |  -1.7767219237368528e-03 | 1
 22, 34 |   8.1346320337019769e-04 |   8.1346320337019769e-04 | 1
 22, 35 |  -6.4172871626676714e-05 |  -6.4172871626676714e-05 | 1
 22, 36 |  -2.2047058187449753e-05 |  -2.2047058187449753e-05 | 1
 22, 37 |  -3.1725476994048167e-05 |  -3.1725476994048167e-05 | 1
 22, 38 |  -4.5267117204908755e-05 |  -4.5267117204908755e-05 | 1
 22, 39 |   0.0000000000000000e+00 |   0.0000000000000000e+00 | 1
 23,  1 |   6.8119453082664610e-05 |   6.8119453082664610e-05 | 1
 23,  2 |   4.6835769558715602e-05 |   4.6835769558715602e-05 | 1
 23,  3 |   6.0543169145232603e-05 |   6.0543169145232603e-05 | 1
 23,  4 |   4.1371815386584174e-05 |   4.1371815386584174e-05 | 1
 23,  5 |   1.8412590781848032e-04 |   1.8412590781848032e-04 | 1
 23,  6 |   8.0177177892826868e-05 |   8.0177177892826868e-05 | 1
 23,  7 |   1.9988099609519782e-05 |   1.9988099609519782e-05 | 1
 23,  8 |   4.0759315623774987e-05 |   4.0759315623774987e-05 | 1
 23,  9 |   2.6353424447599501e-05 |   2.6353424447599501e-05 | 1
 23, 10 |   8.3103782660129238e-06 |   8.3103782660129238e-06 | 1
 23, 11 |   1.1367296300026516e-04 |   1.1367296300026516e-04 | 1
 23, 12 |   4.0699229525236102e-05 |   4.0699229525236102e-05 | 1
 23, 13 |   3.8253843162020578e-05 |   3.8253843162020578e-05 | 1
 23, 14 |   2.4712671322945750e-05 |   2.4712671322945750e-05 | 1
 23, 15 |  -7.4925509847232390e-05 |  -7.4925509847232390e-05 | 1
 23, 16 |   1.9188541592992374e-05 |   1.9188541592992374e-05 | 1
 23, 17 |   6.4127067430975494e-05 |   6.4127067430975494e-05 | 1
 23, 18 |   7.0121913453017140e-05 |   7.0121913453017140e-05 | 1
 23, 19 |   3.0565189145261841e-05 |   3.0565189145261841e-05 | 1
 23, 20 |   1.0175941682228371e-04 |   1.0175941682228371e-04 | 1
 23, 21 |   7.7539395919611526e-05 |   7.7539395919611526e-05 | 1
 23, 22 |   2.0818341992778731e-05 |   2.0818341992778731e-05 | 1
 23, 23 |   2.8286964644512982e-02 |   2.8286964644512982e-02 | 1
 23, 24 |   8.4450482546215205e-05 |   8.4450482546215205e-05 | 1
 23, 25 |   3.1066696091023679e-05 |   3.1066696091023679e-05 | 1
 23, 26 |   9.9781924412437750e-05 |   9.9781924412437750e-05 | 1
 23, 27 |   1.6664486671706181e-04 |   1.6664486671706181e-04 | 1
 23, 28 |   6.7094956456922308e-05 |   6.7094956456922308e-05 | 1
 23, 29 |   4.4918426355654272e-05 |   4.4918426355654272e-05 | 1
 23, 30 |   4.8851691304496649e-05 |   4.8851691304496649e-05 | 1
 23, 31 |   4.5786240626469249e-05 |   4.5786240626469249e-05 | 1
 23, 32 |   6.9173734050368270e-05 |   6.9173734050368270e-05 | 1
 23, 33 |  -1.8044732622504649e-04 |  -1.8044732622504649e-04 | 1
 23, 34 |   7.1755510356430002e-05 |   7.1755510356430002e-05 | 1
 23, 35 |  -1.1978288580508247e-04 |  -1.1978288580508247e-04 | 1
 23, 36 |  -4.3062309579619862e-05 |  -4.3062309579619862e-05 | 1
 23, 37 |  -5.5787260112342682e-05 |  -5.5787260112342682e-05 | 1
 23, 38 |  -1.2255182268163135e-04 |  -1.2255182268163135e-04 | 1
 23, 39 |   0.0000000000000000e+00 |   0.0000000000000000e+00 | 1
 24,  1 |   7.6832851852344129e-05 |   7.6832851852344129e-05 | 1
 24,  2 |   7.3387420061626712e-05 |   7.3387420061626712e-05 | 1
 24,  3 |   7.0601591431917571e-05 |   7.0601591431917571e-05 | 1
 24,  4 |   8.6509390483868487e-05 |   8.6509390483868487e-05 | 1
 24,  5 |   4.4359575184274911e-05 |   4.4359575184274911e-05 | 1
 24,  6 |   5.9564174405472893e-05 |   5.9564174405472893e-05 | 1
 24,  7 |   7.7781190234728706e-05 |   7.7781190234728706e-05 | 1
 24,  8 |   9.5163975547093529e-05 |   9.5163975547093529e-05 | 1
 24,  9 |   6.3883926299445579e-05 |   6.3883926299445579e-05 | 1
 24, 10 |   1.8283380273603973e-04 |   1.8283380273603973e-04 | 1
 24, 11 |   5.6318235448253270e-04 |   5.6318235448253270e-04 | 1
 24, 12 |   1.6442129000609844e-04 |   1.6442129000609844e-04 | 1
 24, 13 |   1.1184247751540193e-05 |   1.1184247751540193e-05 | 1
 24, 14 |   6.2750372257449699e-05 |   6.2750372257449699e-05 | 1
 24, 15 |   7.0133687725832555e-04 |   7.0133687725832555e-04 | 1
 24, 16 |   1.5392125587463204e-04 |   1.5392125587463204e-04 | 1
 24, 17 |   8.6301070354731182e-05 |   8.6301070354731182e-05 | 1
 24, 18 |   7.7463082485092189e-05 |   7.7463082485092189e-05 | 1
 24, 19 |   1.1889212343369977e-04 |   1.1889212343369977e-04 | 1
 24, 20 |   1.6766918804758733e-04 |   1.6766918804758733e-04 | 1
 24, 21 |   9.2731096083488148e-05 |   9.2731096083488148e-05 | 1
 24, 22 |   2.6697783661245217e-04 |   2.6697783661245217e-04 | 1
 24, 23 |   8.4450482546215205e-05 |   8.4450482546215205e-05 | 1
 24, 24 |   3.6820658422295305e-03 |   3.6820658422295305e-03 | 1
 24, 25 |   1.1958115684795200e-04 |   1.1958115684795200e-04 | 1
 24, 26 |   1.2326532809106572e-04 |   1.2326532809106572e-04 | 1
 24, 27 |   8.0668597372464445e-04 |   8.0668597372464445e-04 | 1
 24, 28 |   2.6691710525790534e-04 |   2.6691710525790534e-04 | 1
 24, 29 |   1.2252112001900176e-04 |   1.2252112001900176e-04 | 1
 24, 30 |   2.3352246174209476e-04 |   2.3352246174209476e-04 | 1
 24, 31 |   3.0360091883008060e-04 |   3.0360091883008060e-04 | 1
 24, 32 |  -5.3934046722984601e-05 |  -5.3934046722984601e-05 | 1
 24, 33 |  -6.6632478550231341e-04 |  -6.6632478550231341e-04 | 1
 24, 34 |   4.7528873062483866e-04 |   4.7528873062483866e-04 | 1
 24, 35 |  -1.1615547251602203e-04 |  -1.1615547251602203e-04 | 1
 24, 36 |  -7.3488122199286251e-05 |  -7.3488122199286251e-05 | 1
 24, 37 |  -9.8423992908342123e-05 |  -9.8423992908342123e-05 | 1
 24, 38 |  -1.1109866115766909e-04 |  -1.1109866115766909e-04 | 1
 24, 39 |   0.0000000000000000e+00 |   0.0000000000000000e+00 | 1
 25,  1 |   6.2593510825128266e-05 |   6.2593510825128266e-05 | 1
 25,  2 |   5.6781887961551412e-05 |   5.6781887961551412e-05 | 1
 25,  3 |   5.0695899947633181e-05 |   5.0695899947633181e-05 | 1
 25,  4 |   6.4236451141901546e-05 |   6.4236451141901546e-05 | 1
 25,  5 |   5.9304871110092900e-05 |   5.9304871110092900e-05 | 1
 25,  6 |   3.9843099868810139e-05 |   3.9843099868810139e-05 | 1
 25,  7 |   5.2585548166545208e-05 |   5.2585548166545208e-05 | 1
 25,  8 |   5.2938369013344431e-05 |   5.2938369013344431e-05 | 1
 25,  9 |   5.5189860549900060e-05 |   5.5189860549900060e-05 | 1
 25, 10 |   8.2884016735909643e-05 |   8.2884016735909643e-05 | 1
 25, 11 |   2.3753429694955974e-04 |   2.3753429694955974e-04 | 1
 25, 12 |   8.8723270270371022e-05 |   8.8723270270371022e-05 | 1
 25, 13 |   6.8041307811555820e-05 |   6.8041307811555820e-05 | 1
 25, 14 |   8.2376236714767022e-05 |   8.2376236714767022e-05 | 1
 25, 15 |   3.9157721274169085e-04 |   3.9157721274169085e-04 | 1
 25, 16 |   8.4301867373367322e-05 |   8.4301867373367322e-05 | 1
 25, 17 |   7.5890264007256330e-05 |   7.5890264007256330e-05 | 1
 25, 18 |   6.9559053877853435e-05 |   6.9559053877853435e-05 | 1
 25, 19 |   1.0383401357300097e-04 |   1.0383401357300097e-04 | 1
 25, 20 |   1.1195694614797336e-04 |   1.1195694614797336e-04 | 1
 25, 21 |   6.8793106589267161e-05 |   6.8793106589267161e-05 | 1
 25, 22 |   9.7434273290913042e-05 |   9.7434273290913042e-05 | 1
 25, 23 |   3.1066696091023679e-05 |   3.1066696091023679e-05 | 1
 25, 24 |   1.1958115684795200e-04 |   1.1958115684795200e-04 | 1
 25, 25 |   1.2307648287068970e-02 |   1.2307648287068970e-02 | 1
 25, 26 |   1.1550530262637853e-04 |   1.1550530262637853e-04 | 1
 25, 27 |   2.9533672250466937e-04 |   2.9533672250466937e-04 | 1
 25, 28 |   1.4388607306713353e-04 |   1.4388607306713353e-04 | 1
 25, 29 |   1.0106968466347478e-04 |   1.0106968466347478e-04 | 1
 25, 30 |   1.2508379989423766e-04 |   1.2508379989423766e-04 | 1
 25, 31 |   1.3552864627157745e-04 |   1.3552864627157745e-04 | 1
 25, 32 |  -3.4555116166701553e-05 |  -3.4555116166701553e-05 | 1
 25, 33 |  -2.0128560789208671e-04 |  -2.0128560789208671e-04 | 1
 25, 34 |   2.0690921150321649e-04 |   2.0690921150321649e-04 | 1
 25, 35 |  -5.3725426619129805e-05 |  -5.3725426619129805e-05 | 1
 25, 36 |  -7.4204854157822512e-05 |  -7.4204854157822512e-05 | 1
 25, 37 |  -9.5573435263547306e-05 |  -9.5573435263547306e-05 | 1
 25, 38 |  -1.0359291690952772e-04 |  -1.0359291690952772e-04 | 1
 25, 39 |   0.0000000000000000e+00 |   0.0000000000000000e+00 | 1
 26,  1 |   1.3363001822822642e-04 |   1.3363001822822642e-04 | 1
 26,  2 |   1.2621439786324943e-04 |   1.2621439786324943e-04 | 1
 26,  3 |   1.0686413287859834e-04 |   1.0686413287859834e-04 | 1
 26,  4 |   1.1235668300572420e-04 |   1.1235668300572420e-04 | 1
 26,  5 |   1.7614708971671673e-04 |   1.7614708971671673e-04 | 1
 26,  6 |   1.0548514109348908e-04 |   1.0548514109348908e-04 | 1
 26,  7 |   9.7356803846254664e-05 |   9.7356803846254664e-05 | 1
 26,  8 |   8.0516858077673030e-05 |   8.0516858077673030e-05 | 1
 26,  9 |   1.2051393500720163e-04 |   1.2051393500720163e-04 | 1
 26, 10 |   4.3241185639462192e-05 |   4.3241185639462192e-05 | 1
 26, 11 |   1.8452191238080303e-04 |   1.8452191238080303e-04 | 1
 26, 12 |   8.9511441621755120e-05 |   8.9511441621755120e-05 | 1
 26, 13 |   1.3306274081679748e-04 |   1.3306274081679748e-04 | 1
 26, 14 |   1.5097000105033522e-04 |   1.5097000105033522e-04 | 1
 26, 15 |   3.4829744536424214e-04 |   3.4829744536424214e-04 | 1
 26, 16 |   7.4291437872924223e-05 |   7.4291437872924223e-05 | 1
 26, 17 |   1.5790397868910424e-04 |   1.5790397868910424e-04 | 1
 26, 18 |   2.0161865453910183e-04 |   2.0161865453910183e-04 | 1
 26, 19 |   1.3238803099131861e-04 |   1.3238803099131861e-04 | 1
 26, 20 |   1.5816426445578949e-04 |   1.5816426445578949e-04 | 1
 26, 21 |   1.9771187087955710e-04 |   1.9771187087955710e-04 | 1
 26, 22 |   6.0574667800482101e-05 |   6.0574667800482101e-05 | 1
 26, 23 |   9.9781924412437750e-05 |   9.9781924412437750e-05 | 1
 26, 24 |   1.2326532809106572e-04 |   1.2326532809106572e-04 | 1
 26, 25 |   1.1550530262637853e-04 |   1.1550530262637853e-04 | 1
 26, 26 |   3.4979492671776080e-02 |   3.4979492671776080e-02 | 1
 26, 27 |   1.2896614493605369e-04 |   1.2896614493605369e-04 | 1
 26, 28 |   1.5410637003473689e-04 |   1.5410637003473689e-04 | 1
 26, 29 |   1.5921391205589192e-04 |   1.5921391205589192e-04 | 1
 26, 30 |   1.5785152530931279e-04 |   1.5785152530931279e-04 | 1
 26, 31 |   1.1364965575136899e-04 |   1.1364965575136899e-04 | 1
 26, 32 |   4.0517326153825788e-05 |   4.0517326153825788e-05 | 1
 26, 33 |  -6.0529493232309057e-05 |  -6.0529493232309057e-05 | 1
 26, 34 |   1.1498801576937996e-04 |   1.1498801576937996e-04 | 1
 26, 35 |  -1.5501220555663757e-04 |  -1.5501220555663757e-04 | 1
 26, 36 |  -1.6419266600785104e-04 |  -1.6419266600785104e-04 | 1
 26, 37 |  -2.1619911679464279e-04 |  -2.1619911679464279e-04 | 1
 26, 38 |  -1.6023284503673406e-04 |  -1.6023284503673406e-04 | 1
 26, 39 |   0.0000000000000000e+00 |   0.0000000000000000e+00 | 1
 27,  1 |   6.9633201398596628e-05 |   6.9633201398596628e-05 | 1
 27,  2 |   1.2658710566408474e-05 |   1.2658710566408474e-05 | 1
 27,  3 |   9.2513897438129412e-05 |   9.2513897438129412e-05 | 1
 27,  4 |  -1.0686506068315285e-04 |  -1.0686506068315285e-04 | 1
 27,  5 |  -5.1120193848776886e-05 |  -5.1120193848776886e-05 | 1
 27,  6 |   1.1516703923476185e-04 |   1.1516703923476185e-04 | 1
 27,  7 |   3.5061421071086752e-05 |   3.5061421071086752e-05 | 1
 27,  8 |   1.0978725755127523e-04 |   1.0978725755127523e-04 | 1
 27,  9 |  -3.2835802180294636e-05 |  -3.2835802180294636e-05 | 1
 27, 10 |  -9.9949918674093688e-06 |  -9.9949918674093688e-06 | 1
 27, 11 |   3.5216566007677361e-03 |   3.5216566007677361e-03 | 1
 27, 12 |   6.4658413503734823e-04 |   6.4658413503734823e-04 | 1
 27, 13 |  -1.5048179369397305e-03 |  -1.5048179369397305e-03 | 1
 27, 14 |  -6.8053949370595695e-04 |  -6.8053949370595695e-04 | 1
 27, 15 |   7.2907750444053726e-05 |   7.2907750444053726e-05 | 1
 27, 16 |   4.8454992867040774e-04 |   4.8454992867040774e-04 | 1
 27, 17 |   9.7857988452759704e-07 |   9.7857988452759704e-07 | 1
 27, 18 |   5.5441610952696596e-05 |   5.5441610952696596e-05 | 1
 27, 19 |  -4.7814489136199865e-04 |  -4.7814489136199865e-04 | 1
 27, 20 |   3.1138224000445513e-04 |   3.1138224000445513e-04 | 1
 27, 21 |   3.1304196765499635e-04 |   3.1304196765499635e-04 | 1
 27, 22 |   1.7112814073326477e-03 |   1.7112814073326477e-03 | 1
 27, 23 |   1.6664486671706181e-04 |   1.6664486671706181e-04 | 1
 27, 24 |   8.0668597372464445e-04 |   8.0668597372464445e-04 | 1
 27, 25 |   2.9533672250466937e-04 |   2.9533672250466937e-04 | 1
 27, 26 |   1.2896614493605369e-04 |   1.2896614493605369e-04 | 1
 27, 27 |   9.4211509320793977e-03 |   9.4211509320793977e-03 | 1
 27, 28 |   1.4752086653419829e-03 |   1.4752086653419829e-03 | 1
 27, 29 |  -5.5845086400359372e-05 |  -5.5845086400359372e-05 | 1
 27, 30 |   1.1871426366572553e-03 |   1.1871426366572553e-03 | 1
 27, 31 |   2.0384046642205091e-03 |   2.0384046642205091e-03 | 1
 27, 32 |   6.3778864021065708e-04 |   6.3778864021065708e-04 | 1
 27, 33 |  -7.4181178184674268e-03 |  -7.4181178184674268e-03 | 1
 27, 34 |   2.9447534030388705e-03 |   2.9447534030388705e-03 | 1
 27, 35 |  -1.1848039019281766e-04 |  -1.1848039019281766e-04 | 1
 27, 36 |  -8.4135751811624505e-05 |  -8.4135751811624505e-05 | 1
 27, 37 |  -6.9466256056815659e-05 |  -6.9466256056815659e-05 | 1
 27, 38 |  -9.3459151043695672e-05 |  -9.3459151043695672e-05 | 1
 27, 39 |   0.0000000000000000e+00 |   0.0000000000000000e+00 | 1
 28,  1 |   8.8587373112378081e-05 |   8.8587373112378081e-05 | 1
 28,  2 |   7.6342649558326989e-05 |   7.6342649558326989e-05 | 1
 28,  3 |   8.0579156017631867e-05 |   8.0579156017631867e-05 | 1
 28,  4 |   6.1769067375168918e-05 |   6.1769067375168918e-05 | 1
 28,  5 |   1.8183991956145200e-05 |   1.8183991956145200e-05 | 1
 28,  6 |   5.3317822312578170e-05 |   5.3317822312578170e-05 | 1
 28,  7 |   8.3925724193890179e-05 |   8.3925724193890179e-05 | 1
 28,  8 |   7.9516672262201652e-05 |   7.9516672262201652e-05 | 1
 28,  9 |   6.2394485002426823e-05 |   6.2394485002426823e-05 | 1
 28, 10 |   9.2310323712624078e-05 |   9.2310323712624078e-05 | 1
 28, 11 |   8.7250486486835257e-04 |   8.7250486486835257e-04 | 1
 28, 12 |   2.2017601622801482e-04 |   2.2017601622801482e-04 | 1
 28, 13 |  -1.8541398534062395e-04 |  -1.8541398534062395e-04 | 1
 28, 14 |  -2.6098173645028749e-05 |  -2.6098173645028749e-05 | 1
 28, 15 |   4.9034874373312005e-04 |   4.9034874373312005e-04 | 1
 28, 16 |   1.8109275628199530e-04 |   1.8109275628199530e-04 | 1
 28, 17 |   9.1388815360966434e-05 |   9.1388815360966434e-05 | 1
 28, 18 |   1.0303375180954663e-04 |   1.0303375180954663e-04 | 1
 28, 19 |   2.6278323849350289e-05 |   2.6278323849350289e-05 | 1
 28, 20 |   1.8090887056319491e-04 |   1.8090887056319491e-04 | 1
 28, 21 |   1.2213724284672062e-04 |   1.2213724284672062e-04 | 1
 28, 22 |   4.1502621181599615e-04 |   4.1502621181599615e-04 | 1
 28, 23 |   6.7094956456922308e-05 |   6.7094956456922308e-05 | 1
 28, 24 |   2.6691710525790534e-04 |   2.6691710525790534e-04 | 1
 28, 25 |   1.4388607306713353e-04 |   1.4388607306713353e-04 | 1
 28, 26 |   1.5410637003473689e-04 |   1.5410637003473689e-04 | 1
 28, 27 |   1.4752086653419829e-03 |   1.4752086653419829e-03 | 1
 28, 28 |   6.9484080777399036e-03 |   6.9484080777399036e-03 | 1
 28, 29 |   1.0909992282093049e-04 |   1.0909992282093049e-04 | 1
 28, 30 |   3.4844650936657353e-04 |   3.4844650936657353e-04 | 1
 28, 31 |   5.1790274705581466e-04 |   5.1790274705581466e-04 | 1
 28, 32 |   7.4023553963675488e-05 |   7.4023553963675488e-05 | 1
 28, 33 |  -1.5138078257186682e-03 |  -1.5138078257186682e-03 | 1
 28, 34 |   7.4684419568610109e-04 |   7.4684419568610109e-04 | 1
 28, 35 |  -8.3467346415739524e-05 |  -8.3467346415739524e-05 | 1
 28, 36 |  -1.3856501712961467e-04 |  -1.3856501712961467e-04 | 1
 28, 37 |  -1.1657366854063175e-04 |  -1.1657366854063175e-04 | 1
 28, 38 |  -1.2377387601574211e-04 |  -1.2377387601574211e-04 | 1
 28, 39 |   0.0000000000000000e+00 |   0.0000000000000000e+00 | 1
 29,  1 |   9.0534796679546021e-05 |   9.0534796679546021e-05 | 1
 29,  2 |   8.8538327360010693e-05 |   8.8538327360010693e-05 | 1
 29,  3 |   7.6365691873449759e-05 |   7.6365691873449759e-05 | 1
 29,  4 |   1.0706018804982663e-04 |   1.0706018804982663e-04 | 1
 29,  5 |   6.5968262486484062e-05 |   6.5968262486484062e-05 | 1
 29,  6 |   6.0166044956057072e-05 |   6.0166044956057072e-05 | 1
 29,  7 |   8.1093096083518506e-05 |   8.1093096083518506e-05 | 1
 29,  8 |   7.9591098413781469e-05 |   7.9591098413781469e-05 | 1
 29,  9 |   9.1994120888697301e-05 |   9.1994120888697301e-05 | 1
 29, 10 |   1.4004852102094241e-04 |   1.4004852102094241e-04 | 1
 29, 11 |   8.9024173121658143e-05 |   8.9024173121658143e-05 | 1
 29, 12 |   9.3221177698574653e-05 |   9.3221177698574653e-05 | 1
 29, 13 |   2.0596664366202919e-04 |   2.0596664366202919e-04 | 1
 29, 14 |   1.5939090815663968e-04 |   1.5939090815663968e-04 | 1
 29, 15 |   6.0105676882170334e-04 |   6.0105676882170334e-04 | 1
 29, 16 |   8.7634367634643710e-05 |   8.7634367634643710e-05 | 1
 29, 17 |   1.1570657257257282e-04 |   1.1570657257257282e-04 | 1
 29, 18 |   1.0894816219368642e-04 |   1.0894816219368642e-04 | 1
 29, 19 |   1.7813330445473033e-04 |   1.7813330445473033e-04 | 1
 29, 20 |   1.4084260916889267e-04 |   1.4084260916889267e-04 | 1
 29, 21 |   8.7051850700588549e-05 |   8.7051850700588549e-05 | 1
 29, 22 |   3.8754659064010678e-05 |   3.8754659064010678e-05 | 1
 29, 23 |   4.4918426355654272e-05 |   4.4918426355654272e-05 | 1
 29, 24 |   1.2252112001900176e-04 |   1.2252112001900176e-04 | 1
 29, 25 |   1.0106968466347478e-04 |   1.0106968466347478e-04 | 1
 29, 26 |   1.5921391205589192e-04 |   1.5921391205589192e-04 | 1
 29, 27 |  -5.5845086400359372e-05 |  -5.5845086400359372e-05 | 1
 29, 28 |   1.0909992282093049e-04 |   1.0909992282093049e-04 | 1
 29, 29 |   1.0681223505672476e-02 |   1.0681223505672476e-02 | 1
 29, 30 |   1.0036364842633193e-04 |   1.0036364842633193e-04 | 1
 29, 31 |   5.7642262027227960e-05 |   5.7642262027227960e-05 | 1
 29, 32 |  -9.4800550129894764e-05 |  -9.4800550129894764e-05 | 1
 29, 33 |   2.4886570194026906e-04 |   2.4886570194026906e-04 | 1
 29, 34 |   8.7119190891709236e-05 |   8.7119190891709236e-05 | 1
 29, 35 |  -7.6906912207479541e-05 |  -7.6906912207479541e-05 | 1
 29, 36 |  -1.1944105373384899e-04 |  -1.1944105373384899e-04 | 1
 29, 37 |  -1.3452940536436367e-04 |  -1.3452940536436367e-04 | 1
 29, 38 |  -1.3327921963450463e-04 |  -1.3327921963450463e-04 | 1
 29, 39 |   0.0000000000000000e+00 |   0.0000000000000000e+00 | 1
 30,  1 |   8.0419787145282769e-05 |   8.0419787145282769e-05 | 1
 30,  2 |   6.9235976536614834e-05 |   6.9235976536614834e-05 | 1
 30,  3 |   6.7857568099176504e-05 |   6.7857568099176504e-05 | 1
 30,  4 |   5.5028588093000366e-05 |   5.5028588093000366e-05 | 1
 30,  5 |   7.2413775847750858e-05 |   7.2413775847750858e-05 | 1
 30,  6 |   7.5308818662844415e-05 |   7.5308818662844415e-05 | 1
 30,  7 |   5.5124714181706019e-05 |   5.5124714181706019e-05 | 1
 30,  8 |   7.3920048148939544e-05 |   7.3920048148939544e-05 | 1
 30,  9 |   6.5937538521796345e-05 |   6.5937538521796345e-05 | 1
 30, 10 |   6.3801325590811549e-05 |   6.3801325590811549e-05 | 1
 30, 11 |   7.1955039480073400e-04 |   7.1955039480073400e-04 | 1
 30, 12 |   1.7348827435999833e-04 |   1.7348827435999833e-04 | 1
 30, 13 |  -1.3044893112259759e-04 |  -1.3044893112259759e-04 | 1
 30, 14 |   6.3881886429972443e-06 |   6.3881886429972443e-06 | 1
 30, 15 |   4.4028492305324418e-04 |   4.4028492305324418e-04 | 1
 30, 16 |   1.4899720454326443e-04 |   1.4899720454326443e-04 | 1
 30, 17 |   9.1181944407360576e-05 |   9.1181944407360576e-05 | 1
 30, 18 |   1.0698122371886034e-04 |   1.0698122371886034e-04 | 1
 30, 19 |   4.8869212864922421e-05 |   4.8869212864922421e-05 | 1
 30, 20 |   1.5889398842945668e-04 |   1.5889398842945668e-04 | 1
 30, 21 |   1.4892511137043379e-04 |   1.4892511137043379e-04 | 1
 30, 22 |   3.2531703501308769e-04 |   3.2531703501308769e-04 | 1
 30, 23 |   4.8851691304496649e-05 |   4.8851691304496649e-05 | 1
 30, 24 |   2.3352246174209476e-04 |   2.3352246174209476e-04 | 1
 30, 25 |   1.2508379989423766e-04 |   1.2508379989423766e-04 | 1
 30, 26 |   1.5785152530931279e-04 |   1.5785152530931279e-04 | 1
 30, 27 |   1.1871426366572553e-03 |   1.1871426366572553e-03 | 1
 30, 28 |   3.4844650936657353e-04 |   3.4844650936657353e-04 | 1
 30, 29 |   1.0036364842633193e-04 |   1.0036364842633193e-04 | 1
 30, 30 |   9.4154356025243670e-03 |   9.4154356025243670e-03 | 1
 30, 31 |   4.0656943201068766e-04 |   4.0656943201068766e-04 | 1
 30, 32 |   6.5052451184641907e-05 |   6.5052451184641907e-05 | 1
 30, 33 |  -1.1940551527951512e-03 |  -1.1940551527951512e-03 | 1
 30, 34 |   5.9132050587664840e-04 |   5.9132050587664840e-04 | 1
 30, 35 |  -8.3969320447614511e-05 |  -8.3969320447614511e-05 | 1
 30, 36 |  -9.2445957257284060e-05 |  -9.2445957257284060e-05 | 1
 30, 37 |  -1.4041689745438048e-04 |  -1.4041689745438048e-04 | 1
 30, 38 |  -1.0600700786729459e-04 |  -1.0600700786729459e-04 | 1
 30, 39 |   0.0000000000000000e+00 |   0.0000000000000000e+00 | 1
 31,  1 |   6.0729995833937509e-05 |   6.0729995833937509e-05 | 1
 31,  2 |   3.5826244823433261e-05 |   3.5826244823433261e-05 | 1
 31,  3 |   6.0257111209799991e-05 |   6.0257111209799991e-05 | 1
 31,  4 |   1.1670110596869335e-05 |   1.1670110596869335e-05 | 1
 31,  5 |   1.0674973603806066e-05 |   1.0674973603806066e-05 | 1
 31,  6 |   4.9247831945957923e-05 |   4.9247831945957923e-05 | 1
 31,  7 |   4.9026170673342166e-05 |   4.9026170673342166e-05 | 1
 31,  8 |   6.1949248188457524e-05 |   6.1949248188457524e-05 | 1
 31,  9 |   2.3342376404478517e-05 |   2.3342376404478517e-05 | 1
 31, 10 |   5.6676672143803896e-05 |   5.6676672143803896e-05 | 1
 31, 11 |   1.1172987812561193e-03 |   1.1172987812561193e-03 | 1
 31, 12 |   2.5030704356078688e-04 |   2.5030704356078688e-04 | 1
 31, 13 |  -3.6273739474871019e-04 |  -3.6273739474871019e-04 | 1
 31, 14 |  -1.3582138096718738e-04 |  -1.3582138096718738e-04 | 1
 31, 15 |   2.4850315003319340e-04 |   2.4850315003319340e-04 | 1
 31, 16 |   1.9427134339504624e-04 |   1.9427134339504624e-04 | 1
 31, 17 |   5.1676623591383661e-05 |   5.1676623591383661e-05 | 1
 31, 18 |   4.5389200542928911e-05 |   4.5389200542928911e-05 | 1
 31, 19 |  -6.2601309485650085e-05 |  -6.2601309485650085e-05 | 1
 31, 20 |   1.6538107304242550e-04 |   1.6538107304242550e-04 | 1
 31, 21 |   1.1231430946253633e-04 |   1.1231430946253633e-04 | 1
 31, 22 |   5.3294449948002205e-04 |   5.3294449948002205e-04 | 1
 31, 23 |   4.5786240626469249e-05 |   4.5786240626469249e-05 | 1
 31, 24 |   3.0360091883008060e-04 |   3.0360091883008060e-04 | 1
 31, 25 |   1.3552864627157745e-04 |   1.3552864627157745e-04 | 1
 31, 26 |   1.1364965575136899e-04 |   1.1364965575136899e-04 | 1
 31, 27 |   2.0384046642205091e-03 |   2.0384046642205091e-03 | 1
 31, 28 |   5.1790274705581466e-04 |   5.1790274705581466e-04 | 1
 31, 29 |   5.7642262027227960e-05 |   5.7642262027227960e-05 | 1
 31, 30 |   4.0656943201068766e-04 |   4.0656943201068766e-04 | 1
 31, 31 |   1.9717226306302061e-02 |   1.9717226306302061e-02 | 1
 31, 32 |   1.4418980217707837e-04 |   1.4418980217707837e-04 | 1
 31, 33 |  -2.1892585417004782e-03 |  -2.1892585417004782e-03 | 1
 31, 34 |   9.6551792873176157e-04 |   9.6551792873176157e-04 | 1
 31, 35 |  -3.2699684138981638e-05 |  -3.2699684138981638e-05 | 1
 31, 36 |  -8.5514685623270473e-05 |  -8.5514685623270473e-05 | 1
 31, 37 |  -7.1326815786310413e-05 |  -7.1326815786310413e-05 | 1
 31, 38 |  -1.2227488151671112e-04 |  -1.2227488151671112e-04 | 1
 31, 39 |   0.0000000000000000e+00 |   0.0000000000000000e+00 | 1
 32,  1 |   2.5400335800612076e-05 |   2.5400335800612076e-05 | 1
 32,  2 |  -2.5775649270436086e-04 |  -2.5775649270436086e-04 | 1
 32,  3 |   1.7886688040601460e-05 |   1.7886688040601460e-05 | 1
 32,  4 |  -8.3496246833789100e-05 |  -8.3496246833789100e-05 | 1
 32,  5 |   1.8049284036333353e-04 |   1.8049284036333353e-04 | 1
 32,  6 |   5.2078329974805284e-05 |   5.2078329974805284e-05 | 1
 32,  7 |  -5.4430850721811280e-05 |  -5.4430850721811280e-05 | 1
 32,  8 |  -6.6496028844468868e-05 |  -6.6496028844468868e-05 | 1
 32,  9 |  -1.5474152562371019e-05 |  -1.5474152562371019e-05 | 1
 32, 10 |  -2.9201727889193970e-04 |  -2.9201727889193970e-04 | 1
 32, 11 |   1.7967321198103758e-04 |   1.7967321198103758e-04 | 1
 32, 12 |  -2.9420897037814946e-05 |  -2.9420897037814946e-05 | 1
 32, 13 |  -3.4202500913930014e-04 |  -3.4202500913930014e-04 | 1
 32, 14 |  -1.9165366255607393e-04 |  -1.9165366255607393e-04 | 1
 32, 15 |  -1.2181577203201400e-03 |  -1.2181577203201400e-03 | 1
 32, 16 |  -8.0764072472179084e-05 |  -8.0764072472179084e-05 | 1
 32, 17 |  -7.4760224046855390e-06 |  -7.4760224046855390e-06 | 1
 32, 18 |   5.0364386466635977e-05 |   5.0364386466635977e-05 | 1
 32, 19 |  -2.5344403709332290e-04 |  -2.5344403709332290e-04 | 1
 32, 20 |  -4.3701860966436688e-05 |  -4.3701860966436688e-05 | 1
 32, 21 |   1.3328692749328252e-04 |   1.3328692749328252e-04 | 1
 32, 22 |   7.6633214712870459e-05 |   7.6633214712870459e-05 | 1
 32, 23 |   6.9173734050368270e-05 |   6.9173734050368270e-05 | 1
 32, 24 |  -5.3934046722984601e-05 |  -5.3934046722984601e-05 | 1
 32, 25 |  -3.4555116166701553e-05 |  -3.4555116166701553e-05 | 1
 32, 26 |   4.0517326153825788e-05 |   4.0517326153825788e-05 | 1
 32, 27 |   6.3778864021065708e-04 |   6.3778864021065708e-04 | 1
 32, 28 |   7.4023553963675488e-05 |   7.4023553963675488e-05 | 1
 32, 29 |  -9.4800550129894764e-05 |  -9.4800550129894764e-05 | 1
 32, 30 |   6.5052451184641907e-05 |   6.5052451184641907e-05 | 1
 32, 31 |   1.4418980217707837e-04 |   1.4418980217707837e-04 | 1
 32, 32 |   4.2209607298822810e-04 |   4.2209607298822810e-04 | 1
 32, 33 |  -1.0930956997935041e-03 |  -1.0930956997935041e-03 | 1
 32, 34 |   1.0555510693032914e-04 |   1.0555510693032914e-04 | 1
 32, 35 |  -6.6289607622244217e-07 |  -6.6289607622244217e-07 | 1
 32, 36 |  -2.4620003394231234e-05 |  -2.4620003394231234e-05 | 1
 32, 37 |  -3.8273183970739695e-05 |  -3.8273183970739695e-05 | 1
 32, 38 |  -6.0765082442044529e-05 |  -6.0765082442044529e-05 | 1
 32, 39 |   0.0000000000000000e+00 |   0.0000000000000000e+00 | 1
 33,  1 |  -3.6165555246276850e-05 |  -3.6165555246276850e-05 | 1
 33,  2 |   5.9828651637506024e-05 |   5.9828651637506024e-05 | 1
 33,  3 |  -6.2440827945318728e-05 |  -6.2440827945318728e-05 | 1
 33,  4 |   2.6912520422698607e-04 |   2.6912520422698607e-04 | 1
 33,  5 |  -5.2300201241518442e-05 |  -5.2300201241518442e-05 | 1
 33,  6 |  -1.1711864289446971e-04 |  -1.1711864289446971e-04 | 1
 33,  7 |   6.0454701882069752e-05 |   6.0454701882069752e-05 | 1
 33,  8 |   1.7085323808578905e-05 |   1.7085323808578905e-05 | 1
 33,  9 |   1.1429221924473863e-04 |   1.1429221924473863e-04 | 1
 33, 10 |   4.1512134644301865e-04 |   4.1512134644301865e-04 | 1
 33, 11 |  -3.6621970907343322e-03 |  -3.6621970907343322e-03 | 1
 33, 12 |  -5.7378558526230796e-04 |  -5.7378558526230796e-04 | 1
 33, 13 |   2.0171901144466547e-03 |   2.0171901144466547e-03 | 1
 33, 14 |   1.0012630427547601e-03 |   1.0012630427547601e-03 | 1
 33, 15 |   1.6328505295783689e-03 |   1.6328505295783689e-03 | 1
 33, 16 |  -3.4717554481188020e-04 |  -3.4717554481188020e-04 | 1
 33, 17 |   8.1045020151907453e-05 |   8.1045020151907453e-05 | 1
 33, 18 |  -2.9353402638135847e-05 |  -2.9353402638135847e-05 | 1
 33, 19 |   8.8016898435349430e-04 |   8.8016898435349430e-04 | 1
 33, 20 |  -1.7089950879544877e-04 |  -1.7089950879544877e-04 | 1
 33, 21 |  -3.7733883967374163e-04 |  -3.7733883967374163e-04 | 1
 33, 22 |  -1.7767219237368528e-03 |  -1.7767219237368528e-03 | 1
 33, 23 |  -1.8044732622504649e-04 |  -1.8044732622504649e-04 | 1
 33, 24 |  -6.6632478550231341e-04 |  -6.6632478550231341e-04 | 1
 33, 25 |  -2.0128560789208671e-04 |  -2.0128560789208671e-04 | 1
 33, 26 |  -6.0529493232309057e-05 |  -6.0529493232309057e-05 | 1
 33, 27 |  -7.4181178184674268e-03 |  -7.4181178184674268e-03 | 1
 33, 28 |  -1.5138078257186682e-03 |  -1.5138078257186682e-03 | 1
 33, 29 |   2.4886570194026906e-04 |   2.4886570194026906e-04 | 1
 33, 30 |  -1.1940551527951512e-03 |  -1.1940551527951512e-03 | 1
 33, 31 |  -2.1892585417004782e-03 |  -2.1892585417004782e-03 | 1
 33, 32 |  -1.0930956997935041e-03 |  -1.0930956997935041e-03 | 1
 33, 33 |   8.8130170020061030e-03 |   8.8130170020061030e-03 | 1
 33, 34 |  -3.0332701859659386e-03 |  -3.0332701859659386e-03 | 1
 33, 35 |   2.9130015037432393e-05 |   2.9130015037432393e-05 | 1
 33, 36 |   6.1164684365218059e-05 |   6.1164684365218059e-05 | 1
 33, 37 |   9.7311470582268889e-06 |   9.7311470582268889e-06 | 1
 33, 38 |   8.0945056838070564e-05 |   8.0945056838070564e-05 | 1
 33, 39 |   0.0000000000000000e+00 |   0.0000000000000000e+00 | 1
 34,  1 |   6.7977352325388580e-05 |   6.7977352325388580e-05 | 1
 34,  2 |   5.3789157533799085e-05 |   5.3789157533799085e-05 | 1
 34,  3 |   7.6807269399399000e-05 |   7.6807269399399000e-05 | 1
 34,  4 |   3.7009254996950534e-05 |   3.7009254996950534e-05 | 1
 34,  5 |  -7.6372924880245584e-05 |  -7.6372924880245584e-05 | 1
 34,  6 |   5.6740260427855776e-05 |   5.6740260427855776e-05 | 1
 34,  7 |   8.8679378999637889e-05 |   8.8679378999637889e-05 | 1
 34,  8 |   1.2061660784611075e-04 |   1.2061660784611075e-04 | 1
 34,  9 |   2.9453609892998095e-05 |   2.9453609892998095e-05 | 1
 34, 10 |   1.8985532627485647e-04 |   1.8985532627485647e-04 | 1
 34, 11 |   1.6799462685765348e-03 |   1.6799462685765348e-03 | 1
 34, 12 |   3.7672796906242843e-04 |   3.7672796906242843e-04 | 1
 34, 13 |  -4.8440998286952545e-04 |  -4.8440998286952545e-04 | 1
 34, 14 |  -1.7343432830768608e-04 |  -1.7343432830768608e-04 | 1
 34, 15 |   8.3789467662215332e-04 |   8.3789467662215332e-04 | 1
 34, 16 |   3.1463044581994887e-04 |   3.1463044581994887e-04 | 1
 34, 17 |   6.0983965459131880e-05 |   6.0983965459131880e-05 | 1
 34, 18 |   5.5832049688142113e-05 |   5.5832049688142113e-05 | 1
 34, 19 |  -4.3365566440334771e-05 |  -4.3365566440334771e-05 | 1
 34, 20 |   2.4299689025376843e-04 |   2.4299689025376843e-04 | 1
 34, 21 |   1.2778456373253392e-04 |   1.2778456373253392e-04 | 1
 34, 22 |   8.1346320337019769e-04 |   8.1346320337019769e-04 | 1
 34, 23 |   7.1755510356430002e-05 |   7.1755510356430002e-05 | 1
 34, 24 |   4.7528873062483866e-04 |   4.7528873062483866e-04 | 1
 34, 25 |   2.0690921150321649e-04 |   2.0690921150321649e-04 | 1
 34, 26 |   1.1498801576937996e-04 |   1.1498801576937996e-04 | 1
 34, 27 |   2.9447534030388705e-03 |   2.9447534030388705e-03 | 1
 34, 28 |   7.4684419568610109e-04 |   7.4684419568610109e-04 | 1
 34, 29 |   8.7119190891709236e-05 |   8.7119190891709236e-05 | 1
 34, 30 |   5.9132050587664840e-04 |   5.9132050587664840e-04 | 1
 34, 31 |   9.6551792873176157e-04 |   9.6551792873176157e-04 | 1
 34, 32 |   1.0555510693032914e-04 |   1.0555510693032914e-04 | 1
 34, 33 |  -3.0332701859659386e-03 |  -3.0332701859659386e-03 | 1
 34, 34 |   2.0109256482041390e-03 |   2.0109256482041390e-03 | 1
 34, 35 |  -9.7816180197190448e-05 |  -9.7816180197190448e-05 | 1
 34, 36 |  -9.7430116188221391e-05 |  -9.7430116188221391e-05 | 1
 34, 37 |  -6.7819053058826236e-05 |  -6.7819053058826236e-05 | 1
 34, 38 |  -9.1791853900862388e-05 |  -9.1791853900862388e-05 | 1
 34, 39 |   0.0000000000000000e+00 |   0.0000000000000000e+00 | 1
 35,  1 |  -8.3763309385716052e-05 |  -8.3763309385716052e-05 | 1
 35,  2 |  -7.8353101883075436e-05 |  -7.8353101883075436e-05 | 1
 35,  3 |  -7.3846216760653694e-05 |  -7.3846216760653694e-05 | 1
 35,  4 |  -8.3790620891329489e-05 |  -8.3790620891329489e-05 | 1
 35,  5 |  -1.3201001029794469e-04 |  -1.3201001029794469e-04 | 1
 35,  6 |  -8.1753403698023091e-05 |  -8.1753403698023091e-05 | 1
 35,  7 |  -2.9774456946001406e-05 |  -2.9774456946001406e-05 | 1
 35,  8 |  -6.3351945734096258e-05 |  -6.3351945734096258e-05 | 1
 35,  9 |  -6.2153975936156514e-05 |  -6.2153975936156514e-05 | 1
 35, 10 |  -7.0473975272355565e-05 |  -7.0473975272355565e-05 | 1
 35, 11 |  -1.5211421466870969e-04 |  -1.5211421466870969e-04 | 1
 35, 12 |  -5.7599169338467377e-05 |  -5.7599169338467377e-05 | 1
 35, 13 |  -1.0767279101269971e-04 |  -1.0767279101269971e-04 | 1
 35, 14 |  -8.5895370331852075e-05 |  -8.5895370331852075e-05 | 1
 35, 15 |  -3.3604165615211715e-04 |  -3.3604165615211715e-04 | 1
 35, 16 |  -5.3472831195721151e-05 |  -5.3472831195721151e-05 | 1
 35, 17 |  -7.9056963848512732e-05 |  -7.9056963848512732e-05 | 1
 35, 18 |  -1.0669585062228075e-04 |  -1.0669585062228075e-04 | 1
 35, 19 |  -9.6514296805253109e-05 |  -9.6514296805253109e-05 | 1
 35, 20 |  -1.3847418669650480e-04 |  -1.3847418669650480e-04 | 1
 35, 21 |  -8.7452006043685154e-05 |  -8.7452006043685154e-05 | 1
 35, 22 |  -6.4172871626676714e-05 |  -6.4172871626676714e-05 | 1
 35, 23 |  -1.1978288580508247e-04 |  -1.1978288580508247e-04 | 1
 35, 24 |  -1.1615547251602203e-04 |  -1.1615547251602203e-04 | 1
 35, 25 |  -5.3725426619129805e-05 |  -5.3725426619129805e-05 | 1
 35, 26 |  -1.5501220555663757e-04 |  -1.5501220555663757e-04 | 1
 35, 27 |  -1.1848039019281766e-04 |  -1.1848039019281766e-04 | 1
 35, 28 |  -8.3467346415739524e-05 |  -8.3467346415739524e-05 | 1
 35, 29 |  -7.6906912207479541e-05 |  -7.6906912207479541e-05 | 1
 35, 30 |  -8.3969320447614511e-05 |  -8.3969320447614511e-05 | 1
 35, 31 |  -3.2699684138981638e-05 |  -3.2699684138981638e-05 | 1
 35, 32 |  -6.6289607622244217e-07 |  -6.6289607622244217e-07 | 1
 35, 33 |   2.9130015037432393e-05 |   2.9130015037432393e-05 | 1
 35, 34 |  -9.7816180197190448e-05 |  -9.7816180197190448e-05 | 1
 35, 35 |   1.5920853717467164e-04 |   1.5920853717467164e-04 | 1
 35, 36 |   9.7017818189474203e-05 |   9.7017818189474203e-05 | 1
 35, 37 |   8.9154725020930317e-05 |   8.9154725020930317e-05 | 1
 35, 38 |   8.8381501378663596e-05 |   8.8381501378663596e-05 | 1
 35, 39 |   0.0000000000000000e+00 |   0.0000000000000000e+00 | 1
 36,  1 |  -9.6255895792068648e-05 |  -9.6255895792068648e-05 | 1
 36,  2 |  -9.2792760771780468e-05 |  -9.2792760771780468e-05 | 1
 36,  3 |  -7.8506237991648304e-05 |  -7.8506237991648304e-05 | 1
 36,  4 |  -8.6366829266255050e-05 |  -8.6366829266255050e-05 | 1
 36,  5 |  -6.9098792686615696e-05 |  -6.9098792686615696e-05 | 1
 36,  6 |  -3.3419950092833691e-05 |  -3.3419950092833691e-05 | 1
 36,  7 |  -8.2555184083300874e-05 |  -8.2555184083300874e-05 | 1
 36,  8 |  -4.4127445951612626e-05 |  -4.4127445951612626e-05 | 1
 36,  9 |  -7.5091709470510230e-05 |  -7.5091709470510230e-05 | 1
 36, 10 |  -2.4336580313401905e-06 |  -2.4336580313401905e-06 | 1
 36, 11 |  -1.1292816482944121e-04 |  -1.1292816482944121e-04 | 1
 36, 12 |  -6.8965114826063684e-05 |  -6.8965114826063684e-05 | 1
 36, 13 |  -1.0229759206350788e-04 |  -1.0229759206350788e-04 | 1
 36, 14 |  -1.1155122249892516e-04 |  -1.1155122249892516e-04 | 1
 36, 15 |  -2.7737557233415615e-04 |  -2.7737557233415615e-04 | 1
 36, 16 |  -5.8067705799485369e-05 |  -5.8067705799485369e-05 | 1
 36, 17 |  -1.1166068220712570e-04 |  -1.1166068220712570e-04 | 1
 36, 18 |  -1.4481336880467325e-04 |  -1.4481336880467325e-04 | 1
 36, 19 |  -9.0552177772619253e-05 |  -9.0552177772619253e-05 | 1
 36, 20 |  -1.2779000653005283e-04 |  -1.2779000653005283e-04 | 1
 36, 21 |  -8.2942464464770890e-05 |  -8.2942464464770890e-05 | 1
 36, 22 |  -2.2047058187449753e-05 |  -2.2047058187449753e-05 | 1
 36, 23 |  -4.3062309579619862e-05 |  -4.3062309579619862e-05 | 1
 36, 24 |  -7.3488122199286251e-05 |  -7.3488122199286251e-05 | 1
 36, 25 |  -7.4204854157822512e-05 |  -7.4204854157822512e-05 | 1
 36, 26 |  -1.6419266600785104e-04 |  -1.6419266600785104e-04 | 1
 36, 27 |  -8.4135751811624505e-05 |  -8.4135751811624505e-05 | 1
 36, 28 |  -1.3856501712961467e-04 |  -1.3856501712961467e-04 | 1
 36, 29 |  -1.1944105373384899e-04 |  -1.1944105373384899e-04 | 1
 36, 30 |  -9.2445957257284060e-05 |  -9.2445957257284060e-05 | 1
 36, 31 |  -8.5514685623270473e-05 |  -8.5514685623270473e-05 | 1
 36, 32 |  -2.4620003394231234e-05 |  -2.4620003394231234e-05 | 1
 36, 33 |   6.1164684365218059e-05 |   6.1164684365218059e-05 | 1
 36, 34 |  -9.7430116188221391e-05 |  -9.7430116188221391e-05 | 1
 36, 35 |   9.7017818189474203e-05 |   9.7017818189474203e-05 | 1
 36, 36 |   1.8445220358819216e-04 |   1.8445220358819216e-04 | 1
 36, 37 |   1.1475981635686715e-04 |   1.1475981635686715e-04 | 1
 36, 38 |   1.1350883717618983e-04 |   1.1350883717618983e-04 | 1
 36, 39 |   0.0000000000000000e+00 |   0.0000000000000000e+00 | 1
 37,  1 |  -1.0838498938535524e-04 |  -1.0838498938535524e-04 | 1
 37,  2 |  -9.7652450057091102e-05 |  -9.7652450057091102e-05 | 1
 37,  3 |  -8.0474139764734998e-05 |  -8.0474139764734998e-05 | 1
 37,  4 |  -8.4960044394174073e-05 |  -8.4960044394174073e-05 | 1
 37,  5 |  -1.8326389111220277e-04 |  -1.8326389111220277e-04 | 1
 37,  6 |  -1.0027726058732250e-04 |  -1.0027726058732250e-04 | 1
 37,  7 |  -4.9507605087711434e-05 |  -4.9507605087711434e-05 | 1
 37,  8 |  -5.8010238280618322e-05 |  -5.8010238280618322e-05 | 1
 37,  9 |  -1.1379032323207962e-04 |  -1.1379032323207962e-04 | 1
 37, 10 |  -4.6707841011807374e-06 |  -4.6707841011807374e-06 | 1
 37, 11 |  -1.2551324229270053e-04 |  -1.2551324229270053e-04 | 1
 37, 12 |  -6.0121430956915671e-05 |  -6.0121430956915671e-05 | 1
 37, 13 |  -1.1855841498783595e-04 |  -1.1855841498783595e-04 | 1
 37, 14 |  -1.4398094296693271e-04 |  -1.4398094296693271e-04 | 1
 37, 15 |  -2.3912330743673248e-04 |  -2.3912330743673248e-04 | 1
 37, 16 |  -5.6556147703182034e-05 |  -5.6556147703182034e-05 | 1
 37, 17 |  -1.3496490889541344e-04 |  -1.3496490889541344e-04 | 1
 37, 18 |  -1.6600884954893940e-04 |  -1.6600884954893940e-04 | 1
 37, 19 |  -1.3089420274843024e-04 |  -1.3089420274843024e-04 | 1
 37, 20 |  -1.2565110032200651e-04 |  -1.2565110032200651e-04 | 1
 37, 21 |  -1.9577898518819044e-04 |  -1.9577898518819044e-04 | 1
 37, 22 |  -3.1725476994048167e-05 |  -3.1725476994048167e-05 | 1
 37, 23 |  -5.5787260112342682e-05 |  -5.5787260112342682e-05 | 1
 37, 24 |  -9.8423992908342123e-05 |  -9.8423992908342123e-05 | 1
 37, 25 |  -9.5573435263547306e-05 |  -9.5573435263547306e-05 | 1
 37, 26 |  -2.1619911679464279e-04 |  -2.1619911679464279e-04 | 1
 37, 27 |  -6.9466256056815659e-05 |  -6.9466256056815659e-05 | 1
 37, 28 |  -1.1657366854063175e-04 |  -1.1657366854063175e-04 | 1
 37, 29 |  -1.3452940536436367e-04 |  -1.3452940536436367e-04 | 1
 37, 30 |  -1.4041689745438048e-04 |  -1.4041689745438048e-04 | 1
 37, 31 |  -7.1326815786310413e-05 |  -7.1326815786310413e-05 | 1
 37, 32 |  -3.8273183970739695e-05 |  -3.8273183970739695e-05 | 1
 37, 33 |   9.7311470582268889e-06 |   9.7311470582268889e-06 | 1
 37, 34 |  -6.7819053058826236e-05 |  -6.7819053058826236e-05 | 1
 37, 35 |   8.9154725020930317e-05 |   8.9154725020930317e-05 | 1
 37, 36 |   1.1475981635686715e-04 |   1.1475981635686715e-04 | 1
 37, 37 |   2.1796046776316789e-04 |   2.1796046776316789e-04 | 1
 37, 38 |   1.4681932459829222e-04 |   1.4681932459829222e-04 | 1
 37, 39 |   0.0000000000000000e+00 |   0.0000000000000000e+00 | 1
 38,  1 |  -1.2436809329127236e-04 |  -1.2436809329127236e-04 | 1
 38,  2 |  -9.0699318872767377e-05 |  -9.0699318872767377e-05 | 1
 38,  3 |  -1.1043945812893156e-04 |  -1.1043945812893156e-04 | 1
 38,  4 |  -8.3860604867662386e-05 |  -8.3860604867662386e-05 | 1
 38,  5 |  -2.1212069452901253e-04 |  -2.1212069452901253e-04 | 1
 38,  6 |  -1.0665105689573613e-04 |  -1.0665105689573613e-04 | 1
 38,  7 |  -9.3686452710110173e-05 |  -9.3686452710110173e-05 | 1
 38,  8 |  -7.0368864513686022e-05 |  -7.0368864513686022e-05 | 1
 38,  9 |  -9.0297618585415888e-05 |  -9.0297618585415888e-05 | 1
 38, 10 |  -7.8037529368996146e-05 |  -7.8037529368996146e-05 | 1
 38, 11 |  -9.3777461654521028e-05 |  -9.3777461654521028e-05 | 1
 38, 12 |  -9.9051185297072863e-05 |  -9.9051185297072863e-05 | 1
 38, 13 |  -1.1269387184436889e-04 |  -1.1269387184436889e-04 | 1
 38, 14 |  -8.3608699146235768e-05 |  -8.3608699146235768e-05 | 1
 38, 15 |   1.0014785363125363e-04 |   1.0014785363125363e-04 | 1
 38, 16 |  -4.9607276660860943e-05 |  -4.9607276660860943e-05 | 1
 38, 17 |  -1.3762728115051227e-04 |  -1.3762728115051227e-04 | 1
 38, 18 |  -1.2109600628588580e-04 |  -1.2109600628588580e-04 | 1
 38, 19 |  -7.3731547021587670e-05 |  -7.3731547021587670e-05 | 1
 38, 20 |  -1.3645866706786338e-04 |  -1.3645866706786338e-04 | 1
 38, 21 |  -1.7119193250090663e-04 |  -1.7119193250090663e-04 | 1
 38, 22 |  -4.5267117204908755e-05 |  -4.5267117204908755e-05 | 1
 38, 23 |  -1.2255182268163135e-04 |  -1.2255182268163135e-04 | 1
 38, 24 |  -1.1109866115766909e-04 |  -1.1109866115766909e-04 | 1
 38, 25 |  -1.0359291690952772e-04 |  -1.0359291690952772e-04 | 1
 38, 26 |  -1.6023284503673406e-04 |  -1.6023284503673406e-04 | 1
 38, 27 |  -9.3459151043695672e-05 |  -9.3459151043695672e-05 | 1
 38, 28 |  -1.2377387601574211e-04 |  -1.2377387601574211e-04 | 1
 38, 29 |  -1.3327921963450463e-04 |  -1.3327921963450463e-04 | 1
 38, 30 |  -1.0600700786729459e-04 |  -1.0600700786729459e-04 | 1
 38, 31 |  -1.2227488151671112e-04 |  -1.2227488151671112e-04 | 1
 38, 32 |  -6.0765082442044529e-05 |  -6.0765082442044529e-05 | 1
 38, 33 |   8.0945056838070564e-05 |   8.0945056838070564e-05 | 1
 38, 34 |  -9.1791853900862388e-05 |  -9.1791853900862388e-05 | 1
 38, 35 |   8.8381501378663596e-05 |   8.8381501378663596e-05 | 1
 38, 36 |   1.1350883717618983e-04 |   1.1350883717618983e-04 | 1
 38, 37 |   1.4681932459829222e-04 |   1.4681932459829222e-04 | 1
 38, 38 |   2.6445488647817246e-04 |   2.6445488647817246e-04 | 1
 38, 39 |   0.0000000000000000e+00 |   0.0000000000000000e+00 | 1
 39,  1 |   0.0000000000000000e+00 |   0.0000000000000000e+00 | 1
 39,  2 |   0.0000000000000000e+00 |   0.0000000000000000e+00 | 1
 39,  3 |   0.0000000000000000e+00 |   0.0000000000000000e+00 | 1
 39,  4 |   0.0000000000000000e+00 |   0.0000000000000000e+00 | 1
 39,  5 |   0.0000000000000000e+00 |   0.0000000000000000e+00 | 1
 39,  6 |   0.0000000000000000e+00 |   0.0000000000000000e+00 | 1
 39,  7 |   0.0000000000000000e+00 |   0.0000000000000000e+00 | 1
 39,  8 |   0.0000000000000000e+00 |   0.0000000000000000e+00 | 1
 39,  9 |   0.0000000000000000e+00 |   0.0000000000000000e+00 | 1
 39, 10 |   0.0000000000000000e+00 |   0.0000000000000000e+00 | 1
 39, 11 |   0.0000000000000000e+00 |   0.0000000000000000e+00 | 1
 39, 12 |   0.0000000000000000e+00 |   0.0000000000000000e+00 | 1
 39, 13 |   0.0000000000000000e+00 |   0.0000000000000000e+00 | 1
 39, 14 |   0.0000000000000000e+00 |   0.0000000000000000e+00 | 1
 39, 15 |   0.0000000000000000e+00 |   0.0000000000000000e+00 | 1
 39, 16 |   0.0000000000000000e+00 |   0.0000000000000000e+00 | 1
 39, 17 |   0.0000000000000000e+00 |   0.0000000000000000e+00 | 1
 39, 18 |   0.0000000000000000e+00 |   0.0000000000000000e+00 | 1
 39, 19 |   0.0000000000000000e+00 |   0.0000000000000000e+00 | 1
 39, 20 |   0.0000000000000000e+00 |   0.0000000000000000e+00 | 1
 39, 21 |   0.0000000000000000e+00 |   0.0000000000000000e+00 | 1
 39, 22 |   0.0000000000000000e+00 |   0.0000000000000000e+00 | 1
 39, 23 |   0.0000000000000000e+00 |   0.0000000000000000e+00 | 1
 39, 24 |   0.0000000000000000e+00 |   0.0000000000000000e+00 | 1
 39, 25 |   0.0000000000000000e+00 |   0.0000000000000000e+00 | 1
 39, 26 |   0.0000000000000000e+00 |   0.0000000000000000e+00 | 1
 39, 27 |   0.0000000000000000e+00 |   0.0000000000000000e+00 | 1
 39, 28 |   0.0000000000000000e+00 |   0.0000000000000000e+00 | 1
 39, 29 |   0.0000000000000000e+00 |   0.0000000000000000e+00 | 1
 39, 30 |   0.0000000000000000e+00 |   0.0000000000000000e+00 | 1
 39, 31 |   0.0000000000000000e+00 |   0.0000000000000000e+00 | 1
 39, 32 |   0.0000000000000000e+00 |   0.0000000000000000e+00 | 1
 39, 33 |   0.0000000000000000e+00 |   0.0000000000000000e+00 | 1
 39, 34 |   0.0000000000000000e+00 |   0.0000000000000000e+00 | 1
 39, 35 |   0.0000000000000000e+00 |   0.0000000000000000e+00 | 1
 39, 36 |   0.0000000000000000e+00 |   0.0000000000000000e+00 | 1
 39, 37 |   0.0000000000000000e+00 |   0.0000000000000000e+00 | 1
 39, 38 |   0.0000000000000000e+00 |   0.0000000000000000e+00 | 1
 39, 39 |   0.0000000000000000e+00 |   0.0000000000000000e+00 | 1
