row,col | V_base                   | V_new                    | equal
  1,  1 |   3.9883318626653645e-04 |   3.9883318626653645e-04 | 1
  1,  2 |   1.9536173832338151e-04 |   1.9536173832338151e-04 | 1
  1,  3 |   1.7570952716395433e-04 |   1.7570952716395433e-04 | 1
  1,  4 |   1.8665943780845419e-04 |   1.8665943780845419e-04 | 1
  1,  5 |   2.3665467947165438e-04 |   2.3665467947165438e-04 | 1
  1,  6 |   1.8707471691245742e-04 |   1.8707471691245742e-04 | 1
  1,  7 |   1.5655174246154456e-04 |   1.5655174246154456e-04 | 1
  1,  8 |   1.7994670178540445e-04 |   1.7994670178540445e-04 | 1
  1,  9 |   1.8029836547604701e-04 |   1.8029836547604701e-04 | 1
  1, 10 |   1.9629239808816875e-04 |   1.9629239808816875e-04 | 1
  1, 11 |   3.2913991938148879e-04 |   3.2913991938148879e-04 | 1
  1, 12 |   1.5760411068400820e-04 |   1.5760411068400820e-04 | 1
  1, 13 |   1.7397894915153851e-04 |   1.7397894915153851e-04 | 1
  1, 14 |   2.0134861516991562e-04 |   2.0134861516991562e-04 | 1
  1, 15 |   2.0255341392383348e-04 |   2.0255341392383348e-04 | 1
  1, 16 |   1.8810686181980248e-04 |   1.8810686181980248e-04 | 1
  1, 17 |   2.0284549975171294e-04 |   2.0284549975171294e-04 | 1
  1, 18 |   2.0780571199860784e-04 |   2.0780571199860784e-04 | 1
  1, 19 |   2.2330712186206878e-04 |   2.2330712186206878e-04 | 1
  1, 20 |   2.0408986172962089e-04 |   2.0408986172962089e-04 | 1
  1, 21 |   1.8741623607565418e-04 |   1.8741623607565418e-04 | 1
  1, 22 |   1.5155574435236284e-04 |   1.5155574435236284e-04 | 1
  1, 23 |   2.0973491953192331e-04 |   2.0973491953192331e-04 | 1
  1, 24 |   2.0711212834320083e-04 |   2.0711212834320083e-04 | 1
  1, 25 |   1.9196452252154253e-04 |   1.9196452252154253e-04 | 1
  1, 26 |   2.3923575538575400e-04 |   2.3923575538575400e-04 | 1
  1, 27 |   2.1612272706130235e-04 |   2.1612272706130235e-04 | 1
  1, 28 |   2.1097148764980851e-04 |   2.1097148764980851e-04 | 1
  1, 29 |   2.1699571601100113e-04 |   2.1699571601100113e-04 | 1
  1, 30 |   2.1447974197448739e-04 |   2.1447974197448739e-04 | 1
  1, 31 |   2.1929873237875607e-04 |   2.1929873237875607e-04 | 1
  1, 32 |   1.7104888526365078e-05 |   1.7104888526365078e-05 | 1
  1, 33 |  -6.9937353845576610e-05 |  -6.9937353845576610e-05 | 1
  1, 34 |   2.2181587247662371e-04 |   2.2181587247662371e-04 | 1
  1, 35 |  -2.9139278685541820e-05 |  -2.9139278685541820e-05 | 1
  1, 36 |  -2.3881565226010043e-05 |  -2.3881565226010043e-05 | 1
  1, 37 |  -3.7926248278389373e-06 |  -3.7926248278389373e-06 | 1
  1, 38 |   1.5690030734448891e-05 |   1.5690030734448891e-05 | 1
  1, 39 |  -2.7669513933236497e-06 |  -2.7669513933236497e-06 | 1
  1, 40 |  -3.9071578300629320e-05 |  -3.9071578300629320e-05 | 1
  1, 41 |  -1.8447486721913352e-08 |  -1.8447486721913352e-08 | 1
  1, 42 |  -2.5814323869689450e-05 |  -2.5814323869689450e-05 | 1
  1, 43 |   1.1818419573415602e-06 |   1.1818419573415602e-06 | 1
  1, 44 |   1.8040131080060683e-04 |   1.8040131080060683e-04 | 1
  1, 45 |  -5.6809075278927914e-06 |  -5.6809075278927914e-06 | 1
  2,  1 |   1.9536173832338151e-04 |   1.9536173832338151e-04 | 1
  2,  2 |   1.2222621241753360e-03 |   1.2222621241753360e-03 | 1
  2,  3 |   1.8715695613002835e-04 |   1.8715695613002835e-04 | 1
  2,  4 |   1.9403817650633152e-04 |   1.9403817650633152e-04 | 1
  2,  5 |   2.4060243372632200e-04 |   2.4060243372632200e-04 | 1
  2,  6 |   1.9817128278456944e-04 |   1.9817128278456944e-04 | 1
  2,  7 |   1.6001918596753566e-04 |   1.6001918596753566e-04 | 1
  2,  8 |   1.8966413163592929e-04 |   1.8966413163592929e-04 | 1
  2,  9 |   1.8559488385194996e-04 |   1.8559488385194996e-04 | 1
  2, 10 |   2.0344113433816169e-04 |   2.0344113433816169e-04 | 1
  2, 11 |   3.3223136918846425e-04 |   3.3223136918846425e-04 | 1
  2, 12 |   1.7002655820674362e-04 |   1.7002655820674362e-04 | 1
  2, 13 |   1.7845196724823782e-04 |   1.7845196724823782e-04 | 1
  2, 14 |   2.1175728965119932e-04 |   2.1175728965119932e-04 | 1
  2, 15 |   2.0947168892100285e-04 |   2.0947168892100285e-04 | 1
  2, 16 |   1.9806615156375465e-04 |   1.9806615156375465e-04 | 1
  2, 17 |   2.0727123493813874e-04 |   2.0727123493813874e-04 | 1
  2, 18 |   2.1541916054301552e-04 |   2.1541916054301552e-04 | 1
  2, 19 |   2.3109339261801715e-04 |   2.3109339261801715e-04 | 1
  2, 20 |   2.1316602443797322e-04 |   2.1316602443797322e-04 | 1
  2, 21 |   1.9086933038161153e-04 |   1.9086933038161153e-04 | 1
  2, 22 |   1.5628138825855948e-04 |   1.5628138825855948e-04 | 1
  2, 23 |   2.1900115305634304e-04 |   2.1900115305634304e-04 | 1
  2, 24 |   2.1539632372046783e-04 |   2.1539632372046783e-04 | 1
  2, 25 |   1.9672235240594140e-04 |   1.9672235240594140e-04 | 1
  2, 26 |   2.4711155972267332e-04 |   2.4711155972267332e-04 | 1
  2, 27 |   2.2945752366592862e-04 |   2.2945752366592862e-04 | 1
  2, 28 |   2.2153544847605959e-04 |   2.2153544847605959e-04 | 1
  2, 29 |   2.2228541592571170e-04 |   2.2228541592571170e-04 | 1
  2, 30 |   2.2530618520864653e-04 |   2.2530618520864653e-04 | 1
  2, 31 |   2.2459305398219134e-04 |   2.2459305398219134e-04 | 1
  2, 32 |  -4.3723309582024831e-04 |  -4.3723309582024831e-04 | 1
  2, 33 |  -7.3292147715234578e-05 |  -7.3292147715234578e-05 | 1
  2, 34 |   2.3177837855967298e-04 |   2.3177837855967298e-04 | 1
  2, 35 |  -2.8139001512001912e-05 |  -2.8139001512001912e-05 | 1
  2, 36 |  -2.3045937217618143e-05 |  -2.3045937217618143e-05 | 1
  2, 37 |  -3.0222620455267996e-06 |  -3.0222620455267996e-06 | 1
  2, 38 |   2.0831291407709206e-05 |   2.0831291407709206e-05 | 1
  2, 39 |  -2.1901250431466018e-06 |  -2.1901250431466018e-06 | 1
  2, 40 |  -3.5561526308974335e-05 |  -3.5561526308974335e-05 | 1
  2, 41 |  -2.0992772852117337e-08 |  -2.0992772852117337e-08 | 1
  2, 42 |  -2.8560465290134287e-05 |  -2.8560465290134287e-05 | 1
  2, 43 |   1.2971029011383981e-06 |   1.2971029011383981e-06 | 1
  2, 44 |   1.8816263609105425e-04 |   1.8816263609105425e-04 | 1
  2, 45 |   4.5032979372891058e-04 |   4.5032979372891058e-04 | 1
  3,  1 |   1.7570952716395433e-04 |   1.7570952716395433e-04 | 1
  3,  2 |   1.8715695613002835e-04 |   1.8715695613002835e-04 | 1
  3,  3 |   1.3161132245144825e-02 |   1.3161132245144825e-02 | 1
  3,  4 |   1.7785094348715143e-04 |   1.7785094348715143e-04 | 1
  3,  5 |   2.2858996831366831e-04 |   2.2858996831366831e-04 | 1
  3,  6 |   1.8057228274879101e-04 |   1.8057228274879101e-04 | 1
  3,  7 |   1.4205900820504216e-04 |   1.4205900820504216e-04 | 1
  3,  8 |   1.7551983463980043e-04 |   1.7551983463980043e-04 | 1
  3,  9 |   1.6312073017923635e-04 |   1.6312073017923635e-04 | 1
  3, 10 |   1.8608403461355995e-04 |   1.8608403461355995e-04 | 1
  3, 11 |   2.0927503041040594e-04 |   2.0927503041040594e-04 | 1
  3, 12 |   1.5530722715887860e-04 |   1.5530722715887860e-04 | 1
  3, 13 |   1.6246202978573360e-04 |   1.6246202978573360e-04 | 1
  3, 14 |   1.9796462546534550e-04 |   1.9796462546534550e-04 | 1
  3, 15 |   1.9330763353701558e-04 |   1.9330763353701558e-04 | 1
  3, 16 |   1.8181595383073932e-04 |   1.8181595383073932e-04 | 1
  3, 17 |   1.8793788072322832e-04 |   1.8793788072322832e-04 | 1
  3, 18 |   1.9310631478824394e-04 |   1.9310631478824394e-04 | 1
  3, 19 |   2.0952937201493309e-04 |   2.0952937201493309e-04 | 1
  3, 20 |   1.9684558718987080e-04 |   1.9684558718987080e-04 | 1
  3, 21 |   1.6875925745324656e-04 |   1.6875925745324656e-04 | 1
  3, 22 |   1.1142078440809757e-04 |   1.1142078440809757e-04 | 1
  3, 23 |   1.9941854432299627e-04 |   1.9941854432299627e-04 | 1
  3, 24 |   1.9812965680706852e-04 |   1.9812965680706852e-04 | 1
  3, 25 |   1.7724666439554180e-04 |   1.7724666439554180e-04 | 1
  3, 26 |   2.2704962159729897e-04 |   2.2704962159729897e-04 | 1
  3, 27 |   1.8533864668879470e-04 |   1.8533864668879470e-04 | 1
  3, 28 |   1.9884136538255321e-04 |   1.9884136538255321e-04 | 1
  3, 29 |   2.0391114715653113e-04 |   2.0391114715653113e-04 | 1
  3, 30 |   1.9668500614379269e-04 |   1.9668500614379269e-04 | 1
  3, 31 |   2.0287229365731181e-04 |   2.0287229365731181e-04 | 1
  3, 32 |   1.3071131563315859e-05 |   1.3071131563315859e-05 | 1
  3, 33 |  -7.5107877361373986e-06 |  -7.5107877361373986e-06 | 1
  3, 34 |   1.8614795991865753e-04 |   1.8614795991865753e-04 | 1
  3, 35 |  -3.1295206815819344e-05 |  -3.1295206815819344e-05 | 1
  3, 36 |  -2.5236669377433962e-05 |  -2.5236669377433962e-05 | 1
  3, 37 |  -8.2978939800203165e-06 |  -8.2978939800203165e-06 | 1
  3, 38 |   5.0758198648786927e-07 |   5.0758198648786927e-07 | 1
  3, 39 |  -8.6255279576299836e-07 |  -8.6255279576299836e-07 | 1
  3, 40 |  -2.3770943583398941e-05 |  -2.3770943583398941e-05 | 1
  3, 41 |  -2.0103050109771957e-08 |  -2.0103050109771957e-08 | 1
  3, 42 |  -2.8513775760674418e-05 |  -2.8513775760674418e-05 | 1
  3, 43 |   1.3162635309260256e-06 |   1.3162635309260256e-06 | 1
  3, 44 |   1.7405289551869650e-04 |   1.7405289551869650e-04 | 1
  3, 45 |   1.0320179269261613e-06 |   1.0320179269261613e-06 | 1
  4,  1 |   1.8665943780845419e-04 |   1.8665943780845419e-04 | 1
  4,  2 |   1.9403817650633152e-04 |   1.9403817650633152e-04 | 1
  4,  3 |   1.7785094348715143e-04 |   1.7785094348715143e-04 | 1
  4,  4 |   1.6970407217890894e-03 |   1.6970407217890894e-03 | 1
  4,  5 |   2.1499929735019433e-04 |   2.1499929735019433e-04 | 1
  4,  6 |   1.7047968022695172e-04 |   1.7047968022695172e-04 | 1
  4,  7 |   1.6258264179706681e-04 |   1.6258264179706681e-04 | 1
  4,  8 |   1.8520490075642115e-04 |   1.8520490075642115e-04 | 1
  4,  9 |   1.7536109383626327e-04 |   1.7536109383626327e-04 | 1
  4, 10 |   2.1818315861393020e-04 |   2.1818315861393020e-04 | 1
  4, 11 |   1.8544461819585475e-04 |   1.8544461819585475e-04 | 1
  4, 12 |   1.5908713631596170e-04 |   1.5908713631596170e-04 | 1
  4, 13 |   1.6887280551030194e-04 |   1.6887280551030194e-04 | 1
  4, 14 |   2.2378771518459430e-04 |   2.2378771518459430e-04 | 1
  4, 15 |   2.4959104283238794e-04 |   2.4959104283238794e-04 | 1
  4, 16 |   2.0587867823659508e-04 |   2.0587867823659508e-04 | 1
  4, 17 |   1.9978138893380053e-04 |   1.9978138893380053e-04 | 1
  4, 18 |   1.9825085628604215e-04 |   1.9825085628604215e-04 | 1
  4, 19 |   2.4067716379940510e-04 |   2.4067716379940510e-04 | 1
  4, 20 |   2.0667343784869135e-04 |   2.0667343784869135e-04 | 1
  4, 21 |   1.7315556921571388e-04 |   1.7315556921571388e-04 | 1
  4, 22 |   1.2848640534765700e-04 |   1.2848640534765700e-04 | 1
  4, 23 |   2.1046043023467546e-04 |   2.1046043023467546e-04 | 1
  4, 24 |   2.0949048095522633e-04 |   2.0949048095522633e-04 | 1
  4, 25 |   1.8900443504548737e-04 |   1.8900443504548737e-04 | 1
  4, 26 |   2.3140876388581030e-04 |   2.3140876388581030e-04 | 1
  4, 27 |   1.8300280838527656e-04 |   1.8300280838527656e-04 | 1
  4, 28 |   2.1225010856159779e-04 |   2.1225010856159779e-04 | 1
  4, 29 |   2.1179382444370547e-04 |   2.1179382444370547e-04 | 1
  4, 30 |   2.0886098285505060e-04 |   2.0886098285505060e-04 | 1
  4, 31 |   2.1132284871762562e-04 |   2.1132284871762562e-04 | 1
  4, 32 |  -2.0780368588696546e-05 |  -2.0780368588696546e-05 | 1
  4, 33 |   7.2648619146172699e-05 |   7.2648619146172699e-05 | 1
  4, 34 |   2.1525177509360024e-04 |   2.1525177509360024e-04 | 1
  4, 35 |  -2.7570275017456171e-05 |  -2.7570275017456171e-05 | 1
  4, 36 |  -2.1465739167004208e-05 |  -2.1465739167004208e-05 | 1
  4, 37 |   3.6373857062729036e-06 |   3.6373857062729036e-06 | 1
  4, 38 |   2.3595375959809925e-05 |   2.3595375959809925e-05 | 1
  4, 39 |  -2.4272598406536185e-06 |  -2.4272598406536185e-06 | 1
  4, 40 |  -4.0708639328002191e-05 |  -4.0708639328002191e-05 | 1
  4, 41 |  -1.8927794604730103e-08 |  -1.8927794604730103e-08 | 1
  4, 42 |  -2.6354429876572519e-05 |  -2.6354429876572519e-05 | 1
  4, 43 |   1.1912253724737511e-06 |   1.1912253724737511e-06 | 1
  4, 44 |   1.7792676489168064e-04 |   1.7792676489168064e-04 | 1
  4, 45 |   3.2791020950773646e-05 |   3.2791020950773646e-05 | 1
  5,  1 |   2.3665467947165438e-04 |   2.3665467947165438e-04 | 1
  5,  2 |   2.4060243372632200e-04 |   2.4060243372632200e-04 | 1
  5,  3 |   2.2858996831366831e-04 |   2.2858996831366831e-04 | 1
  5,  4 |   2.1499929735019433e-04 |   2.1499929735019433e-04 | 1
  5,  5 |   1.0990394354881968e-02 |   1.0990394354881968e-02 | 1
  5,  6 |   2.5033202890636810e-04 |   2.5033202890636810e-04 | 1
  5,  7 |   1.9974621985734283e-04 |   1.9974621985734283e-04 | 1
  5,  8 |   2.1237631682364001e-04 |   2.1237631682364001e-04 | 1
  5,  9 |   2.2731549113619125e-04 |   2.2731549113619125e-04 | 1
  5, 10 |   1.8347807410481375e-04 |   1.8347807410481375e-04 | 1
  5, 11 |  -2.7268237541312236e-04 |  -2.7268237541312236e-04 | 1
  5, 12 |   2.1314067489638195e-04 |   2.1314067489638195e-04 | 1
  5, 13 |   2.2401189578407480e-04 |   2.2401189578407480e-04 | 1
  5, 14 |   2.5147166873964663e-04 |   2.5147166873964663e-04 | 1
  5, 15 |   1.3110971863167369e-04 |   1.3110971863167369e-04 | 1
  5, 16 |   1.7036011839300267e-04 |   1.7036011839300267e-04 | 1
  5, 17 |   2.4364355072568222e-04 |   2.4364355072568222e-04 | 1
  5, 18 |   2.8523394999582173e-04 |   2.8523394999582173e-04 | 1
  5, 19 |   2.3059606093665634e-04 |   2.3059606093665634e-04 | 1
  5, 20 |   2.3884233729098373e-04 |   2.3884233729098373e-04 | 1
  5, 21 |   2.5553727841218113e-04 |   2.5553727841218113e-04 | 1
  5, 22 |  -7.3421661984217633e-05 |  -7.3421661984217633e-05 | 1
  5, 23 |   2.7218729304743486e-04 |   2.7218729304743486e-04 | 1
  5, 24 |   2.1508028387512724e-04 |   2.1508028387512724e-04 | 1
  5, 25 |   2.2364919289613193e-04 |   2.2364919289613193e-04 | 1
  5, 26 |   2.9788155732974860e-04 |   2.9788155732974860e-04 | 1
  5, 27 |  -2.2181509675117127e-05 |  -2.2181509675117127e-05 | 1
  5, 28 |   1.7422596063026015e-04 |   1.7422596063026015e-04 | 1
  5, 29 |   2.6136352925006112e-04 |   2.6136352925006112e-04 | 1
  5, 30 |   2.0480692424520704e-04 |   2.0480692424520704e-04 | 1
  5, 31 |   2.3034395268047700e-04 |   2.3034395268047700e-04 | 1
  5, 32 |   1.2053785298585468e-04 |   1.2053785298585468e-04 | 1
  5, 33 |   2.6153533282039041e-04 |   2.6153533282039041e-04 | 1
  5, 34 |  -8.3328625657417733e-05 |  -8.3328625657417733e-05 | 1
  5, 35 |  -3.6802716972544639e-05 |  -3.6802716972544639e-05 | 1
  5, 36 |  -1.6559336317267914e-05 |  -1.6559336317267914e-05 | 1
  5, 37 |  -1.2917777412097720e-05 |  -1.2917777412097720e-05 | 1
  5, 38 |   5.7293664814236677e-06 |   5.7293664814236677e-06 | 1
  5, 39 |  -2.7589335366187907e-06 |  -2.7589335366187907e-06 | 1
  5, 40 |  -5.1312733291141620e-05 |  -5.1312733291141620e-05 | 1
  5, 41 |  -2.6110159420047954e-08 |  -2.6110159420047954e-08 | 1
  5, 42 |  -3.1786281904579592e-05 |  -3.1786281904579592e-05 | 1
  5, 43 |   1.4835567128967628e-06 |   1.4835567128967628e-06 | 1
  5, 44 |   2.2488791392378019e-04 |   2.2488791392378019e-04 | 1
  5, 45 |  -1.0610662506791369e-04 |  -1.0610662506791369e-04 | 1
  6,  1 |   1.8707471691245742e-04 |   1.8707471691245742e-04 | 1
  6,  2 |   1.9817128278456944e-04 |   1.9817128278456944e-04 | 1
  6,  3 |   1.8057228274879101e-04 |   1.8057228274879101e-04 | 1
  6,  4 |   1.7047968022695172e-04 |   1.7047968022695172e-04 | 1
  6,  5 |   2.5033202890636810e-04 |   2.5033202890636810e-04 | 1
  6,  6 |   1.7763931223998514e-02 |   1.7763931223998514e-02 | 1
  6,  7 |   1.2433848501240116e-04 |   1.2433848501240116e-04 | 1
  6,  8 |   1.7554206785525017e-04 |   1.7554206785525017e-04 | 1
  6,  9 |   1.8009315314157254e-04 |   1.8009315314157254e-04 | 1
  6, 10 |   1.3859600481667229e-04 |   1.3859600481667229e-04 | 1
  6, 11 |   1.0197500654058225e-03 |   1.0197500654058225e-03 | 1
  6, 12 |   1.6198762729303882e-04 |   1.6198762729303882e-04 | 1
  6, 13 |   1.6478860027444779e-04 |   1.6478860027444779e-04 | 1
  6, 14 |   1.2199103742111951e-04 |   1.2199103742111951e-04 | 1
  6, 15 |   6.4712240307182193e-05 |   6.4712240307182193e-05 | 1
  6, 16 |   1.5744514730250652e-04 |   1.5744514730250652e-04 | 1
  6, 17 |   1.9383178369274660e-04 |   1.9383178369274660e-04 | 1
  6, 18 |   2.0617710806921969e-04 |   2.0617710806921969e-04 | 1
  6, 19 |   1.6767383086720454e-04 |   1.6767383086720454e-04 | 1
  6, 20 |   2.0145901124287498e-04 |   2.0145901124287498e-04 | 1
  6, 21 |   2.0205835454760213e-04 |   2.0205835454760213e-04 | 1
  6, 22 |   3.2345769368954415e-04 |   3.2345769368954415e-04 | 1
  6, 23 |   2.1118473184635907e-04 |   2.1118473184635907e-04 | 1
  6, 24 |   2.1610933023878472e-04 |   2.1610933023878472e-04 | 1
  6, 25 |   1.9069443134917503e-04 |   1.9069443134917503e-04 | 1
  6, 26 |   2.4215781819670023e-04 |   2.4215781819670023e-04 | 1
  6, 27 |   4.4126474425661805e-04 |   4.4126474425661805e-04 | 1
  6, 28 |   2.3353530064028496e-04 |   2.3353530064028496e-04 | 1
  6, 29 |   2.0916879126498547e-04 |   2.0916879126498547e-04 | 1
  6, 30 |   2.4529774311678431e-04 |   2.4529774311678431e-04 | 1
  6, 31 |   2.3644692603076476e-04 |   2.3644692603076476e-04 | 1
  6, 32 |   1.1045224559516498e-04 |   1.1045224559516498e-04 | 1
  6, 33 |  -6.7245214311348279e-04 |  -6.7245214311348279e-04 | 1
  6, 34 |   3.6514503722601571e-04 |   3.6514503722601571e-04 | 1
  6, 35 |  -3.0419380282748286e-05 |  -3.0419380282748286e-05 | 1
  6, 36 |  -1.2703085645739370e-05 |  -1.2703085645739370e-05 | 1
  6, 37 |   3.9867475861008200e-07 |   3.9867475861008200e-07 | 1
  6, 38 |   2.3254090088746509e-05 |   2.3254090088746509e-05 | 1
  6, 39 |  -2.4506537947750347e-06 |  -2.4506537947750347e-06 | 1
  6, 40 |  -2.9644498521749986e-05 |  -2.9644498521749986e-05 | 1
  6, 41 |  -1.8552441841522672e-08 |  -1.8552441841522672e-08 | 1
  6, 42 |  -2.7604152615075483e-05 |  -2.7604152615075483e-05 | 1
  6, 43 |   1.2128458115492821e-06 |   1.2128458115492821e-06 | 1
  6, 44 |   1.7863765216945981e-04 |   1.7863765216945981e-04 | 1
  6, 45 |  -9.6097520311583340e-05 |  -9.6097520311583340e-05 | 1
  7,  1 |   1.5655174246154456e-04 |   1.5655174246154456e-04 | 1
  7,  2 |   1.6001918596753566e-04 |   1.6001918596753566e-04 | 1
  7,  3 |   1.4205900820504216e-04 |   1.4205900820504216e-04 | 1
  7,  4 |   1.6258264179706681e-04 |   1.6258264179706681e-04 | 1
  7,  5 |   1.9974621985734283e-04 |   1.9974621985734283e-04 | 1
  7,  6 |   1.2433848501240116e-04 |   1.2433848501240116e-04 | 1
  7,  7 |   1.8534604472173598e-02 |   1.8534604472173598e-02 | 1
  7,  8 |   1.5752075198391239e-04 |   1.5752075198391239e-04 | 1
  7,  9 |   1.4177114412368278e-04 |   1.4177114412368278e-04 | 1
  7, 10 |   2.1618907757345188e-04 |   2.1618907757345188e-04 | 1
  7, 11 |  -2.1788616023334038e-04 |  -2.1788616023334038e-04 | 1
  7, 12 |   1.3725402212172138e-04 |   1.3725402212172138e-04 | 1
  7, 13 |   1.3394905510344098e-04 |   1.3394905510344098e-04 | 1
  7, 14 |   2.2424327460790521e-04 |   2.2424327460790521e-04 | 1
  7, 15 |   2.5416398358132100e-04 |   2.5416398358132100e-04 | 1
  7, 16 |   1.8414236897651835e-04 |   1.8414236897651835e-04 | 1
  7, 17 |   1.6951786212729403e-04 |   1.6951786212729403e-04 | 1
  7, 18 |   1.5825796251519743e-04 |   1.5825796251519743e-04 | 1
  7, 19 |   2.1289665068385555e-04 |   2.1289665068385555e-04 | 1
  7, 20 |   1.7363744172296320e-04 |   1.7363744172296320e-04 | 1
  7, 21 |   1.4103612909754644e-04 |   1.4103612909754644e-04 | 1
  7, 22 |   1.3598372631533886e-05 |   1.3598372631533886e-05 | 1
  7, 23 |   1.6724600479904247e-04 |   1.6724600479904247e-04 | 1
  7, 24 |   1.6376023208411483e-04 |   1.6376023208411483e-04 | 1
  7, 25 |   1.6232690252426083e-04 |   1.6232690252426083e-04 | 1
  7, 26 |   2.1004455552776609e-04 |   2.1004455552776609e-04 | 1
  7, 27 |   3.7385788773567467e-05 |   3.7385788773567467e-05 | 1
  7, 28 |   1.5553098175817440e-04 |   1.5553098175817440e-04 | 1
  7, 29 |   1.8603173690910808e-04 |   1.8603173690910808e-04 | 1
  7, 30 |   1.5369332305973710e-04 |   1.5369332305973710e-04 | 1
  7, 31 |   1.6610889191903937e-04 |   1.6610889191903937e-04 | 1
  7, 32 |  -4.1890028131491698e-05 |  -4.1890028131491698e-05 | 1
  7, 33 |   3.6287179739297160e-04 |   3.6287179739297160e-04 | 1
  7, 34 |   7.4065195415852746e-05 |   7.4065195415852746e-05 | 1
  7, 35 |  -1.4764462233057655e-05 |  -1.4764462233057655e-05 | 1
  7, 36 |  -7.0425255592492538e-06 |  -7.0425255592492538e-06 | 1
  7, 37 |   1.1525562860321427e-05 |   1.1525562860321427e-05 | 1
  7, 38 |   2.8365061848466802e-05 |   2.8365061848466802e-05 | 1
  7, 39 |  -3.6485436175123431e-06 |  -3.6485436175123431e-06 | 1
  7, 40 |  -5.4998868383211101e-05 |  -5.4998868383211101e-05 | 1
  7, 41 |  -8.7043939950774362e-09 |  -8.7043939950774362e-09 | 1
  7, 42 |  -1.7098345237508409e-05 |  -1.7098345237508409e-05 | 1
  7, 43 |   5.8610374754952387e-07 |   5.8610374754952387e-07 | 1
  7, 44 |   1.4410909099709231e-04 |   1.4410909099709231e-04 | 1
  7, 45 |   5.7537023316270953e-05 |   5.7537023316270953e-05 | 1
  8,  1 |   1.7994670178540445e-04 |   1.7994670178540445e-04 | 1
  8,  2 |   1.8966413163592929e-04 |   1.8966413163592929e-04 | 1
  8,  3 |   1.7551983463980043e-04 |   1.7551983463980043e-04 | 1
  8,  4 |   1.8520490075642115e-04 |   1.8520490075642115e-04 | 1
  8,  5 |   2.1237631682364001e-04 |   2.1237631682364001e-04 | 1
  8,  6 |   1.7554206785525017e-04 |   1.7554206785525017e-04 | 1
  8,  7 |   1.5752075198391239e-04 |   1.5752075198391239e-04 | 1
  8,  8 |   1.9631256821512422e-03 |   1.9631256821512422e-03 | 1
  8,  9 |   1.6899382939518533e-04 |   1.6899382939518533e-04 | 1
  8, 10 |   2.1385868088945884e-04 |   2.1385868088945884e-04 | 1
  8, 11 |   2.4468746329538480e-04 |   2.4468746329538480e-04 | 1
  8, 12 |   1.5719865551270878e-04 |   1.5719865551270878e-04 | 1
  8, 13 |   1.6311478126132778e-04 |   1.6311478126132778e-04 | 1
  8, 14 |   2.1577100443558148e-04 |   2.1577100443558148e-04 | 1
  8, 15 |   2.4017012813709173e-04 |   2.4017012813709173e-04 | 1
  8, 16 |   2.0761651589745029e-04 |   2.0761651589745029e-04 | 1
  8, 17 |   1.9068762079295926e-04 |   1.9068762079295926e-04 | 1
  8, 18 |   1.8353266992544620e-04 |   1.8353266992544620e-04 | 1
  8, 19 |   2.3048829633984231e-04 |   2.3048829633984231e-04 | 1
  8, 20 |   2.0079531639161118e-04 |   2.0079531639161118e-04 | 1
  8, 21 |   1.6756873937426623e-04 |   1.6756873937426623e-04 | 1
  8, 22 |   1.4810753442034220e-04 |   1.4810753442034220e-04 | 1
  8, 23 |   2.0943475569459180e-04 |   2.0943475569459180e-04 | 1
  8, 24 |   2.0892015941029537e-04 |   2.0892015941029537e-04 | 1
  8, 25 |   1.8360480313286333e-04 |   1.8360480313286333e-04 | 1
  8, 26 |   2.2114088021023926e-04 |   2.2114088021023926e-04 | 1
  8, 27 |   2.1766364573200405e-04 |   2.1766364573200405e-04 | 1
  8, 28 |   2.0931932693579481e-04 |   2.0931932693579481e-04 | 1
  8, 29 |   2.0569495151961183e-04 |   2.0569495151961183e-04 | 1
  8, 30 |   2.0969158783709285e-04 |   2.0969158783709285e-04 | 1
  8, 31 |   2.1111905116991602e-04 |   2.1111905116991602e-04 | 1
  8, 32 |  -1.8755006766541462e-05 |  -1.8755006766541462e-05 | 1
  8, 33 |   1.4677207929043617e-05 |   1.4677207929043617e-05 | 1
  8, 34 |   2.3903942278488178e-04 |   2.3903942278488178e-04 | 1
  8, 35 |  -2.0131417873799935e-05 |  -2.0131417873799935e-05 | 1
  8, 36 |  -5.5911518760102180e-06 |  -5.5911518760102180e-06 | 1
  8, 37 |   1.2351503934035879e-05 |   1.2351503934035879e-05 | 1
  8, 38 |   2.9231562568697246e-05 |   2.9231562568697246e-05 | 1
  8, 39 |  -1.8981524502398691e-06 |  -1.8981524502398691e-06 | 1
  8, 40 |  -3.3648640935494376e-05 |  -3.3648640935494376e-05 | 1
  8, 41 |  -2.1506913155011298e-08 |  -2.1506913155011298e-08 | 1
  8, 42 |  -2.7207175679012196e-05 |  -2.7207175679012196e-05 | 1
  8, 43 |   1.1878050273485971e-06 |   1.1878050273485971e-06 | 1
  8, 44 |   1.7142433767527033e-04 |   1.7142433767527033e-04 | 1
  8, 45 |   3.3358153258891527e-05 |   3.3358153258891527e-05 | 1
  9,  1 |   1.8029836547604701e-04 |   1.8029836547604701e-04 | 1
  9,  2 |   1.8559488385194996e-04 |   1.8559488385194996e-04 | 1
  9,  3 |   1.6312073017923635e-04 |   1.6312073017923635e-04 | 1
  9,  4 |   1.7536109383626327e-04 |   1.7536109383626327e-04 | 1
  9,  5 |   2.2731549113619125e-04 |   2.2731549113619125e-04 | 1
  9,  6 |   1.8009315314157254e-04 |   1.8009315314157254e-04 | 1
  9,  7 |   1.4177114412368278e-04 |   1.4177114412368278e-04 | 1
  9,  8 |   1.6899382939518533e-04 |   1.6899382939518533e-04 | 1
  9,  9 |   7.9529490605038597e-03 |   7.9529490605038597e-03 | 1
  9, 10 |   1.8376566467774726e-04 |   1.8376566467774726e-04 | 1
  9, 11 |   3.7905771197287722e-04 |   3.7905771197287722e-04 | 1
  9, 12 |   1.5032143328552194e-04 |   1.5032143328552194e-04 | 1
  9, 13 |   1.6165296908767220e-04 |   1.6165296908767220e-04 | 1
  9, 14 |   1.8584831383826957e-04 |   1.8584831383826957e-04 | 1
  9, 15 |   1.7833016649222008e-04 |   1.7833016649222008e-04 | 1
  9, 16 |   1.7832357210934932e-04 |   1.7832357210934932e-04 | 1
  9, 17 |   1.9309749297631584e-04 |   1.9309749297631584e-04 | 1
  9, 18 |   1.9472027393445032e-04 |   1.9472027393445032e-04 | 1
  9, 19 |   2.0596604730004303e-04 |   2.0596604730004303e-04 | 1
  9, 20 |   1.9174688350330580e-04 |   1.9174688350330580e-04 | 1
  9, 21 |   1.7662564634653735e-04 |   1.7662564634653735e-04 | 1
  9, 22 |   1.5793716548142753e-04 |   1.5793716548142753e-04 | 1
  9, 23 |   1.9290176008440719e-04 |   1.9290176008440719e-04 | 1
  9, 24 |   1.9308640191088400e-04 |   1.9308640191088400e-04 | 1
  9, 25 |   1.8429634091474850e-04 |   1.8429634091474850e-04 | 1
  9, 26 |   2.3502975356620780e-04 |   2.3502975356620780e-04 | 1
  9, 27 |   2.2024429657113291e-04 |   2.2024429657113291e-04 | 1
  9, 28 |   2.0298326713084908e-04 |   2.0298326713084908e-04 | 1
  9, 29 |   2.0823290391708022e-04 |   2.0823290391708022e-04 | 1
  9, 30 |   2.0581818454706369e-04 |   2.0581818454706369e-04 | 1
  9, 31 |   2.0809572301496598e-04 |   2.0809572301496598e-04 | 1
  9, 32 |   2.4159443629907004e-05 |   2.4159443629907004e-05 | 1
  9, 33 |  -1.1521758207414707e-04 |  -1.1521758207414707e-04 | 1
  9, 34 |   2.2006939397122341e-04 |   2.2006939397122341e-04 | 1
  9, 35 |  -2.1712046690813899e-05 |  -2.1712046690813899e-05 | 1
  9, 36 |  -2.0399494200145510e-05 |  -2.0399494200145510e-05 | 1
  9, 37 |  -2.5886827493756543e-06 |  -2.5886827493756543e-06 | 1
  9, 38 |   1.9105384484184166e-05 |   1.9105384484184166e-05 | 1
  9, 39 |  -2.9835044017725157e-06 |  -2.9835044017725157e-06 | 1
  9, 40 |  -4.6075969867974806e-05 |  -4.6075969867974806e-05 | 1
  9, 41 |  -1.4716881461987786e-08 |  -1.4716881461987786e-08 | 1
  9, 42 |  -2.4316902915198428e-05 |  -2.4316902915198428e-05 | 1
  9, 43 |   1.1116563168944973e-06 |   1.1116563168944973e-06 | 1
  9, 44 |   1.7023335574475562e-04 |   1.7023335574475562e-04 | 1
  9, 45 |  -1.3187941171382194e-05 |  -1.3187941171382194e-05 | 1
 10,  1 |   1.9629239808816875e-04 |   1.9629239808816875e-04 | 1
 10,  2 |   2.0344113433816169e-04 |   2.0344113433816169e-04 | 1
 10,  3 |   1.8608403461355995e-04 |   1.8608403461355995e-04 | 1
 10,  4 |   2.1818315861393020e-04 |   2.1818315861393020e-04 | 1
 10,  5 |   1.8347807410481375e-04 |   1.8347807410481375e-04 | 1
 10,  6 |   1.3859600481667229e-04 |   1.3859600481667229e-04 | 1
 10,  7 |   2.1618907757345188e-04 |   2.1618907757345188e-04 | 1
 10,  8 |   2.1385868088945884e-04 |   2.1385868088945884e-04 | 1
 10,  9 |   1.8376566467774726e-04 |   1.8376566467774726e-04 | 1
 10, 10 |   3.3607929824327844e-02 |   3.3607929824327844e-02 | 1
 10, 11 |  -2.0934003145462495e-04 |  -2.0934003145462495e-04 | 1
 10, 12 |   1.6679068874970245e-04 |   1.6679068874970245e-04 | 1
 10, 13 |   1.8309771075717394e-04 |   1.8309771075717394e-04 | 1
 10, 14 |   3.0606825825464157e-04 |   3.0606825825464157e-04 | 1
 10, 15 |   4.3012056136626465e-04 |   4.3012056136626465e-04 | 1
 10, 16 |   2.6594574378789896e-04 |   2.6594574378789896e-04 | 1
 10, 17 |   2.1614656293586387e-04 |   2.1614656293586387e-04 | 1
 10, 18 |   2.0067209698953255e-04 |   2.0067209698953255e-04 | 1
 10, 19 |   3.1090173264740838e-04 |   3.1090173264740838e-04 | 1
 10, 20 |   2.2887787095735989e-04 |   2.2887787095735989e-04 | 1
 10, 21 |   1.6538211090098474e-04 |   1.6538211090098474e-04 | 1
 10, 22 |   8.0349989982127240e-05 |   8.0349989982127240e-05 | 1
 10, 23 |   2.2301527125589675e-04 |   2.2301527125589675e-04 | 1
 10, 24 |   2.3717177540312175e-04 |   2.3717177540312175e-04 | 1
 10, 25 |   2.1204401372760859e-04 |   2.1204401372760859e-04 | 1
 10, 26 |   2.3383604760859807e-04 |   2.3383604760859807e-04 | 1
 10, 27 |   1.2538613071242212e-04 |   1.2538613071242212e-04 | 1
 10, 28 |   2.2609264946555642e-04 |   2.2609264946555642e-04 | 1
 10, 29 |   2.3317308889692664e-04 |   2.3317308889692664e-04 | 1
 10, 30 |   2.2452997542087244e-04 |   2.2452997542087244e-04 | 1
 10, 31 |   2.2537463591108066e-04 |   2.2537463591108066e-04 | 1
 10, 32 |  -1.3651952535322521e-04 |  -1.3651952535322521e-04 | 1
 10, 33 |   4.9127598617814392e-04 |   4.9127598617814392e-04 | 1
 10, 34 |   2.2859428346925175e-04 |   2.2859428346925175e-04 | 1
 10, 35 |  -3.3536554329881604e-05 |  -3.3536554329881604e-05 | 1
 10, 36 |  -2.3885190265652279e-05 |  -2.3885190265652279e-05 | 1
 10, 37 |  -9.9609453485710099e-06 |  -9.9609453485710099e-06 | 1
 10, 38 |   9.5977430404539502e-06 |   9.5977430404539502e-06 | 1
 10, 39 |  -1.9092717897963623e-06 |  -1.9092717897963623e-06 | 1
 10, 40 |  -3.0677384266723867e-05 |  -3.0677384266723867e-05 | 1
 10, 41 |  -2.0174033143659994e-08 |  -2.0174033143659994e-08 | 1
 10, 42 |  -2.8052829233683511e-05 |  -2.8052829233683511e-05 | 1
 10, 43 |   1.1821718932917250e-06 |   1.1821718932917250e-06 | 1
 10, 44 |   1.9122733194310807e-04 |   1.9122733194310807e-04 | 1
 10, 45 |   1.5439541612151928e-04 |   1.5439541612151928e-04 | 1
 11,  1 |   3.2913991938148879e-04 |   3.2913991938148879e-04 | 1
 11,  2 |   3.3223136918846425e-04 |   3.3223136918846425e-04 | 1
 11,  3 |   2.0927503041040594e-04 |   2.0927503041040594e-04 | 1
 11,  4 |   1.8544461819585475e-04 |   1.8544461819585475e-04 | 1
 11,  5 |  -2.7268237541312236e-04 |  -2.7268237541312236e-04 | 1
 11,  6 |   1.0197500654058225e-03 |   1.0197500654058225e-03 | 1
 11,  7 |  -2.1788616023334038e-04 |  -2.1788616023334038e-04 | 1
 11,  8 |   2.4468746329538480e-04 |   2.4468746329538480e-04 | 1
 11,  9 |   3.7905771197287722e-04 |   3.7905771197287722e-04 | 1
 11, 10 |  -2.0934003145462495e-04 |  -2.0934003145462495e-04 | 1
 11, 11 |   1.9212932333274355e-02 |   1.9212932333274355e-02 | 1
 11, 12 |  -2.0613597212153058e-06 |  -2.0613597212153058e-06 | 1
 11, 13 |   2.4464191128034272e-04 |   2.4464191128034272e-04 | 1
 11, 14 |  -1.0777550156766675e-03 |  -1.0777550156766675e-03 | 1
 11, 15 |  -8.9722045656466477e-04 |  -8.9722045656466477e-04 | 1
 11, 16 |   2.7808424747056894e-04 |   2.7808424747056894e-04 | 1
 11, 17 |   3.6306702193067007e-04 |   3.6306702193067007e-04 | 1
 11, 18 |   1.0781116168329441e-04 |   1.0781116168329441e-04 | 1
 11, 19 |  -1.6575212124306883e-04 |  -1.6575212124306883e-04 | 1
 11, 20 |   3.5284636897366681e-04 |   3.5284636897366681e-04 | 1
 11, 21 |   5.4027157021739884e-04 |   5.4027157021739884e-04 | 1
 11, 22 |   5.8339658989364383e-03 |   5.8339658989364383e-03 | 1
 11, 23 |   3.5894104617143028e-04 |   3.5894104617143028e-04 | 1
 11, 24 |   8.9847627340985579e-04 |   8.9847627340985579e-04 | 1
 11, 25 |   5.1564617405211975e-04 |   5.1564617405211975e-04 | 1
 11, 26 |   3.5622447116223958e-04 |   3.5622447116223958e-04 | 1
 11, 27 |   6.7842161153155887e-03 |   6.7842161153155887e-03 | 1
 11, 28 |   1.5367774133431657e-03 |   1.5367774133431657e-03 | 1
 11, 29 |   3.6918511533891595e-04 |   3.6918511533891595e-04 | 1
 11, 30 |   1.4589999503839028e-03 |   1.4589999503839028e-03 | 1
 11, 31 |   1.1029767722438555e-03 |   1.1029767722438555e-03 | 1
 11, 32 |   7.0730174873141500e-04 |   7.0730174873141500e-04 | 1
 11, 33 |  -1.3791852313497093e-02 |  -1.3791852313497093e-02 | 1
 11, 34 |   6.2023405007663127e-03 |   6.2023405007663127e-03 | 1
 11, 35 |  -1.2659133052637776e-04 |  -1.2659133052637776e-04 | 1
 11, 36 |  -9.7532712758961634e-05 |  -9.7532712758961634e-05 | 1
 11, 37 |  -5.1525056794827730e-05 |  -5.1525056794827730e-05 | 1
 11, 38 |   5.0043158807902577e-06 |   5.0043158807902577e-06 | 1
 11, 39 |  -8.9326901691390585e-06 |  -8.9326901691390585e-06 | 1
 11, 40 |  -8.5639465901146341e-05 |  -8.5639465901146341e-05 | 1
 11, 41 |  -5.3165870118070681e-09 |  -5.3165870118070681e-09 | 1
 11, 42 |  -3.5703594364535135e-05 |  -3.5703594364535135e-05 | 1
 11, 43 |   1.8694954079266083e-06 |   1.8694954079266083e-06 | 1
 11, 44 |   3.0710737865328617e-04 |   3.0710737865328617e-04 | 1
 11, 45 |  -7.0590914874322944e-04 |  -7.0590914874322944e-04 | 1
 12,  1 |   1.5760411068400820e-04 |   1.5760411068400820e-04 | 1
 12,  2 |   1.7002655820674362e-04 |   1.7002655820674362e-04 | 1
 12,  3 |   1.5530722715887860e-04 |   1.5530722715887860e-04 | 1
 12,  4 |   1.5908713631596170e-04 |   1.5908713631596170e-04 | 1
 12,  5 |   2.1314067489638195e-04 |   2.1314067489638195e-04 | 1
 12,  6 |   1.6198762729303882e-04 |   1.6198762729303882e-04 | 1
 12,  7 |   1.3725402212172138e-04 |   1.3725402212172138e-04 | 1
 12,  8 |   1.5719865551270878e-04 |   1.5719865551270878e-04 | 1
 12,  9 |   1.5032143328552194e-04 |   1.5032143328552194e-04 | 1
 12, 10 |   1.6679068874970245e-04 |   1.6679068874970245e-04 | 1
 12, 11 |  -2.0613597212153058e-06 |  -2.0613597212153058e-06 | 1
 12, 12 |   1.4810180268618446e-02 |   1.4810180268618446e-02 | 1
 12, 13 |   1.4346143057039217e-04 |   1.4346143057039217e-04 | 1
 12, 14 |   1.8962123398190764e-04 |   1.8962123398190764e-04 | 1
 12, 15 |   1.7242473513458834e-04 |   1.7242473513458834e-04 | 1
 12, 16 |   1.6606254784568990e-04 |   1.6606254784568990e-04 | 1
 12, 17 |   1.6451820718436257e-04 |   1.6451820718436257e-04 | 1
 12, 18 |   1.7136739498363292e-04 |   1.7136739498363292e-04 | 1
 12, 19 |   1.8377284064064760e-04 |   1.8377284064064760e-04 | 1
 12, 20 |   1.7608076014108217e-04 |   1.7608076014108217e-04 | 1
 12, 21 |   1.4920648243820438e-04 |   1.4920648243820438e-04 | 1
 12, 22 |   4.8152037233815893e-05 |   4.8152037233815893e-05 | 1
 12, 23 |   1.7488778946159710e-04 |   1.7488778946159710e-04 | 1
 12, 24 |   1.5946193145537700e-04 |   1.5946193145537700e-04 | 1
 12, 25 |   1.5993407748134201e-04 |   1.5993407748134201e-04 | 1
 12, 26 |   2.0693112929770263e-04 |   2.0693112929770263e-04 | 1
 12, 27 |   1.1525887181450039e-04 |   1.1525887181450039e-04 | 1
 12, 28 |   1.6801754366784031e-04 |   1.6801754366784031e-04 | 1
 12, 29 |   1.8339106551997219e-04 |   1.8339106551997219e-04 | 1
 12, 30 |   1.6984666378952760e-04 |   1.6984666378952760e-04 | 1
 12, 31 |   1.7835761243968330e-04 |   1.7835761243968330e-04 | 1
 12, 32 |   2.0593684390031711e-05 |   2.0593684390031711e-05 | 1
 12, 33 |   9.3681162341617362e-05 |   9.3681162341617362e-05 | 1
 12, 34 |   1.0533885264349324e-04 |   1.0533885264349324e-04 | 1
 12, 35 |  -3.8468931273477296e-06 |  -3.8468931273477296e-06 | 1
 12, 36 |  -9.7650440695923820e-06 |  -9.7650440695923820e-06 | 1
 12, 37 |   1.0293371537293083e-05 |   1.0293371537293083e-05 | 1
 12, 38 |   2.2889339951507127e-05 |   2.2889339951507127e-05 | 1
 12, 39 |  -9.4659527735280022e-07 |  -9.4659527735280022e-07 | 1
 12, 40 |  -1.4577895653339058e-05 |  -1.4577895653339058e-05 | 1
 12, 41 |  -2.2993391596733469e-08 |  -2.2993391596733469e-08 | 1
 12, 42 |  -2.5550353792219179e-05 |  -2.5550353792219179e-05 | 1
 12, 43 |   1.0693189462032642e-06 |   1.0693189462032642e-06 | 1
 12, 44 |   1.5307072311655925e-04 |   1.5307072311655925e-04 | 1
 12, 45 |  -4.5656014083948029e-06 |  -4.5656014083948029e-06 | 1
 13,  1 |   1.7397894915153851e-04 |   1.7397894915153851e-04 | 1
 13,  2 |   1.7845196724823782e-04 |   1.7845196724823782e-04 | 1
 13,  3 |   1.6246202978573360e-04 |   1.6246202978573360e-04 | 1
 13,  4 |   1.6887280551030194e-04 |   1.6887280551030194e-04 | 1
 13,  5 |   2.2401189578407480e-04 |   2.2401189578407480e-04 | 1
 13,  6 |   1.6478860027444779e-04 |   1.6478860027444779e-04 | 1
 13,  7 |   1.3394905510344098e-04 |   1.3394905510344098e-04 | 1
 13,  8 |   1.6311478126132778e-04 |   1.6311478126132778e-04 | 1
 13,  9 |   1.6165296908767220e-04 |   1.6165296908767220e-04 | 1
 13, 10 |   1.8309771075717394e-04 |   1.8309771075717394e-04 | 1
 13, 11 |   2.4464191128034272e-04 |   2.4464191128034272e-04 | 1
 13, 12 |   1.4346143057039217e-04 |   1.4346143057039217e-04 | 1
 13, 13 |   1.1407439122263221e-02 |   1.1407439122263221e-02 | 1
 13, 14 |   1.8728135486783612e-04 |   1.8728135486783612e-04 | 1
 13, 15 |   1.9289674590661329e-04 |   1.9289674590661329e-04 | 1
 13, 16 |   1.7076920968556831e-04 |   1.7076920968556831e-04 | 1
 13, 17 |   1.8783596412133314e-04 |   1.8783596412133314e-04 | 1
 13, 18 |   1.8645889465310520e-04 |   1.8645889465310520e-04 | 1
 13, 19 |   2.0307014463691352e-04 |   2.0307014463691352e-04 | 1
 13, 20 |   1.8152875818897344e-04 |   1.8152875818897344e-04 | 1
 13, 21 |   1.7225474245786065e-04 |   1.7225474245786065e-04 | 1
 13, 22 |   1.1628609288117490e-04 |   1.1628609288117490e-04 | 1
 13, 23 |   1.9500652747310394e-04 |   1.9500652747310394e-04 | 1
 13, 24 |   1.8803261394281735e-04 |   1.8803261394281735e-04 | 1
 13, 25 |   1.7809406626351993e-04 |   1.7809406626351993e-04 | 1
 13, 26 |   2.2198014733749245e-04 |   2.2198014733749245e-04 | 1
 13, 27 |   1.7676768254801643e-04 |   1.7676768254801643e-04 | 1
 13, 28 |   1.9295060300991381e-04 |   1.9295060300991381e-04 | 1
 13, 29 |   2.0565344189547380e-04 |   2.0565344189547380e-04 | 1
 13, 30 |   1.9730048545532820e-04 |   1.9730048545532820e-04 | 1
 13, 31 |   2.0584127803987981e-04 |   2.0584127803987981e-04 | 1
 13, 32 |   1.3917930493752854e-05 |   1.3917930493752854e-05 | 1
 13, 33 |  -2.8271545755010039e-05 |  -2.8271545755010039e-05 | 1
 13, 34 |   1.8734227107703412e-04 |   1.8734227107703412e-04 | 1
 13, 35 |  -3.1951856191391832e-05 |  -3.1951856191391832e-05 | 1
 13, 36 |  -3.0049801459059346e-05 |  -3.0049801459059346e-05 | 1
 13, 37 |  -2.3098782260598557e-05 |  -2.3098782260598557e-05 | 1
 13, 38 |  -1.4987624014082244e-05 |  -1.4987624014082244e-05 | 1
 13, 39 |  -1.0596124437065188e-06 |  -1.0596124437065188e-06 | 1
 13, 40 |  -3.2814543990591696e-05 |  -3.2814543990591696e-05 | 1
 13, 41 |  -2.1392998179989073e-08 |  -2.1392998179989073e-08 | 1
 13, 42 |  -2.4011817597494519e-05 |  -2.4011817597494519e-05 | 1
 13, 43 |   1.1567022078213555e-06 |   1.1567022078213555e-06 | 1
 13, 44 |   1.7154283426998204e-04 |   1.7154283426998204e-04 | 1
 13, 45 |  -4.2172872589778153e-06 |  -4.2172872589778153e-06 | 1
 14,  1 |   2.0134861516991562e-04 |   2.0134861516991562e-04 | 1
 14,  2 |   2.1175728965119932e-04 |   2.1175728965119932e-04 | 1
 14,  3 |   1.9796462546534550e-04 |   1.9796462546534550e-04 | 1
 14,  4 |   2.2378771518459430e-04 |   2.2378771518459430e-04 | 1
 14,  5 |   2.5147166873964663e-04 |   2.5147166873964663e-04 | 1
 14,  6 |   1.2199103742111951e-04 |   1.2199103742111951e-04 | 1
 14,  7 |   2.2424327460790521e-04 |   2.2424327460790521e-04 | 1
 14,  8 |   2.1577100443558148e-04 |   2.1577100443558148e-04 | 1
 14,  9 |   1.8584831383826957e-04 |   1.8584831383826957e-04 | 1
 14, 10 |   3.0606825825464157e-04 |   3.0606825825464157e-04 | 1
 14, 11 |  -1.0777550156766675e-03 |  -1.0777550156766675e-03 | 1
 14, 12 |   1.8962123398190764e-04 |   1.8962123398190764e-04 | 1
 14, 13 |   1.8728135486783612e-04 |   1.8728135486783612e-04 | 1
 14, 14 |   9.0050705655073983e-03 |   9.0050705655073983e-03 | 1
 14, 15 |   4.2437515330578083e-04 |   4.2437515330578083e-04 | 1
 14, 16 |   2.5673702878206976e-04 |   2.5673702878206976e-04 | 1
 14, 17 |   2.1709911538252748e-04 |   2.1709911538252748e-04 | 1
 14, 18 |   2.2266313101704948e-04 |   2.2266313101704948e-04 | 1
 14, 19 |   3.2285217198473970e-04 |   3.2285217198473970e-04 | 1
 14, 20 |   2.2625723784393484e-04 |   2.2625723784393484e-04 | 1
 14, 21 |   1.5966968220484793e-04 |   1.5966968220484793e-04 | 1
 14, 22 |  -2.2378809575923739e-04 |  -2.2378809575923739e-04 | 1
 14, 23 |   2.2871278115789895e-04 |   2.2871278115789895e-04 | 1
 14, 24 |   2.0293804944883554e-04 |   2.0293804944883554e-04 | 1
 14, 25 |   1.9857601764521608e-04 |   1.9857601764521608e-04 | 1
 14, 26 |   2.4943857217599478e-04 |   2.4943857217599478e-04 | 1
 14, 27 |  -2.1110369525611475e-04 |  -2.1110369525611475e-04 | 1
 14, 28 |   1.6433900986430561e-04 |   1.6433900986430561e-04 | 1
 14, 29 |   2.3500028636140244e-04 |   2.3500028636140244e-04 | 1
 14, 30 |   1.7050041800978130e-04 |   1.7050041800978130e-04 | 1
 14, 31 |   1.8861881993081488e-04 |   1.8861881993081488e-04 | 1
 14, 32 |  -1.2060669998695961e-04 |  -1.2060669998695961e-04 | 1
 14, 33 |   1.0801119359925221e-03 |   1.0801119359925221e-03 | 1
 14, 34 |  -1.0347078273688359e-04 |  -1.0347078273688359e-04 | 1
 14, 35 |  -1.7127244623398127e-05 |  -1.7127244623398127e-05 | 1
 14, 36 |  -1.1265367923374555e-05 |  -1.1265367923374555e-05 | 1
 14, 37 |   3.4885790787372986e-06 |   3.4885790787372986e-06 | 1
 14, 38 |   3.0370734059290484e-05 |   3.0370734059290484e-05 | 1
 14, 39 |  -1.7235575016116431e-06 |  -1.7235575016116431e-06 | 1
 14, 40 |  -4.1626716833927663e-05 |  -4.1626716833927663e-05 | 1
 14, 41 |  -2.3244458076626663e-08 |  -2.3244458076626663e-08 | 1
 14, 42 |  -3.1583019741767607e-05 |  -3.1583019741767607e-05 | 1
 14, 43 |   1.4216233334401616e-06 |   1.4216233334401616e-06 | 1
 14, 44 |   1.9496071838203397e-04 |   1.9496071838203397e-04 | 1
 14, 45 |   1.3626714480123302e-04 |   1.3626714480123302e-04 | 1
 15,  1 |   2.0255341392383348e-04 |   2.0255341392383348e-04 | 1
 15,  2 |   2.0947168892100285e-04 |   2.0947168892100285e-04 | 1
 15,  3 |   1.9330763353701558e-04 |   1.9330763353701558e-04 | 1
 15,  4 |   2.4959104283238794e-04 |   2.4959104283238794e-04 | 1
 15,  5 |   1.3110971863167369e-04 |   1.3110971863167369e-04 | 1
 15,  6 |   6.4712240307182193e-05 |   6.4712240307182193e-05 | 1
 15,  7 |   2.5416398358132100e-04 |   2.5416398358132100e-04 | 1
 15,  8 |   2.4017012813709173e-04 |   2.4017012813709173e-04 | 1
 15,  9 |   1.7833016649222008e-04 |   1.7833016649222008e-04 | 1
 15, 10 |   4.3012056136626465e-04 |   4.3012056136626465e-04 | 1
 15, 11 |  -8.9722045656466477e-04 |  -8.9722045656466477e-04 | 1
 15, 12 |   1.7242473513458834e-04 |   1.7242473513458834e-04 | 1
 15, 13 |   1.9289674590661329e-04 |   1.9289674590661329e-04 | 1
 15, 14 |   4.2437515330578083e-04 |   4.2437515330578083e-04 | 1
 15, 15 |   1.2746979140308234e-02 |   1.2746979140308234e-02 | 1
 15, 16 |   3.4619929133954932e-04 |   3.4619929133954932e-04 | 1
 15, 17 |   2.3116489407516694e-04 |   2.3116489407516694e-04 | 1
 15, 18 |   1.8477799169213516e-04 |   1.8477799169213516e-04 | 1
 15, 19 |   4.0991755272281433e-04 |   4.0991755272281433e-04 | 1
 15, 20 |   2.4448624214820852e-04 |   2.4448624214820852e-04 | 1
 15, 21 |   1.3779221480140984e-04 |   1.3779221480140984e-04 | 1
 15, 22 |  -3.4082311050450354e-05 |  -3.4082311050450354e-05 | 1
 15, 23 |   2.2926197118054199e-04 |   2.2926197118054199e-04 | 1
 15, 24 |   2.5400124854634270e-04 |   2.5400124854634270e-04 | 1
 15, 25 |   2.2854366790624891e-04 |   2.2854366790624891e-04 | 1
 15, 26 |   2.3515148552869105e-04 |   2.3515148552869105e-04 | 1
 15, 27 |  -3.8160578648753757e-05 |  -3.8160578648753757e-05 | 1
 15, 28 |   2.3507288578096362e-04 |   2.3507288578096362e-04 | 1
 15, 29 |   2.4823879460640749e-04 |   2.4823879460640749e-04 | 1
 15, 30 |   2.2416378210691600e-04 |   2.2416378210691600e-04 | 1
 15, 31 |   2.1845981341979940e-04 |   2.1845981341979940e-04 | 1
 15, 32 |  -3.0756520013035075e-04 |  -3.0756520013035075e-04 | 1
 15, 33 |   1.1764226646412866e-03 |   1.1764226646412866e-03 | 1
 15, 34 |   1.9311083673481308e-04 |   1.9311083673481308e-04 | 1
 15, 35 |  -3.5770996166217181e-05 |  -3.5770996166217181e-05 | 1
 15, 36 |  -2.9496094079023489e-05 |  -2.9496094079023489e-05 | 1
 15, 37 |  -1.4005232928774002e-05 |  -1.4005232928774002e-05 | 1
 15, 38 |   1.3912178671922143e-05 |   1.3912178671922143e-05 | 1
 15, 39 |  -1.2551388704377013e-06 |  -1.2551388704377013e-06 | 1
 15, 40 |  -3.4323345868181497e-05 |  -3.4323345868181497e-05 | 1
 15, 41 |  -2.9914146686198185e-08 |  -2.9914146686198185e-08 | 1
 15, 42 |  -2.4614071806338448e-05 |  -2.4614071806338448e-05 | 1
 15, 43 |   9.4234757455536568e-07 |   9.4234757455536568e-07 | 1
 15, 44 |   1.9920902401162960e-04 |   1.9920902401162960e-04 | 1
 15, 45 |   3.2540167618964617e-04 |   3.2540167618964617e-04 | 1
 16,  1 |   1.8810686181980248e-04 |   1.8810686181980248e-04 | 1
 16,  2 |   1.9806615156375465e-04 |   1.9806615156375465e-04 | 1
 16,  3 |   1.8181595383073932e-04 |   1.8181595383073932e-04 | 1
 16,  4 |   2.0587867823659508e-04 |   2.0587867823659508e-04 | 1
 16,  5 |   1.7036011839300267e-04 |   1.7036011839300267e-04 | 1
 16,  6 |   1.5744514730250652e-04 |   1.5744514730250652e-04 | 1
 16,  7 |   1.8414236897651835e-04 |   1.8414236897651835e-04 | 1
 16,  8 |   2.0761651589745029e-04 |   2.0761651589745029e-04 | 1
 16,  9 |   1.7832357210934932e-04 |   1.7832357210934932e-04 | 1
 16, 10 |   2.6594574378789896e-04 |   2.6594574378789896e-04 | 1
 16, 11 |   2.7808424747056894e-04 |   2.7808424747056894e-04 | 1
 16, 12 |   1.6606254784568990e-04 |   1.6606254784568990e-04 | 1
 16, 13 |   1.7076920968556831e-04 |   1.7076920968556831e-04 | 1
 16, 14 |   2.5673702878206976e-04 |   2.5673702878206976e-04 | 1
 16, 15 |   3.4619929133954932e-04 |   3.4619929133954932e-04 | 1
 16, 16 |   2.9129407749255050e-03 |   2.9129407749255050e-03 | 1
 16, 17 |   2.0300766018800691e-04 |   2.0300766018800691e-04 | 1
 16, 18 |   1.7703169636444600e-04 |   1.7703169636444600e-04 | 1
 16, 19 |   2.7584115785341272e-04 |   2.7584115785341272e-04 | 1
 16, 20 |   2.1221827240116604e-04 |   2.1221827240116604e-04 | 1
 16, 21 |   1.5403493965766992e-04 |   1.5403493965766992e-04 | 1
 16, 22 |   2.0369060167336946e-04 |   2.0369060167336946e-04 | 1
 16, 23 |   2.1799739594048406e-04 |   2.1799739594048406e-04 | 1
 16, 24 |   2.3258640689424417e-04 |   2.3258640689424417e-04 | 1
 16, 25 |   2.0286122234263224e-04 |   2.0286122234263224e-04 | 1
 16, 26 |   2.2061876078465647e-04 |   2.2061876078465647e-04 | 1
 16, 27 |   2.7139785330494693e-04 |   2.7139785330494693e-04 | 1
 16, 28 |   2.4539543137058035e-04 |   2.4539543137058035e-04 | 1
 16, 29 |   2.1800232462749455e-04 |   2.1800232462749455e-04 | 1
 16, 30 |   2.3804319621383610e-04 |   2.3804319621383610e-04 | 1
 16, 31 |   2.3172740271301217e-04 |   2.3172740271301217e-04 | 1
 16, 32 |  -9.4229024141901201e-05 |  -9.4229024141901201e-05 | 1
 16, 33 |   9.6624792368063878e-05 |   9.6624792368063878e-05 | 1
 16, 34 |   3.4606135728823550e-04 |   3.4606135728823550e-04 | 1
 16, 35 |  -4.5080881114036026e-06 |  -4.5080881114036026e-06 | 1
 16, 36 |   1.8342055285876032e-06 |   1.8342055285876032e-06 | 1
 16, 37 |   2.3219209838718690e-05 |   2.3219209838718690e-05 | 1
 16, 38 |   4.2818765786071026e-05 |   4.2818765786071026e-05 | 1
 16, 39 |  -1.8967745245317960e-06 |  -1.8967745245317960e-06 | 1
 16, 40 |  -4.5865576822579219e-05 |  -4.5865576822579219e-05 | 1
 16, 41 |  -2.1794697875355370e-08 |  -2.1794697875355370e-08 | 1
 16, 42 |  -3.0241331307901612e-05 |  -3.0241331307901612e-05 | 1
 16, 43 |   1.3321466106395764e-06 |   1.3321466106395764e-06 | 1
 16, 44 |   1.7841205696508515e-04 |   1.7841205696508515e-04 | 1
 16, 45 |   1.1061324842837869e-04 |   1.1061324842837869e-04 | 1
 17,  1 |   2.0284549975171294e-04 |   2.0284549975171294e-04 | 1
 17,  2 |   2.0727123493813874e-04 |   2.0727123493813874e-04 | 1
 17,  3 |   1.8793788072322832e-04 |   1.8793788072322832e-04 | 1
 17,  4 |   1.9978138893380053e-04 |   1.9978138893380053e-04 | 1
 17,  5 |   2.4364355072568222e-04 |   2.4364355072568222e-04 | 1
 17,  6 |   1.9383178369274660e-04 |   1.9383178369274660e-04 | 1
 17,  7 |   1.6951786212729403e-04 |   1.6951786212729403e-04 | 1
 17,  8 |   1.9068762079295926e-04 |   1.9068762079295926e-04 | 1
 17,  9 |   1.9309749297631584e-04 |   1.9309749297631584e-04 | 1
 17, 10 |   2.1614656293586387e-04 |   2.1614656293586387e-04 | 1
 17, 11 |   3.6306702193067007e-04 |   3.6306702193067007e-04 | 1
 17, 12 |   1.6451820718436257e-04 |   1.6451820718436257e-04 | 1
 17, 13 |   1.8783596412133314e-04 |   1.8783596412133314e-04 | 1
 17, 14 |   2.1709911538252748e-04 |   2.1709911538252748e-04 | 1
 17, 15 |   2.3116489407516694e-04 |   2.3116489407516694e-04 | 1
 17, 16 |   2.0300766018800691e-04 |   2.0300766018800691e-04 | 1
 17, 17 |   3.9791062104868793e-03 |   3.9791062104868793e-03 | 1
 17, 18 |   2.2084887215125741e-04 |   2.2084887215125741e-04 | 1
 17, 19 |   2.4272795260151691e-04 |   2.4272795260151691e-04 | 1
 17, 20 |   2.1889940678141275e-04 |   2.1889940678141275e-04 | 1
 17, 21 |   1.9942765373999986e-04 |   1.9942765373999986e-04 | 1
 17, 22 |   1.7266382762471164e-04 |   1.7266382762471164e-04 | 1
 17, 23 |   2.2363686390162381e-04 |   2.2363686390162381e-04 | 1
 17, 24 |   2.2354867120665171e-04 |   2.2354867120665171e-04 | 1
 17, 25 |   2.0575410007178709e-04 |   2.0575410007178709e-04 | 1
 17, 26 |   2.5577736667743592e-04 |   2.5577736667743592e-04 | 1
 17, 27 |   2.3797970137312595e-04 |   2.3797970137312595e-04 | 1
 17, 28 |   2.3067860644172423e-04 |   2.3067860644172423e-04 | 1
 17, 29 |   2.3476128016481881e-04 |   2.3476128016481881e-04 | 1
 17, 30 |   2.3396780359623650e-04 |   2.3396780359623650e-04 | 1
 17, 31 |   2.3767911910579204e-04 |   2.3767911910579204e-04 | 1
 17, 32 |   7.8994060523914873e-06 |   7.8994060523914873e-06 | 1
 17, 33 |  -6.9030218814822864e-05 |  -6.9030218814822864e-05 | 1
 17, 34 |   2.5329359252399659e-04 |   2.5329359252399659e-04 | 1
 17, 35 |  -3.6327312157538662e-05 |  -3.6327312157538662e-05 | 1
 17, 36 |  -3.4071607811213327e-05 |  -3.4071607811213327e-05 | 1
 17, 37 |  -1.5333726045971415e-05 |  -1.5333726045971415e-05 | 1
 17, 38 |   4.1733605552641683e-06 |   4.1733605552641683e-06 | 1
 17, 39 |  -2.5954989180125052e-06 |  -2.5954989180125052e-06 | 1
 17, 40 |  -4.1956451626316751e-05 |  -4.1956451626316751e-05 | 1
 17, 41 |  -1.9455264442322348e-08 |  -1.9455264442322348e-08 | 1
 17, 42 |  -2.6802547149090716e-05 |  -2.6802547149090716e-05 | 1
 17, 43 |   1.2300433170891142e-06 |   1.2300433170891142e-06 | 1
 17, 44 |   1.9559537773629625e-04 |   1.9559537773629625e-04 | 1
 17, 45 |   4.1230158078131622e-06 |   4.1230158078131622e-06 | 1
 18,  1 |   2.0780571199860784e-04 |   2.0780571199860784e-04 | 1
 18,  2 |   2.1541916054301552e-04 |   2.1541916054301552e-04 | 1
 18,  3 |   1.9310631478824394e-04 |   1.9310631478824394e-04 | 1
 18,  4 |   1.9825085628604215e-04 |   1.9825085628604215e-04 | 1
 18,  5 |   2.8523394999582173e-04 |   2.8523394999582173e-04 | 1
 18,  6 |   2.0617710806921969e-04 |   2.0617710806921969e-04 | 1
 18,  7 |   1.5825796251519743e-04 |   1.5825796251519743e-04 | 1
 18,  8 |   1.8353266992544620e-04 |   1.8353266992544620e-04 | 1
 18,  9 |   1.9472027393445032e-04 |   1.9472027393445032e-04 | 1
 18, 10 |   2.0067209698953255e-04 |   2.0067209698953255e-04 | 1
 18, 11 |   1.0781116168329441e-04 |   1.0781116168329441e-04 | 1
 18, 12 |   1.7136739498363292e-04 |   1.7136739498363292e-04 | 1
 18, 13 |   1.8645889465310520e-04 |   1.8645889465310520e-04 | 1
 18, 14 |   2.2266313101704948e-04 |   2.2266313101704948e-04 | 1
 18, 15 |   1.8477799169213516e-04 |   1.8477799169213516e-04 | 1
 18, 16 |   1.7703169636444600e-04 |   1.7703169636444600e-04 | 1
 18, 17 |   2.2084887215125741e-04 |   2.2084887215125741e-04 | 1
 18, 18 |   1.4288127518579538e-02 |   1.4288127518579538e-02 | 1
 18, 19 |   2.4057877280029140e-04 |   2.4057877280029140e-04 | 1
 18, 20 |   2.2397160449289170e-04 |   2.2397160449289170e-04 | 1
 18, 21 |   2.1313653393840421e-04 |   2.1313653393840421e-04 | 1
 18, 22 |   5.7897248887009599e-05 |   5.7897248887009599e-05 | 1
 18, 23 |   2.2438657722027828e-04 |   2.2438657722027828e-04 | 1
 18, 24 |   2.0642816178985932e-04 |   2.0642816178985932e-04 | 1
 18, 25 |   2.0150460726669076e-04 |   2.0150460726669076e-04 | 1
 18, 26 |   2.7513088428393699e-04 |   2.7513088428393699e-04 | 1
 18, 27 |   1.1955500326538295e-04 |   1.1955500326538295e-04 | 1
 18, 28 |   2.0206941726967398e-04 |   2.0206941726967398e-04 | 1
 18, 29 |   2.3490043915083177e-04 |   2.3490043915083177e-04 | 1
 18, 30 |   2.0992544343104668e-04 |   2.0992544343104668e-04 | 1
 18, 31 |   2.1853869606964957e-04 |   2.1853869606964957e-04 | 1
 18, 32 |   4.5235180592203243e-05 |   4.5235180592203243e-05 | 1
 18, 33 |   6.6497623935827250e-05 |   6.6497623935827250e-05 | 1
 18, 34 |   1.1138862632330604e-04 |   1.1138862632330604e-04 | 1
 18, 35 |  -4.6296661839446317e-05 |  -4.6296661839446317e-05 | 1
 18, 36 |  -4.3992586860324315e-05 |  -4.3992586860324315e-05 | 1
 18, 37 |  -2.1134367517118742e-05 |  -2.1134367517118742e-05 | 1
 18, 38 |   1.0908653131484800e-05 |   1.0908653131484800e-05 | 1
 18, 39 |  -3.5195095555813733e-06 |  -3.5195095555813733e-06 | 1
 18, 40 |  -2.8615601722206691e-05 |  -2.8615601722206691e-05 | 1
 18, 41 |  -1.6789626301451303e-08 |  -1.6789626301451303e-08 | 1
 18, 42 |  -2.8381733737632862e-05 |  -2.8381733737632862e-05 | 1
 18, 43 |   1.3654660527941726e-06 |   1.3654660527941726e-06 | 1
 18, 44 |   1.9834306483991940e-04 |   1.9834306483991940e-04 | 1
 18, 45 |  -3.6692673070457842e-05 |  -3.6692673070457842e-05 | 1
 19,  1 |   2.2330712186206878e-04 |   2.2330712186206878e-04 | 1
 19,  2 |   2.3109339261801715e-04 |   2.3109339261801715e-04 | 1
 19,  3 |   2.0952937201493309e-04 |   2.0952937201493309e-04 | 1
 19,  4 |   2.4067716379940510e-04 |   2.4067716379940510e-04 | 1
 19,  5 |   2.3059606093665634e-04 |   2.3059606093665634e-04 | 1
 19,  6 |   1.6767383086720454e-04 |   1.6767383086720454e-04 | 1
 19,  7 |   2.1289665068385555e-04 |   2.1289665068385555e-04 | 1
 19,  8 |   2.3048829633984231e-04 |   2.3048829633984231e-04 | 1
 19,  9 |   2.0596604730004303e-04 |   2.0596604730004303e-04 | 1
 19, 10 |   3.1090173264740838e-04 |   3.1090173264740838e-04 | 1
 19, 11 |  -1.6575212124306883e-04 |  -1.6575212124306883e-04 | 1
 19, 12 |   1.8377284064064760e-04 |   1.8377284064064760e-04 | 1
 19, 13 |   2.0307014463691352e-04 |   2.0307014463691352e-04 | 1
 19, 14 |   3.2285217198473970e-04 |   3.2285217198473970e-04 | 1
 19, 15 |   4.0991755272281433e-04 |   4.0991755272281433e-04 | 1
 19, 16 |   2.7584115785341272e-04 |   2.7584115785341272e-04 | 1
 19, 17 |   2.4272795260151691e-04 |   2.4272795260151691e-04 | 1
 19, 18 |   2.4057877280029140e-04 |   2.4057877280029140e-04 | 1
 19, 19 |   3.1328208044832231e-02 |   3.1328208044832231e-02 | 1
 19, 20 |   2.4756414982719663e-04 |   2.4756414982719663e-04 | 1
 19, 21 |   1.9089001942433623e-04 |   1.9089001942433623e-04 | 1
 19, 22 |   5.4214106974701036e-05 |   5.4214106974701036e-05 | 1
 19, 23 |   2.5335537996435070e-04 |   2.5335537996435070e-04 | 1
 19, 24 |   2.5565883244092107e-04 |   2.5565883244092107e-04 | 1
 19, 25 |   2.2515003144694807e-04 |   2.2515003144694807e-04 | 1
 19, 26 |   2.6754954659931980e-04 |   2.6754954659931980e-04 | 1
 19, 27 |   1.0508616308168821e-04 |   1.0508616308168821e-04 | 1
 19, 28 |   2.4087424011543152e-04 |   2.4087424011543152e-04 | 1
 19, 29 |   2.5657899460337349e-04 |   2.5657899460337349e-04 | 1
 19, 30 |   2.4053122732655181e-04 |   2.4053122732655181e-04 | 1
 19, 31 |   2.4620166230989815e-04 |   2.4620166230989815e-04 | 1
 19, 32 |  -1.1119217003007249e-04 |  -1.1119217003007249e-04 | 1
 19, 33 |   4.7069038221727498e-04 |   4.7069038221727498e-04 | 1
 19, 34 |   2.0737073805768123e-04 |   2.0737073805768123e-04 | 1
 19, 35 |  -3.5414165706938707e-05 |  -3.5414165706938707e-05 | 1
 19, 36 |  -2.4546255035370306e-05 |  -2.4546255035370306e-05 | 1
 19, 37 |   8.9836802784585357e-07 |   8.9836802784585357e-07 | 1
 19, 38 |   3.3697277638260153e-05 |   3.3697277638260153e-05 | 1
 19, 39 |  -3.2281510274587130e-06 |  -3.2281510274587130e-06 | 1
 19, 40 |  -4.3596075616362653e-05 |  -4.3596075616362653e-05 | 1
 19, 41 |  -2.0208081182122874e-08 |  -2.0208081182122874e-08 | 1
 19, 42 |  -3.4128777931464590e-05 |  -3.4128777931464590e-05 | 1
 19, 43 |   1.6589867397817805e-06 |   1.6589867397817805e-06 | 1
 19, 44 |   2.1082789443626143e-04 |   2.1082789443626143e-04 | 1
 19, 45 |   1.2187056234288760e-04 |   1.2187056234288760e-04 | 1
 20,  1 |   2.0408986172962089e-04 |   2.0408986172962089e-04 | 1
 20,  2 |   2.1316602443797322e-04 |   2.1316602443797322e-04 | 1
 20,  3 |   1.9684558718987080e-04 |   1.9684558718987080e-04 | 1
 20,  4 |   2.0667343784869135e-04 |   2.0667343784869135e-04 | 1
 20,  5 |   2.3884233729098373e-04 |   2.3884233729098373e-04 | 1
 20,  6 |   2.0145901124287498e-04 |   2.0145901124287498e-04 | 1
 20,  7 |   1.7363744172296320e-04 |   1.7363744172296320e-04 | 1
 20,  8 |   2.0079531639161118e-04 |   2.0079531639161118e-04 | 1
 20,  9 |   1.9174688350330580e-04 |   1.9174688350330580e-04 | 1
 20, 10 |   2.2887787095735989e-04 |   2.2887787095735989e-04 | 1
 20, 11 |   3.5284636897366681e-04 |   3.5284636897366681e-04 | 1
 20, 12 |   1.7608076014108217e-04 |   1.7608076014108217e-04 | 1
 20, 13 |   1.8152875818897344e-04 |   1.8152875818897344e-04 | 1
 20, 14 |   2.2625723784393484e-04 |   2.2625723784393484e-04 | 1
 20, 15 |   2.4448624214820852e-04 |   2.4448624214820852e-04 | 1
 20, 16 |   2.1221827240116604e-04 |   2.1221827240116604e-04 | 1
 20, 17 |   2.1889940678141275e-04 |   2.1889940678141275e-04 | 1
 20, 18 |   2.2397160449289170e-04 |   2.2397160449289170e-04 | 1
 20, 19 |   2.4756414982719663e-04 |   2.4756414982719663e-04 | 1
 20, 20 |   8.6790079948763695e-03 |   8.6790079948763695e-03 | 1
 20, 21 |   1.9926746382630266e-04 |   1.9926746382630266e-04 | 1
 20, 22 |   1.8625982514877530e-04 |   1.8625982514877530e-04 | 1
 20, 23 |   2.2852189564434388e-04 |   2.2852189564434388e-04 | 1
 20, 24 |   2.3479535053599454e-04 |   2.3479535053599454e-04 | 1
 20, 25 |   2.0720474690018897e-04 |   2.0720474690018897e-04 | 1
 20, 26 |   2.6145295178795966e-04 |   2.6145295178795966e-04 | 1
 20, 27 |   2.5408514274424218e-04 |   2.5408514274424218e-04 | 1
 20, 28 |   2.4105653678005109e-04 |   2.4105653678005109e-04 | 1
 20, 29 |   2.3319064223676939e-04 |   2.3319064223676939e-04 | 1
 20, 30 |   2.3580537066394725e-04 |   2.3580537066394725e-04 | 1
 20, 31 |   2.3558425783142334e-04 |   2.3558425783142334e-04 | 1
 20, 32 |   2.0646708139604200e-06 |   2.0646708139604200e-06 | 1
 20, 33 |  -5.3268186840934331e-05 |  -5.3268186840934331e-05 | 1
 20, 34 |   2.6395846566941900e-04 |   2.6395846566941900e-04 | 1
 20, 35 |  -4.6033609860898718e-05 |  -4.6033609860898718e-05 | 1
 20, 36 |  -3.6180610581440127e-05 |  -3.6180610581440127e-05 | 1
 20, 37 |  -7.3539773828397948e-06 |  -7.3539773828397948e-06 | 1
 20, 38 |   1.3925527511939866e-05 |   1.3925527511939866e-05 | 1
 20, 39 |  -2.7027524081323374e-06 |  -2.7027524081323374e-06 | 1
 20, 40 |  -4.3761283922514883e-05 |  -4.3761283922514883e-05 | 1
 20, 41 |  -1.7219034833475140e-08 |  -1.7219034833475140e-08 | 1
 20, 42 |  -2.6436936202902849e-05 |  -2.6436936202902849e-05 | 1
 20, 43 |   1.0940439203674341e-06 |   1.0940439203674341e-06 | 1
 20, 44 |   1.9819903433893578e-04 |   1.9819903433893578e-04 | 1
 20, 45 |   1.4205576897488243e-05 |   1.4205576897488243e-05 | 1
 21,  1 |   1.8741623607565418e-04 |   1.8741623607565418e-04 | 1
 21,  2 |   1.9086933038161153e-04 |   1.9086933038161153e-04 | 1
 21,  3 |   1.6875925745324656e-04 |   1.6875925745324656e-04 | 1
 21,  4 |   1.7315556921571388e-04 |   1.7315556921571388e-04 | 1
 21,  5 |   2.5553727841218113e-04 |   2.5553727841218113e-04 | 1
 21,  6 |   2.0205835454760213e-04 |   2.0205835454760213e-04 | 1
 21,  7 |   1.4103612909754644e-04 |   1.4103612909754644e-04 | 1
 21,  8 |   1.6756873937426623e-04 |   1.6756873937426623e-04 | 1
 21,  9 |   1.7662564634653735e-04 |   1.7662564634653735e-04 | 1
 21, 10 |   1.6538211090098474e-04 |   1.6538211090098474e-04 | 1
 21, 11 |   5.4027157021739884e-04 |   5.4027157021739884e-04 | 1
 21, 12 |   1.4920648243820438e-04 |   1.4920648243820438e-04 | 1
 21, 13 |   1.7225474245786065e-04 |   1.7225474245786065e-04 | 1
 21, 14 |   1.5966968220484793e-04 |   1.5966968220484793e-04 | 1
 21, 15 |   1.3779221480140984e-04 |   1.3779221480140984e-04 | 1
 21, 16 |   1.5403493965766992e-04 |   1.5403493965766992e-04 | 1
 21, 17 |   1.9942765373999986e-04 |   1.9942765373999986e-04 | 1
 21, 18 |   2.1313653393840421e-04 |   2.1313653393840421e-04 | 1
 21, 19 |   1.9089001942433623e-04 |   1.9089001942433623e-04 | 1
 21, 20 |   1.9926746382630266e-04 |   1.9926746382630266e-04 | 1
 21, 21 |   2.5170970178405735e-02 |   2.5170970178405735e-02 | 1
 21, 22 |   1.9456277991827396e-04 |   1.9456277991827396e-04 | 1
 21, 23 |   1.9766524121034692e-04 |   1.9766524121034692e-04 | 1
 21, 24 |   2.0297070879648463e-04 |   2.0297070879648463e-04 | 1
 21, 25 |   1.8971815184950648e-04 |   1.8971815184950648e-04 | 1
 21, 26 |   2.4790193145045498e-04 |   2.4790193145045498e-04 | 1
 21, 27 |   2.6984413444514240e-04 |   2.6984413444514240e-04 | 1
 21, 28 |   2.0429498093410317e-04 |   2.0429498093410317e-04 | 1
 21, 29 |   2.1610173609636876e-04 |   2.1610173609636876e-04 | 1
 21, 30 |   2.1850243073037544e-04 |   2.1850243073037544e-04 | 1
 21, 31 |   2.1835346038111893e-04 |   2.1835346038111893e-04 | 1
 21, 32 |   6.7554813351752903e-05 |   6.7554813351752903e-05 | 1
 21, 33 |  -2.7762040764350279e-04 |  -2.7762040764350279e-04 | 1
 21, 34 |   2.3363122085056628e-04 |   2.3363122085056628e-04 | 1
 21, 35 |  -4.5180080223684986e-05 |  -4.5180080223684986e-05 | 1
 21, 36 |  -3.5736941713658427e-05 |  -3.5736941713658427e-05 | 1
 21, 37 |  -2.7657049310652854e-05 |  -2.7657049310652854e-05 | 1
 21, 38 |  -5.7777852865042770e-06 |  -5.7777852865042770e-06 | 1
 21, 39 |  -2.7761617909567947e-06 |  -2.7761617909567947e-06 | 1
 21, 40 |  -3.3564131731126745e-05 |  -3.3564131731126745e-05 | 1
 21, 41 |  -1.6444007741279885e-08 |  -1.6444007741279885e-08 | 1
 21, 42 |  -2.2249842271629754e-05 |  -2.2249842271629754e-05 | 1
 21, 43 |   9.7971699560595640e-07 |   9.7971699560595640e-07 | 1
 21, 44 |   1.8055537741426363e-04 |   1.8055537741426363e-04 | 1
 21, 45 |  -5.5783560262152404e-05 |  -5.5783560262152404e-05 | 1
 22,  1 |   1.5155574435236284e-04 |   1.5155574435236284e-04 | 1
 22,  2 |   1.5628138825855948e-04 |   1.5628138825855948e-04 | 1
 22,  3 |   1.1142078440809757e-04 |   1.1142078440809757e-04 | 1
 22,  4 |   1.2848640534765700e-04 |   1.2848640534765700e-04 | 1
 22,  5 |  -7.3421661984217633e-05 |  -7.3421661984217633e-05 | 1
 22,  6 |   3.2345769368954415e-04 |   3.2345769368954415e-04 | 1
 22,  7 |   1.3598372631533886e-05 |   1.3598372631533886e-05 | 1
 22,  8 |   1.4810753442034220e-04 |   1.4810753442034220e-04 | 1
 22,  9 |   1.5793716548142753e-04 |   1.5793716548142753e-04 | 1
 22, 10 |   8.0349989982127240e-05 |   8.0349989982127240e-05 | 1
 22, 11 |   5.8339658989364383e-03 |   5.8339658989364383e-03 | 1
 22, 12 |   4.8152037233815893e-05 |   4.8152037233815893e-05 | 1
 22, 13 |   1.1628609288117490e-04 |   1.1628609288117490e-04 | 1
 22, 14 |  -2.2378809575923739e-04 |  -2.2378809575923739e-04 | 1
 22, 15 |  -3.4082311050450354e-05 |  -3.4082311050450354e-05 | 1
 22, 16 |   2.0369060167336946e-04 |   2.0369060167336946e-04 | 1
 22, 17 |   1.7266382762471164e-04 |   1.7266382762471164e-04 | 1
 22, 18 |   5.7897248887009599e-05 |   5.7897248887009599e-05 | 1
 22, 19 |   5.4214106974701036e-05 |   5.4214106974701036e-05 | 1
 22, 20 |   1.8625982514877530e-04 |   1.8625982514877530e-04 | 1
 22, 21 |   1.9456277991827396e-04 |   1.9456277991827396e-04 | 1
 22, 22 |   4.2350479536890653e-02 |   4.2350479536890653e-02 | 1
 22, 23 |   1.6445194327176823e-04 |   1.6445194327176823e-04 | 1
 22, 24 |   3.6489988691407448e-04 |   3.6489988691407448e-04 | 1
 22, 25 |   2.2732054037727622e-04 |   2.2732054037727622e-04 | 1
 22, 26 |   1.7271500338882708e-04 |   1.7271500338882708e-04 | 1
 22, 27 |   2.1872437216384245e-03 |   2.1872437216384245e-03 | 1
 22, 28 |   5.7138010939814128e-04 |   5.7138010939814128e-04 | 1
 22, 29 |   1.8159746258154260e-04 |   1.8159746258154260e-04 | 1
 22, 30 |   5.2305373888235428e-04 |   5.2305373888235428e-04 | 1
 22, 31 |   4.1637257236859434e-04 |   4.1637257236859434e-04 | 1
 22, 32 |   1.0799871290700439e-04 |   1.0799871290700439e-04 | 1
 22, 33 |  -4.0301529984799953e-03 |  -4.0301529984799953e-03 | 1
 22, 34 |   2.0741354698472153e-03 |   2.0741354698472153e-03 | 1
 22, 35 |  -5.5677204831492414e-05 |  -5.5677204831492414e-05 | 1
 22, 36 |  -4.0419954989027589e-05 |  -4.0419954989027589e-05 | 1
 22, 37 |  -7.8140628816175529e-06 |  -7.8140628816175529e-06 | 1
 22, 38 |   1.9771091217041550e-06 |   1.9771091217041550e-06 | 1
 22, 39 |  -2.7061089040196049e-06 |  -2.7061089040196049e-06 | 1
 22, 40 |  -3.3950601656508670e-05 |  -3.3950601656508670e-05 | 1
 22, 41 |  -1.2821428900349327e-08 |  -1.2821428900349327e-08 | 1
 22, 42 |  -1.1720338942174958e-05 |  -1.1720338942174958e-05 | 1
 22, 43 |   2.5876819222745343e-07 |   2.5876819222745343e-07 | 1
 22, 44 |   1.4677761435052120e-04 |   1.4677761435052120e-04 | 1
 22, 45 |  -9.3361962837828729e-05 |  -9.3361962837828729e-05 | 1
 23,  1 |   2.0973491953192331e-04 |   2.0973491953192331e-04 | 1
 23,  2 |   2.1900115305634304e-04 |   2.1900115305634304e-04 | 1
 23,  3 |   1.9941854432299627e-04 |   1.9941854432299627e-04 | 1
 23,  4 |   2.1046043023467546e-04 |   2.1046043023467546e-04 | 1
 23,  5 |   2.7218729304743486e-04 |   2.7218729304743486e-04 | 1
 23,  6 |   2.1118473184635907e-04 |   2.1118473184635907e-04 | 1
 23,  7 |   1.6724600479904247e-04 |   1.6724600479904247e-04 | 1
 23,  8 |   2.0943475569459180e-04 |   2.0943475569459180e-04 | 1
 23,  9 |   1.9290176008440719e-04 |   1.9290176008440719e-04 | 1
 23, 10 |   2.2301527125589675e-04 |   2.2301527125589675e-04 | 1
 23, 11 |   3.5894104617143028e-04 |   3.5894104617143028e-04 | 1
 23, 12 |   1.7488778946159710e-04 |   1.7488778946159710e-04 | 1
 23, 13 |   1.9500652747310394e-04 |   1.9500652747310394e-04 | 1
 23, 14 |   2.2871278115789895e-04 |   2.2871278115789895e-04 | 1
 23, 15 |   2.2926197118054199e-04 |   2.2926197118054199e-04 | 1
 23, 16 |   2.1799739594048406e-04 |   2.1799739594048406e-04 | 1
 23, 17 |   2.2363686390162381e-04 |   2.2363686390162381e-04 | 1
 23, 18 |   2.2438657722027828e-04 |   2.2438657722027828e-04 | 1
 23, 19 |   2.5335537996435070e-04 |   2.5335537996435070e-04 | 1
 23, 20 |   2.2852189564434388e-04 |   2.2852189564434388e-04 | 1
 23, 21 |   1.9766524121034692e-04 |   1.9766524121034692e-04 | 1
 23, 22 |   1.6445194327176823e-04 |   1.6445194327176823e-04 | 1
 23, 23 |   1.6584581074624318e-02 |   1.6584581074624318e-02 | 1
 23, 24 |   2.4179378415367756e-04 |   2.4179378415367756e-04 | 1
 23, 25 |   2.0751754183074756e-04 |   2.0751754183074756e-04 | 1
 23, 26 |   2.6303615254173805e-04 |   2.6303615254173805e-04 | 1
 23, 27 |   2.4502917063993953e-04 |   2.4502917063993953e-04 | 1
 23, 28 |   2.3376977914099233e-04 |   2.3376977914099233e-04 | 1
 23, 29 |   2.3898795935581215e-04 |   2.3898795935581215e-04 | 1
 23, 30 |   2.3406718415677646e-04 |   2.3406718415677646e-04 | 1
 23, 31 |   2.4153425888296927e-04 |   2.4153425888296927e-04 | 1
 23, 32 |   1.1914106232811340e-05 |   1.1914106232811340e-05 | 1
 23, 33 |  -6.3663928881665802e-05 |  -6.3663928881665802e-05 | 1
 23, 34 |   2.5215119897607091e-04 |   2.5215119897607091e-04 | 1
 23, 35 |  -3.6688538342079213e-05 |  -3.6688538342079213e-05 | 1
 23, 36 |  -1.6564301733892740e-05 |  -1.6564301733892740e-05 | 1
 23, 37 |   1.4138752531827201e-06 |   1.4138752531827201e-06 | 1
 23, 38 |   1.3768324438333242e-05 |   1.3768324438333242e-05 | 1
 23, 39 |  -2.0312889760858664e-06 |  -2.0312889760858664e-06 | 1
 23, 40 |  -4.1954088139581102e-05 |  -4.1954088139581102e-05 | 1
 23, 41 |  -2.1948496798456112e-08 |  -2.1948496798456112e-08 | 1
 23, 42 |  -3.2621615083585036e-05 |  -3.2621615083585036e-05 | 1
 23, 43 |   1.5500077763698525e-06 |   1.5500077763698525e-06 | 1
 23, 44 |   2.0186248267023725e-04 |   2.0186248267023725e-04 | 1
 23, 45 |   1.7930825872593186e-06 |   1.7930825872593186e-06 | 1
 24,  1 |   2.0711212834320083e-04 |   2.0711212834320083e-04 | 1
 24,  2 |   2.1539632372046783e-04 |   2.1539632372046783e-04 | 1
 24,  3 |   1.9812965680706852e-04 |   1.9812965680706852e-04 | 1
 24,  4 |   2.0949048095522633e-04 |   2.0949048095522633e-04 | 1
 24,  5 |   2.1508028387512724e-04 |   2.1508028387512724e-04 | 1
 24,  6 |   2.1610933023878472e-04 |   2.1610933023878472e-04 | 1
 24,  7 |   1.6376023208411483e-04 |   1.6376023208411483e-04 | 1
 24,  8 |   2.0892015941029537e-04 |   2.0892015941029537e-04 | 1
 24,  9 |   1.9308640191088400e-04 |   1.9308640191088400e-04 | 1
 24, 10 |   2.3717177540312175e-04 |   2.3717177540312175e-04 | 1
 24, 11 |   8.9847627340985579e-04 |   8.9847627340985579e-04 | 1
 24, 12 |   1.5946193145537700e-04 |   1.5946193145537700e-04 | 1
 24, 13 |   1.8803261394281735e-04 |   1.8803261394281735e-04 | 1
 24, 14 |   2.0293804944883554e-04 |   2.0293804944883554e-04 | 1
 24, 15 |   2.5400124854634270e-04 |   2.5400124854634270e-04 | 1
 24, 16 |   2.3258640689424417e-04 |   2.3258640689424417e-04 | 1
 24, 17 |   2.2354867120665171e-04 |   2.2354867120665171e-04 | 1
 24, 18 |   2.0642816178985932e-04 |   2.0642816178985932e-04 | 1
 24, 19 |   2.5565883244092107e-04 |   2.5565883244092107e-04 | 1
 24, 20 |   2.3479535053599454e-04 |   2.3479535053599454e-04 | 1
 24, 21 |   2.0297070879648463e-04 |   2.0297070879648463e-04 | 1
 24, 22 |   3.6489988691407448e-04 |   3.6489988691407448e-04 | 1
 24, 23 |   2.4179378415367756e-04 |   2.4179378415367756e-04 | 1
 24, 24 |   3.8846160840298721e-03 |   3.8846160840298721e-03 | 1
 24, 25 |   2.1624771624456819e-04 |   2.1624771624456819e-04 | 1
 24, 26 |   2.5433544100145856e-04 |   2.5433544100145856e-04 | 1
 24, 27 |   4.5439972323807649e-04 |   4.5439972323807649e-04 | 1
 24, 28 |   2.7996406056053310e-04 |   2.7996406056053310e-04 | 1
 24, 29 |   2.3928046876844211e-04 |   2.3928046876844211e-04 | 1
 24, 30 |   2.7691081269523707e-04 |   2.7691081269523707e-04 | 1
 24, 31 |   2.6467544378563457e-04 |   2.6467544378563457e-04 | 1
 24, 32 |  -1.3211266017572216e-05 |  -1.3211266017572216e-05 | 1
 24, 33 |  -4.0527404780590887e-04 |  -4.0527404780590887e-04 | 1
 24, 34 |   4.7474909248480812e-04 |   4.7474909248480812e-04 | 1
 24, 35 |  -5.0626077193569048e-05 |  -5.0626077193569048e-05 | 1
 24, 36 |  -2.7586067601786019e-05 |  -2.7586067601786019e-05 | 1
 24, 37 |  -1.0641973458745074e-05 |  -1.0641973458745074e-05 | 1
 24, 38 |   5.7929737898780106e-06 |   5.7929737898780106e-06 | 1
 24, 39 |  -2.0857768755338761e-06 |  -2.0857768755338761e-06 | 1
 24, 40 |  -4.3303937621869200e-05 |  -4.3303937621869200e-05 | 1
 24, 41 |  -2.0517542722885854e-08 |  -2.0517542722885854e-08 | 1
 24, 42 |  -2.8675181962689768e-05 |  -2.8675181962689768e-05 | 1
 24, 43 |   1.2906612203432416e-06 |   1.2906612203432416e-06 | 1
 24, 44 |   2.0190025860475342e-04 |   2.0190025860475342e-04 | 1
 24, 45 |   2.7121107466896361e-05 |   2.7121107466896361e-05 | 1
 25,  1 |   1.9196452252154253e-04 |   1.9196452252154253e-04 | 1
 25,  2 |   1.9672235240594140e-04 |   1.9672235240594140e-04 | 1
 25,  3 |   1.7724666439554180e-04 |   1.7724666439554180e-04 | 1
 25,  4 |   1.8900443504548737e-04 |   1.8900443504548737e-04 | 1
 25,  5 |   2.2364919289613193e-04 |   2.2364919289613193e-04 | 1
 25,  6 |   1.9069443134917503e-04 |   1.9069443134917503e-04 | 1
 25,  7 |   1.6232690252426083e-04 |   1.6232690252426083e-04 | 1
 25,  8 |   1.8360480313286333e-04 |   1.8360480313286333e-04 | 1
 25,  9 |   1.8429634091474850e-04 |   1.8429634091474850e-04 | 1
 25, 10 |   2.1204401372760859e-04 |   2.1204401372760859e-04 | 1
 25, 11 |   5.1564617405211975e-04 |   5.1564617405211975e-04 | 1
 25, 12 |   1.5993407748134201e-04 |   1.5993407748134201e-04 | 1
 25, 13 |   1.7809406626351993e-04 |   1.7809406626351993e-04 | 1
 25, 14 |   1.9857601764521608e-04 |   1.9857601764521608e-04 | 1
 25, 15 |   2.2854366790624891e-04 |   2.2854366790624891e-04 | 1
 25, 16 |   2.0286122234263224e-04 |   2.0286122234263224e-04 | 1
 25, 17 |   2.0575410007178709e-04 |   2.0575410007178709e-04 | 1
 25, 18 |   2.0150460726669076e-04 |   2.0150460726669076e-04 | 1
 25, 19 |   2.2515003144694807e-04 |   2.2515003144694807e-04 | 1
 25, 20 |   2.0720474690018897e-04 |   2.0720474690018897e-04 | 1
 25, 21 |   1.8971815184950648e-04 |   1.8971815184950648e-04 | 1
 25, 22 |   2.2732054037727622e-04 |   2.2732054037727622e-04 | 1
 25, 23 |   2.0751754183074756e-04 |   2.0751754183074756e-04 | 1
 25, 24 |   2.1624771624456819e-04 |   2.1624771624456819e-04 | 1
 25, 25 |   1.1980062294433136e-02 |   1.1980062294433136e-02 | 1
 25, 26 |   2.4562261166693187e-04 |   2.4562261166693187e-04 | 1
 25, 27 |   3.1079610905632464e-04 |   3.1079610905632464e-04 | 1
 25, 28 |   2.3564553923182991e-04 |   2.3564553923182991e-04 | 1
 25, 29 |   2.2909042733363526e-04 |   2.2909042733363526e-04 | 1
 25, 30 |   2.4048531665568808e-04 |   2.4048531665568808e-04 | 1
 25, 31 |   2.4312847549787838e-04 |   2.4312847549787838e-04 | 1
 25, 32 |   6.0586820571734170e-06 |   6.0586820571734170e-06 | 1
 25, 33 |  -1.9476201514222229e-04 |  -1.9476201514222229e-04 | 1
 25, 34 |   3.1629307924744025e-04 |   3.1629307924744025e-04 | 1
 25, 35 |  -2.3322902970691062e-05 |  -2.3322902970691062e-05 | 1
 25, 36 |  -2.4475788138701138e-05 |  -2.4475788138701138e-05 | 1
 25, 37 |  -8.9543570045386288e-06 |  -8.9543570045386288e-06 | 1
 25, 38 |   8.3038582851895410e-06 |   8.3038582851895410e-06 | 1
 25, 39 |  -2.4100940985907381e-06 |  -2.4100940985907381e-06 | 1
 25, 40 |  -3.4964552871533900e-05 |  -3.4964552871533900e-05 | 1
 25, 41 |  -2.0946474556644450e-08 |  -2.0946474556644450e-08 | 1
 25, 42 |  -2.4619099825777357e-05 |  -2.4619099825777357e-05 | 1
 25, 43 |   1.0190009010594654e-06 |   1.0190009010594654e-06 | 1
 25, 44 |   1.8491148626577662e-04 |   1.8491148626577662e-04 | 1
 25, 45 |   9.6445457853315288e-06 |   9.6445457853315288e-06 | 1
 26,  1 |   2.3923575538575400e-04 |   2.3923575538575400e-04 | 1
 26,  2 |   2.4711155972267332e-04 |   2.4711155972267332e-04 | 1
 26,  3 |   2.2704962159729897e-04 |   2.2704962159729897e-04 | 1
 26,  4 |   2.3140876388581030e-04 |   2.3140876388581030e-04 | 1
 26,  5 |   2.9788155732974860e-04 |   2.9788155732974860e-04 | 1
 26,  6 |   2.4215781819670023e-04 |   2.4215781819670023e-04 | 1
 26,  7 |   2.1004455552776609e-04 |   2.1004455552776609e-04 | 1
 26,  8 |   2.2114088021023926e-04 |   2.2114088021023926e-04 | 1
 26,  9 |   2.3502975356620780e-04 |   2.3502975356620780e-04 | 1
 26, 10 |   2.3383604760859807e-04 |   2.3383604760859807e-04 | 1
 26, 11 |   3.5622447116223958e-04 |   3.5622447116223958e-04 | 1
 26, 12 |   2.0693112929770263e-04 |   2.0693112929770263e-04 | 1
 26, 13 |   2.2198014733749245e-04 |   2.2198014733749245e-04 | 1
 26, 14 |   2.4943857217599478e-04 |   2.4943857217599478e-04 | 1
 26, 15 |   2.3515148552869105e-04 |   2.3515148552869105e-04 | 1
 26, 16 |   2.2061876078465647e-04 |   2.2061876078465647e-04 | 1
 26, 17 |   2.5577736667743592e-04 |   2.5577736667743592e-04 | 1
 26, 18 |   2.7513088428393699e-04 |   2.7513088428393699e-04 | 1
 26, 19 |   2.6754954659931980e-04 |   2.6754954659931980e-04 | 1
 26, 20 |   2.6145295178795966e-04 |   2.6145295178795966e-04 | 1
 26, 21 |   2.4790193145045498e-04 |   2.4790193145045498e-04 | 1
 26, 22 |   1.7271500338882708e-04 |   1.7271500338882708e-04 | 1
 26, 23 |   2.6303615254173805e-04 |   2.6303615254173805e-04 | 1
 26, 24 |   2.5433544100145856e-04 |   2.5433544100145856e-04 | 1
 26, 25 |   2.4562261166693187e-04 |   2.4562261166693187e-04 | 1
 26, 26 |   2.5725489641830974e-02 |   2.5725489641830974e-02 | 1
 26, 27 |   2.5605349902565712e-04 |   2.5605349902565712e-04 | 1
 26, 28 |   2.6656834051369635e-04 |   2.6656834051369635e-04 | 1
 26, 29 |   2.7463952815258191e-04 |   2.7463952815258191e-04 | 1
 26, 30 |   2.7295717989355664e-04 |   2.7295717989355664e-04 | 1
 26, 31 |   2.7360421866540142e-04 |   2.7360421866540142e-04 | 1
 26, 32 |   4.3610144649064405e-05 |   4.3610144649064405e-05 | 1
 26, 33 |  -8.2632152587712286e-05 |  -8.2632152587712286e-05 | 1
 26, 34 |   2.4415980067475087e-04 |   2.4415980067475087e-04 | 1
 26, 35 |  -4.7705544749955571e-05 |  -4.7705544749955571e-05 | 1
 26, 36 |  -5.0291527286963234e-05 |  -5.0291527286963234e-05 | 1
 26, 37 |  -3.1319628198908206e-05 |  -3.1319628198908206e-05 | 1
 26, 38 |  -3.1772755610294444e-06 |  -3.1772755610294444e-06 | 1
 26, 39 |  -2.6636169548816314e-06 |  -2.6636169548816314e-06 | 1
 26, 40 |  -4.0189582597575954e-05 |  -4.0189582597575954e-05 | 1
 26, 41 |  -2.2239819160311581e-08 |  -2.2239819160311581e-08 | 1
 26, 42 |  -3.1239786494163840e-05 |  -3.1239786494163840e-05 | 1
 26, 43 |   1.3500197808361540e-06 |   1.3500197808361540e-06 | 1
 26, 44 |   2.3577091665518150e-04 |   2.3577091665518150e-04 | 1
 26, 45 |  -2.5945157323266288e-05 |  -2.5945157323266288e-05 | 1
 27,  1 |   2.1612272706130235e-04 |   2.1612272706130235e-04 | 1
 27,  2 |   2.2945752366592862e-04 |   2.2945752366592862e-04 | 1
 27,  3 |   1.8533864668879470e-04 |   1.8533864668879470e-04 | 1
 27,  4 |   1.8300280838527656e-04 |   1.8300280838527656e-04 | 1
 27,  5 |  -2.2181509675117127e-05 |  -2.2181509675117127e-05 | 1
 27,  6 |   4.4126474425661805e-04 |   4.4126474425661805e-04 | 1
 27,  7 |   3.7385788773567467e-05 |   3.7385788773567467e-05 | 1
 27,  8 |   2.1766364573200405e-04 |   2.1766364573200405e-04 | 1
 27,  9 |   2.2024429657113291e-04 |   2.2024429657113291e-04 | 1
 27, 10 |   1.2538613071242212e-04 |   1.2538613071242212e-04 | 1
 27, 11 |   6.7842161153155887e-03 |   6.7842161153155887e-03 | 1
 27, 12 |   1.1525887181450039e-04 |   1.1525887181450039e-04 | 1
 27, 13 |   1.7676768254801643e-04 |   1.7676768254801643e-04 | 1
 27, 14 |  -2.1110369525611475e-04 |  -2.1110369525611475e-04 | 1
 27, 15 |  -3.8160578648753757e-05 |  -3.8160578648753757e-05 | 1
 27, 16 |   2.7139785330494693e-04 |   2.7139785330494693e-04 | 1
 27, 17 |   2.3797970137312595e-04 |   2.3797970137312595e-04 | 1
 27, 18 |   1.1955500326538295e-04 |   1.1955500326538295e-04 | 1
 27, 19 |   1.0508616308168821e-04 |   1.0508616308168821e-04 | 1
 27, 20 |   2.5408514274424218e-04 |   2.5408514274424218e-04 | 1
 27, 21 |   2.6984413444514240e-04 |   2.6984413444514240e-04 | 1
 27, 22 |   2.1872437216384245e-03 |   2.1872437216384245e-03 | 1
 27, 23 |   2.4502917063993953e-04 |   2.4502917063993953e-04 | 1
 27, 24 |   4.5439972323807649e-04 |   4.5439972323807649e-04 | 1
 27, 25 |   3.1079610905632464e-04 |   3.1079610905632464e-04 | 1
 27, 26 |   2.5605349902565712e-04 |   2.5605349902565712e-04 | 1
 27, 27 |   6.7876669815183421e-02 |   6.7876669815183421e-02 | 1
 27, 28 |   6.8988893908117528e-04 |   6.8988893908117528e-04 | 1
 27, 29 |   2.6132217357052094e-04 |   2.6132217357052094e-04 | 1
 27, 30 |   6.5735580662660534e-04 |   6.5735580662660534e-04 | 1
 27, 31 |   5.3187828744373391e-04 |   5.3187828744373391e-04 | 1
 27, 32 |   1.5295957389204926e-04 |   1.5295957389204926e-04 | 1
 27, 33 |  -4.7022464960390017e-03 |  -4.7022464960390017e-03 | 1
 27, 34 |   2.4203570572756171e-03 |   2.4203570572756171e-03 | 1
 27, 35 |  -4.8301850587693647e-05 |  -4.8301850587693647e-05 | 1
 27, 36 |  -3.0507573053777033e-05 |  -3.0507573053777033e-05 | 1
 27, 37 |  -9.6444501837067270e-06 |  -9.6444501837067270e-06 | 1
 27, 38 |   6.2021186978658827e-06 |   6.2021186978658827e-06 | 1
 27, 39 |  -2.6504213597879805e-06 |  -2.6504213597879805e-06 | 1
 27, 40 |  -2.1047952020334626e-05 |  -2.1047952020334626e-05 | 1
 27, 41 |  -2.1740460082237353e-08 |  -2.1740460082237353e-08 | 1
 27, 42 |  -2.8046882762214580e-05 |  -2.8046882762214580e-05 | 1
 27, 43 |   1.0377381808591176e-06 |   1.0377381808591176e-06 | 1
 27, 44 |   2.1028064569245168e-04 |   2.1028064569245168e-04 | 1
 27, 45 |  -1.3028195800015229e-04 |  -1.3028195800015229e-04 | 1
 28,  1 |   2.1097148764980851e-04 |   2.1097148764980851e-04 | 1
 28,  2 |   2.2153544847605959e-04 |   2.2153544847605959e-04 | 1
 28,  3 |   1.9884136538255321e-04 |   1.9884136538255321e-04 | 1
 28,  4 |   2.1225010856159779e-04 |   2.1225010856159779e-04 | 1
 28,  5 |   1.7422596063026015e-04 |   1.7422596063026015e-04 | 1
 28,  6 |   2.3353530064028496e-04 |   2.3353530064028496e-04 | 1
 28,  7 |   1.5553098175817440e-04 |   1.5553098175817440e-04 | 1
 28,  8 |   2.0931932693579481e-04 |   2.0931932693579481e-04 | 1
 28,  9 |   2.0298326713084908e-04 |   2.0298326713084908e-04 | 1
 28, 10 |   2.2609264946555642e-04 |   2.2609264946555642e-04 | 1
 28, 11 |   1.5367774133431657e-03 |   1.5367774133431657e-03 | 1
 28, 12 |   1.6801754366784031e-04 |   1.6801754366784031e-04 | 1
 28, 13 |   1.9295060300991381e-04 |   1.9295060300991381e-04 | 1
 28, 14 |   1.6433900986430561e-04 |   1.6433900986430561e-04 | 1
 28, 15 |   2.3507288578096362e-04 |   2.3507288578096362e-04 | 1
 28, 16 |   2.4539543137058035e-04 |   2.4539543137058035e-04 | 1
 28, 17 |   2.3067860644172423e-04 |   2.3067860644172423e-04 | 1
 28, 18 |   2.0206941726967398e-04 |   2.0206941726967398e-04 | 1
 28, 19 |   2.4087424011543152e-04 |   2.4087424011543152e-04 | 1
 28, 20 |   2.4105653678005109e-04 |   2.4105653678005109e-04 | 1
 28, 21 |   2.0429498093410317e-04 |   2.0429498093410317e-04 | 1
 28, 22 |   5.7138010939814128e-04 |   5.7138010939814128e-04 | 1
 28, 23 |   2.3376977914099233e-04 |   2.3376977914099233e-04 | 1
 28, 24 |   2.7996406056053310e-04 |   2.7996406056053310e-04 | 1
 28, 25 |   2.3564553923182991e-04 |   2.3564553923182991e-04 | 1
 28, 26 |   2.6656834051369635e-04 |   2.6656834051369635e-04 | 1
 28, 27 |   6.8988893908117528e-04 |   6.8988893908117528e-04 | 1
 28, 28 |   8.5011469595084235e-03 |   8.5011469595084235e-03 | 1
 28, 29 |   2.4984149830877044e-04 |   2.4984149830877044e-04 | 1
 28, 30 |   3.2916944997574832e-04 |   3.2916944997574832e-04 | 1
 28, 31 |   2.9989835579688896e-04 |   2.9989835579688896e-04 | 1
 28, 32 |   1.7421403289507763e-06 |   1.7421403289507763e-06 | 1
 28, 33 |  -8.7419827089916190e-04 |  -8.7419827089916190e-04 | 1
 28, 34 |   7.0004588191221215e-04 |   7.0004588191221215e-04 | 1
 28, 35 |  -3.7414186586892697e-05 |  -3.7414186586892697e-05 | 1
 28, 36 |  -4.6220470403341647e-05 |  -4.6220470403341647e-05 | 1
 28, 37 |  -2.0642432014594356e-05 |  -2.0642432014594356e-05 | 1
 28, 38 |  -4.4838871086159706e-06 |  -4.4838871086159706e-06 | 1
 28, 39 |  -1.1170545208457701e-06 |  -1.1170545208457701e-06 | 1
 28, 40 |  -4.4678929905677080e-05 |  -4.4678929905677080e-05 | 1
 28, 41 |  -2.3043681197111501e-08 |  -2.3043681197111501e-08 | 1
 28, 42 |  -2.9776113799830969e-05 |  -2.9776113799830969e-05 | 1
 28, 43 |   1.3210225490456912e-06 |   1.3210225490456912e-06 | 1
 28, 44 |   2.1229549272543059e-04 |   2.1229549272543059e-04 | 1
 28, 45 |   1.4262622617766385e-05 |   1.4262622617766385e-05 | 1
 29,  1 |   2.1699571601100113e-04 |   2.1699571601100113e-04 | 1
 29,  2 |   2.2228541592571170e-04 |   2.2228541592571170e-04 | 1
 29,  3 |   2.0391114715653113e-04 |   2.0391114715653113e-04 | 1
 29,  4 |   2.1179382444370547e-04 |   2.1179382444370547e-04 | 1
 29,  5 |   2.6136352925006112e-04 |   2.6136352925006112e-04 | 1
 29,  6 |   2.0916879126498547e-04 |   2.0916879126498547e-04 | 1
 29,  7 |   1.8603173690910808e-04 |   1.8603173690910808e-04 | 1
 29,  8 |   2.0569495151961183e-04 |   2.0569495151961183e-04 | 1
 29,  9 |   2.0823290391708022e-04 |   2.0823290391708022e-04 | 1
 29, 10 |   2.3317308889692664e-04 |   2.3317308889692664e-04 | 1
 29, 11 |   3.6918511533891595e-04 |   3.6918511533891595e-04 | 1
 29, 12 |   1.8339106551997219e-04 |   1.8339106551997219e-04 | 1
 29, 13 |   2.0565344189547380e-04 |   2.0565344189547380e-04 | 1
 29, 14 |   2.3500028636140244e-04 |   2.3500028636140244e-04 | 1
 29, 15 |   2.4823879460640749e-04 |   2.4823879460640749e-04 | 1
 29, 16 |   2.1800232462749455e-04 |   2.1800232462749455e-04 | 1
 29, 17 |   2.3476128016481881e-04 |   2.3476128016481881e-04 | 1
 29, 18 |   2.3490043915083177e-04 |   2.3490043915083177e-04 | 1
 29, 19 |   2.5657899460337349e-04 |   2.5657899460337349e-04 | 1
 29, 20 |   2.3319064223676939e-04 |   2.3319064223676939e-04 | 1
 29, 21 |   2.1610173609636876e-04 |   2.1610173609636876e-04 | 1
 29, 22 |   1.8159746258154260e-04 |   1.8159746258154260e-04 | 1
 29, 23 |   2.3898795935581215e-04 |   2.3898795935581215e-04 | 1
 29, 24 |   2.3928046876844211e-04 |   2.3928046876844211e-04 | 1
 29, 25 |   2.2909042733363526e-04 |   2.2909042733363526e-04 | 1
 29, 26 |   2.7463952815258191e-04 |   2.7463952815258191e-04 | 1
 29, 27 |   2.6132217357052094e-04 |   2.6132217357052094e-04 | 1
 29, 28 |   2.4984149830877044e-04 |   2.4984149830877044e-04 | 1
 29, 29 |   9.7123947354014559e-03 |   9.7123947354014559e-03 | 1
 29, 30 |   2.5004502549043892e-04 |   2.5004502549043892e-04 | 1
 29, 31 |   2.5590583918983021e-04 |   2.5590583918983021e-04 | 1
 29, 32 |   9.6394137572179003e-06 |   9.6394137572179003e-06 | 1
 29, 33 |  -6.6950550465529957e-05 |  -6.6950550465529957e-05 | 1
 29, 34 |   2.6979630645346958e-04 |   2.6979630645346958e-04 | 1
 29, 35 |  -3.7664167590060147e-05 |  -3.7664167590060147e-05 | 1
 29, 36 |  -3.8095835689292717e-05 |  -3.8095835689292717e-05 | 1
 29, 37 |  -2.5376181843201849e-05 |  -2.5376181843201849e-05 | 1
 29, 38 |  -1.0153023185872038e-05 |  -1.0153023185872038e-05 | 1
 29, 39 |  -2.3116698650209798e-06 |  -2.3116698650209798e-06 | 1
 29, 40 |  -3.9383933958032208e-05 |  -3.9383933958032208e-05 | 1
 29, 41 |  -2.0224936312896535e-08 |  -2.0224936312896535e-08 | 1
 29, 42 |  -2.9679333076908541e-05 |  -2.9679333076908541e-05 | 1
 29, 43 |   1.3452702851418981e-06 |   1.3452702851418981e-06 | 1
 29, 44 |   2.1261477272236436e-04 |   2.1261477272236436e-04 | 1
 29, 45 |   6.1857581704603317e-06 |   6.1857581704603317e-06 | 1
 30,  1 |   2.1447974197448739e-04 |   2.1447974197448739e-04 | 1
 30,  2 |   2.2530618520864653e-04 |   2.2530618520864653e-04 | 1
 30,  3 |   1.9668500614379269e-04 |   1.9668500614379269e-04 | 1
 30,  4 |   2.0886098285505060e-04 |   2.0886098285505060e-04 | 1
 30,  5 |   2.0480692424520704e-04 |   2.0480692424520704e-04 | 1
 30,  6 |   2.4529774311678431e-04 |   2.4529774311678431e-04 | 1
 30,  7 |   1.5369332305973710e-04 |   1.5369332305973710e-04 | 1
 30,  8 |   2.0969158783709285e-04 |   2.0969158783709285e-04 | 1
 30,  9 |   2.0581818454706369e-04 |   2.0581818454706369e-04 | 1
 30, 10 |   2.2452997542087244e-04 |   2.2452997542087244e-04 | 1
 30, 11 |   1.4589999503839028e-03 |   1.4589999503839028e-03 | 1
 30, 12 |   1.6984666378952760e-04 |   1.6984666378952760e-04 | 1
 30, 13 |   1.9730048545532820e-04 |   1.9730048545532820e-04 | 1
 30, 14 |   1.7050041800978130e-04 |   1.7050041800978130e-04 | 1
 30, 15 |   2.2416378210691600e-04 |   2.2416378210691600e-04 | 1
 30, 16 |   2.3804319621383610e-04 |   2.3804319621383610e-04 | 1
 30, 17 |   2.3396780359623650e-04 |   2.3396780359623650e-04 | 1
 30, 18 |   2.0992544343104668e-04 |   2.0992544343104668e-04 | 1
 30, 19 |   2.4053122732655181e-04 |   2.4053122732655181e-04 | 1
 30, 20 |   2.3580537066394725e-04 |   2.3580537066394725e-04 | 1
 30, 21 |   2.1850243073037544e-04 |   2.1850243073037544e-04 | 1
 30, 22 |   5.2305373888235428e-04 |   5.2305373888235428e-04 | 1
 30, 23 |   2.3406718415677646e-04 |   2.3406718415677646e-04 | 1
 30, 24 |   2.7691081269523707e-04 |   2.7691081269523707e-04 | 1
 30, 25 |   2.4048531665568808e-04 |   2.4048531665568808e-04 | 1
 30, 26 |   2.7295717989355664e-04 |   2.7295717989355664e-04 | 1
 30, 27 |   6.5735580662660534e-04 |   6.5735580662660534e-04 | 1
 30, 28 |   3.2916944997574832e-04 |   3.2916944997574832e-04 | 1
 30, 29 |   2.5004502549043892e-04 |   2.5004502549043892e-04 | 1
 30, 30 |   1.0139320770985748e-02 |   1.0139320770985748e-02 | 1
 30, 31 |   2.9179263077420492e-04 |   2.9179263077420492e-04 | 1
 30, 32 |   1.5803910573258750e-05 |   1.5803910573258750e-05 | 1
 30, 33 |  -8.3049370333889393e-04 |  -8.3049370333889393e-04 | 1
 30, 34 |   6.5035551485851349e-04 |   6.5035551485851349e-04 | 1
 30, 35 |  -3.5555671062292419e-05 |  -3.5555671062292419e-05 | 1
 30, 36 |  -3.2290101286176024e-05 |  -3.2290101286176024e-05 | 1
 30, 37 |  -2.1896283199037397e-05 |  -2.1896283199037397e-05 | 1
 30, 38 |   1.0093344386563141e-05 |   1.0093344386563141e-05 | 1
 30, 39 |  -2.1794676118018696e-06 |  -2.1794676118018696e-06 | 1
 30, 40 |  -3.9157714467887676e-05 |  -3.9157714467887676e-05 | 1
 30, 41 |  -2.2399869298071235e-08 |  -2.2399869298071235e-08 | 1
 30, 42 |  -2.9804782416538647e-05 |  -2.9804782416538647e-05 | 1
 30, 43 |   1.3244584141249652e-06 |   1.3244584141249652e-06 | 1
 30, 44 |   2.1075991506326977e-04 |   2.1075991506326977e-04 | 1
 30, 45 |  -3.5240531675899602e-07 |  -3.5240531675899602e-07 | 1
 31,  1 |   2.1929873237875607e-04 |   2.1929873237875607e-04 | 1
 31,  2 |   2.2459305398219134e-04 |   2.2459305398219134e-04 | 1
 31,  3 |   2.0287229365731181e-04 |   2.0287229365731181e-04 | 1
 31,  4 |   2.1132284871762562e-04 |   2.1132284871762562e-04 | 1
 31,  5 |   2.3034395268047700e-04 |   2.3034395268047700e-04 | 1
 31,  6 |   2.3644692603076476e-04 |   2.3644692603076476e-04 | 1
 31,  7 |   1.6610889191903937e-04 |   1.6610889191903937e-04 | 1
 31,  8 |   2.1111905116991602e-04 |   2.1111905116991602e-04 | 1
 31,  9 |   2.0809572301496598e-04 |   2.0809572301496598e-04 | 1
 31, 10 |   2.2537463591108066e-04 |   2.2537463591108066e-04 | 1
 31, 11 |   1.1029767722438555e-03 |   1.1029767722438555e-03 | 1
 31, 12 |   1.7835761243968330e-04 |   1.7835761243968330e-04 | 1
 31, 13 |   2.0584127803987981e-04 |   2.0584127803987981e-04 | 1
 31, 14 |   1.8861881993081488e-04 |   1.8861881993081488e-04 | 1
 31, 15 |   2.1845981341979940e-04 |   2.1845981341979940e-04 | 1
 31, 16 |   2.3172740271301217e-04 |   2.3172740271301217e-04 | 1
 31, 17 |   2.3767911910579204e-04 |   2.3767911910579204e-04 | 1
 31, 18 |   2.1853869606964957e-04 |   2.1853869606964957e-04 | 1
 31, 19 |   2.4620166230989815e-04 |   2.4620166230989815e-04 | 1
 31, 20 |   2.3558425783142334e-04 |   2.3558425783142334e-04 | 1
 31, 21 |   2.1835346038111893e-04 |   2.1835346038111893e-04 | 1
 31, 22 |   4.1637257236859434e-04 |   4.1637257236859434e-04 | 1
 31, 23 |   2.4153425888296927e-04 |   2.4153425888296927e-04 | 1
 31, 24 |   2.6467544378563457e-04 |   2.6467544378563457e-04 | 1
 31, 25 |   2.4312847549787838e-04 |   2.4312847549787838e-04 | 1
 31, 26 |   2.7360421866540142e-04 |   2.7360421866540142e-04 | 1
 31, 27 |   5.3187828744373391e-04 |   5.3187828744373391e-04 | 1
 31, 28 |   2.9989835579688896e-04 |   2.9989835579688896e-04 | 1
 31, 29 |   2.5590583918983021e-04 |   2.5590583918983021e-04 | 1
 31, 30 |   2.9179263077420492e-04 |   2.9179263077420492e-04 | 1
 31, 31 |   2.1274430583509359e-02 |   2.1274430583509359e-02 | 1
 31, 32 |   1.8677019096008402e-05 |   1.8677019096008402e-05 | 1
 31, 33 |  -5.8813324999684984e-04 |  -5.8813324999684984e-04 | 1
 31, 34 |   5.2441523400257348e-04 |   5.2441523400257348e-04 | 1
 31, 35 |  -3.0221185033520990e-05 |  -3.0221185033520990e-05 | 1
 31, 36 |  -3.0496742512134576e-05 |  -3.0496742512134576e-05 | 1
 31, 37 |  -1.2275573093696575e-05 |  -1.2275573093696575e-05 | 1
 31, 38 |  -6.9371105035615063e-06 |  -6.9371105035615063e-06 | 1
 31, 39 |  -2.6149266613742846e-06 |  -2.6149266613742846e-06 | 1
 31, 40 |  -3.4857981213640133e-05 |  -3.4857981213640133e-05 | 1
 31, 41 |  -2.0065673906981328e-08 |  -2.0065673906981328e-08 | 1
 31, 42 |  -3.2359811996758386e-05 |  -3.2359811996758386e-05 | 1
 31, 43 |   1.5131529362421283e-06 |   1.5131529362421283e-06 | 1
 31, 44 |   2.1081897869479934e-04 |   2.1081897869479934e-04 | 1
 31, 45 |  -2.6202120556948729e-06 |  -2.6202120556948729e-06 | 1
 32,  1 |   1.7104888526365078e-05 |   1.7104888526365078e-05 | 1
 32,  2 |  -4.3723309582024831e-04 |  -4.3723309582024831e-04 | 1
 32,  3 |   1.3071131563315859e-05 |   1.3071131563315859e-05 | 1
 32,  4 |  -2.0780368588696546e-05 |  -2.0780368588696546e-05 | 1
 32,  5 |   1.2053785298585468e-04 |   1.2053785298585468e-04 | 1
 32,  6 |   1.1045224559516498e-04 |   1.1045224559516498e-04 | 1
 32,  7 |  -4.1890028131491698e-05 |  -4.1890028131491698e-05 | 1
 32,  8 |  -1.8755006766541462e-05 |  -1.8755006766541462e-05 | 1
 32,  9 |   2.4159443629907004e-05 |   2.4159443629907004e-05 | 1
 32, 10 |  -1.3651952535322521e-04 |  -1.3651952535322521e-04 | 1
 32, 11 |   7.0730174873141500e-04 |   7.0730174873141500e-04 | 1
 32, 12 |   2.0593684390031711e-05 |   2.0593684390031711e-05 | 1
 32, 13 |   1.3917930493752854e-05 |   1.3917930493752854e-05 | 1
 32, 14 |  -1.2060669998695961e-04 |  -1.2060669998695961e-04 | 1
 32, 15 |  -3.0756520013035075e-04 |  -3.0756520013035075e-04 | 1
 32, 16 |  -9.4229024141901201e-05 |  -9.4229024141901201e-05 | 1
 32, 17 |   7.8994060523914873e-06 |   7.8994060523914873e-06 | 1
 32, 18 |   4.5235180592203243e-05 |   4.5235180592203243e-05 | 1
 32, 19 |  -1.1119217003007249e-04 |  -1.1119217003007249e-04 | 1
 32, 20 |   2.0646708139604200e-06 |   2.0646708139604200e-06 | 1
 32, 21 |   6.7554813351752903e-05 |   6.7554813351752903e-05 | 1
 32, 22 |   1.0799871290700439e-04 |   1.0799871290700439e-04 | 1
 32, 23 |   1.1914106232811340e-05 |   1.1914106232811340e-05 | 1
 32, 24 |  -1.3211266017572216e-05 |  -1.3211266017572216e-05 | 1
 32, 25 |   6.0586820571734170e-06 |   6.0586820571734170e-06 | 1
 32, 26 |   4.3610144649064405e-05 |   4.3610144649064405e-05 | 1
 32, 27 |   1.5295957389204926e-04 |   1.5295957389204926e-04 | 1
 32, 28 |   1.7421403289507763e-06 |   1.7421403289507763e-06 | 1
 32, 29 |   9.6394137572179003e-06 |   9.6394137572179003e-06 | 1
 32, 30 |   1.5803910573258750e-05 |   1.5803910573258750e-05 | 1
 32, 31 |   1.8677019096008402e-05 |   1.8677019096008402e-05 | 1
 32, 32 |   4.4368977738596955e-04 |   4.4368977738596955e-04 | 1
 32, 33 |  -7.7587903910720049e-04 |  -7.7587903910720049e-04 | 1
 32, 34 |  -1.6954356310919836e-05 |  -1.6954356310919836e-05 | 1
 32, 35 |  -6.3579951760667524e-06 |  -6.3579951760667524e-06 | 1
 32, 36 |  -9.5025374306849546e-06 |  -9.5025374306849546e-06 | 1
 32, 37 |  -1.0964882280573965e-05 |  -1.0964882280573965e-05 | 1
 32, 38 |  -1.3780854458014689e-05 |  -1.3780854458014689e-05 | 1
 32, 39 |  -3.8727419975761759e-07 |  -3.8727419975761759e-07 | 1
 32, 40 |  -3.5078993910118169e-06 |  -3.5078993910118169e-06 | 1
 32, 41 |  -1.1558056628738410e-09 |  -1.1558056628738410e-09 | 1
 32, 42 |   1.2959577182196205e-07 |   1.2959577182196205e-07 | 1
 32, 43 |  -1.8301434347093269e-08 |  -1.8301434347093269e-08 | 1
 32, 44 |   1.6617667999939848e-05 |   1.6617667999939848e-05 | 1
 32, 45 |  -4.4277572531233630e-04 |  -4.4277572531233630e-04 | 1
 33,  1 |  -6.9937353845576610e-05 |  -6.9937353845576610e-05 | 1
 33,  2 |  -7.3292147715234578e-05 |  -7.3292147715234578e-05 | 1
 33,  3 |  -7.5107877361373986e-06 |  -7.5107877361373986e-06 | 1
 33,  4 |   7.2648619146172699e-05 |   7.2648619146172699e-05 | 1
 33,  5 |   2.6153533282039041e-04 |   2.6153533282039041e-04 | 1
 33,  6 |  -6.7245214311348279e-04 |  -6.7245214311348279e-04 | 1
 33,  7 |   3.6287179739297160e-04 |   3.6287179739297160e-04 | 1
 33,  8 |   1.4677207929043617e-05 |   1.4677207929043617e-05 | 1
 33,  9 |  -1.1521758207414707e-04 |  -1.1521758207414707e-04 | 1
 33, 10 |   4.9127598617814392e-04 |   4.9127598617814392e-04 | 1
 33, 11 |  -1.3791852313497093e-02 |  -1.3791852313497093e-02 | 1
 33, 12 |   9.3681162341617362e-05 |   9.3681162341617362e-05 | 1
 33, 13 |  -2.8271545755010039e-05 |  -2.8271545755010039e-05 | 1
 33, 14 |   1.0801119359925221e-03 |   1.0801119359925221e-03 | 1
 33, 15 |   1.1764226646412866e-03 |   1.1764226646412866e-03 | 1
 33, 16 |   9.6624792368063878e-05 |   9.6624792368063878e-05 | 1
 33, 17 |  -6.9030218814822864e-05 |  -6.9030218814822864e-05 | 1
 33, 18 |   6.6497623935827250e-05 |   6.6497623935827250e-05 | 1
 33, 19 |   4.7069038221727498e-04 |   4.7069038221727498e-04 | 1
 33, 20 |  -5.3268186840934331e-05 |  -5.3268186840934331e-05 | 1
 33, 21 |  -2.7762040764350279e-04 |  -2.7762040764350279e-04 | 1
 33, 22 |  -4.0301529984799953e-03 |  -4.0301529984799953e-03 | 1
 33, 23 |  -6.3663928881665802e-05 |  -6.3663928881665802e-05 | 1
 33, 24 |  -4.0527404780590887e-04 |  -4.0527404780590887e-04 | 1
 33, 25 |  -1.9476201514222229e-04 |  -1.9476201514222229e-04 | 1
 33, 26 |  -8.2632152587712286e-05 |  -8.2632152587712286e-05 | 1
 33, 27 |  -4.7022464960390017e-03 |  -4.7022464960390017e-03 | 1
 33, 28 |  -8.7419827089916190e-04 |  -8.7419827089916190e-04 | 1
 33, 29 |  -6.6950550465529957e-05 |  -6.6950550465529957e-05 | 1
 33, 30 |  -8.3049370333889393e-04 |  -8.3049370333889393e-04 | 1
 33, 31 |  -5.8813324999684984e-04 |  -5.8813324999684984e-04 | 1
 33, 32 |  -7.7587903910720049e-04 |  -7.7587903910720049e-04 | 1
 33, 33 |   1.0439563102736207e-02 |   1.0439563102736207e-02 | 1
 33, 34 |  -4.0634776339902199e-03 |  -4.0634776339902199e-03 | 1
 33, 35 |   5.8692869758889110e-05 |   5.8692869758889110e-05 | 1
 33, 36 |   5.7666884234613698e-05 |   5.7666884234613698e-05 | 1
 33, 37 |   4.2918945064603843e-05 |   4.2918945064603843e-05 | 1
 33, 38 |   3.8035254954584081e-05 |   3.8035254954584081e-05 | 1
 33, 39 |   2.3398338542688879e-06 |   2.3398338542688879e-06 | 1
 33, 40 |  -4.5277068465144276e-07 |  -4.5277068465144276e-07 | 1
 33, 41 |   2.4836254364518592e-10 |   2.4836254364518592e-10 | 1
 33, 42 |   1.1870879345058766e-06 |   1.1870879345058766e-06 | 1
 33, 43 |  -8.9517780649606843e-08 |  -8.9517780649606843e-08 | 1
 33, 44 |  -6.6938875997407644e-05 |  -6.6938875997407644e-05 | 1
 33, 45 |   7.7842003640402144e-04 |   7.7842003640402144e-04 | 1
 34,  1 |   2.2181587247662371e-04 |   2.2181587247662371e-04 | 1
 34,  2 |   2.3177837855967298e-04 |   2.3177837855967298e-04 | 1
 34,  3 |   1.8614795991865753e-04 |   1.8614795991865753e-04 | 1
 34,  4 |   2.1525177509360024e-04 |   2.1525177509360024e-04 | 1
 34,  5 |  -8.3328625657417733e-05 |  -8.3328625657417733e-05 | 1
 34,  6 |   3.6514503722601571e-04 |   3.6514503722601571e-04 | 1
 34,  7 |   7.4065195415852746e-05 |   7.4065195415852746e-05 | 1
 34,  8 |   2.3903942278488178e-04 |   2.3903942278488178e-04 | 1
 34,  9 |   2.2006939397122341e-04 |   2.2006939397122341e-04 | 1
 34, 10 |   2.2859428346925175e-04 |   2.2859428346925175e-04 | 1
 34, 11 |   6.2023405007663127e-03 |   6.2023405007663127e-03 | 1
 34, 12 |   1.0533885264349324e-04 |   1.0533885264349324e-04 | 1
 34, 13 |   1.8734227107703412e-04 |   1.8734227107703412e-04 | 1
 34, 14 |  -1.0347078273688359e-04 |  -1.0347078273688359e-04 | 1
 34, 15 |   1.9311083673481308e-04 |   1.9311083673481308e-04 | 1
 34, 16 |   3.4606135728823550e-04 |   3.4606135728823550e-04 | 1
 34, 17 |   2.5329359252399659e-04 |   2.5329359252399659e-04 | 1
 34, 18 |   1.1138862632330604e-04 |   1.1138862632330604e-04 | 1
 34, 19 |   2.0737073805768123e-04 |   2.0737073805768123e-04 | 1
 34, 20 |   2.6395846566941900e-04 |   2.6395846566941900e-04 | 1
 34, 21 |   2.3363122085056628e-04 |   2.3363122085056628e-04 | 1
 34, 22 |   2.0741354698472153e-03 |   2.0741354698472153e-03 | 1
 34, 23 |   2.5215119897607091e-04 |   2.5215119897607091e-04 | 1
 34, 24 |   4.7474909248480812e-04 |   4.7474909248480812e-04 | 1
 34, 25 |   3.1629307924744025e-04 |   3.1629307924744025e-04 | 1
 34, 26 |   2.4415980067475087e-04 |   2.4415980067475087e-04 | 1
 34, 27 |   2.4203570572756171e-03 |   2.4203570572756171e-03 | 1
 34, 28 |   7.0004588191221215e-04 |   7.0004588191221215e-04 | 1
 34, 29 |   2.6979630645346958e-04 |   2.6979630645346958e-04 | 1
 34, 30 |   6.5035551485851349e-04 |   6.5035551485851349e-04 | 1
 34, 31 |   5.2441523400257348e-04 |   5.2441523400257348e-04 | 1
 34, 32 |  -1.6954356310919836e-05 |  -1.6954356310919836e-05 | 1
 34, 33 |  -4.0634776339902199e-03 |  -4.0634776339902199e-03 | 1
 34, 34 |   3.3608864130942151e-03 |   3.3608864130942151e-03 | 1
 34, 35 |  -5.0825905630224339e-05 |  -5.0825905630224339e-05 | 1
 34, 36 |  -4.0082454428735107e-05 |  -4.0082454428735107e-05 | 1
 34, 37 |  -1.0247873108021128e-05 |  -1.0247873108021128e-05 | 1
 34, 38 |   1.0948329119232223e-05 |   1.0948329119232223e-05 | 1
 34, 39 |  -2.5576590288619739e-06 |  -2.5576590288619739e-06 | 1
 34, 40 |  -3.9476322838454781e-05 |  -3.9476322838454781e-05 | 1
 34, 41 |  -2.1301936840934754e-08 |  -2.1301936840934754e-08 | 1
 34, 42 |  -2.9884337463106101e-05 |  -2.9884337463106101e-05 | 1
 34, 43 |   1.2862398333319088e-06 |   1.2862398333319088e-06 | 1
 34, 44 |   2.1595710418819618e-04 |   2.1595710418819618e-04 | 1
 34, 45 |   3.3312498526921590e-05 |   3.3312498526921590e-05 | 1
 35,  1 |  -2.9139278685541820e-05 |  -2.9139278685541820e-05 | 1
 35,  2 |  -2.8139001512001912e-05 |  -2.8139001512001912e-05 | 1
 35,  3 |  -3.1295206815819344e-05 |  -3.1295206815819344e-05 | 1
 35,  4 |  -2.7570275017456171e-05 |  -2.7570275017456171e-05 | 1
 35,  5 |  -3.6802716972544639e-05 |  -3.6802716972544639e-05 | 1
 35,  6 |  -3.0419380282748286e-05 |  -3.0419380282748286e-05 | 1
 35,  7 |  -1.4764462233057655e-05 |  -1.4764462233057655e-05 | 1
 35,  8 |  -2.0131417873799935e-05 |  -2.0131417873799935e-05 | 1
 35,  9 |  -2.1712046690813899e-05 |  -2.1712046690813899e-05 | 1
 35, 10 |  -3.3536554329881604e-05 |  -3.3536554329881604e-05 | 1
 35, 11 |  -1.2659133052637776e-04 |  -1.2659133052637776e-04 | 1
 35, 12 |  -3.8468931273477296e-06 |  -3.8468931273477296e-06 | 1
 35, 13 |  -3.1951856191391832e-05 |  -3.1951856191391832e-05 | 1
 35, 14 |  -1.7127244623398127e-05 |  -1.7127244623398127e-05 | 1
 35, 15 |  -3.5770996166217181e-05 |  -3.5770996166217181e-05 | 1
 35, 16 |  -4.5080881114036026e-06 |  -4.5080881114036026e-06 | 1
 35, 17 |  -3.6327312157538662e-05 |  -3.6327312157538662e-05 | 1
 35, 18 |  -4.6296661839446317e-05 |  -4.6296661839446317e-05 | 1
 35, 19 |  -3.5414165706938707e-05 |  -3.5414165706938707e-05 | 1
 35, 20 |  -4.6033609860898718e-05 |  -4.6033609860898718e-05 | 1
 35, 21 |  -4.5180080223684986e-05 |  -4.5180080223684986e-05 | 1
 35, 22 |  -5.5677204831492414e-05 |  -5.5677204831492414e-05 | 1
 35, 23 |  -3.6688538342079213e-05 |  -3.6688538342079213e-05 | 1
 35, 24 |  -5.0626077193569048e-05 |  -5.0626077193569048e-05 | 1
 35, 25 |  -2.3322902970691062e-05 |  -2.3322902970691062e-05 | 1
 35, 26 |  -4.7705544749955571e-05 |  -4.7705544749955571e-05 | 1
 35, 27 |  -4.8301850587693647e-05 |  -4.8301850587693647e-05 | 1
 35, 28 |  -3.7414186586892697e-05 |  -3.7414186586892697e-05 | 1
 35, 29 |  -3.7664167590060147e-05 |  -3.7664167590060147e-05 | 1
 35, 30 |  -3.5555671062292419e-05 |  -3.5555671062292419e-05 | 1
 35, 31 |  -3.0221185033520990e-05 |  -3.0221185033520990e-05 | 1
 35, 32 |  -6.3579951760667524e-06 |  -6.3579951760667524e-06 | 1
 35, 33 |   5.8692869758889110e-05 |   5.8692869758889110e-05 | 1
 35, 34 |  -5.0825905630224339e-05 |  -5.0825905630224339e-05 | 1
 35, 35 |   6.5826554994134854e-05 |   6.5826554994134854e-05 | 1
 35, 36 |   5.3481748209196949e-05 |   5.3481748209196949e-05 | 1
 35, 37 |   5.5938401701096945e-05 |   5.5938401701096945e-05 | 1
 35, 38 |   6.0094020861200989e-05 |   6.0094020861200989e-05 | 1
 35, 39 |  -8.1406254629224431e-07 |  -8.1406254629224431e-07 | 1
 35, 40 |  -2.9001676727765503e-06 |  -2.9001676727765503e-06 | 1
 35, 41 |  -2.2605995597454483e-11 |  -2.2605995597454483e-11 | 1
 35, 42 |  -1.1196801992828892e-06 |  -1.1196801992828892e-06 | 1
 35, 43 |   4.7754177972714894e-08 |   4.7754177972714894e-08 | 1
 35, 44 |  -4.2049224402699673e-05 |  -4.2049224402699673e-05 | 1
 35, 45 |   6.8151708145911331e-06 |   6.8151708145911331e-06 | 1
 36,  1 |  -2.3881565226010043e-05 |  -2.3881565226010043e-05 | 1
 36,  2 |  -2.3045937217618143e-05 |  -2.3045937217618143e-05 | 1
 36,  3 |  -2.5236669377433962e-05 |  -2.5236669377433962e-05 | 1
 36,  4 |  -2.1465739167004208e-05 |  -2.1465739167004208e-05 | 1
 36,  5 |  -1.6559336317267914e-05 |  -1.6559336317267914e-05 | 1
 36,  6 |  -1.2703085645739370e-05 |  -1.2703085645739370e-05 | 1
 36,  7 |  -7.0425255592492538e-06 |  -7.0425255592492538e-06 | 1
 36,  8 |  -5.5911518760102180e-06 |  -5.5911518760102180e-06 | 1
 36,  9 |  -2.0399494200145510e-05 |  -2.0399494200145510e-05 | 1
 36, 10 |  -2.3885190265652279e-05 |  -2.3885190265652279e-05 | 1
 36, 11 |  -9.7532712758961634e-05 |  -9.7532712758961634e-05 | 1
 36, 12 |  -9.7650440695923820e-06 |  -9.7650440695923820e-06 | 1
 36, 13 |  -3.0049801459059346e-05 |  -3.0049801459059346e-05 | 1
 36, 14 |  -1.1265367923374555e-05 |  -1.1265367923374555e-05 | 1
 36, 15 |  -2.9496094079023489e-05 |  -2.9496094079023489e-05 | 1
 36, 16 |   1.8342055285876032e-06 |   1.8342055285876032e-06 | 1
 36, 17 |  -3.4071607811213327e-05 |  -3.4071607811213327e-05 | 1
 36, 18 |  -4.3992586860324315e-05 |  -4.3992586860324315e-05 | 1
 36, 19 |  -2.4546255035370306e-05 |  -2.4546255035370306e-05 | 1
 36, 20 |  -3.6180610581440127e-05 |  -3.6180610581440127e-05 | 1
 36, 21 |  -3.5736941713658427e-05 |  -3.5736941713658427e-05 | 1
 36, 22 |  -4.0419954989027589e-05 |  -4.0419954989027589e-05 | 1
 36, 23 |  -1.6564301733892740e-05 |  -1.6564301733892740e-05 | 1
 36, 24 |  -2.7586067601786019e-05 |  -2.7586067601786019e-05 | 1
 36, 25 |  -2.4475788138701138e-05 |  -2.4475788138701138e-05 | 1
 36, 26 |  -5.0291527286963234e-05 |  -5.0291527286963234e-05 | 1
 36, 27 |  -3.0507573053777033e-05 |  -3.0507573053777033e-05 | 1
 36, 28 |  -4.6220470403341647e-05 |  -4.6220470403341647e-05 | 1
 36, 29 |  -3.8095835689292717e-05 |  -3.8095835689292717e-05 | 1
 36, 30 |  -3.2290101286176024e-05 |  -3.2290101286176024e-05 | 1
 36, 31 |  -3.0496742512134576e-05 |  -3.0496742512134576e-05 | 1
 36, 32 |  -9.5025374306849546e-06 |  -9.5025374306849546e-06 | 1
 36, 33 |   5.7666884234613698e-05 |   5.7666884234613698e-05 | 1
 36, 34 |  -4.0082454428735107e-05 |  -4.0082454428735107e-05 | 1
 36, 35 |   5.3481748209196949e-05 |   5.3481748209196949e-05 | 1
 36, 36 |   7.3258368337662233e-05 |   7.3258368337662233e-05 | 1
 36, 37 |   6.7337149102738466e-05 |   6.7337149102738466e-05 | 1
 36, 38 |   7.4239984546910814e-05 |   7.4239984546910814e-05 | 1
 36, 39 |  -1.3835713277693601e-06 |  -1.3835713277693601e-06 | 1
 36, 40 |  -5.2192159992098101e-06 |  -5.2192159992098101e-06 | 1
 36, 41 |  -3.9433051106331971e-11 |  -3.9433051106331971e-11 | 1
 36, 42 |  -1.9524734977940716e-06 |  -1.9524734977940716e-06 | 1
 36, 43 |   7.8537202067640016e-08 |   7.8537202067640016e-08 | 1
 36, 44 |  -4.2133864677973683e-05 |  -4.2133864677973683e-05 | 1
 36, 45 |   1.0310549901646843e-05 |   1.0310549901646843e-05 | 1
 37,  1 |  -3.7926248278389373e-06 |  -3.7926248278389373e-06 | 1
 37,  2 |  -3.0222620455267996e-06 |  -3.0222620455267996e-06 | 1
 37,  3 |  -8.2978939800203165e-06 |  -8.2978939800203165e-06 | 1
 37,  4 |   3.6373857062729036e-06 |   3.6373857062729036e-06 | 1
 37,  5 |  -1.2917777412097720e-05 |  -1.2917777412097720e-05 | 1
 37,  6 |   3.9867475861008200e-07 |   3.9867475861008200e-07 | 1
 37,  7 |   1.1525562860321427e-05 |   1.1525562860321427e-05 | 1
 37,  8 |   1.2351503934035879e-05 |   1.2351503934035879e-05 | 1
 37,  9 |  -2.5886827493756543e-06 |  -2.5886827493756543e-06 | 1
 37, 10 |  -9.9609453485710099e-06 |  -9.9609453485710099e-06 | 1
 37, 11 |  -5.1525056794827730e-05 |  -5.1525056794827730e-05 | 1
 37, 12 |   1.0293371537293083e-05 |   1.0293371537293083e-05 | 1
 37, 13 |  -2.3098782260598557e-05 |  -2.3098782260598557e-05 | 1
 37, 14 |   3.4885790787372986e-06 |   3.4885790787372986e-06 | 1
 37, 15 |  -1.4005232928774002e-05 |  -1.4005232928774002e-05 | 1
 37, 16 |   2.3219209838718690e-05 |   2.3219209838718690e-05 | 1
 37, 17 |  -1.5333726045971415e-05 |  -1.5333726045971415e-05 | 1
 37, 18 |  -2.1134367517118742e-05 |  -2.1134367517118742e-05 | 1
 37, 19 |   8.9836802784585357e-07 |   8.9836802784585357e-07 | 1
 37, 20 |  -7.3539773828397948e-06 |  -7.3539773828397948e-06 | 1
 37, 21 |  -2.7657049310652854e-05 |  -2.7657049310652854e-05 | 1
 37, 22 |  -7.8140628816175529e-06 |  -7.8140628816175529e-06 | 1
 37, 23 |   1.4138752531827201e-06 |   1.4138752531827201e-06 | 1
 37, 24 |  -1.0641973458745074e-05 |  -1.0641973458745074e-05 | 1
 37, 25 |  -8.9543570045386288e-06 |  -8.9543570045386288e-06 | 1
 37, 26 |  -3.1319628198908206e-05 |  -3.1319628198908206e-05 | 1
 37, 27 |  -9.6444501837067270e-06 |  -9.6444501837067270e-06 | 1
 37, 28 |  -2.0642432014594356e-05 |  -2.0642432014594356e-05 | 1
 37, 29 |  -2.5376181843201849e-05 |  -2.5376181843201849e-05 | 1
 37, 30 |  -2.1896283199037397e-05 |  -2.1896283199037397e-05 | 1
 37, 31 |  -1.2275573093696575e-05 |  -1.2275573093696575e-05 | 1
 37, 32 |  -1.0964882280573965e-05 |  -1.0964882280573965e-05 | 1
 37, 33 |   4.2918945064603843e-05 |   4.2918945064603843e-05 | 1
 37, 34 |  -1.0247873108021128e-05 |  -1.0247873108021128e-05 | 1
 37, 35 |   5.5938401701096945e-05 |   5.5938401701096945e-05 | 1
 37, 36 |   6.7337149102738466e-05 |   6.7337149102738466e-05 | 1
 37, 37 |   9.9222982891686518e-05 |   9.9222982891686518e-05 | 1
 37, 38 |   1.0396725933039584e-04 |   1.0396725933039584e-04 | 1
 37, 39 |  -3.0181717887821082e-06 |  -3.0181717887821082e-06 | 1
 37, 40 |  -1.1826676151254362e-05 |  -1.1826676151254362e-05 | 1
 37, 41 |   1.0277717701621129e-10 |   1.0277717701621129e-10 | 1
 37, 42 |  -4.1030379303058006e-06 |  -4.1030379303058006e-06 | 1
 37, 43 |   1.6471957525555320e-07 |   1.6471957525555320e-07 | 1
 37, 44 |  -3.1973707247200949e-05 |  -3.1973707247200949e-05 | 1
 37, 45 |   1.1077123741930953e-05 |   1.1077123741930953e-05 | 1
 38,  1 |   1.5690030734448891e-05 |   1.5690030734448891e-05 | 1
 38,  2 |   2.0831291407709206e-05 |   2.0831291407709206e-05 | 1
 38,  3 |   5.0758198648786927e-07 |   5.0758198648786927e-07 | 1
 38,  4 |   2.3595375959809925e-05 |   2.3595375959809925e-05 | 1
 38,  5 |   5.7293664814236677e-06 |   5.7293664814236677e-06 | 1
 38,  6 |   2.3254090088746509e-05 |   2.3254090088746509e-05 | 1
 38,  7 |   2.8365061848466802e-05 |   2.8365061848466802e-05 | 1
 38,  8 |   2.9231562568697246e-05 |   2.9231562568697246e-05 | 1
 38,  9 |   1.9105384484184166e-05 |   1.9105384484184166e-05 | 1
 38, 10 |   9.5977430404539502e-06 |   9.5977430404539502e-06 | 1
 38, 11 |   5.0043158807902577e-06 |   5.0043158807902577e-06 | 1
 38, 12 |   2.2889339951507127e-05 |   2.2889339951507127e-05 | 1
 38, 13 |  -1.4987624014082244e-05 |  -1.4987624014082244e-05 | 1
 38, 14 |   3.0370734059290484e-05 |   3.0370734059290484e-05 | 1
 38, 15 |   1.3912178671922143e-05 |   1.3912178671922143e-05 | 1
 38, 16 |   4.2818765786071026e-05 |   4.2818765786071026e-05 | 1
 38, 17 |   4.1733605552641683e-06 |   4.1733605552641683e-06 | 1
 38, 18 |   1.0908653131484800e-05 |   1.0908653131484800e-05 | 1
 38, 19 |   3.3697277638260153e-05 |   3.3697277638260153e-05 | 1
 38, 20 |   1.3925527511939866e-05 |   1.3925527511939866e-05 | 1
 38, 21 |  -5.7777852865042770e-06 |  -5.7777852865042770e-06 | 1
 38, 22 |   1.9771091217041550e-06 |   1.9771091217041550e-06 | 1
 38, 23 |   1.3768324438333242e-05 |   1.3768324438333242e-05 | 1
 38, 24 |   5.7929737898780106e-06 |   5.7929737898780106e-06 | 1
 38, 25 |   8.3038582851895410e-06 |   8.3038582851895410e-06 | 1
 38, 26 |  -3.1772755610294444e-06 |  -3.1772755610294444e-06 | 1
 38, 27 |   6.2021186978658827e-06 |   6.2021186978658827e-06 | 1
 38, 28 |  -4.4838871086159706e-06 |  -4.4838871086159706e-06 | 1
 38, 29 |  -1.0153023185872038e-05 |  -1.0153023185872038e-05 | 1
 38, 30 |   1.0093344386563141e-05 |   1.0093344386563141e-05 | 1
 38, 31 |  -6.9371105035615063e-06 |  -6.9371105035615063e-06 | 1
 38, 32 |  -1.3780854458014689e-05 |  -1.3780854458014689e-05 | 1
 38, 33 |   3.8035254954584081e-05 |   3.8035254954584081e-05 | 1
 38, 34 |   1.0948329119232223e-05 |   1.0948329119232223e-05 | 1
 38, 35 |   6.0094020861200989e-05 |   6.0094020861200989e-05 | 1
 38, 36 |   7.4239984546910814e-05 |   7.4239984546910814e-05 | 1
 38, 37 |   1.0396725933039584e-04 |   1.0396725933039584e-04 | 1
 38, 38 |   1.5194749041203906e-04 |   1.5194749041203906e-04 | 1
 38, 39 |  -4.8726491134310918e-06 |  -4.8726491134310918e-06 | 1
 38, 40 |  -1.8569405105264883e-05 |  -1.8569405105264883e-05 | 1
 38, 41 |   6.2120894135900750e-10 |   6.2120894135900750e-10 | 1
 38, 42 |  -5.9719948358922549e-06 |  -5.9719948358922549e-06 | 1
 38, 43 |   2.3808712275596412e-07 |   2.3808712275596412e-07 | 1
 38, 44 |  -1.9410587255865852e-05 |  -1.9410587255865852e-05 | 1
 38, 45 |   1.1470450306913520e-05 |   1.1470450306913520e-05 | 1
 39,  1 |  -2.7669513933236497e-06 |  -2.7669513933236497e-06 | 1
 39,  2 |  -2.1901250431466018e-06 |  -2.1901250431466018e-06 | 1
 39,  3 |  -8.6255279576299836e-07 |  -8.6255279576299836e-07 | 1
 39,  4 |  -2.4272598406536185e-06 |  -2.4272598406536185e-06 | 1
 39,  5 |  -2.7589335366187907e-06 |  -2.7589335366187907e-06 | 1
 39,  6 |  -2.4506537947750347e-06 |  -2.4506537947750347e-06 | 1
 39,  7 |  -3.6485436175123431e-06 |  -3.6485436175123431e-06 | 1
 39,  8 |  -1.8981524502398691e-06 |  -1.8981524502398691e-06 | 1
 39,  9 |  -2.9835044017725157e-06 |  -2.9835044017725157e-06 | 1
 39, 10 |  -1.9092717897963623e-06 |  -1.9092717897963623e-06 | 1
 39, 11 |  -8.9326901691390585e-06 |  -8.9326901691390585e-06 | 1
 39, 12 |  -9.4659527735280022e-07 |  -9.4659527735280022e-07 | 1
 39, 13 |  -1.0596124437065188e-06 |  -1.0596124437065188e-06 | 1
 39, 14 |  -1.7235575016116431e-06 |  -1.7235575016116431e-06 | 1
 39, 15 |  -1.2551388704377013e-06 |  -1.2551388704377013e-06 | 1
 39, 16 |  -1.8967745245317960e-06 |  -1.8967745245317960e-06 | 1
 39, 17 |  -2.5954989180125052e-06 |  -2.5954989180125052e-06 | 1
 39, 18 |  -3.5195095555813733e-06 |  -3.5195095555813733e-06 | 1
 39, 19 |  -3.2281510274587130e-06 |  -3.2281510274587130e-06 | 1
 39, 20 |  -2.7027524081323374e-06 |  -2.7027524081323374e-06 | 1
 39, 21 |  -2.7761617909567947e-06 |  -2.7761617909567947e-06 | 1
 39, 22 |  -2.7061089040196049e-06 |  -2.7061089040196049e-06 | 1
 39, 23 |  -2.0312889760858664e-06 |  -2.0312889760858664e-06 | 1
 39, 24 |  -2.0857768755338761e-06 |  -2.0857768755338761e-06 | 1
 39, 25 |  -2.4100940985907381e-06 |  -2.4100940985907381e-06 | 1
 39, 26 |  -2.6636169548816314e-06 |  -2.6636169548816314e-06 | 1
 39, 27 |  -2.6504213597879805e-06 |  -2.6504213597879805e-06 | 1
 39, 28 |  -1.1170545208457701e-06 |  -1.1170545208457701e-06 | 1
 39, 29 |  -2.3116698650209798e-06 |  -2.3116698650209798e-06 | 1
 39, 30 |  -2.1794676118018696e-06 |  -2.1794676118018696e-06 | 1
 39, 31 |  -2.6149266613742846e-06 |  -2.6149266613742846e-06 | 1
 39, 32 |  -3.8727419975761759e-07 |  -3.8727419975761759e-07 | 1
 39, 33 |   2.3398338542688879e-06 |   2.3398338542688879e-06 | 1
 39, 34 |  -2.5576590288619739e-06 |  -2.5576590288619739e-06 | 1
 39, 35 |  -8.1406254629224431e-07 |  -8.1406254629224431e-07 | 1
 39, 36 |  -1.3835713277693601e-06 |  -1.3835713277693601e-06 | 1
 39, 37 |  -3.0181717887821082e-06 |  -3.0181717887821082e-06 | 1
 39, 38 |  -4.8726491134310918e-06 |  -4.8726491134310918e-06 | 1
 39, 39 |   4.0474645796316136e-07 |   4.0474645796316136e-07 | 1
 39, 40 |   1.3448333478395039e-06 |   1.3448333478395039e-06 | 1
 39, 41 |  -7.2826640912192259e-10 |  -7.2826640912192259e-10 | 1
 39, 42 |   1.1251276743820287e-07 |   1.1251276743820287e-07 | 1
 39, 43 |  -3.9661130639631671e-09 |  -3.9661130639631671e-09 | 1
 39, 44 |  -7.9121615757934343e-07 |  -7.9121615757934343e-07 | 1
 39, 45 |   5.8591772652300823e-07 |   5.8591772652300823e-07 | 1
 40,  1 |  -3.9071578300629320e-05 |  -3.9071578300629320e-05 | 1
 40,  2 |  -3.5561526308974335e-05 |  -3.5561526308974335e-05 | 1
 40,  3 |  -2.3770943583398941e-05 |  -2.3770943583398941e-05 | 1
 40,  4 |  -4.0708639328002191e-05 |  -4.0708639328002191e-05 | 1
 40,  5 |  -5.1312733291141620e-05 |  -5.1312733291141620e-05 | 1
 40,  6 |  -2.9644498521749986e-05 |  -2.9644498521749986e-05 | 1
 40,  7 |  -5.4998868383211101e-05 |  -5.4998868383211101e-05 | 1
 40,  8 |  -3.3648640935494376e-05 |  -3.3648640935494376e-05 | 1
 40,  9 |  -4.6075969867974806e-05 |  -4.6075969867974806e-05 | 1
 40, 10 |  -3.0677384266723867e-05 |  -3.0677384266723867e-05 | 1
 40, 11 |  -8.5639465901146341e-05 |  -8.5639465901146341e-05 | 1
 40, 12 |  -1.4577895653339058e-05 |  -1.4577895653339058e-05 | 1
 40, 13 |  -3.2814543990591696e-05 |  -3.2814543990591696e-05 | 1
 40, 14 |  -4.1626716833927663e-05 |  -4.1626716833927663e-05 | 1
 40, 15 |  -3.4323345868181497e-05 |  -3.4323345868181497e-05 | 1
 40, 16 |  -4.5865576822579219e-05 |  -4.5865576822579219e-05 | 1
 40, 17 |  -4.1956451626316751e-05 |  -4.1956451626316751e-05 | 1
 40, 18 |  -2.8615601722206691e-05 |  -2.8615601722206691e-05 | 1
 40, 19 |  -4.3596075616362653e-05 |  -4.3596075616362653e-05 | 1
 40, 20 |  -4.3761283922514883e-05 |  -4.3761283922514883e-05 | 1
 40, 21 |  -3.3564131731126745e-05 |  -3.3564131731126745e-05 | 1
 40, 22 |  -3.3950601656508670e-05 |  -3.3950601656508670e-05 | 1
 40, 23 |  -4.1954088139581102e-05 |  -4.1954088139581102e-05 | 1
 40, 24 |  -4.3303937621869200e-05 |  -4.3303937621869200e-05 | 1
 40, 25 |  -3.4964552871533900e-05 |  -3.4964552871533900e-05 | 1
 40, 26 |  -4.0189582597575954e-05 |  -4.0189582597575954e-05 | 1
 40, 27 |  -2.1047952020334626e-05 |  -2.1047952020334626e-05 | 1
 40, 28 |  -4.4678929905677080e-05 |  -4.4678929905677080e-05 | 1
 40, 29 |  -3.9383933958032208e-05 |  -3.9383933958032208e-05 | 1
 40, 30 |  -3.9157714467887676e-05 |  -3.9157714467887676e-05 | 1
 40, 31 |  -3.4857981213640133e-05 |  -3.4857981213640133e-05 | 1
 40, 32 |  -3.5078993910118169e-06 |  -3.5078993910118169e-06 | 1
 40, 33 |  -4.5277068465144276e-07 |  -4.5277068465144276e-07 | 1
 40, 34 |  -3.9476322838454781e-05 |  -3.9476322838454781e-05 | 1
 40, 35 |  -2.9001676727765503e-06 |  -2.9001676727765503e-06 | 1
 40, 36 |  -5.2192159992098101e-06 |  -5.2192159992098101e-06 | 1
 40, 37 |  -1.1826676151254362e-05 |  -1.1826676151254362e-05 | 1
 40, 38 |  -1.8569405105264883e-05 |  -1.8569405105264883e-05 | 1
 40, 39 |   1.3448333478395039e-06 |   1.3448333478395039e-06 | 1
 40, 40 |   4.6215518665818821e-05 |   4.6215518665818821e-05 | 1
 40, 41 |  -8.4642867388533466e-10 |  -8.4642867388533466e-10 | 1
 40, 42 |   2.4526259265856401e-06 |   2.4526259265856401e-06 | 1
 40, 43 |  -9.6601696658971797e-08 |  -9.6601696658971797e-08 | 1
 40, 44 |  -3.4312665423852785e-05 |  -3.4312665423852785e-05 | 1
 40, 45 |   2.3095578897487470e-06 |   2.3095578897487470e-06 | 1
 41,  1 |  -1.8447486721913352e-08 |  -1.8447486721913352e-08 | 1
 41,  2 |  -2.0992772852117337e-08 |  -2.0992772852117337e-08 | 1
 41,  3 |  -2.0103050109771957e-08 |  -2.0103050109771957e-08 | 1
 41,  4 |  -1.8927794604730103e-08 |  -1.8927794604730103e-08 | 1
 41,  5 |  -2.6110159420047954e-08 |  -2.6110159420047954e-08 | 1
 41,  6 |  -1.8552441841522672e-08 |  -1.8552441841522672e-08 | 1
 41,  7 |  -8.7043939950774362e-09 |  -8.7043939950774362e-09 | 1
 41,  8 |  -2.1506913155011298e-08 |  -2.1506913155011298e-08 | 1
 41,  9 |  -1.4716881461987786e-08 |  -1.4716881461987786e-08 | 1
 41, 10 |  -2.0174033143659994e-08 |  -2.0174033143659994e-08 | 1
 41, 11 |  -5.3165870118070681e-09 |  -5.3165870118070681e-09 | 1
 41, 12 |  -2.2993391596733469e-08 |  -2.2993391596733469e-08 | 1
 41, 13 |  -2.1392998179989073e-08 |  -2.1392998179989073e-08 | 1
 41, 14 |  -2.3244458076626663e-08 |  -2.3244458076626663e-08 | 1
 41, 15 |  -2.9914146686198185e-08 |  -2.9914146686198185e-08 | 1
 41, 16 |  -2.1794697875355370e-08 |  -2.1794697875355370e-08 | 1
 41, 17 |  -1.9455264442322348e-08 |  -1.9455264442322348e-08 | 1
 41, 18 |  -1.6789626301451303e-08 |  -1.6789626301451303e-08 | 1
 41, 19 |  -2.0208081182122874e-08 |  -2.0208081182122874e-08 | 1
 41, 20 |  -1.7219034833475140e-08 |  -1.7219034833475140e-08 | 1
 41, 21 |  -1.6444007741279885e-08 |  -1.6444007741279885e-08 | 1
 41, 22 |  -1.2821428900349327e-08 |  -1.2821428900349327e-08 | 1
 41, 23 |  -2.1948496798456112e-08 |  -2.1948496798456112e-08 | 1
 41, 24 |  -2.0517542722885854e-08 |  -2.0517542722885854e-08 | 1
 41, 25 |  -2.0946474556644450e-08 |  -2.0946474556644450e-08 | 1
 41, 26 |  -2.2239819160311581e-08 |  -2.2239819160311581e-08 | 1
 41, 27 |  -2.1740460082237353e-08 |  -2.1740460082237353e-08 | 1
 41, 28 |  -2.3043681197111501e-08 |  -2.3043681197111501e-08 | 1
 41, 29 |  -2.0224936312896535e-08 |  -2.0224936312896535e-08 | 1
 41, 30 |  -2.2399869298071235e-08 |  -2.2399869298071235e-08 | 1
 41, 31 |  -2.0065673906981328e-08 |  -2.0065673906981328e-08 | 1
 41, 32 |  -1.1558056628738410e-09 |  -1.1558056628738410e-09 | 1
 41, 33 |   2.4836254364518592e-10 |   2.4836254364518592e-10 | 1
 41, 34 |  -2.1301936840934754e-08 |  -2.1301936840934754e-08 | 1
 41, 35 |  -2.2605995597454483e-11 |  -2.2605995597454483e-11 | 1
 41, 36 |  -3.9433051106331971e-11 |  -3.9433051106331971e-11 | 1
 41, 37 |   1.0277717701621129e-10 |   1.0277717701621129e-10 | 1
 41, 38 |   6.2120894135900750e-10 |   6.2120894135900750e-10 | 1
 41, 39 |  -7.2826640912192259e-10 |  -7.2826640912192259e-10 | 1
 41, 40 |  -8.4642867388533466e-10 |  -8.4642867388533466e-10 | 1
 41, 41 |   8.8319201653055574e-12 |   8.8319201653055574e-12 | 1
 41, 42 |   2.5995143261473859e-09 |   2.5995143261473859e-09 | 1
 41, 43 |  -1.0339309959295414e-10 |  -1.0339309959295414e-10 | 1
 41, 44 |  -1.9436929034318769e-08 |  -1.9436929034318769e-08 | 1
 41, 45 |  -9.1218793958567428e-10 |  -9.1218793958567428e-10 | 1
 42,  1 |  -2.5814323869689450e-05 |  -2.5814323869689450e-05 | 1
 42,  2 |  -2.8560465290134287e-05 |  -2.8560465290134287e-05 | 1
 42,  3 |  -2.8513775760674418e-05 |  -2.8513775760674418e-05 | 1
 42,  4 |  -2.6354429876572519e-05 |  -2.6354429876572519e-05 | 1
 42,  5 |  -3.1786281904579592e-05 |  -3.1786281904579592e-05 | 1
 42,  6 |  -2.7604152615075483e-05 |  -2.7604152615075483e-05 | 1
 42,  7 |  -1.7098345237508409e-05 |  -1.7098345237508409e-05 | 1
 42,  8 |  -2.7207175679012196e-05 |  -2.7207175679012196e-05 | 1
 42,  9 |  -2.4316902915198428e-05 |  -2.4316902915198428e-05 | 1
 42, 10 |  -2.8052829233683511e-05 |  -2.8052829233683511e-05 | 1
 42, 11 |  -3.5703594364535135e-05 |  -3.5703594364535135e-05 | 1
 42, 12 |  -2.5550353792219179e-05 |  -2.5550353792219179e-05 | 1
 42, 13 |  -2.4011817597494519e-05 |  -2.4011817597494519e-05 | 1
 42, 14 |  -3.1583019741767607e-05 |  -3.1583019741767607e-05 | 1
 42, 15 |  -2.4614071806338448e-05 |  -2.4614071806338448e-05 | 1
 42, 16 |  -3.0241331307901612e-05 |  -3.0241331307901612e-05 | 1
 42, 17 |  -2.6802547149090716e-05 |  -2.6802547149090716e-05 | 1
 42, 18 |  -2.8381733737632862e-05 |  -2.8381733737632862e-05 | 1
 42, 19 |  -3.4128777931464590e-05 |  -3.4128777931464590e-05 | 1
 42, 20 |  -2.6436936202902849e-05 |  -2.6436936202902849e-05 | 1
 42, 21 |  -2.2249842271629754e-05 |  -2.2249842271629754e-05 | 1
 42, 22 |  -1.1720338942174958e-05 |  -1.1720338942174958e-05 | 1
 42, 23 |  -3.2621615083585036e-05 |  -3.2621615083585036e-05 | 1
 42, 24 |  -2.8675181962689768e-05 |  -2.8675181962689768e-05 | 1
 42, 25 |  -2.4619099825777357e-05 |  -2.4619099825777357e-05 | 1
 42, 26 |  -3.1239786494163840e-05 |  -3.1239786494163840e-05 | 1
 42, 27 |  -2.8046882762214580e-05 |  -2.8046882762214580e-05 | 1
 42, 28 |  -2.9776113799830969e-05 |  -2.9776113799830969e-05 | 1
 42, 29 |  -2.9679333076908541e-05 |  -2.9679333076908541e-05 | 1
 42, 30 |  -2.9804782416538647e-05 |  -2.9804782416538647e-05 | 1
 42, 31 |  -3.2359811996758386e-05 |  -3.2359811996758386e-05 | 1
 42, 32 |   1.2959577182196205e-07 |   1.2959577182196205e-07 | 1
 42, 33 |   1.1870879345058766e-06 |   1.1870879345058766e-06 | 1
 42, 34 |  -2.9884337463106101e-05 |  -2.9884337463106101e-05 | 1
 42, 35 |  -1.1196801992828892e-06 |  -1.1196801992828892e-06 | 1
 42, 36 |  -1.9524734977940716e-06 |  -1.9524734977940716e-06 | 1
 42, 37 |  -4.1030379303058006e-06 |  -4.1030379303058006e-06 | 1
 42, 38 |  -5.9719948358922549e-06 |  -5.9719948358922549e-06 | 1
 42, 39 |   1.1251276743820287e-07 |   1.1251276743820287e-07 | 1
 42, 40 |   2.4526259265856401e-06 |   2.4526259265856401e-06 | 1
 42, 41 |   2.5995143261473859e-09 |   2.5995143261473859e-09 | 1
 42, 42 |   6.4936266573890554e-06 |   6.4936266573890554e-06 | 1
 42, 43 |  -3.4580331396749912e-07 |  -3.4580331396749912e-07 | 1
 42, 44 |  -2.4862159792965101e-05 |  -2.4862159792965101e-05 | 1
 42, 45 |  -1.4812727454405442e-06 |  -1.4812727454405442e-06 | 1
 43,  1 |   1.1818419573415602e-06 |   1.1818419573415602e-06 | 1
 43,  2 |   1.2971029011383981e-06 |   1.2971029011383981e-06 | 1
 43,  3 |   1.3162635309260256e-06 |   1.3162635309260256e-06 | 1
 43,  4 |   1.1912253724737511e-06 |   1.1912253724737511e-06 | 1
 43,  5 |   1.4835567128967628e-06 |   1.4835567128967628e-06 | 1
 43,  6 |   1.2128458115492821e-06 |   1.2128458115492821e-06 | 1
 43,  7 |   5.8610374754952387e-07 |   5.8610374754952387e-07 | 1
 43,  8 |   1.1878050273485971e-06 |   1.1878050273485971e-06 | 1
 43,  9 |   1.1116563168944973e-06 |   1.1116563168944973e-06 | 1
 43, 10 |   1.1821718932917250e-06 |   1.1821718932917250e-06 | 1
 43, 11 |   1.8694954079266083e-06 |   1.8694954079266083e-06 | 1
 43, 12 |   1.0693189462032642e-06 |   1.0693189462032642e-06 | 1
 43, 13 |   1.1567022078213555e-06 |   1.1567022078213555e-06 | 1
 43, 14 |   1.4216233334401616e-06 |   1.4216233334401616e-06 | 1
 43, 15 |   9.4234757455536568e-07 |   9.4234757455536568e-07 | 1
 43, 16 |   1.3321466106395764e-06 |   1.3321466106395764e-06 | 1
 43, 17 |   1.2300433170891142e-06 |   1.2300433170891142e-06 | 1
 43, 18 |   1.3654660527941726e-06 |   1.3654660527941726e-06 | 1
 43, 19 |   1.6589867397817805e-06 |   1.6589867397817805e-06 | 1
 43, 20 |   1.0940439203674341e-06 |   1.0940439203674341e-06 | 1
 43, 21 |   9.7971699560595640e-07 |   9.7971699560595640e-07 | 1
 43, 22 |   2.5876819222745343e-07 |   2.5876819222745343e-07 | 1
 43, 23 |   1.5500077763698525e-06 |   1.5500077763698525e-06 | 1
 43, 24 |   1.2906612203432416e-06 |   1.2906612203432416e-06 | 1
 43, 25 |   1.0190009010594654e-06 |   1.0190009010594654e-06 | 1
 43, 26 |   1.3500197808361540e-06 |   1.3500197808361540e-06 | 1
 43, 27 |   1.0377381808591176e-06 |   1.0377381808591176e-06 | 1
 43, 28 |   1.3210225490456912e-06 |   1.3210225490456912e-06 | 1
 43, 29 |   1.3452702851418981e-06 |   1.3452702851418981e-06 | 1
 43, 30 |   1.3244584141249652e-06 |   1.3244584141249652e-06 | 1
 43, 31 |   1.5131529362421283e-06 |   1.5131529362421283e-06 | 1
 43, 32 |  -1.8301434347093269e-08 |  -1.8301434347093269e-08 | 1
 43, 33 |  -8.9517780649606843e-08 |  -8.9517780649606843e-08 | 1
 43, 34 |   1.2862398333319088e-06 |   1.2862398333319088e-06 | 1
 43, 35 |   4.7754177972714894e-08 |   4.7754177972714894e-08 | 1
 43, 36 |   7.8537202067640016e-08 |   7.8537202067640016e-08 | 1
 43, 37 |   1.6471957525555320e-07 |   1.6471957525555320e-07 | 1
 43, 38 |   2.3808712275596412e-07 |   2.3808712275596412e-07 | 1
 43, 39 |  -3.9661130639631671e-09 |  -3.9661130639631671e-09 | 1
 43, 40 |  -9.6601696658971797e-08 |  -9.6601696658971797e-08 | 1
 43, 41 |  -1.0339309959295414e-10 |  -1.0339309959295414e-10 | 1
 43, 42 |  -3.4580331396749912e-07 |  -3.4580331396749912e-07 | 1
 43, 43 |   2.0462456007899321e-08 |   2.0462456007899321e-08 | 1
 43, 44 |   1.1328639136761708e-06 |   1.1328639136761708e-06 | 1
 43, 45 |   7.0831490992162555e-09 |   7.0831490992162555e-09 | 1
 44,  1 |   1.8040131080060683e-04 |   1.8040131080060683e-04 | 1
 44,  2 |   1.8816263609105425e-04 |   1.8816263609105425e-04 | 1
 44,  3 |   1.7405289551869650e-04 |   1.7405289551869650e-04 | 1
 44,  4 |   1.7792676489168064e-04 |   1.7792676489168064e-04 | 1
 44,  5 |   2.2488791392378019e-04 |   2.2488791392378019e-04 | 1
 44,  6 |   1.7863765216945981e-04 |   1.7863765216945981e-04 | 1
 44,  7 |   1.4410909099709231e-04 |   1.4410909099709231e-04 | 1
 44,  8 |   1.7142433767527033e-04 |   1.7142433767527033e-04 | 1
 44,  9 |   1.7023335574475562e-04 |   1.7023335574475562e-04 | 1
 44, 10 |   1.9122733194310807e-04 |   1.9122733194310807e-04 | 1
 44, 11 |   3.0710737865328617e-04 |   3.0710737865328617e-04 | 1
 44, 12 |   1.5307072311655925e-04 |   1.5307072311655925e-04 | 1
 44, 13 |   1.7154283426998204e-04 |   1.7154283426998204e-04 | 1
 44, 14 |   1.9496071838203397e-04 |   1.9496071838203397e-04 | 1
 44, 15 |   1.9920902401162960e-04 |   1.9920902401162960e-04 | 1
 44, 16 |   1.7841205696508515e-04 |   1.7841205696508515e-04 | 1
 44, 17 |   1.9559537773629625e-04 |   1.9559537773629625e-04 | 1
 44, 18 |   1.9834306483991940e-04 |   1.9834306483991940e-04 | 1
 44, 19 |   2.1082789443626143e-04 |   2.1082789443626143e-04 | 1
 44, 20 |   1.9819903433893578e-04 |   1.9819903433893578e-04 | 1
 44, 21 |   1.8055537741426363e-04 |   1.8055537741426363e-04 | 1
 44, 22 |   1.4677761435052120e-04 |   1.4677761435052120e-04 | 1
 44, 23 |   2.0186248267023725e-04 |   2.0186248267023725e-04 | 1
 44, 24 |   2.0190025860475342e-04 |   2.0190025860475342e-04 | 1
 44, 25 |   1.8491148626577662e-04 |   1.8491148626577662e-04 | 1
 44, 26 |   2.3577091665518150e-04 |   2.3577091665518150e-04 | 1
 44, 27 |   2.1028064569245168e-04 |   2.1028064569245168e-04 | 1
 44, 28 |   2.1229549272543059e-04 |   2.1229549272543059e-04 | 1
 44, 29 |   2.1261477272236436e-04 |   2.1261477272236436e-04 | 1
 44, 30 |   2.1075991506326977e-04 |   2.1075991506326977e-04 | 1
 44, 31 |   2.1081897869479934e-04 |   2.1081897869479934e-04 | 1
 44, 32 |   1.6617667999939848e-05 |   1.6617667999939848e-05 | 1
 44, 33 |  -6.6938875997407644e-05 |  -6.6938875997407644e-05 | 1
 44, 34 |   2.1595710418819618e-04 |   2.1595710418819618e-04 | 1
 44, 35 |  -4.2049224402699673e-05 |  -4.2049224402699673e-05 | 1
 44, 36 |  -4.2133864677973683e-05 |  -4.2133864677973683e-05 | 1
 44, 37 |  -3.1973707247200949e-05 |  -3.1973707247200949e-05 | 1
 44, 38 |  -1.9410587255865852e-05 |  -1.9410587255865852e-05 | 1
 44, 39 |  -7.9121615757934343e-07 |  -7.9121615757934343e-07 | 1
 44, 40 |  -3.4312665423852785e-05 |  -3.4312665423852785e-05 | 1
 44, 41 |  -1.9436929034318769e-08 |  -1.9436929034318769e-08 | 1
 44, 42 |  -2.4862159792965101e-05 |  -2.4862159792965101e-05 | 1
 44, 43 |   1.1328639136761708e-06 |   1.1328639136761708e-06 | 1
 44, 44 |   2.0297514156560753e-04 |   2.0297514156560753e-04 | 1
 44, 45 |  -2.1994018274039948e-05 |  -2.1994018274039948e-05 | 1
 45,  1 |  -5.6809075278927914e-06 |  -5.6809075278927914e-06 | 1
 45,  2 |   4.5032979372891058e-04 |   4.5032979372891058e-04 | 1
 45,  3 |   1.0320179269261613e-06 |   1.0320179269261613e-06 | 1
 45,  4 |   3.2791020950773646e-05 |   3.2791020950773646e-05 | 1
 45,  5 |  -1.0610662506791369e-04 |  -1.0610662506791369e-04 | 1
 45,  6 |  -9.6097520311583340e-05 |  -9.6097520311583340e-05 | 1
 45,  7 |   5.7537023316270953e-05 |   5.7537023316270953e-05 | 1
 45,  8 |   3.3358153258891527e-05 |   3.3358153258891527e-05 | 1
 45,  9 |  -1.3187941171382194e-05 |  -1.3187941171382194e-05 | 1
 45, 10 |   1.5439541612151928e-04 |   1.5439541612151928e-04 | 1
 45, 11 |  -7.0590914874322944e-04 |  -7.0590914874322944e-04 | 1
 45, 12 |  -4.5656014083948029e-06 |  -4.5656014083948029e-06 | 1
 45, 13 |  -4.2172872589778153e-06 |  -4.2172872589778153e-06 | 1
 45, 14 |   1.3626714480123302e-04 |   1.3626714480123302e-04 | 1
 45, 15 |   3.2540167618964617e-04 |   3.2540167618964617e-04 | 1
 45, 16 |   1.1061324842837869e-04 |   1.1061324842837869e-04 | 1
 45, 17 |   4.1230158078131622e-06 |   4.1230158078131622e-06 | 1
 45, 18 |  -3.6692673070457842e-05 |  -3.6692673070457842e-05 | 1
 45, 19 |   1.2187056234288760e-04 |   1.2187056234288760e-04 | 1
 45, 20 |   1.4205576897488243e-05 |   1.4205576897488243e-05 | 1
 45, 21 |  -5.5783560262152404e-05 |  -5.5783560262152404e-05 | 1
 45, 22 |  -9.3361962837828729e-05 |  -9.3361962837828729e-05 | 1
 45, 23 |   1.7930825872593186e-06 |   1.7930825872593186e-06 | 1
 45, 24 |   2.7121107466896361e-05 |   2.7121107466896361e-05 | 1
 45, 25 |   9.6445457853315288e-06 |   9.6445457853315288e-06 | 1
 45, 26 |  -2.5945157323266288e-05 |  -2.5945157323266288e-05 | 1
 45, 27 |  -1.3028195800015229e-04 |  -1.3028195800015229e-04 | 1
 45, 28 |   1.4262622617766385e-05 |   1.4262622617766385e-05 | 1
 45, 29 |   6.1857581704603317e-06 |   6.1857581704603317e-06 | 1
 45, 30 |  -3.5240531675899602e-07 |  -3.5240531675899602e-07 | 1
 45, 31 |  -2.6202120556948729e-06 |  -2.6202120556948729e-06 | 1
 45, 32 |  -4.4277572531233630e-04 |  -4.4277572531233630e-04 | 1
 45, 33 |   7.7842003640402144e-04 |   7.7842003640402144e-04 | 1
 45, 34 |   3.3312498526921590e-05 |   3.3312498526921590e-05 | 1
 45, 35 |   6.8151708145911331e-06 |   6.8151708145911331e-06 | 1
 45, 36 |   1.0310549901646843e-05 |   1.0310549901646843e-05 | 1
 45, 37 |   1.1077123741930953e-05 |   1.1077123741930953e-05 | 1
 45, 38 |   1.1470450306913520e-05 |   1.1470450306913520e-05 | 1
 45, 39 |   5.8591772652300823e-07 |   5.8591772652300823e-07 | 1
 45, 40 |   2.3095578897487470e-06 |   2.3095578897487470e-06 | 1
 45, 41 |  -9.1218793958567428e-10 |  -9.1218793958567428e-10 | 1
 45, 42 |  -1.4812727454405442e-06 |  -1.4812727454405442e-06 | 1
 45, 43 |   7.0831490992162555e-09 |   7.0831490992162555e-09 | 1
 45, 44 |  -2.1994018274039948e-05 |  -2.1994018274039948e-05 | 1
 45, 45 |   4.8765451285639235e-04 |   4.8765451285639235e-04 | 1
