row,col | V_base                   | V_new                    | equal
  1,  1 |   4.0437703854686848e-04 |   4.0437703854686848e-04 | 1
  1,  2 |   1.9447667161116410e-04 |   1.9447667161116410e-04 | 1
  1,  3 |   1.8667718779688980e-04 |   1.8667718779688980e-04 | 1
  1,  4 |   1.9573633423513830e-04 |   1.9573633423513830e-04 | 1
  1,  5 |   1.8797241009106168e-04 |   1.8797241009106168e-04 | 1
  1,  6 |   2.1504721489955985e-04 |   2.1504721489955985e-04 | 1
  1,  7 |   1.8404861870810431e-04 |   1.8404861870810431e-04 | 1
  1,  8 |   2.0257747341085106e-04 |   2.0257747341085106e-04 | 1
  1,  9 |   1.8944974612837968e-04 |   1.8944974612837968e-04 | 1
  1, 10 |   1.8501331513875408e-04 |   1.8501331513875408e-04 | 1
  1, 11 |   1.9398734717713343e-04 |   1.9398734717713343e-04 | 1
  1, 12 |   1.8735880794995834e-04 |   1.8735880794995834e-04 | 1
  1, 13 |   1.9128549168013700e-04 |   1.9128549168013700e-04 | 1
  1, 14 |   1.8294823924457120e-04 |   1.8294823924457120e-04 | 1
  1, 15 |   1.8654721559889054e-04 |   1.8654721559889054e-04 | 1
  1, 16 |   1.9814693332294541e-04 |   1.9814693332294541e-04 | 1
  1, 17 |   1.8487111550945633e-04 |   1.8487111550945633e-04 | 1
  1, 18 |   1.9406807291270798e-04 |   1.9406807291270798e-04 | 1
  1, 19 |   2.6599983531920210e-04 |   2.6599983531920210e-04 | 1
  1, 20 |   1.9506638197302524e-04 |   1.9506638197302524e-04 | 1
  1, 21 |   1.7696096509519938e-04 |   1.7696096509519938e-04 | 1
  1, 22 |   1.8560339002158410e-04 |   1.8560339002158410e-04 | 1
  1, 23 |   1.7294753769206834e-04 |   1.7294753769206834e-04 | 1
  1, 24 |   1.9705801999760634e-04 |   1.9705801999760634e-04 | 1
  1, 25 |   1.9835956046090474e-04 |   1.9835956046090474e-04 | 1
  1, 26 |   2.0108780022049048e-04 |   2.0108780022049048e-04 | 1
  1, 27 |   1.8693702947152172e-04 |   1.8693702947152172e-04 | 1
  1, 28 |   1.9545792782716556e-04 |   1.9545792782716556e-04 | 1
  1, 29 |   1.9489156006037919e-04 |   1.9489156006037919e-04 | 1
  1, 30 |   1.9386743169922749e-04 |   1.9386743169922749e-04 | 1
  1, 31 |   1.9768802564597475e-04 |   1.9768802564597475e-04 | 1
  1, 32 |   1.5973594367170926e-05 |   1.5973594367170926e-05 | 1
  1, 33 |  -1.6683594083565154e-01 |  -1.6683594083565154e-01 | 1
  1, 34 |   1.9955745055355847e-04 |   1.9955745055355847e-04 | 1
  1, 35 |  -2.6512831748603781e-05 |  -2.6512831748603781e-05 | 1
  1, 36 |  -2.5376230228522135e-05 |  -2.5376230228522135e-05 | 1
  1, 37 |  -1.4163391412470182e-05 |  -1.4163391412470182e-05 | 1
  1, 38 |  -1.2741136908544683e-06 |  -1.2741136908544683e-06 | 1
  1, 39 |  -3.4244402150228685e-05 |  -3.4244402150228685e-05 | 1
  1, 40 |  -3.2515034705085897e-08 |  -3.2515034705085897e-08 | 1
  1, 41 |  -3.1044115108788938e-05 |  -3.1044115108788938e-05 | 1
  1, 42 |   1.4982107083869666e-06 |   1.4982107083869666e-06 | 1
  1, 43 |   1.9586887963620342e-04 |   1.9586887963620342e-04 | 1
  1, 44 |  -4.4103660680701143e-06 |  -4.4103660680701143e-06 | 1
  2,  1 |   1.9447667161116410e-04 |   1.9447667161116410e-04 | 1
  2,  2 |   4.8029574879742217e-04 |   4.8029574879742217e-04 | 1
  2,  3 |   3.8529665334852364e-04 |   3.8529665334852364e-04 | 1
  2,  4 |   4.8830481103285530e-04 |   4.8830481103285530e-04 | 1
  2,  5 |   3.9974109310320267e-04 |   3.9974109310320267e-04 | 1
  2,  6 |   7.3693356094376643e-04 |   7.3693356094376643e-04 | 1
  2,  7 |   3.4748974777256916e-04 |   3.4748974777256916e-04 | 1
  2,  8 |   5.8089958585240799e-04 |   5.8089958585240799e-04 | 1
  2,  9 |   4.2473419046259948e-04 |   4.2473419046259948e-04 | 1
  2, 10 |   3.6356161090170876e-04 |   3.6356161090170876e-04 | 1
  2, 11 |   4.7383061189331950e-04 |   4.7383061189331950e-04 | 1
  2, 12 |   3.8898860814722854e-04 |   3.8898860814722854e-04 | 1
  2, 13 |   4.4684224174700211e-04 |   4.4684224174700211e-04 | 1
  2, 14 |   3.4120684736312600e-04 |   3.4120684736312600e-04 | 1
  2, 15 |   3.8206349435158070e-04 |   3.8206349435158070e-04 | 1
  2, 16 |   5.2310012053478319e-04 |   5.2310012053478319e-04 | 1
  2, 17 |   3.7061027455118404e-04 |   3.7061027455118404e-04 | 1
  2, 18 |   4.7684445122122312e-04 |   4.7684445122122312e-04 | 1
  2, 19 |   1.3832986447819000e-03 |   1.3832986447819000e-03 | 1
  2, 20 |   4.8977151673423695e-04 |   4.8977151673423695e-04 | 1
  2, 21 |   2.6526640451964966e-04 |   2.6526640451964966e-04 | 1
  2, 22 |   3.5648861761989074e-04 |   3.5648861761989074e-04 | 1
  2, 23 |   2.1907834163749541e-04 |   2.1907834163749541e-04 | 1
  2, 24 |   5.1231147465436171e-04 |   5.1231147465436171e-04 | 1
  2, 25 |   5.3446584963602064e-04 |   5.3446584963602064e-04 | 1
  2, 26 |   5.5914413717102120e-04 |   5.5914413717102120e-04 | 1
  2, 27 |   3.8628057653468400e-04 |   3.8628057653468400e-04 | 1
  2, 28 |   4.9293661039226367e-04 |   4.9293661039226367e-04 | 1
  2, 29 |   4.8794569767794465e-04 |   4.8794569767794465e-04 | 1
  2, 30 |   4.6885351953046637e-04 |   4.6885351953046637e-04 | 1
  2, 31 |   5.1919235544391077e-04 |   5.1919235544391077e-04 | 1
  2, 32 |   8.7708539773244729e-07 |   8.7708539773244729e-07 | 1
  2, 33 |  -2.0848450084414942e+00 |  -2.0848450084414942e+00 | 1
  2, 34 |   5.4032118540475542e-04 |   5.4032118540475542e-04 | 1
  2, 35 |  -2.5612309467675144e-05 |  -2.5612309467675144e-05 | 1
  2, 36 |  -2.4375883927982421e-05 |  -2.4375883927982421e-05 | 1
  2, 37 |  -1.4926987834456538e-05 |  -1.4926987834456538e-05 | 1
  2, 38 |  -2.1950674211457124e-06 |  -2.1950674211457124e-06 | 1
  2, 39 |  -3.1656635998014246e-05 |  -3.1656635998014246e-05 | 1
  2, 40 |  -3.0582438077459776e-08 |  -3.0582438077459776e-08 | 1
  2, 41 |  -3.2389311472307118e-05 |  -3.2389311472307118e-05 | 1
  2, 42 |   1.5346451093598382e-06 |   1.5346451093598382e-06 | 1
  2, 43 |   1.9656133621135069e-04 |   1.9656133621135069e-04 | 1
  2, 44 |   1.4557346439751276e-05 |   1.4557346439751276e-05 | 1
  3,  1 |   1.8667718779688980e-04 |   1.8667718779688980e-04 | 1
  3,  2 |   3.8529665334852364e-04 |   3.8529665334852364e-04 | 1
  3,  3 |   8.5063892844544848e-04 |   8.5063892844544848e-04 | 1
  3,  4 |   3.3112622040861394e-04 |   3.3112622040861394e-04 | 1
  3,  5 |   7.7591181186782720e-04 |   7.7591181186782720e-04 | 1
  3,  6 |  -9.0273059035674875e-04 |  -9.0273059035674875e-04 | 1
  3,  7 |   1.0422355390952527e-03 |   1.0422355390952527e-03 | 1
  3,  8 |  -1.2337918762144145e-04 |  -1.2337918762144145e-04 | 1
  3,  9 |   6.4913557209707036e-04 |   6.4913557209707036e-04 | 1
  3, 10 |   9.5183126541634525e-04 |   9.5183126541634525e-04 | 1
  3, 11 |   3.8897275145136062e-04 |   3.8897275145136062e-04 | 1
  3, 12 |   8.0850304015961405e-04 |   8.0850304015961405e-04 | 1
  3, 13 |   5.4246485370336483e-04 |   5.4246485370336483e-04 | 1
  3, 14 |   1.0519816039156833e-03 |   1.0519816039156833e-03 | 1
  3, 15 |   8.5376419769473842e-04 |   8.5376419769473842e-04 | 1
  3, 16 |   1.6094729789985524e-04 |   1.6094729789985524e-04 | 1
  3, 17 |   9.0423859736059352e-04 |   9.0423859736059352e-04 | 1
  3, 18 |   3.9197242086909265e-04 |   3.9197242086909265e-04 | 1
  3, 19 |  -4.0795666115087392e-03 |  -4.0795666115087392e-03 | 1
  3, 20 |   3.2657172825162871e-04 |   3.2657172825162871e-04 | 1
  3, 21 |   1.4276944743455179e-03 |   1.4276944743455179e-03 | 1
  3, 22 |   9.5611532225824949e-04 |   9.5611532225824949e-04 | 1
  3, 23 |   1.6440263368734513e-03 |   1.6440263368734513e-03 | 1
  3, 24 |   2.0733506923074609e-04 |   2.0733506923074609e-04 | 1
  3, 25 |   1.0626596291561537e-04 |   1.0626596291561537e-04 | 1
  3, 26 |  -2.3144577168386266e-05 |  -2.3144577168386266e-05 | 1
  3, 27 |   8.1221465823189836e-04 |   8.1221465823189836e-04 | 1
  3, 28 |   3.1123856610129207e-04 |   3.1123856610129207e-04 | 1
  3, 29 |   3.3176847327533377e-04 |   3.3176847327533377e-04 | 1
  3, 30 |   4.1277391402977658e-04 |   4.1277391402977658e-04 | 1
  3, 31 |   1.7265793187725068e-04 |   1.7265793187725068e-04 | 1
  3, 32 |  -5.3265688949230563e-05 |  -5.3265688949230563e-05 | 1
  3, 33 |   1.0231359348334138e+01 |   1.0231359348334138e+01 | 1
  3, 34 |   6.3730810985936407e-05 |   6.3730810985936407e-05 | 1
  3, 35 |  -2.8016523718157428e-05 |  -2.8016523718157428e-05 | 1
  3, 36 |  -2.6519831016530635e-05 |  -2.6519831016530635e-05 | 1
  3, 37 |  -1.9823252897760140e-05 |  -1.9823252897760140e-05 | 1
  3, 38 |  -7.0796182588419862e-06 |  -7.0796182588419862e-06 | 1
  3, 39 |  -3.2209510993502607e-05 |  -3.2209510993502607e-05 | 1
  3, 40 |  -2.9456702803955133e-08 |  -2.9456702803955133e-08 | 1
  3, 41 |  -3.0004011503873100e-05 |  -3.0004011503873100e-05 | 1
  3, 42 |   1.4401097912534281e-06 |   1.4401097912534281e-06 | 1
  3, 43 |   1.8900927933724601e-04 |   1.8900927933724601e-04 | 1
  3, 44 |   6.6170531942284056e-05 |   6.6170531942284056e-05 | 1
  4,  1 |   1.9573633423513830e-04 |   1.9573633423513830e-04 | 1
  4,  2 |   4.8830481103285530e-04 |   4.8830481103285530e-04 | 1
  4,  3 |   3.3112622040861394e-04 |   3.3112622040861394e-04 | 1
  4,  4 |   5.0625505717150510e-04 |   5.0625505717150510e-04 | 1
  4,  5 |   3.5502168008368247e-04 |   3.5502168008368247e-04 | 1
  4,  6 |   9.2541817043237081e-04 |   9.2541817043237081e-04 | 1
  4,  7 |   2.6591668649520166e-04 |   2.6591668649520166e-04 | 1
  4,  8 |   6.6117233490194430e-04 |   6.6117233490194430e-04 | 1
  4,  9 |   3.9757291609995903e-04 |   3.9757291609995903e-04 | 1
  4, 10 |   2.9430332879259188e-04 |   2.9430332879259188e-04 | 1
  4, 11 |   4.8246524889489315e-04 |   4.8246524889489315e-04 | 1
  4, 12 |   3.3927683692995742e-04 |   3.3927683692995742e-04 | 1
  4, 13 |   4.3457624281508585e-04 |   4.3457624281508585e-04 | 1
  4, 14 |   2.5778571859786796e-04 |   2.5778571859786796e-04 | 1
  4, 15 |   3.2630623582116766e-04 |   3.2630623582116766e-04 | 1
  4, 16 |   5.6379839493797871e-04 |   5.6379839493797871e-04 | 1
  4, 17 |   3.0768545950529116e-04 |   3.0768545950529116e-04 | 1
  4, 18 |   4.8545763389102139e-04 |   4.8545763389102139e-04 | 1
  4, 19 |   2.0140433808947689e-03 |   2.0140433808947689e-03 | 1
  4, 20 |   5.0745265046217233e-04 |   5.0745265046217233e-04 | 1
  4, 21 |   1.2960320404253601e-04 |   1.2960320404253601e-04 | 1
  4, 22 |   2.8595718169852806e-04 |   2.8595718169852806e-04 | 1
  4, 23 |   5.3055378430074386e-05 |   5.3055378430074386e-05 | 1
  4, 24 |   5.4640015308988468e-04 |   5.4640015308988468e-04 | 1
  4, 25 |   5.8279914298249515e-04 |   5.8279914298249515e-04 | 1
  4, 26 |   6.2531161376784029e-04 |   6.2531161376784029e-04 | 1
  4, 27 |   3.3583394260933771e-04 |   3.3583394260933771e-04 | 1
  4, 28 |   5.1275705626799425e-04 |   5.1275705626799425e-04 | 1
  4, 29 |   5.0481714371508667e-04 |   5.0481714371508667e-04 | 1
  4, 30 |   4.7415849118731068e-04 |   4.7415849118731068e-04 | 1
  4, 31 |   5.5809365949639018e-04 |   5.5809365949639018e-04 | 1
  4, 32 |  -8.7918152890600388e-05 |  -8.7918152890600388e-05 | 1
  4, 33 |  -3.5095373688289238e+00 |  -3.5095373688289238e+00 | 1
  4, 34 |   5.9426978094947623e-04 |   5.9426978094947623e-04 | 1
  4, 35 |  -2.5355822090250600e-05 |  -2.5355822090250600e-05 | 1
  4, 36 |  -2.4138489480698498e-05 |  -2.4138489480698498e-05 | 1
  4, 37 |  -1.4573856881454617e-05 |  -1.4573856881454617e-05 | 1
  4, 38 |  -1.2065071485007603e-06 |  -1.2065071485007603e-06 | 1
  4, 39 |  -3.1757367901964753e-05 |  -3.1757367901964753e-05 | 1
  4, 40 |  -3.0760755911806786e-08 |  -3.0760755911806786e-08 | 1
  4, 41 |  -3.2741938891548259e-05 |  -3.2741938891548259e-05 | 1
  4, 42 |   1.5495853884059929e-06 |   1.5495853884059929e-06 | 1
  4, 43 |   1.9783732384573492e-04 |   1.9783732384573492e-04 | 1
  4, 44 |   1.0364221208480784e-04 |   1.0364221208480784e-04 | 1
  5,  1 |   1.8797241009106168e-04 |   1.8797241009106168e-04 | 1
  5,  2 |   3.9974109310320267e-04 |   3.9974109310320267e-04 | 1
  5,  3 |   7.7591181186782720e-04 |   7.7591181186782720e-04 | 1
  5,  4 |   3.5502168008368247e-04 |   3.5502168008368247e-04 | 1
  5,  5 |   7.2301436709032126e-04 |   7.2301436709032126e-04 | 1
  5,  6 |  -6.5893710842702350e-04 |  -6.5893710842702350e-04 | 1
  5,  7 |   9.3978149221348470e-04 |   9.3978149221348470e-04 | 1
  5,  8 |  -1.8326168377601630e-05 |  -1.8326168377601630e-05 | 1
  5,  9 |   6.1644256328742748e-04 |   6.1644256328742748e-04 | 1
  5, 10 |   8.6517011801621872e-04 |   8.6517011801621872e-04 | 1
  5, 11 |   4.0214308565148356e-04 |   4.0214308565148356e-04 | 1
  5, 12 |   7.4686132924535616e-04 |   7.4686132924535616e-04 | 1
  5, 13 |   5.2888275341379126e-04 |   5.2888275341379126e-04 | 1
  5, 14 |   9.4715176584847624e-04 |   9.4715176584847624e-04 | 1
  5, 15 |   7.8438981538010645e-04 |   7.8438981538010645e-04 | 1
  5, 16 |   2.1525703750068371e-04 |   2.1525703750068371e-04 | 1
  5, 17 |   8.2566946053077520e-04 |   8.2566946053077520e-04 | 1
  5, 18 |   4.0514862362743564e-04 |   4.0514862362743564e-04 | 1
  5, 19 |  -3.2687093023208965e-03 |  -3.2687093023208965e-03 | 1
  5, 20 |   3.5135963460421020e-04 |   3.5135963460421020e-04 | 1
  5, 21 |   1.2558712911820693e-03 |   1.2558712911820693e-03 | 1
  5, 22 |   8.6775652461302762e-04 |   8.6775652461302762e-04 | 1
  5, 23 |   1.4332603319372685e-03 |   1.4332603319372685e-03 | 1
  5, 24 |   2.5316099123560916e-04 |   2.5316099123560916e-04 | 1
  5, 25 |   1.7036336495510003e-04 |   1.7036336495510003e-04 | 1
  5, 26 |   6.3808852357119885e-05 |   6.3808852357119885e-05 | 1
  5, 27 |   7.4961942834861242e-04 |   7.4961942834861242e-04 | 1
  5, 28 |   3.3876845471556287e-04 |   3.3876845471556287e-04 | 1
  5, 29 |   3.5552715999913646e-04 |   3.5552715999913646e-04 | 1
  5, 30 |   4.2167866705273280e-04 |   4.2167866705273280e-04 | 1
  5, 31 |   2.2464360445829224e-04 |   2.2464360445829224e-04 | 1
  5, 32 |  -5.8091476932610507e-05 |  -5.8091476932610507e-05 | 1
  5, 33 |   8.4045592336948474e+00 |   8.4045592336948474e+00 | 1
  5, 34 |   1.3500703164860862e-04 |   1.3500703164860862e-04 | 1
  5, 35 |  -2.7933640844886162e-05 |  -2.7933640844886162e-05 | 1
  5, 36 |  -2.7089537906136677e-05 |  -2.7089537906136677e-05 | 1
  5, 37 |  -1.8975310006375216e-05 |  -1.8975310006375216e-05 | 1
  5, 38 |  -6.6477774408567285e-06 |  -6.6477774408567285e-06 | 1
  5, 39 |  -3.2246594400160686e-05 |  -3.2246594400160686e-05 | 1
  5, 40 |  -2.9561516163522574e-08 |  -2.9561516163522574e-08 | 1
  5, 41 |  -3.0340311866529140e-05 |  -3.0340311866529140e-05 | 1
  5, 42 |   1.4525842321421904e-06 |   1.4525842321421904e-06 | 1
  5, 43 |   1.9032897107035442e-04 |   1.9032897107035442e-04 | 1
  5, 44 |   7.1377735466340625e-05 |   7.1377735466340625e-05 | 1
  6,  1 |   2.1504721489955985e-04 |   2.1504721489955985e-04 | 1
  6,  2 |   7.3693356094376643e-04 |   7.3693356094376643e-04 | 1
  6,  3 |  -9.0273059035674875e-04 |  -9.0273059035674875e-04 | 1
  6,  4 |   9.2541817043237081e-04 |   9.2541817043237081e-04 | 1
  6,  5 |  -6.5893710842702350e-04 |  -6.5893710842702350e-04 | 1
  6,  6 |   5.3317785706375942e-03 |   5.3317785706375942e-03 | 1
  6,  7 |  -1.6046264203601448e-03 |  -1.6046264203601448e-03 | 1
  6,  8 |   2.5523493057894265e-03 |   2.5523493057894265e-03 | 1
  6,  9 |  -2.0829355851848604e-04 |  -2.0829355851848604e-04 | 1
  6, 10 |  -1.2899783225880481e-03 |  -1.2899783225880481e-03 | 1
  6, 11 |   7.0814431283410006e-04 |   7.0814431283410006e-04 | 1
  6, 12 |  -7.9121202952613687e-04 |  -7.9121202952613687e-04 | 1
  6, 13 |   1.7496974726842392e-04 |   1.7496974726842392e-04 | 1
  6, 14 |  -1.6558777094471653e-03 |  -1.6558777094471653e-03 | 1
  6, 15 |  -9.4449370082769375e-04 |  -9.4449370082769375e-04 | 1
  6, 16 |   1.5350609115211862e-03 |   1.5350609115211862e-03 | 1
  6, 17 |  -1.1296229084095701e-03 |  -1.1296229084095701e-03 | 1
  6, 18 |   7.1115639928687018e-04 |   7.1115639928687018e-04 | 1
  6, 19 |   1.6700275986214291e-02 |   1.6700275986214291e-02 | 1
  6, 20 |   9.4377851522210558e-04 |   9.4377851522210558e-04 | 1
  6, 21 |  -2.9984417520631393e-03 |  -2.9984417520631393e-03 | 1
  6, 22 |  -1.3288200532761193e-03 |  -1.3288200532761193e-03 | 1
  6, 23 |  -3.7808623768905668e-03 |  -3.7808623768905668e-03 | 1
  6, 24 |   1.3639372846076378e-03 |   1.3639372846076378e-03 | 1
  6, 25 |   1.7316700383099202e-03 |   1.7316700383099202e-03 | 1
  6, 26 |   2.1884906838628704e-03 |   2.1884906838628704e-03 | 1
  6, 27 |  -8.1189584013647838e-04 |  -8.1189584013647838e-04 | 1
  6, 28 |   9.9881888529433248e-04 |   9.9881888529433248e-04 | 1
  6, 29 |   9.2227007089360814e-04 |   9.2227007089360814e-04 | 1
  6, 30 |   6.2245912288888040e-04 |   6.2245912288888040e-04 | 1
  6, 31 |   1.4873930940246471e-03 |   1.4873930940246471e-03 | 1
  6, 32 |  -1.7374378543559178e-04 |  -1.7374378543559178e-04 | 1
  6, 33 |  -3.6625648931457050e+01 |  -3.6625648931457050e+01 | 1
  6, 34 |   1.8732520106641902e-03 |   1.8732520106641902e-03 | 1
  6, 35 |  -1.8097592089757268e-05 |  -1.8097592089757268e-05 | 1
  6, 36 |  -1.7606223478906798e-05 |  -1.7606223478906798e-05 | 1
  6, 37 |  -1.4300399437376918e-06 |  -1.4300399437376918e-06 | 1
  6, 38 |   1.4373505888112587e-05 |   1.4373505888112587e-05 | 1
  6, 39 |  -3.0109694316065368e-05 |  -3.0109694316065368e-05 | 1
  6, 40 |  -3.3430436994862731e-08 |  -3.3430436994862731e-08 | 1
  6, 41 |  -3.9210806168650952e-05 |  -3.9210806168650952e-05 | 1
  6, 42 |   1.8105583000299693e-06 |   1.8105583000299693e-06 | 1
  6, 43 |   2.1662870086935825e-04 |   2.1662870086935825e-04 | 1
  6, 44 |   1.9606439742611684e-04 |   1.9606439742611684e-04 | 1
  7,  1 |   1.8404861870810431e-04 |   1.8404861870810431e-04 | 1
  7,  2 |   3.4748974777256916e-04 |   3.4748974777256916e-04 | 1
  7,  3 |   1.0422355390952527e-03 |   1.0422355390952527e-03 | 1
  7,  4 |   2.6591668649520166e-04 |   2.6591668649520166e-04 | 1
  7,  5 |   9.3978149221348470e-04 |   9.3978149221348470e-04 | 1
  7,  6 |  -1.6046264203601448e-03 |  -1.6046264203601448e-03 | 1
  7,  7 |   1.3449923850857620e-03 |   1.3449923850857620e-03 | 1
  7,  8 |  -4.2354195232476423e-04 |  -4.2354195232476423e-04 | 1
  7,  9 |   7.4781140237682058e-04 |   7.4781140237682058e-04 | 1
  7, 10 |   1.2067862658796586e-03 |   1.2067862658796586e-03 | 1
  7, 11 |   3.5481322365587924e-04 |   3.5481322365587924e-04 | 1
  7, 12 |   9.9095668061671737e-04 |   9.9095668061671737e-04 | 1
  7, 13 |   5.8584319486132440e-04 |   5.8584319486132440e-04 | 1
  7, 14 |   1.3595416932938456e-03 |   1.3595416932938456e-03 | 1
  7, 15 |   1.0586418928738338e-03 |   1.0586418928738338e-03 | 1
  7, 16 |   7.7168159700591175e-06 |   7.7168159700591175e-06 | 1
  7, 17 |   1.1356998560098741e-03 |   1.1356998560098741e-03 | 1
  7, 18 |   3.5782241244371172e-04 |   3.5782241244371172e-04 | 1
  7, 19 |  -6.4234243881976247e-03 |  -6.4234243881976247e-03 | 1
  7, 20 |   2.5877643334949458e-04 |   2.5877643334949458e-04 | 1
  7, 21 |   1.9292184987700011e-03 |   1.9292184987700011e-03 | 1
  7, 22 |   1.2159081755859821e-03 |   1.2159081755859821e-03 | 1
  7, 23 |   2.2582830390074143e-03 |   2.2582830390074143e-03 | 1
  7, 24 |   7.8650554659324723e-05 |   7.8650554659324723e-05 | 1
  7, 25 |  -7.5341275222243171e-05 |  -7.5341275222243171e-05 | 1
  7, 26 |  -2.7093232995118897e-04 |  -2.7093232995118897e-04 | 1
  7, 27 |   9.9741206419070444e-04 |   9.9741206419070444e-04 | 1
  7, 28 |   2.3549705636269618e-04 |   2.3549705636269618e-04 | 1
  7, 29 |   2.6699025334707454e-04 |   2.6699025334707454e-04 | 1
  7, 30 |   3.9097277373545511e-04 |   3.9097277373545511e-04 | 1
  7, 31 |   2.6117612237118452e-05 |   2.6117612237118452e-05 | 1
  7, 32 |  -3.9968163068895485e-05 |  -3.9968163068895485e-05 | 1
  7, 33 |   1.5520785378792137e+01 |   1.5520785378792137e+01 | 1
  7, 34 |  -1.3866556086661037e-04 |  -1.3866556086661037e-04 | 1
  7, 35 |  -2.9491706669553724e-05 |  -2.9491706669553724e-05 | 1
  7, 36 |  -2.8372864449673362e-05 |  -2.8372864449673362e-05 | 1
  7, 37 |  -2.2179477606518013e-05 |  -2.2179477606518013e-05 | 1
  7, 38 |  -1.0027290485269350e-05 |  -1.0027290485269350e-05 | 1
  7, 39 |  -3.2628402870312116e-05 |  -3.2628402870312116e-05 | 1
  7, 40 |  -2.9011256146850112e-08 |  -2.9011256146850112e-08 | 1
  7, 41 |  -2.8987247051244390e-05 |  -2.8987247051244390e-05 | 1
  7, 42 |   1.3985925599974735e-06 |   1.3985925599974735e-06 | 1
  7, 43 |   1.8654472189661586e-04 |   1.8654472189661586e-04 | 1
  7, 44 |   5.1857315602564077e-05 |   5.1857315602564077e-05 | 1
  8,  1 |   2.0257747341085106e-04 |   2.0257747341085106e-04 | 1
  8,  2 |   5.8089958585240799e-04 |   5.8089958585240799e-04 | 1
  8,  3 |  -1.2337918762144145e-04 |  -1.2337918762144145e-04 | 1
  8,  4 |   6.6117233490194430e-04 |   6.6117233490194430e-04 | 1
  8,  5 |  -1.8326168377601630e-05 |  -1.8326168377601630e-05 | 1
  8,  6 |   2.5523493057894265e-03 |   2.5523493057894265e-03 | 1
  8,  7 |  -4.2354195232476423e-04 |  -4.2354195232476423e-04 | 1
  8,  8 |   1.3618493504974174e-03 |   1.3618493504974174e-03 | 1
  8,  9 |   1.7482277913131848e-04 |   1.7482277913131848e-04 | 1
  8, 10 |  -2.8952308454931284e-04 |  -2.8952308454931284e-04 | 1
  8, 11 |   5.6657806040383697e-04 |   5.6657806040383697e-04 | 1
  8, 12 |  -7.7092856201878209e-05 |  -7.7092856201878209e-05 | 1
  8, 13 |   3.3961466084604229e-04 |   3.3961466084604229e-04 | 1
  8, 14 |  -4.4759690685369248e-04 |  -4.4759690685369248e-04 | 1
  8, 15 |  -1.4183492581441387e-04 |  -1.4183492581441387e-04 | 1
  8, 16 |   9.2307333918956701e-04 |   9.2307333918956701e-04 | 1
  8, 17 |  -2.2190875073204160e-04 |  -2.2190875073204160e-04 | 1
  8, 18 |   5.6958844440713630e-04 |   5.6958844440713630e-04 | 1
  8, 19 |   7.4347178820109890e-03 |   7.4347178820109890e-03 | 1
  8, 20 |   6.6931346765843210e-04 |   6.6931346765843210e-04 | 1
  8, 21 |  -1.0239392057678834e-03 |  -1.0239392057678834e-03 | 1
  8, 22 |  -3.0914565925791251e-04 |  -3.0914565925791251e-04 | 1
  8, 23 |  -1.3609869496698142e-03 |  -1.3609869496698142e-03 | 1
  8, 24 |   8.4893973938443969e-04 |   8.4893973938443969e-04 | 1
  8, 25 |   1.0076190788381426e-03 |   1.0076190788381426e-03 | 1
  8, 26 |   1.2030208323440784e-03 |   1.2030208323440784e-03 | 1
  8, 27 |  -8.6906498913394333e-05 |  -8.6906498913394333e-05 | 1
  8, 28 |   6.9297093279439034e-04 |   6.9297093279439034e-04 | 1
  8, 29 |   6.5971185487049828e-04 |   6.5971185487049828e-04 | 1
  8, 30 |   5.2971365527577907e-04 |   5.2971365527577907e-04 | 1
  8, 31 |   9.0187599609397456e-04 |   9.0187599609397456e-04 | 1
  8, 32 |  -1.2003428729483244e-04 |  -1.2003428729483244e-04 | 1
  8, 33 |  -1.5730803536663808e+01 |  -1.5730803536663808e+01 | 1
  8, 34 |   1.0670955123551051e-03 |   1.0670955123551051e-03 | 1
  8, 35 |  -2.2738564794317182e-05 |  -2.2738564794317182e-05 | 1
  8, 36 |  -2.1957361900046220e-05 |  -2.1957361900046220e-05 | 1
  8, 37 |  -9.8952925449030981e-06 |  -9.8952925449030981e-06 | 1
  8, 38 |   4.4093979079656639e-06 |   4.4093979079656639e-06 | 1
  8, 39 |  -3.1244996928757843e-05 |  -3.1244996928757843e-05 | 1
  8, 40 |  -3.1719002345688209e-08 |  -3.1719002345688209e-08 | 1
  8, 41 |  -3.5011563590379729e-05 |  -3.5011563590379729e-05 | 1
  8, 42 |   1.6399551024240911e-06 |   1.6399551024240911e-06 | 1
  8, 43 |   2.0452909892874303e-04 |   2.0452909892874303e-04 | 1
  8, 44 |   1.3810833979624953e-04 |   1.3810833979624953e-04 | 1
  9,  1 |   1.8944974612837968e-04 |   1.8944974612837968e-04 | 1
  9,  2 |   4.2473419046259948e-04 |   4.2473419046259948e-04 | 1
  9,  3 |   6.4913557209707036e-04 |   6.4913557209707036e-04 | 1
  9,  4 |   3.9757291609995903e-04 |   3.9757291609995903e-04 | 1
  9,  5 |   6.1644256328742748e-04 |   6.1644256328742748e-04 | 1
  9,  6 |  -2.0829355851848604e-04 |  -2.0829355851848604e-04 | 1
  9,  7 |   7.4781140237682058e-04 |   7.4781140237682058e-04 | 1
  9,  8 |   1.7482277913131848e-04 |   1.7482277913131848e-04 | 1
  9,  9 |   5.5523834807505597e-04 |   5.5523834807505597e-04 | 1
  9, 10 |   7.0252058083613038e-04 |   7.0252058083613038e-04 | 1
  9, 11 |   4.2479700021600677e-04 |   4.2479700021600677e-04 | 1
  9, 12 |   6.3067002629313374e-04 |   6.3067002629313374e-04 | 1
  9, 13 |   5.0185089696444497e-04 |   5.0185089696444497e-04 | 1
  9, 14 |   7.5077727117437766e-04 |   7.5077727117437766e-04 | 1
  9, 15 |   6.5383555261994803e-04 |   6.5383555261994803e-04 | 1
  9, 16 |   3.1423297807926201e-04 |   3.1423297807926201e-04 | 1
  9, 17 |   6.7806943655731645e-04 |   6.7806943655731645e-04 | 1
  9, 18 |   4.2779961457759013e-04 |   4.2779961457759013e-04 | 1
  9, 19 |  -1.7656108742341808e-03 |  -1.7656108742341808e-03 | 1
  9, 20 |   3.9557168741745217e-04 |   3.9557168741745217e-04 | 1
  9, 21 |   9.3516281302803770e-04 |   9.3516281302803770e-04 | 1
  9, 22 |   7.0197624655749674e-04 |   7.0197624655749674e-04 | 1
  9, 23 |   1.0402891942514329e-03 |   1.0402891942514329e-03 | 1
  9, 24 |   3.3639411498580924e-04 |   3.3639411498580924e-04 | 1
  9, 25 |   2.8754039957148395e-04 |   2.8754039957148395e-04 | 1
  9, 26 |   2.2339346368887417e-04 |   2.2339346368887417e-04 | 1
  9, 27 |   6.3166629287722564e-04 |   6.3166629287722564e-04 | 1
  9, 28 |   3.8808274260488133e-04 |   3.8808274260488133e-04 | 1
  9, 29 |   3.9780928072578241e-04 |   3.9780928072578241e-04 | 1
  9, 30 |   4.3640426782928370e-04 |   4.3640426782928370e-04 | 1
  9, 31 |   3.1932776902502704e-04 |   3.1932776902502704e-04 | 1
  9, 32 |  -6.7123236728930486e-05 |  -6.7123236728930486e-05 | 1
  9, 33 |   5.0141918377814427e+00 |   5.0141918377814427e+00 | 1
  9, 34 |   2.6549048051406187e-04 |   2.6549048051406187e-04 | 1
  9, 35 |  -2.7630601986440796e-05 |  -2.7630601986440796e-05 | 1
  9, 36 |  -2.5668057993062960e-05 |  -2.5668057993062960e-05 | 1
  9, 37 |  -1.7447302645702547e-05 |  -1.7447302645702547e-05 | 1
  9, 38 |  -4.8119236773143321e-06 |  -4.8119236773143321e-06 | 1
  9, 39 |  -3.2091264263935551e-05 |  -3.2091264263935551e-05 | 1
  9, 40 |  -2.9690067342580985e-08 |  -2.9690067342580985e-08 | 1
  9, 41 |  -3.0986552898828261e-05 |  -3.0986552898828261e-05 | 1
  9, 42 |   1.4783433440854256e-06 |   1.4783433440854256e-06 | 1
  9, 43 |   1.9169950541170802e-04 |   1.9169950541170802e-04 | 1
  9, 44 |   8.1171678773299421e-05 |   8.1171678773299421e-05 | 1
 10,  1 |   1.8501331513875408e-04 |   1.8501331513875408e-04 | 1
 10,  2 |   3.6356161090170876e-04 |   3.6356161090170876e-04 | 1
 10,  3 |   9.5183126541634525e-04 |   9.5183126541634525e-04 | 1
 10,  4 |   2.9430332879259188e-04 |   2.9430332879259188e-04 | 1
 10,  5 |   8.6517011801621872e-04 |   8.6517011801621872e-04 | 1
 10,  6 |  -1.2899783225880481e-03 |  -1.2899783225880481e-03 | 1
 10,  7 |   1.2067862658796586e-03 |   1.2067862658796586e-03 | 1
 10,  8 |  -2.8952308454931284e-04 |  -2.8952308454931284e-04 | 1
 10,  9 |   7.0252058083613038e-04 |   7.0252058083613038e-04 | 1
 10, 10 |   1.0969620635232647e-03 |   1.0969620635232647e-03 | 1
 10, 11 |   3.6924701040295032e-04 |   3.6924701040295032e-04 | 1
 10, 12 |   9.0800002107301134e-04 |   9.0800002107301134e-04 | 1
 10, 13 |   5.6541010513453131e-04 |   5.6541010513453131e-04 | 1
 10, 14 |   1.2203398687438386e-03 |   1.2203398687438386e-03 | 1
 10, 15 |   9.6559718334343441e-04 |   9.6559718334343441e-04 | 1
 10, 16 |   7.5678435828594164e-05 |   7.5678435828594164e-05 | 1
 10, 17 |   1.0307077088235312e-03 |   1.0307077088235312e-03 | 1
 10, 18 |   3.7224996439701153e-04 |   3.7224996439701153e-04 | 1
 10, 19 |  -5.3705637317166119e-03 |  -5.3705637317166119e-03 | 1
 10, 20 |   2.8832136237088028e-04 |   2.8832136237088028e-04 | 1
 10, 21 |   1.7028009675366434e-03 |   1.7028009675366434e-03 | 1
 10, 22 |   1.0981867515526635e-03 |   1.0981867515526635e-03 | 1
 10, 23 |   1.9811851748177838e-03 |   1.9811851748177838e-03 | 1
 10, 24 |   1.3557624890575049e-04 |   1.3557624890575049e-04 | 1
 10, 25 |   5.3830876089668501e-06 |   5.3830876089668501e-06 | 1
 10, 26 |  -1.6044827851144112e-04 |  -1.6044827851144112e-04 | 1
 10, 27 |   9.1322715094892585e-04 |   9.1322715094892585e-04 | 1
 10, 28 |   2.6862027731903521e-04 |   2.6862027731903521e-04 | 1
 10, 29 |   2.9518564445055304e-04 |   2.9518564445055304e-04 | 1
 10, 30 |   3.9985340259818161e-04 |   3.9985340259818161e-04 | 1
 10, 31 |   9.1071234319955403e-05 |   9.1071234319955403e-05 | 1
 10, 32 |  -4.5336362549171031e-05 |  -4.5336362549171031e-05 | 1
 10, 33 |   1.3142680357038431e+01 |   1.3142680357038431e+01 | 1
 10, 34 |  -4.8593514778907503e-05 |  -4.8593514778907503e-05 | 1
 10, 35 |  -2.9064617918692015e-05 |  -2.9064617918692015e-05 | 1
 10, 36 |  -2.7400665429389049e-05 |  -2.7400665429389049e-05 | 1
 10, 37 |  -2.0530665127273830e-05 |  -2.0530665127273830e-05 | 1
 10, 38 |  -8.9906527617475314e-06 |  -8.9906527617475314e-06 | 1
 10, 39 |  -3.2224051458649470e-05 |  -3.2224051458649470e-05 | 1
 10, 40 |  -2.9197329633207936e-08 |  -2.9197329633207936e-08 | 1
 10, 41 |  -2.9413578696917403e-05 |  -2.9413578696917403e-05 | 1
 10, 42 |   1.4153887363747441e-06 |   1.4153887363747441e-06 | 1
 10, 43 |   1.8732374132406760e-04 |   1.8732374132406760e-04 | 1
 10, 44 |   5.7711485866105280e-05 |   5.7711485866105280e-05 | 1
 11,  1 |   1.9398734717713343e-04 |   1.9398734717713343e-04 | 1
 11,  2 |   4.7383061189331950e-04 |   4.7383061189331950e-04 | 1
 11,  3 |   3.8897275145136062e-04 |   3.8897275145136062e-04 | 1
 11,  4 |   4.8246524889489315e-04 |   4.8246524889489315e-04 | 1
 11,  5 |   4.0214308565148356e-04 |   4.0214308565148356e-04 | 1
 11,  6 |   7.0814431283410006e-04 |   7.0814431283410006e-04 | 1
 11,  7 |   3.5481322365587924e-04 |   3.5481322365587924e-04 | 1
 11,  8 |   5.6657806040383697e-04 |   5.6657806040383697e-04 | 1
 11,  9 |   4.2479700021600677e-04 |   4.2479700021600677e-04 | 1
 11, 10 |   3.6924701040295032e-04 |   3.6924701040295032e-04 | 1
 11, 11 |   4.6918504143535992e-04 |   4.6918504143535992e-04 | 1
 11, 12 |   3.9210482034373760e-04 |   3.9210482034373760e-04 | 1
 11, 13 |   4.4490716860173471e-04 |   4.4490716860173471e-04 | 1
 11, 14 |   3.4880638103635569e-04 |   3.4880638103635569e-04 | 1
 11, 15 |   3.8597358492872705e-04 |   3.8597358492872705e-04 | 1
 11, 16 |   5.1408750604716726e-04 |   5.1408750604716726e-04 | 1
 11, 17 |   3.7546963830204297e-04 |   3.7546963830204297e-04 | 1
 11, 18 |   4.7210887310422623e-04 |   4.7210887310422623e-04 | 1
 11, 19 |   1.2952932344359926e-03 |   1.2952932344359926e-03 | 1
 11, 20 |   4.8383227458297291e-04 |   4.8383227458297291e-04 | 1
 11, 21 |   2.7986703432656085e-04 |   2.7986703432656085e-04 | 1
 11, 22 |   3.6241549599252086e-04 |   3.6241549599252086e-04 | 1
 11, 23 |   2.3775440413601880e-04 |   2.3775440413601880e-04 | 1
 11, 24 |   5.0419488404141854e-04 |   5.0419488404141854e-04 | 1
 11, 25 |   5.2442805058200708e-04 |   5.2442805058200708e-04 | 1
 11, 26 |   5.4673750523086154e-04 |   5.4673750523086154e-04 | 1
 11, 27 |   3.8951876938438069e-04 |   3.8951876938438069e-04 | 1
 11, 28 |   4.8671116840345846e-04 |   4.8671116840345846e-04 | 1
 11, 29 |   4.8212620142779327e-04 |   4.8212620142779327e-04 | 1
 11, 30 |   4.6461086434626721e-04 |   4.6461086434626721e-04 | 1
 11, 31 |   5.1044191173022987e-04 |   5.1044191173022987e-04 | 1
 11, 32 |  -8.3589267816668977e-05 |  -8.3589267816668977e-05 | 1
 11, 33 |  -1.8940485722115956e+00 |  -1.8940485722115956e+00 | 1
 11, 34 |   5.2956937047613211e-04 |   5.2956937047613211e-04 | 1
 11, 35 |  -2.5855913790456676e-05 |  -2.5855913790456676e-05 | 1
 11, 36 |  -2.4390913141080039e-05 |  -2.4390913141080039e-05 | 1
 11, 37 |  -1.4942132582865683e-05 |  -1.4942132582865683e-05 | 1
 11, 38 |  -1.4787081957966285e-06 |  -1.4787081957966285e-06 | 1
 11, 39 |  -3.1589227333518179e-05 |  -3.1589227333518179e-05 | 1
 11, 40 |  -3.0544422804808137e-08 |  -3.0544422804808137e-08 | 1
 11, 41 |  -3.2177711639779135e-05 |  -3.2177711639779135e-05 | 1
 11, 42 |   1.5135572008701230e-06 |   1.5135572008701230e-06 | 1
 11, 43 |   1.9622060192336048e-04 |   1.9622060192336048e-04 | 1
 11, 44 |   9.9415675164099727e-05 |   9.9415675164099727e-05 | 1
 12,  1 |   1.8735880794995834e-04 |   1.8735880794995834e-04 | 1
 12,  2 |   3.8898860814722854e-04 |   3.8898860814722854e-04 | 1
 12,  3 |   8.0850304015961405e-04 |   8.0850304015961405e-04 | 1
 12,  4 |   3.3927683692995742e-04 |   3.3927683692995742e-04 | 1
 12,  5 |   7.4686132924535616e-04 |   7.4686132924535616e-04 | 1
 12,  6 |  -7.9121202952613687e-04 |  -7.9121202952613687e-04 | 1
 12,  7 |   9.9095668061671737e-04 |   9.9095668061671737e-04 | 1
 12,  8 |  -7.7092856201878209e-05 |  -7.7092856201878209e-05 | 1
 12,  9 |   6.3067002629313374e-04 |   6.3067002629313374e-04 | 1
 12, 10 |   9.0800002107301134e-04 |   9.0800002107301134e-04 | 1
 12, 11 |   3.9210482034373760e-04 |   3.9210482034373760e-04 | 1
 12, 12 |   7.7895142172418211e-04 |   7.7895142172418211e-04 | 1
 12, 13 |   5.3297408423657450e-04 |   5.3297408423657450e-04 | 1
 12, 14 |   9.9962338688735337e-04 |   9.9962338688735337e-04 | 1
 12, 15 |   8.1806849289134203e-04 |   8.1806849289134203e-04 | 1
 12, 16 |   1.8338739421190788e-04 |   1.8338739421190788e-04 | 1
 12, 17 |   8.6422166217918939e-04 |   8.6422166217918939e-04 | 1
 12, 18 |   3.9506833852946341e-04 |   3.9506833852946341e-04 | 1
 12, 19 |  -3.7015303456472935e-03 |  -3.7015303456472935e-03 | 1
 12, 20 |   3.3512607929691316e-04 |   3.3512607929691316e-04 | 1
 12, 21 |   1.3438384857065800e-03 |   1.3438384857065800e-03 | 1
 12, 22 |   9.1154978011669726e-04 |   9.1154978011669726e-04 | 1
 12, 23 |   1.5418838807806819e-03 |   1.5418838807806819e-03 | 1
 12, 24 |   2.2579401967941709e-04 |   2.2579401967941709e-04 | 1
 12, 25 |   1.3329907343902764e-04 |   1.3329907343902764e-04 | 1
 12, 26 |   1.4653400915542130e-05 |   1.4653400915542130e-05 | 1
 12, 27 |   7.7974405155775554e-04 |   7.7974405155775554e-04 | 1
 12, 28 |   3.2108680086892147e-04 |   3.2108680086892147e-04 | 1
 12, 29 |   3.3984585085667545e-04 |   3.3984585085667545e-04 | 1
 12, 30 |   4.1390061700763469e-04 |   4.1390061700763469e-04 | 1
 12, 31 |   1.9401598377586672e-04 |   1.9401598377586672e-04 | 1
 12, 32 |  -5.4285330004815364e-05 |  -5.4285330004815364e-05 | 1
 12, 33 |   9.3727700667343186e+00 |   9.3727700667343186e+00 | 1
 12, 34 |   9.4169126775534527e-05 |   9.4169126775534527e-05 | 1
 12, 35 |  -2.8255249796103134e-05 |  -2.8255249796103134e-05 | 1
 12, 36 |  -2.6676645712921839e-05 |  -2.6676645712921839e-05 | 1
 12, 37 |  -1.9425865484876652e-05 |  -1.9425865484876652e-05 | 1
 12, 38 |  -7.0649196927527444e-06 |  -7.0649196927527444e-06 | 1
 12, 39 |  -3.2300645076784306e-05 |  -3.2300645076784306e-05 | 1
 12, 40 |  -2.9507451103781530e-08 |  -2.9507451103781530e-08 | 1
 12, 41 |  -3.0140147519524919e-05 |  -3.0140147519524919e-05 | 1
 12, 42 |   1.4440745573052531e-06 |   1.4440745573052531e-06 | 1
 12, 43 |   1.8968062708872718e-04 |   1.8968062708872718e-04 | 1
 12, 44 |   6.7424691924178174e-05 |   6.7424691924178174e-05 | 1
 13,  1 |   1.9128549168013700e-04 |   1.9128549168013700e-04 | 1
 13,  2 |   4.4684224174700211e-04 |   4.4684224174700211e-04 | 1
 13,  3 |   5.4246485370336483e-04 |   5.4246485370336483e-04 | 1
 13,  4 |   4.3457624281508585e-04 |   4.3457624281508585e-04 | 1
 13,  5 |   5.2888275341379126e-04 |   5.2888275341379126e-04 | 1
 13,  6 |   1.7496974726842392e-04 |   1.7496974726842392e-04 | 1
 13,  7 |   5.8584319486132440e-04 |   5.8584319486132440e-04 | 1
 13,  8 |   3.3961466084604229e-04 |   3.3961466084604229e-04 | 1
 13,  9 |   5.0185089696444497e-04 |   5.0185089696444497e-04 | 1
 13, 10 |   5.6541010513453131e-04 |   5.6541010513453131e-04 | 1
 13, 11 |   4.4490716860173471e-04 |   4.4490716860173471e-04 | 1
 13, 12 |   5.3297408423657450e-04 |   5.3297408423657450e-04 | 1
 13, 13 |   4.8129599914946739e-04 |   4.8129599914946739e-04 | 1
 13, 14 |   5.8505540247333647e-04 |   5.8505540247333647e-04 | 1
 13, 15 |   5.4395484115583252e-04 |   5.4395484115583252e-04 | 1
 13, 16 |   3.9911396853391842e-04 |   3.9911396853391842e-04 | 1
 13, 17 |   5.5372067358584460e-04 |   5.5372067358584460e-04 | 1
 13, 18 |   4.4791276050725235e-04 |   4.4791276050725235e-04 | 1
 13, 19 |  -4.8937553241446821e-04 |  -4.8937553241446821e-04 | 1
 13, 20 |   4.3398226946026890e-04 |   4.3398226946026890e-04 | 1
 13, 21 |   6.6395541466452053e-04 |   6.6395541466452053e-04 | 1
 13, 22 |   5.6221308759445273e-04 |   5.6221308759445273e-04 | 1
 13, 23 |   7.0776196248579148e-04 |   7.0776196248579148e-04 | 1
 13, 24 |   4.0792051440313552e-04 |   4.0792051440313552e-04 | 1
 13, 25 |   3.8784147666390197e-04 |   3.8784147666390197e-04 | 1
 13, 26 |   3.5968477825097775e-04 |   3.5968477825097775e-04 | 1
 13, 27 |   5.3246892322580670e-04 |   5.3246892322580670e-04 | 1
 13, 28 |   4.3080939074703855e-04 |   4.3080939074703855e-04 | 1
 13, 29 |   4.3458089961830981e-04 |   4.3458089961830981e-04 | 1
 13, 30 |   4.4979230387431115e-04 |   4.4979230387431115e-04 | 1
 13, 31 |   4.0055983073979768e-04 |   4.0055983073979768e-04 | 1
 13, 32 |  -7.4685103166964942e-05 |  -7.4685103166964942e-05 | 1
 13, 33 |   2.1375289676948599e+00 |   2.1375289676948599e+00 | 1
 13, 34 |   3.7709527358669088e-04 |   3.7709527358669088e-04 | 1
 13, 35 |  -2.6961481181506530e-05 |  -2.6961481181506530e-05 | 1
 13, 36 |  -2.5552006178288386e-05 |  -2.5552006178288386e-05 | 1
 13, 37 |  -1.6401064052506437e-05 |  -1.6401064052506437e-05 | 1
 13, 38 |  -3.5025561210903866e-06 |  -3.5025561210903866e-06 | 1
 13, 39 |  -3.1737277514317337e-05 |  -3.1737277514317337e-05 | 1
 13, 40 |  -3.0045254722396506e-08 |  -3.0045254722396506e-08 | 1
 13, 41 |  -3.1499066428175350e-05 |  -3.1499066428175350e-05 | 1
 13, 42 |   1.4982312937086128e-06 |   1.4982312937086128e-06 | 1
 13, 43 |   1.9350540763625725e-04 |   1.9350540763625725e-04 | 1
 13, 44 |   8.9197127710707508e-05 |   8.9197127710707508e-05 | 1
 14,  1 |   1.8294823924457120e-04 |   1.8294823924457120e-04 | 1
 14,  2 |   3.4120684736312600e-04 |   3.4120684736312600e-04 | 1
 14,  3 |   1.0519816039156833e-03 |   1.0519816039156833e-03 | 1
 14,  4 |   2.5778571859786796e-04 |   2.5778571859786796e-04 | 1
 14,  5 |   9.4715176584847624e-04 |   9.4715176584847624e-04 | 1
 14,  6 |  -1.6558777094471653e-03 |  -1.6558777094471653e-03 | 1
 14,  7 |   1.3595416932938456e-03 |   1.3595416932938456e-03 | 1
 14,  8 |  -4.4759690685369248e-04 |  -4.4759690685369248e-04 | 1
 14,  9 |   7.5077727117437766e-04 |   7.5077727117437766e-04 | 1
 14, 10 |   1.2203398687438386e-03 |   1.2203398687438386e-03 | 1
 14, 11 |   3.4880638103635569e-04 |   3.4880638103635569e-04 | 1
 14, 12 |   9.9962338688735337e-04 |   9.9962338688735337e-04 | 1
 14, 13 |   5.8505540247333647e-04 |   5.8505540247333647e-04 | 1
 14, 14 |   1.3782126781054977e-03 |   1.3782126781054977e-03 | 1
 14, 15 |   1.0688069853971890e-03 |   1.0688069853971890e-03 | 1
 14, 16 |  -6.3785511923378020e-06 |  -6.3785511923378020e-06 | 1
 14, 17 |   1.1476699524287340e-03 |   1.1476699524287340e-03 | 1
 14, 18 |   3.5178857991504981e-04 |   3.5178857991504981e-04 | 1
 14, 19 |  -6.5859355015847072e-03 |  -6.5859355015847072e-03 | 1
 14, 20 |   2.5045759566662837e-04 |   2.5045759566662837e-04 | 1
 14, 21 |   1.9594768483789126e-03 |   1.9594768483789126e-03 | 1
 14, 22 |   1.2298400949439228e-03 |   1.2298400949439228e-03 | 1
 14, 23 |   2.2961941747041120e-03 |   2.2961941747041120e-03 | 1
 14, 24 |   6.6223415954086244e-05 |   6.6223415954086244e-05 | 1
 14, 25 |  -9.1361566720447055e-05 |  -9.1361566720447055e-05 | 1
 14, 26 |  -2.9141924510194114e-04 |  -2.9141924510194114e-04 | 1
 14, 27 |   1.0062770040008603e-03 |   1.0062770040008603e-03 | 1
 14, 28 |   2.2664680283520803e-04 |   2.2664680283520803e-04 | 1
 14, 29 |   2.5888799344897013e-04 |   2.5888799344897013e-04 | 1
 14, 30 |   3.8580766689432140e-04 |   3.8580766689432140e-04 | 1
 14, 31 |   1.2482770324970646e-05 |   1.2482770324970646e-05 | 1
 14, 32 |  -3.7930751235842716e-05 |  -3.7930751235842716e-05 | 1
 14, 33 |   1.5879190969245773e+01 |   1.5879190969245773e+01 | 1
 14, 34 |  -1.5607268840153117e-04 |  -1.5607268840153117e-04 | 1
 14, 35 |  -2.9892341061642461e-05 |  -2.9892341061642461e-05 | 1
 14, 36 |  -2.8383533107062641e-05 |  -2.8383533107062641e-05 | 1
 14, 37 |  -2.2024332184423304e-05 |  -2.2024332184423304e-05 | 1
 14, 38 |  -1.0554107857280295e-05 |  -1.0554107857280295e-05 | 1
 14, 39 |  -3.2674537037324949e-05 |  -3.2674537037324949e-05 | 1
 14, 40 |  -2.8830720160429508e-08 |  -2.8830720160429508e-08 | 1
 14, 41 |  -2.8715302507011613e-05 |  -2.8715302507011613e-05 | 1
 14, 42 |   1.3861155990320141e-06 |   1.3861155990320141e-06 | 1
 14, 43 |   1.8541298163817844e-04 |   1.8541298163817844e-04 | 1
 14, 44 |   4.9649561206556228e-05 |   4.9649561206556228e-05 | 1
 15,  1 |   1.8654721559889054e-04 |   1.8654721559889054e-04 | 1
 15,  2 |   3.8206349435158070e-04 |   3.8206349435158070e-04 | 1
 15,  3 |   8.5376419769473842e-04 |   8.5376419769473842e-04 | 1
 15,  4 |   3.2630623582116766e-04 |   3.2630623582116766e-04 | 1
 15,  5 |   7.8438981538010645e-04 |   7.8438981538010645e-04 | 1
 15,  6 |  -9.4449370082769375e-04 |  -9.4449370082769375e-04 | 1
 15,  7 |   1.0586418928738338e-03 |   1.0586418928738338e-03 | 1
 15,  8 |  -1.4183492581441387e-04 |  -1.4183492581441387e-04 | 1
 15,  9 |   6.5383555261994803e-04 |   6.5383555261994803e-04 | 1
 15, 10 |   9.6559718334343441e-04 |   9.6559718334343441e-04 | 1
 15, 11 |   3.8597358492872705e-04 |   3.8597358492872705e-04 | 1
 15, 12 |   8.1806849289134203e-04 |   8.1806849289134203e-04 | 1
 15, 13 |   5.4395484115583252e-04 |   5.4395484115583252e-04 | 1
 15, 14 |   1.0688069853971890e-03 |   1.0688069853971890e-03 | 1
 15, 15 |   8.6702033490749922e-04 |   8.6702033490749922e-04 | 1
 15, 16 |   1.5102630489090957e-04 |   1.5102630489090957e-04 | 1
 15, 17 |   9.1663525795246707e-04 |   9.1663525795246707e-04 | 1
 15, 18 |   3.8895151172402878e-04 |   3.8895151172402878e-04 | 1
 15, 19 |  -4.2166406827257204e-03 |  -4.2166406827257204e-03 | 1
 15, 20 |   3.2159419847058168e-04 |   3.2159419847058168e-04 | 1
 15, 21 |   1.4557694827666871e-03 |   1.4557694827666871e-03 | 1
 15, 22 |   9.7017757423610964e-04 |   9.7017757423610964e-04 | 1
 15, 23 |   1.6786508419304488e-03 |   1.6786508419304488e-03 | 1
 15, 24 |   1.9883562276612916e-04 |   1.9883562276612916e-04 | 1
 15, 25 |   9.4692106218376252e-05 |   9.4692106218376252e-05 | 1
 15, 26 |  -3.8552067420531648e-05 |  -3.8552067420531648e-05 | 1
 15, 27 |   8.2194587621695417e-04 |   8.2194587621695417e-04 | 1
 15, 28 |   3.0580501117619813e-04 |   3.0580501117619813e-04 | 1
 15, 29 |   3.2698067604843819e-04 |   3.2698067604843819e-04 | 1
 15, 30 |   4.1048831982457045e-04 |   4.1048831982457045e-04 | 1
 15, 31 |   1.6312577189334917e-04 |   1.6312577189334917e-04 | 1
 15, 32 |  -5.2275138143745673e-05 |  -5.2275138143745673e-05 | 1
 15, 33 |   1.0538376644630976e+01 |   1.0538376644630976e+01 | 1
 15, 34 |   5.0961317019611302e-05 |   5.0961317019611302e-05 | 1
 15, 35 |  -2.8742524008705209e-05 |  -2.8742524008705209e-05 | 1
 15, 36 |  -2.7129504595097806e-05 |  -2.7129504595097806e-05 | 1
 15, 37 |  -1.9911221241148739e-05 |  -1.9911221241148739e-05 | 1
 15, 38 |  -7.4089448367770451e-06 |  -7.4089448367770451e-06 | 1
 15, 39 |  -3.2293850228152352e-05 |  -3.2293850228152352e-05 | 1
 15, 40 |  -2.9361923004940863e-08 |  -2.9361923004940863e-08 | 1
 15, 41 |  -2.9895126546854678e-05 |  -2.9895126546854678e-05 | 1
 15, 42 |   1.4337204528565845e-06 |   1.4337204528565845e-06 | 1
 15, 43 |   1.8894156792652867e-04 |   1.8894156792652867e-04 | 1
 15, 44 |   6.5156285284737129e-05 |   6.5156285284737129e-05 | 1
 16,  1 |   1.9814693332294541e-04 |   1.9814693332294541e-04 | 1
 16,  2 |   5.2310012053478319e-04 |   5.2310012053478319e-04 | 1
 16,  3 |   1.6094729789985524e-04 |   1.6094729789985524e-04 | 1
 16,  4 |   5.6379839493797871e-04 |   5.6379839493797871e-04 | 1
 16,  5 |   2.1525703750068371e-04 |   2.1525703750068371e-04 | 1
 16,  6 |   1.5350609115211862e-03 |   1.5350609115211862e-03 | 1
 16,  7 |   7.7168159700591175e-06 |   7.7168159700591175e-06 | 1
 16,  8 |   9.2307333918956701e-04 |   9.2307333918956701e-04 | 1
 16,  9 |   3.1423297807926201e-04 |   3.1423297807926201e-04 | 1
 16, 10 |   7.5678435828594164e-05 |   7.5678435828594164e-05 | 1
 16, 11 |   5.1408750604716726e-04 |   5.1408750604716726e-04 | 1
 16, 12 |   1.8338739421190788e-04 |   1.8338739421190788e-04 | 1
 16, 13 |   3.9911396853391842e-04 |   3.9911396853391842e-04 | 1
 16, 14 |  -6.3785511923378020e-06 |  -6.3785511923378020e-06 | 1
 16, 15 |   1.5102630489090957e-04 |   1.5102630489090957e-04 | 1
 16, 16 |   6.9936591290827846e-04 |   6.9936591290827846e-04 | 1
 16, 17 |   1.0937360628198780e-04 |   1.0937360628198780e-04 | 1
 16, 18 |   5.1708234746023667e-04 |   5.1708234746023667e-04 | 1
 16, 19 |   4.0450292794736798e-03 |   4.0450292794736798e-03 | 1
 16, 20 |   5.6819682755455362e-04 |   5.6819682755455362e-04 | 1
 16, 21 |  -3.0247009337594380e-04 |  -3.0247009337594380e-04 | 1
 16, 22 |   6.3099930322604544e-05 |   6.3099930322604544e-05 | 1
 16, 23 |  -4.7661890157668402e-04 |  -4.7661890157668402e-04 | 1
 16, 24 |   6.5985250581748474e-04 |   6.5985250581748474e-04 | 1
 16, 25 |   7.4206942346325528e-04 |   7.4206942346325528e-04 | 1
 16, 26 |   8.4185983298764862e-04 |   8.4185983298764862e-04 | 1
 16, 27 |   1.7755681714938358e-04 |   1.7755681714938358e-04 | 1
 16, 28 |   5.8038049878582289e-04 |   5.8038049878582289e-04 | 1
 16, 29 |   5.6295872629653541e-04 |   5.6295872629653541e-04 | 1
 16, 30 |   4.9507857075796534e-04 |   4.9507857075796534e-04 | 1
 16, 31 |   6.8700055539012300e-04 |   6.8700055539012300e-04 | 1
 16, 32 |  -1.0025163189620882e-04 |  -1.0025163189620882e-04 | 1
 16, 33 |  -8.0882969707119017e+00 |  -8.0882969707119017e+00 | 1
 16, 34 |   7.7152202249170920e-04 |   7.7152202249170920e-04 | 1
 16, 35 |  -2.4766744147207443e-05 |  -2.4766744147207443e-05 | 1
 16, 36 |  -2.3676150347226058e-05 |  -2.3676150347226058e-05 | 1
 16, 37 |  -1.2915443265431397e-05 |  -1.2915443265431397e-05 | 1
 16, 38 |   8.2217588415876247e-07 |   8.2217588415876247e-07 | 1
 16, 39 |  -3.1652276275735960e-05 |  -3.1652276275735960e-05 | 1
 16, 40 |  -3.1030407937339538e-08 |  -3.1030407937339538e-08 | 1
 16, 41 |  -3.3531866298507594e-05 |  -3.3531866298507594e-05 | 1
 16, 42 |   1.5797423539550852e-06 |   1.5797423539550852e-06 | 1
 16, 43 |   2.0026234910591899e-04 |   2.0026234910591899e-04 | 1
 16, 44 |   1.1685590380686346e-04 |   1.1685590380686346e-04 | 1
 17,  1 |   1.8487111550945633e-04 |   1.8487111550945633e-04 | 1
 17,  2 |   3.7061027455118404e-04 |   3.7061027455118404e-04 | 1
 17,  3 |   9.0423859736059352e-04 |   9.0423859736059352e-04 | 1
 17,  4 |   3.0768545950529116e-04 |   3.0768545950529116e-04 | 1
 17,  5 |   8.2566946053077520e-04 |   8.2566946053077520e-04 | 1
 17,  6 |  -1.1296229084095701e-03 |  -1.1296229084095701e-03 | 1
 17,  7 |   1.1356998560098741e-03 |   1.1356998560098741e-03 | 1
 17,  8 |  -2.2190875073204160e-04 |  -2.2190875073204160e-04 | 1
 17,  9 |   6.7806943655731645e-04 |   6.7806943655731645e-04 | 1
 17, 10 |   1.0307077088235312e-03 |   1.0307077088235312e-03 | 1
 17, 11 |   3.7546963830204297e-04 |   3.7546963830204297e-04 | 1
 17, 12 |   8.6422166217918939e-04 |   8.6422166217918939e-04 | 1
 17, 13 |   5.5372067358584460e-04 |   5.5372067358584460e-04 | 1
 17, 14 |   1.1476699524287340e-03 |   1.1476699524287340e-03 | 1
 17, 15 |   9.1663525795246707e-04 |   9.1663525795246707e-04 | 1
 17, 16 |   1.0937360628198780e-04 |   1.0937360628198780e-04 | 1
 17, 17 |   9.7687853874460669e-04 |   9.7687853874460669e-04 | 1
 17, 18 |   3.7846617140475833e-04 |   3.7846617140475833e-04 | 1
 17, 19 |  -4.8311817303992623e-03 |  -4.8311817303992623e-03 | 1
 17, 20 |   3.0230768763765795e-04 |   3.0230768763765795e-04 | 1
 17, 21 |   1.5853732304292067e-03 |   1.5853732304292067e-03 | 1
 17, 22 |   1.0365660730150372e-03 |   1.0365660730150372e-03 | 1
 17, 23 |   1.8377381014968528e-03 |   1.8377381014968528e-03 | 1
 17, 24 |   1.6362245247306329e-04 |   1.6362245247306329e-04 | 1
 17, 25 |   4.5638280884436863e-05 |   4.5638280884436863e-05 | 1
 17, 26 |  -1.0491585687750552e-04 |  -1.0491585687750552e-04 | 1
 17, 27 |   8.6882410220624393e-04 |   8.6882410220624393e-04 | 1
 17, 28 |   2.8443424973701305e-04 |   2.8443424973701305e-04 | 1
 17, 29 |   3.0847766952451887e-04 |   3.0847766952451887e-04 | 1
 17, 30 |   4.0322353215196287e-04 |   4.0322353215196287e-04 | 1
 17, 31 |   1.2323710781153037e-04 |   1.2323710781153037e-04 | 1
 17, 32 |  -4.8514442902181947e-05 |  -4.8514442902181947e-05 | 1
 17, 33 |   1.1921728181744911e+01 |   1.1921728181744911e+01 | 1
 17, 34 |  -3.5320899604580784e-06 |  -3.5320899604580784e-06 | 1
 17, 35 |  -2.7810885054658901e-05 |  -2.7810885054658901e-05 | 1
 17, 36 |  -2.6216114892227870e-05 |  -2.6216114892227870e-05 | 1
 17, 37 |  -1.9306325534236172e-05 |  -1.9306325534236172e-05 | 1
 17, 38 |  -7.2563471472849473e-06 |  -7.2563471472849473e-06 | 1
 17, 39 |  -3.2229977748898358e-05 |  -3.2229977748898358e-05 | 1
 17, 40 |  -2.9241087988562089e-08 |  -2.9241087988562089e-08 | 1
 17, 41 |  -2.9654836776034555e-05 |  -2.9654836776034555e-05 | 1
 17, 42 |   1.4254691461545543e-06 |   1.4254691461545543e-06 | 1
 17, 43 |   1.8706892847330527e-04 |   1.8706892847330527e-04 | 1
 17, 44 |   6.1124844198930534e-05 |   6.1124844198930534e-05 | 1
 18,  1 |   1.9406807291270798e-04 |   1.9406807291270798e-04 | 1
 18,  2 |   4.7684445122122312e-04 |   4.7684445122122312e-04 | 1
 18,  3 |   3.9197242086909265e-04 |   3.9197242086909265e-04 | 1
 18,  4 |   4.8545763389102139e-04 |   4.8545763389102139e-04 | 1
 18,  5 |   4.0514862362743564e-04 |   4.0514862362743564e-04 | 1
 18,  6 |   7.1115639928687018e-04 |   7.1115639928687018e-04 | 1
 18,  7 |   3.5782241244371172e-04 |   3.5782241244371172e-04 | 1
 18,  8 |   5.6958844440713630e-04 |   5.6958844440713630e-04 | 1
 18,  9 |   4.2779961457759013e-04 |   4.2779961457759013e-04 | 1
 18, 10 |   3.7224996439701153e-04 |   3.7224996439701153e-04 | 1
 18, 11 |   4.7210887310422623e-04 |   4.7210887310422623e-04 | 1
 18, 12 |   3.9506833852946341e-04 |   3.9506833852946341e-04 | 1
 18, 13 |   4.4791276050725235e-04 |   4.4791276050725235e-04 | 1
 18, 14 |   3.5178857991504981e-04 |   3.5178857991504981e-04 | 1
 18, 15 |   3.8895151172402878e-04 |   3.8895151172402878e-04 | 1
 18, 16 |   5.1708234746023667e-04 |   5.1708234746023667e-04 | 1
 18, 17 |   3.7846617140475833e-04 |   3.7846617140475833e-04 | 1
 18, 18 |   4.8102654837553976e-04 |   4.8102654837553976e-04 | 1
 18, 19 |   1.2983838165364892e-03 |   1.2983838165364892e-03 | 1
 18, 20 |   4.8683798395617316e-04 |   4.8683798395617316e-04 | 1
 18, 21 |   2.8284490595866213e-04 |   2.8284490595866213e-04 | 1
 18, 22 |   3.6535694448772669e-04 |   3.6535694448772669e-04 | 1
 18, 23 |   2.4071656091362743e-04 |   2.4071656091362743e-04 | 1
 18, 24 |   5.0718595598851540e-04 |   5.0718595598851540e-04 | 1
 18, 25 |   5.2743893285451854e-04 |   5.2743893285451854e-04 | 1
 18, 26 |   5.4972835884699377e-04 |   5.4972835884699377e-04 | 1
 18, 27 |   3.9246532472106833e-04 |   3.9246532472106833e-04 | 1
 18, 28 |   4.8971537272367478e-04 |   4.8971537272367478e-04 | 1
 18, 29 |   4.8512699652439686e-04 |   4.8512699652439686e-04 | 1
 18, 30 |   4.6757676749608636e-04 |   4.6757676749608636e-04 | 1
 18, 31 |   5.1342581553726497e-04 |   5.1342581553726497e-04 | 1
 18, 32 |  -8.4366451161588149e-05 |  -8.4366451161588149e-05 | 1
 18, 33 |  -1.8943067925287496e+00 |  -1.8943067925287496e+00 | 1
 18, 34 |   5.3254189821053989e-04 |   5.3254189821053989e-04 | 1
 18, 35 |  -2.5226597920248000e-05 |  -2.5226597920248000e-05 | 1
 18, 36 |  -2.3874950954036750e-05 |  -2.3874950954036750e-05 | 1
 18, 37 |  -1.4291523373778150e-05 |  -1.4291523373778150e-05 | 1
 18, 38 |  -1.4015370083820331e-06 |  -1.4015370083820331e-06 | 1
 18, 39 |  -3.1778298757364774e-05 |  -3.1778298757364774e-05 | 1
 18, 40 |  -3.0536136948134343e-08 |  -3.0536136948134343e-08 | 1
 18, 41 |  -3.2424268034218071e-05 |  -3.2424268034218071e-05 | 1
 18, 42 |   1.5365140862528581e-06 |   1.5365140862528581e-06 | 1
 18, 43 |   1.9609481081948443e-04 |   1.9609481081948443e-04 | 1
 18, 44 |   9.9818104441692435e-05 |   9.9818104441692435e-05 | 1
 19,  1 |   2.6599983531920210e-04 |   2.6599983531920210e-04 | 1
 19,  2 |   1.3832986447819000e-03 |   1.3832986447819000e-03 | 1
 19,  3 |  -4.0795666115087392e-03 |  -4.0795666115087392e-03 | 1
 19,  4 |   2.0140433808947689e-03 |   2.0140433808947689e-03 | 1
 19,  5 |  -3.2687093023208965e-03 |  -3.2687093023208965e-03 | 1
 19,  6 |   1.6700275986214291e-02 |   1.6700275986214291e-02 | 1
 19,  7 |  -6.4234243881976247e-03 |  -6.4234243881976247e-03 | 1
 19,  8 |   7.4347178820109890e-03 |   7.4347178820109890e-03 | 1
 19,  9 |  -1.7656108742341808e-03 |  -1.7656108742341808e-03 | 1
 19, 10 |  -5.3705637317166119e-03 |  -5.3705637317166119e-03 | 1
 19, 11 |   1.2952932344359926e-03 |   1.2952932344359926e-03 | 1
 19, 12 |  -3.7015303456472935e-03 |  -3.7015303456472935e-03 | 1
 19, 13 |  -4.8937553241446821e-04 |  -4.8937553241446821e-04 | 1
 19, 14 |  -6.5859355015847072e-03 |  -6.5859355015847072e-03 | 1
 19, 15 |  -4.2166406827257204e-03 |  -4.2166406827257204e-03 | 1
 19, 16 |   4.0450292794736798e-03 |   4.0450292794736798e-03 | 1
 19, 17 |  -4.8311817303992623e-03 |  -4.8311817303992623e-03 | 1
 19, 18 |   1.2983838165364892e-03 |   1.2983838165364892e-03 | 1
 19, 19 |   5.4581161781735332e-02 |   5.4581161781735332e-02 | 1
 19, 20 |   2.0742100903083428e-03 |   2.0742100903083428e-03 | 1
 19, 21 |  -1.1060300813850878e-02 |  -1.1060300813850878e-02 | 1
 19, 22 |  -5.4881166631607949e-03 |  -5.4881166631607949e-03 | 1
 19, 23 |  -1.3663132652790518e-02 |  -1.3663132652790518e-02 | 1
 19, 24 |   3.4774501534616028e-03 |   3.4774501534616028e-03 | 1
 19, 25 |   4.6997000383247091e-03 |   4.6997000383247091e-03 | 1
 19, 26 |   6.2249547609428933e-03 |   6.2249547609428933e-03 | 1
 19, 27 |  -3.7667118035463985e-03 |  -3.7667118035463985e-03 | 1
 19, 28 |   2.2575098888798222e-03 |   2.2575098888798222e-03 | 1
 19, 29 |   2.0040003596881522e-03 |   2.0040003596881522e-03 | 1
 19, 30 |   1.0100281420689185e-03 |   1.0100281420689185e-03 | 1
 19, 31 |   3.8891328800298051e-03 |   3.8891328800298051e-03 | 1
 19, 32 |  -3.9659426932009146e-04 |  -3.9659426932009146e-04 | 1
 19, 33 |  -1.2202981912443326e+02 |  -1.2202981912443326e+02 | 1
 19, 34 |   5.1767838598436571e-03 |   5.1767838598436571e-03 | 1
 19, 35 |   1.0366595940945212e-06 |   1.0366595940945212e-06 | 1
 19, 36 |   6.0389992035847681e-07 |   6.0389992035847681e-07 | 1
 19, 37 |   3.2327252233845088e-05 |   3.2327252233845088e-05 | 1
 19, 38 |   5.5557068490136546e-05 |   5.5557068490136546e-05 | 1
 19, 39 |  -2.6633289136606910e-05 |  -2.6633289136606910e-05 | 1
 19, 40 |  -4.0847968650174866e-08 |  -4.0847968650174866e-08 | 1
 19, 41 |  -5.5917143295249757e-05 |  -5.5917143295249757e-05 | 1
 19, 42 |   2.4804383251426526e-06 |   2.4804383251426526e-06 | 1
 19, 43 |   2.6616273516205538e-04 |   2.6616273516205538e-04 | 1
 19, 44 |   4.3601162873586918e-04 |   4.3601162873586918e-04 | 1
 20,  1 |   1.9506638197302524e-04 |   1.9506638197302524e-04 | 1
 20,  2 |   4.8977151673423695e-04 |   4.8977151673423695e-04 | 1
 20,  3 |   3.2657172825162871e-04 |   3.2657172825162871e-04 | 1
 20,  4 |   5.0745265046217233e-04 |   5.0745265046217233e-04 | 1
 20,  5 |   3.5135963460421020e-04 |   3.5135963460421020e-04 | 1
 20,  6 |   9.4377851522210558e-04 |   9.4377851522210558e-04 | 1
 20,  7 |   2.5877643334949458e-04 |   2.5877643334949458e-04 | 1
 20,  8 |   6.6931346765843210e-04 |   6.6931346765843210e-04 | 1
 20,  9 |   3.9557168741745217e-04 |   3.9557168741745217e-04 | 1
 20, 10 |   2.8832136237088028e-04 |   2.8832136237088028e-04 | 1
 20, 11 |   4.8383227458297291e-04 |   4.8383227458297291e-04 | 1
 20, 12 |   3.3512607929691316e-04 |   3.3512607929691316e-04 | 1
 20, 13 |   4.3398226946026890e-04 |   4.3398226946026890e-04 | 1
 20, 14 |   2.5045759566662837e-04 |   2.5045759566662837e-04 | 1
 20, 15 |   3.2159419847058168e-04 |   3.2159419847058168e-04 | 1
 20, 16 |   5.6819682755455362e-04 |   5.6819682755455362e-04 | 1
 20, 17 |   3.0230768763765795e-04 |   3.0230768763765795e-04 | 1
 20, 18 |   4.8683798395617316e-04 |   4.8683798395617316e-04 | 1
 20, 19 |   2.0742100903083428e-03 |   2.0742100903083428e-03 | 1
 20, 20 |   5.1098389215285638e-04 |   5.1098389215285638e-04 | 1
 20, 21 |   1.1734742802539567e-04 |   1.1734742802539567e-04 | 1
 20, 22 |   2.7982627646870996e-04 |   2.7982627646870996e-04 | 1
 20, 23 |   3.7922568706684237e-05 |   3.7922568706684237e-05 | 1
 20, 24 |   5.5017765454874659e-04 |   5.5017765454874659e-04 | 1
 20, 25 |   5.8793436802652421e-04 |   5.8793436802652421e-04 | 1
 20, 26 |   6.3211825109684588e-04 |   6.3211825109684588e-04 | 1
 20, 27 |   3.3161194457957704e-04 |   3.3161194457957704e-04 | 1
 20, 28 |   5.1519150535396247e-04 |   5.1519150535396247e-04 | 1
 20, 29 |   5.0697410391833269e-04 |   5.0697410391833269e-04 | 1
 20, 30 |   4.7520541647431069e-04 |   4.7520541647431069e-04 | 1
 20, 31 |   5.6232460802737693e-04 |   5.6232460802737693e-04 | 1
 20, 32 |  -8.8925428675838119e-05 |  -8.8925428675838119e-05 | 1
 20, 33 |  -3.6441882757504942e+00 |  -3.6441882757504942e+00 | 1
 20, 34 |   5.9991665157653126e-04 |   5.9991665157653126e-04 | 1
 20, 35 |  -2.4763600960801610e-05 |  -2.4763600960801610e-05 | 1
 20, 36 |  -2.3543980839867701e-05 |  -2.3543980839867701e-05 | 1
 20, 37 |  -1.3940735461966473e-05 |  -1.3940735461966473e-05 | 1
 20, 38 |  -4.7142588663845652e-07 |  -4.7142588663845652e-07 | 1
 20, 39 |  -3.1489518875548982e-05 |  -3.1489518875548982e-05 | 1
 20, 40 |  -3.0755060235776854e-08 |  -3.0755060235776854e-08 | 1
 20, 41 |  -3.2710569242947501e-05 |  -3.2710569242947501e-05 | 1
 20, 42 |   1.5468673124657207e-06 |   1.5468673124657207e-06 | 1
 20, 43 |   1.9708450362381858e-04 |   1.9708450362381858e-04 | 1
 20, 44 |   1.0467905385145299e-04 |   1.0467905385145299e-04 | 1
 21,  1 |   1.7696096509519938e-04 |   1.7696096509519938e-04 | 1
 21,  2 |   2.6526640451964966e-04 |   2.6526640451964966e-04 | 1
 21,  3 |   1.4276944743455179e-03 |   1.4276944743455179e-03 | 1
 21,  4 |   1.2960320404253601e-04 |   1.2960320404253601e-04 | 1
 21,  5 |   1.2558712911820693e-03 |   1.2558712911820693e-03 | 1
 21,  6 |  -2.9984417520631393e-03 |  -2.9984417520631393e-03 | 1
 21,  7 |   1.9292184987700011e-03 |   1.9292184987700011e-03 | 1
 21,  8 |  -1.0239392057678834e-03 |  -1.0239392057678834e-03 | 1
 21,  9 |   9.3516281302803770e-04 |   9.3516281302803770e-04 | 1
 21, 10 |   1.7028009675366434e-03 |   1.7028009675366434e-03 | 1
 21, 11 |   2.7986703432656085e-04 |   2.7986703432656085e-04 | 1
 21, 12 |   1.3438384857065800e-03 |   1.3438384857065800e-03 | 1
 21, 13 |   6.6395541466452053e-04 |   6.6395541466452053e-04 | 1
 21, 14 |   1.9594768483789126e-03 |   1.9594768483789126e-03 | 1
 21, 15 |   1.4557694827666871e-03 |   1.4557694827666871e-03 | 1
 21, 16 |  -3.0247009337594380e-04 |  -3.0247009337594380e-04 | 1
 21, 17 |   1.5853732304292067e-03 |   1.5853732304292067e-03 | 1
 21, 18 |   2.8284490595866213e-04 |   2.8284490595866213e-04 | 1
 21, 19 |  -1.1060300813850878e-02 |  -1.1060300813850878e-02 | 1
 21, 20 |   1.1734742802539567e-04 |   1.1734742802539567e-04 | 1
 21, 21 |   2.9154647188326163e-03 |   2.9154647188326163e-03 | 1
 21, 22 |   1.7215973872460552e-03 |   1.7215973872460552e-03 | 1
 21, 23 |   3.4640254122844795e-03 |   3.4640254122844795e-03 | 1
 21, 24 |  -1.8302209547028440e-04 |  -1.8302209547028440e-04 | 1
 21, 25 |  -4.4155270847507852e-04 |  -4.4155270847507852e-04 | 1
 21, 26 |  -7.6783066282744110e-04 |  -7.6783066282744110e-04 | 1
 21, 27 |   1.3557568600717899e-03 |   1.3557568600717899e-03 | 1
 21, 28 |   7.8377692464496617e-05 |   7.8377692464496617e-05 | 1
 21, 29 |   1.3152983682234684e-04 |   1.3152983682234684e-04 | 1
 21, 30 |   3.4044127160679210e-04 |   3.4044127160679210e-04 | 1
 21, 31 |  -2.7081198646368009e-04 |  -2.7081198646368009e-04 | 1
 21, 32 |  -1.2134132926381442e-05 |  -1.2134132926381442e-05 | 1
 21, 33 |   2.5968076678136406e+01 |   2.5968076678136406e+01 | 1
 21, 34 |  -5.4590041898625302e-04 |  -5.4590041898625302e-04 | 1
 21, 35 |  -3.1227296367503073e-05 |  -3.1227296367503073e-05 | 1
 21, 36 |  -2.9946600347161186e-05 |  -2.9946600347161186e-05 | 1
 21, 37 |  -2.5295059118547522e-05 |  -2.5295059118547522e-05 | 1
 21, 38 |  -1.4277058038479824e-05 |  -1.4277058038479824e-05 | 1
 21, 39 |  -3.2817891803301990e-05 |  -3.2817891803301990e-05 | 1
 21, 40 |  -2.8041565669528886e-08 |  -2.8041565669528886e-08 | 1
 21, 41 |  -2.6920116489073399e-05 |  -2.6920116489073399e-05 | 1
 21, 42 |   1.3144595043981567e-06 |   1.3144595043981567e-06 | 1
 21, 43 |   1.7949548235137163e-04 |   1.7949548235137163e-04 | 1
 21, 44 |   2.1992729366026724e-05 |   2.1992729366026724e-05 | 1
 22,  1 |   1.8560339002158410e-04 |   1.8560339002158410e-04 | 1
 22,  2 |   3.5648861761989074e-04 |   3.5648861761989074e-04 | 1
 22,  3 |   9.5611532225824949e-04 |   9.5611532225824949e-04 | 1
 22,  4 |   2.8595718169852806e-04 |   2.8595718169852806e-04 | 1
 22,  5 |   8.6775652461302762e-04 |   8.6775652461302762e-04 | 1
 22,  6 |  -1.3288200532761193e-03 |  -1.3288200532761193e-03 | 1
 22,  7 |   1.2159081755859821e-03 |   1.2159081755859821e-03 | 1
 22,  8 |  -3.0914565925791251e-04 |  -3.0914565925791251e-04 | 1
 22,  9 |   7.0197624655749674e-04 |   7.0197624655749674e-04 | 1
 22, 10 |   1.0981867515526635e-03 |   1.0981867515526635e-03 | 1
 22, 11 |   3.6241549599252086e-04 |   3.6241549599252086e-04 | 1
 22, 12 |   9.1154978011669726e-04 |   9.1154978011669726e-04 | 1
 22, 13 |   5.6221308759445273e-04 |   5.6221308759445273e-04 | 1
 22, 14 |   1.2298400949439228e-03 |   1.2298400949439228e-03 | 1
 22, 15 |   9.7017757423610964e-04 |   9.7017757423610964e-04 | 1
 22, 16 |   6.3099930322604544e-05 |   6.3099930322604544e-05 | 1
 22, 17 |   1.0365660730150372e-03 |   1.0365660730150372e-03 | 1
 22, 18 |   3.6535694448772669e-04 |   3.6535694448772669e-04 | 1
 22, 19 |  -5.4881166631607949e-03 |  -5.4881166631607949e-03 | 1
 22, 20 |   2.7982627646870996e-04 |   2.7982627646870996e-04 | 1
 22, 21 |   1.7215973872460552e-03 |   1.7215973872460552e-03 | 1
 22, 22 |   1.1055163959077629e-03 |   1.1055163959077629e-03 | 1
 22, 23 |   2.0054164113748720e-03 |   2.0054164113748720e-03 | 1
 22, 24 |   1.2419653569929506e-04 |   1.2419653569929506e-04 | 1
 22, 25 |  -8.5765977587253633e-06 |  -8.5765977587253633e-06 | 1
 22, 26 |  -1.7753649490338217e-04 |  -1.7753649490338217e-04 | 1
 22, 27 |   9.1693174291356287e-04 |   9.1693174291356287e-04 | 1
 22, 28 |   2.5974184013854420e-04 |   2.5974184013854420e-04 | 1
 22, 29 |   2.8684626428352562e-04 |   2.8684626428352562e-04 | 1
 22, 30 |   3.9362421542000320e-04 |   3.9362421542000320e-04 | 1
 22, 31 |   7.8838878745368917e-05 |   7.8838878745368917e-05 | 1
 22, 32 |  -4.2842072517508113e-05 |  -4.2842072517508113e-05 | 1
 22, 33 |   1.3396250550311271e+01 |   1.3396250550311271e+01 | 1
 22, 34 |  -6.3483661489885249e-05 |  -6.3483661489885249e-05 | 1
 22, 35 |  -2.8857497431818573e-05 |  -2.8857497431818573e-05 | 1
 22, 36 |  -2.7394261665046593e-05 |  -2.7394261665046593e-05 | 1
 22, 37 |  -2.0529596486838705e-05 |  -2.0529596486838705e-05 | 1
 22, 38 |  -8.4492676144553592e-06 |  -8.4492676144553592e-06 | 1
 22, 39 |  -3.2752906545972819e-05 |  -3.2752906545972819e-05 | 1
 22, 40 |  -2.9457442234933716e-08 |  -2.9457442234933716e-08 | 1
 22, 41 |  -2.9421424240672928e-05 |  -2.9421424240672928e-05 | 1
 22, 42 |   1.4171227354957982e-06 |   1.4171227354957982e-06 | 1
 22, 43 |   1.8788146133759685e-04 |   1.8788146133759685e-04 | 1
 22, 44 |   5.5001163358381297e-05 |   5.5001163358381297e-05 | 1
 23,  1 |   1.7294753769206834e-04 |   1.7294753769206834e-04 | 1
 23,  2 |   2.1907834163749541e-04 |   2.1907834163749541e-04 | 1
 23,  3 |   1.6440263368734513e-03 |   1.6440263368734513e-03 | 1
 23,  4 |   5.3055378430074386e-05 |   5.3055378430074386e-05 | 1
 23,  5 |   1.4332603319372685e-03 |   1.4332603319372685e-03 | 1
 23,  6 |  -3.7808623768905668e-03 |  -3.7808623768905668e-03 | 1
 23,  7 |   2.2582830390074143e-03 |   2.2582830390074143e-03 | 1
 23,  8 |  -1.3609869496698142e-03 |  -1.3609869496698142e-03 | 1
 23,  9 |   1.0402891942514329e-03 |   1.0402891942514329e-03 | 1
 23, 10 |   1.9811851748177838e-03 |   1.9811851748177838e-03 | 1
 23, 11 |   2.3775440413601880e-04 |   2.3775440413601880e-04 | 1
 23, 12 |   1.5418838807806819e-03 |   1.5418838807806819e-03 | 1
 23, 13 |   7.0776196248579148e-04 |   7.0776196248579148e-04 | 1
 23, 14 |   2.2961941747041120e-03 |   2.2961941747041120e-03 | 1
 23, 15 |   1.6786508419304488e-03 |   1.6786508419304488e-03 | 1
 23, 16 |  -4.7661890157668402e-04 |  -4.7661890157668402e-04 | 1
 23, 17 |   1.8377381014968528e-03 |   1.8377381014968528e-03 | 1
 23, 18 |   2.4071656091362743e-04 |   2.4071656091362743e-04 | 1
 23, 19 |  -1.3663132652790518e-02 |  -1.3663132652790518e-02 | 1
 23, 20 |   3.7922568706684237e-05 |   3.7922568706684237e-05 | 1
 23, 21 |   3.4640254122844795e-03 |   3.4640254122844795e-03 | 1
 23, 22 |   2.0054164113748720e-03 |   2.0054164113748720e-03 | 1
 23, 23 |   4.1468475559591645e-03 |   4.1468475559591645e-03 | 1
 23, 24 |  -3.2994668966203073e-04 |  -3.2994668966203073e-04 | 1
 23, 25 |  -6.4715818290718386e-04 |  -6.4715818290718386e-04 | 1
 23, 26 |  -1.0467907757231536e-03 |  -1.0467907757231536e-03 | 1
 23, 27 |   1.5568556806655606e-03 |   1.5568556806655606e-03 | 1
 23, 28 |  -9.8524175962286622e-06 |  -9.8524175962286622e-06 | 1
 23, 29 |   5.5448658031316273e-05 |   5.5448658031316273e-05 | 1
 23, 30 |   3.1203803168734084e-04 |   3.1203803168734084e-04 | 1
 23, 31 |  -4.3752535057948880e-04 |  -4.3752535057948880e-04 | 1
 23, 32 |   3.6478507668219080e-06 |   3.6478507668219080e-06 | 1
 23, 33 |   3.1832394860183349e+01 |   3.1832394860183349e+01 | 1
 23, 34 |  -7.7453278104832257e-04 |  -7.7453278104832257e-04 | 1
 23, 35 |  -3.2636280815334619e-05 |  -3.2636280815334619e-05 | 1
 23, 36 |  -3.1168484781629943e-05 |  -3.1168484781629943e-05 | 1
 23, 37 |  -2.7858191299190467e-05 |  -2.7858191299190467e-05 | 1
 23, 38 |  -1.7307718363102966e-05 |  -1.7307718363102966e-05 | 1
 23, 39 |  -3.2928307442833040e-05 |  -3.2928307442833040e-05 | 1
 23, 40 |  -2.7471744955089940e-08 |  -2.7471744955089940e-08 | 1
 23, 41 |  -2.5655945056543748e-05 |  -2.5655945056543748e-05 | 1
 23, 42 |   1.2644340599139855e-06 |   1.2644340599139855e-06 | 1
 23, 43 |   1.7559163012741488e-04 |   1.7559163012741488e-04 | 1
 23, 44 |   4.8744467371672948e-06 |   4.8744467371672948e-06 | 1
 24,  1 |   1.9705801999760634e-04 |   1.9705801999760634e-04 | 1
 24,  2 |   5.1231147465436171e-04 |   5.1231147465436171e-04 | 1
 24,  3 |   2.0733506923074609e-04 |   2.0733506923074609e-04 | 1
 24,  4 |   5.4640015308988468e-04 |   5.4640015308988468e-04 | 1
 24,  5 |   2.5316099123560916e-04 |   2.5316099123560916e-04 | 1
 24,  6 |   1.3639372846076378e-03 |   1.3639372846076378e-03 | 1
 24,  7 |   7.8650554659324723e-05 |   7.8650554659324723e-05 | 1
 24,  8 |   8.4893973938443969e-04 |   8.4893973938443969e-04 | 1
 24,  9 |   3.3639411498580924e-04 |   3.3639411498580924e-04 | 1
 24, 10 |   1.3557624890575049e-04 |   1.3557624890575049e-04 | 1
 24, 11 |   5.0419488404141854e-04 |   5.0419488404141854e-04 | 1
 24, 12 |   2.2579401967941709e-04 |   2.2579401967941709e-04 | 1
 24, 13 |   4.0792051440313552e-04 |   4.0792051440313552e-04 | 1
 24, 14 |   6.6223415954086244e-05 |   6.6223415954086244e-05 | 1
 24, 15 |   1.9883562276612916e-04 |   1.9883562276612916e-04 | 1
 24, 16 |   6.5985250581748474e-04 |   6.5985250581748474e-04 | 1
 24, 17 |   1.6362245247306329e-04 |   1.6362245247306329e-04 | 1
 24, 18 |   5.0718595598851540e-04 |   5.0718595598851540e-04 | 1
 24, 19 |   3.4774501534616028e-03 |   3.4774501534616028e-03 | 1
 24, 20 |   5.5017765454874659e-04 |   5.5017765454874659e-04 | 1
 24, 21 |  -1.8302209547028440e-04 |  -1.8302209547028440e-04 | 1
 24, 22 |   1.2419653569929506e-04 |   1.2419653569929506e-04 | 1
 24, 23 |  -3.2994668966203073e-04 |  -3.2994668966203073e-04 | 1
 24, 24 |   6.2867182519844573e-04 |   6.2867182519844573e-04 | 1
 24, 25 |   6.9656795450413842e-04 |   6.9656795450413842e-04 | 1
 24, 26 |   7.8038347451957722e-04 |   7.8038347451957722e-04 | 1
 24, 27 |   2.2063657109467624e-04 |   2.2063657109467624e-04 | 1
 24, 28 |   5.6043796401875632e-04 |   5.6043796401875632e-04 | 1
 24, 29 |   5.4566828091119905e-04 |   5.4566828091119905e-04 | 1
 24, 30 |   4.8817127926450174e-04 |   4.8817127926450174e-04 | 1
 24, 31 |   6.4997110409118061e-04 |   6.4997110409118061e-04 | 1
 24, 32 |  -9.6746451862044836e-05 |  -9.6746451862044836e-05 | 1
 24, 33 |  -6.8111250064590552e+00 |  -6.8111250064590552e+00 | 1
 24, 34 |   7.2100988735981995e-04 |   7.2100988735981995e-04 | 1
 24, 35 |  -2.4179520218897558e-05 |  -2.4179520218897558e-05 | 1
 24, 36 |  -2.3268864109947707e-05 |  -2.3268864109947707e-05 | 1
 24, 37 |  -1.2641451717290681e-05 |  -1.2641451717290681e-05 | 1
 24, 38 |   9.8157885334231513e-07 |   9.8157885334231513e-07 | 1
 24, 39 |  -3.1708607646427846e-05 |  -3.1708607646427846e-05 | 1
 24, 40 |  -3.0986168743502947e-08 |  -3.0986168743502947e-08 | 1
 24, 41 |  -3.3316107130355061e-05 |  -3.3316107130355061e-05 | 1
 24, 42 |   1.5705699375591679e-06 |   1.5705699375591679e-06 | 1
 24, 43 |   1.9910192840891849e-04 |   1.9910192840891849e-04 | 1
 24, 44 |   1.1313920078242752e-04 |   1.1313920078242752e-04 | 1
 25,  1 |   1.9835956046090474e-04 |   1.9835956046090474e-04 | 1
 25,  2 |   5.3446584963602064e-04 |   5.3446584963602064e-04 | 1
 25,  3 |   1.0626596291561537e-04 |   1.0626596291561537e-04 | 1
 25,  4 |   5.8279914298249515e-04 |   5.8279914298249515e-04 | 1
 25,  5 |   1.7036336495510003e-04 |   1.7036336495510003e-04 | 1
 25,  6 |   1.7316700383099202e-03 |   1.7316700383099202e-03 | 1
 25,  7 |  -7.5341275222243171e-05 |  -7.5341275222243171e-05 | 1
 25,  8 |   1.0076190788381426e-03 |   1.0076190788381426e-03 | 1
 25,  9 |   2.8754039957148395e-04 |   2.8754039957148395e-04 | 1
 25, 10 |   5.3830876089668501e-06 |   5.3830876089668501e-06 | 1
 25, 11 |   5.2442805058200708e-04 |   5.2442805058200708e-04 | 1
 25, 12 |   1.3329907343902764e-04 |   1.3329907343902764e-04 | 1
 25, 13 |   3.8784147666390197e-04 |   3.8784147666390197e-04 | 1
 25, 14 |  -9.1361566720447055e-05 |  -9.1361566720447055e-05 | 1
 25, 15 |   9.4692106218376252e-05 |   9.4692106218376252e-05 | 1
 25, 16 |   7.4206942346325528e-04 |   7.4206942346325528e-04 | 1
 25, 17 |   4.5638280884436863e-05 |   4.5638280884436863e-05 | 1
 25, 18 |   5.2743893285451854e-04 |   5.2743893285451854e-04 | 1
 25, 19 |   4.6997000383247091e-03 |   4.6997000383247091e-03 | 1
 25, 20 |   5.8793436802652421e-04 |   5.8793436802652421e-04 | 1
 25, 21 |  -4.4155270847507852e-04 |  -4.4155270847507852e-04 | 1
 25, 22 |  -8.5765977587253633e-06 |  -8.5765977587253633e-06 | 1
 25, 23 |  -6.4715818290718386e-04 |  -6.4715818290718386e-04 | 1
 25, 24 |   6.9656795450413842e-04 |   6.9656795450413842e-04 | 1
 25, 25 |   7.9470584249993856e-04 |   7.9470584249993856e-04 | 1
 25, 26 |   9.1180121851353025e-04 |   9.1180121851353025e-04 | 1
 25, 27 |   1.2670189404032084e-04 |   1.2670189404032084e-04 | 1
 25, 28 |   6.0233395692264923e-04 |   6.0233395692264923e-04 | 1
 25, 29 |   5.8185680353850847e-04 |   5.8185680353850847e-04 | 1
 25, 30 |   5.0196680716141297e-04 |   5.0196680716141297e-04 | 1
 25, 31 |   7.2869649590220735e-04 |   7.2869649590220735e-04 | 1
 25, 32 |  -1.0474291374833334e-04 |  -1.0474291374833334e-04 | 1
 25, 33 |  -9.5638589582788072e+00 |  -9.5638589582788072e+00 | 1
 25, 34 |   8.2879546554357158e-04 |   8.2879546554357158e-04 | 1
 25, 35 |  -2.3812206403570595e-05 |  -2.3812206403570595e-05 | 1
 25, 36 |  -2.2178809513743663e-05 |  -2.2178809513743663e-05 | 1
 25, 37 |  -1.1207268032920497e-05 |  -1.1207268032920497e-05 | 1
 25, 38 |   2.6325007050868443e-06 |   2.6325007050868443e-06 | 1
 25, 39 |  -3.1639403630621412e-05 |  -3.1639403630621412e-05 | 1
 25, 40 |  -3.1112094875415980e-08 |  -3.1112094875415980e-08 | 1
 25, 41 |  -3.3876384330096257e-05 |  -3.3876384330096257e-05 | 1
 25, 42 |   1.5932766747706551e-06 |   1.5932766747706551e-06 | 1
 25, 43 |   2.0030067564707615e-04 |   2.0030067564707615e-04 | 1
 25, 44 |   1.2174724586391062e-04 |   1.2174724586391062e-04 | 1
 26,  1 |   2.0108780022049048e-04 |   2.0108780022049048e-04 | 1
 26,  2 |   5.5914413717102120e-04 |   5.5914413717102120e-04 | 1
 26,  3 |  -2.3144577168386266e-05 |  -2.3144577168386266e-05 | 1
 26,  4 |   6.2531161376784029e-04 |   6.2531161376784029e-04 | 1
 26,  5 |   6.3808852357119885e-05 |   6.3808852357119885e-05 | 1
 26,  6 |   2.1884906838628704e-03 |   2.1884906838628704e-03 | 1
 26,  7 |  -2.7093232995118897e-04 |  -2.7093232995118897e-04 | 1
 26,  8 |   1.2030208323440784e-03 |   1.2030208323440784e-03 | 1
 26,  9 |   2.2339346368887417e-04 |   2.2339346368887417e-04 | 1
 26, 10 |  -1.6044827851144112e-04 |  -1.6044827851144112e-04 | 1
 26, 11 |   5.4673750523086154e-04 |   5.4673750523086154e-04 | 1
 26, 12 |   1.4653400915542130e-05 |   1.4653400915542130e-05 | 1
 26, 13 |   3.5968477825097775e-04 |   3.5968477825097775e-04 | 1
 26, 14 |  -2.9141924510194114e-04 |  -2.9141924510194114e-04 | 1
 26, 15 |  -3.8552067420531648e-05 |  -3.8552067420531648e-05 | 1
 26, 16 |   8.4185983298764862e-04 |   8.4185983298764862e-04 | 1
 26, 17 |  -1.0491585687750552e-04 |  -1.0491585687750552e-04 | 1
 26, 18 |   5.4972835884699377e-04 |   5.4972835884699377e-04 | 1
 26, 19 |   6.2249547609428933e-03 |   6.2249547609428933e-03 | 1
 26, 20 |   6.3211825109684588e-04 |   6.3211825109684588e-04 | 1
 26, 21 |  -7.6783066282744110e-04 |  -7.6783066282744110e-04 | 1
 26, 22 |  -1.7753649490338217e-04 |  -1.7753649490338217e-04 | 1
 26, 23 |  -1.0467907757231536e-03 |  -1.0467907757231536e-03 | 1
 26, 24 |   7.8038347451957722e-04 |   7.8038347451957722e-04 | 1
 26, 25 |   9.1180121851353025e-04 |   9.1180121851353025e-04 | 1
 26, 26 |   1.0753079802465495e-03 |   1.0753079802465495e-03 | 1
 26, 27 |   6.2712956514802702e-06 |   6.2712956514802702e-06 | 1
 26, 28 |   6.5168688129635735e-04 |   6.5168688129635735e-04 | 1
 26, 29 |   6.2407917240095640e-04 |   6.2407917240095640e-04 | 1
 26, 30 |   5.1623674991572587e-04 |   5.1623674991572587e-04 | 1
 26, 31 |   8.2412810573322137e-04 |   8.2412810573322137e-04 | 1
 26, 32 |  -1.1268763989826698e-04 |  -1.1268763989826698e-04 | 1
 26, 33 |  -1.3005765374019131e+01 |  -1.3005765374019131e+01 | 1
 26, 34 |   9.6057936178910088e-04 |   9.6057936178910088e-04 | 1
 26, 35 |  -2.3240941101277671e-05 |  -2.3240941101277671e-05 | 1
 26, 36 |  -2.1906589253502231e-05 |  -2.1906589253502231e-05 | 1
 26, 37 |  -1.0162611751748642e-05 |  -1.0162611751748642e-05 | 1
 26, 38 |   3.8279980586963652e-06 |   3.8279980586963652e-06 | 1
 26, 39 |  -3.1380325399398420e-05 |  -3.1380325399398420e-05 | 1
 26, 40 |  -3.1518971583370722e-08 |  -3.1518971583370722e-08 | 1
 26, 41 |  -3.4609604378893449e-05 |  -3.4609604378893449e-05 | 1
 26, 42 |   1.6232743587341054e-06 |   1.6232743587341054e-06 | 1
 26, 43 |   2.0298983150593571e-04 |   2.0298983150593571e-04 | 1
 26, 44 |   1.3039376196886471e-04 |   1.3039376196886471e-04 | 1
 27,  1 |   1.8693702947152172e-04 |   1.8693702947152172e-04 | 1
 27,  2 |   3.8628057653468400e-04 |   3.8628057653468400e-04 | 1
 27,  3 |   8.1221465823189836e-04 |   8.1221465823189836e-04 | 1
 27,  4 |   3.3583394260933771e-04 |   3.3583394260933771e-04 | 1
 27,  5 |   7.4961942834861242e-04 |   7.4961942834861242e-04 | 1
 27,  6 |  -8.1189584013647838e-04 |  -8.1189584013647838e-04 | 1
 27,  7 |   9.9741206419070444e-04 |   9.9741206419070444e-04 | 1
 27,  8 |  -8.6906498913394333e-05 |  -8.6906498913394333e-05 | 1
 27,  9 |   6.3166629287722564e-04 |   6.3166629287722564e-04 | 1
 27, 10 |   9.1322715094892585e-04 |   9.1322715094892585e-04 | 1
 27, 11 |   3.8951876938438069e-04 |   3.8951876938438069e-04 | 1
 27, 12 |   7.7974405155775554e-04 |   7.7974405155775554e-04 | 1
 27, 13 |   5.3246892322580670e-04 |   5.3246892322580670e-04 | 1
 27, 14 |   1.0062770040008603e-03 |   1.0062770040008603e-03 | 1
 27, 15 |   8.2194587621695417e-04 |   8.2194587621695417e-04 | 1
 27, 16 |   1.7755681714938358e-04 |   1.7755681714938358e-04 | 1
 27, 17 |   8.6882410220624393e-04 |   8.6882410220624393e-04 | 1
 27, 18 |   3.9246532472106833e-04 |   3.9246532472106833e-04 | 1
 27, 19 |  -3.7667118035463985e-03 |  -3.7667118035463985e-03 | 1
 27, 20 |   3.3161194457957704e-04 |   3.3161194457957704e-04 | 1
 27, 21 |   1.3557568600717899e-03 |   1.3557568600717899e-03 | 1
 27, 22 |   9.1693174291356287e-04 |   9.1693174291356287e-04 | 1
 27, 23 |   1.5568556806655606e-03 |   1.5568556806655606e-03 | 1
 27, 24 |   2.2063657109467624e-04 |   2.2063657109467624e-04 | 1
 27, 25 |   1.2670189404032084e-04 |   1.2670189404032084e-04 | 1
 27, 26 |   6.2712956514802702e-06 |   6.2712956514802702e-06 | 1
 27, 27 |   7.8376162836542784e-04 |   7.8376162836542784e-04 | 1
 27, 28 |   3.1735768817319751e-04 |   3.1735768817319751e-04 | 1
 27, 29 |   3.3641827378581043e-04 |   3.3641827378581043e-04 | 1
 27, 30 |   4.1164774103078926e-04 |   4.1164774103078926e-04 | 1
 27, 31 |   1.8837762237985017e-04 |   1.8837762237985017e-04 | 1
 27, 32 |  -5.3611909442496231e-05 |  -5.3611909442496231e-05 | 1
 27, 33 |   9.5161280235338648e+00 |   9.5161280235338648e+00 | 1
 27, 34 |   8.7022102561028783e-05 |   8.7022102561028783e-05 | 1
 27, 35 |  -2.8121530986147569e-05 |  -2.8121530986147569e-05 | 1
 27, 36 |  -2.6586744181378056e-05 |  -2.6586744181378056e-05 | 1
 27, 37 |  -1.9235521144564265e-05 |  -1.9235521144564265e-05 | 1
 27, 38 |  -6.8742890411650739e-06 |  -6.8742890411650739e-06 | 1
 27, 39 |  -3.1975799858695599e-05 |  -3.1975799858695599e-05 | 1
 27, 40 |  -2.9362935020055178e-08 |  -2.9362935020055178e-08 | 1
 27, 41 |  -3.0176076860092893e-05 |  -3.0176076860092893e-05 | 1
 27, 42 |   1.4454469279962025e-06 |   1.4454469279962025e-06 | 1
 27, 43 |   1.8926102841765880e-04 |   1.8926102841765880e-04 | 1
 27, 44 |   6.6855249568324797e-05 |   6.6855249568324797e-05 | 1
 28,  1 |   1.9545792782716556e-04 |   1.9545792782716556e-04 | 1
 28,  2 |   4.9293661039226367e-04 |   4.9293661039226367e-04 | 1
 28,  3 |   3.1123856610129207e-04 |   3.1123856610129207e-04 | 1
 28,  4 |   5.1275705626799425e-04 |   5.1275705626799425e-04 | 1
 28,  5 |   3.3876845471556287e-04 |   3.3876845471556287e-04 | 1
 28,  6 |   9.9881888529433248e-04 |   9.9881888529433248e-04 | 1
 28,  7 |   2.3549705636269618e-04 |   2.3549705636269618e-04 | 1
 28,  8 |   6.9297093279439034e-04 |   6.9297093279439034e-04 | 1
 28,  9 |   3.8808274260488133e-04 |   3.8808274260488133e-04 | 1
 28, 10 |   2.6862027731903521e-04 |   2.6862027731903521e-04 | 1
 28, 11 |   4.8671116840345846e-04 |   4.8671116840345846e-04 | 1
 28, 12 |   3.2108680086892147e-04 |   3.2108680086892147e-04 | 1
 28, 13 |   4.3080939074703855e-04 |   4.3080939074703855e-04 | 1
 28, 14 |   2.2664680283520803e-04 |   2.2664680283520803e-04 | 1
 28, 15 |   3.0580501117619813e-04 |   3.0580501117619813e-04 | 1
 28, 16 |   5.8038049878582289e-04 |   5.8038049878582289e-04 | 1
 28, 17 |   2.8443424973701305e-04 |   2.8443424973701305e-04 | 1
 28, 18 |   4.8971537272367478e-04 |   4.8971537272367478e-04 | 1
 28, 19 |   2.2575098888798222e-03 |   2.2575098888798222e-03 | 1
 28, 20 |   5.1519150535396247e-04 |   5.1519150535396247e-04 | 1
 28, 21 |   7.8377692464496617e-05 |   7.8377692464496617e-05 | 1
 28, 22 |   2.5974184013854420e-04 |   2.5974184013854420e-04 | 1
 28, 23 |  -9.8524175962286622e-06 |  -9.8524175962286622e-06 | 1
 28, 24 |   5.6043796401875632e-04 |   5.6043796401875632e-04 | 1
 28, 25 |   6.0233395692264923e-04 |   6.0233395692264923e-04 | 1
 28, 26 |   6.5168688129635735e-04 |   6.5168688129635735e-04 | 1
 28, 27 |   3.1735768817319751e-04 |   3.1735768817319751e-04 | 1
 28, 28 |   5.2253178246127558e-04 |   5.2253178246127558e-04 | 1
 28, 29 |   5.1224527008223982e-04 |   5.1224527008223982e-04 | 1
 28, 30 |   4.7712005088115436e-04 |   4.7712005088115436e-04 | 1
 28, 31 |   5.7398221985841729e-04 |   5.7398221985841729e-04 | 1
 28, 32 |  -8.9947843924011888e-05 |  -8.9947843924011888e-05 | 1
 28, 33 |  -4.0573681956559344e+00 |  -4.0573681956559344e+00 | 1
 28, 34 |   6.1593791190821875e-04 |   6.1593791190821875e-04 | 1
 28, 35 |  -2.5143892024934793e-05 |  -2.5143892024934793e-05 | 1
 28, 36 |  -2.3576537557187727e-05 |  -2.3576537557187727e-05 | 1
 28, 37 |  -1.3926918551552717e-05 |  -1.3926918551552717e-05 | 1
 28, 38 |  -5.5248001182118724e-07 |  -5.5248001182118724e-07 | 1
 28, 39 |  -3.1501273636230993e-05 |  -3.1501273636230993e-05 | 1
 28, 40 |  -3.0721683486234337e-08 |  -3.0721683486234337e-08 | 1
 28, 41 |  -3.2825357199634493e-05 |  -3.2825357199634493e-05 | 1
 28, 42 |   1.5525403945556061e-06 |   1.5525403945556061e-06 | 1
 28, 43 |   1.9747866180630790e-04 |   1.9747866180630790e-04 | 1
 28, 44 |   1.0580640206241392e-04 |   1.0580640206241392e-04 | 1
 29,  1 |   1.9489156006037919e-04 |   1.9489156006037919e-04 | 1
 29,  2 |   4.8794569767794465e-04 |   4.8794569767794465e-04 | 1
 29,  3 |   3.3176847327533377e-04 |   3.3176847327533377e-04 | 1
 29,  4 |   5.0481714371508667e-04 |   5.0481714371508667e-04 | 1
 29,  5 |   3.5552715999913646e-04 |   3.5552715999913646e-04 | 1
 29,  6 |   9.2227007089360814e-04 |   9.2227007089360814e-04 | 1
 29,  7 |   2.6699025334707454e-04 |   2.6699025334707454e-04 | 1
 29,  8 |   6.5971185487049828e-04 |   6.5971185487049828e-04 | 1
 29,  9 |   3.9780928072578241e-04 |   3.9780928072578241e-04 | 1
 29, 10 |   2.9518564445055304e-04 |   2.9518564445055304e-04 | 1
 29, 11 |   4.8212620142779327e-04 |   4.8212620142779327e-04 | 1
 29, 12 |   3.3984585085667545e-04 |   3.3984585085667545e-04 | 1
 29, 13 |   4.3458089961830981e-04 |   4.3458089961830981e-04 | 1
 29, 14 |   2.5888799344897013e-04 |   2.5888799344897013e-04 | 1
 29, 15 |   3.2698067604843819e-04 |   3.2698067604843819e-04 | 1
 29, 16 |   5.6295872629653541e-04 |   5.6295872629653541e-04 | 1
 29, 17 |   3.0847766952451887e-04 |   3.0847766952451887e-04 | 1
 29, 18 |   4.8512699652439686e-04 |   4.8512699652439686e-04 | 1
 29, 19 |   2.0040003596881522e-03 |   2.0040003596881522e-03 | 1
 29, 20 |   5.0697410391833269e-04 |   5.0697410391833269e-04 | 1
 29, 21 |   1.3152983682234684e-04 |   1.3152983682234684e-04 | 1
 29, 22 |   2.8684626428352562e-04 |   2.8684626428352562e-04 | 1
 29, 23 |   5.5448658031316273e-05 |   5.5448658031316273e-05 | 1
 29, 24 |   5.4566828091119905e-04 |   5.4566828091119905e-04 | 1
 29, 25 |   5.8185680353850847e-04 |   5.8185680353850847e-04 | 1
 29, 26 |   6.2407917240095640e-04 |   6.2407917240095640e-04 | 1
 29, 27 |   3.3641827378581043e-04 |   3.3641827378581043e-04 | 1
 29, 28 |   5.1224527008223982e-04 |   5.1224527008223982e-04 | 1
 29, 29 |   5.0520888693103788e-04 |   5.0520888693103788e-04 | 1
 29, 30 |   4.7387131363043776e-04 |   4.7387131363043776e-04 | 1
 29, 31 |   5.5728869993974697e-04 |   5.5728869993974697e-04 | 1
 29, 32 |  -8.8760238272388565e-05 |  -8.8760238272388565e-05 | 1
 29, 33 |  -3.4873025528750343e+00 |  -3.4873025528750343e+00 | 1
 29, 34 |   5.9322556475251023e-04 |   5.9322556475251023e-04 | 1
 29, 35 |  -2.5057964904976958e-05 |  -2.5057964904976958e-05 | 1
 29, 36 |  -2.3853138336294809e-05 |  -2.3853138336294809e-05 | 1
 29, 37 |  -1.3645091651457124e-05 |  -1.3645091651457124e-05 | 1
 29, 38 |  -2.1977088641211954e-07 |  -2.1977088641211954e-07 | 1
 29, 39 |  -3.1893169381897330e-05 |  -3.1893169381897330e-05 | 1
 29, 40 |  -3.0621196903819190e-08 |  -3.0621196903819190e-08 | 1
 29, 41 |  -3.2708668407496262e-05 |  -3.2708668407496262e-05 | 1
 29, 42 |   1.5475188066740248e-06 |   1.5475188066740248e-06 | 1
 29, 43 |   1.9696041369994429e-04 |   1.9696041369994429e-04 | 1
 29, 44 |   1.0446998839137633e-04 |   1.0446998839137633e-04 | 1
 30,  1 |   1.9386743169922749e-04 |   1.9386743169922749e-04 | 1
 30,  2 |   4.6885351953046637e-04 |   4.6885351953046637e-04 | 1
 30,  3 |   4.1277391402977658e-04 |   4.1277391402977658e-04 | 1
 30,  4 |   4.7415849118731068e-04 |   4.7415849118731068e-04 | 1
 30,  5 |   4.2167866705273280e-04 |   4.2167866705273280e-04 | 1
 30,  6 |   6.2245912288888040e-04 |   6.2245912288888040e-04 | 1
 30,  7 |   3.9097277373545511e-04 |   3.9097277373545511e-04 | 1
 30,  8 |   5.2971365527577907e-04 |   5.2971365527577907e-04 | 1
 30,  9 |   4.3640426782928370e-04 |   4.3640426782928370e-04 | 1
 30, 10 |   3.9985340259818161e-04 |   3.9985340259818161e-04 | 1
 30, 11 |   4.6461086434626721e-04 |   4.6461086434626721e-04 | 1
 30, 12 |   4.1390061700763469e-04 |   4.1390061700763469e-04 | 1
 30, 13 |   4.4979230387431115e-04 |   4.4979230387431115e-04 | 1
 30, 14 |   3.8580766689432140e-04 |   3.8580766689432140e-04 | 1
 30, 15 |   4.1048831982457045e-04 |   4.1048831982457045e-04 | 1
 30, 16 |   4.9507857075796534e-04 |   4.9507857075796534e-04 | 1
 30, 17 |   4.0322353215196287e-04 |   4.0322353215196287e-04 | 1
 30, 18 |   4.6757676749608636e-04 |   4.6757676749608636e-04 | 1
 30, 19 |   1.0100281420689185e-03 |   1.0100281420689185e-03 | 1
 30, 20 |   4.7520541647431069e-04 |   4.7520541647431069e-04 | 1
 30, 21 |   3.4044127160679210e-04 |   3.4044127160679210e-04 | 1
 30, 22 |   3.9362421542000320e-04 |   3.9362421542000320e-04 | 1
 30, 23 |   3.1203803168734084e-04 |   3.1203803168734084e-04 | 1
 30, 24 |   4.8817127926450174e-04 |   4.8817127926450174e-04 | 1
 30, 25 |   5.0196680716141297e-04 |   5.0196680716141297e-04 | 1
 30, 26 |   5.1623674991572587e-04 |   5.1623674991572587e-04 | 1
 30, 27 |   4.1164774103078926e-04 |   4.1164774103078926e-04 | 1
 30, 28 |   4.7712005088115436e-04 |   4.7712005088115436e-04 | 1
 30, 29 |   4.7387131363043776e-04 |   4.7387131363043776e-04 | 1
 30, 30 |   4.6481879050034057e-04 |   4.6481879050034057e-04 | 1
 30, 31 |   4.9224588462481718e-04 |   4.9224588462481718e-04 | 1
 30, 32 |  -8.1679573161189004e-05 |  -8.1679573161189004e-05 | 1
 30, 33 |  -1.2511333252964916e+00 |  -1.2511333252964916e+00 | 1
 30, 34 |   5.0458227064103102e-04 |   5.0458227064103102e-04 | 1
 30, 35 |  -2.5896430033101465e-05 |  -2.5896430033101465e-05 | 1
 30, 36 |  -2.4655468924171547e-05 |  -2.4655468924171547e-05 | 1
 30, 37 |  -1.5073009645920838e-05 |  -1.5073009645920838e-05 | 1
 30, 38 |  -1.9837362213385186e-06 |  -1.9837362213385186e-06 | 1
 30, 39 |  -3.1846315085365561e-05 |  -3.1846315085365561e-05 | 1
 30, 40 |  -3.0443251019080940e-08 |  -3.0443251019080940e-08 | 1
 30, 41 |  -3.2247668374220402e-05 |  -3.2247668374220402e-05 | 1
 30, 42 |   1.5282983142402548e-06 |   1.5282983142402548e-06 | 1
 30, 43 |   1.9601161676925067e-04 |   1.9601161676925067e-04 | 1
 30, 44 |   9.6982008565036905e-05 |   9.6982008565036905e-05 | 1
 31,  1 |   1.9768802564597475e-04 |   1.9768802564597475e-04 | 1
 31,  2 |   5.1919235544391077e-04 |   5.1919235544391077e-04 | 1
 31,  3 |   1.7265793187725068e-04 |   1.7265793187725068e-04 | 1
 31,  4 |   5.5809365949639018e-04 |   5.5809365949639018e-04 | 1
 31,  5 |   2.2464360445829224e-04 |   2.2464360445829224e-04 | 1
 31,  6 |   1.4873930940246471e-03 |   1.4873930940246471e-03 | 1
 31,  7 |   2.6117612237118452e-05 |   2.6117612237118452e-05 | 1
 31,  8 |   9.0187599609397456e-04 |   9.0187599609397456e-04 | 1
 31,  9 |   3.1932776902502704e-04 |   3.1932776902502704e-04 | 1
 31, 10 |   9.1071234319955403e-05 |   9.1071234319955403e-05 | 1
 31, 11 |   5.1044191173022987e-04 |   5.1044191173022987e-04 | 1
 31, 12 |   1.9401598377586672e-04 |   1.9401598377586672e-04 | 1
 31, 13 |   4.0055983073979768e-04 |   4.0055983073979768e-04 | 1
 31, 14 |   1.2482770324970646e-05 |   1.2482770324970646e-05 | 1
 31, 15 |   1.6312577189334917e-04 |   1.6312577189334917e-04 | 1
 31, 16 |   6.8700055539012300e-04 |   6.8700055539012300e-04 | 1
 31, 17 |   1.2323710781153037e-04 |   1.2323710781153037e-04 | 1
 31, 18 |   5.1342581553726497e-04 |   5.1342581553726497e-04 | 1
 31, 19 |   3.8891328800298051e-03 |   3.8891328800298051e-03 | 1
 31, 20 |   5.6232460802737693e-04 |   5.6232460802737693e-04 | 1
 31, 21 |  -2.7081198646368009e-04 |  -2.7081198646368009e-04 | 1
 31, 22 |   7.8838878745368917e-05 |   7.8838878745368917e-05 | 1
 31, 23 |  -4.3752535057948880e-04 |  -4.3752535057948880e-04 | 1
 31, 24 |   6.4997110409118061e-04 |   6.4997110409118061e-04 | 1
 31, 25 |   7.2869649590220735e-04 |   7.2869649590220735e-04 | 1
 31, 26 |   8.2412810573322137e-04 |   8.2412810573322137e-04 | 1
 31, 27 |   1.8837762237985017e-04 |   1.8837762237985017e-04 | 1
 31, 28 |   5.7398221985841729e-04 |   5.7398221985841729e-04 | 1
 31, 29 |   5.5728869993974697e-04 |   5.5728869993974697e-04 | 1
 31, 30 |   4.9224588462481718e-04 |   4.9224588462481718e-04 | 1
 31, 31 |   6.7693912431194376e-04 |   6.7693912431194376e-04 | 1
 31, 32 |  -9.9337796879397146e-05 |  -9.9337796879397146e-05 | 1
 31, 33 |  -7.7396136559870143e+00 |  -7.7396136559870143e+00 | 1
 31, 34 |   7.5678613042071542e-04 |   7.5678613042071542e-04 | 1
 31, 35 |  -2.4302143392047001e-05 |  -2.4302143392047001e-05 | 1
 31, 36 |  -2.3109519535238559e-05 |  -2.3109519535238559e-05 | 1
 31, 37 |  -1.2413734325098166e-05 |  -1.2413734325098166e-05 | 1
 31, 38 |   1.5746254933898450e-06 |   1.5746254933898450e-06 | 1
 31, 39 |  -3.1581978315738216e-05 |  -3.1581978315738216e-05 | 1
 31, 40 |  -3.1036884872112439e-08 |  -3.1036884872112439e-08 | 1
 31, 41 |  -3.3533723087999612e-05 |  -3.3533723087999612e-05 | 1
 31, 42 |   1.5799190321987719e-06 |   1.5799190321987719e-06 | 1
 31, 43 |   1.9971528216918347e-04 |   1.9971528216918347e-04 | 1
 31, 44 |   1.1592269689498180e-04 |   1.1592269689498180e-04 | 1
 32,  1 |   1.5973594367170926e-05 |   1.5973594367170926e-05 | 1
 32,  2 |   8.7708539773244729e-07 |   8.7708539773244729e-07 | 1
 32,  3 |  -5.3265688949230563e-05 |  -5.3265688949230563e-05 | 1
 32,  4 |  -8.7918152890600388e-05 |  -8.7918152890600388e-05 | 1
 32,  5 |  -5.8091476932610507e-05 |  -5.8091476932610507e-05 | 1
 32,  6 |  -1.7374378543559178e-04 |  -1.7374378543559178e-04 | 1
 32,  7 |  -3.9968163068895485e-05 |  -3.9968163068895485e-05 | 1
 32,  8 |  -1.2003428729483244e-04 |  -1.2003428729483244e-04 | 1
 32,  9 |  -6.7123236728930486e-05 |  -6.7123236728930486e-05 | 1
 32, 10 |  -4.5336362549171031e-05 |  -4.5336362549171031e-05 | 1
 32, 11 |  -8.3589267816668977e-05 |  -8.3589267816668977e-05 | 1
 32, 12 |  -5.4285330004815364e-05 |  -5.4285330004815364e-05 | 1
 32, 13 |  -7.4685103166964942e-05 |  -7.4685103166964942e-05 | 1
 32, 14 |  -3.7930751235842716e-05 |  -3.7930751235842716e-05 | 1
 32, 15 |  -5.2275138143745673e-05 |  -5.2275138143745673e-05 | 1
 32, 16 |  -1.0025163189620882e-04 |  -1.0025163189620882e-04 | 1
 32, 17 |  -4.8514442902181947e-05 |  -4.8514442902181947e-05 | 1
 32, 18 |  -8.4366451161588149e-05 |  -8.4366451161588149e-05 | 1
 32, 19 |  -3.9659426932009146e-04 |  -3.9659426932009146e-04 | 1
 32, 20 |  -8.8925428675838119e-05 |  -8.8925428675838119e-05 | 1
 32, 21 |  -1.2134132926381442e-05 |  -1.2134132926381442e-05 | 1
 32, 22 |  -4.2842072517508113e-05 |  -4.2842072517508113e-05 | 1
 32, 23 |   3.6478507668219080e-06 |   3.6478507668219080e-06 | 1
 32, 24 |  -9.6746451862044836e-05 |  -9.6746451862044836e-05 | 1
 32, 25 |  -1.0474291374833334e-04 |  -1.0474291374833334e-04 | 1
 32, 26 |  -1.1268763989826698e-04 |  -1.1268763989826698e-04 | 1
 32, 27 |  -5.3611909442496231e-05 |  -5.3611909442496231e-05 | 1
 32, 28 |  -8.9947843924011888e-05 |  -8.9947843924011888e-05 | 1
 32, 29 |  -8.8760238272388565e-05 |  -8.8760238272388565e-05 | 1
 32, 30 |  -8.1679573161189004e-05 |  -8.1679573161189004e-05 | 1
 32, 31 |  -9.9337796879397146e-05 |  -9.9337796879397146e-05 | 1
 32, 32 |   4.6569678655217252e-03 |   4.6569678655217252e-03 | 1
 32, 33 |   7.1633880784209869e-01 |   7.1633880784209869e-01 | 1
 32, 34 |  -1.0635266331258975e-04 |  -1.0635266331258975e-04 | 1
 32, 35 |  -2.7860921586218611e-06 |  -2.7860921586218611e-06 | 1
 32, 36 |  -4.7977171252656643e-06 |  -4.7977171252656643e-06 | 1
 32, 37 |  -1.1939254912612751e-05 |  -1.1939254912612751e-05 | 1
 32, 38 |  -4.0354549959830667e-05 |  -4.0354549959830667e-05 | 1
 32, 39 |   8.2589348300804632e-06 |   8.2589348300804632e-06 | 1
 32, 40 |  -4.0254687046981883e-09 |  -4.0254687046981883e-09 | 1
 32, 41 |   6.3657546315688724e-07 |   6.3657546315688724e-07 | 1
 32, 42 |  -2.5891099398400228e-08 |  -2.5891099398400228e-08 | 1
 32, 43 |   1.4305133609177557e-05 |   1.4305133609177557e-05 | 1
 32, 44 |  -4.6563633352551936e-03 |  -4.6563633352551936e-03 | 1
 33,  1 |  -1.6683594083565154e-01 |  -1.6683594083565154e-01 | 1
 33,  2 |  -2.0848450084414942e+00 |  -2.0848450084414942e+00 | 1
 33,  3 |   1.0231359348334138e+01 |   1.0231359348334138e+01 | 1
 33,  4 |  -3.5095373688289238e+00 |  -3.5095373688289238e+00 | 1
 33,  5 |   8.4045592336948474e+00 |   8.4045592336948474e+00 | 1
 33,  6 |  -3.6625648931457050e+01 |  -3.6625648931457050e+01 | 1
 33,  7 |   1.5520785378792137e+01 |   1.5520785378792137e+01 | 1
 33,  8 |  -1.5730803536663808e+01 |  -1.5730803536663808e+01 | 1
 33,  9 |   5.0141918377814427e+00 |   5.0141918377814427e+00 | 1
 33, 10 |   1.3142680357038431e+01 |   1.3142680357038431e+01 | 1
 33, 11 |  -1.8940485722115956e+00 |  -1.8940485722115956e+00 | 1
 33, 12 |   9.3727700667343186e+00 |   9.3727700667343186e+00 | 1
 33, 13 |   2.1375289676948599e+00 |   2.1375289676948599e+00 | 1
 33, 14 |   1.5879190969245773e+01 |   1.5879190969245773e+01 | 1
 33, 15 |   1.0538376644630976e+01 |   1.0538376644630976e+01 | 1
 33, 16 |  -8.0882969707119017e+00 |  -8.0882969707119017e+00 | 1
 33, 17 |   1.1921728181744911e+01 |   1.1921728181744911e+01 | 1
 33, 18 |  -1.8943067925287496e+00 |  -1.8943067925287496e+00 | 1
 33, 19 |  -1.2202981912443326e+02 |  -1.2202981912443326e+02 | 1
 33, 20 |  -3.6441882757504942e+00 |  -3.6441882757504942e+00 | 1
 33, 21 |   2.5968076678136406e+01 |   2.5968076678136406e+01 | 1
 33, 22 |   1.3396250550311271e+01 |   1.3396250550311271e+01 | 1
 33, 23 |   3.1832394860183349e+01 |   3.1832394860183349e+01 | 1
 33, 24 |  -6.8111250064590552e+00 |  -6.8111250064590552e+00 | 1
 33, 25 |  -9.5638589582788072e+00 |  -9.5638589582788072e+00 | 1
 33, 26 |  -1.3005765374019131e+01 |  -1.3005765374019131e+01 | 1
 33, 27 |   9.5161280235338648e+00 |   9.5161280235338648e+00 | 1
 33, 28 |  -4.0573681956559344e+00 |  -4.0573681956559344e+00 | 1
 33, 29 |  -3.4873025528750343e+00 |  -3.4873025528750343e+00 | 1
 33, 30 |  -1.2511333252964916e+00 |  -1.2511333252964916e+00 | 1
 33, 31 |  -7.7396136559870143e+00 |  -7.7396136559870143e+00 | 1
 33, 32 |   7.1633880784209869e-01 |   7.1633880784209869e-01 | 1
 33, 33 |   2.7512309612933960e+05 |   2.7512309612933960e+05 | 1
 33, 34 |  -1.0644678210743169e+01 |  -1.0644678210743169e+01 | 1
 33, 35 |  -6.0140727573511132e-02 |  -6.0140727573511132e-02 | 1
 33, 36 |  -5.6062316929072285e-02 |  -5.6062316929072285e-02 | 1
 33, 37 |  -1.0754829101605294e-01 |  -1.0754829101605294e-01 | 1
 33, 38 |  -1.2993884370183834e-01 |  -1.2993884370183834e-01 | 1
 33, 39 |  -1.1144165932366636e-02 |  -1.1144165932366636e-02 | 1
 33, 40 |   2.4170994858396531e-05 |   2.4170994858396531e-05 | 1
 33, 41 |   5.3969742995234389e-02 |   5.3969742995234389e-02 | 1
 33, 42 |  -2.1657280005980373e-03 |  -2.1657280005980373e-03 | 1
 33, 43 |  -1.6240237800850582e-01 |  -1.6240237800850582e-01 | 1
 33, 44 |  -7.7143255791181797e-01 |  -7.7143255791181797e-01 | 1
 34,  1 |   1.9955745055355847e-04 |   1.9955745055355847e-04 | 1
 34,  2 |   5.4032118540475542e-04 |   5.4032118540475542e-04 | 1
 34,  3 |   6.3730810985936407e-05 |   6.3730810985936407e-05 | 1
 34,  4 |   5.9426978094947623e-04 |   5.9426978094947623e-04 | 1
 34,  5 |   1.3500703164860862e-04 |   1.3500703164860862e-04 | 1
 34,  6 |   1.8732520106641902e-03 |   1.8732520106641902e-03 | 1
 34,  7 |  -1.3866556086661037e-04 |  -1.3866556086661037e-04 | 1
 34,  8 |   1.0670955123551051e-03 |   1.0670955123551051e-03 | 1
 34,  9 |   2.6549048051406187e-04 |   2.6549048051406187e-04 | 1
 34, 10 |  -4.8593514778907503e-05 |  -4.8593514778907503e-05 | 1
 34, 11 |   5.2956937047613211e-04 |   5.2956937047613211e-04 | 1
 34, 12 |   9.4169126775534527e-05 |   9.4169126775534527e-05 | 1
 34, 13 |   3.7709527358669088e-04 |   3.7709527358669088e-04 | 1
 34, 14 |  -1.5607268840153117e-04 |  -1.5607268840153117e-04 | 1
 34, 15 |   5.0961317019611302e-05 |   5.0961317019611302e-05 | 1
 34, 16 |   7.7152202249170920e-04 |   7.7152202249170920e-04 | 1
 34, 17 |  -3.5320899604580784e-06 |  -3.5320899604580784e-06 | 1
 34, 18 |   5.3254189821053989e-04 |   5.3254189821053989e-04 | 1
 34, 19 |   5.1767838598436571e-03 |   5.1767838598436571e-03 | 1
 34, 20 |   5.9991665157653126e-04 |   5.9991665157653126e-04 | 1
 34, 21 |  -5.4590041898625302e-04 |  -5.4590041898625302e-04 | 1
 34, 22 |  -6.3483661489885249e-05 |  -6.3483661489885249e-05 | 1
 34, 23 |  -7.7453278104832257e-04 |  -7.7453278104832257e-04 | 1
 34, 24 |   7.2100988735981995e-04 |   7.2100988735981995e-04 | 1
 34, 25 |   8.2879546554357158e-04 |   8.2879546554357158e-04 | 1
 34, 26 |   9.6057936178910088e-04 |   9.6057936178910088e-04 | 1
 34, 27 |   8.7022102561028783e-05 |   8.7022102561028783e-05 | 1
 34, 28 |   6.1593791190821875e-04 |   6.1593791190821875e-04 | 1
 34, 29 |   5.9322556475251023e-04 |   5.9322556475251023e-04 | 1
 34, 30 |   5.0458227064103102e-04 |   5.0458227064103102e-04 | 1
 34, 31 |   7.5678613042071542e-04 |   7.5678613042071542e-04 | 1
 34, 32 |  -1.0635266331258975e-04 |  -1.0635266331258975e-04 | 1
 34, 33 |  -1.0644678210743169e+01 |  -1.0644678210743169e+01 | 1
 34, 34 |   8.6836248486132266e-04 |   8.6836248486132266e-04 | 1
 34, 35 |  -2.3636098807886917e-05 |  -2.3636098807886917e-05 | 1
 34, 36 |  -2.2495213589661244e-05 |  -2.2495213589661244e-05 | 1
 34, 37 |  -1.1265566626036728e-05 |  -1.1265566626036728e-05 | 1
 34, 38 |   2.6911972198553808e-06 |   2.6911972198553808e-06 | 1
 34, 39 |  -3.1618609545195915e-05 |  -3.1618609545195915e-05 | 1
 34, 40 |  -3.1274064241704670e-08 |  -3.1274064241704670e-08 | 1
 34, 41 |  -3.4101252728318326e-05 |  -3.4101252728318326e-05 | 1
 34, 42 |   1.6008965885992251e-06 |   1.6008965885992251e-06 | 1
 34, 43 |   2.0157924179722776e-04 |   2.0157924179722776e-04 | 1
 34, 44 |   1.2364745726663602e-04 |   1.2364745726663602e-04 | 1
 35,  1 |  -2.6512831748603781e-05 |  -2.6512831748603781e-05 | 1
 35,  2 |  -2.5612309467675144e-05 |  -2.5612309467675144e-05 | 1
 35,  3 |  -2.8016523718157428e-05 |  -2.8016523718157428e-05 | 1
 35,  4 |  -2.5355822090250600e-05 |  -2.5355822090250600e-05 | 1
 35,  5 |  -2.7933640844886162e-05 |  -2.7933640844886162e-05 | 1
 35,  6 |  -1.8097592089757268e-05 |  -1.8097592089757268e-05 | 1
 35,  7 |  -2.9491706669553724e-05 |  -2.9491706669553724e-05 | 1
 35,  8 |  -2.2738564794317182e-05 |  -2.2738564794317182e-05 | 1
 35,  9 |  -2.7630601986440796e-05 |  -2.7630601986440796e-05 | 1
 35, 10 |  -2.9064617918692015e-05 |  -2.9064617918692015e-05 | 1
 35, 11 |  -2.5855913790456676e-05 |  -2.5855913790456676e-05 | 1
 35, 12 |  -2.8255249796103134e-05 |  -2.8255249796103134e-05 | 1
 35, 13 |  -2.6961481181506530e-05 |  -2.6961481181506530e-05 | 1
 35, 14 |  -2.9892341061642461e-05 |  -2.9892341061642461e-05 | 1
 35, 15 |  -2.8742524008705209e-05 |  -2.8742524008705209e-05 | 1
 35, 16 |  -2.4766744147207443e-05 |  -2.4766744147207443e-05 | 1
 35, 17 |  -2.7810885054658901e-05 |  -2.7810885054658901e-05 | 1
 35, 18 |  -2.5226597920248000e-05 |  -2.5226597920248000e-05 | 1
 35, 19 |   1.0366595940945212e-06 |   1.0366595940945212e-06 | 1
 35, 20 |  -2.4763600960801610e-05 |  -2.4763600960801610e-05 | 1
 35, 21 |  -3.1227296367503073e-05 |  -3.1227296367503073e-05 | 1
 35, 22 |  -2.8857497431818573e-05 |  -2.8857497431818573e-05 | 1
 35, 23 |  -3.2636280815334619e-05 |  -3.2636280815334619e-05 | 1
 35, 24 |  -2.4179520218897558e-05 |  -2.4179520218897558e-05 | 1
 35, 25 |  -2.3812206403570595e-05 |  -2.3812206403570595e-05 | 1
 35, 26 |  -2.3240941101277671e-05 |  -2.3240941101277671e-05 | 1
 35, 27 |  -2.8121530986147569e-05 |  -2.8121530986147569e-05 | 1
 35, 28 |  -2.5143892024934793e-05 |  -2.5143892024934793e-05 | 1
 35, 29 |  -2.5057964904976958e-05 |  -2.5057964904976958e-05 | 1
 35, 30 |  -2.5896430033101465e-05 |  -2.5896430033101465e-05 | 1
 35, 31 |  -2.4302143392047001e-05 |  -2.4302143392047001e-05 | 1
 35, 32 |  -2.7860921586218611e-06 |  -2.7860921586218611e-06 | 1
 35, 33 |  -6.0140727573511132e-02 |  -6.0140727573511132e-02 | 1
 35, 34 |  -2.3636098807886917e-05 |  -2.3636098807886917e-05 | 1
 35, 35 |   6.2964629708121193e-05 |   6.2964629708121193e-05 | 1
 35, 36 |   4.5914974247433197e-05 |   4.5914974247433197e-05 | 1
 35, 37 |   4.4915591881121249e-05 |   4.4915591881121249e-05 | 1
 35, 38 |   4.5616056797563267e-05 |   4.5616056797563267e-05 | 1
 35, 39 |  -1.0831935956573202e-06 |  -1.0831935956573202e-06 | 1
 35, 40 |  -3.2526875959375422e-09 |  -3.2526875959375422e-09 | 1
 35, 41 |  -1.5518419201970221e-06 |  -1.5518419201970221e-06 | 1
 35, 42 |   6.5163691435245423e-08 |   6.5163691435245423e-08 | 1
 35, 43 |  -3.3138002645896435e-05 |  -3.3138002645896435e-05 | 1
 35, 44 |   4.1737176362756664e-06 |   4.1737176362756664e-06 | 1
 36,  1 |  -2.5376230228522135e-05 |  -2.5376230228522135e-05 | 1
 36,  2 |  -2.4375883927982421e-05 |  -2.4375883927982421e-05 | 1
 36,  3 |  -2.6519831016530635e-05 |  -2.6519831016530635e-05 | 1
 36,  4 |  -2.4138489480698498e-05 |  -2.4138489480698498e-05 | 1
 36,  5 |  -2.7089537906136677e-05 |  -2.7089537906136677e-05 | 1
 36,  6 |  -1.7606223478906798e-05 |  -1.7606223478906798e-05 | 1
 36,  7 |  -2.8372864449673362e-05 |  -2.8372864449673362e-05 | 1
 36,  8 |  -2.1957361900046220e-05 |  -2.1957361900046220e-05 | 1
 36,  9 |  -2.5668057993062960e-05 |  -2.5668057993062960e-05 | 1
 36, 10 |  -2.7400665429389049e-05 |  -2.7400665429389049e-05 | 1
 36, 11 |  -2.4390913141080039e-05 |  -2.4390913141080039e-05 | 1
 36, 12 |  -2.6676645712921839e-05 |  -2.6676645712921839e-05 | 1
 36, 13 |  -2.5552006178288386e-05 |  -2.5552006178288386e-05 | 1
 36, 14 |  -2.8383533107062641e-05 |  -2.8383533107062641e-05 | 1
 36, 15 |  -2.7129504595097806e-05 |  -2.7129504595097806e-05 | 1
 36, 16 |  -2.3676150347226058e-05 |  -2.3676150347226058e-05 | 1
 36, 17 |  -2.6216114892227870e-05 |  -2.6216114892227870e-05 | 1
 36, 18 |  -2.3874950954036750e-05 |  -2.3874950954036750e-05 | 1
 36, 19 |   6.0389992035847681e-07 |   6.0389992035847681e-07 | 1
 36, 20 |  -2.3543980839867701e-05 |  -2.3543980839867701e-05 | 1
 36, 21 |  -2.9946600347161186e-05 |  -2.9946600347161186e-05 | 1
 36, 22 |  -2.7394261665046593e-05 |  -2.7394261665046593e-05 | 1
 36, 23 |  -3.1168484781629943e-05 |  -3.1168484781629943e-05 | 1
 36, 24 |  -2.3268864109947707e-05 |  -2.3268864109947707e-05 | 1
 36, 25 |  -2.2178809513743663e-05 |  -2.2178809513743663e-05 | 1
 36, 26 |  -2.1906589253502231e-05 |  -2.1906589253502231e-05 | 1
 36, 27 |  -2.6586744181378056e-05 |  -2.6586744181378056e-05 | 1
 36, 28 |  -2.3576537557187727e-05 |  -2.3576537557187727e-05 | 1
 36, 29 |  -2.3853138336294809e-05 |  -2.3853138336294809e-05 | 1
 36, 30 |  -2.4655468924171547e-05 |  -2.4655468924171547e-05 | 1
 36, 31 |  -2.3109519535238559e-05 |  -2.3109519535238559e-05 | 1
 36, 32 |  -4.7977171252656643e-06 |  -4.7977171252656643e-06 | 1
 36, 33 |  -5.6062316929072285e-02 |  -5.6062316929072285e-02 | 1
 36, 34 |  -2.2495213589661244e-05 |  -2.2495213589661244e-05 | 1
 36, 35 |   4.5914974247433197e-05 |   4.5914974247433197e-05 | 1
 36, 36 |   7.3257667541475093e-05 |   7.3257667541475093e-05 | 1
 36, 37 |   5.5436610934035473e-05 |   5.5436610934035473e-05 | 1
 36, 38 |   5.6374419814821022e-05 |   5.6374419814821022e-05 | 1
 36, 39 |  -1.2252685806862687e-06 |  -1.2252685806862687e-06 | 1
 36, 40 |  -4.7764578035271225e-09 |  -4.7764578035271225e-09 | 1
 36, 41 |  -2.4816963117033598e-06 |  -2.4816963117033598e-06 | 1
 36, 42 |   1.0113427437779795e-07 |   1.0113427437779795e-07 | 1
 36, 43 |  -3.6059807457333216e-05 |  -3.6059807457333216e-05 | 1
 36, 44 |   7.6052371838341618e-06 |   7.6052371838341618e-06 | 1
 37,  1 |  -1.4163391412470182e-05 |  -1.4163391412470182e-05 | 1
 37,  2 |  -1.4926987834456538e-05 |  -1.4926987834456538e-05 | 1
 37,  3 |  -1.9823252897760140e-05 |  -1.9823252897760140e-05 | 1
 37,  4 |  -1.4573856881454617e-05 |  -1.4573856881454617e-05 | 1
 37,  5 |  -1.8975310006375216e-05 |  -1.8975310006375216e-05 | 1
 37,  6 |  -1.4300399437376918e-06 |  -1.4300399437376918e-06 | 1
 37,  7 |  -2.2179477606518013e-05 |  -2.2179477606518013e-05 | 1
 37,  8 |  -9.8952925449030981e-06 |  -9.8952925449030981e-06 | 1
 37,  9 |  -1.7447302645702547e-05 |  -1.7447302645702547e-05 | 1
 37, 10 |  -2.0530665127273830e-05 |  -2.0530665127273830e-05 | 1
 37, 11 |  -1.4942132582865683e-05 |  -1.4942132582865683e-05 | 1
 37, 12 |  -1.9425865484876652e-05 |  -1.9425865484876652e-05 | 1
 37, 13 |  -1.6401064052506437e-05 |  -1.6401064052506437e-05 | 1
 37, 14 |  -2.2024332184423304e-05 |  -2.2024332184423304e-05 | 1
 37, 15 |  -1.9911221241148739e-05 |  -1.9911221241148739e-05 | 1
 37, 16 |  -1.2915443265431397e-05 |  -1.2915443265431397e-05 | 1
 37, 17 |  -1.9306325534236172e-05 |  -1.9306325534236172e-05 | 1
 37, 18 |  -1.4291523373778150e-05 |  -1.4291523373778150e-05 | 1
 37, 19 |   3.2327252233845088e-05 |   3.2327252233845088e-05 | 1
 37, 20 |  -1.3940735461966473e-05 |  -1.3940735461966473e-05 | 1
 37, 21 |  -2.5295059118547522e-05 |  -2.5295059118547522e-05 | 1
 37, 22 |  -2.0529596486838705e-05 |  -2.0529596486838705e-05 | 1
 37, 23 |  -2.7858191299190467e-05 |  -2.7858191299190467e-05 | 1
 37, 24 |  -1.2641451717290681e-05 |  -1.2641451717290681e-05 | 1
 37, 25 |  -1.1207268032920497e-05 |  -1.1207268032920497e-05 | 1
 37, 26 |  -1.0162611751748642e-05 |  -1.0162611751748642e-05 | 1
 37, 27 |  -1.9235521144564265e-05 |  -1.9235521144564265e-05 | 1
 37, 28 |  -1.3926918551552717e-05 |  -1.3926918551552717e-05 | 1
 37, 29 |  -1.3645091651457124e-05 |  -1.3645091651457124e-05 | 1
 37, 30 |  -1.5073009645920838e-05 |  -1.5073009645920838e-05 | 1
 37, 31 |  -1.2413734325098166e-05 |  -1.2413734325098166e-05 | 1
 37, 32 |  -1.1939254912612751e-05 |  -1.1939254912612751e-05 | 1
 37, 33 |  -1.0754829101605294e-01 |  -1.0754829101605294e-01 | 1
 37, 34 |  -1.1265566626036728e-05 |  -1.1265566626036728e-05 | 1
 37, 35 |   4.4915591881121249e-05 |   4.4915591881121249e-05 | 1
 37, 36 |   5.5436610934035473e-05 |   5.5436610934035473e-05 | 1
 37, 37 |   8.3874440642410638e-05 |   8.3874440642410638e-05 | 1
 37, 38 |   7.1317672707527292e-05 |   7.1317672707527292e-05 | 1
 37, 39 |  -2.5076384575449886e-06 |  -2.5076384575449886e-06 | 1
 37, 40 |  -8.8693532284275424e-09 |  -8.8693532284275424e-09 | 1
 37, 41 |  -4.4984848236319585e-06 |  -4.4984848236319585e-06 | 1
 37, 42 |   1.8481440994341268e-07 |   1.8481440994341268e-07 | 1
 37, 43 |  -2.6709718983184883e-05 |  -2.6709718983184883e-05 | 1
 37, 44 |   1.2599619955106304e-05 |   1.2599619955106304e-05 | 1
 38,  1 |  -1.2741136908544683e-06 |  -1.2741136908544683e-06 | 1
 38,  2 |  -2.1950674211457124e-06 |  -2.1950674211457124e-06 | 1
 38,  3 |  -7.0796182588419862e-06 |  -7.0796182588419862e-06 | 1
 38,  4 |  -1.2065071485007603e-06 |  -1.2065071485007603e-06 | 1
 38,  5 |  -6.6477774408567285e-06 |  -6.6477774408567285e-06 | 1
 38,  6 |   1.4373505888112587e-05 |   1.4373505888112587e-05 | 1
 38,  7 |  -1.0027290485269350e-05 |  -1.0027290485269350e-05 | 1
 38,  8 |   4.4093979079656639e-06 |   4.4093979079656639e-06 | 1
 38,  9 |  -4.8119236773143321e-06 |  -4.8119236773143321e-06 | 1
 38, 10 |  -8.9906527617475314e-06 |  -8.9906527617475314e-06 | 1
 38, 11 |  -1.4787081957966285e-06 |  -1.4787081957966285e-06 | 1
 38, 12 |  -7.0649196927527444e-06 |  -7.0649196927527444e-06 | 1
 38, 13 |  -3.5025561210903866e-06 |  -3.5025561210903866e-06 | 1
 38, 14 |  -1.0554107857280295e-05 |  -1.0554107857280295e-05 | 1
 38, 15 |  -7.4089448367770451e-06 |  -7.4089448367770451e-06 | 1
 38, 16 |   8.2217588415876247e-07 |   8.2217588415876247e-07 | 1
 38, 17 |  -7.2563471472849473e-06 |  -7.2563471472849473e-06 | 1
 38, 18 |  -1.4015370083820331e-06 |  -1.4015370083820331e-06 | 1
 38, 19 |   5.5557068490136546e-05 |   5.5557068490136546e-05 | 1
 38, 20 |  -4.7142588663845652e-07 |  -4.7142588663845652e-07 | 1
 38, 21 |  -1.4277058038479824e-05 |  -1.4277058038479824e-05 | 1
 38, 22 |  -8.4492676144553592e-06 |  -8.4492676144553592e-06 | 1
 38, 23 |  -1.7307718363102966e-05 |  -1.7307718363102966e-05 | 1
 38, 24 |   9.8157885334231513e-07 |   9.8157885334231513e-07 | 1
 38, 25 |   2.6325007050868443e-06 |   2.6325007050868443e-06 | 1
 38, 26 |   3.8279980586963652e-06 |   3.8279980586963652e-06 | 1
 38, 27 |  -6.8742890411650739e-06 |  -6.8742890411650739e-06 | 1
 38, 28 |  -5.5248001182118724e-07 |  -5.5248001182118724e-07 | 1
 38, 29 |  -2.1977088641211954e-07 |  -2.1977088641211954e-07 | 1
 38, 30 |  -1.9837362213385186e-06 |  -1.9837362213385186e-06 | 1
 38, 31 |   1.5746254933898450e-06 |   1.5746254933898450e-06 | 1
 38, 32 |  -4.0354549959830667e-05 |  -4.0354549959830667e-05 | 1
 38, 33 |  -1.2993884370183834e-01 |  -1.2993884370183834e-01 | 1
 38, 34 |   2.6911972198553808e-06 |   2.6911972198553808e-06 | 1
 38, 35 |   4.5616056797563267e-05 |   4.5616056797563267e-05 | 1
 38, 36 |   5.6374419814821022e-05 |   5.6374419814821022e-05 | 1
 38, 37 |   7.1317672707527292e-05 |   7.1317672707527292e-05 | 1
 38, 38 |   1.0506004487143036e-04 |   1.0506004487143036e-04 | 1
 38, 39 |  -4.0003864425649163e-06 |  -4.0003864425649163e-06 | 1
 38, 40 |  -1.3925627313204778e-08 |  -1.3925627313204778e-08 | 1
 38, 41 |  -6.4129805886214686e-06 |  -6.4129805886214686e-06 | 1
 38, 42 |   2.6448191036330587e-07 |   2.6448191036330587e-07 | 1
 38, 43 |  -1.1939892844003899e-05 |  -1.1939892844003899e-05 | 1
 38, 44 |   3.8730616321416093e-05 |   3.8730616321416093e-05 | 1
 39,  1 |  -3.4244402150228685e-05 |  -3.4244402150228685e-05 | 1
 39,  2 |  -3.1656635998014246e-05 |  -3.1656635998014246e-05 | 1
 39,  3 |  -3.2209510993502607e-05 |  -3.2209510993502607e-05 | 1
 39,  4 |  -3.1757367901964753e-05 |  -3.1757367901964753e-05 | 1
 39,  5 |  -3.2246594400160686e-05 |  -3.2246594400160686e-05 | 1
 39,  6 |  -3.0109694316065368e-05 |  -3.0109694316065368e-05 | 1
 39,  7 |  -3.2628402870312116e-05 |  -3.2628402870312116e-05 | 1
 39,  8 |  -3.1244996928757843e-05 |  -3.1244996928757843e-05 | 1
 39,  9 |  -3.2091264263935551e-05 |  -3.2091264263935551e-05 | 1
 39, 10 |  -3.2224051458649470e-05 |  -3.2224051458649470e-05 | 1
 39, 11 |  -3.1589227333518179e-05 |  -3.1589227333518179e-05 | 1
 39, 12 |  -3.2300645076784306e-05 |  -3.2300645076784306e-05 | 1
 39, 13 |  -3.1737277514317337e-05 |  -3.1737277514317337e-05 | 1
 39, 14 |  -3.2674537037324949e-05 |  -3.2674537037324949e-05 | 1
 39, 15 |  -3.2293850228152352e-05 |  -3.2293850228152352e-05 | 1
 39, 16 |  -3.1652276275735960e-05 |  -3.1652276275735960e-05 | 1
 39, 17 |  -3.2229977748898358e-05 |  -3.2229977748898358e-05 | 1
 39, 18 |  -3.1778298757364774e-05 |  -3.1778298757364774e-05 | 1
 39, 19 |  -2.6633289136606910e-05 |  -2.6633289136606910e-05 | 1
 39, 20 |  -3.1489518875548982e-05 |  -3.1489518875548982e-05 | 1
 39, 21 |  -3.2817891803301990e-05 |  -3.2817891803301990e-05 | 1
 39, 22 |  -3.2752906545972819e-05 |  -3.2752906545972819e-05 | 1
 39, 23 |  -3.2928307442833040e-05 |  -3.2928307442833040e-05 | 1
 39, 24 |  -3.1708607646427846e-05 |  -3.1708607646427846e-05 | 1
 39, 25 |  -3.1639403630621412e-05 |  -3.1639403630621412e-05 | 1
 39, 26 |  -3.1380325399398420e-05 |  -3.1380325399398420e-05 | 1
 39, 27 |  -3.1975799858695599e-05 |  -3.1975799858695599e-05 | 1
 39, 28 |  -3.1501273636230993e-05 |  -3.1501273636230993e-05 | 1
 39, 29 |  -3.1893169381897330e-05 |  -3.1893169381897330e-05 | 1
 39, 30 |  -3.1846315085365561e-05 |  -3.1846315085365561e-05 | 1
 39, 31 |  -3.1581978315738216e-05 |  -3.1581978315738216e-05 | 1
 39, 32 |   8.2589348300804632e-06 |   8.2589348300804632e-06 | 1
 39, 33 |  -1.1144165932366636e-02 |  -1.1144165932366636e-02 | 1
 39, 34 |  -3.1618609545195915e-05 |  -3.1618609545195915e-05 | 1
 39, 35 |  -1.0831935956573202e-06 |  -1.0831935956573202e-06 | 1
 39, 36 |  -1.2252685806862687e-06 |  -1.2252685806862687e-06 | 1
 39, 37 |  -2.5076384575449886e-06 |  -2.5076384575449886e-06 | 1
 39, 38 |  -4.0003864425649163e-06 |  -4.0003864425649163e-06 | 1
 39, 39 |   5.8525633935875561e-05 |   5.8525633935875561e-05 | 1
 39, 40 |   1.6533279276626930e-09 |   1.6533279276626930e-09 | 1
 39, 41 |   3.5857906933820953e-06 |   3.5857906933820953e-06 | 1
 39, 42 |  -1.5253130777604548e-07 |  -1.5253130777604548e-07 | 1
 39, 43 |  -4.0301404958239853e-05 |  -4.0301404958239853e-05 | 1
 39, 44 |  -1.1234224960522349e-05 |  -1.1234224960522349e-05 | 1
 40,  1 |  -3.2515034705085897e-08 |  -3.2515034705085897e-08 | 1
 40,  2 |  -3.0582438077459776e-08 |  -3.0582438077459776e-08 | 1
 40,  3 |  -2.9456702803955133e-08 |  -2.9456702803955133e-08 | 1
 40,  4 |  -3.0760755911806786e-08 |  -3.0760755911806786e-08 | 1
 40,  5 |  -2.9561516163522574e-08 |  -2.9561516163522574e-08 | 1
 40,  6 |  -3.3430436994862731e-08 |  -3.3430436994862731e-08 | 1
 40,  7 |  -2.9011256146850112e-08 |  -2.9011256146850112e-08 | 1
 40,  8 |  -3.1719002345688209e-08 |  -3.1719002345688209e-08 | 1
 40,  9 |  -2.9690067342580985e-08 |  -2.9690067342580985e-08 | 1
 40, 10 |  -2.9197329633207936e-08 |  -2.9197329633207936e-08 | 1
 40, 11 |  -3.0544422804808137e-08 |  -3.0544422804808137e-08 | 1
 40, 12 |  -2.9507451103781530e-08 |  -2.9507451103781530e-08 | 1
 40, 13 |  -3.0045254722396506e-08 |  -3.0045254722396506e-08 | 1
 40, 14 |  -2.8830720160429508e-08 |  -2.8830720160429508e-08 | 1
 40, 15 |  -2.9361923004940863e-08 |  -2.9361923004940863e-08 | 1
 40, 16 |  -3.1030407937339538e-08 |  -3.1030407937339538e-08 | 1
 40, 17 |  -2.9241087988562089e-08 |  -2.9241087988562089e-08 | 1
 40, 18 |  -3.0536136948134343e-08 |  -3.0536136948134343e-08 | 1
 40, 19 |  -4.0847968650174866e-08 |  -4.0847968650174866e-08 | 1
 40, 20 |  -3.0755060235776854e-08 |  -3.0755060235776854e-08 | 1
 40, 21 |  -2.8041565669528886e-08 |  -2.8041565669528886e-08 | 1
 40, 22 |  -2.9457442234933716e-08 |  -2.9457442234933716e-08 | 1
 40, 23 |  -2.7471744955089940e-08 |  -2.7471744955089940e-08 | 1
 40, 24 |  -3.0986168743502947e-08 |  -3.0986168743502947e-08 | 1
 40, 25 |  -3.1112094875415980e-08 |  -3.1112094875415980e-08 | 1
 40, 26 |  -3.1518971583370722e-08 |  -3.1518971583370722e-08 | 1
 40, 27 |  -2.9362935020055178e-08 |  -2.9362935020055178e-08 | 1
 40, 28 |  -3.0721683486234337e-08 |  -3.0721683486234337e-08 | 1
 40, 29 |  -3.0621196903819190e-08 |  -3.0621196903819190e-08 | 1
 40, 30 |  -3.0443251019080940e-08 |  -3.0443251019080940e-08 | 1
 40, 31 |  -3.1036884872112439e-08 |  -3.1036884872112439e-08 | 1
 40, 32 |  -4.0254687046981883e-09 |  -4.0254687046981883e-09 | 1
 40, 33 |   2.4170994858396531e-05 |   2.4170994858396531e-05 | 1
 40, 34 |  -3.1274064241704670e-08 |  -3.1274064241704670e-08 | 1
 40, 35 |  -3.2526875959375422e-09 |  -3.2526875959375422e-09 | 1
 40, 36 |  -4.7764578035271225e-09 |  -4.7764578035271225e-09 | 1
 40, 37 |  -8.8693532284275424e-09 |  -8.8693532284275424e-09 | 1
 40, 38 |  -1.3925627313204778e-08 |  -1.3925627313204778e-08 | 1
 40, 39 |   1.6533279276626930e-09 |   1.6533279276626930e-09 | 1
 40, 40 |   1.1791595760780143e-11 |   1.1791595760780143e-11 | 1
 40, 41 |   3.5378094337348801e-09 |   3.5378094337348801e-09 | 1
 40, 42 |  -1.4720830220992142e-10 |  -1.4720830220992142e-10 | 1
 40, 43 |  -2.9041727532114742e-08 |  -2.9041727532114742e-08 | 1
 40, 44 |   5.1444395863996907e-09 |   5.1444395863996907e-09 | 1
 41,  1 |  -3.1044115108788938e-05 |  -3.1044115108788938e-05 | 1
 41,  2 |  -3.2389311472307118e-05 |  -3.2389311472307118e-05 | 1
 41,  3 |  -3.0004011503873100e-05 |  -3.0004011503873100e-05 | 1
 41,  4 |  -3.2741938891548259e-05 |  -3.2741938891548259e-05 | 1
 41,  5 |  -3.0340311866529140e-05 |  -3.0340311866529140e-05 | 1
 41,  6 |  -3.9210806168650952e-05 |  -3.9210806168650952e-05 | 1
 41,  7 |  -2.8987247051244390e-05 |  -2.8987247051244390e-05 | 1
 41,  8 |  -3.5011563590379729e-05 |  -3.5011563590379729e-05 | 1
 41,  9 |  -3.0986552898828261e-05 |  -3.0986552898828261e-05 | 1
 41, 10 |  -2.9413578696917403e-05 |  -2.9413578696917403e-05 | 1
 41, 11 |  -3.2177711639779135e-05 |  -3.2177711639779135e-05 | 1
 41, 12 |  -3.0140147519524919e-05 |  -3.0140147519524919e-05 | 1
 41, 13 |  -3.1499066428175350e-05 |  -3.1499066428175350e-05 | 1
 41, 14 |  -2.8715302507011613e-05 |  -2.8715302507011613e-05 | 1
 41, 15 |  -2.9895126546854678e-05 |  -2.9895126546854678e-05 | 1
 41, 16 |  -3.3531866298507594e-05 |  -3.3531866298507594e-05 | 1
 41, 17 |  -2.9654836776034555e-05 |  -2.9654836776034555e-05 | 1
 41, 18 |  -3.2424268034218071e-05 |  -3.2424268034218071e-05 | 1
 41, 19 |  -5.5917143295249757e-05 |  -5.5917143295249757e-05 | 1
 41, 20 |  -3.2710569242947501e-05 |  -3.2710569242947501e-05 | 1
 41, 21 |  -2.6920116489073399e-05 |  -2.6920116489073399e-05 | 1
 41, 22 |  -2.9421424240672928e-05 |  -2.9421424240672928e-05 | 1
 41, 23 |  -2.5655945056543748e-05 |  -2.5655945056543748e-05 | 1
 41, 24 |  -3.3316107130355061e-05 |  -3.3316107130355061e-05 | 1
 41, 25 |  -3.3876384330096257e-05 |  -3.3876384330096257e-05 | 1
 41, 26 |  -3.4609604378893449e-05 |  -3.4609604378893449e-05 | 1
 41, 27 |  -3.0176076860092893e-05 |  -3.0176076860092893e-05 | 1
 41, 28 |  -3.2825357199634493e-05 |  -3.2825357199634493e-05 | 1
 41, 29 |  -3.2708668407496262e-05 |  -3.2708668407496262e-05 | 1
 41, 30 |  -3.2247668374220402e-05 |  -3.2247668374220402e-05 | 1
 41, 31 |  -3.3533723087999612e-05 |  -3.3533723087999612e-05 | 1
 41, 32 |   6.3657546315688724e-07 |   6.3657546315688724e-07 | 1
 41, 33 |   5.3969742995234389e-02 |   5.3969742995234389e-02 | 1
 41, 34 |  -3.4101252728318326e-05 |  -3.4101252728318326e-05 | 1
 41, 35 |  -1.5518419201970221e-06 |  -1.5518419201970221e-06 | 1
 41, 36 |  -2.4816963117033598e-06 |  -2.4816963117033598e-06 | 1
 41, 37 |  -4.4984848236319585e-06 |  -4.4984848236319585e-06 | 1
 41, 38 |  -6.4129805886214686e-06 |  -6.4129805886214686e-06 | 1
 41, 39 |   3.5857906933820953e-06 |   3.5857906933820953e-06 | 1
 41, 40 |   3.5378094337348801e-09 |   3.5378094337348801e-09 | 1
 41, 41 |   8.4093056634412847e-06 |   8.4093056634412847e-06 | 1
 41, 42 |  -4.5158668210269869e-07 |  -4.5158668210269869e-07 | 1
 41, 43 |  -3.0386294708833919e-05 |  -3.0386294708833919e-05 | 1
 41, 44 |  -3.5836472014165622e-06 |  -3.5836472014165622e-06 | 1
 42,  1 |   1.4982107083869666e-06 |   1.4982107083869666e-06 | 1
 42,  2 |   1.5346451093598382e-06 |   1.5346451093598382e-06 | 1
 42,  3 |   1.4401097912534281e-06 |   1.4401097912534281e-06 | 1
 42,  4 |   1.5495853884059929e-06 |   1.5495853884059929e-06 | 1
 42,  5 |   1.4525842321421904e-06 |   1.4525842321421904e-06 | 1
 42,  6 |   1.8105583000299693e-06 |   1.8105583000299693e-06 | 1
 42,  7 |   1.3985925599974735e-06 |   1.3985925599974735e-06 | 1
 42,  8 |   1.6399551024240911e-06 |   1.6399551024240911e-06 | 1
 42,  9 |   1.4783433440854256e-06 |   1.4783433440854256e-06 | 1
 42, 10 |   1.4153887363747441e-06 |   1.4153887363747441e-06 | 1
 42, 11 |   1.5135572008701230e-06 |   1.5135572008701230e-06 | 1
 42, 12 |   1.4440745573052531e-06 |   1.4440745573052531e-06 | 1
 42, 13 |   1.4982312937086128e-06 |   1.4982312937086128e-06 | 1
 42, 14 |   1.3861155990320141e-06 |   1.3861155990320141e-06 | 1
 42, 15 |   1.4337204528565845e-06 |   1.4337204528565845e-06 | 1
 42, 16 |   1.5797423539550852e-06 |   1.5797423539550852e-06 | 1
 42, 17 |   1.4254691461545543e-06 |   1.4254691461545543e-06 | 1
 42, 18 |   1.5365140862528581e-06 |   1.5365140862528581e-06 | 1
 42, 19 |   2.4804383251426526e-06 |   2.4804383251426526e-06 | 1
 42, 20 |   1.5468673124657207e-06 |   1.5468673124657207e-06 | 1
 42, 21 |   1.3144595043981567e-06 |   1.3144595043981567e-06 | 1
 42, 22 |   1.4171227354957982e-06 |   1.4171227354957982e-06 | 1
 42, 23 |   1.2644340599139855e-06 |   1.2644340599139855e-06 | 1
 42, 24 |   1.5705699375591679e-06 |   1.5705699375591679e-06 | 1
 42, 25 |   1.5932766747706551e-06 |   1.5932766747706551e-06 | 1
 42, 26 |   1.6232743587341054e-06 |   1.6232743587341054e-06 | 1
 42, 27 |   1.4454469279962025e-06 |   1.4454469279962025e-06 | 1
 42, 28 |   1.5525403945556061e-06 |   1.5525403945556061e-06 | 1
 42, 29 |   1.5475188066740248e-06 |   1.5475188066740248e-06 | 1
 42, 30 |   1.5282983142402548e-06 |   1.5282983142402548e-06 | 1
 42, 31 |   1.5799190321987719e-06 |   1.5799190321987719e-06 | 1
 42, 32 |  -2.5891099398400228e-08 |  -2.5891099398400228e-08 | 1
 42, 33 |  -2.1657280005980373e-03 |  -2.1657280005980373e-03 | 1
 42, 34 |   1.6008965885992251e-06 |   1.6008965885992251e-06 | 1
 42, 35 |   6.5163691435245423e-08 |   6.5163691435245423e-08 | 1
 42, 36 |   1.0113427437779795e-07 |   1.0113427437779795e-07 | 1
 42, 37 |   1.8481440994341268e-07 |   1.8481440994341268e-07 | 1
 42, 38 |   2.6448191036330587e-07 |   2.6448191036330587e-07 | 1
 42, 39 |  -1.5253130777604548e-07 |  -1.5253130777604548e-07 | 1
 42, 40 |  -1.4720830220992142e-10 |  -1.4720830220992142e-10 | 1
 42, 41 |  -4.5158668210269869e-07 |  -4.5158668210269869e-07 | 1
 42, 42 |   2.7063279303702510e-08 |   2.7063279303702510e-08 | 1
 42, 43 |   1.4378080433763622e-06 |   1.4378080433763622e-06 | 1
 42, 44 |   4.3823971977898125e-08 |   4.3823971977898125e-08 | 1
 43,  1 |   1.9586887963620342e-04 |   1.9586887963620342e-04 | 1
 43,  2 |   1.9656133621135069e-04 |   1.9656133621135069e-04 | 1
 43,  3 |   1.8900927933724601e-04 |   1.8900927933724601e-04 | 1
 43,  4 |   1.9783732384573492e-04 |   1.9783732384573492e-04 | 1
 43,  5 |   1.9032897107035442e-04 |   1.9032897107035442e-04 | 1
 43,  6 |   2.1662870086935825e-04 |   2.1662870086935825e-04 | 1
 43,  7 |   1.8654472189661586e-04 |   1.8654472189661586e-04 | 1
 43,  8 |   2.0452909892874303e-04 |   2.0452909892874303e-04 | 1
 43,  9 |   1.9169950541170802e-04 |   1.9169950541170802e-04 | 1
 43, 10 |   1.8732374132406760e-04 |   1.8732374132406760e-04 | 1
 43, 11 |   1.9622060192336048e-04 |   1.9622060192336048e-04 | 1
 43, 12 |   1.8968062708872718e-04 |   1.8968062708872718e-04 | 1
 43, 13 |   1.9350540763625725e-04 |   1.9350540763625725e-04 | 1
 43, 14 |   1.8541298163817844e-04 |   1.8541298163817844e-04 | 1
 43, 15 |   1.8894156792652867e-04 |   1.8894156792652867e-04 | 1
 43, 16 |   2.0026234910591899e-04 |   2.0026234910591899e-04 | 1
 43, 17 |   1.8706892847330527e-04 |   1.8706892847330527e-04 | 1
 43, 18 |   1.9609481081948443e-04 |   1.9609481081948443e-04 | 1
 43, 19 |   2.6616273516205538e-04 |   2.6616273516205538e-04 | 1
 43, 20 |   1.9708450362381858e-04 |   1.9708450362381858e-04 | 1
 43, 21 |   1.7949548235137163e-04 |   1.7949548235137163e-04 | 1
 43, 22 |   1.8788146133759685e-04 |   1.8788146133759685e-04 | 1
 43, 23 |   1.7559163012741488e-04 |   1.7559163012741488e-04 | 1
 43, 24 |   1.9910192840891849e-04 |   1.9910192840891849e-04 | 1
 43, 25 |   2.0030067564707615e-04 |   2.0030067564707615e-04 | 1
 43, 26 |   2.0298983150593571e-04 |   2.0298983150593571e-04 | 1
 43, 27 |   1.8926102841765880e-04 |   1.8926102841765880e-04 | 1
 43, 28 |   1.9747866180630790e-04 |   1.9747866180630790e-04 | 1
 43, 29 |   1.9696041369994429e-04 |   1.9696041369994429e-04 | 1
 43, 30 |   1.9601161676925067e-04 |   1.9601161676925067e-04 | 1
 43, 31 |   1.9971528216918347e-04 |   1.9971528216918347e-04 | 1
 43, 32 |   1.4305133609177557e-05 |   1.4305133609177557e-05 | 1
 43, 33 |  -1.6240237800850582e-01 |  -1.6240237800850582e-01 | 1
 43, 34 |   2.0157924179722776e-04 |   2.0157924179722776e-04 | 1
 43, 35 |  -3.3138002645896435e-05 |  -3.3138002645896435e-05 | 1
 43, 36 |  -3.6059807457333216e-05 |  -3.6059807457333216e-05 | 1
 43, 37 |  -2.6709718983184883e-05 |  -2.6709718983184883e-05 | 1
 43, 38 |  -1.1939892844003899e-05 |  -1.1939892844003899e-05 | 1
 43, 39 |  -4.0301404958239853e-05 |  -4.0301404958239853e-05 | 1
 43, 40 |  -2.9041727532114742e-08 |  -2.9041727532114742e-08 | 1
 43, 41 |  -3.0386294708833919e-05 |  -3.0386294708833919e-05 | 1
 43, 42 |   1.4378080433763622e-06 |   1.4378080433763622e-06 | 1
 43, 43 |   2.4413305026210728e-04 |   2.4413305026210728e-04 | 1
 43, 44 |  -4.1985983241351028e-05 |  -4.1985983241351028e-05 | 1
 44,  1 |  -4.4103660680701143e-06 |  -4.4103660680701143e-06 | 1
 44,  2 |   1.4557346439751276e-05 |   1.4557346439751276e-05 | 1
 44,  3 |   6.6170531942284056e-05 |   6.6170531942284056e-05 | 1
 44,  4 |   1.0364221208480784e-04 |   1.0364221208480784e-04 | 1
 44,  5 |   7.1377735466340625e-05 |   7.1377735466340625e-05 | 1
 44,  6 |   1.9606439742611684e-04 |   1.9606439742611684e-04 | 1
 44,  7 |   5.1857315602564077e-05 |   5.1857315602564077e-05 | 1
 44,  8 |   1.3810833979624953e-04 |   1.3810833979624953e-04 | 1
 44,  9 |   8.1171678773299421e-05 |   8.1171678773299421e-05 | 1
 44, 10 |   5.7711485866105280e-05 |   5.7711485866105280e-05 | 1
 44, 11 |   9.9415675164099727e-05 |   9.9415675164099727e-05 | 1
 44, 12 |   6.7424691924178174e-05 |   6.7424691924178174e-05 | 1
 44, 13 |   8.9197127710707508e-05 |   8.9197127710707508e-05 | 1
 44, 14 |   4.9649561206556228e-05 |   4.9649561206556228e-05 | 1
 44, 15 |   6.5156285284737129e-05 |   6.5156285284737129e-05 | 1
 44, 16 |   1.1685590380686346e-04 |   1.1685590380686346e-04 | 1
 44, 17 |   6.1124844198930534e-05 |   6.1124844198930534e-05 | 1
 44, 18 |   9.9818104441692435e-05 |   9.9818104441692435e-05 | 1
 44, 19 |   4.3601162873586918e-04 |   4.3601162873586918e-04 | 1
 44, 20 |   1.0467905385145299e-04 |   1.0467905385145299e-04 | 1
 44, 21 |   2.1992729366026724e-05 |   2.1992729366026724e-05 | 1
 44, 22 |   5.5001163358381297e-05 |   5.5001163358381297e-05 | 1
 44, 23 |   4.8744467371672948e-06 |   4.8744467371672948e-06 | 1
 44, 24 |   1.1313920078242752e-04 |   1.1313920078242752e-04 | 1
 44, 25 |   1.2174724586391062e-04 |   1.2174724586391062e-04 | 1
 44, 26 |   1.3039376196886471e-04 |   1.3039376196886471e-04 | 1
 44, 27 |   6.6855249568324797e-05 |   6.6855249568324797e-05 | 1
 44, 28 |   1.0580640206241392e-04 |   1.0580640206241392e-04 | 1
 44, 29 |   1.0446998839137633e-04 |   1.0446998839137633e-04 | 1
 44, 30 |   9.6982008565036905e-05 |   9.6982008565036905e-05 | 1
 44, 31 |   1.1592269689498180e-04 |   1.1592269689498180e-04 | 1
 44, 32 |  -4.6563633352551936e-03 |  -4.6563633352551936e-03 | 1
 44, 33 |  -7.7143255791181797e-01 |  -7.7143255791181797e-01 | 1
 44, 34 |   1.2364745726663602e-04 |   1.2364745726663602e-04 | 1
 44, 35 |   4.1737176362756664e-06 |   4.1737176362756664e-06 | 1
 44, 36 |   7.6052371838341618e-06 |   7.6052371838341618e-06 | 1
 44, 37 |   1.2599619955106304e-05 |   1.2599619955106304e-05 | 1
 44, 38 |   3.8730616321416093e-05 |   3.8730616321416093e-05 | 1
 44, 39 |  -1.1234224960522349e-05 |  -1.1234224960522349e-05 | 1
 44, 40 |   5.1444395863996907e-09 |   5.1444395863996907e-09 | 1
 44, 41 |  -3.5836472014165622e-06 |  -3.5836472014165622e-06 | 1
 44, 42 |   4.3823971977898125e-08 |   4.3823971977898125e-08 | 1
 44, 43 |  -4.1985983241351028e-05 |  -4.1985983241351028e-05 | 1
 44, 44 |   4.7324611722367408e-03 |   4.7324611722367408e-03 | 1
