row,col | V_base                   | V_new                    | equal
  1,  1 |   3.0297622193236614e-04 |   3.0297622193236614e-04 | 1
  1,  2 |   4.4608062762273071e-05 |   4.4608062762273071e-05 | 1
  1,  3 |   4.0611862150119235e-05 |   4.0611862150119235e-05 | 1
  1,  4 |   4.3446377914758207e-05 |   4.3446377914758207e-05 | 1
  1,  5 |   7.1734906854212656e-05 |   7.1734906854212656e-05 | 1
  1,  6 |   3.9540131755735504e-05 |   3.9540131755735504e-05 | 1
  1,  7 |   4.3708120428920616e-05 |   4.3708120428920616e-05 | 1
  1,  8 |   3.3965767371301448e-05 |   3.3965767371301448e-05 | 1
  1,  9 |   4.8408700973997870e-05 |   4.8408700973997870e-05 | 1
  1, 10 |   3.6071330478703093e-05 |   3.6071330478703093e-05 | 1
  1, 11 |   8.5037535461063190e-05 |   8.5037535461063190e-05 | 1
  1, 12 |   2.6768407601440591e-05 |   2.6768407601440591e-05 | 1
  1, 13 |   4.7350924104168457e-05 |   4.7350924104168457e-05 | 1
  1, 14 |   5.3414586497675174e-05 |   5.3414586497675174e-05 | 1
  1, 15 |   1.0080808466542205e-04 |   1.0080808466542205e-04 | 1
  1, 16 |   3.0509641735260013e-05 |   3.0509641735260013e-05 | 1
  1, 17 |   6.1022332961723940e-05 |   6.1022332961723940e-05 | 1
  1, 18 |   5.7166495875013863e-05 |   5.7166495875013863e-05 | 1
  1, 19 |   4.4764597836638125e-05 |   4.4764597836638125e-05 | 1
  1, 20 |   6.5697332474138096e-05 |   6.5697332474138096e-05 | 1
  1, 21 |   7.2374607318661705e-05 |   7.2374607318661705e-05 | 1
  1, 22 |   4.7886180618385315e-05 |   4.7886180618385315e-05 | 1
  1, 23 |   5.4107897667632517e-05 |   5.4107897667632517e-05 | 1
  1, 24 |   5.6705979946290841e-05 |   5.6705979946290841e-05 | 1
  1, 25 |   4.6032014552150340e-05 |   4.6032014552150340e-05 | 1
  1, 26 |   6.9001641639237821e-05 |   6.9001641639237821e-05 | 1
  1, 27 |   5.2099506516719671e-05 |   5.2099506516719671e-05 | 1
  1, 28 |   5.8721056827206483e-05 |   5.8721056827206483e-05 | 1
  1, 29 |   5.5890998766044317e-05 |   5.5890998766044317e-05 | 1
  1, 30 |   5.6358214701588104e-05 |   5.6358214701588104e-05 | 1
  1, 31 |   5.3549955172271883e-05 |   5.3549955172271883e-05 | 1
  1, 32 |   1.3988567130596702e-05 |   1.3988567130596702e-05 | 1
  1, 33 |  -2.7010071155794226e-05 |  -2.7010071155794226e-05 | 1
  1, 34 |   5.0262158208655677e-05 |   5.0262158208655677e-05 | 1
  1, 35 |  -4.5745293840702119e-05 |  -4.5745293840702119e-05 | 1
  1, 36 |  -4.9375762535398486e-05 |  -4.9375762535398486e-05 | 1
  1, 37 |  -5.2321169790393350e-05 |  -5.2321169790393350e-05 | 1
  1, 38 |  -5.6189256941543508e-05 |  -5.6189256941543508e-05 | 1
  1, 39 |  -2.3234145607271874e-05 |  -2.3234145607271874e-05 | 1
  1, 40 |   6.1069934162026048e-05 |   6.1069934162026048e-05 | 1
  1, 41 |  -1.3529189202020156e-05 |  -1.3529189202020156e-05 | 1
  2,  1 |   4.4608062762273071e-05 |   4.4608062762273071e-05 | 1
  2,  2 |   1.2260014779657438e-03 |   1.2260014779657438e-03 | 1
  2,  3 |   3.5555556006113703e-05 |   3.5555556006113703e-05 | 1
  2,  4 |   4.0894568615418089e-05 |   4.0894568615418089e-05 | 1
  2,  5 |   5.7250414251620619e-05 |   5.7250414251620619e-05 | 1
  2,  6 |   3.2131181221368100e-05 |   3.2131181221368100e-05 | 1
  2,  7 |   3.8661446369565796e-05 |   3.8661446369565796e-05 | 1
  2,  8 |   3.1277277902013487e-05 |   3.1277277902013487e-05 | 1
  2,  9 |   4.1972886594905697e-05 |   4.1972886594905697e-05 | 1
  2, 10 |   3.7409976976467507e-05 |   3.7409976976467507e-05 | 1
  2, 11 |   6.8445861580625949e-05 |   6.8445861580625949e-05 | 1
  2, 12 |   2.4258970902270846e-05 |   2.4258970902270846e-05 | 1
  2, 13 |   4.8465362656684709e-05 |   4.8465362656684709e-05 | 1
  2, 14 |   5.3914160893880832e-05 |   5.3914160893880832e-05 | 1
  2, 15 |   1.3996686058229417e-04 |   1.3996686058229417e-04 | 1
  2, 16 |   2.9353879387437433e-05 |   2.9353879387437433e-05 | 1
  2, 17 |   5.4163485282136005e-05 |   5.4163485282136005e-05 | 1
  2, 18 |   5.2135978248920876e-05 |   5.2135978248920876e-05 | 1
  2, 19 |   4.8467551303598044e-05 |   4.8467551303598044e-05 | 1
  2, 20 |   6.0263619531851780e-05 |   6.0263619531851780e-05 | 1
  2, 21 |   5.7314213318870157e-05 |   5.7314213318870157e-05 | 1
  2, 22 |   4.0788080801390077e-05 |   4.0788080801390077e-05 | 1
  2, 23 |   4.4150069412015932e-05 |   4.4150069412015932e-05 | 1
  2, 24 |   5.1663981918496473e-05 |   5.1663981918496473e-05 | 1
  2, 25 |   4.1271409217177226e-05 |   4.1271409217177226e-05 | 1
  2, 26 |   6.3011170660586327e-05 |   6.3011170660586327e-05 | 1
  2, 27 |   2.5239659877020410e-05 |   2.5239659877020410e-05 | 1
  2, 28 |   5.1764455486326974e-05 |   5.1764455486326974e-05 | 1
  2, 29 |   5.2016522203485855e-05 |   5.2016522203485855e-05 | 1
  2, 30 |   4.9164686951392938e-05 |   4.9164686951392938e-05 | 1
  2, 31 |   4.1764869076831769e-05 |   4.1764869076831769e-05 | 1
  2, 32 |  -3.6391994375369128e-04 |  -3.6391994375369128e-04 | 1
  2, 33 |   6.0332124650404051e-06 |   6.0332124650404051e-06 | 1
  2, 34 |   4.1268934774761054e-05 |   4.1268934774761054e-05 | 1
  2, 35 |  -4.2605044700702154e-05 |  -4.2605044700702154e-05 | 1
  2, 36 |  -4.6065566435854398e-05 |  -4.6065566435854398e-05 | 1
  2, 37 |  -4.7510786635092254e-05 |  -4.7510786635092254e-05 | 1
  2, 38 |  -4.5781645209650113e-05 |  -4.5781645209650113e-05 | 1
  2, 39 |  -1.9786150168329354e-05 |  -1.9786150168329354e-05 | 1
  2, 40 |   5.4295489486153773e-05 |   5.4295489486153773e-05 | 1
  2, 41 |   3.6370666029074449e-04 |   3.6370666029074449e-04 | 1
  3,  1 |   4.0611862150119235e-05 |   4.0611862150119235e-05 | 1
  3,  2 |   3.5555556006113703e-05 |   3.5555556006113703e-05 | 1
  3,  3 |   1.1711572764073428e-02 |   1.1711572764073428e-02 | 1
  3,  4 |   3.4360568449857298e-05 |   3.4360568449857298e-05 | 1
  3,  5 |   6.5119245726678898e-05 |   6.5119245726678898e-05 | 1
  3,  6 |   3.3121009319210209e-05 |   3.3121009319210209e-05 | 1
  3,  7 |   3.6166615523045259e-05 |   3.6166615523045259e-05 | 1
  3,  8 |   2.5870238163774002e-05 |   2.5870238163774002e-05 | 1
  3,  9 |   3.8009135374010824e-05 |   3.8009135374010824e-05 | 1
  3, 10 |   2.5826883291517094e-05 |   2.5826883291517094e-05 | 1
  3, 11 |   5.3381674957443854e-05 |   5.3381674957443854e-05 | 1
  3, 12 |   1.7283738872045995e-05 |   1.7283738872045995e-05 | 1
  3, 13 |   3.8411267658038449e-05 |   3.8411267658038449e-05 | 1
  3, 14 |   4.3764057236426871e-05 |   4.3764057236426871e-05 | 1
  3, 15 |   5.3523695752441888e-05 |   5.3523695752441888e-05 | 1
  3, 16 |   2.2109254859796727e-05 |   2.2109254859796727e-05 | 1
  3, 17 |   4.9052439833914079e-05 |   4.9052439833914079e-05 | 1
  3, 18 |   4.4347106312963730e-05 |   4.4347106312963730e-05 | 1
  3, 19 |   3.4135508113387490e-05 |   3.4135508113387490e-05 | 1
  3, 20 |   5.6209469493676443e-05 |   5.6209469493676443e-05 | 1
  3, 21 |   5.9353482707274894e-05 |   5.9353482707274894e-05 | 1
  3, 22 |   3.2845751337050899e-05 |   3.2845751337050899e-05 | 1
  3, 23 |   4.3717707675442885e-05 |   4.3717707675442885e-05 | 1
  3, 24 |   4.3867054969515456e-05 |   4.3867054969515456e-05 | 1
  3, 25 |   3.5136010901974077e-05 |   3.5136010901974077e-05 | 1
  3, 26 |   5.3581883346131357e-05 |   5.3581883346131357e-05 | 1
  3, 27 |   2.4492548365988734e-05 |   2.4492548365988734e-05 | 1
  3, 28 |   4.3140684787209410e-05 |   4.3140684787209410e-05 | 1
  3, 29 |   4.2554008993981733e-05 |   4.2554008993981733e-05 | 1
  3, 30 |   3.9596524637295370e-05 |   3.9596524637295370e-05 | 1
  3, 31 |   3.8656720353228616e-05 |   3.8656720353228616e-05 | 1
  3, 32 |   1.3469136764010677e-05 |   1.3469136764010677e-05 | 1
  3, 33 |  -1.0099150889546598e-05 |  -1.0099150889546598e-05 | 1
  3, 34 |   2.9974372334150238e-05 |   2.9974372334150238e-05 | 1
  3, 35 |  -4.0327692354163803e-05 |  -4.0327692354163803e-05 | 1
  3, 36 |  -4.2355124245274249e-05 |  -4.2355124245274249e-05 | 1
  3, 37 |  -4.2191079922541136e-05 |  -4.2191079922541136e-05 | 1
  3, 38 |  -4.8914667177683712e-05 |  -4.8914667177683712e-05 | 1
  3, 39 |  -1.4739807146290247e-05 |  -1.4739807146290247e-05 | 1
  3, 40 |   4.9128718437825468e-05 |   4.9128718437825468e-05 | 1
  3, 41 |  -1.3091844886290247e-05 |  -1.3091844886290247e-05 | 1
  4,  1 |   4.3446377914758207e-05 |   4.3446377914758207e-05 | 1
  4,  2 |   4.0894568615418089e-05 |   4.0894568615418089e-05 | 1
  4,  3 |   3.4360568449857298e-05 |   3.4360568449857298e-05 | 1
  4,  4 |   1.8207213149801363e-03 |   1.8207213149801363e-03 | 1
  4,  5 |   3.8092760404521448e-05 |   3.8092760404521448e-05 | 1
  4,  6 |   1.8255009478143761e-05 |   1.8255009478143761e-05 | 1
  4,  7 |   4.8797328574866351e-05 |   4.8797328574866351e-05 | 1
  4,  8 |   3.9128770282954421e-05 |   3.9128770282954421e-05 | 1
  4,  9 |   3.8518614483183459e-05 |   3.8518614483183459e-05 | 1
  4, 10 |   7.8808598831284644e-05 |   7.8808598831284644e-05 | 1
  4, 11 |   2.5570021788078707e-05 |   2.5570021788078707e-05 | 1
  4, 12 |   2.6737458954047531e-05 |   2.6737458954047531e-05 | 1
  4, 13 |   7.8492934854752035e-05 |   7.8492934854752035e-05 | 1
  4, 14 |   7.9717320064561073e-05 |   7.9717320064561073e-05 | 1
  4, 15 |   2.7412766036423258e-04 |   2.7412766036423258e-04 | 1
  4, 16 |   4.3268752163021571e-05 |   4.3268752163021571e-05 | 1
  4, 17 |   5.4338711593136839e-05 |   5.4338711593136839e-05 | 1
  4, 18 |   4.2945813968318586e-05 |   4.2945813968318586e-05 | 1
  4, 19 |   8.1551047539509241e-05 |   8.1551047539509241e-05 | 1
  4, 20 |   6.4004203877311727e-05 |   6.4004203877311727e-05 | 1
  4, 21 |   2.8437295745726817e-05 |   2.8437295745726817e-05 | 1
  4, 22 |   3.2468312052071196e-05 |   3.2468312052071196e-05 | 1
  4, 23 |   3.4710043717757629e-05 |   3.4710043717757629e-05 | 1
  4, 24 |   5.6727782003966438e-05 |   5.6727782003966438e-05 | 1
  4, 25 |   4.5176291999768294e-05 |   4.5176291999768294e-05 | 1
  4, 26 |   5.2044500489685013e-05 |   5.2044500489685013e-05 | 1
  4, 27 |  -8.6931258396121962e-05 |  -8.6931258396121962e-05 | 1
  4, 28 |   4.5033492122259746e-05 |   4.5033492122259746e-05 | 1
  4, 29 |   6.3127857857119576e-05 |   6.3127857857119576e-05 | 1
  4, 30 |   3.9263565452546921e-05 |   3.9263565452546921e-05 | 1
  4, 31 |   2.7723047107604227e-05 |   2.7723047107604227e-05 | 1
  4, 32 |  -4.6159798154006141e-05 |  -4.6159798154006141e-05 | 1
  4, 33 |   1.5305847515036840e-04 |   1.5305847515036840e-04 | 1
  4, 34 |   2.1867155367046369e-05 |   2.1867155367046369e-05 | 1
  4, 35 |  -4.1292196191041261e-05 |  -4.1292196191041261e-05 | 1
  4, 36 |  -4.2532455939610630e-05 |  -4.2532455939610630e-05 | 1
  4, 37 |  -4.0510668290881432e-05 |  -4.0510668290881432e-05 | 1
  4, 38 |  -4.1299791888434762e-05 |  -4.1299791888434762e-05 | 1
  4, 39 |  -2.4077062012160225e-05 |  -2.4077062012160225e-05 | 1
  4, 40 |   5.2097551198489317e-05 |   5.2097551198489317e-05 | 1
  4, 41 |   4.5859305497900539e-05 |   4.5859305497900539e-05 | 1
  5,  1 |   7.1734906854212656e-05 |   7.1734906854212656e-05 | 1
  5,  2 |   5.7250414251620619e-05 |   5.7250414251620619e-05 | 1
  5,  3 |   6.5119245726678898e-05 |   6.5119245726678898e-05 | 1
  5,  4 |   3.8092760404521448e-05 |   3.8092760404521448e-05 | 1
  5,  5 |   2.3820543201516629e-02 |   2.3820543201516629e-02 | 1
  5,  6 |   9.2138690485108344e-05 |   9.2138690485108344e-05 | 1
  5,  7 |   2.7956081473306615e-05 |   2.7956081473306615e-05 | 1
  5,  8 |   2.6338482453030669e-05 |   2.6338482453030669e-05 | 1
  5,  9 |   7.4011460008668113e-05 |   7.4011460008668113e-05 | 1
  5, 10 |  -8.4871607558869298e-05 |  -8.4871607558869298e-05 | 1
  5, 11 |  -1.3976606045495760e-04 |  -1.3976606045495760e-04 | 1
  5, 12 |  -1.3142896659750464e-05 |  -1.3142896659750464e-05 | 1
  5, 13 |   3.8698384438078005e-05 |   3.8698384438078005e-05 | 1
  5, 14 |   3.4132277728311219e-05 |   3.4132277728311219e-05 | 1
  5, 15 |  -7.7457534915958016e-04 |  -7.7457534915958016e-04 | 1
  5, 16 |  -2.1866548607517708e-05 |  -2.1866548607517708e-05 | 1
  5, 17 |   7.8232395448683963e-05 |   7.8232395448683963e-05 | 1
  5, 18 |   1.0584227199664284e-04 |   1.0584227199664284e-04 | 1
  5, 19 |  -1.7582581370562147e-05 |  -1.7582581370562147e-05 | 1
  5, 20 |   5.8686419964297496e-05 |   5.8686419964297496e-05 | 1
  5, 21 |   1.6159022895307918e-04 |   1.6159022895307918e-04 | 1
  5, 22 |   1.1554714891406264e-05 |   1.1554714891406264e-05 | 1
  5, 23 |   1.2455278370901706e-04 |   1.2455278370901706e-04 | 1
  5, 24 |   7.4322712277119404e-06 |   7.4322712277119404e-06 | 1
  5, 25 |   2.5231977320328198e-05 |   2.5231977320328198e-05 | 1
  5, 26 |   1.1053624720556263e-04 |   1.1053624720556263e-04 | 1
  5, 27 |  -2.5187205840206421e-04 |  -2.5187205840206421e-04 | 1
  5, 28 |  -1.0341267023531858e-05 |  -1.0341267023531858e-05 | 1
  5, 29 |   3.0205498251078050e-05 |   3.0205498251078050e-05 | 1
  5, 30 |   1.9811729578024893e-05 |   1.9811729578024893e-05 | 1
  5, 31 |  -2.1683915560368889e-05 |  -2.1683915560368889e-05 | 1
  5, 32 |   1.4568849919405555e-04 |   1.4568849919405555e-04 | 1
  5, 33 |   8.2072976765598264e-05 |   8.2072976765598264e-05 | 1
  5, 34 |  -1.7919589680665018e-04 |  -1.7919589680665018e-04 | 1
  5, 35 |  -6.0030814925934032e-05 |  -6.0030814925934032e-05 | 1
  5, 36 |  -4.5971987809989036e-05 |  -4.5971987809989036e-05 | 1
  5, 37 |  -7.0336462643009106e-05 |  -7.0336462643009106e-05 | 1
  5, 38 |  -7.6911844524308161e-05 |  -7.6911844524308161e-05 | 1
  5, 39 |  -4.4872031101071005e-05 |  -4.4872031101071005e-05 | 1
  5, 40 |   8.3444293103348026e-05 |   8.3444293103348026e-05 | 1
  5, 41 |  -1.4328703435265294e-04 |  -1.4328703435265294e-04 | 1
  6,  1 |   3.9540131755735504e-05 |   3.9540131755735504e-05 | 1
  6,  2 |   3.2131181221368100e-05 |   3.2131181221368100e-05 | 1
  6,  3 |   3.3121009319210209e-05 |   3.3121009319210209e-05 | 1
  6,  4 |   1.8255009478143761e-05 |   1.8255009478143761e-05 | 1
  6,  5 |   9.2138690485108344e-05 |   9.2138690485108344e-05 | 1
  6,  6 |   2.0235978332379334e-02 |   2.0235978332379334e-02 | 1
  6,  7 |   1.5241010377797724e-05 |   1.5241010377797724e-05 | 1
  6,  8 |   1.6104786144171401e-05 |   1.6104786144171401e-05 | 1
  6,  9 |   4.0919692796853535e-05 |   4.0919692796853535e-05 | 1
  6, 10 |  -3.7533279003845195e-05 |  -3.7533279003845195e-05 | 1
  6, 11 |   1.8089114992904002e-04 |   1.8089114992904002e-04 | 1
  6, 12 |   1.5257686040833754e-05 |   1.5257686040833754e-05 | 1
  6, 13 |  -2.4145826065719782e-05 |  -2.4145826065719782e-05 | 1
  6, 14 |  -1.0566408127031987e-05 |  -1.0566408127031987e-05 | 1
  6, 15 |  -1.3321639708701284e-04 |  -1.3321639708701284e-04 | 1
  6, 16 |   3.3281281937171176e-06 |   3.3281281937171176e-06 | 1
  6, 17 |   4.2989333399992243e-05 |   4.2989333399992243e-05 | 1
  6, 18 |   5.2420444882156643e-05 |   5.2420444882156643e-05 | 1
  6, 19 |  -2.2741492755425559e-05 |  -2.2741492755425559e-05 | 1
  6, 20 |   4.2183312369937824e-05 |   4.2183312369937824e-05 | 1
  6, 21 |   1.0111251529552743e-04 |   1.0111251529552743e-04 | 1
  6, 22 |   6.5666324586767272e-05 |   6.5666324586767272e-05 | 1
  6, 23 |   6.2561786789590117e-05 |   6.2561786789590117e-05 | 1
  6, 24 |   4.3089740084032395e-05 |   4.3089740084032395e-05 | 1
  6, 25 |   2.6488252075515126e-05 |   2.6488252075515126e-05 | 1
  6, 26 |   6.4434114229917531e-05 |   6.4434114229917531e-05 | 1
  6, 27 |   2.8676762358311521e-04 |   2.8676762358311521e-04 | 1
  6, 28 |   5.8850416351948931e-05 |   5.8850416351948931e-05 | 1
  6, 29 |   2.0468064380260672e-05 |   2.0468064380260672e-05 | 1
  6, 30 |   6.6577901379056488e-05 |   6.6577901379056488e-05 | 1
  6, 31 |   7.4505357772312311e-05 |   7.4505357772312311e-05 | 1
  6, 32 |   9.5597505913631652e-05 |   9.5597505913631652e-05 | 1
  6, 33 |  -3.2293242425327027e-04 |  -3.2293242425327027e-04 | 1
  6, 34 |   9.7158204067839145e-05 |   9.7158204067839145e-05 | 1
  6, 35 |  -4.0259062683844669e-05 |  -4.0259062683844669e-05 | 1
  6, 36 |  -3.1090451531849063e-05 |  -3.1090451531849063e-05 | 1
  6, 37 |  -4.3923240135635368e-05 |  -4.3923240135635368e-05 | 1
  6, 38 |  -4.4243768637432961e-05 |  -4.4243768637432961e-05 | 1
  6, 39 |  -1.7970152841349842e-05 |  -1.7970152841349842e-05 | 1
  6, 40 |   4.7549479995589474e-05 |   4.7549479995589474e-05 | 1
  6, 41 |  -9.5405446222258307e-05 |  -9.5405446222258307e-05 | 1
  7,  1 |   4.3708120428920616e-05 |   4.3708120428920616e-05 | 1
  7,  2 |   3.8661446369565796e-05 |   3.8661446369565796e-05 | 1
  7,  3 |   3.6166615523045259e-05 |   3.6166615523045259e-05 | 1
  7,  4 |   4.8797328574866351e-05 |   4.8797328574866351e-05 | 1
  7,  5 |   2.7956081473306615e-05 |   2.7956081473306615e-05 | 1
  7,  6 |   1.5241010377797724e-05 |   1.5241010377797724e-05 | 1
  7,  7 |   2.3326507473663067e-02 |   2.3326507473663067e-02 | 1
  7,  8 |   4.0923199200454513e-05 |   4.0923199200454513e-05 | 1
  7,  9 |   4.0648202932763917e-05 |   4.0648202932763917e-05 | 1
  7, 10 |   8.6654535455406225e-05 |   8.6654535455406225e-05 | 1
  7, 11 |   9.8834846696049030e-05 |   9.8834846696049030e-05 | 1
  7, 12 |   3.6494446223832536e-05 |   3.6494446223832536e-05 | 1
  7, 13 |   6.9723439631839095e-05 |   6.9723439631839095e-05 | 1
  7, 14 |   7.3494635763384793e-05 |   7.3494635763384793e-05 | 1
  7, 15 |   3.2682619825369423e-04 |   3.2682619825369423e-04 | 1
  7, 16 |   5.3337331851030306e-05 |   5.3337331851030306e-05 | 1
  7, 17 |   5.3997035901777873e-05 |   5.3997035901777873e-05 | 1
  7, 18 |   3.4409742278382737e-05 |   3.4409742278382737e-05 | 1
  7, 19 |   7.9081151348414321e-05 |   7.9081151348414321e-05 | 1
  7, 20 |   6.1702307857112104e-05 |   6.1702307857112104e-05 | 1
  7, 21 |   2.6594782227873871e-05 |   2.6594782227873871e-05 | 1
  7, 22 |   5.0690945565096685e-05 |   5.0690945565096685e-05 | 1
  7, 23 |   3.2505412092839468e-05 |   3.2505412092839468e-05 | 1
  7, 24 |   6.6442873332126260e-05 |   6.6442873332126260e-05 | 1
  7, 25 |   4.9380111150079434e-05 |   4.9380111150079434e-05 | 1
  7, 26 |   5.0999418284758071e-05 |   5.0999418284758071e-05 | 1
  7, 27 |   2.5263583474304149e-05 |   2.5263583474304149e-05 | 1
  7, 28 |   6.5198641129884108e-05 |   6.5198641129884108e-05 | 1
  7, 29 |   6.7120426842296759e-05 |   6.7120426842296759e-05 | 1
  7, 30 |   5.5096995864047817e-05 |   5.5096995864047817e-05 | 1
  7, 31 |   5.6055349759368052e-05 |   5.6055349759368052e-05 | 1
  7, 32 |  -4.5165258200782388e-05 |  -4.5165258200782388e-05 | 1
  7, 33 |   5.7743979683980376e-05 |   5.7743979683980376e-05 | 1
  7, 34 |   7.8875342888548290e-05 |   7.8875342888548290e-05 | 1
  7, 35 |  -2.7061109650254544e-05 |  -2.7061109650254544e-05 | 1
  7, 36 |  -3.6061968621643776e-05 |  -3.6061968621643776e-05 | 1
  7, 37 |  -3.2456852050987351e-05 |  -3.2456852050987351e-05 | 1
  7, 38 |  -4.1650607718038215e-05 |  -4.1650607718038215e-05 | 1
  7, 39 |  -3.5835322435344766e-05 |  -3.5835322435344766e-05 | 1
  7, 40 |   5.1571410822008422e-05 |   5.1571410822008422e-05 | 1
  7, 41 |   4.5978912742098624e-05 |   4.5978912742098624e-05 | 1
  8,  1 |   3.3965767371301448e-05 |   3.3965767371301448e-05 | 1
  8,  2 |   3.1277277902013487e-05 |   3.1277277902013487e-05 | 1
  8,  3 |   2.5870238163774002e-05 |   2.5870238163774002e-05 | 1
  8,  4 |   3.9128770282954421e-05 |   3.9128770282954421e-05 | 1
  8,  5 |   2.6338482453030669e-05 |   2.6338482453030669e-05 | 1
  8,  6 |   1.6104786144171401e-05 |   1.6104786144171401e-05 | 1
  8,  7 |   4.0923199200454513e-05 |   4.0923199200454513e-05 | 1
  8,  8 |   2.3140560587885935e-03 |   2.3140560587885935e-03 | 1
  8,  9 |   3.0189519927774345e-05 |   3.0189519927774345e-05 | 1
  8, 10 |   7.5632792703176900e-05 |   7.5632792703176900e-05 | 1
  8, 11 |   9.3016020558011516e-05 |   9.3016020558011516e-05 | 1
  8, 12 |   2.6108133282056624e-05 |   2.6108133282056624e-05 | 1
  8, 13 |   5.3001082865641367e-05 |   5.3001082865641367e-05 | 1
  8, 14 |   5.9136487399923099e-05 |   5.9136487399923099e-05 | 1
  8, 15 |   3.0135504374430002e-04 |   3.0135504374430002e-04 | 1
  8, 16 |   4.3245779407969544e-05 |   4.3245779407969544e-05 | 1
  8, 17 |   4.2077203296815956e-05 |   4.2077203296815956e-05 | 1
  8, 18 |   2.5892006257677897e-05 |   2.5892006257677897e-05 | 1
  8, 19 |   6.3918282073057478e-05 |   6.3918282073057478e-05 | 1
  8, 20 |   5.2530041617209028e-05 |   5.2530041617209028e-05 | 1
  8, 21 |   2.4680889979980074e-05 |   2.4680889979980074e-05 | 1
  8, 22 |   4.4643761878118021e-05 |   4.4643761878118021e-05 | 1
  8, 23 |   2.8938261025404646e-05 |   2.8938261025404646e-05 | 1
  8, 24 |   5.8861522921053868e-05 |   5.8861522921053868e-05 | 1
  8, 25 |   3.9073573934281607e-05 |   3.9073573934281607e-05 | 1
  8, 26 |   3.5960133714198284e-05 |   3.5960133714198284e-05 | 1
  8, 27 |   4.0001775564863225e-05 |   4.0001775564863225e-05 | 1
  8, 28 |   5.0433199484535718e-05 |   5.0433199484535718e-05 | 1
  8, 29 |   5.1860134742484079e-05 |   5.1860134742484079e-05 | 1
  8, 30 |   4.5915859149003456e-05 |   4.5915859149003456e-05 | 1
  8, 31 |   4.5711488047146109e-05 |   4.5711488047146109e-05 | 1
  8, 32 |  -3.9503897549578935e-05 |  -3.9503897549578935e-05 | 1
  8, 33 |   3.6809567320951345e-05 |   3.6809567320951345e-05 | 1
  8, 34 |   7.1753751372438066e-05 |   7.1753751372438066e-05 | 1
  8, 35 |  -3.1818517362256998e-05 |  -3.1818517362256998e-05 | 1
  8, 36 |  -2.6223924131300184e-05 |  -2.6223924131300184e-05 | 1
  8, 37 |  -2.8446218835326384e-05 |  -2.8446218835326384e-05 | 1
  8, 38 |  -3.1407404583594497e-05 |  -3.1407404583594497e-05 | 1
  8, 39 |  -2.3764787030740460e-05 |  -2.3764787030740460e-05 | 1
  8, 40 |   4.0079239097679800e-05 |   4.0079239097679800e-05 | 1
  8, 41 |   3.9442864596123157e-05 |   3.9442864596123157e-05 | 1
  9,  1 |   4.8408700973997870e-05 |   4.8408700973997870e-05 | 1
  9,  2 |   4.1972886594905697e-05 |   4.1972886594905697e-05 | 1
  9,  3 |   3.8009135374010824e-05 |   3.8009135374010824e-05 | 1
  9,  4 |   3.8518614483183459e-05 |   3.8518614483183459e-05 | 1
  9,  5 |   7.4011460008668113e-05 |   7.4011460008668113e-05 | 1
  9,  6 |   4.0919692796853535e-05 |   4.0919692796853535e-05 | 1
  9,  7 |   4.0648202932763917e-05 |   4.0648202932763917e-05 | 1
  9,  8 |   3.0189519927774345e-05 |   3.0189519927774345e-05 | 1
  9,  9 |   9.4014458201874210e-03 |   9.4014458201874210e-03 | 1
  9, 10 |   2.0656899747404260e-05 |   2.0656899747404260e-05 | 1
  9, 11 |   9.9832955951033436e-05 |   9.9832955951033436e-05 | 1
  9, 12 |   2.4956411937644277e-05 |   2.4956411937644277e-05 | 1
  9, 13 |   3.6061838488060464e-05 |   3.6061838488060464e-05 | 1
  9, 14 |   4.5846566699736150e-05 |   4.5846566699736150e-05 | 1
  9, 15 |   4.9088764995672225e-05 |   4.9088764995672225e-05 | 1
  9, 16 |   2.8498257835083844e-05 |   2.8498257835083844e-05 | 1
  9, 17 |   5.8333161530099591e-05 |   5.8333161530099591e-05 | 1
  9, 18 |   5.4934336350860032e-05 |   5.4934336350860032e-05 | 1
  9, 19 |   3.3042055705511160e-05 |   3.3042055705511160e-05 | 1
  9, 20 |   5.8591263876245624e-05 |   5.8591263876245624e-05 | 1
  9, 21 |   7.4546086061462387e-05 |   7.4546086061462387e-05 | 1
  9, 22 |   4.8410525462583634e-05 |   4.8410525462583634e-05 | 1
  9, 23 |   4.8899390118512826e-05 |   4.8899390118512826e-05 | 1
  9, 24 |   5.0820776073176282e-05 |   5.0820776073176282e-05 | 1
  9, 25 |   4.2903429390995422e-05 |   4.2903429390995422e-05 | 1
  9, 26 |   6.7778394386257132e-05 |   6.7778394386257132e-05 | 1
  9, 27 |   8.4490594249453938e-05 |   8.4490594249453938e-05 | 1
  9, 28 |   5.9741536458519516e-05 |   5.9741536458519516e-05 | 1
  9, 29 |   5.1405462554159966e-05 |   5.1405462554159966e-05 | 1
  9, 30 |   5.9465061429073377e-05 |   5.9465061429073377e-05 | 1
  9, 31 |   5.7670520936408914e-05 |   5.7670520936408914e-05 | 1
  9, 32 |   2.7333767009350284e-05 |   2.7333767009350284e-05 | 1
  9, 33 |  -7.1179424808740990e-05 |  -7.1179424808740990e-05 | 1
  9, 34 |   5.5465428142385292e-05 |   5.5465428142385292e-05 | 1
  9, 35 |  -3.5073780309215525e-05 |  -3.5073780309215525e-05 | 1
  9, 36 |  -4.3235605375888743e-05 |  -4.3235605375888743e-05 | 1
  9, 37 |  -5.0678927790934064e-05 |  -5.0678927790934064e-05 | 1
  9, 38 |  -4.9620559282915908e-05 |  -4.9620559282915908e-05 | 1
  9, 39 |  -2.8821131468164155e-05 |  -2.8821131468164155e-05 | 1
  9, 40 |   5.8818738542085471e-05 |   5.8818738542085471e-05 | 1
  9, 41 |  -2.6594391027659488e-05 |  -2.6594391027659488e-05 | 1
 10,  1 |   3.6071330478703093e-05 |   3.6071330478703093e-05 | 1
 10,  2 |   3.7409976976467507e-05 |   3.7409976976467507e-05 | 1
 10,  3 |   2.5826883291517094e-05 |   2.5826883291517094e-05 | 1
 10,  4 |   7.8808598831284644e-05 |   7.8808598831284644e-05 | 1
 10,  5 |  -8.4871607558869298e-05 |  -8.4871607558869298e-05 | 1
 10,  6 |  -3.7533279003845195e-05 |  -3.7533279003845195e-05 | 1
 10,  7 |   8.6654535455406225e-05 |   8.6654535455406225e-05 | 1
 10,  8 |   7.5632792703176900e-05 |   7.5632792703176900e-05 | 1
 10,  9 |   2.0656899747404260e-05 |   2.0656899747404260e-05 | 1
 10, 10 |   2.4393459242127935e-02 |   2.4393459242127935e-02 | 1
 10, 11 |   1.5898842782384294e-04 |   1.5898842782384294e-04 | 1
 10, 12 |   7.4373579064652566e-05 |   7.4373579064652566e-05 | 1
 10, 13 |   1.6585707646730690e-04 |   1.6585707646730690e-04 | 1
 10, 14 |   1.5905890212389198e-04 |   1.5905890212389198e-04 | 1
 10, 15 |   1.2715381129725684e-03 |   1.2715381129725684e-03 | 1
 10, 16 |   1.2524392526382019e-04 |   1.2524392526382019e-04 | 1
 10, 17 |   5.3516302035258139e-05 |   5.3516302035258139e-05 | 1
 10, 18 |  -9.5420645293202395e-06 |  -9.5420645293202395e-06 | 1
 10, 19 |   2.1643791425181541e-04 |   2.1643791425181541e-04 | 1
 10, 20 |   8.2655954733453578e-05 |   8.2655954733453578e-05 | 1
 10, 21 |  -7.8313557476115449e-05 |  -7.8313557476115449e-05 | 1
 10, 22 |   6.6913606498395466e-05 |   6.6913606498395466e-05 | 1
 10, 23 |  -1.8020786810842953e-05 |  -1.8020786810842953e-05 | 1
 10, 24 |   1.2985074921711477e-04 |   1.2985074921711477e-04 | 1
 10, 25 |   8.1824199286577022e-05 |   8.1824199286577022e-05 | 1
 10, 26 |   9.7514271171184393e-06 |   9.7514271171184393e-06 | 1
 10, 27 |  -4.1583733450972609e-05 |  -4.1583733450972609e-05 | 1
 10, 28 |   9.3576440351892320e-05 |   9.3576440351892320e-05 | 1
 10, 29 |   1.2509725165324321e-04 |   1.2509725165324321e-04 | 1
 10, 30 |   6.9108035797507905e-05 |   6.9108035797507905e-05 | 1
 10, 31 |   7.7287784866126701e-05 |   7.7287784866126701e-05 | 1
 10, 32 |  -2.5331045357613149e-04 |  -2.5331045357613149e-04 | 1
 10, 33 |   3.5844659362289406e-04 |   3.5844659362289406e-04 | 1
 10, 34 |   1.9047481525441009e-04 |   1.9047481525441009e-04 | 1
 10, 35 |  -3.2335480684045425e-05 |  -3.2335480684045425e-05 | 1
 10, 36 |  -2.1251815279250560e-05 |  -2.1251815279250560e-05 | 1
 10, 37 |  -2.2733982361345563e-05 |  -2.2733982361345563e-05 | 1
 10, 38 |  -3.7056416108310940e-05 |  -3.7056416108310940e-05 | 1
 10, 39 |  -2.9974356077101013e-05 |  -2.9974356077101013e-05 | 1
 10, 40 |   4.1766563745165573e-05 |   4.1766563745165573e-05 | 1
 10, 41 |   2.5401819375450903e-04 |   2.5401819375450903e-04 | 1
 11,  1 |   8.5037535461063190e-05 |   8.5037535461063190e-05 | 1
 11,  2 |   6.8445861580625949e-05 |   6.8445861580625949e-05 | 1
 11,  3 |   5.3381674957443854e-05 |   5.3381674957443854e-05 | 1
 11,  4 |   2.5570021788078707e-05 |   2.5570021788078707e-05 | 1
 11,  5 |  -1.3976606045495760e-04 |  -1.3976606045495760e-04 | 1
 11,  6 |   1.8089114992904002e-04 |   1.8089114992904002e-04 | 1
 11,  7 |   9.8834846696049030e-05 |   9.8834846696049030e-05 | 1
 11,  8 |   9.3016020558011516e-05 |   9.3016020558011516e-05 | 1
 11,  9 |   9.9832955951033436e-05 |   9.9832955951033436e-05 | 1
 11, 10 |   1.5898842782384294e-04 |   1.5898842782384294e-04 | 1
 11, 11 |   2.9831061899447111e-03 |   2.9831061899447111e-03 | 1
 11, 12 |   2.9834685198955183e-04 |   2.9834685198955183e-04 | 1
 11, 13 |  -4.9273748033209412e-04 |  -4.9273748033209412e-04 | 1
 11, 14 |  -2.9693966960468645e-04 |  -2.9693966960468645e-04 | 1
 11, 15 |   2.6392102668661606e-03 |   2.6392102668661606e-03 | 1
 11, 16 |   2.1942696156551194e-04 |   2.1942696156551194e-04 | 1
 11, 17 |   9.3865480881465422e-05 |   9.3865480881465422e-05 | 1
 11, 18 |   4.9444624484382955e-06 |   4.9444624484382955e-06 | 1
 11, 19 |  -2.2841758141474598e-04 |  -2.2841758141474598e-04 | 1
 11, 20 |   1.6736824810420365e-04 |   1.6736824810420365e-04 | 1
 11, 21 |   3.6959826780237799e-04 |   3.6959826780237799e-04 | 1
 11, 22 |   7.6853863683942411e-04 |   7.6853863683942411e-04 | 1
 11, 23 |   1.1706462046701330e-04 |   1.1706462046701330e-04 | 1
 11, 24 |   5.0129343153024252e-04 |   5.0129343153024252e-04 | 1
 11, 25 |   2.1223806927103765e-04 |   2.1223806927103765e-04 | 1
 11, 26 |   8.4761917335645498e-05 |   8.4761917335645498e-05 | 1
 11, 27 |   4.8435131143492478e-03 |   4.8435131143492478e-03 | 1
 11, 28 |   7.8637063092682033e-04 |   7.8637063092682033e-04 | 1
 11, 29 |   8.8145047946820780e-05 |   8.8145047946820780e-05 | 1
 11, 30 |   6.9967869024471795e-04 |   6.9967869024471795e-04 | 1
 11, 31 |   1.0738212526113032e-03 |   1.0738212526113032e-03 | 1
 11, 32 |   2.8936207520578977e-04 |   2.8936207520578977e-04 | 1
 11, 33 |  -4.2356796599149725e-03 |  -4.2356796599149725e-03 | 1
 11, 34 |   2.1905240627601323e-03 |   2.1905240627601323e-03 | 1
 11, 35 |  -7.9656000439060840e-05 |  -7.9656000439060840e-05 | 1
 11, 36 |  -7.0850128385100281e-05 |  -7.0850128385100281e-05 | 1
 11, 37 |  -7.5737649466541362e-05 |  -7.5737649466541362e-05 | 1
 11, 38 |  -7.2588711292686294e-05 |  -7.2588711292686294e-05 | 1
 11, 39 |  -5.7805176365689136e-05 |  -5.7805176365689136e-05 | 1
 11, 40 |   1.0138302177531319e-04 |   1.0138302177531319e-04 | 1
 11, 41 |  -2.8989434617354395e-04 |  -2.8989434617354395e-04 | 1
 12,  1 |   2.6768407601440591e-05 |   2.6768407601440591e-05 | 1
 12,  2 |   2.4258970902270846e-05 |   2.4258970902270846e-05 | 1
 12,  3 |   1.7283738872045995e-05 |   1.7283738872045995e-05 | 1
 12,  4 |   2.6737458954047531e-05 |   2.6737458954047531e-05 | 1
 12,  5 |  -1.3142896659750464e-05 |  -1.3142896659750464e-05 | 1
 12,  6 |   1.5257686040833754e-05 |   1.5257686040833754e-05 | 1
 12,  7 |   3.6494446223832536e-05 |   3.6494446223832536e-05 | 1
 12,  8 |   2.6108133282056624e-05 |   2.6108133282056624e-05 | 1
 12,  9 |   2.4956411937644277e-05 |   2.4956411937644277e-05 | 1
 12, 10 |   7.4373579064652566e-05 |   7.4373579064652566e-05 | 1
 12, 11 |   2.9834685198955183e-04 |   2.9834685198955183e-04 | 1
 12, 12 |   1.5641406167221813e-02 |   1.5641406167221813e-02 | 1
 12, 13 |   1.5230943454795678e-06 |   1.5230943454795678e-06 | 1
 12, 14 |   1.8568617316720649e-05 |   1.8568617316720649e-05 | 1
 12, 15 |   5.0758286742929844e-04 |   5.0758286742929844e-04 | 1
 12, 16 |   4.6454620937935875e-05 |   4.6454620937935875e-05 | 1
 12, 17 |   3.4971834808202039e-05 |   3.4971834808202039e-05 | 1
 12, 18 |   1.4394315980481749e-05 |   1.4394315980481749e-05 | 1
 12, 19 |   3.3469857554513553e-05 |   3.3469857554513553e-05 | 1
 12, 20 |   5.0075091285687320e-05 |   5.0075091285687320e-05 | 1
 12, 21 |   3.6892215155978847e-05 |   3.6892215155978847e-05 | 1
 12, 22 |   8.3253143664648602e-05 |   8.3253143664648602e-05 | 1
 12, 23 |   1.5653832419123947e-05 |   1.5653832419123947e-05 | 1
 12, 24 |   7.8892952775939609e-05 |   7.8892952775939609e-05 | 1
 12, 25 |   4.7338975528664413e-05 |   4.7338975528664413e-05 | 1
 12, 26 |   2.9006716435827079e-05 |   2.9006716435827079e-05 | 1
 12, 27 |   4.2358063029026834e-04 |   4.2358063029026834e-04 | 1
 12, 28 |   1.0238634094950073e-04 |   1.0238634094950073e-04 | 1
 12, 29 |   4.6978996398502751e-05 |   4.6978996398502751e-05 | 1
 12, 30 |   8.5402216624928410e-05 |   8.5402216624928410e-05 | 1
 12, 31 |   1.2299182627794947e-04 |   1.2299182627794947e-04 | 1
 12, 32 |  -2.0286695009377759e-05 |  -2.0286695009377759e-05 | 1
 12, 33 |  -3.0526385855712259e-04 |  -3.0526385855712259e-04 | 1
 12, 34 |   2.3841815185362023e-04 |   2.3841815185362023e-04 | 1
 12, 35 |  -2.8137336839886643e-05 |  -2.8137336839886643e-05 | 1
 12, 36 |  -3.4739810049421929e-05 |  -3.4739810049421929e-05 | 1
 12, 37 |  -3.1709248665397685e-05 |  -3.1709248665397685e-05 | 1
 12, 38 |  -3.9574846019925351e-05 |  -3.9574846019925351e-05 | 1
 12, 39 |  -2.3033448194429462e-06 |  -2.3033448194429462e-06 | 1
 12, 40 |   3.3366275737790828e-05 |   3.3366275737790828e-05 | 1
 12, 41 |   2.0344091523490291e-05 |   2.0344091523490291e-05 | 1
 13,  1 |   4.7350924104168457e-05 |   4.7350924104168457e-05 | 1
 13,  2 |   4.8465362656684709e-05 |   4.8465362656684709e-05 | 1
 13,  3 |   3.8411267658038449e-05 |   3.8411267658038449e-05 | 1
 13,  4 |   7.8492934854752035e-05 |   7.8492934854752035e-05 | 1
 13,  5 |   3.8698384438078005e-05 |   3.8698384438078005e-05 | 1
 13,  6 |  -2.4145826065719782e-05 |  -2.4145826065719782e-05 | 1
 13,  7 |   6.9723439631839095e-05 |   6.9723439631839095e-05 | 1
 13,  8 |   5.3001082865641367e-05 |   5.3001082865641367e-05 | 1
 13,  9 |   3.6061838488060464e-05 |   3.6061838488060464e-05 | 1
 13, 10 |   1.6585707646730690e-04 |   1.6585707646730690e-04 | 1
 13, 11 |  -4.9273748033209412e-04 |  -4.9273748033209412e-04 | 1
 13, 12 |   1.5230943454795678e-06 |   1.5230943454795678e-06 | 1
 13, 13 |   1.8143117564442906e-02 |   1.8143117564442906e-02 | 1
 13, 14 |   2.0299020776898348e-04 |   2.0299020776898348e-04 | 1
 13, 15 |   2.6257768170291466e-04 |   2.6257768170291466e-04 | 1
 13, 16 |   4.8850967644375605e-05 |   4.8850967644375605e-05 | 1
 13, 17 |   6.5783216018555965e-05 |   6.5783216018555965e-05 | 1
 13, 18 |   4.8819737812589908e-05 |   4.8819737812589908e-05 | 1
 13, 19 |   2.1265126919748576e-04 |   2.1265126919748576e-04 | 1
 13, 20 |   6.8764473531562209e-05 |   6.8764473531562209e-05 | 1
 13, 21 |  -5.6160198447332315e-05 |  -5.6160198447332315e-05 | 1
 13, 22 |  -8.6069232035834237e-05 |  -8.6069232035834237e-05 | 1
 13, 23 |   1.3555494800302698e-05 |   1.3555494800302698e-05 | 1
 13, 24 |   1.3332594138419399e-05 |   1.3332594138419399e-05 | 1
 13, 25 |   4.5515007695258019e-05 |   4.5515007695258019e-05 | 1
 13, 26 |   4.8168916747650886e-05 |   4.8168916747650886e-05 | 1
 13, 27 |  -1.0444276195898266e-03 |  -1.0444276195898266e-03 | 1
 13, 28 |  -6.6538426420100259e-05 |  -6.6538426420100259e-05 | 1
 13, 29 |   1.0163058550385872e-04 |   1.0163058550385872e-04 | 1
 13, 30 |  -6.0218936770515134e-05 |  -6.0218936770515134e-05 | 1
 13, 31 |  -1.4229453986447653e-04 |  -1.4229453986447653e-04 | 1
 13, 32 |  -1.9733481616963575e-04 |  -1.9733481616963575e-04 | 1
 13, 33 |   1.1160487683316194e-03 |   1.1160487683316194e-03 | 1
 13, 34 |  -3.2907854944586729e-04 |  -3.2907854944586729e-04 | 1
 13, 35 |  -4.6233417935775346e-05 |  -4.6233417935775346e-05 | 1
 13, 36 |  -4.7469990673784451e-05 |  -4.7469990673784451e-05 | 1
 13, 37 |  -5.1827668977878617e-05 |  -5.1827668977878617e-05 | 1
 13, 38 |  -5.5116039987670116e-05 |  -5.5116039987670116e-05 | 1
 13, 39 |  -1.7428910382127468e-05 |  -1.7428910382127468e-05 | 1
 13, 40 |   5.6961977893127177e-05 |   5.6961977893127177e-05 | 1
 13, 41 |   1.9766624655735856e-04 |   1.9766624655735856e-04 | 1
 14,  1 |   5.3414586497675174e-05 |   5.3414586497675174e-05 | 1
 14,  2 |   5.3914160893880832e-05 |   5.3914160893880832e-05 | 1
 14,  3 |   4.3764057236426871e-05 |   4.3764057236426871e-05 | 1
 14,  4 |   7.9717320064561073e-05 |   7.9717320064561073e-05 | 1
 14,  5 |   3.4132277728311219e-05 |   3.4132277728311219e-05 | 1
 14,  6 |  -1.0566408127031987e-05 |  -1.0566408127031987e-05 | 1
 14,  7 |   7.3494635763384793e-05 |   7.3494635763384793e-05 | 1
 14,  8 |   5.9136487399923099e-05 |   5.9136487399923099e-05 | 1
 14,  9 |   4.5846566699736150e-05 |   4.5846566699736150e-05 | 1
 14, 10 |   1.5905890212389198e-04 |   1.5905890212389198e-04 | 1
 14, 11 |  -2.9693966960468645e-04 |  -2.9693966960468645e-04 | 1
 14, 12 |   1.8568617316720649e-05 |   1.8568617316720649e-05 | 1
 14, 13 |   2.0299020776898348e-04 |   2.0299020776898348e-04 | 1
 14, 14 |   1.6446974554521456e-02 |   1.6446974554521456e-02 | 1
 14, 15 |   3.6228734680358448e-04 |   3.6228734680358448e-04 | 1
 14, 16 |   6.2913973591403676e-05 |   6.2913973591403676e-05 | 1
 14, 17 |   7.0974027817430205e-05 |   7.0974027817430205e-05 | 1
 14, 18 |   5.2618342371676301e-05 |   5.2618342371676301e-05 | 1
 14, 19 |   1.9035147610452083e-04 |   1.9035147610452083e-04 | 1
 14, 20 |   7.3804271582594751e-05 |   7.3804271582594751e-05 | 1
 14, 21 |  -3.4275634924412437e-05 |  -3.4275634924412437e-05 | 1
 14, 22 |  -3.1727373092702515e-05 |  -3.1727373092702515e-05 | 1
 14, 23 |   2.0367800205176189e-05 |   2.0367800205176189e-05 | 1
 14, 24 |   3.9908995313998935e-05 |   3.9908995313998935e-05 | 1
 14, 25 |   5.5560158185082102e-05 |   5.5560158185082102e-05 | 1
 14, 26 |   5.7728127278762020e-05 |   5.7728127278762020e-05 | 1
 14, 27 |  -7.3763519444574319e-04 |  -7.3763519444574319e-04 | 1
 14, 28 |  -1.6664368934209698e-05 |  -1.6664368934209698e-05 | 1
 14, 29 |   1.0261436846839492e-04 |   1.0261436846839492e-04 | 1
 14, 30 |  -1.1782453403097731e-05 |  -1.1782453403097731e-05 | 1
 14, 31 |  -7.7682340433725975e-05 |  -7.7682340433725975e-05 | 1
 14, 32 |  -1.6370490126013437e-04 |  -1.6370490126013437e-04 | 1
 14, 33 |   8.2696743639839524e-04 |   8.2696743639839524e-04 | 1
 14, 34 |  -1.9848198993938380e-04 |  -1.9848198993938380e-04 | 1
 14, 35 |  -4.0972961884138468e-05 |  -4.0972961884138468e-05 | 1
 14, 36 |  -4.5791812707971852e-05 |  -4.5791812707971852e-05 | 1
 14, 37 |  -5.2006547056564412e-05 |  -5.2006547056564412e-05 | 1
 14, 38 |  -4.2603936076052228e-05 |  -4.2603936076052228e-05 | 1
 14, 39 |  -3.7978203395572745e-05 |  -3.7978203395572745e-05 | 1
 14, 40 |   6.3776296246450799e-05 |   6.3776296246450799e-05 | 1
 14, 41 |   1.6363298330410365e-04 |   1.6363298330410365e-04 | 1
 15,  1 |   1.0080808466542205e-04 |   1.0080808466542205e-04 | 1
 15,  2 |   1.3996686058229417e-04 |   1.3996686058229417e-04 | 1
 15,  3 |   5.3523695752441888e-05 |   5.3523695752441888e-05 | 1
 15,  4 |   2.7412766036423258e-04 |   2.7412766036423258e-04 | 1
 15,  5 |  -7.7457534915958016e-04 |  -7.7457534915958016e-04 | 1
 15,  6 |  -1.3321639708701284e-04 |  -1.3321639708701284e-04 | 1
 15,  7 |   3.2682619825369423e-04 |   3.2682619825369423e-04 | 1
 15,  8 |   3.0135504374430002e-04 |   3.0135504374430002e-04 | 1
 15,  9 |   4.9088764995672225e-05 |   4.9088764995672225e-05 | 1
 15, 10 |   1.2715381129725684e-03 |   1.2715381129725684e-03 | 1
 15, 11 |   2.6392102668661606e-03 |   2.6392102668661606e-03 | 1
 15, 12 |   5.0758286742929844e-04 |   5.0758286742929844e-04 | 1
 15, 13 |   2.6257768170291466e-04 |   2.6257768170291466e-04 | 1
 15, 14 |   3.6228734680358448e-04 |   3.6228734680358448e-04 | 1
 15, 15 |   6.5913764497928032e-02 |   6.5913764497928032e-02 | 1
 15, 16 |   6.0116063869992877e-04 |   6.0116063869992877e-04 | 1
 15, 17 |   1.6845170949677862e-04 |   1.6845170949677862e-04 | 1
 15, 18 |  -7.1081904159326693e-05 |  -7.1081904159326693e-05 | 1
 15, 19 |   7.1225698293781912e-04 |   7.1225698293781912e-04 | 1
 15, 20 |   3.5319991996693488e-04 |   3.5319991996693488e-04 | 1
 15, 21 |  -2.3954260139734328e-04 |  -2.3954260139734328e-04 | 1
 15, 22 |   7.3464462738892663e-04 |   7.3464462738892663e-04 | 1
 15, 23 |  -1.5016302295755397e-04 |  -1.5016302295755397e-04 | 1
 15, 24 |   7.9343647797760065e-04 |   7.9343647797760065e-04 | 1
 15, 25 |   4.3009555677127516e-04 |   4.3009555677127516e-04 | 1
 15, 26 |   1.9986779721382873e-05 |   1.9986779721382873e-05 | 1
 15, 27 |   3.2218906237844801e-03 |   3.2218906237844801e-03 | 1
 15, 28 |   8.7355858104578221e-04 |   8.7355858104578221e-04 | 1
 15, 29 |   4.9478825680905939e-04 |   4.9478825680905939e-04 | 1
 15, 30 |   7.1158033383720578e-04 |   7.1158033383720578e-04 | 1
 15, 31 |   9.6105576397574524e-04 |   9.6105576397574524e-04 | 1
 15, 32 |  -9.7405656276949794e-04 |  -9.7405656276949794e-04 | 1
 15, 33 |  -1.3981870476332495e-03 |  -1.3981870476332495e-03 | 1
 15, 34 |   2.3232979310808420e-03 |   2.3232979310808420e-03 | 1
 15, 35 |  -1.7847653755515046e-04 |  -1.7847653755515046e-04 | 1
 15, 36 |  -1.5895483275554399e-04 |  -1.5895483275554399e-04 | 1
 15, 37 |  -1.4246616539552329e-04 |  -1.4246616539552329e-04 | 1
 15, 38 |  -6.7393583988295815e-05 |  -6.7393583988295815e-05 | 1
 15, 39 |   5.4879630317256845e-06 |   5.4879630317256845e-06 | 1
 15, 40 |   1.2850252562885423e-04 |   1.2850252562885423e-04 | 1
 15, 41 |   9.6205458671879329e-04 |   9.6205458671879329e-04 | 1
 16,  1 |   3.0509641735260013e-05 |   3.0509641735260013e-05 | 1
 16,  2 |   2.9353879387437433e-05 |   2.9353879387437433e-05 | 1
 16,  3 |   2.2109254859796727e-05 |   2.2109254859796727e-05 | 1
 16,  4 |   4.3268752163021571e-05 |   4.3268752163021571e-05 | 1
 16,  5 |  -2.1866548607517708e-05 |  -2.1866548607517708e-05 | 1
 16,  6 |   3.3281281937171176e-06 |   3.3281281937171176e-06 | 1
 16,  7 |   5.3337331851030306e-05 |   5.3337331851030306e-05 | 1
 16,  8 |   4.3245779407969544e-05 |   4.3245779407969544e-05 | 1
 16,  9 |   2.8498257835083844e-05 |   2.8498257835083844e-05 | 1
 16, 10 |   1.2524392526382019e-04 |   1.2524392526382019e-04 | 1
 16, 11 |   2.1942696156551194e-04 |   2.1942696156551194e-04 | 1
 16, 12 |   4.6454620937935875e-05 |   4.6454620937935875e-05 | 1
 16, 13 |   4.8850967644375605e-05 |   4.8850967644375605e-05 | 1
 16, 14 |   6.2913973591403676e-05 |   6.2913973591403676e-05 | 1
 16, 15 |   6.0116063869992877e-04 |   6.0116063869992877e-04 | 1
 16, 16 |   3.2058959743130350e-03 |   3.2058959743130350e-03 | 1
 16, 17 |   4.0135611537030245e-05 |   4.0135611537030245e-05 | 1
 16, 18 |   8.1947274982328588e-06 |   8.1947274982328588e-06 | 1
 16, 19 |   8.0589202559284989e-05 |   8.0589202559284989e-05 | 1
 16, 20 |   5.2601861969029255e-05 |   5.2601861969029255e-05 | 1
 16, 21 |   2.1310680908106659e-06 |   2.1310680908106659e-06 | 1
 16, 22 |   7.5778332559986011e-05 |   7.5778332559986011e-05 | 1
 16, 23 |   1.1069401908478820e-05 |   1.1069401908478820e-05 | 1
 16, 24 |   8.3377479963809051e-05 |   8.3377479963809051e-05 | 1
 16, 25 |   5.2482117797785879e-05 |   5.2482117797785879e-05 | 1
 16, 26 |   2.0378890844517451e-05 |   2.0378890844517451e-05 | 1
 16, 27 |   2.0670955594667153e-04 |   2.0670955594667153e-04 | 1
 16, 28 |   8.6818167806228746e-05 |   8.6818167806228746e-05 | 1
 16, 29 |   6.4089539053405485e-05 |   6.4089539053405485e-05 | 1
 16, 30 |   7.4327543911196473e-05 |   7.4327543911196473e-05 | 1
 16, 31 |   9.2617736334543575e-05 |   9.2617736334543575e-05 | 1
 16, 32 |  -7.7745329990464826e-05 |  -7.7745329990464826e-05 | 1
 16, 33 |  -5.8177528373069834e-05 |  -5.8177528373069834e-05 | 1
 16, 34 |   1.7998721395091563e-04 |   1.7998721395091563e-04 | 1
 16, 35 |  -1.7941319639430751e-05 |  -1.7941319639430751e-05 | 1
 16, 36 |  -1.9120234147119780e-05 |  -1.9120234147119780e-05 | 1
 16, 37 |  -1.9570790151344647e-05 |  -1.9570790151344647e-05 | 1
 16, 38 |  -1.9207299666242661e-05 |  -1.9207299666242661e-05 | 1
 16, 39 |  -3.3568412648113699e-05 |  -3.3568412648113699e-05 | 1
 16, 40 |   3.5556700274355115e-05 |   3.5556700274355115e-05 | 1
 16, 41 |   7.7801700179072744e-05 |   7.7801700179072744e-05 | 1
 17,  1 |   6.1022332961723940e-05 |   6.1022332961723940e-05 | 1
 17,  2 |   5.4163485282136005e-05 |   5.4163485282136005e-05 | 1
 17,  3 |   4.9052439833914079e-05 |   4.9052439833914079e-05 | 1
 17,  4 |   5.4338711593136839e-05 |   5.4338711593136839e-05 | 1
 17,  5 |   7.8232395448683963e-05 |   7.8232395448683963e-05 | 1
 17,  6 |   4.2989333399992243e-05 |   4.2989333399992243e-05 | 1
 17,  7 |   5.3997035901777873e-05 |   5.3997035901777873e-05 | 1
 17,  8 |   4.2077203296815956e-05 |   4.2077203296815956e-05 | 1
 17,  9 |   5.8333161530099591e-05 |   5.8333161530099591e-05 | 1
 17, 10 |   5.3516302035258139e-05 |   5.3516302035258139e-05 | 1
 17, 11 |   9.3865480881465422e-05 |   9.3865480881465422e-05 | 1
 17, 12 |   3.4971834808202039e-05 |   3.4971834808202039e-05 | 1
 17, 13 |   6.5783216018555965e-05 |   6.5783216018555965e-05 | 1
 17, 14 |   7.0974027817430205e-05 |   7.0974027817430205e-05 | 1
 17, 15 |   1.6845170949677862e-04 |   1.6845170949677862e-04 | 1
 17, 16 |   4.0135611537030245e-05 |   4.0135611537030245e-05 | 1
 17, 17 |   4.2308861740899375e-03 |   4.2308861740899375e-03 | 1
 17, 18 |   6.8019565834521897e-05 |   6.8019565834521897e-05 | 1
 17, 19 |   6.4275323941624817e-05 |   6.4275323941624817e-05 | 1
 17, 20 |   7.8816235138511701e-05 |   7.8816235138511701e-05 | 1
 17, 21 |   7.8843061150330612e-05 |   7.8843061150330612e-05 | 1
 17, 22 |   5.6598046592296721e-05 |   5.6598046592296721e-05 | 1
 17, 23 |   6.0765656108812847e-05 |   6.0765656108812847e-05 | 1
 17, 24 |   6.8751114224581921e-05 |   6.8751114224581921e-05 | 1
 17, 25 |   5.7677061192794792e-05 |   5.7677061192794792e-05 | 1
 17, 26 |   8.4030370786145216e-05 |   8.4030370786145216e-05 | 1
 17, 27 |   3.8009355442615629e-05 |   3.8009355442615629e-05 | 1
 17, 28 |   7.0676316099462156e-05 |   7.0676316099462156e-05 | 1
 17, 29 |   7.1944504045880705e-05 |   7.1944504045880705e-05 | 1
 17, 30 |   6.8357956883725830e-05 |   6.8357956883725830e-05 | 1
 17, 31 |   6.1920638933558910e-05 |   6.1920638933558910e-05 | 1
 17, 32 |   3.7013326511553581e-06 |   3.7013326511553581e-06 | 1
 17, 33 |   2.7275546058867583e-06 |   2.7275546058867583e-06 | 1
 17, 34 |   5.8493092221218533e-05 |   5.8493092221218533e-05 | 1
 17, 35 |  -5.2417325846121105e-05 |  -5.2417325846121105e-05 | 1
 17, 36 |  -6.0136885660890941e-05 |  -6.0136885660890941e-05 | 1
 17, 37 |  -6.4870810627933262e-05 |  -6.4870810627933262e-05 | 1
 17, 38 |  -6.7480147267233101e-05 |  -6.7480147267233101e-05 | 1
 17, 39 |  -2.8034879899244432e-05 |  -2.8034879899244432e-05 | 1
 17, 40 |   7.3624806284595918e-05 |   7.3624806284595918e-05 | 1
 17, 41 |  -3.0708379508474430e-06 |  -3.0708379508474430e-06 | 1
 18,  1 |   5.7166495875013863e-05 |   5.7166495875013863e-05 | 1
 18,  2 |   5.2135978248920876e-05 |   5.2135978248920876e-05 | 1
 18,  3 |   4.4347106312963730e-05 |   4.4347106312963730e-05 | 1
 18,  4 |   4.2945813968318586e-05 |   4.2945813968318586e-05 | 1
 18,  5 |   1.0584227199664284e-04 |   1.0584227199664284e-04 | 1
 18,  6 |   5.2420444882156643e-05 |   5.2420444882156643e-05 | 1
 18,  7 |   3.4409742278382737e-05 |   3.4409742278382737e-05 | 1
 18,  8 |   2.5892006257677897e-05 |   2.5892006257677897e-05 | 1
 18,  9 |   5.4934336350860032e-05 |   5.4934336350860032e-05 | 1
 18, 10 |  -9.5420645293202395e-06 |  -9.5420645293202395e-06 | 1
 18, 11 |   4.9444624484382955e-06 |   4.9444624484382955e-06 | 1
 18, 12 |   1.4394315980481749e-05 |   1.4394315980481749e-05 | 1
 18, 13 |   4.8819737812589908e-05 |   4.8819737812589908e-05 | 1
 18, 14 |   5.2618342371676301e-05 |   5.2618342371676301e-05 | 1
 18, 15 |  -7.1081904159326693e-05 |  -7.1081904159326693e-05 | 1
 18, 16 |   8.1947274982328588e-06 |   8.1947274982328588e-06 | 1
 18, 17 |   6.8019565834521897e-05 |   6.8019565834521897e-05 | 1
 18, 18 |   1.8663280466673988e-02 |   1.8663280466673988e-02 | 1
 18, 19 |   3.4946524616326374e-05 |   3.4946524616326374e-05 | 1
 18, 20 |   7.3366154019338680e-05 |   7.3366154019338680e-05 | 1
 18, 21 |   9.6009235437920836e-05 |   9.6009235437920836e-05 | 1
 18, 22 |   2.6914245956368018e-05 |   2.6914245956368018e-05 | 1
 18, 23 |   6.3418026804997168e-05 |   6.3418026804997168e-05 | 1
 18, 24 |   4.0178231514737591e-05 |   4.0178231514737591e-05 | 1
 18, 25 |   4.1188215922918088e-05 |   4.1188215922918088e-05 | 1
 18, 26 |   9.6026334812001588e-05 |   9.6026334812001588e-05 | 1
 18, 27 |  -4.1253606708506141e-05 |  -4.1253606708506141e-05 | 1
 18, 28 |   4.1829737391406774e-05 |   4.1829737391406774e-05 | 1
 18, 29 |   4.9865883510918639e-05 |   4.9865883510918639e-05 | 1
 18, 30 |   4.4608380088166721e-05 |   4.4608380088166721e-05 | 1
 18, 31 |   2.2421167580480581e-05 |   2.2421167580480581e-05 | 1
 18, 32 |   4.8563400247194046e-05 |   4.8563400247194046e-05 | 1
 18, 33 |   1.6130653221875526e-05 |   1.6130653221875526e-05 | 1
 18, 34 |  -2.0089476224455348e-05 |  -2.0089476224455348e-05 | 1
 18, 35 |  -6.4003786963582438e-05 |  -6.4003786963582438e-05 | 1
 18, 36 |  -7.2430959291942305e-05 |  -7.2430959291942305e-05 | 1
 18, 37 |  -7.5431979037006498e-05 |  -7.5431979037006498e-05 | 1
 18, 38 |  -6.7888549885850244e-05 |  -6.7888549885850244e-05 | 1
 18, 39 |  -6.6176050383253663e-06 |  -6.6176050383253663e-06 | 1
 18, 40 |   7.1411522229429132e-05 |   7.1411522229429132e-05 | 1
 18, 41 |  -4.9294691675096843e-05 |  -4.9294691675096843e-05 | 1
 19,  1 |   4.4764597836638125e-05 |   4.4764597836638125e-05 | 1
 19,  2 |   4.8467551303598044e-05 |   4.8467551303598044e-05 | 1
 19,  3 |   3.4135508113387490e-05 |   3.4135508113387490e-05 | 1
 19,  4 |   8.1551047539509241e-05 |   8.1551047539509241e-05 | 1
 19,  5 |  -1.7582581370562147e-05 |  -1.7582581370562147e-05 | 1
 19,  6 |  -2.2741492755425559e-05 |  -2.2741492755425559e-05 | 1
 19,  7 |   7.9081151348414321e-05 |   7.9081151348414321e-05 | 1
 19,  8 |   6.3918282073057478e-05 |   6.3918282073057478e-05 | 1
 19,  9 |   3.3042055705511160e-05 |   3.3042055705511160e-05 | 1
 19, 10 |   2.1643791425181541e-04 |   2.1643791425181541e-04 | 1
 19, 11 |  -2.2841758141474598e-04 |  -2.2841758141474598e-04 | 1
 19, 12 |   3.3469857554513553e-05 |   3.3469857554513553e-05 | 1
 19, 13 |   2.1265126919748576e-04 |   2.1265126919748576e-04 | 1
 19, 14 |   1.9035147610452083e-04 |   1.9035147610452083e-04 | 1
 19, 15 |   7.1225698293781912e-04 |   7.1225698293781912e-04 | 1
 19, 16 |   8.0589202559284989e-05 |   8.0589202559284989e-05 | 1
 19, 17 |   6.4275323941624817e-05 |   6.4275323941624817e-05 | 1
 19, 18 |   3.4946524616326374e-05 |   3.4946524616326374e-05 | 1
 19, 19 |   2.1759143089855708e-02 |   2.1759143089855708e-02 | 1
 19, 20 |   7.7091118533305944e-05 |   7.7091118533305944e-05 | 1
 19, 21 |  -5.5315016487811687e-05 |  -5.5315016487811687e-05 | 1
 19, 22 |  -2.1748998062168826e-05 |  -2.1748998062168826e-05 | 1
 19, 23 |   2.8699150812973981e-06 |   2.8699150812973981e-06 | 1
 19, 24 |   6.1592581285214613e-05 |   6.1592581285214613e-05 | 1
 19, 25 |   6.4218638687463757e-05 |   6.4218638687463757e-05 | 1
 19, 26 |   3.8455176087086546e-05 |   3.8455176087086546e-05 | 1
 19, 27 |  -6.3942575899982100e-04 |  -6.3942575899982100e-04 | 1
 19, 28 |   1.6357173130691605e-06 |   1.6357173130691605e-06 | 1
 19, 29 |   1.1361427336496527e-04 |   1.1361427336496527e-04 | 1
 19, 30 |  -2.3154339738150361e-06 |  -2.3154339738150361e-06 | 1
 19, 31 |  -5.4819424592370077e-05 |  -5.4819424592370077e-05 | 1
 19, 32 |  -2.2237865648475573e-04 |  -2.2237865648475573e-04 | 1
 19, 33 |   8.1879686753333445e-04 |   8.1879686753333445e-04 | 1
 19, 34 |  -1.1993195751808545e-04 |  -1.1993195751808545e-04 | 1
 19, 35 |  -4.4849818048913938e-05 |  -4.4849818048913938e-05 | 1
 19, 36 |  -4.4334003548273870e-05 |  -4.4334003548273870e-05 | 1
 19, 37 |  -4.9272252906014631e-05 |  -4.9272252906014631e-05 | 1
 19, 38 |  -4.1992589902148560e-05 |  -4.1992589902148560e-05 | 1
 19, 39 |  -2.0446779877358080e-05 |  -2.0446779877358080e-05 | 1
 19, 40 |   5.4037871053249980e-05 |   5.4037871053249980e-05 | 1
 19, 41 |   2.2198990020799313e-04 |   2.2198990020799313e-04 | 1
 20,  1 |   6.5697332474138096e-05 |   6.5697332474138096e-05 | 1
 20,  2 |   6.0263619531851780e-05 |   6.0263619531851780e-05 | 1
 20,  3 |   5.6209469493676443e-05 |   5.6209469493676443e-05 | 1
 20,  4 |   6.4004203877311727e-05 |   6.4004203877311727e-05 | 1
 20,  5 |   5.8686419964297496e-05 |   5.8686419964297496e-05 | 1
 20,  6 |   4.2183312369937824e-05 |   4.2183312369937824e-05 | 1
 20,  7 |   6.1702307857112104e-05 |   6.1702307857112104e-05 | 1
 20,  8 |   5.2530041617209028e-05 |   5.2530041617209028e-05 | 1
 20,  9 |   5.8591263876245624e-05 |   5.8591263876245624e-05 | 1
 20, 10 |   8.2655954733453578e-05 |   8.2655954733453578e-05 | 1
 20, 11 |   1.6736824810420365e-04 |   1.6736824810420365e-04 | 1
 20, 12 |   5.0075091285687320e-05 |   5.0075091285687320e-05 | 1
 20, 13 |   6.8764473531562209e-05 |   6.8764473531562209e-05 | 1
 20, 14 |   7.3804271582594751e-05 |   7.3804271582594751e-05 | 1
 20, 15 |   3.5319991996693488e-04 |   3.5319991996693488e-04 | 1
 20, 16 |   5.2601861969029255e-05 |   5.2601861969029255e-05 | 1
 20, 17 |   7.8816235138511701e-05 |   7.8816235138511701e-05 | 1
 20, 18 |   7.3366154019338680e-05 |   7.3366154019338680e-05 | 1
 20, 19 |   7.7091118533305944e-05 |   7.7091118533305944e-05 | 1
 20, 20 |   9.9893380344557147e-03 |   9.9893380344557147e-03 | 1
 20, 21 |   7.7318425029397901e-05 |   7.7318425029397901e-05 | 1
 20, 22 |   8.1277960098716541e-05 |   8.1277960098716541e-05 | 1
 20, 23 |   6.8779494241224959e-05 |   6.8779494241224959e-05 | 1
 20, 24 |   9.1933480621926496e-05 |   9.1933480621926496e-05 | 1
 20, 25 |   6.7187167260082404e-05 |   6.7187167260082404e-05 | 1
 20, 26 |   8.6647774605020316e-05 |   8.6647774605020316e-05 | 1
 20, 27 |   1.3118965787096675e-04 |   1.3118965787096675e-04 | 1
 20, 28 |   9.4254199507105249e-05 |   9.4254199507105249e-05 | 1
 20, 29 |   8.2227152534936502e-05 |   8.2227152534936502e-05 | 1
 20, 30 |   8.5302376295375221e-05 |   8.5302376295375221e-05 | 1
 20, 31 |   8.5930895803239840e-05 |   8.5930895803239840e-05 | 1
 20, 32 |  -1.2667477540913128e-05 |  -1.2667477540913128e-05 | 1
 20, 33 |  -5.0262694679257350e-05 |  -5.0262694679257350e-05 | 1
 20, 34 |   1.1790621054999928e-04 |   1.1790621054999928e-04 | 1
 20, 35 |  -6.7388083539048928e-05 |  -6.7388083539048928e-05 | 1
 20, 36 |  -6.7025357278577643e-05 |  -6.7025357278577643e-05 | 1
 20, 37 |  -6.3265540936041821e-05 |  -6.3265540936041821e-05 | 1
 20, 38 |  -6.6451483208511498e-05 |  -6.6451483208511498e-05 | 1
 20, 39 |  -2.9724356950586502e-05 |  -2.9724356950586502e-05 | 1
 20, 40 |   7.8023061384716668e-05 |   7.8023061384716668e-05 | 1
 20, 41 |   1.2201038872710598e-05 |   1.2201038872710598e-05 | 1
 21,  1 |   7.2374607318661705e-05 |   7.2374607318661705e-05 | 1
 21,  2 |   5.7314213318870157e-05 |   5.7314213318870157e-05 | 1
 21,  3 |   5.9353482707274894e-05 |   5.9353482707274894e-05 | 1
 21,  4 |   2.8437295745726817e-05 |   2.8437295745726817e-05 | 1
 21,  5 |   1.6159022895307918e-04 |   1.6159022895307918e-04 | 1
 21,  6 |   1.0111251529552743e-04 |   1.0111251529552743e-04 | 1
 21,  7 |   2.6594782227873871e-05 |   2.6594782227873871e-05 | 1
 21,  8 |   2.4680889979980074e-05 |   2.4680889979980074e-05 | 1
 21,  9 |   7.4546086061462387e-05 |   7.4546086061462387e-05 | 1
 21, 10 |  -7.8313557476115449e-05 |  -7.8313557476115449e-05 | 1
 21, 11 |   3.6959826780237799e-04 |   3.6959826780237799e-04 | 1
 21, 12 |   3.6892215155978847e-05 |   3.6892215155978847e-05 | 1
 21, 13 |  -5.6160198447332315e-05 |  -5.6160198447332315e-05 | 1
 21, 14 |  -3.4275634924412437e-05 |  -3.4275634924412437e-05 | 1
 21, 15 |  -2.3954260139734328e-04 |  -2.3954260139734328e-04 | 1
 21, 16 |   2.1310680908106659e-06 |   2.1310680908106659e-06 | 1
 21, 17 |   7.8843061150330612e-05 |   7.8843061150330612e-05 | 1
 21, 18 |   9.6009235437920836e-05 |   9.6009235437920836e-05 | 1
 21, 19 |  -5.5315016487811687e-05 |  -5.5315016487811687e-05 | 1
 21, 20 |   7.7318425029397901e-05 |   7.7318425029397901e-05 | 1
 21, 21 |   4.9055341706455945e-02 |   4.9055341706455945e-02 | 1
 21, 22 |   1.2497568470962850e-04 |   1.2497568470962850e-04 | 1
 21, 23 |   1.0629989973633729e-04 |   1.0629989973633729e-04 | 1
 21, 24 |   7.9635054835806420e-05 |   7.9635054835806420e-05 | 1
 21, 25 |   5.1760516524651825e-05 |   5.1760516524651825e-05 | 1
 21, 26 |   1.2246918579622120e-04 |   1.2246918579622120e-04 | 1
 21, 27 |   6.1526115521391830e-04 |   6.1526115521391830e-04 | 1
 21, 28 |   1.2213121272687993e-04 |   1.2213121272687993e-04 | 1
 21, 29 |   3.5591547881973614e-05 |   3.5591547881973614e-05 | 1
 21, 30 |   1.3065614442460532e-04 |   1.3065614442460532e-04 | 1
 21, 31 |   1.5609613541771696e-04 |   1.5609613541771696e-04 | 1
 21, 32 |   1.8875382078817641e-04 |   1.8875382078817641e-04 | 1
 21, 33 |  -6.8271864882094317e-04 |  -6.8271864882094317e-04 | 1
 21, 34 |   2.1183950090822618e-04 |   2.1183950090822618e-04 | 1
 21, 35 |  -6.7630819993046582e-05 |  -6.7630819993046582e-05 | 1
 21, 36 |  -6.6056705504888606e-05 |  -6.6056705504888606e-05 | 1
 21, 37 |  -8.7216029702149526e-05 |  -8.7216029702149526e-05 | 1
 21, 38 |  -9.1065047485289433e-05 |  -9.1065047485289433e-05 | 1
 21, 39 |  -2.3499781599978695e-05 |  -2.3499781599978695e-05 | 1
 21, 40 |   8.7664950675536766e-05 |   8.7664950675536766e-05 | 1
 21, 41 |  -1.8686423717485481e-04 |  -1.8686423717485481e-04 | 1
 22,  1 |   4.7886180618385315e-05 |   4.7886180618385315e-05 | 1
 22,  2 |   4.0788080801390077e-05 |   4.0788080801390077e-05 | 1
 22,  3 |   3.2845751337050899e-05 |   3.2845751337050899e-05 | 1
 22,  4 |   3.2468312052071196e-05 |   3.2468312052071196e-05 | 1
 22,  5 |   1.1554714891406264e-05 |   1.1554714891406264e-05 | 1
 22,  6 |   6.5666324586767272e-05 |   6.5666324586767272e-05 | 1
 22,  7 |   5.0690945565096685e-05 |   5.0690945565096685e-05 | 1
 22,  8 |   4.4643761878118021e-05 |   4.4643761878118021e-05 | 1
 22,  9 |   4.8410525462583634e-05 |   4.8410525462583634e-05 | 1
 22, 10 |   6.6913606498395466e-05 |   6.6913606498395466e-05 | 1
 22, 11 |   7.6853863683942411e-04 |   7.6853863683942411e-04 | 1
 22, 12 |   8.3253143664648602e-05 |   8.3253143664648602e-05 | 1
 22, 13 |  -8.6069232035834237e-05 |  -8.6069232035834237e-05 | 1
 22, 14 |  -3.1727373092702515e-05 |  -3.1727373092702515e-05 | 1
 22, 15 |   7.3464462738892663e-04 |   7.3464462738892663e-04 | 1
 22, 16 |   7.5778332559986011e-05 |   7.5778332559986011e-05 | 1
 22, 17 |   5.6598046592296721e-05 |   5.6598046592296721e-05 | 1
 22, 18 |   2.6914245956368018e-05 |   2.6914245956368018e-05 | 1
 22, 19 |  -2.1748998062168826e-05 |  -2.1748998062168826e-05 | 1
 22, 20 |   8.1277960098716541e-05 |   8.1277960098716541e-05 | 1
 22, 21 |   1.2497568470962850e-04 |   1.2497568470962850e-04 | 1
 22, 22 |   5.5244777069690512e-02 |   5.5244777069690512e-02 | 1
 22, 23 |   5.4443324625421671e-05 |   5.4443324625421671e-05 | 1
 22, 24 |   1.5811641339403924e-04 |   1.5811641339403924e-04 | 1
 22, 25 |   7.5476813669081243e-05 |   7.5476813669081243e-05 | 1
 22, 26 |   5.3473898901574833e-05 |   5.3473898901574833e-05 | 1
 22, 27 |   1.1892935115017100e-03 |   1.1892935115017100e-03 | 1
 22, 28 |   2.2072204970044029e-04 |   2.2072204970044029e-04 | 1
 22, 29 |   5.4142976589649580e-05 |   5.4142976589649580e-05 | 1
 22, 30 |   1.9649489898198848e-04 |   1.9649489898198848e-04 | 1
 22, 31 |   2.8511830066448122e-04 |   2.8511830066448122e-04 | 1
 22, 32 |   6.6295892006838281e-05 |   6.6295892006838281e-05 | 1
 22, 33 |  -1.0113251199958947e-03 |  -1.0113251199958947e-03 | 1
 22, 34 |   5.5688522464324673e-04 |   5.5688522464324673e-04 | 1
 22, 35 |  -4.7721108093757225e-05 |  -4.7721108093757225e-05 | 1
 22, 36 |  -3.8415179712134921e-05 |  -3.8415179712134921e-05 | 1
 22, 37 |  -4.2659453073451911e-05 |  -4.2659453073451911e-05 | 1
 22, 38 |  -4.5055890909727523e-05 |  -4.5055890909727523e-05 | 1
 22, 39 |  -3.0842226608587079e-05 |  -3.0842226608587079e-05 | 1
 22, 40 |   5.7887029278379380e-05 |   5.7887029278379380e-05 | 1
 22, 41 |  -6.6443109090178284e-05 |  -6.6443109090178284e-05 | 1
 23,  1 |   5.4107897667632517e-05 |   5.4107897667632517e-05 | 1
 23,  2 |   4.4150069412015932e-05 |   4.4150069412015932e-05 | 1
 23,  3 |   4.3717707675442885e-05 |   4.3717707675442885e-05 | 1
 23,  4 |   3.4710043717757629e-05 |   3.4710043717757629e-05 | 1
 23,  5 |   1.2455278370901706e-04 |   1.2455278370901706e-04 | 1
 23,  6 |   6.2561786789590117e-05 |   6.2561786789590117e-05 | 1
 23,  7 |   3.2505412092839468e-05 |   3.2505412092839468e-05 | 1
 23,  8 |   2.8938261025404646e-05 |   2.8938261025404646e-05 | 1
 23,  9 |   4.8899390118512826e-05 |   4.8899390118512826e-05 | 1
 23, 10 |  -1.8020786810842953e-05 |  -1.8020786810842953e-05 | 1
 23, 11 |   1.1706462046701330e-04 |   1.1706462046701330e-04 | 1
 23, 12 |   1.5653832419123947e-05 |   1.5653832419123947e-05 | 1
 23, 13 |   1.3555494800302698e-05 |   1.3555494800302698e-05 | 1
 23, 14 |   2.0367800205176189e-05 |   2.0367800205176189e-05 | 1
 23, 15 |  -1.5016302295755397e-04 |  -1.5016302295755397e-04 | 1
 23, 16 |   1.1069401908478820e-05 |   1.1069401908478820e-05 | 1
 23, 17 |   6.0765656108812847e-05 |   6.0765656108812847e-05 | 1
 23, 18 |   6.3418026804997168e-05 |   6.3418026804997168e-05 | 1
 23, 19 |   2.8699150812973981e-06 |   2.8699150812973981e-06 | 1
 23, 20 |   6.8779494241224959e-05 |   6.8779494241224959e-05 | 1
 23, 21 |   1.0629989973633729e-04 |   1.0629989973633729e-04 | 1
 23, 22 |   5.4443324625421671e-05 |   5.4443324625421671e-05 | 1
 23, 23 |   2.6218332253930422e-02 |   2.6218332253930422e-02 | 1
 23, 24 |   5.5185839550147963e-05 |   5.5185839550147963e-05 | 1
 23, 25 |   3.4396694147259272e-05 |   3.4396694147259272e-05 | 1
 23, 26 |   7.6964032744330417e-05 |   7.6964032744330417e-05 | 1
 23, 27 |   1.5197834558203330e-04 |   1.5197834558203330e-04 | 1
 23, 28 |   5.5411203599624941e-05 |   5.5411203599624941e-05 | 1
 23, 29 |   3.5554442764354821e-05 |   3.5554442764354821e-05 | 1
 23, 30 |   5.5570501508137195e-05 |   5.5570501508137195e-05 | 1
 23, 31 |   5.8911689967652299e-05 |   5.8911689967652299e-05 | 1
 23, 32 |   8.1962934321317971e-05 |   8.1962934321317971e-05 | 1
 23, 33 |  -1.8440042551841988e-04 |  -1.8440042551841988e-04 | 1
 23, 34 |   5.0077807268073747e-05 |   5.0077807268073747e-05 | 1
 23, 35 |  -5.8912852943209620e-05 |  -5.8912852943209620e-05 | 1
 23, 36 |  -4.5324644006246539e-05 |  -4.5324644006246539e-05 | 1
 23, 37 |  -5.0118189971084636e-05 |  -5.0118189971084636e-05 | 1
 23, 38 |  -6.3594923413751837e-05 |  -6.3594923413751837e-05 | 1
 23, 39 |  -2.4377627835219984e-05 |  -2.4377627835219984e-05 | 1
 23, 40 |   6.4222814419579027e-05 |   6.4222814419579027e-05 | 1
 23, 41 |  -8.0773643828435275e-05 |  -8.0773643828435275e-05 | 1
 24,  1 |   5.6705979946290841e-05 |   5.6705979946290841e-05 | 1
 24,  2 |   5.1663981918496473e-05 |   5.1663981918496473e-05 | 1
 24,  3 |   4.3867054969515456e-05 |   4.3867054969515456e-05 | 1
 24,  4 |   5.6727782003966438e-05 |   5.6727782003966438e-05 | 1
 24,  5 |   7.4322712277119404e-06 |   7.4322712277119404e-06 | 1
 24,  6 |   4.3089740084032395e-05 |   4.3089740084032395e-05 | 1
 24,  7 |   6.6442873332126260e-05 |   6.6442873332126260e-05 | 1
 24,  8 |   5.8861522921053868e-05 |   5.8861522921053868e-05 | 1
 24,  9 |   5.0820776073176282e-05 |   5.0820776073176282e-05 | 1
 24, 10 |   1.2985074921711477e-04 |   1.2985074921711477e-04 | 1
 24, 11 |   5.0129343153024252e-04 |   5.0129343153024252e-04 | 1
 24, 12 |   7.8892952775939609e-05 |   7.8892952775939609e-05 | 1
 24, 13 |   1.3332594138419399e-05 |   1.3332594138419399e-05 | 1
 24, 14 |   3.9908995313998935e-05 |   3.9908995313998935e-05 | 1
 24, 15 |   7.9343647797760065e-04 |   7.9343647797760065e-04 | 1
 24, 16 |   8.3377479963809051e-05 |   8.3377479963809051e-05 | 1
 24, 17 |   6.8751114224581921e-05 |   6.8751114224581921e-05 | 1
 24, 18 |   4.0178231514737591e-05 |   4.0178231514737591e-05 | 1
 24, 19 |   6.1592581285214613e-05 |   6.1592581285214613e-05 | 1
 24, 20 |   9.1933480621926496e-05 |   9.1933480621926496e-05 | 1
 24, 21 |   7.9635054835806420e-05 |   7.9635054835806420e-05 | 1
 24, 22 |   1.5811641339403924e-04 |   1.5811641339403924e-04 | 1
 24, 23 |   5.5185839550147963e-05 |   5.5185839550147963e-05 | 1
 24, 24 |   4.0281773326796564e-03 |   4.0281773326796564e-03 | 1
 24, 25 |   8.2187366815112740e-05 |   8.2187366815112740e-05 | 1
 24, 26 |   6.1757967806124302e-05 |   6.1757967806124302e-05 | 1
 24, 27 |   6.6982205133666228e-04 |   6.6982205133666228e-04 | 1
 24, 28 |   1.6839364873627967e-04 |   1.6839364873627967e-04 | 1
 24, 29 |   8.4048020697528414e-05 |   8.4048020697528414e-05 | 1
 24, 30 |   1.5128773403222154e-04 |   1.5128773403222154e-04 | 1
 24, 31 |   1.9811614552355886e-04 |   1.9811614552355886e-04 | 1
 24, 32 |  -2.3594478220065874e-05 |  -2.3594478220065874e-05 | 1
 24, 33 |  -4.7867938943424524e-04 |  -4.7867938943424524e-04 | 1
 24, 34 |   3.7861463389399837e-04 |   3.7861463389399837e-04 | 1
 24, 35 |  -6.0644739793775390e-05 |  -6.0644739793775390e-05 | 1
 24, 36 |  -4.9347177120841642e-05 |  -4.9347177120841642e-05 | 1
 24, 37 |  -5.3495297034713051e-05 |  -5.3495297034713051e-05 | 1
 24, 38 |  -5.7403069263911730e-05 |  -5.7403069263911730e-05 | 1
 24, 39 |  -2.9002195659690836e-05 |  -2.9002195659690836e-05 | 1
 24, 40 |   6.6891115691630938e-05 |   6.6891115691630938e-05 | 1
 24, 41 |   2.3403844892079286e-05 |   2.3403844892079286e-05 | 1
 25,  1 |   4.6032014552150340e-05 |   4.6032014552150340e-05 | 1
 25,  2 |   4.1271409217177226e-05 |   4.1271409217177226e-05 | 1
 25,  3 |   3.5136010901974077e-05 |   3.5136010901974077e-05 | 1
 25,  4 |   4.5176291999768294e-05 |   4.5176291999768294e-05 | 1
 25,  5 |   2.5231977320328198e-05 |   2.5231977320328198e-05 | 1
 25,  6 |   2.6488252075515126e-05 |   2.6488252075515126e-05 | 1
 25,  7 |   4.9380111150079434e-05 |   4.9380111150079434e-05 | 1
 25,  8 |   3.9073573934281607e-05 |   3.9073573934281607e-05 | 1
 25,  9 |   4.2903429390995422e-05 |   4.2903429390995422e-05 | 1
 25, 10 |   8.1824199286577022e-05 |   8.1824199286577022e-05 | 1
 25, 11 |   2.1223806927103765e-04 |   2.1223806927103765e-04 | 1
 25, 12 |   4.7338975528664413e-05 |   4.7338975528664413e-05 | 1
 25, 13 |   4.5515007695258019e-05 |   4.5515007695258019e-05 | 1
 25, 14 |   5.5560158185082102e-05 |   5.5560158185082102e-05 | 1
 25, 15 |   4.3009555677127516e-04 |   4.3009555677127516e-04 | 1
 25, 16 |   5.2482117797785879e-05 |   5.2482117797785879e-05 | 1
 25, 17 |   5.7677061192794792e-05 |   5.7677061192794792e-05 | 1
 25, 18 |   4.1188215922918088e-05 |   4.1188215922918088e-05 | 1
 25, 19 |   6.4218638687463757e-05 |   6.4218638687463757e-05 | 1
 25, 20 |   6.7187167260082404e-05 |   6.7187167260082404e-05 | 1
 25, 21 |   5.1760516524651825e-05 |   5.1760516524651825e-05 | 1
 25, 22 |   7.5476813669081243e-05 |   7.5476813669081243e-05 | 1
 25, 23 |   3.4396694147259272e-05 |   3.4396694147259272e-05 | 1
 25, 24 |   8.2187366815112740e-05 |   8.2187366815112740e-05 | 1
 25, 25 |   1.3112276227687309e-02 |   1.3112276227687309e-02 | 1
 25, 26 |   5.9195189333130234e-05 |   5.9195189333130234e-05 | 1
 25, 27 |   2.3392409054946313e-04 |   2.3392409054946313e-04 | 1
 25, 28 |   9.3716694801641184e-05 |   9.3716694801641184e-05 | 1
 25, 29 |   6.9312393619449240e-05 |   6.9312393619449240e-05 | 1
 25, 30 |   8.4321945389381357e-05 |   8.4321945389381357e-05 | 1
 25, 31 |   9.8302378422393012e-05 |   9.8302378422393012e-05 | 1
 25, 32 |  -2.5839347980534871e-05 |  -2.5839347980534871e-05 | 1
 25, 33 |  -1.3117949329789541e-04 |  -1.3117949329789541e-04 | 1
 25, 34 |   1.6427428022881932e-04 |   1.6427428022881932e-04 | 1
 25, 35 |  -3.8323566088374058e-05 |  -3.8323566088374058e-05 | 1
 25, 36 |  -4.5734092536398133e-05 |  -4.5734092536398133e-05 | 1
 25, 37 |  -5.0977458227427340e-05 |  -5.0977458227427340e-05 | 1
 25, 38 |  -5.3936202480278204e-05 |  -5.3936202480278204e-05 | 1
 25, 39 |  -1.9685696820300729e-05 |  -1.9685696820300729e-05 | 1
 25, 40 |   5.6120423837541349e-05 |   5.6120423837541349e-05 | 1
 25, 41 |   2.6470588072740022e-05 |   2.6470588072740022e-05 | 1
 26,  1 |   6.9001641639237821e-05 |   6.9001641639237821e-05 | 1
 26,  2 |   6.3011170660586327e-05 |   6.3011170660586327e-05 | 1
 26,  3 |   5.3581883346131357e-05 |   5.3581883346131357e-05 | 1
 26,  4 |   5.2044500489685013e-05 |   5.2044500489685013e-05 | 1
 26,  5 |   1.1053624720556263e-04 |   1.1053624720556263e-04 | 1
 26,  6 |   6.4434114229917531e-05 |   6.4434114229917531e-05 | 1
 26,  7 |   5.0999418284758071e-05 |   5.0999418284758071e-05 | 1
 26,  8 |   3.5960133714198284e-05 |   3.5960133714198284e-05 | 1
 26,  9 |   6.7778394386257132e-05 |   6.7778394386257132e-05 | 1
 26, 10 |   9.7514271171184393e-06 |   9.7514271171184393e-06 | 1
 26, 11 |   8.4761917335645498e-05 |   8.4761917335645498e-05 | 1
 26, 12 |   2.9006716435827079e-05 |   2.9006716435827079e-05 | 1
 26, 13 |   4.8168916747650886e-05 |   4.8168916747650886e-05 | 1
 26, 14 |   5.7728127278762020e-05 |   5.7728127278762020e-05 | 1
 26, 15 |   1.9986779721382873e-05 |   1.9986779721382873e-05 | 1
 26, 16 |   2.0378890844517451e-05 |   2.0378890844517451e-05 | 1
 26, 17 |   8.4030370786145216e-05 |   8.4030370786145216e-05 | 1
 26, 18 |   9.6026334812001588e-05 |   9.6026334812001588e-05 | 1
 26, 19 |   3.8455176087086546e-05 |   3.8455176087086546e-05 | 1
 26, 20 |   8.6647774605020316e-05 |   8.6647774605020316e-05 | 1
 26, 21 |   1.2246918579622120e-04 |   1.2246918579622120e-04 | 1
 26, 22 |   5.3473898901574833e-05 |   5.3473898901574833e-05 | 1
 26, 23 |   7.6964032744330417e-05 |   7.6964032744330417e-05 | 1
 26, 24 |   6.1757967806124302e-05 |   6.1757967806124302e-05 | 1
 26, 25 |   5.9195189333130234e-05 |   5.9195189333130234e-05 | 1
 26, 26 |   3.4137754405323781e-02 |   3.4137754405323781e-02 | 1
 26, 27 |   6.6508197663121610e-05 |   6.6508197663121610e-05 | 1
 26, 28 |   7.1155991934683608e-05 |   7.1155991934683608e-05 | 1
 26, 29 |   6.6292468684888393e-05 |   6.6292468684888393e-05 | 1
 26, 30 |   7.3843278547640619e-05 |   7.3843278547640619e-05 | 1
 26, 31 |   6.2533890439202752e-05 |   6.2533890439202752e-05 | 1
 26, 32 |   5.2917527878326549e-05 |   5.2917527878326549e-05 | 1
 26, 33 |  -7.1342309684623495e-05 |  -7.1342309684623495e-05 | 1
 26, 34 |   3.8100748881480955e-05 |   3.8100748881480955e-05 | 1
 26, 35 |  -7.4550703597233098e-05 |  -7.4550703597233098e-05 | 1
 26, 36 |  -8.2554879035102584e-05 |  -8.2554879035102584e-05 | 1
 26, 37 |  -9.1314103830695615e-05 |  -9.1314103830695615e-05 | 1
 26, 38 |  -8.2134700039354457e-05 |  -8.2134700039354457e-05 | 1
 26, 39 |  -1.0325968970261108e-05 |  -1.0325968970261108e-05 | 1
 26, 40 |   8.5866973184054807e-05 |   8.5866973184054807e-05 | 1
 26, 41 |  -5.3440635365230836e-05 |  -5.3440635365230836e-05 | 1
 27,  1 |   5.2099506516719671e-05 |   5.2099506516719671e-05 | 1
 27,  2 |   2.5239659877020410e-05 |   2.5239659877020410e-05 | 1
 27,  3 |   2.4492548365988734e-05 |   2.4492548365988734e-05 | 1
 27,  4 |  -8.6931258396121962e-05 |  -8.6931258396121962e-05 | 1
 27,  5 |  -2.5187205840206421e-04 |  -2.5187205840206421e-04 | 1
 27,  6 |   2.8676762358311521e-04 |   2.8676762358311521e-04 | 1
 27,  7 |   2.5263583474304149e-05 |   2.5263583474304149e-05 | 1
 27,  8 |   4.0001775564863225e-05 |   4.0001775564863225e-05 | 1
 27,  9 |   8.4490594249453938e-05 |   8.4490594249453938e-05 | 1
 27, 10 |  -4.1583733450972609e-05 |  -4.1583733450972609e-05 | 1
 27, 11 |   4.8435131143492478e-03 |   4.8435131143492478e-03 | 1
 27, 12 |   4.2358063029026834e-04 |   4.2358063029026834e-04 | 1
 27, 13 |  -1.0444276195898266e-03 |  -1.0444276195898266e-03 | 1
 27, 14 |  -7.3763519444574319e-04 |  -7.3763519444574319e-04 | 1
 27, 15 |   3.2218906237844801e-03 |   3.2218906237844801e-03 | 1
 27, 16 |   2.0670955594667153e-04 |   2.0670955594667153e-04 | 1
 27, 17 |   3.8009355442615629e-05 |   3.8009355442615629e-05 | 1
 27, 18 |  -4.1253606708506141e-05 |  -4.1253606708506141e-05 | 1
 27, 19 |  -6.3942575899982100e-04 |  -6.3942575899982100e-04 | 1
 27, 20 |   1.3118965787096675e-04 |   1.3118965787096675e-04 | 1
 27, 21 |   6.1526115521391830e-04 |   6.1526115521391830e-04 | 1
 27, 22 |   1.1892935115017100e-03 |   1.1892935115017100e-03 | 1
 27, 23 |   1.5197834558203330e-04 |   1.5197834558203330e-04 | 1
 27, 24 |   6.6982205133666228e-04 |   6.6982205133666228e-04 | 1
 27, 25 |   2.3392409054946313e-04 |   2.3392409054946313e-04 | 1
 27, 26 |   6.6508197663121610e-05 |   6.6508197663121610e-05 | 1
 27, 27 |   1.2308388361557980e-02 |   1.2308388361557980e-02 | 1
 27, 28 |   1.1909378137305087e-03 |   1.1909378137305087e-03 | 1
 27, 29 |  -2.4404085003079288e-05 |  -2.4404085003079288e-05 | 1
 27, 30 |   1.0621427454511518e-03 |   1.0621427454511518e-03 | 1
 27, 31 |   1.7108190653699934e-03 |   1.7108190653699934e-03 | 1
 27, 32 |   7.1588399807436800e-04 |   7.1588399807436800e-04 | 1
 27, 33 |  -7.5779313628793789e-03 |  -7.5779313628793789e-03 | 1
 27, 34 |   3.5252715974079946e-03 |   3.5252715974079946e-03 | 1
 27, 35 |  -6.4545588705172460e-05 |  -6.4545588705172460e-05 | 1
 27, 36 |  -5.7415236353975134e-05 |  -5.7415236353975134e-05 | 1
 27, 37 |  -5.9215739508286470e-05 |  -5.9215739508286470e-05 | 1
 27, 38 |  -6.6677788708101500e-05 |  -6.6677788708101500e-05 | 1
 27, 39 |  -7.8033130727845815e-06 |  -7.8033130727845815e-06 | 1
 27, 40 |   6.2685700954259711e-05 |   6.2685700954259711e-05 | 1
 27, 41 |  -7.1576534561480678e-04 |  -7.1576534561480678e-04 | 1
 28,  1 |   5.8721056827206483e-05 |   5.8721056827206483e-05 | 1
 28,  2 |   5.1764455486326974e-05 |   5.1764455486326974e-05 | 1
 28,  3 |   4.3140684787209410e-05 |   4.3140684787209410e-05 | 1
 28,  4 |   4.5033492122259746e-05 |   4.5033492122259746e-05 | 1
 28,  5 |  -1.0341267023531858e-05 |  -1.0341267023531858e-05 | 1
 28,  6 |   5.8850416351948931e-05 |   5.8850416351948931e-05 | 1
 28,  7 |   6.5198641129884108e-05 |   6.5198641129884108e-05 | 1
 28,  8 |   5.0433199484535718e-05 |   5.0433199484535718e-05 | 1
 28,  9 |   5.9741536458519516e-05 |   5.9741536458519516e-05 | 1
 28, 10 |   9.3576440351892320e-05 |   9.3576440351892320e-05 | 1
 28, 11 |   7.8637063092682033e-04 |   7.8637063092682033e-04 | 1
 28, 12 |   1.0238634094950073e-04 |   1.0238634094950073e-04 | 1
 28, 13 |  -6.6538426420100259e-05 |  -6.6538426420100259e-05 | 1
 28, 14 |  -1.6664368934209698e-05 |  -1.6664368934209698e-05 | 1
 28, 15 |   8.7355858104578221e-04 |   8.7355858104578221e-04 | 1
 28, 16 |   8.6818167806228746e-05 |   8.6818167806228746e-05 | 1
 28, 17 |   7.0676316099462156e-05 |   7.0676316099462156e-05 | 1
 28, 18 |   4.1829737391406774e-05 |   4.1829737391406774e-05 | 1
 28, 19 |   1.6357173130691605e-06 |   1.6357173130691605e-06 | 1
 28, 20 |   9.4254199507105249e-05 |   9.4254199507105249e-05 | 1
 28, 21 |   1.2213121272687993e-04 |   1.2213121272687993e-04 | 1
 28, 22 |   2.2072204970044029e-04 |   2.2072204970044029e-04 | 1
 28, 23 |   5.5411203599624941e-05 |   5.5411203599624941e-05 | 1
 28, 24 |   1.6839364873627967e-04 |   1.6839364873627967e-04 | 1
 28, 25 |   9.3716694801641184e-05 |   9.3716694801641184e-05 | 1
 28, 26 |   7.1155991934683608e-05 |   7.1155991934683608e-05 | 1
 28, 27 |   1.1909378137305087e-03 |   1.1909378137305087e-03 | 1
 28, 28 |   7.5296464026586305e-03 |   7.5296464026586305e-03 | 1
 28, 29 |   7.5904293261046154e-05 |   7.5904293261046154e-05 | 1
 28, 30 |   2.1403326594533371e-04 |   2.1403326594533371e-04 | 1
 28, 31 |   3.0585391525444930e-04 |   3.0585391525444930e-04 | 1
 28, 32 |   4.6735104898759965e-05 |   4.6735104898759965e-05 | 1
 28, 33 |  -9.9230068612927297e-04 |  -9.9230068612927297e-04 | 1
 28, 34 |   5.8461233080500728e-04 |   5.8461233080500728e-04 | 1
 28, 35 |  -5.0274964575546620e-05 |  -5.0274964575546620e-05 | 1
 28, 36 |  -6.4822267421812827e-05 |  -6.4822267421812827e-05 | 1
 28, 37 |  -5.8964100168409632e-05 |  -5.8964100168409632e-05 | 1
 28, 38 |  -6.1646342194442310e-05 |  -6.1646342194442310e-05 | 1
 28, 39 |  -2.7619928376832215e-05 |  -2.7619928376832215e-05 | 1
 28, 40 |   7.1106708952662885e-05 |   7.1106708952662885e-05 | 1
 28, 41 |  -4.6902290943525530e-05 |  -4.6902290943525530e-05 | 1
 29,  1 |   5.5890998766044317e-05 |   5.5890998766044317e-05 | 1
 29,  2 |   5.2016522203485855e-05 |   5.2016522203485855e-05 | 1
 29,  3 |   4.2554008993981733e-05 |   4.2554008993981733e-05 | 1
 29,  4 |   6.3127857857119576e-05 |   6.3127857857119576e-05 | 1
 29,  5 |   3.0205498251078050e-05 |   3.0205498251078050e-05 | 1
 29,  6 |   2.0468064380260672e-05 |   2.0468064380260672e-05 | 1
 29,  7 |   6.7120426842296759e-05 |   6.7120426842296759e-05 | 1
 29,  8 |   5.1860134742484079e-05 |   5.1860134742484079e-05 | 1
 29,  9 |   5.1405462554159966e-05 |   5.1405462554159966e-05 | 1
 29, 10 |   1.2509725165324321e-04 |   1.2509725165324321e-04 | 1
 29, 11 |   8.8145047946820780e-05 |   8.8145047946820780e-05 | 1
 29, 12 |   4.6978996398502751e-05 |   4.6978996398502751e-05 | 1
 29, 13 |   1.0163058550385872e-04 |   1.0163058550385872e-04 | 1
 29, 14 |   1.0261436846839492e-04 |   1.0261436846839492e-04 | 1
 29, 15 |   4.9478825680905939e-04 |   4.9478825680905939e-04 | 1
 29, 16 |   6.4089539053405485e-05 |   6.4089539053405485e-05 | 1
 29, 17 |   7.1944504045880705e-05 |   7.1944504045880705e-05 | 1
 29, 18 |   4.9865883510918639e-05 |   4.9865883510918639e-05 | 1
 29, 19 |   1.1361427336496527e-04 |   1.1361427336496527e-04 | 1
 29, 20 |   8.2227152534936502e-05 |   8.2227152534936502e-05 | 1
 29, 21 |   3.5591547881973614e-05 |   3.5591547881973614e-05 | 1
 29, 22 |   5.4142976589649580e-05 |   5.4142976589649580e-05 | 1
 29, 23 |   3.5554442764354821e-05 |   3.5554442764354821e-05 | 1
 29, 24 |   8.4048020697528414e-05 |   8.4048020697528414e-05 | 1
 29, 25 |   6.9312393619449240e-05 |   6.9312393619449240e-05 | 1
 29, 26 |   6.6292468684888393e-05 |   6.6292468684888393e-05 | 1
 29, 27 |  -2.4404085003079288e-05 |  -2.4404085003079288e-05 | 1
 29, 28 |   7.5904293261046154e-05 |   7.5904293261046154e-05 | 1
 29, 29 |   1.1428260543594290e-02 |   1.1428260543594290e-02 | 1
 29, 30 |   6.8241209628578831e-05 |   6.8241209628578831e-05 | 1
 29, 31 |   6.2959675254482841e-05 |   6.2959675254482841e-05 | 1
 29, 32 |  -7.5264439071817983e-05 |  -7.5264439071817983e-05 | 1
 29, 33 |   1.4423900496344808e-04 |   1.4423900496344808e-04 | 1
 29, 34 |   8.1932414343641592e-05 |   8.1932414343641592e-05 | 1
 29, 35 |  -4.7748927935035849e-05 |  -4.7748927935035849e-05 | 1
 29, 36 |  -5.6876988328997739e-05 |  -5.6876988328997739e-05 | 1
 29, 37 |  -6.2280562087437189e-05 |  -6.2280562087437189e-05 | 1
 29, 38 |  -6.4230066106100615e-05 |  -6.4230066106100615e-05 | 1
 29, 39 |  -2.2879630165834061e-05 |  -2.2879630165834061e-05 | 1
 29, 40 |   6.7868061920174779e-05 |   6.7868061920174779e-05 | 1
 29, 41 |   7.6101333266960898e-05 |   7.6101333266960898e-05 | 1
 30,  1 |   5.6358214701588104e-05 |   5.6358214701588104e-05 | 1
 30,  2 |   4.9164686951392938e-05 |   4.9164686951392938e-05 | 1
 30,  3 |   3.9596524637295370e-05 |   3.9596524637295370e-05 | 1
 30,  4 |   3.9263565452546921e-05 |   3.9263565452546921e-05 | 1
 30,  5 |   1.9811729578024893e-05 |   1.9811729578024893e-05 | 1
 30,  6 |   6.6577901379056488e-05 |   6.6577901379056488e-05 | 1
 30,  7 |   5.5096995864047817e-05 |   5.5096995864047817e-05 | 1
 30,  8 |   4.5915859149003456e-05 |   4.5915859149003456e-05 | 1
 30,  9 |   5.9465061429073377e-05 |   5.9465061429073377e-05 | 1
 30, 10 |   6.9108035797507905e-05 |   6.9108035797507905e-05 | 1
 30, 11 |   6.9967869024471795e-04 |   6.9967869024471795e-04 | 1
 30, 12 |   8.5402216624928410e-05 |   8.5402216624928410e-05 | 1
 30, 13 |  -6.0218936770515134e-05 |  -6.0218936770515134e-05 | 1
 30, 14 |  -1.1782453403097731e-05 |  -1.1782453403097731e-05 | 1
 30, 15 |   7.1158033383720578e-04 |   7.1158033383720578e-04 | 1
 30, 16 |   7.4327543911196473e-05 |   7.4327543911196473e-05 | 1
 30, 17 |   6.8357956883725830e-05 |   6.8357956883725830e-05 | 1
 30, 18 |   4.4608380088166721e-05 |   4.4608380088166721e-05 | 1
 30, 19 |  -2.3154339738150361e-06 |  -2.3154339738150361e-06 | 1
 30, 20 |   8.5302376295375221e-05 |   8.5302376295375221e-05 | 1
 30, 21 |   1.3065614442460532e-04 |   1.3065614442460532e-04 | 1
 30, 22 |   1.9649489898198848e-04 |   1.9649489898198848e-04 | 1
 30, 23 |   5.5570501508137195e-05 |   5.5570501508137195e-05 | 1
 30, 24 |   1.5128773403222154e-04 |   1.5128773403222154e-04 | 1
 30, 25 |   8.4321945389381357e-05 |   8.4321945389381357e-05 | 1
 30, 26 |   7.3843278547640619e-05 |   7.3843278547640619e-05 | 1
 30, 27 |   1.0621427454511518e-03 |   1.0621427454511518e-03 | 1
 30, 28 |   2.1403326594533371e-04 |   2.1403326594533371e-04 | 1
 30, 29 |   6.8241209628578831e-05 |   6.8241209628578831e-05 | 1
 30, 30 |   1.0133471046265547e-02 |   1.0133471046265547e-02 | 1
 30, 31 |   2.6922330823542652e-04 |   2.6922330823542652e-04 | 1
 30, 32 |   5.8282146670739785e-05 |   5.8282146670739785e-05 | 1
 30, 33 |  -8.9569627312017445e-04 |  -8.9569627312017445e-04 | 1
 30, 34 |   5.0822654363959707e-04 |   5.0822654363959707e-04 | 1
 30, 35 |  -4.8377947787685941e-05 |  -4.8377947787685941e-05 | 1
 30, 36 |  -5.2611589542785671e-05 |  -5.2611589542785671e-05 | 1
 30, 37 |  -6.5464601943294196e-05 |  -6.5464601943294196e-05 | 1
 30, 38 |  -5.8805474143173796e-05 |  -5.8805474143173796e-05 | 1
 30, 39 |  -2.7152796761320607e-05 |  -2.7152796761320607e-05 | 1
 30, 40 |   6.9602414179179901e-05 |   6.9602414179179901e-05 | 1
 30, 41 |  -5.8018278802005136e-05 |  -5.8018278802005136e-05 | 1
 31,  1 |   5.3549955172271883e-05 |   5.3549955172271883e-05 | 1
 31,  2 |   4.1764869076831769e-05 |   4.1764869076831769e-05 | 1
 31,  3 |   3.8656720353228616e-05 |   3.8656720353228616e-05 | 1
 31,  4 |   2.7723047107604227e-05 |   2.7723047107604227e-05 | 1
 31,  5 |  -2.1683915560368889e-05 |  -2.1683915560368889e-05 | 1
 31,  6 |   7.4505357772312311e-05 |   7.4505357772312311e-05 | 1
 31,  7 |   5.6055349759368052e-05 |   5.6055349759368052e-05 | 1
 31,  8 |   4.5711488047146109e-05 |   4.5711488047146109e-05 | 1
 31,  9 |   5.7670520936408914e-05 |   5.7670520936408914e-05 | 1
 31, 10 |   7.7287784866126701e-05 |   7.7287784866126701e-05 | 1
 31, 11 |   1.0738212526113032e-03 |   1.0738212526113032e-03 | 1
 31, 12 |   1.2299182627794947e-04 |   1.2299182627794947e-04 | 1
 31, 13 |  -1.4229453986447653e-04 |  -1.4229453986447653e-04 | 1
 31, 14 |  -7.7682340433725975e-05 |  -7.7682340433725975e-05 | 1
 31, 15 |   9.6105576397574524e-04 |   9.6105576397574524e-04 | 1
 31, 16 |   9.2617736334543575e-05 |   9.2617736334543575e-05 | 1
 31, 17 |   6.1920638933558910e-05 |   6.1920638933558910e-05 | 1
 31, 18 |   2.2421167580480581e-05 |   2.2421167580480581e-05 | 1
 31, 19 |  -5.4819424592370077e-05 |  -5.4819424592370077e-05 | 1
 31, 20 |   8.5930895803239840e-05 |   8.5930895803239840e-05 | 1
 31, 21 |   1.5609613541771696e-04 |   1.5609613541771696e-04 | 1
 31, 22 |   2.8511830066448122e-04 |   2.8511830066448122e-04 | 1
 31, 23 |   5.8911689967652299e-05 |   5.8911689967652299e-05 | 1
 31, 24 |   1.9811614552355886e-04 |   1.9811614552355886e-04 | 1
 31, 25 |   9.8302378422393012e-05 |   9.8302378422393012e-05 | 1
 31, 26 |   6.2533890439202752e-05 |   6.2533890439202752e-05 | 1
 31, 27 |   1.7108190653699934e-03 |   1.7108190653699934e-03 | 1
 31, 28 |   3.0585391525444930e-04 |   3.0585391525444930e-04 | 1
 31, 29 |   6.2959675254482841e-05 |   6.2959675254482841e-05 | 1
 31, 30 |   2.6922330823542652e-04 |   2.6922330823542652e-04 | 1
 31, 31 |   2.2007771552117281e-02 |   2.2007771552117281e-02 | 1
 31, 32 |   1.0147338766829983e-04 |   1.0147338766829983e-04 | 1
 31, 33 |  -1.4832507019204508e-03 |  -1.4832507019204508e-03 | 1
 31, 34 |   7.9337413798175624e-04 |   7.9337413798175624e-04 | 1
 31, 35 |  -3.5658817285669401e-05 |  -3.5658817285669401e-05 | 1
 31, 36 |  -4.8760823979131109e-05 |  -4.8760823979131109e-05 | 1
 31, 37 |  -4.9753007356322240e-05 |  -4.9753007356322240e-05 | 1
 31, 38 |  -6.5206099432347283e-05 |  -6.5206099432347283e-05 | 1
 31, 39 |  -3.0602365858200278e-05 |  -3.0602365858200278e-05 | 1
 31, 40 |   6.3890373592210810e-05 |   6.3890373592210810e-05 | 1
 31, 41 |  -9.9517231925537236e-05 |  -9.9517231925537236e-05 | 1
 32,  1 |   1.3988567130596702e-05 |   1.3988567130596702e-05 | 1
 32,  2 |  -3.6391994375369128e-04 |  -3.6391994375369128e-04 | 1
 32,  3 |   1.3469136764010677e-05 |   1.3469136764010677e-05 | 1
 32,  4 |  -4.6159798154006141e-05 |  -4.6159798154006141e-05 | 1
 32,  5 |   1.4568849919405555e-04 |   1.4568849919405555e-04 | 1
 32,  6 |   9.5597505913631652e-05 |   9.5597505913631652e-05 | 1
 32,  7 |  -4.5165258200782388e-05 |  -4.5165258200782388e-05 | 1
 32,  8 |  -3.9503897549578935e-05 |  -3.9503897549578935e-05 | 1
 32,  9 |   2.7333767009350284e-05 |   2.7333767009350284e-05 | 1
 32, 10 |  -2.5331045357613149e-04 |  -2.5331045357613149e-04 | 1
 32, 11 |   2.8936207520578977e-04 |   2.8936207520578977e-04 | 1
 32, 12 |  -2.0286695009377759e-05 |  -2.0286695009377759e-05 | 1
 32, 13 |  -1.9733481616963575e-04 |  -1.9733481616963575e-04 | 1
 32, 14 |  -1.6370490126013437e-04 |  -1.6370490126013437e-04 | 1
 32, 15 |  -9.7405656276949794e-04 |  -9.7405656276949794e-04 | 1
 32, 16 |  -7.7745329990464826e-05 |  -7.7745329990464826e-05 | 1
 32, 17 |   3.7013326511553581e-06 |   3.7013326511553581e-06 | 1
 32, 18 |   4.8563400247194046e-05 |   4.8563400247194046e-05 | 1
 32, 19 |  -2.2237865648475573e-04 |  -2.2237865648475573e-04 | 1
 32, 20 |  -1.2667477540913128e-05 |  -1.2667477540913128e-05 | 1
 32, 21 |   1.8875382078817641e-04 |   1.8875382078817641e-04 | 1
 32, 22 |   6.6295892006838281e-05 |   6.6295892006838281e-05 | 1
 32, 23 |   8.1962934321317971e-05 |   8.1962934321317971e-05 | 1
 32, 24 |  -2.3594478220065874e-05 |  -2.3594478220065874e-05 | 1
 32, 25 |  -2.5839347980534871e-05 |  -2.5839347980534871e-05 | 1
 32, 26 |   5.2917527878326549e-05 |   5.2917527878326549e-05 | 1
 32, 27 |   7.1588399807436800e-04 |   7.1588399807436800e-04 | 1
 32, 28 |   4.6735104898759965e-05 |   4.6735104898759965e-05 | 1
 32, 29 |  -7.5264439071817983e-05 |  -7.5264439071817983e-05 | 1
 32, 30 |   5.8282146670739785e-05 |   5.8282146670739785e-05 | 1
 32, 31 |   1.0147338766829983e-04 |   1.0147338766829983e-04 | 1
 32, 32 |   4.3193405218647056e-04 |   4.3193405218647056e-04 | 1
 32, 33 |  -9.5381703170626373e-04 |  -9.5381703170626373e-04 | 1
 32, 34 |   1.2376849636199441e-04 |   1.2376849636199441e-04 | 1
 32, 35 |  -9.4303998074014625e-06 |  -9.4303998074014625e-06 | 1
 32, 36 |  -1.4768263379233037e-05 |  -1.4768263379233037e-05 | 1
 32, 37 |  -1.8505727078366989e-05 |  -1.8505727078366989e-05 | 1
 32, 38 |  -2.3167678714551111e-05 |  -2.3167678714551111e-05 | 1
 32, 39 |  -1.8970016292747373e-06 |  -1.8970016292747373e-06 | 1
 32, 40 |   1.7151976645810095e-05 |   1.7151976645810095e-05 | 1
 32, 41 |  -4.3095297538627768e-04 |  -4.3095297538627768e-04 | 1
 33,  1 |  -2.7010071155794226e-05 |  -2.7010071155794226e-05 | 1
 33,  2 |   6.0332124650404051e-06 |   6.0332124650404051e-06 | 1
 33,  3 |  -1.0099150889546598e-05 |  -1.0099150889546598e-05 | 1
 33,  4 |   1.5305847515036840e-04 |   1.5305847515036840e-04 | 1
 33,  5 |   8.2072976765598264e-05 |   8.2072976765598264e-05 | 1
 33,  6 |  -3.2293242425327027e-04 |  -3.2293242425327027e-04 | 1
 33,  7 |   5.7743979683980376e-05 |   5.7743979683980376e-05 | 1
 33,  8 |   3.6809567320951345e-05 |   3.6809567320951345e-05 | 1
 33,  9 |  -7.1179424808740990e-05 |  -7.1179424808740990e-05 | 1
 33, 10 |   3.5844659362289406e-04 |   3.5844659362289406e-04 | 1
 33, 11 |  -4.2356796599149725e-03 |  -4.2356796599149725e-03 | 1
 33, 12 |  -3.0526385855712259e-04 |  -3.0526385855712259e-04 | 1
 33, 13 |   1.1160487683316194e-03 |   1.1160487683316194e-03 | 1
 33, 14 |   8.2696743639839524e-04 |   8.2696743639839524e-04 | 1
 33, 15 |  -1.3981870476332495e-03 |  -1.3981870476332495e-03 | 1
 33, 16 |  -5.8177528373069834e-05 |  -5.8177528373069834e-05 | 1
 33, 17 |   2.7275546058867583e-06 |   2.7275546058867583e-06 | 1
 33, 18 |   1.6130653221875526e-05 |   1.6130653221875526e-05 | 1
 33, 19 |   8.1879686753333445e-04 |   8.1879686753333445e-04 | 1
 33, 20 |  -5.0262694679257350e-05 |  -5.0262694679257350e-05 | 1
 33, 21 |  -6.8271864882094317e-04 |  -6.8271864882094317e-04 | 1
 33, 22 |  -1.0113251199958947e-03 |  -1.0113251199958947e-03 | 1
 33, 23 |  -1.8440042551841988e-04 |  -1.8440042551841988e-04 | 1
 33, 24 |  -4.7867938943424524e-04 |  -4.7867938943424524e-04 | 1
 33, 25 |  -1.3117949329789541e-04 |  -1.3117949329789541e-04 | 1
 33, 26 |  -7.1342309684623495e-05 |  -7.1342309684623495e-05 | 1
 33, 27 |  -7.5779313628793789e-03 |  -7.5779313628793789e-03 | 1
 33, 28 |  -9.9230068612927297e-04 |  -9.9230068612927297e-04 | 1
 33, 29 |   1.4423900496344808e-04 |   1.4423900496344808e-04 | 1
 33, 30 |  -8.9569627312017445e-04 |  -8.9569627312017445e-04 | 1
 33, 31 |  -1.4832507019204508e-03 |  -1.4832507019204508e-03 | 1
 33, 32 |  -9.5381703170626373e-04 |  -9.5381703170626373e-04 | 1
 33, 33 |   7.2937952856075494e-03 |   7.2937952856075494e-03 | 1
 33, 34 |  -2.9894698928038307e-03 |  -2.9894698928038307e-03 | 1
 33, 35 |   2.9126211603904977e-05 |   2.9126211603904977e-05 | 1
 33, 36 |   3.5832671171996397e-05 |   3.5832671171996397e-05 | 1
 33, 37 |   3.3107757385713208e-05 |   3.3107757385713208e-05 | 1
 33, 38 |   4.6533285805316394e-05 |   4.6533285805316394e-05 | 1
 33, 39 |  -3.3673576019994430e-06 |  -3.3673576019994430e-06 | 1
 33, 40 |  -3.2732880264569188e-05 |  -3.2732880264569188e-05 | 1
 33, 41 |   9.5257652785158916e-04 |   9.5257652785158916e-04 | 1
 34,  1 |   5.0262158208655677e-05 |   5.0262158208655677e-05 | 1
 34,  2 |   4.1268934774761054e-05 |   4.1268934774761054e-05 | 1
 34,  3 |   2.9974372334150238e-05 |   2.9974372334150238e-05 | 1
 34,  4 |   2.1867155367046369e-05 |   2.1867155367046369e-05 | 1
 34,  5 |  -1.7919589680665018e-04 |  -1.7919589680665018e-04 | 1
 34,  6 |   9.7158204067839145e-05 |   9.7158204067839145e-05 | 1
 34,  7 |   7.8875342888548290e-05 |   7.8875342888548290e-05 | 1
 34,  8 |   7.1753751372438066e-05 |   7.1753751372438066e-05 | 1
 34,  9 |   5.5465428142385292e-05 |   5.5465428142385292e-05 | 1
 34, 10 |   1.9047481525441009e-04 |   1.9047481525441009e-04 | 1
 34, 11 |   2.1905240627601323e-03 |   2.1905240627601323e-03 | 1
 34, 12 |   2.3841815185362023e-04 |   2.3841815185362023e-04 | 1
 34, 13 |  -3.2907854944586729e-04 |  -3.2907854944586729e-04 | 1
 34, 14 |  -1.9848198993938380e-04 |  -1.9848198993938380e-04 | 1
 34, 15 |   2.3232979310808420e-03 |   2.3232979310808420e-03 | 1
 34, 16 |   1.7998721395091563e-04 |   1.7998721395091563e-04 | 1
 34, 17 |   5.8493092221218533e-05 |   5.8493092221218533e-05 | 1
 34, 18 |  -2.0089476224455348e-05 |  -2.0089476224455348e-05 | 1
 34, 19 |  -1.1993195751808545e-04 |  -1.1993195751808545e-04 | 1
 34, 20 |   1.1790621054999928e-04 |   1.1790621054999928e-04 | 1
 34, 21 |   2.1183950090822618e-04 |   2.1183950090822618e-04 | 1
 34, 22 |   5.5688522464324673e-04 |   5.5688522464324673e-04 | 1
 34, 23 |   5.0077807268073747e-05 |   5.0077807268073747e-05 | 1
 34, 24 |   3.7861463389399837e-04 |   3.7861463389399837e-04 | 1
 34, 25 |   1.6427428022881932e-04 |   1.6427428022881932e-04 | 1
 34, 26 |   3.8100748881480955e-05 |   3.8100748881480955e-05 | 1
 34, 27 |   3.5252715974079946e-03 |   3.5252715974079946e-03 | 1
 34, 28 |   5.8461233080500728e-04 |   5.8461233080500728e-04 | 1
 34, 29 |   8.1932414343641592e-05 |   8.1932414343641592e-05 | 1
 34, 30 |   5.0822654363959707e-04 |   5.0822654363959707e-04 | 1
 34, 31 |   7.9337413798175624e-04 |   7.9337413798175624e-04 | 1
 34, 32 |   1.2376849636199441e-04 |   1.2376849636199441e-04 | 1
 34, 33 |  -2.9894698928038307e-03 |  -2.9894698928038307e-03 | 1
 34, 34 |   2.3978665871133707e-03 |   2.3978665871133707e-03 | 1
 34, 35 |  -5.0461750690259619e-05 |  -5.0461750690259619e-05 | 1
 34, 36 |  -5.0787224444762919e-05 |  -5.0787224444762919e-05 | 1
 34, 37 |  -4.7210451265838489e-05 |  -4.7210451265838489e-05 | 1
 34, 38 |  -5.3943837962944749e-05 |  -5.3943837962944749e-05 | 1
 34, 39 |  -2.3105926854937468e-05 |  -2.3105926854937468e-05 | 1
 34, 40 |   6.0024226434692590e-05 |   6.0024226434692590e-05 | 1
 34, 41 |  -1.2372078965745476e-04 |  -1.2372078965745476e-04 | 1
 35,  1 |  -4.5745293840702119e-05 |  -4.5745293840702119e-05 | 1
 35,  2 |  -4.2605044700702154e-05 |  -4.2605044700702154e-05 | 1
 35,  3 |  -4.0327692354163803e-05 |  -4.0327692354163803e-05 | 1
 35,  4 |  -4.1292196191041261e-05 |  -4.1292196191041261e-05 | 1
 35,  5 |  -6.0030814925934032e-05 |  -6.0030814925934032e-05 | 1
 35,  6 |  -4.0259062683844669e-05 |  -4.0259062683844669e-05 | 1
 35,  7 |  -2.7061109650254544e-05 |  -2.7061109650254544e-05 | 1
 35,  8 |  -3.1818517362256998e-05 |  -3.1818517362256998e-05 | 1
 35,  9 |  -3.5073780309215525e-05 |  -3.5073780309215525e-05 | 1
 35, 10 |  -3.2335480684045425e-05 |  -3.2335480684045425e-05 | 1
 35, 11 |  -7.9656000439060840e-05 |  -7.9656000439060840e-05 | 1
 35, 12 |  -2.8137336839886643e-05 |  -2.8137336839886643e-05 | 1
 35, 13 |  -4.6233417935775346e-05 |  -4.6233417935775346e-05 | 1
 35, 14 |  -4.0972961884138468e-05 |  -4.0972961884138468e-05 | 1
 35, 15 |  -1.7847653755515046e-04 |  -1.7847653755515046e-04 | 1
 35, 16 |  -1.7941319639430751e-05 |  -1.7941319639430751e-05 | 1
 35, 17 |  -5.2417325846121105e-05 |  -5.2417325846121105e-05 | 1
 35, 18 |  -6.4003786963582438e-05 |  -6.4003786963582438e-05 | 1
 35, 19 |  -4.4849818048913938e-05 |  -4.4849818048913938e-05 | 1
 35, 20 |  -6.7388083539048928e-05 |  -6.7388083539048928e-05 | 1
 35, 21 |  -6.7630819993046582e-05 |  -6.7630819993046582e-05 | 1
 35, 22 |  -4.7721108093757225e-05 |  -4.7721108093757225e-05 | 1
 35, 23 |  -5.8912852943209620e-05 |  -5.8912852943209620e-05 | 1
 35, 24 |  -6.0644739793775390e-05 |  -6.0644739793775390e-05 | 1
 35, 25 |  -3.8323566088374058e-05 |  -3.8323566088374058e-05 | 1
 35, 26 |  -7.4550703597233098e-05 |  -7.4550703597233098e-05 | 1
 35, 27 |  -6.4545588705172460e-05 |  -6.4545588705172460e-05 | 1
 35, 28 |  -5.0274964575546620e-05 |  -5.0274964575546620e-05 | 1
 35, 29 |  -4.7748927935035849e-05 |  -4.7748927935035849e-05 | 1
 35, 30 |  -4.8377947787685941e-05 |  -4.8377947787685941e-05 | 1
 35, 31 |  -3.5658817285669401e-05 |  -3.5658817285669401e-05 | 1
 35, 32 |  -9.4303998074014625e-06 |  -9.4303998074014625e-06 | 1
 35, 33 |   2.9126211603904977e-05 |   2.9126211603904977e-05 | 1
 35, 34 |  -5.0461750690259619e-05 |  -5.0461750690259619e-05 | 1
 35, 35 |   6.9175935521151595e-05 |   6.9175935521151595e-05 | 1
 35, 36 |   5.5067797133100853e-05 |   5.5067797133100853e-05 | 1
 35, 37 |   5.3904310003332606e-05 |   5.3904310003332606e-05 | 1
 35, 38 |   5.4114508966763447e-05 |   5.4114508966763447e-05 | 1
 35, 39 |   7.1435090403458074e-07 |   7.1435090403458074e-07 | 1
 35, 40 |  -5.4790818549862063e-05 |  -5.4790818549862063e-05 | 1
 35, 41 |   1.0348292824586402e-05 |   1.0348292824586402e-05 | 1
 36,  1 |  -4.9375762535398486e-05 |  -4.9375762535398486e-05 | 1
 36,  2 |  -4.6065566435854398e-05 |  -4.6065566435854398e-05 | 1
 36,  3 |  -4.2355124245274249e-05 |  -4.2355124245274249e-05 | 1
 36,  4 |  -4.2532455939610630e-05 |  -4.2532455939610630e-05 | 1
 36,  5 |  -4.5971987809989036e-05 |  -4.5971987809989036e-05 | 1
 36,  6 |  -3.1090451531849063e-05 |  -3.1090451531849063e-05 | 1
 36,  7 |  -3.6061968621643776e-05 |  -3.6061968621643776e-05 | 1
 36,  8 |  -2.6223924131300184e-05 |  -2.6223924131300184e-05 | 1
 36,  9 |  -4.3235605375888743e-05 |  -4.3235605375888743e-05 | 1
 36, 10 |  -2.1251815279250560e-05 |  -2.1251815279250560e-05 | 1
 36, 11 |  -7.0850128385100281e-05 |  -7.0850128385100281e-05 | 1
 36, 12 |  -3.4739810049421929e-05 |  -3.4739810049421929e-05 | 1
 36, 13 |  -4.7469990673784451e-05 |  -4.7469990673784451e-05 | 1
 36, 14 |  -4.5791812707971852e-05 |  -4.5791812707971852e-05 | 1
 36, 15 |  -1.5895483275554399e-04 |  -1.5895483275554399e-04 | 1
 36, 16 |  -1.9120234147119780e-05 |  -1.9120234147119780e-05 | 1
 36, 17 |  -6.0136885660890941e-05 |  -6.0136885660890941e-05 | 1
 36, 18 |  -7.2430959291942305e-05 |  -7.2430959291942305e-05 | 1
 36, 19 |  -4.4334003548273870e-05 |  -4.4334003548273870e-05 | 1
 36, 20 |  -6.7025357278577643e-05 |  -6.7025357278577643e-05 | 1
 36, 21 |  -6.6056705504888606e-05 |  -6.6056705504888606e-05 | 1
 36, 22 |  -3.8415179712134921e-05 |  -3.8415179712134921e-05 | 1
 36, 23 |  -4.5324644006246539e-05 |  -4.5324644006246539e-05 | 1
 36, 24 |  -4.9347177120841642e-05 |  -4.9347177120841642e-05 | 1
 36, 25 |  -4.5734092536398133e-05 |  -4.5734092536398133e-05 | 1
 36, 26 |  -8.2554879035102584e-05 |  -8.2554879035102584e-05 | 1
 36, 27 |  -5.7415236353975134e-05 |  -5.7415236353975134e-05 | 1
 36, 28 |  -6.4822267421812827e-05 |  -6.4822267421812827e-05 | 1
 36, 29 |  -5.6876988328997739e-05 |  -5.6876988328997739e-05 | 1
 36, 30 |  -5.2611589542785671e-05 |  -5.2611589542785671e-05 | 1
 36, 31 |  -4.8760823979131109e-05 |  -4.8760823979131109e-05 | 1
 36, 32 |  -1.4768263379233037e-05 |  -1.4768263379233037e-05 | 1
 36, 33 |   3.5832671171996397e-05 |   3.5832671171996397e-05 | 1
 36, 34 |  -5.0787224444762919e-05 |  -5.0787224444762919e-05 | 1
 36, 35 |   5.5067797133100853e-05 |   5.5067797133100853e-05 | 1
 36, 36 |   7.3941577168728489e-05 |   7.3941577168728489e-05 | 1
 36, 37 |   6.1668868006519735e-05 |   6.1668868006519735e-05 | 1
 36, 38 |   6.1740717357898684e-05 |   6.1740717357898684e-05 | 1
 36, 39 |   6.5442508255831369e-07 |   6.5442508255831369e-07 | 1
 36, 40 |  -6.1519411764853691e-05 |  -6.1519411764853691e-05 | 1
 36, 41 |   1.5698314001137880e-05 |   1.5698314001137880e-05 | 1
 37,  1 |  -5.2321169790393350e-05 |  -5.2321169790393350e-05 | 1
 37,  2 |  -4.7510786635092254e-05 |  -4.7510786635092254e-05 | 1
 37,  3 |  -4.2191079922541136e-05 |  -4.2191079922541136e-05 | 1
 37,  4 |  -4.0510668290881432e-05 |  -4.0510668290881432e-05 | 1
 37,  5 |  -7.0336462643009106e-05 |  -7.0336462643009106e-05 | 1
 37,  6 |  -4.3923240135635368e-05 |  -4.3923240135635368e-05 | 1
 37,  7 |  -3.2456852050987351e-05 |  -3.2456852050987351e-05 | 1
 37,  8 |  -2.8446218835326384e-05 |  -2.8446218835326384e-05 | 1
 37,  9 |  -5.0678927790934064e-05 |  -5.0678927790934064e-05 | 1
 37, 10 |  -2.2733982361345563e-05 |  -2.2733982361345563e-05 | 1
 37, 11 |  -7.5737649466541362e-05 |  -7.5737649466541362e-05 | 1
 37, 12 |  -3.1709248665397685e-05 |  -3.1709248665397685e-05 | 1
 37, 13 |  -5.1827668977878617e-05 |  -5.1827668977878617e-05 | 1
 37, 14 |  -5.2006547056564412e-05 |  -5.2006547056564412e-05 | 1
 37, 15 |  -1.4246616539552329e-04 |  -1.4246616539552329e-04 | 1
 37, 16 |  -1.9570790151344647e-05 |  -1.9570790151344647e-05 | 1
 37, 17 |  -6.4870810627933262e-05 |  -6.4870810627933262e-05 | 1
 37, 18 |  -7.5431979037006498e-05 |  -7.5431979037006498e-05 | 1
 37, 19 |  -4.9272252906014631e-05 |  -4.9272252906014631e-05 | 1
 37, 20 |  -6.3265540936041821e-05 |  -6.3265540936041821e-05 | 1
 37, 21 |  -8.7216029702149526e-05 |  -8.7216029702149526e-05 | 1
 37, 22 |  -4.2659453073451911e-05 |  -4.2659453073451911e-05 | 1
 37, 23 |  -5.0118189971084636e-05 |  -5.0118189971084636e-05 | 1
 37, 24 |  -5.3495297034713051e-05 |  -5.3495297034713051e-05 | 1
 37, 25 |  -5.0977458227427340e-05 |  -5.0977458227427340e-05 | 1
 37, 26 |  -9.1314103830695615e-05 |  -9.1314103830695615e-05 | 1
 37, 27 |  -5.9215739508286470e-05 |  -5.9215739508286470e-05 | 1
 37, 28 |  -5.8964100168409632e-05 |  -5.8964100168409632e-05 | 1
 37, 29 |  -6.2280562087437189e-05 |  -6.2280562087437189e-05 | 1
 37, 30 |  -6.5464601943294196e-05 |  -6.5464601943294196e-05 | 1
 37, 31 |  -4.9753007356322240e-05 |  -4.9753007356322240e-05 | 1
 37, 32 |  -1.8505727078366989e-05 |  -1.8505727078366989e-05 | 1
 37, 33 |   3.3107757385713208e-05 |   3.3107757385713208e-05 | 1
 37, 34 |  -4.7210451265838489e-05 |  -4.7210451265838489e-05 | 1
 37, 35 |   5.3904310003332606e-05 |   5.3904310003332606e-05 | 1
 37, 36 |   6.1668868006519735e-05 |   6.1668868006519735e-05 | 1
 37, 37 |   8.1225621974427673e-05 |   8.1225621974427673e-05 | 1
 37, 38 |   7.0451892150811730e-05 |   7.0451892150811730e-05 | 1
 37, 39 |   4.6570500183804178e-07 |   4.6570500183804178e-07 | 1
 37, 40 |  -6.6471159321298959e-05 |  -6.6471159321298959e-05 | 1
 37, 41 |   1.8127562966230549e-05 |   1.8127562966230549e-05 | 1
 38,  1 |  -5.6189256941543508e-05 |  -5.6189256941543508e-05 | 1
 38,  2 |  -4.5781645209650113e-05 |  -4.5781645209650113e-05 | 1
 38,  3 |  -4.8914667177683712e-05 |  -4.8914667177683712e-05 | 1
 38,  4 |  -4.1299791888434762e-05 |  -4.1299791888434762e-05 | 1
 38,  5 |  -7.6911844524308161e-05 |  -7.6911844524308161e-05 | 1
 38,  6 |  -4.4243768637432961e-05 |  -4.4243768637432961e-05 | 1
 38,  7 |  -4.1650607718038215e-05 |  -4.1650607718038215e-05 | 1
 38,  8 |  -3.1407404583594497e-05 |  -3.1407404583594497e-05 | 1
 38,  9 |  -4.9620559282915908e-05 |  -4.9620559282915908e-05 | 1
 38, 10 |  -3.7056416108310940e-05 |  -3.7056416108310940e-05 | 1
 38, 11 |  -7.2588711292686294e-05 |  -7.2588711292686294e-05 | 1
 38, 12 |  -3.9574846019925351e-05 |  -3.9574846019925351e-05 | 1
 38, 13 |  -5.5116039987670116e-05 |  -5.5116039987670116e-05 | 1
 38, 14 |  -4.2603936076052228e-05 |  -4.2603936076052228e-05 | 1
 38, 15 |  -6.7393583988295815e-05 |  -6.7393583988295815e-05 | 1
 38, 16 |  -1.9207299666242661e-05 |  -1.9207299666242661e-05 | 1
 38, 17 |  -6.7480147267233101e-05 |  -6.7480147267233101e-05 | 1
 38, 18 |  -6.7888549885850244e-05 |  -6.7888549885850244e-05 | 1
 38, 19 |  -4.1992589902148560e-05 |  -4.1992589902148560e-05 | 1
 38, 20 |  -6.6451483208511498e-05 |  -6.6451483208511498e-05 | 1
 38, 21 |  -9.1065047485289433e-05 |  -9.1065047485289433e-05 | 1
 38, 22 |  -4.5055890909727523e-05 |  -4.5055890909727523e-05 | 1
 38, 23 |  -6.3594923413751837e-05 |  -6.3594923413751837e-05 | 1
 38, 24 |  -5.7403069263911730e-05 |  -5.7403069263911730e-05 | 1
 38, 25 |  -5.3936202480278204e-05 |  -5.3936202480278204e-05 | 1
 38, 26 |  -8.2134700039354457e-05 |  -8.2134700039354457e-05 | 1
 38, 27 |  -6.6677788708101500e-05 |  -6.6677788708101500e-05 | 1
 38, 28 |  -6.1646342194442310e-05 |  -6.1646342194442310e-05 | 1
 38, 29 |  -6.4230066106100615e-05 |  -6.4230066106100615e-05 | 1
 38, 30 |  -5.8805474143173796e-05 |  -5.8805474143173796e-05 | 1
 38, 31 |  -6.5206099432347283e-05 |  -6.5206099432347283e-05 | 1
 38, 32 |  -2.3167678714551111e-05 |  -2.3167678714551111e-05 | 1
 38, 33 |   4.6533285805316394e-05 |   4.6533285805316394e-05 | 1
 38, 34 |  -5.3943837962944749e-05 |  -5.3943837962944749e-05 | 1
 38, 35 |   5.4114508966763447e-05 |   5.4114508966763447e-05 | 1
 38, 36 |   6.1740717357898684e-05 |   6.1740717357898684e-05 | 1
 38, 37 |   7.0451892150811730e-05 |   7.0451892150811730e-05 | 1
 38, 38 |   9.4608638201153653e-05 |   9.4608638201153653e-05 | 1
 38, 39 |   6.0574042867005938e-07 |   6.0574042867005938e-07 | 1
 38, 40 |  -6.7294215642403453e-05 |  -6.7294215642403453e-05 | 1
 38, 41 |   1.9970436328865698e-05 |   1.9970436328865698e-05 | 1
 39,  1 |  -2.3234145607271874e-05 |  -2.3234145607271874e-05 | 1
 39,  2 |  -1.9786150168329354e-05 |  -1.9786150168329354e-05 | 1
 39,  3 |  -1.4739807146290247e-05 |  -1.4739807146290247e-05 | 1
 39,  4 |  -2.4077062012160225e-05 |  -2.4077062012160225e-05 | 1
 39,  5 |  -4.4872031101071005e-05 |  -4.4872031101071005e-05 | 1
 39,  6 |  -1.7970152841349842e-05 |  -1.7970152841349842e-05 | 1
 39,  7 |  -3.5835322435344766e-05 |  -3.5835322435344766e-05 | 1
 39,  8 |  -2.3764787030740460e-05 |  -2.3764787030740460e-05 | 1
 39,  9 |  -2.8821131468164155e-05 |  -2.8821131468164155e-05 | 1
 39, 10 |  -2.9974356077101013e-05 |  -2.9974356077101013e-05 | 1
 39, 11 |  -5.7805176365689136e-05 |  -5.7805176365689136e-05 | 1
 39, 12 |  -2.3033448194429462e-06 |  -2.3033448194429462e-06 | 1
 39, 13 |  -1.7428910382127468e-05 |  -1.7428910382127468e-05 | 1
 39, 14 |  -3.7978203395572745e-05 |  -3.7978203395572745e-05 | 1
 39, 15 |   5.4879630317256845e-06 |   5.4879630317256845e-06 | 1
 39, 16 |  -3.3568412648113699e-05 |  -3.3568412648113699e-05 | 1
 39, 17 |  -2.8034879899244432e-05 |  -2.8034879899244432e-05 | 1
 39, 18 |  -6.6176050383253663e-06 |  -6.6176050383253663e-06 | 1
 39, 19 |  -2.0446779877358080e-05 |  -2.0446779877358080e-05 | 1
 39, 20 |  -2.9724356950586502e-05 |  -2.9724356950586502e-05 | 1
 39, 21 |  -2.3499781599978695e-05 |  -2.3499781599978695e-05 | 1
 39, 22 |  -3.0842226608587079e-05 |  -3.0842226608587079e-05 | 1
 39, 23 |  -2.4377627835219984e-05 |  -2.4377627835219984e-05 | 1
 39, 24 |  -2.9002195659690836e-05 |  -2.9002195659690836e-05 | 1
 39, 25 |  -1.9685696820300729e-05 |  -1.9685696820300729e-05 | 1
 39, 26 |  -1.0325968970261108e-05 |  -1.0325968970261108e-05 | 1
 39, 27 |  -7.8033130727845815e-06 |  -7.8033130727845815e-06 | 1
 39, 28 |  -2.7619928376832215e-05 |  -2.7619928376832215e-05 | 1
 39, 29 |  -2.2879630165834061e-05 |  -2.2879630165834061e-05 | 1
 39, 30 |  -2.7152796761320607e-05 |  -2.7152796761320607e-05 | 1
 39, 31 |  -3.0602365858200278e-05 |  -3.0602365858200278e-05 | 1
 39, 32 |  -1.8970016292747373e-06 |  -1.8970016292747373e-06 | 1
 39, 33 |  -3.3673576019994430e-06 |  -3.3673576019994430e-06 | 1
 39, 34 |  -2.3105926854937468e-05 |  -2.3105926854937468e-05 | 1
 39, 35 |   7.1435090403458074e-07 |   7.1435090403458074e-07 | 1
 39, 36 |   6.5442508255831369e-07 |   6.5442508255831369e-07 | 1
 39, 37 |   4.6570500183804178e-07 |   4.6570500183804178e-07 | 1
 39, 38 |   6.0574042867005938e-07 |   6.0574042867005938e-07 | 1
 39, 39 |   4.9152896036698933e-05 |   4.9152896036698933e-05 | 1
 39, 40 |  -2.6065488980646638e-05 |  -2.6065488980646638e-05 | 1
 39, 41 |   1.7352419635632288e-06 |   1.7352419635632288e-06 | 1
 40,  1 |   6.1069934162026048e-05 |   6.1069934162026048e-05 | 1
 40,  2 |   5.4295489486153773e-05 |   5.4295489486153773e-05 | 1
 40,  3 |   4.9128718437825468e-05 |   4.9128718437825468e-05 | 1
 40,  4 |   5.2097551198489317e-05 |   5.2097551198489317e-05 | 1
 40,  5 |   8.3444293103348026e-05 |   8.3444293103348026e-05 | 1
 40,  6 |   4.7549479995589474e-05 |   4.7549479995589474e-05 | 1
 40,  7 |   5.1571410822008422e-05 |   5.1571410822008422e-05 | 1
 40,  8 |   4.0079239097679800e-05 |   4.0079239097679800e-05 | 1
 40,  9 |   5.8818738542085471e-05 |   5.8818738542085471e-05 | 1
 40, 10 |   4.1766563745165573e-05 |   4.1766563745165573e-05 | 1
 40, 11 |   1.0138302177531319e-04 |   1.0138302177531319e-04 | 1
 40, 12 |   3.3366275737790828e-05 |   3.3366275737790828e-05 | 1
 40, 13 |   5.6961977893127177e-05 |   5.6961977893127177e-05 | 1
 40, 14 |   6.3776296246450799e-05 |   6.3776296246450799e-05 | 1
 40, 15 |   1.2850252562885423e-04 |   1.2850252562885423e-04 | 1
 40, 16 |   3.5556700274355115e-05 |   3.5556700274355115e-05 | 1
 40, 17 |   7.3624806284595918e-05 |   7.3624806284595918e-05 | 1
 40, 18 |   7.1411522229429132e-05 |   7.1411522229429132e-05 | 1
 40, 19 |   5.4037871053249980e-05 |   5.4037871053249980e-05 | 1
 40, 20 |   7.8023061384716668e-05 |   7.8023061384716668e-05 | 1
 40, 21 |   8.7664950675536766e-05 |   8.7664950675536766e-05 | 1
 40, 22 |   5.7887029278379380e-05 |   5.7887029278379380e-05 | 1
 40, 23 |   6.4222814419579027e-05 |   6.4222814419579027e-05 | 1
 40, 24 |   6.6891115691630938e-05 |   6.6891115691630938e-05 | 1
 40, 25 |   5.6120423837541349e-05 |   5.6120423837541349e-05 | 1
 40, 26 |   8.5866973184054807e-05 |   8.5866973184054807e-05 | 1
 40, 27 |   6.2685700954259711e-05 |   6.2685700954259711e-05 | 1
 40, 28 |   7.1106708952662885e-05 |   7.1106708952662885e-05 | 1
 40, 29 |   6.7868061920174779e-05 |   6.7868061920174779e-05 | 1
 40, 30 |   6.9602414179179901e-05 |   6.9602414179179901e-05 | 1
 40, 31 |   6.3890373592210810e-05 |   6.3890373592210810e-05 | 1
 40, 32 |   1.7151976645810095e-05 |   1.7151976645810095e-05 | 1
 40, 33 |  -3.2732880264569188e-05 |  -3.2732880264569188e-05 | 1
 40, 34 |   6.0024226434692590e-05 |   6.0024226434692590e-05 | 1
 40, 35 |  -5.4790818549862063e-05 |  -5.4790818549862063e-05 | 1
 40, 36 |  -6.1519411764853691e-05 |  -6.1519411764853691e-05 | 1
 40, 37 |  -6.6471159321298959e-05 |  -6.6471159321298959e-05 | 1
 40, 38 |  -6.7294215642403453e-05 |  -6.7294215642403453e-05 | 1
 40, 39 |  -2.6065488980646638e-05 |  -2.6065488980646638e-05 | 1
 40, 40 |   9.6340558420538247e-05 |   9.6340558420538247e-05 | 1
 40, 41 |  -3.7201177079253623e-05 |  -3.7201177079253623e-05 | 1
 41,  1 |  -1.3529189202020156e-05 |  -1.3529189202020156e-05 | 1
 41,  2 |   3.6370666029074449e-04 |   3.6370666029074449e-04 | 1
 41,  3 |  -1.3091844886290247e-05 |  -1.3091844886290247e-05 | 1
 41,  4 |   4.5859305497900539e-05 |   4.5859305497900539e-05 | 1
 41,  5 |  -1.4328703435265294e-04 |  -1.4328703435265294e-04 | 1
 41,  6 |  -9.5405446222258307e-05 |  -9.5405446222258307e-05 | 1
 41,  7 |   4.5978912742098624e-05 |   4.5978912742098624e-05 | 1
 41,  8 |   3.9442864596123157e-05 |   3.9442864596123157e-05 | 1
 41,  9 |  -2.6594391027659488e-05 |  -2.6594391027659488e-05 | 1
 41, 10 |   2.5401819375450903e-04 |   2.5401819375450903e-04 | 1
 41, 11 |  -2.8989434617354395e-04 |  -2.8989434617354395e-04 | 1
 41, 12 |   2.0344091523490291e-05 |   2.0344091523490291e-05 | 1
 41, 13 |   1.9766624655735856e-04 |   1.9766624655735856e-04 | 1
 41, 14 |   1.6363298330410365e-04 |   1.6363298330410365e-04 | 1
 41, 15 |   9.6205458671879329e-04 |   9.6205458671879329e-04 | 1
 41, 16 |   7.7801700179072744e-05 |   7.7801700179072744e-05 | 1
 41, 17 |  -3.0708379508474430e-06 |  -3.0708379508474430e-06 | 1
 41, 18 |  -4.9294691675096843e-05 |  -4.9294691675096843e-05 | 1
 41, 19 |   2.2198990020799313e-04 |   2.2198990020799313e-04 | 1
 41, 20 |   1.2201038872710598e-05 |   1.2201038872710598e-05 | 1
 41, 21 |  -1.8686423717485481e-04 |  -1.8686423717485481e-04 | 1
 41, 22 |  -6.6443109090178284e-05 |  -6.6443109090178284e-05 | 1
 41, 23 |  -8.0773643828435275e-05 |  -8.0773643828435275e-05 | 1
 41, 24 |   2.3403844892079286e-05 |   2.3403844892079286e-05 | 1
 41, 25 |   2.6470588072740022e-05 |   2.6470588072740022e-05 | 1
 41, 26 |  -5.3440635365230836e-05 |  -5.3440635365230836e-05 | 1
 41, 27 |  -7.1576534561480678e-04 |  -7.1576534561480678e-04 | 1
 41, 28 |  -4.6902290943525530e-05 |  -4.6902290943525530e-05 | 1
 41, 29 |   7.6101333266960898e-05 |   7.6101333266960898e-05 | 1
 41, 30 |  -5.8018278802005136e-05 |  -5.8018278802005136e-05 | 1
 41, 31 |  -9.9517231925537236e-05 |  -9.9517231925537236e-05 | 1
 41, 32 |  -4.3095297538627768e-04 |  -4.3095297538627768e-04 | 1
 41, 33 |   9.5257652785158916e-04 |   9.5257652785158916e-04 | 1
 41, 34 |  -1.2372078965745476e-04 |  -1.2372078965745476e-04 | 1
 41, 35 |   1.0348292824586402e-05 |   1.0348292824586402e-05 | 1
 41, 36 |   1.5698314001137880e-05 |   1.5698314001137880e-05 | 1
 41, 37 |   1.8127562966230549e-05 |   1.8127562966230549e-05 | 1
 41, 38 |   1.9970436328865698e-05 |   1.9970436328865698e-05 | 1
 41, 39 |   1.7352419635632288e-06 |   1.7352419635632288e-06 | 1
 41, 40 |  -3.7201177079253623e-05 |  -3.7201177079253623e-05 | 1
 41, 41 |   4.7954509957960596e-04 |   4.7954509957960596e-04 | 1
