row,col | V_base                   | V_new                    | equal
  1,  1 |   3.3035848620066713e-04 |   3.3035848620066713e-04 | 1
  1,  2 |   6.8477260483977949e-05 |   6.8477260483977949e-05 | 1
  1,  3 |   5.0662257044173053e-05 |   5.0662257044173053e-05 | 1
  1,  4 |   6.7697983717350009e-05 |   6.7697983717350009e-05 | 1
  1,  5 |   1.1422283566805150e-04 |   1.1422283566805150e-04 | 1
  1,  6 |   5.7574499126530567e-05 |   5.7574499126530567e-05 | 1
  1,  7 |   6.1637347687508361e-05 |   6.1637347687508361e-05 | 1
  1,  8 |   5.5584151048338051e-05 |   5.5584151048338051e-05 | 1
  1,  9 |   6.8652115385092356e-05 |   6.8652115385092356e-05 | 1
  1, 10 |   5.3495146727763581e-05 |   5.3495146727763581e-05 | 1
  1, 11 |   1.2326435562812134e-04 |   1.2326435562812134e-04 | 1
  1, 12 |   3.9187319109591212e-05 |   3.9187319109591212e-05 | 1
  1, 13 |   5.9730094442688383e-05 |   5.9730094442688383e-05 | 1
  1, 14 |   7.3212855650967441e-05 |   7.3212855650967441e-05 | 1
  1, 15 |   1.2481172562656749e-04 |   1.2481172562656749e-04 | 1
  1, 16 |   5.1255110247972748e-05 |   5.1255110247972748e-05 | 1
  1, 17 |   8.8968761409561790e-05 |   8.8968761409561790e-05 | 1
  1, 18 |   8.8643612118124469e-05 |   8.8643612118124469e-05 | 1
  1, 19 |   7.5178421280088902e-05 |   7.5178421280088902e-05 | 1
  1, 20 |   8.1088238831590606e-05 |   8.1088238831590606e-05 | 1
  1, 21 |   1.0399365778106103e-04 |   1.0399365778106103e-04 | 1
  1, 22 |   6.8645557222314722e-05 |   6.8645557222314722e-05 | 1
  1, 23 |   7.2952989526097064e-05 |   7.2952989526097064e-05 | 1
  1, 24 |   7.7523149418128230e-05 |   7.7523149418128230e-05 | 1
  1, 25 |   7.0295423603049749e-05 |   7.0295423603049749e-05 | 1
  1, 26 |   8.7383185511303571e-05 |   8.7383185511303571e-05 | 1
  1, 27 |   7.7104126557394893e-05 |   7.7104126557394893e-05 | 1
  1, 28 |   7.6128135390275909e-05 |   7.6128135390275909e-05 | 1
  1, 29 |   7.2414654932351409e-05 |   7.2414654932351409e-05 | 1
  1, 30 |   7.7496978553966215e-05 |   7.7496978553966215e-05 | 1
  1, 31 |   8.2168135029753156e-05 |   8.2168135029753156e-05 | 1
  1, 32 |   1.9464221234200957e-05 |   1.9464221234200957e-05 | 1
  1, 33 |  -4.3288949762543456e-05 |  -4.3288949762543456e-05 | 1
  1, 34 |   7.1306886190418937e-05 |   7.1306886190418937e-05 | 1
  1, 35 |  -3.7859677648972192e-05 |  -3.7859677648972192e-05 | 1
  1, 36 |  -3.6527594499013533e-05 |  -3.6527594499013533e-05 | 1
  1, 37 |  -2.5797992394832988e-05 |  -2.5797992394832988e-05 | 1
  1, 38 |  -1.5053778518217899e-05 |  -1.5053778518217899e-05 | 1
  1, 39 |  -2.4448016986134457e-06 |  -2.4448016986134457e-06 | 1
  1, 40 |  -3.1309168622118338e-05 |  -3.1309168622118338e-05 | 1
  1, 41 |  -5.2625705242153990e-09 |  -5.2625705242153990e-09 | 1
  1, 42 |   7.1764978344779972e-05 |   7.1764978344779972e-05 | 1
  1, 43 |  -2.2151541153196634e-05 |  -2.2151541153196634e-05 | 1
  2,  1 |   6.8477260483977949e-05 |   6.8477260483977949e-05 | 1
  2,  2 |   1.2452946745409434e-03 |   1.2452946745409434e-03 | 1
  2,  3 |   4.5498366817561193e-05 |   4.5498366817561193e-05 | 1
  2,  4 |   6.2238426085402403e-05 |   6.2238426085402403e-05 | 1
  2,  5 |   9.4945813859527602e-05 |   9.4945813859527602e-05 | 1
  2,  6 |   4.7769315018233426e-05 |   4.7769315018233426e-05 | 1
  2,  7 |   5.4287264238056854e-05 |   5.4287264238056854e-05 | 1
  2,  8 |   5.0515712185944373e-05 |   5.0515712185944373e-05 | 1
  2,  9 |   5.9579539096402671e-05 |   5.9579539096402671e-05 | 1
  2, 10 |   5.2650666712500860e-05 |   5.2650666712500860e-05 | 1
  2, 11 |   9.8102416972992596e-05 |   9.8102416972992596e-05 | 1
  2, 12 |   3.6006368336386498e-05 |   3.6006368336386498e-05 | 1
  2, 13 |   6.0361350345303143e-05 |   6.0361350345303143e-05 | 1
  2, 14 |   7.1205504062197181e-05 |   7.1205504062197181e-05 | 1
  2, 15 |   1.6358572569321342e-04 |   1.6358572569321342e-04 | 1
  2, 16 |   4.7472017461137891e-05 |   4.7472017461137891e-05 | 1
  2, 17 |   7.8478215045460459e-05 |   7.8478215045460459e-05 | 1
  2, 18 |   7.8930334963496994e-05 |   7.8930334963496994e-05 | 1
  2, 19 |   7.3725669741647927e-05 |   7.3725669741647927e-05 | 1
  2, 20 |   7.4025720047049922e-05 |   7.4025720047049922e-05 | 1
  2, 21 |   8.4756184243834788e-05 |   8.4756184243834788e-05 | 1
  2, 22 |   5.9336827371393330e-05 |   5.9336827371393330e-05 | 1
  2, 23 |   6.2077329699164544e-05 |   6.2077329699164544e-05 | 1
  2, 24 |   7.0367138857192562e-05 |   7.0367138857192562e-05 | 1
  2, 25 |   6.2384455654949635e-05 |   6.2384455654949635e-05 | 1
  2, 26 |   7.9680985135242678e-05 |   7.9680985135242678e-05 | 1
  2, 27 |   4.6322376803655024e-05 |   4.6322376803655024e-05 | 1
  2, 28 |   6.7357022647012804e-05 |   6.7357022647012804e-05 | 1
  2, 29 |   6.6846285221537134e-05 |   6.6846285221537134e-05 | 1
  2, 30 |   6.8925978873874951e-05 |   6.8925978873874951e-05 | 1
  2, 31 |   6.6526708207536092e-05 |   6.6526708207536092e-05 | 1
  2, 32 |  -3.6477285401809146e-04 |  -3.6477285401809146e-04 | 1
  2, 33 |  -8.1245648717287484e-06 |  -8.1245648717287484e-06 | 1
  2, 34 |   5.9766254776969240e-05 |   5.9766254776969240e-05 | 1
  2, 35 |  -3.6674184837028666e-05 |  -3.6674184837028666e-05 | 1
  2, 36 |  -3.6445402682894402e-05 |  -3.6445402682894402e-05 | 1
  2, 37 |  -2.7483296981788948e-05 |  -2.7483296981788948e-05 | 1
  2, 38 |  -1.4627096382011083e-05 |  -1.4627096382011083e-05 | 1
  2, 39 |  -1.7111758929979704e-06 |  -1.7111758929979704e-06 | 1
  2, 40 |  -2.5554686697460579e-05 |  -2.5554686697460579e-05 | 1
  2, 41 |  -6.4277540477763829e-09 |  -6.4277540477763829e-09 | 1
  2, 42 |   6.5286979972436530e-05 |   6.5286979972436530e-05 | 1
  2, 43 |   3.6196316460067660e-04 |   3.6196316460067660e-04 | 1
  3,  1 |   5.0662257044173053e-05 |   5.0662257044173053e-05 | 1
  3,  2 |   4.5498366817561193e-05 |   4.5498366817561193e-05 | 1
  3,  3 |   1.1809870644729553e-02 |   1.1809870644729553e-02 | 1
  3,  4 |   4.5088033548646668e-05 |   4.5088033548646668e-05 | 1
  3,  5 |   8.9041966106876116e-05 |   8.9041966106876116e-05 | 1
  3,  6 |   3.9455204576539649e-05 |   3.9455204576539649e-05 | 1
  3,  7 |   3.7570684227022826e-05 |   3.7570684227022826e-05 | 1
  3,  8 |   3.6814342488386152e-05 |   3.6814342488386152e-05 | 1
  3,  9 |   4.0807847829346372e-05 |   4.0807847829346372e-05 | 1
  3, 10 |   2.8844355042788162e-05 |   2.8844355042788162e-05 | 1
  3, 11 |   6.0543336809205003e-05 |   6.0543336809205003e-05 | 1
  3, 12 |   2.1209756327435430e-05 |   2.1209756327435430e-05 | 1
  3, 13 |   4.1872407968199806e-05 |   4.1872407968199806e-05 | 1
  3, 14 |   5.1649450855657461e-05 |   5.1649450855657461e-05 | 1
  3, 15 |   6.1730628705052232e-05 |   6.1730628705052232e-05 | 1
  3, 16 |   3.0076019154955943e-05 |   3.0076019154955943e-05 | 1
  3, 17 |   6.0291818711078555e-05 |   6.0291818711078555e-05 | 1
  3, 18 |   5.8232783468677434e-05 |   5.8232783468677434e-05 | 1
  3, 19 |   4.5820799931053585e-05 |   4.5820799931053585e-05 | 1
  3, 20 |   5.8730302531812287e-05 |   5.8730302531812287e-05 | 1
  3, 21 |   6.9198467458715315e-05 |   6.9198467458715315e-05 | 1
  3, 22 |   4.0440755120599586e-05 |   4.0440755120599586e-05 | 1
  3, 23 |   4.6780099463470957e-05 |   4.6780099463470957e-05 | 1
  3, 24 |   5.2634619135881586e-05 |   5.2634619135881586e-05 | 1
  3, 25 |   4.4612352621468557e-05 |   4.4612352621468557e-05 | 1
  3, 26 |   5.8410899894250254e-05 |   5.8410899894250254e-05 | 1
  3, 27 |   2.8757708499175106e-05 |   2.8757708499175106e-05 | 1
  3, 28 |   4.8344452149873650e-05 |   4.8344452149873650e-05 | 1
  3, 29 |   4.6812800503455567e-05 |   4.6812800503455567e-05 | 1
  3, 30 |   4.6696988086305946e-05 |   4.6696988086305946e-05 | 1
  3, 31 |   4.8269835722218691e-05 |   4.8269835722218691e-05 | 1
  3, 32 |   1.5496611795417711e-05 |   1.5496611795417711e-05 | 1
  3, 33 |  -1.2063401468991551e-05 |  -1.2063401468991551e-05 | 1
  3, 34 |   3.3803982715002474e-05 |   3.3803982715002474e-05 | 1
  3, 35 |  -3.6780012594163556e-05 |  -3.6780012594163556e-05 | 1
  3, 36 |  -3.6139707200778042e-05 |  -3.6139707200778042e-05 | 1
  3, 37 |  -2.9719254560565682e-05 |  -2.9719254560565682e-05 | 1
  3, 38 |  -3.0702987667083845e-05 |  -3.0702987667083845e-05 | 1
  3, 39 |  -6.2518252154265142e-07 |  -6.2518252154265142e-07 | 1
  3, 40 |  -1.6957152748414219e-05 |  -1.6957152748414219e-05 | 1
  3, 41 |  -4.7435442032637086e-09 |  -4.7435442032637086e-09 | 1
  3, 42 |   5.2206764461705846e-05 |   5.2206764461705846e-05 | 1
  3, 43 |  -1.6286200275288994e-05 |  -1.6286200275288994e-05 | 1
  4,  1 |   6.7697983717350009e-05 |   6.7697983717350009e-05 | 1
  4,  2 |   6.2238426085402403e-05 |   6.2238426085402403e-05 | 1
  4,  3 |   4.5088033548646668e-05 |   4.5088033548646668e-05 | 1
  4,  4 |   1.8414735073549230e-03 |   1.8414735073549230e-03 | 1
  4,  5 |   7.6740264133269375e-05 |   7.6740264133269375e-05 | 1
  4,  6 |   3.4196060151991253e-05 |   3.4196060151991253e-05 | 1
  4,  7 |   6.4310576399817334e-05 |   6.4310576399817334e-05 | 1
  4,  8 |   5.7818185119512541e-05 |   5.7818185119512541e-05 | 1
  4,  9 |   5.6696623051620788e-05 |   5.6696623051620788e-05 | 1
  4, 10 |   9.4086410602555977e-05 |   9.4086410602555977e-05 | 1
  4, 11 |   6.0191486170435405e-05 |   6.0191486170435405e-05 | 1
  4, 12 |   3.8761134439711998e-05 |   3.8761134439711998e-05 | 1
  4, 13 |   8.7917071658541451e-05 |   8.7917071658541451e-05 | 1
  4, 14 |   9.6161350139266054e-05 |   9.6161350139266054e-05 | 1
  4, 15 |   2.9798140919091916e-04 |   2.9798140919091916e-04 | 1
  4, 16 |   6.1387588724984656e-05 |   6.1387588724984656e-05 | 1
  4, 17 |   7.8748450351440451e-05 |   7.8748450351440451e-05 | 1
  4, 18 |   6.9784052982171447e-05 |   6.9784052982171447e-05 | 1
  4, 19 |   1.0494319595221839e-04 |   1.0494319595221839e-04 | 1
  4, 20 |   7.7520934638516947e-05 |   7.7520934638516947e-05 | 1
  4, 21 |   5.6549040933283805e-05 |   5.6549040933283805e-05 | 1
  4, 22 |   5.0834420266504989e-05 |   5.0834420266504989e-05 | 1
  4, 23 |   5.4118000947912775e-05 |   5.4118000947912775e-05 | 1
  4, 24 |   7.5180057997284813e-05 |   7.5180057997284813e-05 | 1
  4, 25 |   6.6330930307217868e-05 |   6.6330930307217868e-05 | 1
  4, 26 |   6.9503212674138962e-05 |   6.9503212674138962e-05 | 1
  4, 27 |  -6.5032869944015015e-05 |  -6.5032869944015015e-05 | 1
  4, 28 |   6.1103789350133611e-05 |   6.1103789350133611e-05 | 1
  4, 29 |   7.7398366092868253e-05 |   7.7398366092868253e-05 | 1
  4, 30 |   5.9151056739586963e-05 |   5.9151056739586963e-05 | 1
  4, 31 |   5.2710478306522748e-05 |   5.2710478306522748e-05 | 1
  4, 32 |  -3.9548564864621333e-05 |  -3.9548564864621333e-05 | 1
  4, 33 |   1.3461298230929168e-04 |   1.3461298230929168e-04 | 1
  4, 34 |   4.0731216366160076e-05 |   4.0731216366160076e-05 | 1
  4, 35 |  -3.5097101635605110e-05 |  -3.5097101635605110e-05 | 1
  4, 36 |  -3.2660356400753604e-05 |  -3.2660356400753604e-05 | 1
  4, 37 |  -1.9995043153075562e-05 |  -1.9995043153075562e-05 | 1
  4, 38 |  -9.3897889859463658e-06 |  -9.3897889859463658e-06 | 1
  4, 39 |  -1.7923841553615702e-06 |  -1.7923841553615702e-06 | 1
  4, 40 |  -3.0008575386327818e-05 |  -3.0008575386327818e-05 | 1
  4, 41 |  -6.2334193880449670e-09 |  -6.2334193880449670e-09 | 1
  4, 42 |   6.3218936835466574e-05 |   6.3218936835466574e-05 | 1
  4, 43 |   3.6596262427231469e-05 |   3.6596262427231469e-05 | 1
  5,  1 |   1.1422283566805150e-04 |   1.1422283566805150e-04 | 1
  5,  2 |   9.4945813859527602e-05 |   9.4945813859527602e-05 | 1
  5,  3 |   8.9041966106876116e-05 |   8.9041966106876116e-05 | 1
  5,  4 |   7.6740264133269375e-05 |   7.6740264133269375e-05 | 1
  5,  5 |   2.3658123210720469e-02 |   2.3658123210720469e-02 | 1
  5,  6 |   1.1997136210937538e-04 |   1.1997136210937538e-04 | 1
  5,  7 |   6.0335065462031342e-05 |   6.0335065462031342e-05 | 1
  5,  8 |   6.2051133988967808e-05 |   6.2051133988967808e-05 | 1
  5,  9 |   1.0835922948057539e-04 |   1.0835922948057539e-04 | 1
  5, 10 |  -5.4012219778274244e-05 |  -5.4012219778274244e-05 | 1
  5, 11 |  -9.6931952625528277e-05 |  -9.6931952625528277e-05 | 1
  5, 12 |   1.1724855727706800e-05 |   1.1724855727706800e-05 | 1
  5, 13 |   6.8229983473914828e-05 |   6.8229983473914828e-05 | 1
  5, 14 |   6.7438728815105475e-05 |   6.7438728815105475e-05 | 1
  5, 15 |  -7.8933400953661590e-04 |  -7.8933400953661590e-04 | 1
  5, 16 |   1.1824231140586852e-05 |   1.1824231140586852e-05 | 1
  5, 17 |   1.2162035988170125e-04 |   1.2162035988170125e-04 | 1
  5, 18 |   1.5096064977265626e-04 |   1.5096064977265626e-04 | 1
  5, 19 |   3.1906344834588702e-05 |   3.1906344834588702e-05 | 1
  5, 20 |   8.8083223609722756e-05 |   8.8083223609722756e-05 | 1
  5, 21 |   2.1138247015943464e-04 |   2.1138247015943464e-04 | 1
  5, 22 |   4.4024951852867560e-05 |   4.4024951852867560e-05 | 1
  5, 23 |   1.6034730429813595e-04 |   1.6034730429813595e-04 | 1
  5, 24 |   4.3305381795796035e-05 |   4.3305381795796035e-05 | 1
  5, 25 |   6.3495110985252470e-05 |   6.3495110985252470e-05 | 1
  5, 26 |   1.4246290523951122e-04 |   1.4246290523951122e-04 | 1
  5, 27 |  -2.2210582327792728e-04 |  -2.2210582327792728e-04 | 1
  5, 28 |   1.9526802976490420e-05 |   1.9526802976490420e-05 | 1
  5, 29 |   6.0835140050083350e-05 |   6.0835140050083350e-05 | 1
  5, 30 |   5.9716790737844203e-05 |   5.9716790737844203e-05 | 1
  5, 31 |   2.2167199676885926e-05 |   2.2167199676885926e-05 | 1
  5, 32 |   1.5351932234843968e-04 |   1.5351932234843968e-04 | 1
  5, 33 |   6.1814758368313149e-05 |   6.1814758368313149e-05 | 1
  5, 34 |  -1.4622312673503326e-04 |  -1.4622312673503326e-04 | 1
  5, 35 |  -5.2858116239809995e-05 |  -5.2858116239809995e-05 | 1
  5, 36 |  -3.4292034668761598e-05 |  -3.4292034668761598e-05 | 1
  5, 37 |  -4.4892007214445909e-05 |  -4.4892007214445909e-05 | 1
  5, 38 |  -3.6261399104222419e-05 |  -3.6261399104222419e-05 | 1
  5, 39 |  -2.0458196569196966e-06 |  -2.0458196569196966e-06 | 1
  5, 40 |  -5.1690450225741496e-05 |  -5.1690450225741496e-05 | 1
  5, 41 |  -1.4923744026808692e-08 |  -1.4923744026808692e-08 | 1
  5, 42 |   1.0799885565662237e-04 |   1.0799885565662237e-04 | 1
  5, 43 |  -1.5536574258989038e-04 |  -1.5536574258989038e-04 | 1
  6,  1 |   5.7574499126530567e-05 |   5.7574499126530567e-05 | 1
  6,  2 |   4.7769315018233426e-05 |   4.7769315018233426e-05 | 1
  6,  3 |   3.9455204576539649e-05 |   3.9455204576539649e-05 | 1
  6,  4 |   3.4196060151991253e-05 |   3.4196060151991253e-05 | 1
  6,  5 |   1.1997136210937538e-04 |   1.1997136210937538e-04 | 1
  6,  6 |   2.0015054944932491e-02 |   2.0015054944932491e-02 | 1
  6,  7 |   2.7067267378453224e-05 |   2.7067267378453224e-05 | 1
  6,  8 |   3.0631508213391426e-05 |   3.0631508213391426e-05 | 1
  6,  9 |   5.4782194989465721e-05 |   5.4782194989465721e-05 | 1
  6, 10 |  -2.8398411333158555e-05 |  -2.8398411333158555e-05 | 1
  6, 11 |   2.0548518483627301e-04 |   2.0548518483627301e-04 | 1
  6, 12 |   2.3375822051622593e-05 |   2.3375822051622593e-05 | 1
  6, 13 |  -1.3888763220145729e-05 |  -1.3888763220145729e-05 | 1
  6, 14 |   2.0345061049899014e-06 |   2.0345061049899014e-06 | 1
  6, 15 |  -1.2382257779617462e-04 |  -1.2382257779617462e-04 | 1
  6, 16 |   1.6586683004896198e-05 |   1.6586683004896198e-05 | 1
  6, 17 |   6.1596122965559797e-05 |   6.1596122965559797e-05 | 1
  6, 18 |   7.3508332167725646e-05 |   7.3508332167725646e-05 | 1
  6, 19 |  -2.1632261888755674e-06 |  -2.1632261888755674e-06 | 1
  6, 20 |   5.2660115031911826e-05 |   5.2660115031911826e-05 | 1
  6, 21 |   1.2427175722935931e-04 |   1.2427175722935931e-04 | 1
  6, 22 |   8.1352033944556370e-05 |   8.1352033944556370e-05 | 1
  6, 23 |   7.4383683203066816e-05 |   7.4383683203066816e-05 | 1
  6, 24 |   5.7525975304069699e-05 |   5.7525975304069699e-05 | 1
  6, 25 |   4.2437998679538088e-05 |   4.2437998679538088e-05 | 1
  6, 26 |   7.6463249881927937e-05 |   7.6463249881927937e-05 | 1
  6, 27 |   3.1871593029468440e-04 |   3.1871593029468440e-04 | 1
  6, 28 |   7.1040605812247614e-05 |   7.1040605812247614e-05 | 1
  6, 29 |   3.1321442730349391e-05 |   3.1321442730349391e-05 | 1
  6, 30 |   8.1744390276378972e-05 |   8.1744390276378972e-05 | 1
  6, 31 |   9.5477258356863742e-05 |   9.5477258356863742e-05 | 1
  6, 32 |   1.0113668053350187e-04 |   1.0113668053350187e-04 | 1
  6, 33 |  -3.4406533440173412e-04 |  -3.4406533440173412e-04 | 1
  6, 34 |   1.1555209492936040e-04 |   1.1555209492936040e-04 | 1
  6, 35 |  -3.4965406114957413e-05 |  -3.4965406114957413e-05 | 1
  6, 36 |  -2.2399952666596286e-05 |  -2.2399952666596286e-05 | 1
  6, 37 |  -2.5925424811688431e-05 |  -2.5925424811688431e-05 | 1
  6, 38 |  -1.6338037563430253e-05 |  -1.6338037563430253e-05 | 1
  6, 39 |  -1.6712565072075539e-06 |  -1.6712565072075539e-06 | 1
  6, 40 |  -2.3434584129412591e-05 |  -2.3434584129412591e-05 | 1
  6, 41 |  -3.2139117712114155e-09 |  -3.2139117712114155e-09 | 1
  6, 42 |   5.4286492100848984e-05 |   5.4286492100848984e-05 | 1
  6, 43 |  -1.0305099744188699e-04 |  -1.0305099744188699e-04 | 1
  7,  1 |   6.1637347687508361e-05 |   6.1637347687508361e-05 | 1
  7,  2 |   5.4287264238056854e-05 |   5.4287264238056854e-05 | 1
  7,  3 |   3.7570684227022826e-05 |   3.7570684227022826e-05 | 1
  7,  4 |   6.4310576399817334e-05 |   6.4310576399817334e-05 | 1
  7,  5 |   6.0335065462031342e-05 |   6.0335065462031342e-05 | 1
  7,  6 |   2.7067267378453224e-05 |   2.7067267378453224e-05 | 1
  7,  7 |   2.3195764249482363e-02 |   2.3195764249482363e-02 | 1
  7,  8 |   5.4347970118824438e-05 |   5.4347970118824438e-05 | 1
  7,  9 |   5.1517530365938126e-05 |   5.1517530365938126e-05 | 1
  7, 10 |   9.6397741515559477e-05 |   9.6397741515559477e-05 | 1
  7, 11 |   1.3691283779605811e-04 |   1.3691283779605811e-04 | 1
  7, 12 |   4.2357038546089349e-05 |   4.2357038546089349e-05 | 1
  7, 13 |   7.1168940771852273e-05 |   7.1168940771852273e-05 | 1
  7, 14 |   8.5940347742150580e-05 |   8.5940347742150580e-05 | 1
  7, 15 |   3.5140781455562546e-04 |   3.5140781455562546e-04 | 1
  7, 16 |   6.6947804619852796e-05 |   6.6947804619852796e-05 | 1
  7, 17 |   7.2619641502052437e-05 |   7.2619641502052437e-05 | 1
  7, 18 |   5.7035024943286408e-05 |   5.7035024943286408e-05 | 1
  7, 19 |   9.9077388375886789e-05 |   9.9077388375886789e-05 | 1
  7, 20 |   6.7039382501864512e-05 |   6.7039382501864512e-05 | 1
  7, 21 |   4.6287380801976329e-05 |   4.6287380801976329e-05 | 1
  7, 22 |   6.2557414348989450e-05 |   6.2557414348989450e-05 | 1
  7, 23 |   4.0336222229315910e-05 |   4.0336222229315910e-05 | 1
  7, 24 |   7.8583540707413945e-05 |   7.8583540707413945e-05 | 1
  7, 25 |   6.5454882708337983e-05 |   6.5454882708337983e-05 | 1
  7, 26 |   6.1116577810066966e-05 |   6.1116577810066966e-05 | 1
  7, 27 |   4.4193657160299582e-05 |   4.4193657160299582e-05 | 1
  7, 28 |   7.5307532038191568e-05 |   7.5307532038191568e-05 | 1
  7, 29 |   7.3957342404944184e-05 |   7.3957342404944184e-05 | 1
  7, 30 |   6.4394896939811547e-05 |   6.4394896939811547e-05 | 1
  7, 31 |   7.4498047589056032e-05 |   7.4498047589056032e-05 | 1
  7, 32 |  -4.1448699130757329e-05 |  -4.1448699130757329e-05 | 1
  7, 33 |   4.3321092034889700e-05 |   4.3321092034889700e-05 | 1
  7, 34 |   9.1534930100347768e-05 |   9.1534930100347768e-05 | 1
  7, 35 |  -1.8369698557016035e-05 |  -1.8369698557016035e-05 | 1
  7, 36 |  -2.1882646790009048e-05 |  -2.1882646790009048e-05 | 1
  7, 37 |  -4.3337688071628124e-06 |  -4.3337688071628124e-06 | 1
  7, 38 |   1.0502130935864133e-06 |   1.0502130935864133e-06 | 1
  7, 39 |  -2.6876828849014708e-06 |  -2.6876828849014708e-06 | 1
  7, 40 |  -4.4635196759809850e-05 |  -4.4635196759809850e-05 | 1
  7, 41 |   4.2675874144797362e-10 |   4.2675874144797362e-10 | 1
  7, 42 |   5.3268837963069558e-05 |   5.3268837963069558e-05 | 1
  7, 43 |   3.9795455311338201e-05 |   3.9795455311338201e-05 | 1
  8,  1 |   5.5584151048338051e-05 |   5.5584151048338051e-05 | 1
  8,  2 |   5.0515712185944373e-05 |   5.0515712185944373e-05 | 1
  8,  3 |   3.6814342488386152e-05 |   3.6814342488386152e-05 | 1
  8,  4 |   5.7818185119512541e-05 |   5.7818185119512541e-05 | 1
  8,  5 |   6.2051133988967808e-05 |   6.2051133988967808e-05 | 1
  8,  6 |   3.0631508213391426e-05 |   3.0631508213391426e-05 | 1
  8,  7 |   5.4347970118824438e-05 |   5.4347970118824438e-05 | 1
  8,  8 |   2.3353291106632469e-03 |   2.3353291106632469e-03 | 1
  8,  9 |   4.6928548278308559e-05 |   4.6928548278308559e-05 | 1
  8, 10 |   8.8490788897454051e-05 |   8.8490788897454051e-05 | 1
  8, 11 |   1.1614518138673886e-04 |   1.1614518138673886e-04 | 1
  8, 12 |   3.7236262425723730e-05 |   3.7236262425723730e-05 | 1
  8, 13 |   6.4058773507816991e-05 |   6.4058773507816991e-05 | 1
  8, 14 |   7.4349812509328240e-05 |   7.4349812509328240e-05 | 1
  8, 15 |   3.2062660544316117e-04 |   3.2062660544316117e-04 | 1
  8, 16 |   5.8924515169649975e-05 |   5.8924515169649975e-05 | 1
  8, 17 |   6.3760459649539838e-05 |   6.3760459649539838e-05 | 1
  8, 18 |   4.9090261917246612e-05 |   4.9090261917246612e-05 | 1
  8, 19 |   8.3492771785816225e-05 |   8.3492771785816225e-05 | 1
  8, 20 |   6.4263209433253784e-05 |   6.4263209433253784e-05 | 1
  8, 21 |   5.0321302439686550e-05 |   5.0321302439686550e-05 | 1
  8, 22 |   6.0794982343498742e-05 |   6.0794982343498742e-05 | 1
  8, 23 |   4.8020336890660643e-05 |   4.8020336890660643e-05 | 1
  8, 24 |   7.4931945826155980e-05 |   7.4931945826155980e-05 | 1
  8, 25 |   5.7446226519563508e-05 |   5.7446226519563508e-05 | 1
  8, 26 |   5.2432457231108459e-05 |   5.2432457231108459e-05 | 1
  8, 27 |   5.7258957477671008e-05 |   5.7258957477671008e-05 | 1
  8, 28 |   6.3947029940413311e-05 |   6.3947029940413311e-05 | 1
  8, 29 |   6.4520671398599422e-05 |   6.4520671398599422e-05 | 1
  8, 30 |   6.3875541568802954e-05 |   6.3875541568802954e-05 | 1
  8, 31 |   6.6426308397422363e-05 |   6.6426308397422363e-05 | 1
  8, 32 |  -3.2606177308852489e-05 |  -3.2606177308852489e-05 | 1
  8, 33 |   2.3136909128549538e-05 |   2.3136909128549538e-05 | 1
  8, 34 |   8.6921231436552814e-05 |   8.6921231436552814e-05 | 1
  8, 35 |  -2.6767202255637351e-05 |  -2.6767202255637351e-05 | 1
  8, 36 |  -1.8244455931650463e-05 |  -1.8244455931650463e-05 | 1
  8, 37 |  -1.2137876126432819e-05 |  -1.2137876126432819e-05 | 1
  8, 38 |  -6.1116970603633062e-06 |  -6.1116970603633062e-06 | 1
  8, 39 |  -1.3300482870451129e-06 |  -1.3300482870451129e-06 | 1
  8, 40 |  -2.8160511107095552e-05 |  -2.8160511107095552e-05 | 1
  8, 41 |  -6.7492404771149948e-09 |  -6.7492404771149948e-09 | 1
  8, 42 |   5.1143884726222942e-05 |   5.1143884726222942e-05 | 1
  8, 43 |   3.0279948527049412e-05 |   3.0279948527049412e-05 | 1
  9,  1 |   6.8652115385092356e-05 |   6.8652115385092356e-05 | 1
  9,  2 |   5.9579539096402671e-05 |   5.9579539096402671e-05 | 1
  9,  3 |   4.0807847829346372e-05 |   4.0807847829346372e-05 | 1
  9,  4 |   5.6696623051620788e-05 |   5.6696623051620788e-05 | 1
  9,  5 |   1.0835922948057539e-04 |   1.0835922948057539e-04 | 1
  9,  6 |   5.4782194989465721e-05 |   5.4782194989465721e-05 | 1
  9,  7 |   5.1517530365938126e-05 |   5.1517530365938126e-05 | 1
  9,  8 |   4.6928548278308559e-05 |   4.6928548278308559e-05 | 1
  9,  9 |   9.3824505175027651e-03 |   9.3824505175027651e-03 | 1
  9, 10 |   2.9935463808204439e-05 |   2.9935463808204439e-05 | 1
  9, 11 |   1.3498054505004293e-04 |   1.3498054505004293e-04 | 1
  9, 12 |   3.2227343494578906e-05 |   3.2227343494578906e-05 | 1
  9, 13 |   4.0863306172208427e-05 |   4.0863306172208427e-05 | 1
  9, 14 |   5.8971562533395389e-05 |   5.8971562533395389e-05 | 1
  9, 15 |   6.3123882675071704e-05 |   6.3123882675071704e-05 | 1
  9, 16 |   4.3481488033968001e-05 |   4.3481488033968001e-05 | 1
  9, 17 |   7.9409980943047532e-05 |   7.9409980943047532e-05 | 1
  9, 18 |   8.0764801059787040e-05 |   8.0764801059787040e-05 | 1
  9, 19 |   5.5402780266276872e-05 |   5.5402780266276872e-05 | 1
  9, 20 |   6.8145459554244585e-05 |   6.8145459554244585e-05 | 1
  9, 21 |   9.8377963244979409e-05 |   9.8377963244979409e-05 | 1
  9, 22 |   6.4668620052671423e-05 |   6.4668620052671423e-05 | 1
  9, 23 |   5.8645461251079071e-05 |   5.8645461251079071e-05 | 1
  9, 24 |   6.6119027093089228e-05 |   6.6119027093089228e-05 | 1
  9, 25 |   6.1094316570980728e-05 |   6.1094316570980728e-05 | 1
  9, 26 |   7.9349674204924462e-05 |   7.9349674204924462e-05 | 1
  9, 27 |   1.1180159874608598e-04 |   1.1180159874608598e-04 | 1
  9, 28 |   7.2473065025407946e-05 |   7.2473065025407946e-05 | 1
  9, 29 |   6.1895783493838048e-05 |   6.1895783493838048e-05 | 1
  9, 30 |   7.3935910630307586e-05 |   7.3935910630307586e-05 | 1
  9, 31 |   8.0825013953640353e-05 |   8.0825013953640353e-05 | 1
  9, 32 |   3.2920133135375801e-05 |   3.2920133135375801e-05 | 1
  9, 33 |  -9.1717367172988523e-05 |  -9.1717367172988523e-05 | 1
  9, 34 |   7.2114456942801516e-05 |   7.2114456942801516e-05 | 1
  9, 35 |  -2.7753131998213571e-05 |  -2.7753131998213571e-05 | 1
  9, 36 |  -3.1102394813426867e-05 |  -3.1102394813426867e-05 | 1
  9, 37 |  -2.5766373829292564e-05 |  -2.5766373829292564e-05 | 1
  9, 38 |  -1.1530100813413447e-05 |  -1.1530100813413447e-05 | 1
  9, 39 |  -2.2585657519724813e-06 |  -2.2585657519724813e-06 | 1
  9, 40 |  -3.6533103400810183e-05 |  -3.6533103400810183e-05 | 1
  9, 41 |  -2.5028631914775627e-09 |  -2.5028631914775627e-09 | 1
  9, 42 |   6.4001907253235808e-05 |   6.4001907253235808e-05 | 1
  9, 43 |  -3.4679183859336892e-05 |  -3.4679183859336892e-05 | 1
 10,  1 |   5.3495146727763581e-05 |   5.3495146727763581e-05 | 1
 10,  2 |   5.2650666712500860e-05 |   5.2650666712500860e-05 | 1
 10,  3 |   2.8844355042788162e-05 |   2.8844355042788162e-05 | 1
 10,  4 |   9.4086410602555977e-05 |   9.4086410602555977e-05 | 1
 10,  5 |  -5.4012219778274244e-05 |  -5.4012219778274244e-05 | 1
 10,  6 |  -2.8398411333158555e-05 |  -2.8398411333158555e-05 | 1
 10,  7 |   9.6397741515559477e-05 |   9.6397741515559477e-05 | 1
 10,  8 |   8.8490788897454051e-05 |   8.8490788897454051e-05 | 1
 10,  9 |   2.9935463808204439e-05 |   2.9935463808204439e-05 | 1
 10, 10 |   2.4841238642295572e-02 |   2.4841238642295572e-02 | 1
 10, 11 |   1.7360751496495679e-04 |   1.7360751496495679e-04 | 1
 10, 12 |   7.8058703993556041e-05 |   7.8058703993556041e-05 | 1
 10, 13 |   1.6722326531196061e-04 |   1.6722326531196061e-04 | 1
 10, 14 |   1.7025692480095921e-04 |   1.7025692480095921e-04 | 1
 10, 15 |   1.3351201218311710e-03 |   1.3351201218311710e-03 | 1
 10, 16 |   1.3648749935103776e-04 |   1.3648749935103776e-04 | 1
 10, 17 |   7.0356802094307844e-05 |   7.0356802094307844e-05 | 1
 10, 18 |   1.2008880413402150e-05 |   1.2008880413402150e-05 | 1
 10, 19 |   2.2803084207065474e-04 |   2.2803084207065474e-04 | 1
 10, 20 |   8.9575197557605768e-05 |   8.9575197557605768e-05 | 1
 10, 21 |  -6.3148270671945428e-05 |  -6.3148270671945428e-05 | 1
 10, 22 |   7.6766111745396156e-05 |   7.6766111745396156e-05 | 1
 10, 23 |  -6.7718094095612125e-06 |  -6.7718094095612125e-06 | 1
 10, 24 |   1.3898504131902941e-04 |   1.3898504131902941e-04 | 1
 10, 25 |   9.5622971499605196e-05 |   9.5622971499605196e-05 | 1
 10, 26 |   1.9872466133986304e-05 |   1.9872466133986304e-05 | 1
 10, 27 |  -6.0788840199930004e-05 |  -6.0788840199930004e-05 | 1
 10, 28 |   9.9196894900570440e-05 |   9.9196894900570440e-05 | 1
 10, 29 |   1.3391143678752131e-04 |   1.3391143678752131e-04 | 1
 10, 30 |   7.6947192378804300e-05 |   7.6947192378804300e-05 | 1
 10, 31 |   8.9231857374707526e-05 |   8.9231857374707526e-05 | 1
 10, 32 |  -2.5108399265405936e-04 |  -2.5108399265405936e-04 | 1
 10, 33 |   3.7544860398666538e-04 |   3.7544860398666538e-04 | 1
 10, 34 |   1.8891252635837438e-04 |   1.8891252635837438e-04 | 1
 10, 35 |  -2.6802308110046881e-05 |  -2.6802308110046881e-05 | 1
 10, 36 |  -1.2336356642974534e-05 |  -1.2336356642974534e-05 | 1
 10, 37 |  -4.5806163270223535e-06 |  -4.5806163270223535e-06 | 1
 10, 38 |  -9.3922763252275048e-06 |  -9.3922763252275048e-06 | 1
 10, 39 |  -1.5000360522734779e-06 |  -1.5000360522734779e-06 | 1
 10, 40 |  -3.5412141588450741e-05 |  -3.5412141588450741e-05 | 1
 10, 41 |  -4.0738651004820451e-09 |  -4.0738651004820451e-09 | 1
 10, 42 |   4.8039534266354090e-05 |   4.8039534266354090e-05 | 1
 10, 43 |   2.4979516709603154e-04 |   2.4979516709603154e-04 | 1
 11,  1 |   1.2326435562812134e-04 |   1.2326435562812134e-04 | 1
 11,  2 |   9.8102416972992596e-05 |   9.8102416972992596e-05 | 1
 11,  3 |   6.0543336809205003e-05 |   6.0543336809205003e-05 | 1
 11,  4 |   6.0191486170435405e-05 |   6.0191486170435405e-05 | 1
 11,  5 |  -9.6931952625528277e-05 |  -9.6931952625528277e-05 | 1
 11,  6 |   2.0548518483627301e-04 |   2.0548518483627301e-04 | 1
 11,  7 |   1.3691283779605811e-04 |   1.3691283779605811e-04 | 1
 11,  8 |   1.1614518138673886e-04 |   1.1614518138673886e-04 | 1
 11,  9 |   1.3498054505004293e-04 |   1.3498054505004293e-04 | 1
 11, 10 |   1.7360751496495679e-04 |   1.7360751496495679e-04 | 1
 11, 11 |   2.8645715343044989e-03 |   2.8645715343044989e-03 | 1
 11, 12 |   2.9055312123849888e-04 |   2.9055312123849888e-04 | 1
 11, 13 |  -4.1952603691177868e-04 |  -4.1952603691177868e-04 | 1
 11, 14 |  -2.4773703412244634e-04 |  -2.4773703412244634e-04 | 1
 11, 15 |   2.8276912582640345e-03 |   2.8276912582640345e-03 | 1
 11, 16 |   2.3424776895760753e-04 |   2.3424776895760753e-04 | 1
 11, 17 |   1.3216846963018519e-04 |   1.3216846963018519e-04 | 1
 11, 18 |   5.5655051701177744e-05 |   5.5655051701177744e-05 | 1
 11, 19 |  -1.6671439922029304e-04 |  -1.6671439922029304e-04 | 1
 11, 20 |   1.8973680156706199e-04 |   1.8973680156706199e-04 | 1
 11, 21 |   4.1089909195338154e-04 |   4.1089909195338154e-04 | 1
 11, 22 |   7.8454299112743278e-04 |   7.8454299112743278e-04 | 1
 11, 23 |   1.3210890704049119e-04 |   1.3210890704049119e-04 | 1
 11, 24 |   5.0529531182469997e-04 |   5.0529531182469997e-04 | 1
 11, 25 |   2.3520183245807921e-04 |   2.3520183245807921e-04 | 1
 11, 26 |   1.0665251273962546e-04 |   1.0665251273962546e-04 | 1
 11, 27 |   4.7431717063488657e-03 |   4.7431717063488657e-03 | 1
 11, 28 |   7.7048398122610718e-04 |   7.7048398122610718e-04 | 1
 11, 29 |   1.1698063805875597e-04 |   1.1698063805875597e-04 | 1
 11, 30 |   6.9533704945876713e-04 |   6.9533704945876713e-04 | 1
 11, 31 |   1.0731378358974039e-03 |   1.0731378358974039e-03 | 1
 11, 32 |   2.7839092217842471e-04 |   2.7839092217842471e-04 | 1
 11, 33 |  -4.0532464935192150e-03 |  -4.0532464935192150e-03 | 1
 11, 34 |   2.1481038468247485e-03 |   2.1481038468247485e-03 | 1
 11, 35 |  -6.3753677791338487e-05 |  -6.3753677791338487e-05 | 1
 11, 36 |  -4.5252491129821639e-05 |  -4.5252491129821639e-05 | 1
 11, 37 |  -2.3700388448295408e-05 |  -2.3700388448295408e-05 | 1
 11, 38 |   9.0828268860850370e-06 |   9.0828268860850370e-06 | 1
 11, 39 |  -6.2809186254716970e-06 |  -6.2809186254716970e-06 | 1
 11, 40 |  -7.8627770933923421e-05 |  -7.8627770933923421e-05 | 1
 11, 41 |   7.5861440374703525e-09 |   7.5861440374703525e-09 | 1
 11, 42 |   1.0706982042456206e-04 |   1.0706982042456206e-04 | 1
 11, 43 |  -2.8418462294498112e-04 |  -2.8418462294498112e-04 | 1
 12,  1 |   3.9187319109591212e-05 |   3.9187319109591212e-05 | 1
 12,  2 |   3.6006368336386498e-05 |   3.6006368336386498e-05 | 1
 12,  3 |   2.1209756327435430e-05 |   2.1209756327435430e-05 | 1
 12,  4 |   3.8761134439711998e-05 |   3.8761134439711998e-05 | 1
 12,  5 |   1.1724855727706800e-05 |   1.1724855727706800e-05 | 1
 12,  6 |   2.3375822051622593e-05 |   2.3375822051622593e-05 | 1
 12,  7 |   4.2357038546089349e-05 |   4.2357038546089349e-05 | 1
 12,  8 |   3.7236262425723730e-05 |   3.7236262425723730e-05 | 1
 12,  9 |   3.2227343494578906e-05 |   3.2227343494578906e-05 | 1
 12, 10 |   7.8058703993556041e-05 |   7.8058703993556041e-05 | 1
 12, 11 |   2.9055312123849888e-04 |   2.9055312123849888e-04 | 1
 12, 12 |   1.5705794766410618e-02 |   1.5705794766410618e-02 | 1
 12, 13 |   1.2327555355455175e-05 |   1.2327555355455175e-05 | 1
 12, 14 |   2.8617896472992435e-05 |   2.8617896472992435e-05 | 1
 12, 15 |   5.3739197929603003e-04 |   5.3739197929603003e-04 | 1
 12, 16 |   5.4359718016478114e-05 |   5.4359718016478114e-05 | 1
 12, 17 |   4.7844705567396058e-05 |   4.7844705567396058e-05 | 1
 12, 18 |   2.9139677262715561e-05 |   2.9139677262715561e-05 | 1
 12, 19 |   4.3718945524608286e-05 |   4.3718945524608286e-05 | 1
 12, 20 |   5.5469035661139196e-05 |   5.5469035661139196e-05 | 1
 12, 21 |   5.0535873794230239e-05 |   5.0535873794230239e-05 | 1
 12, 22 |   9.3115696746947320e-05 |   9.3115696746947320e-05 | 1
 12, 23 |   2.5216196478194883e-05 |   2.5216196478194883e-05 | 1
 12, 24 |   8.7372528278745865e-05 |   8.7372528278745865e-05 | 1
 12, 25 |   5.7342265317438342e-05 |   5.7342265317438342e-05 | 1
 12, 26 |   3.7674002030784563e-05 |   3.7674002030784563e-05 | 1
 12, 27 |   4.2380331812785847e-04 |   4.2380331812785847e-04 | 1
 12, 28 |   1.0718208460975905e-04 |   1.0718208460975905e-04 | 1
 12, 29 |   5.4196303449388983e-05 |   5.4196303449388983e-05 | 1
 12, 30 |   9.4793068943721986e-05 |   9.4793068943721986e-05 | 1
 12, 31 |   1.3208768565129870e-04 |   1.3208768565129870e-04 | 1
 12, 32 |  -1.6346443330660532e-05 |  -1.6346443330660532e-05 | 1
 12, 33 |  -2.9861538870998609e-04 |  -2.9861538870998609e-04 | 1
 12, 34 |   2.4093783689835139e-04 |   2.4093783689835139e-04 | 1
 12, 35 |  -2.5547960827485542e-05 |  -2.5547960827485542e-05 | 1
 12, 36 |  -3.0800423361953903e-05 |  -3.0800423361953903e-05 | 1
 12, 37 |  -2.3664280606938475e-05 |  -2.3664280606938475e-05 | 1
 12, 38 |  -2.7638680640524460e-05 |  -2.7638680640524460e-05 | 1
 12, 39 |  -2.6760433779671426e-07 |  -2.6760433779671426e-07 | 1
 12, 40 |  -3.7480607658236223e-06 |  -3.7480607658236223e-06 | 1
 12, 41 |  -6.7908712170086794e-09 |  -6.7908712170086794e-09 | 1
 12, 42 |   4.0725612182909373e-05 |   4.0725612182909373e-05 | 1
 12, 43 |   1.5235085945086154e-05 |   1.5235085945086154e-05 | 1
 13,  1 |   5.9730094442688383e-05 |   5.9730094442688383e-05 | 1
 13,  2 |   6.0361350345303143e-05 |   6.0361350345303143e-05 | 1
 13,  3 |   4.1872407968199806e-05 |   4.1872407968199806e-05 | 1
 13,  4 |   8.7917071658541451e-05 |   8.7917071658541451e-05 | 1
 13,  5 |   6.8229983473914828e-05 |   6.8229983473914828e-05 | 1
 13,  6 |  -1.3888763220145729e-05 |  -1.3888763220145729e-05 | 1
 13,  7 |   7.1168940771852273e-05 |   7.1168940771852273e-05 | 1
 13,  8 |   6.4058773507816991e-05 |   6.4058773507816991e-05 | 1
 13,  9 |   4.0863306172208427e-05 |   4.0863306172208427e-05 | 1
 13, 10 |   1.6722326531196061e-04 |   1.6722326531196061e-04 | 1
 13, 11 |  -4.1952603691177868e-04 |  -4.1952603691177868e-04 | 1
 13, 12 |   1.2327555355455175e-05 |   1.2327555355455175e-05 | 1
 13, 13 |   1.8120357705329344e-02 |   1.8120357705329344e-02 | 1
 13, 14 |   1.9850637967772861e-04 |   1.9850637967772861e-04 | 1
 13, 15 |   2.6478757987224543e-04 |   2.6478757987224543e-04 | 1
 13, 16 |   5.9024040141649427e-05 |   5.9024040141649427e-05 | 1
 13, 17 |   7.8199882467927089e-05 |   7.8199882467927089e-05 | 1
 13, 18 |   6.2768259038527735e-05 |   6.2768259038527735e-05 | 1
 13, 19 |   2.0828305661248393e-04 |   2.0828305661248393e-04 | 1
 13, 20 |   7.3008115644214341e-05 |   7.3008115644214341e-05 | 1
 13, 21 |  -3.7190123813734454e-05 |  -3.7190123813734454e-05 | 1
 13, 22 |  -6.7774344973296774e-05 |  -6.7774344973296774e-05 | 1
 13, 23 |   2.6191946298863292e-05 |   2.6191946298863292e-05 | 1
 13, 24 |   2.9304301808971135e-05 |   2.9304301808971135e-05 | 1
 13, 25 |   5.8364148201888172e-05 |   5.8364148201888172e-05 | 1
 13, 26 |   5.7226138071761663e-05 |   5.7226138071761663e-05 | 1
 13, 27 |  -9.6368376048964663e-04 |  -9.6368376048964663e-04 | 1
 13, 28 |  -4.6192173596675820e-05 |  -4.6192173596675820e-05 | 1
 13, 29 |   1.0458159330378866e-04 |   1.0458159330378866e-04 | 1
 13, 30 |  -3.8515570163634059e-05 |  -3.8515570163634059e-05 | 1
 13, 31 |  -1.1331674829712984e-04 |  -1.1331674829712984e-04 | 1
 13, 32 |  -1.7990509063334594e-04 |  -1.7990509063334594e-04 | 1
 13, 33 |   1.0181519365587818e-03 |   1.0181519365587818e-03 | 1
 13, 34 |  -2.9181996202202809e-04 |  -2.9181996202202809e-04 | 1
 13, 35 |  -4.4348795749193985e-05 |  -4.4348795749193985e-05 | 1
 13, 36 |  -4.4331773788007376e-05 |  -4.4331773788007376e-05 | 1
 13, 37 |  -4.5331878519417949e-05 |  -4.5331878519417949e-05 | 1
 13, 38 |  -4.5895374100759858e-05 |  -4.5895374100759858e-05 | 1
 13, 39 |   7.6979029998864043e-08 |   7.6979029998864043e-08 | 1
 13, 40 |  -1.7276549087183519e-05 |  -1.7276549087183519e-05 | 1
 13, 41 |  -8.7628871227022921e-09 |  -8.7628871227022921e-09 | 1
 13, 42 |   6.5095114877479368e-05 |   6.5095114877479368e-05 | 1
 13, 43 |   1.7924140263732454e-04 |   1.7924140263732454e-04 | 1
 14,  1 |   7.3212855650967441e-05 |   7.3212855650967441e-05 | 1
 14,  2 |   7.1205504062197181e-05 |   7.1205504062197181e-05 | 1
 14,  3 |   5.1649450855657461e-05 |   5.1649450855657461e-05 | 1
 14,  4 |   9.6161350139266054e-05 |   9.6161350139266054e-05 | 1
 14,  5 |   6.7438728815105475e-05 |   6.7438728815105475e-05 | 1
 14,  6 |   2.0345061049899014e-06 |   2.0345061049899014e-06 | 1
 14,  7 |   8.5940347742150580e-05 |   8.5940347742150580e-05 | 1
 14,  8 |   7.4349812509328240e-05 |   7.4349812509328240e-05 | 1
 14,  9 |   5.8971562533395389e-05 |   5.8971562533395389e-05 | 1
 14, 10 |   1.7025692480095921e-04 |   1.7025692480095921e-04 | 1
 14, 11 |  -2.4773703412244634e-04 |  -2.4773703412244634e-04 | 1
 14, 12 |   2.8617896472992435e-05 |   2.8617896472992435e-05 | 1
 14, 13 |   1.9850637967772861e-04 |   1.9850637967772861e-04 | 1
 14, 14 |   1.6219818717907574e-02 |   1.6219818717907574e-02 | 1
 14, 15 |   3.7136804158062920e-04 |   3.7136804158062920e-04 | 1
 14, 16 |   7.7795258233919677e-05 |   7.7795258233919677e-05 | 1
 14, 17 |   9.0332632007126987e-05 |   9.0332632007126987e-05 | 1
 14, 18 |   7.4969624080487477e-05 |   7.4969624080487477e-05 | 1
 14, 19 |   2.0280521431443129e-04 |   2.0280521431443129e-04 | 1
 14, 20 |   8.4868347495513824e-05 |   8.4868347495513824e-05 | 1
 14, 21 |  -1.1534709499237121e-05 |  -1.1534709499237121e-05 | 1
 14, 22 |  -1.6081124615999103e-05 |  -1.6081124615999103e-05 | 1
 14, 23 |   3.7095686185214358e-05 |   3.7095686185214358e-05 | 1
 14, 24 |   5.5741586879685536e-05 |   5.5741586879685536e-05 | 1
 14, 25 |   7.3116913916028463e-05 |   7.3116913916028463e-05 | 1
 14, 26 |   7.1350172334744172e-05 |   7.1350172334744172e-05 | 1
 14, 27 |  -7.1413471287329225e-04 |  -7.1413471287329225e-04 | 1
 14, 28 |  -7.2135179133138568e-07 |  -7.2135179133138568e-07 | 1
 14, 29 |   1.1323239213113155e-04 |   1.1323239213113155e-04 | 1
 14, 30 |   6.8577113384932381e-06 |   6.8577113384932381e-06 | 1
 14, 31 |  -5.3526726543846897e-05 |  -5.3526726543846897e-05 | 1
 14, 32 |  -1.5458127621166136e-04 |  -1.5458127621166136e-04 | 1
 14, 33 |   7.9183485735723029e-04 |   7.9183485735723029e-04 | 1
 14, 34 |  -1.7994989536448996e-04 |  -1.7994989536448996e-04 | 1
 14, 35 |  -3.6202400356702688e-05 |  -3.6202400356702688e-05 | 1
 14, 36 |  -3.8332344855439288e-05 |  -3.8332344855439288e-05 | 1
 14, 37 |  -3.6558205001111624e-05 |  -3.6558205001111624e-05 | 1
 14, 38 |  -1.8730190028545280e-05 |  -1.8730190028545280e-05 | 1
 14, 39 |  -1.2042761572498310e-06 |  -1.2042761572498310e-06 | 1
 14, 40 |  -4.2216284073306874e-05 |  -4.2216284073306874e-05 | 1
 14, 41 |  -6.4272475339257380e-09 |  -6.4272475339257380e-09 | 1
 14, 42 |   7.3534749761767961e-05 |   7.3534749761767961e-05 | 1
 14, 43 |   1.5242364775961575e-04 |   1.5242364775961575e-04 | 1
 15,  1 |   1.2481172562656749e-04 |   1.2481172562656749e-04 | 1
 15,  2 |   1.6358572569321342e-04 |   1.6358572569321342e-04 | 1
 15,  3 |   6.1730628705052232e-05 |   6.1730628705052232e-05 | 1
 15,  4 |   2.9798140919091916e-04 |   2.9798140919091916e-04 | 1
 15,  5 |  -7.8933400953661590e-04 |  -7.8933400953661590e-04 | 1
 15,  6 |  -1.2382257779617462e-04 |  -1.2382257779617462e-04 | 1
 15,  7 |   3.5140781455562546e-04 |   3.5140781455562546e-04 | 1
 15,  8 |   3.2062660544316117e-04 |   3.2062660544316117e-04 | 1
 15,  9 |   6.3123882675071704e-05 |   6.3123882675071704e-05 | 1
 15, 10 |   1.3351201218311710e-03 |   1.3351201218311710e-03 | 1
 15, 11 |   2.8276912582640345e-03 |   2.8276912582640345e-03 | 1
 15, 12 |   5.3739197929603003e-04 |   5.3739197929603003e-04 | 1
 15, 13 |   2.6478757987224543e-04 |   2.6478757987224543e-04 | 1
 15, 14 |   3.7136804158062920e-04 |   3.7136804158062920e-04 | 1
 15, 15 |   6.4657851655853915e-02 |   6.4657851655853915e-02 | 1
 15, 16 |   6.3578761972246146e-04 |   6.3578761972246146e-04 | 1
 15, 17 |   1.9106441708886801e-04 |   1.9106441708886801e-04 | 1
 15, 18 |  -5.6671984415811291e-05 |  -5.6671984415811291e-05 | 1
 15, 19 |   7.0879613658612352e-04 |   7.0879613658612352e-04 | 1
 15, 20 |   3.7203216189353829e-04 |   3.7203216189353829e-04 | 1
 15, 21 |  -2.2261525327844673e-04 |  -2.2261525327844673e-04 | 1
 15, 22 |   8.1868252406431445e-04 |   8.1868252406431445e-04 | 1
 15, 23 |  -1.2835862246774046e-04 |  -1.2835862246774046e-04 | 1
 15, 24 |   8.4556618390742907e-04 |   8.4556618390742907e-04 | 1
 15, 25 |   4.6225770198162760e-04 |   4.6225770198162760e-04 | 1
 15, 26 |   3.6212704870021453e-05 |   3.6212704870021453e-05 | 1
 15, 27 |   3.5650601596838791e-03 |   3.5650601596838791e-03 | 1
 15, 28 |   9.3637925224708996e-04 |   9.3637925224708996e-04 | 1
 15, 29 |   5.2400670328767163e-04 |   5.2400670328767163e-04 | 1
 15, 30 |   7.7232470956320205e-04 |   7.7232470956320205e-04 | 1
 15, 31 |   1.0477589810450646e-03 |   1.0477589810450646e-03 | 1
 15, 32 |  -9.9990196402586313e-04 |  -9.9990196402586313e-04 | 1
 15, 33 |  -1.5872789161837011e-03 |  -1.5872789161837011e-03 | 1
 15, 34 |   2.5171703745767659e-03 |   2.5171703745767659e-03 | 1
 15, 35 |  -1.8293390938435962e-04 |  -1.8293390938435962e-04 | 1
 15, 36 |  -1.6073424668329903e-04 |  -1.6073424668329903e-04 | 1
 15, 37 |  -1.3739261292034823e-04 |  -1.3739261292034823e-04 | 1
 15, 38 |  -5.2933996437266652e-05 |  -5.2933996437266652e-05 | 1
 15, 39 |  -6.1372920390230195e-07 |  -6.1372920390230195e-07 | 1
 15, 40 |   3.5160082653616785e-06 |   3.5160082653616785e-06 | 1
 15, 41 |  -8.9125910959074533e-09 |  -8.9125910959074533e-09 | 1
 15, 42 |   1.4687969059967897e-04 |   1.4687969059967897e-04 | 1
 15, 43 |   9.8536697098683596e-04 |   9.8536697098683596e-04 | 1
 16,  1 |   5.1255110247972748e-05 |   5.1255110247972748e-05 | 1
 16,  2 |   4.7472017461137891e-05 |   4.7472017461137891e-05 | 1
 16,  3 |   3.0076019154955943e-05 |   3.0076019154955943e-05 | 1
 16,  4 |   6.1387588724984656e-05 |   6.1387588724984656e-05 | 1
 16,  5 |   1.1824231140586852e-05 |   1.1824231140586852e-05 | 1
 16,  6 |   1.6586683004896198e-05 |   1.6586683004896198e-05 | 1
 16,  7 |   6.6947804619852796e-05 |   6.6947804619852796e-05 | 1
 16,  8 |   5.8924515169649975e-05 |   5.8924515169649975e-05 | 1
 16,  9 |   4.3481488033968001e-05 |   4.3481488033968001e-05 | 1
 16, 10 |   1.3648749935103776e-04 |   1.3648749935103776e-04 | 1
 16, 11 |   2.3424776895760753e-04 |   2.3424776895760753e-04 | 1
 16, 12 |   5.4359718016478114e-05 |   5.4359718016478114e-05 | 1
 16, 13 |   5.9024040141649427e-05 |   5.9024040141649427e-05 | 1
 16, 14 |   7.7795258233919677e-05 |   7.7795258233919677e-05 | 1
 16, 15 |   6.3578761972246146e-04 |   6.3578761972246146e-04 | 1
 16, 16 |   3.2233435321210608e-03 |   3.2233435321210608e-03 | 1
 16, 17 |   6.0678433954497442e-05 |   6.0678433954497442e-05 | 1
 16, 18 |   3.1930419806852788e-05 |   3.1930419806852788e-05 | 1
 16, 19 |   9.8916956625479704e-05 |   9.8916956625479704e-05 | 1
 16, 20 |   6.3380662170902318e-05 |   6.3380662170902318e-05 | 1
 16, 21 |   2.5129040954785817e-05 |   2.5129040954785817e-05 | 1
 16, 22 |   9.0135296891638827e-05 |   9.0135296891638827e-05 | 1
 16, 23 |   2.6920310737532107e-05 |   2.6920310737532107e-05 | 1
 16, 24 |   9.6582970150725628e-05 |   9.6582970150725628e-05 | 1
 16, 25 |   6.9422703914788397e-05 |   6.9422703914788397e-05 | 1
 16, 26 |   3.4617619911636086e-05 |   3.4617619911636086e-05 | 1
 16, 27 |   2.0985321193680537e-04 |   2.0985321193680537e-04 | 1
 16, 28 |   9.6730230224139276e-05 |   9.6730230224139276e-05 | 1
 16, 29 |   7.6135692854003380e-05 |   7.6135692854003380e-05 | 1
 16, 30 |   8.8457993165630910e-05 |   8.8457993165630910e-05 | 1
 16, 31 |   1.1000113772058619e-04 |   1.1000113772058619e-04 | 1
 16, 32 |  -7.2705278366790504e-05 |  -7.2705278366790504e-05 | 1
 16, 33 |  -5.6311313053468040e-05 |  -5.6311313053468040e-05 | 1
 16, 34 |   1.8811247134254710e-04 |   1.8811247134254710e-04 | 1
 16, 35 |  -1.2161070389877020e-05 |  -1.2161070389877020e-05 | 1
 16, 36 |  -1.0112295246142727e-05 |  -1.0112295246142727e-05 | 1
 16, 37 |  -1.2759297603272710e-06 |  -1.2759297603272710e-06 | 1
 16, 38 |   8.9699406343420879e-06 |   8.9699406343420879e-06 | 1
 16, 39 |  -1.5639097863075726e-06 |  -1.5639097863075726e-06 | 1
 16, 40 |  -3.8905116459374941e-05 |  -3.8905116459374941e-05 | 1
 16, 41 |  -5.3573607122475112e-09 |  -5.3573607122475112e-09 | 1
 16, 42 |   4.4740184620461248e-05 |   4.4740184620461248e-05 | 1
 16, 43 |   7.0469158792759085e-05 |   7.0469158792759085e-05 | 1
 17,  1 |   8.8968761409561790e-05 |   8.8968761409561790e-05 | 1
 17,  2 |   7.8478215045460459e-05 |   7.8478215045460459e-05 | 1
 17,  3 |   6.0291818711078555e-05 |   6.0291818711078555e-05 | 1
 17,  4 |   7.8748450351440451e-05 |   7.8748450351440451e-05 | 1
 17,  5 |   1.2162035988170125e-04 |   1.2162035988170125e-04 | 1
 17,  6 |   6.1596122965559797e-05 |   6.1596122965559797e-05 | 1
 17,  7 |   7.2619641502052437e-05 |   7.2619641502052437e-05 | 1
 17,  8 |   6.3760459649539838e-05 |   6.3760459649539838e-05 | 1
 17,  9 |   7.9409980943047532e-05 |   7.9409980943047532e-05 | 1
 17, 10 |   7.0356802094307844e-05 |   7.0356802094307844e-05 | 1
 17, 11 |   1.3216846963018519e-04 |   1.3216846963018519e-04 | 1
 17, 12 |   4.7844705567396058e-05 |   4.7844705567396058e-05 | 1
 17, 13 |   7.8199882467927089e-05 |   7.8199882467927089e-05 | 1
 17, 14 |   9.0332632007126987e-05 |   9.0332632007126987e-05 | 1
 17, 15 |   1.9106441708886801e-04 |   1.9106441708886801e-04 | 1
 17, 16 |   6.0678433954497442e-05 |   6.0678433954497442e-05 | 1
 17, 17 |   4.2828530931014620e-03 |   4.2828530931014620e-03 | 1
 17, 18 |   9.9881842113636854e-05 |   9.9881842113636854e-05 | 1
 17, 19 |   9.3615991990597810e-05 |   9.3615991990597810e-05 | 1
 17, 20 |   9.5073632515065270e-05 |   9.5073632515065270e-05 | 1
 17, 21 |   1.1176272584533813e-04 |   1.1176272584533813e-04 | 1
 17, 22 |   7.8142899753802413e-05 |   7.8142899753802413e-05 | 1
 17, 23 |   8.1416267483404954e-05 |   8.1416267483404954e-05 | 1
 17, 24 |   8.9934241296614413e-05 |   8.9934241296614413e-05 | 1
 17, 25 |   8.2139996198631271e-05 |   8.2139996198631271e-05 | 1
 17, 26 |   1.0359742132628388e-04 |   1.0359742132628388e-04 | 1
 17, 27 |   6.4648863711849188e-05 |   6.4648863711849188e-05 | 1
 17, 28 |   8.8776624931342655e-05 |   8.8776624931342655e-05 | 1
 17, 29 |   8.9013632423188969e-05 |   8.9013632423188969e-05 | 1
 17, 30 |   9.0756825134579339e-05 |   9.0756825134579339e-05 | 1
 17, 31 |   9.1206027882805853e-05 |   9.1206027882805853e-05 | 1
 17, 32 |   1.0824821472920916e-05 |   1.0824821472920916e-05 | 1
 17, 33 |  -1.6825596236720182e-05 |  -1.6825596236720182e-05 | 1
 17, 34 |   8.0075037080046263e-05 |   8.0075037080046263e-05 | 1
 17, 35 |  -4.5253433086645290e-05 |  -4.5253433086645290e-05 | 1
 17, 36 |  -4.8402154295282783e-05 |  -4.8402154295282783e-05 | 1
 17, 37 |  -4.0178226810839987e-05 |  -4.0178226810839987e-05 | 1
 17, 38 |  -2.8924198414602168e-05 |  -2.8924198414602168e-05 | 1
 17, 39 |  -2.2809770333747738e-06 |  -2.2809770333747738e-06 | 1
 17, 40 |  -3.5749185169276050e-05 |  -3.5749185169276050e-05 | 1
 17, 41 |  -5.9836341210791329e-09 |  -5.9836341210791329e-09 | 1
 17, 42 |   8.5655464189328623e-05 |   8.5655464189328623e-05 | 1
 17, 43 |  -1.3286803563114423e-05 |  -1.3286803563114423e-05 | 1
 18,  1 |   8.8643612118124469e-05 |   8.8643612118124469e-05 | 1
 18,  2 |   7.8930334963496994e-05 |   7.8930334963496994e-05 | 1
 18,  3 |   5.8232783468677434e-05 |   5.8232783468677434e-05 | 1
 18,  4 |   6.9784052982171447e-05 |   6.9784052982171447e-05 | 1
 18,  5 |   1.5096064977265626e-04 |   1.5096064977265626e-04 | 1
 18,  6 |   7.3508332167725646e-05 |   7.3508332167725646e-05 | 1
 18,  7 |   5.7035024943286408e-05 |   5.7035024943286408e-05 | 1
 18,  8 |   4.9090261917246612e-05 |   4.9090261917246612e-05 | 1
 18,  9 |   8.0764801059787040e-05 |   8.0764801059787040e-05 | 1
 18, 10 |   1.2008880413402150e-05 |   1.2008880413402150e-05 | 1
 18, 11 |   5.5655051701177744e-05 |   5.5655051701177744e-05 | 1
 18, 12 |   2.9139677262715561e-05 |   2.9139677262715561e-05 | 1
 18, 13 |   6.2768259038527735e-05 |   6.2768259038527735e-05 | 1
 18, 14 |   7.4969624080487477e-05 |   7.4969624080487477e-05 | 1
 18, 15 |  -5.6671984415811291e-05 |  -5.6671984415811291e-05 | 1
 18, 16 |   3.1930419806852788e-05 |   3.1930419806852788e-05 | 1
 18, 17 |   9.9881842113636854e-05 |   9.9881842113636854e-05 | 1
 18, 18 |   1.8591500486548829e-02 |   1.8591500486548829e-02 | 1
 18, 19 |   7.1463861927716771e-05 |   7.1463861927716771e-05 | 1
 18, 20 |   9.2496927585568892e-05 |   9.2496927585568892e-05 | 1
 18, 21 |   1.3368360182406920e-04 |   1.3368360182406920e-04 | 1
 18, 22 |   5.0052403921514367e-05 |   5.0052403921514367e-05 | 1
 18, 23 |   8.6705079657929888e-05 |   8.6705079657929888e-05 | 1
 18, 24 |   6.3719585554908941e-05 |   6.3719585554908941e-05 | 1
 18, 25 |   6.8992737091337828e-05 |   6.8992737091337828e-05 | 1
 18, 26 |   1.1816443419581814e-04 |   1.1816443419581814e-04 | 1
 18, 27 |  -9.5778206223899804e-06 |  -9.5778206223899804e-06 | 1
 18, 28 |   6.2748511786135148e-05 |   6.2748511786135148e-05 | 1
 18, 29 |   6.9240623792162816e-05 |   6.9240623792162816e-05 | 1
 18, 30 |   6.8938575248466452e-05 |   6.8938575248466452e-05 | 1
 18, 31 |   5.6101308926438599e-05 |   5.6101308926438599e-05 | 1
 18, 32 |   5.5246389838444640e-05 |   5.5246389838444640e-05 | 1
 18, 33 |  -7.4250457695862624e-06 |  -7.4250457695862624e-06 | 1
 18, 34 |   5.8853418020386044e-06 |   5.8853418020386044e-06 | 1
 18, 35 |  -5.4741943144265997e-05 |  -5.4741943144265997e-05 | 1
 18, 36 |  -5.7640300875251238e-05 |  -5.7640300875251238e-05 | 1
 18, 37 |  -4.4696686087662113e-05 |  -4.4696686087662113e-05 | 1
 18, 38 |  -1.9711416631826246e-05 |  -1.9711416631826246e-05 | 1
 18, 39 |  -3.1444650806021664e-06 |  -3.1444650806021664e-06 | 1
 18, 40 |  -1.6770710177813052e-05 |  -1.6770710177813052e-05 | 1
 18, 41 |  -3.8247343251146799e-09 |  -3.8247343251146799e-09 | 1
 18, 42 |   8.3282360645564363e-05 |   8.3282360645564363e-05 | 1
 18, 43 |  -5.9659814668996521e-05 |  -5.9659814668996521e-05 | 1
 19,  1 |   7.5178421280088902e-05 |   7.5178421280088902e-05 | 1
 19,  2 |   7.3725669741647927e-05 |   7.3725669741647927e-05 | 1
 19,  3 |   4.5820799931053585e-05 |   4.5820799931053585e-05 | 1
 19,  4 |   1.0494319595221839e-04 |   1.0494319595221839e-04 | 1
 19,  5 |   3.1906344834588702e-05 |   3.1906344834588702e-05 | 1
 19,  6 |  -2.1632261888755674e-06 |  -2.1632261888755674e-06 | 1
 19,  7 |   9.9077388375886789e-05 |   9.9077388375886789e-05 | 1
 19,  8 |   8.3492771785816225e-05 |   8.3492771785816225e-05 | 1
 19,  9 |   5.5402780266276872e-05 |   5.5402780266276872e-05 | 1
 19, 10 |   2.2803084207065474e-04 |   2.2803084207065474e-04 | 1
 19, 11 |  -1.6671439922029304e-04 |  -1.6671439922029304e-04 | 1
 19, 12 |   4.3718945524608286e-05 |   4.3718945524608286e-05 | 1
 19, 13 |   2.0828305661248393e-04 |   2.0828305661248393e-04 | 1
 19, 14 |   2.0280521431443129e-04 |   2.0280521431443129e-04 | 1
 19, 15 |   7.0879613658612352e-04 |   7.0879613658612352e-04 | 1
 19, 16 |   9.8916956625479704e-05 |   9.8916956625479704e-05 | 1
 19, 17 |   9.3615991990597810e-05 |   9.3615991990597810e-05 | 1
 19, 18 |   7.1463861927716771e-05 |   7.1463861927716771e-05 | 1
 19, 19 |   2.2088550118466187e-02 |   2.2088550118466187e-02 | 1
 19, 20 |   9.4445497272525005e-05 |   9.4445497272525005e-05 | 1
 19, 21 |  -1.8495021078997405e-05 |  -1.8495021078997405e-05 | 1
 19, 22 |  -1.7013467763010689e-06 |  -1.7013467763010689e-06 | 1
 19, 23 |   2.7048176184819656e-05 |   2.7048176184819656e-05 | 1
 19, 24 |   8.0096161961116177e-05 |   8.0096161961116177e-05 | 1
 19, 25 |   8.8614893381837084e-05 |   8.8614893381837084e-05 | 1
 19, 26 |   6.0365935738397394e-05 |   6.0365935738397394e-05 | 1
 19, 27 |  -6.1934229083536940e-04 |  -6.1934229083536940e-04 | 1
 19, 28 |   2.0191406573935791e-05 |   2.0191406573935791e-05 | 1
 19, 29 |   1.2827159022201135e-04 |   1.2827159022201135e-04 | 1
 19, 30 |   1.8432412634298660e-05 |   1.8432412634298660e-05 | 1
 19, 31 |  -2.3856097468181058e-05 |  -2.3856097468181058e-05 | 1
 19, 32 |  -2.0563479277161320e-04 |  -2.0563479277161320e-04 | 1
 19, 33 |   7.8188587899591128e-04 |   7.8188587899591128e-04 | 1
 19, 34 |  -1.0407974113042263e-04 |  -1.0407974113042263e-04 | 1
 19, 35 |  -3.7725511455339739e-05 |  -3.7725511455339739e-05 | 1
 19, 36 |  -3.2041471007191380e-05 |  -3.2041471007191380e-05 | 1
 19, 37 |  -2.1389604789631476e-05 |  -2.1389604789631476e-05 | 1
 19, 38 |   1.8208505503570282e-06 |   1.8208505503570282e-06 | 1
 19, 39 |  -2.9401605262921649e-06 |  -2.9401605262921649e-06 | 1
 19, 40 |  -2.9952436231064164e-05 |  -2.9952436231064164e-05 | 1
 19, 41 |  -3.6044318350492492e-09 |  -3.6044318350492492e-09 | 1
 19, 42 |   6.6046210260614079e-05 |   6.6046210260614079e-05 | 1
 19, 43 |   2.0182395637294832e-04 |   2.0182395637294832e-04 | 1
 20,  1 |   8.1088238831590606e-05 |   8.1088238831590606e-05 | 1
 20,  2 |   7.4025720047049922e-05 |   7.4025720047049922e-05 | 1
 20,  3 |   5.8730302531812287e-05 |   5.8730302531812287e-05 | 1
 20,  4 |   7.7520934638516947e-05 |   7.7520934638516947e-05 | 1
 20,  5 |   8.8083223609722756e-05 |   8.8083223609722756e-05 | 1
 20,  6 |   5.2660115031911826e-05 |   5.2660115031911826e-05 | 1
 20,  7 |   6.7039382501864512e-05 |   6.7039382501864512e-05 | 1
 20,  8 |   6.4263209433253784e-05 |   6.4263209433253784e-05 | 1
 20,  9 |   6.8145459554244585e-05 |   6.8145459554244585e-05 | 1
 20, 10 |   8.9575197557605768e-05 |   8.9575197557605768e-05 | 1
 20, 11 |   1.8973680156706199e-04 |   1.8973680156706199e-04 | 1
 20, 12 |   5.5469035661139196e-05 |   5.5469035661139196e-05 | 1
 20, 13 |   7.3008115644214341e-05 |   7.3008115644214341e-05 | 1
 20, 14 |   8.4868347495513824e-05 |   8.4868347495513824e-05 | 1
 20, 15 |   3.7203216189353829e-04 |   3.7203216189353829e-04 | 1
 20, 16 |   6.3380662170902318e-05 |   6.3380662170902318e-05 | 1
 20, 17 |   9.5073632515065270e-05 |   9.5073632515065270e-05 | 1
 20, 18 |   9.2496927585568892e-05 |   9.2496927585568892e-05 | 1
 20, 19 |   9.4445497272525005e-05 |   9.4445497272525005e-05 | 1
 20, 20 |   9.9997548034782332e-03 |   9.9997548034782332e-03 | 1
 20, 21 |   9.5094935191185676e-05 |   9.5094935191185676e-05 | 1
 20, 22 |   9.1169883332364754e-05 |   9.1169883332364754e-05 | 1
 20, 23 |   7.7208247603994108e-05 |   7.7208247603994108e-05 | 1
 20, 24 |   1.0243655695522702e-04 |   1.0243655695522702e-04 | 1
 20, 25 |   8.0684016058529996e-05 |   8.0684016058529996e-05 | 1
 20, 26 |   9.6406356643672140e-05 |   9.6406356643672140e-05 | 1
 20, 27 |   1.4328570763373573e-04 |   1.4328570763373573e-04 | 1
 20, 28 |   1.0228176503383531e-04 |   1.0228176503383531e-04 | 1
 20, 29 |   8.8418881316593359e-05 |   8.8418881316593359e-05 | 1
 20, 30 |   9.3929446689858267e-05 |   9.3929446689858267e-05 | 1
 20, 31 |   1.0034583766647106e-04 |   1.0034583766647106e-04 | 1
 20, 32 |  -8.2814129296303634e-06 |  -8.2814129296303634e-06 | 1
 20, 33 |  -5.9016579720811441e-05 |  -5.9016579720811441e-05 | 1
 20, 34 |   1.2621599955878090e-04 |   1.2621599955878090e-04 | 1
 20, 35 |  -6.1094670111478603e-05 |  -6.1094670111478603e-05 | 1
 20, 36 |  -5.6740750049543540e-05 |  -5.6740750049543540e-05 | 1
 20, 37 |  -4.2432436540029409e-05 |  -4.2432436540029409e-05 | 1
 20, 38 |  -3.4848263552728472e-05 |  -3.4848263552728472e-05 | 1
 20, 39 |  -1.8809228017489932e-06 |  -1.8809228017489932e-06 | 1
 20, 40 |  -3.5583686060739999e-05 |  -3.5583686060739999e-05 | 1
 20, 41 |  -1.5208579687391670e-09 |  -1.5208579687391670e-09 | 1
 20, 42 |   8.1224195245907489e-05 |   8.1224195245907489e-05 | 1
 20, 43 |   5.8416621700987845e-06 |   5.8416621700987845e-06 | 1
 21,  1 |   1.0399365778106103e-04 |   1.0399365778106103e-04 | 1
 21,  2 |   8.4756184243834788e-05 |   8.4756184243834788e-05 | 1
 21,  3 |   6.9198467458715315e-05 |   6.9198467458715315e-05 | 1
 21,  4 |   5.6549040933283805e-05 |   5.6549040933283805e-05 | 1
 21,  5 |   2.1138247015943464e-04 |   2.1138247015943464e-04 | 1
 21,  6 |   1.2427175722935931e-04 |   1.2427175722935931e-04 | 1
 21,  7 |   4.6287380801976329e-05 |   4.6287380801976329e-05 | 1
 21,  8 |   5.0321302439686550e-05 |   5.0321302439686550e-05 | 1
 21,  9 |   9.8377963244979409e-05 |   9.8377963244979409e-05 | 1
 21, 10 |  -6.3148270671945428e-05 |  -6.3148270671945428e-05 | 1
 21, 11 |   4.1089909195338154e-04 |   4.1089909195338154e-04 | 1
 21, 12 |   5.0535873794230239e-05 |   5.0535873794230239e-05 | 1
 21, 13 |  -3.7190123813734454e-05 |  -3.7190123813734454e-05 | 1
 21, 14 |  -1.1534709499237121e-05 |  -1.1534709499237121e-05 | 1
 21, 15 |  -2.2261525327844673e-04 |  -2.2261525327844673e-04 | 1
 21, 16 |   2.5129040954785817e-05 |   2.5129040954785817e-05 | 1
 21, 17 |   1.1176272584533813e-04 |   1.1176272584533813e-04 | 1
 21, 18 |   1.3368360182406920e-04 |   1.3368360182406920e-04 | 1
 21, 19 |  -1.8495021078997405e-05 |  -1.8495021078997405e-05 | 1
 21, 20 |   9.5094935191185676e-05 |   9.5094935191185676e-05 | 1
 21, 21 |   4.8189620555063546e-02 |   4.8189620555063546e-02 | 1
 21, 22 |   1.5238673565518305e-04 |   1.5238673565518305e-04 | 1
 21, 23 |   1.2615915170435590e-04 |   1.2615915170435590e-04 | 1
 21, 24 |   1.0476923433448023e-04 |   1.0476923433448023e-04 | 1
 21, 25 |   7.9847903918846535e-05 |   7.9847903918846535e-05 | 1
 21, 26 |   1.4331984644634372e-04 |   1.4331984644634372e-04 | 1
 21, 27 |   6.7168553602339005e-04 |   6.7168553602339005e-04 | 1
 21, 28 |   1.4299052709568479e-04 |   1.4299052709568479e-04 | 1
 21, 29 |   5.4381901454149391e-05 |   5.4381901454149391e-05 | 1
 21, 30 |   1.5644640304913831e-04 |   1.5644640304913831e-04 | 1
 21, 31 |   1.9258177919072317e-04 |   1.9258177919072317e-04 | 1
 21, 32 |   1.9831720495269413e-04 |   1.9831720495269413e-04 | 1
 21, 33 |  -7.1793283629077861e-04 |  -7.1793283629077861e-04 | 1
 21, 34 |   2.4328903988092514e-04 |   2.4328903988092514e-04 | 1
 21, 35 |  -5.8241466593081433e-05 |  -5.8241466593081433e-05 | 1
 21, 36 |  -5.0298727996620464e-05 |  -5.0298727996620464e-05 | 1
 21, 37 |  -5.4449827601774878e-05 |  -5.4449827601774878e-05 | 1
 21, 38 |  -4.0446221706863641e-05 |  -4.0446221706863641e-05 | 1
 21, 39 |  -3.0688760533632325e-06 |  -3.0688760533632325e-06 | 1
 21, 40 |  -3.3800056331803007e-05 |  -3.3800056331803007e-05 | 1
 21, 41 |  -4.9842334741509799e-09 |  -4.9842334741509799e-09 | 1
 21, 42 |   9.8778577614329178e-05 |   9.8778577614329178e-05 | 1
 21, 43 |  -2.0011661058947451e-04 |  -2.0011661058947451e-04 | 1
 22,  1 |   6.8645557222314722e-05 |   6.8645557222314722e-05 | 1
 22,  2 |   5.9336827371393330e-05 |   5.9336827371393330e-05 | 1
 22,  3 |   4.0440755120599586e-05 |   4.0440755120599586e-05 | 1
 22,  4 |   5.0834420266504989e-05 |   5.0834420266504989e-05 | 1
 22,  5 |   4.4024951852867560e-05 |   4.4024951852867560e-05 | 1
 22,  6 |   8.1352033944556370e-05 |   8.1352033944556370e-05 | 1
 22,  7 |   6.2557414348989450e-05 |   6.2557414348989450e-05 | 1
 22,  8 |   6.0794982343498742e-05 |   6.0794982343498742e-05 | 1
 22,  9 |   6.4668620052671423e-05 |   6.4668620052671423e-05 | 1
 22, 10 |   7.6766111745396156e-05 |   7.6766111745396156e-05 | 1
 22, 11 |   7.8454299112743278e-04 |   7.8454299112743278e-04 | 1
 22, 12 |   9.3115696746947320e-05 |   9.3115696746947320e-05 | 1
 22, 13 |  -6.7774344973296774e-05 |  -6.7774344973296774e-05 | 1
 22, 14 |  -1.6081124615999103e-05 |  -1.6081124615999103e-05 | 1
 22, 15 |   8.1868252406431445e-04 |   8.1868252406431445e-04 | 1
 22, 16 |   9.0135296891638827e-05 |   9.0135296891638827e-05 | 1
 22, 17 |   7.8142899753802413e-05 |   7.8142899753802413e-05 | 1
 22, 18 |   5.0052403921514367e-05 |   5.0052403921514367e-05 | 1
 22, 19 |  -1.7013467763010689e-06 |  -1.7013467763010689e-06 | 1
 22, 20 |   9.1169883332364754e-05 |   9.1169883332364754e-05 | 1
 22, 21 |   1.5238673565518305e-04 |   1.5238673565518305e-04 | 1
 22, 22 |   5.4789364967398675e-02 |   5.4789364967398675e-02 | 1
 22, 23 |   6.9864741483667103e-05 |   6.9864741483667103e-05 | 1
 22, 24 |   1.7467583136679212e-04 |   1.7467583136679212e-04 | 1
 22, 25 |   9.3172007060116795e-05 |   9.3172007060116795e-05 | 1
 22, 26 |   6.8482405704266026e-05 |   6.8482405704266026e-05 | 1
 22, 27 |   1.2441962826030134e-03 |   1.2441962826030134e-03 | 1
 22, 28 |   2.3427774940393281e-04 |   2.3427774940393281e-04 | 1
 22, 29 |   6.6318802982708291e-05 |   6.6318802982708291e-05 | 1
 22, 30 |   2.1484306036320778e-04 |   2.1484306036320778e-04 | 1
 22, 31 |   3.0904784681497688e-04 |   3.0904784681497688e-04 | 1
 22, 32 |   7.3088485191382530e-05 |   7.3088485191382530e-05 | 1
 22, 33 |  -1.0373045366224866e-03 |  -1.0373045366224866e-03 | 1
 22, 34 |   5.8436880124460001e-04 |   5.8436880124460001e-04 | 1
 22, 35 |  -4.1891338820268780e-05 |  -4.1891338820268780e-05 | 1
 22, 36 |  -2.9077067785746644e-05 |  -2.9077067785746644e-05 | 1
 22, 37 |  -2.3317973104736466e-05 |  -2.3317973104736466e-05 | 1
 22, 38 |  -1.5500241387461002e-05 |  -1.5500241387461002e-05 | 1
 22, 39 |  -1.6773231292019197e-06 |  -1.6773231292019197e-06 | 1
 22, 40 |  -3.6322405394296049e-05 |  -3.6322405394296049e-05 | 1
 22, 41 |  -4.9115871819595502e-09 |  -4.9115871819595502e-09 | 1
 22, 42 |   6.6644555362128051e-05 |   6.6644555362128051e-05 | 1
 22, 43 |  -7.5515663783913046e-05 |  -7.5515663783913046e-05 | 1
 23,  1 |   7.2952989526097064e-05 |   7.2952989526097064e-05 | 1
 23,  2 |   6.2077329699164544e-05 |   6.2077329699164544e-05 | 1
 23,  3 |   4.6780099463470957e-05 |   4.6780099463470957e-05 | 1
 23,  4 |   5.4118000947912775e-05 |   5.4118000947912775e-05 | 1
 23,  5 |   1.6034730429813595e-04 |   1.6034730429813595e-04 | 1
 23,  6 |   7.4383683203066816e-05 |   7.4383683203066816e-05 | 1
 23,  7 |   4.0336222229315910e-05 |   4.0336222229315910e-05 | 1
 23,  8 |   4.8020336890660643e-05 |   4.8020336890660643e-05 | 1
 23,  9 |   5.8645461251079071e-05 |   5.8645461251079071e-05 | 1
 23, 10 |  -6.7718094095612125e-06 |  -6.7718094095612125e-06 | 1
 23, 11 |   1.3210890704049119e-04 |   1.3210890704049119e-04 | 1
 23, 12 |   2.5216196478194883e-05 |   2.5216196478194883e-05 | 1
 23, 13 |   2.6191946298863292e-05 |   2.6191946298863292e-05 | 1
 23, 14 |   3.7095686185214358e-05 |   3.7095686185214358e-05 | 1
 23, 15 |  -1.2835862246774046e-04 |  -1.2835862246774046e-04 | 1
 23, 16 |   2.6920310737532107e-05 |   2.6920310737532107e-05 | 1
 23, 17 |   8.1416267483404954e-05 |   8.1416267483404954e-05 | 1
 23, 18 |   8.6705079657929888e-05 |   8.6705079657929888e-05 | 1
 23, 19 |   2.7048176184819656e-05 |   2.7048176184819656e-05 | 1
 23, 20 |   7.7208247603994108e-05 |   7.7208247603994108e-05 | 1
 23, 21 |   1.2615915170435590e-04 |   1.2615915170435590e-04 | 1
 23, 22 |   6.9864741483667103e-05 |   6.9864741483667103e-05 | 1
 23, 23 |   2.5157304028045443e-02 |   2.5157304028045443e-02 | 1
 23, 24 |   7.2484876345928434e-05 |   7.2484876345928434e-05 | 1
 23, 25 |   5.2498158702685377e-05 |   5.2498158702685377e-05 | 1
 23, 26 |   8.8114851908458982e-05 |   8.8114851908458982e-05 | 1
 23, 27 |   1.6662412563988259e-04 |   1.6662412563988259e-04 | 1
 23, 28 |   6.7385162677862547e-05 |   6.7385162677862547e-05 | 1
 23, 29 |   4.7005387105332843e-05 |   4.7005387105332843e-05 | 1
 23, 30 |   7.1200604681479810e-05 |   7.1200604681479810e-05 | 1
 23, 31 |   7.8448471990223345e-05 |   7.8448471990223345e-05 | 1
 23, 32 |   8.2971984689438565e-05 |   8.2971984689438565e-05 | 1
 23, 33 |  -1.8763975083286493e-04 |  -1.8763975083286493e-04 | 1
 23, 34 |   6.3438197474030073e-05 |   6.3438197474030073e-05 | 1
 23, 35 |  -5.3670375483379801e-05 |  -5.3670375483379801e-05 | 1
 23, 36 |  -3.6565904246512560e-05 |  -3.6565904246512560e-05 | 1
 23, 37 |  -3.1762426029927840e-05 |  -3.1762426029927840e-05 | 1
 23, 38 |  -3.5937942261418554e-05 |  -3.5937942261418554e-05 | 1
 23, 39 |  -1.1363502465114446e-06 |  -1.1363502465114446e-06 | 1
 23, 40 |  -2.8599555820860476e-05 |  -2.8599555820860476e-05 | 1
 23, 41 |  -7.3649228239548134e-09 |  -7.3649228239548134e-09 | 1
 23, 42 |   7.1987947221360972e-05 |   7.1987947221360972e-05 | 1
 23, 43 |  -8.3819809011004216e-05 |  -8.3819809011004216e-05 | 1
 24,  1 |   7.7523149418128230e-05 |   7.7523149418128230e-05 | 1
 24,  2 |   7.0367138857192562e-05 |   7.0367138857192562e-05 | 1
 24,  3 |   5.2634619135881586e-05 |   5.2634619135881586e-05 | 1
 24,  4 |   7.5180057997284813e-05 |   7.5180057997284813e-05 | 1
 24,  5 |   4.3305381795796035e-05 |   4.3305381795796035e-05 | 1
 24,  6 |   5.7525975304069699e-05 |   5.7525975304069699e-05 | 1
 24,  7 |   7.8583540707413945e-05 |   7.8583540707413945e-05 | 1
 24,  8 |   7.4931945826155980e-05 |   7.4931945826155980e-05 | 1
 24,  9 |   6.6119027093089228e-05 |   6.6119027093089228e-05 | 1
 24, 10 |   1.3898504131902941e-04 |   1.3898504131902941e-04 | 1
 24, 11 |   5.0529531182469997e-04 |   5.0529531182469997e-04 | 1
 24, 12 |   8.7372528278745865e-05 |   8.7372528278745865e-05 | 1
 24, 13 |   2.9304301808971135e-05 |   2.9304301808971135e-05 | 1
 24, 14 |   5.5741586879685536e-05 |   5.5741586879685536e-05 | 1
 24, 15 |   8.4556618390742907e-04 |   8.4556618390742907e-04 | 1
 24, 16 |   9.6582970150725628e-05 |   9.6582970150725628e-05 | 1
 24, 17 |   8.9934241296614413e-05 |   8.9934241296614413e-05 | 1
 24, 18 |   6.3719585554908941e-05 |   6.3719585554908941e-05 | 1
 24, 19 |   8.0096161961116177e-05 |   8.0096161961116177e-05 | 1
 24, 20 |   1.0243655695522702e-04 |   1.0243655695522702e-04 | 1
 24, 21 |   1.0476923433448023e-04 |   1.0476923433448023e-04 | 1
 24, 22 |   1.7467583136679212e-04 |   1.7467583136679212e-04 | 1
 24, 23 |   7.2484876345928434e-05 |   7.2484876345928434e-05 | 1
 24, 24 |   4.0444647719131040e-03 |   4.0444647719131040e-03 | 1
 24, 25 |   9.8960922551225315e-05 |   9.8960922551225315e-05 | 1
 24, 26 |   7.7366042803836719e-05 |   7.7366042803836719e-05 | 1
 24, 27 |   6.8362636605983512e-04 |   6.8362636605983512e-04 | 1
 24, 28 |   1.7828043499085010e-04 |   1.7828043499085010e-04 | 1
 24, 29 |   9.6341926379912306e-05 |   9.6341926379912306e-05 | 1
 24, 30 |   1.6683501949112093e-04 |   1.6683501949112093e-04 | 1
 24, 31 |   2.1555283019124359e-04 |   2.1555283019124359e-04 | 1
 24, 32 |  -1.6945407888906984e-05 |  -1.6945407888906984e-05 | 1
 24, 33 |  -4.7961327748185373e-04 |  -4.7961327748185373e-04 | 1
 24, 34 |   3.8934691806414673e-04 |   3.8934691806414673e-04 | 1
 24, 35 |  -5.6156882556156407e-05 |  -5.6156882556156407e-05 | 1
 24, 36 |  -4.1852074203648805e-05 |  -4.1852074203648805e-05 | 1
 24, 37 |  -3.7978682018839917e-05 |  -3.7978682018839917e-05 | 1
 24, 38 |  -3.3351712298324720e-05 |  -3.3351712298324720e-05 | 1
 24, 39 |  -1.2064006044315532e-06 |  -1.2064006044315532e-06 | 1
 24, 40 |  -3.3165590113632261e-05 |  -3.3165590113632261e-05 | 1
 24, 41 |  -6.9085233143550986e-09 |  -6.9085233143550986e-09 | 1
 24, 42 |   7.7580040288290918e-05 |   7.7580040288290918e-05 | 1
 24, 43 |   1.4624731580308878e-05 |   1.4624731580308878e-05 | 1
 25,  1 |   7.0295423603049749e-05 |   7.0295423603049749e-05 | 1
 25,  2 |   6.2384455654949635e-05 |   6.2384455654949635e-05 | 1
 25,  3 |   4.4612352621468557e-05 |   4.4612352621468557e-05 | 1
 25,  4 |   6.6330930307217868e-05 |   6.6330930307217868e-05 | 1
 25,  5 |   6.3495110985252470e-05 |   6.3495110985252470e-05 | 1
 25,  6 |   4.2437998679538088e-05 |   4.2437998679538088e-05 | 1
 25,  7 |   6.5454882708337983e-05 |   6.5454882708337983e-05 | 1
 25,  8 |   5.7446226519563508e-05 |   5.7446226519563508e-05 | 1
 25,  9 |   6.1094316570980728e-05 |   6.1094316570980728e-05 | 1
 25, 10 |   9.5622971499605196e-05 |   9.5622971499605196e-05 | 1
 25, 11 |   2.3520183245807921e-04 |   2.3520183245807921e-04 | 1
 25, 12 |   5.7342265317438342e-05 |   5.7342265317438342e-05 | 1
 25, 13 |   5.8364148201888172e-05 |   5.8364148201888172e-05 | 1
 25, 14 |   7.3116913916028463e-05 |   7.3116913916028463e-05 | 1
 25, 15 |   4.6225770198162760e-04 |   4.6225770198162760e-04 | 1
 25, 16 |   6.9422703914788397e-05 |   6.9422703914788397e-05 | 1
 25, 17 |   8.2139996198631271e-05 |   8.2139996198631271e-05 | 1
 25, 18 |   6.8992737091337828e-05 |   6.8992737091337828e-05 | 1
 25, 19 |   8.8614893381837084e-05 |   8.8614893381837084e-05 | 1
 25, 20 |   8.0684016058529996e-05 |   8.0684016058529996e-05 | 1
 25, 21 |   7.9847903918846535e-05 |   7.9847903918846535e-05 | 1
 25, 22 |   9.3172007060116795e-05 |   9.3172007060116795e-05 | 1
 25, 23 |   5.2498158702685377e-05 |   5.2498158702685377e-05 | 1
 25, 24 |   9.8960922551225315e-05 |   9.8960922551225315e-05 | 1
 25, 25 |   1.3109126461309874e-02 |   1.3109126461309874e-02 | 1
 25, 26 |   7.6087269080386057e-05 |   7.6087269080386057e-05 | 1
 25, 27 |   2.4782637453767175e-04 |   2.4782637453767175e-04 | 1
 25, 28 |   1.0706017959452421e-04 |   1.0706017959452421e-04 | 1
 25, 29 |   8.3919965481711785e-05 |   8.3919965481711785e-05 | 1
 25, 30 |   1.0195021891277109e-04 |   1.0195021891277109e-04 | 1
 25, 31 |   1.2115716567461238e-04 |   1.2115716567461238e-04 | 1
 25, 32 |  -2.0092513869495031e-05 |  -2.0092513869495031e-05 | 1
 25, 33 |  -1.3710033328613298e-04 |  -1.3710033328613298e-04 | 1
 25, 34 |   1.7834340564941477e-04 |   1.7834340564941477e-04 | 1
 25, 35 |  -3.1893472512484002e-05 |  -3.1893472512484002e-05 | 1
 25, 36 |  -3.5456017229254814e-05 |  -3.5456017229254814e-05 | 1
 25, 37 |  -2.9518026936858493e-05 |  -2.9518026936858493e-05 | 1
 25, 38 |  -2.0548732787652390e-05 |  -2.0548732787652390e-05 | 1
 25, 39 |  -1.9595680771697009e-06 |  -1.9595680771697009e-06 | 1
 25, 40 |  -2.5988563963395687e-05 |  -2.5988563963395687e-05 | 1
 25, 41 |  -5.4317766516862956e-09 |  -5.4317766516862956e-09 | 1
 25, 42 |   6.6568657747496473e-05 |   6.6568657747496473e-05 | 1
 25, 43 |   1.8029735327016965e-05 |   1.8029735327016965e-05 | 1
 26,  1 |   8.7383185511303571e-05 |   8.7383185511303571e-05 | 1
 26,  2 |   7.9680985135242678e-05 |   7.9680985135242678e-05 | 1
 26,  3 |   5.8410899894250254e-05 |   5.8410899894250254e-05 | 1
 26,  4 |   6.9503212674138962e-05 |   6.9503212674138962e-05 | 1
 26,  5 |   1.4246290523951122e-04 |   1.4246290523951122e-04 | 1
 26,  6 |   7.6463249881927937e-05 |   7.6463249881927937e-05 | 1
 26,  7 |   6.1116577810066966e-05 |   6.1116577810066966e-05 | 1
 26,  8 |   5.2432457231108459e-05 |   5.2432457231108459e-05 | 1
 26,  9 |   7.9349674204924462e-05 |   7.9349674204924462e-05 | 1
 26, 10 |   1.9872466133986304e-05 |   1.9872466133986304e-05 | 1
 26, 11 |   1.0665251273962546e-04 |   1.0665251273962546e-04 | 1
 26, 12 |   3.7674002030784563e-05 |   3.7674002030784563e-05 | 1
 26, 13 |   5.7226138071761663e-05 |   5.7226138071761663e-05 | 1
 26, 14 |   7.1350172334744172e-05 |   7.1350172334744172e-05 | 1
 26, 15 |   3.6212704870021453e-05 |   3.6212704870021453e-05 | 1
 26, 16 |   3.4617619911636086e-05 |   3.4617619911636086e-05 | 1
 26, 17 |   1.0359742132628388e-04 |   1.0359742132628388e-04 | 1
 26, 18 |   1.1816443419581814e-04 |   1.1816443419581814e-04 | 1
 26, 19 |   6.0365935738397394e-05 |   6.0365935738397394e-05 | 1
 26, 20 |   9.6406356643672140e-05 |   9.6406356643672140e-05 | 1
 26, 21 |   1.4331984644634372e-04 |   1.4331984644634372e-04 | 1
 26, 22 |   6.8482405704266026e-05 |   6.8482405704266026e-05 | 1
 26, 23 |   8.8114851908458982e-05 |   8.8114851908458982e-05 | 1
 26, 24 |   7.7366042803836719e-05 |   7.7366042803836719e-05 | 1
 26, 25 |   7.6087269080386057e-05 |   7.6087269080386057e-05 | 1
 26, 26 |   3.4584852091833575e-02 |   3.4584852091833575e-02 | 1
 26, 27 |   8.5136774238363613e-05 |   8.5136774238363613e-05 | 1
 26, 28 |   8.3346304010365003e-05 |   8.3346304010365003e-05 | 1
 26, 29 |   7.7394951152559490e-05 |   7.7394951152559490e-05 | 1
 26, 30 |   8.9417666163908515e-05 |   8.9417666163908515e-05 | 1
 26, 31 |   8.2613847504664717e-05 |   8.2613847504664717e-05 | 1
 26, 32 |   5.6711290078916711e-05 |   5.6711290078916711e-05 | 1
 26, 33 |  -8.3468968343600977e-05 |  -8.3468968343600977e-05 | 1
 26, 34 |   5.2503594126107804e-05 |   5.2503594126107804e-05 | 1
 26, 35 |  -6.9529593621024492e-05 |  -6.9529593621024492e-05 | 1
 26, 36 |  -7.4272741600522998e-05 |  -7.4272741600522998e-05 | 1
 26, 37 |  -7.3981556739887016e-05 |  -7.3981556739887016e-05 | 1
 26, 38 |  -5.5790035586829476e-05 |  -5.5790035586829476e-05 | 1
 26, 39 |  -1.2912929530820472e-06 |  -1.2912929530820472e-06 | 1
 26, 40 |  -1.5182476568038142e-05 |  -1.5182476568038142e-05 | 1
 26, 41 |  -5.6657645433787189e-09 |  -5.6657645433787189e-09 | 1
 26, 42 |   9.3580768367438992e-05 |   9.3580768367438992e-05 | 1
 26, 43 |  -5.9245632545025249e-05 |  -5.9245632545025249e-05 | 1
 27,  1 |   7.7104126557394893e-05 |   7.7104126557394893e-05 | 1
 27,  2 |   4.6322376803655024e-05 |   4.6322376803655024e-05 | 1
 27,  3 |   2.8757708499175106e-05 |   2.8757708499175106e-05 | 1
 27,  4 |  -6.5032869944015015e-05 |  -6.5032869944015015e-05 | 1
 27,  5 |  -2.2210582327792728e-04 |  -2.2210582327792728e-04 | 1
 27,  6 |   3.1871593029468440e-04 |   3.1871593029468440e-04 | 1
 27,  7 |   4.4193657160299582e-05 |   4.4193657160299582e-05 | 1
 27,  8 |   5.7258957477671008e-05 |   5.7258957477671008e-05 | 1
 27,  9 |   1.1180159874608598e-04 |   1.1180159874608598e-04 | 1
 27, 10 |  -6.0788840199930004e-05 |  -6.0788840199930004e-05 | 1
 27, 11 |   4.7431717063488657e-03 |   4.7431717063488657e-03 | 1
 27, 12 |   4.2380331812785847e-04 |   4.2380331812785847e-04 | 1
 27, 13 |  -9.6368376048964663e-04 |  -9.6368376048964663e-04 | 1
 27, 14 |  -7.1413471287329225e-04 |  -7.1413471287329225e-04 | 1
 27, 15 |   3.5650601596838791e-03 |   3.5650601596838791e-03 | 1
 27, 16 |   2.0985321193680537e-04 |   2.0985321193680537e-04 | 1
 27, 17 |   6.4648863711849188e-05 |   6.4648863711849188e-05 | 1
 27, 18 |  -9.5778206223899804e-06 |  -9.5778206223899804e-06 | 1
 27, 19 |  -6.1934229083536940e-04 |  -6.1934229083536940e-04 | 1
 27, 20 |   1.4328570763373573e-04 |   1.4328570763373573e-04 | 1
 27, 21 |   6.7168553602339005e-04 |   6.7168553602339005e-04 | 1
 27, 22 |   1.2441962826030134e-03 |   1.2441962826030134e-03 | 1
 27, 23 |   1.6662412563988259e-04 |   1.6662412563988259e-04 | 1
 27, 24 |   6.8362636605983512e-04 |   6.8362636605983512e-04 | 1
 27, 25 |   2.4782637453767175e-04 |   2.4782637453767175e-04 | 1
 27, 26 |   8.5136774238363613e-05 |   8.5136774238363613e-05 | 1
 27, 27 |   1.3006834466783452e-02 |   1.3006834466783452e-02 | 1
 27, 28 |   1.1954442465839958e-03 |   1.1954442465839958e-03 | 1
 27, 29 |  -6.3821042364745603e-06 |  -6.3821042364745603e-06 | 1
 27, 30 |   1.0860643864927504e-03 |   1.0860643864927504e-03 | 1
 27, 31 |   1.7429534576161505e-03 |   1.7429534576161505e-03 | 1
 27, 32 |   7.3762788081180850e-04 |   7.3762788081180850e-04 | 1
 27, 33 |  -7.6254588750395685e-03 |  -7.6254588750395685e-03 | 1
 27, 34 |   3.5888236289763108e-03 |   3.5888236289763108e-03 | 1
 27, 35 |  -5.7406838676382274e-05 |  -5.7406838676382274e-05 | 1
 27, 36 |  -4.5867851776260757e-05 |  -4.5867851776260757e-05 | 1
 27, 37 |  -3.6458757857638274e-05 |  -3.6458757857638274e-05 | 1
 27, 38 |  -3.1499839252104245e-05 |  -3.1499839252104245e-05 | 1
 27, 39 |  -2.2672324208762958e-06 |  -2.2672324208762958e-06 | 1
 27, 40 |  -1.4783918376804226e-05 |  -1.4783918376804226e-05 | 1
 27, 41 |  -4.1665255402052058e-09 |  -4.1665255402052058e-09 | 1
 27, 42 |   7.2841614034309716e-05 |   7.2841614034309716e-05 | 1
 27, 43 |  -7.4028183171497388e-04 |  -7.4028183171497388e-04 | 1
 28,  1 |   7.6128135390275909e-05 |   7.6128135390275909e-05 | 1
 28,  2 |   6.7357022647012804e-05 |   6.7357022647012804e-05 | 1
 28,  3 |   4.8344452149873650e-05 |   4.8344452149873650e-05 | 1
 28,  4 |   6.1103789350133611e-05 |   6.1103789350133611e-05 | 1
 28,  5 |   1.9526802976490420e-05 |   1.9526802976490420e-05 | 1
 28,  6 |   7.1040605812247614e-05 |   7.1040605812247614e-05 | 1
 28,  7 |   7.5307532038191568e-05 |   7.5307532038191568e-05 | 1
 28,  8 |   6.3947029940413311e-05 |   6.3947029940413311e-05 | 1
 28,  9 |   7.2473065025407946e-05 |   7.2473065025407946e-05 | 1
 28, 10 |   9.9196894900570440e-05 |   9.9196894900570440e-05 | 1
 28, 11 |   7.7048398122610718e-04 |   7.7048398122610718e-04 | 1
 28, 12 |   1.0718208460975905e-04 |   1.0718208460975905e-04 | 1
 28, 13 |  -4.6192173596675820e-05 |  -4.6192173596675820e-05 | 1
 28, 14 |  -7.2135179133138568e-07 |  -7.2135179133138568e-07 | 1
 28, 15 |   9.3637925224708996e-04 |   9.3637925224708996e-04 | 1
 28, 16 |   9.6730230224139276e-05 |   9.6730230224139276e-05 | 1
 28, 17 |   8.8776624931342655e-05 |   8.8776624931342655e-05 | 1
 28, 18 |   6.2748511786135148e-05 |   6.2748511786135148e-05 | 1
 28, 19 |   2.0191406573935791e-05 |   2.0191406573935791e-05 | 1
 28, 20 |   1.0228176503383531e-04 |   1.0228176503383531e-04 | 1
 28, 21 |   1.4299052709568479e-04 |   1.4299052709568479e-04 | 1
 28, 22 |   2.3427774940393281e-04 |   2.3427774940393281e-04 | 1
 28, 23 |   6.7385162677862547e-05 |   6.7385162677862547e-05 | 1
 28, 24 |   1.7828043499085010e-04 |   1.7828043499085010e-04 | 1
 28, 25 |   1.0706017959452421e-04 |   1.0706017959452421e-04 | 1
 28, 26 |   8.3346304010365003e-05 |   8.3346304010365003e-05 | 1
 28, 27 |   1.1954442465839958e-03 |   1.1954442465839958e-03 | 1
 28, 28 |   7.5309902179570825e-03 |   7.5309902179570825e-03 | 1
 28, 29 |   8.6342819194326029e-05 |   8.6342819194326029e-05 | 1
 28, 30 |   2.2408439759844588e-04 |   2.2408439759844588e-04 | 1
 28, 31 |   3.1725360351709999e-04 |   3.1725360351709999e-04 | 1
 28, 32 |   5.0493522147323560e-05 |   5.0493522147323560e-05 | 1
 28, 33 |  -9.7548280892114096e-04 |  -9.7548280892114096e-04 | 1
 28, 34 |   5.8841097561307279e-04 |   5.8841097561307279e-04 | 1
 28, 35 |  -4.5381458122964767e-05 |  -4.5381458122964767e-05 | 1
 28, 36 |  -5.7045621775759183e-05 |  -5.7045621775759183e-05 | 1
 28, 37 |  -4.3007893205560611e-05 |  -4.3007893205560611e-05 | 1
 28, 38 |  -3.7279624709550129e-05 |  -3.7279624709550129e-05 | 1
 28, 39 |  -1.2959198237909962e-06 |  -1.2959198237909962e-06 | 1
 28, 40 |  -3.1973492480550847e-05 |  -3.1973492480550847e-05 | 1
 28, 41 |  -4.8187979131845907e-09 |  -4.8187979131845907e-09 | 1
 28, 42 |   7.8600260775347144e-05 |   7.8600260775347144e-05 | 1
 28, 43 |  -5.2571203373784537e-05 |  -5.2571203373784537e-05 | 1
 29,  1 |   7.2414654932351409e-05 |   7.2414654932351409e-05 | 1
 29,  2 |   6.6846285221537134e-05 |   6.6846285221537134e-05 | 1
 29,  3 |   4.6812800503455567e-05 |   4.6812800503455567e-05 | 1
 29,  4 |   7.7398366092868253e-05 |   7.7398366092868253e-05 | 1
 29,  5 |   6.0835140050083350e-05 |   6.0835140050083350e-05 | 1
 29,  6 |   3.1321442730349391e-05 |   3.1321442730349391e-05 | 1
 29,  7 |   7.3957342404944184e-05 |   7.3957342404944184e-05 | 1
 29,  8 |   6.4520671398599422e-05 |   6.4520671398599422e-05 | 1
 29,  9 |   6.1895783493838048e-05 |   6.1895783493838048e-05 | 1
 29, 10 |   1.3391143678752131e-04 |   1.3391143678752131e-04 | 1
 29, 11 |   1.1698063805875597e-04 |   1.1698063805875597e-04 | 1
 29, 12 |   5.4196303449388983e-05 |   5.4196303449388983e-05 | 1
 29, 13 |   1.0458159330378866e-04 |   1.0458159330378866e-04 | 1
 29, 14 |   1.1323239213113155e-04 |   1.1323239213113155e-04 | 1
 29, 15 |   5.2400670328767163e-04 |   5.2400670328767163e-04 | 1
 29, 16 |   7.6135692854003380e-05 |   7.6135692854003380e-05 | 1
 29, 17 |   8.9013632423188969e-05 |   8.9013632423188969e-05 | 1
 29, 18 |   6.9240623792162816e-05 |   6.9240623792162816e-05 | 1
 29, 19 |   1.2827159022201135e-04 |   1.2827159022201135e-04 | 1
 29, 20 |   8.8418881316593359e-05 |   8.8418881316593359e-05 | 1
 29, 21 |   5.4381901454149391e-05 |   5.4381901454149391e-05 | 1
 29, 22 |   6.6318802982708291e-05 |   6.6318802982708291e-05 | 1
 29, 23 |   4.7005387105332843e-05 |   4.7005387105332843e-05 | 1
 29, 24 |   9.6341926379912306e-05 |   9.6341926379912306e-05 | 1
 29, 25 |   8.3919965481711785e-05 |   8.3919965481711785e-05 | 1
 29, 26 |   7.7394951152559490e-05 |   7.7394951152559490e-05 | 1
 29, 27 |  -6.3821042364745603e-06 |  -6.3821042364745603e-06 | 1
 29, 28 |   8.6342819194326029e-05 |   8.6342819194326029e-05 | 1
 29, 29 |   1.1367617096347184e-02 |   1.1367617096347184e-02 | 1
 29, 30 |   8.0296256570334753e-05 |   8.0296256570334753e-05 | 1
 29, 31 |   8.0058843447000324e-05 |   8.0058843447000324e-05 | 1
 29, 32 |  -6.9888479937714956e-05 |  -6.9888479937714956e-05 | 1
 29, 33 |   1.2784076589291942e-04 |   1.2784076589291942e-04 | 1
 29, 34 |   9.4645552649735978e-05 |   9.4645552649735978e-05 | 1
 29, 35 |  -4.2283132727245808e-05 |  -4.2283132727245808e-05 | 1
 29, 36 |  -4.7746178326406525e-05 |  -4.7746178326406525e-05 | 1
 29, 37 |  -4.4089247103794814e-05 |  -4.4089247103794814e-05 | 1
 29, 38 |  -3.6582916303316937e-05 |  -3.6582916303316937e-05 | 1
 29, 39 |  -1.5460266403394311e-06 |  -1.5460266403394311e-06 | 1
 29, 40 |  -2.8103115267058531e-05 |  -2.8103115267058531e-05 | 1
 29, 41 |  -3.4056748860427720e-09 |  -3.4056748860427720e-09 | 1
 29, 42 |   7.3452262596139468e-05 |   7.3452262596139468e-05 | 1
 29, 43 |   6.8823404139826600e-05 |   6.8823404139826600e-05 | 1
 30,  1 |   7.7496978553966215e-05 |   7.7496978553966215e-05 | 1
 30,  2 |   6.8925978873874951e-05 |   6.8925978873874951e-05 | 1
 30,  3 |   4.6696988086305946e-05 |   4.6696988086305946e-05 | 1
 30,  4 |   5.9151056739586963e-05 |   5.9151056739586963e-05 | 1
 30,  5 |   5.9716790737844203e-05 |   5.9716790737844203e-05 | 1
 30,  6 |   8.1744390276378972e-05 |   8.1744390276378972e-05 | 1
 30,  7 |   6.4394896939811547e-05 |   6.4394896939811547e-05 | 1
 30,  8 |   6.3875541568802954e-05 |   6.3875541568802954e-05 | 1
 30,  9 |   7.3935910630307586e-05 |   7.3935910630307586e-05 | 1
 30, 10 |   7.6947192378804300e-05 |   7.6947192378804300e-05 | 1
 30, 11 |   6.9533704945876713e-04 |   6.9533704945876713e-04 | 1
 30, 12 |   9.4793068943721986e-05 |   9.4793068943721986e-05 | 1
 30, 13 |  -3.8515570163634059e-05 |  -3.8515570163634059e-05 | 1
 30, 14 |   6.8577113384932381e-06 |   6.8577113384932381e-06 | 1
 30, 15 |   7.7232470956320205e-04 |   7.7232470956320205e-04 | 1
 30, 16 |   8.8457993165630910e-05 |   8.8457993165630910e-05 | 1
 30, 17 |   9.0756825134579339e-05 |   9.0756825134579339e-05 | 1
 30, 18 |   6.8938575248466452e-05 |   6.8938575248466452e-05 | 1
 30, 19 |   1.8432412634298660e-05 |   1.8432412634298660e-05 | 1
 30, 20 |   9.3929446689858267e-05 |   9.3929446689858267e-05 | 1
 30, 21 |   1.5644640304913831e-04 |   1.5644640304913831e-04 | 1
 30, 22 |   2.1484306036320778e-04 |   2.1484306036320778e-04 | 1
 30, 23 |   7.1200604681479810e-05 |   7.1200604681479810e-05 | 1
 30, 24 |   1.6683501949112093e-04 |   1.6683501949112093e-04 | 1
 30, 25 |   1.0195021891277109e-04 |   1.0195021891277109e-04 | 1
 30, 26 |   8.9417666163908515e-05 |   8.9417666163908515e-05 | 1
 30, 27 |   1.0860643864927504e-03 |   1.0860643864927504e-03 | 1
 30, 28 |   2.2408439759844588e-04 |   2.2408439759844588e-04 | 1
 30, 29 |   8.0296256570334753e-05 |   8.0296256570334753e-05 | 1
 30, 30 |   1.0106607390438279e-02 |   1.0106607390438279e-02 | 1
 30, 31 |   2.8730901676462584e-04 |   2.8730901676462584e-04 | 1
 30, 32 |   6.4565177370901809e-05 |   6.4565177370901809e-05 | 1
 30, 33 |  -8.9743544607467766e-04 |  -8.9743544607467766e-04 | 1
 30, 34 |   5.2188087075451316e-04 |   5.2188087075451316e-04 | 1
 30, 35 |  -4.2961195361407184e-05 |  -4.2961195361407184e-05 | 1
 30, 36 |  -4.4056353069285247e-05 |  -4.4056353069285247e-05 | 1
 30, 37 |  -4.8453782534836739e-05 |  -4.8453782534836739e-05 | 1
 30, 38 |  -3.2869662160908502e-05 |  -3.2869662160908502e-05 | 1
 30, 39 |  -1.0933460181770879e-06 |  -1.0933460181770879e-06 | 1
 30, 40 |  -3.1414286904678368e-05 |  -3.1414286904678368e-05 | 1
 30, 41 |  -8.3358622871287521e-09 |  -8.3358622871287521e-09 | 1
 30, 42 |   8.0205056692929196e-05 |   8.0205056692929196e-05 | 1
 30, 43 |  -6.6440850229404155e-05 |  -6.6440850229404155e-05 | 1
 31,  1 |   8.2168135029753156e-05 |   8.2168135029753156e-05 | 1
 31,  2 |   6.6526708207536092e-05 |   6.6526708207536092e-05 | 1
 31,  3 |   4.8269835722218691e-05 |   4.8269835722218691e-05 | 1
 31,  4 |   5.2710478306522748e-05 |   5.2710478306522748e-05 | 1
 31,  5 |   2.2167199676885926e-05 |   2.2167199676885926e-05 | 1
 31,  6 |   9.5477258356863742e-05 |   9.5477258356863742e-05 | 1
 31,  7 |   7.4498047589056032e-05 |   7.4498047589056032e-05 | 1
 31,  8 |   6.6426308397422363e-05 |   6.6426308397422363e-05 | 1
 31,  9 |   8.0825013953640353e-05 |   8.0825013953640353e-05 | 1
 31, 10 |   8.9231857374707526e-05 |   8.9231857374707526e-05 | 1
 31, 11 |   1.0731378358974039e-03 |   1.0731378358974039e-03 | 1
 31, 12 |   1.3208768565129870e-04 |   1.3208768565129870e-04 | 1
 31, 13 |  -1.1331674829712984e-04 |  -1.1331674829712984e-04 | 1
 31, 14 |  -5.3526726543846897e-05 |  -5.3526726543846897e-05 | 1
 31, 15 |   1.0477589810450646e-03 |   1.0477589810450646e-03 | 1
 31, 16 |   1.1000113772058619e-04 |   1.1000113772058619e-04 | 1
 31, 17 |   9.1206027882805853e-05 |   9.1206027882805853e-05 | 1
 31, 18 |   5.6101308926438599e-05 |   5.6101308926438599e-05 | 1
 31, 19 |  -2.3856097468181058e-05 |  -2.3856097468181058e-05 | 1
 31, 20 |   1.0034583766647106e-04 |   1.0034583766647106e-04 | 1
 31, 21 |   1.9258177919072317e-04 |   1.9258177919072317e-04 | 1
 31, 22 |   3.0904784681497688e-04 |   3.0904784681497688e-04 | 1
 31, 23 |   7.8448471990223345e-05 |   7.8448471990223345e-05 | 1
 31, 24 |   2.1555283019124359e-04 |   2.1555283019124359e-04 | 1
 31, 25 |   1.2115716567461238e-04 |   1.2115716567461238e-04 | 1
 31, 26 |   8.2613847504664717e-05 |   8.2613847504664717e-05 | 1
 31, 27 |   1.7429534576161505e-03 |   1.7429534576161505e-03 | 1
 31, 28 |   3.1725360351709999e-04 |   3.1725360351709999e-04 | 1
 31, 29 |   8.0058843447000324e-05 |   8.0058843447000324e-05 | 1
 31, 30 |   2.8730901676462584e-04 |   2.8730901676462584e-04 | 1
 31, 31 |   2.2165282960618034e-02 |   2.2165282960618034e-02 | 1
 31, 32 |   1.0836206742205050e-04 |   1.0836206742205050e-04 | 1
 31, 33 |  -1.4799663716383211e-03 |  -1.4799663716383211e-03 | 1
 31, 34 |   8.1112947354151379e-04 |   8.1112947354151379e-04 | 1
 31, 35 |  -2.7145600656116071e-05 |  -2.7145600656116071e-05 | 1
 31, 36 |  -3.4874716710945304e-05 |  -3.4874716710945304e-05 | 1
 31, 37 |  -2.1178971507675217e-05 |  -2.1178971507675217e-05 | 1
 31, 38 |  -2.0603527851398552e-05 |  -2.0603527851398552e-05 | 1
 31, 39 |  -2.8130231326863826e-06 |  -2.8130231326863826e-06 | 1
 31, 40 |  -3.9113647243025319e-05 |  -3.9113647243025319e-05 | 1
 31, 41 |  -4.1546859875461976e-09 |  -4.1546859875461976e-09 | 1
 31, 42 |   7.4358140686088737e-05 |   7.4358140686088737e-05 | 1
 31, 43 |  -1.0973584159651590e-04 |  -1.0973584159651590e-04 | 1
 32,  1 |   1.9464221234200957e-05 |   1.9464221234200957e-05 | 1
 32,  2 |  -3.6477285401809146e-04 |  -3.6477285401809146e-04 | 1
 32,  3 |   1.5496611795417711e-05 |   1.5496611795417711e-05 | 1
 32,  4 |  -3.9548564864621333e-05 |  -3.9548564864621333e-05 | 1
 32,  5 |   1.5351932234843968e-04 |   1.5351932234843968e-04 | 1
 32,  6 |   1.0113668053350187e-04 |   1.0113668053350187e-04 | 1
 32,  7 |  -4.1448699130757329e-05 |  -4.1448699130757329e-05 | 1
 32,  8 |  -3.2606177308852489e-05 |  -3.2606177308852489e-05 | 1
 32,  9 |   3.2920133135375801e-05 |   3.2920133135375801e-05 | 1
 32, 10 |  -2.5108399265405936e-04 |  -2.5108399265405936e-04 | 1
 32, 11 |   2.7839092217842471e-04 |   2.7839092217842471e-04 | 1
 32, 12 |  -1.6346443330660532e-05 |  -1.6346443330660532e-05 | 1
 32, 13 |  -1.7990509063334594e-04 |  -1.7990509063334594e-04 | 1
 32, 14 |  -1.5458127621166136e-04 |  -1.5458127621166136e-04 | 1
 32, 15 |  -9.9990196402586313e-04 |  -9.9990196402586313e-04 | 1
 32, 16 |  -7.2705278366790504e-05 |  -7.2705278366790504e-05 | 1
 32, 17 |   1.0824821472920916e-05 |   1.0824821472920916e-05 | 1
 32, 18 |   5.5246389838444640e-05 |   5.5246389838444640e-05 | 1
 32, 19 |  -2.0563479277161320e-04 |  -2.0563479277161320e-04 | 1
 32, 20 |  -8.2814129296303634e-06 |  -8.2814129296303634e-06 | 1
 32, 21 |   1.9831720495269413e-04 |   1.9831720495269413e-04 | 1
 32, 22 |   7.3088485191382530e-05 |   7.3088485191382530e-05 | 1
 32, 23 |   8.2971984689438565e-05 |   8.2971984689438565e-05 | 1
 32, 24 |  -1.6945407888906984e-05 |  -1.6945407888906984e-05 | 1
 32, 25 |  -2.0092513869495031e-05 |  -2.0092513869495031e-05 | 1
 32, 26 |   5.6711290078916711e-05 |   5.6711290078916711e-05 | 1
 32, 27 |   7.3762788081180850e-04 |   7.3762788081180850e-04 | 1
 32, 28 |   5.0493522147323560e-05 |   5.0493522147323560e-05 | 1
 32, 29 |  -6.9888479937714956e-05 |  -6.9888479937714956e-05 | 1
 32, 30 |   6.4565177370901809e-05 |   6.4565177370901809e-05 | 1
 32, 31 |   1.0836206742205050e-04 |   1.0836206742205050e-04 | 1
 32, 32 |   4.3541199601368648e-04 |   4.3541199601368648e-04 | 1
 32, 33 |  -9.5598052679968010e-04 |  -9.5598052679968010e-04 | 1
 32, 34 |   1.3278923622156289e-04 |   1.3278923622156289e-04 | 1
 32, 35 |  -7.9050060382326391e-06 |  -7.9050060382326391e-06 | 1
 32, 36 |  -1.2094370121931465e-05 |  -1.2094370121931465e-05 | 1
 32, 37 |  -1.2947450246220454e-05 |  -1.2947450246220454e-05 | 1
 32, 38 |  -1.4571130103875925e-05 |  -1.4571130103875925e-05 | 1
 32, 39 |  -4.6121061564379125e-07 |  -4.6121061564379125e-07 | 1
 32, 40 |  -3.4484960021935896e-06 |  -3.4484960021935896e-06 | 1
 32, 41 |  -1.3192695895384466e-09 |  -1.3192695895384466e-09 | 1
 32, 42 |   1.9197219248111561e-05 |   1.9197219248111561e-05 | 1
 32, 43 |  -4.3506193282204426e-04 |  -4.3506193282204426e-04 | 1
 33,  1 |  -4.3288949762543456e-05 |  -4.3288949762543456e-05 | 1
 33,  2 |  -8.1245648717287484e-06 |  -8.1245648717287484e-06 | 1
 33,  3 |  -1.2063401468991551e-05 |  -1.2063401468991551e-05 | 1
 33,  4 |   1.3461298230929168e-04 |   1.3461298230929168e-04 | 1
 33,  5 |   6.1814758368313149e-05 |   6.1814758368313149e-05 | 1
 33,  6 |  -3.4406533440173412e-04 |  -3.4406533440173412e-04 | 1
 33,  7 |   4.3321092034889700e-05 |   4.3321092034889700e-05 | 1
 33,  8 |   2.3136909128549538e-05 |   2.3136909128549538e-05 | 1
 33,  9 |  -9.1717367172988523e-05 |  -9.1717367172988523e-05 | 1
 33, 10 |   3.7544860398666538e-04 |   3.7544860398666538e-04 | 1
 33, 11 |  -4.0532464935192150e-03 |  -4.0532464935192150e-03 | 1
 33, 12 |  -2.9861538870998609e-04 |  -2.9861538870998609e-04 | 1
 33, 13 |   1.0181519365587818e-03 |   1.0181519365587818e-03 | 1
 33, 14 |   7.9183485735723029e-04 |   7.9183485735723029e-04 | 1
 33, 15 |  -1.5872789161837011e-03 |  -1.5872789161837011e-03 | 1
 33, 16 |  -5.6311313053468040e-05 |  -5.6311313053468040e-05 | 1
 33, 17 |  -1.6825596236720182e-05 |  -1.6825596236720182e-05 | 1
 33, 18 |  -7.4250457695862624e-06 |  -7.4250457695862624e-06 | 1
 33, 19 |   7.8188587899591128e-04 |   7.8188587899591128e-04 | 1
 33, 20 |  -5.9016579720811441e-05 |  -5.9016579720811441e-05 | 1
 33, 21 |  -7.1793283629077861e-04 |  -7.1793283629077861e-04 | 1
 33, 22 |  -1.0373045366224866e-03 |  -1.0373045366224866e-03 | 1
 33, 23 |  -1.8763975083286493e-04 |  -1.8763975083286493e-04 | 1
 33, 24 |  -4.7961327748185373e-04 |  -4.7961327748185373e-04 | 1
 33, 25 |  -1.3710033328613298e-04 |  -1.3710033328613298e-04 | 1
 33, 26 |  -8.3468968343600977e-05 |  -8.3468968343600977e-05 | 1
 33, 27 |  -7.6254588750395685e-03 |  -7.6254588750395685e-03 | 1
 33, 28 |  -9.7548280892114096e-04 |  -9.7548280892114096e-04 | 1
 33, 29 |   1.2784076589291942e-04 |   1.2784076589291942e-04 | 1
 33, 30 |  -8.9743544607467766e-04 |  -8.9743544607467766e-04 | 1
 33, 31 |  -1.4799663716383211e-03 |  -1.4799663716383211e-03 | 1
 33, 32 |  -9.5598052679968010e-04 |  -9.5598052679968010e-04 | 1
 33, 33 |   7.2035008978493052e-03 |   7.2035008978493052e-03 | 1
 33, 34 |  -2.9868723360599149e-03 |  -2.9868723360599149e-03 | 1
 33, 35 |   2.4000185186721854e-05 |   2.4000185186721854e-05 | 1
 33, 36 |   2.7714779270569856e-05 |   2.7714779270569856e-05 | 1
 33, 37 |   1.7063800629009171e-05 |   1.7063800629009171e-05 | 1
 33, 38 |   2.1577527867795163e-05 |   2.1577527867795163e-05 | 1
 33, 39 |   1.6530822035613152e-06 |   1.6530822035613152e-06 | 1
 33, 40 |   1.9310301126505363e-06 |   1.9310301126505363e-06 | 1
 33, 41 |   1.8790092684981419e-09 |   1.8790092684981419e-09 | 1
 33, 42 |  -3.8624297383750588e-05 |  -3.8624297383750588e-05 | 1
 33, 43 |   9.5660853331878612e-04 |   9.5660853331878612e-04 | 1
 34,  1 |   7.1306886190418937e-05 |   7.1306886190418937e-05 | 1
 34,  2 |   5.9766254776969240e-05 |   5.9766254776969240e-05 | 1
 34,  3 |   3.3803982715002474e-05 |   3.3803982715002474e-05 | 1
 34,  4 |   4.0731216366160076e-05 |   4.0731216366160076e-05 | 1
 34,  5 |  -1.4622312673503326e-04 |  -1.4622312673503326e-04 | 1
 34,  6 |   1.1555209492936040e-04 |   1.1555209492936040e-04 | 1
 34,  7 |   9.1534930100347768e-05 |   9.1534930100347768e-05 | 1
 34,  8 |   8.6921231436552814e-05 |   8.6921231436552814e-05 | 1
 34,  9 |   7.2114456942801516e-05 |   7.2114456942801516e-05 | 1
 34, 10 |   1.8891252635837438e-04 |   1.8891252635837438e-04 | 1
 34, 11 |   2.1481038468247485e-03 |   2.1481038468247485e-03 | 1
 34, 12 |   2.4093783689835139e-04 |   2.4093783689835139e-04 | 1
 34, 13 |  -2.9181996202202809e-04 |  -2.9181996202202809e-04 | 1
 34, 14 |  -1.7994989536448996e-04 |  -1.7994989536448996e-04 | 1
 34, 15 |   2.5171703745767659e-03 |   2.5171703745767659e-03 | 1
 34, 16 |   1.8811247134254710e-04 |   1.8811247134254710e-04 | 1
 34, 17 |   8.0075037080046263e-05 |   8.0075037080046263e-05 | 1
 34, 18 |   5.8853418020386044e-06 |   5.8853418020386044e-06 | 1
 34, 19 |  -1.0407974113042263e-04 |  -1.0407974113042263e-04 | 1
 34, 20 |   1.2621599955878090e-04 |   1.2621599955878090e-04 | 1
 34, 21 |   2.4328903988092514e-04 |   2.4328903988092514e-04 | 1
 34, 22 |   5.8436880124460001e-04 |   5.8436880124460001e-04 | 1
 34, 23 |   6.3438197474030073e-05 |   6.3438197474030073e-05 | 1
 34, 24 |   3.8934691806414673e-04 |   3.8934691806414673e-04 | 1
 34, 25 |   1.7834340564941477e-04 |   1.7834340564941477e-04 | 1
 34, 26 |   5.2503594126107804e-05 |   5.2503594126107804e-05 | 1
 34, 27 |   3.5888236289763108e-03 |   3.5888236289763108e-03 | 1
 34, 28 |   5.8841097561307279e-04 |   5.8841097561307279e-04 | 1
 34, 29 |   9.4645552649735978e-05 |   9.4645552649735978e-05 | 1
 34, 30 |   5.2188087075451316e-04 |   5.2188087075451316e-04 | 1
 34, 31 |   8.1112947354151379e-04 |   8.1112947354151379e-04 | 1
 34, 32 |   1.3278923622156289e-04 |   1.3278923622156289e-04 | 1
 34, 33 |  -2.9868723360599149e-03 |  -2.9868723360599149e-03 | 1
 34, 34 |   2.4312102050249472e-03 |   2.4312102050249472e-03 | 1
 34, 35 |  -4.4161346774913580e-05 |  -4.4161346774913580e-05 | 1
 34, 36 |  -4.0820667831392907e-05 |  -4.0820667831392907e-05 | 1
 34, 37 |  -2.7327171902170349e-05 |  -2.7327171902170349e-05 | 1
 34, 38 |  -2.3626385176999356e-05 |  -2.3626385176999356e-05 | 1
 34, 39 |  -1.6887495131547692e-06 |  -1.6887495131547692e-06 | 1
 34, 40 |  -2.8718111961565292e-05 |  -2.8718111961565292e-05 | 1
 34, 41 |  -5.2087281784955531e-09 |  -5.2087281784955531e-09 | 1
 34, 42 |   6.8626565566819278e-05 |   6.8626565566819278e-05 | 1
 34, 43 |  -1.3505446897256441e-04 |  -1.3505446897256441e-04 | 1
 35,  1 |  -3.7859677648972192e-05 |  -3.7859677648972192e-05 | 1
 35,  2 |  -3.6674184837028666e-05 |  -3.6674184837028666e-05 | 1
 35,  3 |  -3.6780012594163556e-05 |  -3.6780012594163556e-05 | 1
 35,  4 |  -3.5097101635605110e-05 |  -3.5097101635605110e-05 | 1
 35,  5 |  -5.2858116239809995e-05 |  -5.2858116239809995e-05 | 1
 35,  6 |  -3.4965406114957413e-05 |  -3.4965406114957413e-05 | 1
 35,  7 |  -1.8369698557016035e-05 |  -1.8369698557016035e-05 | 1
 35,  8 |  -2.6767202255637351e-05 |  -2.6767202255637351e-05 | 1
 35,  9 |  -2.7753131998213571e-05 |  -2.7753131998213571e-05 | 1
 35, 10 |  -2.6802308110046881e-05 |  -2.6802308110046881e-05 | 1
 35, 11 |  -6.3753677791338487e-05 |  -6.3753677791338487e-05 | 1
 35, 12 |  -2.5547960827485542e-05 |  -2.5547960827485542e-05 | 1
 35, 13 |  -4.4348795749193985e-05 |  -4.4348795749193985e-05 | 1
 35, 14 |  -3.6202400356702688e-05 |  -3.6202400356702688e-05 | 1
 35, 15 |  -1.8293390938435962e-04 |  -1.8293390938435962e-04 | 1
 35, 16 |  -1.2161070389877020e-05 |  -1.2161070389877020e-05 | 1
 35, 17 |  -4.5253433086645290e-05 |  -4.5253433086645290e-05 | 1
 35, 18 |  -5.4741943144265997e-05 |  -5.4741943144265997e-05 | 1
 35, 19 |  -3.7725511455339739e-05 |  -3.7725511455339739e-05 | 1
 35, 20 |  -6.1094670111478603e-05 |  -6.1094670111478603e-05 | 1
 35, 21 |  -5.8241466593081433e-05 |  -5.8241466593081433e-05 | 1
 35, 22 |  -4.1891338820268780e-05 |  -4.1891338820268780e-05 | 1
 35, 23 |  -5.3670375483379801e-05 |  -5.3670375483379801e-05 | 1
 35, 24 |  -5.6156882556156407e-05 |  -5.6156882556156407e-05 | 1
 35, 25 |  -3.1893472512484002e-05 |  -3.1893472512484002e-05 | 1
 35, 26 |  -6.9529593621024492e-05 |  -6.9529593621024492e-05 | 1
 35, 27 |  -5.7406838676382274e-05 |  -5.7406838676382274e-05 | 1
 35, 28 |  -4.5381458122964767e-05 |  -4.5381458122964767e-05 | 1
 35, 29 |  -4.2283132727245808e-05 |  -4.2283132727245808e-05 | 1
 35, 30 |  -4.2961195361407184e-05 |  -4.2961195361407184e-05 | 1
 35, 31 |  -2.7145600656116071e-05 |  -2.7145600656116071e-05 | 1
 35, 32 |  -7.9050060382326391e-06 |  -7.9050060382326391e-06 | 1
 35, 33 |   2.4000185186721854e-05 |   2.4000185186721854e-05 | 1
 35, 34 |  -4.4161346774913580e-05 |  -4.4161346774913580e-05 | 1
 35, 35 |   7.1363671270425165e-05 |   7.1363671270425165e-05 | 1
 35, 36 |   5.8664129797664105e-05 |   5.8664129797664105e-05 | 1
 35, 37 |   6.1879461415290424e-05 |   6.1879461415290424e-05 | 1
 35, 38 |   6.6986247594090980e-05 |   6.6986247594090980e-05 | 1
 35, 39 |  -1.0405742655304980e-06 |  -1.0405742655304980e-06 | 1
 35, 40 |  -2.7592224824459012e-06 |  -2.7592224824459012e-06 | 1
 35, 41 |   7.5306745107292551e-10 |   7.5306745107292551e-10 | 1
 35, 42 |  -5.2254029322550550e-05 |  -5.2254029322550550e-05 | 1
 35, 43 |   7.8213732870493240e-06 |   7.8213732870493240e-06 | 1
 36,  1 |  -3.6527594499013533e-05 |  -3.6527594499013533e-05 | 1
 36,  2 |  -3.6445402682894402e-05 |  -3.6445402682894402e-05 | 1
 36,  3 |  -3.6139707200778042e-05 |  -3.6139707200778042e-05 | 1
 36,  4 |  -3.2660356400753604e-05 |  -3.2660356400753604e-05 | 1
 36,  5 |  -3.4292034668761598e-05 |  -3.4292034668761598e-05 | 1
 36,  6 |  -2.2399952666596286e-05 |  -2.2399952666596286e-05 | 1
 36,  7 |  -2.1882646790009048e-05 |  -2.1882646790009048e-05 | 1
 36,  8 |  -1.8244455931650463e-05 |  -1.8244455931650463e-05 | 1
 36,  9 |  -3.1102394813426867e-05 |  -3.1102394813426867e-05 | 1
 36, 10 |  -1.2336356642974534e-05 |  -1.2336356642974534e-05 | 1
 36, 11 |  -4.5252491129821639e-05 |  -4.5252491129821639e-05 | 1
 36, 12 |  -3.0800423361953903e-05 |  -3.0800423361953903e-05 | 1
 36, 13 |  -4.4331773788007376e-05 |  -4.4331773788007376e-05 | 1
 36, 14 |  -3.8332344855439288e-05 |  -3.8332344855439288e-05 | 1
 36, 15 |  -1.6073424668329903e-04 |  -1.6073424668329903e-04 | 1
 36, 16 |  -1.0112295246142727e-05 |  -1.0112295246142727e-05 | 1
 36, 17 |  -4.8402154295282783e-05 |  -4.8402154295282783e-05 | 1
 36, 18 |  -5.7640300875251238e-05 |  -5.7640300875251238e-05 | 1
 36, 19 |  -3.2041471007191380e-05 |  -3.2041471007191380e-05 | 1
 36, 20 |  -5.6740750049543540e-05 |  -5.6740750049543540e-05 | 1
 36, 21 |  -5.0298727996620464e-05 |  -5.0298727996620464e-05 | 1
 36, 22 |  -2.9077067785746644e-05 |  -2.9077067785746644e-05 | 1
 36, 23 |  -3.6565904246512560e-05 |  -3.6565904246512560e-05 | 1
 36, 24 |  -4.1852074203648805e-05 |  -4.1852074203648805e-05 | 1
 36, 25 |  -3.5456017229254814e-05 |  -3.5456017229254814e-05 | 1
 36, 26 |  -7.4272741600522998e-05 |  -7.4272741600522998e-05 | 1
 36, 27 |  -4.5867851776260757e-05 |  -4.5867851776260757e-05 | 1
 36, 28 |  -5.7045621775759183e-05 |  -5.7045621775759183e-05 | 1
 36, 29 |  -4.7746178326406525e-05 |  -4.7746178326406525e-05 | 1
 36, 30 |  -4.4056353069285247e-05 |  -4.4056353069285247e-05 | 1
 36, 31 |  -3.4874716710945304e-05 |  -3.4874716710945304e-05 | 1
 36, 32 |  -1.2094370121931465e-05 |  -1.2094370121931465e-05 | 1
 36, 33 |   2.7714779270569856e-05 |   2.7714779270569856e-05 | 1
 36, 34 |  -4.0820667831392907e-05 |  -4.0820667831392907e-05 | 1
 36, 35 |   5.8664129797664105e-05 |   5.8664129797664105e-05 | 1
 36, 36 |   7.9789709544790535e-05 |   7.9789709544790535e-05 | 1
 36, 37 |   7.4558141346931962e-05 |   7.4558141346931962e-05 | 1
 36, 38 |   8.2582354448404617e-05 |   8.2582354448404617e-05 | 1
 36, 39 |  -1.7138254524685977e-06 |  -1.7138254524685977e-06 | 1
 36, 40 |  -5.0228829523607139e-06 |  -5.0228829523607139e-06 | 1
 36, 41 |   1.4002318735617089e-09 |   1.4002318735617089e-09 | 1
 36, 42 |  -5.7399486972834206e-05 |  -5.7399486972834206e-05 | 1
 36, 43 |   1.1402756897502601e-05 |   1.1402756897502601e-05 | 1
 37,  1 |  -2.5797992394832988e-05 |  -2.5797992394832988e-05 | 1
 37,  2 |  -2.7483296981788948e-05 |  -2.7483296981788948e-05 | 1
 37,  3 |  -2.9719254560565682e-05 |  -2.9719254560565682e-05 | 1
 37,  4 |  -1.9995043153075562e-05 |  -1.9995043153075562e-05 | 1
 37,  5 |  -4.4892007214445909e-05 |  -4.4892007214445909e-05 | 1
 37,  6 |  -2.5925424811688431e-05 |  -2.5925424811688431e-05 | 1
 37,  7 |  -4.3337688071628124e-06 |  -4.3337688071628124e-06 | 1
 37,  8 |  -1.2137876126432819e-05 |  -1.2137876126432819e-05 | 1
 37,  9 |  -2.5766373829292564e-05 |  -2.5766373829292564e-05 | 1
 37, 10 |  -4.5806163270223535e-06 |  -4.5806163270223535e-06 | 1
 37, 11 |  -2.3700388448295408e-05 |  -2.3700388448295408e-05 | 1
 37, 12 |  -2.3664280606938475e-05 |  -2.3664280606938475e-05 | 1
 37, 13 |  -4.5331878519417949e-05 |  -4.5331878519417949e-05 | 1
 37, 14 |  -3.6558205001111624e-05 |  -3.6558205001111624e-05 | 1
 37, 15 |  -1.3739261292034823e-04 |  -1.3739261292034823e-04 | 1
 37, 16 |  -1.2759297603272710e-06 |  -1.2759297603272710e-06 | 1
 37, 17 |  -4.0178226810839987e-05 |  -4.0178226810839987e-05 | 1
 37, 18 |  -4.4696686087662113e-05 |  -4.4696686087662113e-05 | 1
 37, 19 |  -2.1389604789631476e-05 |  -2.1389604789631476e-05 | 1
 37, 20 |  -4.2432436540029409e-05 |  -4.2432436540029409e-05 | 1
 37, 21 |  -5.4449827601774878e-05 |  -5.4449827601774878e-05 | 1
 37, 22 |  -2.3317973104736466e-05 |  -2.3317973104736466e-05 | 1
 37, 23 |  -3.1762426029927840e-05 |  -3.1762426029927840e-05 | 1
 37, 24 |  -3.7978682018839917e-05 |  -3.7978682018839917e-05 | 1
 37, 25 |  -2.9518026936858493e-05 |  -2.9518026936858493e-05 | 1
 37, 26 |  -7.3981556739887016e-05 |  -7.3981556739887016e-05 | 1
 37, 27 |  -3.6458757857638274e-05 |  -3.6458757857638274e-05 | 1
 37, 28 |  -4.3007893205560611e-05 |  -4.3007893205560611e-05 | 1
 37, 29 |  -4.4089247103794814e-05 |  -4.4089247103794814e-05 | 1
 37, 30 |  -4.8453782534836739e-05 |  -4.8453782534836739e-05 | 1
 37, 31 |  -2.1178971507675217e-05 |  -2.1178971507675217e-05 | 1
 37, 32 |  -1.2947450246220454e-05 |  -1.2947450246220454e-05 | 1
 37, 33 |   1.7063800629009171e-05 |   1.7063800629009171e-05 | 1
 37, 34 |  -2.7327171902170349e-05 |  -2.7327171902170349e-05 | 1
 37, 35 |   6.1879461415290424e-05 |   6.1879461415290424e-05 | 1
 37, 36 |   7.4558141346931962e-05 |   7.4558141346931962e-05 | 1
 37, 37 |   1.0918164019421223e-04 |   1.0918164019421223e-04 | 1
 37, 38 |   1.1539613766212121e-04 |   1.1539613766212121e-04 | 1
 37, 39 |  -3.6412867095625410e-06 |  -3.6412867095625410e-06 | 1
 37, 40 |  -1.1511698734925822e-05 |  -1.1511698734925822e-05 | 1
 37, 41 |   3.0971568095607892e-09 |   3.0971568095607892e-09 | 1
 37, 42 |  -5.8557549708910697e-05 |  -5.8557549708910697e-05 | 1
 37, 43 |   9.1915280838909308e-06 |   9.1915280838909308e-06 | 1
 38,  1 |  -1.5053778518217899e-05 |  -1.5053778518217899e-05 | 1
 38,  2 |  -1.4627096382011083e-05 |  -1.4627096382011083e-05 | 1
 38,  3 |  -3.0702987667083845e-05 |  -3.0702987667083845e-05 | 1
 38,  4 |  -9.3897889859463658e-06 |  -9.3897889859463658e-06 | 1
 38,  5 |  -3.6261399104222419e-05 |  -3.6261399104222419e-05 | 1
 38,  6 |  -1.6338037563430253e-05 |  -1.6338037563430253e-05 | 1
 38,  7 |   1.0502130935864133e-06 |   1.0502130935864133e-06 | 1
 38,  8 |  -6.1116970603633062e-06 |  -6.1116970603633062e-06 | 1
 38,  9 |  -1.1530100813413447e-05 |  -1.1530100813413447e-05 | 1
 38, 10 |  -9.3922763252275048e-06 |  -9.3922763252275048e-06 | 1
 38, 11 |   9.0828268860850370e-06 |   9.0828268860850370e-06 | 1
 38, 12 |  -2.7638680640524460e-05 |  -2.7638680640524460e-05 | 1
 38, 13 |  -4.5895374100759858e-05 |  -4.5895374100759858e-05 | 1
 38, 14 |  -1.8730190028545280e-05 |  -1.8730190028545280e-05 | 1
 38, 15 |  -5.2933996437266652e-05 |  -5.2933996437266652e-05 | 1
 38, 16 |   8.9699406343420879e-06 |   8.9699406343420879e-06 | 1
 38, 17 |  -2.8924198414602168e-05 |  -2.8924198414602168e-05 | 1
 38, 18 |  -1.9711416631826246e-05 |  -1.9711416631826246e-05 | 1
 38, 19 |   1.8208505503570282e-06 |   1.8208505503570282e-06 | 1
 38, 20 |  -3.4848263552728472e-05 |  -3.4848263552728472e-05 | 1
 38, 21 |  -4.0446221706863641e-05 |  -4.0446221706863641e-05 | 1
 38, 22 |  -1.5500241387461002e-05 |  -1.5500241387461002e-05 | 1
 38, 23 |  -3.5937942261418554e-05 |  -3.5937942261418554e-05 | 1
 38, 24 |  -3.3351712298324720e-05 |  -3.3351712298324720e-05 | 1
 38, 25 |  -2.0548732787652390e-05 |  -2.0548732787652390e-05 | 1
 38, 26 |  -5.5790035586829476e-05 |  -5.5790035586829476e-05 | 1
 38, 27 |  -3.1499839252104245e-05 |  -3.1499839252104245e-05 | 1
 38, 28 |  -3.7279624709550129e-05 |  -3.7279624709550129e-05 | 1
 38, 29 |  -3.6582916303316937e-05 |  -3.6582916303316937e-05 | 1
 38, 30 |  -3.2869662160908502e-05 |  -3.2869662160908502e-05 | 1
 38, 31 |  -2.0603527851398552e-05 |  -2.0603527851398552e-05 | 1
 38, 32 |  -1.4571130103875925e-05 |  -1.4571130103875925e-05 | 1
 38, 33 |   2.1577527867795163e-05 |   2.1577527867795163e-05 | 1
 38, 34 |  -2.3626385176999356e-05 |  -2.3626385176999356e-05 | 1
 38, 35 |   6.6986247594090980e-05 |   6.6986247594090980e-05 | 1
 38, 36 |   8.2582354448404617e-05 |   8.2582354448404617e-05 | 1
 38, 37 |   1.1539613766212121e-04 |   1.1539613766212121e-04 | 1
 38, 38 |   1.6654439760187563e-04 |   1.6654439760187563e-04 | 1
 38, 39 |  -5.7713696831786458e-06 |  -5.7713696831786458e-06 | 1
 38, 40 |  -1.8385996781178581e-05 |  -1.8385996781178581e-05 | 1
 38, 41 |   5.1221052409087151e-09 |   5.1221052409087151e-09 | 1
 38, 42 |  -5.5771531383113345e-05 |  -5.5771531383113345e-05 | 1
 38, 43 |   6.0789234066363521e-06 |   6.0789234066363521e-06 | 1
 39,  1 |  -2.4448016986134457e-06 |  -2.4448016986134457e-06 | 1
 39,  2 |  -1.7111758929979704e-06 |  -1.7111758929979704e-06 | 1
 39,  3 |  -6.2518252154265142e-07 |  -6.2518252154265142e-07 | 1
 39,  4 |  -1.7923841553615702e-06 |  -1.7923841553615702e-06 | 1
 39,  5 |  -2.0458196569196966e-06 |  -2.0458196569196966e-06 | 1
 39,  6 |  -1.6712565072075539e-06 |  -1.6712565072075539e-06 | 1
 39,  7 |  -2.6876828849014708e-06 |  -2.6876828849014708e-06 | 1
 39,  8 |  -1.3300482870451129e-06 |  -1.3300482870451129e-06 | 1
 39,  9 |  -2.2585657519724813e-06 |  -2.2585657519724813e-06 | 1
 39, 10 |  -1.5000360522734779e-06 |  -1.5000360522734779e-06 | 1
 39, 11 |  -6.2809186254716970e-06 |  -6.2809186254716970e-06 | 1
 39, 12 |  -2.6760433779671426e-07 |  -2.6760433779671426e-07 | 1
 39, 13 |   7.6979029998864043e-08 |   7.6979029998864043e-08 | 1
 39, 14 |  -1.2042761572498310e-06 |  -1.2042761572498310e-06 | 1
 39, 15 |  -6.1372920390230195e-07 |  -6.1372920390230195e-07 | 1
 39, 16 |  -1.5639097863075726e-06 |  -1.5639097863075726e-06 | 1
 39, 17 |  -2.2809770333747738e-06 |  -2.2809770333747738e-06 | 1
 39, 18 |  -3.1444650806021664e-06 |  -3.1444650806021664e-06 | 1
 39, 19 |  -2.9401605262921649e-06 |  -2.9401605262921649e-06 | 1
 39, 20 |  -1.8809228017489932e-06 |  -1.8809228017489932e-06 | 1
 39, 21 |  -3.0688760533632325e-06 |  -3.0688760533632325e-06 | 1
 39, 22 |  -1.6773231292019197e-06 |  -1.6773231292019197e-06 | 1
 39, 23 |  -1.1363502465114446e-06 |  -1.1363502465114446e-06 | 1
 39, 24 |  -1.2064006044315532e-06 |  -1.2064006044315532e-06 | 1
 39, 25 |  -1.9595680771697009e-06 |  -1.9595680771697009e-06 | 1
 39, 26 |  -1.2912929530820472e-06 |  -1.2912929530820472e-06 | 1
 39, 27 |  -2.2672324208762958e-06 |  -2.2672324208762958e-06 | 1
 39, 28 |  -1.2959198237909962e-06 |  -1.2959198237909962e-06 | 1
 39, 29 |  -1.5460266403394311e-06 |  -1.5460266403394311e-06 | 1
 39, 30 |  -1.0933460181770879e-06 |  -1.0933460181770879e-06 | 1
 39, 31 |  -2.8130231326863826e-06 |  -2.8130231326863826e-06 | 1
 39, 32 |  -4.6121061564379125e-07 |  -4.6121061564379125e-07 | 1
 39, 33 |   1.6530822035613152e-06 |   1.6530822035613152e-06 | 1
 39, 34 |  -1.6887495131547692e-06 |  -1.6887495131547692e-06 | 1
 39, 35 |  -1.0405742655304980e-06 |  -1.0405742655304980e-06 | 1
 39, 36 |  -1.7138254524685977e-06 |  -1.7138254524685977e-06 | 1
 39, 37 |  -3.6412867095625410e-06 |  -3.6412867095625410e-06 | 1
 39, 38 |  -5.7713696831786458e-06 |  -5.7713696831786458e-06 | 1
 39, 39 |   4.8153930438848766e-07 |   4.8153930438848766e-07 | 1
 39, 40 |   1.5845265552399275e-06 |   1.5845265552399275e-06 | 1
 39, 41 |  -9.4338979846408228e-10 |  -9.4338979846408228e-10 | 1
 39, 42 |  -1.3463464219986821e-07 |  -1.3463464219986821e-07 | 1
 39, 43 |   8.2295290894234348e-07 |   8.2295290894234348e-07 | 1
 40,  1 |  -3.1309168622118338e-05 |  -3.1309168622118338e-05 | 1
 40,  2 |  -2.5554686697460579e-05 |  -2.5554686697460579e-05 | 1
 40,  3 |  -1.6957152748414219e-05 |  -1.6957152748414219e-05 | 1
 40,  4 |  -3.0008575386327818e-05 |  -3.0008575386327818e-05 | 1
 40,  5 |  -5.1690450225741496e-05 |  -5.1690450225741496e-05 | 1
 40,  6 |  -2.3434584129412591e-05 |  -2.3434584129412591e-05 | 1
 40,  7 |  -4.4635196759809850e-05 |  -4.4635196759809850e-05 | 1
 40,  8 |  -2.8160511107095552e-05 |  -2.8160511107095552e-05 | 1
 40,  9 |  -3.6533103400810183e-05 |  -3.6533103400810183e-05 | 1
 40, 10 |  -3.5412141588450741e-05 |  -3.5412141588450741e-05 | 1
 40, 11 |  -7.8627770933923421e-05 |  -7.8627770933923421e-05 | 1
 40, 12 |  -3.7480607658236223e-06 |  -3.7480607658236223e-06 | 1
 40, 13 |  -1.7276549087183519e-05 |  -1.7276549087183519e-05 | 1
 40, 14 |  -4.2216284073306874e-05 |  -4.2216284073306874e-05 | 1
 40, 15 |   3.5160082653616785e-06 |   3.5160082653616785e-06 | 1
 40, 16 |  -3.8905116459374941e-05 |  -3.8905116459374941e-05 | 1
 40, 17 |  -3.5749185169276050e-05 |  -3.5749185169276050e-05 | 1
 40, 18 |  -1.6770710177813052e-05 |  -1.6770710177813052e-05 | 1
 40, 19 |  -2.9952436231064164e-05 |  -2.9952436231064164e-05 | 1
 40, 20 |  -3.5583686060739999e-05 |  -3.5583686060739999e-05 | 1
 40, 21 |  -3.3800056331803007e-05 |  -3.3800056331803007e-05 | 1
 40, 22 |  -3.6322405394296049e-05 |  -3.6322405394296049e-05 | 1
 40, 23 |  -2.8599555820860476e-05 |  -2.8599555820860476e-05 | 1
 40, 24 |  -3.3165590113632261e-05 |  -3.3165590113632261e-05 | 1
 40, 25 |  -2.5988563963395687e-05 |  -2.5988563963395687e-05 | 1
 40, 26 |  -1.5182476568038142e-05 |  -1.5182476568038142e-05 | 1
 40, 27 |  -1.4783918376804226e-05 |  -1.4783918376804226e-05 | 1
 40, 28 |  -3.1973492480550847e-05 |  -3.1973492480550847e-05 | 1
 40, 29 |  -2.8103115267058531e-05 |  -2.8103115267058531e-05 | 1
 40, 30 |  -3.1414286904678368e-05 |  -3.1414286904678368e-05 | 1
 40, 31 |  -3.9113647243025319e-05 |  -3.9113647243025319e-05 | 1
 40, 32 |  -3.4484960021935896e-06 |  -3.4484960021935896e-06 | 1
 40, 33 |   1.9310301126505363e-06 |   1.9310301126505363e-06 | 1
 40, 34 |  -2.8718111961565292e-05 |  -2.8718111961565292e-05 | 1
 40, 35 |  -2.7592224824459012e-06 |  -2.7592224824459012e-06 | 1
 40, 36 |  -5.0228829523607139e-06 |  -5.0228829523607139e-06 | 1
 40, 37 |  -1.1511698734925822e-05 |  -1.1511698734925822e-05 | 1
 40, 38 |  -1.8385996781178581e-05 |  -1.8385996781178581e-05 | 1
 40, 39 |   1.5845265552399275e-06 |   1.5845265552399275e-06 | 1
 40, 40 |   5.4311893457034731e-05 |   5.4311893457034731e-05 | 1
 40, 41 |  -3.0546863260295268e-09 |  -3.0546863260295268e-09 | 1
 40, 42 |  -2.6610430696385245e-05 |  -2.6610430696385245e-05 | 1
 40, 43 |   4.4551067502539414e-06 |   4.4551067502539414e-06 | 1
 41,  1 |  -5.2625705242153990e-09 |  -5.2625705242153990e-09 | 1
 41,  2 |  -6.4277540477763829e-09 |  -6.4277540477763829e-09 | 1
 41,  3 |  -4.7435442032637086e-09 |  -4.7435442032637086e-09 | 1
 41,  4 |  -6.2334193880449670e-09 |  -6.2334193880449670e-09 | 1
 41,  5 |  -1.4923744026808692e-08 |  -1.4923744026808692e-08 | 1
 41,  6 |  -3.2139117712114155e-09 |  -3.2139117712114155e-09 | 1
 41,  7 |   4.2675874144797362e-10 |   4.2675874144797362e-10 | 1
 41,  8 |  -6.7492404771149948e-09 |  -6.7492404771149948e-09 | 1
 41,  9 |  -2.5028631914775627e-09 |  -2.5028631914775627e-09 | 1
 41, 10 |  -4.0738651004820451e-09 |  -4.0738651004820451e-09 | 1
 41, 11 |   7.5861440374703525e-09 |   7.5861440374703525e-09 | 1
 41, 12 |  -6.7908712170086794e-09 |  -6.7908712170086794e-09 | 1
 41, 13 |  -8.7628871227022921e-09 |  -8.7628871227022921e-09 | 1
 41, 14 |  -6.4272475339257380e-09 |  -6.4272475339257380e-09 | 1
 41, 15 |  -8.9125910959074533e-09 |  -8.9125910959074533e-09 | 1
 41, 16 |  -5.3573607122475112e-09 |  -5.3573607122475112e-09 | 1
 41, 17 |  -5.9836341210791329e-09 |  -5.9836341210791329e-09 | 1
 41, 18 |  -3.8247343251146799e-09 |  -3.8247343251146799e-09 | 1
 41, 19 |  -3.6044318350492492e-09 |  -3.6044318350492492e-09 | 1
 41, 20 |  -1.5208579687391670e-09 |  -1.5208579687391670e-09 | 1
 41, 21 |  -4.9842334741509799e-09 |  -4.9842334741509799e-09 | 1
 41, 22 |  -4.9115871819595502e-09 |  -4.9115871819595502e-09 | 1
 41, 23 |  -7.3649228239548134e-09 |  -7.3649228239548134e-09 | 1
 41, 24 |  -6.9085233143550986e-09 |  -6.9085233143550986e-09 | 1
 41, 25 |  -5.4317766516862956e-09 |  -5.4317766516862956e-09 | 1
 41, 26 |  -5.6657645433787189e-09 |  -5.6657645433787189e-09 | 1
 41, 27 |  -4.1665255402052058e-09 |  -4.1665255402052058e-09 | 1
 41, 28 |  -4.8187979131845907e-09 |  -4.8187979131845907e-09 | 1
 41, 29 |  -3.4056748860427720e-09 |  -3.4056748860427720e-09 | 1
 41, 30 |  -8.3358622871287521e-09 |  -8.3358622871287521e-09 | 1
 41, 31 |  -4.1546859875461976e-09 |  -4.1546859875461976e-09 | 1
 41, 32 |  -1.3192695895384466e-09 |  -1.3192695895384466e-09 | 1
 41, 33 |   1.8790092684981419e-09 |   1.8790092684981419e-09 | 1
 41, 34 |  -5.2087281784955531e-09 |  -5.2087281784955531e-09 | 1
 41, 35 |   7.5306745107292551e-10 |   7.5306745107292551e-10 | 1
 41, 36 |   1.4002318735617089e-09 |   1.4002318735617089e-09 | 1
 41, 37 |   3.0971568095607892e-09 |   3.0971568095607892e-09 | 1
 41, 38 |   5.1221052409087151e-09 |   5.1221052409087151e-09 | 1
 41, 39 |  -9.4338979846408228e-10 |  -9.4338979846408228e-10 | 1
 41, 40 |  -3.0546863260295268e-09 |  -3.0546863260295268e-09 | 1
 41, 41 |   8.1008286250523377e-12 |   8.1008286250523377e-12 | 1
 41, 42 |  -6.9676631789788642e-09 |  -6.9676631789788642e-09 | 1
 41, 43 |   1.4759771145429914e-09 |   1.4759771145429914e-09 | 1
 42,  1 |   7.1764978344779972e-05 |   7.1764978344779972e-05 | 1
 42,  2 |   6.5286979972436530e-05 |   6.5286979972436530e-05 | 1
 42,  3 |   5.2206764461705846e-05 |   5.2206764461705846e-05 | 1
 42,  4 |   6.3218936835466574e-05 |   6.3218936835466574e-05 | 1
 42,  5 |   1.0799885565662237e-04 |   1.0799885565662237e-04 | 1
 42,  6 |   5.4286492100848984e-05 |   5.4286492100848984e-05 | 1
 42,  7 |   5.3268837963069558e-05 |   5.3268837963069558e-05 | 1
 42,  8 |   5.1143884726222942e-05 |   5.1143884726222942e-05 | 1
 42,  9 |   6.4001907253235808e-05 |   6.4001907253235808e-05 | 1
 42, 10 |   4.8039534266354090e-05 |   4.8039534266354090e-05 | 1
 42, 11 |   1.0706982042456206e-04 |   1.0706982042456206e-04 | 1
 42, 12 |   4.0725612182909373e-05 |   4.0725612182909373e-05 | 1
 42, 13 |   6.5095114877479368e-05 |   6.5095114877479368e-05 | 1
 42, 14 |   7.3534749761767961e-05 |   7.3534749761767961e-05 | 1
 42, 15 |   1.4687969059967897e-04 |   1.4687969059967897e-04 | 1
 42, 16 |   4.4740184620461248e-05 |   4.4740184620461248e-05 | 1
 42, 17 |   8.5655464189328623e-05 |   8.5655464189328623e-05 | 1
 42, 18 |   8.3282360645564363e-05 |   8.3282360645564363e-05 | 1
 42, 19 |   6.6046210260614079e-05 |   6.6046210260614079e-05 | 1
 42, 20 |   8.1224195245907489e-05 |   8.1224195245907489e-05 | 1
 42, 21 |   9.8778577614329178e-05 |   9.8778577614329178e-05 | 1
 42, 22 |   6.6644555362128051e-05 |   6.6644555362128051e-05 | 1
 42, 23 |   7.1987947221360972e-05 |   7.1987947221360972e-05 | 1
 42, 24 |   7.7580040288290918e-05 |   7.7580040288290918e-05 | 1
 42, 25 |   6.6568657747496473e-05 |   6.6568657747496473e-05 | 1
 42, 26 |   9.3580768367438992e-05 |   9.3580768367438992e-05 | 1
 42, 27 |   7.2841614034309716e-05 |   7.2841614034309716e-05 | 1
 42, 28 |   7.8600260775347144e-05 |   7.8600260775347144e-05 | 1
 42, 29 |   7.3452262596139468e-05 |   7.3452262596139468e-05 | 1
 42, 30 |   8.0205056692929196e-05 |   8.0205056692929196e-05 | 1
 42, 31 |   7.4358140686088737e-05 |   7.4358140686088737e-05 | 1
 42, 32 |   1.9197219248111561e-05 |   1.9197219248111561e-05 | 1
 42, 33 |  -3.8624297383750588e-05 |  -3.8624297383750588e-05 | 1
 42, 34 |   6.8626565566819278e-05 |   6.8626565566819278e-05 | 1
 42, 35 |  -5.2254029322550550e-05 |  -5.2254029322550550e-05 | 1
 42, 36 |  -5.7399486972834206e-05 |  -5.7399486972834206e-05 | 1
 42, 37 |  -5.8557549708910697e-05 |  -5.8557549708910697e-05 | 1
 42, 38 |  -5.5771531383113345e-05 |  -5.5771531383113345e-05 | 1
 42, 39 |  -1.3463464219986821e-07 |  -1.3463464219986821e-07 | 1
 42, 40 |  -2.6610430696385245e-05 |  -2.6610430696385245e-05 | 1
 42, 41 |  -6.9676631789788642e-09 |  -6.9676631789788642e-09 | 1
 42, 42 |   1.0247319047616429e-04 |   1.0247319047616429e-04 | 1
 42, 43 |  -4.0253085326557014e-05 |  -4.0253085326557014e-05 | 1
 43,  1 |  -2.2151541153196634e-05 |  -2.2151541153196634e-05 | 1
 43,  2 |   3.6196316460067660e-04 |   3.6196316460067660e-04 | 1
 43,  3 |  -1.6286200275288994e-05 |  -1.6286200275288994e-05 | 1
 43,  4 |   3.6596262427231469e-05 |   3.6596262427231469e-05 | 1
 43,  5 |  -1.5536574258989038e-04 |  -1.5536574258989038e-04 | 1
 43,  6 |  -1.0305099744188699e-04 |  -1.0305099744188699e-04 | 1
 43,  7 |   3.9795455311338201e-05 |   3.9795455311338201e-05 | 1
 43,  8 |   3.0279948527049412e-05 |   3.0279948527049412e-05 | 1
 43,  9 |  -3.4679183859336892e-05 |  -3.4679183859336892e-05 | 1
 43, 10 |   2.4979516709603154e-04 |   2.4979516709603154e-04 | 1
 43, 11 |  -2.8418462294498112e-04 |  -2.8418462294498112e-04 | 1
 43, 12 |   1.5235085945086154e-05 |   1.5235085945086154e-05 | 1
 43, 13 |   1.7924140263732454e-04 |   1.7924140263732454e-04 | 1
 43, 14 |   1.5242364775961575e-04 |   1.5242364775961575e-04 | 1
 43, 15 |   9.8536697098683596e-04 |   9.8536697098683596e-04 | 1
 43, 16 |   7.0469158792759085e-05 |   7.0469158792759085e-05 | 1
 43, 17 |  -1.3286803563114423e-05 |  -1.3286803563114423e-05 | 1
 43, 18 |  -5.9659814668996521e-05 |  -5.9659814668996521e-05 | 1
 43, 19 |   2.0182395637294832e-04 |   2.0182395637294832e-04 | 1
 43, 20 |   5.8416621700987845e-06 |   5.8416621700987845e-06 | 1
 43, 21 |  -2.0011661058947451e-04 |  -2.0011661058947451e-04 | 1
 43, 22 |  -7.5515663783913046e-05 |  -7.5515663783913046e-05 | 1
 43, 23 |  -8.3819809011004216e-05 |  -8.3819809011004216e-05 | 1
 43, 24 |   1.4624731580308878e-05 |   1.4624731580308878e-05 | 1
 43, 25 |   1.8029735327016965e-05 |   1.8029735327016965e-05 | 1
 43, 26 |  -5.9245632545025249e-05 |  -5.9245632545025249e-05 | 1
 43, 27 |  -7.4028183171497388e-04 |  -7.4028183171497388e-04 | 1
 43, 28 |  -5.2571203373784537e-05 |  -5.2571203373784537e-05 | 1
 43, 29 |   6.8823404139826600e-05 |   6.8823404139826600e-05 | 1
 43, 30 |  -6.6440850229404155e-05 |  -6.6440850229404155e-05 | 1
 43, 31 |  -1.0973584159651590e-04 |  -1.0973584159651590e-04 | 1
 43, 32 |  -4.3506193282204426e-04 |  -4.3506193282204426e-04 | 1
 43, 33 |   9.5660853331878612e-04 |   9.5660853331878612e-04 | 1
 43, 34 |  -1.3505446897256441e-04 |  -1.3505446897256441e-04 | 1
 43, 35 |   7.8213732870493240e-06 |   7.8213732870493240e-06 | 1
 43, 36 |   1.1402756897502601e-05 |   1.1402756897502601e-05 | 1
 43, 37 |   9.1915280838909308e-06 |   9.1915280838909308e-06 | 1
 43, 38 |   6.0789234066363521e-06 |   6.0789234066363521e-06 | 1
 43, 39 |   8.2295290894234348e-07 |   8.2295290894234348e-07 | 1
 43, 40 |   4.4551067502539414e-06 |   4.4551067502539414e-06 | 1
 43, 41 |   1.4759771145429914e-09 |   1.4759771145429914e-09 | 1
 43, 42 |  -4.0253085326557014e-05 |  -4.0253085326557014e-05 | 1
 43, 43 |   4.8467359030909357e-04 |   4.8467359030909357e-04 | 1
