row,col | V_base                   | V_new                    | equal
  1,  1 |   2.9189695947076487e-04 |   2.9189695947076487e-04 | 1
  1,  2 |   3.5260684477133119e-05 |   3.5260684477133119e-05 | 1
  1,  3 |   3.3822174018147022e-05 |   3.3822174018147022e-05 | 1
  1,  4 |   3.2072237159605865e-05 |   3.2072237159605865e-05 | 1
  1,  5 |   5.0381329252105958e-05 |   5.0381329252105958e-05 | 1
  1,  6 |   3.1000642593168002e-05 |   3.1000642593168002e-05 | 1
  1,  7 |   2.6757354274788652e-05 |   2.6757354274788652e-05 | 1
  1,  8 |   2.2712759471550796e-05 |   2.2712759471550796e-05 | 1
  1,  9 |   3.4695170298642679e-05 |   3.4695170298642679e-05 | 1
  1, 10 |   2.2058482008662582e-05 |   2.2058482008662582e-05 | 1
  1, 11 |   5.7413380459321329e-05 |   5.7413380459321329e-05 | 1
  1, 12 |   2.5939492894794495e-05 |   2.5939492894794495e-05 | 1
  1, 13 |   3.9240450544995162e-05 |   3.9240450544995162e-05 | 1
  1, 14 |   3.5388059128316441e-05 |   3.5388059128316441e-05 | 1
  1, 15 |   1.0302949024553737e-04 |   1.0302949024553737e-04 | 1
  1, 16 |   1.4616142405979297e-05 |   1.4616142405979297e-05 | 1
  1, 17 |   4.7653575736325144e-05 |   4.7653575736325144e-05 | 1
  1, 18 |   5.4123823501585510e-05 |   5.4123823501585510e-05 | 1
  1, 19 |   3.4890990977250603e-05 |   3.4890990977250603e-05 | 1
  1, 20 |   5.1618245274892044e-05 |   5.1618245274892044e-05 | 1
  1, 21 |   6.1116707411251731e-05 |   6.1116707411251731e-05 | 1
  1, 22 |   3.3382625539635878e-05 |   3.3382625539635878e-05 | 1
  1, 23 |   4.2676073400400608e-05 |   4.2676073400400608e-05 | 1
  1, 24 |   4.3000842737058734e-05 |   4.3000842737058734e-05 | 1
  1, 25 |   3.6629076857895744e-05 |   3.6629076857895744e-05 | 1
  1, 26 |   6.4189115807856690e-05 |   6.4189115807856690e-05 | 1
  1, 27 |   4.8413115134322444e-05 |   4.8413115134322444e-05 | 1
  1, 28 |   4.5740088666709858e-05 |   4.5740088666709858e-05 | 1
  1, 29 |   4.5093858553639840e-05 |   4.5093858553639840e-05 | 1
  1, 30 |   4.3573137119854856e-05 |   4.3573137119854856e-05 | 1
  1, 31 |   3.8965247182112930e-05 |   3.8965247182112930e-05 | 1
  1, 32 |   1.3044553402560897e-05 |   1.3044553402560897e-05 | 1
  1, 33 |  -2.8575116927744851e-05 |  -2.8575116927744851e-05 | 1
  1, 34 |   3.9325550181295657e-05 |   3.9325550181295657e-05 | 1
  1, 35 |  -4.5391291353426045e-05 |  -4.5391291353426045e-05 | 1
  1, 36 |  -4.9055510662088615e-05 |  -4.9055510662088615e-05 | 1
  1, 37 |  -5.2102245818365321e-05 |  -5.2102245818365321e-05 | 1
  1, 38 |  -5.5911734265109022e-05 |  -5.5911734265109022e-05 | 1
  1, 39 |   4.8744398070688709e-05 |   4.8744398070688709e-05 | 1
  1, 40 |  -1.2659211440226861e-05 |  -1.2659211440226861e-05 | 1
  2,  1 |   3.5260684477133119e-05 |   3.5260684477133119e-05 | 1
  2,  2 |   1.2177545163192787e-03 |   1.2177545163192787e-03 | 1
  2,  3 |   2.9640742680631801e-05 |   2.9640742680631801e-05 | 1
  2,  4 |   3.1243210626605687e-05 |   3.1243210626605687e-05 | 1
  2,  5 |   3.9252658194359241e-05 |   3.9252658194359241e-05 | 1
  2,  6 |   2.4969977469101568e-05 |   2.4969977469101568e-05 | 1
  2,  7 |   2.4458616934734556e-05 |   2.4458616934734556e-05 | 1
  2,  8 |   2.1724835841010172e-05 |   2.1724835841010172e-05 | 1
  2,  9 |   3.0376308456909072e-05 |   3.0376308456909072e-05 | 1
  2, 10 |   2.5775935238524394e-05 |   2.5775935238524394e-05 | 1
  2, 11 |   4.5124891150601443e-05 |   4.5124891150601443e-05 | 1
  2, 12 |   2.3394454793701790e-05 |   2.3394454793701790e-05 | 1
  2, 13 |   4.1499119810494605e-05 |   4.1499119810494605e-05 | 1
  2, 14 |   3.8788330037646554e-05 |   3.8788330037646554e-05 | 1
  2, 15 |   1.4124042879168003e-04 |   1.4124042879168003e-04 | 1
  2, 16 |   1.5973101222641330e-05 |   1.5973101222641330e-05 | 1
  2, 17 |   4.2826760434609737e-05 |   4.2826760434609737e-05 | 1
  2, 18 |   4.9345604361065251e-05 |   4.9345604361065251e-05 | 1
  2, 19 |   4.0205755798911919e-05 |   4.0205755798911919e-05 | 1
  2, 20 |   4.8442549318670298e-05 |   4.8442549318670298e-05 | 1
  2, 21 |   4.7745911218445972e-05 |   4.7745911218445972e-05 | 1
  2, 22 |   2.8377654477948985e-05 |   2.8377654477948985e-05 | 1
  2, 23 |   3.4319148562111704e-05 |   3.4319148562111704e-05 | 1
  2, 24 |   4.0064875321241292e-05 |   4.0064875321241292e-05 | 1
  2, 25 |   3.3311797723565217e-05 |   3.3311797723565217e-05 | 1
  2, 26 |   5.8675411615658634e-05 |   5.8675411615658634e-05 | 1
  2, 27 |   2.1994582275345714e-05 |   2.1994582275345714e-05 | 1
  2, 28 |   4.0712763690083881e-05 |   4.0712763690083881e-05 | 1
  2, 29 |   4.2810656062915276e-05 |   4.2810656062915276e-05 | 1
  2, 30 |   3.8238330717360617e-05 |   3.8238330717360617e-05 | 1
  2, 31 |   2.9384600443684968e-05 |   2.9384600443684968e-05 | 1
  2, 32 |  -3.6425392223267286e-04 |  -3.6425392223267286e-04 | 1
  2, 33 |   5.1623058988199217e-06 |   5.1623058988199217e-06 | 1
  2, 34 |   3.1942019020761420e-05 |   3.1942019020761420e-05 | 1
  2, 35 |  -4.2324699320696556e-05 |  -4.2324699320696556e-05 | 1
  2, 36 |  -4.5811611990551401e-05 |  -4.5811611990551401e-05 | 1
  2, 37 |  -4.7333516111270457e-05 |  -4.7333516111270457e-05 | 1
  2, 38 |  -4.5552723546776001e-05 |  -4.5552723546776001e-05 | 1
  2, 39 |   4.3813308249159307e-05 |   4.3813308249159307e-05 | 1
  2, 40 |   3.6397512961355871e-04 |   3.6397512961355871e-04 | 1
  3,  1 |   3.3822174018147022e-05 |   3.3822174018147022e-05 | 1
  3,  2 |   2.9640742680631801e-05 |   2.9640742680631801e-05 | 1
  3,  3 |   1.1645902501559439e-02 |   1.1645902501559439e-02 | 1
  3,  4 |   2.7333865422289167e-05 |   2.7333865422289167e-05 | 1
  3,  5 |   4.6146445812506745e-05 |   4.6146445812506745e-05 | 1
  3,  6 |   2.6102979745247248e-05 |   2.6102979745247248e-05 | 1
  3,  7 |   2.2339613238212107e-05 |   2.2339613238212107e-05 | 1
  3,  8 |   1.8897096787558232e-05 |   1.8897096787558232e-05 | 1
  3,  9 |   2.8178831070330508e-05 |   2.8178831070330508e-05 | 1
  3, 10 |   1.6315480452856653e-05 |   1.6315480452856653e-05 | 1
  3, 11 |   3.8323537818237088e-05 |   3.8323537818237088e-05 | 1
  3, 12 |   2.0748543177026163e-05 |   2.0748543177026163e-05 | 1
  3, 13 |   3.4897611304342448e-05 |   3.4897611304342448e-05 | 1
  3, 14 |   2.9898488528457373e-05 |   2.9898488528457373e-05 | 1
  3, 15 |   6.5400959639027114e-05 |   6.5400959639027114e-05 | 1
  3, 16 |   1.0873894915996582e-05 |   1.0873894915996582e-05 | 1
  3, 17 |   4.0096915791950266e-05 |   4.0096915791950266e-05 | 1
  3, 18 |   4.5778762910077351e-05 |   4.5778762910077351e-05 | 1
  3, 19 |   2.8966908176621810e-05 |   2.8966908176621810e-05 | 1
  3, 20 |   4.4802840639684459e-05 |   4.4802840639684459e-05 | 1
  3, 21 |   5.0779237884198704e-05 |   5.0779237884198704e-05 | 1
  3, 22 |   2.5419406365761843e-05 |   2.5419406365761843e-05 | 1
  3, 23 |   3.7540549002946629e-05 |   3.7540549002946629e-05 | 1
  3, 24 |   3.5216343867422814e-05 |   3.5216343867422814e-05 | 1
  3, 25 |   2.9164988095292470e-05 |   2.9164988095292470e-05 | 1
  3, 26 |   5.4286007364626651e-05 |   5.4286007364626651e-05 | 1
  3, 27 |   2.6191418192104711e-05 |   2.6191418192104711e-05 | 1
  3, 28 |   3.6014209206506215e-05 |   3.6014209206506215e-05 | 1
  3, 29 |   3.7324685746722871e-05 |   3.7324685746722871e-05 | 1
  3, 30 |   3.2770886125720618e-05 |   3.2770886125720618e-05 | 1
  3, 31 |   2.9086469285370111e-05 |   2.9086469285370111e-05 | 1
  3, 32 |   1.2430586864539811e-05 |   1.2430586864539811e-05 | 1
  3, 33 |  -1.3734042338306220e-05 |  -1.3734042338306220e-05 | 1
  3, 34 |   2.5461075359444310e-05 |   2.5461075359444310e-05 | 1
  3, 35 |  -3.9863345118806032e-05 |  -3.9863345118806032e-05 | 1
  3, 36 |  -4.1936015888980384e-05 |  -4.1936015888980384e-05 | 1
  3, 37 |  -4.1972639085158868e-05 |  -4.1972639085158868e-05 | 1
  3, 38 |  -4.8784626988239369e-05 |  -4.8784626988239369e-05 | 1
  3, 39 |   4.1178049506796928e-05 |   4.1178049506796928e-05 | 1
  3, 40 |  -1.2031318345624537e-05 |  -1.2031318345624537e-05 | 1
  4,  1 |   3.2072237159605865e-05 |   3.2072237159605865e-05 | 1
  4,  2 |   3.1243210626605687e-05 |   3.1243210626605687e-05 | 1
  4,  3 |   2.7333865422289167e-05 |   2.7333865422289167e-05 | 1
  4,  4 |   1.8087463150054284e-03 |   1.8087463150054284e-03 | 1
  4,  5 |   1.5823100182638966e-05 |   1.5823100182638966e-05 | 1
  4,  6 |   9.6952870862469560e-06 |   9.6952870862469560e-06 | 1
  4,  7 |   3.1382264259485393e-05 |   3.1382264259485393e-05 | 1
  4,  8 |   2.7543318209313449e-05 |   2.7543318209313449e-05 | 1
  4,  9 |   2.4462734838311068e-05 |   2.4462734838311068e-05 | 1
  4, 10 |   6.4947357105938543e-05 |   6.4947357105938543e-05 | 1
  4, 11 |  -1.9126390361027449e-06 |  -1.9126390361027449e-06 | 1
  4, 12 |   2.5836103214009881e-05 |   2.5836103214009881e-05 | 1
  4, 13 |   7.0027965592407964e-05 |   7.0027965592407964e-05 | 1
  4, 14 |   6.1394043778839578e-05 |   6.1394043778839578e-05 | 1
  4, 15 |   2.7368730130743359e-04 |   2.7368730130743359e-04 | 1
  4, 16 |   2.6984308950882988e-05 |   2.6984308950882988e-05 | 1
  4, 17 |   4.0619177203694493e-05 |   4.0619177203694493e-05 | 1
  4, 18 |   3.9832793679745007e-05 |   3.9832793679745007e-05 | 1
  4, 19 |   7.2093134321560604e-05 |   7.2093134321560604e-05 | 1
  4, 20 |   4.9414478754599751e-05 |   4.9414478754599751e-05 | 1
  4, 21 |   1.6755485706627510e-05 |   1.6755485706627510e-05 | 1
  4, 22 |   1.7387447543957793e-05 |   1.7387447543957793e-05 | 1
  4, 23 |   2.2750705886322170e-05 |   2.2750705886322170e-05 | 1
  4, 24 |   4.2564342430681278e-05 |   4.2564342430681278e-05 | 1
  4, 25 |   3.5519900696055808e-05 |   3.5519900696055808e-05 | 1
  4, 26 |   4.6985551645133488e-05 |   4.6985551645133488e-05 | 1
  4, 27 |  -9.1001129337594703e-05 |  -9.1001129337594703e-05 | 1
  4, 28 |   3.1538203939231898e-05 |   3.1538203939231898e-05 | 1
  4, 29 |   5.2124476428467632e-05 |   5.2124476428467632e-05 | 1
  4, 30 |   2.5925292766180222e-05 |   2.5925292766180222e-05 | 1
  4, 31 |   1.2362241441505489e-05 |   1.2362241441505489e-05 | 1
  4, 32 |  -4.7438492821058588e-05 |  -4.7438492821058588e-05 | 1
  4, 33 |   1.5322671367007921e-04 |   1.5322671367007921e-04 | 1
  4, 34 |   1.0293502177505201e-05 |   1.0293502177505201e-05 | 1
  4, 35 |  -4.0930054432095851e-05 |  -4.0930054432095851e-05 | 1
  4, 36 |  -4.2203630930219977e-05 |  -4.2203630930219977e-05 | 1
  4, 37 |  -4.0284950660911560e-05 |  -4.0284950660911560e-05 | 1
  4, 38 |  -4.1009553132855694e-05 |  -4.1009553132855694e-05 | 1
  4, 39 |   3.9327462162862022e-05 |   3.9327462162862022e-05 | 1
  4, 40 |   4.7060884196568447e-05 |   4.7060884196568447e-05 | 1
  5,  1 |   5.0381329252105958e-05 |   5.0381329252105958e-05 | 1
  5,  2 |   3.9252658194359241e-05 |   3.9252658194359241e-05 | 1
  5,  3 |   4.6146445812506745e-05 |   4.6146445812506745e-05 | 1
  5,  4 |   1.5823100182638966e-05 |   1.5823100182638966e-05 | 1
  5,  5 |   2.3876063120089060e-02 |   2.3876063120089060e-02 | 1
  5,  6 |   7.8368288194393662e-05 |   7.8368288194393662e-05 | 1
  5,  7 |   9.2225606726174740e-07 |   9.2225606726174740e-07 | 1
  5,  8 |   4.4534827931790631e-06 |   4.4534827931790631e-06 | 1
  5,  9 |   4.9632435163278630e-05 |   4.9632435163278630e-05 | 1
  5, 10 |  -1.1125159174222012e-04 |  -1.1125159174222012e-04 | 1
  5, 11 |  -1.9280882150356812e-04 |  -1.9280882150356812e-04 | 1
  5, 12 |  -2.2665310804576771e-05 |  -2.2665310804576771e-05 | 1
  5, 13 |   1.9955156258138300e-05 |   1.9955156258138300e-05 | 1
  5, 14 |   3.8344354622678879e-06 |   3.8344354622678879e-06 | 1
  5, 15 |  -7.7394238464246427e-04 |  -7.7394238464246427e-04 | 1
  5, 16 |  -5.0096814838851167e-05 |  -5.0096814838851167e-05 | 1
  5, 17 |   5.3344252114542563e-05 |   5.3344252114542563e-05 | 1
  5, 18 |   9.3055347351628074e-05 |   9.3055347351628074e-05 | 1
  5, 19 |  -3.9428131517424808e-05 |  -3.9428131517424808e-05 | 1
  5, 20 |   3.6508878044528344e-05 |   3.6508878044528344e-05 | 1
  5, 21 |   1.4291682913097862e-04 |   1.4291682913097862e-04 | 1
  5, 22 |  -1.8926650197665187e-05 |  -1.8926650197665187e-05 | 1
  5, 23 |   1.0030782298540092e-04 |   1.0030782298540092e-04 | 1
  5, 24 |  -1.8129069975145255e-05 |  -1.8129069975145255e-05 | 1
  5, 25 |   7.0697223475156187e-06 |   7.0697223475156187e-06 | 1
  5, 26 |   9.4264809746175742e-05 |   9.4264809746175742e-05 | 1
  5, 27 |  -2.5826304348706953e-04 |  -2.5826304348706953e-04 | 1
  5, 28 |  -3.6445065141838403e-05 |  -3.6445065141838403e-05 | 1
  5, 29 |   6.6386404916453348e-06 |   6.6386404916453348e-06 | 1
  5, 30 |  -6.6951512654723848e-06 |  -6.6951512654723848e-06 | 1
  5, 31 |  -4.8406274970590009e-05 |  -4.8406274970590009e-05 | 1
  5, 32 |   1.4468257813271372e-04 |   1.4468257813271372e-04 | 1
  5, 33 |   8.0263443207918947e-05 |   8.0263443207918947e-05 | 1
  5, 34 |  -2.0197325241867790e-04 |  -2.0197325241867790e-04 | 1
  5, 35 |  -5.9954197900404745e-05 |  -5.9954197900404745e-05 | 1
  5, 36 |  -4.5927076750697766e-05 |  -4.5927076750697766e-05 | 1
  5, 37 |  -7.0332642769649887e-05 |  -7.0332642769649887e-05 | 1
  5, 38 |  -7.6513750472580270e-05 |  -7.6513750472580270e-05 | 1
  5, 39 |   6.0088979063830163e-05 |   6.0088979063830163e-05 | 1
  5, 40 |  -1.4255368729926290e-04 |  -1.4255368729926290e-04 | 1
  6,  1 |   3.1000642593168002e-05 |   3.1000642593168002e-05 | 1
  6,  2 |   2.4969977469101568e-05 |   2.4969977469101568e-05 | 1
  6,  3 |   2.6102979745247248e-05 |   2.6102979745247248e-05 | 1
  6,  4 |   9.6952870862469560e-06 |   9.6952870862469560e-06 | 1
  6,  5 |   7.8368288194393662e-05 |   7.8368288194393662e-05 | 1
  6,  6 |   2.0187882543647409e-02 |   2.0187882543647409e-02 | 1
  6,  7 |   4.3362187809242316e-06 |   4.3362187809242316e-06 | 1
  6,  8 |   7.5804092982272030e-06 |   7.5804092982272030e-06 | 1
  6,  9 |   3.0769694834941066e-05 |   3.0769694834941066e-05 | 1
  6, 10 |  -4.6639248736118371e-05 |  -4.6639248736118371e-05 | 1
  6, 11 |   1.5194575574907710e-04 |   1.5194575574907710e-04 | 1
  6, 12 |   1.2352941765982127e-05 |   1.2352941765982127e-05 | 1
  6, 13 |  -2.9176480724384094e-05 |  -2.9176480724384094e-05 | 1
  6, 14 |  -2.1752437786738160e-05 |  -2.1752437786738160e-05 | 1
  6, 15 |  -1.2796673553987643e-04 |  -1.2796673553987643e-04 | 1
  6, 16 |  -7.8718504619124482e-06 |  -7.8718504619124482e-06 | 1
  6, 17 |   3.2951800600445399e-05 |   3.2951800600445399e-05 | 1
  6, 18 |   4.7801697842193880e-05 |   4.7801697842193880e-05 | 1
  6, 19 |  -2.9830140875736048e-05 |  -2.9830140875736048e-05 | 1
  6, 20 |   3.3118317919475139e-05 |   3.3118317919475139e-05 | 1
  6, 21 |   9.1931906493880025e-05 |   9.1931906493880025e-05 | 1
  6, 22 |   5.2441969484770344e-05 |   5.2441969484770344e-05 | 1
  6, 23 |   5.2594168913008497e-05 |   5.2594168913008497e-05 | 1
  6, 24 |   3.2474848297595025e-05 |   3.2474848297595025e-05 | 1
  6, 25 |   1.9474476662930843e-05 |   1.9474476662930843e-05 | 1
  6, 26 |   5.8235336563067577e-05 |   5.8235336563067577e-05 | 1
  6, 27 |   2.7259420338269943e-04 |   2.7259420338269943e-04 | 1
  6, 28 |   4.7511176579115451e-05 |   4.7511176579115451e-05 | 1
  6, 29 |   1.1658561206146608e-05 |   1.1658561206146608e-05 | 1
  6, 30 |   5.5339485252005482e-05 |   5.5339485252005482e-05 | 1
  6, 31 |   6.2539303385786185e-05 |   6.2539303385786185e-05 | 1
  6, 32 |   9.2729720633300374e-05 |   9.2729720633300374e-05 | 1
  6, 33 |  -3.1433840393498875e-04 |  -3.1433840393498875e-04 | 1
  6, 34 |   8.5226926994804106e-05 |   8.5226926994804106e-05 | 1
  6, 35 |  -4.0147256972177322e-05 |  -4.0147256972177322e-05 | 1
  6, 36 |  -3.1041032900198682e-05 |  -3.1041032900198682e-05 | 1
  6, 37 |  -4.3899060106212035e-05 |  -4.3899060106212035e-05 | 1
  6, 38 |  -4.4088065349997700e-05 |  -4.4088065349997700e-05 | 1
  6, 39 |   3.8161748454039999e-05 |   3.8161748454039999e-05 | 1
  6, 40 |  -9.2634146986078495e-05 |  -9.2634146986078495e-05 | 1
  7,  1 |   2.6757354274788652e-05 |   2.6757354274788652e-05 | 1
  7,  2 |   2.4458616934734556e-05 |   2.4458616934734556e-05 | 1
  7,  3 |   2.2339613238212107e-05 |   2.2339613238212107e-05 | 1
  7,  4 |   3.1382264259485393e-05 |   3.1382264259485393e-05 | 1
  7,  5 |   9.2225606726174740e-07 |   9.2225606726174740e-07 | 1
  7,  6 |   4.3362187809242316e-06 |   4.3362187809242316e-06 | 1
  7,  7 |   2.3201905155159658e-02 |   2.3201905155159658e-02 | 1
  7,  8 |   2.3746817973440805e-05 |   2.3746817973440805e-05 | 1
  7,  9 |   2.1222381949136183e-05 |   2.1222381949136183e-05 | 1
  7, 10 |   6.7624993352823149e-05 |   6.7624993352823149e-05 | 1
  7, 11 |   5.7840228407842121e-05 |   5.7840228407842121e-05 | 1
  7, 12 |   3.0962880943710530e-05 |   3.0962880943710530e-05 | 1
  7, 13 |   5.5090274420955391e-05 |   5.5090274420955391e-05 | 1
  7, 14 |   4.9083556597798387e-05 |   4.9083556597798387e-05 | 1
  7, 15 |   3.2291243353562560e-04 |   3.2291243353562560e-04 | 1
  7, 16 |   3.1025345184026736e-05 |   3.1025345184026736e-05 | 1
  7, 17 |   3.4401536191839767e-05 |   3.4401536191839767e-05 | 1
  7, 18 |   2.5727287087043780e-05 |   2.5727287087043780e-05 | 1
  7, 19 |   6.3687942706223212e-05 |   6.3687942706223212e-05 | 1
  7, 20 |   4.3427483923654461e-05 |   4.3427483923654461e-05 | 1
  7, 21 |   1.1199424290894667e-05 |   1.1199424290894667e-05 | 1
  7, 22 |   2.7231013631327940e-05 |   2.7231013631327940e-05 | 1
  7, 23 |   1.3501983272900582e-05 |   1.3501983272900582e-05 | 1
  7, 24 |   4.6215739534968281e-05 |   4.6215739534968281e-05 | 1
  7, 25 |   3.5624080209315301e-05 |   3.5624080209315301e-05 | 1
  7, 26 |   3.9006016300327135e-05 |   3.9006016300327135e-05 | 1
  7, 27 |   1.9583745407015902e-05 |   1.9583745407015902e-05 | 1
  7, 28 |   4.5012778348261489e-05 |   4.5012778348261489e-05 | 1
  7, 29 |   4.9136366655032289e-05 |   4.9136366655032289e-05 | 1
  7, 30 |   3.4909564169351394e-05 |   3.4909564169351394e-05 | 1
  7, 31 |   3.5459393745964009e-05 |   3.5459393745964009e-05 | 1
  7, 32 |  -4.6924542384494265e-05 |  -4.6924542384494265e-05 | 1
  7, 33 |   5.5998786303195530e-05 |   5.5998786303195530e-05 | 1
  7, 34 |   6.2151637071499485e-05 |   6.2151637071499485e-05 | 1
  7, 35 |  -2.7019956983871447e-05 |  -2.7019956983871447e-05 | 1
  7, 36 |  -3.6054598980593753e-05 |  -3.6054598980593753e-05 | 1
  7, 37 |  -3.2515789588231017e-05 |  -3.2515789588231017e-05 | 1
  7, 38 |  -4.1406207581508179e-05 |  -4.1406207581508179e-05 | 1
  7, 39 |   3.2958827174850688e-05 |   3.2958827174850688e-05 | 1
  7, 40 |   4.7533439308408194e-05 |   4.7533439308408194e-05 | 1
  8,  1 |   2.2712759471550796e-05 |   2.2712759471550796e-05 | 1
  8,  2 |   2.1724835841010172e-05 |   2.1724835841010172e-05 | 1
  8,  3 |   1.8897096787558232e-05 |   1.8897096787558232e-05 | 1
  8,  4 |   2.7543318209313449e-05 |   2.7543318209313449e-05 | 1
  8,  5 |   4.4534827931790631e-06 |   4.4534827931790631e-06 | 1
  8,  6 |   7.5804092982272030e-06 |   7.5804092982272030e-06 | 1
  8,  7 |   2.3746817973440805e-05 |   2.3746817973440805e-05 | 1
  8,  8 |   2.3042645166059931e-03 |   2.3042645166059931e-03 | 1
  8,  9 |   1.6319545127927666e-05 |   1.6319545127927666e-05 | 1
  8, 10 |   6.1803480104466143e-05 |   6.1803480104466143e-05 | 1
  8, 11 |   6.5433210278667412e-05 |   6.5433210278667412e-05 | 1
  8, 12 |   2.5289353289762280e-05 |   2.5289353289762280e-05 | 1
  8, 13 |   4.4480737137206629e-05 |   4.4480737137206629e-05 | 1
  8, 14 |   4.0828215232703570e-05 |   4.0828215232703570e-05 | 1
  8, 15 |   3.0099104672865146e-04 |   3.0099104672865146e-04 | 1
  8, 16 |   2.7146438490191447e-05 |   2.7146438490191447e-05 | 1
  8, 17 |   2.8515040076744881e-05 |   2.8515040076744881e-05 | 1
  8, 18 |   2.2791514812359923e-05 |   2.2791514812359923e-05 | 1
  8, 19 |   5.4337333545242619e-05 |   5.4337333545242619e-05 | 1
  8, 20 |   3.8175311731921539e-05 |   3.8175311731921539e-05 | 1
  8, 21 |   1.3201510526729296e-05 |   1.3201510526729296e-05 | 1
  8, 22 |   2.9801588649308637e-05 |   2.9801588649308637e-05 | 1
  8, 23 |   1.7116044573413167e-05 |   1.7116044573413167e-05 | 1
  8, 24 |   4.4857433349534731e-05 |   4.4857433349534731e-05 | 1
  8, 25 |   2.9622255518688268e-05 |   2.9622255518688268e-05 | 1
  8, 26 |   3.0877988680410039e-05 |   3.0877988680410039e-05 | 1
  8, 27 |   3.6043637434399454e-05 |   3.6043637434399454e-05 | 1
  8, 28 |   3.7177016800847700e-05 |   3.7177016800847700e-05 | 1
  8, 29 |   4.0834936026987835e-05 |   4.0834936026987835e-05 | 1
  8, 30 |   3.2883640397093837e-05 |   3.2883640397093837e-05 | 1
  8, 31 |   3.0929910404895095e-05 |   3.0929910404895095e-05 | 1
  8, 32 |  -4.0604333628368712e-05 |  -4.0604333628368712e-05 | 1
  8, 33 |   3.5469957327751057e-05 |   3.5469957327751057e-05 | 1
  8, 34 |   6.0682559019759465e-05 |   6.0682559019759465e-05 | 1
  8, 35 |  -3.1434189710987490e-05 |  -3.1434189710987490e-05 | 1
  8, 36 |  -2.5896343820596265e-05 |  -2.5896343820596265e-05 | 1
  8, 37 |  -2.8199342614044762e-05 |  -2.8199342614044762e-05 | 1
  8, 38 |  -3.1079972345475964e-05 |  -3.1079972345475964e-05 | 1
  8, 39 |   2.7454446851738979e-05 |   2.7454446851738979e-05 | 1
  8, 40 |   4.0464412451181997e-05 |   4.0464412451181997e-05 | 1
  9,  1 |   3.4695170298642679e-05 |   3.4695170298642679e-05 | 1
  9,  2 |   3.0376308456909072e-05 |   3.0376308456909072e-05 | 1
  9,  3 |   2.8178831070330508e-05 |   2.8178831070330508e-05 | 1
  9,  4 |   2.4462734838311068e-05 |   2.4462734838311068e-05 | 1
  9,  5 |   4.9632435163278630e-05 |   4.9632435163278630e-05 | 1
  9,  6 |   3.0769694834941066e-05 |   3.0769694834941066e-05 | 1
  9,  7 |   2.1222381949136183e-05 |   2.1222381949136183e-05 | 1
  9,  8 |   1.6319545127927666e-05 |   1.6319545127927666e-05 | 1
  9,  9 |   9.4216252511781732e-03 |   9.4216252511781732e-03 | 1
  9, 10 |   4.3004299756152504e-06 |   4.3004299756152504e-06 | 1
  9, 11 |   6.4241364040487029e-05 |   6.4241364040487029e-05 | 1
  9, 12 |   2.2132861579657991e-05 |   2.2132861579657991e-05 | 1
  9, 13 |   2.5769065159093612e-05 |   2.5769065159093612e-05 | 1
  9, 14 |   2.5080072285868223e-05 |   2.5080072285868223e-05 | 1
  9, 15 |   5.2198969902259897e-05 |   5.2198969902259897e-05 | 1
  9, 16 |   9.6292886530023815e-06 |   9.6292886530023815e-06 | 1
  9, 17 |   4.1997361184209153e-05 |   4.1997361184209153e-05 | 1
  9, 18 |   4.9384538557476325e-05 |   4.9384538557476325e-05 | 1
  9, 19 |   2.0883332750033917e-05 |   2.0883332750033917e-05 | 1
  9, 20 |   4.2402794021918038e-05 |   4.2402794021918038e-05 | 1
  9, 21 |   6.0787240956609198e-05 |   6.0787240956609198e-05 | 1
  9, 22 |   2.9623072828014524e-05 |   2.9623072828014524e-05 | 1
  9, 23 |   3.4013210550025556e-05 |   3.4013210550025556e-05 | 1
  9, 24 |   3.4064167875444643e-05 |   3.4064167875444643e-05 | 1
  9, 25 |   3.1394210864742528e-05 |   3.1394210864742528e-05 | 1
  9, 26 |   5.9895935277745382e-05 |   5.9895935277745382e-05 | 1
  9, 27 |   7.7222039780999933e-05 |   7.7222039780999933e-05 | 1
  9, 28 |   4.3192247852181896e-05 |   4.3192247852181896e-05 | 1
  9, 29 |   3.7502810809318917e-05 |   3.7502810809318917e-05 | 1
  9, 30 |   4.3037676712311975e-05 |   4.3037676712311975e-05 | 1
  9, 31 |   3.9794856219283766e-05 |   3.9794856219283766e-05 | 1
  9, 32 |   2.5415621351877570e-05 |   2.5415621351877570e-05 | 1
  9, 33 |  -7.0343083855077667e-05 |  -7.0343083855077667e-05 | 1
  9, 34 |   4.1121985356950569e-05 |   4.1121985356950569e-05 | 1
  9, 35 |  -3.4784867796076735e-05 |  -3.4784867796076735e-05 | 1
  9, 36 |  -4.2891181576164606e-05 |  -4.2891181576164606e-05 | 1
  9, 37 |  -5.0410270908149077e-05 |  -5.0410270908149077e-05 | 1
  9, 38 |  -4.9198373134812218e-05 |  -4.9198373134812218e-05 | 1
  9, 39 |   4.3563390559081308e-05 |   4.3563390559081308e-05 | 1
  9, 40 |  -2.4806971103435342e-05 |  -2.4806971103435342e-05 | 1
 10,  1 |   2.2058482008662582e-05 |   2.2058482008662582e-05 | 1
 10,  2 |   2.5775935238524394e-05 |   2.5775935238524394e-05 | 1
 10,  3 |   1.6315480452856653e-05 |   1.6315480452856653e-05 | 1
 10,  4 |   6.4947357105938543e-05 |   6.4947357105938543e-05 | 1
 10,  5 |  -1.1125159174222012e-04 |  -1.1125159174222012e-04 | 1
 10,  6 |  -4.6639248736118371e-05 |  -4.6639248736118371e-05 | 1
 10,  7 |   6.7624993352823149e-05 |   6.7624993352823149e-05 | 1
 10,  8 |   6.1803480104466143e-05 |   6.1803480104466143e-05 | 1
 10,  9 |   4.3004299756152504e-06 |   4.3004299756152504e-06 | 1
 10, 10 |   2.3921881136991337e-02 |   2.3921881136991337e-02 | 1
 10, 11 |   1.2830949878354892e-04 |   1.2830949878354892e-04 | 1
 10, 12 |   7.2758800205781652e-05 |   7.2758800205781652e-05 | 1
 10, 13 |   1.5465426305382427e-04 |   1.5465426305382427e-04 | 1
 10, 14 |   1.3845140982093185e-04 |   1.3845140982093185e-04 | 1
 10, 15 |   1.2657651004983016e-03 |   1.2657651004983016e-03 | 1
 10, 16 |   1.0681239753279144e-04 |   1.0681239753279144e-04 | 1
 10, 17 |   3.7383919756824994e-05 |   3.7383919756824994e-05 | 1
 10, 18 |  -1.4475352618010010e-05 |  -1.4475352618010010e-05 | 1
 10, 19 |   2.0693651814987404e-04 |   2.0693651814987404e-04 | 1
 10, 20 |   6.6330398963884252e-05 |   6.6330398963884252e-05 | 1
 10, 21 |  -9.2295986607715362e-05 |  -9.2295986607715362e-05 | 1
 10, 22 |   4.8541784785446015e-05 |   4.8541784785446015e-05 | 1
 10, 23 |  -3.3400494429819364e-05 |  -3.3400494429819364e-05 | 1
 10, 24 |   1.1337553565667429e-04 |   1.1337553565667429e-04 | 1
 10, 25 |   7.1028178248154272e-05 |   7.1028178248154272e-05 | 1
 10, 26 |   1.5083803150912050e-06 |   1.5083803150912050e-06 | 1
 10, 27 |  -4.6637357595759964e-05 |  -4.6637357595759964e-05 | 1
 10, 28 |   7.7518731559082544e-05 |   7.7518731559082544e-05 | 1
 10, 29 |   1.1159646457926687e-04 |   1.1159646457926687e-04 | 1
 10, 30 |   5.3122899390695326e-05 |   5.3122899390695326e-05 | 1
 10, 31 |   5.9881443386510549e-05 |   5.9881443386510549e-05 | 1
 10, 32 |  -2.5661266361086133e-04 |  -2.5661266361086133e-04 | 1
 10, 33 |   3.6016827158664804e-04 |   3.6016827158664804e-04 | 1
 10, 34 |   1.7794085083912197e-04 |   1.7794085083912197e-04 | 1
 10, 35 |  -3.2414954147323493e-05 |  -3.2414954147323493e-05 | 1
 10, 36 |  -2.1247308129780956e-05 |  -2.1247308129780956e-05 | 1
 10, 37 |  -2.2717243131216511e-05 |  -2.2717243131216511e-05 | 1
 10, 38 |  -3.6912363509557316e-05 |  -3.6912363509557316e-05 | 1
 10, 39 |   2.6198210926750094e-05 |   2.6198210926750094e-05 | 1
 10, 40 |   2.5718155480909937e-04 |   2.5718155480909937e-04 | 1
 11,  1 |   5.7413380459321329e-05 |   5.7413380459321329e-05 | 1
 11,  2 |   4.5124891150601443e-05 |   4.5124891150601443e-05 | 1
 11,  3 |   3.8323537818237088e-05 |   3.8323537818237088e-05 | 1
 11,  4 |  -1.9126390361027449e-06 |  -1.9126390361027449e-06 | 1
 11,  5 |  -1.9280882150356812e-04 |  -1.9280882150356812e-04 | 1
 11,  6 |   1.5194575574907710e-04 |   1.5194575574907710e-04 | 1
 11,  7 |   5.7840228407842121e-05 |   5.7840228407842121e-05 | 1
 11,  8 |   6.5433210278667412e-05 |   6.5433210278667412e-05 | 1
 11,  9 |   6.4241364040487029e-05 |   6.4241364040487029e-05 | 1
 11, 10 |   1.2830949878354892e-04 |   1.2830949878354892e-04 | 1
 11, 11 |   2.8422256745734040e-03 |   2.8422256745734040e-03 | 1
 11, 12 |   2.9886992203852832e-04 |   2.9886992203852832e-04 | 1
 11, 13 |  -4.9963862676063596e-04 |  -4.9963862676063596e-04 | 1
 11, 14 |  -3.3687674303454639e-04 |  -3.3687674303454639e-04 | 1
 11, 15 |   2.6392190231158867e-03 |   2.6392190231158867e-03 | 1
 11, 16 |   1.7909407440386412e-04 |   1.7909407440386412e-04 | 1
 11, 17 |   6.0269109538981118e-05 |   6.0269109538981118e-05 | 1
 11, 18 |  -1.1851648473801473e-06 |  -1.1851648473801473e-06 | 1
 11, 19 |  -2.4780962572340602e-04 |  -2.4780962572340602e-04 | 1
 11, 20 |   1.3262297388269085e-04 |   1.3262297388269085e-04 | 1
 11, 21 |   3.3272760701512274e-04 |   3.3272760701512274e-04 | 1
 11, 22 |   7.2270198281868480e-04 |   7.2270198281868480e-04 | 1
 11, 23 |   8.7610185857986942e-05 |   8.7610185857986942e-05 | 1
 11, 24 |   4.6178476295840427e-04 |   4.6178476295840427e-04 | 1
 11, 25 |   1.9075946718245310e-04 |   1.9075946718245310e-04 | 1
 11, 26 |   7.1961569841850624e-05 |   7.1961569841850624e-05 | 1
 11, 27 |   4.7348614455589586e-03 |   4.7348614455589586e-03 | 1
 11, 28 |   7.4464797851767745e-04 |   7.4464797851767745e-04 | 1
 11, 29 |   6.0932940079014544e-05 |   6.0932940079014544e-05 | 1
 11, 30 |   6.6236352878248103e-04 |   6.6236352878248103e-04 | 1
 11, 31 |   1.0312934777374190e-03 |   1.0312934777374190e-03 | 1
 11, 32 |   2.7598083676047449e-04 |   2.7598083676047449e-04 | 1
 11, 33 |  -4.1875694269649447e-03 |  -4.1875694269649447e-03 | 1
 11, 34 |   2.1379423423531340e-03 |   2.1379423423531340e-03 | 1
 11, 35 |  -7.8501517420314927e-05 |  -7.8501517420314927e-05 | 1
 11, 36 |  -6.9706913186007850e-05 |  -6.9706913186007850e-05 | 1
 11, 37 |  -7.4822859985346197e-05 |  -7.4822859985346197e-05 | 1
 11, 38 |  -7.1376812921811899e-05 |  -7.1376812921811899e-05 | 1
 11, 39 |   7.0359999219001047e-05 |   7.0359999219001047e-05 | 1
 11, 40 |  -2.7671712928662980e-04 |  -2.7671712928662980e-04 | 1
 12,  1 |   2.5939492894794495e-05 |   2.5939492894794495e-05 | 1
 12,  2 |   2.3394454793701790e-05 |   2.3394454793701790e-05 | 1
 12,  3 |   2.0748543177026163e-05 |   2.0748543177026163e-05 | 1
 12,  4 |   2.5836103214009881e-05 |   2.5836103214009881e-05 | 1
 12,  5 |  -2.2665310804576771e-05 |  -2.2665310804576771e-05 | 1
 12,  6 |   1.2352941765982127e-05 |   1.2352941765982127e-05 | 1
 12,  7 |   3.0962880943710530e-05 |   3.0962880943710530e-05 | 1
 12,  8 |   2.5289353289762280e-05 |   2.5289353289762280e-05 | 1
 12,  9 |   2.2132861579657991e-05 |   2.2132861579657991e-05 | 1
 12, 10 |   7.2758800205781652e-05 |   7.2758800205781652e-05 | 1
 12, 11 |   2.9886992203852832e-04 |   2.9886992203852832e-04 | 1
 12, 12 |   1.5646244464573179e-02 |   1.5646244464573179e-02 | 1
 12, 13 |   2.4704439372418911e-06 |   2.4704439372418911e-06 | 1
 12, 14 |   1.3012319056381250e-05 |   1.3012319056381250e-05 | 1
 12, 15 |   5.2041617193609307e-04 |   5.2041617193609307e-04 | 1
 12, 16 |   4.3523047036315940e-05 |   4.3523047036315940e-05 | 1
 12, 17 |   3.3059158025153675e-05 |   3.3059158025153675e-05 | 1
 12, 18 |   1.8820259905401230e-05 |   1.8820259905401230e-05 | 1
 12, 19 |   3.3726074373697693e-05 |   3.3726074373697693e-05 | 1
 12, 20 |   4.5562271351912899e-05 |   4.5562271351912899e-05 | 1
 12, 21 |   3.4009127572554313e-05 |   3.4009127572554313e-05 | 1
 12, 22 |   8.4852040536744270e-05 |   8.4852040536744270e-05 | 1
 12, 23 |   1.6190160194181080e-05 |   1.6190160194181080e-05 | 1
 12, 24 |   7.7869840615209896e-05 |   7.7869840615209896e-05 | 1
 12, 25 |   4.6857981868729668e-05 |   4.6857981868729668e-05 | 1
 12, 26 |   3.3512812981044803e-05 |   3.3512812981044803e-05 | 1
 12, 27 |   4.3007801598708180e-04 |   4.3007801598708180e-04 | 1
 12, 28 |   1.0319519290942248e-04 |   1.0319519290942248e-04 | 1
 12, 29 |   4.7931664745525239e-05 |   4.7931664745525239e-05 | 1
 12, 30 |   8.6695367080463258e-05 |   8.6695367080463258e-05 | 1
 12, 31 |   1.2266401046818473e-04 |   1.2266401046818473e-04 | 1
 12, 32 |  -2.0829300835858991e-05 |  -2.0829300835858991e-05 | 1
 12, 33 |  -3.1398034359381198e-04 |  -3.1398034359381198e-04 | 1
 12, 34 |   2.4256313708830073e-04 |   2.4256313708830073e-04 | 1
 12, 35 |  -2.7878938752985624e-05 |  -2.7878938752985624e-05 | 1
 12, 36 |  -3.4442503672307820e-05 |  -3.4442503672307820e-05 | 1
 12, 37 |  -3.1591094351929105e-05 |  -3.1591094351929105e-05 | 1
 12, 38 |  -3.9638443090205791e-05 |  -3.9638443090205791e-05 | 1
 12, 39 |   3.2000081814357100e-05 |   3.2000081814357100e-05 | 1
 12, 40 |   2.0973046723668524e-05 |   2.0973046723668524e-05 | 1
 13,  1 |   3.9240450544995162e-05 |   3.9240450544995162e-05 | 1
 13,  2 |   4.1499119810494605e-05 |   4.1499119810494605e-05 | 1
 13,  3 |   3.4897611304342448e-05 |   3.4897611304342448e-05 | 1
 13,  4 |   7.0027965592407964e-05 |   7.0027965592407964e-05 | 1
 13,  5 |   1.9955156258138300e-05 |   1.9955156258138300e-05 | 1
 13,  6 |  -2.9176480724384094e-05 |  -2.9176480724384094e-05 | 1
 13,  7 |   5.5090274420955391e-05 |   5.5090274420955391e-05 | 1
 13,  8 |   4.4480737137206629e-05 |   4.4480737137206629e-05 | 1
 13,  9 |   2.5769065159093612e-05 |   2.5769065159093612e-05 | 1
 13, 10 |   1.5465426305382427e-04 |   1.5465426305382427e-04 | 1
 13, 11 |  -4.9963862676063596e-04 |  -4.9963862676063596e-04 | 1
 13, 12 |   2.4704439372418911e-06 |   2.4704439372418911e-06 | 1
 13, 13 |   1.8122309412490101e-02 |   1.8122309412490101e-02 | 1
 13, 14 |   1.8764184915583701e-04 |   1.8764184915583701e-04 | 1
 13, 15 |   2.5476798857781329e-04 |   2.5476798857781329e-04 | 1
 13, 16 |   3.6195977103047007e-05 |   3.6195977103047007e-05 | 1
 13, 17 |   5.5746046019473176e-05 |   5.5746046019473176e-05 | 1
 13, 18 |   4.8743217861978516e-05 |   4.8743217861978516e-05 | 1
 13, 19 |   2.0619651610251504e-04 |   2.0619651610251504e-04 | 1
 13, 20 |   5.6383512886834449e-05 |   5.6383512886834449e-05 | 1
 13, 21 |  -6.3644471429527634e-05 |  -6.3644471429527634e-05 | 1
 13, 22 |  -9.4943101701762465e-05 |  -9.4943101701762465e-05 | 1
 13, 23 |   5.8726125100079182e-06 |   5.8726125100079182e-06 | 1
 13, 24 |   3.2786942558736218e-06 |   3.2786942558736218e-06 | 1
 13, 25 |   3.7948404021611580e-05 |   3.7948404021611580e-05 | 1
 13, 26 |   4.6929620627892873e-05 |   4.6929620627892873e-05 | 1
 13, 27 |  -1.0318712370323917e-03 |  -1.0318712370323917e-03 | 1
 13, 28 |  -7.4911050757487475e-05 |  -7.4911050757487475e-05 | 1
 13, 29 |   9.4530254318476547e-05 |   9.4530254318476547e-05 | 1
 13, 30 |  -6.8934028457895722e-05 |  -6.8934028457895722e-05 | 1
 13, 31 |  -1.5386370472033923e-04 |  -1.5386370472033923e-04 | 1
 13, 32 |  -1.9599602974095063e-04 |  -1.9599602974095063e-04 | 1
 13, 33 |   1.1097513055680830e-03 |   1.1097513055680830e-03 | 1
 13, 34 |  -3.3442793521222753e-04 |  -3.3442793521222753e-04 | 1
 13, 35 |  -4.5791956576233964e-05 |  -4.5791956576233964e-05 | 1
 13, 36 |  -4.7120489149711143e-05 |  -4.7120489149711143e-05 | 1
 13, 37 |  -5.1614273127018700e-05 |  -5.1614273127018700e-05 | 1
 13, 38 |  -5.5023988045039792e-05 |  -5.5023988045039792e-05 | 1
 13, 39 |   4.7654411638696289e-05 |   4.7654411638696289e-05 | 1
 13, 40 |   1.9632374533819306e-04 |   1.9632374533819306e-04 | 1
 14,  1 |   3.5388059128316441e-05 |   3.5388059128316441e-05 | 1
 14,  2 |   3.8788330037646554e-05 |   3.8788330037646554e-05 | 1
 14,  3 |   2.9898488528457373e-05 |   2.9898488528457373e-05 | 1
 14,  4 |   6.1394043778839578e-05 |   6.1394043778839578e-05 | 1
 14,  5 |   3.8344354622678879e-06 |   3.8344354622678879e-06 | 1
 14,  6 |  -2.1752437786738160e-05 |  -2.1752437786738160e-05 | 1
 14,  7 |   4.9083556597798387e-05 |   4.9083556597798387e-05 | 1
 14,  8 |   4.0828215232703570e-05 |   4.0828215232703570e-05 | 1
 14,  9 |   2.5080072285868223e-05 |   2.5080072285868223e-05 | 1
 14, 10 |   1.3845140982093185e-04 |   1.3845140982093185e-04 | 1
 14, 11 |  -3.3687674303454639e-04 |  -3.3687674303454639e-04 | 1
 14, 12 |   1.3012319056381250e-05 |   1.3012319056381250e-05 | 1
 14, 13 |   1.8764184915583701e-04 |   1.8764184915583701e-04 | 1
 14, 14 |   1.6336824960795297e-02 |   1.6336824960795297e-02 | 1
 14, 15 |   3.5033320274150678e-04 |   3.5033320274150678e-04 | 1
 14, 16 |   3.8653682310285160e-05 |   3.8653682310285160e-05 | 1
 14, 17 |   5.0051316507545053e-05 |   5.0051316507545053e-05 | 1
 14, 18 |   4.4518760081165809e-05 |   4.4518760081165809e-05 | 1
 14, 19 |   1.7553370283674899e-04 |   1.7553370283674899e-04 | 1
 14, 20 |   5.3123541848115800e-05 |   5.3123541848115800e-05 | 1
 14, 21 |  -5.0997329833720218e-05 |  -5.0997329833720218e-05 | 1
 14, 22 |  -5.6801867269790591e-05 |  -5.6801867269790591e-05 | 1
 14, 23 |   3.5835646795919174e-07 |   3.5835646795919174e-07 | 1
 14, 24 |   1.7880085682473271e-05 |   1.7880085682473271e-05 | 1
 14, 25 |   4.0273615857755525e-05 |   4.0273615857755525e-05 | 1
 14, 26 |   4.6324595270519223e-05 |   4.6324595270519223e-05 | 1
 14, 27 |  -7.4314293899403945e-04 |  -7.4314293899403945e-04 | 1
 14, 28 |  -3.8603093455090003e-05 |  -3.8603093455090003e-05 | 1
 14, 29 |   8.4233449510286813e-05 |   8.4233449510286813e-05 | 1
 14, 30 |  -3.4043678115888107e-05 |  -3.4043678115888107e-05 | 1
 14, 31 |  -1.0207898210760078e-04 |  -1.0207898210760078e-04 | 1
 14, 32 |  -1.6538999258314881e-04 |  -1.6538999258314881e-04 | 1
 14, 33 |   8.3141990879164666e-04 |   8.3141990879164666e-04 | 1
 14, 34 |  -2.1844026753887615e-04 |  -2.1844026753887615e-04 | 1
 14, 35 |  -4.0622275634432852e-05 |  -4.0622275634432852e-05 | 1
 14, 36 |  -4.5621150926922831e-05 |  -4.5621150926922831e-05 | 1
 14, 37 |  -5.1852253141589475e-05 |  -5.1852253141589475e-05 | 1
 14, 38 |  -4.2214688263872320e-05 |  -4.2214688263872320e-05 | 1
 14, 39 |   4.3851414571342829e-05 |   4.3851414571342829e-05 | 1
 14, 40 |   1.6513299908264319e-04 |   1.6513299908264319e-04 | 1
 15,  1 |   1.0302949024553737e-04 |   1.0302949024553737e-04 | 1
 15,  2 |   1.4124042879168003e-04 |   1.4124042879168003e-04 | 1
 15,  3 |   6.5400959639027114e-05 |   6.5400959639027114e-05 | 1
 15,  4 |   2.7368730130743359e-04 |   2.7368730130743359e-04 | 1
 15,  5 |  -7.7394238464246427e-04 |  -7.7394238464246427e-04 | 1
 15,  6 |  -1.2796673553987643e-04 |  -1.2796673553987643e-04 | 1
 15,  7 |   3.2291243353562560e-04 |   3.2291243353562560e-04 | 1
 15,  8 |   3.0099104672865146e-04 |   3.0099104672865146e-04 | 1
 15,  9 |   5.2198969902259897e-05 |   5.2198969902259897e-05 | 1
 15, 10 |   1.2657651004983016e-03 |   1.2657651004983016e-03 | 1
 15, 11 |   2.6392190231158867e-03 |   2.6392190231158867e-03 | 1
 15, 12 |   5.2041617193609307e-04 |   5.2041617193609307e-04 | 1
 15, 13 |   2.5476798857781329e-04 |   2.5476798857781329e-04 | 1
 15, 14 |   3.5033320274150678e-04 |   3.5033320274150678e-04 | 1
 15, 15 |   6.5748193808107036e-02 |   6.5748193808107036e-02 | 1
 15, 16 |   5.9714369056617267e-04 |   5.9714369056617267e-04 | 1
 15, 17 |   1.7013384827750238e-04 |   1.7013384827750238e-04 | 1
 15, 18 |  -5.7830498172713321e-05 |  -5.7830498172713321e-05 | 1
 15, 19 |   7.0915310482237573e-04 |   7.0915310482237573e-04 | 1
 15, 20 |   3.4762274796870673e-04 |   3.4762274796870673e-04 | 1
 15, 21 |  -2.3230114947160542e-04 |  -2.3230114947160542e-04 | 1
 15, 22 |   7.4159175702852168e-04 |   7.4159175702852168e-04 | 1
 15, 23 |  -1.4077915873498249e-04 |  -1.4077915873498249e-04 | 1
 15, 24 |   7.8954518691033747e-04 |   7.8954518691033747e-04 | 1
 15, 25 |   4.3250843246975495e-04 |   4.3250843246975495e-04 | 1
 15, 26 |   2.9872925850129068e-05 |   2.9872925850129068e-05 | 1
 15, 27 |   3.2251581296695482e-03 |   3.2251581296695482e-03 | 1
 15, 28 |   8.7648330674275669e-04 |   8.7648330674275669e-04 | 1
 15, 29 |   4.9396328008557424e-04 |   4.9396328008557424e-04 | 1
 15, 30 |   7.1906420949421760e-04 |   7.1906420949421760e-04 | 1
 15, 31 |   9.6909234921962605e-04 |   9.6909234921962605e-04 | 1
 15, 32 |  -9.5742446527645030e-04 |  -9.5742446527645030e-04 | 1
 15, 33 |  -1.4464928493388527e-03 |  -1.4464928493388527e-03 | 1
 15, 34 |   2.3263523857886236e-03 |   2.3263523857886236e-03 | 1
 15, 35 |  -1.7614982654762078e-04 |  -1.7614982654762078e-04 | 1
 15, 36 |  -1.5734761620207440e-04 |  -1.5734761620207440e-04 | 1
 15, 37 |  -1.4152980201478525e-04 |  -1.4152980201478525e-04 | 1
 15, 38 |  -6.7541447362337370e-05 |  -6.7541447362337370e-05 | 1
 15, 39 |   1.3019810837595815e-04 |   1.3019810837595815e-04 | 1
 15, 40 |   9.4577300560579861e-04 |   9.4577300560579861e-04 | 1
 16,  1 |   1.4616142405979297e-05 |   1.4616142405979297e-05 | 1
 16,  2 |   1.5973101222641330e-05 |   1.5973101222641330e-05 | 1
 16,  3 |   1.0873894915996582e-05 |   1.0873894915996582e-05 | 1
 16,  4 |   2.6984308950882988e-05 |   2.6984308950882988e-05 | 1
 16,  5 |  -5.0096814838851167e-05 |  -5.0096814838851167e-05 | 1
 16,  6 |  -7.8718504619124482e-06 |  -7.8718504619124482e-06 | 1
 16,  7 |   3.1025345184026736e-05 |   3.1025345184026736e-05 | 1
 16,  8 |   2.7146438490191447e-05 |   2.7146438490191447e-05 | 1
 16,  9 |   9.6292886530023815e-06 |   9.6292886530023815e-06 | 1
 16, 10 |   1.0681239753279144e-04 |   1.0681239753279144e-04 | 1
 16, 11 |   1.7909407440386412e-04 |   1.7909407440386412e-04 | 1
 16, 12 |   4.3523047036315940e-05 |   4.3523047036315940e-05 | 1
 16, 13 |   3.6195977103047007e-05 |   3.6195977103047007e-05 | 1
 16, 14 |   3.8653682310285160e-05 |   3.8653682310285160e-05 | 1
 16, 15 |   5.9714369056617267e-04 |   5.9714369056617267e-04 | 1
 16, 16 |   3.1837413532088276e-03 |   3.1837413532088276e-03 | 1
 16, 17 |   2.1455248957399669e-05 |   2.1455248957399669e-05 | 1
 16, 18 |   2.1441521049353442e-06 |   2.1441521049353442e-06 | 1
 16, 19 |   6.7041828464198825e-05 |   6.7041828464198825e-05 | 1
 16, 20 |   3.3871359019279226e-05 |   3.3871359019279226e-05 | 1
 16, 21 |  -1.3358294638798473e-05 |  -1.3358294638798473e-05 | 1
 16, 22 |   5.4138815866810623e-05 |   5.4138815866810623e-05 | 1
 16, 23 |  -6.1681025449255446e-06 |  -6.1681025449255446e-06 | 1
 16, 24 |   6.3870480831856858e-05 |   6.3870480831856858e-05 | 1
 16, 25 |   3.9543531025905971e-05 |   3.9543531025905971e-05 | 1
 16, 26 |   1.1248211019074832e-05 |   1.1248211019074832e-05 | 1
 16, 27 |   1.9853133942161741e-04 |   1.9853133942161741e-04 | 1
 16, 28 |   6.7788302951571810e-05 |   6.7788302951571810e-05 | 1
 16, 29 |   4.7900568697165503e-05 |   4.7900568697165503e-05 | 1
 16, 30 |   5.5618188636397540e-05 |   5.5618188636397540e-05 | 1
 16, 31 |   7.2557869216375583e-05 |   7.2557869216375583e-05 | 1
 16, 32 |  -7.9615845053006198e-05 |  -7.9615845053006198e-05 | 1
 16, 33 |  -5.8990406835980509e-05 |  -5.8990406835980509e-05 | 1
 16, 34 |   1.6385182399453831e-04 |   1.6385182399453831e-04 | 1
 16, 35 |  -1.7680076120264063e-05 |  -1.7680076120264063e-05 | 1
 16, 36 |  -1.8891227832362777e-05 |  -1.8891227832362777e-05 | 1
 16, 37 |  -1.9399858745878449e-05 |  -1.9399858745878449e-05 | 1
 16, 38 |  -1.8814656721293116e-05 |  -1.8814656721293116e-05 | 1
 16, 39 |   1.7914256120456784e-05 |   1.7914256120456784e-05 | 1
 16, 40 |   7.9518465473661087e-05 |   7.9518465473661087e-05 | 1
 17,  1 |   4.7653575736325144e-05 |   4.7653575736325144e-05 | 1
 17,  2 |   4.2826760434609737e-05 |   4.2826760434609737e-05 | 1
 17,  3 |   4.0096915791950266e-05 |   4.0096915791950266e-05 | 1
 17,  4 |   4.0619177203694493e-05 |   4.0619177203694493e-05 | 1
 17,  5 |   5.3344252114542563e-05 |   5.3344252114542563e-05 | 1
 17,  6 |   3.2951800600445399e-05 |   3.2951800600445399e-05 | 1
 17,  7 |   3.4401536191839767e-05 |   3.4401536191839767e-05 | 1
 17,  8 |   2.8515040076744881e-05 |   2.8515040076744881e-05 | 1
 17,  9 |   4.1997361184209153e-05 |   4.1997361184209153e-05 | 1
 17, 10 |   3.7383919756824994e-05 |   3.7383919756824994e-05 | 1
 17, 11 |   6.0269109538981118e-05 |   6.0269109538981118e-05 | 1
 17, 12 |   3.3059158025153675e-05 |   3.3059158025153675e-05 | 1
 17, 13 |   5.5746046019473176e-05 |   5.5746046019473176e-05 | 1
 17, 14 |   5.0051316507545053e-05 |   5.0051316507545053e-05 | 1
 17, 15 |   1.7013384827750238e-04 |   1.7013384827750238e-04 | 1
 17, 16 |   2.1455248957399669e-05 |   2.1455248957399669e-05 | 1
 17, 17 |   4.2144641371251292e-03 |   4.2144641371251292e-03 | 1
 17, 18 |   6.3327024437082795e-05 |   6.3327024437082795e-05 | 1
 17, 19 |   5.2533763213127334e-05 |   5.2533763213127334e-05 | 1
 17, 20 |   6.2394125273970802e-05 |   6.2394125273970802e-05 | 1
 17, 21 |   6.5231898975319952e-05 |   6.5231898975319952e-05 | 1
 17, 22 |   3.8657640677880546e-05 |   3.8657640677880546e-05 | 1
 17, 23 |   4.6481570914001815e-05 |   4.6481570914001815e-05 | 1
 17, 24 |   5.2285897482164112e-05 |   5.2285897482164112e-05 | 1
 17, 25 |   4.6371489966386562e-05 |   4.6371489966386562e-05 | 1
 17, 26 |   7.7070800285447156e-05 |   7.7070800285447156e-05 | 1
 17, 27 |   3.2380795812207458e-05 |   3.2380795812207458e-05 | 1
 17, 28 |   5.4768267992583814e-05 |   5.4768267992583814e-05 | 1
 17, 29 |   5.8630027018209995e-05 |   5.8630027018209995e-05 | 1
 17, 30 |   5.2580428215376245e-05 |   5.2580428215376245e-05 | 1
 17, 31 |   4.4365176713587963e-05 |   4.4365176713587963e-05 | 1
 17, 32 |   2.0546925609833977e-06 |   2.0546925609833977e-06 | 1
 17, 33 |   2.5873434149806134e-06 |   2.5873434149806134e-06 | 1
 17, 34 |   4.4920169741262946e-05 |   4.4920169741262946e-05 | 1
 17, 35 |  -5.1940451505603624e-05 |  -5.1940451505603624e-05 | 1
 17, 36 |  -5.9704901515642963e-05 |  -5.9704901515642963e-05 | 1
 17, 37 |  -6.4506115611365948e-05 |  -6.4506115611365948e-05 | 1
 17, 38 |  -6.7019012390308523e-05 |  -6.7019012390308523e-05 | 1
 17, 39 |   5.8678293351541988e-05 |   5.8678293351541988e-05 | 1
 17, 40 |  -1.5319201596693554e-06 |  -1.5319201596693554e-06 | 1
 18,  1 |   5.4123823501585510e-05 |   5.4123823501585510e-05 | 1
 18,  2 |   4.9345604361065251e-05 |   4.9345604361065251e-05 | 1
 18,  3 |   4.5778762910077351e-05 |   4.5778762910077351e-05 | 1
 18,  4 |   3.9832793679745007e-05 |   3.9832793679745007e-05 | 1
 18,  5 |   9.3055347351628074e-05 |   9.3055347351628074e-05 | 1
 18,  6 |   4.7801697842193880e-05 |   4.7801697842193880e-05 | 1
 18,  7 |   2.5727287087043780e-05 |   2.5727287087043780e-05 | 1
 18,  8 |   2.2791514812359923e-05 |   2.2791514812359923e-05 | 1
 18,  9 |   4.9384538557476325e-05 |   4.9384538557476325e-05 | 1
 18, 10 |  -1.4475352618010010e-05 |  -1.4475352618010010e-05 | 1
 18, 11 |  -1.1851648473801473e-06 |  -1.1851648473801473e-06 | 1
 18, 12 |   1.8820259905401230e-05 |   1.8820259905401230e-05 | 1
 18, 13 |   4.8743217861978516e-05 |   4.8743217861978516e-05 | 1
 18, 14 |   4.4518760081165809e-05 |   4.4518760081165809e-05 | 1
 18, 15 |  -5.7830498172713321e-05 |  -5.7830498172713321e-05 | 1
 18, 16 |   2.1441521049353442e-06 |   2.1441521049353442e-06 | 1
 18, 17 |   6.3327024437082795e-05 |   6.3327024437082795e-05 | 1
 18, 18 |   1.8577377433493102e-02 |   1.8577377433493102e-02 | 1
 18, 19 |   3.3206030958439331e-05 |   3.3206030958439331e-05 | 1
 18, 20 |   6.6175868352117299e-05 |   6.6175868352117299e-05 | 1
 18, 21 |   9.0645131808079056e-05 |   9.0645131808079056e-05 | 1
 18, 22 |   2.4552785102148147e-05 |   2.4552785102148147e-05 | 1
 18, 23 |   6.1333168044491398e-05 |   6.1333168044491398e-05 | 1
 18, 24 |   3.6097594468987488e-05 |   3.6097594468987488e-05 | 1
 18, 25 |   3.8140628574753578e-05 |   3.8140628574753578e-05 | 1
 18, 26 |   9.8960177507212760e-05 |   9.8960177507212760e-05 | 1
 18, 27 |  -3.8897216740341756e-05 |  -3.8897216740341756e-05 | 1
 18, 28 |   3.9098652743186770e-05 |   3.9098652743186770e-05 | 1
 18, 29 |   4.8639025106192332e-05 |   4.8639025106192332e-05 | 1
 18, 30 |   4.2034443362379292e-05 |   4.2034443362379292e-05 | 1
 18, 31 |   1.7186572339570910e-05 |   1.7186572339570910e-05 | 1
 18, 32 |   4.7550749705499914e-05 |   4.7550749705499914e-05 | 1
 18, 33 |   1.4521899513297336e-05 |   1.4521899513297336e-05 | 1
 18, 34 |  -2.1218570588307826e-05 |  -2.1218570588307826e-05 | 1
 18, 35 |  -6.3441101707297916e-05 |  -6.3441101707297916e-05 | 1
 18, 36 |  -7.1878472916961890e-05 |  -7.1878472916961890e-05 | 1
 18, 37 |  -7.5057097979159464e-05 |  -7.5057097979159464e-05 | 1
 18, 38 |  -6.7752967946908292e-05 |  -6.7752967946908292e-05 | 1
 18, 39 |   6.7562451405436076e-05 |   6.7562451405436076e-05 | 1
 18, 40 |  -4.8207010960834827e-05 |  -4.8207010960834827e-05 | 1
 19,  1 |   3.4890990977250603e-05 |   3.4890990977250603e-05 | 1
 19,  2 |   4.0205755798911919e-05 |   4.0205755798911919e-05 | 1
 19,  3 |   2.8966908176621810e-05 |   2.8966908176621810e-05 | 1
 19,  4 |   7.2093134321560604e-05 |   7.2093134321560604e-05 | 1
 19,  5 |  -3.9428131517424808e-05 |  -3.9428131517424808e-05 | 1
 19,  6 |  -2.9830140875736048e-05 |  -2.9830140875736048e-05 | 1
 19,  7 |   6.3687942706223212e-05 |   6.3687942706223212e-05 | 1
 19,  8 |   5.4337333545242619e-05 |   5.4337333545242619e-05 | 1
 19,  9 |   2.0883332750033917e-05 |   2.0883332750033917e-05 | 1
 19, 10 |   2.0693651814987404e-04 |   2.0693651814987404e-04 | 1
 19, 11 |  -2.4780962572340602e-04 |  -2.4780962572340602e-04 | 1
 19, 12 |   3.3726074373697693e-05 |   3.3726074373697693e-05 | 1
 19, 13 |   2.0619651610251504e-04 |   2.0619651610251504e-04 | 1
 19, 14 |   1.7553370283674899e-04 |   1.7553370283674899e-04 | 1
 19, 15 |   7.0915310482237573e-04 |   7.0915310482237573e-04 | 1
 19, 16 |   6.7041828464198825e-05 |   6.7041828464198825e-05 | 1
 19, 17 |   5.2533763213127334e-05 |   5.2533763213127334e-05 | 1
 19, 18 |   3.3206030958439331e-05 |   3.3206030958439331e-05 | 1
 19, 19 |   2.1666001217289243e-02 |   2.1666001217289243e-02 | 1
 19, 20 |   6.3597619257437817e-05 |   6.3597619257437817e-05 | 1
 19, 21 |  -6.6460616018871734e-05 |  -6.6460616018871734e-05 | 1
 19, 22 |  -3.4480576881425206e-05 |  -3.4480576881425206e-05 | 1
 19, 23 |  -7.5911415475273620e-06 |  -7.5911415475273620e-06 | 1
 19, 24 |   4.9506752443417777e-05 |   4.9506752443417777e-05 | 1
 19, 25 |   5.5890718280405391e-05 |   5.5890718280405391e-05 | 1
 19, 26 |   3.4783817383167690e-05 |   3.4783817383167690e-05 | 1
 19, 27 |  -6.4402880754707180e-04 |  -6.4402880754707180e-04 | 1
 19, 28 |  -1.0006674428901342e-05 |  -1.0006674428901342e-05 | 1
 19, 29 |   1.0538777661091658e-04 |   1.0538777661091658e-04 | 1
 19, 30 |  -1.4083235538728520e-05 |  -1.4083235538728520e-05 | 1
 19, 31 |  -6.9782850442851670e-05 |  -6.9782850442851670e-05 | 1
 19, 32 |  -2.2544174163504358e-04 |  -2.2544174163504358e-04 | 1
 19, 33 |   8.2735972124099960e-04 |   8.2735972124099960e-04 | 1
 19, 34 |  -1.3060627503775994e-04 |  -1.3060627503775994e-04 | 1
 19, 35 |  -4.4216702230214053e-05 |  -4.4216702230214053e-05 | 1
 19, 36 |  -4.3686510512049939e-05 |  -4.3686510512049939e-05 | 1
 19, 37 |  -4.8723112037315705e-05 |  -4.8723112037315705e-05 | 1
 19, 38 |  -4.1268996282407354e-05 |  -4.1268996282407354e-05 | 1
 19, 39 |   4.2829460063596695e-05 |   4.2829460063596695e-05 | 1
 19, 40 |   2.2499573787792117e-04 |   2.2499573787792117e-04 | 1
 20,  1 |   5.1618245274892044e-05 |   5.1618245274892044e-05 | 1
 20,  2 |   4.8442549318670298e-05 |   4.8442549318670298e-05 | 1
 20,  3 |   4.4802840639684459e-05 |   4.4802840639684459e-05 | 1
 20,  4 |   4.9414478754599751e-05 |   4.9414478754599751e-05 | 1
 20,  5 |   3.6508878044528344e-05 |   3.6508878044528344e-05 | 1
 20,  6 |   3.3118317919475139e-05 |   3.3118317919475139e-05 | 1
 20,  7 |   4.3427483923654461e-05 |   4.3427483923654461e-05 | 1
 20,  8 |   3.8175311731921539e-05 |   3.8175311731921539e-05 | 1
 20,  9 |   4.2402794021918038e-05 |   4.2402794021918038e-05 | 1
 20, 10 |   6.6330398963884252e-05 |   6.6330398963884252e-05 | 1
 20, 11 |   1.3262297388269085e-04 |   1.3262297388269085e-04 | 1
 20, 12 |   4.5562271351912899e-05 |   4.5562271351912899e-05 | 1
 20, 13 |   5.6383512886834449e-05 |   5.6383512886834449e-05 | 1
 20, 14 |   5.3123541848115800e-05 |   5.3123541848115800e-05 | 1
 20, 15 |   3.4762274796870673e-04 |   3.4762274796870673e-04 | 1
 20, 16 |   3.3871359019279226e-05 |   3.3871359019279226e-05 | 1
 20, 17 |   6.2394125273970802e-05 |   6.2394125273970802e-05 | 1
 20, 18 |   6.6175868352117299e-05 |   6.6175868352117299e-05 | 1
 20, 19 |   6.3597619257437817e-05 |   6.3597619257437817e-05 | 1
 20, 20 |   9.9749508159457673e-03 |   9.9749508159457673e-03 | 1
 20, 21 |   6.4680248202361425e-05 |   6.4680248202361425e-05 | 1
 20, 22 |   6.1785890814914732e-05 |   6.1785890814914732e-05 | 1
 20, 23 |   5.3135337214649459e-05 |   5.3135337214649459e-05 | 1
 20, 24 |   7.5029636961988013e-05 |   7.5029636961988013e-05 | 1
 20, 25 |   5.5622379258898257e-05 |   5.5622379258898257e-05 | 1
 20, 26 |   7.6760467656682466e-05 |   7.6760467656682466e-05 | 1
 20, 27 |   1.2676650402974486e-04 |   1.2676650402974486e-04 | 1
 20, 28 |   7.7447570299369191e-05 |   7.7447570299369191e-05 | 1
 20, 29 |   6.7046594909584697e-05 |   6.7046594909584697e-05 | 1
 20, 30 |   6.8566722101572175e-05 |   6.8566722101572175e-05 | 1
 20, 31 |   6.8887025721984865e-05 |   6.8887025721984865e-05 | 1
 20, 32 |  -1.3572366436838426e-05 |  -1.3572366436838426e-05 | 1
 20, 33 |  -5.3287226642504474e-05 |  -5.3287226642504474e-05 | 1
 20, 34 |   1.0392763703938475e-04 |   1.0392763703938475e-04 | 1
 20, 35 |  -6.7371136032425629e-05 |  -6.7371136032425629e-05 | 1
 20, 36 |  -6.6975376782937737e-05 |  -6.6975376782937737e-05 | 1
 20, 37 |  -6.3289657780969067e-05 |  -6.3289657780969067e-05 | 1
 20, 38 |  -6.6188847989975396e-05 |  -6.6188847989975396e-05 | 1
 20, 39 |   6.2557678645588813e-05 |   6.2557678645588813e-05 | 1
 20, 40 |   1.2936772142231966e-05 |   1.2936772142231966e-05 | 1
 21,  1 |   6.1116707411251731e-05 |   6.1116707411251731e-05 | 1
 21,  2 |   4.7745911218445972e-05 |   4.7745911218445972e-05 | 1
 21,  3 |   5.0779237884198704e-05 |   5.0779237884198704e-05 | 1
 21,  4 |   1.6755485706627510e-05 |   1.6755485706627510e-05 | 1
 21,  5 |   1.4291682913097862e-04 |   1.4291682913097862e-04 | 1
 21,  6 |   9.1931906493880025e-05 |   9.1931906493880025e-05 | 1
 21,  7 |   1.1199424290894667e-05 |   1.1199424290894667e-05 | 1
 21,  8 |   1.3201510526729296e-05 |   1.3201510526729296e-05 | 1
 21,  9 |   6.0787240956609198e-05 |   6.0787240956609198e-05 | 1
 21, 10 |  -9.2295986607715362e-05 |  -9.2295986607715362e-05 | 1
 21, 11 |   3.3272760701512274e-04 |   3.3272760701512274e-04 | 1
 21, 12 |   3.4009127572554313e-05 |   3.4009127572554313e-05 | 1
 21, 13 |  -6.3644471429527634e-05 |  -6.3644471429527634e-05 | 1
 21, 14 |  -5.0997329833720218e-05 |  -5.0997329833720218e-05 | 1
 21, 15 |  -2.3230114947160542e-04 |  -2.3230114947160542e-04 | 1
 21, 16 |  -1.3358294638798473e-05 |  -1.3358294638798473e-05 | 1
 21, 17 |   6.5231898975319952e-05 |   6.5231898975319952e-05 | 1
 21, 18 |   9.0645131808079056e-05 |   9.0645131808079056e-05 | 1
 21, 19 |  -6.6460616018871734e-05 |  -6.6460616018871734e-05 | 1
 21, 20 |   6.4680248202361425e-05 |   6.4680248202361425e-05 | 1
 21, 21 |   4.9486268474894464e-02 |   4.9486268474894464e-02 | 1
 21, 22 |   1.0858160064514665e-04 |   1.0858160064514665e-04 | 1
 21, 23 |   9.3826600253039554e-05 |   9.3826600253039554e-05 | 1
 21, 24 |   6.5570004526451395e-05 |   6.5570004526451395e-05 | 1
 21, 25 |   4.2255498142551684e-05 |   4.2255498142551684e-05 | 1
 21, 26 |   1.1520256538290839e-04 |   1.1520256538290839e-04 | 1
 21, 27 |   6.0240519727996621e-04 |   6.0240519727996621e-04 | 1
 21, 28 |   1.0788138775550871e-04 |   1.0788138775550871e-04 | 1
 21, 29 |   2.3579869074803753e-05 |   2.3579869074803753e-05 | 1
 21, 30 |   1.1668877626697303e-04 |   1.1668877626697303e-04 | 1
 21, 31 |   1.4142486445432103e-04 |   1.4142486445432103e-04 | 1
 21, 32 |   1.8676583315270083e-04 |   1.8676583315270083e-04 | 1
 21, 33 |  -6.8042728615033037e-04 |  -6.8042728615033037e-04 | 1
 21, 34 |   1.9831831769912377e-04 |   1.9831831769912377e-04 | 1
 21, 35 |  -6.7315716514647041e-05 |  -6.7315716514647041e-05 | 1
 21, 36 |  -6.5768538585575834e-05 |  -6.5768538585575834e-05 | 1
 21, 37 |  -8.6950158088020565e-05 |  -8.6950158088020565e-05 | 1
 21, 38 |  -9.0692949087183591e-05 |  -9.0692949087183591e-05 | 1
 21, 39 |   7.5194231111025227e-05 |   7.5194231111025227e-05 | 1
 21, 40 |  -1.8499276780562548e-04 |  -1.8499276780562548e-04 | 1
 22,  1 |   3.3382625539635878e-05 |   3.3382625539635878e-05 | 1
 22,  2 |   2.8377654477948985e-05 |   2.8377654477948985e-05 | 1
 22,  3 |   2.5419406365761843e-05 |   2.5419406365761843e-05 | 1
 22,  4 |   1.7387447543957793e-05 |   1.7387447543957793e-05 | 1
 22,  5 |  -1.8926650197665187e-05 |  -1.8926650197665187e-05 | 1
 22,  6 |   5.2441969484770344e-05 |   5.2441969484770344e-05 | 1
 22,  7 |   2.7231013631327940e-05 |   2.7231013631327940e-05 | 1
 22,  8 |   2.9801588649308637e-05 |   2.9801588649308637e-05 | 1
 22,  9 |   2.9623072828014524e-05 |   2.9623072828014524e-05 | 1
 22, 10 |   4.8541784785446015e-05 |   4.8541784785446015e-05 | 1
 22, 11 |   7.2270198281868480e-04 |   7.2270198281868480e-04 | 1
 22, 12 |   8.4852040536744270e-05 |   8.4852040536744270e-05 | 1
 22, 13 |  -9.4943101701762465e-05 |  -9.4943101701762465e-05 | 1
 22, 14 |  -5.6801867269790591e-05 |  -5.6801867269790591e-05 | 1
 22, 15 |   7.4159175702852168e-04 |   7.4159175702852168e-04 | 1
 22, 16 |   5.4138815866810623e-05 |   5.4138815866810623e-05 | 1
 22, 17 |   3.8657640677880546e-05 |   3.8657640677880546e-05 | 1
 22, 18 |   2.4552785102148147e-05 |   2.4552785102148147e-05 | 1
 22, 19 |  -3.4480576881425206e-05 |  -3.4480576881425206e-05 | 1
 22, 20 |   6.1785890814914732e-05 |   6.1785890814914732e-05 | 1
 22, 21 |   1.0858160064514665e-04 |   1.0858160064514665e-04 | 1
 22, 22 |   5.5289063171731018e-02 |   5.5289063171731018e-02 | 1
 22, 23 |   3.9829412364305680e-05 |   3.9829412364305680e-05 | 1
 22, 24 |   1.3941535463545901e-04 |   1.3941535463545901e-04 | 1
 22, 25 |   6.3762406506409023e-05 |   6.3762406506409023e-05 | 1
 22, 26 |   4.8470853239482962e-05 |   4.8470853239482962e-05 | 1
 22, 27 |   1.1744731926814070e-03 |   1.1744731926814070e-03 | 1
 22, 28 |   2.0333138292781560e-04 |   2.0333138292781560e-04 | 1
 22, 29 |   4.0136692768373906e-05 |   4.0136692768373906e-05 | 1
 22, 30 |   1.8024983695847817e-04 |   1.8024983695847817e-04 | 1
 22, 31 |   2.6672850727194075e-04 |   2.6672850727194075e-04 | 1
 22, 32 |   6.3903214789518489e-05 |   6.3903214789518489e-05 | 1
 22, 33 |  -1.0142738121654065e-03 |  -1.0142738121654065e-03 | 1
 22, 34 |   5.4222183441767825e-04 |   5.4222183441767825e-04 | 1
 22, 35 |  -4.7126390539603202e-05 |  -4.7126390539603202e-05 | 1
 22, 36 |  -3.7905137071674104e-05 |  -3.7905137071674104e-05 | 1
 22, 37 |  -4.2347221138039039e-05 |  -4.2347221138039039e-05 | 1
 22, 38 |  -4.4736479701711858e-05 |  -4.4736479701711858e-05 | 1
 22, 39 |   4.1472813191668766e-05 |   4.1472813191668766e-05 | 1
 22, 40 |  -6.4120031536212013e-05 |  -6.4120031536212013e-05 | 1
 23,  1 |   4.2676073400400608e-05 |   4.2676073400400608e-05 | 1
 23,  2 |   3.4319148562111704e-05 |   3.4319148562111704e-05 | 1
 23,  3 |   3.7540549002946629e-05 |   3.7540549002946629e-05 | 1
 23,  4 |   2.2750705886322170e-05 |   2.2750705886322170e-05 | 1
 23,  5 |   1.0030782298540092e-04 |   1.0030782298540092e-04 | 1
 23,  6 |   5.2594168913008497e-05 |   5.2594168913008497e-05 | 1
 23,  7 |   1.3501983272900582e-05 |   1.3501983272900582e-05 | 1
 23,  8 |   1.7116044573413167e-05 |   1.7116044573413167e-05 | 1
 23,  9 |   3.4013210550025556e-05 |   3.4013210550025556e-05 | 1
 23, 10 |  -3.3400494429819364e-05 |  -3.3400494429819364e-05 | 1
 23, 11 |   8.7610185857986942e-05 |   8.7610185857986942e-05 | 1
 23, 12 |   1.6190160194181080e-05 |   1.6190160194181080e-05 | 1
 23, 13 |   5.8726125100079182e-06 |   5.8726125100079182e-06 | 1
 23, 14 |   3.5835646795919174e-07 |   3.5835646795919174e-07 | 1
 23, 15 |  -1.4077915873498249e-04 |  -1.4077915873498249e-04 | 1
 23, 16 |  -6.1681025449255446e-06 |  -6.1681025449255446e-06 | 1
 23, 17 |   4.6481570914001815e-05 |   4.6481570914001815e-05 | 1
 23, 18 |   6.1333168044491398e-05 |   6.1333168044491398e-05 | 1
 23, 19 |  -7.5911415475273620e-06 |  -7.5911415475273620e-06 | 1
 23, 20 |   5.3135337214649459e-05 |   5.3135337214649459e-05 | 1
 23, 21 |   9.3826600253039554e-05 |   9.3826600253039554e-05 | 1
 23, 22 |   3.9829412364305680e-05 |   3.9829412364305680e-05 | 1
 23, 23 |   2.5798173491911849e-02 |   2.5798173491911849e-02 | 1
 23, 24 |   4.0786120206377179e-05 |   4.0786120206377179e-05 | 1
 23, 25 |   2.4503310948352610e-05 |   2.4503310948352610e-05 | 1
 23, 26 |   7.3289352896125905e-05 |   7.3289352896125905e-05 | 1
 23, 27 |   1.4907737463744982e-04 |   1.4907737463744982e-04 | 1
 23, 28 |   4.2178543065664082e-05 |   4.2178543065664082e-05 | 1
 23, 29 |   2.4706569427936241e-05 |   2.4706569427936241e-05 | 1
 23, 30 |   4.2656611756536738e-05 |   4.2656611756536738e-05 | 1
 23, 31 |   4.3626157703777417e-05 |   4.3626157703777417e-05 | 1
 23, 32 |   8.0884462606093332e-05 |   8.0884462606093332e-05 | 1
 23, 33 |  -1.8770203545641877e-04 |  -1.8770203545641877e-04 | 1
 23, 34 |   3.9485295100491941e-05 |   3.9485295100491941e-05 | 1
 23, 35 |  -5.8406981231761624e-05 |  -5.8406981231761624e-05 | 1
 23, 36 |  -4.4922285036173336e-05 |  -4.4922285036173336e-05 | 1
 23, 37 |  -4.9898842404991279e-05 |  -4.9898842404991279e-05 | 1
 23, 38 |  -6.3390870147512043e-05 |  -6.3390870147512043e-05 | 1
 23, 39 |   5.1258675929271955e-05 |   5.1258675929271955e-05 | 1
 23, 40 |  -7.9745814849499144e-05 |  -7.9745814849499144e-05 | 1
 24,  1 |   4.3000842737058734e-05 |   4.3000842737058734e-05 | 1
 24,  2 |   4.0064875321241292e-05 |   4.0064875321241292e-05 | 1
 24,  3 |   3.5216343867422814e-05 |   3.5216343867422814e-05 | 1
 24,  4 |   4.2564342430681278e-05 |   4.2564342430681278e-05 | 1
 24,  5 |  -1.8129069975145255e-05 |  -1.8129069975145255e-05 | 1
 24,  6 |   3.2474848297595025e-05 |   3.2474848297595025e-05 | 1
 24,  7 |   4.6215739534968281e-05 |   4.6215739534968281e-05 | 1
 24,  8 |   4.4857433349534731e-05 |   4.4857433349534731e-05 | 1
 24,  9 |   3.4064167875444643e-05 |   3.4064167875444643e-05 | 1
 24, 10 |   1.1337553565667429e-04 |   1.1337553565667429e-04 | 1
 24, 11 |   4.6178476295840427e-04 |   4.6178476295840427e-04 | 1
 24, 12 |   7.7869840615209896e-05 |   7.7869840615209896e-05 | 1
 24, 13 |   3.2786942558736218e-06 |   3.2786942558736218e-06 | 1
 24, 14 |   1.7880085682473271e-05 |   1.7880085682473271e-05 | 1
 24, 15 |   7.8954518691033747e-04 |   7.8954518691033747e-04 | 1
 24, 16 |   6.3870480831856858e-05 |   6.3870480831856858e-05 | 1
 24, 17 |   5.2285897482164112e-05 |   5.2285897482164112e-05 | 1
 24, 18 |   3.6097594468987488e-05 |   3.6097594468987488e-05 | 1
 24, 19 |   4.9506752443417777e-05 |   4.9506752443417777e-05 | 1
 24, 20 |   7.5029636961988013e-05 |   7.5029636961988013e-05 | 1
 24, 21 |   6.5570004526451395e-05 |   6.5570004526451395e-05 | 1
 24, 22 |   1.3941535463545901e-04 |   1.3941535463545901e-04 | 1
 24, 23 |   4.0786120206377179e-05 |   4.0786120206377179e-05 | 1
 24, 24 |   4.0074618052117501e-03 |   4.0074618052117501e-03 | 1
 24, 25 |   7.1021705514907505e-05 |   7.1021705514907505e-05 | 1
 24, 26 |   5.4930910054906505e-05 |   5.4930910054906505e-05 | 1
 24, 27 |   6.5838884070163915e-04 |   6.5838884070163915e-04 | 1
 24, 28 |   1.5174270613205171e-04 |   1.5174270613205171e-04 | 1
 24, 29 |   7.0123647923054814e-05 |   7.0123647923054814e-05 | 1
 24, 30 |   1.3532462252556905e-04 |   1.3532462252556905e-04 | 1
 24, 31 |   1.8065959504005624e-04 |   1.8065959504005624e-04 | 1
 24, 32 |  -2.5200901182907109e-05 |  -2.5200901182907109e-05 | 1
 24, 33 |  -4.7995334250019360e-04 |  -4.7995334250019360e-04 | 1
 24, 34 |   3.6400149718637950e-04 |   3.6400149718637950e-04 | 1
 24, 35 |  -6.0326909901794472e-05 |  -6.0326909901794472e-05 | 1
 24, 36 |  -4.9046406778780809e-05 |  -4.9046406778780809e-05 | 1
 24, 37 |  -5.3290642460857951e-05 |  -5.3290642460857951e-05 | 1
 24, 38 |  -5.7053797909563370e-05 |  -5.7053797909563370e-05 | 1
 24, 39 |   5.1579289710282147e-05 |   5.1579289710282147e-05 | 1
 24, 40 |   2.4898082755144359e-05 |   2.4898082755144359e-05 | 1
 25,  1 |   3.6629076857895744e-05 |   3.6629076857895744e-05 | 1
 25,  2 |   3.3311797723565217e-05 |   3.3311797723565217e-05 | 1
 25,  3 |   2.9164988095292470e-05 |   2.9164988095292470e-05 | 1
 25,  4 |   3.5519900696055808e-05 |   3.5519900696055808e-05 | 1
 25,  5 |   7.0697223475156187e-06 |   7.0697223475156187e-06 | 1
 25,  6 |   1.9474476662930843e-05 |   1.9474476662930843e-05 | 1
 25,  7 |   3.5624080209315301e-05 |   3.5624080209315301e-05 | 1
 25,  8 |   2.9622255518688268e-05 |   2.9622255518688268e-05 | 1
 25,  9 |   3.1394210864742528e-05 |   3.1394210864742528e-05 | 1
 25, 10 |   7.1028178248154272e-05 |   7.1028178248154272e-05 | 1
 25, 11 |   1.9075946718245310e-04 |   1.9075946718245310e-04 | 1
 25, 12 |   4.6857981868729668e-05 |   4.6857981868729668e-05 | 1
 25, 13 |   3.7948404021611580e-05 |   3.7948404021611580e-05 | 1
 25, 14 |   4.0273615857755525e-05 |   4.0273615857755525e-05 | 1
 25, 15 |   4.3250843246975495e-04 |   4.3250843246975495e-04 | 1
 25, 16 |   3.9543531025905971e-05 |   3.9543531025905971e-05 | 1
 25, 17 |   4.6371489966386562e-05 |   4.6371489966386562e-05 | 1
 25, 18 |   3.8140628574753578e-05 |   3.8140628574753578e-05 | 1
 25, 19 |   5.5890718280405391e-05 |   5.5890718280405391e-05 | 1
 25, 20 |   5.5622379258898257e-05 |   5.5622379258898257e-05 | 1
 25, 21 |   4.2255498142551684e-05 |   4.2255498142551684e-05 | 1
 25, 22 |   6.3762406506409023e-05 |   6.3762406506409023e-05 | 1
 25, 23 |   2.4503310948352610e-05 |   2.4503310948352610e-05 | 1
 25, 24 |   7.1021705514907505e-05 |   7.1021705514907505e-05 | 1
 25, 25 |   1.3091427220546221e-02 |   1.3091427220546221e-02 | 1
 25, 26 |   5.4408056783651767e-05 |   5.4408056783651767e-05 | 1
 25, 27 |   2.3384579017763973e-04 |   2.3384579017763973e-04 | 1
 25, 28 |   8.3352598871794221e-05 |   8.3352598871794221e-05 | 1
 25, 29 |   5.9977654843383104e-05 |   5.9977654843383104e-05 | 1
 25, 30 |   7.4119333871421598e-05 |   7.4119333871421598e-05 | 1
 25, 31 |   8.7326128919175747e-05 |   8.7326128919175747e-05 | 1
 25, 32 |  -2.6918471148802788e-05 |  -2.6918471148802788e-05 | 1
 25, 33 |  -1.3636976923826354e-04 |  -1.3636976923826354e-04 | 1
 25, 34 |   1.5725468394226194e-04 |   1.5725468394226194e-04 | 1
 25, 35 |  -3.8008097615417180e-05 |  -3.8008097615417180e-05 | 1
 25, 36 |  -4.5394449365895723e-05 |  -4.5394449365895723e-05 | 1
 25, 37 |  -5.0669018661872353e-05 |  -5.0669018661872353e-05 | 1
 25, 38 |  -5.3534545435438683e-05 |  -5.3534545435438683e-05 | 1
 25, 39 |   4.5586188951074371e-05 |   4.5586188951074371e-05 | 1
 25, 40 |   2.7471339151436625e-05 |   2.7471339151436625e-05 | 1
 26,  1 |   6.4189115807856690e-05 |   6.4189115807856690e-05 | 1
 26,  2 |   5.8675411615658634e-05 |   5.8675411615658634e-05 | 1
 26,  3 |   5.4286007364626651e-05 |   5.4286007364626651e-05 | 1
 26,  4 |   4.6985551645133488e-05 |   4.6985551645133488e-05 | 1
 26,  5 |   9.4264809746175742e-05 |   9.4264809746175742e-05 | 1
 26,  6 |   5.8235336563067577e-05 |   5.8235336563067577e-05 | 1
 26,  7 |   3.9006016300327135e-05 |   3.9006016300327135e-05 | 1
 26,  8 |   3.0877988680410039e-05 |   3.0877988680410039e-05 | 1
 26,  9 |   5.9895935277745382e-05 |   5.9895935277745382e-05 | 1
 26, 10 |   1.5083803150912050e-06 |   1.5083803150912050e-06 | 1
 26, 11 |   7.1961569841850624e-05 |   7.1961569841850624e-05 | 1
 26, 12 |   3.3512812981044803e-05 |   3.3512812981044803e-05 | 1
 26, 13 |   4.6929620627892873e-05 |   4.6929620627892873e-05 | 1
 26, 14 |   4.6324595270519223e-05 |   4.6324595270519223e-05 | 1
 26, 15 |   2.9872925850129068e-05 |   2.9872925850129068e-05 | 1
 26, 16 |   1.1248211019074832e-05 |   1.1248211019074832e-05 | 1
 26, 17 |   7.7070800285447156e-05 |   7.7070800285447156e-05 | 1
 26, 18 |   9.8960177507212760e-05 |   9.8960177507212760e-05 | 1
 26, 19 |   3.4783817383167690e-05 |   3.4783817383167690e-05 | 1
 26, 20 |   7.6760467656682466e-05 |   7.6760467656682466e-05 | 1
 26, 21 |   1.1520256538290839e-04 |   1.1520256538290839e-04 | 1
 26, 22 |   4.8470853239482962e-05 |   4.8470853239482962e-05 | 1
 26, 23 |   7.3289352896125905e-05 |   7.3289352896125905e-05 | 1
 26, 24 |   5.4930910054906505e-05 |   5.4930910054906505e-05 | 1
 26, 25 |   5.4408056783651767e-05 |   5.4408056783651767e-05 | 1
 26, 26 |   3.4297992455449025e-02 |   3.4297992455449025e-02 | 1
 26, 27 |   6.5895630716013791e-05 |   6.5895630716013791e-05 | 1
 26, 28 |   6.5908338940716361e-05 |   6.5908338940716361e-05 | 1
 26, 29 |   6.3214720329862132e-05 |   6.3214720329862132e-05 | 1
 26, 30 |   6.8934198129127323e-05 |   6.8934198129127323e-05 | 1
 26, 31 |   5.4346942658263701e-05 |   5.4346942658263701e-05 | 1
 26, 32 |   5.2341781568021747e-05 |   5.2341781568021747e-05 | 1
 26, 33 |  -7.2742708160937526e-05 |  -7.2742708160937526e-05 | 1
 26, 34 |   3.3897534110479224e-05 |   3.3897534110479224e-05 | 1
 26, 35 |  -7.3814646408556898e-05 |  -7.3814646408556898e-05 | 1
 26, 36 |  -8.1949180760209695e-05 |  -8.1949180760209695e-05 | 1
 26, 37 |  -9.0842711442545089e-05 |  -9.0842711442545089e-05 | 1
 26, 38 |  -8.1899569876395608e-05 |  -8.1899569876395608e-05 | 1
 26, 39 |   8.0001407592326246e-05 |   8.0001407592326246e-05 | 1
 26, 40 |  -5.2796836455978972e-05 |  -5.2796836455978972e-05 | 1
 27,  1 |   4.8413115134322444e-05 |   4.8413115134322444e-05 | 1
 27,  2 |   2.1994582275345714e-05 |   2.1994582275345714e-05 | 1
 27,  3 |   2.6191418192104711e-05 |   2.6191418192104711e-05 | 1
 27,  4 |  -9.1001129337594703e-05 |  -9.1001129337594703e-05 | 1
 27,  5 |  -2.5826304348706953e-04 |  -2.5826304348706953e-04 | 1
 27,  6 |   2.7259420338269943e-04 |   2.7259420338269943e-04 | 1
 27,  7 |   1.9583745407015902e-05 |   1.9583745407015902e-05 | 1
 27,  8 |   3.6043637434399454e-05 |   3.6043637434399454e-05 | 1
 27,  9 |   7.7222039780999933e-05 |   7.7222039780999933e-05 | 1
 27, 10 |  -4.6637357595759964e-05 |  -4.6637357595759964e-05 | 1
 27, 11 |   4.7348614455589586e-03 |   4.7348614455589586e-03 | 1
 27, 12 |   4.3007801598708180e-04 |   4.3007801598708180e-04 | 1
 27, 13 |  -1.0318712370323917e-03 |  -1.0318712370323917e-03 | 1
 27, 14 |  -7.4314293899403945e-04 |  -7.4314293899403945e-04 | 1
 27, 15 |   3.2251581296695482e-03 |   3.2251581296695482e-03 | 1
 27, 16 |   1.9853133942161741e-04 |   1.9853133942161741e-04 | 1
 27, 17 |   3.2380795812207458e-05 |   3.2380795812207458e-05 | 1
 27, 18 |  -3.8897216740341756e-05 |  -3.8897216740341756e-05 | 1
 27, 19 |  -6.4402880754707180e-04 |  -6.4402880754707180e-04 | 1
 27, 20 |   1.2676650402974486e-04 |   1.2676650402974486e-04 | 1
 27, 21 |   6.0240519727996621e-04 |   6.0240519727996621e-04 | 1
 27, 22 |   1.1744731926814070e-03 |   1.1744731926814070e-03 | 1
 27, 23 |   1.4907737463744982e-04 |   1.4907737463744982e-04 | 1
 27, 24 |   6.5838884070163915e-04 |   6.5838884070163915e-04 | 1
 27, 25 |   2.3384579017763973e-04 |   2.3384579017763973e-04 | 1
 27, 26 |   6.5895630716013791e-05 |   6.5895630716013791e-05 | 1
 27, 27 |   1.1848435114714763e-02 |   1.1848435114714763e-02 | 1
 27, 28 |   1.1771883159344167e-03 |   1.1771883159344167e-03 | 1
 27, 29 |  -3.0303513365353914e-05 |  -3.0303513365353914e-05 | 1
 27, 30 |   1.0544717410278827e-03 |   1.0544717410278827e-03 | 1
 27, 31 |   1.7047345778598798e-03 |   1.7047345778598798e-03 | 1
 27, 32 |   7.0666438588066149e-04 |   7.0666438588066149e-04 | 1
 27, 33 |  -7.5463367720531947e-03 |  -7.5463367720531947e-03 | 1
 27, 34 |   3.4972488616180708e-03 |   3.4972488616180708e-03 | 1
 27, 35 |  -6.4207238532348323e-05 |  -6.4207238532348323e-05 | 1
 27, 36 |  -5.7376224780118144e-05 |  -5.7376224780118144e-05 | 1
 27, 37 |  -5.9093865580448420e-05 |  -5.9093865580448420e-05 | 1
 27, 38 |  -6.6550570743630828e-05 |  -6.6550570743630828e-05 | 1
 27, 39 |   5.8505421997621258e-05 |   5.8505421997621258e-05 | 1
 27, 40 |  -7.0655610060116174e-04 |  -7.0655610060116174e-04 | 1
 28,  1 |   4.5740088666709858e-05 |   4.5740088666709858e-05 | 1
 28,  2 |   4.0712763690083881e-05 |   4.0712763690083881e-05 | 1
 28,  3 |   3.6014209206506215e-05 |   3.6014209206506215e-05 | 1
 28,  4 |   3.1538203939231898e-05 |   3.1538203939231898e-05 | 1
 28,  5 |  -3.6445065141838403e-05 |  -3.6445065141838403e-05 | 1
 28,  6 |   4.7511176579115451e-05 |   4.7511176579115451e-05 | 1
 28,  7 |   4.5012778348261489e-05 |   4.5012778348261489e-05 | 1
 28,  8 |   3.7177016800847700e-05 |   3.7177016800847700e-05 | 1
 28,  9 |   4.3192247852181896e-05 |   4.3192247852181896e-05 | 1
 28, 10 |   7.7518731559082544e-05 |   7.7518731559082544e-05 | 1
 28, 11 |   7.4464797851767745e-04 |   7.4464797851767745e-04 | 1
 28, 12 |   1.0319519290942248e-04 |   1.0319519290942248e-04 | 1
 28, 13 |  -7.4911050757487475e-05 |  -7.4911050757487475e-05 | 1
 28, 14 |  -3.8603093455090003e-05 |  -3.8603093455090003e-05 | 1
 28, 15 |   8.7648330674275669e-04 |   8.7648330674275669e-04 | 1
 28, 16 |   6.7788302951571810e-05 |   6.7788302951571810e-05 | 1
 28, 17 |   5.4768267992583814e-05 |   5.4768267992583814e-05 | 1
 28, 18 |   3.9098652743186770e-05 |   3.9098652743186770e-05 | 1
 28, 19 |  -1.0006674428901342e-05 |  -1.0006674428901342e-05 | 1
 28, 20 |   7.7447570299369191e-05 |   7.7447570299369191e-05 | 1
 28, 21 |   1.0788138775550871e-04 |   1.0788138775550871e-04 | 1
 28, 22 |   2.0333138292781560e-04 |   2.0333138292781560e-04 | 1
 28, 23 |   4.2178543065664082e-05 |   4.2178543065664082e-05 | 1
 28, 24 |   1.5174270613205171e-04 |   1.5174270613205171e-04 | 1
 28, 25 |   8.3352598871794221e-05 |   8.3352598871794221e-05 | 1
 28, 26 |   6.5908338940716361e-05 |   6.5908338940716361e-05 | 1
 28, 27 |   1.1771883159344167e-03 |   1.1771883159344167e-03 | 1
 28, 28 |   7.4996223309849730e-03 |   7.4996223309849730e-03 | 1
 28, 29 |   6.3009006766913519e-05 |   6.3009006766913519e-05 | 1
 28, 30 |   1.9945456093461690e-04 |   1.9945456093461690e-04 | 1
 28, 31 |   2.8982538665165607e-04 |   2.8982538665165607e-04 | 1
 28, 32 |   4.4698855443069013e-05 |   4.4698855443069013e-05 | 1
 28, 33 |  -9.9542469998245261e-04 |  -9.9542469998245261e-04 | 1
 28, 34 |   5.7137451688209955e-04 |   5.7137451688209955e-04 | 1
 28, 35 |  -4.9907012458844457e-05 |  -4.9907012458844457e-05 | 1
 28, 36 |  -6.4481048748671463e-05 |  -6.4481048748671463e-05 | 1
 28, 37 |  -5.8758183869634154e-05 |  -5.8758183869634154e-05 | 1
 28, 38 |  -6.1362661507634070e-05 |  -6.1362661507634070e-05 | 1
 28, 39 |   5.6497167269062606e-05 |   5.6497167269062606e-05 | 1
 28, 40 |  -4.4948940476490248e-05 |  -4.4948940476490248e-05 | 1
 29,  1 |   4.5093858553639840e-05 |   4.5093858553639840e-05 | 1
 29,  2 |   4.2810656062915276e-05 |   4.2810656062915276e-05 | 1
 29,  3 |   3.7324685746722871e-05 |   3.7324685746722871e-05 | 1
 29,  4 |   5.2124476428467632e-05 |   5.2124476428467632e-05 | 1
 29,  5 |   6.6386404916453348e-06 |   6.6386404916453348e-06 | 1
 29,  6 |   1.1658561206146608e-05 |   1.1658561206146608e-05 | 1
 29,  7 |   4.9136366655032289e-05 |   4.9136366655032289e-05 | 1
 29,  8 |   4.0834936026987835e-05 |   4.0834936026987835e-05 | 1
 29,  9 |   3.7502810809318917e-05 |   3.7502810809318917e-05 | 1
 29, 10 |   1.1159646457926687e-04 |   1.1159646457926687e-04 | 1
 29, 11 |   6.0932940079014544e-05 |   6.0932940079014544e-05 | 1
 29, 12 |   4.7931664745525239e-05 |   4.7931664745525239e-05 | 1
 29, 13 |   9.4530254318476547e-05 |   9.4530254318476547e-05 | 1
 29, 14 |   8.4233449510286813e-05 |   8.4233449510286813e-05 | 1
 29, 15 |   4.9396328008557424e-04 |   4.9396328008557424e-04 | 1
 29, 16 |   4.7900568697165503e-05 |   4.7900568697165503e-05 | 1
 29, 17 |   5.8630027018209995e-05 |   5.8630027018209995e-05 | 1
 29, 18 |   4.8639025106192332e-05 |   4.8639025106192332e-05 | 1
 29, 19 |   1.0538777661091658e-04 |   1.0538777661091658e-04 | 1
 29, 20 |   6.7046594909584697e-05 |   6.7046594909584697e-05 | 1
 29, 21 |   2.3579869074803753e-05 |   2.3579869074803753e-05 | 1
 29, 22 |   4.0136692768373906e-05 |   4.0136692768373906e-05 | 1
 29, 23 |   2.4706569427936241e-05 |   2.4706569427936241e-05 | 1
 29, 24 |   7.0123647923054814e-05 |   7.0123647923054814e-05 | 1
 29, 25 |   5.9977654843383104e-05 |   5.9977654843383104e-05 | 1
 29, 26 |   6.3214720329862132e-05 |   6.3214720329862132e-05 | 1
 29, 27 |  -3.0303513365353914e-05 |  -3.0303513365353914e-05 | 1
 29, 28 |   6.3009006766913519e-05 |   6.3009006766913519e-05 | 1
 29, 29 |   1.1456597890717856e-02 |   1.1456597890717856e-02 | 1
 29, 30 |   5.5676256702788543e-05 |   5.5676256702788543e-05 | 1
 29, 31 |   4.7442529096052355e-05 |   4.7442529096052355e-05 | 1
 29, 32 |  -7.6744402722819430e-05 |  -7.6744402722819430e-05 | 1
 29, 33 |   1.4597688389069336e-04 |   1.4597688389069336e-04 | 1
 29, 34 |   7.0363338505526280e-05 |   7.0363338505526280e-05 | 1
 29, 35 |  -4.7187219378701221e-05 |  -4.7187219378701221e-05 | 1
 29, 36 |  -5.6407484449197694e-05 |  -5.6407484449197694e-05 | 1
 29, 37 |  -6.1922871228204361e-05 |  -6.1922871228204361e-05 | 1
 29, 38 |  -6.3864604641407360e-05 |  -6.3864604641407360e-05 | 1
 29, 39 |   5.5580819517442900e-05 |   5.5580819517442900e-05 | 1
 29, 40 |   7.7538909586751583e-05 |   7.7538909586751583e-05 | 1
 30,  1 |   4.3573137119854856e-05 |   4.3573137119854856e-05 | 1
 30,  2 |   3.8238330717360617e-05 |   3.8238330717360617e-05 | 1
 30,  3 |   3.2770886125720618e-05 |   3.2770886125720618e-05 | 1
 30,  4 |   2.5925292766180222e-05 |   2.5925292766180222e-05 | 1
 30,  5 |  -6.6951512654723848e-06 |  -6.6951512654723848e-06 | 1
 30,  6 |   5.5339485252005482e-05 |   5.5339485252005482e-05 | 1
 30,  7 |   3.4909564169351394e-05 |   3.4909564169351394e-05 | 1
 30,  8 |   3.2883640397093837e-05 |   3.2883640397093837e-05 | 1
 30,  9 |   4.3037676712311975e-05 |   4.3037676712311975e-05 | 1
 30, 10 |   5.3122899390695326e-05 |   5.3122899390695326e-05 | 1
 30, 11 |   6.6236352878248103e-04 |   6.6236352878248103e-04 | 1
 30, 12 |   8.6695367080463258e-05 |   8.6695367080463258e-05 | 1
 30, 13 |  -6.8934028457895722e-05 |  -6.8934028457895722e-05 | 1
 30, 14 |  -3.4043678115888107e-05 |  -3.4043678115888107e-05 | 1
 30, 15 |   7.1906420949421760e-04 |   7.1906420949421760e-04 | 1
 30, 16 |   5.5618188636397540e-05 |   5.5618188636397540e-05 | 1
 30, 17 |   5.2580428215376245e-05 |   5.2580428215376245e-05 | 1
 30, 18 |   4.2034443362379292e-05 |   4.2034443362379292e-05 | 1
 30, 19 |  -1.4083235538728520e-05 |  -1.4083235538728520e-05 | 1
 30, 20 |   6.8566722101572175e-05 |   6.8566722101572175e-05 | 1
 30, 21 |   1.1668877626697303e-04 |   1.1668877626697303e-04 | 1
 30, 22 |   1.8024983695847817e-04 |   1.8024983695847817e-04 | 1
 30, 23 |   4.2656611756536738e-05 |   4.2656611756536738e-05 | 1
 30, 24 |   1.3532462252556905e-04 |   1.3532462252556905e-04 | 1
 30, 25 |   7.4119333871421598e-05 |   7.4119333871421598e-05 | 1
 30, 26 |   6.8934198129127323e-05 |   6.8934198129127323e-05 | 1
 30, 27 |   1.0544717410278827e-03 |   1.0544717410278827e-03 | 1
 30, 28 |   1.9945456093461690e-04 |   1.9945456093461690e-04 | 1
 30, 29 |   5.5676256702788543e-05 |   5.5676256702788543e-05 | 1
 30, 30 |   1.0085592611598687e-02 |   1.0085592611598687e-02 | 1
 30, 31 |   2.5423910471753289e-04 |   2.5423910471753289e-04 | 1
 30, 32 |   5.6567320263680283e-05 |   5.6567320263680283e-05 | 1
 30, 33 |  -9.0313556825291034e-04 |  -9.0313556825291034e-04 | 1
 30, 34 |   4.9757486426642262e-04 |   4.9757486426642262e-04 | 1
 30, 35 |  -4.7943121163765990e-05 |  -4.7943121163765990e-05 | 1
 30, 36 |  -5.2222711917794534e-05 |  -5.2222711917794534e-05 | 1
 30, 37 |  -6.5143989018466729e-05 |  -6.5143989018466729e-05 | 1
 30, 38 |  -5.8484225168486305e-05 |  -5.8484225168486305e-05 | 1
 30, 39 |   5.5164473161485689e-05 |   5.5164473161485689e-05 | 1
 30, 40 |  -5.6376453942852001e-05 |  -5.6376453942852001e-05 | 1
 31,  1 |   3.8965247182112930e-05 |   3.8965247182112930e-05 | 1
 31,  2 |   2.9384600443684968e-05 |   2.9384600443684968e-05 | 1
 31,  3 |   2.9086469285370111e-05 |   2.9086469285370111e-05 | 1
 31,  4 |   1.2362241441505489e-05 |   1.2362241441505489e-05 | 1
 31,  5 |  -4.8406274970590009e-05 |  -4.8406274970590009e-05 | 1
 31,  6 |   6.2539303385786185e-05 |   6.2539303385786185e-05 | 1
 31,  7 |   3.5459393745964009e-05 |   3.5459393745964009e-05 | 1
 31,  8 |   3.0929910404895095e-05 |   3.0929910404895095e-05 | 1
 31,  9 |   3.9794856219283766e-05 |   3.9794856219283766e-05 | 1
 31, 10 |   5.9881443386510549e-05 |   5.9881443386510549e-05 | 1
 31, 11 |   1.0312934777374190e-03 |   1.0312934777374190e-03 | 1
 31, 12 |   1.2266401046818473e-04 |   1.2266401046818473e-04 | 1
 31, 13 |  -1.5386370472033923e-04 |  -1.5386370472033923e-04 | 1
 31, 14 |  -1.0207898210760078e-04 |  -1.0207898210760078e-04 | 1
 31, 15 |   9.6909234921962605e-04 |   9.6909234921962605e-04 | 1
 31, 16 |   7.2557869216375583e-05 |   7.2557869216375583e-05 | 1
 31, 17 |   4.4365176713587963e-05 |   4.4365176713587963e-05 | 1
 31, 18 |   1.7186572339570910e-05 |   1.7186572339570910e-05 | 1
 31, 19 |  -6.9782850442851670e-05 |  -6.9782850442851670e-05 | 1
 31, 20 |   6.8887025721984865e-05 |   6.8887025721984865e-05 | 1
 31, 21 |   1.4142486445432103e-04 |   1.4142486445432103e-04 | 1
 31, 22 |   2.6672850727194075e-04 |   2.6672850727194075e-04 | 1
 31, 23 |   4.3626157703777417e-05 |   4.3626157703777417e-05 | 1
 31, 24 |   1.8065959504005624e-04 |   1.8065959504005624e-04 | 1
 31, 25 |   8.7326128919175747e-05 |   8.7326128919175747e-05 | 1
 31, 26 |   5.4346942658263701e-05 |   5.4346942658263701e-05 | 1
 31, 27 |   1.7047345778598798e-03 |   1.7047345778598798e-03 | 1
 31, 28 |   2.8982538665165607e-04 |   2.8982538665165607e-04 | 1
 31, 29 |   4.7442529096052355e-05 |   4.7442529096052355e-05 | 1
 31, 30 |   2.5423910471753289e-04 |   2.5423910471753289e-04 | 1
 31, 31 |   2.1903123801328393e-02 |   2.1903123801328393e-02 | 1
 31, 32 |   1.0001770769250115e-04 |   1.0001770769250115e-04 | 1
 31, 33 |  -1.4990490346302840e-03 |  -1.4990490346302840e-03 | 1
 31, 34 |   7.8370289895462596e-04 |   7.8370289895462596e-04 | 1
 31, 35 |  -3.5287480870482786e-05 |  -3.5287480870482786e-05 | 1
 31, 36 |  -4.8405600635576792e-05 |  -4.8405600635576792e-05 | 1
 31, 37 |  -4.9431802804537876e-05 |  -4.9431802804537876e-05 | 1
 31, 38 |  -6.4688162679221956e-05 |  -6.4688162679221956e-05 | 1
 31, 39 |   4.7660630243308931e-05 |   4.7660630243308931e-05 | 1
 31, 40 |  -9.8204908017715471e-05 |  -9.8204908017715471e-05 | 1
 32,  1 |   1.3044553402560897e-05 |   1.3044553402560897e-05 | 1
 32,  2 |  -3.6425392223267286e-04 |  -3.6425392223267286e-04 | 1
 32,  3 |   1.2430586864539811e-05 |   1.2430586864539811e-05 | 1
 32,  4 |  -4.7438492821058588e-05 |  -4.7438492821058588e-05 | 1
 32,  5 |   1.4468257813271372e-04 |   1.4468257813271372e-04 | 1
 32,  6 |   9.2729720633300374e-05 |   9.2729720633300374e-05 | 1
 32,  7 |  -4.6924542384494265e-05 |  -4.6924542384494265e-05 | 1
 32,  8 |  -4.0604333628368712e-05 |  -4.0604333628368712e-05 | 1
 32,  9 |   2.5415621351877570e-05 |   2.5415621351877570e-05 | 1
 32, 10 |  -2.5661266361086133e-04 |  -2.5661266361086133e-04 | 1
 32, 11 |   2.7598083676047449e-04 |   2.7598083676047449e-04 | 1
 32, 12 |  -2.0829300835858991e-05 |  -2.0829300835858991e-05 | 1
 32, 13 |  -1.9599602974095063e-04 |  -1.9599602974095063e-04 | 1
 32, 14 |  -1.6538999258314881e-04 |  -1.6538999258314881e-04 | 1
 32, 15 |  -9.5742446527645030e-04 |  -9.5742446527645030e-04 | 1
 32, 16 |  -7.9615845053006198e-05 |  -7.9615845053006198e-05 | 1
 32, 17 |   2.0546925609833977e-06 |   2.0546925609833977e-06 | 1
 32, 18 |   4.7550749705499914e-05 |   4.7550749705499914e-05 | 1
 32, 19 |  -2.2544174163504358e-04 |  -2.2544174163504358e-04 | 1
 32, 20 |  -1.3572366436838426e-05 |  -1.3572366436838426e-05 | 1
 32, 21 |   1.8676583315270083e-04 |   1.8676583315270083e-04 | 1
 32, 22 |   6.3903214789518489e-05 |   6.3903214789518489e-05 | 1
 32, 23 |   8.0884462606093332e-05 |   8.0884462606093332e-05 | 1
 32, 24 |  -2.5200901182907109e-05 |  -2.5200901182907109e-05 | 1
 32, 25 |  -2.6918471148802788e-05 |  -2.6918471148802788e-05 | 1
 32, 26 |   5.2341781568021747e-05 |   5.2341781568021747e-05 | 1
 32, 27 |   7.0666438588066149e-04 |   7.0666438588066149e-04 | 1
 32, 28 |   4.4698855443069013e-05 |   4.4698855443069013e-05 | 1
 32, 29 |  -7.6744402722819430e-05 |  -7.6744402722819430e-05 | 1
 32, 30 |   5.6567320263680283e-05 |   5.6567320263680283e-05 | 1
 32, 31 |   1.0001770769250115e-04 |   1.0001770769250115e-04 | 1
 32, 32 |   4.3094038024500344e-04 |   4.3094038024500344e-04 | 1
 32, 33 |  -9.5248670617510559e-04 |  -9.5248670617510559e-04 | 1
 32, 34 |   1.2074616748188356e-04 |   1.2074616748188356e-04 | 1
 32, 35 |  -9.3425133976975724e-06 |  -9.3425133976975724e-06 | 1
 32, 36 |  -1.4689108714313604e-05 |  -1.4689108714313604e-05 | 1
 32, 37 |  -1.8443538137001858e-05 |  -1.8443538137001858e-05 | 1
 32, 38 |  -2.3107850856366464e-05 |  -2.3107850856366464e-05 | 1
 32, 39 |   1.6100437025628880e-05 |   1.6100437025628880e-05 | 1
 32, 40 |  -4.2996677816062870e-04 |  -4.2996677816062870e-04 | 1
 33,  1 |  -2.8575116927744851e-05 |  -2.8575116927744851e-05 | 1
 33,  2 |   5.1623058988199217e-06 |   5.1623058988199217e-06 | 1
 33,  3 |  -1.3734042338306220e-05 |  -1.3734042338306220e-05 | 1
 33,  4 |   1.5322671367007921e-04 |   1.5322671367007921e-04 | 1
 33,  5 |   8.0263443207918947e-05 |   8.0263443207918947e-05 | 1
 33,  6 |  -3.1433840393498875e-04 |  -3.1433840393498875e-04 | 1
 33,  7 |   5.5998786303195530e-05 |   5.5998786303195530e-05 | 1
 33,  8 |   3.5469957327751057e-05 |   3.5469957327751057e-05 | 1
 33,  9 |  -7.0343083855077667e-05 |  -7.0343083855077667e-05 | 1
 33, 10 |   3.6016827158664804e-04 |   3.6016827158664804e-04 | 1
 33, 11 |  -4.1875694269649447e-03 |  -4.1875694269649447e-03 | 1
 33, 12 |  -3.1398034359381198e-04 |  -3.1398034359381198e-04 | 1
 33, 13 |   1.1097513055680830e-03 |   1.1097513055680830e-03 | 1
 33, 14 |   8.3141990879164666e-04 |   8.3141990879164666e-04 | 1
 33, 15 |  -1.4464928493388527e-03 |  -1.4464928493388527e-03 | 1
 33, 16 |  -5.8990406835980509e-05 |  -5.8990406835980509e-05 | 1
 33, 17 |   2.5873434149806134e-06 |   2.5873434149806134e-06 | 1
 33, 18 |   1.4521899513297336e-05 |   1.4521899513297336e-05 | 1
 33, 19 |   8.2735972124099960e-04 |   8.2735972124099960e-04 | 1
 33, 20 |  -5.3287226642504474e-05 |  -5.3287226642504474e-05 | 1
 33, 21 |  -6.8042728615033037e-04 |  -6.8042728615033037e-04 | 1
 33, 22 |  -1.0142738121654065e-03 |  -1.0142738121654065e-03 | 1
 33, 23 |  -1.8770203545641877e-04 |  -1.8770203545641877e-04 | 1
 33, 24 |  -4.7995334250019360e-04 |  -4.7995334250019360e-04 | 1
 33, 25 |  -1.3636976923826354e-04 |  -1.3636976923826354e-04 | 1
 33, 26 |  -7.2742708160937526e-05 |  -7.2742708160937526e-05 | 1
 33, 27 |  -7.5463367720531947e-03 |  -7.5463367720531947e-03 | 1
 33, 28 |  -9.9542469998245261e-04 |  -9.9542469998245261e-04 | 1
 33, 29 |   1.4597688389069336e-04 |   1.4597688389069336e-04 | 1
 33, 30 |  -9.0313556825291034e-04 |  -9.0313556825291034e-04 | 1
 33, 31 |  -1.4990490346302840e-03 |  -1.4990490346302840e-03 | 1
 33, 32 |  -9.5248670617510559e-04 |  -9.5248670617510559e-04 | 1
 33, 33 |   7.3337801977235613e-03 |   7.3337801977235613e-03 | 1
 33, 34 |  -2.9997214640638181e-03 |  -2.9997214640638181e-03 | 1
 33, 35 |   2.9062987345015205e-05 |   2.9062987345015205e-05 | 1
 33, 36 |   3.5788433665447123e-05 |   3.5788433665447123e-05 | 1
 33, 37 |   3.3058105361038071e-05 |   3.3058105361038071e-05 | 1
 33, 38 |   4.6568751111767691e-05 |   4.6568751111767691e-05 | 1
 33, 39 |  -3.4448313752343746e-05 |  -3.4448313752343746e-05 | 1
 33, 40 |   9.5122540461274304e-04 |   9.5122540461274304e-04 | 1
 34,  1 |   3.9325550181295657e-05 |   3.9325550181295657e-05 | 1
 34,  2 |   3.1942019020761420e-05 |   3.1942019020761420e-05 | 1
 34,  3 |   2.5461075359444310e-05 |   2.5461075359444310e-05 | 1
 34,  4 |   1.0293502177505201e-05 |   1.0293502177505201e-05 | 1
 34,  5 |  -2.0197325241867790e-04 |  -2.0197325241867790e-04 | 1
 34,  6 |   8.5226926994804106e-05 |   8.5226926994804106e-05 | 1
 34,  7 |   6.2151637071499485e-05 |   6.2151637071499485e-05 | 1
 34,  8 |   6.0682559019759465e-05 |   6.0682559019759465e-05 | 1
 34,  9 |   4.1121985356950569e-05 |   4.1121985356950569e-05 | 1
 34, 10 |   1.7794085083912197e-04 |   1.7794085083912197e-04 | 1
 34, 11 |   2.1379423423531340e-03 |   2.1379423423531340e-03 | 1
 34, 12 |   2.4256313708830073e-04 |   2.4256313708830073e-04 | 1
 34, 13 |  -3.3442793521222753e-04 |  -3.3442793521222753e-04 | 1
 34, 14 |  -2.1844026753887615e-04 |  -2.1844026753887615e-04 | 1
 34, 15 |   2.3263523857886236e-03 |   2.3263523857886236e-03 | 1
 34, 16 |   1.6385182399453831e-04 |   1.6385182399453831e-04 | 1
 34, 17 |   4.4920169741262946e-05 |   4.4920169741262946e-05 | 1
 34, 18 |  -2.1218570588307826e-05 |  -2.1218570588307826e-05 | 1
 34, 19 |  -1.3060627503775994e-04 |  -1.3060627503775994e-04 | 1
 34, 20 |   1.0392763703938475e-04 |   1.0392763703938475e-04 | 1
 34, 21 |   1.9831831769912377e-04 |   1.9831831769912377e-04 | 1
 34, 22 |   5.4222183441767825e-04 |   5.4222183441767825e-04 | 1
 34, 23 |   3.9485295100491941e-05 |   3.9485295100491941e-05 | 1
 34, 24 |   3.6400149718637950e-04 |   3.6400149718637950e-04 | 1
 34, 25 |   1.5725468394226194e-04 |   1.5725468394226194e-04 | 1
 34, 26 |   3.3897534110479224e-05 |   3.3897534110479224e-05 | 1
 34, 27 |   3.4972488616180708e-03 |   3.4972488616180708e-03 | 1
 34, 28 |   5.7137451688209955e-04 |   5.7137451688209955e-04 | 1
 34, 29 |   7.0363338505526280e-05 |   7.0363338505526280e-05 | 1
 34, 30 |   4.9757486426642262e-04 |   4.9757486426642262e-04 | 1
 34, 31 |   7.8370289895462596e-04 |   7.8370289895462596e-04 | 1
 34, 32 |   1.2074616748188356e-04 |   1.2074616748188356e-04 | 1
 34, 33 |  -2.9997214640638181e-03 |  -2.9997214640638181e-03 | 1
 34, 34 |   2.3862671289994353e-03 |   2.3862671289994353e-03 | 1
 34, 35 |  -5.0039472678795817e-05 |  -5.0039472678795817e-05 | 1
 34, 36 |  -5.0394090833924887e-05 |  -5.0394090833924887e-05 | 1
 34, 37 |  -4.6916209904218521e-05 |  -4.6916209904218521e-05 | 1
 34, 38 |  -5.3580639179537124e-05 |  -5.3580639179537124e-05 | 1
 34, 39 |   4.7692416694226247e-05 |   4.7692416694226247e-05 | 1
 34, 40 |  -1.2076760206685354e-04 |  -1.2076760206685354e-04 | 1
 35,  1 |  -4.5391291353426045e-05 |  -4.5391291353426045e-05 | 1
 35,  2 |  -4.2324699320696556e-05 |  -4.2324699320696556e-05 | 1
 35,  3 |  -3.9863345118806032e-05 |  -3.9863345118806032e-05 | 1
 35,  4 |  -4.0930054432095851e-05 |  -4.0930054432095851e-05 | 1
 35,  5 |  -5.9954197900404745e-05 |  -5.9954197900404745e-05 | 1
 35,  6 |  -4.0147256972177322e-05 |  -4.0147256972177322e-05 | 1
 35,  7 |  -2.7019956983871447e-05 |  -2.7019956983871447e-05 | 1
 35,  8 |  -3.1434189710987490e-05 |  -3.1434189710987490e-05 | 1
 35,  9 |  -3.4784867796076735e-05 |  -3.4784867796076735e-05 | 1
 35, 10 |  -3.2414954147323493e-05 |  -3.2414954147323493e-05 | 1
 35, 11 |  -7.8501517420314927e-05 |  -7.8501517420314927e-05 | 1
 35, 12 |  -2.7878938752985624e-05 |  -2.7878938752985624e-05 | 1
 35, 13 |  -4.5791956576233964e-05 |  -4.5791956576233964e-05 | 1
 35, 14 |  -4.0622275634432852e-05 |  -4.0622275634432852e-05 | 1
 35, 15 |  -1.7614982654762078e-04 |  -1.7614982654762078e-04 | 1
 35, 16 |  -1.7680076120264063e-05 |  -1.7680076120264063e-05 | 1
 35, 17 |  -5.1940451505603624e-05 |  -5.1940451505603624e-05 | 1
 35, 18 |  -6.3441101707297916e-05 |  -6.3441101707297916e-05 | 1
 35, 19 |  -4.4216702230214053e-05 |  -4.4216702230214053e-05 | 1
 35, 20 |  -6.7371136032425629e-05 |  -6.7371136032425629e-05 | 1
 35, 21 |  -6.7315716514647041e-05 |  -6.7315716514647041e-05 | 1
 35, 22 |  -4.7126390539603202e-05 |  -4.7126390539603202e-05 | 1
 35, 23 |  -5.8406981231761624e-05 |  -5.8406981231761624e-05 | 1
 35, 24 |  -6.0326909901794472e-05 |  -6.0326909901794472e-05 | 1
 35, 25 |  -3.8008097615417180e-05 |  -3.8008097615417180e-05 | 1
 35, 26 |  -7.3814646408556898e-05 |  -7.3814646408556898e-05 | 1
 35, 27 |  -6.4207238532348323e-05 |  -6.4207238532348323e-05 | 1
 35, 28 |  -4.9907012458844457e-05 |  -4.9907012458844457e-05 | 1
 35, 29 |  -4.7187219378701221e-05 |  -4.7187219378701221e-05 | 1
 35, 30 |  -4.7943121163765990e-05 |  -4.7943121163765990e-05 | 1
 35, 31 |  -3.5287480870482786e-05 |  -3.5287480870482786e-05 | 1
 35, 32 |  -9.3425133976975724e-06 |  -9.3425133976975724e-06 | 1
 35, 33 |   2.9062987345015205e-05 |   2.9062987345015205e-05 | 1
 35, 34 |  -5.0039472678795817e-05 |  -5.0039472678795817e-05 | 1
 35, 35 |   6.9195103802712307e-05 |   6.9195103802712307e-05 | 1
 35, 36 |   5.5087811289692459e-05 |   5.5087811289692459e-05 | 1
 35, 37 |   5.3917850731628975e-05 |   5.3917850731628975e-05 | 1
 35, 38 |   5.4102649606813706e-05 |   5.4102649606813706e-05 | 1
 35, 39 |  -5.4434050523309455e-05 |  -5.4434050523309455e-05 | 1
 35, 40 |   1.0271950839619226e-05 |   1.0271950839619226e-05 | 1
 36,  1 |  -4.9055510662088615e-05 |  -4.9055510662088615e-05 | 1
 36,  2 |  -4.5811611990551401e-05 |  -4.5811611990551401e-05 | 1
 36,  3 |  -4.1936015888980384e-05 |  -4.1936015888980384e-05 | 1
 36,  4 |  -4.2203630930219977e-05 |  -4.2203630930219977e-05 | 1
 36,  5 |  -4.5927076750697766e-05 |  -4.5927076750697766e-05 | 1
 36,  6 |  -3.1041032900198682e-05 |  -3.1041032900198682e-05 | 1
 36,  7 |  -3.6054598980593753e-05 |  -3.6054598980593753e-05 | 1
 36,  8 |  -2.5896343820596265e-05 |  -2.5896343820596265e-05 | 1
 36,  9 |  -4.2891181576164606e-05 |  -4.2891181576164606e-05 | 1
 36, 10 |  -2.1247308129780956e-05 |  -2.1247308129780956e-05 | 1
 36, 11 |  -6.9706913186007850e-05 |  -6.9706913186007850e-05 | 1
 36, 12 |  -3.4442503672307820e-05 |  -3.4442503672307820e-05 | 1
 36, 13 |  -4.7120489149711143e-05 |  -4.7120489149711143e-05 | 1
 36, 14 |  -4.5621150926922831e-05 |  -4.5621150926922831e-05 | 1
 36, 15 |  -1.5734761620207440e-04 |  -1.5734761620207440e-04 | 1
 36, 16 |  -1.8891227832362777e-05 |  -1.8891227832362777e-05 | 1
 36, 17 |  -5.9704901515642963e-05 |  -5.9704901515642963e-05 | 1
 36, 18 |  -7.1878472916961890e-05 |  -7.1878472916961890e-05 | 1
 36, 19 |  -4.3686510512049939e-05 |  -4.3686510512049939e-05 | 1
 36, 20 |  -6.6975376782937737e-05 |  -6.6975376782937737e-05 | 1
 36, 21 |  -6.5768538585575834e-05 |  -6.5768538585575834e-05 | 1
 36, 22 |  -3.7905137071674104e-05 |  -3.7905137071674104e-05 | 1
 36, 23 |  -4.4922285036173336e-05 |  -4.4922285036173336e-05 | 1
 36, 24 |  -4.9046406778780809e-05 |  -4.9046406778780809e-05 | 1
 36, 25 |  -4.5394449365895723e-05 |  -4.5394449365895723e-05 | 1
 36, 26 |  -8.1949180760209695e-05 |  -8.1949180760209695e-05 | 1
 36, 27 |  -5.7376224780118144e-05 |  -5.7376224780118144e-05 | 1
 36, 28 |  -6.4481048748671463e-05 |  -6.4481048748671463e-05 | 1
 36, 29 |  -5.6407484449197694e-05 |  -5.6407484449197694e-05 | 1
 36, 30 |  -5.2222711917794534e-05 |  -5.2222711917794534e-05 | 1
 36, 31 |  -4.8405600635576792e-05 |  -4.8405600635576792e-05 | 1
 36, 32 |  -1.4689108714313604e-05 |  -1.4689108714313604e-05 | 1
 36, 33 |   3.5788433665447123e-05 |   3.5788433665447123e-05 | 1
 36, 34 |  -5.0394090833924887e-05 |  -5.0394090833924887e-05 | 1
 36, 35 |   5.5087811289692459e-05 |   5.5087811289692459e-05 | 1
 36, 36 |   7.3961835478453868e-05 |   7.3961835478453868e-05 | 1
 36, 37 |   6.1684604660344880e-05 |   6.1684604660344880e-05 | 1
 36, 38 |   6.1735154089685880e-05 |   6.1735154089685880e-05 | 1
 36, 39 |  -6.1194607392604634e-05 |  -6.1194607392604634e-05 | 1
 36, 40 |   1.5629236165165324e-05 |   1.5629236165165324e-05 | 1
 37,  1 |  -5.2102245818365321e-05 |  -5.2102245818365321e-05 | 1
 37,  2 |  -4.7333516111270457e-05 |  -4.7333516111270457e-05 | 1
 37,  3 |  -4.1972639085158868e-05 |  -4.1972639085158868e-05 | 1
 37,  4 |  -4.0284950660911560e-05 |  -4.0284950660911560e-05 | 1
 37,  5 |  -7.0332642769649887e-05 |  -7.0332642769649887e-05 | 1
 37,  6 |  -4.3899060106212035e-05 |  -4.3899060106212035e-05 | 1
 37,  7 |  -3.2515789588231017e-05 |  -3.2515789588231017e-05 | 1
 37,  8 |  -2.8199342614044762e-05 |  -2.8199342614044762e-05 | 1
 37,  9 |  -5.0410270908149077e-05 |  -5.0410270908149077e-05 | 1
 37, 10 |  -2.2717243131216511e-05 |  -2.2717243131216511e-05 | 1
 37, 11 |  -7.4822859985346197e-05 |  -7.4822859985346197e-05 | 1
 37, 12 |  -3.1591094351929105e-05 |  -3.1591094351929105e-05 | 1
 37, 13 |  -5.1614273127018700e-05 |  -5.1614273127018700e-05 | 1
 37, 14 |  -5.1852253141589475e-05 |  -5.1852253141589475e-05 | 1
 37, 15 |  -1.4152980201478525e-04 |  -1.4152980201478525e-04 | 1
 37, 16 |  -1.9399858745878449e-05 |  -1.9399858745878449e-05 | 1
 37, 17 |  -6.4506115611365948e-05 |  -6.4506115611365948e-05 | 1
 37, 18 |  -7.5057097979159464e-05 |  -7.5057097979159464e-05 | 1
 37, 19 |  -4.8723112037315705e-05 |  -4.8723112037315705e-05 | 1
 37, 20 |  -6.3289657780969067e-05 |  -6.3289657780969067e-05 | 1
 37, 21 |  -8.6950158088020565e-05 |  -8.6950158088020565e-05 | 1
 37, 22 |  -4.2347221138039039e-05 |  -4.2347221138039039e-05 | 1
 37, 23 |  -4.9898842404991279e-05 |  -4.9898842404991279e-05 | 1
 37, 24 |  -5.3290642460857951e-05 |  -5.3290642460857951e-05 | 1
 37, 25 |  -5.0669018661872353e-05 |  -5.0669018661872353e-05 | 1
 37, 26 |  -9.0842711442545089e-05 |  -9.0842711442545089e-05 | 1
 37, 27 |  -5.9093865580448420e-05 |  -5.9093865580448420e-05 | 1
 37, 28 |  -5.8758183869634154e-05 |  -5.8758183869634154e-05 | 1
 37, 29 |  -6.1922871228204361e-05 |  -6.1922871228204361e-05 | 1
 37, 30 |  -6.5143989018466729e-05 |  -6.5143989018466729e-05 | 1
 37, 31 |  -4.9431802804537876e-05 |  -4.9431802804537876e-05 | 1
 37, 32 |  -1.8443538137001858e-05 |  -1.8443538137001858e-05 | 1
 37, 33 |   3.3058105361038071e-05 |   3.3058105361038071e-05 | 1
 37, 34 |  -4.6916209904218521e-05 |  -4.6916209904218521e-05 | 1
 37, 35 |   5.3917850731628975e-05 |   5.3917850731628975e-05 | 1
 37, 36 |   6.1684604660344880e-05 |   6.1684604660344880e-05 | 1
 37, 37 |   8.1234236604696978e-05 |   8.1234236604696978e-05 | 1
 37, 38 |   7.0446686055218843e-05 |   7.0446686055218843e-05 | 1
 37, 39 |  -6.6238589197461638e-05 |  -6.6238589197461638e-05 | 1
 37, 40 |   1.8070460171781920e-05 |   1.8070460171781920e-05 | 1
 38,  1 |  -5.5911734265109022e-05 |  -5.5911734265109022e-05 | 1
 38,  2 |  -4.5552723546776001e-05 |  -4.5552723546776001e-05 | 1
 38,  3 |  -4.8784626988239369e-05 |  -4.8784626988239369e-05 | 1
 38,  4 |  -4.1009553132855694e-05 |  -4.1009553132855694e-05 | 1
 38,  5 |  -7.6513750472580270e-05 |  -7.6513750472580270e-05 | 1
 38,  6 |  -4.4088065349997700e-05 |  -4.4088065349997700e-05 | 1
 38,  7 |  -4.1406207581508179e-05 |  -4.1406207581508179e-05 | 1
 38,  8 |  -3.1079972345475964e-05 |  -3.1079972345475964e-05 | 1
 38,  9 |  -4.9198373134812218e-05 |  -4.9198373134812218e-05 | 1
 38, 10 |  -3.6912363509557316e-05 |  -3.6912363509557316e-05 | 1
 38, 11 |  -7.1376812921811899e-05 |  -7.1376812921811899e-05 | 1
 38, 12 |  -3.9638443090205791e-05 |  -3.9638443090205791e-05 | 1
 38, 13 |  -5.5023988045039792e-05 |  -5.5023988045039792e-05 | 1
 38, 14 |  -4.2214688263872320e-05 |  -4.2214688263872320e-05 | 1
 38, 15 |  -6.7541447362337370e-05 |  -6.7541447362337370e-05 | 1
 38, 16 |  -1.8814656721293116e-05 |  -1.8814656721293116e-05 | 1
 38, 17 |  -6.7019012390308523e-05 |  -6.7019012390308523e-05 | 1
 38, 18 |  -6.7752967946908292e-05 |  -6.7752967946908292e-05 | 1
 38, 19 |  -4.1268996282407354e-05 |  -4.1268996282407354e-05 | 1
 38, 20 |  -6.6188847989975396e-05 |  -6.6188847989975396e-05 | 1
 38, 21 |  -9.0692949087183591e-05 |  -9.0692949087183591e-05 | 1
 38, 22 |  -4.4736479701711858e-05 |  -4.4736479701711858e-05 | 1
 38, 23 |  -6.3390870147512043e-05 |  -6.3390870147512043e-05 | 1
 38, 24 |  -5.7053797909563370e-05 |  -5.7053797909563370e-05 | 1
 38, 25 |  -5.3534545435438683e-05 |  -5.3534545435438683e-05 | 1
 38, 26 |  -8.1899569876395608e-05 |  -8.1899569876395608e-05 | 1
 38, 27 |  -6.6550570743630828e-05 |  -6.6550570743630828e-05 | 1
 38, 28 |  -6.1362661507634070e-05 |  -6.1362661507634070e-05 | 1
 38, 29 |  -6.3864604641407360e-05 |  -6.3864604641407360e-05 | 1
 38, 30 |  -5.8484225168486305e-05 |  -5.8484225168486305e-05 | 1
 38, 31 |  -6.4688162679221956e-05 |  -6.4688162679221956e-05 | 1
 38, 32 |  -2.3107850856366464e-05 |  -2.3107850856366464e-05 | 1
 38, 33 |   4.6568751111767691e-05 |   4.6568751111767691e-05 | 1
 38, 34 |  -5.3580639179537124e-05 |  -5.3580639179537124e-05 | 1
 38, 35 |   5.4102649606813706e-05 |   5.4102649606813706e-05 | 1
 38, 36 |   6.1735154089685880e-05 |   6.1735154089685880e-05 | 1
 38, 37 |   7.0446686055218843e-05 |   7.0446686055218843e-05 | 1
 38, 38 |   9.4606740704449878e-05 |   9.4606740704449878e-05 | 1
 38, 39 |  -6.6974692307283630e-05 |  -6.6974692307283630e-05 | 1
 38, 40 |   1.9917886138294754e-05 |   1.9917886138294754e-05 | 1
 39,  1 |   4.8744398070688709e-05 |   4.8744398070688709e-05 | 1
 39,  2 |   4.3813308249159307e-05 |   4.3813308249159307e-05 | 1
 39,  3 |   4.1178049506796928e-05 |   4.1178049506796928e-05 | 1
 39,  4 |   3.9327462162862022e-05 |   3.9327462162862022e-05 | 1
 39,  5 |   6.0088979063830163e-05 |   6.0088979063830163e-05 | 1
 39,  6 |   3.8161748454039999e-05 |   3.8161748454039999e-05 | 1
 39,  7 |   3.2958827174850688e-05 |   3.2958827174850688e-05 | 1
 39,  8 |   2.7454446851738979e-05 |   2.7454446851738979e-05 | 1
 39,  9 |   4.3563390559081308e-05 |   4.3563390559081308e-05 | 1
 39, 10 |   2.6198210926750094e-05 |   2.6198210926750094e-05 | 1
 39, 11 |   7.0359999219001047e-05 |   7.0359999219001047e-05 | 1
 39, 12 |   3.2000081814357100e-05 |   3.2000081814357100e-05 | 1
 39, 13 |   4.7654411638696289e-05 |   4.7654411638696289e-05 | 1
 39, 14 |   4.3851414571342829e-05 |   4.3851414571342829e-05 | 1
 39, 15 |   1.3019810837595815e-04 |   1.3019810837595815e-04 | 1
 39, 16 |   1.7914256120456784e-05 |   1.7914256120456784e-05 | 1
 39, 17 |   5.8678293351541988e-05 |   5.8678293351541988e-05 | 1
 39, 18 |   6.7562451405436076e-05 |   6.7562451405436076e-05 | 1
 39, 19 |   4.2829460063596695e-05 |   4.2829460063596695e-05 | 1
 39, 20 |   6.2557678645588813e-05 |   6.2557678645588813e-05 | 1
 39, 21 |   7.5194231111025227e-05 |   7.5194231111025227e-05 | 1
 39, 22 |   4.1472813191668766e-05 |   4.1472813191668766e-05 | 1
 39, 23 |   5.1258675929271955e-05 |   5.1258675929271955e-05 | 1
 39, 24 |   5.1579289710282147e-05 |   5.1579289710282147e-05 | 1
 39, 25 |   4.5586188951074371e-05 |   4.5586188951074371e-05 | 1
 39, 26 |   8.0001407592326246e-05 |   8.0001407592326246e-05 | 1
 39, 27 |   5.8505421997621258e-05 |   5.8505421997621258e-05 | 1
 39, 28 |   5.6497167269062606e-05 |   5.6497167269062606e-05 | 1
 39, 29 |   5.5580819517442900e-05 |   5.5580819517442900e-05 | 1
 39, 30 |   5.5164473161485689e-05 |   5.5164473161485689e-05 | 1
 39, 31 |   4.7660630243308931e-05 |   4.7660630243308931e-05 | 1
 39, 32 |   1.6100437025628880e-05 |   1.6100437025628880e-05 | 1
 39, 33 |  -3.4448313752343746e-05 |  -3.4448313752343746e-05 | 1
 39, 34 |   4.7692416694226247e-05 |   4.7692416694226247e-05 | 1
 39, 35 |  -5.4434050523309455e-05 |  -5.4434050523309455e-05 | 1
 39, 36 |  -6.1194607392604634e-05 |  -6.1194607392604634e-05 | 1
 39, 37 |  -6.6238589197461638e-05 |  -6.6238589197461638e-05 | 1
 39, 38 |  -6.6974692307283630e-05 |  -6.6974692307283630e-05 | 1
 39, 39 |   8.2534604535331916e-05 |   8.2534604535331916e-05 | 1
 39, 40 |  -3.6242801472000037e-05 |  -3.6242801472000037e-05 | 1
 40,  1 |  -1.2659211440226861e-05 |  -1.2659211440226861e-05 | 1
 40,  2 |   3.6397512961355871e-04 |   3.6397512961355871e-04 | 1
 40,  3 |  -1.2031318345624537e-05 |  -1.2031318345624537e-05 | 1
 40,  4 |   4.7060884196568447e-05 |   4.7060884196568447e-05 | 1
 40,  5 |  -1.4255368729926290e-04 |  -1.4255368729926290e-04 | 1
 40,  6 |  -9.2634146986078495e-05 |  -9.2634146986078495e-05 | 1
 40,  7 |   4.7533439308408194e-05 |   4.7533439308408194e-05 | 1
 40,  8 |   4.0464412451181997e-05 |   4.0464412451181997e-05 | 1
 40,  9 |  -2.4806971103435342e-05 |  -2.4806971103435342e-05 | 1
 40, 10 |   2.5718155480909937e-04 |   2.5718155480909937e-04 | 1
 40, 11 |  -2.7671712928662980e-04 |  -2.7671712928662980e-04 | 1
 40, 12 |   2.0973046723668524e-05 |   2.0973046723668524e-05 | 1
 40, 13 |   1.9632374533819306e-04 |   1.9632374533819306e-04 | 1
 40, 14 |   1.6513299908264319e-04 |   1.6513299908264319e-04 | 1
 40, 15 |   9.4577300560579861e-04 |   9.4577300560579861e-04 | 1
 40, 16 |   7.9518465473661087e-05 |   7.9518465473661087e-05 | 1
 40, 17 |  -1.5319201596693554e-06 |  -1.5319201596693554e-06 | 1
 40, 18 |  -4.8207010960834827e-05 |  -4.8207010960834827e-05 | 1
 40, 19 |   2.2499573787792117e-04 |   2.2499573787792117e-04 | 1
 40, 20 |   1.2936772142231966e-05 |   1.2936772142231966e-05 | 1
 40, 21 |  -1.8499276780562548e-04 |  -1.8499276780562548e-04 | 1
 40, 22 |  -6.4120031536212013e-05 |  -6.4120031536212013e-05 | 1
 40, 23 |  -7.9745814849499144e-05 |  -7.9745814849499144e-05 | 1
 40, 24 |   2.4898082755144359e-05 |   2.4898082755144359e-05 | 1
 40, 25 |   2.7471339151436625e-05 |   2.7471339151436625e-05 | 1
 40, 26 |  -5.2796836455978972e-05 |  -5.2796836455978972e-05 | 1
 40, 27 |  -7.0655610060116174e-04 |  -7.0655610060116174e-04 | 1
 40, 28 |  -4.4948940476490248e-05 |  -4.4948940476490248e-05 | 1
 40, 29 |   7.7538909586751583e-05 |   7.7538909586751583e-05 | 1
 40, 30 |  -5.6376453942852001e-05 |  -5.6376453942852001e-05 | 1
 40, 31 |  -9.8204908017715471e-05 |  -9.8204908017715471e-05 | 1
 40, 32 |  -4.2996677816062870e-04 |  -4.2996677816062870e-04 | 1
 40, 33 |   9.5122540461274304e-04 |   9.5122540461274304e-04 | 1
 40, 34 |  -1.2076760206685354e-04 |  -1.2076760206685354e-04 | 1
 40, 35 |   1.0271950839619226e-05 |   1.0271950839619226e-05 | 1
 40, 36 |   1.5629236165165324e-05 |   1.5629236165165324e-05 | 1
 40, 37 |   1.8070460171781920e-05 |   1.8070460171781920e-05 | 1
 40, 38 |   1.9917886138294754e-05 |   1.9917886138294754e-05 | 1
 40, 39 |  -3.6242801472000037e-05 |  -3.6242801472000037e-05 | 1
 40, 40 |   4.7856700126086988e-04 |   4.7856700126086988e-04 | 1
