row,col | V_base                   | V_new                    | equal
  1,  1 |   2.6189888615724523e-04 |   2.6189888615724523e-04 | 1
  1,  2 |   4.9459966747147940e-05 |   4.9459966747147940e-05 | 1
  1,  3 |   4.9813003525891864e-05 |   4.9813003525891864e-05 | 1
  1,  4 |   5.3705192816113799e-05 |   5.3705192816113799e-05 | 1
  1,  5 |   4.9567756904772171e-05 |   4.9567756904772171e-05 | 1
  1,  6 |   4.6872321076232992e-05 |   4.6872321076232992e-05 | 1
  1,  7 |   6.2632209281203105e-05 |   6.2632209281203105e-05 | 1
  1,  8 |   4.9713945527556292e-05 |   4.9713945527556292e-05 | 1
  1,  9 |   4.5345587130322449e-05 |   4.5345587130322449e-05 | 1
  1, 10 |   5.3804000901278769e-05 |   5.3804000901278769e-05 | 1
  1, 11 |   4.3387831791897184e-05 |   4.3387831791897184e-05 | 1
  1, 12 |   5.0887749667351148e-05 |   5.0887749667351148e-05 | 1
  1, 13 |   4.5437122044369720e-05 |   4.5437122044369720e-05 | 1
  1, 14 |   6.0035552463080577e-05 |   6.0035552463080577e-05 | 1
  1, 15 |   5.0479202239627106e-05 |   5.0479202239627106e-05 | 1
  1, 16 |   5.5756927297640068e-05 |   5.5756927297640068e-05 | 1
  1, 17 |   2.8015838177149542e-05 |   2.8015838177149542e-05 | 1
  1, 18 |   4.0874772934883498e-05 |   4.0874772934883498e-05 | 1
  1, 19 |   3.2056430094470319e-05 |   3.2056430094470319e-05 | 1
  1, 20 |   3.5675392102538033e-05 |   3.5675392102538033e-05 | 1
  1, 21 |   3.4357714659342626e-05 |   3.4357714659342626e-05 | 1
  1, 22 |   4.7512645456768656e-05 |   4.7512645456768656e-05 | 1
  1, 23 |   3.8237408222840697e-05 |   3.8237408222840697e-05 | 1
  1, 24 |   4.2451157304732903e-05 |   4.2451157304732903e-05 | 1
  1, 25 |   3.4901475130867630e-05 |   3.4901475130867630e-05 | 1
  1, 26 |   4.3149936868860854e-05 |   4.3149936868860854e-05 | 1
  1, 27 |   3.6648870860264834e-05 |   3.6648870860264834e-05 | 1
  1, 28 |   4.1116587505076317e-05 |   4.1116587505076317e-05 | 1
  1, 29 |   3.8346780127104994e-05 |   3.8346780127104994e-05 | 1
  1, 30 |   4.0857308430370882e-05 |   4.0857308430370882e-05 | 1
  1, 31 |   4.1847841768414990e-05 |   4.1847841768414990e-05 | 1
  1, 32 |   2.8660428494933506e-06 |   2.8660428494933506e-06 | 1
  1, 33 |   8.9478110628663510e-06 |   8.9478110628663510e-06 | 1
  1, 34 |   4.4014575290854386e-05 |   4.4014575290854386e-05 | 1
  1, 35 |  -4.0289125693652040e-05 |  -4.0289125693652040e-05 | 1
  1, 36 |  -4.5907025949274643e-05 |  -4.5907025949274643e-05 | 1
  1, 37 |  -4.9842879347205852e-05 |  -4.9842879347205852e-05 | 1
  1, 38 |  -5.2980684054323044e-05 |  -5.2980684054323044e-05 | 1
  1, 39 |  -2.2498590356501227e-05 |  -2.2498590356501227e-05 | 1
  1, 40 |   5.5095157838815884e-05 |   5.5095157838815884e-05 | 1
  1, 41 |  -2.2994196862446553e-06 |  -2.2994196862446553e-06 | 1
  2,  1 |   4.9459966747147940e-05 |   4.9459966747147940e-05 | 1
  2,  2 |   1.5299459648723151e-03 |   1.5299459648723151e-03 | 1
  2,  3 |   2.3092013907545527e-04 |   2.3092013907545527e-04 | 1
  2,  4 |   1.6790937922570650e-04 |   1.6790937922570650e-04 | 1
  2,  5 |   2.3518754065860587e-04 |   2.3518754065860587e-04 | 1
  2,  6 |  -1.5697941028740135e-04 |  -1.5697941028740135e-04 | 1
  2,  7 |   7.5891334877671503e-04 |   7.5891334877671503e-04 | 1
  2,  8 |   9.7861751938980842e-06 |   9.7861751938980842e-06 | 1
  2,  9 |   3.0915278459734438e-04 |   3.0915278459734438e-04 | 1
  2, 10 |   4.9862443688017660e-04 |   4.9862443688017660e-04 | 1
  2, 11 |  -5.2440646220084622e-04 |  -5.2440646220084622e-04 | 1
  2, 12 |   3.4063683872460014e-04 |   3.4063683872460014e-04 | 1
  2, 13 |   1.8741454691487158e-04 |   1.8741454691487158e-04 | 1
  2, 14 |   7.9170926719377560e-04 |   7.9170926719377560e-04 | 1
  2, 15 |   5.2680678297575552e-04 |   5.2680678297575552e-04 | 1
  2, 16 |   3.7867473314898209e-06 |   3.7867473314898209e-06 | 1
  2, 17 |   2.2391496017983313e-04 |   2.2391496017983313e-04 | 1
  2, 18 |   1.7875298038087719e-04 |   1.7875298038087719e-04 | 1
  2, 19 |  -1.2767881363801724e-03 |  -1.2767881363801724e-03 | 1
  2, 20 |   8.8322444966100532e-05 |   8.8322444966100532e-05 | 1
  2, 21 |   7.4381569445530695e-04 |   7.4381569445530695e-04 | 1
  2, 22 |   2.8798324236756375e-04 |   2.8798324236756375e-04 | 1
  2, 23 |   4.9494407648702850e-04 |   4.9494407648702850e-04 | 1
  2, 24 |   5.7131584991772291e-06 |   5.7131584991772291e-06 | 1
  2, 25 |   1.1210256384662799e-05 |   1.1210256384662799e-05 | 1
  2, 26 |  -1.5509715786731736e-05 |  -1.5509715786731736e-05 | 1
  2, 27 |   1.2591120483611116e-04 |   1.2591120483611116e-04 | 1
  2, 28 |   1.6514725751881165e-04 |   1.6514725751881165e-04 | 1
  2, 29 |   3.7888371515969722e-05 |   3.7888371515969722e-05 | 1
  2, 30 |   1.1754039804542074e-04 |   1.1754039804542074e-04 | 1
  2, 31 |  -3.4981785013152033e-05 |  -3.4981785013152033e-05 | 1
  2, 32 |   7.5964269067167354e-04 |   7.5964269067167354e-04 | 1
  2, 33 |   4.3098935126219661e-03 |   4.3098935126219661e-03 | 1
  2, 34 |  -1.2393867731341768e-04 |  -1.2393867731341768e-04 | 1
  2, 35 |  -4.1388226027654713e-05 |  -4.1388226027654713e-05 | 1
  2, 36 |  -4.8526266482803152e-05 |  -4.8526266482803152e-05 | 1
  2, 37 |  -5.4881001930905887e-05 |  -5.4881001930905887e-05 | 1
  2, 38 |  -6.0422520607824156e-05 |  -6.0422520607824156e-05 | 1
  2, 39 |  -2.5441683053748023e-05 |  -2.5441683053748023e-05 | 1
  2, 40 |   6.0329196213625769e-05 |   6.0329196213625769e-05 | 1
  2, 41 |  -7.5850924957324172e-04 |  -7.5850924957324172e-04 | 1
  3,  1 |   4.9813003525891864e-05 |   4.9813003525891864e-05 | 1
  3,  2 |   2.3092013907545527e-04 |   2.3092013907545527e-04 | 1
  3,  3 |   9.3470975308518108e-03 |   9.3470975308518108e-03 | 1
  3,  4 |   2.4472161865283419e-04 |   2.4472161865283419e-04 | 1
  3,  5 |   2.6938922904437795e-04 |   2.6938922904437795e-04 | 1
  3,  6 |   1.1816726850368548e-04 |   1.1816726850368548e-04 | 1
  3,  7 |   5.7645563110113210e-04 |   5.7645563110113210e-04 | 1
  3,  8 |   1.8017551165092462e-04 |   1.8017551165092462e-04 | 1
  3,  9 |   2.8750373413896386e-04 |   2.8750373413896386e-04 | 1
  3, 10 |   4.2854367351853433e-04 |   4.2854367351853433e-04 | 1
  3, 11 |  -2.4823989474769605e-05 |  -2.4823989474769605e-05 | 1
  3, 12 |   3.2735396503156601e-04 |   3.2735396503156601e-04 | 1
  3, 13 |   2.6139131058499319e-04 |   2.6139131058499319e-04 | 1
  3, 14 |   5.4971937066078424e-04 |   5.4971937066078424e-04 | 1
  3, 15 |   4.4042265022170514e-04 |   4.4042265022170514e-04 | 1
  3, 16 |   2.0785754130568174e-04 |   2.0785754130568174e-04 | 1
  3, 17 |   2.3125196768448519e-04 |   2.3125196768448519e-04 | 1
  3, 18 |   2.3699960483712542e-04 |   2.3699960483712542e-04 | 1
  3, 19 |  -3.2802400373583651e-04 |  -3.2802400373583651e-04 | 1
  3, 20 |   2.3902273376312250e-04 |   2.3902273376312250e-04 | 1
  3, 21 |   4.9650653667419864e-04 |   4.9650653667419864e-04 | 1
  3, 22 |   2.6407763595476778e-04 |   2.6407763595476778e-04 | 1
  3, 23 |   3.6704740974880862e-04 |   3.6704740974880862e-04 | 1
  3, 24 |   1.7974000938479051e-04 |   1.7974000938479051e-04 | 1
  3, 25 |   1.7638454624834622e-04 |   1.7638454624834622e-04 | 1
  3, 26 |   1.4999768586058102e-04 |   1.4999768586058102e-04 | 1
  3, 27 |   2.4085950669035003e-04 |   2.4085950669035003e-04 | 1
  3, 28 |   2.8373608990640961e-04 |   2.8373608990640961e-04 | 1
  3, 29 |   1.9320451034736757e-04 |   1.9320451034736757e-04 | 1
  3, 30 |   2.2009483178356254e-04 |   2.2009483178356254e-04 | 1
  3, 31 |   1.7277678434092779e-04 |   1.7277678434092779e-04 | 1
  3, 32 |  -3.6358303349805167e-04 |  -3.6358303349805167e-04 | 1
  3, 33 |   1.7021498766286065e-03 |   1.7021498766286065e-03 | 1
  3, 34 |   1.3113595854664589e-04 |   1.3113595854664589e-04 | 1
  3, 35 |  -4.2030394505784196e-05 |  -4.2030394505784196e-05 | 1
  3, 36 |  -4.5302474415878823e-05 |  -4.5302474415878823e-05 | 1
  3, 37 |  -6.5041937229863762e-05 |  -6.5041937229863762e-05 | 1
  3, 38 |  -5.7424221018455217e-05 |  -5.7424221018455217e-05 | 1
  3, 39 |  -2.4100734415835407e-05 |  -2.4100734415835407e-05 | 1
  3, 40 |   6.1764830485576874e-05 |   6.1764830485576874e-05 | 1
  3, 41 |   3.6461138786470659e-04 |   3.6461138786470659e-04 | 1
  4,  1 |   5.3705192816113799e-05 |   5.3705192816113799e-05 | 1
  4,  2 |   1.6790937922570650e-04 |   1.6790937922570650e-04 | 1
  4,  3 |   2.4472161865283419e-04 |   2.4472161865283419e-04 | 1
  4,  4 |   1.3481340113700186e-03 |   1.3481340113700186e-03 | 1
  4,  5 |   2.4879007518310148e-04 |   2.4879007518310148e-04 | 1
  4,  6 |   3.3498025034935314e-04 |   3.3498025034935314e-04 | 1
  4,  7 |   2.9964669815852409e-04 |   2.9964669815852409e-04 | 1
  4,  8 |   2.9280751469333837e-04 |   2.9280751469333837e-04 | 1
  4,  9 |   2.1262192524591111e-04 |   2.1262192524591111e-04 | 1
  4, 10 |   2.8414526231261225e-04 |   2.8414526231261225e-04 | 1
  4, 11 |   4.0664675503655903e-04 |   4.0664675503655903e-04 | 1
  4, 12 |   2.4899317130162141e-04 |   2.4899317130162141e-04 | 1
  4, 13 |   2.7287294439779961e-04 |   2.7287294439779961e-04 | 1
  4, 14 |   2.3506092972514506e-04 |   2.3506092972514506e-04 | 1
  4, 15 |   2.7145978331495570e-04 |   2.7145978331495570e-04 | 1
  4, 16 |   3.4249463756302759e-04 |   3.4249463756302759e-04 | 1
  4, 17 |   1.8765482149793651e-04 |   1.8765482149793651e-04 | 1
  4, 18 |   2.4068481190816452e-04 |   2.4068481190816452e-04 | 1
  4, 19 |   5.4766006339442008e-04 |   5.4766006339442008e-04 | 1
  4, 20 |   3.1253332844188300e-04 |   3.1253332844188300e-04 | 1
  4, 21 |   1.7874657681043598e-04 |   1.7874657681043598e-04 | 1
  4, 22 |   1.9335535797247708e-04 |   1.9335535797247708e-04 | 1
  4, 23 |   1.8128424484648530e-04 |   1.8128424484648530e-04 | 1
  4, 24 |   2.9333128979681781e-04 |   2.9333128979681781e-04 | 1
  4, 25 |   2.7941244823332978e-04 |   2.7941244823332978e-04 | 1
  4, 26 |   2.6466449687663431e-04 |   2.6466449687663431e-04 | 1
  4, 27 |   2.8438428159830559e-04 |   2.8438428159830559e-04 | 1
  4, 28 |   3.1980238353758776e-04 |   3.1980238353758776e-04 | 1
  4, 29 |   2.8612691392185426e-04 |   2.8612691392185426e-04 | 1
  4, 30 |   2.6276759403763214e-04 |   2.6276759403763214e-04 | 1
  4, 31 |   3.1318337139815336e-04 |   3.1318337139815336e-04 | 1
  4, 32 |  -2.2147167533564596e-04 |  -2.2147167533564596e-04 | 1
  4, 33 |  -8.8264650186213145e-04 |  -8.8264650186213145e-04 | 1
  4, 34 |   3.2317737544220371e-04 |   3.2317737544220371e-04 | 1
  4, 35 |  -4.4919817775475532e-05 |  -4.4919817775475532e-05 | 1
  4, 36 |  -5.3227931848108487e-05 |  -5.3227931848108487e-05 | 1
  4, 37 |  -6.6434774559007408e-05 |  -6.6434774559007408e-05 | 1
  4, 38 |  -6.7584808635190582e-05 |  -6.7584808635190582e-05 | 1
  4, 39 |  -2.1782607248126446e-05 |  -2.1782607248126446e-05 | 1
  4, 40 |   6.5320760574254366e-05 |   6.5320760574254366e-05 | 1
  4, 41 |   2.2312709156464784e-04 |   2.2312709156464784e-04 | 1
  5,  1 |   4.9567756904772171e-05 |   4.9567756904772171e-05 | 1
  5,  2 |   2.3518754065860587e-04 |   2.3518754065860587e-04 | 1
  5,  3 |   2.6938922904437795e-04 |   2.6938922904437795e-04 | 1
  5,  4 |   2.4879007518310148e-04 |   2.4879007518310148e-04 | 1
  5,  5 |   3.4625993381731737e-03 |   3.4625993381731737e-03 | 1
  5,  6 |   1.2677454153122133e-04 |   1.2677454153122133e-04 | 1
  5,  7 |   5.9374218371971909e-04 |   5.9374218371971909e-04 | 1
  5,  8 |   1.8525013539735102e-04 |   1.8525013539735102e-04 | 1
  5,  9 |   2.9296286452961995e-04 |   2.9296286452961995e-04 | 1
  5, 10 |   4.4089385100809758e-04 |   4.4089385100809758e-04 | 1
  5, 11 |  -2.5412903713210615e-05 |  -2.5412903713210615e-05 | 1
  5, 12 |   3.3294601496524582e-04 |   3.3294601496524582e-04 | 1
  5, 13 |   2.7306014425305296e-04 |   2.7306014425305296e-04 | 1
  5, 14 |   5.6737373551405909e-04 |   5.6737373551405909e-04 | 1
  5, 15 |   4.5298411387418376e-04 |   4.5298411387418376e-04 | 1
  5, 16 |   2.1573943184898707e-04 |   2.1573943184898707e-04 | 1
  5, 17 |   2.3565942610408148e-04 |   2.3565942610408148e-04 | 1
  5, 18 |   2.4422430231632922e-04 |   2.4422430231632922e-04 | 1
  5, 19 |  -3.3338891914443808e-04 |  -3.3338891914443808e-04 | 1
  5, 20 |   2.4329736915681559e-04 |   2.4329736915681559e-04 | 1
  5, 21 |   5.1536484451539049e-04 |   5.1536484451539049e-04 | 1
  5, 22 |   2.7160328980427095e-04 |   2.7160328980427095e-04 | 1
  5, 23 |   3.7792550330725740e-04 |   3.7792550330725740e-04 | 1
  5, 24 |   1.8738561842650134e-04 |   1.8738561842650134e-04 | 1
  5, 25 |   1.8013227384980042e-04 |   1.8013227384980042e-04 | 1
  5, 26 |   1.5568239052286888e-04 |   1.5568239052286888e-04 | 1
  5, 27 |   2.4549158156846464e-04 |   2.4549158156846464e-04 | 1
  5, 28 |   2.8561613486023164e-04 |   2.8561613486023164e-04 | 1
  5, 29 |   2.0302478651132883e-04 |   2.0302478651132883e-04 | 1
  5, 30 |   2.2784141429539059e-04 |   2.2784141429539059e-04 | 1
  5, 31 |   1.7912073441972708e-04 |   1.7912073441972708e-04 | 1
  5, 32 |  -3.7682541066037437e-04 |  -3.7682541066037437e-04 | 1
  5, 33 |   1.7325118959688466e-03 |   1.7325118959688466e-03 | 1
  5, 34 |   1.3643215303123452e-04 |   1.3643215303123452e-04 | 1
  5, 35 |  -3.9104395145116155e-05 |  -3.9104395145116155e-05 | 1
  5, 36 |  -6.0734680810209123e-05 |  -6.0734680810209123e-05 | 1
  5, 37 |  -5.4658655608784496e-05 |  -5.4658655608784496e-05 | 1
  5, 38 |  -5.4823795209230956e-05 |  -5.4823795209230956e-05 | 1
  5, 39 |  -2.4658246079374786e-05 |  -2.4658246079374786e-05 | 1
  5, 40 |   6.1465305900000583e-05 |   6.1465305900000583e-05 | 1
  5, 41 |   3.7640435971136161e-04 |   3.7640435971136161e-04 | 1
  6,  1 |   4.6872321076232992e-05 |   4.6872321076232992e-05 | 1
  6,  2 |  -1.5697941028740135e-04 |  -1.5697941028740135e-04 | 1
  6,  3 |   1.1816726850368548e-04 |   1.1816726850368548e-04 | 1
  6,  4 |   3.3498025034935314e-04 |   3.3498025034935314e-04 | 1
  6,  5 |   1.2677454153122133e-04 |   1.2677454153122133e-04 | 1
  6,  6 |   1.3548120023415776e-03 |   1.3548120023415776e-03 | 1
  6,  7 |  -1.0485862701751000e-03 |  -1.0485862701751000e-03 | 1
  6,  8 |   8.1381195270811705e-04 |   8.1381195270811705e-04 | 1
  6,  9 |  -1.6406003966756754e-04 |  -1.6406003966756754e-04 | 1
  6, 10 |  -4.3231966590644063e-04 |  -4.3231966590644063e-04 | 1
  6, 11 |   2.4695715014806212e-03 |   2.4695715014806212e-03 | 1
  6, 12 |  -1.4188925351920188e-04 |  -1.4188925351920188e-04 | 1
  6, 13 |   3.1014593812781963e-04 |   3.1014593812781963e-04 | 1
  6, 14 |  -1.3042493984237362e-03 |  -1.3042493984237362e-03 | 1
  6, 15 |  -5.4945127498697856e-04 |  -5.4945127498697856e-04 | 1
  6, 16 |   9.7172274735328251e-04 |   9.7172274735328251e-04 | 1
  6, 17 |  -3.0166735807555452e-05 |  -3.0166735807555452e-05 | 1
  6, 18 |   2.4179423281852979e-04 |   2.4179423281852979e-04 | 1
  6, 19 |   4.7492992437400804e-03 |   4.7492992437400804e-03 | 1
  6, 20 |   6.6030343697286338e-04 |   6.6030343697286338e-04 | 1
  6, 21 |  -1.3566137231084251e-03 |  -1.3566137231084251e-03 | 1
  6, 22 |  -1.6371706543122778e-04 |  -1.6371706543122778e-04 | 1
  6, 23 |  -7.2514296029400080e-04 |  -7.2514296029400080e-04 | 1
  6, 24 |   8.2256806131190399e-04 |   8.2256806131190399e-04 | 1
  6, 25 |   7.6468741915316943e-04 |   7.6468741915316943e-04 | 1
  6, 26 |   7.9911358926007937e-04 |   7.9911358926007937e-04 | 1
  6, 27 |   4.8994156885215660e-04 |   4.8994156885215660e-04 | 1
  6, 28 |   4.8964259850669298e-04 |   4.8964259850669298e-04 | 1
  6, 29 |   7.2047298969182567e-04 |   7.2047298969182567e-04 | 1
  6, 30 |   4.5506591672655664e-04 |   4.5506591672655664e-04 | 1
  6, 31 |   9.7846461324928714e-04 |   9.7846461324928714e-04 | 1
  6, 32 |   4.4281172437993325e-04 |   4.4281172437993325e-04 | 1
  6, 33 |  -1.3295986548752600e-02 |  -1.3295986548752600e-02 | 1
  6, 34 |   1.2313946595567057e-03 |   1.2313946595567057e-03 | 1
  6, 35 |  -4.1912365262593901e-05 |  -4.1912365262593901e-05 | 1
  6, 36 |  -5.6533646695562683e-05 |  -5.6533646695562683e-05 | 1
  6, 37 |  -6.1773816816781523e-05 |  -6.1773816816781523e-05 | 1
  6, 38 |  -7.3650533761372017e-05 |  -7.3650533761372017e-05 | 1
  6, 39 |  -1.4059548283541028e-06 |  -1.4059548283541028e-06 | 1
  6, 40 |   5.6233743272059936e-05 |   5.6233743272059936e-05 | 1
  6, 41 |  -4.4105165882711811e-04 |  -4.4105165882711811e-04 | 1
  7,  1 |   6.2632209281203105e-05 |   6.2632209281203105e-05 | 1
  7,  2 |   7.5891334877671503e-04 |   7.5891334877671503e-04 | 1
  7,  3 |   5.7645563110113210e-04 |   5.7645563110113210e-04 | 1
  7,  4 |   2.9964669815852409e-04 |   2.9964669815852409e-04 | 1
  7,  5 |   5.9374218371971909e-04 |   5.9374218371971909e-04 | 1
  7,  6 |  -1.0485862701751000e-03 |  -1.0485862701751000e-03 | 1
  7,  7 |   8.1942108826768070e-03 |   8.1942108826768070e-03 | 1
  7,  8 |  -3.4706694272078261e-04 |  -3.4706694272078261e-04 | 1
  7,  9 |   9.2005026559525819e-04 |   9.2005026559525819e-04 | 1
  7, 10 |   1.5725052632793082e-03 |   1.5725052632793082e-03 | 1
  7, 11 |  -2.5631356602662126e-03 |  -2.5631356602662126e-03 | 1
  7, 12 |   1.0027874842805104e-03 |   1.0027874842805104e-03 | 1
  7, 13 |   3.8549783503680630e-04 |   3.8549783503680630e-04 | 1
  7, 14 |   2.7670395107453308e-03 |   2.7670395107453308e-03 | 1
  7, 15 |   1.7239825090555297e-03 |   1.7239825090555297e-03 | 1
  7, 16 |  -4.3253675846498648e-04 |  -4.3253675846498648e-04 | 1
  7, 17 |   6.4277762321387219e-04 |   6.4277762321387219e-04 | 1
  7, 18 |   3.8413384737519301e-04 |   3.8413384737519301e-04 | 1
  7, 19 |  -5.6607103854450364e-03 |  -5.6607103854450364e-03 | 1
  7, 20 |  -2.9015386265454510e-05 |  -2.9015386265454510e-05 | 1
  7, 21 |   2.6956621239139300e-03 |   2.6956621239139300e-03 | 1
  7, 22 |   8.5868804543646799e-04 |   8.5868804543646799e-04 | 1
  7, 23 |   1.7007748650626955e-03 |   1.7007748650626955e-03 | 1
  7, 24 |  -3.5140349903229338e-04 |  -3.5140349903229338e-04 | 1
  7, 25 |  -3.0573699084258271e-04 |  -3.0573699084258271e-04 | 1
  7, 26 |  -4.1162282313692673e-04 |  -4.1162282313692673e-04 | 1
  7, 27 |   1.4406657191454788e-04 |   1.4406657191454788e-04 | 1
  7, 28 |   2.5399431278698154e-04 |   2.5399431278698154e-04 | 1
  7, 29 |  -2.0901459357477005e-04 |  -2.0901459357477005e-04 | 1
  7, 30 |   1.2722557484402385e-04 |   1.2722557484402385e-04 | 1
  7, 31 |  -5.2950983089300680e-04 |  -5.2950983089300680e-04 | 1
  7, 32 |  -1.4404536507076986e-03 |  -1.4404536507076986e-03 | 1
  7, 33 |   1.7927175840967570e-02 |   1.7927175840967570e-02 | 1
  7, 34 |  -8.9622125266144656e-04 |  -8.9622125266144656e-04 | 1
  7, 35 |  -4.3581389620556279e-05 |  -4.3581389620556279e-05 | 1
  7, 36 |  -6.7561692791236392e-05 |  -6.7561692791236392e-05 | 1
  7, 37 |  -7.3252828286748037e-05 |  -7.3252828286748037e-05 | 1
  7, 38 |  -5.4580862557137622e-05 |  -5.4580862557137622e-05 | 1
  7, 39 |  -4.5231500026642089e-05 |  -4.5231500026642089e-05 | 1
  7, 40 |   7.8993788461360784e-05 |   7.8993788461360784e-05 | 1
  7, 41 |   1.4397544874510846e-03 |   1.4397544874510846e-03 | 1
  8,  1 |   4.9713945527556292e-05 |   4.9713945527556292e-05 | 1
  8,  2 |   9.7861751938980842e-06 |   9.7861751938980842e-06 | 1
  8,  3 |   1.8017551165092462e-04 |   1.8017551165092462e-04 | 1
  8,  4 |   2.9280751469333837e-04 |   2.9280751469333837e-04 | 1
  8,  5 |   1.8525013539735102e-04 |   1.8525013539735102e-04 | 1
  8,  6 |   8.1381195270811705e-04 |   8.1381195270811705e-04 | 1
  8,  7 |  -3.4706694272078261e-04 |  -3.4706694272078261e-04 | 1
  8,  8 |   2.6466666965074912e-03 |   2.6466666965074912e-03 | 1
  8,  9 |   2.9243237145690710e-05 |   2.9243237145690710e-05 | 1
  8, 10 |  -6.2233203529815978e-05 |  -6.2233203529815978e-05 | 1
  8, 11 |   1.3816377265839712e-03 |   1.3816377265839712e-03 | 1
  8, 12 |   5.8055342452126429e-05 |   5.8055342452126429e-05 | 1
  8, 13 |   2.8480764040333836e-04 |   2.8480764040333836e-04 | 1
  8, 14 |  -5.0208378001982061e-04 |  -5.0208378001982061e-04 | 1
  8, 15 |  -1.2438391324345912e-04 |  -1.2438391324345912e-04 | 1
  8, 16 |   6.3608278985504275e-04 |   6.3608278985504275e-04 | 1
  8, 17 |   7.9901227644745996e-05 |   7.9901227644745996e-05 | 1
  8, 18 |   2.3668662246533682e-04 |   2.3668662246533682e-04 | 1
  8, 19 |   2.5381983143889552e-03 |   2.5381983143889552e-03 | 1
  8, 20 |   4.7172681148527969e-04 |   4.7172681148527969e-04 | 1
  8, 21 |  -5.5617526827545232e-04 |  -5.5617526827545232e-04 | 1
  8, 22 |   2.0069365761634834e-05 |   2.0069365761634834e-05 | 1
  8, 23 |  -2.5417122327901624e-04 |  -2.5417122327901624e-04 | 1
  8, 24 |   5.3986661502618077e-04 |   5.3986661502618077e-04 | 1
  8, 25 |   5.0539858648619913e-04 |   5.0539858648619913e-04 | 1
  8, 26 |   5.1460283063646073e-04 |   5.1460283063646073e-04 | 1
  8, 27 |   3.7669768032083721e-04 |   3.7669768032083721e-04 | 1
  8, 28 |   3.9438584067562040e-04 |   3.9438584067562040e-04 | 1
  8, 29 |   4.8791449631817871e-04 |   4.8791449631817871e-04 | 1
  8, 30 |   3.4876716726027468e-04 |   3.4876716726027468e-04 | 1
  8, 31 |   6.2445076561725181e-04 |   6.2445076561725181e-04 | 1
  8, 32 |   9.9014506817449714e-05 |   9.9014506817449714e-05 | 1
  8, 33 |  -6.7775377606547884e-03 |  -6.7775377606547884e-03 | 1
  8, 34 |   7.4971911292122189e-04 |   7.4971911292122189e-04 | 1
  8, 35 |  -4.3342025054355833e-05 |  -4.3342025054355833e-05 | 1
  8, 36 |  -5.2360384168737085e-05 |  -5.2360384168737085e-05 | 1
  8, 37 |  -6.2938729961237654e-05 |  -6.2938729961237654e-05 | 1
  8, 38 |  -6.9102024652921309e-05 |  -6.9102024652921309e-05 | 1
  8, 39 |  -1.3668031894334035e-05 |  -1.3668031894334035e-05 | 1
  8, 40 |   6.0421048317259112e-05 |   6.0421048317259112e-05 | 1
  8, 41 |  -9.7548576097000666e-05 |  -9.7548576097000666e-05 | 1
  9,  1 |   4.5345587130322449e-05 |   4.5345587130322449e-05 | 1
  9,  2 |   3.0915278459734438e-04 |   3.0915278459734438e-04 | 1
  9,  3 |   2.8750373413896386e-04 |   2.8750373413896386e-04 | 1
  9,  4 |   2.1262192524591111e-04 |   2.1262192524591111e-04 | 1
  9,  5 |   2.9296286452961995e-04 |   2.9296286452961995e-04 | 1
  9,  6 |  -1.6406003966756754e-04 |  -1.6406003966756754e-04 | 1
  9,  7 |   9.2005026559525819e-04 |   9.2005026559525819e-04 | 1
  9,  8 |   2.9243237145690710e-05 |   2.9243237145690710e-05 | 1
  9,  9 |   1.9306250914962928e-03 |   1.9306250914962928e-03 | 1
  9, 10 |   6.1677515713284131e-04 |   6.1677515713284131e-04 | 1
  9, 11 |  -5.8952730194674198e-04 |  -5.8952730194674198e-04 | 1
  9, 12 |   4.2290391148319521e-04 |   4.2290391148319521e-04 | 1
  9, 13 |   2.4831774211842489e-04 |   2.4831774211842489e-04 | 1
  9, 14 |   9.5898633572921580e-04 |   9.5898633572921580e-04 | 1
  9, 15 |   6.5445448400652524e-04 |   6.5445448400652524e-04 | 1
  9, 16 |   2.8868285938328084e-05 |   2.8868285938328084e-05 | 1
  9, 17 |   2.8222377892911908e-04 |   2.8222377892911908e-04 | 1
  9, 18 |   2.3010457914585239e-04 |   2.3010457914585239e-04 | 1
  9, 19 |  -1.4718839284008113e-03 |  -1.4718839284008113e-03 | 1
  9, 20 |   1.3227834766803100e-04 |   1.3227834766803100e-04 | 1
  9, 21 |   9.0280369320972333e-04 |   9.0280369320972333e-04 | 1
  9, 22 |   3.5112624292956508e-04 |   3.5112624292956508e-04 | 1
  9, 23 |   6.0303348975670286e-04 |   6.0303348975670286e-04 | 1
  9, 24 |   2.7226281181693455e-05 |   2.7226281181693455e-05 | 1
  9, 25 |   3.9636116005036399e-05 |   3.9636116005036399e-05 | 1
  9, 26 |  -1.3218028579352005e-06 |  -1.3218028579352005e-06 | 1
  9, 27 |   1.7797796110231425e-04 |   1.7797796110231425e-04 | 1
  9, 28 |   2.2718780135811475e-04 |   2.2718780135811475e-04 | 1
  9, 29 |   6.9552571438387319e-05 |   6.9552571438387319e-05 | 1
  9, 30 |   1.6225677767759720e-04 |   1.6225677767759720e-04 | 1
  9, 31 |  -1.5156913562179246e-05 |  -1.5156913562179246e-05 | 1
  9, 32 |  -5.4054516518697881e-04 |  -5.4054516518697881e-04 | 1
  9, 33 |   5.0508987172036349e-03 |   5.0508987172036349e-03 | 1
  9, 34 |  -1.2317329763118881e-04 |  -1.2317329763118881e-04 | 1
  9, 35 |  -5.1069566863043344e-05 |  -5.1069566863043344e-05 | 1
  9, 36 |  -4.4522483142388752e-05 |  -4.4522483142388752e-05 | 1
  9, 37 |  -4.8210958418440437e-05 |  -4.8210958418440437e-05 | 1
  9, 38 |  -4.9972357725070434e-05 |  -4.9972357725070434e-05 | 1
  9, 39 |  -2.0014222433815529e-05 |  -2.0014222433815529e-05 | 1
  9, 40 |   5.4372595899543225e-05 |   5.4372595899543225e-05 | 1
  9, 41 |   5.4059642399145735e-04 |   5.4059642399145735e-04 | 1
 10,  1 |   5.3804000901278769e-05 |   5.3804000901278769e-05 | 1
 10,  2 |   4.9862443688017660e-04 |   4.9862443688017660e-04 | 1
 10,  3 |   4.2854367351853433e-04 |   4.2854367351853433e-04 | 1
 10,  4 |   2.8414526231261225e-04 |   2.8414526231261225e-04 | 1
 10,  5 |   4.4089385100809758e-04 |   4.4089385100809758e-04 | 1
 10,  6 |  -4.3231966590644063e-04 |  -4.3231966590644063e-04 | 1
 10,  7 |   1.5725052632793082e-03 |   1.5725052632793082e-03 | 1
 10,  8 |  -6.2233203529815978e-05 |  -6.2233203529815978e-05 | 1
 10,  9 |   6.1677515713284131e-04 |   6.1677515713284131e-04 | 1
 10, 10 |   1.0520867911162312e-02 |   1.0520867911162312e-02 | 1
 10, 11 |  -1.2480617311204493e-03 |  -1.2480617311204493e-03 | 1
 10, 12 |   6.7382129686996525e-04 |   6.7382129686996525e-04 | 1
 10, 13 |   3.4250686905793739e-04 |   3.4250686905793739e-04 | 1
 10, 14 |   1.6642256562630926e-03 |   1.6642256562630926e-03 | 1
 10, 15 |   1.0865329834145888e-03 |   1.0865329834145888e-03 | 1
 10, 16 |  -8.6636739257697364e-05 |  -8.6636739257697364e-05 | 1
 10, 17 |   4.4601905926588102e-04 |   4.4601905926588102e-04 | 1
 10, 18 |   3.2757937568343438e-04 |   3.2757937568343438e-04 | 1
 10, 19 |  -2.9165698877627799e-03 |  -2.9165698877627799e-03 | 1
 10, 20 |   1.2373963228840562e-04 |   1.2373963228840562e-04 | 1
 10, 21 |   1.5900619138514657e-03 |   1.5900619138514657e-03 | 1
 10, 22 |   5.6557994096258668e-04 |   5.6557994096258668e-04 | 1
 10, 23 |   1.0343090772738607e-03 |   1.0343090772738607e-03 | 1
 10, 24 |  -6.4324518139156678e-05 |  -6.4324518139156678e-05 | 1
 10, 25 |  -3.9516179668578049e-05 |  -3.9516179668578049e-05 | 1
 10, 26 |  -1.0888152036614512e-04 |  -1.0888152036614512e-04 | 1
 10, 27 |   2.1050560481343793e-04 |   2.1050560481343793e-04 | 1
 10, 28 |   2.8947106237459439e-04 |   2.8947106237459439e-04 | 1
 10, 29 |   1.3831490299158522e-05 |   1.3831490299158522e-05 | 1
 10, 30 |   1.9162480700915183e-04 |   1.9162480700915183e-04 | 1
 10, 31 |  -1.5420239441386215e-04 |  -1.5420239441386215e-04 | 1
 10, 32 |  -9.1231728617225056e-04 |  -9.1231728617225056e-04 | 1
 10, 33 |   9.6166192287772036e-03 |   9.6166192287772036e-03 | 1
 10, 34 |  -3.5468695620900445e-04 |  -3.5468695620900445e-04 | 1
 10, 35 |  -5.0483381125027789e-05 |  -5.0483381125027789e-05 | 1
 10, 36 |  -5.3478614274333892e-05 |  -5.3478614274333892e-05 | 1
 10, 37 |  -5.1980423566633929e-05 |  -5.1980423566633929e-05 | 1
 10, 38 |  -6.4421827211586175e-05 |  -6.4421827211586175e-05 | 1
 10, 39 |  -2.8285401412176103e-05 |  -2.8285401412176103e-05 | 1
 10, 40 |   6.4431961372074010e-05 |   6.4431961372074010e-05 | 1
 10, 41 |   9.1342734204218198e-04 |   9.1342734204218198e-04 | 1
 11,  1 |   4.3387831791897184e-05 |   4.3387831791897184e-05 | 1
 11,  2 |  -5.2440646220084622e-04 |  -5.2440646220084622e-04 | 1
 11,  3 |  -2.4823989474769605e-05 |  -2.4823989474769605e-05 | 1
 11,  4 |   4.0664675503655903e-04 |   4.0664675503655903e-04 | 1
 11,  5 |  -2.5412903713210615e-05 |  -2.5412903713210615e-05 | 1
 11,  6 |   2.4695715014806212e-03 |   2.4695715014806212e-03 | 1
 11,  7 |  -2.5631356602662126e-03 |  -2.5631356602662126e-03 | 1
 11,  8 |   1.3816377265839712e-03 |   1.3816377265839712e-03 | 1
 11,  9 |  -5.8952730194674198e-04 |  -5.8952730194674198e-04 | 1
 11, 10 |  -1.2480617311204493e-03 |  -1.2480617311204493e-03 | 1
 11, 11 |   4.7586506206912654e-03 |   4.7586506206912654e-03 | 1
 11, 12 |  -5.8590321369894811e-04 |  -5.8590321369894811e-04 | 1
 11, 13 |   3.3801323827607603e-04 |   3.3801323827607603e-04 | 1
 11, 14 |  -3.0328579571170786e-03 |  -3.0328579571170786e-03 | 1
 11, 15 |  -1.4720569972062278e-03 |  -1.4720569972062278e-03 | 1
 11, 16 |   1.6580942936566970e-03 |   1.6580942936566970e-03 | 1
 11, 17 |  -2.8130711633810474e-04 |  -2.8130711633810474e-04 | 1
 11, 18 |   2.3141182530201702e-04 |   2.3141182530201702e-04 | 1
 11, 19 |   9.4075013932226389e-03 |   9.4075013932226389e-03 | 1
 11, 20 |   1.0323016242517352e-03 |   1.0323016242517352e-03 | 1
 11, 21 |  -3.0838667903977540e-03 |  -3.0838667903977540e-03 | 1
 11, 22 |  -5.6748585545286496e-04 |  -5.6748585545286496e-04 | 1
 11, 23 |  -1.7465591714445417e-03 |  -1.7465591714445417e-03 | 1
 11, 24 |   1.3982249878220815e-03 |   1.3982249878220815e-03 | 1
 11, 25 |   1.2960001111466824e-03 |   1.2960001111466824e-03 | 1
 11, 26 |   1.3824893009327420e-03 |   1.3824893009327420e-03 | 1
 11, 27 |   7.0656248245144987e-04 |   7.0656248245144987e-04 | 1
 11, 28 |   6.6681827399318904e-04 |   6.6681827399318904e-04 | 1
 11, 29 |   1.1903488083581117e-03 |   1.1903488083581117e-03 | 1
 11, 30 |   6.5514902824624350e-04 |   6.5514902824624350e-04 | 1
 11, 31 |   1.7079757959040497e-03 |   1.7079757959040497e-03 | 1
 11, 32 |   1.1998448187966139e-03 |   1.1998448187966139e-03 | 1
 11, 33 |  -2.7086645754783388e-02 |  -2.7086645754783388e-02 | 1
 11, 34 |   2.2300185695042084e-03 |   2.2300185695042084e-03 | 1
 11, 35 |  -4.5197738322525372e-05 |  -4.5197738322525372e-05 | 1
 11, 36 |  -4.8632597365976642e-05 |  -4.8632597365976642e-05 | 1
 11, 37 |  -6.6558878917746833e-05 |  -6.6558878917746833e-05 | 1
 11, 38 |  -7.1845515801323000e-05 |  -7.1845515801323000e-05 | 1
 11, 39 |   7.3862986719515829e-06 |   7.3862986719515829e-06 | 1
 11, 40 |   5.1892115807322577e-05 |   5.1892115807322577e-05 | 1
 11, 41 |  -1.1977994256189629e-03 |  -1.1977994256189629e-03 | 1
 12,  1 |   5.0887749667351148e-05 |   5.0887749667351148e-05 | 1
 12,  2 |   3.4063683872460014e-04 |   3.4063683872460014e-04 | 1
 12,  3 |   3.2735396503156601e-04 |   3.2735396503156601e-04 | 1
 12,  4 |   2.4899317130162141e-04 |   2.4899317130162141e-04 | 1
 12,  5 |   3.3294601496524582e-04 |   3.3294601496524582e-04 | 1
 12,  6 |  -1.4188925351920188e-04 |  -1.4188925351920188e-04 | 1
 12,  7 |   1.0027874842805104e-03 |   1.0027874842805104e-03 | 1
 12,  8 |   5.8055342452126429e-05 |   5.8055342452126429e-05 | 1
 12,  9 |   4.2290391148319521e-04 |   4.2290391148319521e-04 | 1
 12, 10 |   6.7382129686996525e-04 |   6.7382129686996525e-04 | 1
 12, 11 |  -5.8590321369894811e-04 |  -5.8590321369894811e-04 | 1
 12, 12 |   2.7539254291769903e-03 |   2.7539254291769903e-03 | 1
 12, 13 |   2.8339800160634329e-04 |   2.8339800160634329e-04 | 1
 12, 14 |   1.0306804106303871e-03 |   1.0306804106303871e-03 | 1
 12, 15 |   7.1272192864427707e-04 |   7.1272192864427707e-04 | 1
 12, 16 |   6.0538489805186043e-05 |   6.0538489805186043e-05 | 1
 12, 17 |   3.1583222430664557e-04 |   3.1583222430664557e-04 | 1
 12, 18 |   2.6393695048385941e-04 |   2.6393695048385941e-04 | 1
 12, 19 |  -1.5011988785297446e-03 |  -1.5011988785297446e-03 | 1
 12, 20 |   1.7028655111441437e-04 |   1.7028655111441437e-04 | 1
 12, 21 |   9.7024241548355518e-04 |   9.7024241548355518e-04 | 1
 12, 22 |   3.8752497636749639e-04 |   3.8752497636749639e-04 | 1
 12, 23 |   6.5285795038576245e-04 |   6.5285795038576245e-04 | 1
 12, 24 |   5.6337373477769029e-05 |   5.6337373477769029e-05 | 1
 12, 25 |   6.5995496410357570e-05 |   6.5995496410357570e-05 | 1
 12, 26 |   2.2389030975641667e-05 |   2.2389030975641667e-05 | 1
 12, 27 |   2.1279961199931259e-04 |   2.1279961199931259e-04 | 1
 12, 28 |   2.6822416789300490e-04 |   2.6822416789300490e-04 | 1
 12, 29 |   9.8955030597140534e-05 |   9.8955030597140534e-05 | 1
 12, 30 |   1.9367404445637856e-04 |   1.9367404445637856e-04 | 1
 12, 31 |   1.2181098589947093e-05 |   1.2181098589947093e-05 | 1
 12, 32 |  -5.9249646580200577e-04 |  -5.9249646580200577e-04 | 1
 12, 33 |   5.2479754296209779e-03 |   5.2479754296209779e-03 | 1
 12, 34 |  -1.0069503180255385e-04 |  -1.0069503180255385e-04 | 1
 12, 35 |  -4.7401821614333103e-05 |  -4.7401821614333103e-05 | 1
 12, 36 |  -5.0696324131571318e-05 |  -5.0696324131571318e-05 | 1
 12, 37 |  -5.9980281383913896e-05 |  -5.9980281383913896e-05 | 1
 12, 38 |  -5.9839638658584670e-05 |  -5.9839638658584670e-05 | 1
 12, 39 |  -2.2259770541120518e-05 |  -2.2259770541120518e-05 | 1
 12, 40 |   6.2048687878030266e-05 |   6.2048687878030266e-05 | 1
 12, 41 |   5.9341617963789997e-04 |   5.9341617963789997e-04 | 1
 13,  1 |   4.5437122044369720e-05 |   4.5437122044369720e-05 | 1
 13,  2 |   1.8741454691487158e-04 |   1.8741454691487158e-04 | 1
 13,  3 |   2.6139131058499319e-04 |   2.6139131058499319e-04 | 1
 13,  4 |   2.7287294439779961e-04 |   2.7287294439779961e-04 | 1
 13,  5 |   2.7306014425305296e-04 |   2.7306014425305296e-04 | 1
 13,  6 |   3.1014593812781963e-04 |   3.1014593812781963e-04 | 1
 13,  7 |   3.8549783503680630e-04 |   3.8549783503680630e-04 | 1
 13,  8 |   2.8480764040333836e-04 |   2.8480764040333836e-04 | 1
 13,  9 |   2.4831774211842489e-04 |   2.4831774211842489e-04 | 1
 13, 10 |   3.4250686905793739e-04 |   3.4250686905793739e-04 | 1
 13, 11 |   3.3801323827607603e-04 |   3.3801323827607603e-04 | 1
 13, 12 |   2.8339800160634329e-04 |   2.8339800160634329e-04 | 1
 13, 13 |   2.4823284628249639e-03 |   2.4823284628249639e-03 | 1
 13, 14 |   3.2943853651917667e-04 |   3.2943853651917667e-04 | 1
 13, 15 |   3.3725920874939875e-04 |   3.3725920874939875e-04 | 1
 13, 16 |   3.3743591278645078e-04 |   3.3743591278645078e-04 | 1
 13, 17 |   2.1157073584922764e-04 |   2.1157073584922764e-04 | 1
 13, 18 |   2.5775150783758239e-04 |   2.5775150783758239e-04 | 1
 13, 19 |   3.8684546911053273e-04 |   3.8684546911053273e-04 | 1
 13, 20 |   3.1737042822612804e-04 |   3.1737042822612804e-04 | 1
 13, 21 |   2.7272504239819371e-04 |   2.7272504239819371e-04 | 1
 13, 22 |   2.2143971064059382e-04 |   2.2143971064059382e-04 | 1
 13, 23 |   2.3831893461821800e-04 |   2.3831893461821800e-04 | 1
 13, 24 |   2.8853214099582735e-04 |   2.8853214099582735e-04 | 1
 13, 25 |   2.7977786929376608e-04 |   2.7977786929376608e-04 | 1
 13, 26 |   2.5770288856690799e-04 |   2.5770288856690799e-04 | 1
 13, 27 |   2.9926365728441366e-04 |   2.9926365728441366e-04 | 1
 13, 28 |   3.3549197987741233e-04 |   3.3549197987741233e-04 | 1
 13, 29 |   2.9103642799364806e-04 |   2.9103642799364806e-04 | 1
 13, 30 |   2.7448172316679167e-04 |   2.7448172316679167e-04 | 1
 13, 31 |   3.0710319636329398e-04 |   3.0710319636329398e-04 | 1
 13, 32 |  -2.8914310842645906e-04 |  -2.8914310842645906e-04 | 1
 13, 33 |  -3.5221484107077878e-04 |  -3.5221484107077878e-04 | 1
 13, 34 |   3.0291862661562983e-04 |   3.0291862661562983e-04 | 1
 13, 35 |  -4.8540054644201090e-05 |  -4.8540054644201090e-05 | 1
 13, 36 |  -5.2583374449344464e-05 |  -5.2583374449344464e-05 | 1
 13, 37 |  -4.9357723326123792e-05 |  -4.9357723326123792e-05 | 1
 13, 38 |  -5.0858434891964976e-05 |  -5.0858434891964976e-05 | 1
 13, 39 |  -1.7036404100941095e-05 |  -1.7036404100941095e-05 | 1
 13, 40 |   5.5600970240569063e-05 |   5.5600970240569063e-05 | 1
 13, 41 |   2.8858470458708446e-04 |   2.8858470458708446e-04 | 1
 14,  1 |   6.0035552463080577e-05 |   6.0035552463080577e-05 | 1
 14,  2 |   7.9170926719377560e-04 |   7.9170926719377560e-04 | 1
 14,  3 |   5.4971937066078424e-04 |   5.4971937066078424e-04 | 1
 14,  4 |   2.3506092972514506e-04 |   2.3506092972514506e-04 | 1
 14,  5 |   5.6737373551405909e-04 |   5.6737373551405909e-04 | 1
 14,  6 |  -1.3042493984237362e-03 |  -1.3042493984237362e-03 | 1
 14,  7 |   2.7670395107453308e-03 |   2.7670395107453308e-03 | 1
 14,  8 |  -5.0208378001982061e-04 |  -5.0208378001982061e-04 | 1
 14,  9 |   9.5898633572921580e-04 |   9.5898633572921580e-04 | 1
 14, 10 |   1.6642256562630926e-03 |   1.6642256562630926e-03 | 1
 14, 11 |  -3.0328579571170786e-03 |  -3.0328579571170786e-03 | 1
 14, 12 |   1.0306804106303871e-03 |   1.0306804106303871e-03 | 1
 14, 13 |   3.2943853651917667e-04 |   3.2943853651917667e-04 | 1
 14, 14 |   4.3663632507445361e-03 |   4.3663632507445361e-03 | 1
 14, 15 |   1.8254078114621343e-03 |   1.8254078114621343e-03 | 1
 14, 16 |  -6.1688191190174596e-04 |  -6.1688191190174596e-04 | 1
 14, 17 |   6.4694981594398075e-04 |   6.4694981594398075e-04 | 1
 14, 18 |   3.4063287503733675e-04 |   3.4063287503733675e-04 | 1
 14, 19 |  -6.5699919074074251e-03 |  -6.5699919074074251e-03 | 1
 14, 20 |  -1.6221925136316627e-04 |  -1.6221925136316627e-04 | 1
 14, 21 |   2.9506610563361725e-03 |   2.9506610563361725e-03 | 1
 14, 22 |   8.9017738962752439e-04 |   8.9017738962752439e-04 | 1
 14, 23 |   1.8388695705074877e-03 |   1.8388695705074877e-03 | 1
 14, 24 |  -5.1005934991688105e-04 |  -5.1005934991688105e-04 | 1
 14, 25 |  -4.4994046867591580e-04 |  -4.4994046867591580e-04 | 1
 14, 26 |  -5.6134957022867618e-04 |  -5.6134957022867618e-04 | 1
 14, 27 |   4.8759205494514619e-05 |   4.8759205494514619e-05 | 1
 14, 28 |   1.5829004271756465e-04 |   1.5829004271756465e-04 | 1
 14, 29 |  -3.4729302495122472e-04 |  -3.4729302495122472e-04 | 1
 14, 30 |   4.0882222698206426e-05 |   4.0882222698206426e-05 | 1
 14, 31 |  -7.1828887713777569e-04 |  -7.1828887713777569e-04 | 1
 14, 32 |  -1.5145792837755285e-03 |  -1.5145792837755285e-03 | 1
 14, 33 |   2.0458364357862420e-02 |   2.0458364357862420e-02 | 1
 14, 34 |  -1.1319827922522275e-03 |  -1.1319827922522275e-03 | 1
 14, 35 |  -5.4857852297857582e-05 |  -5.4857852297857582e-05 | 1
 14, 36 |  -6.1909444771143804e-05 |  -6.1909444771143804e-05 | 1
 14, 37 |  -5.5336909252454795e-05 |  -5.5336909252454795e-05 | 1
 14, 38 |  -5.7995202972113227e-05 |  -5.7995202972113227e-05 | 1
 14, 39 |  -4.1520929982196363e-05 |  -4.1520929982196363e-05 | 1
 14, 40 |   7.3094837681975978e-05 |   7.3094837681975978e-05 | 1
 14, 41 |   1.5141873112576236e-03 |   1.5141873112576236e-03 | 1
 15,  1 |   5.0479202239627106e-05 |   5.0479202239627106e-05 | 1
 15,  2 |   5.2680678297575552e-04 |   5.2680678297575552e-04 | 1
 15,  3 |   4.4042265022170514e-04 |   4.4042265022170514e-04 | 1
 15,  4 |   2.7145978331495570e-04 |   2.7145978331495570e-04 | 1
 15,  5 |   4.5298411387418376e-04 |   4.5298411387418376e-04 | 1
 15,  6 |  -5.4945127498697856e-04 |  -5.4945127498697856e-04 | 1
 15,  7 |   1.7239825090555297e-03 |   1.7239825090555297e-03 | 1
 15,  8 |  -1.2438391324345912e-04 |  -1.2438391324345912e-04 | 1
 15,  9 |   6.5445448400652524e-04 |   6.5445448400652524e-04 | 1
 15, 10 |   1.0865329834145888e-03 |   1.0865329834145888e-03 | 1
 15, 11 |  -1.4720569972062278e-03 |  -1.4720569972062278e-03 | 1
 15, 12 |   7.1272192864427707e-04 |   7.1272192864427707e-04 | 1
 15, 13 |   3.3725920874939875e-04 |   3.3725920874939875e-04 | 1
 15, 14 |   1.8254078114621343e-03 |   1.8254078114621343e-03 | 1
 15, 15 |   4.7078770319202400e-03 |   4.7078770319202400e-03 | 1
 15, 16 |  -1.5811940768123357e-04 |  -1.5811940768123357e-04 | 1
 15, 17 |   4.6687961267955630e-04 |   4.6687961267955630e-04 | 1
 15, 18 |   3.1975324118662795e-04 |   3.1975324118662795e-04 | 1
 15, 19 |  -3.3741037387287759e-03 |  -3.3741037387287759e-03 | 1
 15, 20 |   8.2407348566858508e-05 |   8.2407348566858508e-05 | 1
 15, 21 |   1.7591870347142559e-03 |   1.7591870347142559e-03 | 1
 15, 22 |   6.0060407952047552e-04 |   6.0060407952047552e-04 | 1
 15, 23 |   1.1338893308494007e-03 |   1.1338893308494007e-03 | 1
 15, 24 |  -1.2622841440225094e-04 |  -1.2622841440225094e-04 | 1
 15, 25 |  -9.5382648660801399e-05 |  -9.5382648660801399e-05 | 1
 15, 26 |  -1.7132738064051922e-04 |  -1.7132738064051922e-04 | 1
 15, 27 |   1.8964251826606251e-04 |   1.8964251826606251e-04 | 1
 15, 28 |   2.6770600242550147e-04 |   2.6770600242550147e-04 | 1
 15, 29 |  -3.4298237209380328e-05 |  -3.4298237209380328e-05 | 1
 15, 30 |   1.6828461897123203e-04 |   1.6828461897123203e-04 | 1
 15, 31 |  -2.2642792484965537e-04 |  -2.2642792484965537e-04 | 1
 15, 32 |  -9.8891436653710169e-04 |  -9.8891436653710169e-04 | 1
 15, 33 |   1.0967739833647435e-02 |   1.0967739833647435e-02 | 1
 15, 34 |  -4.5667855088026119e-04 |  -4.5667855088026119e-04 | 1
 15, 35 |  -5.3836677804671748e-05 |  -5.3836677804671748e-05 | 1
 15, 36 |  -5.5277897714010821e-05 |  -5.5277897714010821e-05 | 1
 15, 37 |  -5.7711044411708561e-05 |  -5.7711044411708561e-05 | 1
 15, 38 |  -4.2908085661900685e-05 |  -4.2908085661900685e-05 | 1
 15, 39 |  -2.6739284977985186e-05 |  -2.6739284977985186e-05 | 1
 15, 40 |   6.3044345671685884e-05 |   6.3044345671685884e-05 | 1
 15, 41 |   9.8752784471901173e-04 |   9.8752784471901173e-04 | 1
 16,  1 |   5.5756927297640068e-05 |   5.5756927297640068e-05 | 1
 16,  2 |   3.7867473314898209e-06 |   3.7867473314898209e-06 | 1
 16,  3 |   2.0785754130568174e-04 |   2.0785754130568174e-04 | 1
 16,  4 |   3.4249463756302759e-04 |   3.4249463756302759e-04 | 1
 16,  5 |   2.1573943184898707e-04 |   2.1573943184898707e-04 | 1
 16,  6 |   9.7172274735328251e-04 |   9.7172274735328251e-04 | 1
 16,  7 |  -4.3253675846498648e-04 |  -4.3253675846498648e-04 | 1
 16,  8 |   6.3608278985504275e-04 |   6.3608278985504275e-04 | 1
 16,  9 |   2.8868285938328084e-05 |   2.8868285938328084e-05 | 1
 16, 10 |  -8.6636739257697364e-05 |  -8.6636739257697364e-05 | 1
 16, 11 |   1.6580942936566970e-03 |   1.6580942936566970e-03 | 1
 16, 12 |   6.0538489805186043e-05 |   6.0538489805186043e-05 | 1
 16, 13 |   3.3743591278645078e-04 |   3.3743591278645078e-04 | 1
 16, 14 |  -6.1688191190174596e-04 |  -6.1688191190174596e-04 | 1
 16, 15 |  -1.5811940768123357e-04 |  -1.5811940768123357e-04 | 1
 16, 16 |   1.7605899049824396e-03 |   1.7605899049824396e-03 | 1
 16, 17 |   9.0411938704921600e-05 |   9.0411938704921600e-05 | 1
 16, 18 |   2.7723900485868125e-04 |   2.7723900485868125e-04 | 1
 16, 19 |   3.0536787273447732e-03 |   3.0536787273447732e-03 | 1
 16, 20 |   5.5892966810156789e-04 |   5.5892966810156789e-04 | 1
 16, 21 |  -6.7884395983512007e-04 |  -6.7884395983512007e-04 | 1
 16, 22 |   1.6525898334110681e-05 |   1.6525898334110681e-05 | 1
 16, 23 |  -3.1432716405273037e-04 |  -3.1432716405273037e-04 | 1
 16, 24 |   6.4252406375240158e-04 |   6.4252406375240158e-04 | 1
 16, 25 |   6.0327944227521577e-04 |   6.0327944227521577e-04 | 1
 16, 26 |   6.1242512467049592e-04 |   6.1242512467049592e-04 | 1
 16, 27 |   4.4718052258680828e-04 |   4.4718052258680828e-04 | 1
 16, 28 |   4.6603183304564700e-04 |   4.6603183304564700e-04 | 1
 16, 29 |   5.8149056620365074e-04 |   5.8149056620365074e-04 | 1
 16, 30 |   4.1326736007545853e-04 |   4.1326736007545853e-04 | 1
 16, 31 |   7.4564528165384182e-04 |   7.4564528165384182e-04 | 1
 16, 32 |   1.2410007797782454e-04 |   1.2410007797782454e-04 | 1
 16, 33 |  -8.1764384007882857e-03 |  -8.1764384007882857e-03 | 1
 16, 34 |   8.9611581048751874e-04 |   8.9611581048751874e-04 | 1
 16, 35 |  -5.1587335989553107e-05 |  -5.1587335989553107e-05 | 1
 16, 36 |  -6.0471241909829324e-05 |  -6.0471241909829324e-05 | 1
 16, 37 |  -6.8057889279052471e-05 |  -6.8057889279052471e-05 | 1
 16, 38 |  -7.1315586060573868e-05 |  -7.1315586060573868e-05 | 1
 16, 39 |  -1.7142635758859802e-05 |  -1.7142635758859802e-05 | 1
 16, 40 |   6.7755856544941953e-05 |   6.7755856544941953e-05 | 1
 16, 41 |  -1.2299618814132218e-04 |  -1.2299618814132218e-04 | 1
 17,  1 |   2.8015838177149542e-05 |   2.8015838177149542e-05 | 1
 17,  2 |   2.2391496017983313e-04 |   2.2391496017983313e-04 | 1
 17,  3 |   2.3125196768448519e-04 |   2.3125196768448519e-04 | 1
 17,  4 |   1.8765482149793651e-04 |   1.8765482149793651e-04 | 1
 17,  5 |   2.3565942610408148e-04 |   2.3565942610408148e-04 | 1
 17,  6 |  -3.0166735807555452e-05 |  -3.0166735807555452e-05 | 1
 17,  7 |   6.4277762321387219e-04 |   6.4277762321387219e-04 | 1
 17,  8 |   7.9901227644745996e-05 |   7.9901227644745996e-05 | 1
 17,  9 |   2.8222377892911908e-04 |   2.8222377892911908e-04 | 1
 17, 10 |   4.4601905926588102e-04 |   4.4601905926588102e-04 | 1
 17, 11 |  -2.8130711633810474e-04 |  -2.8130711633810474e-04 | 1
 17, 12 |   3.1583222430664557e-04 |   3.1583222430664557e-04 | 1
 17, 13 |   2.1157073584922764e-04 |   2.1157073584922764e-04 | 1
 17, 14 |   6.4694981594398075e-04 |   6.4694981594398075e-04 | 1
 17, 15 |   4.6687961267955630e-04 |   4.6687961267955630e-04 | 1
 17, 16 |   9.0411938704921600e-05 |   9.0411938704921600e-05 | 1
 17, 17 |   1.3693798760583016e-03 |   1.3693798760583016e-03 | 1
 17, 18 |   1.9594380102248865e-04 |   1.9594380102248865e-04 | 1
 17, 19 |  -7.9613028401959184e-04 |  -7.9613028401959184e-04 | 1
 17, 20 |   1.5601299935465434e-04 |   1.5601299935465434e-04 | 1
 17, 21 |   6.0699051981198671e-04 |   6.0699051981198671e-04 | 1
 17, 22 |   2.5816028455267088e-04 |   2.5816028455267088e-04 | 1
 17, 23 |   4.1612343859114145e-04 |   4.1612343859114145e-04 | 1
 17, 24 |   8.2102374144260408e-05 |   8.2102374144260408e-05 | 1
 17, 25 |   8.6093608350556458e-05 |   8.6093608350556458e-05 | 1
 17, 26 |   5.5293487318113143e-05 |   5.5293487318113143e-05 | 1
 17, 27 |   1.7431251552330336e-04 |   1.7431251552330336e-04 | 1
 17, 28 |   2.1393248960812096e-04 |   2.1393248960812096e-04 | 1
 17, 29 |   1.0697786066842661e-04 |   1.0697786066842661e-04 | 1
 17, 30 |   1.5751063765055204e-04 |   1.5751063765055204e-04 | 1
 17, 31 |   5.9227837691356230e-05 |   5.9227837691356230e-05 | 1
 17, 32 |  -4.0124160316021794e-04 |  -4.0124160316021794e-04 | 1
 17, 33 |   2.9565449476634063e-03 |   2.9565449476634063e-03 | 1
 17, 34 |  -6.5707764116928830e-06 |  -6.5707764116928830e-06 | 1
 17, 35 |  -2.3192500743714212e-05 |  -2.3192500743714212e-05 | 1
 17, 36 |  -2.6322804486197697e-05 |  -2.6322804486197697e-05 | 1
 17, 37 |  -3.3769936440704150e-05 |  -3.3769936440704150e-05 | 1
 17, 38 |  -3.3825750388999983e-05 |  -3.3825750388999983e-05 | 1
 17, 39 |  -1.4242458688420336e-05 |  -1.4242458688420336e-05 | 1
 17, 40 |   3.4313456245701777e-05 |   3.4313456245701777e-05 | 1
 17, 41 |   4.0179548335274263e-04 |   4.0179548335274263e-04 | 1
 18,  1 |   4.0874772934883498e-05 |   4.0874772934883498e-05 | 1
 18,  2 |   1.7875298038087719e-04 |   1.7875298038087719e-04 | 1
 18,  3 |   2.3699960483712542e-04 |   2.3699960483712542e-04 | 1
 18,  4 |   2.4068481190816452e-04 |   2.4068481190816452e-04 | 1
 18,  5 |   2.4422430231632922e-04 |   2.4422430231632922e-04 | 1
 18,  6 |   2.4179423281852979e-04 |   2.4179423281852979e-04 | 1
 18,  7 |   3.8413384737519301e-04 |   3.8413384737519301e-04 | 1
 18,  8 |   2.3668662246533682e-04 |   2.3668662246533682e-04 | 1
 18,  9 |   2.3010457914585239e-04 |   2.3010457914585239e-04 | 1
 18, 10 |   3.2757937568343438e-04 |   3.2757937568343438e-04 | 1
 18, 11 |   2.3141182530201702e-04 |   2.3141182530201702e-04 | 1
 18, 12 |   2.6393695048385941e-04 |   2.6393695048385941e-04 | 1
 18, 13 |   2.5775150783758239e-04 |   2.5775150783758239e-04 | 1
 18, 14 |   3.4063287503733675e-04 |   3.4063287503733675e-04 | 1
 18, 15 |   3.1975324118662795e-04 |   3.1975324118662795e-04 | 1
 18, 16 |   2.7723900485868125e-04 |   2.7723900485868125e-04 | 1
 18, 17 |   1.9594380102248865e-04 |   1.9594380102248865e-04 | 1
 18, 18 |   8.0656614051149225e-03 |   8.0656614051149225e-03 | 1
 18, 19 |   2.0855504140666659e-04 |   2.0855504140666659e-04 | 1
 18, 20 |   2.7277220704626122e-04 |   2.7277220704626122e-04 | 1
 18, 21 |   2.8875547843463324e-04 |   2.8875547843463324e-04 | 1
 18, 22 |   2.0799362210064233e-04 |   2.0799362210064233e-04 | 1
 18, 23 |   2.3957835067699564e-04 |   2.3957835067699564e-04 | 1
 18, 24 |   2.3978761859698672e-04 |   2.3978761859698672e-04 | 1
 18, 25 |   2.3235255279665067e-04 |   2.3235255279665067e-04 | 1
 18, 26 |   2.1124779805480767e-04 |   2.1124779805480767e-04 | 1
 18, 27 |   2.5682996441696900e-04 |   2.5682996441696900e-04 | 1
 18, 28 |   2.9339794004792420e-04 |   2.9339794004792420e-04 | 1
 18, 29 |   2.4246706927021002e-04 |   2.4246706927021002e-04 | 1
 18, 30 |   2.3563732873584507e-04 |   2.3563732873584507e-04 | 1
 18, 31 |   2.4889249607625778e-04 |   2.4889249607625778e-04 | 1
 18, 32 |  -2.7458760650755432e-04 |  -2.7458760650755432e-04 | 1
 18, 33 |   8.2756995067694264e-05 |   8.2756995067694264e-05 | 1
 18, 34 |   2.3963595375616243e-04 |   2.3963595375616243e-04 | 1
 18, 35 |  -3.5075223353649905e-05 |  -3.5075223353649905e-05 | 1
 18, 36 |  -3.8598323675418579e-05 |  -3.8598323675418579e-05 | 1
 18, 37 |  -4.3505120731843981e-05 |  -4.3505120731843981e-05 | 1
 18, 38 |  -5.1737066534249880e-05 |  -5.1737066534249880e-05 | 1
 18, 39 |  -2.1129221186397879e-05 |  -2.1129221186397879e-05 | 1
 18, 40 |   4.9600976955869128e-05 |   4.9600976955869128e-05 | 1
 18, 41 |   2.7569818745091059e-04 |   2.7569818745091059e-04 | 1
 19,  1 |   3.2056430094470319e-05 |   3.2056430094470319e-05 | 1
 19,  2 |  -1.2767881363801724e-03 |  -1.2767881363801724e-03 | 1
 19,  3 |  -3.2802400373583651e-04 |  -3.2802400373583651e-04 | 1
 19,  4 |   5.4766006339442008e-04 |   5.4766006339442008e-04 | 1
 19,  5 |  -3.3338891914443808e-04 |  -3.3338891914443808e-04 | 1
 19,  6 |   4.7492992437400804e-03 |   4.7492992437400804e-03 | 1
 19,  7 |  -5.6607103854450364e-03 |  -5.6607103854450364e-03 | 1
 19,  8 |   2.5381983143889552e-03 |   2.5381983143889552e-03 | 1
 19,  9 |  -1.4718839284008113e-03 |  -1.4718839284008113e-03 | 1
 19, 10 |  -2.9165698877627799e-03 |  -2.9165698877627799e-03 | 1
 19, 11 |   9.4075013932226389e-03 |   9.4075013932226389e-03 | 1
 19, 12 |  -1.5011988785297446e-03 |  -1.5011988785297446e-03 | 1
 19, 13 |   3.8684546911053273e-04 |   3.8684546911053273e-04 | 1
 19, 14 |  -6.5699919074074251e-03 |  -6.5699919074074251e-03 | 1
 19, 15 |  -3.3741037387287759e-03 |  -3.3741037387287759e-03 | 1
 19, 16 |   3.0536787273447732e-03 |   3.0536787273447732e-03 | 1
 19, 17 |  -7.9613028401959184e-04 |  -7.9613028401959184e-04 | 1
 19, 18 |   2.0855504140666659e-04 |   2.0855504140666659e-04 | 1
 19, 19 |   1.8924889888730961e-02 |   1.8924889888730961e-02 | 1
 19, 20 |   1.7916944231203820e-03 |   1.7916944231203820e-03 | 1
 19, 21 |  -6.6090767421441120e-03 |  -6.6090767421441120e-03 | 1
 19, 22 |  -1.3962225954079186e-03 |  -1.3962225954079186e-03 | 1
 19, 23 |  -3.8325518221731429e-03 |  -3.8325518221731429e-03 | 1
 19, 24 |   2.5743430617334033e-03 |   2.5743430617334033e-03 | 1
 19, 25 |   2.3728224132515425e-03 |   2.3728224132515425e-03 | 1
 19, 26 |   2.5716660658606739e-03 |   2.5716660658606739e-03 | 1
 19, 27 |   1.1429142347271128e-03 |   1.1429142347271128e-03 | 1
 19, 28 |   1.0201553100654852e-03 |   1.0201553100654852e-03 | 1
 19, 29 |   2.1473984971982652e-03 |   2.1473984971982652e-03 | 1
 19, 30 |   1.0596256052007318e-03 |   1.0596256052007318e-03 | 1
 19, 31 |   3.1900859700353780e-03 |   3.1900859700353780e-03 | 1
 19, 32 |   2.7500117767150951e-03 |   2.7500117767150951e-03 | 1
 19, 33 |  -5.5269641071686866e-02 |  -5.5269641071686866e-02 | 1
 19, 34 |   4.2664322426741929e-03 |   4.2664322426741929e-03 | 1
 19, 35 |  -2.7639250400963030e-05 |  -2.7639250400963030e-05 | 1
 19, 36 |  -3.6875661681986196e-05 |  -3.6875661681986196e-05 | 1
 19, 37 |  -6.3105739265533839e-05 |  -6.3105739265533839e-05 | 1
 19, 38 |  -7.9143368568735018e-05 |  -7.9143368568735018e-05 | 1
 19, 39 |   2.5240144473062503e-05 |   2.5240144473062503e-05 | 1
 19, 40 |   3.7831605890135553e-05 |   3.7831605890135553e-05 | 1
 19, 41 |  -2.7463081158191015e-03 |  -2.7463081158191015e-03 | 1
 20,  1 |   3.5675392102538033e-05 |   3.5675392102538033e-05 | 1
 20,  2 |   8.8322444966100532e-05 |   8.8322444966100532e-05 | 1
 20,  3 |   2.3902273376312250e-04 |   2.3902273376312250e-04 | 1
 20,  4 |   3.1253332844188300e-04 |   3.1253332844188300e-04 | 1
 20,  5 |   2.4329736915681559e-04 |   2.4329736915681559e-04 | 1
 20,  6 |   6.6030343697286338e-04 |   6.6030343697286338e-04 | 1
 20,  7 |  -2.9015386265454510e-05 |  -2.9015386265454510e-05 | 1
 20,  8 |   4.7172681148527969e-04 |   4.7172681148527969e-04 | 1
 20,  9 |   1.3227834766803100e-04 |   1.3227834766803100e-04 | 1
 20, 10 |   1.2373963228840562e-04 |   1.2373963228840562e-04 | 1
 20, 11 |   1.0323016242517352e-03 |   1.0323016242517352e-03 | 1
 20, 12 |   1.7028655111441437e-04 |   1.7028655111441437e-04 | 1
 20, 13 |   3.1737042822612804e-04 |   3.1737042822612804e-04 | 1
 20, 14 |  -1.6221925136316627e-04 |  -1.6221925136316627e-04 | 1
 20, 15 |   8.2407348566858508e-05 |   8.2407348566858508e-05 | 1
 20, 16 |   5.5892966810156789e-04 |   5.5892966810156789e-04 | 1
 20, 17 |   1.5601299935465434e-04 |   1.5601299935465434e-04 | 1
 20, 18 |   2.7277220704626122e-04 |   2.7277220704626122e-04 | 1
 20, 19 |   1.7916944231203820e-03 |   1.7916944231203820e-03 | 1
 20, 20 |   2.0165298391218640e-03 |   2.0165298391218640e-03 | 1
 20, 21 |  -2.1455130927625139e-04 |  -2.1455130927625139e-04 | 1
 20, 22 |   1.1339883402428791e-04 |   1.1339883402428791e-04 | 1
 20, 23 |  -4.5124639544498025e-05 |  -4.5124639544498025e-05 | 1
 20, 24 |   4.7920659097119850e-04 |   4.7920659097119850e-04 | 1
 20, 25 |   4.5500715756441551e-04 |   4.5500715756441551e-04 | 1
 20, 26 |   4.4527932190745363e-04 |   4.4527932190745363e-04 | 1
 20, 27 |   3.8481241406981099e-04 |   3.8481241406981099e-04 | 1
 20, 28 |   4.1561113148886773e-04 |   4.1561113148886773e-04 | 1
 20, 29 |   4.4717290587584723e-04 |   4.4717290587584723e-04 | 1
 20, 30 |   3.5028673325729072e-04 |   3.5028673325729072e-04 | 1
 20, 31 |   5.4145975513078363e-04 |   5.4145975513078363e-04 | 1
 20, 32 |  -9.8225462548751378e-05 |  -9.8225462548751378e-05 | 1
 20, 33 |  -4.4466190313109250e-03 |  -4.4466190313109250e-03 | 1
 20, 34 |   6.1730773267314957e-04 |   6.1730773267314957e-04 | 1
 20, 35 |  -2.6542703886097305e-05 |  -2.6542703886097305e-05 | 1
 20, 36 |  -3.5920044100702902e-05 |  -3.5920044100702902e-05 | 1
 20, 37 |  -5.0600626634804074e-05 |  -5.0600626634804074e-05 | 1
 20, 38 |  -5.2576378813535071e-05 |  -5.2576378813535071e-05 | 1
 20, 39 |  -8.4190789268953219e-06 |  -8.4190789268953219e-06 | 1
 20, 40 |   4.4057024976783163e-05 |   4.4057024976783163e-05 | 1
 20, 41 |   1.0000712363466196e-04 |   1.0000712363466196e-04 | 1
 21,  1 |   3.4357714659342626e-05 |   3.4357714659342626e-05 | 1
 21,  2 |   7.4381569445530695e-04 |   7.4381569445530695e-04 | 1
 21,  3 |   4.9650653667419864e-04 |   4.9650653667419864e-04 | 1
 21,  4 |   1.7874657681043598e-04 |   1.7874657681043598e-04 | 1
 21,  5 |   5.1536484451539049e-04 |   5.1536484451539049e-04 | 1
 21,  6 |  -1.3566137231084251e-03 |  -1.3566137231084251e-03 | 1
 21,  7 |   2.6956621239139300e-03 |   2.6956621239139300e-03 | 1
 21,  8 |  -5.5617526827545232e-04 |  -5.5617526827545232e-04 | 1
 21,  9 |   9.0280369320972333e-04 |   9.0280369320972333e-04 | 1
 21, 10 |   1.5900619138514657e-03 |   1.5900619138514657e-03 | 1
 21, 11 |  -3.0838667903977540e-03 |  -3.0838667903977540e-03 | 1
 21, 12 |   9.7024241548355518e-04 |   9.7024241548355518e-04 | 1
 21, 13 |   2.7272504239819371e-04 |   2.7272504239819371e-04 | 1
 21, 14 |   2.9506610563361725e-03 |   2.9506610563361725e-03 | 1
 21, 15 |   1.7591870347142559e-03 |   1.7591870347142559e-03 | 1
 21, 16 |  -6.7884395983512007e-04 |  -6.7884395983512007e-04 | 1
 21, 17 |   6.0699051981198671e-04 |   6.0699051981198671e-04 | 1
 21, 18 |   2.8875547843463324e-04 |   2.8875547843463324e-04 | 1
 21, 19 |  -6.6090767421441120e-03 |  -6.6090767421441120e-03 | 1
 21, 20 |  -2.1455130927625139e-04 |  -2.1455130927625139e-04 | 1
 21, 21 |   6.4695545686662545e-03 |   6.4695545686662545e-03 | 1
 21, 22 |   8.4014226502822516e-04 |   8.4014226502822516e-04 | 1
 21, 23 |   1.7912657857951948e-03 |   1.7912657857951948e-03 | 1
 21, 24 |  -5.6071330268463366e-04 |  -5.6071330268463366e-04 | 1
 21, 25 |  -4.9939392716659165e-04 |  -4.9939392716659165e-04 | 1
 21, 26 |  -6.0961941897968476e-04 |  -6.0961941897968476e-04 | 1
 21, 27 |  -3.0388048610444275e-06 |  -3.0388048610444275e-06 | 1
 21, 28 |   9.7172502149212400e-05 |   9.7172502149212400e-05 | 1
 21, 29 |  -3.9683769490143526e-04 |  -3.9683769490143526e-04 | 1
 21, 30 |  -9.9997702862415064e-06 |  -9.9997702862415064e-06 | 1
 21, 31 |  -7.6969263335567681e-04 |  -7.6969263335567681e-04 | 1
 21, 32 |  -1.4780385427288032e-03 |  -1.4780385427288032e-03 | 1
 21, 33 |   2.0430759538561424e-02 |   2.0430759538561424e-02 | 1
 21, 34 |  -1.1836123611074748e-03 |  -1.1836123611074748e-03 | 1
 21, 35 |  -2.6410770277122562e-05 |  -2.6410770277122562e-05 | 1
 21, 36 |  -4.3389644322470324e-05 |  -4.3389644322470324e-05 | 1
 21, 37 |  -3.3374833321111296e-05 |  -3.3374833321111296e-05 | 1
 21, 38 |  -2.4556497674611035e-05 |  -2.4556497674611035e-05 | 1
 21, 39 |  -2.7060564467052467e-05 |  -2.7060564467052467e-05 | 1
 21, 40 |   4.3176568124035881e-05 |   4.3176568124035881e-05 | 1
 21, 41 |   1.4767321996465741e-03 |   1.4767321996465741e-03 | 1
 22,  1 |   4.7512645456768656e-05 |   4.7512645456768656e-05 | 1
 22,  2 |   2.8798324236756375e-04 |   2.8798324236756375e-04 | 1
 22,  3 |   2.6407763595476778e-04 |   2.6407763595476778e-04 | 1
 22,  4 |   1.9335535797247708e-04 |   1.9335535797247708e-04 | 1
 22,  5 |   2.7160328980427095e-04 |   2.7160328980427095e-04 | 1
 22,  6 |  -1.6371706543122778e-04 |  -1.6371706543122778e-04 | 1
 22,  7 |   8.5868804543646799e-04 |   8.5868804543646799e-04 | 1
 22,  8 |   2.0069365761634834e-05 |   2.0069365761634834e-05 | 1
 22,  9 |   3.5112624292956508e-04 |   3.5112624292956508e-04 | 1
 22, 10 |   5.6557994096258668e-04 |   5.6557994096258668e-04 | 1
 22, 11 |  -5.6748585545286496e-04 |  -5.6748585545286496e-04 | 1
 22, 12 |   3.8752497636749639e-04 |   3.8752497636749639e-04 | 1
 22, 13 |   2.2143971064059382e-04 |   2.2143971064059382e-04 | 1
 22, 14 |   8.9017738962752439e-04 |   8.9017738962752439e-04 | 1
 22, 15 |   6.0060407952047552e-04 |   6.0060407952047552e-04 | 1
 22, 16 |   1.6525898334110681e-05 |   1.6525898334110681e-05 | 1
 22, 17 |   2.5816028455267088e-04 |   2.5816028455267088e-04 | 1
 22, 18 |   2.0799362210064233e-04 |   2.0799362210064233e-04 | 1
 22, 19 |  -1.3962225954079186e-03 |  -1.3962225954079186e-03 | 1
 22, 20 |   1.1339883402428791e-04 |   1.1339883402428791e-04 | 1
 22, 21 |   8.4014226502822516e-04 |   8.4014226502822516e-04 | 1
 22, 22 |   3.2630041944775655e-04 |   3.2630041944775655e-04 | 1
 22, 23 |   5.5966960716288773e-04 |   5.5966960716288773e-04 | 1
 22, 24 |   1.8592372962881594e-05 |   1.8592372962881594e-05 | 1
 22, 25 |   2.5911904016675811e-05 |   2.5911904016675811e-05 | 1
 22, 26 |  -8.6704939478547998e-06 |  -8.6704939478547998e-06 | 1
 22, 27 |   1.5401989268338726e-04 |   1.5401989268338726e-04 | 1
 22, 28 |   1.9869976803391109e-04 |   1.9869976803391109e-04 | 1
 22, 29 |   5.6395623233727705e-05 |   5.6395623233727705e-05 | 1
 22, 30 |   1.4186958557853635e-04 |   1.4186958557853635e-04 | 1
 22, 31 |  -2.4529107003995063e-05 |  -2.4529107003995063e-05 | 1
 22, 32 |  -4.9042405002280485e-04 |  -4.9042405002280485e-04 | 1
 22, 33 |   4.7565324359721524e-03 |   4.7565324359721524e-03 | 1
 22, 34 |  -1.2434965292487925e-04 |  -1.2434965292487925e-04 | 1
 22, 35 |  -3.9150558727681095e-05 |  -3.9150558727681095e-05 | 1
 22, 36 |  -4.6818244390690036e-05 |  -4.6818244390690036e-05 | 1
 22, 37 |  -4.9855377128525541e-05 |  -4.9855377128525541e-05 | 1
 22, 38 |  -4.9729922675844187e-05 |  -4.9729922675844187e-05 | 1
 22, 39 |  -3.1226764499636213e-05 |  -3.1226764499636213e-05 | 1
 22, 40 |   5.8462909308075387e-05 |   5.8462909308075387e-05 | 1
 22, 41 |   4.9072526631863285e-04 |   4.9072526631863285e-04 | 1
 23,  1 |   3.8237408222840697e-05 |   3.8237408222840697e-05 | 1
 23,  2 |   4.9494407648702850e-04 |   4.9494407648702850e-04 | 1
 23,  3 |   3.6704740974880862e-04 |   3.6704740974880862e-04 | 1
 23,  4 |   1.8128424484648530e-04 |   1.8128424484648530e-04 | 1
 23,  5 |   3.7792550330725740e-04 |   3.7792550330725740e-04 | 1
 23,  6 |  -7.2514296029400080e-04 |  -7.2514296029400080e-04 | 1
 23,  7 |   1.7007748650626955e-03 |   1.7007748650626955e-03 | 1
 23,  8 |  -2.5417122327901624e-04 |  -2.5417122327901624e-04 | 1
 23,  9 |   6.0303348975670286e-04 |   6.0303348975670286e-04 | 1
 23, 10 |   1.0343090772738607e-03 |   1.0343090772738607e-03 | 1
 23, 11 |  -1.7465591714445417e-03 |  -1.7465591714445417e-03 | 1
 23, 12 |   6.5285795038576245e-04 |   6.5285795038576245e-04 | 1
 23, 13 |   2.3831893461821800e-04 |   2.3831893461821800e-04 | 1
 23, 14 |   1.8388695705074877e-03 |   1.8388695705074877e-03 | 1
 23, 15 |   1.1338893308494007e-03 |   1.1338893308494007e-03 | 1
 23, 16 |  -3.1432716405273037e-04 |  -3.1432716405273037e-04 | 1
 23, 17 |   4.1612343859114145e-04 |   4.1612343859114145e-04 | 1
 23, 18 |   2.3957835067699564e-04 |   2.3957835067699564e-04 | 1
 23, 19 |  -3.8325518221731429e-03 |  -3.8325518221731429e-03 | 1
 23, 20 |  -4.5124639544498025e-05 |  -4.5124639544498025e-05 | 1
 23, 21 |   1.7912657857951948e-03 |   1.7912657857951948e-03 | 1
 23, 22 |   5.5966960716288773e-04 |   5.5966960716288773e-04 | 1
 23, 23 |   5.1638201628833105e-03 |   5.1638201628833105e-03 | 1
 23, 24 |  -2.5824342513936567e-04 |  -2.5824342513936567e-04 | 1
 23, 25 |  -2.2455188538439180e-04 |  -2.2455188538439180e-04 | 1
 23, 26 |  -2.9398120997843440e-04 |  -2.9398120997843440e-04 | 1
 23, 27 |   7.5808920222931957e-05 |   7.5808920222931957e-05 | 1
 23, 28 |   1.4570889716623010e-04 |   1.4570889716623010e-04 | 1
 23, 29 |  -1.6143639563632043e-04 |  -1.6143639563632043e-04 | 1
 23, 30 |   6.5751911665812274e-05 |   6.5751911665812274e-05 | 1
 23, 31 |  -3.7775280584548488e-04 |  -3.7775280584548488e-04 | 1
 23, 32 |  -9.4767326101815740e-04 |  -9.4767326101815740e-04 | 1
 23, 33 |   1.2067559727760989e-02 |   1.2067559727760989e-02 | 1
 23, 34 |  -6.2479037249078394e-04 |  -6.2479037249078394e-04 | 1
 23, 35 |  -3.2682468966528069e-05 |  -3.2682468966528069e-05 | 1
 23, 36 |  -4.3606788370048953e-05 |  -4.3606788370048953e-05 | 1
 23, 37 |  -4.3366067729379137e-05 |  -4.3366067729379137e-05 | 1
 23, 38 |  -3.8183839290486079e-05 |  -3.8183839290486079e-05 | 1
 23, 39 |  -2.1046166540590947e-05 |  -2.1046166540590947e-05 | 1
 23, 40 |   4.7908316520378107e-05 |   4.7908316520378107e-05 | 1
 23, 41 |   9.4730313447965141e-04 |   9.4730313447965141e-04 | 1
 24,  1 |   4.2451157304732903e-05 |   4.2451157304732903e-05 | 1
 24,  2 |   5.7131584991772291e-06 |   5.7131584991772291e-06 | 1
 24,  3 |   1.7974000938479051e-04 |   1.7974000938479051e-04 | 1
 24,  4 |   2.9333128979681781e-04 |   2.9333128979681781e-04 | 1
 24,  5 |   1.8738561842650134e-04 |   1.8738561842650134e-04 | 1
 24,  6 |   8.2256806131190399e-04 |   8.2256806131190399e-04 | 1
 24,  7 |  -3.5140349903229338e-04 |  -3.5140349903229338e-04 | 1
 24,  8 |   5.3986661502618077e-04 |   5.3986661502618077e-04 | 1
 24,  9 |   2.7226281181693455e-05 |   2.7226281181693455e-05 | 1
 24, 10 |  -6.4324518139156678e-05 |  -6.4324518139156678e-05 | 1
 24, 11 |   1.3982249878220815e-03 |   1.3982249878220815e-03 | 1
 24, 12 |   5.6337373477769029e-05 |   5.6337373477769029e-05 | 1
 24, 13 |   2.8853214099582735e-04 |   2.8853214099582735e-04 | 1
 24, 14 |  -5.1005934991688105e-04 |  -5.1005934991688105e-04 | 1
 24, 15 |  -1.2622841440225094e-04 |  -1.2622841440225094e-04 | 1
 24, 16 |   6.4252406375240158e-04 |   6.4252406375240158e-04 | 1
 24, 17 |   8.2102374144260408e-05 |   8.2102374144260408e-05 | 1
 24, 18 |   2.3978761859698672e-04 |   2.3978761859698672e-04 | 1
 24, 19 |   2.5743430617334033e-03 |   2.5743430617334033e-03 | 1
 24, 20 |   4.7920659097119850e-04 |   4.7920659097119850e-04 | 1
 24, 21 |  -5.6071330268463366e-04 |  -5.6071330268463366e-04 | 1
 24, 22 |   1.8592372962881594e-05 |   1.8592372962881594e-05 | 1
 24, 23 |  -2.5824342513936567e-04 |  -2.5824342513936567e-04 | 1
 24, 24 |   1.9768518746114874e-03 |   1.9768518746114874e-03 | 1
 24, 25 |   5.1375854515661973e-04 |   5.1375854515661973e-04 | 1
 24, 26 |   5.1985646110004244e-04 |   5.1985646110004244e-04 | 1
 24, 27 |   3.8258837353443651e-04 |   3.8258837353443651e-04 | 1
 24, 28 |   4.0034519683659219e-04 |   4.0034519683659219e-04 | 1
 24, 29 |   4.9612576078012275e-04 |   4.9612576078012275e-04 | 1
 24, 30 |   3.5264077903581338e-04 |   3.5264077903581338e-04 | 1
 24, 31 |   6.3353967265338657e-04 |   6.3353967265338657e-04 | 1
 24, 32 |   9.0232426293905462e-05 |   9.0232426293905462e-05 | 1
 24, 33 |  -6.8753304402917464e-03 |  -6.8753304402917464e-03 | 1
 24, 34 |   7.5996719776585942e-04 |   7.5996719776585942e-04 | 1
 24, 35 |  -3.2970755840185624e-05 |  -3.2970755840185624e-05 | 1
 24, 36 |  -4.3844414572765835e-05 |  -4.3844414572765835e-05 | 1
 24, 37 |  -4.9933332582554715e-05 |  -4.9933332582554715e-05 | 1
 24, 38 |  -5.5151840555002061e-05 |  -5.5151840555002061e-05 | 1
 24, 39 |  -1.8850245007700201e-05 |  -1.8850245007700201e-05 | 1
 24, 40 |   5.2330567072328211e-05 |   5.2330567072328211e-05 | 1
 24, 41 |  -8.9231162363092724e-05 |  -8.9231162363092724e-05 | 1
 25,  1 |   3.4901475130867630e-05 |   3.4901475130867630e-05 | 1
 25,  2 |   1.1210256384662799e-05 |   1.1210256384662799e-05 | 1
 25,  3 |   1.7638454624834622e-04 |   1.7638454624834622e-04 | 1
 25,  4 |   2.7941244823332978e-04 |   2.7941244823332978e-04 | 1
 25,  5 |   1.8013227384980042e-04 |   1.8013227384980042e-04 | 1
 25,  6 |   7.6468741915316943e-04 |   7.6468741915316943e-04 | 1
 25,  7 |  -3.0573699084258271e-04 |  -3.0573699084258271e-04 | 1
 25,  8 |   5.0539858648619913e-04 |   5.0539858648619913e-04 | 1
 25,  9 |   3.9636116005036399e-05 |   3.9636116005036399e-05 | 1
 25, 10 |  -3.9516179668578049e-05 |  -3.9516179668578049e-05 | 1
 25, 11 |   1.2960001111466824e-03 |   1.2960001111466824e-03 | 1
 25, 12 |   6.5995496410357570e-05 |   6.5995496410357570e-05 | 1
 25, 13 |   2.7977786929376608e-04 |   2.7977786929376608e-04 | 1
 25, 14 |  -4.4994046867591580e-04 |  -4.4994046867591580e-04 | 1
 25, 15 |  -9.5382648660801399e-05 |  -9.5382648660801399e-05 | 1
 25, 16 |   6.0327944227521577e-04 |   6.0327944227521577e-04 | 1
 25, 17 |   8.6093608350556458e-05 |   8.6093608350556458e-05 | 1
 25, 18 |   2.3235255279665067e-04 |   2.3235255279665067e-04 | 1
 25, 19 |   2.3728224132515425e-03 |   2.3728224132515425e-03 | 1
 25, 20 |   4.5500715756441551e-04 |   4.5500715756441551e-04 | 1
 25, 21 |  -4.9939392716659165e-04 |  -4.9939392716659165e-04 | 1
 25, 22 |   2.5911904016675811e-05 |   2.5911904016675811e-05 | 1
 25, 23 |  -2.2455188538439180e-04 |  -2.2455188538439180e-04 | 1
 25, 24 |   5.1375854515661973e-04 |   5.1375854515661973e-04 | 1
 25, 25 |   1.9275704397115746e-03 |   1.9275704397115746e-03 | 1
 25, 26 |   4.8697645348053467e-04 |   4.8697645348053467e-04 | 1
 25, 27 |   3.6744216454759977e-04 |   3.6744216454759977e-04 | 1
 25, 28 |   3.8617396864833940e-04 |   3.8617396864833940e-04 | 1
 25, 29 |   4.6838565176398608e-04 |   4.6838565176398608e-04 | 1
 25, 30 |   3.3630549085270078e-04 |   3.3630549085270078e-04 | 1
 25, 31 |   5.9505268743599864e-04 |   5.9505268743599864e-04 | 1
 25, 32 |   5.9541807350324254e-05 |   5.9541807350324254e-05 | 1
 25, 33 |  -6.3009307513982966e-03 |  -6.3009307513982966e-03 | 1
 25, 34 |   7.0935100377023151e-04 |   7.0935100377023151e-04 | 1
 25, 35 |  -3.4285227757375230e-05 |  -3.4285227757375230e-05 | 1
 25, 36 |  -3.1436951954045230e-05 |  -3.1436951954045230e-05 | 1
 25, 37 |  -4.0539374987800901e-05 |  -4.0539374987800901e-05 | 1
 25, 38 |  -4.3684356202785621e-05 |  -4.3684356202785621e-05 | 1
 25, 39 |  -1.5092722223499661e-05 |  -1.5092722223499661e-05 | 1
 25, 40 |   4.2073271687883957e-05 |   4.2073271687883957e-05 | 1
 25, 41 |  -5.8852079758873183e-05 |  -5.8852079758873183e-05 | 1
 26,  1 |   4.3149936868860854e-05 |   4.3149936868860854e-05 | 1
 26,  2 |  -1.5509715786731736e-05 |  -1.5509715786731736e-05 | 1
 26,  3 |   1.4999768586058102e-04 |   1.4999768586058102e-04 | 1
 26,  4 |   2.6466449687663431e-04 |   2.6466449687663431e-04 | 1
 26,  5 |   1.5568239052286888e-04 |   1.5568239052286888e-04 | 1
 26,  6 |   7.9911358926007937e-04 |   7.9911358926007937e-04 | 1
 26,  7 |  -4.1162282313692673e-04 |  -4.1162282313692673e-04 | 1
 26,  8 |   5.1460283063646073e-04 |   5.1460283063646073e-04 | 1
 26,  9 |  -1.3218028579352005e-06 |  -1.3218028579352005e-06 | 1
 26, 10 |  -1.0888152036614512e-04 |  -1.0888152036614512e-04 | 1
 26, 11 |   1.3824893009327420e-03 |   1.3824893009327420e-03 | 1
 26, 12 |   2.2389030975641667e-05 |   2.2389030975641667e-05 | 1
 26, 13 |   2.5770288856690799e-04 |   2.5770288856690799e-04 | 1
 26, 14 |  -5.6134957022867618e-04 |  -5.6134957022867618e-04 | 1
 26, 15 |  -1.7132738064051922e-04 |  -1.7132738064051922e-04 | 1
 26, 16 |   6.1242512467049592e-04 |   6.1242512467049592e-04 | 1
 26, 17 |   5.5293487318113143e-05 |   5.5293487318113143e-05 | 1
 26, 18 |   2.1124779805480767e-04 |   2.1124779805480767e-04 | 1
 26, 19 |   2.5716660658606739e-03 |   2.5716660658606739e-03 | 1
 26, 20 |   4.4527932190745363e-04 |   4.4527932190745363e-04 | 1
 26, 21 |  -6.0961941897968476e-04 |  -6.0961941897968476e-04 | 1
 26, 22 |  -8.6704939478547998e-06 |  -8.6704939478547998e-06 | 1
 26, 23 |  -2.9398120997843440e-04 |  -2.9398120997843440e-04 | 1
 26, 24 |   5.1985646110004244e-04 |   5.1985646110004244e-04 | 1
 26, 25 |   4.8697645348053467e-04 |   4.8697645348053467e-04 | 1
 26, 26 |   2.8074941938908580e-03 |   2.8074941938908580e-03 | 1
 26, 27 |   3.5060558337553346e-04 |   3.5060558337553346e-04 | 1
 26, 28 |   3.6392579132543565e-04 |   3.6392579132543565e-04 | 1
 26, 29 |   4.6691260022169710e-04 |   4.6691260022169710e-04 | 1
 26, 30 |   3.2502464673624381e-04 |   3.2502464673624381e-04 | 1
 26, 31 |   6.0541020679455286e-04 |   6.0541020679455286e-04 | 1
 26, 32 |   1.3712450823645333e-04 |   1.3712450823645333e-04 | 1
 26, 33 |  -6.9588155344276620e-03 |  -6.9588155344276620e-03 | 1
 26, 34 |   7.3519967726853874e-04 |   7.3519967726853874e-04 | 1
 26, 35 |  -3.8125291202009675e-05 |  -3.8125291202009675e-05 | 1
 26, 36 |  -4.5006091716415112e-05 |  -4.5006091716415112e-05 | 1
 26, 37 |  -5.0855737633515236e-05 |  -5.0855737633515236e-05 | 1
 26, 38 |  -5.7371951518135324e-05 |  -5.7371951518135324e-05 | 1
 26, 39 |  -1.4763030129563243e-05 |  -1.4763030129563243e-05 | 1
 26, 40 |   5.2009399120950336e-05 |   5.2009399120950336e-05 | 1
 26, 41 |  -1.3591361475540786e-04 |  -1.3591361475540786e-04 | 1
 27,  1 |   3.6648870860264834e-05 |   3.6648870860264834e-05 | 1
 27,  2 |   1.2591120483611116e-04 |   1.2591120483611116e-04 | 1
 27,  3 |   2.4085950669035003e-04 |   2.4085950669035003e-04 | 1
 27,  4 |   2.8438428159830559e-04 |   2.8438428159830559e-04 | 1
 27,  5 |   2.4549158156846464e-04 |   2.4549158156846464e-04 | 1
 27,  6 |   4.8994156885215660e-04 |   4.8994156885215660e-04 | 1
 27,  7 |   1.4406657191454788e-04 |   1.4406657191454788e-04 | 1
 27,  8 |   3.7669768032083721e-04 |   3.7669768032083721e-04 | 1
 27,  9 |   1.7797796110231425e-04 |   1.7797796110231425e-04 | 1
 27, 10 |   2.1050560481343793e-04 |   2.1050560481343793e-04 | 1
 27, 11 |   7.0656248245144987e-04 |   7.0656248245144987e-04 | 1
 27, 12 |   2.1279961199931259e-04 |   2.1279961199931259e-04 | 1
 27, 13 |   2.9926365728441366e-04 |   2.9926365728441366e-04 | 1
 27, 14 |   4.8759205494514619e-05 |   4.8759205494514619e-05 | 1
 27, 15 |   1.8964251826606251e-04 |   1.8964251826606251e-04 | 1
 27, 16 |   4.4718052258680828e-04 |   4.4718052258680828e-04 | 1
 27, 17 |   1.7431251552330336e-04 |   1.7431251552330336e-04 | 1
 27, 18 |   2.5682996441696900e-04 |   2.5682996441696900e-04 | 1
 27, 19 |   1.1429142347271128e-03 |   1.1429142347271128e-03 | 1
 27, 20 |   3.8481241406981099e-04 |   3.8481241406981099e-04 | 1
 27, 21 |  -3.0388048610444275e-06 |  -3.0388048610444275e-06 | 1
 27, 22 |   1.5401989268338726e-04 |   1.5401989268338726e-04 | 1
 27, 23 |   7.5808920222931957e-05 |   7.5808920222931957e-05 | 1
 27, 24 |   3.8258837353443651e-04 |   3.8258837353443651e-04 | 1
 27, 25 |   3.6744216454759977e-04 |   3.6744216454759977e-04 | 1
 27, 26 |   3.5060558337553346e-04 |   3.5060558337553346e-04 | 1
 27, 27 |   2.9166850157864741e-03 |   2.9166850157864741e-03 | 1
 27, 28 |   3.7013269599465201e-04 |   3.7013269599465201e-04 | 1
 27, 29 |   3.6662203572857379e-04 |   3.6662203572857379e-04 | 1
 27, 30 |   3.0765197048113684e-04 |   3.0765197048113684e-04 | 1
 27, 31 |   4.2579209058798284e-04 |   4.2579209058798284e-04 | 1
 27, 32 |  -1.7796850379711872e-04 |  -1.7796850379711872e-04 | 1
 27, 33 |  -2.5794480808740655e-03 |  -2.5794480808740655e-03 | 1
 27, 34 |   4.6483428541121464e-04 |   4.6483428541121464e-04 | 1
 27, 35 |  -3.7500801256004461e-05 |  -3.7500801256004461e-05 | 1
 27, 36 |  -3.8523589740349095e-05 |  -3.8523589740349095e-05 | 1
 27, 37 |  -4.8594466397004706e-05 |  -4.8594466397004706e-05 | 1
 27, 38 |  -4.4588939160382750e-05 |  -4.4588939160382750e-05 | 1
 27, 39 |  -9.1494969549009076e-06 |  -9.1494969549009076e-06 | 1
 27, 40 |   4.4560960588962005e-05 |   4.4560960588962005e-05 | 1
 27, 41 |   1.7857917133480192e-04 |   1.7857917133480192e-04 | 1
 28,  1 |   4.1116587505076317e-05 |   4.1116587505076317e-05 | 1
 28,  2 |   1.6514725751881165e-04 |   1.6514725751881165e-04 | 1
 28,  3 |   2.8373608990640961e-04 |   2.8373608990640961e-04 | 1
 28,  4 |   3.1980238353758776e-04 |   3.1980238353758776e-04 | 1
 28,  5 |   2.8561613486023164e-04 |   2.8561613486023164e-04 | 1
 28,  6 |   4.8964259850669298e-04 |   4.8964259850669298e-04 | 1
 28,  7 |   2.5399431278698154e-04 |   2.5399431278698154e-04 | 1
 28,  8 |   3.9438584067562040e-04 |   3.9438584067562040e-04 | 1
 28,  9 |   2.2718780135811475e-04 |   2.2718780135811475e-04 | 1
 28, 10 |   2.8947106237459439e-04 |   2.8947106237459439e-04 | 1
 28, 11 |   6.6681827399318904e-04 |   6.6681827399318904e-04 | 1
 28, 12 |   2.6822416789300490e-04 |   2.6822416789300490e-04 | 1
 28, 13 |   3.3549197987741233e-04 |   3.3549197987741233e-04 | 1
 28, 14 |   1.5829004271756465e-04 |   1.5829004271756465e-04 | 1
 28, 15 |   2.6770600242550147e-04 |   2.6770600242550147e-04 | 1
 28, 16 |   4.6603183304564700e-04 |   4.6603183304564700e-04 | 1
 28, 17 |   2.1393248960812096e-04 |   2.1393248960812096e-04 | 1
 28, 18 |   2.9339794004792420e-04 |   2.9339794004792420e-04 | 1
 28, 19 |   1.0201553100654852e-03 |   1.0201553100654852e-03 | 1
 28, 20 |   4.1561113148886773e-04 |   4.1561113148886773e-04 | 1
 28, 21 |   9.7172502149212400e-05 |   9.7172502149212400e-05 | 1
 28, 22 |   1.9869976803391109e-04 |   1.9869976803391109e-04 | 1
 28, 23 |   1.4570889716623010e-04 |   1.4570889716623010e-04 | 1
 28, 24 |   4.0034519683659219e-04 |   4.0034519683659219e-04 | 1
 28, 25 |   3.8617396864833940e-04 |   3.8617396864833940e-04 | 1
 28, 26 |   3.6392579132543565e-04 |   3.6392579132543565e-04 | 1
 28, 27 |   3.7013269599465201e-04 |   3.7013269599465201e-04 | 1
 28, 28 |   2.1399997790133660e-03 |   2.1399997790133660e-03 | 1
 28, 29 |   3.8726281065285320e-04 |   3.8726281065285320e-04 | 1
 28, 30 |   3.3586341588114977e-04 |   3.3586341588114977e-04 | 1
 28, 31 |   4.3902402481984902e-04 |   4.3902402481984902e-04 | 1
 28, 32 |  -2.4722161089123392e-04 |  -2.4722161089123392e-04 | 1
 28, 33 |  -2.1063466714545307e-03 |  -2.1063466714545307e-03 | 1
 28, 34 |   4.6797772431053371e-04 |   4.6797772431053371e-04 | 1
 28, 35 |  -3.8787935963753014e-05 |  -3.8787935963753014e-05 | 1
 28, 36 |  -3.7476015643275471e-05 |  -3.7476015643275471e-05 | 1
 28, 37 |  -5.4257348236787760e-05 |  -5.4257348236787760e-05 | 1
 28, 38 |  -5.6153064075713257e-05 |  -5.6153064075713257e-05 | 1
 28, 39 |  -1.1680483757407207e-05 |  -1.1680483757407207e-05 | 1
 28, 40 |   4.9508867358332917e-05 |   4.9508867358332917e-05 | 1
 28, 41 |   2.4903752201079128e-04 |   2.4903752201079128e-04 | 1
 29,  1 |   3.8346780127104994e-05 |   3.8346780127104994e-05 | 1
 29,  2 |   3.7888371515969722e-05 |   3.7888371515969722e-05 | 1
 29,  3 |   1.9320451034736757e-04 |   1.9320451034736757e-04 | 1
 29,  4 |   2.8612691392185426e-04 |   2.8612691392185426e-04 | 1
 29,  5 |   2.0302478651132883e-04 |   2.0302478651132883e-04 | 1
 29,  6 |   7.2047298969182567e-04 |   7.2047298969182567e-04 | 1
 29,  7 |  -2.0901459357477005e-04 |  -2.0901459357477005e-04 | 1
 29,  8 |   4.8791449631817871e-04 |   4.8791449631817871e-04 | 1
 29,  9 |   6.9552571438387319e-05 |   6.9552571438387319e-05 | 1
 29, 10 |   1.3831490299158522e-05 |   1.3831490299158522e-05 | 1
 29, 11 |   1.1903488083581117e-03 |   1.1903488083581117e-03 | 1
 29, 12 |   9.8955030597140534e-05 |   9.8955030597140534e-05 | 1
 29, 13 |   2.9103642799364806e-04 |   2.9103642799364806e-04 | 1
 29, 14 |  -3.4729302495122472e-04 |  -3.4729302495122472e-04 | 1
 29, 15 |  -3.4298237209380328e-05 |  -3.4298237209380328e-05 | 1
 29, 16 |   5.8149056620365074e-04 |   5.8149056620365074e-04 | 1
 29, 17 |   1.0697786066842661e-04 |   1.0697786066842661e-04 | 1
 29, 18 |   2.4246706927021002e-04 |   2.4246706927021002e-04 | 1
 29, 19 |   2.1473984971982652e-03 |   2.1473984971982652e-03 | 1
 29, 20 |   4.4717290587584723e-04 |   4.4717290587584723e-04 | 1
 29, 21 |  -3.9683769490143526e-04 |  -3.9683769490143526e-04 | 1
 29, 22 |   5.6395623233727705e-05 |   5.6395623233727705e-05 | 1
 29, 23 |  -1.6143639563632043e-04 |  -1.6143639563632043e-04 | 1
 29, 24 |   4.9612576078012275e-04 |   4.9612576078012275e-04 | 1
 29, 25 |   4.6838565176398608e-04 |   4.6838565176398608e-04 | 1
 29, 26 |   4.6691260022169710e-04 |   4.6691260022169710e-04 | 1
 29, 27 |   3.6662203572857379e-04 |   3.6662203572857379e-04 | 1
 29, 28 |   3.8726281065285320e-04 |   3.8726281065285320e-04 | 1
 29, 29 |   1.3661243599167106e-03 |   1.3661243599167106e-03 | 1
 29, 30 |   3.3703648263798489e-04 |   3.3703648263798489e-04 | 1
 29, 31 |   5.6987213830396195e-04 |   5.6987213830396195e-04 | 1
 29, 32 |   1.0471383838839748e-05 |   1.0471383838839748e-05 | 1
 29, 33 |  -5.6037750920172706e-03 |  -5.6037750920172706e-03 | 1
 29, 34 |   6.7006799619392086e-04 |   6.7006799619392086e-04 | 1
 29, 35 |  -3.3295435448590000e-05 |  -3.3295435448590000e-05 | 1
 29, 36 |  -4.1947906674259864e-05 |  -4.1947906674259864e-05 | 1
 29, 37 |  -4.2236902150948069e-05 |  -4.2236902150948069e-05 | 1
 29, 38 |  -4.3804384304099580e-05 |  -4.3804384304099580e-05 | 1
 29, 39 |  -1.8854116609177927e-05 |  -1.8854116609177927e-05 | 1
 29, 40 |   4.7044283768869621e-05 |   4.7044283768869621e-05 | 1
 29, 41 |  -1.0377596827817083e-05 |  -1.0377596827817083e-05 | 1
 30,  1 |   4.0857308430370882e-05 |   4.0857308430370882e-05 | 1
 30,  2 |   1.1754039804542074e-04 |   1.1754039804542074e-04 | 1
 30,  3 |   2.2009483178356254e-04 |   2.2009483178356254e-04 | 1
 30,  4 |   2.6276759403763214e-04 |   2.6276759403763214e-04 | 1
 30,  5 |   2.2784141429539059e-04 |   2.2784141429539059e-04 | 1
 30,  6 |   4.5506591672655664e-04 |   4.5506591672655664e-04 | 1
 30,  7 |   1.2722557484402385e-04 |   1.2722557484402385e-04 | 1
 30,  8 |   3.4876716726027468e-04 |   3.4876716726027468e-04 | 1
 30,  9 |   1.6225677767759720e-04 |   1.6225677767759720e-04 | 1
 30, 10 |   1.9162480700915183e-04 |   1.9162480700915183e-04 | 1
 30, 11 |   6.5514902824624350e-04 |   6.5514902824624350e-04 | 1
 30, 12 |   1.9367404445637856e-04 |   1.9367404445637856e-04 | 1
 30, 13 |   2.7448172316679167e-04 |   2.7448172316679167e-04 | 1
 30, 14 |   4.0882222698206426e-05 |   4.0882222698206426e-05 | 1
 30, 15 |   1.6828461897123203e-04 |   1.6828461897123203e-04 | 1
 30, 16 |   4.1326736007545853e-04 |   4.1326736007545853e-04 | 1
 30, 17 |   1.5751063765055204e-04 |   1.5751063765055204e-04 | 1
 30, 18 |   2.3563732873584507e-04 |   2.3563732873584507e-04 | 1
 30, 19 |   1.0596256052007318e-03 |   1.0596256052007318e-03 | 1
 30, 20 |   3.5028673325729072e-04 |   3.5028673325729072e-04 | 1
 30, 21 |  -9.9997702862415064e-06 |  -9.9997702862415064e-06 | 1
 30, 22 |   1.4186958557853635e-04 |   1.4186958557853635e-04 | 1
 30, 23 |   6.5751911665812274e-05 |   6.5751911665812274e-05 | 1
 30, 24 |   3.5264077903581338e-04 |   3.5264077903581338e-04 | 1
 30, 25 |   3.3630549085270078e-04 |   3.3630549085270078e-04 | 1
 30, 26 |   3.2502464673624381e-04 |   3.2502464673624381e-04 | 1
 30, 27 |   3.0765197048113684e-04 |   3.0765197048113684e-04 | 1
 30, 28 |   3.3586341588114977e-04 |   3.3586341588114977e-04 | 1
 30, 29 |   3.3703648263798489e-04 |   3.3703648263798489e-04 | 1
 30, 30 |   2.8442325089158681e-03 |   2.8442325089158681e-03 | 1
 30, 31 |   3.9131743379980816e-04 |   3.9131743379980816e-04 | 1
 30, 32 |  -1.5083357478184146e-04 |  -1.5083357478184146e-04 | 1
 30, 33 |  -2.4056721533724165e-03 |  -2.4056721533724165e-03 | 1
 30, 34 |   4.2889819717169427e-04 |   4.2889819717169427e-04 | 1
 30, 35 |  -4.0266505200361170e-05 |  -4.0266505200361170e-05 | 1
 30, 36 |  -4.6840134456587092e-05 |  -4.6840134456587092e-05 | 1
 30, 37 |  -5.0186510039229164e-05 |  -5.0186510039229164e-05 | 1
 30, 38 |  -5.3370200252468808e-05 |  -5.3370200252468808e-05 | 1
 30, 39 |  -9.2934045544824488e-06 |  -9.2934045544824488e-06 | 1
 30, 40 |   4.9567978064476606e-05 |   4.9567978064476606e-05 | 1
 30, 41 |   1.5146671723526771e-04 |   1.5146671723526771e-04 | 1
 31,  1 |   4.1847841768414990e-05 |   4.1847841768414990e-05 | 1
 31,  2 |  -3.4981785013152033e-05 |  -3.4981785013152033e-05 | 1
 31,  3 |   1.7277678434092779e-04 |   1.7277678434092779e-04 | 1
 31,  4 |   3.1318337139815336e-04 |   3.1318337139815336e-04 | 1
 31,  5 |   1.7912073441972708e-04 |   1.7912073441972708e-04 | 1
 31,  6 |   9.7846461324928714e-04 |   9.7846461324928714e-04 | 1
 31,  7 |  -5.2950983089300680e-04 |  -5.2950983089300680e-04 | 1
 31,  8 |   6.2445076561725181e-04 |   6.2445076561725181e-04 | 1
 31,  9 |  -1.5156913562179246e-05 |  -1.5156913562179246e-05 | 1
 31, 10 |  -1.5420239441386215e-04 |  -1.5420239441386215e-04 | 1
 31, 11 |   1.7079757959040497e-03 |   1.7079757959040497e-03 | 1
 31, 12 |   1.2181098589947093e-05 |   1.2181098589947093e-05 | 1
 31, 13 |   3.0710319636329398e-04 |   3.0710319636329398e-04 | 1
 31, 14 |  -7.1828887713777569e-04 |  -7.1828887713777569e-04 | 1
 31, 15 |  -2.2642792484965537e-04 |  -2.2642792484965537e-04 | 1
 31, 16 |   7.4564528165384182e-04 |   7.4564528165384182e-04 | 1
 31, 17 |   5.9227837691356230e-05 |   5.9227837691356230e-05 | 1
 31, 18 |   2.4889249607625778e-04 |   2.4889249607625778e-04 | 1
 31, 19 |   3.1900859700353780e-03 |   3.1900859700353780e-03 | 1
 31, 20 |   5.4145975513078363e-04 |   5.4145975513078363e-04 | 1
 31, 21 |  -7.6969263335567681e-04 |  -7.6969263335567681e-04 | 1
 31, 22 |  -2.4529107003995063e-05 |  -2.4529107003995063e-05 | 1
 31, 23 |  -3.7775280584548488e-04 |  -3.7775280584548488e-04 | 1
 31, 24 |   6.3353967265338657e-04 |   6.3353967265338657e-04 | 1
 31, 25 |   5.9505268743599864e-04 |   5.9505268743599864e-04 | 1
 31, 26 |   6.0541020679455286e-04 |   6.0541020679455286e-04 | 1
 31, 27 |   4.2579209058798284e-04 |   4.2579209058798284e-04 | 1
 31, 28 |   4.3902402481984902e-04 |   4.3902402481984902e-04 | 1
 31, 29 |   5.6987213830396195e-04 |   5.6987213830396195e-04 | 1
 31, 30 |   3.9131743379980816e-04 |   3.9131743379980816e-04 | 1
 31, 31 |   1.8629728875441706e-03 |   1.8629728875441706e-03 | 1
 31, 32 |   1.7101513792343884e-04 |   1.7101513792343884e-04 | 1
 31, 33 |  -8.6607322170736776e-03 |  -8.6607322170736776e-03 | 1
 31, 34 |   9.0145551800715790e-04 |   9.0145551800715790e-04 | 1
 31, 35 |  -3.8806064923917866e-05 |  -3.8806064923917866e-05 | 1
 31, 36 |  -4.4394813039869718e-05 |  -4.4394813039869718e-05 | 1
 31, 37 |  -5.2473635940587974e-05 |  -5.2473635940587974e-05 | 1
 31, 38 |  -5.0789723730307351e-05 |  -5.0789723730307351e-05 | 1
 31, 39 |  -1.4581652813063728e-05 |  -1.4581652813063728e-05 | 1
 31, 40 |   5.1182299574996251e-05 |   5.1182299574996251e-05 | 1
 31, 41 |  -1.7051767761408764e-04 |  -1.7051767761408764e-04 | 1
 32,  1 |   2.8660428494933506e-06 |   2.8660428494933506e-06 | 1
 32,  2 |   7.5964269067167354e-04 |   7.5964269067167354e-04 | 1
 32,  3 |  -3.6358303349805167e-04 |  -3.6358303349805167e-04 | 1
 32,  4 |  -2.2147167533564596e-04 |  -2.2147167533564596e-04 | 1
 32,  5 |  -3.7682541066037437e-04 |  -3.7682541066037437e-04 | 1
 32,  6 |   4.4281172437993325e-04 |   4.4281172437993325e-04 | 1
 32,  7 |  -1.4404536507076986e-03 |  -1.4404536507076986e-03 | 1
 32,  8 |   9.9014506817449714e-05 |   9.9014506817449714e-05 | 1
 32,  9 |  -5.4054516518697881e-04 |  -5.4054516518697881e-04 | 1
 32, 10 |  -9.1231728617225056e-04 |  -9.1231728617225056e-04 | 1
 32, 11 |   1.1998448187966139e-03 |   1.1998448187966139e-03 | 1
 32, 12 |  -5.9249646580200577e-04 |  -5.9249646580200577e-04 | 1
 32, 13 |  -2.8914310842645906e-04 |  -2.8914310842645906e-04 | 1
 32, 14 |  -1.5145792837755285e-03 |  -1.5145792837755285e-03 | 1
 32, 15 |  -9.8891436653710169e-04 |  -9.8891436653710169e-04 | 1
 32, 16 |   1.2410007797782454e-04 |   1.2410007797782454e-04 | 1
 32, 17 |  -4.0124160316021794e-04 |  -4.0124160316021794e-04 | 1
 32, 18 |  -2.7458760650755432e-04 |  -2.7458760650755432e-04 | 1
 32, 19 |   2.7500117767150951e-03 |   2.7500117767150951e-03 | 1
 32, 20 |  -9.8225462548751378e-05 |  -9.8225462548751378e-05 | 1
 32, 21 |  -1.4780385427288032e-03 |  -1.4780385427288032e-03 | 1
 32, 22 |  -4.9042405002280485e-04 |  -4.9042405002280485e-04 | 1
 32, 23 |  -9.4767326101815740e-04 |  -9.4767326101815740e-04 | 1
 32, 24 |   9.0232426293905462e-05 |   9.0232426293905462e-05 | 1
 32, 25 |   5.9541807350324254e-05 |   5.9541807350324254e-05 | 1
 32, 26 |   1.3712450823645333e-04 |   1.3712450823645333e-04 | 1
 32, 27 |  -1.7796850379711872e-04 |  -1.7796850379711872e-04 | 1
 32, 28 |  -2.4722161089123392e-04 |  -2.4722161089123392e-04 | 1
 32, 29 |   1.0471383838839748e-05 |   1.0471383838839748e-05 | 1
 32, 30 |  -1.5083357478184146e-04 |  -1.5083357478184146e-04 | 1
 32, 31 |   1.7101513792343884e-04 |   1.7101513792343884e-04 | 1
 32, 32 |   1.9808840550023308e-03 |   1.9808840550023308e-03 | 1
 32, 33 |  -9.0028814804079087e-03 |  -9.0028814804079087e-03 | 1
 32, 34 |   3.6381199425876876e-04 |   3.6381199425876876e-04 | 1
 32, 35 |  -1.4868607696903331e-06 |  -1.4868607696903331e-06 | 1
 32, 36 |  -1.0533224210725162e-06 |  -1.0533224210725162e-06 | 1
 32, 37 |  -3.7044951710924297e-06 |  -3.7044951710924297e-06 | 1
 32, 38 |  -1.4360759361844751e-05 |  -1.4360759361844751e-05 | 1
 32, 39 |   3.6244536255999916e-06 |   3.6244536255999916e-06 | 1
 32, 40 |   2.7787179147586694e-06 |   2.7787179147586694e-06 | 1
 32, 41 |  -1.9798176081433309e-03 |  -1.9798176081433309e-03 | 1
 33,  1 |   8.9478110628663510e-06 |   8.9478110628663510e-06 | 1
 33,  2 |   4.3098935126219661e-03 |   4.3098935126219661e-03 | 1
 33,  3 |   1.7021498766286065e-03 |   1.7021498766286065e-03 | 1
 33,  4 |  -8.8264650186213145e-04 |  -8.8264650186213145e-04 | 1
 33,  5 |   1.7325118959688466e-03 |   1.7325118959688466e-03 | 1
 33,  6 |  -1.3295986548752600e-02 |  -1.3295986548752600e-02 | 1
 33,  7 |   1.7927175840967570e-02 |   1.7927175840967570e-02 | 1
 33,  8 |  -6.7775377606547884e-03 |  -6.7775377606547884e-03 | 1
 33,  9 |   5.0508987172036349e-03 |   5.0508987172036349e-03 | 1
 33, 10 |   9.6166192287772036e-03 |   9.6166192287772036e-03 | 1
 33, 11 |  -2.7086645754783388e-02 |  -2.7086645754783388e-02 | 1
 33, 12 |   5.2479754296209779e-03 |   5.2479754296209779e-03 | 1
 33, 13 |  -3.5221484107077878e-04 |  -3.5221484107077878e-04 | 1
 33, 14 |   2.0458364357862420e-02 |   2.0458364357862420e-02 | 1
 33, 15 |   1.0967739833647435e-02 |   1.0967739833647435e-02 | 1
 33, 16 |  -8.1764384007882857e-03 |  -8.1764384007882857e-03 | 1
 33, 17 |   2.9565449476634063e-03 |   2.9565449476634063e-03 | 1
 33, 18 |   8.2756995067694264e-05 |   8.2756995067694264e-05 | 1
 33, 19 |  -5.5269641071686866e-02 |  -5.5269641071686866e-02 | 1
 33, 20 |  -4.4466190313109250e-03 |  -4.4466190313109250e-03 | 1
 33, 21 |   2.0430759538561424e-02 |   2.0430759538561424e-02 | 1
 33, 22 |   4.7565324359721524e-03 |   4.7565324359721524e-03 | 1
 33, 23 |   1.2067559727760989e-02 |   1.2067559727760989e-02 | 1
 33, 24 |  -6.8753304402917464e-03 |  -6.8753304402917464e-03 | 1
 33, 25 |  -6.3009307513982966e-03 |  -6.3009307513982966e-03 | 1
 33, 26 |  -6.9588155344276620e-03 |  -6.9588155344276620e-03 | 1
 33, 27 |  -2.5794480808740655e-03 |  -2.5794480808740655e-03 | 1
 33, 28 |  -2.1063466714545307e-03 |  -2.1063466714545307e-03 | 1
 33, 29 |  -5.6037750920172706e-03 |  -5.6037750920172706e-03 | 1
 33, 30 |  -2.4056721533724165e-03 |  -2.4056721533724165e-03 | 1
 33, 31 |  -8.6607322170736776e-03 |  -8.6607322170736776e-03 | 1
 33, 32 |  -9.0028814804079087e-03 |  -9.0028814804079087e-03 | 1
 33, 33 |   1.6362731896506708e-01 |   1.6362731896506708e-01 | 1
 33, 34 |  -1.1877074337065044e-02 |  -1.1877074337065044e-02 | 1
 33, 35 |  -9.7738475462623352e-06 |  -9.7738475462623352e-06 | 1
 33, 36 |  -1.7057198816420862e-06 |  -1.7057198816420862e-06 | 1
 33, 37 |   4.4192859022309719e-05 |   4.4192859022309719e-05 | 1
 33, 38 |   1.0567312799046133e-04 |   1.0567312799046133e-04 | 1
 33, 39 |  -1.0411769553837473e-04 |  -1.0411769553837473e-04 | 1
 33, 40 |   1.5783924815529538e-05 |   1.5783924815529538e-05 | 1
 33, 41 |   8.9942717269734188e-03 |   8.9942717269734188e-03 | 1
 34,  1 |   4.4014575290854386e-05 |   4.4014575290854386e-05 | 1
 34,  2 |  -1.2393867731341768e-04 |  -1.2393867731341768e-04 | 1
 34,  3 |   1.3113595854664589e-04 |   1.3113595854664589e-04 | 1
 34,  4 |   3.2317737544220371e-04 |   3.2317737544220371e-04 | 1
 34,  5 |   1.3643215303123452e-04 |   1.3643215303123452e-04 | 1
 34,  6 |   1.2313946595567057e-03 |   1.2313946595567057e-03 | 1
 34,  7 |  -8.9622125266144656e-04 |  -8.9622125266144656e-04 | 1
 34,  8 |   7.4971911292122189e-04 |   7.4971911292122189e-04 | 1
 34,  9 |  -1.2317329763118881e-04 |  -1.2317329763118881e-04 | 1
 34, 10 |  -3.5468695620900445e-04 |  -3.5468695620900445e-04 | 1
 34, 11 |   2.2300185695042084e-03 |   2.2300185695042084e-03 | 1
 34, 12 |  -1.0069503180255385e-04 |  -1.0069503180255385e-04 | 1
 34, 13 |   3.0291862661562983e-04 |   3.0291862661562983e-04 | 1
 34, 14 |  -1.1319827922522275e-03 |  -1.1319827922522275e-03 | 1
 34, 15 |  -4.5667855088026119e-04 |  -4.5667855088026119e-04 | 1
 34, 16 |   8.9611581048751874e-04 |   8.9611581048751874e-04 | 1
 34, 17 |  -6.5707764116928830e-06 |  -6.5707764116928830e-06 | 1
 34, 18 |   2.3963595375616243e-04 |   2.3963595375616243e-04 | 1
 34, 19 |   4.2664322426741929e-03 |   4.2664322426741929e-03 | 1
 34, 20 |   6.1730773267314957e-04 |   6.1730773267314957e-04 | 1
 34, 21 |  -1.1836123611074748e-03 |  -1.1836123611074748e-03 | 1
 34, 22 |  -1.2434965292487925e-04 |  -1.2434965292487925e-04 | 1
 34, 23 |  -6.2479037249078394e-04 |  -6.2479037249078394e-04 | 1
 34, 24 |   7.5996719776585942e-04 |   7.5996719776585942e-04 | 1
 34, 25 |   7.0935100377023151e-04 |   7.0935100377023151e-04 | 1
 34, 26 |   7.3519967726853874e-04 |   7.3519967726853874e-04 | 1
 34, 27 |   4.6483428541121464e-04 |   4.6483428541121464e-04 | 1
 34, 28 |   4.6797772431053371e-04 |   4.6797772431053371e-04 | 1
 34, 29 |   6.7006799619392086e-04 |   6.7006799619392086e-04 | 1
 34, 30 |   4.2889819717169427e-04 |   4.2889819717169427e-04 | 1
 34, 31 |   9.0145551800715790e-04 |   9.0145551800715790e-04 | 1
 34, 32 |   3.6381199425876876e-04 |   3.6381199425876876e-04 | 1
 34, 33 |  -1.1877074337065044e-02 |  -1.1877074337065044e-02 | 1
 34, 34 |   1.1790067781062049e-03 |   1.1790067781062049e-03 | 1
 34, 35 |  -3.7451209051100599e-05 |  -3.7451209051100599e-05 | 1
 34, 36 |  -4.5093053732137456e-05 |  -4.5093053732137456e-05 | 1
 34, 37 |  -5.4129724395095479e-05 |  -5.4129724395095479e-05 | 1
 34, 38 |  -5.9196231972115027e-05 |  -5.9196231972115027e-05 | 1
 34, 39 |  -1.5381718998560021e-05 |  -1.5381718998560021e-05 | 1
 34, 40 |   5.3742520518249517e-05 |   5.3742520518249517e-05 | 1
 34, 41 |  -3.6263263809827305e-04 |  -3.6263263809827305e-04 | 1
 35,  1 |  -4.0289125693652040e-05 |  -4.0289125693652040e-05 | 1
 35,  2 |  -4.1388226027654713e-05 |  -4.1388226027654713e-05 | 1
 35,  3 |  -4.2030394505784196e-05 |  -4.2030394505784196e-05 | 1
 35,  4 |  -4.4919817775475532e-05 |  -4.4919817775475532e-05 | 1
 35,  5 |  -3.9104395145116155e-05 |  -3.9104395145116155e-05 | 1
 35,  6 |  -4.1912365262593901e-05 |  -4.1912365262593901e-05 | 1
 35,  7 |  -4.3581389620556279e-05 |  -4.3581389620556279e-05 | 1
 35,  8 |  -4.3342025054355833e-05 |  -4.3342025054355833e-05 | 1
 35,  9 |  -5.1069566863043344e-05 |  -5.1069566863043344e-05 | 1
 35, 10 |  -5.0483381125027789e-05 |  -5.0483381125027789e-05 | 1
 35, 11 |  -4.5197738322525372e-05 |  -4.5197738322525372e-05 | 1
 35, 12 |  -4.7401821614333103e-05 |  -4.7401821614333103e-05 | 1
 35, 13 |  -4.8540054644201090e-05 |  -4.8540054644201090e-05 | 1
 35, 14 |  -5.4857852297857582e-05 |  -5.4857852297857582e-05 | 1
 35, 15 |  -5.3836677804671748e-05 |  -5.3836677804671748e-05 | 1
 35, 16 |  -5.1587335989553107e-05 |  -5.1587335989553107e-05 | 1
 35, 17 |  -2.3192500743714212e-05 |  -2.3192500743714212e-05 | 1
 35, 18 |  -3.5075223353649905e-05 |  -3.5075223353649905e-05 | 1
 35, 19 |  -2.7639250400963030e-05 |  -2.7639250400963030e-05 | 1
 35, 20 |  -2.6542703886097305e-05 |  -2.6542703886097305e-05 | 1
 35, 21 |  -2.6410770277122562e-05 |  -2.6410770277122562e-05 | 1
 35, 22 |  -3.9150558727681095e-05 |  -3.9150558727681095e-05 | 1
 35, 23 |  -3.2682468966528069e-05 |  -3.2682468966528069e-05 | 1
 35, 24 |  -3.2970755840185624e-05 |  -3.2970755840185624e-05 | 1
 35, 25 |  -3.4285227757375230e-05 |  -3.4285227757375230e-05 | 1
 35, 26 |  -3.8125291202009675e-05 |  -3.8125291202009675e-05 | 1
 35, 27 |  -3.7500801256004461e-05 |  -3.7500801256004461e-05 | 1
 35, 28 |  -3.8787935963753014e-05 |  -3.8787935963753014e-05 | 1
 35, 29 |  -3.3295435448590000e-05 |  -3.3295435448590000e-05 | 1
 35, 30 |  -4.0266505200361170e-05 |  -4.0266505200361170e-05 | 1
 35, 31 |  -3.8806064923917866e-05 |  -3.8806064923917866e-05 | 1
 35, 32 |  -1.4868607696903331e-06 |  -1.4868607696903331e-06 | 1
 35, 33 |  -9.7738475462623352e-06 |  -9.7738475462623352e-06 | 1
 35, 34 |  -3.7451209051100599e-05 |  -3.7451209051100599e-05 | 1
 35, 35 |   6.5035276888349871e-05 |   6.5035276888349871e-05 | 1
 35, 36 |   4.7343970267357172e-05 |   4.7343970267357172e-05 | 1
 35, 37 |   4.5420355197409661e-05 |   4.5420355197409661e-05 | 1
 35, 38 |   4.5018522457953672e-05 |   4.5018522457953672e-05 | 1
 35, 39 |  -3.0756783627751021e-07 |  -3.0756783627751021e-07 | 1
 35, 40 |  -4.6529549495032729e-05 |  -4.6529549495032729e-05 | 1
 35, 41 |   2.1240669257606897e-06 |   2.1240669257606897e-06 | 1
 36,  1 |  -4.5907025949274643e-05 |  -4.5907025949274643e-05 | 1
 36,  2 |  -4.8526266482803152e-05 |  -4.8526266482803152e-05 | 1
 36,  3 |  -4.5302474415878823e-05 |  -4.5302474415878823e-05 | 1
 36,  4 |  -5.3227931848108487e-05 |  -5.3227931848108487e-05 | 1
 36,  5 |  -6.0734680810209123e-05 |  -6.0734680810209123e-05 | 1
 36,  6 |  -5.6533646695562683e-05 |  -5.6533646695562683e-05 | 1
 36,  7 |  -6.7561692791236392e-05 |  -6.7561692791236392e-05 | 1
 36,  8 |  -5.2360384168737085e-05 |  -5.2360384168737085e-05 | 1
 36,  9 |  -4.4522483142388752e-05 |  -4.4522483142388752e-05 | 1
 36, 10 |  -5.3478614274333892e-05 |  -5.3478614274333892e-05 | 1
 36, 11 |  -4.8632597365976642e-05 |  -4.8632597365976642e-05 | 1
 36, 12 |  -5.0696324131571318e-05 |  -5.0696324131571318e-05 | 1
 36, 13 |  -5.2583374449344464e-05 |  -5.2583374449344464e-05 | 1
 36, 14 |  -6.1909444771143804e-05 |  -6.1909444771143804e-05 | 1
 36, 15 |  -5.5277897714010821e-05 |  -5.5277897714010821e-05 | 1
 36, 16 |  -6.0471241909829324e-05 |  -6.0471241909829324e-05 | 1
 36, 17 |  -2.6322804486197697e-05 |  -2.6322804486197697e-05 | 1
 36, 18 |  -3.8598323675418579e-05 |  -3.8598323675418579e-05 | 1
 36, 19 |  -3.6875661681986196e-05 |  -3.6875661681986196e-05 | 1
 36, 20 |  -3.5920044100702902e-05 |  -3.5920044100702902e-05 | 1
 36, 21 |  -4.3389644322470324e-05 |  -4.3389644322470324e-05 | 1
 36, 22 |  -4.6818244390690036e-05 |  -4.6818244390690036e-05 | 1
 36, 23 |  -4.3606788370048953e-05 |  -4.3606788370048953e-05 | 1
 36, 24 |  -4.3844414572765835e-05 |  -4.3844414572765835e-05 | 1
 36, 25 |  -3.1436951954045230e-05 |  -3.1436951954045230e-05 | 1
 36, 26 |  -4.5006091716415112e-05 |  -4.5006091716415112e-05 | 1
 36, 27 |  -3.8523589740349095e-05 |  -3.8523589740349095e-05 | 1
 36, 28 |  -3.7476015643275471e-05 |  -3.7476015643275471e-05 | 1
 36, 29 |  -4.1947906674259864e-05 |  -4.1947906674259864e-05 | 1
 36, 30 |  -4.6840134456587092e-05 |  -4.6840134456587092e-05 | 1
 36, 31 |  -4.4394813039869718e-05 |  -4.4394813039869718e-05 | 1
 36, 32 |  -1.0533224210725162e-06 |  -1.0533224210725162e-06 | 1
 36, 33 |  -1.7057198816420862e-06 |  -1.7057198816420862e-06 | 1
 36, 34 |  -4.5093053732137456e-05 |  -4.5093053732137456e-05 | 1
 36, 35 |   4.7343970267357172e-05 |   4.7343970267357172e-05 | 1
 36, 36 |   7.5649162941273301e-05 |   7.5649162941273301e-05 | 1
 36, 37 |   5.6042207234580126e-05 |   5.6042207234580126e-05 | 1
 36, 38 |   5.5166393483172525e-05 |   5.5166393483172525e-05 | 1
 36, 39 |   2.9224877942559589e-07 |   2.9224877942559589e-07 | 1
 36, 40 |  -5.6488651966011416e-05 |  -5.6488651966011416e-05 | 1
 36, 41 |   2.6513813606105810e-06 |   2.6513813606105810e-06 | 1
 37,  1 |  -4.9842879347205852e-05 |  -4.9842879347205852e-05 | 1
 37,  2 |  -5.4881001930905887e-05 |  -5.4881001930905887e-05 | 1
 37,  3 |  -6.5041937229863762e-05 |  -6.5041937229863762e-05 | 1
 37,  4 |  -6.6434774559007408e-05 |  -6.6434774559007408e-05 | 1
 37,  5 |  -5.4658655608784496e-05 |  -5.4658655608784496e-05 | 1
 37,  6 |  -6.1773816816781523e-05 |  -6.1773816816781523e-05 | 1
 37,  7 |  -7.3252828286748037e-05 |  -7.3252828286748037e-05 | 1
 37,  8 |  -6.2938729961237654e-05 |  -6.2938729961237654e-05 | 1
 37,  9 |  -4.8210958418440437e-05 |  -4.8210958418440437e-05 | 1
 37, 10 |  -5.1980423566633929e-05 |  -5.1980423566633929e-05 | 1
 37, 11 |  -6.6558878917746833e-05 |  -6.6558878917746833e-05 | 1
 37, 12 |  -5.9980281383913896e-05 |  -5.9980281383913896e-05 | 1
 37, 13 |  -4.9357723326123792e-05 |  -4.9357723326123792e-05 | 1
 37, 14 |  -5.5336909252454795e-05 |  -5.5336909252454795e-05 | 1
 37, 15 |  -5.7711044411708561e-05 |  -5.7711044411708561e-05 | 1
 37, 16 |  -6.8057889279052471e-05 |  -6.8057889279052471e-05 | 1
 37, 17 |  -3.3769936440704150e-05 |  -3.3769936440704150e-05 | 1
 37, 18 |  -4.3505120731843981e-05 |  -4.3505120731843981e-05 | 1
 37, 19 |  -6.3105739265533839e-05 |  -6.3105739265533839e-05 | 1
 37, 20 |  -5.0600626634804074e-05 |  -5.0600626634804074e-05 | 1
 37, 21 |  -3.3374833321111296e-05 |  -3.3374833321111296e-05 | 1
 37, 22 |  -4.9855377128525541e-05 |  -4.9855377128525541e-05 | 1
 37, 23 |  -4.3366067729379137e-05 |  -4.3366067729379137e-05 | 1
 37, 24 |  -4.9933332582554715e-05 |  -4.9933332582554715e-05 | 1
 37, 25 |  -4.0539374987800901e-05 |  -4.0539374987800901e-05 | 1
 37, 26 |  -5.0855737633515236e-05 |  -5.0855737633515236e-05 | 1
 37, 27 |  -4.8594466397004706e-05 |  -4.8594466397004706e-05 | 1
 37, 28 |  -5.4257348236787760e-05 |  -5.4257348236787760e-05 | 1
 37, 29 |  -4.2236902150948069e-05 |  -4.2236902150948069e-05 | 1
 37, 30 |  -5.0186510039229164e-05 |  -5.0186510039229164e-05 | 1
 37, 31 |  -5.2473635940587974e-05 |  -5.2473635940587974e-05 | 1
 37, 32 |  -3.7044951710924297e-06 |  -3.7044951710924297e-06 | 1
 37, 33 |   4.4192859022309719e-05 |   4.4192859022309719e-05 | 1
 37, 34 |  -5.4129724395095479e-05 |  -5.4129724395095479e-05 | 1
 37, 35 |   4.5420355197409661e-05 |   4.5420355197409661e-05 | 1
 37, 36 |   5.6042207234580126e-05 |   5.6042207234580126e-05 | 1
 37, 37 |   8.3256233301554701e-05 |   8.3256233301554701e-05 | 1
 37, 38 |   6.6859461252825436e-05 |   6.6859461252825436e-05 | 1
 37, 39 |   3.1220677536379437e-07 |   3.1220677536379437e-07 | 1
 37, 40 |  -6.1656720067801603e-05 |  -6.1656720067801603e-05 | 1
 37, 41 |   1.9548824741803302e-06 |   1.9548824741803302e-06 | 1
 38,  1 |  -5.2980684054323044e-05 |  -5.2980684054323044e-05 | 1
 38,  2 |  -6.0422520607824156e-05 |  -6.0422520607824156e-05 | 1
 38,  3 |  -5.7424221018455217e-05 |  -5.7424221018455217e-05 | 1
 38,  4 |  -6.7584808635190582e-05 |  -6.7584808635190582e-05 | 1
 38,  5 |  -5.4823795209230956e-05 |  -5.4823795209230956e-05 | 1
 38,  6 |  -7.3650533761372017e-05 |  -7.3650533761372017e-05 | 1
 38,  7 |  -5.4580862557137622e-05 |  -5.4580862557137622e-05 | 1
 38,  8 |  -6.9102024652921309e-05 |  -6.9102024652921309e-05 | 1
 38,  9 |  -4.9972357725070434e-05 |  -4.9972357725070434e-05 | 1
 38, 10 |  -6.4421827211586175e-05 |  -6.4421827211586175e-05 | 1
 38, 11 |  -7.1845515801323000e-05 |  -7.1845515801323000e-05 | 1
 38, 12 |  -5.9839638658584670e-05 |  -5.9839638658584670e-05 | 1
 38, 13 |  -5.0858434891964976e-05 |  -5.0858434891964976e-05 | 1
 38, 14 |  -5.7995202972113227e-05 |  -5.7995202972113227e-05 | 1
 38, 15 |  -4.2908085661900685e-05 |  -4.2908085661900685e-05 | 1
 38, 16 |  -7.1315586060573868e-05 |  -7.1315586060573868e-05 | 1
 38, 17 |  -3.3825750388999983e-05 |  -3.3825750388999983e-05 | 1
 38, 18 |  -5.1737066534249880e-05 |  -5.1737066534249880e-05 | 1
 38, 19 |  -7.9143368568735018e-05 |  -7.9143368568735018e-05 | 1
 38, 20 |  -5.2576378813535071e-05 |  -5.2576378813535071e-05 | 1
 38, 21 |  -2.4556497674611035e-05 |  -2.4556497674611035e-05 | 1
 38, 22 |  -4.9729922675844187e-05 |  -4.9729922675844187e-05 | 1
 38, 23 |  -3.8183839290486079e-05 |  -3.8183839290486079e-05 | 1
 38, 24 |  -5.5151840555002061e-05 |  -5.5151840555002061e-05 | 1
 38, 25 |  -4.3684356202785621e-05 |  -4.3684356202785621e-05 | 1
 38, 26 |  -5.7371951518135324e-05 |  -5.7371951518135324e-05 | 1
 38, 27 |  -4.4588939160382750e-05 |  -4.4588939160382750e-05 | 1
 38, 28 |  -5.6153064075713257e-05 |  -5.6153064075713257e-05 | 1
 38, 29 |  -4.3804384304099580e-05 |  -4.3804384304099580e-05 | 1
 38, 30 |  -5.3370200252468808e-05 |  -5.3370200252468808e-05 | 1
 38, 31 |  -5.0789723730307351e-05 |  -5.0789723730307351e-05 | 1
 38, 32 |  -1.4360759361844751e-05 |  -1.4360759361844751e-05 | 1
 38, 33 |   1.0567312799046133e-04 |   1.0567312799046133e-04 | 1
 38, 34 |  -5.9196231972115027e-05 |  -5.9196231972115027e-05 | 1
 38, 35 |   4.5018522457953672e-05 |   4.5018522457953672e-05 | 1
 38, 36 |   5.5166393483172525e-05 |   5.5166393483172525e-05 | 1
 38, 37 |   6.6859461252825436e-05 |   6.6859461252825436e-05 | 1
 38, 38 |   9.5565518736120489e-05 |   9.5565518736120489e-05 | 1
 38, 39 |  -2.2314345450532748e-07 |  -2.2314345450532748e-07 | 1
 38, 40 |  -6.1372659145428446e-05 |  -6.1372659145428446e-05 | 1
 38, 41 |   1.0005746558438892e-05 |   1.0005746558438892e-05 | 1
 39,  1 |  -2.2498590356501227e-05 |  -2.2498590356501227e-05 | 1
 39,  2 |  -2.5441683053748023e-05 |  -2.5441683053748023e-05 | 1
 39,  3 |  -2.4100734415835407e-05 |  -2.4100734415835407e-05 | 1
 39,  4 |  -2.1782607248126446e-05 |  -2.1782607248126446e-05 | 1
 39,  5 |  -2.4658246079374786e-05 |  -2.4658246079374786e-05 | 1
 39,  6 |  -1.4059548283541028e-06 |  -1.4059548283541028e-06 | 1
 39,  7 |  -4.5231500026642089e-05 |  -4.5231500026642089e-05 | 1
 39,  8 |  -1.3668031894334035e-05 |  -1.3668031894334035e-05 | 1
 39,  9 |  -2.0014222433815529e-05 |  -2.0014222433815529e-05 | 1
 39, 10 |  -2.8285401412176103e-05 |  -2.8285401412176103e-05 | 1
 39, 11 |   7.3862986719515829e-06 |   7.3862986719515829e-06 | 1
 39, 12 |  -2.2259770541120518e-05 |  -2.2259770541120518e-05 | 1
 39, 13 |  -1.7036404100941095e-05 |  -1.7036404100941095e-05 | 1
 39, 14 |  -4.1520929982196363e-05 |  -4.1520929982196363e-05 | 1
 39, 15 |  -2.6739284977985186e-05 |  -2.6739284977985186e-05 | 1
 39, 16 |  -1.7142635758859802e-05 |  -1.7142635758859802e-05 | 1
 39, 17 |  -1.4242458688420336e-05 |  -1.4242458688420336e-05 | 1
 39, 18 |  -2.1129221186397879e-05 |  -2.1129221186397879e-05 | 1
 39, 19 |   2.5240144473062503e-05 |   2.5240144473062503e-05 | 1
 39, 20 |  -8.4190789268953219e-06 |  -8.4190789268953219e-06 | 1
 39, 21 |  -2.7060564467052467e-05 |  -2.7060564467052467e-05 | 1
 39, 22 |  -3.1226764499636213e-05 |  -3.1226764499636213e-05 | 1
 39, 23 |  -2.1046166540590947e-05 |  -2.1046166540590947e-05 | 1
 39, 24 |  -1.8850245007700201e-05 |  -1.8850245007700201e-05 | 1
 39, 25 |  -1.5092722223499661e-05 |  -1.5092722223499661e-05 | 1
 39, 26 |  -1.4763030129563243e-05 |  -1.4763030129563243e-05 | 1
 39, 27 |  -9.1494969549009076e-06 |  -9.1494969549009076e-06 | 1
 39, 28 |  -1.1680483757407207e-05 |  -1.1680483757407207e-05 | 1
 39, 29 |  -1.8854116609177927e-05 |  -1.8854116609177927e-05 | 1
 39, 30 |  -9.2934045544824488e-06 |  -9.2934045544824488e-06 | 1
 39, 31 |  -1.4581652813063728e-05 |  -1.4581652813063728e-05 | 1
 39, 32 |   3.6244536255999916e-06 |   3.6244536255999916e-06 | 1
 39, 33 |  -1.0411769553837473e-04 |  -1.0411769553837473e-04 | 1
 39, 34 |  -1.5381718998560021e-05 |  -1.5381718998560021e-05 | 1
 39, 35 |  -3.0756783627751021e-07 |  -3.0756783627751021e-07 | 1
 39, 36 |   2.9224877942559589e-07 |   2.9224877942559589e-07 | 1
 39, 37 |   3.1220677536379437e-07 |   3.1220677536379437e-07 | 1
 39, 38 |  -2.2314345450532748e-07 |  -2.2314345450532748e-07 | 1
 39, 39 |   6.5987258497423503e-05 |   6.5987258497423503e-05 | 1
 39, 40 |  -3.0005835985475819e-05 |  -3.0005835985475819e-05 | 1
 39, 41 |  -2.9193026215884544e-06 |  -2.9193026215884544e-06 | 1
 40,  1 |   5.5095157838815884e-05 |   5.5095157838815884e-05 | 1
 40,  2 |   6.0329196213625769e-05 |   6.0329196213625769e-05 | 1
 40,  3 |   6.1764830485576874e-05 |   6.1764830485576874e-05 | 1
 40,  4 |   6.5320760574254366e-05 |   6.5320760574254366e-05 | 1
 40,  5 |   6.1465305900000583e-05 |   6.1465305900000583e-05 | 1
 40,  6 |   5.6233743272059936e-05 |   5.6233743272059936e-05 | 1
 40,  7 |   7.8993788461360784e-05 |   7.8993788461360784e-05 | 1
 40,  8 |   6.0421048317259112e-05 |   6.0421048317259112e-05 | 1
 40,  9 |   5.4372595899543225e-05 |   5.4372595899543225e-05 | 1
 40, 10 |   6.4431961372074010e-05 |   6.4431961372074010e-05 | 1
 40, 11 |   5.1892115807322577e-05 |   5.1892115807322577e-05 | 1
 40, 12 |   6.2048687878030266e-05 |   6.2048687878030266e-05 | 1
 40, 13 |   5.5600970240569063e-05 |   5.5600970240569063e-05 | 1
 40, 14 |   7.3094837681975978e-05 |   7.3094837681975978e-05 | 1
 40, 15 |   6.3044345671685884e-05 |   6.3044345671685884e-05 | 1
 40, 16 |   6.7755856544941953e-05 |   6.7755856544941953e-05 | 1
 40, 17 |   3.4313456245701777e-05 |   3.4313456245701777e-05 | 1
 40, 18 |   4.9600976955869128e-05 |   4.9600976955869128e-05 | 1
 40, 19 |   3.7831605890135553e-05 |   3.7831605890135553e-05 | 1
 40, 20 |   4.4057024976783163e-05 |   4.4057024976783163e-05 | 1
 40, 21 |   4.3176568124035881e-05 |   4.3176568124035881e-05 | 1
 40, 22 |   5.8462909308075387e-05 |   5.8462909308075387e-05 | 1
 40, 23 |   4.7908316520378107e-05 |   4.7908316520378107e-05 | 1
 40, 24 |   5.2330567072328211e-05 |   5.2330567072328211e-05 | 1
 40, 25 |   4.2073271687883957e-05 |   4.2073271687883957e-05 | 1
 40, 26 |   5.2009399120950336e-05 |   5.2009399120950336e-05 | 1
 40, 27 |   4.4560960588962005e-05 |   4.4560960588962005e-05 | 1
 40, 28 |   4.9508867358332917e-05 |   4.9508867358332917e-05 | 1
 40, 29 |   4.7044283768869621e-05 |   4.7044283768869621e-05 | 1
 40, 30 |   4.9567978064476606e-05 |   4.9567978064476606e-05 | 1
 40, 31 |   5.1182299574996251e-05 |   5.1182299574996251e-05 | 1
 40, 32 |   2.7787179147586694e-06 |   2.7787179147586694e-06 | 1
 40, 33 |   1.5783924815529538e-05 |   1.5783924815529538e-05 | 1
 40, 34 |   5.3742520518249517e-05 |   5.3742520518249517e-05 | 1
 40, 35 |  -4.6529549495032729e-05 |  -4.6529549495032729e-05 | 1
 40, 36 |  -5.6488651966011416e-05 |  -5.6488651966011416e-05 | 1
 40, 37 |  -6.1656720067801603e-05 |  -6.1656720067801603e-05 | 1
 40, 38 |  -6.1372659145428446e-05 |  -6.1372659145428446e-05 | 1
 40, 39 |  -3.0005835985475819e-05 |  -3.0005835985475819e-05 | 1
 40, 40 |   1.1400211564159568e-04 |   1.1400211564159568e-04 | 1
 40, 41 |  -4.6904889440396196e-05 |  -4.6904889440396196e-05 | 1
 41,  1 |  -2.2994196862446553e-06 |  -2.2994196862446553e-06 | 1
 41,  2 |  -7.5850924957324172e-04 |  -7.5850924957324172e-04 | 1
 41,  3 |   3.6461138786470659e-04 |   3.6461138786470659e-04 | 1
 41,  4 |   2.2312709156464784e-04 |   2.2312709156464784e-04 | 1
 41,  5 |   3.7640435971136161e-04 |   3.7640435971136161e-04 | 1
 41,  6 |  -4.4105165882711811e-04 |  -4.4105165882711811e-04 | 1
 41,  7 |   1.4397544874510846e-03 |   1.4397544874510846e-03 | 1
 41,  8 |  -9.7548576097000666e-05 |  -9.7548576097000666e-05 | 1
 41,  9 |   5.4059642399145735e-04 |   5.4059642399145735e-04 | 1
 41, 10 |   9.1342734204218198e-04 |   9.1342734204218198e-04 | 1
 41, 11 |  -1.1977994256189629e-03 |  -1.1977994256189629e-03 | 1
 41, 12 |   5.9341617963789997e-04 |   5.9341617963789997e-04 | 1
 41, 13 |   2.8858470458708446e-04 |   2.8858470458708446e-04 | 1
 41, 14 |   1.5141873112576236e-03 |   1.5141873112576236e-03 | 1
 41, 15 |   9.8752784471901173e-04 |   9.8752784471901173e-04 | 1
 41, 16 |  -1.2299618814132218e-04 |  -1.2299618814132218e-04 | 1
 41, 17 |   4.0179548335274263e-04 |   4.0179548335274263e-04 | 1
 41, 18 |   2.7569818745091059e-04 |   2.7569818745091059e-04 | 1
 41, 19 |  -2.7463081158191015e-03 |  -2.7463081158191015e-03 | 1
 41, 20 |   1.0000712363466196e-04 |   1.0000712363466196e-04 | 1
 41, 21 |   1.4767321996465741e-03 |   1.4767321996465741e-03 | 1
 41, 22 |   4.9072526631863285e-04 |   4.9072526631863285e-04 | 1
 41, 23 |   9.4730313447965141e-04 |   9.4730313447965141e-04 | 1
 41, 24 |  -8.9231162363092724e-05 |  -8.9231162363092724e-05 | 1
 41, 25 |  -5.8852079758873183e-05 |  -5.8852079758873183e-05 | 1
 41, 26 |  -1.3591361475540786e-04 |  -1.3591361475540786e-04 | 1
 41, 27 |   1.7857917133480192e-04 |   1.7857917133480192e-04 | 1
 41, 28 |   2.4903752201079128e-04 |   2.4903752201079128e-04 | 1
 41, 29 |  -1.0377596827817083e-05 |  -1.0377596827817083e-05 | 1
 41, 30 |   1.5146671723526771e-04 |   1.5146671723526771e-04 | 1
 41, 31 |  -1.7051767761408764e-04 |  -1.7051767761408764e-04 | 1
 41, 32 |  -1.9798176081433309e-03 |  -1.9798176081433309e-03 | 1
 41, 33 |   8.9942717269734188e-03 |   8.9942717269734188e-03 | 1
 41, 34 |  -3.6263263809827305e-04 |  -3.6263263809827305e-04 | 1
 41, 35 |   2.1240669257606897e-06 |   2.1240669257606897e-06 | 1
 41, 36 |   2.6513813606105810e-06 |   2.6513813606105810e-06 | 1
 41, 37 |   1.9548824741803302e-06 |   1.9548824741803302e-06 | 1
 41, 38 |   1.0005746558438892e-05 |   1.0005746558438892e-05 | 1
 41, 39 |  -2.9193026215884544e-06 |  -2.9193026215884544e-06 | 1
 41, 40 |  -4.6904889440396196e-05 |  -4.6904889440396196e-05 | 1
 41, 41 |   2.0532479217936421e-03 |   2.0532479217936421e-03 | 1
