row,col | V_base                   | V_new                    | equal
  1,  1 |   3.1827189701550529e-04 |   3.1827189701550529e-04 | 1
  1,  2 |   5.9933957874892845e-05 |   5.9933957874892845e-05 | 1
  1,  3 |   4.7917343469338524e-05 |   4.7917343469338524e-05 | 1
  1,  4 |   5.8502848979201681e-05 |   5.8502848979201681e-05 | 1
  1,  5 |   1.0386476989872288e-04 |   1.0386476989872288e-04 | 1
  1,  6 |   4.9381939470584816e-05 |   4.9381939470584816e-05 | 1
  1,  7 |   4.7816804425662479e-05 |   4.7816804425662479e-05 | 1
  1,  8 |   4.8580210258837724e-05 |   4.8580210258837724e-05 | 1
  1,  9 |   5.7516195136243911e-05 |   5.7516195136243911e-05 | 1
  1, 10 |   4.6006419207655656e-05 |   4.6006419207655656e-05 | 1
  1, 11 |   9.2707985439270473e-05 |   9.2707985439270473e-05 | 1
  1, 12 |   3.7706199466194641e-05 |   3.7706199466194641e-05 | 1
  1, 13 |   6.0440861694208897e-05 |   6.0440861694208897e-05 | 1
  1, 14 |   6.7417405720784424e-05 |   6.7417405720784424e-05 | 1
  1, 15 |   1.1867847793249747e-04 |   1.1867847793249747e-04 | 1
  1, 16 |   4.3014885128008260e-05 |   4.3014885128008260e-05 | 1
  1, 17 |   7.7756476274413251e-05 |   7.7756476274413251e-05 | 1
  1, 18 |   7.2602089229623318e-05 |   7.2602089229623318e-05 | 1
  1, 19 |   6.0445963244720269e-05 |   6.0445963244720269e-05 | 1
  1, 20 |   7.1644211100492576e-05 |   7.1644211100492576e-05 | 1
  1, 21 |   8.8981475008777559e-05 |   8.8981475008777559e-05 | 1
  1, 22 |   6.0710994732785230e-05 |   6.0710994732785230e-05 | 1
  1, 23 |   6.8023120446375634e-05 |   6.8023120446375634e-05 | 1
  1, 24 |   7.1580117304853293e-05 |   7.1580117304853293e-05 | 1
  1, 25 |   6.0769059166068929e-05 |   6.0769059166068929e-05 | 1
  1, 26 |   8.1653901052181841e-05 |   8.1653901052181841e-05 | 1
  1, 27 |   6.6411877152528493e-05 |   6.6411877152528493e-05 | 1
  1, 28 |   6.9805998186157754e-05 |   6.9805998186157754e-05 | 1
  1, 29 |   6.4521877953759878e-05 |   6.4521877953759878e-05 | 1
  1, 30 |   7.1808965784836816e-05 |   7.1808965784836816e-05 | 1
  1, 31 |   6.8164471725399146e-05 |   6.8164471725399146e-05 | 1
  1, 32 |   1.7295691266445882e-05 |   1.7295691266445882e-05 | 1
  1, 33 |  -3.5656835846317939e-05 |  -3.5656835846317939e-05 | 1
  1, 34 |   6.3211723158449574e-05 |   6.3211723158449574e-05 | 1
  1, 35 |  -4.3123222352060545e-05 |  -4.3123222352060545e-05 | 1
  1, 36 |  -4.5275530787421254e-05 |  -4.5275530787421254e-05 | 1
  1, 37 |  -4.4413143780829307e-05 |  -4.4413143780829307e-05 | 1
  1, 38 |  -4.4518908976488435e-05 |  -4.4518908976488435e-05 | 1
  1, 39 |  -2.3233283847637448e-05 |  -2.3233283847637448e-05 | 1
  1, 40 |  -1.0082720525986829e-08 |  -1.0082720525986829e-08 | 1
  1, 41 |   7.1265041458343096e-05 |   7.1265041458343096e-05 | 1
  1, 42 |  -1.8125639531549788e-05 |  -1.8125639531549788e-05 | 1
  2,  1 |   5.9933957874892845e-05 |   5.9933957874892845e-05 | 1
  2,  2 |   1.2420756508340219e-03 |   1.2420756508340219e-03 | 1
  2,  3 |   4.3917453502964639e-05 |   4.3917453502964639e-05 | 1
  2,  4 |   5.5472808572902210e-05 |   5.5472808572902210e-05 | 1
  2,  5 |   8.8389838225348016e-05 |   8.8389838225348016e-05 | 1
  2,  6 |   4.2431395814208464e-05 |   4.2431395814208464e-05 | 1
  2,  7 |   4.4191082654844473e-05 |   4.4191082654844473e-05 | 1
  2,  8 |   4.5254815268340492e-05 |   4.5254815268340492e-05 | 1
  2,  9 |   5.2046218387045734e-05 |   5.2046218387045734e-05 | 1
  2, 10 |   4.6404394187048398e-05 |   4.6404394187048398e-05 | 1
  2, 11 |   7.7350322900779855e-05 |   7.7350322900779855e-05 | 1
  2, 12 |   3.4949318242976392e-05 |   3.4949318242976392e-05 | 1
  2, 13 |   6.0071546235611621e-05 |   6.0071546235611621e-05 | 1
  2, 14 |   6.6642620505208132e-05 |   6.6642620505208132e-05 | 1
  2, 15 |   1.5335921685147302e-04 |   1.5335921685147302e-04 | 1
  2, 16 |   4.1265498457588931e-05 |   4.1265498457588931e-05 | 1
  2, 17 |   7.0661705509814516e-05 |   7.0661705509814516e-05 | 1
  2, 18 |   6.7750491043753775e-05 |   6.7750491043753775e-05 | 1
  2, 19 |   6.2493650125678972e-05 |   6.2493650125678972e-05 | 1
  2, 20 |   6.7228158555804215e-05 |   6.7228158555804215e-05 | 1
  2, 21 |   7.5082439531708796e-05 |   7.5082439531708796e-05 | 1
  2, 22 |   5.4256045169445539e-05 |   5.4256045169445539e-05 | 1
  2, 23 |   5.9246440636147092e-05 |   5.9246440636147092e-05 | 1
  2, 24 |   6.6086175095322021e-05 |   6.6086175095322021e-05 | 1
  2, 25 |   5.5615323667785657e-05 |   5.5615323667785657e-05 | 1
  2, 26 |   7.6155410224484107e-05 |   7.6155410224484107e-05 | 1
  2, 27 |   4.1650964028845090e-05 |   4.1650964028845090e-05 | 1
  2, 28 |   6.3187731896064808e-05 |   6.3187731896064808e-05 | 1
  2, 29 |   6.0894292700661536e-05 |   6.0894292700661536e-05 | 1
  2, 30 |   6.5210197939018590e-05 |   6.5210197939018590e-05 | 1
  2, 31 |   5.6946351819162575e-05 |   5.6946351819162575e-05 | 1
  2, 32 |  -3.7292734997918572e-04 |  -3.7292734997918572e-04 | 1
  2, 33 |  -6.8361788718229831e-06 |  -6.8361788718229831e-06 | 1
  2, 34 |   5.4595334572695437e-05 |   5.4595334572695437e-05 | 1
  2, 35 |  -4.0381643155685310e-05 |  -4.0381643155685310e-05 | 1
  2, 36 |  -4.2614575391752726e-05 |  -4.2614575391752726e-05 | 1
  2, 37 |  -4.0642914294432347e-05 |  -4.0642914294432347e-05 | 1
  2, 38 |  -3.5301217003918605e-05 |  -3.5301217003918605e-05 | 1
  2, 39 |  -1.9834576938528941e-05 |  -1.9834576938528941e-05 | 1
  2, 40 |  -9.8129522701635618e-09 |  -9.8129522701635618e-09 | 1
  2, 41 |   6.5046317568759891e-05 |   6.5046317568759891e-05 | 1
  2, 42 |   3.7141251807566700e-04 |   3.7141251807566700e-04 | 1
  3,  1 |   4.7917343469338524e-05 |   4.7917343469338524e-05 | 1
  3,  2 |   4.3917453502964639e-05 |   4.3917453502964639e-05 | 1
  3,  3 |   1.1820609685536169e-02 |   1.1820609685536169e-02 | 1
  3,  4 |   4.2535310602271616e-05 |   4.2535310602271616e-05 | 1
  3,  5 |   8.7921981546274490e-05 |   8.7921981546274490e-05 | 1
  3,  6 |   3.7884922418224761e-05 |   3.7884922418224761e-05 | 1
  3,  7 |   3.2971803438404924e-05 |   3.2971803438404924e-05 | 1
  3,  8 |   3.4225328128354090e-05 |   3.4225328128354090e-05 | 1
  3,  9 |   3.9788660456414052e-05 |   3.9788660456414052e-05 | 1
  3, 10 |   2.8434283024116292e-05 |   2.8434283024116292e-05 | 1
  3, 11 |   5.0956428205122461e-05 |   5.0956428205122461e-05 | 1
  3, 12 |   2.2443869499727544e-05 |   2.2443869499727544e-05 | 1
  3, 13 |   4.4625143147601249e-05 |   4.4625143147601249e-05 | 1
  3, 14 |   5.1935509213204219e-05 |   5.1935509213204219e-05 | 1
  3, 15 |   5.4058218508347202e-05 |   5.4058218508347202e-05 | 1
  3, 16 |   2.8232275799885246e-05 |   2.8232275799885246e-05 | 1
  3, 17 |   5.7986644790825655e-05 |   5.7986644790825655e-05 | 1
  3, 18 |   5.2886620353410251e-05 |   5.2886620353410251e-05 | 1
  3, 19 |   4.2678313979470448e-05 |   4.2678313979470448e-05 | 1
  3, 20 |   5.5777214447358964e-05 |   5.5777214447358964e-05 | 1
  3, 21 |   6.6408826723821974e-05 |   6.6408826723821974e-05 | 1
  3, 22 |   3.7905606819771288e-05 |   3.7905606819771288e-05 | 1
  3, 23 |   4.8734251456103388e-05 |   4.8734251456103388e-05 | 1
  3, 24 |   5.1254946058011683e-05 |   5.1254946058011683e-05 | 1
  3, 25 |   4.2611387870045851e-05 |   4.2611387870045851e-05 | 1
  3, 26 |   5.9352577445819226e-05 |   5.9352577445819226e-05 | 1
  3, 27 |   2.3851836028264926e-05 |   2.3851836028264926e-05 | 1
  3, 28 |   4.7054301980893220e-05 |   4.7054301980893220e-05 | 1
  3, 29 |   4.4287488020802532e-05 |   4.4287488020802532e-05 | 1
  3, 30 |   4.5175960261787953e-05 |   4.5175960261787953e-05 | 1
  3, 31 |   4.3510893574392399e-05 |   4.3510893574392399e-05 | 1
  3, 32 |   1.5348341494602801e-05 |   1.5348341494602801e-05 | 1
  3, 33 |  -9.1463869292277262e-06 |  -9.1463869292277262e-06 | 1
  3, 34 |   3.1325503312773677e-05 |   3.1325503312773677e-05 | 1
  3, 35 |  -3.7848049472408125e-05 |  -3.7848049472408125e-05 | 1
  3, 36 |  -3.8367882422618578e-05 |  -3.8367882422618578e-05 | 1
  3, 37 |  -3.4928480549040679e-05 |  -3.4928480549040679e-05 | 1
  3, 38 |  -3.8845798770855779e-05 |  -3.8845798770855779e-05 | 1
  3, 39 |  -1.4488524925808540e-05 |  -1.4488524925808540e-05 | 1
  3, 40 |  -6.1239547809868678e-09 |  -6.1239547809868678e-09 | 1
  3, 41 |   5.2798453260239066e-05 |   5.2798453260239066e-05 | 1
  3, 42 |  -1.5660733550879886e-05 |  -1.5660733550879886e-05 | 1
  4,  1 |   5.8502848979201681e-05 |   5.8502848979201681e-05 | 1
  4,  2 |   5.5472808572902210e-05 |   5.5472808572902210e-05 | 1
  4,  3 |   4.2535310602271616e-05 |   4.2535310602271616e-05 | 1
  4,  4 |   1.8401810522014866e-03 |   1.8401810522014866e-03 | 1
  4,  5 |   7.0239587293572135e-05 |   7.0239587293572135e-05 | 1
  4,  6 |   2.8390993169503887e-05 |   2.8390993169503887e-05 | 1
  4,  7 |   5.3396679853892029e-05 |   5.3396679853892029e-05 | 1
  4,  8 |   5.1946051195559287e-05 |   5.1946051195559287e-05 | 1
  4,  9 |   4.7907601736256580e-05 |   4.7907601736256580e-05 | 1
  4, 10 |   8.4996674249469514e-05 |   8.4996674249469514e-05 | 1
  4, 11 |   3.6392738921579577e-05 |   3.6392738921579577e-05 | 1
  4, 12 |   3.6732048239599591e-05 |   3.6732048239599591e-05 | 1
  4, 13 |   8.4400910483060153e-05 |   8.4400910483060153e-05 | 1
  4, 14 |   8.9477991576069081e-05 |   8.9477991576069081e-05 | 1
  4, 15 |   2.8034769963326790e-04 |   2.8034769963326790e-04 | 1
  4, 16 |   5.3925318615342154e-05 |   5.3925318615342154e-05 | 1
  4, 17 |   6.9988956415667470e-05 |   6.9988956415667470e-05 | 1
  4, 18 |   5.8440326218387091e-05 |   5.8440326218387091e-05 | 1
  4, 19 |   9.1190693857361947e-05 |   9.1190693857361947e-05 | 1
  4, 20 |   6.9999626047592204e-05 |   6.9999626047592204e-05 | 1
  4, 21 |   4.6381104908476351e-05 |   4.6381104908476351e-05 | 1
  4, 22 |   4.6670470224254268e-05 |   4.6670470224254268e-05 | 1
  4, 23 |   5.0077550275614316e-05 |   5.0077550275614316e-05 | 1
  4, 24 |   7.0086035229648754e-05 |   7.0086035229648754e-05 | 1
  4, 25 |   5.8545937817818245e-05 |   5.8545937817818245e-05 | 1
  4, 26 |   6.4892151948387617e-05 |   6.4892151948387617e-05 | 1
  4, 27 |  -6.7771730195910625e-05 |  -6.7771730195910625e-05 | 1
  4, 28 |   5.6762145306434423e-05 |   5.6762145306434423e-05 | 1
  4, 29 |   7.0515624688109805e-05 |   7.0515624688109805e-05 | 1
  4, 30 |   5.5210484741107749e-05 |   5.5210484741107749e-05 | 1
  4, 31 |   4.3595208611158355e-05 |   4.3595208611158355e-05 | 1
  4, 32 |  -3.7815123602598279e-05 |  -3.7815123602598279e-05 | 1
  4, 33 |   1.3098167603085848e-04 |   1.3098167603085848e-04 | 1
  4, 34 |   3.5092215613488186e-05 |   3.5092215613488186e-05 | 1
  4, 35 |  -3.8978222775433529e-05 |  -3.8978222775433529e-05 | 1
  4, 36 |  -3.9061966122906229e-05 |  -3.9061966122906229e-05 | 1
  4, 37 |  -3.3446489806173178e-05 |  -3.3446489806173178e-05 | 1
  4, 38 |  -3.0820406783215625e-05 |  -3.0820406783215625e-05 | 1
  4, 39 |  -2.4100200857441471e-05 |  -2.4100200857441471e-05 | 1
  4, 40 |  -9.7139294795476161e-09 |  -9.7139294795476161e-09 | 1
  4, 41 |   6.2592472408467691e-05 |   6.2592472408467691e-05 | 1
  4, 42 |   3.6220450949723888e-05 |   3.6220450949723888e-05 | 1
  5,  1 |   1.0386476989872288e-04 |   1.0386476989872288e-04 | 1
  5,  2 |   8.8389838225348016e-05 |   8.8389838225348016e-05 | 1
  5,  3 |   8.7921981546274490e-05 |   8.7921981546274490e-05 | 1
  5,  4 |   7.0239587293572135e-05 |   7.0239587293572135e-05 | 1
  5,  5 |   2.3460403206395922e-02 |   2.3460403206395922e-02 | 1
  5,  6 |   1.1345129660500508e-04 |   1.1345129660500508e-04 | 1
  5,  7 |   4.9094054234413924e-05 |   4.9094054234413924e-05 | 1
  5,  8 |   5.7283753863062863e-05 |   5.7283753863062863e-05 | 1
  5,  9 |   1.0013942667673242e-04 |   1.0013942667673242e-04 | 1
  5, 10 |  -5.8079633956389633e-05 |  -5.8079633956389633e-05 | 1
  5, 11 |  -1.3615372762556667e-04 |  -1.3615372762556667e-04 | 1
  5, 12 |   1.3069475961028938e-05 |   1.3069475961028938e-05 | 1
  5, 13 |   7.3728072341722683e-05 |   7.3728072341722683e-05 | 1
  5, 14 |   6.5566171278903091e-05 |   6.5566171278903091e-05 | 1
  5, 15 |  -7.6404734813365592e-04 |  -7.6404734813365592e-04 | 1
  5, 16 |   6.5659158909948960e-06 |   6.5659158909948960e-06 | 1
  5, 17 |   1.1283316723421497e-04 |   1.1283316723421497e-04 | 1
  5, 18 |   1.3793035477416401e-04 |   1.3793035477416401e-04 | 1
  5, 19 |   2.1644959446928205e-05 |   2.1644959446928205e-05 | 1
  5, 20 |   8.2034281061076384e-05 |   8.2034281061076384e-05 | 1
  5, 21 |   1.9872201337639648e-04 |   1.9872201337639648e-04 | 1
  5, 22 |   4.2708662159101969e-05 |   4.2708662159101969e-05 | 1
  5, 23 |   1.5851476903417915e-04 |   1.5851476903417915e-04 | 1
  5, 24 |   4.0538851542727510e-05 |   4.0538851542727510e-05 | 1
  5, 25 |   5.6364176542238061e-05 |   5.6364176542238061e-05 | 1
  5, 26 |   1.3952805934514220e-04 |   1.3952805934514220e-04 | 1
  5, 27 |  -2.5215787620496376e-04 |  -2.5215787620496376e-04 | 1
  5, 28 |   1.4099556333816090e-05 |   1.4099556333816090e-05 | 1
  5, 29 |   5.4720064598738547e-05 |   5.4720064598738547e-05 | 1
  5, 30 |   5.4187947957994045e-05 |   5.4187947957994045e-05 | 1
  5, 31 |   9.9153002388604076e-06 |   9.9153002388604076e-06 | 1
  5, 32 |   1.4893492713549314e-04 |   1.4893492713549314e-04 | 1
  5, 33 |   8.5112075573850679e-05 |   8.5112075573850679e-05 | 1
  5, 34 |  -1.6154475487326449e-04 |  -1.6154475487326449e-04 | 1
  5, 35 |  -5.7166408499588161e-05 |  -5.7166408499588161e-05 | 1
  5, 36 |  -4.1418192100412118e-05 |  -4.1418192100412118e-05 | 1
  5, 37 |  -6.0523629647017186e-05 |  -6.0523629647017186e-05 | 1
  5, 38 |  -6.0811098942614990e-05 |  -6.0811098942614990e-05 | 1
  5, 39 |  -4.4707591604381156e-05 |  -4.4707591604381156e-05 | 1
  5, 40 |  -1.8982670484301086e-08 |  -1.8982670484301086e-08 | 1
  5, 41 |   1.0763291039286147e-04 |   1.0763291039286147e-04 | 1
  5, 42 |  -1.4924348544824158e-04 |  -1.4924348544824158e-04 | 1
  6,  1 |   4.9381939470584816e-05 |   4.9381939470584816e-05 | 1
  6,  2 |   4.2431395814208464e-05 |   4.2431395814208464e-05 | 1
  6,  3 |   3.7884922418224761e-05 |   3.7884922418224761e-05 | 1
  6,  4 |   2.8390993169503887e-05 |   2.8390993169503887e-05 | 1
  6,  5 |   1.1345129660500508e-04 |   1.1345129660500508e-04 | 1
  6,  6 |   1.9990582925321139e-02 |   1.9990582925321139e-02 | 1
  6,  7 |   1.7770690415089257e-05 |   1.7770690415089257e-05 | 1
  6,  8 |   2.6075545181622178e-05 |   2.6075545181622178e-05 | 1
  6,  9 |   4.8143514963666019e-05 |   4.8143514963666019e-05 | 1
  6, 10 |  -3.4514334486842685e-05 |  -3.4514334486842685e-05 | 1
  6, 11 |   1.9788221079444646e-04 |   1.9788221079444646e-04 | 1
  6, 12 |   2.2513438415919650e-05 |   2.2513438415919650e-05 | 1
  6, 13 |  -1.2558991755377806e-05 |  -1.2558991755377806e-05 | 1
  6, 14 |  -2.8035055219811203e-06 |  -2.8035055219811203e-06 | 1
  6, 15 |  -1.3243791521891764e-04 |  -1.3243791521891764e-04 | 1
  6, 16 |   1.0998483797200379e-05 |   1.0998483797200379e-05 | 1
  6, 17 |   5.4402593721072332e-05 |   5.4402593721072332e-05 | 1
  6, 18 |   6.2859097781206244e-05 |   6.2859097781206244e-05 | 1
  6, 19 |  -1.3188764826018317e-05 |  -1.3188764826018317e-05 | 1
  6, 20 |   4.6770006841491648e-05 |   4.6770006841491648e-05 | 1
  6, 21 |   1.1713034117905392e-04 |   1.1713034117905392e-04 | 1
  6, 22 |   7.5236434994057277e-05 |   7.5236434994057277e-05 | 1
  6, 23 |   7.2951263044570351e-05 |   7.2951263044570351e-05 | 1
  6, 24 |   5.4135610879581480e-05 |   5.4135610879581480e-05 | 1
  6, 25 |   3.6242132074005991e-05 |   3.6242132074005991e-05 | 1
  6, 26 |   7.3532326405696159e-05 |   7.3532326405696159e-05 | 1
  6, 27 |   3.2622943377639993e-04 |   3.2622943377639993e-04 | 1
  6, 28 |   6.7201452000720973e-05 |   6.7201452000720973e-05 | 1
  6, 29 |   2.5456682567707930e-05 |   2.5456682567707930e-05 | 1
  6, 30 |   7.8841011071615263e-05 |   7.8841011071615263e-05 | 1
  6, 31 |   8.6705855508775086e-05 |   8.6705855508775086e-05 | 1
  6, 32 |   1.0213871501700058e-04 |   1.0213871501700058e-04 | 1
  6, 33 |  -3.5107688404020521e-04 |  -3.5107688404020521e-04 | 1
  6, 34 |   1.1460750975228304e-04 |   1.1460750975228304e-04 | 1
  6, 35 |  -3.8658689338693909e-05 |  -3.8658689338693909e-05 | 1
  6, 36 |  -2.8420892692008485e-05 |  -2.8420892692008485e-05 | 1
  6, 37 |  -3.8831092122947652e-05 |  -3.8831092122947652e-05 | 1
  6, 38 |  -3.6539758236349281e-05 |  -3.6539758236349281e-05 | 1
  6, 39 |  -1.8006408422956096e-05 |  -1.8006408422956096e-05 | 1
  6, 40 |  -6.5524478059783041e-09 |  -6.5524478059783041e-09 | 1
  6, 41 |   5.4188718211155272e-05 |   5.4188718211155272e-05 | 1
  6, 42 |  -1.0278818101814875e-04 |  -1.0278818101814875e-04 | 1
  7,  1 |   4.7816804425662479e-05 |   4.7816804425662479e-05 | 1
  7,  2 |   4.4191082654844473e-05 |   4.4191082654844473e-05 | 1
  7,  3 |   3.2971803438404924e-05 |   3.2971803438404924e-05 | 1
  7,  4 |   5.3396679853892029e-05 |   5.3396679853892029e-05 | 1
  7,  5 |   4.9094054234413924e-05 |   4.9094054234413924e-05 | 1
  7,  6 |   1.7770690415089257e-05 |   1.7770690415089257e-05 | 1
  7,  7 |   2.3249794248158741e-02 |   2.3249794248158741e-02 | 1
  7,  8 |   4.6297676460183002e-05 |   4.6297676460183002e-05 | 1
  7,  9 |   3.7927074705749241e-05 |   3.7927074705749241e-05 | 1
  7, 10 |   8.5066634729471607e-05 |   8.5066634729471607e-05 | 1
  7, 11 |   1.0226832132440357e-04 |   1.0226832132440357e-04 | 1
  7, 12 |   3.8986682259346819e-05 |   3.8986682259346819e-05 | 1
  7, 13 |   6.8234694269216577e-05 |   6.8234694269216577e-05 | 1
  7, 14 |   7.7244127185866108e-05 |   7.7244127185866108e-05 | 1
  7, 15 |   3.3292957585027668e-04 |   3.3292957585027668e-04 | 1
  7, 16 |   5.6597575426516874e-05 |   5.6597575426516874e-05 | 1
  7, 17 |   5.9534942664419711e-05 |   5.9534942664419711e-05 | 1
  7, 18 |   3.9920437184426977e-05 |   3.9920437184426977e-05 | 1
  7, 19 |   8.0748927944676292e-05 |   8.0748927944676292e-05 | 1
  7, 20 |   5.5911937663551893e-05 |   5.5911937663551893e-05 | 1
  7, 21 |   2.9484670607061124e-05 |   2.9484670607061124e-05 | 1
  7, 22 |   5.3022125212295788e-05 |   5.3022125212295788e-05 | 1
  7, 23 |   3.2946133099737726e-05 |   3.2946133099737726e-05 | 1
  7, 24 |   7.0658614472594931e-05 |   7.0658614472594931e-05 | 1
  7, 25 |   5.3972182780114982e-05 |   5.3972182780114982e-05 | 1
  7, 26 |   5.3233207816217695e-05 |   5.3233207816217695e-05 | 1
  7, 27 |   3.4688237298938505e-05 |   3.4688237298938505e-05 | 1
  7, 28 |   6.7617164775531584e-05 |   6.7617164775531584e-05 | 1
  7, 29 |   6.4586798891209989e-05 |   6.4586798891209989e-05 | 1
  7, 30 |   5.7622102751190828e-05 |   5.7622102751190828e-05 | 1
  7, 31 |   5.9248448580426703e-05 |   5.9248448580426703e-05 | 1
  7, 32 |  -4.1852539939424062e-05 |  -4.1852539939424062e-05 | 1
  7, 33 |   4.7350875997836266e-05 |   4.7350875997836266e-05 | 1
  7, 34 |   8.2181007651599357e-05 |   8.2181007651599357e-05 | 1
  7, 35 |  -2.4272767401634027e-05 |  -2.4272767401634027e-05 | 1
  7, 36 |  -3.1466523408451854e-05 |  -3.1466523408451854e-05 | 1
  7, 37 |  -2.4463863767060013e-05 |  -2.4463863767060013e-05 | 1
  7, 38 |  -3.1098254766372759e-05 |  -3.1098254766372759e-05 | 1
  7, 39 |  -3.5827476578072586e-05 |  -3.5827476578072586e-05 | 1
  7, 40 |  -4.7772941541482767e-09 |  -4.7772941541482767e-09 | 1
  7, 41 |   5.2202246114593169e-05 |   5.2202246114593169e-05 | 1
  7, 42 |   4.2256263933489867e-05 |   4.2256263933489867e-05 | 1
  8,  1 |   4.8580210258837724e-05 |   4.8580210258837724e-05 | 1
  8,  2 |   4.5254815268340492e-05 |   4.5254815268340492e-05 | 1
  8,  3 |   3.4225328128354090e-05 |   3.4225328128354090e-05 | 1
  8,  4 |   5.1946051195559287e-05 |   5.1946051195559287e-05 | 1
  8,  5 |   5.7283753863062863e-05 |   5.7283753863062863e-05 | 1
  8,  6 |   2.6075545181622178e-05 |   2.6075545181622178e-05 | 1
  8,  7 |   4.6297676460183002e-05 |   4.6297676460183002e-05 | 1
  8,  8 |   2.3391826207062498e-03 |   2.3391826207062498e-03 | 1
  8,  9 |   3.9832323398633462e-05 |   3.9832323398633462e-05 | 1
  8, 10 |   8.1161982266014408e-05 |   8.1161982266014408e-05 | 1
  8, 11 |   9.5372886796122680e-05 |   9.5372886796122680e-05 | 1
  8, 12 |   3.4255467727180584e-05 |   3.4255467727180584e-05 | 1
  8, 13 |   6.2010211960757198e-05 |   6.2010211960757198e-05 | 1
  8, 14 |   6.9652849722711183e-05 |   6.9652849722711183e-05 | 1
  8, 15 |   2.9829532784459345e-04 |   2.9829532784459345e-04 | 1
  8, 16 |   5.2726195223861379e-05 |   5.2726195223861379e-05 | 1
  8, 17 |   5.7022151819622341e-05 |   5.7022151819622341e-05 | 1
  8, 18 |   4.0787187938417298e-05 |   4.0787187938417298e-05 | 1
  8, 19 |   7.3805039753261910e-05 |   7.3805039753261910e-05 | 1
  8, 20 |   5.8300565359649647e-05 |   5.8300565359649647e-05 | 1
  8, 21 |   4.2079665651146896e-05 |   4.2079665651146896e-05 | 1
  8, 22 |   5.5133516636567839e-05 |   5.5133516636567839e-05 | 1
  8, 23 |   4.4314171919368257e-05 |   4.4314171919368257e-05 | 1
  8, 24 |   6.9893430538459962e-05 |   6.9893430538459962e-05 | 1
  8, 25 |   5.1157605353835606e-05 |   5.1157605353835606e-05 | 1
  8, 26 |   4.8315688943563237e-05 |   4.8315688943563237e-05 | 1
  8, 27 |   4.7356878106248994e-05 |   4.7356878106248994e-05 | 1
  8, 28 |   5.8698717115134377e-05 |   5.8698717115134377e-05 | 1
  8, 29 |   5.9289113700251845e-05 |   5.9289113700251845e-05 | 1
  8, 30 |   5.9358529158429744e-05 |   5.9358529158429744e-05 | 1
  8, 31 |   5.7381991523296381e-05 |   5.7381991523296381e-05 | 1
  8, 32 |  -3.1863008668390268e-05 |  -3.1863008668390268e-05 | 1
  8, 33 |   2.8201609996206585e-05 |   2.8201609996206585e-05 | 1
  8, 34 |   7.9046622963242964e-05 |   7.9046622963242964e-05 | 1
  8, 35 |  -2.9640192668737438e-05 |  -2.9640192668737438e-05 | 1
  8, 36 |  -2.2779821907811386e-05 |  -2.2779821907811386e-05 | 1
  8, 37 |  -2.1956492007529856e-05 |  -2.1956492007529856e-05 | 1
  8, 38 |  -2.1815369343414143e-05 |  -2.1815369343414143e-05 | 1
  8, 39 |  -2.3804785264548761e-05 |  -2.3804785264548761e-05 | 1
  8, 40 |  -9.3043525095322242e-09 |  -9.3043525095322242e-09 | 1
  8, 41 |   5.0396386225576081e-05 |   5.0396386225576081e-05 | 1
  8, 42 |   3.0550003439448661e-05 |   3.0550003439448661e-05 | 1
  9,  1 |   5.7516195136243911e-05 |   5.7516195136243911e-05 | 1
  9,  2 |   5.2046218387045734e-05 |   5.2046218387045734e-05 | 1
  9,  3 |   3.9788660456414052e-05 |   3.9788660456414052e-05 | 1
  9,  4 |   4.7907601736256580e-05 |   4.7907601736256580e-05 | 1
  9,  5 |   1.0013942667673242e-04 |   1.0013942667673242e-04 | 1
  9,  6 |   4.8143514963666019e-05 |   4.8143514963666019e-05 | 1
  9,  7 |   3.7927074705749241e-05 |   3.7927074705749241e-05 | 1
  9,  8 |   3.9832323398633462e-05 |   3.9832323398633462e-05 | 1
  9,  9 |   9.4043023577319151e-03 |   9.4043023577319151e-03 | 1
  9, 10 |   2.2664179362512485e-05 |   2.2664179362512485e-05 | 1
  9, 11 |   1.0939975357053392e-04 |   1.0939975357053392e-04 | 1
  9, 12 |   3.1905368148510904e-05 |   3.1905368148510904e-05 | 1
  9, 13 |   4.2299376716078927e-05 |   4.2299376716078927e-05 | 1
  9, 14 |   5.3652358540202818e-05 |   5.3652358540202818e-05 | 1
  9, 15 |   5.0217281832415489e-05 |   5.0217281832415489e-05 | 1
  9, 16 |   3.5876800660124131e-05 |   3.5876800660124131e-05 | 1
  9, 17 |   6.9289322795397013e-05 |   6.9289322795397013e-05 | 1
  9, 18 |   6.5309912700541712e-05 |   6.5309912700541712e-05 | 1
  9, 19 |   4.0955744197476894e-05 |   4.0955744197476894e-05 | 1
  9, 20 |   5.8891244989175501e-05 |   5.8891244989175501e-05 | 1
  9, 21 |   8.6116286320926509e-05 |   8.6116286320926509e-05 | 1
  9, 22 |   5.6506216640173829e-05 |   5.6506216640173829e-05 | 1
  9, 23 |   5.6083990860904162e-05 |   5.6083990860904162e-05 | 1
  9, 24 |   6.0427262272254380e-05 |   6.0427262272254380e-05 | 1
  9, 25 |   5.2394343857650375e-05 |   5.2394343857650375e-05 | 1
  9, 26 |   7.5552853982300590e-05 |   7.5552853982300590e-05 | 1
  9, 27 |   1.0715409559197651e-04 |   1.0715409559197651e-04 | 1
  9, 28 |   6.7062626252394102e-05 |   6.7062626252394102e-05 | 1
  9, 29 |   5.3884788191304841e-05 |   5.3884788191304841e-05 | 1
  9, 30 |   6.9162020490804609e-05 |   6.9162020490804609e-05 | 1
  9, 31 |   6.7719494023259116e-05 |   6.7719494023259116e-05 | 1
  9, 32 |   3.2856695496414914e-05 |   3.2856695496414914e-05 | 1
  9, 33 |  -9.0786853005365460e-05 |  -9.0786853005365460e-05 | 1
  9, 34 |   6.6049372085954852e-05 |   6.6049372085954852e-05 | 1
  9, 35 |  -3.2307803211835633e-05 |  -3.2307803211835633e-05 | 1
  9, 36 |  -3.9187560400950690e-05 |  -3.9187560400950690e-05 | 1
  9, 37 |  -4.3248821721252514e-05 |  -4.3248821721252514e-05 | 1
  9, 38 |  -3.9072161147511576e-05 |  -3.9072161147511576e-05 | 1
  9, 39 |  -2.8707549074569796e-05 |  -2.8707549074569796e-05 | 1
  9, 40 |  -7.0792462724573630e-09 |  -7.0792462724573630e-09 | 1
  9, 41 |   6.3932549763813734e-05 |   6.3932549763813734e-05 | 1
  9, 42 |  -3.2900499804988588e-05 |  -3.2900499804988588e-05 | 1
 10,  1 |   4.6006419207655656e-05 |   4.6006419207655656e-05 | 1
 10,  2 |   4.6404394187048398e-05 |   4.6404394187048398e-05 | 1
 10,  3 |   2.8434283024116292e-05 |   2.8434283024116292e-05 | 1
 10,  4 |   8.4996674249469514e-05 |   8.4996674249469514e-05 | 1
 10,  5 |  -5.8079633956389633e-05 |  -5.8079633956389633e-05 | 1
 10,  6 |  -3.4514334486842685e-05 |  -3.4514334486842685e-05 | 1
 10,  7 |   8.5066634729471607e-05 |   8.5066634729471607e-05 | 1
 10,  8 |   8.1161982266014408e-05 |   8.1161982266014408e-05 | 1
 10,  9 |   2.2664179362512485e-05 |   2.2664179362512485e-05 | 1
 10, 10 |   2.5219269471358184e-02 |   2.5219269471358184e-02 | 1
 10, 11 |   1.5046534668333961e-04 |   1.5046534668333961e-04 | 1
 10, 12 |   7.5024208342311873e-05 |   7.5024208342311873e-05 | 1
 10, 13 |   1.6114838733996935e-04 |   1.6114838733996935e-04 | 1
 10, 14 |   1.6409600765178694e-04 |   1.6409600765178694e-04 | 1
 10, 15 |   1.2878851779159635e-03 |   1.2878851779159635e-03 | 1
 10, 16 |   1.2847131042790897e-04 |   1.2847131042790897e-04 | 1
 10, 17 |   6.2428828350991186e-05 |   6.2428828350991186e-05 | 1
 10, 18 |   3.4224224544946635e-07 |   3.4224224544946635e-07 | 1
 10, 19 |   2.1501308210038905e-04 |   2.1501308210038905e-04 | 1
 10, 20 |   7.9374230717748931e-05 |   7.9374230717748931e-05 | 1
 10, 21 |  -7.2389586852453013e-05 |  -7.2389586852453013e-05 | 1
 10, 22 |   6.8689855052948888e-05 |   6.8689855052948888e-05 | 1
 10, 23 |  -1.0226809396997976e-05 |  -1.0226809396997976e-05 | 1
 10, 24 |   1.3181872324239340e-04 |   1.3181872324239340e-04 | 1
 10, 25 |   8.8018414110908443e-05 |   8.8018414110908443e-05 | 1
 10, 26 |   1.5920188553981280e-05 |   1.5920188553981280e-05 | 1
 10, 27 |  -5.9719115667297336e-05 |  -5.9719115667297336e-05 | 1
 10, 28 |   9.4824396824311257e-05 |   9.4824396824311257e-05 | 1
 10, 29 |   1.2702018372182707e-04 |   1.2702018372182707e-04 | 1
 10, 30 |   7.3663833803105569e-05 |   7.3663833803105569e-05 | 1
 10, 31 |   7.9967088232153831e-05 |   7.9967088232153831e-05 | 1
 10, 32 |  -2.4741134636294007e-04 |  -2.4741134636294007e-04 | 1
 10, 33 |   3.6677806133695164e-04 |   3.6677806133695164e-04 | 1
 10, 34 |   1.8663512233034360e-04 |   1.8663512233034360e-04 | 1
 10, 35 |  -2.9571533358316746e-05 |  -2.9571533358316746e-05 | 1
 10, 36 |  -1.7543107402245217e-05 |  -1.7543107402245217e-05 | 1
 10, 37 |  -1.6232530746053650e-05 |  -1.6232530746053650e-05 | 1
 10, 38 |  -2.7900434571494926e-05 |  -2.7900434571494926e-05 | 1
 10, 39 |  -3.0009731273849895e-05 |  -3.0009731273849895e-05 | 1
 10, 40 |  -7.1135923664822950e-09 |  -7.1135923664822950e-09 | 1
 10, 41 |   4.7977205148221671e-05 |   4.7977205148221671e-05 | 1
 10, 42 |   2.4728352113133258e-04 |   2.4728352113133258e-04 | 1
 11,  1 |   9.2707985439270473e-05 |   9.2707985439270473e-05 | 1
 11,  2 |   7.7350322900779855e-05 |   7.7350322900779855e-05 | 1
 11,  3 |   5.0956428205122461e-05 |   5.0956428205122461e-05 | 1
 11,  4 |   3.6392738921579577e-05 |   3.6392738921579577e-05 | 1
 11,  5 |  -1.3615372762556667e-04 |  -1.3615372762556667e-04 | 1
 11,  6 |   1.9788221079444646e-04 |   1.9788221079444646e-04 | 1
 11,  7 |   1.0226832132440357e-04 |   1.0226832132440357e-04 | 1
 11,  8 |   9.5372886796122680e-05 |   9.5372886796122680e-05 | 1
 11,  9 |   1.0939975357053392e-04 |   1.0939975357053392e-04 | 1
 11, 10 |   1.5046534668333961e-04 |   1.5046534668333961e-04 | 1
 11, 11 |   2.9969510379668752e-03 |   2.9969510379668752e-03 | 1
 11, 12 |   2.7834950034270824e-04 |   2.7834950034270824e-04 | 1
 11, 13 |  -4.2278974084705544e-04 |  -4.2278974084705544e-04 | 1
 11, 14 |  -2.7963714342371139e-04 |  -2.7963714342371139e-04 | 1
 11, 15 |   2.6780050514945641e-03 |   2.6780050514945641e-03 | 1
 11, 16 |   2.1008798535429634e-04 |   2.1008798535429634e-04 | 1
 11, 17 |   1.0444454454705197e-04 |   1.0444454454705197e-04 | 1
 11, 18 |   9.2849512973184368e-06 |   9.2849512973184368e-06 | 1
 11, 19 |  -2.1282533252278848e-04 |  -2.1282533252278848e-04 | 1
 11, 20 |   1.6168854173212468e-04 |   1.6168854173212468e-04 | 1
 11, 21 |   3.9314828102734501e-04 |   3.9314828102734501e-04 | 1
 11, 22 |   7.2105124935589531e-04 |   7.2105124935589531e-04 | 1
 11, 23 |   1.2384710670475252e-04 |   1.2384710670475252e-04 | 1
 11, 24 |   4.8754228880712545e-04 |   4.8754228880712545e-04 | 1
 11, 25 |   2.1197959402902456e-04 |   2.1197959402902456e-04 | 1
 11, 26 |   9.0138911587975566e-05 |   9.0138911587975566e-05 | 1
 11, 27 |   4.9652443297995988e-03 |   4.9652443297995988e-03 | 1
 11, 28 |   7.6064313508241864e-04 |   7.6064313508241864e-04 | 1
 11, 29 |   9.2758296388579067e-05 |   9.2758296388579067e-05 | 1
 11, 30 |   6.9260015220158275e-04 |   6.9260015220158275e-04 | 1
 11, 31 |   1.0464976025953143e-03 |   1.0464976025953143e-03 | 1
 11, 32 |   2.9405700709227882e-04 |   2.9405700709227882e-04 | 1
 11, 33 |  -4.2135562185713496e-03 |  -4.2135562185713496e-03 | 1
 11, 34 |   2.2254466734525627e-03 |   2.2254466734525627e-03 | 1
 11, 35 |  -7.8363556693472158e-05 |  -7.8363556693472158e-05 | 1
 11, 36 |  -6.8873905102375836e-05 |  -6.8873905102375836e-05 | 1
 11, 37 |  -7.2367610407170820e-05 |  -7.2367610407170820e-05 | 1
 11, 38 |  -6.7714881471194697e-05 |  -6.7714881471194697e-05 | 1
 11, 39 |  -5.8376775191904223e-05 |  -5.8376775191904223e-05 | 1
 11, 40 |  -4.8142104718397033e-09 |  -4.8142104718397033e-09 | 1
 11, 41 |   1.0675003124704752e-04 |   1.0675003124704752e-04 | 1
 11, 42 |  -2.9507037606441705e-04 |  -2.9507037606441705e-04 | 1
 12,  1 |   3.7706199466194641e-05 |   3.7706199466194641e-05 | 1
 12,  2 |   3.4949318242976392e-05 |   3.4949318242976392e-05 | 1
 12,  3 |   2.2443869499727544e-05 |   2.2443869499727544e-05 | 1
 12,  4 |   3.6732048239599591e-05 |   3.6732048239599591e-05 | 1
 12,  5 |   1.3069475961028938e-05 |   1.3069475961028938e-05 | 1
 12,  6 |   2.2513438415919650e-05 |   2.2513438415919650e-05 | 1
 12,  7 |   3.8986682259346819e-05 |   3.8986682259346819e-05 | 1
 12,  8 |   3.4255467727180584e-05 |   3.4255467727180584e-05 | 1
 12,  9 |   3.1905368148510904e-05 |   3.1905368148510904e-05 | 1
 12, 10 |   7.5024208342311873e-05 |   7.5024208342311873e-05 | 1
 12, 11 |   2.7834950034270824e-04 |   2.7834950034270824e-04 | 1
 12, 12 |   1.5866487665501038e-02 |   1.5866487665501038e-02 | 1
 12, 13 |   1.5907174793134369e-05 |   1.5907174793134369e-05 | 1
 12, 14 |   2.9644761448131669e-05 |   2.9644761448131669e-05 | 1
 12, 15 |   4.8386755044255451e-04 |   4.8386755044255451e-04 | 1
 12, 16 |   5.0801324561022213e-05 |   5.0801324561022213e-05 | 1
 12, 17 |   4.6402986577807575e-05 |   4.6402986577807575e-05 | 1
 12, 18 |   2.6079288825550230e-05 |   2.6079288825550230e-05 | 1
 12, 19 |   4.2550223628239615e-05 |   4.2550223628239615e-05 | 1
 12, 20 |   5.1782493601729639e-05 |   5.1782493601729639e-05 | 1
 12, 21 |   4.8882620448013344e-05 |   4.8882620448013344e-05 | 1
 12, 22 |   8.1163167262004386e-05 |   8.1163167262004386e-05 | 1
 12, 23 |   2.6517155989261700e-05 |   2.6517155989261700e-05 | 1
 12, 24 |   8.1523934454280541e-05 |   8.1523934454280541e-05 | 1
 12, 25 |   5.4686299258549986e-05 |   5.4686299258549986e-05 | 1
 12, 26 |   3.8109427942655214e-05 |   3.8109427942655214e-05 | 1
 12, 27 |   4.0205504426241775e-04 |   4.0205504426241775e-04 | 1
 12, 28 |   1.0071307151875080e-04 |   1.0071307151875080e-04 | 1
 12, 29 |   5.1479808878357076e-05 |   5.1479808878357076e-05 | 1
 12, 30 |   8.9308690999217257e-05 |   8.9308690999217257e-05 | 1
 12, 31 |   1.2162314634425942e-04 |   1.2162314634425942e-04 | 1
 12, 32 |  -1.4978790606338089e-05 |  -1.4978790606338089e-05 | 1
 12, 33 |  -2.8028990603912505e-04 |  -2.8028990603912505e-04 | 1
 12, 34 |   2.2929879452187051e-04 |   2.2929879452187051e-04 | 1
 12, 35 |  -2.5350988915094252e-05 |  -2.5350988915094252e-05 | 1
 12, 36 |  -3.1438362205461417e-05 |  -3.1438362205461417e-05 | 1
 12, 37 |  -2.5571193336473407e-05 |  -2.5571193336473407e-05 | 1
 12, 38 |  -3.0879387173047827e-05 |  -3.0879387173047827e-05 | 1
 12, 39 |  -2.4706622010396931e-06 |  -2.4706622010396931e-06 | 1
 12, 40 |  -7.4159234502642127e-09 |  -7.4159234502642127e-09 | 1
 12, 41 |   4.0701286524465079e-05 |   4.0701286524465079e-05 | 1
 12, 42 |   1.4074561174549330e-05 |   1.4074561174549330e-05 | 1
 13,  1 |   6.0440861694208897e-05 |   6.0440861694208897e-05 | 1
 13,  2 |   6.0071546235611621e-05 |   6.0071546235611621e-05 | 1
 13,  3 |   4.4625143147601249e-05 |   4.4625143147601249e-05 | 1
 13,  4 |   8.4400910483060153e-05 |   8.4400910483060153e-05 | 1
 13,  5 |   7.3728072341722683e-05 |   7.3728072341722683e-05 | 1
 13,  6 |  -1.2558991755377806e-05 |  -1.2558991755377806e-05 | 1
 13,  7 |   6.8234694269216577e-05 |   6.8234694269216577e-05 | 1
 13,  8 |   6.2010211960757198e-05 |   6.2010211960757198e-05 | 1
 13,  9 |   4.2299376716078927e-05 |   4.2299376716078927e-05 | 1
 13, 10 |   1.6114838733996935e-04 |   1.6114838733996935e-04 | 1
 13, 11 |  -4.2278974084705544e-04 |  -4.2278974084705544e-04 | 1
 13, 12 |   1.5907174793134369e-05 |   1.5907174793134369e-05 | 1
 13, 13 |   1.8421925175235183e-02 |   1.8421925175235183e-02 | 1
 13, 14 |   1.9279941305862063e-04 |   1.9279941305862063e-04 | 1
 13, 15 |   2.6618608962733508e-04 |   2.6618608962733508e-04 | 1
 13, 16 |   5.7954368830676234e-05 |   5.7954368830676234e-05 | 1
 13, 17 |   7.8162229477628280e-05 |   7.8162229477628280e-05 | 1
 13, 18 |   6.2781571519965990e-05 |   6.2781571519965990e-05 | 1
 13, 19 |   1.9942173434982907e-04 |   1.9942173434982907e-04 | 1
 13, 20 |   7.1636885098292323e-05 |   7.1636885098292323e-05 | 1
 13, 21 |  -3.2111360123912290e-05 |  -3.2111360123912290e-05 | 1
 13, 22 |  -5.1285280922964071e-05 |  -5.1285280922964071e-05 | 1
 13, 23 |   2.9341093471124330e-05 |   2.9341093471124330e-05 | 1
 13, 24 |   3.2178006608764482e-05 |   3.2178006608764482e-05 | 1
 13, 25 |   5.8746005249297223e-05 |   5.8746005249297223e-05 | 1
 13, 26 |   5.9876882246561099e-05 |   5.9876882246561099e-05 | 1
 13, 27 |  -9.3253567524020052e-04 |  -9.3253567524020052e-04 | 1
 13, 28 |  -3.8265114883117546e-05 |  -3.8265114883117546e-05 | 1
 13, 29 |   1.0223556269830497e-04 |   1.0223556269830497e-04 | 1
 13, 30 |  -3.2055901131160906e-05 |  -3.2055901131160906e-05 | 1
 13, 31 |  -1.0143763696454002e-04 |  -1.0143763696454002e-04 | 1
 13, 32 |  -1.6954295339711146e-04 |  -1.6954295339711146e-04 | 1
 13, 33 |   9.7198960726952116e-04 |   9.7198960726952116e-04 | 1
 13, 34 |  -2.8109607879740674e-04 |  -2.8109607879740674e-04 | 1
 13, 35 |  -4.3600559987895473e-05 |  -4.3600559987895473e-05 | 1
 13, 36 |  -4.3735370980632072e-05 |  -4.3735370980632072e-05 | 1
 13, 37 |  -4.5137783211683319e-05 |  -4.5137783211683319e-05 | 1
 13, 38 |  -4.5717346287102166e-05 |  -4.5717346287102166e-05 | 1
 13, 39 |  -1.7034644818387220e-05 |  -1.7034644818387220e-05 | 1
 13, 40 |  -8.7946204394906464e-09 |  -8.7946204394906464e-09 | 1
 13, 41 |   6.5726965349746267e-05 |   6.5726965349746267e-05 | 1
 13, 42 |   1.6886915610303760e-04 |   1.6886915610303760e-04 | 1
 14,  1 |   6.7417405720784424e-05 |   6.7417405720784424e-05 | 1
 14,  2 |   6.6642620505208132e-05 |   6.6642620505208132e-05 | 1
 14,  3 |   5.1935509213204219e-05 |   5.1935509213204219e-05 | 1
 14,  4 |   8.9477991576069081e-05 |   8.9477991576069081e-05 | 1
 14,  5 |   6.5566171278903091e-05 |   6.5566171278903091e-05 | 1
 14,  6 |  -2.8035055219811203e-06 |  -2.8035055219811203e-06 | 1
 14,  7 |   7.7244127185866108e-05 |   7.7244127185866108e-05 | 1
 14,  8 |   6.9652849722711183e-05 |   6.9652849722711183e-05 | 1
 14,  9 |   5.3652358540202818e-05 |   5.3652358540202818e-05 | 1
 14, 10 |   1.6409600765178694e-04 |   1.6409600765178694e-04 | 1
 14, 11 |  -2.7963714342371139e-04 |  -2.7963714342371139e-04 | 1
 14, 12 |   2.9644761448131669e-05 |   2.9644761448131669e-05 | 1
 14, 13 |   1.9279941305862063e-04 |   1.9279941305862063e-04 | 1
 14, 14 |   1.6403281184930226e-02 |   1.6403281184930226e-02 | 1
 14, 15 |   3.7045813296052057e-04 |   3.7045813296052057e-04 | 1
 14, 16 |   7.2963956608471201e-05 |   7.2963956608471201e-05 | 1
 14, 17 |   8.4479428012589891e-05 |   8.4479428012589891e-05 | 1
 14, 18 |   6.7104604286324267e-05 |   6.7104604286324267e-05 | 1
 14, 19 |   1.9180731879526441e-04 |   1.9180731879526441e-04 | 1
 14, 20 |   7.9132754330207348e-05 |   7.9132754330207348e-05 | 1
 14, 21 |  -1.8668043155614714e-05 |  -1.8668043155614714e-05 | 1
 14, 22 |  -1.0541934463988770e-05 |  -1.0541934463988770e-05 | 1
 14, 23 |   3.5271234717004616e-05 |   3.5271234717004616e-05 | 1
 14, 24 |   5.3604766006926269e-05 |   5.3604766006926269e-05 | 1
 14, 25 |   6.8240301833675238e-05 |   6.8240301833675238e-05 | 1
 14, 26 |   6.9647288676102736e-05 |   6.9647288676102736e-05 | 1
 14, 27 |  -7.2195191472386152e-04 |  -7.2195191472386152e-04 | 1
 14, 28 |  -7.1294327730529403e-07 |  -7.1294327730529403e-07 | 1
 14, 29 |   1.0853594232238983e-04 |   1.0853594232238983e-04 | 1
 14, 30 |   6.4058426112023090e-06 |   6.4058426112023090e-06 | 1
 14, 31 |  -5.6289023740822950e-05 |  -5.6289023740822950e-05 | 1
 14, 32 |  -1.5232031722688225e-04 |  -1.5232031722688225e-04 | 1
 14, 33 |   7.8655747563011191e-04 |   7.8655747563011191e-04 | 1
 14, 34 |  -1.8506392684093957e-04 |  -1.8506392684093957e-04 | 1
 14, 35 |  -3.8699050089719553e-05 |  -3.8699050089719553e-05 | 1
 14, 36 |  -4.2667985514446163e-05 |  -4.2667985514446163e-05 | 1
 14, 37 |  -4.6168196351552424e-05 |  -4.6168196351552424e-05 | 1
 14, 38 |  -3.3660879563010444e-05 |  -3.3660879563010444e-05 | 1
 14, 39 |  -3.8032433508845443e-05 |  -3.8032433508845443e-05 | 1
 14, 40 |  -8.8578057112195717e-09 |  -8.8578057112195717e-09 | 1
 14, 41 |   7.3752005463890131e-05 |   7.3752005463890131e-05 | 1
 14, 42 |   1.5108059773289700e-04 |   1.5108059773289700e-04 | 1
 15,  1 |   1.1867847793249747e-04 |   1.1867847793249747e-04 | 1
 15,  2 |   1.5335921685147302e-04 |   1.5335921685147302e-04 | 1
 15,  3 |   5.4058218508347202e-05 |   5.4058218508347202e-05 | 1
 15,  4 |   2.8034769963326790e-04 |   2.8034769963326790e-04 | 1
 15,  5 |  -7.6404734813365592e-04 |  -7.6404734813365592e-04 | 1
 15,  6 |  -1.3243791521891764e-04 |  -1.3243791521891764e-04 | 1
 15,  7 |   3.3292957585027668e-04 |   3.3292957585027668e-04 | 1
 15,  8 |   2.9829532784459345e-04 |   2.9829532784459345e-04 | 1
 15,  9 |   5.0217281832415489e-05 |   5.0217281832415489e-05 | 1
 15, 10 |   1.2878851779159635e-03 |   1.2878851779159635e-03 | 1
 15, 11 |   2.6780050514945641e-03 |   2.6780050514945641e-03 | 1
 15, 12 |   4.8386755044255451e-04 |   4.8386755044255451e-04 | 1
 15, 13 |   2.6618608962733508e-04 |   2.6618608962733508e-04 | 1
 15, 14 |   3.7045813296052057e-04 |   3.7045813296052057e-04 | 1
 15, 15 |   7.4021802281209512e-02 |   7.4021802281209512e-02 | 1
 15, 16 |   5.9379638276340469e-04 |   5.9379638276340469e-04 | 1
 15, 17 |   1.8063909344264196e-04 |   1.8063909344264196e-04 | 1
 15, 18 |  -6.1912682097690924e-05 |  -6.1912682097690924e-05 | 1
 15, 19 |   6.9859336286886881e-04 |   6.9859336286886881e-04 | 1
 15, 20 |   3.3882165474918141e-04 |   3.3882165474918141e-04 | 1
 15, 21 |  -2.3632696492969379e-04 |  -2.3632696492969379e-04 | 1
 15, 22 |   7.0340097163056991e-04 |   7.0340097163056991e-04 | 1
 15, 23 |  -1.3958744840302374e-04 |  -1.3958744840302374e-04 | 1
 15, 24 |   7.7984599992837560e-04 |   7.7984599992837560e-04 | 1
 15, 25 |   4.3503054785997992e-04 |   4.3503054785997992e-04 | 1
 15, 26 |   2.2525979910910057e-05 |   2.2525979910910057e-05 | 1
 15, 27 |   3.3016581587978376e-03 |   3.3016581587978376e-03 | 1
 15, 28 |   8.6196910421204782e-04 |   8.6196910421204782e-04 | 1
 15, 29 |   5.0537527716235293e-04 |   5.0537527716235293e-04 | 1
 15, 30 |   7.1554029852664489e-04 |   7.1554029852664489e-04 | 1
 15, 31 |   9.4997168979610801e-04 |   9.4997168979610801e-04 | 1
 15, 32 |  -9.7999498352174547e-04 |  -9.7999498352174547e-04 | 1
 15, 33 |  -1.3750001612135301e-03 |  -1.3750001612135301e-03 | 1
 15, 34 |   2.3774565235871832e-03 |   2.3774565235871832e-03 | 1
 15, 35 |  -1.7872576280705322e-04 |  -1.7872576280705322e-04 | 1
 15, 36 |  -1.5767401166275096e-04 |  -1.5767401166275096e-04 | 1
 15, 37 |  -1.3913100276600660e-04 |  -1.3913100276600660e-04 | 1
 15, 38 |  -6.0255244757477955e-05 |  -6.0255244757477955e-05 | 1
 15, 39 |   6.9167835010224978e-06 |   6.9167835010224978e-06 | 1
 15, 40 |  -1.0287636837669573e-08 |  -1.0287636837669573e-08 | 1
 15, 41 |   1.4231117080595423e-04 |   1.4231117080595423e-04 | 1
 15, 42 |   9.6655045649510695e-04 |   9.6655045649510695e-04 | 1
 16,  1 |   4.3014885128008260e-05 |   4.3014885128008260e-05 | 1
 16,  2 |   4.1265498457588931e-05 |   4.1265498457588931e-05 | 1
 16,  3 |   2.8232275799885246e-05 |   2.8232275799885246e-05 | 1
 16,  4 |   5.3925318615342154e-05 |   5.3925318615342154e-05 | 1
 16,  5 |   6.5659158909948960e-06 |   6.5659158909948960e-06 | 1
 16,  6 |   1.0998483797200379e-05 |   1.0998483797200379e-05 | 1
 16,  7 |   5.6597575426516874e-05 |   5.6597575426516874e-05 | 1
 16,  8 |   5.2726195223861379e-05 |   5.2726195223861379e-05 | 1
 16,  9 |   3.5876800660124131e-05 |   3.5876800660124131e-05 | 1
 16, 10 |   1.2847131042790897e-04 |   1.2847131042790897e-04 | 1
 16, 11 |   2.1008798535429634e-04 |   2.1008798535429634e-04 | 1
 16, 12 |   5.0801324561022213e-05 |   5.0801324561022213e-05 | 1
 16, 13 |   5.7954368830676234e-05 |   5.7954368830676234e-05 | 1
 16, 14 |   7.2963956608471201e-05 |   7.2963956608471201e-05 | 1
 16, 15 |   5.9379638276340469e-04 |   5.9379638276340469e-04 | 1
 16, 16 |   3.2398577407942064e-03 |   3.2398577407942064e-03 | 1
 16, 17 |   5.2538390484507417e-05 |   5.2538390484507417e-05 | 1
 16, 18 |   2.0725018491874104e-05 |   2.0725018491874104e-05 | 1
 16, 19 |   8.7844110328801929e-05 |   8.7844110328801929e-05 | 1
 16, 20 |   5.4795363341005232e-05 |   5.4795363341005232e-05 | 1
 16, 21 |   1.4980587237167663e-05 |   1.4980587237167663e-05 | 1
 16, 22 |   7.8781193521398915e-05 |   7.8781193521398915e-05 | 1
 16, 23 |   2.3253857178068681e-05 |   2.3253857178068681e-05 | 1
 16, 24 |   8.8933112079728172e-05 |   8.8933112079728172e-05 | 1
 16, 25 |   6.1630553288387672e-05 |   6.1630553288387672e-05 | 1
 16, 26 |   3.0168224556248792e-05 |   3.0168224556248792e-05 | 1
 16, 27 |   1.9699099528231039e-04 |   1.9699099528231039e-04 | 1
 16, 28 |   8.9417612224038692e-05 |   8.9417612224038692e-05 | 1
 16, 29 |   6.9395245798321064e-05 |   6.9395245798321064e-05 | 1
 16, 30 |   8.2394081329943469e-05 |   8.2394081329943469e-05 | 1
 16, 31 |   9.6851586118618292e-05 |   9.6851586118618292e-05 | 1
 16, 32 |  -7.1601615437205126e-05 |  -7.1601615437205126e-05 | 1
 16, 33 |  -4.8514751626994107e-05 |  -4.8514751626994107e-05 | 1
 16, 34 |   1.7859053294297692e-04 |   1.7859053294297692e-04 | 1
 16, 35 |  -1.4824930288486050e-05 |  -1.4824930288486050e-05 | 1
 16, 36 |  -1.5093461255780322e-05 |  -1.5093461255780322e-05 | 1
 16, 37 |  -1.2715326984170920e-05 |  -1.2715326984170920e-05 | 1
 16, 38 |  -9.4509366952419730e-06 |  -9.4509366952419730e-06 | 1
 16, 39 |  -3.3630100033869136e-05 |  -3.3630100033869136e-05 | 1
 16, 40 |  -8.4728807528899176e-09 |  -8.4728807528899176e-09 | 1
 16, 41 |   4.3963817126156397e-05 |   4.3963817126156397e-05 | 1
 16, 42 |   7.0549479517014967e-05 |   7.0549479517014967e-05 | 1
 17,  1 |   7.7756476274413251e-05 |   7.7756476274413251e-05 | 1
 17,  2 |   7.0661705509814516e-05 |   7.0661705509814516e-05 | 1
 17,  3 |   5.7986644790825655e-05 |   5.7986644790825655e-05 | 1
 17,  4 |   6.9988956415667470e-05 |   6.9988956415667470e-05 | 1
 17,  5 |   1.1283316723421497e-04 |   1.1283316723421497e-04 | 1
 17,  6 |   5.4402593721072332e-05 |   5.4402593721072332e-05 | 1
 17,  7 |   5.9534942664419711e-05 |   5.9534942664419711e-05 | 1
 17,  8 |   5.7022151819622341e-05 |   5.7022151819622341e-05 | 1
 17,  9 |   6.9289322795397013e-05 |   6.9289322795397013e-05 | 1
 17, 10 |   6.2428828350991186e-05 |   6.2428828350991186e-05 | 1
 17, 11 |   1.0444454454705197e-04 |   1.0444454454705197e-04 | 1
 17, 12 |   4.6402986577807575e-05 |   4.6402986577807575e-05 | 1
 17, 13 |   7.8162229477628280e-05 |   7.8162229477628280e-05 | 1
 17, 14 |   8.4479428012589891e-05 |   8.4479428012589891e-05 | 1
 17, 15 |   1.8063909344264196e-04 |   1.8063909344264196e-04 | 1
 17, 16 |   5.2538390484507417e-05 |   5.2538390484507417e-05 | 1
 17, 17 |   4.2866904281558139e-03 |   4.2866904281558139e-03 | 1
 17, 18 |   8.5338667013141106e-05 |   8.5338667013141106e-05 | 1
 17, 19 |   7.9167120114876375e-05 |   7.9167120114876375e-05 | 1
 17, 20 |   8.6356826809219544e-05 |   8.6356826809219544e-05 | 1
 17, 21 |   9.8846879893706543e-05 |   9.8846879893706543e-05 | 1
 17, 22 |   7.1380833752606544e-05 |   7.1380833752606544e-05 | 1
 17, 23 |   7.7333490253627394e-05 |   7.7333490253627394e-05 | 1
 17, 24 |   8.4409278972853212e-05 |   8.4409278972853212e-05 | 1
 17, 25 |   7.3382611426758951e-05 |   7.3382611426758951e-05 | 1
 17, 26 |   9.8833911736017461e-05 |   9.8833911736017461e-05 | 1
 17, 27 |   5.7483121136489313e-05 |   5.7483121136489313e-05 | 1
 17, 28 |   8.3303482971361565e-05 |   8.3303482971361565e-05 | 1
 17, 29 |   8.1529010599344371e-05 |   8.1529010599344371e-05 | 1
 17, 30 |   8.5911703858089717e-05 |   8.5911703858089717e-05 | 1
 17, 31 |   7.8799913027940229e-05 |   7.8799913027940229e-05 | 1
 17, 32 |   1.0181184516221048e-05 |   1.0181184516221048e-05 | 1
 17, 33 |  -1.3608671565518404e-05 |  -1.3608671565518404e-05 | 1
 17, 34 |   7.3141653466269075e-05 |   7.3141653466269075e-05 | 1
 17, 35 |  -5.0415502760021844e-05 |  -5.0415502760021844e-05 | 1
 17, 36 |  -5.6852375639732756e-05 |  -5.6852375639732756e-05 | 1
 17, 37 |  -5.7887384368198731e-05 |  -5.7887384368198731e-05 | 1
 17, 38 |  -5.6778499366090949e-05 |  -5.6778499366090949e-05 | 1
 17, 39 |  -2.8082800123071443e-05 |  -2.8082800123071443e-05 | 1
 17, 40 |  -1.0513033522515182e-08 |  -1.0513033522515182e-08 | 1
 17, 41 |   8.5490941545101647e-05 |   8.5490941545101647e-05 | 1
 17, 42 |  -1.0903465717609475e-05 |  -1.0903465717609475e-05 | 1
 18,  1 |   7.2602089229623318e-05 |   7.2602089229623318e-05 | 1
 18,  2 |   6.7750491043753775e-05 |   6.7750491043753775e-05 | 1
 18,  3 |   5.2886620353410251e-05 |   5.2886620353410251e-05 | 1
 18,  4 |   5.8440326218387091e-05 |   5.8440326218387091e-05 | 1
 18,  5 |   1.3793035477416401e-04 |   1.3793035477416401e-04 | 1
 18,  6 |   6.2859097781206244e-05 |   6.2859097781206244e-05 | 1
 18,  7 |   3.9920437184426977e-05 |   3.9920437184426977e-05 | 1
 18,  8 |   4.0787187938417298e-05 |   4.0787187938417298e-05 | 1
 18,  9 |   6.5309912700541712e-05 |   6.5309912700541712e-05 | 1
 18, 10 |   3.4224224544946635e-07 |   3.4224224544946635e-07 | 1
 18, 11 |   9.2849512973184368e-06 |   9.2849512973184368e-06 | 1
 18, 12 |   2.6079288825550230e-05 |   2.6079288825550230e-05 | 1
 18, 13 |   6.2781571519965990e-05 |   6.2781571519965990e-05 | 1
 18, 14 |   6.7104604286324267e-05 |   6.7104604286324267e-05 | 1
 18, 15 |  -6.1912682097690924e-05 |  -6.1912682097690924e-05 | 1
 18, 16 |   2.0725018491874104e-05 |   2.0725018491874104e-05 | 1
 18, 17 |   8.5338667013141106e-05 |   8.5338667013141106e-05 | 1
 18, 18 |   1.8598123751992799e-02 |   1.8598123751992799e-02 | 1
 18, 19 |   5.2178559414815809e-05 |   5.2178559414815809e-05 | 1
 18, 20 |   8.1552104922935474e-05 |   8.1552104922935474e-05 | 1
 18, 21 |   1.1414800484656462e-04 |   1.1414800484656462e-04 | 1
 18, 22 |   4.1689708449462973e-05 |   4.1689708449462973e-05 | 1
 18, 23 |   7.8809246149476396e-05 |   7.8809246149476396e-05 | 1
 18, 24 |   5.5989918508644227e-05 |   5.5989918508644227e-05 | 1
 18, 25 |   5.6355631717803879e-05 |   5.6355631717803879e-05 | 1
 18, 26 |   1.0989439421379664e-04 |   1.0989439421379664e-04 | 1
 18, 27 |  -3.3595243189102691e-05 |  -3.3595243189102691e-05 | 1
 18, 28 |   5.3590466418074953e-05 |   5.3590466418074953e-05 | 1
 18, 29 |   5.9348354044735235e-05 |   5.9348354044735235e-05 | 1
 18, 30 |   6.0611184932956718e-05 |   6.0611184932956718e-05 | 1
 18, 31 |   3.7521267577578471e-05 |   3.7521267577578471e-05 | 1
 18, 32 |   5.2275479054067882e-05 |   5.2275479054067882e-05 | 1
 18, 33 |   1.0095858770714219e-05 |   1.0095858770714219e-05 | 1
 18, 34 |  -1.0298915993639697e-05 |  -1.0298915993639697e-05 | 1
 18, 35 |  -6.1964948510771626e-05 |  -6.1964948510771626e-05 | 1
 18, 36 |  -6.9122601069811646e-05 |  -6.9122601069811646e-05 | 1
 18, 37 |  -6.8522928467946981e-05 |  -6.8522928467946981e-05 | 1
 18, 38 |  -5.7322844191314527e-05 |  -5.7322844191314527e-05 | 1
 18, 39 |  -6.6217764892637064e-06 |  -6.6217764892637064e-06 | 1
 18, 40 |  -9.8765461023110291e-09 |  -9.8765461023110291e-09 | 1
 18, 41 |   8.2224414322514927e-05 |   8.2224414322514927e-05 | 1
 18, 42 |  -5.4296198475702727e-05 |  -5.4296198475702727e-05 | 1
 19,  1 |   6.0445963244720269e-05 |   6.0445963244720269e-05 | 1
 19,  2 |   6.2493650125678972e-05 |   6.2493650125678972e-05 | 1
 19,  3 |   4.2678313979470448e-05 |   4.2678313979470448e-05 | 1
 19,  4 |   9.1190693857361947e-05 |   9.1190693857361947e-05 | 1
 19,  5 |   2.1644959446928205e-05 |   2.1644959446928205e-05 | 1
 19,  6 |  -1.3188764826018317e-05 |  -1.3188764826018317e-05 | 1
 19,  7 |   8.0748927944676292e-05 |   8.0748927944676292e-05 | 1
 19,  8 |   7.3805039753261910e-05 |   7.3805039753261910e-05 | 1
 19,  9 |   4.0955744197476894e-05 |   4.0955744197476894e-05 | 1
 19, 10 |   2.1501308210038905e-04 |   2.1501308210038905e-04 | 1
 19, 11 |  -2.1282533252278848e-04 |  -2.1282533252278848e-04 | 1
 19, 12 |   4.2550223628239615e-05 |   4.2550223628239615e-05 | 1
 19, 13 |   1.9942173434982907e-04 |   1.9942173434982907e-04 | 1
 19, 14 |   1.9180731879526441e-04 |   1.9180731879526441e-04 | 1
 19, 15 |   6.9859336286886881e-04 |   6.9859336286886881e-04 | 1
 19, 16 |   8.7844110328801929e-05 |   8.7844110328801929e-05 | 1
 19, 17 |   7.9167120114876375e-05 |   7.9167120114876375e-05 | 1
 19, 18 |   5.2178559414815809e-05 |   5.2178559414815809e-05 | 1
 19, 19 |   2.2129226742888856e-02 |   2.2129226742888856e-02 | 1
 19, 20 |   8.1383678520269881e-05 |   8.1383678520269881e-05 | 1
 19, 21 |  -3.6857271479188267e-05 |  -3.6857271479188267e-05 | 1
 19, 22 |  -2.4819783826797802e-06 |  -2.4819783826797802e-06 | 1
 19, 23 |   1.9679829575193688e-05 |   1.9679829575193688e-05 | 1
 19, 24 |   7.3482716912634494e-05 |   7.3482716912634494e-05 | 1
 19, 25 |   7.6349209250523901e-05 |   7.6349209250523901e-05 | 1
 19, 26 |   5.2689174238339275e-05 |   5.2689174238339275e-05 | 1
 19, 27 |  -6.2087214753583485e-04 |  -6.2087214753583485e-04 | 1
 19, 28 |   1.6393854384805194e-05 |   1.6393854384805194e-05 | 1
 19, 29 |   1.1780529211867857e-04 |   1.1780529211867857e-04 | 1
 19, 30 |   1.4959765732874222e-05 |   1.4959765732874222e-05 | 1
 19, 31 |  -3.4673812160590609e-05 |  -3.4673812160590609e-05 | 1
 19, 32 |  -2.0354698821737943e-04 |  -2.0354698821737943e-04 | 1
 19, 33 |   7.7009390742835003e-04 |   7.7009390742835003e-04 | 1
 19, 34 |  -1.0941327570182685e-04 |  -1.0941327570182685e-04 | 1
 19, 35 |  -4.3963469293113456e-05 |  -4.3963469293113456e-05 | 1
 19, 36 |  -4.2444864892223231e-05 |  -4.2444864892223231e-05 | 1
 19, 37 |  -4.3689077659267344e-05 |  -4.3689077659267344e-05 | 1
 19, 38 |  -3.3698899789658731e-05 |  -3.3698899789658731e-05 | 1
 19, 39 |  -2.0416083387049086e-05 |  -2.0416083387049086e-05 | 1
 19, 40 |  -9.3900214192277838e-09 |  -9.3900214192277838e-09 | 1
 19, 41 |   6.5494070541001310e-05 |   6.5494070541001310e-05 | 1
 19, 42 |   2.0197575357653848e-04 |   2.0197575357653848e-04 | 1
 20,  1 |   7.1644211100492576e-05 |   7.1644211100492576e-05 | 1
 20,  2 |   6.7228158555804215e-05 |   6.7228158555804215e-05 | 1
 20,  3 |   5.5777214447358964e-05 |   5.5777214447358964e-05 | 1
 20,  4 |   6.9999626047592204e-05 |   6.9999626047592204e-05 | 1
 20,  5 |   8.2034281061076384e-05 |   8.2034281061076384e-05 | 1
 20,  6 |   4.6770006841491648e-05 |   4.6770006841491648e-05 | 1
 20,  7 |   5.5911937663551893e-05 |   5.5911937663551893e-05 | 1
 20,  8 |   5.8300565359649647e-05 |   5.8300565359649647e-05 | 1
 20,  9 |   5.8891244989175501e-05 |   5.8891244989175501e-05 | 1
 20, 10 |   7.9374230717748931e-05 |   7.9374230717748931e-05 | 1
 20, 11 |   1.6168854173212468e-04 |   1.6168854173212468e-04 | 1
 20, 12 |   5.1782493601729639e-05 |   5.1782493601729639e-05 | 1
 20, 13 |   7.1636885098292323e-05 |   7.1636885098292323e-05 | 1
 20, 14 |   7.9132754330207348e-05 |   7.9132754330207348e-05 | 1
 20, 15 |   3.3882165474918141e-04 |   3.3882165474918141e-04 | 1
 20, 16 |   5.4795363341005232e-05 |   5.4795363341005232e-05 | 1
 20, 17 |   8.6356826809219544e-05 |   8.6356826809219544e-05 | 1
 20, 18 |   8.1552104922935474e-05 |   8.1552104922935474e-05 | 1
 20, 19 |   8.1383678520269881e-05 |   8.1383678520269881e-05 | 1
 20, 20 |   1.0004371047320933e-02 |   1.0004371047320933e-02 | 1
 20, 21 |   8.4461878294279295e-05 |   8.4461878294279295e-05 | 1
 20, 22 |   8.3146424333626633e-05 |   8.3146424333626633e-05 | 1
 20, 23 |   7.3020770794888991e-05 |   7.3020770794888991e-05 | 1
 20, 24 |   9.5940682854993666e-05 |   9.5940682854993666e-05 | 1
 20, 25 |   7.2205727062594582e-05 |   7.2205727062594582e-05 | 1
 20, 26 |   9.1903459981349103e-05 |   9.1903459981349103e-05 | 1
 20, 27 |   1.2804913823704912e-04 |   1.2804913823704912e-04 | 1
 20, 28 |   9.5288184898419587e-05 |   9.5288184898419587e-05 | 1
 20, 29 |   8.1460262481831391e-05 |   8.1460262481831391e-05 | 1
 20, 30 |   8.7749928441914390e-05 |   8.7749928441914390e-05 | 1
 20, 31 |   8.7078572496959895e-05 |   8.7078572496959895e-05 | 1
 20, 32 |  -6.9834753453422512e-06 |  -6.9834753453422512e-06 | 1
 20, 33 |  -5.0406505480060998e-05 |  -5.0406505480060998e-05 | 1
 20, 34 |   1.1436396584251988e-04 |   1.1436396584251988e-04 | 1
 20, 35 |  -6.5521356429049441e-05 |  -6.5521356429049441e-05 | 1
 20, 36 |  -6.3841890137004512e-05 |  -6.3841890137004512e-05 | 1
 20, 37 |  -5.6791138908125656e-05 |  -5.6791138908125656e-05 | 1
 20, 38 |  -5.7499080596937605e-05 |  -5.7499080596937605e-05 | 1
 20, 39 |  -2.9816724581776930e-05 |  -2.9816724581776930e-05 | 1
 20, 40 |  -5.0827749989928995e-09 |  -5.0827749989928995e-09 | 1
 20, 41 |   8.0808672526248859e-05 |   8.0808672526248859e-05 | 1
 20, 42 |   5.9851685131104653e-06 |   5.9851685131104653e-06 | 1
 21,  1 |   8.8981475008777559e-05 |   8.8981475008777559e-05 | 1
 21,  2 |   7.5082439531708796e-05 |   7.5082439531708796e-05 | 1
 21,  3 |   6.6408826723821974e-05 |   6.6408826723821974e-05 | 1
 21,  4 |   4.6381104908476351e-05 |   4.6381104908476351e-05 | 1
 21,  5 |   1.9872201337639648e-04 |   1.9872201337639648e-04 | 1
 21,  6 |   1.1713034117905392e-04 |   1.1713034117905392e-04 | 1
 21,  7 |   2.9484670607061124e-05 |   2.9484670607061124e-05 | 1
 21,  8 |   4.2079665651146896e-05 |   4.2079665651146896e-05 | 1
 21,  9 |   8.6116286320926509e-05 |   8.6116286320926509e-05 | 1
 21, 10 |  -7.2389586852453013e-05 |  -7.2389586852453013e-05 | 1
 21, 11 |   3.9314828102734501e-04 |   3.9314828102734501e-04 | 1
 21, 12 |   4.8882620448013344e-05 |   4.8882620448013344e-05 | 1
 21, 13 |  -3.2111360123912290e-05 |  -3.2111360123912290e-05 | 1
 21, 14 |  -1.8668043155614714e-05 |  -1.8668043155614714e-05 | 1
 21, 15 |  -2.3632696492969379e-04 |  -2.3632696492969379e-04 | 1
 21, 16 |   1.4980587237167663e-05 |   1.4980587237167663e-05 | 1
 21, 17 |   9.8846879893706543e-05 |   9.8846879893706543e-05 | 1
 21, 18 |   1.1414800484656462e-04 |   1.1414800484656462e-04 | 1
 21, 19 |  -3.6857271479188267e-05 |  -3.6857271479188267e-05 | 1
 21, 20 |   8.4461878294279295e-05 |   8.4461878294279295e-05 | 1
 21, 21 |   4.7876535715497229e-02 |   4.7876535715497229e-02 | 1
 21, 22 |   1.3851199104823514e-04 |   1.3851199104823514e-04 | 1
 21, 23 |   1.2307253140634618e-04 |   1.2307253140634618e-04 | 1
 21, 24 |   9.8095413116571607e-05 |   9.8095413116571607e-05 | 1
 21, 25 |   6.8680115620769577e-05 |   6.8680115620769577e-05 | 1
 21, 26 |   1.3797824516673991e-04 |   1.3797824516673991e-04 | 1
 21, 27 |   6.7571636555557564e-04 |   6.7571636555557564e-04 | 1
 21, 28 |   1.3471540898907220e-04 |   1.3471540898907220e-04 | 1
 21, 29 |   4.4197425946442096e-05 |   4.4197425946442096e-05 | 1
 21, 30 |   1.4963712615059837e-04 |   1.4963712615059837e-04 | 1
 21, 31 |   1.7430957127191350e-04 |   1.7430957127191350e-04 | 1
 21, 32 |   1.9768532946983825e-04 |   1.9768532946983825e-04 | 1
 21, 33 |  -7.1912728578336308e-04 |  -7.1912728578336308e-04 | 1
 21, 34 |   2.3842208083875419e-04 |   2.3842208083875419e-04 | 1
 21, 35 |  -6.5536893927689403e-05 |  -6.5536893927689403e-05 | 1
 21, 36 |  -6.1821306988857163e-05 |  -6.1821306988857163e-05 | 1
 21, 37 |  -7.8406459044097867e-05 |  -7.8406459044097867e-05 | 1
 21, 38 |  -7.8174679053047246e-05 |  -7.8174679053047246e-05 | 1
 21, 39 |  -2.3311912345277378e-05 |  -2.3311912345277378e-05 | 1
 21, 40 |  -1.1072212579305602e-08 |  -1.1072212579305602e-08 | 1
 21, 41 |   9.8703348718149890e-05 |   9.8703348718149890e-05 | 1
 21, 42 |  -1.9713384428804431e-04 |  -1.9713384428804431e-04 | 1
 22,  1 |   6.0710994732785230e-05 |   6.0710994732785230e-05 | 1
 22,  2 |   5.4256045169445539e-05 |   5.4256045169445539e-05 | 1
 22,  3 |   3.7905606819771288e-05 |   3.7905606819771288e-05 | 1
 22,  4 |   4.6670470224254268e-05 |   4.6670470224254268e-05 | 1
 22,  5 |   4.2708662159101969e-05 |   4.2708662159101969e-05 | 1
 22,  6 |   7.5236434994057277e-05 |   7.5236434994057277e-05 | 1
 22,  7 |   5.3022125212295788e-05 |   5.3022125212295788e-05 | 1
 22,  8 |   5.5133516636567839e-05 |   5.5133516636567839e-05 | 1
 22,  9 |   5.6506216640173829e-05 |   5.6506216640173829e-05 | 1
 22, 10 |   6.8689855052948888e-05 |   6.8689855052948888e-05 | 1
 22, 11 |   7.2105124935589531e-04 |   7.2105124935589531e-04 | 1
 22, 12 |   8.1163167262004386e-05 |   8.1163167262004386e-05 | 1
 22, 13 |  -5.1285280922964071e-05 |  -5.1285280922964071e-05 | 1
 22, 14 |  -1.0541934463988770e-05 |  -1.0541934463988770e-05 | 1
 22, 15 |   7.0340097163056991e-04 |   7.0340097163056991e-04 | 1
 22, 16 |   7.8781193521398915e-05 |   7.8781193521398915e-05 | 1
 22, 17 |   7.1380833752606544e-05 |   7.1380833752606544e-05 | 1
 22, 18 |   4.1689708449462973e-05 |   4.1689708449462973e-05 | 1
 22, 19 |  -2.4819783826797802e-06 |  -2.4819783826797802e-06 | 1
 22, 20 |   8.3146424333626633e-05 |   8.3146424333626633e-05 | 1
 22, 21 |   1.3851199104823514e-04 |   1.3851199104823514e-04 | 1
 22, 22 |   5.5681228767406200e-02 |   5.5681228767406200e-02 | 1
 22, 23 |   6.6363996212674055e-05 |   6.6363996212674055e-05 | 1
 22, 24 |   1.5792402092156124e-04 |   1.5792402092156124e-04 | 1
 22, 25 |   8.3044926372604440e-05 |   8.3044926372604440e-05 | 1
 22, 26 |   6.5090624499913074e-05 |   6.5090624499913074e-05 | 1
 22, 27 |   1.1328049547493640e-03 |   1.1328049547493640e-03 | 1
 22, 28 |   2.0914247240791901e-04 |   2.0914247240791901e-04 | 1
 22, 29 |   6.0830841252571089e-05 |   6.0830841252571089e-05 | 1
 22, 30 |   1.9373956497155962e-04 |   1.9373956497155962e-04 | 1
 22, 31 |   2.6945254314101588e-04 |   2.6945254314101588e-04 | 1
 22, 32 |   6.6248533402105979e-05 |   6.6248533402105979e-05 | 1
 22, 33 |  -9.3150053601699905e-04 |  -9.3150053601699905e-04 | 1
 22, 34 |   5.3081536303716762e-04 |   5.3081536303716762e-04 | 1
 22, 35 |  -4.6890636479244567e-05 |  -4.6890636479244567e-05 | 1
 22, 36 |  -3.5910127149037447e-05 |  -3.5910127149037447e-05 | 1
 22, 37 |  -3.7063003898153949e-05 |  -3.7063003898153949e-05 | 1
 22, 38 |  -3.6297857465231077e-05 |  -3.6297857465231077e-05 | 1
 22, 39 |  -3.0927486059314112e-05 |  -3.0927486059314112e-05 | 1
 22, 40 |  -8.1003772954898813e-09 |  -8.1003772954898813e-09 | 1
 22, 41 |   6.6827158598726033e-05 |   6.6827158598726033e-05 | 1
 22, 42 |  -6.7406064032219669e-05 |  -6.7406064032219669e-05 | 1
 23,  1 |   6.8023120446375634e-05 |   6.8023120446375634e-05 | 1
 23,  2 |   5.9246440636147092e-05 |   5.9246440636147092e-05 | 1
 23,  3 |   4.8734251456103388e-05 |   4.8734251456103388e-05 | 1
 23,  4 |   5.0077550275614316e-05 |   5.0077550275614316e-05 | 1
 23,  5 |   1.5851476903417915e-04 |   1.5851476903417915e-04 | 1
 23,  6 |   7.2951263044570351e-05 |   7.2951263044570351e-05 | 1
 23,  7 |   3.2946133099737726e-05 |   3.2946133099737726e-05 | 1
 23,  8 |   4.4314171919368257e-05 |   4.4314171919368257e-05 | 1
 23,  9 |   5.6083990860904162e-05 |   5.6083990860904162e-05 | 1
 23, 10 |  -1.0226809396997976e-05 |  -1.0226809396997976e-05 | 1
 23, 11 |   1.2384710670475252e-04 |   1.2384710670475252e-04 | 1
 23, 12 |   2.6517155989261700e-05 |   2.6517155989261700e-05 | 1
 23, 13 |   2.9341093471124330e-05 |   2.9341093471124330e-05 | 1
 23, 14 |   3.5271234717004616e-05 |   3.5271234717004616e-05 | 1
 23, 15 |  -1.3958744840302374e-04 |  -1.3958744840302374e-04 | 1
 23, 16 |   2.3253857178068681e-05 |   2.3253857178068681e-05 | 1
 23, 17 |   7.7333490253627394e-05 |   7.7333490253627394e-05 | 1
 23, 18 |   7.8809246149476396e-05 |   7.8809246149476396e-05 | 1
 23, 19 |   1.9679829575193688e-05 |   1.9679829575193688e-05 | 1
 23, 20 |   7.3020770794888991e-05 |   7.3020770794888991e-05 | 1
 23, 21 |   1.2307253140634618e-04 |   1.2307253140634618e-04 | 1
 23, 22 |   6.6363996212674055e-05 |   6.6363996212674055e-05 | 1
 23, 23 |   2.5305964043599267e-02 |   2.5305964043599267e-02 | 1
 23, 24 |   7.0766330497264450e-05 |   7.0766330497264450e-05 | 1
 23, 25 |   4.8754381699561343e-05 |   4.8754381699561343e-05 | 1
 23, 26 |   8.9059878818346195e-05 |   8.9059878818346195e-05 | 1
 23, 27 |   1.6935917185435711e-04 |   1.6935917185435711e-04 | 1
 23, 28 |   6.5347691886417675e-05 |   6.5347691886417675e-05 | 1
 23, 29 |   4.2381761664324716e-05 |   4.2381761664324716e-05 | 1
 23, 30 |   6.9316901017721274e-05 |   6.9316901017721274e-05 | 1
 23, 31 |   7.1838004811579966e-05 |   7.1838004811579966e-05 | 1
 23, 32 |   8.5069464787578225e-05 |   8.5069464787578225e-05 | 1
 23, 33 |  -1.9290230841113444e-04 |  -1.9290230841113444e-04 | 1
 23, 34 |   6.1738032074295162e-05 |   6.1738032074295162e-05 | 1
 23, 35 |  -5.6257555451287409e-05 |  -5.6257555451287409e-05 | 1
 23, 36 |  -4.0867549677991682e-05 |  -4.0867549677991682e-05 | 1
 23, 37 |  -4.1264679310898104e-05 |  -4.1264679310898104e-05 | 1
 23, 38 |  -5.0635654121488412e-05 |  -5.0635654121488412e-05 | 1
 23, 39 |  -2.4430088114946730e-05 |  -2.4430088114946730e-05 | 1
 23, 40 |  -9.8034988415695666e-09 |  -9.8034988415695666e-09 | 1
 23, 41 |   7.2917149722272998e-05 |   7.2917149722272998e-05 | 1
 23, 42 |  -8.5039033185789806e-05 |  -8.5039033185789806e-05 | 1
 24,  1 |   7.1580117304853293e-05 |   7.1580117304853293e-05 | 1
 24,  2 |   6.6086175095322021e-05 |   6.6086175095322021e-05 | 1
 24,  3 |   5.1254946058011683e-05 |   5.1254946058011683e-05 | 1
 24,  4 |   7.0086035229648754e-05 |   7.0086035229648754e-05 | 1
 24,  5 |   4.0538851542727510e-05 |   4.0538851542727510e-05 | 1
 24,  6 |   5.4135610879581480e-05 |   5.4135610879581480e-05 | 1
 24,  7 |   7.0658614472594931e-05 |   7.0658614472594931e-05 | 1
 24,  8 |   6.9893430538459962e-05 |   6.9893430538459962e-05 | 1
 24,  9 |   6.0427262272254380e-05 |   6.0427262272254380e-05 | 1
 24, 10 |   1.3181872324239340e-04 |   1.3181872324239340e-04 | 1
 24, 11 |   4.8754228880712545e-04 |   4.8754228880712545e-04 | 1
 24, 12 |   8.1523934454280541e-05 |   8.1523934454280541e-05 | 1
 24, 13 |   3.2178006608764482e-05 |   3.2178006608764482e-05 | 1
 24, 14 |   5.3604766006926269e-05 |   5.3604766006926269e-05 | 1
 24, 15 |   7.7984599992837560e-04 |   7.7984599992837560e-04 | 1
 24, 16 |   8.8933112079728172e-05 |   8.8933112079728172e-05 | 1
 24, 17 |   8.4409278972853212e-05 |   8.4409278972853212e-05 | 1
 24, 18 |   5.5989918508644227e-05 |   5.5989918508644227e-05 | 1
 24, 19 |   7.3482716912634494e-05 |   7.3482716912634494e-05 | 1
 24, 20 |   9.5940682854993666e-05 |   9.5940682854993666e-05 | 1
 24, 21 |   9.8095413116571607e-05 |   9.8095413116571607e-05 | 1
 24, 22 |   1.5792402092156124e-04 |   1.5792402092156124e-04 | 1
 24, 23 |   7.0766330497264450e-05 |   7.0766330497264450e-05 | 1
 24, 24 |   4.0742714875427327e-03 |   4.0742714875427327e-03 | 1
 24, 25 |   9.2434940645312364e-05 |   9.2434940645312364e-05 | 1
 24, 26 |   7.4711554313556505e-05 |   7.4711554313556505e-05 | 1
 24, 27 |   6.6174537412333609e-04 |   6.6174537412333609e-04 | 1
 24, 28 |   1.6839914539201598e-04 |   1.6839914539201598e-04 | 1
 24, 29 |   9.1057012186765342e-05 |   9.1057012186765342e-05 | 1
 24, 30 |   1.5890159054561081e-04 |   1.5890159054561081e-04 | 1
 24, 31 |   1.9916124950430591e-04 |   1.9916124950430591e-04 | 1
 24, 32 |  -1.5986231615482150e-05 |  -1.5986231615482150e-05 | 1
 24, 33 |  -4.5944831459658641e-04 |  -4.5944831459658641e-04 | 1
 24, 34 |   3.7564154368714762e-04 |   3.7564154368714762e-04 | 1
 24, 35 |  -5.9228717650315824e-05 |  -5.9228717650315824e-05 | 1
 24, 36 |  -4.6367494043414907e-05 |  -4.6367494043414907e-05 | 1
 24, 37 |  -4.7416712471335206e-05 |  -4.7416712471335206e-05 | 1
 24, 38 |  -4.8177925373290503e-05 |  -4.8177925373290503e-05 | 1
 24, 39 |  -2.9030433003117030e-05 |  -2.9030433003117030e-05 | 1
 24, 40 |  -9.2643054235777138e-09 |  -9.2643054235777138e-09 | 1
 24, 41 |   7.7480913551319794e-05 |   7.7480913551319794e-05 | 1
 24, 42 |   1.4586300918876113e-05 |   1.4586300918876113e-05 | 1
 25,  1 |   6.0769059166068929e-05 |   6.0769059166068929e-05 | 1
 25,  2 |   5.5615323667785657e-05 |   5.5615323667785657e-05 | 1
 25,  3 |   4.2611387870045851e-05 |   4.2611387870045851e-05 | 1
 25,  4 |   5.8545937817818245e-05 |   5.8545937817818245e-05 | 1
 25,  5 |   5.6364176542238061e-05 |   5.6364176542238061e-05 | 1
 25,  6 |   3.6242132074005991e-05 |   3.6242132074005991e-05 | 1
 25,  7 |   5.3972182780114982e-05 |   5.3972182780114982e-05 | 1
 25,  8 |   5.1157605353835606e-05 |   5.1157605353835606e-05 | 1
 25,  9 |   5.2394343857650375e-05 |   5.2394343857650375e-05 | 1
 25, 10 |   8.8018414110908443e-05 |   8.8018414110908443e-05 | 1
 25, 11 |   2.1197959402902456e-04 |   2.1197959402902456e-04 | 1
 25, 12 |   5.4686299258549986e-05 |   5.4686299258549986e-05 | 1
 25, 13 |   5.8746005249297223e-05 |   5.8746005249297223e-05 | 1
 25, 14 |   6.8240301833675238e-05 |   6.8240301833675238e-05 | 1
 25, 15 |   4.3503054785997992e-04 |   4.3503054785997992e-04 | 1
 25, 16 |   6.1630553288387672e-05 |   6.1630553288387672e-05 | 1
 25, 17 |   7.3382611426758951e-05 |   7.3382611426758951e-05 | 1
 25, 18 |   5.6355631717803879e-05 |   5.6355631717803879e-05 | 1
 25, 19 |   7.6349209250523901e-05 |   7.6349209250523901e-05 | 1
 25, 20 |   7.2205727062594582e-05 |   7.2205727062594582e-05 | 1
 25, 21 |   6.8680115620769577e-05 |   6.8680115620769577e-05 | 1
 25, 22 |   8.3044926372604440e-05 |   8.3044926372604440e-05 | 1
 25, 23 |   4.8754381699561343e-05 |   4.8754381699561343e-05 | 1
 25, 24 |   9.2434940645312364e-05 |   9.2434940645312364e-05 | 1
 25, 25 |   1.3217763591788143e-02 |   1.3217763591788143e-02 | 1
 25, 26 |   7.1841822946503185e-05 |   7.1841822946503185e-05 | 1
 25, 27 |   2.3918369212183631e-04 |   2.3918369212183631e-04 | 1
 25, 28 |   1.0066146233590862e-04 |   1.0066146233590862e-04 | 1
 25, 29 |   7.7275382468714111e-05 |   7.7275382468714111e-05 | 1
 25, 30 |   9.6711988458600536e-05 |   9.6711988458600536e-05 | 1
 25, 31 |   1.0812723904441227e-04 |   1.0812723904441227e-04 | 1
 25, 32 |  -2.0069264504127209e-05 |  -2.0069264504127209e-05 | 1
 25, 33 |  -1.3125468794857671e-04 |  -1.3125468794857671e-04 | 1
 25, 34 |   1.7092675343106879e-04 |   1.7092675343106879e-04 | 1
 25, 35 |  -3.6148419388728925e-05 |  -3.6148419388728925e-05 | 1
 25, 36 |  -4.2685314553353676e-05 |  -4.2685314553353676e-05 | 1
 25, 37 |  -4.4768523875047172e-05 |  -4.4768523875047172e-05 | 1
 25, 38 |  -4.4481413765829999e-05 |  -4.4481413765829999e-05 | 1
 25, 39 |  -1.9620439002066238e-05 |  -1.9620439002066238e-05 | 1
 25, 40 |  -9.3408043075128145e-09 |  -9.3408043075128145e-09 | 1
 25, 41 |   6.6539397439461964e-05 |   6.6539397439461964e-05 | 1
 25, 42 |   1.9515960558730306e-05 |   1.9515960558730306e-05 | 1
 26,  1 |   8.1653901052181841e-05 |   8.1653901052181841e-05 | 1
 26,  2 |   7.6155410224484107e-05 |   7.6155410224484107e-05 | 1
 26,  3 |   5.9352577445819226e-05 |   5.9352577445819226e-05 | 1
 26,  4 |   6.4892151948387617e-05 |   6.4892151948387617e-05 | 1
 26,  5 |   1.3952805934514220e-04 |   1.3952805934514220e-04 | 1
 26,  6 |   7.3532326405696159e-05 |   7.3532326405696159e-05 | 1
 26,  7 |   5.3233207816217695e-05 |   5.3233207816217695e-05 | 1
 26,  8 |   4.8315688943563237e-05 |   4.8315688943563237e-05 | 1
 26,  9 |   7.5552853982300590e-05 |   7.5552853982300590e-05 | 1
 26, 10 |   1.5920188553981280e-05 |   1.5920188553981280e-05 | 1
 26, 11 |   9.0138911587975566e-05 |   9.0138911587975566e-05 | 1
 26, 12 |   3.8109427942655214e-05 |   3.8109427942655214e-05 | 1
 26, 13 |   5.9876882246561099e-05 |   5.9876882246561099e-05 | 1
 26, 14 |   6.9647288676102736e-05 |   6.9647288676102736e-05 | 1
 26, 15 |   2.2525979910910057e-05 |   2.2525979910910057e-05 | 1
 26, 16 |   3.0168224556248792e-05 |   3.0168224556248792e-05 | 1
 26, 17 |   9.8833911736017461e-05 |   9.8833911736017461e-05 | 1
 26, 18 |   1.0989439421379664e-04 |   1.0989439421379664e-04 | 1
 26, 19 |   5.2689174238339275e-05 |   5.2689174238339275e-05 | 1
 26, 20 |   9.1903459981349103e-05 |   9.1903459981349103e-05 | 1
 26, 21 |   1.3797824516673991e-04 |   1.3797824516673991e-04 | 1
 26, 22 |   6.5090624499913074e-05 |   6.5090624499913074e-05 | 1
 26, 23 |   8.9059878818346195e-05 |   8.9059878818346195e-05 | 1
 26, 24 |   7.4711554313556505e-05 |   7.4711554313556505e-05 | 1
 26, 25 |   7.1841822946503185e-05 |   7.1841822946503185e-05 | 1
 26, 26 |   3.4328700385594629e-02 |   3.4328700385594629e-02 | 1
 26, 27 |   7.8625734794574606e-05 |   7.8625734794574606e-05 | 1
 26, 28 |   8.0573526695647561e-05 |   8.0573526695647561e-05 | 1
 26, 29 |   7.3076562384679017e-05 |   7.3076562384679017e-05 | 1
 26, 30 |   8.6923062553051695e-05 |   8.6923062553051695e-05 | 1
 26, 31 |   7.4738393484467586e-05 |   7.4738393484467586e-05 | 1
 26, 32 |   5.7385133950399323e-05 |   5.7385133950399323e-05 | 1
 26, 33 |  -8.0643092835870048e-05 |  -8.0643092835870048e-05 | 1
 26, 34 |   4.7112271250571516e-05 |   4.7112271250571516e-05 | 1
 26, 35 |  -7.2225545846162656e-05 |  -7.2225545846162656e-05 | 1
 26, 36 |  -7.9150074710767452e-05 |  -7.9150074710767452e-05 | 1
 26, 37 |  -8.4500462309914141e-05 |  -8.4500462309914141e-05 | 1
 26, 38 |  -7.1998754917508508e-05 |  -7.1998754917508508e-05 | 1
 26, 39 |  -1.0755983442007306e-05 |  -1.0755983442007306e-05 | 1
 26, 40 |  -8.4352135471406320e-09 |  -8.4352135471406320e-09 | 1
 26, 41 |   9.4346975037888747e-05 |   9.4346975037888747e-05 | 1
 26, 42 |  -5.8942334950501192e-05 |  -5.8942334950501192e-05 | 1
 27,  1 |   6.6411877152528493e-05 |   6.6411877152528493e-05 | 1
 27,  2 |   4.1650964028845090e-05 |   4.1650964028845090e-05 | 1
 27,  3 |   2.3851836028264926e-05 |   2.3851836028264926e-05 | 1
 27,  4 |  -6.7771730195910625e-05 |  -6.7771730195910625e-05 | 1
 27,  5 |  -2.5215787620496376e-04 |  -2.5215787620496376e-04 | 1
 27,  6 |   3.2622943377639993e-04 |   3.2622943377639993e-04 | 1
 27,  7 |   3.4688237298938505e-05 |   3.4688237298938505e-05 | 1
 27,  8 |   4.7356878106248994e-05 |   4.7356878106248994e-05 | 1
 27,  9 |   1.0715409559197651e-04 |   1.0715409559197651e-04 | 1
 27, 10 |  -5.9719115667297336e-05 |  -5.9719115667297336e-05 | 1
 27, 11 |   4.9652443297995988e-03 |   4.9652443297995988e-03 | 1
 27, 12 |   4.0205504426241775e-04 |   4.0205504426241775e-04 | 1
 27, 13 |  -9.3253567524020052e-04 |  -9.3253567524020052e-04 | 1
 27, 14 |  -7.2195191472386152e-04 |  -7.2195191472386152e-04 | 1
 27, 15 |   3.3016581587978376e-03 |   3.3016581587978376e-03 | 1
 27, 16 |   1.9699099528231039e-04 |   1.9699099528231039e-04 | 1
 27, 17 |   5.7483121136489313e-05 |   5.7483121136489313e-05 | 1
 27, 18 |  -3.3595243189102691e-05 |  -3.3595243189102691e-05 | 1
 27, 19 |  -6.2087214753583485e-04 |  -6.2087214753583485e-04 | 1
 27, 20 |   1.2804913823704912e-04 |   1.2804913823704912e-04 | 1
 27, 21 |   6.7571636555557564e-04 |   6.7571636555557564e-04 | 1
 27, 22 |   1.1328049547493640e-03 |   1.1328049547493640e-03 | 1
 27, 23 |   1.6935917185435711e-04 |   1.6935917185435711e-04 | 1
 27, 24 |   6.6174537412333609e-04 |   6.6174537412333609e-04 | 1
 27, 25 |   2.3918369212183631e-04 |   2.3918369212183631e-04 | 1
 27, 26 |   7.8625734794574606e-05 |   7.8625734794574606e-05 | 1
 27, 27 |   1.2816348353766818e-02 |   1.2816348353766818e-02 | 1
 27, 28 |   1.1714701112221205e-03 |   1.1714701112221205e-03 | 1
 27, 29 |  -1.6630395044350868e-05 |  -1.6630395044350868e-05 | 1
 27, 30 |   1.0734390052821972e-03 |   1.0734390052821972e-03 | 1
 27, 31 |   1.7009484875231352e-03 |   1.7009484875231352e-03 | 1
 27, 32 |   7.4188487995065851e-04 |   7.4188487995065851e-04 | 1
 27, 33 |  -7.7071670039357901e-03 |  -7.7071670039357901e-03 | 1
 27, 34 |   3.6598886628223669e-03 |   3.6598886628223669e-03 | 1
 27, 35 |  -6.2800930912233267e-05 |  -6.2800930912233267e-05 | 1
 27, 36 |  -5.4865626025675767e-05 |  -5.4865626025675767e-05 | 1
 27, 37 |  -5.4389321288013993e-05 |  -5.4389321288013993e-05 | 1
 27, 38 |  -5.9508414047744428e-05 |  -5.9508414047744428e-05 | 1
 27, 39 |  -7.3518222006422370e-06 |  -7.3518222006422370e-06 | 1
 27, 40 |  -8.7214402757069120e-09 |  -8.7214402757069120e-09 | 1
 27, 41 |   7.3101036330300087e-05 |   7.3101036330300087e-05 | 1
 27, 42 |  -7.4278481482392992e-04 |  -7.4278481482392992e-04 | 1
 28,  1 |   6.9805998186157754e-05 |   6.9805998186157754e-05 | 1
 28,  2 |   6.3187731896064808e-05 |   6.3187731896064808e-05 | 1
 28,  3 |   4.7054301980893220e-05 |   4.7054301980893220e-05 | 1
 28,  4 |   5.6762145306434423e-05 |   5.6762145306434423e-05 | 1
 28,  5 |   1.4099556333816090e-05 |   1.4099556333816090e-05 | 1
 28,  6 |   6.7201452000720973e-05 |   6.7201452000720973e-05 | 1
 28,  7 |   6.7617164775531584e-05 |   6.7617164775531584e-05 | 1
 28,  8 |   5.8698717115134377e-05 |   5.8698717115134377e-05 | 1
 28,  9 |   6.7062626252394102e-05 |   6.7062626252394102e-05 | 1
 28, 10 |   9.4824396824311257e-05 |   9.4824396824311257e-05 | 1
 28, 11 |   7.6064313508241864e-04 |   7.6064313508241864e-04 | 1
 28, 12 |   1.0071307151875080e-04 |   1.0071307151875080e-04 | 1
 28, 13 |  -3.8265114883117546e-05 |  -3.8265114883117546e-05 | 1
 28, 14 |  -7.1294327730529403e-07 |  -7.1294327730529403e-07 | 1
 28, 15 |   8.6196910421204782e-04 |   8.6196910421204782e-04 | 1
 28, 16 |   8.9417612224038692e-05 |   8.9417612224038692e-05 | 1
 28, 17 |   8.3303482971361565e-05 |   8.3303482971361565e-05 | 1
 28, 18 |   5.3590466418074953e-05 |   5.3590466418074953e-05 | 1
 28, 19 |   1.6393854384805194e-05 |   1.6393854384805194e-05 | 1
 28, 20 |   9.5288184898419587e-05 |   9.5288184898419587e-05 | 1
 28, 21 |   1.3471540898907220e-04 |   1.3471540898907220e-04 | 1
 28, 22 |   2.0914247240791901e-04 |   2.0914247240791901e-04 | 1
 28, 23 |   6.5347691886417675e-05 |   6.5347691886417675e-05 | 1
 28, 24 |   1.6839914539201598e-04 |   1.6839914539201598e-04 | 1
 28, 25 |   1.0066146233590862e-04 |   1.0066146233590862e-04 | 1
 28, 26 |   8.0573526695647561e-05 |   8.0573526695647561e-05 | 1
 28, 27 |   1.1714701112221205e-03 |   1.1714701112221205e-03 | 1
 28, 28 |   7.5800699891183576e-03 |   7.5800699891183576e-03 | 1
 28, 29 |   8.1531537842030816e-05 |   8.1531537842030816e-05 | 1
 28, 30 |   2.1436219678100296e-04 |   2.1436219678100296e-04 | 1
 28, 31 |   2.9668260194147685e-04 |   2.9668260194147685e-04 | 1
 28, 32 |   4.8427260273841829e-05 |   4.8427260273841829e-05 | 1
 28, 33 |  -9.4568924881060579e-04 |  -9.4568924881060579e-04 | 1
 28, 34 |   5.7503786703073565e-04 |   5.7503786703073565e-04 | 1
 28, 35 |  -4.8158460665701754e-05 |  -4.8158460665701754e-05 | 1
 28, 36 |  -6.1991732918913395e-05 |  -6.1991732918913395e-05 | 1
 28, 37 |  -5.3108506440562766e-05 |  -5.3108506440562766e-05 | 1
 28, 38 |  -5.3134098072900790e-05 |  -5.3134098072900790e-05 | 1
 28, 39 |  -2.7756527403086864e-05 |  -2.7756527403086864e-05 | 1
 28, 40 |  -7.3739365427077966e-09 |  -7.3739365427077966e-09 | 1
 28, 41 |   7.8608509418286800e-05 |   7.8608509418286800e-05 | 1
 28, 42 |  -4.9511405797957324e-05 |  -4.9511405797957324e-05 | 1
 29,  1 |   6.4521877953759878e-05 |   6.4521877953759878e-05 | 1
 29,  2 |   6.0894292700661536e-05 |   6.0894292700661536e-05 | 1
 29,  3 |   4.4287488020802532e-05 |   4.4287488020802532e-05 | 1
 29,  4 |   7.0515624688109805e-05 |   7.0515624688109805e-05 | 1
 29,  5 |   5.4720064598738547e-05 |   5.4720064598738547e-05 | 1
 29,  6 |   2.5456682567707930e-05 |   2.5456682567707930e-05 | 1
 29,  7 |   6.4586798891209989e-05 |   6.4586798891209989e-05 | 1
 29,  8 |   5.9289113700251845e-05 |   5.9289113700251845e-05 | 1
 29,  9 |   5.3884788191304841e-05 |   5.3884788191304841e-05 | 1
 29, 10 |   1.2702018372182707e-04 |   1.2702018372182707e-04 | 1
 29, 11 |   9.2758296388579067e-05 |   9.2758296388579067e-05 | 1
 29, 12 |   5.1479808878357076e-05 |   5.1479808878357076e-05 | 1
 29, 13 |   1.0223556269830497e-04 |   1.0223556269830497e-04 | 1
 29, 14 |   1.0853594232238983e-04 |   1.0853594232238983e-04 | 1
 29, 15 |   5.0537527716235293e-04 |   5.0537527716235293e-04 | 1
 29, 16 |   6.9395245798321064e-05 |   6.9395245798321064e-05 | 1
 29, 17 |   8.1529010599344371e-05 |   8.1529010599344371e-05 | 1
 29, 18 |   5.9348354044735235e-05 |   5.9348354044735235e-05 | 1
 29, 19 |   1.1780529211867857e-04 |   1.1780529211867857e-04 | 1
 29, 20 |   8.1460262481831391e-05 |   8.1460262481831391e-05 | 1
 29, 21 |   4.4197425946442096e-05 |   4.4197425946442096e-05 | 1
 29, 22 |   6.0830841252571089e-05 |   6.0830841252571089e-05 | 1
 29, 23 |   4.2381761664324716e-05 |   4.2381761664324716e-05 | 1
 29, 24 |   9.1057012186765342e-05 |   9.1057012186765342e-05 | 1
 29, 25 |   7.7275382468714111e-05 |   7.7275382468714111e-05 | 1
 29, 26 |   7.3076562384679017e-05 |   7.3076562384679017e-05 | 1
 29, 27 |  -1.6630395044350868e-05 |  -1.6630395044350868e-05 | 1
 29, 28 |   8.1531537842030816e-05 |   8.1531537842030816e-05 | 1
 29, 29 |   1.1428819173986327e-02 |   1.1428819173986327e-02 | 1
 29, 30 |   7.6039601207537267e-05 |   7.6039601207537267e-05 | 1
 29, 31 |   7.0719524856255827e-05 |   7.0719524856255827e-05 | 1
 29, 32 |  -7.0151092351927646e-05 |  -7.0151092351927646e-05 | 1
 29, 33 |   1.3337781512756864e-04 |   1.3337781512756864e-04 | 1
 29, 34 |   8.7573495410070860e-05 |   8.7573495410070860e-05 | 1
 29, 35 |  -4.5615899895810026e-05 |  -4.5615899895810026e-05 | 1
 29, 36 |  -5.3315383200800640e-05 |  -5.3315383200800640e-05 | 1
 29, 37 |  -5.5942417477369136e-05 |  -5.5942417477369136e-05 | 1
 29, 38 |  -5.5195381737393902e-05 |  -5.5195381737393902e-05 | 1
 29, 39 |  -2.3002330738634709e-05 |  -2.3002330738634709e-05 | 1
 29, 40 |  -6.3967213879927189e-09 |  -6.3967213879927189e-09 | 1
 29, 41 |   7.2963318048141425e-05 |   7.2963318048141425e-05 | 1
 29, 42 |   7.0288713854651526e-05 |   7.0288713854651526e-05 | 1
 30,  1 |   7.1808965784836816e-05 |   7.1808965784836816e-05 | 1
 30,  2 |   6.5210197939018590e-05 |   6.5210197939018590e-05 | 1
 30,  3 |   4.5175960261787953e-05 |   4.5175960261787953e-05 | 1
 30,  4 |   5.5210484741107749e-05 |   5.5210484741107749e-05 | 1
 30,  5 |   5.4187947957994045e-05 |   5.4187947957994045e-05 | 1
 30,  6 |   7.8841011071615263e-05 |   7.8841011071615263e-05 | 1
 30,  7 |   5.7622102751190828e-05 |   5.7622102751190828e-05 | 1
 30,  8 |   5.9358529158429744e-05 |   5.9358529158429744e-05 | 1
 30,  9 |   6.9162020490804609e-05 |   6.9162020490804609e-05 | 1
 30, 10 |   7.3663833803105569e-05 |   7.3663833803105569e-05 | 1
 30, 11 |   6.9260015220158275e-04 |   6.9260015220158275e-04 | 1
 30, 12 |   8.9308690999217257e-05 |   8.9308690999217257e-05 | 1
 30, 13 |  -3.2055901131160906e-05 |  -3.2055901131160906e-05 | 1
 30, 14 |   6.4058426112023090e-06 |   6.4058426112023090e-06 | 1
 30, 15 |   7.1554029852664489e-04 |   7.1554029852664489e-04 | 1
 30, 16 |   8.2394081329943469e-05 |   8.2394081329943469e-05 | 1
 30, 17 |   8.5911703858089717e-05 |   8.5911703858089717e-05 | 1
 30, 18 |   6.0611184932956718e-05 |   6.0611184932956718e-05 | 1
 30, 19 |   1.4959765732874222e-05 |   1.4959765732874222e-05 | 1
 30, 20 |   8.7749928441914390e-05 |   8.7749928441914390e-05 | 1
 30, 21 |   1.4963712615059837e-04 |   1.4963712615059837e-04 | 1
 30, 22 |   1.9373956497155962e-04 |   1.9373956497155962e-04 | 1
 30, 23 |   6.9316901017721274e-05 |   6.9316901017721274e-05 | 1
 30, 24 |   1.5890159054561081e-04 |   1.5890159054561081e-04 | 1
 30, 25 |   9.6711988458600536e-05 |   9.6711988458600536e-05 | 1
 30, 26 |   8.6923062553051695e-05 |   8.6923062553051695e-05 | 1
 30, 27 |   1.0734390052821972e-03 |   1.0734390052821972e-03 | 1
 30, 28 |   2.1436219678100296e-04 |   2.1436219678100296e-04 | 1
 30, 29 |   7.6039601207537267e-05 |   7.6039601207537267e-05 | 1
 30, 30 |   1.0147858074614840e-02 |   1.0147858074614840e-02 | 1
 30, 31 |   2.7069812415673534e-04 |   2.7069812415673534e-04 | 1
 30, 32 |   6.2647989165671259e-05 |   6.2647989165671259e-05 | 1
 30, 33 |  -8.7756665050688250e-04 |  -8.7756665050688250e-04 | 1
 30, 34 |   5.1377024026565566e-04 |   5.1377024026565566e-04 | 1
 30, 35 |  -4.5327358734086322e-05 |  -4.5327358734086322e-05 | 1
 30, 36 |  -4.8059223158208020e-05 |  -4.8059223158208020e-05 | 1
 30, 37 |  -5.7120955448254661e-05 |  -5.7120955448254661e-05 | 1
 30, 38 |  -4.6277267932234353e-05 |  -4.6277267932234353e-05 | 1
 30, 39 |  -2.7454747747198800e-05 |  -2.7454747747198800e-05 | 1
 30, 40 |  -1.0413990230849678e-08 |  -1.0413990230849678e-08 | 1
 30, 41 |   7.9885018476755457e-05 |   7.9885018476755457e-05 | 1
 30, 42 |  -6.3655918289083852e-05 |  -6.3655918289083852e-05 | 1
 31,  1 |   6.8164471725399146e-05 |   6.8164471725399146e-05 | 1
 31,  2 |   5.6946351819162575e-05 |   5.6946351819162575e-05 | 1
 31,  3 |   4.3510893574392399e-05 |   4.3510893574392399e-05 | 1
 31,  4 |   4.3595208611158355e-05 |   4.3595208611158355e-05 | 1
 31,  5 |   9.9153002388604076e-06 |   9.9153002388604076e-06 | 1
 31,  6 |   8.6705855508775086e-05 |   8.6705855508775086e-05 | 1
 31,  7 |   5.9248448580426703e-05 |   5.9248448580426703e-05 | 1
 31,  8 |   5.7381991523296381e-05 |   5.7381991523296381e-05 | 1
 31,  9 |   6.7719494023259116e-05 |   6.7719494023259116e-05 | 1
 31, 10 |   7.9967088232153831e-05 |   7.9967088232153831e-05 | 1
 31, 11 |   1.0464976025953143e-03 |   1.0464976025953143e-03 | 1
 31, 12 |   1.2162314634425942e-04 |   1.2162314634425942e-04 | 1
 31, 13 |  -1.0143763696454002e-04 |  -1.0143763696454002e-04 | 1
 31, 14 |  -5.6289023740822950e-05 |  -5.6289023740822950e-05 | 1
 31, 15 |   9.4997168979610801e-04 |   9.4997168979610801e-04 | 1
 31, 16 |   9.6851586118618292e-05 |   9.6851586118618292e-05 | 1
 31, 17 |   7.8799913027940229e-05 |   7.8799913027940229e-05 | 1
 31, 18 |   3.7521267577578471e-05 |   3.7521267577578471e-05 | 1
 31, 19 |  -3.4673812160590609e-05 |  -3.4673812160590609e-05 | 1
 31, 20 |   8.7078572496959895e-05 |   8.7078572496959895e-05 | 1
 31, 21 |   1.7430957127191350e-04 |   1.7430957127191350e-04 | 1
 31, 22 |   2.6945254314101588e-04 |   2.6945254314101588e-04 | 1
 31, 23 |   7.1838004811579966e-05 |   7.1838004811579966e-05 | 1
 31, 24 |   1.9916124950430591e-04 |   1.9916124950430591e-04 | 1
 31, 25 |   1.0812723904441227e-04 |   1.0812723904441227e-04 | 1
 31, 26 |   7.4738393484467586e-05 |   7.4738393484467586e-05 | 1
 31, 27 |   1.7009484875231352e-03 |   1.7009484875231352e-03 | 1
 31, 28 |   2.9668260194147685e-04 |   2.9668260194147685e-04 | 1
 31, 29 |   7.0719524856255827e-05 |   7.0719524856255827e-05 | 1
 31, 30 |   2.7069812415673534e-04 |   2.7069812415673534e-04 | 1
 31, 31 |   2.2261419418614325e-02 |   2.2261419418614325e-02 | 1
 31, 32 |   1.0345837542621206e-04 |   1.0345837542621206e-04 | 1
 31, 33 |  -1.4296745595870682e-03 |  -1.4296745595870682e-03 | 1
 31, 34 |   7.8707314895745304e-04 |   7.8707314895745304e-04 | 1
 31, 35 |  -3.3268128134938607e-05 |  -3.3268128134938607e-05 | 1
 31, 36 |  -4.5152830167486719e-05 |  -4.5152830167486719e-05 | 1
 31, 37 |  -4.2610260563865467e-05 |  -4.2610260563865467e-05 | 1
 31, 38 |  -5.4871115418602217e-05 |  -5.4871115418602217e-05 | 1
 31, 39 |  -3.0215031308185121e-05 |  -3.0215031308185121e-05 | 1
 31, 40 |  -9.6420432430313732e-09 |  -9.6420432430313732e-09 | 1
 31, 41 |   7.3746871895580049e-05 |   7.3746871895580049e-05 | 1
 31, 42 |  -1.0261647701384115e-04 |  -1.0261647701384115e-04 | 1
 32,  1 |   1.7295691266445882e-05 |   1.7295691266445882e-05 | 1
 32,  2 |  -3.7292734997918572e-04 |  -3.7292734997918572e-04 | 1
 32,  3 |   1.5348341494602801e-05 |   1.5348341494602801e-05 | 1
 32,  4 |  -3.7815123602598279e-05 |  -3.7815123602598279e-05 | 1
 32,  5 |   1.4893492713549314e-04 |   1.4893492713549314e-04 | 1
 32,  6 |   1.0213871501700058e-04 |   1.0213871501700058e-04 | 1
 32,  7 |  -4.1852539939424062e-05 |  -4.1852539939424062e-05 | 1
 32,  8 |  -3.1863008668390268e-05 |  -3.1863008668390268e-05 | 1
 32,  9 |   3.2856695496414914e-05 |   3.2856695496414914e-05 | 1
 32, 10 |  -2.4741134636294007e-04 |  -2.4741134636294007e-04 | 1
 32, 11 |   2.9405700709227882e-04 |   2.9405700709227882e-04 | 1
 32, 12 |  -1.4978790606338089e-05 |  -1.4978790606338089e-05 | 1
 32, 13 |  -1.6954295339711146e-04 |  -1.6954295339711146e-04 | 1
 32, 14 |  -1.5232031722688225e-04 |  -1.5232031722688225e-04 | 1
 32, 15 |  -9.7999498352174547e-04 |  -9.7999498352174547e-04 | 1
 32, 16 |  -7.1601615437205126e-05 |  -7.1601615437205126e-05 | 1
 32, 17 |   1.0181184516221048e-05 |   1.0181184516221048e-05 | 1
 32, 18 |   5.2275479054067882e-05 |   5.2275479054067882e-05 | 1
 32, 19 |  -2.0354698821737943e-04 |  -2.0354698821737943e-04 | 1
 32, 20 |  -6.9834753453422512e-06 |  -6.9834753453422512e-06 | 1
 32, 21 |   1.9768532946983825e-04 |   1.9768532946983825e-04 | 1
 32, 22 |   6.6248533402105979e-05 |   6.6248533402105979e-05 | 1
 32, 23 |   8.5069464787578225e-05 |   8.5069464787578225e-05 | 1
 32, 24 |  -1.5986231615482150e-05 |  -1.5986231615482150e-05 | 1
 32, 25 |  -2.0069264504127209e-05 |  -2.0069264504127209e-05 | 1
 32, 26 |   5.7385133950399323e-05 |   5.7385133950399323e-05 | 1
 32, 27 |   7.4188487995065851e-04 |   7.4188487995065851e-04 | 1
 32, 28 |   4.8427260273841829e-05 |   4.8427260273841829e-05 | 1
 32, 29 |  -7.0151092351927646e-05 |  -7.0151092351927646e-05 | 1
 32, 30 |   6.2647989165671259e-05 |   6.2647989165671259e-05 | 1
 32, 31 |   1.0345837542621206e-04 |   1.0345837542621206e-04 | 1
 32, 32 |   4.3597288545434761e-04 |   4.3597288545434761e-04 | 1
 32, 33 |  -9.4821137736637558e-04 |  -9.4821137736637558e-04 | 1
 32, 34 |   1.3414504087684492e-04 |   1.3414504087684492e-04 | 1
 32, 35 |  -9.1138452267354773e-06 |  -9.1138452267354773e-06 | 1
 32, 36 |  -1.3965842114758201e-05 |  -1.3965842114758201e-05 | 1
 32, 37 |  -1.6669546878430696e-05 |  -1.6669546878430696e-05 | 1
 32, 38 |  -2.0238854426503763e-05 |  -2.0238854426503763e-05 | 1
 32, 39 |  -1.8997933359339077e-06 |  -1.8997933359339077e-06 | 1
 32, 40 |  -2.2358987770200877e-09 |  -2.2358987770200877e-09 | 1
 32, 41 |   1.9309129495588431e-05 |   1.9309129495588431e-05 | 1
 32, 42 |  -4.3528041500366492e-04 |  -4.3528041500366492e-04 | 1
 33,  1 |  -3.5656835846317939e-05 |  -3.5656835846317939e-05 | 1
 33,  2 |  -6.8361788718229831e-06 |  -6.8361788718229831e-06 | 1
 33,  3 |  -9.1463869292277262e-06 |  -9.1463869292277262e-06 | 1
 33,  4 |   1.3098167603085848e-04 |   1.3098167603085848e-04 | 1
 33,  5 |   8.5112075573850679e-05 |   8.5112075573850679e-05 | 1
 33,  6 |  -3.5107688404020521e-04 |  -3.5107688404020521e-04 | 1
 33,  7 |   4.7350875997836266e-05 |   4.7350875997836266e-05 | 1
 33,  8 |   2.8201609996206585e-05 |   2.8201609996206585e-05 | 1
 33,  9 |  -9.0786853005365460e-05 |  -9.0786853005365460e-05 | 1
 33, 10 |   3.6677806133695164e-04 |   3.6677806133695164e-04 | 1
 33, 11 |  -4.2135562185713496e-03 |  -4.2135562185713496e-03 | 1
 33, 12 |  -2.8028990603912505e-04 |  -2.8028990603912505e-04 | 1
 33, 13 |   9.7198960726952116e-04 |   9.7198960726952116e-04 | 1
 33, 14 |   7.8655747563011191e-04 |   7.8655747563011191e-04 | 1
 33, 15 |  -1.3750001612135301e-03 |  -1.3750001612135301e-03 | 1
 33, 16 |  -4.8514751626994107e-05 |  -4.8514751626994107e-05 | 1
 33, 17 |  -1.3608671565518404e-05 |  -1.3608671565518404e-05 | 1
 33, 18 |   1.0095858770714219e-05 |   1.0095858770714219e-05 | 1
 33, 19 |   7.7009390742835003e-04 |   7.7009390742835003e-04 | 1
 33, 20 |  -5.0406505480060998e-05 |  -5.0406505480060998e-05 | 1
 33, 21 |  -7.1912728578336308e-04 |  -7.1912728578336308e-04 | 1
 33, 22 |  -9.3150053601699905e-04 |  -9.3150053601699905e-04 | 1
 33, 23 |  -1.9290230841113444e-04 |  -1.9290230841113444e-04 | 1
 33, 24 |  -4.5944831459658641e-04 |  -4.5944831459658641e-04 | 1
 33, 25 |  -1.3125468794857671e-04 |  -1.3125468794857671e-04 | 1
 33, 26 |  -8.0643092835870048e-05 |  -8.0643092835870048e-05 | 1
 33, 27 |  -7.7071670039357901e-03 |  -7.7071670039357901e-03 | 1
 33, 28 |  -9.4568924881060579e-04 |  -9.4568924881060579e-04 | 1
 33, 29 |   1.3337781512756864e-04 |   1.3337781512756864e-04 | 1
 33, 30 |  -8.7756665050688250e-04 |  -8.7756665050688250e-04 | 1
 33, 31 |  -1.4296745595870682e-03 |  -1.4296745595870682e-03 | 1
 33, 32 |  -9.4821137736637558e-04 |  -9.4821137736637558e-04 | 1
 33, 33 |   7.1920653983300895e-03 |   7.1920653983300895e-03 | 1
 33, 34 |  -3.0151132261446254e-03 |  -3.0151132261446254e-03 | 1
 33, 35 |   2.8055253996325530e-05 |   2.8055253996325530e-05 | 1
 33, 36 |   3.4396639830171586e-05 |   3.4396639830171586e-05 | 1
 33, 37 |   3.0333728851768431e-05 |   3.0333728851768431e-05 | 1
 33, 38 |   4.2063278580951229e-05 |   4.2063278580951229e-05 | 1
 33, 39 |  -3.4884366772748642e-06 |  -3.4884366772748642e-06 | 1
 33, 40 |   5.2289913392444449e-09 |   5.2289913392444449e-09 | 1
 33, 41 |  -3.9044715895802194e-05 |  -3.9044715895802194e-05 | 1
 33, 42 |   9.4758066302337931e-04 |   9.4758066302337931e-04 | 1
 34,  1 |   6.3211723158449574e-05 |   6.3211723158449574e-05 | 1
 34,  2 |   5.4595334572695437e-05 |   5.4595334572695437e-05 | 1
 34,  3 |   3.1325503312773677e-05 |   3.1325503312773677e-05 | 1
 34,  4 |   3.5092215613488186e-05 |   3.5092215613488186e-05 | 1
 34,  5 |  -1.6154475487326449e-04 |  -1.6154475487326449e-04 | 1
 34,  6 |   1.1460750975228304e-04 |   1.1460750975228304e-04 | 1
 34,  7 |   8.2181007651599357e-05 |   8.2181007651599357e-05 | 1
 34,  8 |   7.9046622963242964e-05 |   7.9046622963242964e-05 | 1
 34,  9 |   6.6049372085954852e-05 |   6.6049372085954852e-05 | 1
 34, 10 |   1.8663512233034360e-04 |   1.8663512233034360e-04 | 1
 34, 11 |   2.2254466734525627e-03 |   2.2254466734525627e-03 | 1
 34, 12 |   2.2929879452187051e-04 |   2.2929879452187051e-04 | 1
 34, 13 |  -2.8109607879740674e-04 |  -2.8109607879740674e-04 | 1
 34, 14 |  -1.8506392684093957e-04 |  -1.8506392684093957e-04 | 1
 34, 15 |   2.3774565235871832e-03 |   2.3774565235871832e-03 | 1
 34, 16 |   1.7859053294297692e-04 |   1.7859053294297692e-04 | 1
 34, 17 |   7.3141653466269075e-05 |   7.3141653466269075e-05 | 1
 34, 18 |  -1.0298915993639697e-05 |  -1.0298915993639697e-05 | 1
 34, 19 |  -1.0941327570182685e-04 |  -1.0941327570182685e-04 | 1
 34, 20 |   1.1436396584251988e-04 |   1.1436396584251988e-04 | 1
 34, 21 |   2.3842208083875419e-04 |   2.3842208083875419e-04 | 1
 34, 22 |   5.3081536303716762e-04 |   5.3081536303716762e-04 | 1
 34, 23 |   6.1738032074295162e-05 |   6.1738032074295162e-05 | 1
 34, 24 |   3.7564154368714762e-04 |   3.7564154368714762e-04 | 1
 34, 25 |   1.7092675343106879e-04 |   1.7092675343106879e-04 | 1
 34, 26 |   4.7112271250571516e-05 |   4.7112271250571516e-05 | 1
 34, 27 |   3.6598886628223669e-03 |   3.6598886628223669e-03 | 1
 34, 28 |   5.7503786703073565e-04 |   5.7503786703073565e-04 | 1
 34, 29 |   8.7573495410070860e-05 |   8.7573495410070860e-05 | 1
 34, 30 |   5.1377024026565566e-04 |   5.1377024026565566e-04 | 1
 34, 31 |   7.8707314895745304e-04 |   7.8707314895745304e-04 | 1
 34, 32 |   1.3414504087684492e-04 |   1.3414504087684492e-04 | 1
 34, 33 |  -3.0151132261446254e-03 |  -3.0151132261446254e-03 | 1
 34, 34 |   2.4717743867432068e-03 |   2.4717743867432068e-03 | 1
 34, 35 |  -4.7837136151728512e-05 |  -4.7837136151728512e-05 | 1
 34, 36 |  -4.7095420080049490e-05 |  -4.7095420080049490e-05 | 1
 34, 37 |  -4.0460187951788114e-05 |  -4.0460187951788114e-05 | 1
 34, 38 |  -4.4498640756580356e-05 |  -4.4498640756580356e-05 | 1
 34, 39 |  -2.3096342258992178e-05 |  -2.3096342258992178e-05 | 1
 34, 40 |  -8.6243529254229230e-09 |  -8.6243529254229230e-09 | 1
 34, 41 |   6.8719981508706915e-05 |   6.8719981508706915e-05 | 1
 34, 42 |  -1.3509967558906648e-04 |  -1.3509967558906648e-04 | 1
 35,  1 |  -4.3123222352060545e-05 |  -4.3123222352060545e-05 | 1
 35,  2 |  -4.0381643155685310e-05 |  -4.0381643155685310e-05 | 1
 35,  3 |  -3.7848049472408125e-05 |  -3.7848049472408125e-05 | 1
 35,  4 |  -3.8978222775433529e-05 |  -3.8978222775433529e-05 | 1
 35,  5 |  -5.7166408499588161e-05 |  -5.7166408499588161e-05 | 1
 35,  6 |  -3.8658689338693909e-05 |  -3.8658689338693909e-05 | 1
 35,  7 |  -2.4272767401634027e-05 |  -2.4272767401634027e-05 | 1
 35,  8 |  -2.9640192668737438e-05 |  -2.9640192668737438e-05 | 1
 35,  9 |  -3.2307803211835633e-05 |  -3.2307803211835633e-05 | 1
 35, 10 |  -2.9571533358316746e-05 |  -2.9571533358316746e-05 | 1
 35, 11 |  -7.8363556693472158e-05 |  -7.8363556693472158e-05 | 1
 35, 12 |  -2.5350988915094252e-05 |  -2.5350988915094252e-05 | 1
 35, 13 |  -4.3600559987895473e-05 |  -4.3600559987895473e-05 | 1
 35, 14 |  -3.8699050089719553e-05 |  -3.8699050089719553e-05 | 1
 35, 15 |  -1.7872576280705322e-04 |  -1.7872576280705322e-04 | 1
 35, 16 |  -1.4824930288486050e-05 |  -1.4824930288486050e-05 | 1
 35, 17 |  -5.0415502760021844e-05 |  -5.0415502760021844e-05 | 1
 35, 18 |  -6.1964948510771626e-05 |  -6.1964948510771626e-05 | 1
 35, 19 |  -4.3963469293113456e-05 |  -4.3963469293113456e-05 | 1
 35, 20 |  -6.5521356429049441e-05 |  -6.5521356429049441e-05 | 1
 35, 21 |  -6.5536893927689403e-05 |  -6.5536893927689403e-05 | 1
 35, 22 |  -4.6890636479244567e-05 |  -4.6890636479244567e-05 | 1
 35, 23 |  -5.6257555451287409e-05 |  -5.6257555451287409e-05 | 1
 35, 24 |  -5.9228717650315824e-05 |  -5.9228717650315824e-05 | 1
 35, 25 |  -3.6148419388728925e-05 |  -3.6148419388728925e-05 | 1
 35, 26 |  -7.2225545846162656e-05 |  -7.2225545846162656e-05 | 1
 35, 27 |  -6.2800930912233267e-05 |  -6.2800930912233267e-05 | 1
 35, 28 |  -4.8158460665701754e-05 |  -4.8158460665701754e-05 | 1
 35, 29 |  -4.5615899895810026e-05 |  -4.5615899895810026e-05 | 1
 35, 30 |  -4.5327358734086322e-05 |  -4.5327358734086322e-05 | 1
 35, 31 |  -3.3268128134938607e-05 |  -3.3268128134938607e-05 | 1
 35, 32 |  -9.1138452267354773e-06 |  -9.1138452267354773e-06 | 1
 35, 33 |   2.8055253996325530e-05 |   2.8055253996325530e-05 | 1
 35, 34 |  -4.7837136151728512e-05 |  -4.7837136151728512e-05 | 1
 35, 35 |   6.9184879355214561e-05 |   6.9184879355214561e-05 | 1
 35, 36 |   5.5014246560960626e-05 |   5.5014246560960626e-05 | 1
 35, 37 |   5.4030287038196572e-05 |   5.4030287038196572e-05 | 1
 35, 38 |   5.4539330078647155e-05 |   5.4539330078647155e-05 | 1
 35, 39 |   7.1624136186819916e-07 |   7.1624136186819916e-07 | 1
 35, 40 |  -1.3031334557819442e-09 |  -1.3031334557819442e-09 | 1
 35, 41 |  -5.2528291490042237e-05 |  -5.2528291490042237e-05 | 1
 35, 42 |   9.7799891905968647e-06 |   9.7799891905968647e-06 | 1
 36,  1 |  -4.5275530787421254e-05 |  -4.5275530787421254e-05 | 1
 36,  2 |  -4.2614575391752726e-05 |  -4.2614575391752726e-05 | 1
 36,  3 |  -3.8367882422618578e-05 |  -3.8367882422618578e-05 | 1
 36,  4 |  -3.9061966122906229e-05 |  -3.9061966122906229e-05 | 1
 36,  5 |  -4.1418192100412118e-05 |  -4.1418192100412118e-05 | 1
 36,  6 |  -2.8420892692008485e-05 |  -2.8420892692008485e-05 | 1
 36,  7 |  -3.1466523408451854e-05 |  -3.1466523408451854e-05 | 1
 36,  8 |  -2.2779821907811386e-05 |  -2.2779821907811386e-05 | 1
 36,  9 |  -3.9187560400950690e-05 |  -3.9187560400950690e-05 | 1
 36, 10 |  -1.7543107402245217e-05 |  -1.7543107402245217e-05 | 1
 36, 11 |  -6.8873905102375836e-05 |  -6.8873905102375836e-05 | 1
 36, 12 |  -3.1438362205461417e-05 |  -3.1438362205461417e-05 | 1
 36, 13 |  -4.3735370980632072e-05 |  -4.3735370980632072e-05 | 1
 36, 14 |  -4.2667985514446163e-05 |  -4.2667985514446163e-05 | 1
 36, 15 |  -1.5767401166275096e-04 |  -1.5767401166275096e-04 | 1
 36, 16 |  -1.5093461255780322e-05 |  -1.5093461255780322e-05 | 1
 36, 17 |  -5.6852375639732756e-05 |  -5.6852375639732756e-05 | 1
 36, 18 |  -6.9122601069811646e-05 |  -6.9122601069811646e-05 | 1
 36, 19 |  -4.2444864892223231e-05 |  -4.2444864892223231e-05 | 1
 36, 20 |  -6.3841890137004512e-05 |  -6.3841890137004512e-05 | 1
 36, 21 |  -6.1821306988857163e-05 |  -6.1821306988857163e-05 | 1
 36, 22 |  -3.5910127149037447e-05 |  -3.5910127149037447e-05 | 1
 36, 23 |  -4.0867549677991682e-05 |  -4.0867549677991682e-05 | 1
 36, 24 |  -4.6367494043414907e-05 |  -4.6367494043414907e-05 | 1
 36, 25 |  -4.2685314553353676e-05 |  -4.2685314553353676e-05 | 1
 36, 26 |  -7.9150074710767452e-05 |  -7.9150074710767452e-05 | 1
 36, 27 |  -5.4865626025675767e-05 |  -5.4865626025675767e-05 | 1
 36, 28 |  -6.1991732918913395e-05 |  -6.1991732918913395e-05 | 1
 36, 29 |  -5.3315383200800640e-05 |  -5.3315383200800640e-05 | 1
 36, 30 |  -4.8059223158208020e-05 |  -4.8059223158208020e-05 | 1
 36, 31 |  -4.5152830167486719e-05 |  -4.5152830167486719e-05 | 1
 36, 32 |  -1.3965842114758201e-05 |  -1.3965842114758201e-05 | 1
 36, 33 |   3.4396639830171586e-05 |   3.4396639830171586e-05 | 1
 36, 34 |  -4.7095420080049490e-05 |  -4.7095420080049490e-05 | 1
 36, 35 |   5.5014246560960626e-05 |   5.5014246560960626e-05 | 1
 36, 36 |   7.3757714304629394e-05 |   7.3757714304629394e-05 | 1
 36, 37 |   6.1679004315351845e-05 |   6.1679004315351845e-05 | 1
 36, 38 |   6.2138371316171245e-05 |   6.2138371316171245e-05 | 1
 36, 39 |   6.4512552133155994e-07 |   6.4512552133155994e-07 | 1
 36, 40 |  -1.9588087030071036e-09 |  -1.9588087030071036e-09 | 1
 36, 41 |  -5.7951141293968985e-05 |  -5.7951141293968985e-05 | 1
 36, 42 |   1.4524784936894544e-05 |   1.4524784936894544e-05 | 1
 37,  1 |  -4.4413143780829307e-05 |  -4.4413143780829307e-05 | 1
 37,  2 |  -4.0642914294432347e-05 |  -4.0642914294432347e-05 | 1
 37,  3 |  -3.4928480549040679e-05 |  -3.4928480549040679e-05 | 1
 37,  4 |  -3.3446489806173178e-05 |  -3.3446489806173178e-05 | 1
 37,  5 |  -6.0523629647017186e-05 |  -6.0523629647017186e-05 | 1
 37,  6 |  -3.8831092122947652e-05 |  -3.8831092122947652e-05 | 1
 37,  7 |  -2.4463863767060013e-05 |  -2.4463863767060013e-05 | 1
 37,  8 |  -2.1956492007529856e-05 |  -2.1956492007529856e-05 | 1
 37,  9 |  -4.3248821721252514e-05 |  -4.3248821721252514e-05 | 1
 37, 10 |  -1.6232530746053650e-05 |  -1.6232530746053650e-05 | 1
 37, 11 |  -7.2367610407170820e-05 |  -7.2367610407170820e-05 | 1
 37, 12 |  -2.5571193336473407e-05 |  -2.5571193336473407e-05 | 1
 37, 13 |  -4.5137783211683319e-05 |  -4.5137783211683319e-05 | 1
 37, 14 |  -4.6168196351552424e-05 |  -4.6168196351552424e-05 | 1
 37, 15 |  -1.3913100276600660e-04 |  -1.3913100276600660e-04 | 1
 37, 16 |  -1.2715326984170920e-05 |  -1.2715326984170920e-05 | 1
 37, 17 |  -5.7887384368198731e-05 |  -5.7887384368198731e-05 | 1
 37, 18 |  -6.8522928467946981e-05 |  -6.8522928467946981e-05 | 1
 37, 19 |  -4.3689077659267344e-05 |  -4.3689077659267344e-05 | 1
 37, 20 |  -5.6791138908125656e-05 |  -5.6791138908125656e-05 | 1
 37, 21 |  -7.8406459044097867e-05 |  -7.8406459044097867e-05 | 1
 37, 22 |  -3.7063003898153949e-05 |  -3.7063003898153949e-05 | 1
 37, 23 |  -4.1264679310898104e-05 |  -4.1264679310898104e-05 | 1
 37, 24 |  -4.7416712471335206e-05 |  -4.7416712471335206e-05 | 1
 37, 25 |  -4.4768523875047172e-05 |  -4.4768523875047172e-05 | 1
 37, 26 |  -8.4500462309914141e-05 |  -8.4500462309914141e-05 | 1
 37, 27 |  -5.4389321288013993e-05 |  -5.4389321288013993e-05 | 1
 37, 28 |  -5.3108506440562766e-05 |  -5.3108506440562766e-05 | 1
 37, 29 |  -5.5942417477369136e-05 |  -5.5942417477369136e-05 | 1
 37, 30 |  -5.7120955448254661e-05 |  -5.7120955448254661e-05 | 1
 37, 31 |  -4.2610260563865467e-05 |  -4.2610260563865467e-05 | 1
 37, 32 |  -1.6669546878430696e-05 |  -1.6669546878430696e-05 | 1
 37, 33 |   3.0333728851768431e-05 |   3.0333728851768431e-05 | 1
 37, 34 |  -4.0460187951788114e-05 |  -4.0460187951788114e-05 | 1
 37, 35 |   5.4030287038196572e-05 |   5.4030287038196572e-05 | 1
 37, 36 |   6.1679004315351845e-05 |   6.1679004315351845e-05 | 1
 37, 37 |   8.1820758588103506e-05 |   8.1820758588103506e-05 | 1
 37, 38 |   7.1952381328239132e-05 |   7.1952381328239132e-05 | 1
 37, 39 |   4.4295996364996169e-07 |   4.4295996364996169e-07 | 1
 37, 40 |  -4.0038812048323734e-09 |  -4.0038812048323734e-09 | 1
 37, 41 |  -5.9813270743820610e-05 |  -5.9813270743820610e-05 | 1
 37, 42 |   1.5608888702951091e-05 |   1.5608888702951091e-05 | 1
 38,  1 |  -4.4518908976488435e-05 |  -4.4518908976488435e-05 | 1
 38,  2 |  -3.5301217003918605e-05 |  -3.5301217003918605e-05 | 1
 38,  3 |  -3.8845798770855779e-05 |  -3.8845798770855779e-05 | 1
 38,  4 |  -3.0820406783215625e-05 |  -3.0820406783215625e-05 | 1
 38,  5 |  -6.0811098942614990e-05 |  -6.0811098942614990e-05 | 1
 38,  6 |  -3.6539758236349281e-05 |  -3.6539758236349281e-05 | 1
 38,  7 |  -3.1098254766372759e-05 |  -3.1098254766372759e-05 | 1
 38,  8 |  -2.1815369343414143e-05 |  -2.1815369343414143e-05 | 1
 38,  9 |  -3.9072161147511576e-05 |  -3.9072161147511576e-05 | 1
 38, 10 |  -2.7900434571494926e-05 |  -2.7900434571494926e-05 | 1
 38, 11 |  -6.7714881471194697e-05 |  -6.7714881471194697e-05 | 1
 38, 12 |  -3.0879387173047827e-05 |  -3.0879387173047827e-05 | 1
 38, 13 |  -4.5717346287102166e-05 |  -4.5717346287102166e-05 | 1
 38, 14 |  -3.3660879563010444e-05 |  -3.3660879563010444e-05 | 1
 38, 15 |  -6.0255244757477955e-05 |  -6.0255244757477955e-05 | 1
 38, 16 |  -9.4509366952419730e-06 |  -9.4509366952419730e-06 | 1
 38, 17 |  -5.6778499366090949e-05 |  -5.6778499366090949e-05 | 1
 38, 18 |  -5.7322844191314527e-05 |  -5.7322844191314527e-05 | 1
 38, 19 |  -3.3698899789658731e-05 |  -3.3698899789658731e-05 | 1
 38, 20 |  -5.7499080596937605e-05 |  -5.7499080596937605e-05 | 1
 38, 21 |  -7.8174679053047246e-05 |  -7.8174679053047246e-05 | 1
 38, 22 |  -3.6297857465231077e-05 |  -3.6297857465231077e-05 | 1
 38, 23 |  -5.0635654121488412e-05 |  -5.0635654121488412e-05 | 1
 38, 24 |  -4.8177925373290503e-05 |  -4.8177925373290503e-05 | 1
 38, 25 |  -4.4481413765829999e-05 |  -4.4481413765829999e-05 | 1
 38, 26 |  -7.1998754917508508e-05 |  -7.1998754917508508e-05 | 1
 38, 27 |  -5.9508414047744428e-05 |  -5.9508414047744428e-05 | 1
 38, 28 |  -5.3134098072900790e-05 |  -5.3134098072900790e-05 | 1
 38, 29 |  -5.5195381737393902e-05 |  -5.5195381737393902e-05 | 1
 38, 30 |  -4.6277267932234353e-05 |  -4.6277267932234353e-05 | 1
 38, 31 |  -5.4871115418602217e-05 |  -5.4871115418602217e-05 | 1
 38, 32 |  -2.0238854426503763e-05 |  -2.0238854426503763e-05 | 1
 38, 33 |   4.2063278580951229e-05 |   4.2063278580951229e-05 | 1
 38, 34 |  -4.4498640756580356e-05 |  -4.4498640756580356e-05 | 1
 38, 35 |   5.4539330078647155e-05 |   5.4539330078647155e-05 | 1
 38, 36 |   6.2138371316171245e-05 |   6.2138371316171245e-05 | 1
 38, 37 |   7.1952381328239132e-05 |   7.1952381328239132e-05 | 1
 38, 38 |   9.7590327433798424e-05 |   9.7590327433798424e-05 | 1
 38, 39 |   5.6495202025218258e-07 |   5.6495202025218258e-07 | 1
 38, 40 |  -6.1434166551986875e-09 |  -6.1434166551986875e-09 | 1
 38, 41 |  -5.7674333539547636e-05 |  -5.7674333539547636e-05 | 1
 38, 42 |   1.6045230566718139e-05 |   1.6045230566718139e-05 | 1
 39,  1 |  -2.3233283847637448e-05 |  -2.3233283847637448e-05 | 1
 39,  2 |  -1.9834576938528941e-05 |  -1.9834576938528941e-05 | 1
 39,  3 |  -1.4488524925808540e-05 |  -1.4488524925808540e-05 | 1
 39,  4 |  -2.4100200857441471e-05 |  -2.4100200857441471e-05 | 1
 39,  5 |  -4.4707591604381156e-05 |  -4.4707591604381156e-05 | 1
 39,  6 |  -1.8006408422956096e-05 |  -1.8006408422956096e-05 | 1
 39,  7 |  -3.5827476578072586e-05 |  -3.5827476578072586e-05 | 1
 39,  8 |  -2.3804785264548761e-05 |  -2.3804785264548761e-05 | 1
 39,  9 |  -2.8707549074569796e-05 |  -2.8707549074569796e-05 | 1
 39, 10 |  -3.0009731273849895e-05 |  -3.0009731273849895e-05 | 1
 39, 11 |  -5.8376775191904223e-05 |  -5.8376775191904223e-05 | 1
 39, 12 |  -2.4706622010396931e-06 |  -2.4706622010396931e-06 | 1
 39, 13 |  -1.7034644818387220e-05 |  -1.7034644818387220e-05 | 1
 39, 14 |  -3.8032433508845443e-05 |  -3.8032433508845443e-05 | 1
 39, 15 |   6.9167835010224978e-06 |   6.9167835010224978e-06 | 1
 39, 16 |  -3.3630100033869136e-05 |  -3.3630100033869136e-05 | 1
 39, 17 |  -2.8082800123071443e-05 |  -2.8082800123071443e-05 | 1
 39, 18 |  -6.6217764892637064e-06 |  -6.6217764892637064e-06 | 1
 39, 19 |  -2.0416083387049086e-05 |  -2.0416083387049086e-05 | 1
 39, 20 |  -2.9816724581776930e-05 |  -2.9816724581776930e-05 | 1
 39, 21 |  -2.3311912345277378e-05 |  -2.3311912345277378e-05 | 1
 39, 22 |  -3.0927486059314112e-05 |  -3.0927486059314112e-05 | 1
 39, 23 |  -2.4430088114946730e-05 |  -2.4430088114946730e-05 | 1
 39, 24 |  -2.9030433003117030e-05 |  -2.9030433003117030e-05 | 1
 39, 25 |  -1.9620439002066238e-05 |  -1.9620439002066238e-05 | 1
 39, 26 |  -1.0755983442007306e-05 |  -1.0755983442007306e-05 | 1
 39, 27 |  -7.3518222006422370e-06 |  -7.3518222006422370e-06 | 1
 39, 28 |  -2.7756527403086864e-05 |  -2.7756527403086864e-05 | 1
 39, 29 |  -2.3002330738634709e-05 |  -2.3002330738634709e-05 | 1
 39, 30 |  -2.7454747747198800e-05 |  -2.7454747747198800e-05 | 1
 39, 31 |  -3.0215031308185121e-05 |  -3.0215031308185121e-05 | 1
 39, 32 |  -1.8997933359339077e-06 |  -1.8997933359339077e-06 | 1
 39, 33 |  -3.4884366772748642e-06 |  -3.4884366772748642e-06 | 1
 39, 34 |  -2.3096342258992178e-05 |  -2.3096342258992178e-05 | 1
 39, 35 |   7.1624136186819916e-07 |   7.1624136186819916e-07 | 1
 39, 36 |   6.4512552133155994e-07 |   6.4512552133155994e-07 | 1
 39, 37 |   4.4295996364996169e-07 |   4.4295996364996169e-07 | 1
 39, 38 |   5.6495202025218258e-07 |   5.6495202025218258e-07 | 1
 39, 39 |   4.9150881006131148e-05 |   4.9150881006131148e-05 | 1
 39, 40 |   2.3409664194848128e-11 |   2.3409664194848128e-11 | 1
 39, 41 |  -2.6071917555799198e-05 |  -2.6071917555799198e-05 | 1
 39, 42 |   1.7320080327056047e-06 |   1.7320080327056047e-06 | 1
 40,  1 |  -1.0082720525986829e-08 |  -1.0082720525986829e-08 | 1
 40,  2 |  -9.8129522701635618e-09 |  -9.8129522701635618e-09 | 1
 40,  3 |  -6.1239547809868678e-09 |  -6.1239547809868678e-09 | 1
 40,  4 |  -9.7139294795476161e-09 |  -9.7139294795476161e-09 | 1
 40,  5 |  -1.8982670484301086e-08 |  -1.8982670484301086e-08 | 1
 40,  6 |  -6.5524478059783041e-09 |  -6.5524478059783041e-09 | 1
 40,  7 |  -4.7772941541482767e-09 |  -4.7772941541482767e-09 | 1
 40,  8 |  -9.3043525095322242e-09 |  -9.3043525095322242e-09 | 1
 40,  9 |  -7.0792462724573630e-09 |  -7.0792462724573630e-09 | 1
 40, 10 |  -7.1135923664822950e-09 |  -7.1135923664822950e-09 | 1
 40, 11 |  -4.8142104718397033e-09 |  -4.8142104718397033e-09 | 1
 40, 12 |  -7.4159234502642127e-09 |  -7.4159234502642127e-09 | 1
 40, 13 |  -8.7946204394906464e-09 |  -8.7946204394906464e-09 | 1
 40, 14 |  -8.8578057112195717e-09 |  -8.8578057112195717e-09 | 1
 40, 15 |  -1.0287636837669573e-08 |  -1.0287636837669573e-08 | 1
 40, 16 |  -8.4728807528899176e-09 |  -8.4728807528899176e-09 | 1
 40, 17 |  -1.0513033522515182e-08 |  -1.0513033522515182e-08 | 1
 40, 18 |  -9.8765461023110291e-09 |  -9.8765461023110291e-09 | 1
 40, 19 |  -9.3900214192277838e-09 |  -9.3900214192277838e-09 | 1
 40, 20 |  -5.0827749989928995e-09 |  -5.0827749989928995e-09 | 1
 40, 21 |  -1.1072212579305602e-08 |  -1.1072212579305602e-08 | 1
 40, 22 |  -8.1003772954898813e-09 |  -8.1003772954898813e-09 | 1
 40, 23 |  -9.8034988415695666e-09 |  -9.8034988415695666e-09 | 1
 40, 24 |  -9.2643054235777138e-09 |  -9.2643054235777138e-09 | 1
 40, 25 |  -9.3408043075128145e-09 |  -9.3408043075128145e-09 | 1
 40, 26 |  -8.4352135471406320e-09 |  -8.4352135471406320e-09 | 1
 40, 27 |  -8.7214402757069120e-09 |  -8.7214402757069120e-09 | 1
 40, 28 |  -7.3739365427077966e-09 |  -7.3739365427077966e-09 | 1
 40, 29 |  -6.3967213879927189e-09 |  -6.3967213879927189e-09 | 1
 40, 30 |  -1.0413990230849678e-08 |  -1.0413990230849678e-08 | 1
 40, 31 |  -9.6420432430313732e-09 |  -9.6420432430313732e-09 | 1
 40, 32 |  -2.2358987770200877e-09 |  -2.2358987770200877e-09 | 1
 40, 33 |   5.2289913392444449e-09 |   5.2289913392444449e-09 | 1
 40, 34 |  -8.6243529254229230e-09 |  -8.6243529254229230e-09 | 1
 40, 35 |  -1.3031334557819442e-09 |  -1.3031334557819442e-09 | 1
 40, 36 |  -1.9588087030071036e-09 |  -1.9588087030071036e-09 | 1
 40, 37 |  -4.0038812048323734e-09 |  -4.0038812048323734e-09 | 1
 40, 38 |  -6.1434166551986875e-09 |  -6.1434166551986875e-09 | 1
 40, 39 |   2.3409664194848128e-11 |   2.3409664194848128e-11 | 1
 40, 40 |   6.2602308999253643e-12 |   6.2602308999253643e-12 | 1
 40, 41 |  -7.2727931227680738e-09 |  -7.2727931227680738e-09 | 1
 40, 42 |   3.1004988343658512e-09 |   3.1004988343658512e-09 | 1
 41,  1 |   7.1265041458343096e-05 |   7.1265041458343096e-05 | 1
 41,  2 |   6.5046317568759891e-05 |   6.5046317568759891e-05 | 1
 41,  3 |   5.2798453260239066e-05 |   5.2798453260239066e-05 | 1
 41,  4 |   6.2592472408467691e-05 |   6.2592472408467691e-05 | 1
 41,  5 |   1.0763291039286147e-04 |   1.0763291039286147e-04 | 1
 41,  6 |   5.4188718211155272e-05 |   5.4188718211155272e-05 | 1
 41,  7 |   5.2202246114593169e-05 |   5.2202246114593169e-05 | 1
 41,  8 |   5.0396386225576081e-05 |   5.0396386225576081e-05 | 1
 41,  9 |   6.3932549763813734e-05 |   6.3932549763813734e-05 | 1
 41, 10 |   4.7977205148221671e-05 |   4.7977205148221671e-05 | 1
 41, 11 |   1.0675003124704752e-04 |   1.0675003124704752e-04 | 1
 41, 12 |   4.0701286524465079e-05 |   4.0701286524465079e-05 | 1
 41, 13 |   6.5726965349746267e-05 |   6.5726965349746267e-05 | 1
 41, 14 |   7.3752005463890131e-05 |   7.3752005463890131e-05 | 1
 41, 15 |   1.4231117080595423e-04 |   1.4231117080595423e-04 | 1
 41, 16 |   4.3963817126156397e-05 |   4.3963817126156397e-05 | 1
 41, 17 |   8.5490941545101647e-05 |   8.5490941545101647e-05 | 1
 41, 18 |   8.2224414322514927e-05 |   8.2224414322514927e-05 | 1
 41, 19 |   6.5494070541001310e-05 |   6.5494070541001310e-05 | 1
 41, 20 |   8.0808672526248859e-05 |   8.0808672526248859e-05 | 1
 41, 21 |   9.8703348718149890e-05 |   9.8703348718149890e-05 | 1
 41, 22 |   6.6827158598726033e-05 |   6.6827158598726033e-05 | 1
 41, 23 |   7.2917149722272998e-05 |   7.2917149722272998e-05 | 1
 41, 24 |   7.7480913551319794e-05 |   7.7480913551319794e-05 | 1
 41, 25 |   6.6539397439461964e-05 |   6.6539397439461964e-05 | 1
 41, 26 |   9.4346975037888747e-05 |   9.4346975037888747e-05 | 1
 41, 27 |   7.3101036330300087e-05 |   7.3101036330300087e-05 | 1
 41, 28 |   7.8608509418286800e-05 |   7.8608509418286800e-05 | 1
 41, 29 |   7.2963318048141425e-05 |   7.2963318048141425e-05 | 1
 41, 30 |   7.9885018476755457e-05 |   7.9885018476755457e-05 | 1
 41, 31 |   7.3746871895580049e-05 |   7.3746871895580049e-05 | 1
 41, 32 |   1.9309129495588431e-05 |   1.9309129495588431e-05 | 1
 41, 33 |  -3.9044715895802194e-05 |  -3.9044715895802194e-05 | 1
 41, 34 |   6.8719981508706915e-05 |   6.8719981508706915e-05 | 1
 41, 35 |  -5.2528291490042237e-05 |  -5.2528291490042237e-05 | 1
 41, 36 |  -5.7951141293968985e-05 |  -5.7951141293968985e-05 | 1
 41, 37 |  -5.9813270743820610e-05 |  -5.9813270743820610e-05 | 1
 41, 38 |  -5.7674333539547636e-05 |  -5.7674333539547636e-05 | 1
 41, 39 |  -2.6071917555799198e-05 |  -2.6071917555799198e-05 | 1
 41, 40 |  -7.2727931227680738e-09 |  -7.2727931227680738e-09 | 1
 41, 41 |   1.0271345500698458e-04 |   1.0271345500698458e-04 | 1
 41, 42 |  -4.0226704418103774e-05 |  -4.0226704418103774e-05 | 1
 42,  1 |  -1.8125639531549788e-05 |  -1.8125639531549788e-05 | 1
 42,  2 |   3.7141251807566700e-04 |   3.7141251807566700e-04 | 1
 42,  3 |  -1.5660733550879886e-05 |  -1.5660733550879886e-05 | 1
 42,  4 |   3.6220450949723888e-05 |   3.6220450949723888e-05 | 1
 42,  5 |  -1.4924348544824158e-04 |  -1.4924348544824158e-04 | 1
 42,  6 |  -1.0278818101814875e-04 |  -1.0278818101814875e-04 | 1
 42,  7 |   4.2256263933489867e-05 |   4.2256263933489867e-05 | 1
 42,  8 |   3.0550003439448661e-05 |   3.0550003439448661e-05 | 1
 42,  9 |  -3.2900499804988588e-05 |  -3.2900499804988588e-05 | 1
 42, 10 |   2.4728352113133258e-04 |   2.4728352113133258e-04 | 1
 42, 11 |  -2.9507037606441705e-04 |  -2.9507037606441705e-04 | 1
 42, 12 |   1.4074561174549330e-05 |   1.4074561174549330e-05 | 1
 42, 13 |   1.6886915610303760e-04 |   1.6886915610303760e-04 | 1
 42, 14 |   1.5108059773289700e-04 |   1.5108059773289700e-04 | 1
 42, 15 |   9.6655045649510695e-04 |   9.6655045649510695e-04 | 1
 42, 16 |   7.0549479517014967e-05 |   7.0549479517014967e-05 | 1
 42, 17 |  -1.0903465717609475e-05 |  -1.0903465717609475e-05 | 1
 42, 18 |  -5.4296198475702727e-05 |  -5.4296198475702727e-05 | 1
 42, 19 |   2.0197575357653848e-04 |   2.0197575357653848e-04 | 1
 42, 20 |   5.9851685131104653e-06 |   5.9851685131104653e-06 | 1
 42, 21 |  -1.9713384428804431e-04 |  -1.9713384428804431e-04 | 1
 42, 22 |  -6.7406064032219669e-05 |  -6.7406064032219669e-05 | 1
 42, 23 |  -8.5039033185789806e-05 |  -8.5039033185789806e-05 | 1
 42, 24 |   1.4586300918876113e-05 |   1.4586300918876113e-05 | 1
 42, 25 |   1.9515960558730306e-05 |   1.9515960558730306e-05 | 1
 42, 26 |  -5.8942334950501192e-05 |  -5.8942334950501192e-05 | 1
 42, 27 |  -7.4278481482392992e-04 |  -7.4278481482392992e-04 | 1
 42, 28 |  -4.9511405797957324e-05 |  -4.9511405797957324e-05 | 1
 42, 29 |   7.0288713854651526e-05 |   7.0288713854651526e-05 | 1
 42, 30 |  -6.3655918289083852e-05 |  -6.3655918289083852e-05 | 1
 42, 31 |  -1.0261647701384115e-04 |  -1.0261647701384115e-04 | 1
 42, 32 |  -4.3528041500366492e-04 |  -4.3528041500366492e-04 | 1
 42, 33 |   9.4758066302337931e-04 |   9.4758066302337931e-04 | 1
 42, 34 |  -1.3509967558906648e-04 |  -1.3509967558906648e-04 | 1
 42, 35 |   9.7799891905968647e-06 |   9.7799891905968647e-06 | 1
 42, 36 |   1.4524784936894544e-05 |   1.4524784936894544e-05 | 1
 42, 37 |   1.5608888702951091e-05 |   1.5608888702951091e-05 | 1
 42, 38 |   1.6045230566718139e-05 |   1.6045230566718139e-05 | 1
 42, 39 |   1.7320080327056047e-06 |   1.7320080327056047e-06 | 1
 42, 40 |   3.1004988343658512e-09 |   3.1004988343658512e-09 | 1
 42, 41 |  -4.0226704418103774e-05 |  -4.0226704418103774e-05 | 1
 42, 42 |   4.8426829241405059e-04 |   4.8426829241405059e-04 | 1
