row,col | V_base                   | V_new                    | equal
  1,  1 |   2.5414966113110967e-04 |   2.5414966113110967e-04 | 1
  1,  2 |   4.0729357422662955e-05 |   4.0729357422662955e-05 | 1
  1,  3 |   4.1645632786603510e-05 |   4.1645632786603510e-05 | 1
  1,  4 |   4.6279107164306124e-05 |   4.6279107164306124e-05 | 1
  1,  5 |   4.1073763809904530e-05 |   4.1073763809904530e-05 | 1
  1,  6 |   4.6737894222238788e-05 |   4.6737894222238788e-05 | 1
  1,  7 |   4.6750044906163441e-05 |   4.6750044906163441e-05 | 1
  1,  8 |   4.5183041734903291e-05 |   4.5183041734903291e-05 | 1
  1,  9 |   3.8423688613674079e-05 |   3.8423688613674079e-05 | 1
  1, 10 |   4.4092973919891827e-05 |   4.4092973919891827e-05 | 1
  1, 11 |   4.6512359015928583e-05 |   4.6512359015928583e-05 | 1
  1, 12 |   4.3255778070673488e-05 |   4.3255778070673488e-05 | 1
  1, 13 |   3.9650359165327323e-05 |   3.9650359165327323e-05 | 1
  1, 14 |   4.5528643955296234e-05 |   4.5528643955296234e-05 | 1
  1, 15 |   4.1150622959369871e-05 |   4.1150622959369871e-05 | 1
  1, 16 |   5.0057600905834638e-05 |   5.0057600905834638e-05 | 1
  1, 17 |   2.3156150464062528e-05 |   2.3156150464062528e-05 | 1
  1, 18 |   3.3686824630941171e-05 |   3.3686824630941171e-05 | 1
  1, 19 |   4.1760268301908123e-05 |   4.1760268301908123e-05 | 1
  1, 20 |   3.2930318512387748e-05 |   3.2930318512387748e-05 | 1
  1, 21 |   2.4619052241111382e-05 |   2.4619052241111382e-05 | 1
  1, 22 |   3.6766738778754948e-05 |   3.6766738778754948e-05 | 1
  1, 23 |   3.0881659435022990e-05 |   3.0881659435022990e-05 | 1
  1, 24 |   3.6169230779108692e-05 |   3.6169230779108692e-05 | 1
  1, 25 |   2.9860709330956930e-05 |   2.9860709330956930e-05 | 1
  1, 26 |   3.8215802330772891e-05 |   3.8215802330772891e-05 | 1
  1, 27 |   3.3533041362273984e-05 |   3.3533041362273984e-05 | 1
  1, 28 |   3.7216181327081989e-05 |   3.7216181327081989e-05 | 1
  1, 29 |   3.1984308166731104e-05 |   3.1984308166731104e-05 | 1
  1, 30 |   3.7785085859452731e-05 |   3.7785085859452731e-05 | 1
  1, 31 |   3.7000877909474065e-05 |   3.7000877909474065e-05 | 1
  1, 32 |   4.2883557460556760e-06 |   4.2883557460556760e-06 | 1
  1, 33 |  -2.9343792022578365e-05 |  -2.9343792022578365e-05 | 1
  1, 34 |   3.9002025135891961e-05 |   3.9002025135891961e-05 | 1
  1, 35 |  -4.0359907205066709e-05 |  -4.0359907205066709e-05 | 1
  1, 36 |  -4.5775637556573068e-05 |  -4.5775637556573068e-05 | 1
  1, 37 |  -4.9713359891928951e-05 |  -4.9713359891928951e-05 | 1
  1, 38 |  -5.3038798583366010e-05 |  -5.3038798583366010e-05 | 1
  1, 39 |   4.4831548924758958e-05 |   4.4831548924758958e-05 | 1
  1, 40 |  -3.4654374588022868e-06 |  -3.4654374588022868e-06 | 1
  2,  1 |   4.0729357422662955e-05 |   4.0729357422662955e-05 | 1
  2,  2 |   1.5367326987380779e-03 |   1.5367326987380779e-03 | 1
  2,  3 |   2.1717514722315365e-04 |   2.1717514722315365e-04 | 1
  2,  4 |   1.5811126824167399e-04 |   1.5811126824167399e-04 | 1
  2,  5 |   2.2145786632757035e-04 |   2.2145786632757035e-04 | 1
  2,  6 |  -1.6060955126824902e-04 |  -1.6060955126824902e-04 | 1
  2,  7 |   7.3730703861888043e-04 |   7.3730703861888043e-04 | 1
  2,  8 |   5.2159756866003818e-06 |   5.2159756866003818e-06 | 1
  2,  9 |   2.9618858892663648e-04 |   2.9618858892663648e-04 | 1
  2, 10 |   4.8662785849221785e-04 |   4.8662785849221785e-04 | 1
  2, 11 |  -5.2360022069400196e-04 |  -5.2360022069400196e-04 | 1
  2, 12 |   3.3153205994248695e-04 |   3.3153205994248695e-04 | 1
  2, 13 |   1.7789864594887380e-04 |   1.7789864594887380e-04 | 1
  2, 14 |   7.7797306842876835e-04 |   7.7797306842876835e-04 | 1
  2, 15 |   5.1458270760562815e-04 |   5.1458270760562815e-04 | 1
  2, 16 |  -4.7189778326536453e-06 |  -4.7189778326536453e-06 | 1
  2, 17 |   2.1351435617032545e-04 |   2.1351435617032545e-04 | 1
  2, 18 |   1.6900695732061587e-04 |   1.6900695732061587e-04 | 1
  2, 19 |  -1.2667146781922770e-03 |  -1.2667146781922770e-03 | 1
  2, 20 |   8.3280786909645168e-05 |   8.3280786909645168e-05 | 1
  2, 21 |   7.2903072391122380e-04 |   7.2903072391122380e-04 | 1
  2, 22 |   2.7358709813638860e-04 |   2.7358709813638860e-04 | 1
  2, 23 |   4.8204632134210220e-04 |   4.8204632134210220e-04 | 1
  2, 24 |  -2.2230265918122471e-06 |  -2.2230265918122471e-06 | 1
  2, 25 |   3.8560495480130288e-06 |   3.8560495480130288e-06 | 1
  2, 26 |  -2.2476412525982707e-05 |  -2.2476412525982707e-05 | 1
  2, 27 |   1.1821611204642881e-04 |   1.1821611204642881e-04 | 1
  2, 28 |   1.5986245623787781e-04 |   1.5986245623787781e-04 | 1
  2, 29 |   2.7903638294938796e-05 |   2.7903638294938796e-05 | 1
  2, 30 |   1.1169859841846043e-04 |   1.1169859841846043e-04 | 1
  2, 31 |  -4.3278082095089002e-05 |  -4.3278082095089002e-05 | 1
  2, 32 |   7.5112857928675528e-04 |   7.5112857928675528e-04 | 1
  2, 33 |   4.1661083306352561e-03 |   4.1661083306352561e-03 | 1
  2, 34 |  -1.2992802731780906e-04 |  -1.2992802731780906e-04 | 1
  2, 35 |  -4.1343615687244596e-05 |  -4.1343615687244596e-05 | 1
  2, 36 |  -4.8221441644624576e-05 |  -4.8221441644624576e-05 | 1
  2, 37 |  -5.4559317338081252e-05 |  -5.4559317338081252e-05 | 1
  2, 38 |  -6.0199218531945988e-05 |  -6.0199218531945988e-05 | 1
  2, 39 |   4.8509648393000782e-05 |   4.8509648393000782e-05 | 1
  2, 40 |  -7.4966820284980812e-04 |  -7.4966820284980812e-04 | 1
  3,  1 |   4.1645632786603510e-05 |   4.1645632786603510e-05 | 1
  3,  2 |   2.1717514722315365e-04 |   2.1717514722315365e-04 | 1
  3,  3 |   9.5065151099360638e-03 |   9.5065151099360638e-03 | 1
  3,  4 |   2.3535813189709616e-04 |   2.3535813189709616e-04 | 1
  3,  5 |   2.5634691016085490e-04 |   2.5634691016085490e-04 | 1
  3,  6 |   1.2010410898460032e-04 |   1.2010410898460032e-04 | 1
  3,  7 |   5.5274323459992745e-04 |   5.5274323459992745e-04 | 1
  3,  8 |   1.7595649344719140e-04 |   1.7595649344719140e-04 | 1
  3,  9 |   2.7471022529649419e-04 |   2.7471022529649419e-04 | 1
  3, 10 |   4.1411119178709271e-04 |   4.1411119178709271e-04 | 1
  3, 11 |  -1.4943281029694896e-05 |  -1.4943281029694896e-05 | 1
  3, 12 |   3.1599143683605513e-04 |   3.1599143683605513e-04 | 1
  3, 13 |   2.5213011265825034e-04 |   2.5213011265825034e-04 | 1
  3, 14 |   5.2894175949185981e-04 |   5.2894175949185981e-04 | 1
  3, 15 |   4.2641716593960733e-04 |   4.2641716593960733e-04 | 1
  3, 16 |   2.0281623618856261e-04 |   2.0281623618856261e-04 | 1
  3, 17 |   2.2148841260591205e-04 |   2.2148841260591205e-04 | 1
  3, 18 |   2.2694193660561434e-04 |   2.2694193660561434e-04 | 1
  3, 19 |  -3.0208930022791269e-04 |  -3.0208930022791269e-04 | 1
  3, 20 |   2.3502401807869226e-04 |   2.3502401807869226e-04 | 1
  3, 21 |   4.7758116985300816e-04 |   4.7758116985300816e-04 | 1
  3, 22 |   2.4929411146957099e-04 |   2.4929411146957099e-04 | 1
  3, 23 |   3.5237497457155347e-04 |   3.5237497457155347e-04 | 1
  3, 24 |   1.7371495598593047e-04 |   1.7371495598593047e-04 | 1
  3, 25 |   1.7086492405909959e-04 |   1.7086492405909959e-04 | 1
  3, 26 |   1.4540192916501563e-04 |   1.4540192916501563e-04 | 1
  3, 27 |   2.3617564663702147e-04 |   2.3617564663702147e-04 | 1
  3, 28 |   2.7848006951483275e-04 |   2.7848006951483275e-04 | 1
  3, 29 |   1.8614587404277257e-04 |   1.8614587404277257e-04 | 1
  3, 30 |   2.1506182723113782e-04 |   2.1506182723113782e-04 | 1
  3, 31 |   1.6868268195453570e-04 |   1.6868268195453570e-04 | 1
  3, 32 |  -3.5945873714351322e-04 |  -3.5945873714351322e-04 | 1
  3, 33 |   1.5739064592627144e-03 |   1.5739064592627144e-03 | 1
  3, 34 |   1.2852015927469437e-04 |   1.2852015927469437e-04 | 1
  3, 35 |  -4.2443042094041835e-05 |  -4.2443042094041835e-05 | 1
  3, 36 |  -4.5399098973273753e-05 |  -4.5399098973273753e-05 | 1
  3, 37 |  -6.5079133158423325e-05 |  -6.5079133158423325e-05 | 1
  3, 38 |  -5.7686108479047864e-05 |  -5.7686108479047864e-05 | 1
  3, 39 |   5.1021706960098858e-05 |   5.1021706960098858e-05 | 1
  3, 40 |   3.6070036155901172e-04 |   3.6070036155901172e-04 | 1
  4,  1 |   4.6279107164306124e-05 |   4.6279107164306124e-05 | 1
  4,  2 |   1.5811126824167399e-04 |   1.5811126824167399e-04 | 1
  4,  3 |   2.3535813189709616e-04 |   2.3535813189709616e-04 | 1
  4,  4 |   1.3607104728215744e-03 |   1.3607104728215744e-03 | 1
  4,  5 |   2.3871048308838732e-04 |   2.3871048308838732e-04 | 1
  4,  6 |   3.2983759603555417e-04 |   3.2983759603555417e-04 | 1
  4,  7 |   2.8887994343131714e-04 |   2.8887994343131714e-04 | 1
  4,  8 |   2.8368127583061907e-04 |   2.8368127583061907e-04 | 1
  4,  9 |   2.0515961731382948e-04 |   2.0515961731382948e-04 | 1
  4, 10 |   2.7656704296167233e-04 |   2.7656704296167233e-04 | 1
  4, 11 |   4.0002245588357670e-04 |   4.0002245588357670e-04 | 1
  4, 12 |   2.4133132857512052e-04 |   2.4133132857512052e-04 | 1
  4, 13 |   2.6471511032749080e-04 |   2.6471511032749080e-04 | 1
  4, 14 |   2.2631355444988906e-04 |   2.2631355444988906e-04 | 1
  4, 15 |   2.6529529562816325e-04 |   2.6529529562816325e-04 | 1
  4, 16 |   3.3295367605012092e-04 |   3.3295367605012092e-04 | 1
  4, 17 |   1.8220062552029150e-04 |   1.8220062552029150e-04 | 1
  4, 18 |   2.3124324680036845e-04 |   2.3124324680036845e-04 | 1
  4, 19 |   5.3780070815844482e-04 |   5.3780070815844482e-04 | 1
  4, 20 |   3.0682952906152202e-04 |   3.0682952906152202e-04 | 1
  4, 21 |   1.7507003699698218e-04 |   1.7507003699698218e-04 | 1
  4, 22 |   1.8292394452188842e-04 |   1.8292394452188842e-04 | 1
  4, 23 |   1.7712452508634750e-04 |   1.7712452508634750e-04 | 1
  4, 24 |   2.8313182988794878e-04 |   2.8313182988794878e-04 | 1
  4, 25 |   2.7011694321436895e-04 |   2.7011694321436895e-04 | 1
  4, 26 |   2.5560700392626310e-04 |   2.5560700392626310e-04 | 1
  4, 27 |   2.8004254884304088e-04 |   2.8004254884304088e-04 | 1
  4, 28 |   3.1389250239639290e-04 |   3.1389250239639290e-04 | 1
  4, 29 |   2.7647734121668188e-04 |   2.7647734121668188e-04 | 1
  4, 30 |   2.5744131747948982e-04 |   2.5744131747948982e-04 | 1
  4, 31 |   3.0466032511775173e-04 |   3.0466032511775173e-04 | 1
  4, 32 |  -2.2136025879557349e-04 |  -2.2136025879557349e-04 | 1
  4, 33 |  -8.4668591295357799e-04 |  -8.4668591295357799e-04 | 1
  4, 34 |   3.1311540876772256e-04 |   3.1311540876772256e-04 | 1
  4, 35 |  -4.5123243897811257e-05 |  -4.5123243897811257e-05 | 1
  4, 36 |  -5.3238097223604012e-05 |  -5.3238097223604012e-05 | 1
  4, 37 |  -6.6394606791802394e-05 |  -6.6394606791802394e-05 | 1
  4, 38 |  -6.7658450234380101e-05 |  -6.7658450234380101e-05 | 1
  4, 39 |   5.5491062204169795e-05 |   5.5491062204169795e-05 | 1
  4, 40 |   2.2322918320280300e-04 |   2.2322918320280300e-04 | 1
  5,  1 |   4.1073763809904530e-05 |   4.1073763809904530e-05 | 1
  5,  2 |   2.2145786632757035e-04 |   2.2145786632757035e-04 | 1
  5,  3 |   2.5634691016085490e-04 |   2.5634691016085490e-04 | 1
  5,  4 |   2.3871048308838732e-04 |   2.3871048308838732e-04 | 1
  5,  5 |   3.5201675749641781e-03 |   3.5201675749641781e-03 | 1
  5,  6 |   1.2772313094700657e-04 |   1.2772313094700657e-04 | 1
  5,  7 |   5.6933370669095987e-04 |   5.6933370669095987e-04 | 1
  5,  8 |   1.8044582202715316e-04 |   1.8044582202715316e-04 | 1
  5,  9 |   2.7974099040917622e-04 |   2.7974099040917622e-04 | 1
  5, 10 |   4.2630920916067135e-04 |   4.2630920916067135e-04 | 1
  5, 11 |  -1.7146517534304987e-05 |  -1.7146517534304987e-05 | 1
  5, 12 |   3.2151673664803846e-04 |   3.2151673664803846e-04 | 1
  5, 13 |   2.6342918155282283e-04 |   2.6342918155282283e-04 | 1
  5, 14 |   5.4674416508622176e-04 |   5.4674416508622176e-04 | 1
  5, 15 |   4.3866297094027006e-04 |   4.3866297094027006e-04 | 1
  5, 16 |   2.0961036404257546e-04 |   2.0961036404257546e-04 | 1
  5, 17 |   2.2575912539296705e-04 |   2.2575912539296705e-04 | 1
  5, 18 |   2.3375585684957340e-04 |   2.3375585684957340e-04 | 1
  5, 19 |  -3.1005939908649818e-04 |  -3.1005939908649818e-04 | 1
  5, 20 |   2.3911276435557735e-04 |   2.3911276435557735e-04 | 1
  5, 21 |   4.9694042036244144e-04 |   4.9694042036244144e-04 | 1
  5, 22 |   2.5637178334589632e-04 |   2.5637178334589632e-04 | 1
  5, 23 |   3.6357446955598445e-04 |   3.6357446955598445e-04 | 1
  5, 24 |   1.8051734440215376e-04 |   1.8051734440215376e-04 | 1
  5, 25 |   1.7374203820055796e-04 |   1.7374203820055796e-04 | 1
  5, 26 |   1.5006279390839753e-04 |   1.5006279390839753e-04 | 1
  5, 27 |   2.4021865371456929e-04 |   2.4021865371456929e-04 | 1
  5, 28 |   2.8020131708503975e-04 |   2.8020131708503975e-04 | 1
  5, 29 |   1.9494830235874567e-04 |   1.9494830235874567e-04 | 1
  5, 30 |   2.2258293618764152e-04 |   2.2258293618764152e-04 | 1
  5, 31 |   1.7393011375209882e-04 |   1.7393011375209882e-04 | 1
  5, 32 |  -3.7248799377531411e-04 |  -3.7248799377531411e-04 | 1
  5, 33 |   1.6098527690991235e-03 |   1.6098527690991235e-03 | 1
  5, 34 |   1.3284688294633128e-04 |   1.3284688294633128e-04 | 1
  5, 35 |  -3.9135069302584027e-05 |  -3.9135069302584027e-05 | 1
  5, 36 |  -6.0539790489381382e-05 |  -6.0539790489381382e-05 | 1
  5, 37 |  -5.4462825436547735e-05 |  -5.4462825436547735e-05 | 1
  5, 38 |  -5.4818002754561481e-05 |  -5.4818002754561481e-05 | 1
  5, 39 |   5.0174746568119633e-05 |   5.0174746568119633e-05 | 1
  5, 40 |   3.7233470336202231e-04 |   3.7233470336202231e-04 | 1
  6,  1 |   4.6737894222238788e-05 |   4.6737894222238788e-05 | 1
  6,  2 |  -1.6060955126824902e-04 |  -1.6060955126824902e-04 | 1
  6,  3 |   1.2010410898460032e-04 |   1.2010410898460032e-04 | 1
  6,  4 |   3.2983759603555417e-04 |   3.2983759603555417e-04 | 1
  6,  5 |   1.2772313094700657e-04 |   1.2772313094700657e-04 | 1
  6,  6 |   1.3649540291839088e-03 |   1.3649540291839088e-03 | 1
  6,  7 |  -1.0573920470671643e-03 |  -1.0573920470671643e-03 | 1
  6,  8 |   8.0717495467843192e-04 |   8.0717495467843192e-04 | 1
  6,  9 |  -1.6183676419920468e-04 |  -1.6183676419920468e-04 | 1
  6, 10 |  -4.3935275794780446e-04 |  -4.3935275794780446e-04 | 1
  6, 11 |   2.4828094923488877e-03 |   2.4828094923488877e-03 | 1
  6, 12 |  -1.4897774401004434e-04 |  -1.4897774401004434e-04 | 1
  6, 13 |   3.1025209211655631e-04 |   3.1025209211655631e-04 | 1
  6, 14 |  -1.3263141693792518e-03 |  -1.3263141693792518e-03 | 1
  6, 15 |  -5.5535338948855433e-04 |  -5.5535338948855433e-04 | 1
  6, 16 |   9.7306657319562602e-04 |   9.7306657319562602e-04 | 1
  6, 17 |  -2.4224262895832467e-05 |  -2.4224262895832467e-05 | 1
  6, 18 |   2.3733167212444315e-04 |   2.3733167212444315e-04 | 1
  6, 19 |   4.7681501296623543e-03 |   4.7681501296623543e-03 | 1
  6, 20 |   6.6288324499321817e-04 |   6.6288324499321817e-04 | 1
  6, 21 |  -1.3596451700025520e-03 |  -1.3596451700025520e-03 | 1
  6, 22 |  -1.6655495983641485e-04 |  -1.6655495983641485e-04 | 1
  6, 23 |  -7.2103261308142214e-04 |  -7.2103261308142214e-04 | 1
  6, 24 |   8.1983058497717750e-04 |   8.1983058497717750e-04 | 1
  6, 25 |   7.6215671529705948e-04 |   7.6215671529705948e-04 | 1
  6, 26 |   7.9634125707766612e-04 |   7.9634125707766612e-04 | 1
  6, 27 |   4.9787452778432659e-04 |   4.9787452778432659e-04 | 1
  6, 28 |   4.8883400728161547e-04 |   4.8883400728161547e-04 | 1
  6, 29 |   7.2157610546886870e-04 |   7.2157610546886870e-04 | 1
  6, 30 |   4.5779672204705854e-04 |   4.5779672204705854e-04 | 1
  6, 31 |   9.8264154768942184e-04 |   9.8264154768942184e-04 | 1
  6, 32 |   4.5814304679641738e-04 |   4.5814304679641738e-04 | 1
  6, 33 |  -1.3049156998084640e-02 |  -1.3049156998084640e-02 | 1
  6, 34 |   1.2311355192071989e-03 |   1.2311355192071989e-03 | 1
  6, 35 |  -4.1932761783122081e-05 |  -4.1932761783122081e-05 | 1
  6, 36 |  -5.6723937820463233e-05 |  -5.6723937820463233e-05 | 1
  6, 37 |  -6.2093182111560007e-05 |  -6.2093182111560007e-05 | 1
  6, 38 |  -7.4197070430344440e-05 |  -7.4197070430344440e-05 | 1
  6, 39 |   5.5802960544604853e-05 |   5.5802960544604853e-05 | 1
  6, 40 |  -4.5625807078560575e-04 |  -4.5625807078560575e-04 | 1
  7,  1 |   4.6750044906163441e-05 |   4.6750044906163441e-05 | 1
  7,  2 |   7.3730703861888043e-04 |   7.3730703861888043e-04 | 1
  7,  3 |   5.5274323459992745e-04 |   5.5274323459992745e-04 | 1
  7,  4 |   2.8887994343131714e-04 |   2.8887994343131714e-04 | 1
  7,  5 |   5.6933370669095987e-04 |   5.6933370669095987e-04 | 1
  7,  6 |  -1.0573920470671643e-03 |  -1.0573920470671643e-03 | 1
  7,  7 |   8.3573203115593995e-03 |   8.3573203115593995e-03 | 1
  7,  8 |  -3.4856427762489117e-04 |  -3.4856427762489117e-04 | 1
  7,  9 |   8.9539088547681994e-04 |   8.9539088547681994e-04 | 1
  7, 10 |   1.5595897800468827e-03 |   1.5595897800468827e-03 | 1
  7, 11 |  -2.5648756421176189e-03 |  -2.5648756421176189e-03 | 1
  7, 12 |   9.9269052552636923e-04 |   9.9269052552636923e-04 | 1
  7, 13 |   3.6886430391547921e-04 |   3.6886430391547921e-04 | 1
  7, 14 |   2.7626191880851586e-03 |   2.7626191880851586e-03 | 1
  7, 15 |   1.7118979400938448e-03 |   1.7118979400938448e-03 | 1
  7, 16 |  -4.4321586004330155e-04 |  -4.4321586004330155e-04 | 1
  7, 17 |   6.1930085492835753e-04 |   6.1930085492835753e-04 | 1
  7, 18 |   3.7108038516926143e-04 |   3.7108038516926143e-04 | 1
  7, 19 |  -5.6471325968759298e-03 |  -5.6471325968759298e-03 | 1
  7, 20 |  -3.8289280395364342e-05 |  -3.8289280395364342e-05 | 1
  7, 21 |   2.6727692141301175e-03 |   2.6727692141301175e-03 | 1
  7, 22 |   8.3642559414654546e-04 |   8.3642559414654546e-04 | 1
  7, 23 |   1.6739078338907632e-03 |   1.6739078338907632e-03 | 1
  7, 24 |  -3.5994173523455923e-04 |  -3.5994173523455923e-04 | 1
  7, 25 |  -3.1388508494422865e-04 |  -3.1388508494422865e-04 | 1
  7, 26 |  -4.1790406559040754e-04 |  -4.1790406559040754e-04 | 1
  7, 27 |   1.2887655240251340e-04 |   1.2887655240251340e-04 | 1
  7, 28 |   2.4727400590858256e-04 |   2.4727400590858256e-04 | 1
  7, 29 |  -2.2318188147107910e-04 |  -2.2318188147107910e-04 | 1
  7, 30 |   1.1558101062155359e-04 |   1.1558101062155359e-04 | 1
  7, 31 |  -5.4169002280437856e-04 |  -5.4169002280437856e-04 | 1
  7, 32 |  -1.4574200503100153e-03 |  -1.4574200503100153e-03 | 1
  7, 33 |   1.7462079984023882e-02 |   1.7462079984023882e-02 | 1
  7, 34 |  -9.0211659446696318e-04 |  -9.0211659446696318e-04 | 1
  7, 35 |  -4.4129038694493604e-05 |  -4.4129038694493604e-05 | 1
  7, 36 |  -6.7655796423422642e-05 |  -6.7655796423422642e-05 | 1
  7, 37 |  -7.3040588303490496e-05 |  -7.3040588303490496e-05 | 1
  7, 38 |  -5.4394840846891702e-05 |  -5.4394840846891702e-05 | 1
  7, 39 |   5.8668179522431007e-05 |   5.8668179522431007e-05 | 1
  7, 40 |   1.4569188339175617e-03 |   1.4569188339175617e-03 | 1
  8,  1 |   4.5183041734903291e-05 |   4.5183041734903291e-05 | 1
  8,  2 |   5.2159756866003818e-06 |   5.2159756866003818e-06 | 1
  8,  3 |   1.7595649344719140e-04 |   1.7595649344719140e-04 | 1
  8,  4 |   2.8368127583061907e-04 |   2.8368127583061907e-04 | 1
  8,  5 |   1.8044582202715316e-04 |   1.8044582202715316e-04 | 1
  8,  6 |   8.0717495467843192e-04 |   8.0717495467843192e-04 | 1
  8,  7 |  -3.4856427762489117e-04 |  -3.4856427762489117e-04 | 1
  8,  8 |   2.6752679229889013e-03 |   2.6752679229889013e-03 | 1
  8,  9 |   2.8560669114589878e-05 |   2.8560669114589878e-05 | 1
  8, 10 |  -6.4720307562822192e-05 |  -6.4720307562822192e-05 | 1
  8, 11 |   1.3674720150496536e-03 |   1.3674720150496536e-03 | 1
  8, 12 |   5.3297828372813461e-05 |   5.3297828372813461e-05 | 1
  8, 13 |   2.7981999375924037e-04 |   2.7981999375924037e-04 | 1
  8, 14 |  -5.0615329270732199e-04 |  -5.0615329270732199e-04 | 1
  8, 15 |  -1.2511534966967093e-04 |  -1.2511534966967093e-04 | 1
  8, 16 |   6.2558528184809381e-04 |   6.2558528184809381e-04 | 1
  8, 17 |   8.1198687957143568e-05 |   8.1198687957143568e-05 | 1
  8, 18 |   2.2892684035777394e-04 |   2.2892684035777394e-04 | 1
  8, 19 |   2.5081981390810250e-03 |   2.5081981390810250e-03 | 1
  8, 20 |   4.6712766512174773e-04 |   4.6712766512174773e-04 | 1
  8, 21 |  -5.4808998254194145e-04 |  -5.4808998254194145e-04 | 1
  8, 22 |   1.5007197761623863e-05 |   1.5007197761623863e-05 | 1
  8, 23 |  -2.4755245133504069e-04 |  -2.4755245133504069e-04 | 1
  8, 24 |   5.2811132877423001e-04 |   5.2811132877423001e-04 | 1
  8, 25 |   4.9461773171689512e-04 |   4.9461773171689512e-04 | 1
  8, 26 |   5.0322933999978029e-04 |   5.0322933999978029e-04 | 1
  8, 27 |   3.7584005617737640e-04 |   3.7584005617737640e-04 | 1
  8, 28 |   3.8944305599439104e-04 |   3.8944305599439104e-04 | 1
  8, 29 |   4.7875265263483163e-04 |   4.7875265263483163e-04 | 1
  8, 30 |   3.4560310656010600e-04 |   3.4560310656010600e-04 | 1
  8, 31 |   6.1552111027947647e-04 |   6.1552111027947647e-04 | 1
  8, 32 |   1.0181607266611069e-04 |   1.0181607266611069e-04 | 1
  8, 33 |  -6.5457080023345743e-03 |  -6.5457080023345743e-03 | 1
  8, 34 |   7.3627871586692296e-04 |   7.3627871586692296e-04 | 1
  8, 35 |  -4.3304757135794887e-05 |  -4.3304757135794887e-05 | 1
  8, 36 |  -5.2186637588210017e-05 |  -5.2186637588210017e-05 | 1
  8, 37 |  -6.2861548125965535e-05 |  -6.2861548125965535e-05 | 1
  8, 38 |  -6.9200750193298407e-05 |  -6.9200750193298407e-05 | 1
  8, 39 |   5.4101018970086735e-05 |   5.4101018970086735e-05 | 1
  8, 40 |  -1.0009870829191092e-04 |  -1.0009870829191092e-04 | 1
  9,  1 |   3.8423688613674079e-05 |   3.8423688613674079e-05 | 1
  9,  2 |   2.9618858892663648e-04 |   2.9618858892663648e-04 | 1
  9,  3 |   2.7471022529649419e-04 |   2.7471022529649419e-04 | 1
  9,  4 |   2.0515961731382948e-04 |   2.0515961731382948e-04 | 1
  9,  5 |   2.7974099040917622e-04 |   2.7974099040917622e-04 | 1
  9,  6 |  -1.6183676419920468e-04 |  -1.6183676419920468e-04 | 1
  9,  7 |   8.9539088547681994e-04 |   8.9539088547681994e-04 | 1
  9,  8 |   2.8560669114589878e-05 |   2.8560669114589878e-05 | 1
  9,  9 |   1.9460484175524619e-03 |   1.9460484175524619e-03 | 1
  9, 10 |   6.0286281664166750e-04 |   6.0286281664166750e-04 | 1
  9, 11 |  -5.7732166311392141e-04 |  -5.7732166311392141e-04 | 1
  9, 12 |   4.1280832904296943e-04 |   4.1280832904296943e-04 | 1
  9, 13 |   2.3933424922784719e-04 |   2.3933424922784719e-04 | 1
  9, 14 |   9.4058875237869734e-04 |   9.4058875237869734e-04 | 1
  9, 15 |   6.4004626900054798e-04 |   6.4004626900054798e-04 | 1
  9, 16 |   2.5691585997751776e-05 |   2.5691585997751776e-05 | 1
  9, 17 |   2.7045794537296707e-04 |   2.7045794537296707e-04 | 1
  9, 18 |   2.2164438780630994e-04 |   2.2164438780630994e-04 | 1
  9, 19 |  -1.4390851077625264e-03 |  -1.4390851077625264e-03 | 1
  9, 20 |   1.2888540950796668e-04 |   1.2888540950796668e-04 | 1
  9, 21 |   8.8062287228169193e-04 |   8.8062287228169193e-04 | 1
  9, 22 |   3.3699222718374289e-04 |   3.3699222718374289e-04 | 1
  9, 23 |   5.8518388927687346e-04 |   5.8518388927687346e-04 | 1
  9, 24 |   2.3997571026998124e-05 |   2.3997571026998124e-05 | 1
  9, 25 |   3.6240569237963405e-05 |   3.6240569237963405e-05 | 1
  9, 26 |  -3.6083428915895337e-06 |  -3.6083428915895337e-06 | 1
  9, 27 |   1.7188532163860283e-04 |   1.7188532163860283e-04 | 1
  9, 28 |   2.2301699644052225e-04 |   2.2301699644052225e-04 | 1
  9, 29 |   6.3753416191271927e-05 |   6.3753416191271927e-05 | 1
  9, 30 |   1.5724995293397444e-04 |   1.5724995293397444e-04 | 1
  9, 31 |  -1.8105689154547560e-05 |  -1.8105689154547560e-05 | 1
  9, 32 |  -5.3739513552264679e-04 |  -5.3739513552264679e-04 | 1
  9, 33 |   4.8268275697229187e-03 |   4.8268275697229187e-03 | 1
  9, 34 |  -1.2245673994064555e-04 |  -1.2245673994064555e-04 | 1
  9, 35 |  -5.1144175179164045e-05 |  -5.1144175179164045e-05 | 1
  9, 36 |  -4.4432667846366382e-05 |  -4.4432667846366382e-05 | 1
  9, 37 |  -4.8056343455454454e-05 |  -4.8056343455454454e-05 | 1
  9, 38 |  -5.0045605521730426e-05 |  -5.0045605521730426e-05 | 1
  9, 39 |   4.5270949915649712e-05 |   4.5270949915649712e-05 | 1
  9, 40 |   5.3763253026339821e-04 |   5.3763253026339821e-04 | 1
 10,  1 |   4.4092973919891827e-05 |   4.4092973919891827e-05 | 1
 10,  2 |   4.8662785849221785e-04 |   4.8662785849221785e-04 | 1
 10,  3 |   4.1411119178709271e-04 |   4.1411119178709271e-04 | 1
 10,  4 |   2.7656704296167233e-04 |   2.7656704296167233e-04 | 1
 10,  5 |   4.2630920916067135e-04 |   4.2630920916067135e-04 | 1
 10,  6 |  -4.3935275794780446e-04 |  -4.3935275794780446e-04 | 1
 10,  7 |   1.5595897800468827e-03 |   1.5595897800468827e-03 | 1
 10,  8 |  -6.4720307562822192e-05 |  -6.4720307562822192e-05 | 1
 10,  9 |   6.0286281664166750e-04 |   6.0286281664166750e-04 | 1
 10, 10 |   1.0810266753578508e-02 |   1.0810266753578508e-02 | 1
 10, 11 |  -1.2537038269143555e-03 |  -1.2537038269143555e-03 | 1
 10, 12 |   6.6909407468386680e-04 |   6.6909407468386680e-04 | 1
 10, 13 |   3.3290590974833118e-04 |   3.3290590974833118e-04 | 1
 10, 14 |   1.6650342619910058e-03 |   1.6650342619910058e-03 | 1
 10, 15 |   1.0813686322022403e-03 |   1.0813686322022403e-03 | 1
 10, 16 |  -9.4914430560465298e-05 |  -9.4914430560465298e-05 | 1
 10, 17 |   4.3331644283162889e-04 |   4.3331644283162889e-04 | 1
 10, 18 |   3.1937720137466442e-04 |   3.1937720137466442e-04 | 1
 10, 19 |  -2.9188049143076987e-03 |  -2.9188049143076987e-03 | 1
 10, 20 |   1.1874909996913605e-04 |   1.1874909996913605e-04 | 1
 10, 21 |   1.5812415727926750e-03 |   1.5812415727926750e-03 | 1
 10, 22 |   5.5265136165834360e-04 |   5.5265136165834360e-04 | 1
 10, 23 |   1.0221689952051431e-03 |   1.0221689952051431e-03 | 1
 10, 24 |  -7.1240939476008668e-05 |  -7.1240939476008668e-05 | 1
 10, 25 |  -4.6356740909394073e-05 |  -4.6356740909394073e-05 | 1
 10, 26 |  -1.1522279449647074e-04 |  -1.1522279449647074e-04 | 1
 10, 27 |   2.0184275741819173e-04 |   2.0184275741819173e-04 | 1
 10, 28 |   2.8644715517064370e-04 |   2.8644715517064370e-04 | 1
 10, 29 |   3.5861683441997380e-06 |   3.5861683441997380e-06 | 1
 10, 30 |   1.8531581224554968e-04 |   1.8531581224554968e-04 | 1
 10, 31 |  -1.6343664775233640e-04 |  -1.6343664775233640e-04 | 1
 10, 32 |  -9.2306238093442625e-04 |  -9.2306238093442625e-04 | 1
 10, 33 |   9.3940622429480609e-03 |   9.3940622429480609e-03 | 1
 10, 34 |  -3.6064342168497005e-04 |  -3.6064342168497005e-04 | 1
 10, 35 |  -5.0761354809541899e-05 |  -5.0761354809541899e-05 | 1
 10, 36 |  -5.3429318726454192e-05 |  -5.3429318726454192e-05 | 1
 10, 37 |  -5.1735113326191589e-05 |  -5.1735113326191589e-05 | 1
 10, 38 |  -6.4441277794784831e-05 |  -6.4441277794784831e-05 | 1
 10, 39 |   5.1583889171384346e-05 |   5.1583889171384346e-05 | 1
 10, 40 |   9.2443840732031862e-04 |   9.2443840732031862e-04 | 1
 11,  1 |   4.6512359015928583e-05 |   4.6512359015928583e-05 | 1
 11,  2 |  -5.2360022069400196e-04 |  -5.2360022069400196e-04 | 1
 11,  3 |  -1.4943281029694896e-05 |  -1.4943281029694896e-05 | 1
 11,  4 |   4.0002245588357670e-04 |   4.0002245588357670e-04 | 1
 11,  5 |  -1.7146517534304987e-05 |  -1.7146517534304987e-05 | 1
 11,  6 |   2.4828094923488877e-03 |   2.4828094923488877e-03 | 1
 11,  7 |  -2.5648756421176189e-03 |  -2.5648756421176189e-03 | 1
 11,  8 |   1.3674720150496536e-03 |   1.3674720150496536e-03 | 1
 11,  9 |  -5.7732166311392141e-04 |  -5.7732166311392141e-04 | 1
 11, 10 |  -1.2537038269143555e-03 |  -1.2537038269143555e-03 | 1
 11, 11 |   4.7697499979723794e-03 |   4.7697499979723794e-03 | 1
 11, 12 |  -5.9378976273710899e-04 |  -5.9378976273710899e-04 | 1
 11, 13 |   3.4193014017137619e-04 |   3.4193014017137619e-04 | 1
 11, 14 |  -3.0617773354657202e-03 |  -3.0617773354657202e-03 | 1
 11, 15 |  -1.4749717613367600e-03 |  -1.4749717613367600e-03 | 1
 11, 16 |   1.6590534729053604e-03 |   1.6590534729053604e-03 | 1
 11, 17 |  -2.6420188078565658e-04 |  -2.6420188078565658e-04 | 1
 11, 18 |   2.2686800699382037e-04 |   2.2686800699382037e-04 | 1
 11, 19 |   9.4121902840778870e-03 |   9.4121902840778870e-03 | 1
 11, 20 |   1.0364535890638581e-03 |   1.0364535890638581e-03 | 1
 11, 21 |  -3.0752127543235723e-03 |  -3.0752127543235723e-03 | 1
 11, 22 |  -5.6517912817196682e-04 |  -5.6517912817196682e-04 | 1
 11, 23 |  -1.7283037111062603e-03 |  -1.7283037111062603e-03 | 1
 11, 24 |   1.3922831912148814e-03 |   1.3922831912148814e-03 | 1
 11, 25 |   1.2909528368437136e-03 |   1.2909528368437136e-03 | 1
 11, 26 |   1.3762939783269895e-03 |   1.3762939783269895e-03 | 1
 11, 27 |   7.2237462134922177e-04 |   7.2237462134922177e-04 | 1
 11, 28 |   6.6545965977876957e-04 |   6.6545965977876957e-04 | 1
 11, 29 |   1.1931065008331534e-03 |   1.1931065008331534e-03 | 1
 11, 30 |   6.6122974565205773e-04 |   6.6122974565205773e-04 | 1
 11, 31 |   1.7140451094726835e-03 |   1.7140451094726835e-03 | 1
 11, 32 |   1.2261633057530157e-03 |   1.2261633057530157e-03 | 1
 11, 33 |  -2.6482055917176367e-02 |  -2.6482055917176367e-02 | 1
 11, 34 |   2.2252887114377522e-03 |   2.2252887114377522e-03 | 1
 11, 35 |  -4.5201619924020608e-05 |  -4.5201619924020608e-05 | 1
 11, 36 |  -4.8857380023966976e-05 |  -4.8857380023966976e-05 | 1
 11, 37 |  -6.7168370500087903e-05 |  -6.7168370500087903e-05 | 1
 11, 38 |  -7.2607142936290887e-05 |  -7.2607142936290887e-05 | 1
 11, 39 |   5.5532689526393532e-05 |   5.5532689526393532e-05 | 1
 11, 40 |  -1.2239846206796154e-03 |  -1.2239846206796154e-03 | 1
 12,  1 |   4.3255778070673488e-05 |   4.3255778070673488e-05 | 1
 12,  2 |   3.3153205994248695e-04 |   3.3153205994248695e-04 | 1
 12,  3 |   3.1599143683605513e-04 |   3.1599143683605513e-04 | 1
 12,  4 |   2.4133132857512052e-04 |   2.4133132857512052e-04 | 1
 12,  5 |   3.2151673664803846e-04 |   3.2151673664803846e-04 | 1
 12,  6 |  -1.4897774401004434e-04 |  -1.4897774401004434e-04 | 1
 12,  7 |   9.9269052552636923e-04 |   9.9269052552636923e-04 | 1
 12,  8 |   5.3297828372813461e-05 |   5.3297828372813461e-05 | 1
 12,  9 |   4.1280832904296943e-04 |   4.1280832904296943e-04 | 1
 12, 10 |   6.6909407468386680e-04 |   6.6909407468386680e-04 | 1
 12, 11 |  -5.9378976273710899e-04 |  -5.9378976273710899e-04 | 1
 12, 12 |   2.8083849045149934e-03 |   2.8083849045149934e-03 | 1
 12, 13 |   2.7537208665055681e-04 |   2.7537208665055681e-04 | 1
 12, 14 |   1.0299417133534270e-03 |   1.0299417133534270e-03 | 1
 12, 15 |   7.0832428605060007e-04 |   7.0832428605060007e-04 | 1
 12, 16 |   5.1787250703537815e-05 |   5.1787250703537815e-05 | 1
 12, 17 |   3.0713743446136757e-04 |   3.0713743446136757e-04 | 1
 12, 18 |   2.5629619424154704e-04 |   2.5629619424154704e-04 | 1
 12, 19 |  -1.5104642503677012e-03 |  -1.5104642503677012e-03 | 1
 12, 20 |   1.6547013489044292e-04 |   1.6547013489044292e-04 | 1
 12, 21 |   9.6557278717091454e-04 |   9.6557278717091454e-04 | 1
 12, 22 |   3.7723686381301963e-04 |   3.7723686381301963e-04 | 1
 12, 23 |   6.4577579281154007e-04 |   6.4577579281154007e-04 | 1
 12, 24 |   4.8492546404607028e-05 |   4.8492546404607028e-05 | 1
 12, 25 |   5.8413192577961212e-05 |   5.8413192577961212e-05 | 1
 12, 26 |   1.4967063851735484e-05 |   1.4967063851735484e-05 | 1
 12, 27 |   2.0592279975016435e-04 |   2.0592279975016435e-04 | 1
 12, 28 |   2.6467336754975023e-04 |   2.6467336754975023e-04 | 1
 12, 29 |   8.9232220876902423e-05 |   8.9232220876902423e-05 | 1
 12, 30 |   1.8833936862182289e-04 |   1.8833936862182289e-04 | 1
 12, 31 |   3.0776645580087750e-06 |   3.0776645580087750e-06 | 1
 12, 32 |  -5.9848548831690238e-04 |  -5.9848548831690238e-04 | 1
 12, 33 |   5.1447965675047586e-03 |   5.1447965675047586e-03 | 1
 12, 34 |  -1.0832340872433274e-04 |  -1.0832340872433274e-04 | 1
 12, 35 |  -4.7443180208342375e-05 |  -4.7443180208342375e-05 | 1
 12, 36 |  -5.0523904335664544e-05 |  -5.0523904335664544e-05 | 1
 12, 37 |  -5.9732632652126613e-05 |  -5.9732632652126613e-05 | 1
 12, 38 |  -5.9744988772867229e-05 |  -5.9744988772867229e-05 | 1
 12, 39 |   5.1796591583954556e-05 |   5.1796591583954556e-05 | 1
 12, 40 |   5.9967066983217807e-04 |   5.9967066983217807e-04 | 1
 13,  1 |   3.9650359165327323e-05 |   3.9650359165327323e-05 | 1
 13,  2 |   1.7789864594887380e-04 |   1.7789864594887380e-04 | 1
 13,  3 |   2.5213011265825034e-04 |   2.5213011265825034e-04 | 1
 13,  4 |   2.6471511032749080e-04 |   2.6471511032749080e-04 | 1
 13,  5 |   2.6342918155282283e-04 |   2.6342918155282283e-04 | 1
 13,  6 |   3.1025209211655631e-04 |   3.1025209211655631e-04 | 1
 13,  7 |   3.6886430391547921e-04 |   3.6886430391547921e-04 | 1
 13,  8 |   2.7981999375924037e-04 |   2.7981999375924037e-04 | 1
 13,  9 |   2.3933424922784719e-04 |   2.3933424922784719e-04 | 1
 13, 10 |   3.3290590974833118e-04 |   3.3290590974833118e-04 | 1
 13, 11 |   3.4193014017137619e-04 |   3.4193014017137619e-04 | 1
 13, 12 |   2.7537208665055681e-04 |   2.7537208665055681e-04 | 1
 13, 13 |   2.5214954495028515e-03 |   2.5214954495028515e-03 | 1
 13, 14 |   3.1521117849062899e-04 |   3.1521117849062899e-04 | 1
 13, 15 |   3.2787463943190806e-04 |   3.2787463943190806e-04 | 1
 13, 16 |   3.3207742162479916e-04 |   3.3207742162479916e-04 | 1
 13, 17 |   2.0550057357202926e-04 |   2.0550057357202926e-04 | 1
 13, 18 |   2.4967866143239857e-04 |   2.4967866143239857e-04 | 1
 13, 19 |   3.9848417180878286e-04 |   3.9848417180878286e-04 | 1
 13, 20 |   3.1453452824239080e-04 |   3.1453452824239080e-04 | 1
 13, 21 |   2.6199503420479920e-04 |   2.6199503420479920e-04 | 1
 13, 22 |   2.1083839689111701e-04 |   2.1083839689111701e-04 | 1
 13, 23 |   2.3043064560163327e-04 |   2.3043064560163327e-04 | 1
 13, 24 |   2.8241963487215431e-04 |   2.8241963487215431e-04 | 1
 13, 25 |   2.7380012449497031e-04 |   2.7380012449497031e-04 | 1
 13, 26 |   2.5201721845411851e-04 |   2.5201721845411851e-04 | 1
 13, 27 |   2.9612576004458185e-04 |   2.9612576004458185e-04 | 1
 13, 28 |   3.3183645465136025e-04 |   3.3183645465136025e-04 | 1
 13, 29 |   2.8437074663611040e-04 |   2.8437074663611040e-04 | 1
 13, 30 |   2.7100017651662128e-04 |   2.7100017651662128e-04 | 1
 13, 31 |   3.0259853004221190e-04 |   3.0259853004221190e-04 | 1
 13, 32 |  -2.8486836329105823e-04 |  -2.8486836329105823e-04 | 1
 13, 33 |  -3.8932253577118859e-04 |  -3.8932253577118859e-04 | 1
 13, 34 |   2.9896606096509084e-04 |   2.9896606096509084e-04 | 1
 13, 35 |  -4.8467020833217484e-05 |  -4.8467020833217484e-05 | 1
 13, 36 |  -5.2370661457038070e-05 |  -5.2370661457038070e-05 | 1
 13, 37 |  -4.9185233816415947e-05 |  -4.9185233816415947e-05 | 1
 13, 38 |  -5.0896657072862058e-05 |  -5.0896657072862058e-05 | 1
 13, 39 |   4.7719047723863349e-05 |   4.7719047723863349e-05 | 1
 13, 40 |   2.8456422407226146e-04 |   2.8456422407226146e-04 | 1
 14,  1 |   4.5528643955296234e-05 |   4.5528643955296234e-05 | 1
 14,  2 |   7.7797306842876835e-04 |   7.7797306842876835e-04 | 1
 14,  3 |   5.2894175949185981e-04 |   5.2894175949185981e-04 | 1
 14,  4 |   2.2631355444988906e-04 |   2.2631355444988906e-04 | 1
 14,  5 |   5.4674416508622176e-04 |   5.4674416508622176e-04 | 1
 14,  6 |  -1.3263141693792518e-03 |  -1.3263141693792518e-03 | 1
 14,  7 |   2.7626191880851586e-03 |   2.7626191880851586e-03 | 1
 14,  8 |  -5.0615329270732199e-04 |  -5.0615329270732199e-04 | 1
 14,  9 |   9.4058875237869734e-04 |   9.4058875237869734e-04 | 1
 14, 10 |   1.6650342619910058e-03 |   1.6650342619910058e-03 | 1
 14, 11 |  -3.0617773354657202e-03 |  -3.0617773354657202e-03 | 1
 14, 12 |   1.0299417133534270e-03 |   1.0299417133534270e-03 | 1
 14, 13 |   3.1521117849062899e-04 |   3.1521117849062899e-04 | 1
 14, 14 |   4.3895843975467388e-03 |   4.3895843975467388e-03 | 1
 14, 15 |   1.8269633032269176e-03 |   1.8269633032269176e-03 | 1
 14, 16 |  -6.3372280063598500e-04 |  -6.3372280063598500e-04 | 1
 14, 17 |   6.2712833819336645e-04 |   6.2712833819336645e-04 | 1
 14, 18 |   3.3097645851624111e-04 |   3.3097645851624111e-04 | 1
 14, 19 |  -6.6118073741084213e-03 |  -6.6118073741084213e-03 | 1
 14, 20 |  -1.7329050920091086e-04 |  -1.7329050920091086e-04 | 1
 14, 21 |   2.9502367211984978e-03 |   2.9502367211984978e-03 | 1
 14, 22 |   8.7526071431037430e-04 |   8.7526071431037430e-04 | 1
 14, 23 |   1.8253694902345954e-03 |   1.8253694902345954e-03 | 1
 14, 24 |  -5.2239111635795071e-04 |  -5.2239111635795071e-04 | 1
 14, 25 |  -4.6179044206795425e-04 |  -4.6179044206795425e-04 | 1
 14, 26 |  -5.7253563015633585e-04 |  -5.7253563015633585e-04 | 1
 14, 27 |   3.1093099656538489e-05 |   3.1093099656538489e-05 | 1
 14, 28 |   1.5292430338322406e-04 |   1.5292430338322406e-04 | 1
 14, 29 |  -3.6541578521070452e-04 |  -3.6541578521070452e-04 | 1
 14, 30 |   2.8952712446362461e-05 |   2.8952712446362461e-05 | 1
 14, 31 |  -7.3810645468011613e-04 |  -7.3810645468011613e-04 | 1
 14, 32 |  -1.5435091499435877e-03 |  -1.5435091499435877e-03 | 1
 14, 33 |   2.0100333249925335e-02 |   2.0100333249925335e-02 | 1
 14, 34 |  -1.1469018921682706e-03 |  -1.1469018921682706e-03 | 1
 14, 35 |  -5.5295861868168608e-05 |  -5.5295861868168608e-05 | 1
 14, 36 |  -6.1846893620546230e-05 |  -6.1846893620546230e-05 | 1
 14, 37 |  -5.4850527884345955e-05 |  -5.4850527884345955e-05 | 1
 14, 38 |  -5.7681567653601654e-05 |  -5.7681567653601654e-05 | 1
 14, 39 |   5.4199548440917640e-05 |   5.4199548440917640e-05 | 1
 14, 40 |   1.5433881765058676e-03 |   1.5433881765058676e-03 | 1
 15,  1 |   4.1150622959369871e-05 |   4.1150622959369871e-05 | 1
 15,  2 |   5.1458270760562815e-04 |   5.1458270760562815e-04 | 1
 15,  3 |   4.2641716593960733e-04 |   4.2641716593960733e-04 | 1
 15,  4 |   2.6529529562816325e-04 |   2.6529529562816325e-04 | 1
 15,  5 |   4.3866297094027006e-04 |   4.3866297094027006e-04 | 1
 15,  6 |  -5.5535338948855433e-04 |  -5.5535338948855433e-04 | 1
 15,  7 |   1.7118979400938448e-03 |   1.7118979400938448e-03 | 1
 15,  8 |  -1.2511534966967093e-04 |  -1.2511534966967093e-04 | 1
 15,  9 |   6.4004626900054798e-04 |   6.4004626900054798e-04 | 1
 15, 10 |   1.0813686322022403e-03 |   1.0813686322022403e-03 | 1
 15, 11 |  -1.4749717613367600e-03 |  -1.4749717613367600e-03 | 1
 15, 12 |   7.0832428605060007e-04 |   7.0832428605060007e-04 | 1
 15, 13 |   3.2787463943190806e-04 |   3.2787463943190806e-04 | 1
 15, 14 |   1.8269633032269176e-03 |   1.8269633032269176e-03 | 1
 15, 15 |   4.7915482717857897e-03 |   4.7915482717857897e-03 | 1
 15, 16 |  -1.6453461982674644e-04 |  -1.6453461982674644e-04 | 1
 15, 17 |   4.5330765616441524e-04 |   4.5330765616441524e-04 | 1
 15, 18 |   3.1240149710038963e-04 |   3.1240149710038963e-04 | 1
 15, 19 |  -3.3706307748627819e-03 |  -3.3706307748627819e-03 | 1
 15, 20 |   7.7683849539930138e-05 |   7.7683849539930138e-05 | 1
 15, 21 |   1.7486919443990062e-03 |   1.7486919443990062e-03 | 1
 15, 22 |   5.8813371499901205e-04 |   5.8813371499901205e-04 | 1
 15, 23 |   1.1199295197308928e-03 |   1.1199295197308928e-03 | 1
 15, 24 |  -1.3128887735901283e-04 |  -1.3128887735901283e-04 | 1
 15, 25 |  -1.0053707924288361e-04 |  -1.0053707924288361e-04 | 1
 15, 26 |  -1.7565326300533708e-04 |  -1.7565326300533708e-04 | 1
 15, 27 |   1.8112721454506458e-04 |   1.8112721454506458e-04 | 1
 15, 28 |   2.6510398829654008e-04 |   2.6510398829654008e-04 | 1
 15, 29 |  -4.2982143513308973e-05 |  -4.2982143513308973e-05 | 1
 15, 30 |   1.6199861493227665e-04 |   1.6199861493227665e-04 | 1
 15, 31 |  -2.3396304090192335e-04 |  -2.3396304090192335e-04 | 1
 15, 32 |  -1.0008233657397873e-03 |  -1.0008233657397873e-03 | 1
 15, 33 |   1.0699626355440327e-02 |   1.0699626355440327e-02 | 1
 15, 34 |  -4.6037653462534510e-04 |  -4.6037653462534510e-04 | 1
 15, 35 |  -5.4207950343549506e-05 |  -5.4207950343549506e-05 | 1
 15, 36 |  -5.5300988183761065e-05 |  -5.5300988183761065e-05 | 1
 15, 37 |  -5.7538317097459947e-05 |  -5.7538317097459947e-05 | 1
 15, 38 |  -4.2700464255543373e-05 |  -4.2700464255543373e-05 | 1
 15, 39 |   5.0967381521935282e-05 |   5.0967381521935282e-05 | 1
 15, 40 |   9.9959238535620386e-04 |   9.9959238535620386e-04 | 1
 16,  1 |   5.0057600905834638e-05 |   5.0057600905834638e-05 | 1
 16,  2 |  -4.7189778326536453e-06 |  -4.7189778326536453e-06 | 1
 16,  3 |   2.0281623618856261e-04 |   2.0281623618856261e-04 | 1
 16,  4 |   3.3295367605012092e-04 |   3.3295367605012092e-04 | 1
 16,  5 |   2.0961036404257546e-04 |   2.0961036404257546e-04 | 1
 16,  6 |   9.7306657319562602e-04 |   9.7306657319562602e-04 | 1
 16,  7 |  -4.4321586004330155e-04 |  -4.4321586004330155e-04 | 1
 16,  8 |   6.2558528184809381e-04 |   6.2558528184809381e-04 | 1
 16,  9 |   2.5691585997751776e-05 |   2.5691585997751776e-05 | 1
 16, 10 |  -9.4914430560465298e-05 |  -9.4914430560465298e-05 | 1
 16, 11 |   1.6590534729053604e-03 |   1.6590534729053604e-03 | 1
 16, 12 |   5.1787250703537815e-05 |   5.1787250703537815e-05 | 1
 16, 13 |   3.3207742162479916e-04 |   3.3207742162479916e-04 | 1
 16, 14 |  -6.3372280063598500e-04 |  -6.3372280063598500e-04 | 1
 16, 15 |  -1.6453461982674644e-04 |  -1.6453461982674644e-04 | 1
 16, 16 |   1.7795134873339277e-03 |   1.7795134873339277e-03 | 1
 16, 17 |   9.0518779317737367e-05 |   9.0518779317737367e-05 | 1
 16, 18 |   2.6834225864092679e-04 |   2.6834225864092679e-04 | 1
 16, 19 |   3.0532075328378065e-03 |   3.0532075328378065e-03 | 1
 16, 20 |   5.5636319354433902e-04 |   5.5636319354433902e-04 | 1
 16, 21 |  -6.8104622496027029e-04 |  -6.8104622496027029e-04 | 1
 16, 22 |   8.0212877781452739e-06 |   8.0212877781452739e-06 | 1
 16, 23 |  -3.1366280085675096e-04 |  -3.1366280085675096e-04 | 1
 16, 24 |   6.3342894896734536e-04 |   6.3342894896734536e-04 | 1
 16, 25 |   5.9513094900357215e-04 |   5.9513094900357215e-04 | 1
 16, 26 |   6.0417965608275176e-04 |   6.0417965608275176e-04 | 1
 16, 27 |   4.4882499354330011e-04 |   4.4882499354330011e-04 | 1
 16, 28 |   4.6157437020971723e-04 |   4.6157437020971723e-04 | 1
 16, 29 |   5.7515420577651565e-04 |   5.7515420577651565e-04 | 1
 16, 30 |   4.1117159082842541e-04 |   4.1117159082842541e-04 | 1
 16, 31 |   7.4159697105989511e-04 |   7.4159697105989511e-04 | 1
 16, 32 |   1.3136532721079477e-04 |   1.3136532721079477e-04 | 1
 16, 33 |  -7.9975078994233353e-03 |  -7.9975078994233353e-03 | 1
 16, 34 |   8.8804341901764581e-04 |   8.8804341901764581e-04 | 1
 16, 35 |  -5.1743579810916438e-05 |  -5.1743579810916438e-05 | 1
 16, 36 |  -6.0522663026878952e-05 |  -6.0522663026878952e-05 | 1
 16, 37 |  -6.8175047641072230e-05 |  -6.8175047641072230e-05 | 1
 16, 38 |  -7.1613225593887667e-05 |  -7.1613225593887667e-05 | 1
 16, 39 |   6.0103481391186425e-05 |   6.0103481391186425e-05 | 1
 16, 40 |  -1.3004184931520059e-04 |  -1.3004184931520059e-04 | 1
 17,  1 |   2.3156150464062528e-05 |   2.3156150464062528e-05 | 1
 17,  2 |   2.1351435617032545e-04 |   2.1351435617032545e-04 | 1
 17,  3 |   2.2148841260591205e-04 |   2.2148841260591205e-04 | 1
 17,  4 |   1.8220062552029150e-04 |   1.8220062552029150e-04 | 1
 17,  5 |   2.2575912539296705e-04 |   2.2575912539296705e-04 | 1
 17,  6 |  -2.4224262895832467e-05 |  -2.4224262895832467e-05 | 1
 17,  7 |   6.1930085492835753e-04 |   6.1930085492835753e-04 | 1
 17,  8 |   8.1198687957143568e-05 |   8.1198687957143568e-05 | 1
 17,  9 |   2.7045794537296707e-04 |   2.7045794537296707e-04 | 1
 17, 10 |   4.3331644283162889e-04 |   4.3331644283162889e-04 | 1
 17, 11 |  -2.6420188078565658e-04 |  -2.6420188078565658e-04 | 1
 17, 12 |   3.0713743446136757e-04 |   3.0713743446136757e-04 | 1
 17, 13 |   2.0550057357202926e-04 |   2.0550057357202926e-04 | 1
 17, 14 |   6.2712833819336645e-04 |   6.2712833819336645e-04 | 1
 17, 15 |   4.5330765616441524e-04 |   4.5330765616441524e-04 | 1
 17, 16 |   9.0518779317737367e-05 |   9.0518779317737367e-05 | 1
 17, 17 |   1.3809322594412810e-03 |   1.3809322594412810e-03 | 1
 17, 18 |   1.8970955842011037e-04 |   1.8970955842011037e-04 | 1
 17, 19 |  -7.5604701596960772e-04 |  -7.5604701596960772e-04 | 1
 17, 20 |   1.5557218943921907e-04 |   1.5557218943921907e-04 | 1
 17, 21 |   5.8553435763357984e-04 |   5.8553435763357984e-04 | 1
 17, 22 |   2.4658803090853491e-04 |   2.4658803090853491e-04 | 1
 17, 23 |   4.0062905263174597e-04 |   4.0062905263174597e-04 | 1
 17, 24 |   8.1641657034386885e-05 |   8.1641657034386885e-05 | 1
 17, 25 |   8.5254915708337249e-05 |   8.5254915708337249e-05 | 1
 17, 26 |   5.5247610830825538e-05 |   5.5247610830825538e-05 | 1
 17, 27 |   1.7127088892298557e-04 |   1.7127088892298557e-04 | 1
 17, 28 |   2.1217283801830782e-04 |   2.1217283801830782e-04 | 1
 17, 29 |   1.0433821011208796e-04 |   1.0433821011208796e-04 | 1
 17, 30 |   1.5517404631001756e-04 |   1.5517404631001756e-04 | 1
 17, 31 |   5.9710079403297992e-05 |   5.9710079403297992e-05 | 1
 17, 32 |  -3.9548644073726511e-04 |  -3.9548644073726511e-04 | 1
 17, 33 |   2.7634688584627564e-03 |   2.7634688584627564e-03 | 1
 17, 34 |  -2.5296875680836067e-06 |  -2.5296875680836067e-06 | 1
 17, 35 |  -2.3172661070515353e-05 |  -2.3172661070515353e-05 | 1
 17, 36 |  -2.6166155287171678e-05 |  -2.6166155287171678e-05 | 1
 17, 37 |  -3.3665895752941829e-05 |  -3.3665895752941829e-05 | 1
 17, 38 |  -3.3855060919718861e-05 |  -3.3855060919718861e-05 | 1
 17, 39 |   2.7761226228059991e-05 |   2.7761226228059991e-05 | 1
 17, 40 |   3.9622530511237736e-04 |   3.9622530511237736e-04 | 1
 18,  1 |   3.3686824630941171e-05 |   3.3686824630941171e-05 | 1
 18,  2 |   1.6900695732061587e-04 |   1.6900695732061587e-04 | 1
 18,  3 |   2.2694193660561434e-04 |   2.2694193660561434e-04 | 1
 18,  4 |   2.3124324680036845e-04 |   2.3124324680036845e-04 | 1
 18,  5 |   2.3375585684957340e-04 |   2.3375585684957340e-04 | 1
 18,  6 |   2.3733167212444315e-04 |   2.3733167212444315e-04 | 1
 18,  7 |   3.7108038516926143e-04 |   3.7108038516926143e-04 | 1
 18,  8 |   2.2892684035777394e-04 |   2.2892684035777394e-04 | 1
 18,  9 |   2.2164438780630994e-04 |   2.2164438780630994e-04 | 1
 18, 10 |   3.1937720137466442e-04 |   3.1937720137466442e-04 | 1
 18, 11 |   2.2686800699382037e-04 |   2.2686800699382037e-04 | 1
 18, 12 |   2.5629619424154704e-04 |   2.5629619424154704e-04 | 1
 18, 13 |   2.4967866143239857e-04 |   2.4967866143239857e-04 | 1
 18, 14 |   3.3097645851624111e-04 |   3.3097645851624111e-04 | 1
 18, 15 |   3.1240149710038963e-04 |   3.1240149710038963e-04 | 1
 18, 16 |   2.6834225864092679e-04 |   2.6834225864092679e-04 | 1
 18, 17 |   1.8970955842011037e-04 |   1.8970955842011037e-04 | 1
 18, 18 |   8.2443439105336601e-03 |   8.2443439105336601e-03 | 1
 18, 19 |   2.0379188215349247e-04 |   2.0379188215349247e-04 | 1
 18, 20 |   2.6766544769676149e-04 |   2.6766544769676149e-04 | 1
 18, 21 |   2.8281290767329223e-04 |   2.8281290767329223e-04 | 1
 18, 22 |   1.9714727724393045e-04 |   1.9714727724393045e-04 | 1
 18, 23 |   2.3385190711811837e-04 |   2.3385190711811837e-04 | 1
 18, 24 |   2.3051064748595248e-04 |   2.3051064748595248e-04 | 1
 18, 25 |   2.2375493339656628e-04 |   2.2375493339656628e-04 | 1
 18, 26 |   2.0284853545859824e-04 |   2.0284853545859824e-04 | 1
 18, 27 |   2.5205357616542464e-04 |   2.5205357616542464e-04 | 1
 18, 28 |   2.8808678293069413e-04 |   2.8808678293069413e-04 | 1
 18, 29 |   2.3309001568733130e-04 |   2.3309001568733130e-04 | 1
 18, 30 |   2.3057500142443350e-04 |   2.3057500142443350e-04 | 1
 18, 31 |   2.4080284568632525e-04 |   2.4080284568632525e-04 | 1
 18, 32 |  -2.7379329719841978e-04 |  -2.7379329719841978e-04 | 1
 18, 33 |   8.1583527272022005e-05 |   8.1583527272022005e-05 | 1
 18, 34 |   2.3100611355059543e-04 |   2.3100611355059543e-04 | 1
 18, 35 |  -3.5180781984963198e-05 |  -3.5180781984963198e-05 | 1
 18, 36 |  -3.8506653494424346e-05 |  -3.8506653494424346e-05 | 1
 18, 37 |  -4.3364217006290392e-05 |  -4.3364217006290392e-05 | 1
 18, 38 |  -5.1754396496710301e-05 |  -5.1754396496710301e-05 | 1
 18, 39 |   3.9959257625153186e-05 |   3.9959257625153186e-05 | 1
 18, 40 |   2.7514872405689313e-04 |   2.7514872405689313e-04 | 1
 19,  1 |   4.1760268301908123e-05 |   4.1760268301908123e-05 | 1
 19,  2 |  -1.2667146781922770e-03 |  -1.2667146781922770e-03 | 1
 19,  3 |  -3.0208930022791269e-04 |  -3.0208930022791269e-04 | 1
 19,  4 |   5.3780070815844482e-04 |   5.3780070815844482e-04 | 1
 19,  5 |  -3.1005939908649818e-04 |  -3.1005939908649818e-04 | 1
 19,  6 |   4.7681501296623543e-03 |   4.7681501296623543e-03 | 1
 19,  7 |  -5.6471325968759298e-03 |  -5.6471325968759298e-03 | 1
 19,  8 |   2.5081981390810250e-03 |   2.5081981390810250e-03 | 1
 19,  9 |  -1.4390851077625264e-03 |  -1.4390851077625264e-03 | 1
 19, 10 |  -2.9188049143076987e-03 |  -2.9188049143076987e-03 | 1
 19, 11 |   9.4121902840778870e-03 |   9.4121902840778870e-03 | 1
 19, 12 |  -1.5104642503677012e-03 |  -1.5104642503677012e-03 | 1
 19, 13 |   3.9848417180878286e-04 |   3.9848417180878286e-04 | 1
 19, 14 |  -6.6118073741084213e-03 |  -6.6118073741084213e-03 | 1
 19, 15 |  -3.3706307748627819e-03 |  -3.3706307748627819e-03 | 1
 19, 16 |   3.0532075328378065e-03 |   3.0532075328378065e-03 | 1
 19, 17 |  -7.5604701596960772e-04 |  -7.5604701596960772e-04 | 1
 19, 18 |   2.0379188215349247e-04 |   2.0379188215349247e-04 | 1
 19, 19 |   1.8897295084258768e-02 |   1.8897295084258768e-02 | 1
 19, 20 |   1.7989009153396248e-03 |   1.7989009153396248e-03 | 1
 19, 21 |  -6.5751924240414960e-03 |  -6.5751924240414960e-03 | 1
 19, 22 |  -1.3832555704099412e-03 |  -1.3832555704099412e-03 | 1
 19, 23 |  -3.7846474019929879e-03 |  -3.7846474019929879e-03 | 1
 19, 24 |   2.5613757665732505e-03 |   2.5613757665732505e-03 | 1
 19, 25 |   2.3621427588670970e-03 |   2.3621427588670970e-03 | 1
 19, 26 |   2.5580018588603161e-03 |   2.5580018588603161e-03 | 1
 19, 27 |   1.1745604093831284e-03 |   1.1745604093831284e-03 | 1
 19, 28 |   1.0175058948642300e-03 |   1.0175058948642300e-03 | 1
 19, 29 |   2.1531122934449758e-03 |   2.1531122934449758e-03 | 1
 19, 30 |   1.0723953192187689e-03 |   1.0723953192187689e-03 | 1
 19, 31 |   3.1993238166943714e-03 |   3.1993238166943714e-03 | 1
 19, 32 |   2.7982099057875325e-03 |   2.7982099057875325e-03 | 1
 19, 33 |  -5.3924619749518871e-02 |  -5.3924619749518871e-02 | 1
 19, 34 |   4.2518020467657396e-03 |   4.2518020467657396e-03 | 1
 19, 35 |  -2.7323816522273849e-05 |  -2.7323816522273849e-05 | 1
 19, 36 |  -3.7190463297889956e-05 |  -3.7190463297889956e-05 | 1
 19, 37 |  -6.4141861326710931e-05 |  -6.4141861326710931e-05 | 1
 19, 38 |  -8.0443220485774389e-05 |  -8.0443220485774389e-05 | 1
 19, 39 |   4.9656062817274034e-05 |   4.9656062817274034e-05 | 1
 19, 40 |  -2.7943392946779251e-03 |  -2.7943392946779251e-03 | 1
 20,  1 |   3.2930318512387748e-05 |   3.2930318512387748e-05 | 1
 20,  2 |   8.3280786909645168e-05 |   8.3280786909645168e-05 | 1
 20,  3 |   2.3502401807869226e-04 |   2.3502401807869226e-04 | 1
 20,  4 |   3.0682952906152202e-04 |   3.0682952906152202e-04 | 1
 20,  5 |   2.3911276435557735e-04 |   2.3911276435557735e-04 | 1
 20,  6 |   6.6288324499321817e-04 |   6.6288324499321817e-04 | 1
 20,  7 |  -3.8289280395364342e-05 |  -3.8289280395364342e-05 | 1
 20,  8 |   4.6712766512174773e-04 |   4.6712766512174773e-04 | 1
 20,  9 |   1.2888540950796668e-04 |   1.2888540950796668e-04 | 1
 20, 10 |   1.1874909996913605e-04 |   1.1874909996913605e-04 | 1
 20, 11 |   1.0364535890638581e-03 |   1.0364535890638581e-03 | 1
 20, 12 |   1.6547013489044292e-04 |   1.6547013489044292e-04 | 1
 20, 13 |   3.1453452824239080e-04 |   3.1453452824239080e-04 | 1
 20, 14 |  -1.7329050920091086e-04 |  -1.7329050920091086e-04 | 1
 20, 15 |   7.7683849539930138e-05 |   7.7683849539930138e-05 | 1
 20, 16 |   5.5636319354433902e-04 |   5.5636319354433902e-04 | 1
 20, 17 |   1.5557218943921907e-04 |   1.5557218943921907e-04 | 1
 20, 18 |   2.6766544769676149e-04 |   2.6766544769676149e-04 | 1
 20, 19 |   1.7989009153396248e-03 |   1.7989009153396248e-03 | 1
 20, 20 |   2.0540313526743979e-03 |   2.0540313526743979e-03 | 1
 20, 21 |  -2.1796785176780333e-04 |  -2.1796785176780333e-04 | 1
 20, 22 |   1.0793969261349784e-04 |   1.0793969261349784e-04 | 1
 20, 23 |  -4.5546673495464829e-05 |  -4.5546673495464829e-05 | 1
 20, 24 |   4.7510923666575349e-04 |   4.7510923666575349e-04 | 1
 20, 25 |   4.5079132062939210e-04 |   4.5079132062939210e-04 | 1
 20, 26 |   4.4073374878315496e-04 |   4.4073374878315496e-04 | 1
 20, 27 |   3.8627462223344601e-04 |   3.8627462223344601e-04 | 1
 20, 28 |   4.1495802821907334e-04 |   4.1495802821907334e-04 | 1
 20, 29 |   4.4380185758280237e-04 |   4.4380185758280237e-04 | 1
 20, 30 |   3.5018873351051608e-04 |   3.5018873351051608e-04 | 1
 20, 31 |   5.4004528660423260e-04 |   5.4004528660423260e-04 | 1
 20, 32 |  -9.2341225834322369e-05 |  -9.2341225834322369e-05 | 1
 20, 33 |  -4.3705337137886239e-03 |  -4.3705337137886239e-03 | 1
 20, 34 |   6.1489745426533335e-04 |   6.1489745426533335e-04 | 1
 20, 35 |  -2.6267334858142568e-05 |  -2.6267334858142568e-05 | 1
 20, 36 |  -3.5654739420505491e-05 |  -3.5654739420505491e-05 | 1
 20, 37 |  -5.0488389180874717e-05 |  -5.0488389180874717e-05 | 1
 20, 38 |  -5.2622955071153442e-05 |  -5.2622955071153442e-05 | 1
 20, 39 |   4.0008884046226374e-05 |   4.0008884046226374e-05 | 1
 20, 40 |   9.4362923190516616e-05 |   9.4362923190516616e-05 | 1
 21,  1 |   2.4619052241111382e-05 |   2.4619052241111382e-05 | 1
 21,  2 |   7.2903072391122380e-04 |   7.2903072391122380e-04 | 1
 21,  3 |   4.7758116985300816e-04 |   4.7758116985300816e-04 | 1
 21,  4 |   1.7507003699698218e-04 |   1.7507003699698218e-04 | 1
 21,  5 |   4.9694042036244144e-04 |   4.9694042036244144e-04 | 1
 21,  6 |  -1.3596451700025520e-03 |  -1.3596451700025520e-03 | 1
 21,  7 |   2.6727692141301175e-03 |   2.6727692141301175e-03 | 1
 21,  8 |  -5.4808998254194145e-04 |  -5.4808998254194145e-04 | 1
 21,  9 |   8.8062287228169193e-04 |   8.8062287228169193e-04 | 1
 21, 10 |   1.5812415727926750e-03 |   1.5812415727926750e-03 | 1
 21, 11 |  -3.0752127543235723e-03 |  -3.0752127543235723e-03 | 1
 21, 12 |   9.6557278717091454e-04 |   9.6557278717091454e-04 | 1
 21, 13 |   2.6199503420479920e-04 |   2.6199503420479920e-04 | 1
 21, 14 |   2.9502367211984978e-03 |   2.9502367211984978e-03 | 1
 21, 15 |   1.7486919443990062e-03 |   1.7486919443990062e-03 | 1
 21, 16 |  -6.8104622496027029e-04 |  -6.8104622496027029e-04 | 1
 21, 17 |   5.8553435763357984e-04 |   5.8553435763357984e-04 | 1
 21, 18 |   2.8281290767329223e-04 |   2.8281290767329223e-04 | 1
 21, 19 |  -6.5751924240414960e-03 |  -6.5751924240414960e-03 | 1
 21, 20 |  -2.1796785176780333e-04 |  -2.1796785176780333e-04 | 1
 21, 21 |   6.5468494129627321e-03 |   6.5468494129627321e-03 | 1
 21, 22 |   8.2423389097216861e-04 |   8.2423389097216861e-04 | 1
 21, 23 |   1.7638981297675780e-03 |   1.7638981297675780e-03 | 1
 21, 24 |  -5.5971909163218152e-04 |  -5.5971909163218152e-04 | 1
 21, 25 |  -4.9948855829097787e-04 |  -4.9948855829097787e-04 | 1
 21, 26 |  -6.0818409512906489e-04 |  -6.0818409512906489e-04 | 1
 21, 27 |  -1.5875402327262746e-05 |  -1.5875402327262746e-05 | 1
 21, 28 |   9.6446278527454604e-05 |   9.6446278527454604e-05 | 1
 21, 29 |  -4.0351561265066887e-04 |  -4.0351561265066887e-04 | 1
 21, 30 |  -1.7010390334959777e-05 |  -1.7010390334959777e-05 | 1
 21, 31 |  -7.7456677516330071e-04 |  -7.7456677516330071e-04 | 1
 21, 32 |  -1.4926662724778943e-03 |  -1.4926662724778943e-03 | 1
 21, 33 |   1.9857640100557669e-02 |   1.9857640100557669e-02 | 1
 21, 34 |  -1.1785562313917641e-03 |  -1.1785562313917641e-03 | 1
 21, 35 |  -2.6381927248144000e-05 |  -2.6381927248144000e-05 | 1
 21, 36 |  -4.3086278881693909e-05 |  -4.3086278881693909e-05 | 1
 21, 37 |  -3.2755869705724702e-05 |  -3.2755869705724702e-05 | 1
 21, 38 |  -2.3961668049426480e-05 |  -2.3961668049426480e-05 | 1
 21, 39 |   3.0575213749147333e-05 |   3.0575213749147333e-05 | 1
 21, 40 |   1.4915103756567617e-03 |   1.4915103756567617e-03 | 1
 22,  1 |   3.6766738778754948e-05 |   3.6766738778754948e-05 | 1
 22,  2 |   2.7358709813638860e-04 |   2.7358709813638860e-04 | 1
 22,  3 |   2.4929411146957099e-04 |   2.4929411146957099e-04 | 1
 22,  4 |   1.8292394452188842e-04 |   1.8292394452188842e-04 | 1
 22,  5 |   2.5637178334589632e-04 |   2.5637178334589632e-04 | 1
 22,  6 |  -1.6655495983641485e-04 |  -1.6655495983641485e-04 | 1
 22,  7 |   8.3642559414654546e-04 |   8.3642559414654546e-04 | 1
 22,  8 |   1.5007197761623863e-05 |   1.5007197761623863e-05 | 1
 22,  9 |   3.3699222718374289e-04 |   3.3699222718374289e-04 | 1
 22, 10 |   5.5265136165834360e-04 |   5.5265136165834360e-04 | 1
 22, 11 |  -5.6517912817196682e-04 |  -5.6517912817196682e-04 | 1
 22, 12 |   3.7723686381301963e-04 |   3.7723686381301963e-04 | 1
 22, 13 |   2.1083839689111701e-04 |   2.1083839689111701e-04 | 1
 22, 14 |   8.7526071431037430e-04 |   8.7526071431037430e-04 | 1
 22, 15 |   5.8813371499901205e-04 |   5.8813371499901205e-04 | 1
 22, 16 |   8.0212877781452739e-06 |   8.0212877781452739e-06 | 1
 22, 17 |   2.4658803090853491e-04 |   2.4658803090853491e-04 | 1
 22, 18 |   1.9714727724393045e-04 |   1.9714727724393045e-04 | 1
 22, 19 |  -1.3832555704099412e-03 |  -1.3832555704099412e-03 | 1
 22, 20 |   1.0793969261349784e-04 |   1.0793969261349784e-04 | 1
 22, 21 |   8.2423389097216861e-04 |   8.2423389097216861e-04 | 1
 22, 22 |   3.1000663229306777e-04 |   3.1000663229306777e-04 | 1
 22, 23 |   5.4510841441433020e-04 |   5.4510841441433020e-04 | 1
 22, 24 |   1.0136894403438249e-05 |   1.0136894403438249e-05 | 1
 22, 25 |   1.8341835579435883e-05 |   1.8341835579435883e-05 | 1
 22, 26 |  -1.5564455780856408e-05 |  -1.5564455780856408e-05 | 1
 22, 27 |   1.4659706171293418e-04 |   1.4659706171293418e-04 | 1
 22, 28 |   1.9296789908016427e-04 |   1.9296789908016427e-04 | 1
 22, 29 |   4.6141574525366921e-05 |   4.6141574525366921e-05 | 1
 22, 30 |   1.3541818994796615e-04 |   1.3541818994796615e-04 | 1
 22, 31 |  -3.2625481600802187e-05 |  -3.2625481600802187e-05 | 1
 22, 32 |  -4.9215922948514631e-04 |  -4.9215922948514631e-04 | 1
 22, 33 |   4.5951121730272680e-03 |   4.5951121730272680e-03 | 1
 22, 34 |  -1.3059067929409741e-04 |  -1.3059067929409741e-04 | 1
 22, 35 |  -3.9356577486970767e-05 |  -3.9356577486970767e-05 | 1
 22, 36 |  -4.6687305958142850e-05 |  -4.6687305958142850e-05 | 1
 22, 37 |  -4.9667200621901867e-05 |  -4.9667200621901867e-05 | 1
 22, 38 |  -4.9725174609063755e-05 |  -4.9725174609063755e-05 | 1
 22, 39 |   4.4264876088504600e-05 |   4.4264876088504600e-05 | 1
 22, 40 |   4.9275461510139623e-04 |   4.9275461510139623e-04 | 1
 23,  1 |   3.0881659435022990e-05 |   3.0881659435022990e-05 | 1
 23,  2 |   4.8204632134210220e-04 |   4.8204632134210220e-04 | 1
 23,  3 |   3.5237497457155347e-04 |   3.5237497457155347e-04 | 1
 23,  4 |   1.7712452508634750e-04 |   1.7712452508634750e-04 | 1
 23,  5 |   3.6357446955598445e-04 |   3.6357446955598445e-04 | 1
 23,  6 |  -7.2103261308142214e-04 |  -7.2103261308142214e-04 | 1
 23,  7 |   1.6739078338907632e-03 |   1.6739078338907632e-03 | 1
 23,  8 |  -2.4755245133504069e-04 |  -2.4755245133504069e-04 | 1
 23,  9 |   5.8518388927687346e-04 |   5.8518388927687346e-04 | 1
 23, 10 |   1.0221689952051431e-03 |   1.0221689952051431e-03 | 1
 23, 11 |  -1.7283037111062603e-03 |  -1.7283037111062603e-03 | 1
 23, 12 |   6.4577579281154007e-04 |   6.4577579281154007e-04 | 1
 23, 13 |   2.3043064560163327e-04 |   2.3043064560163327e-04 | 1
 23, 14 |   1.8253694902345954e-03 |   1.8253694902345954e-03 | 1
 23, 15 |   1.1199295197308928e-03 |   1.1199295197308928e-03 | 1
 23, 16 |  -3.1366280085675096e-04 |  -3.1366280085675096e-04 | 1
 23, 17 |   4.0062905263174597e-04 |   4.0062905263174597e-04 | 1
 23, 18 |   2.3385190711811837e-04 |   2.3385190711811837e-04 | 1
 23, 19 |  -3.7846474019929879e-03 |  -3.7846474019929879e-03 | 1
 23, 20 |  -4.5546673495464829e-05 |  -4.5546673495464829e-05 | 1
 23, 21 |   1.7638981297675780e-03 |   1.7638981297675780e-03 | 1
 23, 22 |   5.4510841441433020e-04 |   5.4510841441433020e-04 | 1
 23, 23 |   5.1759787793775290e-03 |   5.1759787793775290e-03 | 1
 23, 24 |  -2.5635445987012996e-04 |  -2.5635445987012996e-04 | 1
 23, 25 |  -2.2353982356777450e-04 |  -2.2353982356777450e-04 | 1
 23, 26 |  -2.9186171934123862e-04 |  -2.9186171934123862e-04 | 1
 23, 27 |   6.8407652142373859e-05 |   6.8407652142373859e-05 | 1
 23, 28 |   1.4561508826289247e-04 |   1.4561508826289247e-04 | 1
 23, 29 |  -1.6500869655876321e-04 |  -1.6500869655876321e-04 | 1
 23, 30 |   6.2043133347434998e-05 |   6.2043133347434998e-05 | 1
 23, 31 |  -3.7830708627115285e-04 |  -3.7830708627115285e-04 | 1
 23, 32 |  -9.5070770203613242e-04 |  -9.5070770203613242e-04 | 1
 23, 33 |   1.1645031483203849e-02 |   1.1645031483203849e-02 | 1
 23, 34 |  -6.1763887280290894e-04 |  -6.1763887280290894e-04 | 1
 23, 35 |  -3.2630388002733015e-05 |  -3.2630388002733015e-05 | 1
 23, 36 |  -4.3305960399298927e-05 |  -4.3305960399298927e-05 | 1
 23, 37 |  -4.3051805571455860e-05 |  -4.3051805571455860e-05 | 1
 23, 38 |  -3.7939905947286032e-05 |  -3.7939905947286032e-05 | 1
 23, 39 |   3.8121274139998371e-05 |   3.8121274139998371e-05 | 1
 23, 40 |   9.5055975544470627e-04 |   9.5055975544470627e-04 | 1
 24,  1 |   3.6169230779108692e-05 |   3.6169230779108692e-05 | 1
 24,  2 |  -2.2230265918122471e-06 |  -2.2230265918122471e-06 | 1
 24,  3 |   1.7371495598593047e-04 |   1.7371495598593047e-04 | 1
 24,  4 |   2.8313182988794878e-04 |   2.8313182988794878e-04 | 1
 24,  5 |   1.8051734440215376e-04 |   1.8051734440215376e-04 | 1
 24,  6 |   8.1983058497717750e-04 |   8.1983058497717750e-04 | 1
 24,  7 |  -3.5994173523455923e-04 |  -3.5994173523455923e-04 | 1
 24,  8 |   5.2811132877423001e-04 |   5.2811132877423001e-04 | 1
 24,  9 |   2.3997571026998124e-05 |   2.3997571026998124e-05 | 1
 24, 10 |  -7.1240939476008668e-05 |  -7.1240939476008668e-05 | 1
 24, 11 |   1.3922831912148814e-03 |   1.3922831912148814e-03 | 1
 24, 12 |   4.8492546404607028e-05 |   4.8492546404607028e-05 | 1
 24, 13 |   2.8241963487215431e-04 |   2.8241963487215431e-04 | 1
 24, 14 |  -5.2239111635795071e-04 |  -5.2239111635795071e-04 | 1
 24, 15 |  -1.3128887735901283e-04 |  -1.3128887735901283e-04 | 1
 24, 16 |   6.3342894896734536e-04 |   6.3342894896734536e-04 | 1
 24, 17 |   8.1641657034386885e-05 |   8.1641657034386885e-05 | 1
 24, 18 |   2.3051064748595248e-04 |   2.3051064748595248e-04 | 1
 24, 19 |   2.5613757665732505e-03 |   2.5613757665732505e-03 | 1
 24, 20 |   4.7510923666575349e-04 |   4.7510923666575349e-04 | 1
 24, 21 |  -5.5971909163218152e-04 |  -5.5971909163218152e-04 | 1
 24, 22 |   1.0136894403438249e-05 |   1.0136894403438249e-05 | 1
 24, 23 |  -2.5635445987012996e-04 |  -2.5635445987012996e-04 | 1
 24, 24 |   1.9934043689574118e-03 |   1.9934043689574118e-03 | 1
 24, 25 |   5.0382197132841473e-04 |   5.0382197132841473e-04 | 1
 24, 26 |   5.0966793782578036e-04 |   5.0966793782578036e-04 | 1
 24, 27 |   3.8224072721081972e-04 |   3.8224072721081972e-04 | 1
 24, 28 |   3.9503260890919685e-04 |   3.9503260890919685e-04 | 1
 24, 29 |   4.8755219350915611e-04 |   4.8755219350915611e-04 | 1
 24, 30 |   3.4940126073997339e-04 |   3.4940126073997339e-04 | 1
 24, 31 |   6.2641990794257553e-04 |   6.2641990794257553e-04 | 1
 24, 32 |   9.5022309641005408e-05 |   9.5022309641005408e-05 | 1
 24, 33 |  -6.6916228178851705e-03 |  -6.6916228178851705e-03 | 1
 24, 34 |   7.4878270791930231e-04 |   7.4878270791930231e-04 | 1
 24, 35 |  -3.3112662881979306e-05 |  -3.3112662881979306e-05 | 1
 24, 36 |  -4.3811532579422083e-05 |  -4.3811532579422083e-05 | 1
 24, 37 |  -4.9958895668572009e-05 |  -4.9958895668572009e-05 | 1
 24, 38 |  -5.5399299310995757e-05 |  -5.5399299310995757e-05 | 1
 24, 39 |   4.3824076892142954e-05 |   4.3824076892142954e-05 | 1
 24, 40 |  -9.3765205505046744e-05 |  -9.3765205505046744e-05 | 1
 25,  1 |   2.9860709330956930e-05 |   2.9860709330956930e-05 | 1
 25,  2 |   3.8560495480130288e-06 |   3.8560495480130288e-06 | 1
 25,  3 |   1.7086492405909959e-04 |   1.7086492405909959e-04 | 1
 25,  4 |   2.7011694321436895e-04 |   2.7011694321436895e-04 | 1
 25,  5 |   1.7374203820055796e-04 |   1.7374203820055796e-04 | 1
 25,  6 |   7.6215671529705948e-04 |   7.6215671529705948e-04 | 1
 25,  7 |  -3.1388508494422865e-04 |  -3.1388508494422865e-04 | 1
 25,  8 |   4.9461773171689512e-04 |   4.9461773171689512e-04 | 1
 25,  9 |   3.6240569237963405e-05 |   3.6240569237963405e-05 | 1
 25, 10 |  -4.6356740909394073e-05 |  -4.6356740909394073e-05 | 1
 25, 11 |   1.2909528368437136e-03 |   1.2909528368437136e-03 | 1
 25, 12 |   5.8413192577961212e-05 |   5.8413192577961212e-05 | 1
 25, 13 |   2.7380012449497031e-04 |   2.7380012449497031e-04 | 1
 25, 14 |  -4.6179044206795425e-04 |  -4.6179044206795425e-04 | 1
 25, 15 |  -1.0053707924288361e-04 |  -1.0053707924288361e-04 | 1
 25, 16 |   5.9513094900357215e-04 |   5.9513094900357215e-04 | 1
 25, 17 |   8.5254915708337249e-05 |   8.5254915708337249e-05 | 1
 25, 18 |   2.2375493339656628e-04 |   2.2375493339656628e-04 | 1
 25, 19 |   2.3621427588670970e-03 |   2.3621427588670970e-03 | 1
 25, 20 |   4.5079132062939210e-04 |   4.5079132062939210e-04 | 1
 25, 21 |  -4.9948855829097787e-04 |  -4.9948855829097787e-04 | 1
 25, 22 |   1.8341835579435883e-05 |   1.8341835579435883e-05 | 1
 25, 23 |  -2.2353982356777450e-04 |  -2.2353982356777450e-04 | 1
 25, 24 |   5.0382197132841473e-04 |   5.0382197132841473e-04 | 1
 25, 25 |   1.9528311283189934e-03 |   1.9528311283189934e-03 | 1
 25, 26 |   4.7782194244189304e-04 |   4.7782194244189304e-04 | 1
 25, 27 |   3.6680522728862585e-04 |   3.6680522728862585e-04 | 1
 25, 28 |   3.8081105398376705e-04 |   3.8081105398376705e-04 | 1
 25, 29 |   4.6068348621423785e-04 |   4.6068348621423785e-04 | 1
 25, 30 |   3.3292441058403309e-04 |   3.3292441058403309e-04 | 1
 25, 31 |   5.8874187693642825e-04 |   5.8874187693642825e-04 | 1
 25, 32 |   6.5106648660970541e-05 |   6.5106648660970541e-05 | 1
 25, 33 |  -6.1371203948639968e-03 |  -6.1371203948639968e-03 | 1
 25, 34 |   6.9946930228251703e-04 |   6.9946930228251703e-04 | 1
 25, 35 |  -3.4345679192372886e-05 |  -3.4345679192372886e-05 | 1
 25, 36 |  -3.1417043444456746e-05 |  -3.1417043444456746e-05 | 1
 25, 37 |  -4.0610068532208912e-05 |  -4.0610068532208912e-05 | 1
 25, 38 |  -4.3925379424502570e-05 |  -4.3925379424502570e-05 | 1
 25, 39 |   3.5286145294976328e-05 |   3.5286145294976328e-05 | 1
 25, 40 |  -6.4216730826564098e-05 |  -6.4216730826564098e-05 | 1
 26,  1 |   3.8215802330772891e-05 |   3.8215802330772891e-05 | 1
 26,  2 |  -2.2476412525982707e-05 |  -2.2476412525982707e-05 | 1
 26,  3 |   1.4540192916501563e-04 |   1.4540192916501563e-04 | 1
 26,  4 |   2.5560700392626310e-04 |   2.5560700392626310e-04 | 1
 26,  5 |   1.5006279390839753e-04 |   1.5006279390839753e-04 | 1
 26,  6 |   7.9634125707766612e-04 |   7.9634125707766612e-04 | 1
 26,  7 |  -4.1790406559040754e-04 |  -4.1790406559040754e-04 | 1
 26,  8 |   5.0322933999978029e-04 |   5.0322933999978029e-04 | 1
 26,  9 |  -3.6083428915895337e-06 |  -3.6083428915895337e-06 | 1
 26, 10 |  -1.1522279449647074e-04 |  -1.1522279449647074e-04 | 1
 26, 11 |   1.3762939783269895e-03 |   1.3762939783269895e-03 | 1
 26, 12 |   1.4967063851735484e-05 |   1.4967063851735484e-05 | 1
 26, 13 |   2.5201721845411851e-04 |   2.5201721845411851e-04 | 1
 26, 14 |  -5.7253563015633585e-04 |  -5.7253563015633585e-04 | 1
 26, 15 |  -1.7565326300533708e-04 |  -1.7565326300533708e-04 | 1
 26, 16 |   6.0417965608275176e-04 |   6.0417965608275176e-04 | 1
 26, 17 |   5.5247610830825538e-05 |   5.5247610830825538e-05 | 1
 26, 18 |   2.0284853545859824e-04 |   2.0284853545859824e-04 | 1
 26, 19 |   2.5580018588603161e-03 |   2.5580018588603161e-03 | 1
 26, 20 |   4.4073374878315496e-04 |   4.4073374878315496e-04 | 1
 26, 21 |  -6.0818409512906489e-04 |  -6.0818409512906489e-04 | 1
 26, 22 |  -1.5564455780856408e-05 |  -1.5564455780856408e-05 | 1
 26, 23 |  -2.9186171934123862e-04 |  -2.9186171934123862e-04 | 1
 26, 24 |   5.0966793782578036e-04 |   5.0966793782578036e-04 | 1
 26, 25 |   4.7782194244189304e-04 |   4.7782194244189304e-04 | 1
 26, 26 |   2.8428838531668536e-03 |   2.8428838531668536e-03 | 1
 26, 27 |   3.5032678123869264e-04 |   3.5032678123869264e-04 | 1
 26, 28 |   3.5815218430200674e-04 |   3.5815218430200674e-04 | 1
 26, 29 |   4.5945014332450832e-04 |   4.5945014332450832e-04 | 1
 26, 30 |   3.2160546169228508e-04 |   3.2160546169228508e-04 | 1
 26, 31 |   5.9912632990658475e-04 |   5.9912632990658475e-04 | 1
 26, 32 |   1.4231842303732886e-04 |   1.4231842303732886e-04 | 1
 26, 33 |  -6.7709199891969798e-03 |  -6.7709199891969798e-03 | 1
 26, 34 |   7.2466597990496890e-04 |   7.2466597990496890e-04 | 1
 26, 35 |  -3.8267816921960679e-05 |  -3.8267816921960679e-05 | 1
 26, 36 |  -4.5141179684987674e-05 |  -4.5141179684987674e-05 | 1
 26, 37 |  -5.0994198056617507e-05 |  -5.0994198056617507e-05 | 1
 26, 38 |  -5.7645462617545150e-05 |  -5.7645462617545150e-05 | 1
 26, 39 |   4.5478998840126990e-05 |   4.5478998840126990e-05 | 1
 26, 40 |  -1.4095165420015954e-04 |  -1.4095165420015954e-04 | 1
 27,  1 |   3.3533041362273984e-05 |   3.3533041362273984e-05 | 1
 27,  2 |   1.1821611204642881e-04 |   1.1821611204642881e-04 | 1
 27,  3 |   2.3617564663702147e-04 |   2.3617564663702147e-04 | 1
 27,  4 |   2.8004254884304088e-04 |   2.8004254884304088e-04 | 1
 27,  5 |   2.4021865371456929e-04 |   2.4021865371456929e-04 | 1
 27,  6 |   4.9787452778432659e-04 |   4.9787452778432659e-04 | 1
 27,  7 |   1.2887655240251340e-04 |   1.2887655240251340e-04 | 1
 27,  8 |   3.7584005617737640e-04 |   3.7584005617737640e-04 | 1
 27,  9 |   1.7188532163860283e-04 |   1.7188532163860283e-04 | 1
 27, 10 |   2.0184275741819173e-04 |   2.0184275741819173e-04 | 1
 27, 11 |   7.2237462134922177e-04 |   7.2237462134922177e-04 | 1
 27, 12 |   2.0592279975016435e-04 |   2.0592279975016435e-04 | 1
 27, 13 |   2.9612576004458185e-04 |   2.9612576004458185e-04 | 1
 27, 14 |   3.1093099656538489e-05 |   3.1093099656538489e-05 | 1
 27, 15 |   1.8112721454506458e-04 |   1.8112721454506458e-04 | 1
 27, 16 |   4.4882499354330011e-04 |   4.4882499354330011e-04 | 1
 27, 17 |   1.7127088892298557e-04 |   1.7127088892298557e-04 | 1
 27, 18 |   2.5205357616542464e-04 |   2.5205357616542464e-04 | 1
 27, 19 |   1.1745604093831284e-03 |   1.1745604093831284e-03 | 1
 27, 20 |   3.8627462223344601e-04 |   3.8627462223344601e-04 | 1
 27, 21 |  -1.5875402327262746e-05 |  -1.5875402327262746e-05 | 1
 27, 22 |   1.4659706171293418e-04 |   1.4659706171293418e-04 | 1
 27, 23 |   6.8407652142373859e-05 |   6.8407652142373859e-05 | 1
 27, 24 |   3.8224072721081972e-04 |   3.8224072721081972e-04 | 1
 27, 25 |   3.6680522728862585e-04 |   3.6680522728862585e-04 | 1
 27, 26 |   3.5032678123869264e-04 |   3.5032678123869264e-04 | 1
 27, 27 |   2.9835932707557356e-03 |   2.9835932707557356e-03 | 1
 27, 28 |   3.6988217478351929e-04 |   3.6988217478351929e-04 | 1
 27, 29 |   3.6630660237838887e-04 |   3.6630660237838887e-04 | 1
 27, 30 |   3.0775414322280670e-04 |   3.0775414322280670e-04 | 1
 27, 31 |   4.2861985535548066e-04 |   4.2861985535548066e-04 | 1
 27, 32 |  -1.7110463047684884e-04 |  -1.7110463047684884e-04 | 1
 27, 33 |  -2.6156944329657227e-03 |  -2.6156944329657227e-03 | 1
 27, 34 |   4.6818794871120330e-04 |   4.6818794871120330e-04 | 1
 27, 35 |  -3.7513749360861969e-05 |  -3.7513749360861969e-05 | 1
 27, 36 |  -3.8422037340319753e-05 |  -3.8422037340319753e-05 | 1
 27, 37 |  -4.8585642446256868e-05 |  -4.8585642446256868e-05 | 1
 27, 38 |  -4.4643861849984045e-05 |  -4.4643861849984045e-05 | 1
 27, 39 |   4.0385379503661922e-05 |   4.0385379503661922e-05 | 1
 27, 40 |   1.7183654731254441e-04 |   1.7183654731254441e-04 | 1
 28,  1 |   3.7216181327081989e-05 |   3.7216181327081989e-05 | 1
 28,  2 |   1.5986245623787781e-04 |   1.5986245623787781e-04 | 1
 28,  3 |   2.7848006951483275e-04 |   2.7848006951483275e-04 | 1
 28,  4 |   3.1389250239639290e-04 |   3.1389250239639290e-04 | 1
 28,  5 |   2.8020131708503975e-04 |   2.8020131708503975e-04 | 1
 28,  6 |   4.8883400728161547e-04 |   4.8883400728161547e-04 | 1
 28,  7 |   2.4727400590858256e-04 |   2.4727400590858256e-04 | 1
 28,  8 |   3.8944305599439104e-04 |   3.8944305599439104e-04 | 1
 28,  9 |   2.2301699644052225e-04 |   2.2301699644052225e-04 | 1
 28, 10 |   2.8644715517064370e-04 |   2.8644715517064370e-04 | 1
 28, 11 |   6.6545965977876957e-04 |   6.6545965977876957e-04 | 1
 28, 12 |   2.6467336754975023e-04 |   2.6467336754975023e-04 | 1
 28, 13 |   3.3183645465136025e-04 |   3.3183645465136025e-04 | 1
 28, 14 |   1.5292430338322406e-04 |   1.5292430338322406e-04 | 1
 28, 15 |   2.6510398829654008e-04 |   2.6510398829654008e-04 | 1
 28, 16 |   4.6157437020971723e-04 |   4.6157437020971723e-04 | 1
 28, 17 |   2.1217283801830782e-04 |   2.1217283801830782e-04 | 1
 28, 18 |   2.8808678293069413e-04 |   2.8808678293069413e-04 | 1
 28, 19 |   1.0175058948642300e-03 |   1.0175058948642300e-03 | 1
 28, 20 |   4.1495802821907334e-04 |   4.1495802821907334e-04 | 1
 28, 21 |   9.6446278527454604e-05 |   9.6446278527454604e-05 | 1
 28, 22 |   1.9296789908016427e-04 |   1.9296789908016427e-04 | 1
 28, 23 |   1.4561508826289247e-04 |   1.4561508826289247e-04 | 1
 28, 24 |   3.9503260890919685e-04 |   3.9503260890919685e-04 | 1
 28, 25 |   3.8081105398376705e-04 |   3.8081105398376705e-04 | 1
 28, 26 |   3.5815218430200674e-04 |   3.5815218430200674e-04 | 1
 28, 27 |   3.6988217478351929e-04 |   3.6988217478351929e-04 | 1
 28, 28 |   2.1854235442852316e-03 |   2.1854235442852316e-03 | 1
 28, 29 |   3.8212024093486039e-04 |   3.8212024093486039e-04 | 1
 28, 30 |   3.3476428063744707e-04 |   3.3476428063744707e-04 | 1
 28, 31 |   4.3525373607251926e-04 |   4.3525373607251926e-04 | 1
 28, 32 |  -2.4590018116181511e-04 |  -2.4590018116181511e-04 | 1
 28, 33 |  -2.0550008556761510e-03 |  -2.0550008556761510e-03 | 1
 28, 34 |   4.6348600439696395e-04 |   4.6348600439696395e-04 | 1
 28, 35 |  -3.8570714698805229e-05 |  -3.8570714698805229e-05 | 1
 28, 36 |  -3.7161917758838481e-05 |  -3.7161917758838481e-05 | 1
 28, 37 |  -5.4114947391355054e-05 |  -5.4114947391355054e-05 | 1
 28, 38 |  -5.6119182245327915e-05 |  -5.6119182245327915e-05 | 1
 28, 39 |   4.3959177921878786e-05 |   4.3959177921878786e-05 | 1
 28, 40 |   2.4797482922727960e-04 |   2.4797482922727960e-04 | 1
 29,  1 |   3.1984308166731104e-05 |   3.1984308166731104e-05 | 1
 29,  2 |   2.7903638294938796e-05 |   2.7903638294938796e-05 | 1
 29,  3 |   1.8614587404277257e-04 |   1.8614587404277257e-04 | 1
 29,  4 |   2.7647734121668188e-04 |   2.7647734121668188e-04 | 1
 29,  5 |   1.9494830235874567e-04 |   1.9494830235874567e-04 | 1
 29,  6 |   7.2157610546886870e-04 |   7.2157610546886870e-04 | 1
 29,  7 |  -2.2318188147107910e-04 |  -2.2318188147107910e-04 | 1
 29,  8 |   4.7875265263483163e-04 |   4.7875265263483163e-04 | 1
 29,  9 |   6.3753416191271927e-05 |   6.3753416191271927e-05 | 1
 29, 10 |   3.5861683441997380e-06 |   3.5861683441997380e-06 | 1
 29, 11 |   1.1931065008331534e-03 |   1.1931065008331534e-03 | 1
 29, 12 |   8.9232220876902423e-05 |   8.9232220876902423e-05 | 1
 29, 13 |   2.8437074663611040e-04 |   2.8437074663611040e-04 | 1
 29, 14 |  -3.6541578521070452e-04 |  -3.6541578521070452e-04 | 1
 29, 15 |  -4.2982143513308973e-05 |  -4.2982143513308973e-05 | 1
 29, 16 |   5.7515420577651565e-04 |   5.7515420577651565e-04 | 1
 29, 17 |   1.0433821011208796e-04 |   1.0433821011208796e-04 | 1
 29, 18 |   2.3309001568733130e-04 |   2.3309001568733130e-04 | 1
 29, 19 |   2.1531122934449758e-03 |   2.1531122934449758e-03 | 1
 29, 20 |   4.4380185758280237e-04 |   4.4380185758280237e-04 | 1
 29, 21 |  -4.0351561265066887e-04 |  -4.0351561265066887e-04 | 1
 29, 22 |   4.6141574525366921e-05 |   4.6141574525366921e-05 | 1
 29, 23 |  -1.6500869655876321e-04 |  -1.6500869655876321e-04 | 1
 29, 24 |   4.8755219350915611e-04 |   4.8755219350915611e-04 | 1
 29, 25 |   4.6068348621423785e-04 |   4.6068348621423785e-04 | 1
 29, 26 |   4.5945014332450832e-04 |   4.5945014332450832e-04 | 1
 29, 27 |   3.6630660237838887e-04 |   3.6630660237838887e-04 | 1
 29, 28 |   3.8212024093486039e-04 |   3.8212024093486039e-04 | 1
 29, 29 |   1.3789036609602916e-03 |   1.3789036609602916e-03 | 1
 29, 30 |   3.3381916162655216e-04 |   3.3381916162655216e-04 | 1
 29, 31 |   5.6553919323372621e-04 |   5.6553919323372621e-04 | 1
 29, 32 |   1.7146297802445916e-05 |   1.7146297802445916e-05 | 1
 29, 33 |  -5.5035442350105206e-03 |  -5.5035442350105206e-03 | 1
 29, 34 |   6.6305608076892798e-04 |   6.6305608076892798e-04 | 1
 29, 35 |  -3.3440878785127504e-05 |  -3.3440878785127504e-05 | 1
 29, 36 |  -4.1964931660619536e-05 |  -4.1964931660619536e-05 | 1
 29, 37 |  -4.2305085303680246e-05 |  -4.2305085303680246e-05 | 1
 29, 38 |  -4.4079746506269610e-05 |  -4.4079746506269610e-05 | 1
 29, 39 |   3.8606933365355852e-05 |   3.8606933365355852e-05 | 1
 29, 40 |  -1.6847166164994602e-05 |  -1.6847166164994602e-05 | 1
 30,  1 |   3.7785085859452731e-05 |   3.7785085859452731e-05 | 1
 30,  2 |   1.1169859841846043e-04 |   1.1169859841846043e-04 | 1
 30,  3 |   2.1506182723113782e-04 |   2.1506182723113782e-04 | 1
 30,  4 |   2.5744131747948982e-04 |   2.5744131747948982e-04 | 1
 30,  5 |   2.2258293618764152e-04 |   2.2258293618764152e-04 | 1
 30,  6 |   4.5779672204705854e-04 |   4.5779672204705854e-04 | 1
 30,  7 |   1.1558101062155359e-04 |   1.1558101062155359e-04 | 1
 30,  8 |   3.4560310656010600e-04 |   3.4560310656010600e-04 | 1
 30,  9 |   1.5724995293397444e-04 |   1.5724995293397444e-04 | 1
 30, 10 |   1.8531581224554968e-04 |   1.8531581224554968e-04 | 1
 30, 11 |   6.6122974565205773e-04 |   6.6122974565205773e-04 | 1
 30, 12 |   1.8833936862182289e-04 |   1.8833936862182289e-04 | 1
 30, 13 |   2.7100017651662128e-04 |   2.7100017651662128e-04 | 1
 30, 14 |   2.8952712446362461e-05 |   2.8952712446362461e-05 | 1
 30, 15 |   1.6199861493227665e-04 |   1.6199861493227665e-04 | 1
 30, 16 |   4.1117159082842541e-04 |   4.1117159082842541e-04 | 1
 30, 17 |   1.5517404631001756e-04 |   1.5517404631001756e-04 | 1
 30, 18 |   2.3057500142443350e-04 |   2.3057500142443350e-04 | 1
 30, 19 |   1.0723953192187689e-03 |   1.0723953192187689e-03 | 1
 30, 20 |   3.5018873351051608e-04 |   3.5018873351051608e-04 | 1
 30, 21 |  -1.7010390334959777e-05 |  -1.7010390334959777e-05 | 1
 30, 22 |   1.3541818994796615e-04 |   1.3541818994796615e-04 | 1
 30, 23 |   6.2043133347434998e-05 |   6.2043133347434998e-05 | 1
 30, 24 |   3.4940126073997339e-04 |   3.4940126073997339e-04 | 1
 30, 25 |   3.3292441058403309e-04 |   3.3292441058403309e-04 | 1
 30, 26 |   3.2160546169228508e-04 |   3.2160546169228508e-04 | 1
 30, 27 |   3.0775414322280670e-04 |   3.0775414322280670e-04 | 1
 30, 28 |   3.3476428063744707e-04 |   3.3476428063744707e-04 | 1
 30, 29 |   3.3381916162655216e-04 |   3.3381916162655216e-04 | 1
 30, 30 |   2.8894615861915001e-03 |   2.8894615861915001e-03 | 1
 30, 31 |   3.9010150582929448e-04 |   3.9010150582929448e-04 | 1
 30, 32 |  -1.4549280599480849e-04 |  -1.4549280599480849e-04 | 1
 30, 33 |  -2.3935158627021733e-03 |  -2.3935158627021733e-03 | 1
 30, 34 |   4.2771518280604499e-04 |   4.2771518280604499e-04 | 1
 30, 35 |  -4.0113409796424659e-05 |  -4.0113409796424659e-05 | 1
 30, 36 |  -4.6630964456879261e-05 |  -4.6630964456879261e-05 | 1
 30, 37 |  -5.0112253715071519e-05 |  -5.0112253715071519e-05 | 1
 30, 38 |  -5.3401963394347044e-05 |  -5.3401963394347044e-05 | 1
 30, 39 |   4.5190755755793185e-05 |   4.5190755755793185e-05 | 1
 30, 40 |   1.4633433418830054e-04 |   1.4633433418830054e-04 | 1
 31,  1 |   3.7000877909474065e-05 |   3.7000877909474065e-05 | 1
 31,  2 |  -4.3278082095089002e-05 |  -4.3278082095089002e-05 | 1
 31,  3 |   1.6868268195453570e-04 |   1.6868268195453570e-04 | 1
 31,  4 |   3.0466032511775173e-04 |   3.0466032511775173e-04 | 1
 31,  5 |   1.7393011375209882e-04 |   1.7393011375209882e-04 | 1
 31,  6 |   9.8264154768942184e-04 |   9.8264154768942184e-04 | 1
 31,  7 |  -5.4169002280437856e-04 |  -5.4169002280437856e-04 | 1
 31,  8 |   6.1552111027947647e-04 |   6.1552111027947647e-04 | 1
 31,  9 |  -1.8105689154547560e-05 |  -1.8105689154547560e-05 | 1
 31, 10 |  -1.6343664775233640e-04 |  -1.6343664775233640e-04 | 1
 31, 11 |   1.7140451094726835e-03 |   1.7140451094726835e-03 | 1
 31, 12 |   3.0776645580087750e-06 |   3.0776645580087750e-06 | 1
 31, 13 |   3.0259853004221190e-04 |   3.0259853004221190e-04 | 1
 31, 14 |  -7.3810645468011613e-04 |  -7.3810645468011613e-04 | 1
 31, 15 |  -2.3396304090192335e-04 |  -2.3396304090192335e-04 | 1
 31, 16 |   7.4159697105989511e-04 |   7.4159697105989511e-04 | 1
 31, 17 |   5.9710079403297992e-05 |   5.9710079403297992e-05 | 1
 31, 18 |   2.4080284568632525e-04 |   2.4080284568632525e-04 | 1
 31, 19 |   3.1993238166943714e-03 |   3.1993238166943714e-03 | 1
 31, 20 |   5.4004528660423260e-04 |   5.4004528660423260e-04 | 1
 31, 21 |  -7.7456677516330071e-04 |  -7.7456677516330071e-04 | 1
 31, 22 |  -3.2625481600802187e-05 |  -3.2625481600802187e-05 | 1
 31, 23 |  -3.7830708627115285e-04 |  -3.7830708627115285e-04 | 1
 31, 24 |   6.2641990794257553e-04 |   6.2641990794257553e-04 | 1
 31, 25 |   5.8874187693642825e-04 |   5.8874187693642825e-04 | 1
 31, 26 |   5.9912632990658475e-04 |   5.9912632990658475e-04 | 1
 31, 27 |   4.2861985535548066e-04 |   4.2861985535548066e-04 | 1
 31, 28 |   4.3525373607251926e-04 |   4.3525373607251926e-04 | 1
 31, 29 |   5.6553919323372621e-04 |   5.6553919323372621e-04 | 1
 31, 30 |   3.9010150582929448e-04 |   3.9010150582929448e-04 | 1
 31, 31 |   1.8861609019988383e-03 |   1.8861609019988383e-03 | 1
 31, 32 |   1.8021395873913970e-04 |   1.8021395873913970e-04 | 1
 31, 33 |  -8.4975847208299485e-03 |  -8.4975847208299485e-03 | 1
 31, 34 |   8.9614024946971639e-04 |   8.9614024946971639e-04 | 1
 31, 35 |  -3.8965814118906977e-05 |  -3.8965814118906977e-05 | 1
 31, 36 |  -4.4452104353070151e-05 |  -4.4452104353070151e-05 | 1
 31, 37 |  -5.2595449183704867e-05 |  -5.2595449183704867e-05 | 1
 31, 38 |  -5.1100116593529016e-05 |  -5.1100116593529016e-05 | 1
 31, 39 |   4.4708891951489793e-05 |   4.4708891951489793e-05 | 1
 31, 40 |  -1.7953879485853891e-04 |  -1.7953879485853891e-04 | 1
 32,  1 |   4.2883557460556760e-06 |   4.2883557460556760e-06 | 1
 32,  2 |   7.5112857928675528e-04 |   7.5112857928675528e-04 | 1
 32,  3 |  -3.5945873714351322e-04 |  -3.5945873714351322e-04 | 1
 32,  4 |  -2.2136025879557349e-04 |  -2.2136025879557349e-04 | 1
 32,  5 |  -3.7248799377531411e-04 |  -3.7248799377531411e-04 | 1
 32,  6 |   4.5814304679641738e-04 |   4.5814304679641738e-04 | 1
 32,  7 |  -1.4574200503100153e-03 |  -1.4574200503100153e-03 | 1
 32,  8 |   1.0181607266611069e-04 |   1.0181607266611069e-04 | 1
 32,  9 |  -5.3739513552264679e-04 |  -5.3739513552264679e-04 | 1
 32, 10 |  -9.2306238093442625e-04 |  -9.2306238093442625e-04 | 1
 32, 11 |   1.2261633057530157e-03 |   1.2261633057530157e-03 | 1
 32, 12 |  -5.9848548831690238e-04 |  -5.9848548831690238e-04 | 1
 32, 13 |  -2.8486836329105823e-04 |  -2.8486836329105823e-04 | 1
 32, 14 |  -1.5435091499435877e-03 |  -1.5435091499435877e-03 | 1
 32, 15 |  -1.0008233657397873e-03 |  -1.0008233657397873e-03 | 1
 32, 16 |   1.3136532721079477e-04 |   1.3136532721079477e-04 | 1
 32, 17 |  -3.9548644073726511e-04 |  -3.9548644073726511e-04 | 1
 32, 18 |  -2.7379329719841978e-04 |  -2.7379329719841978e-04 | 1
 32, 19 |   2.7982099057875325e-03 |   2.7982099057875325e-03 | 1
 32, 20 |  -9.2341225834322369e-05 |  -9.2341225834322369e-05 | 1
 32, 21 |  -1.4926662724778943e-03 |  -1.4926662724778943e-03 | 1
 32, 22 |  -4.9215922948514631e-04 |  -4.9215922948514631e-04 | 1
 32, 23 |  -9.5070770203613242e-04 |  -9.5070770203613242e-04 | 1
 32, 24 |   9.5022309641005408e-05 |   9.5022309641005408e-05 | 1
 32, 25 |   6.5106648660970541e-05 |   6.5106648660970541e-05 | 1
 32, 26 |   1.4231842303732886e-04 |   1.4231842303732886e-04 | 1
 32, 27 |  -1.7110463047684884e-04 |  -1.7110463047684884e-04 | 1
 32, 28 |  -2.4590018116181511e-04 |  -2.4590018116181511e-04 | 1
 32, 29 |   1.7146297802445916e-05 |   1.7146297802445916e-05 | 1
 32, 30 |  -1.4549280599480849e-04 |  -1.4549280599480849e-04 | 1
 32, 31 |   1.8021395873913970e-04 |   1.8021395873913970e-04 | 1
 32, 32 |   1.9664071704337881e-03 |   1.9664071704337881e-03 | 1
 32, 33 |  -8.9377686192816073e-03 |  -8.9377686192816073e-03 | 1
 32, 34 |   3.7229795767320219e-04 |   3.7229795767320219e-04 | 1
 32, 35 |  -1.2651181648193278e-06 |  -1.2651181648193278e-06 | 1
 32, 36 |  -9.0847120882358202e-07 |  -9.0847120882358202e-07 | 1
 32, 37 |  -3.7139132528933554e-06 |  -3.7139132528933554e-06 | 1
 32, 38 |  -1.4299327782681741e-05 |  -1.4299327782681741e-05 | 1
 32, 39 |   4.2389996619560282e-06 |   4.2389996619560282e-06 | 1
 32, 40 |  -1.9652415918726190e-03 |  -1.9652415918726190e-03 | 1
 33,  1 |  -2.9343792022578365e-05 |  -2.9343792022578365e-05 | 1
 33,  2 |   4.1661083306352561e-03 |   4.1661083306352561e-03 | 1
 33,  3 |   1.5739064592627144e-03 |   1.5739064592627144e-03 | 1
 33,  4 |  -8.4668591295357799e-04 |  -8.4668591295357799e-04 | 1
 33,  5 |   1.6098527690991235e-03 |   1.6098527690991235e-03 | 1
 33,  6 |  -1.3049156998084640e-02 |  -1.3049156998084640e-02 | 1
 33,  7 |   1.7462079984023882e-02 |   1.7462079984023882e-02 | 1
 33,  8 |  -6.5457080023345743e-03 |  -6.5457080023345743e-03 | 1
 33,  9 |   4.8268275697229187e-03 |   4.8268275697229187e-03 | 1
 33, 10 |   9.3940622429480609e-03 |   9.3940622429480609e-03 | 1
 33, 11 |  -2.6482055917176367e-02 |  -2.6482055917176367e-02 | 1
 33, 12 |   5.1447965675047586e-03 |   5.1447965675047586e-03 | 1
 33, 13 |  -3.8932253577118859e-04 |  -3.8932253577118859e-04 | 1
 33, 14 |   2.0100333249925335e-02 |   2.0100333249925335e-02 | 1
 33, 15 |   1.0699626355440327e-02 |   1.0699626355440327e-02 | 1
 33, 16 |  -7.9975078994233353e-03 |  -7.9975078994233353e-03 | 1
 33, 17 |   2.7634688584627564e-03 |   2.7634688584627564e-03 | 1
 33, 18 |   8.1583527272022005e-05 |   8.1583527272022005e-05 | 1
 33, 19 |  -5.3924619749518871e-02 |  -5.3924619749518871e-02 | 1
 33, 20 |  -4.3705337137886239e-03 |  -4.3705337137886239e-03 | 1
 33, 21 |   1.9857640100557669e-02 |   1.9857640100557669e-02 | 1
 33, 22 |   4.5951121730272680e-03 |   4.5951121730272680e-03 | 1
 33, 23 |   1.1645031483203849e-02 |   1.1645031483203849e-02 | 1
 33, 24 |  -6.6916228178851705e-03 |  -6.6916228178851705e-03 | 1
 33, 25 |  -6.1371203948639968e-03 |  -6.1371203948639968e-03 | 1
 33, 26 |  -6.7709199891969798e-03 |  -6.7709199891969798e-03 | 1
 33, 27 |  -2.6156944329657227e-03 |  -2.6156944329657227e-03 | 1
 33, 28 |  -2.0550008556761510e-03 |  -2.0550008556761510e-03 | 1
 33, 29 |  -5.5035442350105206e-03 |  -5.5035442350105206e-03 | 1
 33, 30 |  -2.3935158627021733e-03 |  -2.3935158627021733e-03 | 1
 33, 31 |  -8.4975847208299485e-03 |  -8.4975847208299485e-03 | 1
 33, 32 |  -8.9377686192816073e-03 |  -8.9377686192816073e-03 | 1
 33, 33 |   1.5597925844510288e-01 |   1.5597925844510288e-01 | 1
 33, 34 |  -1.1571814120583723e-02 |  -1.1571814120583723e-02 | 1
 33, 35 |  -1.0338567776499492e-05 |  -1.0338567776499492e-05 | 1
 33, 36 |  -3.9483715141366791e-07 |  -3.9483715141366791e-07 | 1
 33, 37 |   4.6414239406278906e-05 |   4.6414239406278906e-05 | 1
 33, 38 |   1.0720787941164744e-04 |   1.0720787941164744e-04 | 1
 33, 39 |  -3.2033766454639478e-05 |  -3.2033766454639478e-05 | 1
 33, 40 |   8.9291880021377598e-03 |   8.9291880021377598e-03 | 1
 34,  1 |   3.9002025135891961e-05 |   3.9002025135891961e-05 | 1
 34,  2 |  -1.2992802731780906e-04 |  -1.2992802731780906e-04 | 1
 34,  3 |   1.2852015927469437e-04 |   1.2852015927469437e-04 | 1
 34,  4 |   3.1311540876772256e-04 |   3.1311540876772256e-04 | 1
 34,  5 |   1.3284688294633128e-04 |   1.3284688294633128e-04 | 1
 34,  6 |   1.2311355192071989e-03 |   1.2311355192071989e-03 | 1
 34,  7 |  -9.0211659446696318e-04 |  -9.0211659446696318e-04 | 1
 34,  8 |   7.3627871586692296e-04 |   7.3627871586692296e-04 | 1
 34,  9 |  -1.2245673994064555e-04 |  -1.2245673994064555e-04 | 1
 34, 10 |  -3.6064342168497005e-04 |  -3.6064342168497005e-04 | 1
 34, 11 |   2.2252887114377522e-03 |   2.2252887114377522e-03 | 1
 34, 12 |  -1.0832340872433274e-04 |  -1.0832340872433274e-04 | 1
 34, 13 |   2.9896606096509084e-04 |   2.9896606096509084e-04 | 1
 34, 14 |  -1.1469018921682706e-03 |  -1.1469018921682706e-03 | 1
 34, 15 |  -4.6037653462534510e-04 |  -4.6037653462534510e-04 | 1
 34, 16 |   8.8804341901764581e-04 |   8.8804341901764581e-04 | 1
 34, 17 |  -2.5296875680836067e-06 |  -2.5296875680836067e-06 | 1
 34, 18 |   2.3100611355059543e-04 |   2.3100611355059543e-04 | 1
 34, 19 |   4.2518020467657396e-03 |   4.2518020467657396e-03 | 1
 34, 20 |   6.1489745426533335e-04 |   6.1489745426533335e-04 | 1
 34, 21 |  -1.1785562313917641e-03 |  -1.1785562313917641e-03 | 1
 34, 22 |  -1.3059067929409741e-04 |  -1.3059067929409741e-04 | 1
 34, 23 |  -6.1763887280290894e-04 |  -6.1763887280290894e-04 | 1
 34, 24 |   7.4878270791930231e-04 |   7.4878270791930231e-04 | 1
 34, 25 |   6.9946930228251703e-04 |   6.9946930228251703e-04 | 1
 34, 26 |   7.2466597990496890e-04 |   7.2466597990496890e-04 | 1
 34, 27 |   4.6818794871120330e-04 |   4.6818794871120330e-04 | 1
 34, 28 |   4.6348600439696395e-04 |   4.6348600439696395e-04 | 1
 34, 29 |   6.6305608076892798e-04 |   6.6305608076892798e-04 | 1
 34, 30 |   4.2771518280604499e-04 |   4.2771518280604499e-04 | 1
 34, 31 |   8.9614024946971639e-04 |   8.9614024946971639e-04 | 1
 34, 32 |   3.7229795767320219e-04 |   3.7229795767320219e-04 | 1
 34, 33 |  -1.1571814120583723e-02 |  -1.1571814120583723e-02 | 1
 34, 34 |   1.1686334087685954e-03 |   1.1686334087685954e-03 | 1
 34, 35 |  -3.7466312891150933e-05 |  -3.7466312891150933e-05 | 1
 34, 36 |  -4.5069714585997577e-05 |  -4.5069714585997577e-05 | 1
 34, 37 |  -5.4237235915859055e-05 |  -5.4237235915859055e-05 | 1
 34, 38 |  -5.9518783073119425e-05 |  -5.9518783073119425e-05 | 1
 34, 39 |   4.6803676527012449e-05 |   4.6803676527012449e-05 | 1
 34, 40 |  -3.7084920524479065e-04 |  -3.7084920524479065e-04 | 1
 35,  1 |  -4.0359907205066709e-05 |  -4.0359907205066709e-05 | 1
 35,  2 |  -4.1343615687244596e-05 |  -4.1343615687244596e-05 | 1
 35,  3 |  -4.2443042094041835e-05 |  -4.2443042094041835e-05 | 1
 35,  4 |  -4.5123243897811257e-05 |  -4.5123243897811257e-05 | 1
 35,  5 |  -3.9135069302584027e-05 |  -3.9135069302584027e-05 | 1
 35,  6 |  -4.1932761783122081e-05 |  -4.1932761783122081e-05 | 1
 35,  7 |  -4.4129038694493604e-05 |  -4.4129038694493604e-05 | 1
 35,  8 |  -4.3304757135794887e-05 |  -4.3304757135794887e-05 | 1
 35,  9 |  -5.1144175179164045e-05 |  -5.1144175179164045e-05 | 1
 35, 10 |  -5.0761354809541899e-05 |  -5.0761354809541899e-05 | 1
 35, 11 |  -4.5201619924020608e-05 |  -4.5201619924020608e-05 | 1
 35, 12 |  -4.7443180208342375e-05 |  -4.7443180208342375e-05 | 1
 35, 13 |  -4.8467020833217484e-05 |  -4.8467020833217484e-05 | 1
 35, 14 |  -5.5295861868168608e-05 |  -5.5295861868168608e-05 | 1
 35, 15 |  -5.4207950343549506e-05 |  -5.4207950343549506e-05 | 1
 35, 16 |  -5.1743579810916438e-05 |  -5.1743579810916438e-05 | 1
 35, 17 |  -2.3172661070515353e-05 |  -2.3172661070515353e-05 | 1
 35, 18 |  -3.5180781984963198e-05 |  -3.5180781984963198e-05 | 1
 35, 19 |  -2.7323816522273849e-05 |  -2.7323816522273849e-05 | 1
 35, 20 |  -2.6267334858142568e-05 |  -2.6267334858142568e-05 | 1
 35, 21 |  -2.6381927248144000e-05 |  -2.6381927248144000e-05 | 1
 35, 22 |  -3.9356577486970767e-05 |  -3.9356577486970767e-05 | 1
 35, 23 |  -3.2630388002733015e-05 |  -3.2630388002733015e-05 | 1
 35, 24 |  -3.3112662881979306e-05 |  -3.3112662881979306e-05 | 1
 35, 25 |  -3.4345679192372886e-05 |  -3.4345679192372886e-05 | 1
 35, 26 |  -3.8267816921960679e-05 |  -3.8267816921960679e-05 | 1
 35, 27 |  -3.7513749360861969e-05 |  -3.7513749360861969e-05 | 1
 35, 28 |  -3.8570714698805229e-05 |  -3.8570714698805229e-05 | 1
 35, 29 |  -3.3440878785127504e-05 |  -3.3440878785127504e-05 | 1
 35, 30 |  -4.0113409796424659e-05 |  -4.0113409796424659e-05 | 1
 35, 31 |  -3.8965814118906977e-05 |  -3.8965814118906977e-05 | 1
 35, 32 |  -1.2651181648193278e-06 |  -1.2651181648193278e-06 | 1
 35, 33 |  -1.0338567776499492e-05 |  -1.0338567776499492e-05 | 1
 35, 34 |  -3.7466312891150933e-05 |  -3.7466312891150933e-05 | 1
 35, 35 |   6.5076872357253517e-05 |   6.5076872357253517e-05 | 1
 35, 36 |   4.7382840364340989e-05 |   4.7382840364340989e-05 | 1
 35, 37 |   4.5447762776512519e-05 |   4.5447762776512519e-05 | 1
 35, 38 |   4.5037132840785920e-05 |   4.5037132840785920e-05 | 1
 35, 39 |  -4.6711591283812596e-05 |  -4.6711591283812596e-05 | 1
 35, 40 |   1.9212404802390198e-06 |   1.9212404802390198e-06 | 1
 36,  1 |  -4.5775637556573068e-05 |  -4.5775637556573068e-05 | 1
 36,  2 |  -4.8221441644624576e-05 |  -4.8221441644624576e-05 | 1
 36,  3 |  -4.5399098973273753e-05 |  -4.5399098973273753e-05 | 1
 36,  4 |  -5.3238097223604012e-05 |  -5.3238097223604012e-05 | 1
 36,  5 |  -6.0539790489381382e-05 |  -6.0539790489381382e-05 | 1
 36,  6 |  -5.6723937820463233e-05 |  -5.6723937820463233e-05 | 1
 36,  7 |  -6.7655796423422642e-05 |  -6.7655796423422642e-05 | 1
 36,  8 |  -5.2186637588210017e-05 |  -5.2186637588210017e-05 | 1
 36,  9 |  -4.4432667846366382e-05 |  -4.4432667846366382e-05 | 1
 36, 10 |  -5.3429318726454192e-05 |  -5.3429318726454192e-05 | 1
 36, 11 |  -4.8857380023966976e-05 |  -4.8857380023966976e-05 | 1
 36, 12 |  -5.0523904335664544e-05 |  -5.0523904335664544e-05 | 1
 36, 13 |  -5.2370661457038070e-05 |  -5.2370661457038070e-05 | 1
 36, 14 |  -6.1846893620546230e-05 |  -6.1846893620546230e-05 | 1
 36, 15 |  -5.5300988183761065e-05 |  -5.5300988183761065e-05 | 1
 36, 16 |  -6.0522663026878952e-05 |  -6.0522663026878952e-05 | 1
 36, 17 |  -2.6166155287171678e-05 |  -2.6166155287171678e-05 | 1
 36, 18 |  -3.8506653494424346e-05 |  -3.8506653494424346e-05 | 1
 36, 19 |  -3.7190463297889956e-05 |  -3.7190463297889956e-05 | 1
 36, 20 |  -3.5654739420505491e-05 |  -3.5654739420505491e-05 | 1
 36, 21 |  -4.3086278881693909e-05 |  -4.3086278881693909e-05 | 1
 36, 22 |  -4.6687305958142850e-05 |  -4.6687305958142850e-05 | 1
 36, 23 |  -4.3305960399298927e-05 |  -4.3305960399298927e-05 | 1
 36, 24 |  -4.3811532579422083e-05 |  -4.3811532579422083e-05 | 1
 36, 25 |  -3.1417043444456746e-05 |  -3.1417043444456746e-05 | 1
 36, 26 |  -4.5141179684987674e-05 |  -4.5141179684987674e-05 | 1
 36, 27 |  -3.8422037340319753e-05 |  -3.8422037340319753e-05 | 1
 36, 28 |  -3.7161917758838481e-05 |  -3.7161917758838481e-05 | 1
 36, 29 |  -4.1964931660619536e-05 |  -4.1964931660619536e-05 | 1
 36, 30 |  -4.6630964456879261e-05 |  -4.6630964456879261e-05 | 1
 36, 31 |  -4.4452104353070151e-05 |  -4.4452104353070151e-05 | 1
 36, 32 |  -9.0847120882358202e-07 |  -9.0847120882358202e-07 | 1
 36, 33 |  -3.9483715141366791e-07 |  -3.9483715141366791e-07 | 1
 36, 34 |  -4.5069714585997577e-05 |  -4.5069714585997577e-05 | 1
 36, 35 |   4.7382840364340989e-05 |   4.7382840364340989e-05 | 1
 36, 36 |   7.5677028639935625e-05 |   7.5677028639935625e-05 | 1
 36, 37 |   5.6060674356161321e-05 |   5.6060674356161321e-05 | 1
 36, 38 |   5.5182029752916074e-05 |   5.5182029752916074e-05 | 1
 36, 39 |  -5.6387996576114113e-05 |  -5.6387996576114113e-05 | 1
 36, 40 |   2.5132088136658319e-06 |   2.5132088136658319e-06 | 1
 37,  1 |  -4.9713359891928951e-05 |  -4.9713359891928951e-05 | 1
 37,  2 |  -5.4559317338081252e-05 |  -5.4559317338081252e-05 | 1
 37,  3 |  -6.5079133158423325e-05 |  -6.5079133158423325e-05 | 1
 37,  4 |  -6.6394606791802394e-05 |  -6.6394606791802394e-05 | 1
 37,  5 |  -5.4462825436547735e-05 |  -5.4462825436547735e-05 | 1
 37,  6 |  -6.2093182111560007e-05 |  -6.2093182111560007e-05 | 1
 37,  7 |  -7.3040588303490496e-05 |  -7.3040588303490496e-05 | 1
 37,  8 |  -6.2861548125965535e-05 |  -6.2861548125965535e-05 | 1
 37,  9 |  -4.8056343455454454e-05 |  -4.8056343455454454e-05 | 1
 37, 10 |  -5.1735113326191589e-05 |  -5.1735113326191589e-05 | 1
 37, 11 |  -6.7168370500087903e-05 |  -6.7168370500087903e-05 | 1
 37, 12 |  -5.9732632652126613e-05 |  -5.9732632652126613e-05 | 1
 37, 13 |  -4.9185233816415947e-05 |  -4.9185233816415947e-05 | 1
 37, 14 |  -5.4850527884345955e-05 |  -5.4850527884345955e-05 | 1
 37, 15 |  -5.7538317097459947e-05 |  -5.7538317097459947e-05 | 1
 37, 16 |  -6.8175047641072230e-05 |  -6.8175047641072230e-05 | 1
 37, 17 |  -3.3665895752941829e-05 |  -3.3665895752941829e-05 | 1
 37, 18 |  -4.3364217006290392e-05 |  -4.3364217006290392e-05 | 1
 37, 19 |  -6.4141861326710931e-05 |  -6.4141861326710931e-05 | 1
 37, 20 |  -5.0488389180874717e-05 |  -5.0488389180874717e-05 | 1
 37, 21 |  -3.2755869705724702e-05 |  -3.2755869705724702e-05 | 1
 37, 22 |  -4.9667200621901867e-05 |  -4.9667200621901867e-05 | 1
 37, 23 |  -4.3051805571455860e-05 |  -4.3051805571455860e-05 | 1
 37, 24 |  -4.9958895668572009e-05 |  -4.9958895668572009e-05 | 1
 37, 25 |  -4.0610068532208912e-05 |  -4.0610068532208912e-05 | 1
 37, 26 |  -5.0994198056617507e-05 |  -5.0994198056617507e-05 | 1
 37, 27 |  -4.8585642446256868e-05 |  -4.8585642446256868e-05 | 1
 37, 28 |  -5.4114947391355054e-05 |  -5.4114947391355054e-05 | 1
 37, 29 |  -4.2305085303680246e-05 |  -4.2305085303680246e-05 | 1
 37, 30 |  -5.0112253715071519e-05 |  -5.0112253715071519e-05 | 1
 37, 31 |  -5.2595449183704867e-05 |  -5.2595449183704867e-05 | 1
 37, 32 |  -3.7139132528933554e-06 |  -3.7139132528933554e-06 | 1
 37, 33 |   4.6414239406278906e-05 |   4.6414239406278906e-05 | 1
 37, 34 |  -5.4237235915859055e-05 |  -5.4237235915859055e-05 | 1
 37, 35 |   4.5447762776512519e-05 |   4.5447762776512519e-05 | 1
 37, 36 |   5.6060674356161321e-05 |   5.6060674356161321e-05 | 1
 37, 37 |   8.3265656174094549e-05 |   8.3265656174094549e-05 | 1
 37, 38 |   6.6867962695885922e-05 |   6.6867962695885922e-05 | 1
 37, 39 |  -6.1534598261436617e-05 |  -6.1534598261436617e-05 | 1
 37, 40 |   1.9620480009052695e-06 |   1.9620480009052695e-06 | 1
 38,  1 |  -5.3038798583366010e-05 |  -5.3038798583366010e-05 | 1
 38,  2 |  -6.0199218531945988e-05 |  -6.0199218531945988e-05 | 1
 38,  3 |  -5.7686108479047864e-05 |  -5.7686108479047864e-05 | 1
 38,  4 |  -6.7658450234380101e-05 |  -6.7658450234380101e-05 | 1
 38,  5 |  -5.4818002754561481e-05 |  -5.4818002754561481e-05 | 1
 38,  6 |  -7.4197070430344440e-05 |  -7.4197070430344440e-05 | 1
 38,  7 |  -5.4394840846891702e-05 |  -5.4394840846891702e-05 | 1
 38,  8 |  -6.9200750193298407e-05 |  -6.9200750193298407e-05 | 1
 38,  9 |  -5.0045605521730426e-05 |  -5.0045605521730426e-05 | 1
 38, 10 |  -6.4441277794784831e-05 |  -6.4441277794784831e-05 | 1
 38, 11 |  -7.2607142936290887e-05 |  -7.2607142936290887e-05 | 1
 38, 12 |  -5.9744988772867229e-05 |  -5.9744988772867229e-05 | 1
 38, 13 |  -5.0896657072862058e-05 |  -5.0896657072862058e-05 | 1
 38, 14 |  -5.7681567653601654e-05 |  -5.7681567653601654e-05 | 1
 38, 15 |  -4.2700464255543373e-05 |  -4.2700464255543373e-05 | 1
 38, 16 |  -7.1613225593887667e-05 |  -7.1613225593887667e-05 | 1
 38, 17 |  -3.3855060919718861e-05 |  -3.3855060919718861e-05 | 1
 38, 18 |  -5.1754396496710301e-05 |  -5.1754396496710301e-05 | 1
 38, 19 |  -8.0443220485774389e-05 |  -8.0443220485774389e-05 | 1
 38, 20 |  -5.2622955071153442e-05 |  -5.2622955071153442e-05 | 1
 38, 21 |  -2.3961668049426480e-05 |  -2.3961668049426480e-05 | 1
 38, 22 |  -4.9725174609063755e-05 |  -4.9725174609063755e-05 | 1
 38, 23 |  -3.7939905947286032e-05 |  -3.7939905947286032e-05 | 1
 38, 24 |  -5.5399299310995757e-05 |  -5.5399299310995757e-05 | 1
 38, 25 |  -4.3925379424502570e-05 |  -4.3925379424502570e-05 | 1
 38, 26 |  -5.7645462617545150e-05 |  -5.7645462617545150e-05 | 1
 38, 27 |  -4.4643861849984045e-05 |  -4.4643861849984045e-05 | 1
 38, 28 |  -5.6119182245327915e-05 |  -5.6119182245327915e-05 | 1
 38, 29 |  -4.4079746506269610e-05 |  -4.4079746506269610e-05 | 1
 38, 30 |  -5.3401963394347044e-05 |  -5.3401963394347044e-05 | 1
 38, 31 |  -5.1100116593529016e-05 |  -5.1100116593529016e-05 | 1
 38, 32 |  -1.4299327782681741e-05 |  -1.4299327782681741e-05 | 1
 38, 33 |   1.0720787941164744e-04 |   1.0720787941164744e-04 | 1
 38, 34 |  -5.9518783073119425e-05 |  -5.9518783073119425e-05 | 1
 38, 35 |   4.5037132840785920e-05 |   4.5037132840785920e-05 | 1
 38, 36 |   5.5182029752916074e-05 |   5.5182029752916074e-05 | 1
 38, 37 |   6.6867962695885922e-05 |   6.6867962695885922e-05 | 1
 38, 38 |   9.5583556830571530e-05 |   9.5583556830571530e-05 | 1
 38, 39 |  -6.1491870307721789e-05 |  -6.1491870307721789e-05 | 1
 38, 40 |   9.9530378664626691e-06 |   9.9530378664626691e-06 | 1
 39,  1 |   4.4831548924758958e-05 |   4.4831548924758958e-05 | 1
 39,  2 |   4.8509648393000782e-05 |   4.8509648393000782e-05 | 1
 39,  3 |   5.1021706960098858e-05 |   5.1021706960098858e-05 | 1
 39,  4 |   5.5491062204169795e-05 |   5.5491062204169795e-05 | 1
 39,  5 |   5.0174746568119633e-05 |   5.0174746568119633e-05 | 1
 39,  6 |   5.5802960544604853e-05 |   5.5802960544604853e-05 | 1
 39,  7 |   5.8668179522431007e-05 |   5.8668179522431007e-05 | 1
 39,  8 |   5.4101018970086735e-05 |   5.4101018970086735e-05 | 1
 39,  9 |   4.5270949915649712e-05 |   4.5270949915649712e-05 | 1
 39, 10 |   5.1583889171384346e-05 |   5.1583889171384346e-05 | 1
 39, 11 |   5.5532689526393532e-05 |   5.5532689526393532e-05 | 1
 39, 12 |   5.1796591583954556e-05 |   5.1796591583954556e-05 | 1
 39, 13 |   4.7719047723863349e-05 |   4.7719047723863349e-05 | 1
 39, 14 |   5.4199548440917640e-05 |   5.4199548440917640e-05 | 1
 39, 15 |   5.0967381521935282e-05 |   5.0967381521935282e-05 | 1
 39, 16 |   6.0103481391186425e-05 |   6.0103481391186425e-05 | 1
 39, 17 |   2.7761226228059991e-05 |   2.7761226228059991e-05 | 1
 39, 18 |   3.9959257625153186e-05 |   3.9959257625153186e-05 | 1
 39, 19 |   4.9656062817274034e-05 |   4.9656062817274034e-05 | 1
 39, 20 |   4.0008884046226374e-05 |   4.0008884046226374e-05 | 1
 39, 21 |   3.0575213749147333e-05 |   3.0575213749147333e-05 | 1
 39, 22 |   4.4264876088504600e-05 |   4.4264876088504600e-05 | 1
 39, 23 |   3.8121274139998371e-05 |   3.8121274139998371e-05 | 1
 39, 24 |   4.3824076892142954e-05 |   4.3824076892142954e-05 | 1
 39, 25 |   3.5286145294976328e-05 |   3.5286145294976328e-05 | 1
 39, 26 |   4.5478998840126990e-05 |   4.5478998840126990e-05 | 1
 39, 27 |   4.0385379503661922e-05 |   4.0385379503661922e-05 | 1
 39, 28 |   4.3959177921878786e-05 |   4.3959177921878786e-05 | 1
 39, 29 |   3.8606933365355852e-05 |   3.8606933365355852e-05 | 1
 39, 30 |   4.5190755755793185e-05 |   4.5190755755793185e-05 | 1
 39, 31 |   4.4708891951489793e-05 |   4.4708891951489793e-05 | 1
 39, 32 |   4.2389996619560282e-06 |   4.2389996619560282e-06 | 1
 39, 33 |  -3.2033766454639478e-05 |  -3.2033766454639478e-05 | 1
 39, 34 |   4.6803676527012449e-05 |   4.6803676527012449e-05 | 1
 39, 35 |  -4.6711591283812596e-05 |  -4.6711591283812596e-05 | 1
 39, 36 |  -5.6387996576114113e-05 |  -5.6387996576114113e-05 | 1
 39, 37 |  -6.1534598261436617e-05 |  -6.1534598261436617e-05 | 1
 39, 38 |  -6.1491870307721789e-05 |  -6.1491870307721789e-05 | 1
 39, 39 |   1.0040541390058393e-04 |   1.0040541390058393e-04 | 1
 39, 40 |  -4.8067565224687840e-05 |  -4.8067565224687840e-05 | 1
 40,  1 |  -3.4654374588022868e-06 |  -3.4654374588022868e-06 | 1
 40,  2 |  -7.4966820284980812e-04 |  -7.4966820284980812e-04 | 1
 40,  3 |   3.6070036155901172e-04 |   3.6070036155901172e-04 | 1
 40,  4 |   2.2322918320280300e-04 |   2.2322918320280300e-04 | 1
 40,  5 |   3.7233470336202231e-04 |   3.7233470336202231e-04 | 1
 40,  6 |  -4.5625807078560575e-04 |  -4.5625807078560575e-04 | 1
 40,  7 |   1.4569188339175617e-03 |   1.4569188339175617e-03 | 1
 40,  8 |  -1.0009870829191092e-04 |  -1.0009870829191092e-04 | 1
 40,  9 |   5.3763253026339821e-04 |   5.3763253026339821e-04 | 1
 40, 10 |   9.2443840732031862e-04 |   9.2443840732031862e-04 | 1
 40, 11 |  -1.2239846206796154e-03 |  -1.2239846206796154e-03 | 1
 40, 12 |   5.9967066983217807e-04 |   5.9967066983217807e-04 | 1
 40, 13 |   2.8456422407226146e-04 |   2.8456422407226146e-04 | 1
 40, 14 |   1.5433881765058676e-03 |   1.5433881765058676e-03 | 1
 40, 15 |   9.9959238535620386e-04 |   9.9959238535620386e-04 | 1
 40, 16 |  -1.3004184931520059e-04 |  -1.3004184931520059e-04 | 1
 40, 17 |   3.9622530511237736e-04 |   3.9622530511237736e-04 | 1
 40, 18 |   2.7514872405689313e-04 |   2.7514872405689313e-04 | 1
 40, 19 |  -2.7943392946779251e-03 |  -2.7943392946779251e-03 | 1
 40, 20 |   9.4362923190516616e-05 |   9.4362923190516616e-05 | 1
 40, 21 |   1.4915103756567617e-03 |   1.4915103756567617e-03 | 1
 40, 22 |   4.9275461510139623e-04 |   4.9275461510139623e-04 | 1
 40, 23 |   9.5055975544470627e-04 |   9.5055975544470627e-04 | 1
 40, 24 |  -9.3765205505046744e-05 |  -9.3765205505046744e-05 | 1
 40, 25 |  -6.4216730826564098e-05 |  -6.4216730826564098e-05 | 1
 40, 26 |  -1.4095165420015954e-04 |  -1.4095165420015954e-04 | 1
 40, 27 |   1.7183654731254441e-04 |   1.7183654731254441e-04 | 1
 40, 28 |   2.4797482922727960e-04 |   2.4797482922727960e-04 | 1
 40, 29 |  -1.6847166164994602e-05 |  -1.6847166164994602e-05 | 1
 40, 30 |   1.4633433418830054e-04 |   1.4633433418830054e-04 | 1
 40, 31 |  -1.7953879485853891e-04 |  -1.7953879485853891e-04 | 1
 40, 32 |  -1.9652415918726190e-03 |  -1.9652415918726190e-03 | 1
 40, 33 |   8.9291880021377598e-03 |   8.9291880021377598e-03 | 1
 40, 34 |  -3.7084920524479065e-04 |  -3.7084920524479065e-04 | 1
 40, 35 |   1.9212404802390198e-06 |   1.9212404802390198e-06 | 1
 40, 36 |   2.5132088136658319e-06 |   2.5132088136658319e-06 | 1
 40, 37 |   1.9620480009052695e-06 |   1.9620480009052695e-06 | 1
 40, 38 |   9.9530378664626691e-06 |   9.9530378664626691e-06 | 1
 40, 39 |  -4.8067565224687840e-05 |  -4.8067565224687840e-05 | 1
 40, 40 |   2.0385819225784674e-03 |   2.0385819225784674e-03 | 1
