row,col | V_base                   | V_new                    | equal
  1,  1 |   1.1965349328288606e-03 |   1.1965349328288606e-03 | 1
  1,  2 |   1.0620343309476147e-03 |   1.0620343309476147e-03 | 1
  1,  3 |   9.8583082286870919e-04 |   9.8583082286870919e-04 | 1
  1,  4 |   1.0257112539241108e-03 |   1.0257112539241108e-03 | 1
  1,  5 |   1.2480003502478936e-03 |   1.2480003502478936e-03 | 1
  1,  6 |   9.6676907703584388e-04 |   9.6676907703584388e-04 | 1
  1,  7 |   8.0229425686953102e-04 |   8.0229425686953102e-04 | 1
  1,  8 |   1.0404227861518331e-03 |   1.0404227861518331e-03 | 1
  1,  9 |   8.9815008357688989e-04 |   8.9815008357688989e-04 | 1
  1, 10 |   1.0084071503209391e-03 |   1.0084071503209391e-03 | 1
  1, 11 |   1.1822434200498299e-03 |   1.1822434200498299e-03 | 1
  1, 12 |   9.4340615280135635e-04 |   9.4340615280135635e-04 | 1
  1, 13 |   9.4544657030263006e-04 |   9.4544657030263006e-04 | 1
  1, 14 |   1.1570471941120110e-03 |   1.1570471941120110e-03 | 1
  1, 15 |   1.1642400760744072e-03 |   1.1642400760744072e-03 | 1
  1, 16 |   1.1183510654407956e-03 |   1.1183510654407956e-03 | 1
  1, 17 |   1.0123698257066913e-03 |   1.0123698257066913e-03 | 1
  1, 18 |   1.0091155444944449e-03 |   1.0091155444944449e-03 | 1
  1, 19 |   1.1814792872391711e-03 |   1.1814792872391711e-03 | 1
  1, 20 |   1.0556789127224180e-03 |   1.0556789127224180e-03 | 1
  1, 21 |   8.4838760609424818e-04 |   8.4838760609424818e-04 | 1
  1, 22 |   7.2316205977478512e-04 |   7.2316205977478512e-04 | 1
  1, 23 |   1.1532609544724801e-03 |   1.1532609544724801e-03 | 1
  1, 24 |   1.0933101977537039e-03 |   1.0933101977537039e-03 | 1
  1, 25 |   9.6099010560237916e-04 |   9.6099010560237916e-04 | 1
  1, 26 |   1.1724709960744769e-03 |   1.1724709960744769e-03 | 1
  1, 27 |   1.1067375600615260e-03 |   1.1067375600615260e-03 | 1
  1, 28 |   1.1486727575882351e-03 |   1.1486727575882351e-03 | 1
  1, 29 |   1.0470803138988832e-03 |   1.0470803138988832e-03 | 1
  1, 30 |   1.1439212602885049e-03 |   1.1439212602885049e-03 | 1
  1, 31 |   1.0798743479830905e-03 |   1.0798743479830905e-03 | 1
  1, 32 |   3.1401450456222161e-05 |   3.1401450456222161e-05 | 1
  1, 33 |  -1.0701432715845450e-04 |  -1.0701432715845450e-04 | 1
  1, 34 |   1.1299554550052609e-03 |   1.1299554550052609e-03 | 1
  1, 35 |  -2.6227532711407960e-05 |  -2.6227532711407960e-05 | 1
  1, 36 |   7.3484115884006736e-06 |   7.3484115884006736e-06 | 1
  1, 37 |   1.3184397702288252e-04 |   1.3184397702288252e-04 | 1
  1, 38 |   2.5197635363990382e-04 |   2.5197635363990382e-04 | 1
  1, 39 |  -2.0752334147192212e-04 |  -2.0752334147192212e-04 | 1
  1, 40 |  -1.9591548629350696e-07 |  -1.9591548629350696e-07 | 1
  1, 41 |  -1.6043397894705962e-04 |  -1.6043397894705962e-04 | 1
  1, 42 |   7.4977326433518602e-06 |   7.4977326433518602e-06 | 1
  1, 43 |   0.0000000000000000e+00 |   0.0000000000000000e+00 | 1
  2,  1 |   1.0620343309476147e-03 |   1.0620343309476147e-03 | 1
  2,  2 |   2.1703037241830730e-03 |   2.1703037241830730e-03 | 1
  2,  3 |   1.0808908502084988e-03 |   1.0808908502084988e-03 | 1
  2,  4 |   1.1140670516200757e-03 |   1.1140670516200757e-03 | 1
  2,  5 |   1.3071701730448626e-03 |   1.3071701730448626e-03 | 1
  2,  6 |   1.0592309548410528e-03 |   1.0592309548410528e-03 | 1
  2,  7 |   8.7921954162078868e-04 |   8.7921954162078868e-04 | 1
  2,  8 |   1.1376345635821235e-03 |   1.1376345635821235e-03 | 1
  2,  9 |   9.7860392720112792e-04 |   9.7860392720112792e-04 | 1
  2, 10 |   1.1071710060323314e-03 |   1.1071710060323314e-03 | 1
  2, 11 |   1.2345854435465006e-03 |   1.2345854435465006e-03 | 1
  2, 12 |   1.0429877863687344e-03 |   1.0429877863687344e-03 | 1
  2, 13 |   1.0155132887966867e-03 |   1.0155132887966867e-03 | 1
  2, 14 |   1.2699180313739365e-03 |   1.2699180313739365e-03 | 1
  2, 15 |   1.2893449762291990e-03 |   1.2893449762291990e-03 | 1
  2, 16 |   1.2230321217442481e-03 |   1.2230321217442481e-03 | 1
  2, 17 |   1.0873614004374707e-03 |   1.0873614004374707e-03 | 1
  2, 18 |   1.1041713372957809e-03 |   1.1041713372957809e-03 | 1
  2, 19 |   1.3025725202052032e-03 |   1.3025725202052032e-03 | 1
  2, 20 |   1.1557040609083422e-03 |   1.1557040609083422e-03 | 1
  2, 21 |   9.1073873186612534e-04 |   9.1073873186612534e-04 | 1
  2, 22 |   7.7813865670973753e-04 |   7.7813865670973753e-04 | 1
  2, 23 |   1.2464485273195386e-03 |   1.2464485273195386e-03 | 1
  2, 24 |   1.1892267912138868e-03 |   1.1892267912138868e-03 | 1
  2, 25 |   1.0350313081155093e-03 |   1.0350313081155093e-03 | 1
  2, 26 |   1.2655903312018451e-03 |   1.2655903312018451e-03 | 1
  2, 27 |   1.2061505685477022e-03 |   1.2061505685477022e-03 | 1
  2, 28 |   1.2435469363056876e-03 |   1.2435469363056876e-03 | 1
  2, 29 |   1.1246898223485576e-03 |   1.1246898223485576e-03 | 1
  2, 30 |   1.2476756661868316e-03 |   1.2476756661868316e-03 | 1
  2, 31 |   1.1609591808736852e-03 |   1.1609591808736852e-03 | 1
  2, 32 |  -2.9460975388346622e-04 |  -2.9460975388346622e-04 | 1
  2, 33 |  -4.2364955111811651e-05 |  -4.2364955111811651e-05 | 1
  2, 34 |   1.2337000032313001e-03 |   1.2337000032313001e-03 | 1
  2, 35 |  -2.0095525832013989e-05 |  -2.0095525832013989e-05 | 1
  2, 36 |   1.6549869150586267e-05 |   1.6549869150586267e-05 | 1
  2, 37 |   1.5810367237687121e-04 |   1.5810367237687121e-04 | 1
  2, 38 |   3.1525931802050774e-04 |   3.1525931802050774e-04 | 1
  2, 39 |  -1.9643724106397097e-04 |  -1.9643724106397097e-04 | 1
  2, 40 |  -2.0986440975148976e-07 |  -2.0986440975148976e-07 | 1
  2, 41 |  -1.8011818773228482e-04 |  -1.8011818773228482e-04 | 1
  2, 42 |   8.3739713392051388e-06 |   8.3739713392051388e-06 | 1
  2, 43 |   0.0000000000000000e+00 |   0.0000000000000000e+00 | 1
  3,  1 |   9.8583082286870919e-04 |   9.8583082286870919e-04 | 1
  3,  2 |   1.0808908502084988e-03 |   1.0808908502084988e-03 | 1
  3,  3 |   1.3702380713840908e-02 |   1.3702380713840908e-02 | 1
  3,  4 |   1.0280270678989126e-03 |   1.0280270678989126e-03 | 1
  3,  5 |   1.2548728352017144e-03 |   1.2548728352017144e-03 | 1
  3,  6 |   1.0178891081814427e-03 |   1.0178891081814427e-03 | 1
  3,  7 |   7.8205079846106155e-04 |   7.8205079846106155e-04 | 1
  3,  8 |   1.0549753245221215e-03 |   1.0549753245221215e-03 | 1
  3,  9 |   8.9890971194593204e-04 |   8.9890971194593204e-04 | 1
  3, 10 |   1.0302809527259532e-03 |   1.0302809527259532e-03 | 1
  3, 11 |   1.3330506138461875e-03 |   1.3330506138461875e-03 | 1
  3, 12 |   9.6705628738231271e-04 |   9.6705628738231271e-04 | 1
  3, 13 |   9.2703684276359589e-04 |   9.2703684276359589e-04 | 1
  3, 14 |   1.1699251631652977e-03 |   1.1699251631652977e-03 | 1
  3, 15 |   1.1200308056416113e-03 |   1.1200308056416113e-03 | 1
  3, 16 |   1.1467624468334756e-03 |   1.1467624468334756e-03 | 1
  3, 17 |   1.0192598664220680e-03 |   1.0192598664220680e-03 | 1
  3, 18 |   1.0165175615043189e-03 |   1.0165175615043189e-03 | 1
  3, 19 |   1.2105664808822179e-03 |   1.2105664808822179e-03 | 1
  3, 20 |   1.0799358960270941e-03 |   1.0799358960270941e-03 | 1
  3, 21 |   8.5305249118393172e-04 |   8.5305249118393172e-04 | 1
  3, 22 |   7.5400191212984954e-04 |   7.5400191212984954e-04 | 1
  3, 23 |   1.1736038178259637e-03 |   1.1736038178259637e-03 | 1
  3, 24 |   1.1228646786543214e-03 |   1.1228646786543214e-03 | 1
  3, 25 |   9.8625392938357149e-04 |   9.8625392938357149e-04 | 1
  3, 26 |   1.2000400167394326e-03 |   1.2000400167394326e-03 | 1
  3, 27 |   1.2761260607731108e-03 |   1.2761260607731108e-03 | 1
  3, 28 |   1.2012110220900531e-03 |   1.2012110220900531e-03 | 1
  3, 29 |   1.0675507751245258e-03 |   1.0675507751245258e-03 | 1
  3, 30 |   1.1720371835669649e-03 |   1.1720371835669649e-03 | 1
  3, 31 |   1.1363219474017422e-03 |   1.1363219474017422e-03 | 1
  3, 32 |   1.9068264731126043e-05 |   1.9068264731126043e-05 | 1
  3, 33 |  -2.5615109313889561e-04 |  -2.5615109313889561e-04 | 1
  3, 34 |   1.2139660910409690e-03 |   1.2139660910409690e-03 | 1
  3, 35 |  -4.2319882570212089e-05 |  -4.2319882570212089e-05 | 1
  3, 36 |  -2.3049849466644120e-06 |  -2.3049849466644120e-06 | 1
  3, 37 |   1.0919863753678006e-04 |   1.0919863753678006e-04 | 1
  3, 38 |   1.9863984417239428e-04 |   1.9863984417239428e-04 | 1
  3, 39 |  -1.4799491695027573e-04 |  -1.4799491695027573e-04 | 1
  3, 40 |  -1.6239745841324267e-07 |  -1.6239745841324267e-07 | 1
  3, 41 |  -1.8332708628618984e-04 |  -1.8332708628618984e-04 | 1
  3, 42 |   8.6382131802414219e-06 |   8.6382131802414219e-06 | 1
  3, 43 |   0.0000000000000000e+00 |   0.0000000000000000e+00 | 1
  4,  1 |   1.0257112539241108e-03 |   1.0257112539241108e-03 | 1
  4,  2 |   1.1140670516200757e-03 |   1.1140670516200757e-03 | 1
  4,  3 |   1.0280270678989126e-03 |   1.0280270678989126e-03 | 1
  4,  4 |   2.5090616974284053e-03 |   2.5090616974284053e-03 | 1
  4,  5 |   1.2465730675171468e-03 |   1.2465730675171468e-03 | 1
  4,  6 |   1.0006812226358811e-03 |   1.0006812226358811e-03 | 1
  4,  7 |   8.6645108704234432e-04 |   8.6645108704234432e-04 | 1
  4,  8 |   1.1140734543747008e-03 |   1.1140734543747008e-03 | 1
  4,  9 |   9.5540322016067784e-04 |   9.5540322016067784e-04 | 1
  4, 10 |   1.1237664721122386e-03 |   1.1237664721122386e-03 | 1
  4, 11 |   1.0507855867380230e-03 |   1.0507855867380230e-03 | 1
  4, 12 |   9.9452865793055569e-04 |   9.9452865793055569e-04 | 1
  4, 13 |   1.0000392588755626e-03 |   1.0000392588755626e-03 | 1
  4, 14 |   1.2646190636082274e-03 |   1.2646190636082274e-03 | 1
  4, 15 |   1.3404630297818242e-03 |   1.3404630297818242e-03 | 1
  4, 16 |   1.2098334819899527e-03 |   1.2098334819899527e-03 | 1
  4, 17 |   1.0594260605106551e-03 |   1.0594260605106551e-03 | 1
  4, 18 |   1.0378481348717857e-03 |   1.0378481348717857e-03 | 1
  4, 19 |   1.2901078266211044e-03 |   1.2901078266211044e-03 | 1
  4, 20 |   1.1309981114491442e-03 |   1.1309981114491442e-03 | 1
  4, 21 |   8.6392344605039080e-04 |   8.6392344605039080e-04 | 1
  4, 22 |   7.3684982726730710e-04 |   7.3684982726730710e-04 | 1
  4, 23 |   1.2038962459644904e-03 |   1.2038962459644904e-03 | 1
  4, 24 |   1.1645214146561056e-03 |   1.1645214146561056e-03 | 1
  4, 25 |   1.0033555592524807e-03 |   1.0033555592524807e-03 | 1
  4, 26 |   1.2153009441773933e-03 |   1.2153009441773933e-03 | 1
  4, 27 |   1.0461786378338366e-03 |   1.0461786378338366e-03 | 1
  4, 28 |   1.1953521186466917e-03 |   1.1953521186466917e-03 | 1
  4, 29 |   1.0870899750893253e-03 |   1.0870899750893253e-03 | 1
  4, 30 |   1.1893699918792296e-03 |   1.1893699918792296e-03 | 1
  4, 31 |   1.0965842374640682e-03 |   1.0965842374640682e-03 | 1
  4, 32 |  -5.9298329204264571e-05 |  -5.9298329204264571e-05 | 1
  4, 33 |   2.4737188568248962e-04 |   2.4737188568248962e-04 | 1
  4, 34 |   1.1777934512181853e-03 |   1.1777934512181853e-03 | 1
  4, 35 |  -2.6308857467646125e-05 |  -2.6308857467646125e-05 | 1
  4, 36 |   1.6560628958809138e-05 |   1.6560628958809138e-05 | 1
  4, 37 |   1.7407194012756082e-04 |   1.7407194012756082e-04 | 1
  4, 38 |   3.1650037656816499e-04 |   3.1650037656816499e-04 | 1
  4, 39 |  -2.2813891456915963e-04 |  -2.2813891456915963e-04 | 1
  4, 40 |  -2.1020012484577613e-07 |  -2.1020012484577613e-07 | 1
  4, 41 |  -1.6518663840434336e-04 |  -1.6518663840434336e-04 | 1
  4, 42 |   7.6111917132598460e-06 |   7.6111917132598460e-06 | 1
  4, 43 |   0.0000000000000000e+00 |   0.0000000000000000e+00 | 1
  5,  1 |   1.2480003502478936e-03 |   1.2480003502478936e-03 | 1
  5,  2 |   1.3071701730448626e-03 |   1.3071701730448626e-03 | 1
  5,  3 |   1.2548728352017144e-03 |   1.2548728352017144e-03 | 1
  5,  4 |   1.2465730675171468e-03 |   1.2465730675171468e-03 | 1
  5,  5 |   1.5543423467575078e-02 |   1.5543423467575078e-02 | 1
  5,  6 |   1.2204240842464843e-03 |   1.2204240842464843e-03 | 1
  5,  7 |   1.0740945515760854e-03 |   1.0740945515760854e-03 | 1
  5,  8 |   1.2811697516155616e-03 |   1.2811697516155616e-03 | 1
  5,  9 |   1.1484156831316401e-03 |   1.1484156831316401e-03 | 1
  5, 10 |   1.1814600337129103e-03 |   1.1814600337129103e-03 | 1
  5, 11 |   9.5086605496346149e-04 |   9.5086605496346149e-04 | 1
  5, 12 |   1.1373389741991739e-03 |   1.1373389741991739e-03 | 1
  5, 13 |   1.2273340778340678e-03 |   1.2273340778340678e-03 | 1
  5, 14 |   1.4336077169318801e-03 |   1.4336077169318801e-03 | 1
  5, 15 |   1.3191922427191521e-03 |   1.3191922427191521e-03 | 1
  5, 16 |   1.2730584473635564e-03 |   1.2730584473635564e-03 | 1
  5, 17 |   1.2538502631024096e-03 |   1.2538502631024096e-03 | 1
  5, 18 |   1.2906780657546281e-03 |   1.2906780657546281e-03 | 1
  5, 19 |   1.3669629171959357e-03 |   1.3669629171959357e-03 | 1
  5, 20 |   1.2594738876968577e-03 |   1.2594738876968577e-03 | 1
  5, 21 |   1.1070761421872765e-03 |   1.1070761421872765e-03 | 1
  5, 22 |   6.0815571565034073e-04 |   6.0815571565034073e-04 | 1
  5, 23 |   1.5025561771532085e-03 |   1.5025561771532085e-03 | 1
  5, 24 |   1.3007303780517767e-03 |   1.3007303780517767e-03 | 1
  5, 25 |   1.1787638967611397e-03 |   1.1787638967611397e-03 | 1
  5, 26 |   1.4080912852519512e-03 |   1.4080912852519512e-03 | 1
  5, 27 |   9.2546136641862746e-04 |   9.2546136641862746e-04 | 1
  5, 28 |   1.2348666299722430e-03 |   1.2348666299722430e-03 | 1
  5, 29 |   1.2878333697320587e-03 |   1.2878333697320587e-03 | 1
  5, 30 |   1.3143399526391992e-03 |   1.3143399526391992e-03 | 1
  5, 31 |   1.2335540744944935e-03 |   1.2335540744944935e-03 | 1
  5, 32 |   1.5094565430955899e-04 |   1.5094565430955899e-04 | 1
  5, 33 |   3.7212136845700254e-04 |   3.7212136845700254e-04 | 1
  5, 34 |   1.0730679628653747e-03 |   1.0730679628653747e-03 | 1
  5, 35 |  -4.5764688926004498e-05 |  -4.5764688926004498e-05 | 1
  5, 36 |   7.1573956175351882e-05 |   7.1573956175351882e-05 | 1
  5, 37 |   1.2670531459044033e-04 |   1.2670531459044033e-04 | 1
  5, 38 |   2.7086530656682034e-04 |   2.7086530656682034e-04 | 1
  5, 39 |  -2.8230994334601470e-04 |  -2.8230994334601470e-04 | 1
  5, 40 |  -2.4974061808646489e-07 |  -2.4974061808646489e-07 | 1
  5, 41 |  -1.9924612152868348e-04 |  -1.9924612152868348e-04 | 1
  5, 42 |   9.6727350414970170e-06 |   9.6727350414970170e-06 | 1
  5, 43 |   0.0000000000000000e+00 |   0.0000000000000000e+00 | 1
  6,  1 |   9.6676907703584388e-04 |   9.6676907703584388e-04 | 1
  6,  2 |   1.0592309548410528e-03 |   1.0592309548410528e-03 | 1
  6,  3 |   1.0178891081814427e-03 |   1.0178891081814427e-03 | 1
  6,  4 |   1.0006812226358811e-03 |   1.0006812226358811e-03 | 1
  6,  5 |   1.2204240842464843e-03 |   1.2204240842464843e-03 | 1
  6,  6 |   1.8864926396359293e-02 |   1.8864926396359293e-02 | 1
  6,  7 |   8.0458508245416505e-04 |   8.0458508245416505e-04 | 1
  6,  8 |   1.0485981686050058e-03 |   1.0485981686050058e-03 | 1
  6,  9 |   8.9069990823100321e-04 |   8.9069990823100321e-04 | 1
  6, 10 |   1.0425448236906589e-03 |   1.0425448236906589e-03 | 1
  6, 11 |   1.2252969395531951e-03 |   1.2252969395531951e-03 | 1
  6, 12 |   9.7978102310982080e-04 |   9.7978102310982080e-04 | 1
  6, 13 |   8.9972841931988201e-04 |   8.9972841931988201e-04 | 1
  6, 14 |   1.1519241353687309e-03 |   1.1519241353687309e-03 | 1
  6, 15 |   1.1161609822244963e-03 |   1.1161609822244963e-03 | 1
  6, 16 |   1.1133529844498300e-03 |   1.1133529844498300e-03 | 1
  6, 17 |   9.9044714657290180e-04 |   9.9044714657290180e-04 | 1
  6, 18 |   1.0140096670230758e-03 |   1.0140096670230758e-03 | 1
  6, 19 |   1.1781864913735548e-03 |   1.1781864913735548e-03 | 1
  6, 20 |   1.0713579051649150e-03 |   1.0713579051649150e-03 | 1
  6, 21 |   8.5966801007588138e-04 |   8.5966801007588138e-04 | 1
  6, 22 |   7.3630629782012289e-04 |   7.3630629782012289e-04 | 1
  6, 23 |   1.1662738892802053e-03 |   1.1662738892802053e-03 | 1
  6, 24 |   1.1024471372927114e-03 |   1.1024471372927114e-03 | 1
  6, 25 |   9.6364893225431118e-04 |   9.6364893225431118e-04 | 1
  6, 26 |   1.1911737647530484e-03 |   1.1911737647530484e-03 | 1
  6, 27 |   1.2353514568507647e-03 |   1.2353514568507647e-03 | 1
  6, 28 |   1.1532684415900135e-03 |   1.1532684415900135e-03 | 1
  6, 29 |   1.0547611075058341e-03 |   1.0547611075058341e-03 | 1
  6, 30 |   1.1616791076737036e-03 |   1.1616791076737036e-03 | 1
  6, 31 |   1.1069121905356053e-03 |   1.1069121905356053e-03 | 1
  6, 32 |   3.3848197422129444e-05 |   3.3848197422129444e-05 | 1
  6, 33 |  -1.7183302935670059e-04 |  -1.7183302935670059e-04 | 1
  6, 34 |   1.1574269379954114e-03 |   1.1574269379954114e-03 | 1
  6, 35 |  -5.5559276687091161e-05 |  -5.5559276687091161e-05 | 1
  6, 36 |   2.6447561727314656e-05 |   2.6447561727314656e-05 | 1
  6, 37 |   9.4624609749843953e-05 |   9.4624609749843953e-05 | 1
  6, 38 |   2.0391362102099820e-04 |   2.0391362102099820e-04 | 1
  6, 39 |  -1.4409782588068755e-04 |  -1.4409782588068755e-04 | 1
  6, 40 |  -1.5732494828082015e-07 |  -1.5732494828082015e-07 | 1
  6, 41 |  -1.7631510859472988e-04 |  -1.7631510859472988e-04 | 1
  6, 42 |   8.0252813912556998e-06 |   8.0252813912556998e-06 | 1
  6, 43 |   0.0000000000000000e+00 |   0.0000000000000000e+00 | 1
  7,  1 |   8.0229425686953102e-04 |   8.0229425686953102e-04 | 1
  7,  2 |   8.7921954162078868e-04 |   8.7921954162078868e-04 | 1
  7,  3 |   7.8205079846106155e-04 |   7.8205079846106155e-04 | 1
  7,  4 |   8.6645108704234432e-04 |   8.6645108704234432e-04 | 1
  7,  5 |   1.0740945515760854e-03 |   1.0740945515760854e-03 | 1
  7,  6 |   8.0458508245416505e-04 |   8.0458508245416505e-04 | 1
  7,  7 |   1.7297615187544413e-02 |   1.7297615187544413e-02 | 1
  7,  8 |   8.8789549354196346e-04 |   8.8789549354196346e-04 | 1
  7,  9 |   7.5014550960933912e-04 |   7.5014550960933912e-04 | 1
  7, 10 |   9.8688036128424025e-04 |   9.8688036128424025e-04 | 1
  7, 11 |   4.7403793970423865e-04 |   4.7403793970423865e-04 | 1
  7, 12 |   8.1364559369071572e-04 |   8.1364559369071572e-04 | 1
  7, 13 |   7.7804829201794838e-04 |   7.7804829201794838e-04 | 1
  7, 14 |   1.0918319801223094e-03 |   1.0918319801223094e-03 | 1
  7, 15 |   1.0917767603155749e-03 |   1.0917767603155749e-03 | 1
  7, 16 |   9.6987826793544540e-04 |   9.6987826793544540e-04 | 1
  7, 17 |   8.5235613247188987e-04 |   8.5235613247188987e-04 | 1
  7, 18 |   7.4720285454370964e-04 |   7.4720285454370964e-04 | 1
  7, 19 |   9.6841496985066312e-04 |   9.6841496985066312e-04 | 1
  7, 20 |   8.9757674957910319e-04 |   8.9757674957910319e-04 | 1
  7, 21 |   6.9566351203360476e-04 |   6.9566351203360476e-04 | 1
  7, 22 |   5.1257139430859670e-04 |   5.1257139430859670e-04 | 1
  7, 23 |   9.3515233335865282e-04 |   9.3515233335865282e-04 | 1
  7, 24 |   8.9049552559158408e-04 |   8.9049552559158408e-04 | 1
  7, 25 |   8.3312861670593874e-04 |   8.3312861670593874e-04 | 1
  7, 26 |   1.0770516672119236e-03 |   1.0770516672119236e-03 | 1
  7, 27 |   6.5448358848458135e-04 |   6.5448358848458135e-04 | 1
  7, 28 |   9.5045834821302390e-04 |   9.5045834821302390e-04 | 1
  7, 29 |   9.4510938577035660e-04 |   9.4510938577035660e-04 | 1
  7, 30 |   9.2796447416646768e-04 |   9.2796447416646768e-04 | 1
  7, 31 |   8.6887335999799955e-04 |   8.6887335999799955e-04 | 1
  7, 32 |  -5.6084388944641956e-05 |  -5.6084388944641956e-05 | 1
  7, 33 |   6.9722419778252449e-04 |   6.9722419778252449e-04 | 1
  7, 34 |   8.2364308839137613e-04 |   8.2364308839137613e-04 | 1
  7, 35 |  -1.3883829826397663e-05 |  -1.3883829826397663e-05 | 1
  7, 36 |  -1.1010826461139423e-06 |  -1.1010826461139423e-06 | 1
  7, 37 |   4.3774961313947321e-05 |   4.3774961313947321e-05 | 1
  7, 38 |   8.6910264251182737e-05 |   8.6910264251182737e-05 | 1
  7, 39 |  -2.8014803213357740e-04 |  -2.8014803213357740e-04 | 1
  7, 40 |  -1.1432007911388004e-07 |  -1.1432007911388004e-07 | 1
  7, 41 |  -1.1275238352800824e-04 |  -1.1275238352800824e-04 | 1
  7, 42 |   3.9931541149681090e-06 |   3.9931541149681090e-06 | 1
  7, 43 |   0.0000000000000000e+00 |   0.0000000000000000e+00 | 1
  8,  1 |   1.0404227861518331e-03 |   1.0404227861518331e-03 | 1
  8,  2 |   1.1376345635821235e-03 |   1.1376345635821235e-03 | 1
  8,  3 |   1.0549753245221215e-03 |   1.0549753245221215e-03 | 1
  8,  4 |   1.1140734543747008e-03 |   1.1140734543747008e-03 | 1
  8,  5 |   1.2811697516155616e-03 |   1.2811697516155616e-03 | 1
  8,  6 |   1.0485981686050058e-03 |   1.0485981686050058e-03 | 1
  8,  7 |   8.8789549354196346e-04 |   8.8789549354196346e-04 | 1
  8,  8 |   2.8438562592537730e-03 |   2.8438562592537730e-03 | 1
  8,  9 |   9.6835698481128707e-04 |   9.6835698481128707e-04 | 1
  8, 10 |   1.1585781410631221e-03 |   1.1585781410631221e-03 | 1
  8, 11 |   1.1922533164305401e-03 |   1.1922533164305401e-03 | 1
  8, 12 |   1.0298249129428848e-03 |   1.0298249129428848e-03 | 1
  8, 13 |   9.9606944417088197e-04 |   9.9606944417088197e-04 | 1
  8, 14 |   1.2757857935238376e-03 |   1.2757857935238376e-03 | 1
  8, 15 |   1.3478617102614513e-03 |   1.3478617102614513e-03 | 1
  8, 16 |   1.2530487022045184e-03 |   1.2530487022045184e-03 | 1
  8, 17 |   1.0679997440148923e-03 |   1.0679997440148923e-03 | 1
  8, 18 |   1.0372893194643402e-03 |   1.0372893194643402e-03 | 1
  8, 19 |   1.3154934812424478e-03 |   1.3154934812424478e-03 | 1
  8, 20 |   1.1657297923528490e-03 |   1.1657297923528490e-03 | 1
  8, 21 |   8.8123824230024260e-04 |   8.8123824230024260e-04 | 1
  8, 22 |   8.2470419078284362e-04 |   8.2470419078284362e-04 | 1
  8, 23 |   1.2418569889928992e-03 |   1.2418569889928992e-03 | 1
  8, 24 |   1.2061578982093908e-03 |   1.2061578982093908e-03 | 1
  8, 25 |   1.0294119247244034e-03 |   1.0294119247244034e-03 | 1
  8, 26 |   1.2348777122036204e-03 |   1.2348777122036204e-03 | 1
  8, 27 |   1.2352839849043157e-03 |   1.2352839849043157e-03 | 1
  8, 28 |   1.2396825252405908e-03 |   1.2396825252405908e-03 | 1
  8, 29 |   1.1076468112281249e-03 |   1.1076468112281249e-03 | 1
  8, 30 |   1.2398262672495340e-03 |   1.2398262672495340e-03 | 1
  8, 31 |   1.1556613454697326e-03 |   1.1556613454697326e-03 | 1
  8, 32 |  -5.4419142807102212e-05 |  -5.4419142807102212e-05 | 1
  8, 33 |   5.6652895297357300e-05 |   5.6652895297357300e-05 | 1
  8, 34 |   1.2723092088512836e-03 |   1.2723092088512836e-03 | 1
  8, 35 |  -8.1967691566745639e-06 |  -8.1967691566745639e-06 | 1
  8, 36 |   6.9491100256590372e-05 |   6.9491100256590372e-05 | 1
  8, 37 |   2.0842429674766089e-04 |   2.0842429674766089e-04 | 1
  8, 38 |   3.4829676259227752e-04 |   3.4829676259227752e-04 | 1
  8, 39 |  -1.9887533830682173e-04 |  -1.9887533830682173e-04 | 1
  8, 40 |  -2.1703414417001029e-07 |  -2.1703414417001029e-07 | 1
  8, 41 |  -1.7351903574409948e-04 |  -1.7351903574409948e-04 | 1
  8, 42 |   7.7799688629187156e-06 |   7.7799688629187156e-06 | 1
  8, 43 |   0.0000000000000000e+00 |   0.0000000000000000e+00 | 1
  9,  1 |   8.9815008357688989e-04 |   8.9815008357688989e-04 | 1
  9,  2 |   9.7860392720112792e-04 |   9.7860392720112792e-04 | 1
  9,  3 |   8.9890971194593204e-04 |   8.9890971194593204e-04 | 1
  9,  4 |   9.5540322016067784e-04 |   9.5540322016067784e-04 | 1
  9,  5 |   1.1484156831316401e-03 |   1.1484156831316401e-03 | 1
  9,  6 |   8.9069990823100321e-04 |   8.9069990823100321e-04 | 1
  9,  7 |   7.5014550960933912e-04 |   7.5014550960933912e-04 | 1
  9,  8 |   9.6835698481128707e-04 |   9.6835698481128707e-04 | 1
  9,  9 |   8.7288002426707603e-03 |   8.7288002426707603e-03 | 1
  9, 10 |   1.0091831142427774e-03 |   1.0091831142427774e-03 | 1
  9, 11 |   8.4138233227497631e-04 |   8.4138233227497631e-04 | 1
  9, 12 |   8.6660508966894686e-04 |   8.6660508966894686e-04 | 1
  9, 13 |   8.7541498776561358e-04 |   8.7541498776561358e-04 | 1
  9, 14 |   1.1443411794879504e-03 |   1.1443411794879504e-03 | 1
  9, 15 |   1.1414422094160380e-03 |   1.1414422094160380e-03 | 1
  9, 16 |   1.0553698253536101e-03 |   1.0553698253536101e-03 | 1
  9, 17 |   9.4075262626065097e-04 |   9.4075262626065097e-04 | 1
  9, 18 |   9.0096199464387273e-04 |   9.0096199464387273e-04 | 1
  9, 19 |   1.1203150677173805e-03 |   1.1203150677173805e-03 | 1
  9, 20 |   9.8585786191003979e-04 |   9.8585786191003979e-04 | 1
  9, 21 |   7.7052737743258488e-04 |   7.7052737743258488e-04 | 1
  9, 22 |   5.6609222414915608e-04 |   5.6609222414915608e-04 | 1
  9, 23 |   1.0468168768552185e-03 |   1.0468168768552185e-03 | 1
  9, 24 |   1.0047979239452580e-03 |   1.0047979239452580e-03 | 1
  9, 25 |   8.8807576462715662e-04 |   8.8807576462715662e-04 | 1
  9, 26 |   1.1294956786258327e-03 |   1.1294956786258327e-03 | 1
  9, 27 |   8.3842816906233943e-04 |   8.3842816906233943e-04 | 1
  9, 28 |   1.0474311962007858e-03 |   1.0474311962007858e-03 | 1
  9, 29 |   1.0013744833231397e-03 |   1.0013744833231397e-03 | 1
  9, 30 |   1.0427629345208574e-03 |   1.0427629345208574e-03 | 1
  9, 31 |   9.6776715884372422e-04 |   9.6776715884372422e-04 | 1
  9, 32 |  -4.0771410756712646e-05 |  -4.0771410756712646e-05 | 1
  9, 33 |   3.8148335999062775e-04 |   3.8148335999062775e-04 | 1
  9, 34 |   9.7361957449073906e-04 |   9.7361957449073906e-04 | 1
  9, 35 |  -3.1592005491358228e-05 |  -3.1592005491358228e-05 | 1
  9, 36 |  -1.6045984995085514e-06 |  -1.6045984995085514e-06 | 1
  9, 37 |   7.3067014031914503e-05 |   7.3067014031914503e-05 | 1
  9, 38 |   1.8252238724448692e-04 |   1.8252238724448692e-04 | 1
  9, 39 |  -2.4111630507659608e-04 |  -2.4111630507659608e-04 | 1
  9, 40 |  -1.4591060676286205e-07 |  -1.4591060676286205e-07 | 1
  9, 41 |  -1.4878702057703400e-04 |  -1.4878702057703400e-04 | 1
  9, 42 |   6.7545442421966858e-06 |   6.7545442421966858e-06 | 1
  9, 43 |   0.0000000000000000e+00 |   0.0000000000000000e+00 | 1
 10,  1 |   1.0084071503209391e-03 |   1.0084071503209391e-03 | 1
 10,  2 |   1.1071710060323314e-03 |   1.1071710060323314e-03 | 1
 10,  3 |   1.0302809527259532e-03 |   1.0302809527259532e-03 | 1
 10,  4 |   1.1237664721122386e-03 |   1.1237664721122386e-03 | 1
 10,  5 |   1.1814600337129103e-03 |   1.1814600337129103e-03 | 1
 10,  6 |   1.0425448236906589e-03 |   1.0425448236906589e-03 | 1
 10,  7 |   9.8688036128424025e-04 |   9.8688036128424025e-04 | 1
 10,  8 |   1.1585781410631221e-03 |   1.1585781410631221e-03 | 1
 10,  9 |   1.0091831142427774e-03 |   1.0091831142427774e-03 | 1
 10, 10 |   2.4167443027915871e-02 |   2.4167443027915871e-02 | 1
 10, 11 |   8.6763422642677614e-04 |   8.6763422642677614e-04 | 1
 10, 12 |   1.0153620182903052e-03 |   1.0153620182903052e-03 | 1
 10, 13 |   1.0294040240414648e-03 |   1.0294040240414648e-03 | 1
 10, 14 |   1.3539208776697470e-03 |   1.3539208776697470e-03 | 1
 10, 15 |   1.5108912093541359e-03 |   1.5108912093541359e-03 | 1
 10, 16 |   1.2766211293654709e-03 |   1.2766211293654709e-03 | 1
 10, 17 |   1.0668497171358289e-03 |   1.0668497171358289e-03 | 1
 10, 18 |   1.0151728878031829e-03 |   1.0151728878031829e-03 | 1
 10, 19 |   1.3654147326284567e-03 |   1.3654147326284567e-03 | 1
 10, 20 |   1.1926053672916491e-03 |   1.1926053672916491e-03 | 1
 10, 21 |   8.7911837925242495e-04 |   8.7911837925242495e-04 | 1
 10, 22 |   7.7271416263828151e-04 |   7.7271416263828151e-04 | 1
 10, 23 |   1.2096215229163135e-03 |   1.2096215229163135e-03 | 1
 10, 24 |   1.2339904494632794e-03 |   1.2339904494632794e-03 | 1
 10, 25 |   1.0446722842921462e-03 |   1.0446722842921462e-03 | 1
 10, 26 |   1.2086619557683269e-03 |   1.2086619557683269e-03 | 1
 10, 27 |   1.0720912532508485e-03 |   1.0720912532508485e-03 | 1
 10, 28 |   1.2242233837361583e-03 |   1.2242233837361583e-03 | 1
 10, 29 |   1.1280217920068370e-03 |   1.1280217920068370e-03 | 1
 10, 30 |   1.2188870108617435e-03 |   1.2188870108617435e-03 | 1
 10, 31 |   1.1261431763585541e-03 |   1.1261431763585541e-03 | 1
 10, 32 |  -2.0751309068163241e-04 |  -2.0751309068163241e-04 | 1
 10, 33 |   7.0473396831532346e-04 |   7.0473396831532346e-04 | 1
 10, 34 |   1.2517793639897903e-03 |   1.2517793639897903e-03 | 1
 10, 35 |  -5.8167262704366914e-05 |  -5.8167262704366914e-05 | 1
 10, 36 |   2.5657454529327616e-05 |   2.5657454529327616e-05 | 1
 10, 37 |   1.0601950349810316e-04 |   1.0601950349810316e-04 | 1
 10, 38 |   2.1221131635650449e-04 |   2.1221131635650449e-04 | 1
 10, 39 |  -1.9785265768985924e-04 |  -1.9785265768985924e-04 | 1
 10, 40 |  -1.7022068414965152e-07 |  -1.7022068414965152e-07 | 1
 10, 41 |  -1.6663440746265393e-04 |  -1.6663440746265393e-04 | 1
 10, 42 |   7.0687827437826082e-06 |   7.0687827437826082e-06 | 1
 10, 43 |   0.0000000000000000e+00 |   0.0000000000000000e+00 | 1
 11,  1 |   1.1822434200498299e-03 |   1.1822434200498299e-03 | 1
 11,  2 |   1.2345854435465006e-03 |   1.2345854435465006e-03 | 1
 11,  3 |   1.3330506138461875e-03 |   1.3330506138461875e-03 | 1
 11,  4 |   1.0507855867380230e-03 |   1.0507855867380230e-03 | 1
 11,  5 |   9.5086605496346149e-04 |   9.5086605496346149e-04 | 1
 11,  6 |   1.2252969395531951e-03 |   1.2252969395531951e-03 | 1
 11,  7 |   4.7403793970423865e-04 |   4.7403793970423865e-04 | 1
 11,  8 |   1.1922533164305401e-03 |   1.1922533164305401e-03 | 1
 11,  9 |   8.4138233227497631e-04 |   8.4138233227497631e-04 | 1
 11, 10 |   8.6763422642677614e-04 |   8.6763422642677614e-04 | 1
 11, 11 |   1.0410760624839487e-02 |   1.0410760624839487e-02 | 1
 11, 12 |   1.2832214150186477e-03 |   1.2832214150186477e-03 | 1
 11, 13 |   5.8361144119467470e-04 |   5.8361144119467470e-04 | 1
 11, 14 |   2.6687440721471654e-04 |   2.6687440721471654e-04 | 1
 11, 15 |   4.8572883728725710e-04 |   4.8572883728725710e-04 | 1
 11, 16 |   1.7171736626701952e-03 |   1.7171736626701952e-03 | 1
 11, 17 |   1.2117615640745700e-03 |   1.2117615640745700e-03 | 1
 11, 18 |   1.1742872061655581e-03 |   1.1742872061655581e-03 | 1
 11, 19 |   1.4595324282956229e-03 |   1.4595324282956229e-03 | 1
 11, 20 |   1.3956700685390632e-03 |   1.3956700685390632e-03 | 1
 11, 21 |   1.0522808169311653e-03 |   1.0522808169311653e-03 | 1
 11, 22 |   4.8541899805056611e-03 |   4.8541899805056611e-03 | 1
 11, 23 |   1.4335912916716908e-03 |   1.4335912916716908e-03 | 1
 11, 24 |   1.9955373747509979e-03 |   1.9955373747509979e-03 | 1
 11, 25 |   1.4675194035990860e-03 |   1.4675194035990860e-03 | 1
 11, 26 |   1.4234895757930049e-03 |   1.4234895757930049e-03 | 1
 11, 27 |   7.6514228407920781e-03 |   7.6514228407920781e-03 | 1
 11, 28 |   2.9645960396122006e-03 |   2.9645960396122006e-03 | 1
 11, 29 |   1.2076886521700685e-03 |   1.2076886521700685e-03 | 1
 11, 30 |   2.4890040977234460e-03 |   2.4890040977234460e-03 | 1
 11, 31 |   2.6683083070166173e-03 |   2.6683083070166173e-03 | 1
 11, 32 |   4.7976560065395599e-04 |   4.7976560065395599e-04 | 1
 11, 33 |  -1.1121050003157475e-02 |  -1.1121050003157475e-02 | 1
 11, 34 |   4.6647996233704775e-03 |   4.6647996233704775e-03 | 1
 11, 35 |  -1.8863582760254480e-04 |  -1.8863582760254480e-04 | 1
 11, 36 |  -1.3124081857491743e-04 |  -1.3124081857491743e-04 | 1
 11, 37 |  -1.0325773837673296e-05 |  -1.0325773837673296e-05 | 1
 11, 38 |   9.6260397079656702e-05 |   9.6260397079656702e-05 | 1
 11, 39 |  -3.7114032474689555e-04 |  -3.7114032474689555e-04 | 1
 11, 40 |  -1.3360021197694165e-07 |  -1.3360021197694165e-07 | 1
 11, 41 |  -2.1528248872610219e-04 |  -2.1528248872610219e-04 | 1
 11, 42 |   1.1195611848077146e-05 |   1.1195611848077146e-05 | 1
 11, 43 |   0.0000000000000000e+00 |   0.0000000000000000e+00 | 1
 12,  1 |   9.4340615280135635e-04 |   9.4340615280135635e-04 | 1
 12,  2 |   1.0429877863687344e-03 |   1.0429877863687344e-03 | 1
 12,  3 |   9.6705628738231271e-04 |   9.6705628738231271e-04 | 1
 12,  4 |   9.9452865793055569e-04 |   9.9452865793055569e-04 | 1
 12,  5 |   1.1373389741991739e-03 |   1.1373389741991739e-03 | 1
 12,  6 |   9.7978102310982080e-04 |   9.7978102310982080e-04 | 1
 12,  7 |   8.1364559369071572e-04 |   8.1364559369071572e-04 | 1
 12,  8 |   1.0298249129428848e-03 |   1.0298249129428848e-03 | 1
 12,  9 |   8.6660508966894686e-04 |   8.6660508966894686e-04 | 1
 12, 10 |   1.0153620182903052e-03 |   1.0153620182903052e-03 | 1
 12, 11 |   1.2832214150186477e-03 |   1.2832214150186477e-03 | 1
 12, 12 |   1.5817480072512255e-02 |   1.5817480072512255e-02 | 1
 12, 13 |   8.6320659932540142e-04 |   8.6320659932540142e-04 | 1
 12, 14 |   1.1169394939624479e-03 |   1.1169394939624479e-03 | 1
 12, 15 |   1.1711576790876341e-03 |   1.1711576790876341e-03 | 1
 12, 16 |   1.1430960659485141e-03 |   1.1430960659485141e-03 | 1
 12, 17 |   9.6164216558329433e-04 |   9.6164216558329433e-04 | 1
 12, 18 |   9.5121734602799648e-04 |   9.5121734602799648e-04 | 1
 12, 19 |   1.1617179092410063e-03 |   1.1617179092410063e-03 | 1
 12, 20 |   1.0723090511859377e-03 |   1.0723090511859377e-03 | 1
 12, 21 |   8.1009970571020728e-04 |   8.1009970571020728e-04 | 1
 12, 22 |   8.4750441207260738e-04 |   8.4750441207260738e-04 | 1
 12, 23 |   1.0917612696214538e-03 |   1.0917612696214538e-03 | 1
 12, 24 |   1.0806159231580631e-03 |   1.0806159231580631e-03 | 1
 12, 25 |   9.5793150811231587e-04 |   9.5793150811231587e-04 | 1
 12, 26 |   1.1536047124434713e-03 |   1.1536047124434713e-03 | 1
 12, 27 |   1.3832871192416354e-03 |   1.3832871192416354e-03 | 1
 12, 28 |   1.1910204091430854e-03 |   1.1910204091430854e-03 | 1
 12, 29 |   1.0220660880455434e-03 |   1.0220660880455434e-03 | 1
 12, 30 |   1.1751847507493907e-03 |   1.1751847507493907e-03 | 1
 12, 31 |   1.1179822658179172e-03 |   1.1179822658179172e-03 | 1
 12, 32 |   4.1974646680570259e-06 |   4.1974646680570259e-06 | 1
 12, 33 |  -3.8879090829868824e-04 |  -3.8879090829868824e-04 | 1
 12, 34 |   1.2590347033037720e-03 |   1.2590347033037720e-03 | 1
 12, 35 |   3.0273461389680734e-05 |   3.0273461389680734e-05 | 1
 12, 36 |   4.2726881207445274e-05 |   4.2726881207445274e-05 | 1
 12, 37 |   1.8291351941985683e-04 |   1.8291351941985683e-04 | 1
 12, 38 |   3.1684009837941289e-04 |   3.1684009837941289e-04 | 1
 12, 39 |  -9.0673669032291851e-05 |  -9.0673669032291851e-05 | 1
 12, 40 |  -1.9855587511893178e-07 |  -1.9855587511893178e-07 | 1
 12, 41 |  -1.6360502747319282e-04 |  -1.6360502747319282e-04 | 1
 12, 42 |   6.9903899949183539e-06 |   6.9903899949183539e-06 | 1
 12, 43 |   0.0000000000000000e+00 |   0.0000000000000000e+00 | 1
 13,  1 |   9.4544657030263006e-04 |   9.4544657030263006e-04 | 1
 13,  2 |   1.0155132887966867e-03 |   1.0155132887966867e-03 | 1
 13,  3 |   9.2703684276359589e-04 |   9.2703684276359589e-04 | 1
 13,  4 |   1.0000392588755626e-03 |   1.0000392588755626e-03 | 1
 13,  5 |   1.2273340778340678e-03 |   1.2273340778340678e-03 | 1
 13,  6 |   8.9972841931988201e-04 |   8.9972841931988201e-04 | 1
 13,  7 |   7.7804829201794838e-04 |   7.7804829201794838e-04 | 1
 13,  8 |   9.9606944417088197e-04 |   9.9606944417088197e-04 | 1
 13,  9 |   8.7541498776561358e-04 |   8.7541498776561358e-04 | 1
 13, 10 |   1.0294040240414648e-03 |   1.0294040240414648e-03 | 1
 13, 11 |   5.8361144119467470e-04 |   5.8361144119467470e-04 | 1
 13, 12 |   8.6320659932540142e-04 |   8.6320659932540142e-04 | 1
 13, 13 |   1.3179391284270963e-02 |   1.3179391284270963e-02 | 1
 13, 14 |   1.1897159437206336e-03 |   1.1897159437206336e-03 | 1
 13, 15 |   1.2191772155661215e-03 |   1.2191772155661215e-03 | 1
 13, 16 |   1.0605865132911102e-03 |   1.0605865132911102e-03 | 1
 13, 17 |   9.7860419567085029e-04 |   9.7860419567085029e-04 | 1
 13, 18 |   9.5749405363828579e-04 |   9.5749405363828579e-04 | 1
 13, 19 |   1.1768481536353730e-03 |   1.1768481536353730e-03 | 1
 13, 20 |   1.0008001619125999e-03 |   1.0008001619125999e-03 | 1
 13, 21 |   8.1302254769414313e-04 |   8.1302254769414313e-04 | 1
 13, 22 |   4.1650745439880384e-04 |   4.1650745439880384e-04 | 1
 13, 23 |   1.1099532219372996e-03 |   1.1099532219372996e-03 | 1
 13, 24 |   1.0171531698454739e-03 |   1.0171531698454739e-03 | 1
 13, 25 |   8.9872544114769559e-04 |   8.9872544114769559e-04 | 1
 13, 26 |   1.1203511065786987e-03 |   1.1203511065786987e-03 | 1
 13, 27 |   6.1222372770596066e-04 |   6.1222372770596066e-04 | 1
 13, 28 |   9.9516128130233542e-04 |   9.9516128130233542e-04 | 1
 13, 29 |   1.0186056629306497e-03 |   1.0186056629306497e-03 | 1
 13, 30 |   1.0304238866525525e-03 |   1.0304238866525525e-03 | 1
 13, 31 |   9.5833249140432901e-04 |   9.5833249140432901e-04 | 1
 13, 32 |  -5.2253675118020762e-05 |  -5.2253675118020762e-05 | 1
 13, 33 |   6.9319691936274911e-04 |   6.9319691936274911e-04 | 1
 13, 34 |   8.8614206182562061e-04 |   8.8614206182562061e-04 | 1
 13, 35 |  -3.0765995261496313e-05 |  -3.0765995261496313e-05 | 1
 13, 36 |   1.0175669980204385e-05 |   1.0175669980204385e-05 | 1
 13, 37 |   1.0796726390452439e-04 |   1.0796726390452439e-04 | 1
 13, 38 |   2.2364686475161697e-04 |   2.2364686475161697e-04 | 1
 13, 39 |  -1.9643726145907096e-04 |  -1.9643726145907096e-04 | 1
 13, 40 |  -1.9325787427189084e-07 |  -1.9325787427189084e-07 | 1
 13, 41 |  -1.5383861039983113e-04 |  -1.5383861039983113e-04 | 1
 13, 42 |   7.5425634868263360e-06 |   7.5425634868263360e-06 | 1
 13, 43 |   0.0000000000000000e+00 |   0.0000000000000000e+00 | 1
 14,  1 |   1.1570471941120110e-03 |   1.1570471941120110e-03 | 1
 14,  2 |   1.2699180313739365e-03 |   1.2699180313739365e-03 | 1
 14,  3 |   1.1699251631652977e-03 |   1.1699251631652977e-03 | 1
 14,  4 |   1.2646190636082274e-03 |   1.2646190636082274e-03 | 1
 14,  5 |   1.4336077169318801e-03 |   1.4336077169318801e-03 | 1
 14,  6 |   1.1519241353687309e-03 |   1.1519241353687309e-03 | 1
 14,  7 |   1.0918319801223094e-03 |   1.0918319801223094e-03 | 1
 14,  8 |   1.2757857935238376e-03 |   1.2757857935238376e-03 | 1
 14,  9 |   1.1443411794879504e-03 |   1.1443411794879504e-03 | 1
 14, 10 |   1.3539208776697470e-03 |   1.3539208776697470e-03 | 1
 14, 11 |   2.6687440721471654e-04 |   2.6687440721471654e-04 | 1
 14, 12 |   1.1169394939624479e-03 |   1.1169394939624479e-03 | 1
 14, 13 |   1.1897159437206336e-03 |   1.1897159437206336e-03 | 1
 14, 14 |   9.6691361225699716e-03 |   9.6691361225699716e-03 | 1
 14, 15 |   1.6295823418166558e-03 |   1.6295823418166558e-03 | 1
 14, 16 |   1.3576394295004555e-03 |   1.3576394295004555e-03 | 1
 14, 17 |   1.2070183830992464e-03 |   1.2070183830992464e-03 | 1
 14, 18 |   1.1886802309370127e-03 |   1.1886802309370127e-03 | 1
 14, 19 |   1.5023345364255465e-03 |   1.5023345364255465e-03 | 1
 14, 20 |   1.2915531052200731e-03 |   1.2915531052200731e-03 | 1
 14, 21 |   9.8920001165222300e-04 |   9.8920001165222300e-04 | 1
 14, 22 |   3.8995523469043282e-04 |   3.8995523469043282e-04 | 1
 14, 23 |   1.3604414281938675e-03 |   1.3604414281938675e-03 | 1
 14, 24 |   1.2723654511440385e-03 |   1.2723654511440385e-03 | 1
 14, 25 |   1.1196229645948925e-03 |   1.1196229645948925e-03 | 1
 14, 26 |   1.4007918149989483e-03 |   1.4007918149989483e-03 | 1
 14, 27 |   5.4552436514352775e-04 |   5.4552436514352775e-04 | 1
 14, 28 |   1.2120148610369748e-03 |   1.2120148610369748e-03 | 1
 14, 29 |   1.2709035207791326e-03 |   1.2709035207791326e-03 | 1
 14, 30 |   1.2700210922757674e-03 |   1.2700210922757674e-03 | 1
 14, 31 |   1.1308803671981036e-03 |   1.1308803671981036e-03 | 1
 14, 32 |  -1.5412272370231018e-04 |  -1.5412272370231018e-04 | 1
 14, 33 |   1.5527972805706282e-03 |   1.5527972805706282e-03 | 1
 14, 34 |   1.0108380775380238e-03 |   1.0108380775380238e-03 | 1
 14, 35 |  -6.1152337015903571e-06 |  -6.1152337015903571e-06 | 1
 14, 36 |   3.2046602597439779e-05 |   3.2046602597439779e-05 | 1
 14, 37 |   1.4417314698149305e-04 |   1.4417314698149305e-04 | 1
 14, 38 |   3.3955970892806021e-04 |   3.3955970892806021e-04 | 1
 14, 39 |  -2.4948429210795508e-04 |  -2.4948429210795508e-04 | 1
 14, 40 |  -2.0902406973529749e-07 |  -2.0902406973529749e-07 | 1
 14, 41 |  -2.0042455669329890e-04 |  -2.0042455669329890e-04 | 1
 14, 42 |   9.2228122998908651e-06 |   9.2228122998908651e-06 | 1
 14, 43 |   0.0000000000000000e+00 |   0.0000000000000000e+00 | 1
 15,  1 |   1.1642400760744072e-03 |   1.1642400760744072e-03 | 1
 15,  2 |   1.2893449762291990e-03 |   1.2893449762291990e-03 | 1
 15,  3 |   1.1200308056416113e-03 |   1.1200308056416113e-03 | 1
 15,  4 |   1.3404630297818242e-03 |   1.3404630297818242e-03 | 1
 15,  5 |   1.3191922427191521e-03 |   1.3191922427191521e-03 | 1
 15,  6 |   1.1161609822244963e-03 |   1.1161609822244963e-03 | 1
 15,  7 |   1.0917767603155749e-03 |   1.0917767603155749e-03 | 1
 15,  8 |   1.3478617102614513e-03 |   1.3478617102614513e-03 | 1
 15,  9 |   1.1414422094160380e-03 |   1.1414422094160380e-03 | 1
 15, 10 |   1.5108912093541359e-03 |   1.5108912093541359e-03 | 1
 15, 11 |   4.8572883728725710e-04 |   4.8572883728725710e-04 | 1
 15, 12 |   1.1711576790876341e-03 |   1.1711576790876341e-03 | 1
 15, 13 |   1.2191772155661215e-03 |   1.2191772155661215e-03 | 1
 15, 14 |   1.6295823418166558e-03 |   1.6295823418166558e-03 | 1
 15, 15 |   1.7998870733407054e-02 |   1.7998870733407054e-02 | 1
 15, 16 |   1.4933886336158302e-03 |   1.4933886336158302e-03 | 1
 15, 17 |   1.2247599461547359e-03 |   1.2247599461547359e-03 | 1
 15, 18 |   1.1413911415584465e-03 |   1.1413911415584465e-03 | 1
 15, 19 |   1.6381074587607804e-03 |   1.6381074587607804e-03 | 1
 15, 20 |   1.3757799900475090e-03 |   1.3757799900475090e-03 | 1
 15, 21 |   9.8232129448392203e-04 |   9.8232129448392203e-04 | 1
 15, 22 |   7.8538546714428245e-04 |   7.8538546714428245e-04 | 1
 15, 23 |   1.3254197197620102e-03 |   1.3254197197620102e-03 | 1
 15, 24 |   1.3762467469029599e-03 |   1.3762467469029599e-03 | 1
 15, 25 |   1.1799460975760699e-03 |   1.1799460975760699e-03 | 1
 15, 26 |   1.3802640642213608e-03 |   1.3802640642213608e-03 | 1
 15, 27 |   8.6899143067400682e-04 |   8.6899143067400682e-04 | 1
 15, 28 |   1.3360935163821580e-03 |   1.3360935163821580e-03 | 1
 15, 29 |   1.2413619445102002e-03 |   1.2413619445102002e-03 | 1
 15, 30 |   1.3679755328649130e-03 |   1.3679755328649130e-03 | 1
 15, 31 |   1.1418529983690030e-03 |   1.1418529983690030e-03 | 1
 15, 32 |  -3.4500598762527855e-04 |  -3.4500598762527855e-04 | 1
 15, 33 |   1.4172709451630880e-03 |   1.4172709451630880e-03 | 1
 15, 34 |   1.3308400247832245e-03 |   1.3308400247832245e-03 | 1
 15, 35 |  -1.5715055483683729e-05 |  -1.5715055483683729e-05 | 1
 15, 36 |   5.0898161647498324e-05 |   5.0898161647498324e-05 | 1
 15, 37 |   2.2860112944681350e-04 |   2.2860112944681350e-04 | 1
 15, 38 |   5.2070128486604887e-04 |   5.2070128486604887e-04 | 1
 15, 39 |  -2.1962072683720448e-04 |  -2.1962072683720448e-04 | 1
 15, 40 |  -3.1114839698511126e-07 |  -3.1114839698511126e-07 | 1
 15, 41 |  -1.4916081253242184e-04 |  -1.4916081253242184e-04 | 1
 15, 42 |   5.7942820611903958e-06 |   5.7942820611903958e-06 | 1
 15, 43 |   0.0000000000000000e+00 |   0.0000000000000000e+00 | 1
 16,  1 |   1.1183510654407956e-03 |   1.1183510654407956e-03 | 1
 16,  2 |   1.2230321217442481e-03 |   1.2230321217442481e-03 | 1
 16,  3 |   1.1467624468334756e-03 |   1.1467624468334756e-03 | 1
 16,  4 |   1.2098334819899527e-03 |   1.2098334819899527e-03 | 1
 16,  5 |   1.2730584473635564e-03 |   1.2730584473635564e-03 | 1
 16,  6 |   1.1133529844498300e-03 |   1.1133529844498300e-03 | 1
 16,  7 |   9.6987826793544540e-04 |   9.6987826793544540e-04 | 1
 16,  8 |   1.2530487022045184e-03 |   1.2530487022045184e-03 | 1
 16,  9 |   1.0553698253536101e-03 |   1.0553698253536101e-03 | 1
 16, 10 |   1.2766211293654709e-03 |   1.2766211293654709e-03 | 1
 16, 11 |   1.7171736626701952e-03 |   1.7171736626701952e-03 | 1
 16, 12 |   1.1430960659485141e-03 |   1.1430960659485141e-03 | 1
 16, 13 |   1.0605865132911102e-03 |   1.0605865132911102e-03 | 1
 16, 14 |   1.3576394295004555e-03 |   1.3576394295004555e-03 | 1
 16, 15 |   1.4933886336158302e-03 |   1.4933886336158302e-03 | 1
 16, 16 |   3.6560335108783192e-03 |   3.6560335108783192e-03 | 1
 16, 17 |   1.1657022970922248e-03 |   1.1657022970922248e-03 | 1
 16, 18 |   1.1136437171411881e-03 |   1.1136437171411881e-03 | 1
 16, 19 |   1.4594268297007012e-03 |   1.4594268297007012e-03 | 1
 16, 20 |   1.2729856776468578e-03 |   1.2729856776468578e-03 | 1
 16, 21 |   9.3877446966719302e-04 |   9.3877446966719302e-04 | 1
 16, 22 |   1.1414355519430285e-03 |   1.1414355519430285e-03 | 1
 16, 23 |   1.3271234662869124e-03 |   1.3271234662869124e-03 | 1
 16, 24 |   1.3560479497912743e-03 |   1.3560479497912743e-03 | 1
 16, 25 |   1.1523016420281599e-03 |   1.1523016420281599e-03 | 1
 16, 26 |   1.3297347917325011e-03 |   1.3297347917325011e-03 | 1
 16, 27 |   1.6273057932708725e-03 |   1.6273057932708725e-03 | 1
 16, 28 |   1.4544124950455787e-03 |   1.4544124950455787e-03 | 1
 16, 29 |   1.2023279065992991e-03 |   1.2023279065992991e-03 | 1
 16, 30 |   1.4086810180832937e-03 |   1.4086810180832937e-03 | 1
 16, 31 |   1.3240121192666216e-03 |   1.3240121192666216e-03 | 1
 16, 32 |  -1.0628430143274471e-04 |  -1.0628430143274471e-04 | 1
 16, 33 |  -3.2196285364565684e-04 |  -3.2196285364565684e-04 | 1
 16, 34 |   1.5805519738442157e-03 |   1.5805519738442157e-03 | 1
 16, 35 |   3.7692953098582450e-06 |   3.7692953098582450e-06 | 1
 16, 36 |   4.7355610283963213e-05 |   4.7355610283963213e-05 | 1
 16, 37 |   2.0728105607224081e-04 |   2.0728105607224081e-04 | 1
 16, 38 |   3.5770879791773084e-04 |   3.5770879791773084e-04 | 1
 16, 39 |  -2.6668944236877954e-04 |  -2.6668944236877954e-04 | 1
 16, 40 |  -2.1537578017922477e-07 |  -2.1537578017922477e-07 | 1
 16, 41 |  -1.8635668135582152e-04 |  -1.8635668135582152e-04 | 1
 16, 42 |   8.3393830471263029e-06 |   8.3393830471263029e-06 | 1
 16, 43 |   0.0000000000000000e+00 |   0.0000000000000000e+00 | 1
 17,  1 |   1.0123698257066913e-03 |   1.0123698257066913e-03 | 1
 17,  2 |   1.0873614004374707e-03 |   1.0873614004374707e-03 | 1
 17,  3 |   1.0192598664220680e-03 |   1.0192598664220680e-03 | 1
 17,  4 |   1.0594260605106551e-03 |   1.0594260605106551e-03 | 1
 17,  5 |   1.2538502631024096e-03 |   1.2538502631024096e-03 | 1
 17,  6 |   9.9044714657290180e-04 |   9.9044714657290180e-04 | 1
 17,  7 |   8.5235613247188987e-04 |   8.5235613247188987e-04 | 1
 17,  8 |   1.0679997440148923e-03 |   1.0679997440148923e-03 | 1
 17,  9 |   9.4075262626065097e-04 |   9.4075262626065097e-04 | 1
 17, 10 |   1.0668497171358289e-03 |   1.0668497171358289e-03 | 1
 17, 11 |   1.2117615640745700e-03 |   1.2117615640745700e-03 | 1
 17, 12 |   9.6164216558329433e-04 |   9.6164216558329433e-04 | 1
 17, 13 |   9.7860419567085029e-04 |   9.7860419567085029e-04 | 1
 17, 14 |   1.2070183830992464e-03 |   1.2070183830992464e-03 | 1
 17, 15 |   1.2247599461547359e-03 |   1.2247599461547359e-03 | 1
 17, 16 |   1.1657022970922248e-03 |   1.1657022970922248e-03 | 1
 17, 17 |   4.7046145956459945e-03 |   4.7046145956459945e-03 | 1
 17, 18 |   1.0323041192829942e-03 |   1.0323041192829942e-03 | 1
 17, 19 |   1.2390246635844840e-03 |   1.2390246635844840e-03 | 1
 17, 20 |   1.0982958509039890e-03 |   1.0982958509039890e-03 | 1
 17, 21 |   8.7209204823573657e-04 |   8.7209204823573657e-04 | 1
 17, 22 |   7.5451178765698968e-04 |   7.5451178765698968e-04 | 1
 17, 23 |   1.1839237773579709e-03 |   1.1839237773579709e-03 | 1
 17, 24 |   1.1339689354113230e-03 |   1.1339689354113230e-03 | 1
 17, 25 |   9.8740765500759291e-04 |   9.8740765500759291e-04 | 1
 17, 26 |   1.2130441791845519e-03 |   1.2130441791845519e-03 | 1
 17, 27 |   1.1294656508964477e-03 |   1.1294656508964477e-03 | 1
 17, 28 |   1.1921097493530503e-03 |   1.1921097493530503e-03 | 1
 17, 29 |   1.0957984767132228e-03 |   1.0957984767132228e-03 | 1
 17, 30 |   1.1945348715948080e-03 |   1.1945348715948080e-03 | 1
 17, 31 |   1.1257868239717755e-03 |   1.1257868239717755e-03 | 1
 17, 32 |  -1.9014204870807015e-06 |  -1.9014204870807015e-06 | 1
 17, 33 |  -2.4309261248086905e-05 |  -2.4309261248086905e-05 | 1
 17, 34 |   1.1810941571769144e-03 |   1.1810941571769144e-03 | 1
 17, 35 |  -2.4871499998875524e-05 |  -2.4871499998875524e-05 | 1
 17, 36 |  -7.2586844070631822e-06 |  -7.2586844070631822e-06 | 1
 17, 37 |   1.0587803622410884e-04 |   1.0587803622410884e-04 | 1
 17, 38 |   2.2782148160660216e-04 |   2.2782148160660216e-04 | 1
 17, 39 |  -2.2770153562722480e-04 |  -2.2770153562722480e-04 | 1
 17, 40 |  -1.8796639125775204e-07 |  -1.8796639125775204e-07 | 1
 17, 41 |  -1.6570017248812254e-04 |  -1.6570017248812254e-04 | 1
 17, 42 |   7.7480462567440908e-06 |   7.7480462567440908e-06 | 1
 17, 43 |   0.0000000000000000e+00 |   0.0000000000000000e+00 | 1
 18,  1 |   1.0091155444944449e-03 |   1.0091155444944449e-03 | 1
 18,  2 |   1.1041713372957809e-03 |   1.1041713372957809e-03 | 1
 18,  3 |   1.0165175615043189e-03 |   1.0165175615043189e-03 | 1
 18,  4 |   1.0378481348717857e-03 |   1.0378481348717857e-03 | 1
 18,  5 |   1.2906780657546281e-03 |   1.2906780657546281e-03 | 1
 18,  6 |   1.0140096670230758e-03 |   1.0140096670230758e-03 | 1
 18,  7 |   7.4720285454370964e-04 |   7.4720285454370964e-04 | 1
 18,  8 |   1.0372893194643402e-03 |   1.0372893194643402e-03 | 1
 18,  9 |   9.0096199464387273e-04 |   9.0096199464387273e-04 | 1
 18, 10 |   1.0151728878031829e-03 |   1.0151728878031829e-03 | 1
 18, 11 |   1.1742872061655581e-03 |   1.1742872061655581e-03 | 1
 18, 12 |   9.5121734602799648e-04 |   9.5121734602799648e-04 | 1
 18, 13 |   9.5749405363828579e-04 |   9.5749405363828579e-04 | 1
 18, 14 |   1.1886802309370127e-03 |   1.1886802309370127e-03 | 1
 18, 15 |   1.1413911415584465e-03 |   1.1413911415584465e-03 | 1
 18, 16 |   1.1136437171411881e-03 |   1.1136437171411881e-03 | 1
 18, 17 |   1.0323041192829942e-03 |   1.0323041192829942e-03 | 1
 18, 18 |   1.6002979576302562e-02 |   1.6002979576302562e-02 | 1
 18, 19 |   1.2428105931005854e-03 |   1.2428105931005854e-03 | 1
 18, 20 |   1.0873341199884342e-03 |   1.0873341199884342e-03 | 1
 18, 21 |   8.8066768083330826e-04 |   8.8066768083330826e-04 | 1
 18, 22 |   6.1720010418553947e-04 |   6.1720010418553947e-04 | 1
 18, 23 |   1.1708292268954917e-03 |   1.1708292268954917e-03 | 1
 18, 24 |   1.0879061271626322e-03 |   1.0879061271626322e-03 | 1
 18, 25 |   9.6798208405047344e-04 |   9.6798208405047344e-04 | 1
 18, 26 |   1.2495895158832031e-03 |   1.2495895158832031e-03 | 1
 18, 27 |   1.0800424833844508e-03 |   1.0800424833844508e-03 | 1
 18, 28 |   1.1495132880743769e-03 |   1.1495132880743769e-03 | 1
 18, 29 |   1.0767250422846482e-03 |   1.0767250422846482e-03 | 1
 18, 30 |   1.1629556387072939e-03 |   1.1629556387072939e-03 | 1
 18, 31 |   1.0779331480022254e-03 |   1.0779331480022254e-03 | 1
 18, 32 |   4.4042108125599182e-05 |   4.4042108125599182e-05 | 1
 18, 33 |  -9.2715527326261347e-05 |  -9.2715527326261347e-05 | 1
 18, 34 |   1.1073855486273315e-03 |   1.1073855486273315e-03 | 1
 18, 35 |  -6.4577479387882799e-05 |  -6.4577479387882799e-05 | 1
 18, 36 |  -4.9923617827060145e-05 |  -4.9923617827060145e-05 | 1
 18, 37 |   5.8738745894229681e-05 |   5.8738745894229681e-05 | 1
 18, 38 |   2.2541254123854072e-04 |   2.2541254123854072e-04 | 1
 18, 39 |  -1.1180724973741722e-04 |  -1.1180724973741722e-04 | 1
 18, 40 |  -1.8633461324585894e-07 |  -1.8633461324585894e-07 | 1
 18, 41 |  -1.8376700687873401e-04 |  -1.8376700687873401e-04 | 1
 18, 42 |   9.1394828182595974e-06 |   9.1394828182595974e-06 | 1
 18, 43 |   0.0000000000000000e+00 |   0.0000000000000000e+00 | 1
 19,  1 |   1.1814792872391711e-03 |   1.1814792872391711e-03 | 1
 19,  2 |   1.3025725202052032e-03 |   1.3025725202052032e-03 | 1
 19,  3 |   1.2105664808822179e-03 |   1.2105664808822179e-03 | 1
 19,  4 |   1.2901078266211044e-03 |   1.2901078266211044e-03 | 1
 19,  5 |   1.3669629171959357e-03 |   1.3669629171959357e-03 | 1
 19,  6 |   1.1781864913735548e-03 |   1.1781864913735548e-03 | 1
 19,  7 |   9.6841496985066312e-04 |   9.6841496985066312e-04 | 1
 19,  8 |   1.3154934812424478e-03 |   1.3154934812424478e-03 | 1
 19,  9 |   1.1203150677173805e-03 |   1.1203150677173805e-03 | 1
 19, 10 |   1.3654147326284567e-03 |   1.3654147326284567e-03 | 1
 19, 11 |   1.4595324282956229e-03 |   1.4595324282956229e-03 | 1
 19, 12 |   1.1617179092410063e-03 |   1.1617179092410063e-03 | 1
 19, 13 |   1.1768481536353730e-03 |   1.1768481536353730e-03 | 1
 19, 14 |   1.5023345364255465e-03 |   1.5023345364255465e-03 | 1
 19, 15 |   1.6381074587607804e-03 |   1.6381074587607804e-03 | 1
 19, 16 |   1.4594268297007012e-03 |   1.4594268297007012e-03 | 1
 19, 17 |   1.2390246635844840e-03 |   1.2390246635844840e-03 | 1
 19, 18 |   1.2428105931005854e-03 |   1.2428105931005854e-03 | 1
 19, 19 |   2.6335148422930776e-02 |   2.6335148422930776e-02 | 1
 19, 20 |   1.3238091983745230e-03 |   1.3238091983745230e-03 | 1
 19, 21 |   1.0063594276742602e-03 |   1.0063594276742602e-03 | 1
 19, 22 |   8.9173772327507186e-04 |   8.9173772327507186e-04 | 1
 19, 23 |   1.4158628265469458e-03 |   1.4158628265469458e-03 | 1
 19, 24 |   1.4115100278746736e-03 |   1.4115100278746736e-03 | 1
 19, 25 |   1.1734675096630042e-03 |   1.1734675096630042e-03 | 1
 19, 26 |   1.3968089632041280e-03 |   1.3968089632041280e-03 | 1
 19, 27 |   1.3555896451405082e-03 |   1.3555896451405082e-03 | 1
 19, 28 |   1.4317396105029804e-03 |   1.4317396105029804e-03 | 1
 19, 29 |   1.2645748079540622e-03 |   1.2645748079540622e-03 | 1
 19, 30 |   1.4429738462319399e-03 |   1.4429738462319399e-03 | 1
 19, 31 |   1.3173569522940542e-03 |   1.3173569522940542e-03 | 1
 19, 32 |  -1.9115673235035500e-04 |  -1.9115673235035500e-04 | 1
 19, 33 |   2.5566728931773335e-04 |   2.5566728931773335e-04 | 1
 19, 34 |   1.5064406230750843e-03 |   1.5064406230750843e-03 | 1
 19, 35 |  -3.6628126399587902e-05 |  -3.6628126399587902e-05 | 1
 19, 36 |   2.9990659133765942e-05 |   2.9990659133765942e-05 | 1
 19, 37 |   1.6048873128595559e-04 |   1.6048873128595559e-04 | 1
 19, 38 |   3.8956972122883261e-04 |   3.8956972122883261e-04 | 1
 19, 39 |  -2.1227643169024248e-04 |  -2.1227643169024248e-04 | 1
 19, 40 |  -2.2584788242154833e-07 |  -2.2584788242154833e-07 | 1
 19, 41 |  -2.1837813177300906e-04 |  -2.1837813177300906e-04 | 1
 19, 42 |   1.0910871735838583e-05 |   1.0910871735838583e-05 | 1
 19, 43 |   0.0000000000000000e+00 |   0.0000000000000000e+00 | 1
 20,  1 |   1.0556789127224180e-03 |   1.0556789127224180e-03 | 1
 20,  2 |   1.1557040609083422e-03 |   1.1557040609083422e-03 | 1
 20,  3 |   1.0799358960270941e-03 |   1.0799358960270941e-03 | 1
 20,  4 |   1.1309981114491442e-03 |   1.1309981114491442e-03 | 1
 20,  5 |   1.2594738876968577e-03 |   1.2594738876968577e-03 | 1
 20,  6 |   1.0713579051649150e-03 |   1.0713579051649150e-03 | 1
 20,  7 |   8.9757674957910319e-04 |   8.9757674957910319e-04 | 1
 20,  8 |   1.1657297923528490e-03 |   1.1657297923528490e-03 | 1
 20,  9 |   9.8585786191003979e-04 |   9.8585786191003979e-04 | 1
 20, 10 |   1.1926053672916491e-03 |   1.1926053672916491e-03 | 1
 20, 11 |   1.3956700685390632e-03 |   1.3956700685390632e-03 | 1
 20, 12 |   1.0723090511859377e-03 |   1.0723090511859377e-03 | 1
 20, 13 |   1.0008001619125999e-03 |   1.0008001619125999e-03 | 1
 20, 14 |   1.2915531052200731e-03 |   1.2915531052200731e-03 | 1
 20, 15 |   1.3757799900475090e-03 |   1.3757799900475090e-03 | 1
 20, 16 |   1.2729856776468578e-03 |   1.2729856776468578e-03 | 1
 20, 17 |   1.0982958509039890e-03 |   1.0982958509039890e-03 | 1
 20, 18 |   1.0873341199884342e-03 |   1.0873341199884342e-03 | 1
 20, 19 |   1.3238091983745230e-03 |   1.3238091983745230e-03 | 1
 20, 20 |   9.0997594878327696e-03 |   9.0997594878327696e-03 | 1
 20, 21 |   9.1552080382650478e-04 |   9.1552080382650478e-04 | 1
 20, 22 |   9.4110802293746298e-04 |   9.4110802293746298e-04 | 1
 20, 23 |   1.2493314854238329e-03 |   1.2493314854238329e-03 | 1
 20, 24 |   1.2445919757048092e-03 |   1.2445919757048092e-03 | 1
 20, 25 |   1.0697095950495672e-03 |   1.0697095950495672e-03 | 1
 20, 26 |   1.2914981617035473e-03 |   1.2914981617035473e-03 | 1
 20, 27 |   1.3859323370778759e-03 |   1.3859323370778759e-03 | 1
 20, 28 |   1.3242790558658396e-03 |   1.3242790558658396e-03 | 1
 20, 29 |   1.1516930648934691e-03 |   1.1516930648934691e-03 | 1
 20, 30 |   1.2948283881715141e-03 |   1.2948283881715141e-03 | 1
 20, 31 |   1.2107143506464059e-03 |   1.2107143506464059e-03 | 1
 20, 32 |  -5.5681957888556280e-05 |  -5.5681957888556280e-05 | 1
 20, 33 |  -9.5789914083759464e-05 |  -9.5789914083759464e-05 | 1
 20, 34 |   1.3666938305515915e-03 |   1.3666938305515915e-03 | 1
 20, 35 |  -7.6499242060750215e-05 |  -7.6499242060750215e-05 | 1
 20, 36 |  -1.7514765872337794e-05 |  -1.7514765872337794e-05 | 1
 20, 37 |   1.1611739843480128e-04 |   1.1611739843480128e-04 | 1
 20, 38 |   2.4348971470050638e-04 |   2.4348971470050638e-04 | 1
 20, 39 |  -2.2651826677599435e-04 |  -2.2651826677599435e-04 | 1
 20, 40 |  -1.8326922441569430e-07 |  -1.8326922441569430e-07 | 1
 20, 41 |  -1.6963581988821712e-04 |  -1.6963581988821712e-04 | 1
 20, 42 |   7.2913213506937409e-06 |   7.2913213506937409e-06 | 1
 20, 43 |   0.0000000000000000e+00 |   0.0000000000000000e+00 | 1
 21,  1 |   8.4838760609424818e-04 |   8.4838760609424818e-04 | 1
 21,  2 |   9.1073873186612534e-04 |   9.1073873186612534e-04 | 1
 21,  3 |   8.5305249118393172e-04 |   8.5305249118393172e-04 | 1
 21,  4 |   8.6392344605039080e-04 |   8.6392344605039080e-04 | 1
 21,  5 |   1.1070761421872765e-03 |   1.1070761421872765e-03 | 1
 21,  6 |   8.5966801007588138e-04 |   8.5966801007588138e-04 | 1
 21,  7 |   6.9566351203360476e-04 |   6.9566351203360476e-04 | 1
 21,  8 |   8.8123824230024260e-04 |   8.8123824230024260e-04 | 1
 21,  9 |   7.7052737743258488e-04 |   7.7052737743258488e-04 | 1
 21, 10 |   8.7911837925242495e-04 |   8.7911837925242495e-04 | 1
 21, 11 |   1.0522808169311653e-03 |   1.0522808169311653e-03 | 1
 21, 12 |   8.1009970571020728e-04 |   8.1009970571020728e-04 | 1
 21, 13 |   8.1302254769414313e-04 |   8.1302254769414313e-04 | 1
 21, 14 |   9.8920001165222300e-04 |   9.8920001165222300e-04 | 1
 21, 15 |   9.8232129448392203e-04 |   9.8232129448392203e-04 | 1
 21, 16 |   9.3877446966719302e-04 |   9.3877446966719302e-04 | 1
 21, 17 |   8.7209204823573657e-04 |   8.7209204823573657e-04 | 1
 21, 18 |   8.8066768083330826e-04 |   8.8066768083330826e-04 | 1
 21, 19 |   1.0063594276742602e-03 |   1.0063594276742602e-03 | 1
 21, 20 |   9.1552080382650478e-04 |   9.1552080382650478e-04 | 1
 21, 21 |   3.0102200134329012e-02 |   3.0102200134329012e-02 | 1
 21, 22 |   6.1413312059250299e-04 |   6.1413312059250299e-04 | 1
 21, 23 |   9.7118114910389860e-04 |   9.7118114910389860e-04 | 1
 21, 24 |   9.3828104650096487e-04 |   9.3828104650096487e-04 | 1
 21, 25 |   8.3906251204801077e-04 |   8.3906251204801077e-04 | 1
 21, 26 |   1.0633945076211962e-03 |   1.0633945076211962e-03 | 1
 21, 27 |   1.0128832026333927e-03 |   1.0128832026333927e-03 | 1
 21, 28 |   9.8891708183275365e-04 |   9.8891708183275365e-04 | 1
 21, 29 |   9.3368919194193752e-04 |   9.3368919194193752e-04 | 1
 21, 30 |   1.0050504200695351e-03 |   1.0050504200695351e-03 | 1
 21, 31 |   9.3802571442958449e-04 |   9.3802571442958449e-04 | 1
 21, 32 |   5.1142886012899122e-05 |   5.1142886012899122e-05 | 1
 21, 33 |  -1.3879392036508450e-04 |  -1.3879392036508450e-04 | 1
 21, 34 |   9.6630896787139862e-04 |   9.6630896787139862e-04 | 1
 21, 35 |  -5.6404517491574871e-05 |  -5.6404517491574871e-05 | 1
 21, 36 |  -2.3306873347053862e-05 |  -2.3306873347053862e-05 | 1
 21, 37 |  -3.4346776485978745e-06 |  -3.4346776485978745e-06 | 1
 21, 38 |   1.2024040866217344e-04 |   1.2024040866217344e-04 | 1
 21, 39 |  -1.5731354261902633e-04 |  -1.5731354261902633e-04 | 1
 21, 40 |  -1.4398149761105767e-07 |  -1.4398149761105767e-07 | 1
 21, 41 |  -1.3633333582615306e-04 |  -1.3633333582615306e-04 | 1
 21, 42 |   6.1919924821120606e-06 |   6.1919924821120606e-06 | 1
 21, 43 |   0.0000000000000000e+00 |   0.0000000000000000e+00 | 1
 22,  1 |   7.2316205977478512e-04 |   7.2316205977478512e-04 | 1
 22,  2 |   7.7813865670973753e-04 |   7.7813865670973753e-04 | 1
 22,  3 |   7.5400191212984954e-04 |   7.5400191212984954e-04 | 1
 22,  4 |   7.3684982726730710e-04 |   7.3684982726730710e-04 | 1
 22,  5 |   6.0815571565034073e-04 |   6.0815571565034073e-04 | 1
 22,  6 |   7.3630629782012289e-04 |   7.3630629782012289e-04 | 1
 22,  7 |   5.1257139430859670e-04 |   5.1257139430859670e-04 | 1
 22,  8 |   8.2470419078284362e-04 |   8.2470419078284362e-04 | 1
 22,  9 |   5.6609222414915608e-04 |   5.6609222414915608e-04 | 1
 22, 10 |   7.7271416263828151e-04 |   7.7271416263828151e-04 | 1
 22, 11 |   4.8541899805056611e-03 |   4.8541899805056611e-03 | 1
 22, 12 |   8.4750441207260738e-04 |   8.4750441207260738e-04 | 1
 22, 13 |   4.1650745439880384e-04 |   4.1650745439880384e-04 | 1
 22, 14 |   3.8995523469043282e-04 |   3.8995523469043282e-04 | 1
 22, 15 |   7.8538546714428245e-04 |   7.8538546714428245e-04 | 1
 22, 16 |   1.1414355519430285e-03 |   1.1414355519430285e-03 | 1
 22, 17 |   7.5451178765698968e-04 |   7.5451178765698968e-04 | 1
 22, 18 |   6.1720010418553947e-04 |   6.1720010418553947e-04 | 1
 22, 19 |   8.9173772327507186e-04 |   8.9173772327507186e-04 | 1
 22, 20 |   9.4110802293746298e-04 |   9.4110802293746298e-04 | 1
 22, 21 |   6.1413312059250299e-04 |   6.1413312059250299e-04 | 1
 22, 22 |   3.3203813512357162e-02 |   3.3203813512357162e-02 | 1
 22, 23 |   8.1972504856763807e-04 |   8.1972504856763807e-04 | 1
 22, 24 |   1.2028417773559262e-03 |   1.2028417773559262e-03 | 1
 22, 25 |   9.1464617527108852e-04 |   9.1464617527108852e-04 | 1
 22, 26 |   8.9541443024412416e-04 |   8.9541443024412416e-04 | 1
 22, 27 |   3.9362729492589729e-03 |   3.9362729492589729e-03 | 1
 22, 28 |   1.7028496234521139e-03 |   1.7028496234521139e-03 | 1
 22, 29 |   7.7291339569085580e-04 |   7.7291339569085580e-04 | 1
 22, 30 |   1.4147758797665847e-03 |   1.4147758797665847e-03 | 1
 22, 31 |   1.4954782679098386e-03 |   1.4954782679098386e-03 | 1
 22, 32 |   9.3894514111518920e-05 |   9.3894514111518920e-05 | 1
 22, 33 |  -4.9667826671648783e-03 |  -4.9667826671648783e-03 | 1
 22, 34 |   2.5509501089344441e-03 |   2.5509501089344441e-03 | 1
 22, 35 |  -5.6345568158497392e-05 |  -5.6345568158497392e-05 | 1
 22, 36 |  -6.2733255740408435e-06 |  -6.2733255740408435e-06 | 1
 22, 37 |   1.8234919997681148e-04 |   1.8234919997681148e-04 | 1
 22, 38 |   2.2266696796994552e-04 |   2.2266696796994552e-04 | 1
 22, 39 |  -2.1479323752889712e-04 |  -2.1479323752889712e-04 | 1
 22, 40 |  -1.5590159749216191e-07 |  -1.5590159749216191e-07 | 1
 22, 41 |  -8.3330025809853363e-05 |  -8.3330025809853363e-05 | 1
 22, 42 |   2.3589215089297716e-06 |   2.3589215089297716e-06 | 1
 22, 43 |   0.0000000000000000e+00 |   0.0000000000000000e+00 | 1
 23,  1 |   1.1532609544724801e-03 |   1.1532609544724801e-03 | 1
 23,  2 |   1.2464485273195386e-03 |   1.2464485273195386e-03 | 1
 23,  3 |   1.1736038178259637e-03 |   1.1736038178259637e-03 | 1
 23,  4 |   1.2038962459644904e-03 |   1.2038962459644904e-03 | 1
 23,  5 |   1.5025561771532085e-03 |   1.5025561771532085e-03 | 1
 23,  6 |   1.1662738892802053e-03 |   1.1662738892802053e-03 | 1
 23,  7 |   9.3515233335865282e-04 |   9.3515233335865282e-04 | 1
 23,  8 |   1.2418569889928992e-03 |   1.2418569889928992e-03 | 1
 23,  9 |   1.0468168768552185e-03 |   1.0468168768552185e-03 | 1
 23, 10 |   1.2096215229163135e-03 |   1.2096215229163135e-03 | 1
 23, 11 |   1.4335912916716908e-03 |   1.4335912916716908e-03 | 1
 23, 12 |   1.0917612696214538e-03 |   1.0917612696214538e-03 | 1
 23, 13 |   1.1099532219372996e-03 |   1.1099532219372996e-03 | 1
 23, 14 |   1.3604414281938675e-03 |   1.3604414281938675e-03 | 1
 23, 15 |   1.3254197197620102e-03 |   1.3254197197620102e-03 | 1
 23, 16 |   1.3271234662869124e-03 |   1.3271234662869124e-03 | 1
 23, 17 |   1.1839237773579709e-03 |   1.1839237773579709e-03 | 1
 23, 18 |   1.1708292268954917e-03 |   1.1708292268954917e-03 | 1
 23, 19 |   1.4158628265469458e-03 |   1.4158628265469458e-03 | 1
 23, 20 |   1.2493314854238329e-03 |   1.2493314854238329e-03 | 1
 23, 21 |   9.7118114910389860e-04 |   9.7118114910389860e-04 | 1
 23, 22 |   8.1972504856763807e-04 |   8.1972504856763807e-04 | 1
 23, 23 |   1.8403431383762128e-02 |   1.8403431383762128e-02 | 1
 23, 24 |   1.3190542736179530e-03 |   1.3190542736179530e-03 | 1
 23, 25 |   1.1141801659073011e-03 |   1.1141801659073011e-03 | 1
 23, 26 |   1.3619856538336942e-03 |   1.3619856538336942e-03 | 1
 23, 27 |   1.3411396720597706e-03 |   1.3411396720597706e-03 | 1
 23, 28 |   1.3345806553231366e-03 |   1.3345806553231366e-03 | 1
 23, 29 |   1.2215899144813630e-03 |   1.2215899144813630e-03 | 1
 23, 30 |   1.3250381304492560e-03 |   1.3250381304492560e-03 | 1
 23, 31 |   1.2715984511996611e-03 |   1.2715984511996611e-03 | 1
 23, 32 |   1.6753577727747580e-05 |   1.6753577727747580e-05 | 1
 23, 33 |  -9.9468710996852773e-05 |  -9.9468710996852773e-05 | 1
 23, 34 |   1.3382375976390857e-03 |   1.3382375976390857e-03 | 1
 23, 35 |  -5.3663453364680071e-05 |  -5.3663453364680071e-05 | 1
 23, 36 |   6.4995792191357608e-05 |   6.4995792191357608e-05 | 1
 23, 37 |   1.9088921825991648e-04 |   1.9088921825991648e-04 | 1
 23, 38 |   2.8950621557650286e-04 |   2.8950621557650286e-04 | 1
 23, 39 |  -2.3309116817499514e-04 |  -2.3309116817499514e-04 | 1
 23, 40 |  -2.1060356878060703e-07 |  -2.1060356878060703e-07 | 1
 23, 41 |  -2.0757068233605172e-04 |  -2.0757068233605172e-04 | 1
 23, 42 |   1.0031271763139342e-05 |   1.0031271763139342e-05 | 1
 23, 43 |   0.0000000000000000e+00 |   0.0000000000000000e+00 | 1
 24,  1 |   1.0933101977537039e-03 |   1.0933101977537039e-03 | 1
 24,  2 |   1.1892267912138868e-03 |   1.1892267912138868e-03 | 1
 24,  3 |   1.1228646786543214e-03 |   1.1228646786543214e-03 | 1
 24,  4 |   1.1645214146561056e-03 |   1.1645214146561056e-03 | 1
 24,  5 |   1.3007303780517767e-03 |   1.3007303780517767e-03 | 1
 24,  6 |   1.1024471372927114e-03 |   1.1024471372927114e-03 | 1
 24,  7 |   8.9049552559158408e-04 |   8.9049552559158408e-04 | 1
 24,  8 |   1.2061578982093908e-03 |   1.2061578982093908e-03 | 1
 24,  9 |   1.0047979239452580e-03 |   1.0047979239452580e-03 | 1
 24, 10 |   1.2339904494632794e-03 |   1.2339904494632794e-03 | 1
 24, 11 |   1.9955373747509979e-03 |   1.9955373747509979e-03 | 1
 24, 12 |   1.0806159231580631e-03 |   1.0806159231580631e-03 | 1
 24, 13 |   1.0171531698454739e-03 |   1.0171531698454739e-03 | 1
 24, 14 |   1.2723654511440385e-03 |   1.2723654511440385e-03 | 1
 24, 15 |   1.3762467469029599e-03 |   1.3762467469029599e-03 | 1
 24, 16 |   1.3560479497912743e-03 |   1.3560479497912743e-03 | 1
 24, 17 |   1.1339689354113230e-03 |   1.1339689354113230e-03 | 1
 24, 18 |   1.0879061271626322e-03 |   1.0879061271626322e-03 | 1
 24, 19 |   1.4115100278746736e-03 |   1.4115100278746736e-03 | 1
 24, 20 |   1.2445919757048092e-03 |   1.2445919757048092e-03 | 1
 24, 21 |   9.3828104650096487e-04 |   9.3828104650096487e-04 | 1
 24, 22 |   1.2028417773559262e-03 |   1.2028417773559262e-03 | 1
 24, 23 |   1.3190542736179530e-03 |   1.3190542736179530e-03 | 1
 24, 24 |   4.5325635977056808e-03 |   4.5325635977056808e-03 | 1
 24, 25 |   1.1117952355855425e-03 |   1.1117952355855425e-03 | 1
 24, 26 |   1.3123380583896854e-03 |   1.3123380583896854e-03 | 1
 24, 27 |   1.7791015791792089e-03 |   1.7791015791792089e-03 | 1
 24, 28 |   1.4392534141806257e-03 |   1.4392534141806257e-03 | 1
 24, 29 |   1.1813747346195720e-03 |   1.1813747346195720e-03 | 1
 24, 30 |   1.3980495050686581e-03 |   1.3980495050686581e-03 | 1
 24, 31 |   1.3281405502241308e-03 |   1.3281405502241308e-03 | 1
 24, 32 |  -5.8286034183211943e-05 |  -5.8286034183211943e-05 | 1
 24, 33 |  -7.1425207070157303e-04 |  -7.1425207070157303e-04 | 1
 24, 34 |   1.6158259855949277e-03 |   1.6158259855949277e-03 | 1
 24, 35 |  -7.0085830317528631e-05 |  -7.0085830317528631e-05 | 1
 24, 36 |   3.3886597886286142e-05 |   3.3886597886286142e-05 | 1
 24, 37 |   1.5145554618997619e-04 |   1.5145554618997619e-04 | 1
 24, 38 |   2.7339675163048807e-04 |   2.7339675163048807e-04 | 1
 24, 39 |  -2.5214090383582116e-04 |  -2.5214090383582116e-04 | 1
 24, 40 |  -1.9962377080154601e-07 |  -1.9962377080154601e-07 | 1
 24, 41 |  -1.8102485642031334e-04 |  -1.8102485642031334e-04 | 1
 24, 42 |   8.2515529557658394e-06 |   8.2515529557658394e-06 | 1
 24, 43 |   0.0000000000000000e+00 |   0.0000000000000000e+00 | 1
 25,  1 |   9.6099010560237916e-04 |   9.6099010560237916e-04 | 1
 25,  2 |   1.0350313081155093e-03 |   1.0350313081155093e-03 | 1
 25,  3 |   9.8625392938357149e-04 |   9.8625392938357149e-04 | 1
 25,  4 |   1.0033555592524807e-03 |   1.0033555592524807e-03 | 1
 25,  5 |   1.1787638967611397e-03 |   1.1787638967611397e-03 | 1
 25,  6 |   9.6364893225431118e-04 |   9.6364893225431118e-04 | 1
 25,  7 |   8.3312861670593874e-04 |   8.3312861670593874e-04 | 1
 25,  8 |   1.0294119247244034e-03 |   1.0294119247244034e-03 | 1
 25,  9 |   8.8807576462715662e-04 |   8.8807576462715662e-04 | 1
 25, 10 |   1.0446722842921462e-03 |   1.0446722842921462e-03 | 1
 25, 11 |   1.4675194035990860e-03 |   1.4675194035990860e-03 | 1
 25, 12 |   9.5793150811231587e-04 |   9.5793150811231587e-04 | 1
 25, 13 |   8.9872544114769559e-04 |   8.9872544114769559e-04 | 1
 25, 14 |   1.1196229645948925e-03 |   1.1196229645948925e-03 | 1
 25, 15 |   1.1799460975760699e-03 |   1.1799460975760699e-03 | 1
 25, 16 |   1.1523016420281599e-03 |   1.1523016420281599e-03 | 1
 25, 17 |   9.8740765500759291e-04 |   9.8740765500759291e-04 | 1
 25, 18 |   9.6798208405047344e-04 |   9.6798208405047344e-04 | 1
 25, 19 |   1.1734675096630042e-03 |   1.1734675096630042e-03 | 1
 25, 20 |   1.0697095950495672e-03 |   1.0697095950495672e-03 | 1
 25, 21 |   8.3906251204801077e-04 |   8.3906251204801077e-04 | 1
 25, 22 |   9.1464617527108852e-04 |   9.1464617527108852e-04 | 1
 25, 23 |   1.1141801659073011e-03 |   1.1141801659073011e-03 | 1
 25, 24 |   1.1117952355855425e-03 |   1.1117952355855425e-03 | 1
 25, 25 |   1.2355774261603831e-02 |   1.2355774261603831e-02 | 1
 25, 26 |   1.1822679755560752e-03 |   1.1822679755560752e-03 | 1
 25, 27 |   1.4219792574864899e-03 |   1.4219792574864899e-03 | 1
 25, 28 |   1.2247406304133749e-03 |   1.2247406304133749e-03 | 1
 25, 29 |   1.0714429910338415e-03 |   1.0714429910338415e-03 | 1
 25, 30 |   1.2185249965127071e-03 |   1.2185249965127071e-03 | 1
 25, 31 |   1.1721424949530973e-03 |   1.1721424949530973e-03 | 1
 25, 32 |   8.9657832116319018e-06 |   8.9657832116319018e-06 | 1
 25, 33 |  -4.7160577813694599e-04 |  -4.7160577813694599e-04 | 1
 25, 34 |   1.2990883819500565e-03 |   1.2990883819500565e-03 | 1
 25, 35 |   5.8828006438018172e-06 |   5.8828006438018172e-06 | 1
 25, 36 |   2.0337056248668035e-05 |   2.0337056248668035e-05 | 1
 25, 37 |   1.1559352450468295e-04 |   1.1559352450468295e-04 | 1
 25, 38 |   2.2026473966769988e-04 |   2.2026473966769988e-04 | 1
 25, 39 |  -1.9874370314145365e-04 |  -1.9874370314145365e-04 | 1
 25, 40 |  -1.8064707435512594e-07 |  -1.8064707435512594e-07 | 1
 25, 41 |  -1.5333625299216060e-04 |  -1.5333625299216060e-04 | 1
 25, 42 |   6.5801555226272028e-06 |   6.5801555226272028e-06 | 1
 25, 43 |   0.0000000000000000e+00 |   0.0000000000000000e+00 | 1
 26,  1 |   1.1724709960744769e-03 |   1.1724709960744769e-03 | 1
 26,  2 |   1.2655903312018451e-03 |   1.2655903312018451e-03 | 1
 26,  3 |   1.2000400167394326e-03 |   1.2000400167394326e-03 | 1
 26,  4 |   1.2153009441773933e-03 |   1.2153009441773933e-03 | 1
 26,  5 |   1.4080912852519512e-03 |   1.4080912852519512e-03 | 1
 26,  6 |   1.1911737647530484e-03 |   1.1911737647530484e-03 | 1
 26,  7 |   1.0770516672119236e-03 |   1.0770516672119236e-03 | 1
 26,  8 |   1.2348777122036204e-03 |   1.2348777122036204e-03 | 1
 26,  9 |   1.1294956786258327e-03 |   1.1294956786258327e-03 | 1
 26, 10 |   1.2086619557683269e-03 |   1.2086619557683269e-03 | 1
 26, 11 |   1.4234895757930049e-03 |   1.4234895757930049e-03 | 1
 26, 12 |   1.1536047124434713e-03 |   1.1536047124434713e-03 | 1
 26, 13 |   1.1203511065786987e-03 |   1.1203511065786987e-03 | 1
 26, 14 |   1.4007918149989483e-03 |   1.4007918149989483e-03 | 1
 26, 15 |   1.3802640642213608e-03 |   1.3802640642213608e-03 | 1
 26, 16 |   1.3297347917325011e-03 |   1.3297347917325011e-03 | 1
 26, 17 |   1.2130441791845519e-03 |   1.2130441791845519e-03 | 1
 26, 18 |   1.2495895158832031e-03 |   1.2495895158832031e-03 | 1
 26, 19 |   1.3968089632041280e-03 |   1.3968089632041280e-03 | 1
 26, 20 |   1.2914981617035473e-03 |   1.2914981617035473e-03 | 1
 26, 21 |   1.0633945076211962e-03 |   1.0633945076211962e-03 | 1
 26, 22 |   8.9541443024412416e-04 |   8.9541443024412416e-04 | 1
 26, 23 |   1.3619856538336942e-03 |   1.3619856538336942e-03 | 1
 26, 24 |   1.3123380583896854e-03 |   1.3123380583896854e-03 | 1
 26, 25 |   1.1822679755560752e-03 |   1.1822679755560752e-03 | 1
 26, 26 |   2.7733487171522540e-02 |   2.7733487171522540e-02 | 1
 26, 27 |   1.3967022651578983e-03 |   1.3967022651578983e-03 | 1
 26, 28 |   1.4145215972477905e-03 |   1.4145215972477905e-03 | 1
 26, 29 |   1.2893380819363953e-03 |   1.2893380819363953e-03 | 1
 26, 30 |   1.4085406435629662e-03 |   1.4085406435629662e-03 | 1
 26, 31 |   1.3289964458736213e-03 |   1.3289964458736213e-03 | 1
 26, 32 |   4.1543498101410329e-05 |   4.1543498101410329e-05 | 1
 26, 33 |  -1.1566945712263587e-04 |  -1.1566945712263587e-04 | 1
 26, 34 |   1.3800529547823587e-03 |   1.3800529547823587e-03 | 1
 26, 35 |  -6.6897651789417787e-05 |  -6.6897651789417787e-05 | 1
 26, 36 |  -6.4957061756131914e-05 |  -6.4957061756131914e-05 | 1
 26, 37 |   2.4709676236066032e-05 |   2.4709676236066032e-05 | 1
 26, 38 |   1.7530232531792856e-04 |   1.7530232531792856e-04 | 1
 26, 39 |  -2.1836438917319080e-04 |  -2.1836438917319080e-04 | 1
 26, 40 |  -1.8004968235768527e-07 |  -1.8004968235768527e-07 | 1
 26, 41 |  -1.9642050922317415e-04 |  -1.9642050922317415e-04 | 1
 26, 42 |   8.7205542012044536e-06 |   8.7205542012044536e-06 | 1
 26, 43 |   0.0000000000000000e+00 |   0.0000000000000000e+00 | 1
 27,  1 |   1.1067375600615260e-03 |   1.1067375600615260e-03 | 1
 27,  2 |   1.2061505685477022e-03 |   1.2061505685477022e-03 | 1
 27,  3 |   1.2761260607731108e-03 |   1.2761260607731108e-03 | 1
 27,  4 |   1.0461786378338366e-03 |   1.0461786378338366e-03 | 1
 27,  5 |   9.2546136641862746e-04 |   9.2546136641862746e-04 | 1
 27,  6 |   1.2353514568507647e-03 |   1.2353514568507647e-03 | 1
 27,  7 |   6.5448358848458135e-04 |   6.5448358848458135e-04 | 1
 27,  8 |   1.2352839849043157e-03 |   1.2352839849043157e-03 | 1
 27,  9 |   8.3842816906233943e-04 |   8.3842816906233943e-04 | 1
 27, 10 |   1.0720912532508485e-03 |   1.0720912532508485e-03 | 1
 27, 11 |   7.6514228407920781e-03 |   7.6514228407920781e-03 | 1
 27, 12 |   1.3832871192416354e-03 |   1.3832871192416354e-03 | 1
 27, 13 |   6.1222372770596066e-04 |   6.1222372770596066e-04 | 1
 27, 14 |   5.4552436514352775e-04 |   5.4552436514352775e-04 | 1
 27, 15 |   8.6899143067400682e-04 |   8.6899143067400682e-04 | 1
 27, 16 |   1.6273057932708725e-03 |   1.6273057932708725e-03 | 1
 27, 17 |   1.1294656508964477e-03 |   1.1294656508964477e-03 | 1
 27, 18 |   1.0800424833844508e-03 |   1.0800424833844508e-03 | 1
 27, 19 |   1.3555896451405082e-03 |   1.3555896451405082e-03 | 1
 27, 20 |   1.3859323370778759e-03 |   1.3859323370778759e-03 | 1
 27, 21 |   1.0128832026333927e-03 |   1.0128832026333927e-03 | 1
 27, 22 |   3.9362729492589729e-03 |   3.9362729492589729e-03 | 1
 27, 23 |   1.3411396720597706e-03 |   1.3411396720597706e-03 | 1
 27, 24 |   1.7791015791792089e-03 |   1.7791015791792089e-03 | 1
 27, 25 |   1.4219792574864899e-03 |   1.4219792574864899e-03 | 1
 27, 26 |   1.3967022651578983e-03 |   1.3967022651578983e-03 | 1
 27, 27 |   3.3777807092938407e-02 |   3.3777807092938407e-02 | 1
 27, 28 |   2.5281735542281450e-03 |   2.5281735542281450e-03 | 1
 27, 29 |   1.1820258910455884e-03 |   1.1820258910455884e-03 | 1
 27, 30 |   2.1740762354655646e-03 |   2.1740762354655646e-03 | 1
 27, 31 |   2.2917210722466952e-03 |   2.2917210722466952e-03 | 1
 27, 32 |   2.9145283360486676e-04 |   2.9145283360486676e-04 | 1
 27, 33 |  -8.0590462137700037e-03 |  -8.0590462137700037e-03 | 1
 27, 34 |   3.8481757474074772e-03 |   3.8481757474074772e-03 | 1
 27, 35 |  -1.0427694322971157e-04 |  -1.0427694322971157e-04 | 1
 27, 36 |  -1.0119273428672077e-06 |  -1.0119273428672077e-06 | 1
 27, 37 |   1.0873381638086251e-04 |   1.0873381638086251e-04 | 1
 27, 38 |   1.9462950097344305e-04 |   1.9462950097344305e-04 | 1
 27, 39 |  -1.3933955015172744e-04 |  -1.3933955015172744e-04 | 1
 27, 40 |  -1.7512439987013050e-07 |  -1.7512439987013050e-07 | 1
 27, 41 |  -1.8742107787464961e-04 |  -1.8742107787464961e-04 | 1
 27, 42 |   7.5434407584449704e-06 |   7.5434407584449704e-06 | 1
 27, 43 |   0.0000000000000000e+00 |   0.0000000000000000e+00 | 1
 28,  1 |   1.1486727575882351e-03 |   1.1486727575882351e-03 | 1
 28,  2 |   1.2435469363056876e-03 |   1.2435469363056876e-03 | 1
 28,  3 |   1.2012110220900531e-03 |   1.2012110220900531e-03 | 1
 28,  4 |   1.1953521186466917e-03 |   1.1953521186466917e-03 | 1
 28,  5 |   1.2348666299722430e-03 |   1.2348666299722430e-03 | 1
 28,  6 |   1.1532684415900135e-03 |   1.1532684415900135e-03 | 1
 28,  7 |   9.5045834821302390e-04 |   9.5045834821302390e-04 | 1
 28,  8 |   1.2396825252405908e-03 |   1.2396825252405908e-03 | 1
 28,  9 |   1.0474311962007858e-03 |   1.0474311962007858e-03 | 1
 28, 10 |   1.2242233837361583e-03 |   1.2242233837361583e-03 | 1
 28, 11 |   2.9645960396122006e-03 |   2.9645960396122006e-03 | 1
 28, 12 |   1.1910204091430854e-03 |   1.1910204091430854e-03 | 1
 28, 13 |   9.9516128130233542e-04 |   9.9516128130233542e-04 | 1
 28, 14 |   1.2120148610369748e-03 |   1.2120148610369748e-03 | 1
 28, 15 |   1.3360935163821580e-03 |   1.3360935163821580e-03 | 1
 28, 16 |   1.4544124950455787e-03 |   1.4544124950455787e-03 | 1
 28, 17 |   1.1921097493530503e-03 |   1.1921097493530503e-03 | 1
 28, 18 |   1.1495132880743769e-03 |   1.1495132880743769e-03 | 1
 28, 19 |   1.4317396105029804e-03 |   1.4317396105029804e-03 | 1
 28, 20 |   1.3242790558658396e-03 |   1.3242790558658396e-03 | 1
 28, 21 |   9.8891708183275365e-04 |   9.8891708183275365e-04 | 1
 28, 22 |   1.7028496234521139e-03 |   1.7028496234521139e-03 | 1
 28, 23 |   1.3345806553231366e-03 |   1.3345806553231366e-03 | 1
 28, 24 |   1.4392534141806257e-03 |   1.4392534141806257e-03 | 1
 28, 25 |   1.2247406304133749e-03 |   1.2247406304133749e-03 | 1
 28, 26 |   1.4145215972477905e-03 |   1.4145215972477905e-03 | 1
 28, 27 |   2.5281735542281450e-03 |   2.5281735542281450e-03 | 1
 28, 28 |   8.4205169063929497e-03 |   8.4205169063929497e-03 | 1
 28, 29 |   1.2603764392821212e-03 |   1.2603764392821212e-03 | 1
 28, 30 |   1.6007168747812378e-03 |   1.6007168747812378e-03 | 1
 28, 31 |   1.5562453862360635e-03 |   1.5562453862360635e-03 | 1
 28, 32 |   2.2641695805358367e-05 |   2.2641695805358367e-05 | 1
 28, 33 |  -1.9354334686081556e-03 |  -1.9354334686081556e-03 | 1
 28, 34 |   2.0327516728671623e-03 |   2.0327516728671623e-03 | 1
 28, 35 |  -3.4976463586153859e-05 |  -3.4976463586153859e-05 | 1
 28, 36 |  -4.6749206074669857e-05 |  -4.6749206074669857e-05 | 1
 28, 37 |   1.0787768623369464e-04 |   1.0787768623369464e-04 | 1
 28, 38 |   2.4125075416846740e-04 |   2.4125075416846740e-04 | 1
 28, 39 |  -2.7743785463848439e-04 |  -2.7743785463848439e-04 | 1
 28, 40 |  -1.8956164640899918e-07 |  -1.8956164640899918e-07 | 1
 28, 41 |  -1.8617968368927476e-04 |  -1.8617968368927476e-04 | 1
 28, 42 |   8.1346078007941327e-06 |   8.1346078007941327e-06 | 1
 28, 43 |   0.0000000000000000e+00 |   0.0000000000000000e+00 | 1
 29,  1 |   1.0470803138988832e-03 |   1.0470803138988832e-03 | 1
 29,  2 |   1.1246898223485576e-03 |   1.1246898223485576e-03 | 1
 29,  3 |   1.0675507751245258e-03 |   1.0675507751245258e-03 | 1
 29,  4 |   1.0870899750893253e-03 |   1.0870899750893253e-03 | 1
 29,  5 |   1.2878333697320587e-03 |   1.2878333697320587e-03 | 1
 29,  6 |   1.0547611075058341e-03 |   1.0547611075058341e-03 | 1
 29,  7 |   9.4510938577035660e-04 |   9.4510938577035660e-04 | 1
 29,  8 |   1.1076468112281249e-03 |   1.1076468112281249e-03 | 1
 29,  9 |   1.0013744833231397e-03 |   1.0013744833231397e-03 | 1
 29, 10 |   1.1280217920068370e-03 |   1.1280217920068370e-03 | 1
 29, 11 |   1.2076886521700685e-03 |   1.2076886521700685e-03 | 1
 29, 12 |   1.0220660880455434e-03 |   1.0220660880455434e-03 | 1
 29, 13 |   1.0186056629306497e-03 |   1.0186056629306497e-03 | 1
 29, 14 |   1.2709035207791326e-03 |   1.2709035207791326e-03 | 1
 29, 15 |   1.2413619445102002e-03 |   1.2413619445102002e-03 | 1
 29, 16 |   1.2023279065992991e-03 |   1.2023279065992991e-03 | 1
 29, 17 |   1.0957984767132228e-03 |   1.0957984767132228e-03 | 1
 29, 18 |   1.0767250422846482e-03 |   1.0767250422846482e-03 | 1
 29, 19 |   1.2645748079540622e-03 |   1.2645748079540622e-03 | 1
 29, 20 |   1.1516930648934691e-03 |   1.1516930648934691e-03 | 1
 29, 21 |   9.3368919194193752e-04 |   9.3368919194193752e-04 | 1
 29, 22 |   7.7291339569085580e-04 |   7.7291339569085580e-04 | 1
 29, 23 |   1.2215899144813630e-03 |   1.2215899144813630e-03 | 1
 29, 24 |   1.1813747346195720e-03 |   1.1813747346195720e-03 | 1
 29, 25 |   1.0714429910338415e-03 |   1.0714429910338415e-03 | 1
 29, 26 |   1.2893380819363953e-03 |   1.2893380819363953e-03 | 1
 29, 27 |   1.1820258910455884e-03 |   1.1820258910455884e-03 | 1
 29, 28 |   1.2603764392821212e-03 |   1.2603764392821212e-03 | 1
 29, 29 |   1.0265385576811618e-02 |   1.0265385576811618e-02 | 1
 29, 30 |   1.2350500834854958e-03 |   1.2350500834854958e-03 | 1
 29, 31 |   1.1918329765970626e-03 |   1.1918329765970626e-03 | 1
 29, 32 |   4.4810571662590617e-06 |   4.4810571662590617e-06 | 1
 29, 33 |   6.3884049123461348e-05 |   6.3884049123461348e-05 | 1
 29, 34 |   1.2130543011379859e-03 |   1.2130543011379859e-03 | 1
 29, 35 |  -3.8076676365793714e-05 |  -3.8076676365793714e-05 | 1
 29, 36 |  -4.7813082505320390e-05 |  -4.7813082505320390e-05 | 1
 29, 37 |   1.6191294472973025e-05 |   1.6191294472973025e-05 | 1
 29, 38 |   9.5530409806450983e-05 |   9.5530409806450983e-05 | 1
 29, 39 |  -2.3244932974898026e-04 |  -2.3244932974898026e-04 | 1
 29, 40 |  -1.4633095786376819e-07 |  -1.4633095786376819e-07 | 1
 29, 41 |  -1.7962725061024877e-04 |  -1.7962725061024877e-04 | 1
 29, 42 |   8.1897265707036931e-06 |   8.1897265707036931e-06 | 1
 29, 43 |   0.0000000000000000e+00 |   0.0000000000000000e+00 | 1
 30,  1 |   1.1439212602885049e-03 |   1.1439212602885049e-03 | 1
 30,  2 |   1.2476756661868316e-03 |   1.2476756661868316e-03 | 1
 30,  3 |   1.1720371835669649e-03 |   1.1720371835669649e-03 | 1
 30,  4 |   1.1893699918792296e-03 |   1.1893699918792296e-03 | 1
 30,  5 |   1.3143399526391992e-03 |   1.3143399526391992e-03 | 1
 30,  6 |   1.1616791076737036e-03 |   1.1616791076737036e-03 | 1
 30,  7 |   9.2796447416646768e-04 |   9.2796447416646768e-04 | 1
 30,  8 |   1.2398262672495340e-03 |   1.2398262672495340e-03 | 1
 30,  9 |   1.0427629345208574e-03 |   1.0427629345208574e-03 | 1
 30, 10 |   1.2188870108617435e-03 |   1.2188870108617435e-03 | 1
 30, 11 |   2.4890040977234460e-03 |   2.4890040977234460e-03 | 1
 30, 12 |   1.1751847507493907e-03 |   1.1751847507493907e-03 | 1
 30, 13 |   1.0304238866525525e-03 |   1.0304238866525525e-03 | 1
 30, 14 |   1.2700210922757674e-03 |   1.2700210922757674e-03 | 1
 30, 15 |   1.3679755328649130e-03 |   1.3679755328649130e-03 | 1
 30, 16 |   1.4086810180832937e-03 |   1.4086810180832937e-03 | 1
 30, 17 |   1.1945348715948080e-03 |   1.1945348715948080e-03 | 1
 30, 18 |   1.1629556387072939e-03 |   1.1629556387072939e-03 | 1
 30, 19 |   1.4429738462319399e-03 |   1.4429738462319399e-03 | 1
 30, 20 |   1.2948283881715141e-03 |   1.2948283881715141e-03 | 1
 30, 21 |   1.0050504200695351e-03 |   1.0050504200695351e-03 | 1
 30, 22 |   1.4147758797665847e-03 |   1.4147758797665847e-03 | 1
 30, 23 |   1.3250381304492560e-03 |   1.3250381304492560e-03 | 1
 30, 24 |   1.3980495050686581e-03 |   1.3980495050686581e-03 | 1
 30, 25 |   1.2185249965127071e-03 |   1.2185249965127071e-03 | 1
 30, 26 |   1.4085406435629662e-03 |   1.4085406435629662e-03 | 1
 30, 27 |   2.1740762354655646e-03 |   2.1740762354655646e-03 | 1
 30, 28 |   1.6007168747812378e-03 |   1.6007168747812378e-03 | 1
 30, 29 |   1.2350500834854958e-03 |   1.2350500834854958e-03 | 1
 30, 30 |   9.7696189039485626e-03 |   9.7696189039485626e-03 | 1
 30, 31 |   1.4426610218313605e-03 |   1.4426610218313605e-03 | 1
 30, 32 |   1.3158274444414113e-05 |   1.3158274444414113e-05 | 1
 30, 33 |  -1.3606989794408236e-03 |  -1.3606989794408236e-03 | 1
 30, 34 |   1.8150685081652681e-03 |   1.8150685081652681e-03 | 1
 30, 35 |  -3.7527798849309905e-05 |  -3.7527798849309905e-05 | 1
 30, 36 |  -1.2173706261250861e-05 |  -1.2173706261250861e-05 | 1
 30, 37 |   8.8051355014315405e-05 |   8.8051355014315405e-05 | 1
 30, 38 |   2.6400622666832897e-04 |   2.6400622666832897e-04 | 1
 30, 39 |  -2.3673254407460722e-04 |  -2.3673254407460722e-04 | 1
 30, 40 |  -1.9634417869217760e-07 |  -1.9634417869217760e-07 | 1
 30, 41 |  -1.9324709579790055e-04 |  -1.9324709579790055e-04 | 1
 30, 42 |   8.7575271286589846e-06 |   8.7575271286589846e-06 | 1
 30, 43 |   0.0000000000000000e+00 |   0.0000000000000000e+00 | 1
 31,  1 |   1.0798743479830905e-03 |   1.0798743479830905e-03 | 1
 31,  2 |   1.1609591808736852e-03 |   1.1609591808736852e-03 | 1
 31,  3 |   1.1363219474017422e-03 |   1.1363219474017422e-03 | 1
 31,  4 |   1.0965842374640682e-03 |   1.0965842374640682e-03 | 1
 31,  5 |   1.2335540744944935e-03 |   1.2335540744944935e-03 | 1
 31,  6 |   1.1069121905356053e-03 |   1.1069121905356053e-03 | 1
 31,  7 |   8.6887335999799955e-04 |   8.6887335999799955e-04 | 1
 31,  8 |   1.1556613454697326e-03 |   1.1556613454697326e-03 | 1
 31,  9 |   9.6776715884372422e-04 |   9.6776715884372422e-04 | 1
 31, 10 |   1.1261431763585541e-03 |   1.1261431763585541e-03 | 1
 31, 11 |   2.6683083070166173e-03 |   2.6683083070166173e-03 | 1
 31, 12 |   1.1179822658179172e-03 |   1.1179822658179172e-03 | 1
 31, 13 |   9.5833249140432901e-04 |   9.5833249140432901e-04 | 1
 31, 14 |   1.1308803671981036e-03 |   1.1308803671981036e-03 | 1
 31, 15 |   1.1418529983690030e-03 |   1.1418529983690030e-03 | 1
 31, 16 |   1.3240121192666216e-03 |   1.3240121192666216e-03 | 1
 31, 17 |   1.1257868239717755e-03 |   1.1257868239717755e-03 | 1
 31, 18 |   1.0779331480022254e-03 |   1.0779331480022254e-03 | 1
 31, 19 |   1.3173569522940542e-03 |   1.3173569522940542e-03 | 1
 31, 20 |   1.2107143506464059e-03 |   1.2107143506464059e-03 | 1
 31, 21 |   9.3802571442958449e-04 |   9.3802571442958449e-04 | 1
 31, 22 |   1.4954782679098386e-03 |   1.4954782679098386e-03 | 1
 31, 23 |   1.2715984511996611e-03 |   1.2715984511996611e-03 | 1
 31, 24 |   1.3281405502241308e-03 |   1.3281405502241308e-03 | 1
 31, 25 |   1.1721424949530973e-03 |   1.1721424949530973e-03 | 1
 31, 26 |   1.3289964458736213e-03 |   1.3289964458736213e-03 | 1
 31, 27 |   2.2917210722466952e-03 |   2.2917210722466952e-03 | 1
 31, 28 |   1.5562453862360635e-03 |   1.5562453862360635e-03 | 1
 31, 29 |   1.1918329765970626e-03 |   1.1918329765970626e-03 | 1
 31, 30 |   1.4426610218313605e-03 |   1.4426610218313605e-03 | 1
 31, 31 |   1.9427738796914729e-02 |   1.9427738796914729e-02 | 1
 31, 32 |   6.1208766793981420e-05 |   6.1208766793981420e-05 | 1
 31, 33 |  -1.7374993847225359e-03 |  -1.7374993847225359e-03 | 1
 31, 34 |   1.8200065583906296e-03 |   1.8200065583906296e-03 | 1
 31, 35 |  -1.9629363263339336e-05 |  -1.9629363263339336e-05 | 1
 31, 36 |  -1.8383159827065187e-05 |  -1.8383159827065187e-05 | 1
 31, 37 |   7.0445264905027826e-05 |   7.0445264905027826e-05 | 1
 31, 38 |   1.1219530802644950e-04 |   1.1219530802644950e-04 | 1
 31, 39 |  -2.2086741558924279e-04 |  -2.2086741558924279e-04 | 1
 31, 40 |  -1.5480528649199373e-07 |  -1.5480528649199373e-07 | 1
 31, 41 |  -1.9396282176365354e-04 |  -1.9396282176365354e-04 | 1
 31, 42 |   8.9730405670938061e-06 |   8.9730405670938061e-06 | 1
 31, 43 |   0.0000000000000000e+00 |   0.0000000000000000e+00 | 1
 32,  1 |   3.1401450456222161e-05 |   3.1401450456222161e-05 | 1
 32,  2 |  -2.9460975388346622e-04 |  -2.9460975388346622e-04 | 1
 32,  3 |   1.9068264731126043e-05 |   1.9068264731126043e-05 | 1
 32,  4 |  -5.9298329204264571e-05 |  -5.9298329204264571e-05 | 1
 32,  5 |   1.5094565430955899e-04 |   1.5094565430955899e-04 | 1
 32,  6 |   3.3848197422129444e-05 |   3.3848197422129444e-05 | 1
 32,  7 |  -5.6084388944641956e-05 |  -5.6084388944641956e-05 | 1
 32,  8 |  -5.4419142807102212e-05 |  -5.4419142807102212e-05 | 1
 32,  9 |  -4.0771410756712646e-05 |  -4.0771410756712646e-05 | 1
 32, 10 |  -2.0751309068163241e-04 |  -2.0751309068163241e-04 | 1
 32, 11 |   4.7976560065395599e-04 |   4.7976560065395599e-04 | 1
 32, 12 |   4.1974646680570259e-06 |   4.1974646680570259e-06 | 1
 32, 13 |  -5.2253675118020762e-05 |  -5.2253675118020762e-05 | 1
 32, 14 |  -1.5412272370231018e-04 |  -1.5412272370231018e-04 | 1
 32, 15 |  -3.4500598762527855e-04 |  -3.4500598762527855e-04 | 1
 32, 16 |  -1.0628430143274471e-04 |  -1.0628430143274471e-04 | 1
 32, 17 |  -1.9014204870807015e-06 |  -1.9014204870807015e-06 | 1
 32, 18 |   4.4042108125599182e-05 |   4.4042108125599182e-05 | 1
 32, 19 |  -1.9115673235035500e-04 |  -1.9115673235035500e-04 | 1
 32, 20 |  -5.5681957888556280e-05 |  -5.5681957888556280e-05 | 1
 32, 21 |   5.1142886012899122e-05 |   5.1142886012899122e-05 | 1
 32, 22 |   9.3894514111518920e-05 |   9.3894514111518920e-05 | 1
 32, 23 |   1.6753577727747580e-05 |   1.6753577727747580e-05 | 1
 32, 24 |  -5.8286034183211943e-05 |  -5.8286034183211943e-05 | 1
 32, 25 |   8.9657832116319018e-06 |   8.9657832116319018e-06 | 1
 32, 26 |   4.1543498101410329e-05 |   4.1543498101410329e-05 | 1
 32, 27 |   2.9145283360486676e-04 |   2.9145283360486676e-04 | 1
 32, 28 |   2.2641695805358367e-05 |   2.2641695805358367e-05 | 1
 32, 29 |   4.4810571662590617e-06 |   4.4810571662590617e-06 | 1
 32, 30 |   1.3158274444414113e-05 |   1.3158274444414113e-05 | 1
 32, 31 |   6.1208766793981420e-05 |   6.1208766793981420e-05 | 1
 32, 32 |   3.8248099219598513e-04 |   3.8248099219598513e-04 | 1
 32, 33 |  -1.0144754503585791e-03 |  -1.0144754503585791e-03 | 1
 32, 34 |  -9.2347859112251942e-06 |  -9.2347859112251942e-06 | 1
 32, 35 |  -2.4585166628870264e-06 |  -2.4585166628870264e-06 | 1
 32, 36 |  -2.3625745549148349e-05 |  -2.3625745549148349e-05 | 1
 32, 37 |  -3.8732192730848575e-05 |  -3.8732192730848575e-05 | 1
 32, 38 |  -6.0576375092550360e-05 |  -6.0576375092550360e-05 | 1
 32, 39 |  -1.2043813561201500e-05 |  -1.2043813561201500e-05 | 1
 32, 40 |  -1.8929431147023347e-09 |  -1.8929431147023347e-09 | 1
 32, 41 |   2.2009322299625088e-06 |   2.2009322299625088e-06 | 1
 32, 42 |  -1.6674220619724748e-07 |  -1.6674220619724748e-07 | 1
 32, 43 |   0.0000000000000000e+00 |   0.0000000000000000e+00 | 1
 33,  1 |  -1.0701432715845450e-04 |  -1.0701432715845450e-04 | 1
 33,  2 |  -4.2364955111811651e-05 |  -4.2364955111811651e-05 | 1
 33,  3 |  -2.5615109313889561e-04 |  -2.5615109313889561e-04 | 1
 33,  4 |   2.4737188568248962e-04 |   2.4737188568248962e-04 | 1
 33,  5 |   3.7212136845700254e-04 |   3.7212136845700254e-04 | 1
 33,  6 |  -1.7183302935670059e-04 |  -1.7183302935670059e-04 | 1
 33,  7 |   6.9722419778252449e-04 |   6.9722419778252449e-04 | 1
 33,  8 |   5.6652895297357300e-05 |   5.6652895297357300e-05 | 1
 33,  9 |   3.8148335999062775e-04 |   3.8148335999062775e-04 | 1
 33, 10 |   7.0473396831532346e-04 |   7.0473396831532346e-04 | 1
 33, 11 |  -1.1121050003157475e-02 |  -1.1121050003157475e-02 | 1
 33, 12 |  -3.8879090829868824e-04 |  -3.8879090829868824e-04 | 1
 33, 13 |   6.9319691936274911e-04 |   6.9319691936274911e-04 | 1
 33, 14 |   1.5527972805706282e-03 |   1.5527972805706282e-03 | 1
 33, 15 |   1.4172709451630880e-03 |   1.4172709451630880e-03 | 1
 33, 16 |  -3.2196285364565684e-04 |  -3.2196285364565684e-04 | 1
 33, 17 |  -2.4309261248086905e-05 |  -2.4309261248086905e-05 | 1
 33, 18 |  -9.2715527326261347e-05 |  -9.2715527326261347e-05 | 1
 33, 19 |   2.5566728931773335e-04 |   2.5566728931773335e-04 | 1
 33, 20 |  -9.5789914083759464e-05 |  -9.5789914083759464e-05 | 1
 33, 21 |  -1.3879392036508450e-04 |  -1.3879392036508450e-04 | 1
 33, 22 |  -4.9667826671648783e-03 |  -4.9667826671648783e-03 | 1
 33, 23 |  -9.9468710996852773e-05 |  -9.9468710996852773e-05 | 1
 33, 24 |  -7.1425207070157303e-04 |  -7.1425207070157303e-04 | 1
 33, 25 |  -4.7160577813694599e-04 |  -4.7160577813694599e-04 | 1
 33, 26 |  -1.1566945712263587e-04 |  -1.1566945712263587e-04 | 1
 33, 27 |  -8.0590462137700037e-03 |  -8.0590462137700037e-03 | 1
 33, 28 |  -1.9354334686081556e-03 |  -1.9354334686081556e-03 | 1
 33, 29 |   6.3884049123461348e-05 |   6.3884049123461348e-05 | 1
 33, 30 |  -1.3606989794408236e-03 |  -1.3606989794408236e-03 | 1
 33, 31 |  -1.7374993847225359e-03 |  -1.7374993847225359e-03 | 1
 33, 32 |  -1.0144754503585791e-03 |  -1.0144754503585791e-03 | 1
 33, 33 |   1.4718938206317662e-02 |   1.4718938206317662e-02 | 1
 33, 34 |  -3.9624686373629795e-03 |  -3.9624686373629795e-03 | 1
 33, 35 |   9.1733680083057317e-05 |   9.1733680083057317e-05 | 1
 33, 36 |   1.3122644502125170e-04 |   1.3122644502125170e-04 | 1
 33, 37 |   3.4801784532922548e-05 |   3.4801784532922548e-05 | 1
 33, 38 |   9.6579381023917385e-05 |   9.6579381023917385e-05 | 1
 33, 39 |  -3.6660829411568118e-05 |  -3.6660829411568118e-05 | 1
 33, 40 |   2.4375050171493005e-08 |   2.4375050171493005e-08 | 1
 33, 41 |   6.8886873852340522e-06 |   6.8886873852340522e-06 | 1
 33, 42 |  -6.3684353718349862e-07 |  -6.3684353718349862e-07 | 1
 33, 43 |   0.0000000000000000e+00 |   0.0000000000000000e+00 | 1
 34,  1 |   1.1299554550052609e-03 |   1.1299554550052609e-03 | 1
 34,  2 |   1.2337000032313001e-03 |   1.2337000032313001e-03 | 1
 34,  3 |   1.2139660910409690e-03 |   1.2139660910409690e-03 | 1
 34,  4 |   1.1777934512181853e-03 |   1.1777934512181853e-03 | 1
 34,  5 |   1.0730679628653747e-03 |   1.0730679628653747e-03 | 1
 34,  6 |   1.1574269379954114e-03 |   1.1574269379954114e-03 | 1
 34,  7 |   8.2364308839137613e-04 |   8.2364308839137613e-04 | 1
 34,  8 |   1.2723092088512836e-03 |   1.2723092088512836e-03 | 1
 34,  9 |   9.7361957449073906e-04 |   9.7361957449073906e-04 | 1
 34, 10 |   1.2517793639897903e-03 |   1.2517793639897903e-03 | 1
 34, 11 |   4.6647996233704775e-03 |   4.6647996233704775e-03 | 1
 34, 12 |   1.2590347033037720e-03 |   1.2590347033037720e-03 | 1
 34, 13 |   8.8614206182562061e-04 |   8.8614206182562061e-04 | 1
 34, 14 |   1.0108380775380238e-03 |   1.0108380775380238e-03 | 1
 34, 15 |   1.3308400247832245e-03 |   1.3308400247832245e-03 | 1
 34, 16 |   1.5805519738442157e-03 |   1.5805519738442157e-03 | 1
 34, 17 |   1.1810941571769144e-03 |   1.1810941571769144e-03 | 1
 34, 18 |   1.1073855486273315e-03 |   1.1073855486273315e-03 | 1
 34, 19 |   1.5064406230750843e-03 |   1.5064406230750843e-03 | 1
 34, 20 |   1.3666938305515915e-03 |   1.3666938305515915e-03 | 1
 34, 21 |   9.6630896787139862e-04 |   9.6630896787139862e-04 | 1
 34, 22 |   2.5509501089344441e-03 |   2.5509501089344441e-03 | 1
 34, 23 |   1.3382375976390857e-03 |   1.3382375976390857e-03 | 1
 34, 24 |   1.6158259855949277e-03 |   1.6158259855949277e-03 | 1
 34, 25 |   1.2990883819500565e-03 |   1.2990883819500565e-03 | 1
 34, 26 |   1.3800529547823587e-03 |   1.3800529547823587e-03 | 1
 34, 27 |   3.8481757474074772e-03 |   3.8481757474074772e-03 | 1
 34, 28 |   2.0327516728671623e-03 |   2.0327516728671623e-03 | 1
 34, 29 |   1.2130543011379859e-03 |   1.2130543011379859e-03 | 1
 34, 30 |   1.8150685081652681e-03 |   1.8150685081652681e-03 | 1
 34, 31 |   1.8200065583906296e-03 |   1.8200065583906296e-03 | 1
 34, 32 |  -9.2347859112251942e-06 |  -9.2347859112251942e-06 | 1
 34, 33 |  -3.9624686373629795e-03 |  -3.9624686373629795e-03 | 1
 34, 34 |   3.3637430724575259e-03 |   3.3637430724575259e-03 | 1
 34, 35 |  -5.8819549833957830e-05 |  -5.8819549833957830e-05 | 1
 34, 36 |  -1.1854185843463750e-05 |  -1.1854185843463750e-05 | 1
 34, 37 |   1.6981611231224196e-04 |   1.6981611231224196e-04 | 1
 34, 38 |   2.9228660761289002e-04 |   2.9228660761289002e-04 | 1
 34, 39 |  -2.2910755047692667e-04 |  -2.2910755047692667e-04 | 1
 34, 40 |  -2.0548675987747374e-07 |  -2.0548675987747374e-07 | 1
 34, 41 |  -1.8630040835874610e-04 |  -1.8630040835874610e-04 | 1
 34, 42 |   8.1881773192138134e-06 |   8.1881773192138134e-06 | 1
 34, 43 |   0.0000000000000000e+00 |   0.0000000000000000e+00 | 1
 35,  1 |  -2.6227532711407960e-05 |  -2.6227532711407960e-05 | 1
 35,  2 |  -2.0095525832013989e-05 |  -2.0095525832013989e-05 | 1
 35,  3 |  -4.2319882570212089e-05 |  -4.2319882570212089e-05 | 1
 35,  4 |  -2.6308857467646125e-05 |  -2.6308857467646125e-05 | 1
 35,  5 |  -4.5764688926004498e-05 |  -4.5764688926004498e-05 | 1
 35,  6 |  -5.5559276687091161e-05 |  -5.5559276687091161e-05 | 1
 35,  7 |  -1.3883829826397663e-05 |  -1.3883829826397663e-05 | 1
 35,  8 |  -8.1967691566745639e-06 |  -8.1967691566745639e-06 | 1
 35,  9 |  -3.1592005491358228e-05 |  -3.1592005491358228e-05 | 1
 35, 10 |  -5.8167262704366914e-05 |  -5.8167262704366914e-05 | 1
 35, 11 |  -1.8863582760254480e-04 |  -1.8863582760254480e-04 | 1
 35, 12 |   3.0273461389680734e-05 |   3.0273461389680734e-05 | 1
 35, 13 |  -3.0765995261496313e-05 |  -3.0765995261496313e-05 | 1
 35, 14 |  -6.1152337015903571e-06 |  -6.1152337015903571e-06 | 1
 35, 15 |  -1.5715055483683729e-05 |  -1.5715055483683729e-05 | 1
 35, 16 |   3.7692953098582450e-06 |   3.7692953098582450e-06 | 1
 35, 17 |  -2.4871499998875524e-05 |  -2.4871499998875524e-05 | 1
 35, 18 |  -6.4577479387882799e-05 |  -6.4577479387882799e-05 | 1
 35, 19 |  -3.6628126399587902e-05 |  -3.6628126399587902e-05 | 1
 35, 20 |  -7.6499242060750215e-05 |  -7.6499242060750215e-05 | 1
 35, 21 |  -5.6404517491574871e-05 |  -5.6404517491574871e-05 | 1
 35, 22 |  -5.6345568158497392e-05 |  -5.6345568158497392e-05 | 1
 35, 23 |  -5.3663453364680071e-05 |  -5.3663453364680071e-05 | 1
 35, 24 |  -7.0085830317528631e-05 |  -7.0085830317528631e-05 | 1
 35, 25 |   5.8828006438018172e-06 |   5.8828006438018172e-06 | 1
 35, 26 |  -6.6897651789417787e-05 |  -6.6897651789417787e-05 | 1
 35, 27 |  -1.0427694322971157e-04 |  -1.0427694322971157e-04 | 1
 35, 28 |  -3.4976463586153859e-05 |  -3.4976463586153859e-05 | 1
 35, 29 |  -3.8076676365793714e-05 |  -3.8076676365793714e-05 | 1
 35, 30 |  -3.7527798849309905e-05 |  -3.7527798849309905e-05 | 1
 35, 31 |  -1.9629363263339336e-05 |  -1.9629363263339336e-05 | 1
 35, 32 |  -2.4585166628870264e-06 |  -2.4585166628870264e-06 | 1
 35, 33 |   9.1733680083057317e-05 |   9.1733680083057317e-05 | 1
 35, 34 |  -5.8819549833957830e-05 |  -5.8819549833957830e-05 | 1
 35, 35 |   1.7003271321583484e-04 |   1.7003271321583484e-04 | 1
 35, 36 |   1.1506010376527525e-04 |   1.1506010376527525e-04 | 1
 35, 37 |   1.3018094045970889e-04 |   1.3018094045970889e-04 | 1
 35, 38 |   1.5176081395321830e-04 |   1.5176081395321830e-04 | 1
 35, 39 |  -6.5951322999037081e-06 |  -6.5951322999037081e-06 | 1
 35, 40 |  -3.2442777176073632e-08 |  -3.2442777176073632e-08 | 1
 35, 41 |  -2.5687575723115117e-06 |  -2.5687575723115117e-06 | 1
 35, 42 |   7.0570122560685553e-08 |   7.0570122560685553e-08 | 1
 35, 43 |   0.0000000000000000e+00 |   0.0000000000000000e+00 | 1
 36,  1 |   7.3484115884006736e-06 |   7.3484115884006736e-06 | 1
 36,  2 |   1.6549869150586267e-05 |   1.6549869150586267e-05 | 1
 36,  3 |  -2.3049849466644120e-06 |  -2.3049849466644120e-06 | 1
 36,  4 |   1.6560628958809138e-05 |   1.6560628958809138e-05 | 1
 36,  5 |   7.1573956175351882e-05 |   7.1573956175351882e-05 | 1
 36,  6 |   2.6447561727314656e-05 |   2.6447561727314656e-05 | 1
 36,  7 |  -1.1010826461139423e-06 |  -1.1010826461139423e-06 | 1
 36,  8 |   6.9491100256590372e-05 |   6.9491100256590372e-05 | 1
 36,  9 |  -1.6045984995085514e-06 |  -1.6045984995085514e-06 | 1
 36, 10 |   2.5657454529327616e-05 |   2.5657454529327616e-05 | 1
 36, 11 |  -1.3124081857491743e-04 |  -1.3124081857491743e-04 | 1
 36, 12 |   4.2726881207445274e-05 |   4.2726881207445274e-05 | 1
 36, 13 |   1.0175669980204385e-05 |   1.0175669980204385e-05 | 1
 36, 14 |   3.2046602597439779e-05 |   3.2046602597439779e-05 | 1
 36, 15 |   5.0898161647498324e-05 |   5.0898161647498324e-05 | 1
 36, 16 |   4.7355610283963213e-05 |   4.7355610283963213e-05 | 1
 36, 17 |  -7.2586844070631822e-06 |  -7.2586844070631822e-06 | 1
 36, 18 |  -4.9923617827060145e-05 |  -4.9923617827060145e-05 | 1
 36, 19 |   2.9990659133765942e-05 |   2.9990659133765942e-05 | 1
 36, 20 |  -1.7514765872337794e-05 |  -1.7514765872337794e-05 | 1
 36, 21 |  -2.3306873347053862e-05 |  -2.3306873347053862e-05 | 1
 36, 22 |  -6.2733255740408435e-06 |  -6.2733255740408435e-06 | 1
 36, 23 |   6.4995792191357608e-05 |   6.4995792191357608e-05 | 1
 36, 24 |   3.3886597886286142e-05 |   3.3886597886286142e-05 | 1
 36, 25 |   2.0337056248668035e-05 |   2.0337056248668035e-05 | 1
 36, 26 |  -6.4957061756131914e-05 |  -6.4957061756131914e-05 | 1
 36, 27 |  -1.0119273428672077e-06 |  -1.0119273428672077e-06 | 1
 36, 28 |  -4.6749206074669857e-05 |  -4.6749206074669857e-05 | 1
 36, 29 |  -4.7813082505320390e-05 |  -4.7813082505320390e-05 | 1
 36, 30 |  -1.2173706261250861e-05 |  -1.2173706261250861e-05 | 1
 36, 31 |  -1.8383159827065187e-05 |  -1.8383159827065187e-05 | 1
 36, 32 |  -2.3625745549148349e-05 |  -2.3625745549148349e-05 | 1
 36, 33 |   1.3122644502125170e-04 |   1.3122644502125170e-04 | 1
 36, 34 |  -1.1854185843463750e-05 |  -1.1854185843463750e-05 | 1
 36, 35 |   1.1506010376527525e-04 |   1.1506010376527525e-04 | 1
 36, 36 |   2.1633367234025840e-04 |   2.1633367234025840e-04 | 1
 36, 37 |   1.8808714997502380e-04 |   1.8808714997502380e-04 | 1
 36, 38 |   2.2629928883798961e-04 |   2.2629928883798961e-04 | 1
 36, 39 |  -7.5084293193431654e-06 |  -7.5084293193431654e-06 | 1
 36, 40 |  -5.7854818380324555e-08 |  -5.7854818380324555e-08 | 1
 36, 41 |  -6.9833559912354074e-06 |  -6.9833559912354074e-06 | 1
 36, 42 |   2.6443477285280028e-07 |   2.6443477285280028e-07 | 1
 36, 43 |   0.0000000000000000e+00 |   0.0000000000000000e+00 | 1
 37,  1 |   1.3184397702288252e-04 |   1.3184397702288252e-04 | 1
 37,  2 |   1.5810367237687121e-04 |   1.5810367237687121e-04 | 1
 37,  3 |   1.0919863753678006e-04 |   1.0919863753678006e-04 | 1
 37,  4 |   1.7407194012756082e-04 |   1.7407194012756082e-04 | 1
 37,  5 |   1.2670531459044033e-04 |   1.2670531459044033e-04 | 1
 37,  6 |   9.4624609749843953e-05 |   9.4624609749843953e-05 | 1
 37,  7 |   4.3774961313947321e-05 |   4.3774961313947321e-05 | 1
 37,  8 |   2.0842429674766089e-04 |   2.0842429674766089e-04 | 1
 37,  9 |   7.3067014031914503e-05 |   7.3067014031914503e-05 | 1
 37, 10 |   1.0601950349810316e-04 |   1.0601950349810316e-04 | 1
 37, 11 |  -1.0325773837673296e-05 |  -1.0325773837673296e-05 | 1
 37, 12 |   1.8291351941985683e-04 |   1.8291351941985683e-04 | 1
 37, 13 |   1.0796726390452439e-04 |   1.0796726390452439e-04 | 1
 37, 14 |   1.4417314698149305e-04 |   1.4417314698149305e-04 | 1
 37, 15 |   2.2860112944681350e-04 |   2.2860112944681350e-04 | 1
 37, 16 |   2.0728105607224081e-04 |   2.0728105607224081e-04 | 1
 37, 17 |   1.0587803622410884e-04 |   1.0587803622410884e-04 | 1
 37, 18 |   5.8738745894229681e-05 |   5.8738745894229681e-05 | 1
 37, 19 |   1.6048873128595559e-04 |   1.6048873128595559e-04 | 1
 37, 20 |   1.1611739843480128e-04 |   1.1611739843480128e-04 | 1
 37, 21 |  -3.4346776485978745e-06 |  -3.4346776485978745e-06 | 1
 37, 22 |   1.8234919997681148e-04 |   1.8234919997681148e-04 | 1
 37, 23 |   1.9088921825991648e-04 |   1.9088921825991648e-04 | 1
 37, 24 |   1.5145554618997619e-04 |   1.5145554618997619e-04 | 1
 37, 25 |   1.1559352450468295e-04 |   1.1559352450468295e-04 | 1
 37, 26 |   2.4709676236066032e-05 |   2.4709676236066032e-05 | 1
 37, 27 |   1.0873381638086251e-04 |   1.0873381638086251e-04 | 1
 37, 28 |   1.0787768623369464e-04 |   1.0787768623369464e-04 | 1
 37, 29 |   1.6191294472973025e-05 |   1.6191294472973025e-05 | 1
 37, 30 |   8.8051355014315405e-05 |   8.8051355014315405e-05 | 1
 37, 31 |   7.0445264905027826e-05 |   7.0445264905027826e-05 | 1
 37, 32 |  -3.8732192730848575e-05 |  -3.8732192730848575e-05 | 1
 37, 33 |   3.4801784532922548e-05 |   3.4801784532922548e-05 | 1
 37, 34 |   1.6981611231224196e-04 |   1.6981611231224196e-04 | 1
 37, 35 |   1.3018094045970889e-04 |   1.3018094045970889e-04 | 1
 37, 36 |   1.8808714997502380e-04 |   1.8808714997502380e-04 | 1
 37, 37 |   3.9126066119042467e-04 |   3.9126066119042467e-04 | 1
 37, 38 |   4.1516890698310575e-04 |   4.1516890698310575e-04 | 1
 37, 39 |  -2.2748953973650299e-05 |  -2.2748953973650299e-05 | 1
 37, 40 |  -1.3722857226322107e-07 |  -1.3722857226322107e-07 | 1
 37, 41 |  -1.5938422777385755e-05 |  -1.5938422777385755e-05 | 1
 37, 42 |   6.3802208219902683e-07 |   6.3802208219902683e-07 | 1
 37, 43 |   0.0000000000000000e+00 |   0.0000000000000000e+00 | 1
 38,  1 |   2.5197635363990382e-04 |   2.5197635363990382e-04 | 1
 38,  2 |   3.1525931802050774e-04 |   3.1525931802050774e-04 | 1
 38,  3 |   1.9863984417239428e-04 |   1.9863984417239428e-04 | 1
 38,  4 |   3.1650037656816499e-04 |   3.1650037656816499e-04 | 1
 38,  5 |   2.7086530656682034e-04 |   2.7086530656682034e-04 | 1
 38,  6 |   2.0391362102099820e-04 |   2.0391362102099820e-04 | 1
 38,  7 |   8.6910264251182737e-05 |   8.6910264251182737e-05 | 1
 38,  8 |   3.4829676259227752e-04 |   3.4829676259227752e-04 | 1
 38,  9 |   1.8252238724448692e-04 |   1.8252238724448692e-04 | 1
 38, 10 |   2.1221131635650449e-04 |   2.1221131635650449e-04 | 1
 38, 11 |   9.6260397079656702e-05 |   9.6260397079656702e-05 | 1
 38, 12 |   3.1684009837941289e-04 |   3.1684009837941289e-04 | 1
 38, 13 |   2.2364686475161697e-04 |   2.2364686475161697e-04 | 1
 38, 14 |   3.3955970892806021e-04 |   3.3955970892806021e-04 | 1
 38, 15 |   5.2070128486604887e-04 |   5.2070128486604887e-04 | 1
 38, 16 |   3.5770879791773084e-04 |   3.5770879791773084e-04 | 1
 38, 17 |   2.2782148160660216e-04 |   2.2782148160660216e-04 | 1
 38, 18 |   2.2541254123854072e-04 |   2.2541254123854072e-04 | 1
 38, 19 |   3.8956972122883261e-04 |   3.8956972122883261e-04 | 1
 38, 20 |   2.4348971470050638e-04 |   2.4348971470050638e-04 | 1
 38, 21 |   1.2024040866217344e-04 |   1.2024040866217344e-04 | 1
 38, 22 |   2.2266696796994552e-04 |   2.2266696796994552e-04 | 1
 38, 23 |   2.8950621557650286e-04 |   2.8950621557650286e-04 | 1
 38, 24 |   2.7339675163048807e-04 |   2.7339675163048807e-04 | 1
 38, 25 |   2.2026473966769988e-04 |   2.2026473966769988e-04 | 1
 38, 26 |   1.7530232531792856e-04 |   1.7530232531792856e-04 | 1
 38, 27 |   1.9462950097344305e-04 |   1.9462950097344305e-04 | 1
 38, 28 |   2.4125075416846740e-04 |   2.4125075416846740e-04 | 1
 38, 29 |   9.5530409806450983e-05 |   9.5530409806450983e-05 | 1
 38, 30 |   2.6400622666832897e-04 |   2.6400622666832897e-04 | 1
 38, 31 |   1.1219530802644950e-04 |   1.1219530802644950e-04 | 1
 38, 32 |  -6.0576375092550360e-05 |  -6.0576375092550360e-05 | 1
 38, 33 |   9.6579381023917385e-05 |   9.6579381023917385e-05 | 1
 38, 34 |   2.9228660761289002e-04 |   2.9228660761289002e-04 | 1
 38, 35 |   1.5176081395321830e-04 |   1.5176081395321830e-04 | 1
 38, 36 |   2.2629928883798961e-04 |   2.2629928883798961e-04 | 1
 38, 37 |   4.1516890698310575e-04 |   4.1516890698310575e-04 | 1
 38, 38 |   6.8052599428966522e-04 |   6.8052599428966522e-04 | 1
 38, 39 |  -3.4054607191268391e-05 |  -3.4054607191268391e-05 | 1
 38, 40 |  -2.1214815342071690e-07 |  -2.1214815342071690e-07 | 1
 38, 41 |  -2.6156131791695611e-05 |  -2.6156131791695611e-05 | 1
 38, 42 |   1.0653604604671439e-06 |   1.0653604604671439e-06 | 1
 38, 43 |   0.0000000000000000e+00 |   0.0000000000000000e+00 | 1
 39,  1 |  -2.0752334147192212e-04 |  -2.0752334147192212e-04 | 1
 39,  2 |  -1.9643724106397097e-04 |  -1.9643724106397097e-04 | 1
 39,  3 |  -1.4799491695027573e-04 |  -1.4799491695027573e-04 | 1
 39,  4 |  -2.2813891456915963e-04 |  -2.2813891456915963e-04 | 1
 39,  5 |  -2.8230994334601470e-04 |  -2.8230994334601470e-04 | 1
 39,  6 |  -1.4409782588068755e-04 |  -1.4409782588068755e-04 | 1
 39,  7 |  -2.8014803213357740e-04 |  -2.8014803213357740e-04 | 1
 39,  8 |  -1.9887533830682173e-04 |  -1.9887533830682173e-04 | 1
 39,  9 |  -2.4111630507659608e-04 |  -2.4111630507659608e-04 | 1
 39, 10 |  -1.9785265768985924e-04 |  -1.9785265768985924e-04 | 1
 39, 11 |  -3.7114032474689555e-04 |  -3.7114032474689555e-04 | 1
 39, 12 |  -9.0673669032291851e-05 |  -9.0673669032291851e-05 | 1
 39, 13 |  -1.9643726145907096e-04 |  -1.9643726145907096e-04 | 1
 39, 14 |  -2.4948429210795508e-04 |  -2.4948429210795508e-04 | 1
 39, 15 |  -2.1962072683720448e-04 |  -2.1962072683720448e-04 | 1
 39, 16 |  -2.6668944236877954e-04 |  -2.6668944236877954e-04 | 1
 39, 17 |  -2.2770153562722480e-04 |  -2.2770153562722480e-04 | 1
 39, 18 |  -1.1180724973741722e-04 |  -1.1180724973741722e-04 | 1
 39, 19 |  -2.1227643169024248e-04 |  -2.1227643169024248e-04 | 1
 39, 20 |  -2.2651826677599435e-04 |  -2.2651826677599435e-04 | 1
 39, 21 |  -1.5731354261902633e-04 |  -1.5731354261902633e-04 | 1
 39, 22 |  -2.1479323752889712e-04 |  -2.1479323752889712e-04 | 1
 39, 23 |  -2.3309116817499514e-04 |  -2.3309116817499514e-04 | 1
 39, 24 |  -2.5214090383582116e-04 |  -2.5214090383582116e-04 | 1
 39, 25 |  -1.9874370314145365e-04 |  -1.9874370314145365e-04 | 1
 39, 26 |  -2.1836438917319080e-04 |  -2.1836438917319080e-04 | 1
 39, 27 |  -1.3933955015172744e-04 |  -1.3933955015172744e-04 | 1
 39, 28 |  -2.7743785463848439e-04 |  -2.7743785463848439e-04 | 1
 39, 29 |  -2.3244932974898026e-04 |  -2.3244932974898026e-04 | 1
 39, 30 |  -2.3673254407460722e-04 |  -2.3673254407460722e-04 | 1
 39, 31 |  -2.2086741558924279e-04 |  -2.2086741558924279e-04 | 1
 39, 32 |  -1.2043813561201500e-05 |  -1.2043813561201500e-05 | 1
 39, 33 |  -3.6660829411568118e-05 |  -3.6660829411568118e-05 | 1
 39, 34 |  -2.2910755047692667e-04 |  -2.2910755047692667e-04 | 1
 39, 35 |  -6.5951322999037081e-06 |  -6.5951322999037081e-06 | 1
 39, 36 |  -7.5084293193431654e-06 |  -7.5084293193431654e-06 | 1
 39, 37 |  -2.2748953973650299e-05 |  -2.2748953973650299e-05 | 1
 39, 38 |  -3.4054607191268391e-05 |  -3.4054607191268391e-05 | 1
 39, 39 |   2.9317756483495760e-04 |   2.9317756483495760e-04 | 1
 39, 40 |   1.7889012920580824e-08 |   1.7889012920580824e-08 | 1
 39, 41 |   9.6490495771552561e-06 |   9.6490495771552561e-06 | 1
 39, 42 |  -2.1042890637182053e-07 |  -2.1042890637182053e-07 | 1
 39, 43 |   0.0000000000000000e+00 |   0.0000000000000000e+00 | 1
 40,  1 |  -1.9591548629350696e-07 |  -1.9591548629350696e-07 | 1
 40,  2 |  -2.0986440975148976e-07 |  -2.0986440975148976e-07 | 1
 40,  3 |  -1.6239745841324267e-07 |  -1.6239745841324267e-07 | 1
 40,  4 |  -2.1020012484577613e-07 |  -2.1020012484577613e-07 | 1
 40,  5 |  -2.4974061808646489e-07 |  -2.4974061808646489e-07 | 1
 40,  6 |  -1.5732494828082015e-07 |  -1.5732494828082015e-07 | 1
 40,  7 |  -1.1432007911388004e-07 |  -1.1432007911388004e-07 | 1
 40,  8 |  -2.1703414417001029e-07 |  -2.1703414417001029e-07 | 1
 40,  9 |  -1.4591060676286205e-07 |  -1.4591060676286205e-07 | 1
 40, 10 |  -1.7022068414965152e-07 |  -1.7022068414965152e-07 | 1
 40, 11 |  -1.3360021197694165e-07 |  -1.3360021197694165e-07 | 1
 40, 12 |  -1.9855587511893178e-07 |  -1.9855587511893178e-07 | 1
 40, 13 |  -1.9325787427189084e-07 |  -1.9325787427189084e-07 | 1
 40, 14 |  -2.0902406973529749e-07 |  -2.0902406973529749e-07 | 1
 40, 15 |  -3.1114839698511126e-07 |  -3.1114839698511126e-07 | 1
 40, 16 |  -2.1537578017922477e-07 |  -2.1537578017922477e-07 | 1
 40, 17 |  -1.8796639125775204e-07 |  -1.8796639125775204e-07 | 1
 40, 18 |  -1.8633461324585894e-07 |  -1.8633461324585894e-07 | 1
 40, 19 |  -2.2584788242154833e-07 |  -2.2584788242154833e-07 | 1
 40, 20 |  -1.8326922441569430e-07 |  -1.8326922441569430e-07 | 1
 40, 21 |  -1.4398149761105767e-07 |  -1.4398149761105767e-07 | 1
 40, 22 |  -1.5590159749216191e-07 |  -1.5590159749216191e-07 | 1
 40, 23 |  -2.1060356878060703e-07 |  -2.1060356878060703e-07 | 1
 40, 24 |  -1.9962377080154601e-07 |  -1.9962377080154601e-07 | 1
 40, 25 |  -1.8064707435512594e-07 |  -1.8064707435512594e-07 | 1
 40, 26 |  -1.8004968235768527e-07 |  -1.8004968235768527e-07 | 1
 40, 27 |  -1.7512439987013050e-07 |  -1.7512439987013050e-07 | 1
 40, 28 |  -1.8956164640899918e-07 |  -1.8956164640899918e-07 | 1
 40, 29 |  -1.4633095786376819e-07 |  -1.4633095786376819e-07 | 1
 40, 30 |  -1.9634417869217760e-07 |  -1.9634417869217760e-07 | 1
 40, 31 |  -1.5480528649199373e-07 |  -1.5480528649199373e-07 | 1
 40, 32 |  -1.8929431147023347e-09 |  -1.8929431147023347e-09 | 1
 40, 33 |   2.4375050171493005e-08 |   2.4375050171493005e-08 | 1
 40, 34 |  -2.0548675987747374e-07 |  -2.0548675987747374e-07 | 1
 40, 35 |  -3.2442777176073632e-08 |  -3.2442777176073632e-08 | 1
 40, 36 |  -5.7854818380324555e-08 |  -5.7854818380324555e-08 | 1
 40, 37 |  -1.3722857226322107e-07 |  -1.3722857226322107e-07 | 1
 40, 38 |  -2.1214815342071690e-07 |  -2.1214815342071690e-07 | 1
 40, 39 |   1.7889012920580824e-08 |   1.7889012920580824e-08 | 1
 40, 40 |   1.0901579526126563e-10 |   1.0901579526126563e-10 | 1
 40, 41 |   1.3346521690062211e-08 |   1.3346521690062211e-08 | 1
 40, 42 |  -5.0127669874876983e-10 |  -5.0127669874876983e-10 | 1
 40, 43 |   0.0000000000000000e+00 |   0.0000000000000000e+00 | 1
 41,  1 |  -1.6043397894705962e-04 |  -1.6043397894705962e-04 | 1
 41,  2 |  -1.8011818773228482e-04 |  -1.8011818773228482e-04 | 1
 41,  3 |  -1.8332708628618984e-04 |  -1.8332708628618984e-04 | 1
 41,  4 |  -1.6518663840434336e-04 |  -1.6518663840434336e-04 | 1
 41,  5 |  -1.9924612152868348e-04 |  -1.9924612152868348e-04 | 1
 41,  6 |  -1.7631510859472988e-04 |  -1.7631510859472988e-04 | 1
 41,  7 |  -1.1275238352800824e-04 |  -1.1275238352800824e-04 | 1
 41,  8 |  -1.7351903574409948e-04 |  -1.7351903574409948e-04 | 1
 41,  9 |  -1.4878702057703400e-04 |  -1.4878702057703400e-04 | 1
 41, 10 |  -1.6663440746265393e-04 |  -1.6663440746265393e-04 | 1
 41, 11 |  -2.1528248872610219e-04 |  -2.1528248872610219e-04 | 1
 41, 12 |  -1.6360502747319282e-04 |  -1.6360502747319282e-04 | 1
 41, 13 |  -1.5383861039983113e-04 |  -1.5383861039983113e-04 | 1
 41, 14 |  -2.0042455669329890e-04 |  -2.0042455669329890e-04 | 1
 41, 15 |  -1.4916081253242184e-04 |  -1.4916081253242184e-04 | 1
 41, 16 |  -1.8635668135582152e-04 |  -1.8635668135582152e-04 | 1
 41, 17 |  -1.6570017248812254e-04 |  -1.6570017248812254e-04 | 1
 41, 18 |  -1.8376700687873401e-04 |  -1.8376700687873401e-04 | 1
 41, 19 |  -2.1837813177300906e-04 |  -2.1837813177300906e-04 | 1
 41, 20 |  -1.6963581988821712e-04 |  -1.6963581988821712e-04 | 1
 41, 21 |  -1.3633333582615306e-04 |  -1.3633333582615306e-04 | 1
 41, 22 |  -8.3330025809853363e-05 |  -8.3330025809853363e-05 | 1
 41, 23 |  -2.0757068233605172e-04 |  -2.0757068233605172e-04 | 1
 41, 24 |  -1.8102485642031334e-04 |  -1.8102485642031334e-04 | 1
 41, 25 |  -1.5333625299216060e-04 |  -1.5333625299216060e-04 | 1
 41, 26 |  -1.9642050922317415e-04 |  -1.9642050922317415e-04 | 1
 41, 27 |  -1.8742107787464961e-04 |  -1.8742107787464961e-04 | 1
 41, 28 |  -1.8617968368927476e-04 |  -1.8617968368927476e-04 | 1
 41, 29 |  -1.7962725061024877e-04 |  -1.7962725061024877e-04 | 1
 41, 30 |  -1.9324709579790055e-04 |  -1.9324709579790055e-04 | 1
 41, 31 |  -1.9396282176365354e-04 |  -1.9396282176365354e-04 | 1
 41, 32 |   2.2009322299625088e-06 |   2.2009322299625088e-06 | 1
 41, 33 |   6.8886873852340522e-06 |   6.8886873852340522e-06 | 1
 41, 34 |  -1.8630040835874610e-04 |  -1.8630040835874610e-04 | 1
 41, 35 |  -2.5687575723115117e-06 |  -2.5687575723115117e-06 | 1
 41, 36 |  -6.9833559912354074e-06 |  -6.9833559912354074e-06 | 1
 41, 37 |  -1.5938422777385755e-05 |  -1.5938422777385755e-05 | 1
 41, 38 |  -2.6156131791695611e-05 |  -2.6156131791695611e-05 | 1
 41, 39 |   9.6490495771552561e-06 |   9.6490495771552561e-06 | 1
 41, 40 |   1.3346521690062211e-08 |   1.3346521690062211e-08 | 1
 41, 41 |   4.4455561905128696e-05 |   4.4455561905128696e-05 | 1
 41, 42 |  -2.4097650793878812e-06 |  -2.4097650793878812e-06 | 1
 41, 43 |   0.0000000000000000e+00 |   0.0000000000000000e+00 | 1
 42,  1 |   7.4977326433518602e-06 |   7.4977326433518602e-06 | 1
 42,  2 |   8.3739713392051388e-06 |   8.3739713392051388e-06 | 1
 42,  3 |   8.6382131802414219e-06 |   8.6382131802414219e-06 | 1
 42,  4 |   7.6111917132598460e-06 |   7.6111917132598460e-06 | 1
 42,  5 |   9.6727350414970170e-06 |   9.6727350414970170e-06 | 1
 42,  6 |   8.0252813912556998e-06 |   8.0252813912556998e-06 | 1
 42,  7 |   3.9931541149681090e-06 |   3.9931541149681090e-06 | 1
 42,  8 |   7.7799688629187156e-06 |   7.7799688629187156e-06 | 1
 42,  9 |   6.7545442421966858e-06 |   6.7545442421966858e-06 | 1
 42, 10 |   7.0687827437826082e-06 |   7.0687827437826082e-06 | 1
 42, 11 |   1.1195611848077146e-05 |   1.1195611848077146e-05 | 1
 42, 12 |   6.9903899949183539e-06 |   6.9903899949183539e-06 | 1
 42, 13 |   7.5425634868263360e-06 |   7.5425634868263360e-06 | 1
 42, 14 |   9.2228122998908651e-06 |   9.2228122998908651e-06 | 1
 42, 15 |   5.7942820611903958e-06 |   5.7942820611903958e-06 | 1
 42, 16 |   8.3393830471263029e-06 |   8.3393830471263029e-06 | 1
 42, 17 |   7.7480462567440908e-06 |   7.7480462567440908e-06 | 1
 42, 18 |   9.1394828182595974e-06 |   9.1394828182595974e-06 | 1
 42, 19 |   1.0910871735838583e-05 |   1.0910871735838583e-05 | 1
 42, 20 |   7.2913213506937409e-06 |   7.2913213506937409e-06 | 1
 42, 21 |   6.1919924821120606e-06 |   6.1919924821120606e-06 | 1
 42, 22 |   2.3589215089297716e-06 |   2.3589215089297716e-06 | 1
 42, 23 |   1.0031271763139342e-05 |   1.0031271763139342e-05 | 1
 42, 24 |   8.2515529557658394e-06 |   8.2515529557658394e-06 | 1
 42, 25 |   6.5801555226272028e-06 |   6.5801555226272028e-06 | 1
 42, 26 |   8.7205542012044536e-06 |   8.7205542012044536e-06 | 1
 42, 27 |   7.5434407584449704e-06 |   7.5434407584449704e-06 | 1
 42, 28 |   8.1346078007941327e-06 |   8.1346078007941327e-06 | 1
 42, 29 |   8.1897265707036931e-06 |   8.1897265707036931e-06 | 1
 42, 30 |   8.7575271286589846e-06 |   8.7575271286589846e-06 | 1
 42, 31 |   8.9730405670938061e-06 |   8.9730405670938061e-06 | 1
 42, 32 |  -1.6674220619724748e-07 |  -1.6674220619724748e-07 | 1
 42, 33 |  -6.3684353718349862e-07 |  -6.3684353718349862e-07 | 1
 42, 34 |   8.1881773192138134e-06 |   8.1881773192138134e-06 | 1
 42, 35 |   7.0570122560685553e-08 |   7.0570122560685553e-08 | 1
 42, 36 |   2.6443477285280028e-07 |   2.6443477285280028e-07 | 1
 42, 37 |   6.3802208219902683e-07 |   6.3802208219902683e-07 | 1
 42, 38 |   1.0653604604671439e-06 |   1.0653604604671439e-06 | 1
 42, 39 |  -2.1042890637182053e-07 |  -2.1042890637182053e-07 | 1
 42, 40 |  -5.0127669874876983e-10 |  -5.0127669874876983e-10 | 1
 42, 41 |  -2.4097650793878812e-06 |  -2.4097650793878812e-06 | 1
 42, 42 |   1.4401871646231473e-07 |   1.4401871646231473e-07 | 1
 42, 43 |   0.0000000000000000e+00 |   0.0000000000000000e+00 | 1
 43,  1 |   0.0000000000000000e+00 |   0.0000000000000000e+00 | 1
 43,  2 |   0.0000000000000000e+00 |   0.0000000000000000e+00 | 1
 43,  3 |   0.0000000000000000e+00 |   0.0000000000000000e+00 | 1
 43,  4 |   0.0000000000000000e+00 |   0.0000000000000000e+00 | 1
 43,  5 |   0.0000000000000000e+00 |   0.0000000000000000e+00 | 1
 43,  6 |   0.0000000000000000e+00 |   0.0000000000000000e+00 | 1
 43,  7 |   0.0000000000000000e+00 |   0.0000000000000000e+00 | 1
 43,  8 |   0.0000000000000000e+00 |   0.0000000000000000e+00 | 1
 43,  9 |   0.0000000000000000e+00 |   0.0000000000000000e+00 | 1
 43, 10 |   0.0000000000000000e+00 |   0.0000000000000000e+00 | 1
 43, 11 |   0.0000000000000000e+00 |   0.0000000000000000e+00 | 1
 43, 12 |   0.0000000000000000e+00 |   0.0000000000000000e+00 | 1
 43, 13 |   0.0000000000000000e+00 |   0.0000000000000000e+00 | 1
 43, 14 |   0.0000000000000000e+00 |   0.0000000000000000e+00 | 1
 43, 15 |   0.0000000000000000e+00 |   0.0000000000000000e+00 | 1
 43, 16 |   0.0000000000000000e+00 |   0.0000000000000000e+00 | 1
 43, 17 |   0.0000000000000000e+00 |   0.0000000000000000e+00 | 1
 43, 18 |   0.0000000000000000e+00 |   0.0000000000000000e+00 | 1
 43, 19 |   0.0000000000000000e+00 |   0.0000000000000000e+00 | 1
 43, 20 |   0.0000000000000000e+00 |   0.0000000000000000e+00 | 1
 43, 21 |   0.0000000000000000e+00 |   0.0000000000000000e+00 | 1
 43, 22 |   0.0000000000000000e+00 |   0.0000000000000000e+00 | 1
 43, 23 |   0.0000000000000000e+00 |   0.0000000000000000e+00 | 1
 43, 24 |   0.0000000000000000e+00 |   0.0000000000000000e+00 | 1
 43, 25 |   0.0000000000000000e+00 |   0.0000000000000000e+00 | 1
 43, 26 |   0.0000000000000000e+00 |   0.0000000000000000e+00 | 1
 43, 27 |   0.0000000000000000e+00 |   0.0000000000000000e+00 | 1
 43, 28 |   0.0000000000000000e+00 |   0.0000000000000000e+00 | 1
 43, 29 |   0.0000000000000000e+00 |   0.0000000000000000e+00 | 1
 43, 30 |   0.0000000000000000e+00 |   0.0000000000000000e+00 | 1
 43, 31 |   0.0000000000000000e+00 |   0.0000000000000000e+00 | 1
 43, 32 |   0.0000000000000000e+00 |   0.0000000000000000e+00 | 1
 43, 33 |   0.0000000000000000e+00 |   0.0000000000000000e+00 | 1
 43, 34 |   0.0000000000000000e+00 |   0.0000000000000000e+00 | 1
 43, 35 |   0.0000000000000000e+00 |   0.0000000000000000e+00 | 1
 43, 36 |   0.0000000000000000e+00 |   0.0000000000000000e+00 | 1
 43, 37 |   0.0000000000000000e+00 |   0.0000000000000000e+00 | 1
 43, 38 |   0.0000000000000000e+00 |   0.0000000000000000e+00 | 1
 43, 39 |   0.0000000000000000e+00 |   0.0000000000000000e+00 | 1
 43, 40 |   0.0000000000000000e+00 |   0.0000000000000000e+00 | 1
 43, 41 |   0.0000000000000000e+00 |   0.0000000000000000e+00 | 1
 43, 42 |   0.0000000000000000e+00 |   0.0000000000000000e+00 | 1
 43, 43 |   0.0000000000000000e+00 |   0.0000000000000000e+00 | 1
