row,col | V_base                   | V_new                    | equal
  1,  1 |   5.9449674351374972e-04 |   5.9449674351374972e-04 | 1
  1,  2 |   3.2657764669561160e-04 |   3.2657764669561160e-04 | 1
  1,  3 |   2.4444514247924664e-04 |   2.4444514247924664e-04 | 1
  1,  4 |   3.5259905366968967e-04 |   3.5259905366968967e-04 | 1
  1,  5 |   5.6942314741744316e-04 |   5.6942314741744316e-04 | 1
  1,  6 |   2.1859042065924076e-04 |   2.1859042065924076e-04 | 1
  1,  7 |   2.7232361402813085e-04 |   2.7232361402813085e-04 | 1
  1,  8 |   3.2340391343581645e-04 |   3.2340391343581645e-04 | 1
  1,  9 |   2.7300600221355671e-04 |   2.7300600221355671e-04 | 1
  1, 10 |   2.7673459168455080e-04 |   2.7673459168455080e-04 | 1
  1, 11 |   3.5907069706874882e-04 |   3.5907069706874882e-04 | 1
  1, 12 |   2.0625544215997584e-04 |   2.0625544215997584e-04 | 1
  1, 13 |   3.1471546073406947e-04 |   3.1471546073406947e-04 | 1
  1, 14 |   3.7234113939699562e-04 |   3.7234113939699562e-04 | 1
  1, 15 |   4.9309412310168110e-04 |   4.9309412310168110e-04 | 1
  1, 16 |   3.4101869854383736e-04 |   3.4101869854383736e-04 | 1
  1, 17 |   3.5390783787254954e-04 |   3.5390783787254954e-04 | 1
  1, 18 |   3.0664723362813898e-04 |   3.0664723362813898e-04 | 1
  1, 19 |   3.3865784488608028e-04 |   3.3865784488608028e-04 | 1
  1, 20 |   3.1468758542239743e-04 |   3.1468758542239743e-04 | 1
  1, 21 |   3.1312779731820729e-04 |   3.1312779731820729e-04 | 1
  1, 22 |   3.0450996698157522e-04 |   3.0450996698157522e-04 | 1
  1, 23 |   3.2755513937986788e-04 |   3.2755513937986788e-04 | 1
  1, 24 |   3.5748713938963241e-04 |   3.5748713938963241e-04 | 1
  1, 25 |   2.7509346660957218e-04 |   2.7509346660957218e-04 | 1
  1, 26 |   2.9499995546950462e-04 |   2.9499995546950462e-04 | 1
  1, 27 |   2.4781332490392619e-04 |   2.4781332490392619e-04 | 1
  1, 28 |   3.1294347050112790e-04 |   3.1294347050112790e-04 | 1
  1, 29 |   2.6527525931275268e-04 |   2.6527525931275268e-04 | 1
  1, 30 |   3.4807016977584900e-04 |   3.4807016977584900e-04 | 1
  1, 31 |   3.1017532983015428e-04 |   3.1017532983015428e-04 | 1
  1, 32 |   3.8002871441077061e-05 |   3.8002871441077061e-05 | 1
  1, 33 |  -7.3748829102620813e-05 |  -7.3748829102620813e-05 | 1
  1, 34 |   3.1814950947451650e-04 |   3.1814950947451650e-04 | 1
  1, 35 |  -4.0241450865029566e-05 |  -4.0241450865029566e-05 | 1
  1, 36 |  -1.9956666613541151e-05 |  -1.9956666613541151e-05 | 1
  1, 37 |   7.8285689790284354e-05 |   7.8285689790284354e-05 | 1
  1, 38 |   1.6369364188653369e-04 |   1.6369364188653369e-04 | 1
  1, 39 |  -1.7968227008313884e-04 |  -1.7968227008313884e-04 | 1
  1, 40 |  -1.4515160070419956e-07 |  -1.4515160070419956e-07 | 1
  1, 41 |   0.0000000000000000e+00 |   0.0000000000000000e+00 | 1
  2,  1 |   3.2657764669561160e-04 |   3.2657764669561160e-04 | 1
  2,  2 |   1.4903373721597327e-03 |   1.4903373721597327e-03 | 1
  2,  3 |   2.3584318820389110e-04 |   2.3584318820389110e-04 | 1
  2,  4 |   3.4950777210818179e-04 |   3.4950777210818179e-04 | 1
  2,  5 |   5.1179439587700412e-04 |   5.1179439587700412e-04 | 1
  2,  6 |   2.0260059549216333e-04 |   2.0260059549216333e-04 | 1
  2,  7 |   2.6373538442514566e-04 |   2.6373538442514566e-04 | 1
  2,  8 |   3.1737596948739775e-04 |   3.1737596948739775e-04 | 1
  2,  9 |   2.6312018994630525e-04 |   2.6312018994630525e-04 | 1
  2, 10 |   2.8054335772828077e-04 |   2.8054335772828077e-04 | 1
  2, 11 |   3.1802954137512691e-04 |   3.1802954137512691e-04 | 1
  2, 12 |   2.0409967371700597e-04 |   2.0409967371700597e-04 | 1
  2, 13 |   3.3523787809166546e-04 |   3.3523787809166546e-04 | 1
  2, 14 |   3.7245797810612282e-04 |   3.7245797810612282e-04 | 1
  2, 15 |   6.4357139362481656e-04 |   6.4357139362481656e-04 | 1
  2, 16 |   3.3632883789124054e-04 |   3.3632883789124054e-04 | 1
  2, 17 |   3.3586470600404977e-04 |   3.3586470600404977e-04 | 1
  2, 18 |   3.0023293501106146e-04 |   3.0023293501106146e-04 | 1
  2, 19 |   3.5612684537819714e-04 |   3.5612684537819714e-04 | 1
  2, 20 |   3.0944005652049111e-04 |   3.0944005652049111e-04 | 1
  2, 21 |   2.7991023219724144e-04 |   2.7991023219724144e-04 | 1
  2, 22 |   2.8299389433370274e-04 |   2.8299389433370274e-04 | 1
  2, 23 |   3.0219620630070831e-04 |   3.0219620630070831e-04 | 1
  2, 24 |   3.4676019001358532e-04 |   3.4676019001358532e-04 | 1
  2, 25 |   2.6352253752804554e-04 |   2.6352253752804554e-04 | 1
  2, 26 |   2.8777445367983803e-04 |   2.8777445367983803e-04 | 1
  2, 27 |   1.8855807421310519e-04 |   1.8855807421310519e-04 | 1
  2, 28 |   2.9270401061997595e-04 |   2.9270401061997595e-04 | 1
  2, 29 |   2.5813134534505083e-04 |   2.5813134534505083e-04 | 1
  2, 30 |   3.3074101629654643e-04 |   3.3074101629654643e-04 | 1
  2, 31 |   2.7379313942835611e-04 |   2.7379313942835611e-04 | 1
  2, 32 |  -2.4474752250174865e-04 |  -2.4474752250174865e-04 | 1
  2, 33 |   2.4230131618438977e-05 |   2.4230131618438977e-05 | 1
  2, 34 |   2.9917767581561189e-04 |   2.9917767581561189e-04 | 1
  2, 35 |  -3.3531887426022439e-05 |  -3.3531887426022439e-05 | 1
  2, 36 |  -1.3802577433936615e-05 |  -1.3802577433936615e-05 | 1
  2, 37 |   9.4784680168966362e-05 |   9.4784680168966362e-05 | 1
  2, 38 |   2.0639844220256547e-04 |   2.0639844220256547e-04 | 1
  2, 39 |  -1.5521209860734134e-04 |  -1.5521209860734134e-04 | 1
  2, 40 |  -1.5010969224761619e-07 |  -1.5010969224761619e-07 | 1
  2, 41 |   0.0000000000000000e+00 |   0.0000000000000000e+00 | 1
  3,  1 |   2.4444514247924664e-04 |   2.4444514247924664e-04 | 1
  3,  2 |   2.3584318820389110e-04 |   2.3584318820389110e-04 | 1
  3,  3 |   1.1624487160334264e-02 |   1.1624487160334264e-02 | 1
  3,  4 |   2.5350812510506032e-04 |   2.5350812510506032e-04 | 1
  3,  5 |   4.7001703780006417e-04 |   4.7001703780006417e-04 | 1
  3,  6 |   1.5975431015944759e-04 |   1.5975431015944759e-04 | 1
  3,  7 |   1.8433736414334077e-04 |   1.8433736414334077e-04 | 1
  3,  8 |   2.3189341320387105e-04 |   2.3189341320387105e-04 | 1
  3,  9 |   1.8403882939155153e-04 |   1.8403882939155153e-04 | 1
  3, 10 |   2.0598481670066948e-04 |   2.0598481670066948e-04 | 1
  3, 11 |   2.8889063463053354e-04 |   2.8889063463053354e-04 | 1
  3, 12 |   1.3630583390677049e-04 |   1.3630583390677049e-04 | 1
  3, 13 |   2.1191502084847482e-04 |   2.1191502084847482e-04 | 1
  3, 14 |   2.8072170661622793e-04 |   2.8072170661622793e-04 | 1
  3, 15 |   3.3080692126960553e-04 |   3.3080692126960553e-04 | 1
  3, 16 |   2.5188574395561237e-04 |   2.5188574395561237e-04 | 1
  3, 17 |   2.6015100042681052e-04 |   2.6015100042681052e-04 | 1
  3, 18 |   2.0278070743914799e-04 |   2.0278070743914799e-04 | 1
  3, 19 |   2.3628494722811248e-04 |   2.3628494722811248e-04 | 1
  3, 20 |   2.2743392589267685e-04 |   2.2743392589267685e-04 | 1
  3, 21 |   2.2782615575994093e-04 |   2.2782615575994093e-04 | 1
  3, 22 |   2.1983584452094313e-04 |   2.1983584452094313e-04 | 1
  3, 23 |   2.2725129573826150e-04 |   2.2725129573826150e-04 | 1
  3, 24 |   2.6610942676017152e-04 |   2.6610942676017152e-04 | 1
  3, 25 |   2.0265943399546120e-04 |   2.0265943399546120e-04 | 1
  3, 26 |   1.9502254102204478e-04 |   1.9502254102204478e-04 | 1
  3, 27 |   2.2471626983374538e-04 |   2.2471626983374538e-04 | 1
  3, 28 |   2.3266179837516112e-04 |   2.3266179837516112e-04 | 1
  3, 29 |   1.8271866528987487e-04 |   1.8271866528987487e-04 | 1
  3, 30 |   2.4682087154134520e-04 |   2.4682087154134520e-04 | 1
  3, 31 |   2.4528167046068412e-04 |   2.4528167046068412e-04 | 1
  3, 32 |   2.7980899937424704e-05 |   2.7980899937424704e-05 | 1
  3, 33 |  -1.0255993729065609e-04 |  -1.0255993729065609e-04 | 1
  3, 34 |   2.4777159818316916e-04 |   2.4777159818316916e-04 | 1
  3, 35 |  -4.4298564487986046e-05 |  -4.4298564487986046e-05 | 1
  3, 36 |  -2.7347378288066884e-05 |  -2.7347378288066884e-05 | 1
  3, 37 |   4.7581253200507386e-05 |   4.7581253200507386e-05 | 1
  3, 38 |   8.7416533507839663e-05 |   8.7416533507839663e-05 | 1
  3, 39 |  -1.2885975547732731e-04 |  -1.2885975547732731e-04 | 1
  3, 40 |  -9.8540145042488897e-08 |  -9.8540145042488897e-08 | 1
  3, 41 |   0.0000000000000000e+00 |   0.0000000000000000e+00 | 1
  4,  1 |   3.5259905366968967e-04 |   3.5259905366968967e-04 | 1
  4,  2 |   3.4950777210818179e-04 |   3.4950777210818179e-04 | 1
  4,  3 |   2.5350812510506032e-04 |   2.5350812510506032e-04 | 1
  4,  4 |   2.0920485832129072e-03 |   2.0920485832129072e-03 | 1
  4,  5 |   5.3345152384577980e-04 |   5.3345152384577980e-04 | 1
  4,  6 |   2.1327146422629522e-04 |   2.1327146422629522e-04 | 1
  4,  7 |   3.0779749508462717e-04 |   3.0779749508462717e-04 | 1
  4,  8 |   3.6459809340219412e-04 |   3.6459809340219412e-04 | 1
  4,  9 |   2.9094971945239944e-04 |   2.9094971945239944e-04 | 1
  4, 10 |   3.7810657131341803e-04 |   3.7810657131341803e-04 | 1
  4, 11 |   3.3052705950473420e-04 |   3.3052705950473420e-04 | 1
  4, 12 |   2.2664914305775265e-04 |   2.2664914305775265e-04 | 1
  4, 13 |   4.2696094682745454e-04 |   4.2696094682745454e-04 | 1
  4, 14 |   4.4368288267825442e-04 |   4.4368288267825442e-04 | 1
  4, 15 |   8.9897325277125918e-04 |   8.9897325277125918e-04 | 1
  4, 16 |   3.8886379370325387e-04 |   3.8886379370325387e-04 | 1
  4, 17 |   3.6958750631972312e-04 |   3.6958750631972312e-04 | 1
  4, 18 |   3.0743833239452027e-04 |   3.0743833239452027e-04 | 1
  4, 19 |   4.3178483466150359e-04 |   4.3178483466150359e-04 | 1
  4, 20 |   3.4447758529177874e-04 |   3.4447758529177874e-04 | 1
  4, 21 |   2.7750302468221744e-04 |   2.7750302468221744e-04 | 1
  4, 22 |   3.0536009558500775e-04 |   3.0536009558500775e-04 | 1
  4, 23 |   3.2550611899441267e-04 |   3.2550611899441267e-04 | 1
  4, 24 |   3.9320152291159980e-04 |   3.9320152291159980e-04 | 1
  4, 25 |   2.9606778455115051e-04 |   2.9606778455115051e-04 | 1
  4, 26 |   2.9094958373029715e-04 |   2.9094958373029715e-04 | 1
  4, 27 |   8.6866805157241123e-05 |   8.6866805157241123e-05 | 1
  4, 28 |   3.0600327141670444e-04 |   3.0600327141670444e-04 | 1
  4, 29 |   2.9959619461690398e-04 |   2.9959619461690398e-04 | 1
  4, 30 |   3.4784704681064106e-04 |   3.4784704681064106e-04 | 1
  4, 31 |   2.8085326417383463e-04 |   2.8085326417383463e-04 | 1
  4, 32 |  -7.0764844414619894e-05 |  -7.0764844414619894e-05 | 1
  4, 33 |   2.3521725201952929e-04 |   2.3521725201952929e-04 | 1
  4, 34 |   3.1028220600783183e-04 |   3.1028220600783183e-04 | 1
  4, 35 |  -3.5350005631989157e-05 |  -3.5350005631989157e-05 | 1
  4, 36 |  -1.3122137629881152e-06 |  -1.3122137629881152e-06 | 1
  4, 37 |   1.2268474359600944e-04 |   1.2268474359600944e-04 | 1
  4, 38 |   2.3681906406050583e-04 |   2.3681906406050583e-04 | 1
  4, 39 |  -1.8846945511988121e-04 |  -1.8846945511988121e-04 | 1
  4, 40 |  -1.6186059450004644e-07 |  -1.6186059450004644e-07 | 1
  4, 41 |   0.0000000000000000e+00 |   0.0000000000000000e+00 | 1
  5,  1 |   5.6942314741744316e-04 |   5.6942314741744316e-04 | 1
  5,  2 |   5.1179439587700412e-04 |   5.1179439587700412e-04 | 1
  5,  3 |   4.7001703780006417e-04 |   4.7001703780006417e-04 | 1
  5,  4 |   5.3345152384577980e-04 |   5.3345152384577980e-04 | 1
  5,  5 |   2.8282550599530148e-02 |   2.8282550599530148e-02 | 1
  5,  6 |   4.1479192581495678e-04 |   4.1479192581495678e-04 | 1
  5,  7 |   4.5747365890640320e-04 |   4.5747365890640320e-04 | 1
  5,  8 |   5.0675379403890882e-04 |   5.0675379403890882e-04 | 1
  5,  9 |   4.7536537750535987e-04 |   4.7536537750535987e-04 | 1
  5, 10 |   3.7612168047796416e-04 |   3.7612168047796416e-04 | 1
  5, 11 |   4.3275050867203340e-04 |   4.3275050867203340e-04 | 1
  5, 12 |   3.0724064288763990e-04 |   3.0724064288763990e-04 | 1
  5, 13 |   4.6446923519444586e-04 |   4.6446923519444586e-04 | 1
  5, 14 |   5.0227672865431577e-04 |   5.0227672865431577e-04 | 1
  5, 15 |   1.7263397019164336e-04 |   1.7263397019164336e-04 | 1
  5, 16 |   4.7113294545320203e-04 |   4.7113294545320203e-04 | 1
  5, 17 |   5.5150845431554377e-04 |   5.5150845431554377e-04 | 1
  5, 18 |   5.1714887535850187e-04 |   5.1714887535850187e-04 | 1
  5, 19 |   4.5605626376705338e-04 |   4.5605626376705338e-04 | 1
  5, 20 |   4.7979723030041081e-04 |   4.7979723030041081e-04 | 1
  5, 21 |   5.8641964565221249e-04 |   5.8641964565221249e-04 | 1
  5, 22 |   4.6866095628907232e-04 |   4.6866095628907232e-04 | 1
  5, 23 |   6.4698849137483083e-04 |   6.4698849137483083e-04 | 1
  5, 24 |   5.1903634331716382e-04 |   5.1903634331716382e-04 | 1
  5, 25 |   4.0591921294988497e-04 |   4.0591921294988497e-04 | 1
  5, 26 |   4.9372563597152163e-04 |   4.9372563597152163e-04 | 1
  5, 27 |   2.3192785814722978e-04 |   2.3192785814722978e-04 | 1
  5, 28 |   4.1001090333414808e-04 |   4.1001090333414808e-04 | 1
  5, 29 |   4.0049350954805883e-04 |   4.0049350954805883e-04 | 1
  5, 30 |   5.4056491826619279e-04 |   5.4056491826619279e-04 | 1
  5, 31 |   4.1164800315164141e-04 |   4.1164800315164141e-04 | 1
  5, 32 |   1.9670863323836889e-04 |   1.9670863323836889e-04 | 1
  5, 33 |  -8.3606899378725003e-05 |  -8.3606899378725003e-05 | 1
  5, 34 |   3.5535414768527221e-04 |   3.5535414768527221e-04 | 1
  5, 35 |  -6.1516366990547813e-05 |  -6.1516366990547813e-05 | 1
  5, 36 |   5.5956233335843259e-05 |   5.5956233335843259e-05 | 1
  5, 37 |   1.1788033801384845e-04 |   1.1788033801384845e-04 | 1
  5, 38 |   2.5451311444088336e-04 |   2.5451311444088336e-04 | 1
  5, 39 |  -3.1289557502496134e-04 |  -3.1289557502496134e-04 | 1
  5, 40 |  -2.3866280262468457e-07 |  -2.3866280262468457e-07 | 1
  5, 41 |   0.0000000000000000e+00 |   0.0000000000000000e+00 | 1
  6,  1 |   2.1859042065924076e-04 |   2.1859042065924076e-04 | 1
  6,  2 |   2.0260059549216333e-04 |   2.0260059549216333e-04 | 1
  6,  3 |   1.5975431015944759e-04 |   1.5975431015944759e-04 | 1
  6,  4 |   2.1327146422629522e-04 |   2.1327146422629522e-04 | 1
  6,  5 |   4.1479192581495678e-04 |   4.1479192581495678e-04 | 1
  6,  6 |   2.0842112863256480e-02 |   2.0842112863256480e-02 | 1
  6,  7 |   1.4157203405963092e-04 |   1.4157203405963092e-04 | 1
  6,  8 |   1.9711992292860918e-04 |   1.9711992292860918e-04 | 1
  6,  9 |   1.7555774192659082e-04 |   1.7555774192659082e-04 | 1
  6, 10 |   1.5636519587348009e-04 |   1.5636519587348009e-04 | 1
  6, 11 |   2.7270342795970468e-04 |   2.7270342795970468e-04 | 1
  6, 12 |   1.2323878349827571e-04 |   1.2323878349827571e-04 | 1
  6, 13 |   1.7906790720571345e-04 |   1.7906790720571345e-04 | 1
  6, 14 |   2.2770530583803901e-04 |   2.2770530583803901e-04 | 1
  6, 15 |   2.0435117523675487e-04 |   2.0435117523675487e-04 | 1
  6, 16 |   2.0256879002793871e-04 |   2.0256879002793871e-04 | 1
  6, 17 |   2.2379319942966182e-04 |   2.2379319942966182e-04 | 1
  6, 18 |   2.0615015847687241e-04 |   2.0615015847687241e-04 | 1
  6, 19 |   2.1303901375934354e-04 |   2.1303901375934354e-04 | 1
  6, 20 |   1.8978902591020665e-04 |   1.8978902591020665e-04 | 1
  6, 21 |   2.3274354330925760e-04 |   2.3274354330925760e-04 | 1
  6, 22 |   2.0607992575281833e-04 |   2.0607992575281833e-04 | 1
  6, 23 |   2.3872624363468716e-04 |   2.3872624363468716e-04 | 1
  6, 24 |   2.2789007167758305e-04 |   2.2789007167758305e-04 | 1
  6, 25 |   1.6799746337669728e-04 |   1.6799746337669728e-04 | 1
  6, 26 |   2.1232844943630040e-04 |   2.1232844943630040e-04 | 1
  6, 27 |   2.1014700405736880e-04 |   2.1014700405736880e-04 | 1
  6, 28 |   1.9111310574573676e-04 |   1.9111310574573676e-04 | 1
  6, 29 |   1.7156780090924934e-04 |   1.7156780090924934e-04 | 1
  6, 30 |   2.3736411082018511e-04 |   2.3736411082018511e-04 | 1
  6, 31 |   1.9661010593889422e-04 |   1.9661010593889422e-04 | 1
  6, 32 |   5.5237509713987401e-05 |   5.5237509713987401e-05 | 1
  6, 33 |  -1.2357457730213938e-04 |  -1.2357457730213938e-04 | 1
  6, 34 |   2.0522852800987040e-04 |   2.0522852800987040e-04 | 1
  6, 35 |  -5.7461864287410301e-05 |  -5.7461864287410301e-05 | 1
  6, 36 |   8.5996643746066159e-06 |   8.5996643746066159e-06 | 1
  6, 37 |   3.3319611516634960e-06 |   3.3319611516634960e-06 | 1
  6, 38 |   5.3247687513998925e-05 |   5.3247687513998925e-05 | 1
  6, 39 |  -1.2315661428713917e-04 |  -1.2315661428713917e-04 | 1
  6, 40 |  -8.0699150769304269e-08 |  -8.0699150769304269e-08 | 1
  6, 41 |   0.0000000000000000e+00 |   0.0000000000000000e+00 | 1
  7,  1 |   2.7232361402813085e-04 |   2.7232361402813085e-04 | 1
  7,  2 |   2.6373538442514566e-04 |   2.6373538442514566e-04 | 1
  7,  3 |   1.8433736414334077e-04 |   1.8433736414334077e-04 | 1
  7,  4 |   3.0779749508462717e-04 |   3.0779749508462717e-04 | 1
  7,  5 |   4.5747365890640320e-04 |   4.5747365890640320e-04 | 1
  7,  6 |   1.4157203405963092e-04 |   1.4157203405963092e-04 | 1
  7,  7 |   2.1905424663798335e-02 |   2.1905424663798335e-02 | 1
  7,  8 |   2.8065348051633501e-04 |   2.8065348051633501e-04 | 1
  7,  9 |   2.1571219789975801e-04 |   2.1571219789975801e-04 | 1
  7, 10 |   2.9185108657869417e-04 |   2.9185108657869417e-04 | 1
  7, 11 |   3.9354835342880415e-04 |   3.9354835342880415e-04 | 1
  7, 12 |   1.8663766339012394e-04 |   1.8663766339012394e-04 | 1
  7, 13 |   2.9918377086061060e-04 |   2.9918377086061060e-04 | 1
  7, 14 |   3.5511274680046320e-04 |   3.5511274680046320e-04 | 1
  7, 15 |   5.6792065889383432e-04 |   5.6792065889383432e-04 | 1
  7, 16 |   3.1990651233784658e-04 |   3.1990651233784658e-04 | 1
  7, 17 |   3.0244789219824124e-04 |   3.0244789219824124e-04 | 1
  7, 18 |   2.2608558297579600e-04 |   2.2608558297579600e-04 | 1
  7, 19 |   3.2451192126435775e-04 |   3.2451192126435775e-04 | 1
  7, 20 |   2.4170106219256597e-04 |   2.4170106219256597e-04 | 1
  7, 21 |   2.0629641508259605e-04 |   2.0629641508259605e-04 | 1
  7, 22 |   3.0222854285122809e-04 |   3.0222854285122809e-04 | 1
  7, 23 |   2.4687643138403487e-04 |   2.4687643138403487e-04 | 1
  7, 24 |   3.2460678217977621e-04 |   3.2460678217977621e-04 | 1
  7, 25 |   2.4387815276943756e-04 |   2.4387815276943756e-04 | 1
  7, 26 |   2.4932244015391338e-04 |   2.4932244015391338e-04 | 1
  7, 27 |   1.9464161664478863e-04 |   1.9464161664478863e-04 | 1
  7, 28 |   2.9706818970774999e-04 |   2.9706818970774999e-04 | 1
  7, 29 |   2.4373246240849141e-04 |   2.4373246240849141e-04 | 1
  7, 30 |   2.9366623624104392e-04 |   2.9366623624104392e-04 | 1
  7, 31 |   2.8505229571343111e-04 |   2.8505229571343111e-04 | 1
  7, 32 |  -4.1920474309109301e-05 |  -4.1920474309109301e-05 | 1
  7, 33 |   2.0494027629082145e-05 |   2.0494027629082145e-05 | 1
  7, 34 |   3.0856422771190879e-04 |   3.0856422771190879e-04 | 1
  7, 35 |  -2.6135394985409656e-06 |  -2.6135394985409656e-06 | 1
  7, 36 |  -3.5241703653591405e-05 |  -3.5241703653591405e-05 | 1
  7, 37 |   7.0840745806825497e-05 |   7.0840745806825497e-05 | 1
  7, 38 |   9.0967934235299200e-05 |   9.0967934235299200e-05 | 1
  7, 39 |  -2.4271723039415733e-04 |  -2.4271723039415733e-04 | 1
  7, 40 |  -9.1536848153470444e-08 |  -9.1536848153470444e-08 | 1
  7, 41 |   0.0000000000000000e+00 |   0.0000000000000000e+00 | 1
  8,  1 |   3.2340391343581645e-04 |   3.2340391343581645e-04 | 1
  8,  2 |   3.1737596948739775e-04 |   3.1737596948739775e-04 | 1
  8,  3 |   2.3189341320387105e-04 |   2.3189341320387105e-04 | 1
  8,  4 |   3.6459809340219412e-04 |   3.6459809340219412e-04 | 1
  8,  5 |   5.0675379403890882e-04 |   5.0675379403890882e-04 | 1
  8,  6 |   1.9711992292860918e-04 |   1.9711992292860918e-04 | 1
  8,  7 |   2.8065348051633501e-04 |   2.8065348051633501e-04 | 1
  8,  8 |   2.5091042521961171e-03 |   2.5091042521961171e-03 | 1
  8,  9 |   2.6416628708796351e-04 |   2.6416628708796351e-04 | 1
  8, 10 |   3.6433010951174847e-04 |   3.6433010951174847e-04 | 1
  8, 11 |   4.1925884455129933e-04 |   4.1925884455129933e-04 | 1
  8, 12 |   2.2506710326968991e-04 |   2.2506710326968991e-04 | 1
  8, 13 |   3.4247218435743993e-04 |   3.4247218435743993e-04 | 1
  8, 14 |   3.8616777259360897e-04 |   3.8616777259360897e-04 | 1
  8, 15 |   8.0130435837480279e-04 |   8.0130435837480279e-04 | 1
  8, 16 |   3.8302059309809047e-04 |   3.8302059309809047e-04 | 1
  8, 17 |   3.3239598347482293e-04 |   3.3239598347482293e-04 | 1
  8, 18 |   2.6308841395793648e-04 |   2.6308841395793648e-04 | 1
  8, 19 |   3.8660979078296005e-04 |   3.8660979078296005e-04 | 1
  8, 20 |   3.2046031027991066e-04 |   3.2046031027991066e-04 | 1
  8, 21 |   2.5717160438184551e-04 |   2.5717160438184551e-04 | 1
  8, 22 |   3.4841168684368134e-04 |   3.4841168684368134e-04 | 1
  8, 23 |   3.1604800959783000e-04 |   3.1604800959783000e-04 | 1
  8, 24 |   3.9242849960722549e-04 |   3.9242849960722549e-04 | 1
  8, 25 |   2.7789551387654213e-04 |   2.7789551387654213e-04 | 1
  8, 26 |   2.5389521550269053e-04 |   2.5389521550269053e-04 | 1
  8, 27 |   2.9668458782556922e-04 |   2.9668458782556922e-04 | 1
  8, 28 |   3.1729825161075484e-04 |   3.1729825161075484e-04 | 1
  8, 29 |   2.6657401099771034e-04 |   2.6657401099771034e-04 | 1
  8, 30 |   3.5862649790038598e-04 |   3.5862649790038598e-04 | 1
  8, 31 |   3.2475276911404522e-04 |   3.2475276911404522e-04 | 1
  8, 32 |  -5.3838111030340312e-05 |  -5.3838111030340312e-05 | 1
  8, 33 |  -2.1218954640335470e-05 |  -2.1218954640335470e-05 | 1
  8, 34 |   3.8683794264751886e-04 |   3.8683794264751886e-04 | 1
  8, 35 |  -1.6468731496436922e-05 |  -1.6468731496436922e-05 | 1
  8, 36 |   3.7592847129873081e-05 |   3.7592847129873081e-05 | 1
  8, 37 |   1.4186700741989776e-04 |   1.4186700741989776e-04 | 1
  8, 38 |   2.3826660902193293e-04 |   2.3826660902193293e-04 | 1
  8, 39 |  -1.8556320694552086e-04 |  -1.8556320694552086e-04 | 1
  8, 40 |  -1.5565411891454179e-07 |  -1.5565411891454179e-07 | 1
  8, 41 |   0.0000000000000000e+00 |   0.0000000000000000e+00 | 1
  9,  1 |   2.7300600221355671e-04 |   2.7300600221355671e-04 | 1
  9,  2 |   2.6312018994630525e-04 |   2.6312018994630525e-04 | 1
  9,  3 |   1.8403882939155153e-04 |   1.8403882939155153e-04 | 1
  9,  4 |   2.9094971945239944e-04 |   2.9094971945239944e-04 | 1
  9,  5 |   4.7536537750535987e-04 |   4.7536537750535987e-04 | 1
  9,  6 |   1.7555774192659082e-04 |   1.7555774192659082e-04 | 1
  9,  7 |   2.1571219789975801e-04 |   2.1571219789975801e-04 | 1
  9,  8 |   2.6416628708796351e-04 |   2.6416628708796351e-04 | 1
  9,  9 |   9.6408807888736514e-03 |   9.6408807888736514e-03 | 1
  9, 10 |   2.4010627366948591e-04 |   2.4010627366948591e-04 | 1
  9, 11 |   3.2284446062092446e-04 |   3.2284446062092446e-04 | 1
  9, 12 |   1.5637524894245535e-04 |   1.5637524894245535e-04 | 1
  9, 13 |   2.9719555093197755e-04 |   2.9719555093197755e-04 | 1
  9, 14 |   3.5204139255062768e-04 |   3.5204139255062768e-04 | 1
  9, 15 |   5.0560413111939528e-04 |   5.0560413111939528e-04 | 1
  9, 16 |   2.8531758979471599e-04 |   2.8531758979471599e-04 | 1
  9, 17 |   3.0038472806870938e-04 |   3.0038472806870938e-04 | 1
  9, 18 |   2.4470275925660823e-04 |   2.4470275925660823e-04 | 1
  9, 19 |   3.0682759786854381e-04 |   3.0682759786854381e-04 | 1
  9, 20 |   2.4844743203929198e-04 |   2.4844743203929198e-04 | 1
  9, 21 |   2.4611686177423926e-04 |   2.4611686177423926e-04 | 1
  9, 22 |   2.3527227274641190e-04 |   2.3527227274641190e-04 | 1
  9, 23 |   2.3423082586051830e-04 |   2.3423082586051830e-04 | 1
  9, 24 |   2.9276661612417281e-04 |   2.9276661612417281e-04 | 1
  9, 25 |   2.2836533920681217e-04 |   2.2836533920681217e-04 | 1
  9, 26 |   2.5105436606555402e-04 |   2.5105436606555402e-04 | 1
  9, 27 |   1.0002232280968796e-04 |   1.0002232280968796e-04 | 1
  9, 28 |   2.5328708510471282e-04 |   2.5328708510471282e-04 | 1
  9, 29 |   2.4297636518611789e-04 |   2.4297636518611789e-04 | 1
  9, 30 |   2.8329933047328945e-04 |   2.8329933047328945e-04 | 1
  9, 31 |   2.3469407901191059e-04 |   2.3469407901191059e-04 | 1
  9, 32 |  -7.4966765253548704e-06 |  -7.4966765253548704e-06 | 1
  9, 33 |   9.9349588842082869e-05 |   9.9349588842082869e-05 | 1
  9, 34 |   2.2853108838060424e-04 |   2.2853108838060424e-04 | 1
  9, 35 |  -3.4989684699619932e-05 |  -3.4989684699619932e-05 | 1
  9, 36 |  -2.6480166613009079e-05 |  -2.6480166613009079e-05 | 1
  9, 37 |   6.4133086006750047e-06 |   6.4133086006750047e-06 | 1
  9, 38 |   9.4162935644803182e-05 |   9.4162935644803182e-05 | 1
  9, 39 |  -2.0671136728913058e-04 |  -2.0671136728913058e-04 | 1
  9, 40 |  -9.1572542227201515e-08 |  -9.1572542227201515e-08 | 1
  9, 41 |   0.0000000000000000e+00 |   0.0000000000000000e+00 | 1
 10,  1 |   2.7673459168455080e-04 |   2.7673459168455080e-04 | 1
 10,  2 |   2.8054335772828077e-04 |   2.8054335772828077e-04 | 1
 10,  3 |   2.0598481670066948e-04 |   2.0598481670066948e-04 | 1
 10,  4 |   3.7810657131341803e-04 |   3.7810657131341803e-04 | 1
 10,  5 |   3.7612168047796416e-04 |   3.7612168047796416e-04 | 1
 10,  6 |   1.5636519587348009e-04 |   1.5636519587348009e-04 | 1
 10,  7 |   2.9185108657869417e-04 |   2.9185108657869417e-04 | 1
 10,  8 |   3.6433010951174847e-04 |   3.6433010951174847e-04 | 1
 10,  9 |   2.4010627366948591e-04 |   2.4010627366948591e-04 | 1
 10, 10 |   1.8719039506482169e-02 |   1.8719039506482169e-02 | 1
 10, 11 |   4.6969869380409512e-04 |   4.6969869380409512e-04 | 1
 10, 12 |   2.5714552041279269e-04 |   2.5714552041279269e-04 | 1
 10, 13 |   4.8898061122358604e-04 |   4.8898061122358604e-04 | 1
 10, 14 |   4.5443602356164467e-04 |   4.5443602356164467e-04 | 1
 10, 15 |   1.4530954271309441e-03 |   1.4530954271309441e-03 | 1
 10, 16 |   4.2934780802805848e-04 |   4.2934780802805848e-04 | 1
 10, 17 |   3.1075874970060759e-04 |   3.1075874970060759e-04 | 1
 10, 18 |   1.7588386662162087e-04 |   1.7588386662162087e-04 | 1
 10, 19 |   5.0379785711214119e-04 |   5.0379785711214119e-04 | 1
 10, 20 |   3.5013761405913127e-04 |   3.5013761405913127e-04 | 1
 10, 21 |   1.5068887422072701e-04 |   1.5068887422072701e-04 | 1
 10, 22 |   3.4070580046155886e-04 |   3.4070580046155886e-04 | 1
 10, 23 |   2.5532200677234039e-04 |   2.5532200677234039e-04 | 1
 10, 24 |   4.5211203670775393e-04 |   4.5211203670775393e-04 | 1
 10, 25 |   2.8642925069611712e-04 |   2.8642925069611712e-04 | 1
 10, 26 |   2.0131131619084610e-04 |   2.0131131619084610e-04 | 1
 10, 27 |   1.5102836074600066e-04 |   1.5102836074600066e-04 | 1
 10, 28 |   3.1522792276313013e-04 |   3.1522792276313013e-04 | 1
 10, 29 |   3.1867771946565986e-04 |   3.1867771946565986e-04 | 1
 10, 30 |   3.2268588460212887e-04 |   3.2268588460212887e-04 | 1
 10, 31 |   3.0012857898248450e-04 |   3.0012857898248450e-04 | 1
 10, 32 |  -2.8277195885618501e-04 |  -2.8277195885618501e-04 | 1
 10, 33 |   3.9327088215400353e-04 |   3.9327088215400353e-04 | 1
 10, 34 |   4.2907655563906457e-04 |   4.2907655563906457e-04 | 1
 10, 35 |  -3.6561112550061669e-05 |  -3.6561112550061669e-05 | 1
 10, 36 |   5.8396819941289982e-05 |   5.8396819941289982e-05 | 1
 10, 37 |   1.4882420137218985e-04 |   1.4882420137218985e-04 | 1
 10, 38 |   1.5919074693653684e-04 |   1.5919074693653684e-04 | 1
 10, 39 |  -2.0987983979833444e-04 |  -2.0987983979833444e-04 | 1
 10, 40 |  -1.1997042717990336e-07 |  -1.1997042717990336e-07 | 1
 10, 41 |   0.0000000000000000e+00 |   0.0000000000000000e+00 | 1
 11,  1 |   3.5907069706874882e-04 |   3.5907069706874882e-04 | 1
 11,  2 |   3.1802954137512691e-04 |   3.1802954137512691e-04 | 1
 11,  3 |   2.8889063463053354e-04 |   2.8889063463053354e-04 | 1
 11,  4 |   3.3052705950473420e-04 |   3.3052705950473420e-04 | 1
 11,  5 |   4.3275050867203340e-04 |   4.3275050867203340e-04 | 1
 11,  6 |   2.7270342795970468e-04 |   2.7270342795970468e-04 | 1
 11,  7 |   3.9354835342880415e-04 |   3.9354835342880415e-04 | 1
 11,  8 |   4.1925884455129933e-04 |   4.1925884455129933e-04 | 1
 11,  9 |   3.2284446062092446e-04 |   3.2284446062092446e-04 | 1
 11, 10 |   4.6969869380409512e-04 |   4.6969869380409512e-04 | 1
 11, 11 |   2.3525955377198936e-03 |   2.3525955377198936e-03 | 1
 11, 12 |   5.3030162766677701e-04 |   5.3030162766677701e-04 | 1
 11, 13 |  -3.3492710433914849e-04 |  -3.3492710433914849e-04 | 1
 11, 14 |   1.6207026521619482e-04 |   1.6207026521619482e-04 | 1
 11, 15 |   1.2111233441452359e-03 |   1.2111233441452359e-03 | 1
 11, 16 |   6.9012548307301950e-04 |   6.9012548307301950e-04 | 1
 11, 17 |   3.7164471322062077e-04 |   3.7164471322062077e-04 | 1
 11, 18 |   2.4596500612720314e-04 |   2.4596500612720314e-04 | 1
 11, 19 |   2.0594198857328190e-04 |   2.0594198857328190e-04 | 1
 11, 20 |   5.5822380266533193e-04 |   5.5822380266533193e-04 | 1
 11, 21 |   4.2952263636453908e-04 |   4.2952263636453908e-04 | 1
 11, 22 |   1.2584177386269768e-03 |   1.2584177386269768e-03 | 1
 11, 23 |   3.8139531325785312e-04 |   3.8139531325785312e-04 | 1
 11, 24 |   8.6194060665706470e-04 |   8.6194060665706470e-04 | 1
 11, 25 |   4.6412187275773214e-04 |   4.6412187275773214e-04 | 1
 11, 26 |   3.3332309220159635e-04 |   3.3332309220159635e-04 | 1
 11, 27 |   3.5046534479788840e-03 |   3.5046534479788840e-03 | 1
 11, 28 |   1.1220884543068433e-03 |   1.1220884543068433e-03 | 1
 11, 29 |   3.2462999026657089e-04 |   3.2462999026657089e-04 | 1
 11, 30 |   1.0012413108196644e-03 |   1.0012413108196644e-03 | 1
 11, 31 |   1.4013694733736666e-03 |   1.4013694733736666e-03 | 1
 11, 32 |   1.7275069325338072e-04 |   1.7275069325338072e-04 | 1
 11, 33 |  -3.5463583033664456e-03 |  -3.5463583033664456e-03 | 1
 11, 34 |   1.8966827256534625e-03 |   1.8966827256534625e-03 | 1
 11, 35 |  -1.3009783994804289e-04 |  -1.3009783994804289e-04 | 1
 11, 36 |  -7.7016709453930454e-05 |  -7.7016709453930454e-05 | 1
 11, 37 |  -3.5880930359196830e-05 |  -3.5880930359196830e-05 | 1
 11, 38 |   4.5214562399181463e-05 |   4.5214562399181463e-05 | 1
 11, 39 |  -3.9012917286294631e-04 |  -3.9012917286294631e-04 | 1
 11, 40 |  -6.9463801051495737e-08 |  -6.9463801051495737e-08 | 1
 11, 41 |   0.0000000000000000e+00 |   0.0000000000000000e+00 | 1
 12,  1 |   2.0625544215997584e-04 |   2.0625544215997584e-04 | 1
 12,  2 |   2.0409967371700597e-04 |   2.0409967371700597e-04 | 1
 12,  3 |   1.3630583390677049e-04 |   1.3630583390677049e-04 | 1
 12,  4 |   2.2664914305775265e-04 |   2.2664914305775265e-04 | 1
 12,  5 |   3.0724064288763990e-04 |   3.0724064288763990e-04 | 1
 12,  6 |   1.2323878349827571e-04 |   1.2323878349827571e-04 | 1
 12,  7 |   1.8663766339012394e-04 |   1.8663766339012394e-04 | 1
 12,  8 |   2.2506710326968991e-04 |   2.2506710326968991e-04 | 1
 12,  9 |   1.5637524894245535e-04 |   1.5637524894245535e-04 | 1
 12, 10 |   2.5714552041279269e-04 |   2.5714552041279269e-04 | 1
 12, 11 |   5.3030162766677701e-04 |   5.3030162766677701e-04 | 1
 12, 12 |   1.4479990550993546e-02 |   1.4479990550993546e-02 | 1
 12, 13 |   1.1318818182969625e-04 |   1.1318818182969625e-04 | 1
 12, 14 |   2.0481319066519200e-04 |   2.0481319066519200e-04 | 1
 12, 15 |   6.8928714581487473e-04 |   6.8928714581487473e-04 | 1
 12, 16 |   2.9292469815683461e-04 |   2.9292469815683461e-04 | 1
 12, 17 |   2.1433564606954808e-04 |   2.1433564606954808e-04 | 1
 12, 18 |   1.6391498090585820e-04 |   1.6391498090585820e-04 | 1
 12, 19 |   2.3070130568666542e-04 |   2.3070130568666542e-04 | 1
 12, 20 |   2.4897091140794125e-04 |   2.4897091140794125e-04 | 1
 12, 21 |   1.8443358294048865e-04 |   1.8443358294048865e-04 | 1
 12, 22 |   3.4121717097075036e-04 |   3.4121717097075036e-04 | 1
 12, 23 |   1.8135647166618707e-04 |   1.8135647166618707e-04 | 1
 12, 24 |   3.2696113273601669e-04 |   3.2696113273601669e-04 | 1
 12, 25 |   2.1561982919080460e-04 |   2.1561982919080460e-04 | 1
 12, 26 |   1.6250430425320965e-04 |   1.6250430425320965e-04 | 1
 12, 27 |   7.6517770129521886e-04 |   7.6517770129521886e-04 | 1
 12, 28 |   3.3867537049600419e-04 |   3.3867537049600419e-04 | 1
 12, 29 |   1.7250027726945541e-04 |   1.7250027726945541e-04 | 1
 12, 30 |   3.2320840998305332e-04 |   3.2320840998305332e-04 | 1
 12, 31 |   3.9815405285531367e-04 |   3.9815405285531367e-04 | 1
 12, 32 |  -2.2524868397790010e-05 |  -2.2524868397790010e-05 | 1
 12, 33 |  -6.2603603599432542e-04 |  -6.2603603599432542e-04 | 1
 12, 34 |   5.2589007306458107e-04 |   5.2589007306458107e-04 | 1
 12, 35 |  -2.6710162727171395e-05 |  -2.6710162727171395e-05 | 1
 12, 36 |  -1.3277660919274406e-05 |  -1.3277660919274406e-05 | 1
 12, 37 |   7.5788875836215320e-05 |   7.5788875836215320e-05 | 1
 12, 38 |   1.1191107602366902e-04 |   1.1191107602366902e-04 | 1
 12, 39 |  -4.8916506858501470e-05 |  -4.8916506858501470e-05 | 1
 12, 40 |  -1.0623140908441972e-07 |  -1.0623140908441972e-07 | 1
 12, 41 |   0.0000000000000000e+00 |   0.0000000000000000e+00 | 1
 13,  1 |   3.1471546073406947e-04 |   3.1471546073406947e-04 | 1
 13,  2 |   3.3523787809166546e-04 |   3.3523787809166546e-04 | 1
 13,  3 |   2.1191502084847482e-04 |   2.1191502084847482e-04 | 1
 13,  4 |   4.2696094682745454e-04 |   4.2696094682745454e-04 | 1
 13,  5 |   4.6446923519444586e-04 |   4.6446923519444586e-04 | 1
 13,  6 |   1.7906790720571345e-04 |   1.7906790720571345e-04 | 1
 13,  7 |   2.9918377086061060e-04 |   2.9918377086061060e-04 | 1
 13,  8 |   3.4247218435743993e-04 |   3.4247218435743993e-04 | 1
 13,  9 |   2.9719555093197755e-04 |   2.9719555093197755e-04 | 1
 13, 10 |   4.8898061122358604e-04 |   4.8898061122358604e-04 | 1
 13, 11 |  -3.3492710433914849e-04 |  -3.3492710433914849e-04 | 1
 13, 12 |   1.1318818182969625e-04 |   1.1318818182969625e-04 | 1
 13, 13 |   1.7310137305910616e-02 |   1.7310137305910616e-02 | 1
 13, 14 |   6.2539630059338185e-04 |   6.2539630059338185e-04 | 1
 13, 15 |   1.3199582487521226e-03 |   1.3199582487521226e-03 | 1
 13, 16 |   2.9983213423166423e-04 |   2.9983213423166423e-04 | 1
 13, 17 |   3.6697795607416910e-04 |   3.6697795607416910e-04 | 1
 13, 18 |   2.7651069907756265e-04 |   2.7651069907756265e-04 | 1
 13, 19 |   5.9691100137470579e-04 |   5.9691100137470579e-04 | 1
 13, 20 |   3.0031572025264507e-04 |   3.0031572025264507e-04 | 1
 13, 21 |   1.9901876442286813e-04 |   1.9901876442286813e-04 | 1
 13, 22 |  -4.8411584954996538e-05 |  -4.8411584954996538e-05 | 1
 13, 23 |   2.5971301636882308e-04 |   2.5971301636882308e-04 | 1
 13, 24 |   2.5816645774333282e-04 |   2.5816645774333282e-04 | 1
 13, 25 |   2.5403242943947807e-04 |   2.5403242943947807e-04 | 1
 13, 26 |   2.6362826765758291e-04 |   2.6362826765758291e-04 | 1
 13, 27 |  -1.3103789243008339e-03 |  -1.3103789243008339e-03 | 1
 13, 28 |   1.0788013240150339e-05 |   1.0788013240150339e-05 | 1
 13, 29 |   3.5190707511874720e-04 |   3.5190707511874720e-04 | 1
 13, 30 |   1.0095251210635833e-04 |   1.0095251210635833e-04 | 1
 13, 31 |  -1.4257745577018013e-04 |  -1.4257745577018013e-04 | 1
 13, 32 |  -3.2351445653834262e-04 |  -3.2351445653834262e-04 | 1
 13, 33 |   1.9742561003427582e-03 |   1.9742561003427582e-03 | 1
 13, 34 |  -2.6328121961456880e-04 |  -2.6328121961456880e-04 | 1
 13, 35 |  -6.7718710507184843e-05 |  -6.7718710507184843e-05 | 1
 13, 36 |  -3.3440795031326233e-05 |  -3.3440795031326233e-05 | 1
 13, 37 |   5.1392164124216034e-05 |   5.1392164124216034e-05 | 1
 13, 38 |   1.4847811498787069e-04 |   1.4847811498787069e-04 | 1
 13, 39 |  -1.4669963725937694e-04 |  -1.4669963725937694e-04 | 1
 13, 40 |  -1.3185929606202172e-07 |  -1.3185929606202172e-07 | 1
 13, 41 |   0.0000000000000000e+00 |   0.0000000000000000e+00 | 1
 14,  1 |   3.7234113939699562e-04 |   3.7234113939699562e-04 | 1
 14,  2 |   3.7245797810612282e-04 |   3.7245797810612282e-04 | 1
 14,  3 |   2.8072170661622793e-04 |   2.8072170661622793e-04 | 1
 14,  4 |   4.4368288267825442e-04 |   4.4368288267825442e-04 | 1
 14,  5 |   5.0227672865431577e-04 |   5.0227672865431577e-04 | 1
 14,  6 |   2.2770530583803901e-04 |   2.2770530583803901e-04 | 1
 14,  7 |   3.5511274680046320e-04 |   3.5511274680046320e-04 | 1
 14,  8 |   3.8616777259360897e-04 |   3.8616777259360897e-04 | 1
 14,  9 |   3.5204139255062768e-04 |   3.5204139255062768e-04 | 1
 14, 10 |   4.5443602356164467e-04 |   4.5443602356164467e-04 | 1
 14, 11 |   1.6207026521619482e-04 |   1.6207026521619482e-04 | 1
 14, 12 |   2.0481319066519200e-04 |   2.0481319066519200e-04 | 1
 14, 13 |   6.2539630059338185e-04 |   6.2539630059338185e-04 | 1
 14, 14 |   1.5453034979719588e-02 |   1.5453034979719588e-02 | 1
 14, 15 |   1.1837069306418514e-03 |   1.1837069306418514e-03 | 1
 14, 16 |   3.9124503214759001e-04 |   3.9124503214759001e-04 | 1
 14, 17 |   4.1331179165499912e-04 |   4.1331179165499912e-04 | 1
 14, 18 |   3.3435795617774275e-04 |   3.3435795617774275e-04 | 1
 14, 19 |   5.4402853681621204e-04 |   5.4402853681621204e-04 | 1
 14, 20 |   3.6370578638144648e-04 |   3.6370578638144648e-04 | 1
 14, 21 |   2.8279553214382761e-04 |   2.8279553214382761e-04 | 1
 14, 22 |   2.1901599439086840e-04 |   2.1901599439086840e-04 | 1
 14, 23 |   3.1838533435010654e-04 |   3.1838533435010654e-04 | 1
 14, 24 |   3.7735158812654963e-04 |   3.7735158812654963e-04 | 1
 14, 25 |   3.1453522132249495e-04 |   3.1453522132249495e-04 | 1
 14, 26 |   3.4370270749357066e-04 |   3.4370270749357066e-04 | 1
 14, 27 |  -4.9254434979397333e-04 |  -4.9254434979397333e-04 | 1
 14, 28 |   2.3910733254497719e-04 |   2.3910733254497719e-04 | 1
 14, 29 |   3.8073436950186864e-04 |   3.8073436950186864e-04 | 1
 14, 30 |   3.1161690583505331e-04 |   3.1161690583505331e-04 | 1
 14, 31 |   1.4451344087616118e-04 |   1.4451344087616118e-04 | 1
 14, 32 |  -1.7751203161247610e-04 |  -1.7751203161247610e-04 | 1
 14, 33 |   9.8982579750554571e-04 |   9.8982579750554571e-04 | 1
 14, 34 |   1.0456519101337112e-04 |   1.0456519101337112e-04 | 1
 14, 35 |  -4.4949462033610975e-05 |  -4.4949462033610975e-05 | 1
 14, 36 |  -4.2916597437039802e-05 |  -4.2916597437039802e-05 | 1
 14, 37 |   2.5962573593446218e-05 |   2.5962573593446218e-05 | 1
 14, 38 |   1.7878414484822974e-04 |   1.7878414484822974e-04 | 1
 14, 39 |  -2.6535801235195891e-04 |  -2.6535801235195891e-04 | 1
 14, 40 |  -1.3307803812560699e-07 |  -1.3307803812560699e-07 | 1
 14, 41 |   0.0000000000000000e+00 |   0.0000000000000000e+00 | 1
 15,  1 |   4.9309412310168110e-04 |   4.9309412310168110e-04 | 1
 15,  2 |   6.4357139362481656e-04 |   6.4357139362481656e-04 | 1
 15,  3 |   3.3080692126960553e-04 |   3.3080692126960553e-04 | 1
 15,  4 |   8.9897325277125918e-04 |   8.9897325277125918e-04 | 1
 15,  5 |   1.7263397019164336e-04 |   1.7263397019164336e-04 | 1
 15,  6 |   2.0435117523675487e-04 |   2.0435117523675487e-04 | 1
 15,  7 |   5.6792065889383432e-04 |   5.6792065889383432e-04 | 1
 15,  8 |   8.0130435837480279e-04 |   8.0130435837480279e-04 | 1
 15,  9 |   5.0560413111939528e-04 |   5.0560413111939528e-04 | 1
 15, 10 |   1.4530954271309441e-03 |   1.4530954271309441e-03 | 1
 15, 11 |   1.2111233441452359e-03 |   1.2111233441452359e-03 | 1
 15, 12 |   6.8928714581487473e-04 |   6.8928714581487473e-04 | 1
 15, 13 |   1.3199582487521226e-03 |   1.3199582487521226e-03 | 1
 15, 14 |   1.1837069306418514e-03 |   1.1837069306418514e-03 | 1
 15, 15 |   2.7666168141171489e-02 |   2.7666168141171489e-02 | 1
 15, 16 |   1.0372827954320840e-03 |   1.0372827954320840e-03 | 1
 15, 17 |   6.1721144464611485e-04 |   6.1721144464611485e-04 | 1
 15, 18 |   5.0447886429248832e-04 |   5.0447886429248832e-04 | 1
 15, 19 |   1.4674706787869063e-03 |   1.4674706787869063e-03 | 1
 15, 20 |   8.4112006442174777e-04 |   8.4112006442174777e-04 | 1
 15, 21 |   1.5086378259379554e-04 |   1.5086378259379554e-04 | 1
 15, 22 |   7.7607483557378483e-04 |   7.7607483557378483e-04 | 1
 15, 23 |   2.7154480761048204e-04 |   2.7154480761048204e-04 | 1
 15, 24 |   1.0768444099693271e-03 |   1.0768444099693271e-03 | 1
 15, 25 |   6.9230002231507153e-04 |   6.9230002231507153e-04 | 1
 15, 26 |   5.5546128691089352e-04 |   5.5546128691089352e-04 | 1
 15, 27 |   4.4009216306041847e-04 |   4.4009216306041847e-04 | 1
 15, 28 |   7.8142269386298393e-04 |   7.8142269386298393e-04 | 1
 15, 29 |   7.8380370577730109e-04 |   7.8380370577730109e-04 | 1
 15, 30 |   8.0575943365850458e-04 |   8.0575943365850458e-04 | 1
 15, 31 |   6.0072449593139184e-04 |   6.0072449593139184e-04 | 1
 15, 32 |  -1.1658550910552535e-03 |  -1.1658550910552535e-03 | 1
 15, 33 |   1.4151370483866351e-03 |   1.4151370483866351e-03 | 1
 15, 34 |   1.2053795410510030e-03 |   1.2053795410510030e-03 | 1
 15, 35 |  -2.5108891023203905e-04 |  -2.5108891023203905e-04 | 1
 15, 36 |  -1.3716681316834384e-04 |  -1.3716681316834384e-04 | 1
 15, 37 |   9.7843309596849423e-05 |   9.7843309596849423e-05 | 1
 15, 38 |   6.1695687262248284e-04 |   6.1695687262248284e-04 | 1
 15, 39 |  -1.0343743638380212e-04 |  -1.0343743638380212e-04 | 1
 15, 40 |  -2.6154609062362596e-07 |  -2.6154609062362596e-07 | 1
 15, 41 |   0.0000000000000000e+00 |   0.0000000000000000e+00 | 1
 16,  1 |   3.4101869854383736e-04 |   3.4101869854383736e-04 | 1
 16,  2 |   3.3632883789124054e-04 |   3.3632883789124054e-04 | 1
 16,  3 |   2.5188574395561237e-04 |   2.5188574395561237e-04 | 1
 16,  4 |   3.8886379370325387e-04 |   3.8886379370325387e-04 | 1
 16,  5 |   4.7113294545320203e-04 |   4.7113294545320203e-04 | 1
 16,  6 |   2.0256879002793871e-04 |   2.0256879002793871e-04 | 1
 16,  7 |   3.1990651233784658e-04 |   3.1990651233784658e-04 | 1
 16,  8 |   3.8302059309809047e-04 |   3.8302059309809047e-04 | 1
 16,  9 |   2.8531758979471599e-04 |   2.8531758979471599e-04 | 1
 16, 10 |   4.2934780802805848e-04 |   4.2934780802805848e-04 | 1
 16, 11 |   6.9012548307301950e-04 |   6.9012548307301950e-04 | 1
 16, 12 |   2.9292469815683461e-04 |   2.9292469815683461e-04 | 1
 16, 13 |   2.9983213423166423e-04 |   2.9983213423166423e-04 | 1
 16, 14 |   3.9124503214759001e-04 |   3.9124503214759001e-04 | 1
 16, 15 |   1.0372827954320840e-03 |   1.0372827954320840e-03 | 1
 16, 16 |   3.2748813334814082e-03 |   3.2748813334814082e-03 | 1
 16, 17 |   3.5889125190564366e-04 |   3.5889125190564366e-04 | 1
 16, 18 |   2.7577074678918984e-04 |   2.7577074678918984e-04 | 1
 16, 19 |   4.0370541499052239e-04 |   4.0370541499052239e-04 | 1
 16, 20 |   3.5637677083645320e-04 |   3.5637677083645320e-04 | 1
 16, 21 |   2.6792244595594001e-04 |   2.6792244595594001e-04 | 1
 16, 22 |   4.9466602072160710e-04 |   4.9466602072160710e-04 | 1
 16, 23 |   3.1894739609770426e-04 |   3.1894739609770426e-04 | 1
 16, 24 |   4.7673214414585796e-04 |   4.7673214414585796e-04 | 1
 16, 25 |   3.2839010561643559e-04 |   3.2839010561643559e-04 | 1
 16, 26 |   2.6762305744963656e-04 |   2.6762305744963656e-04 | 1
 16, 27 |   6.7606849440596858e-04 |   6.7606849440596858e-04 | 1
 16, 28 |   4.4646141942664071e-04 |   4.4646141942664071e-04 | 1
 16, 29 |   3.0021610757438122e-04 |   3.0021610757438122e-04 | 1
 16, 30 |   4.6089533691544195e-04 |   4.6089533691544195e-04 | 1
 16, 31 |   4.8562371449759224e-04 |   4.8562371449759224e-04 | 1
 16, 32 |  -6.7969668186744676e-05 |  -6.7969668186744676e-05 | 1
 16, 33 |  -3.8505235134856514e-04 |  -3.8505235134856514e-04 | 1
 16, 34 |   6.0333375079558169e-04 |   6.0333375079558169e-04 | 1
 16, 35 |  -8.4861116298637759e-06 |  -8.4861116298637759e-06 | 1
 16, 36 |   2.0863516415098685e-05 |   2.0863516415098685e-05 | 1
 16, 37 |   1.3792942153084323e-04 |   1.3792942153084323e-04 | 1
 16, 38 |   2.5089371412578062e-04 |   2.5089371412578062e-04 | 1
 16, 39 |  -2.4025929000295285e-04 |  -2.4025929000295285e-04 | 1
 16, 40 |  -1.5139509551613306e-07 |  -1.5139509551613306e-07 | 1
 16, 41 |   0.0000000000000000e+00 |   0.0000000000000000e+00 | 1
 17,  1 |   3.5390783787254954e-04 |   3.5390783787254954e-04 | 1
 17,  2 |   3.3586470600404977e-04 |   3.3586470600404977e-04 | 1
 17,  3 |   2.6015100042681052e-04 |   2.6015100042681052e-04 | 1
 17,  4 |   3.6958750631972312e-04 |   3.6958750631972312e-04 | 1
 17,  5 |   5.5150845431554377e-04 |   5.5150845431554377e-04 | 1
 17,  6 |   2.2379319942966182e-04 |   2.2379319942966182e-04 | 1
 17,  7 |   3.0244789219824124e-04 |   3.0244789219824124e-04 | 1
 17,  8 |   3.3239598347482293e-04 |   3.3239598347482293e-04 | 1
 17,  9 |   3.0038472806870938e-04 |   3.0038472806870938e-04 | 1
 17, 10 |   3.1075874970060759e-04 |   3.1075874970060759e-04 | 1
 17, 11 |   3.7164471322062077e-04 |   3.7164471322062077e-04 | 1
 17, 12 |   2.1433564606954808e-04 |   2.1433564606954808e-04 | 1
 17, 13 |   3.6697795607416910e-04 |   3.6697795607416910e-04 | 1
 17, 14 |   4.1331179165499912e-04 |   4.1331179165499912e-04 | 1
 17, 15 |   6.1721144464611485e-04 |   6.1721144464611485e-04 | 1
 17, 16 |   3.5889125190564366e-04 |   3.5889125190564366e-04 | 1
 17, 17 |   4.4672420956566160e-03 |   4.4672420956566160e-03 | 1
 17, 18 |   3.1146593150914860e-04 |   3.1146593150914860e-04 | 1
 17, 19 |   3.7957471172333764e-04 |   3.7957471172333764e-04 | 1
 17, 20 |   3.4056651242499311e-04 |   3.4056651242499311e-04 | 1
 17, 21 |   3.1633799759726210e-04 |   3.1633799759726210e-04 | 1
 17, 22 |   3.0753459695983664e-04 |   3.0753459695983664e-04 | 1
 17, 23 |   3.2794268613420209e-04 |   3.2794268613420209e-04 | 1
 17, 24 |   3.7166571452882692e-04 |   3.7166571452882692e-04 | 1
 17, 25 |   2.8875530161880385e-04 |   2.8875530161880385e-04 | 1
 17, 26 |   3.2290484431433204e-04 |   3.2290484431433204e-04 | 1
 17, 27 |   1.7123218247798124e-04 |   1.7123218247798124e-04 | 1
 17, 28 |   3.2417559965459552e-04 |   3.2417559965459552e-04 | 1
 17, 29 |   3.0380404700305620e-04 |   3.0380404700305620e-04 | 1
 17, 30 |   3.6474962181332407e-04 |   3.6474962181332407e-04 | 1
 17, 31 |   3.0598385163638713e-04 |   3.0598385163638713e-04 | 1
 17, 32 |   3.3693375025907351e-06 |   3.3693375025907351e-06 | 1
 17, 33 |   5.8139135793200910e-05 |   5.8139135793200910e-05 | 1
 17, 34 |   3.1382032204666931e-04 |   3.1382032204666931e-04 | 1
 17, 35 |  -3.8025353849386223e-05 |  -3.8025353849386223e-05 | 1
 17, 36 |  -4.0577782657692143e-05 |  -4.0577782657692143e-05 | 1
 17, 37 |   3.8642166312610195e-05 |   3.8642166312610195e-05 | 1
 17, 38 |   1.2974625114307202e-04 |   1.2974625114307202e-04 | 1
 17, 39 |  -2.0922381090729024e-04 |  -2.0922381090729024e-04 | 1
 17, 40 |  -1.3484087032696545e-07 |  -1.3484087032696545e-07 | 1
 17, 41 |   0.0000000000000000e+00 |   0.0000000000000000e+00 | 1
 18,  1 |   3.0664723362813898e-04 |   3.0664723362813898e-04 | 1
 18,  2 |   3.0023293501106146e-04 |   3.0023293501106146e-04 | 1
 18,  3 |   2.0278070743914799e-04 |   2.0278070743914799e-04 | 1
 18,  4 |   3.0743833239452027e-04 |   3.0743833239452027e-04 | 1
 18,  5 |   5.1714887535850187e-04 |   5.1714887535850187e-04 | 1
 18,  6 |   2.0615015847687241e-04 |   2.0615015847687241e-04 | 1
 18,  7 |   2.2608558297579600e-04 |   2.2608558297579600e-04 | 1
 18,  8 |   2.6308841395793648e-04 |   2.6308841395793648e-04 | 1
 18,  9 |   2.4470275925660823e-04 |   2.4470275925660823e-04 | 1
 18, 10 |   1.7588386662162087e-04 |   1.7588386662162087e-04 | 1
 18, 11 |   2.4596500612720314e-04 |   2.4596500612720314e-04 | 1
 18, 12 |   1.6391498090585820e-04 |   1.6391498090585820e-04 | 1
 18, 13 |   2.7651069907756265e-04 |   2.7651069907756265e-04 | 1
 18, 14 |   3.3435795617774275e-04 |   3.3435795617774275e-04 | 1
 18, 15 |   5.0447886429248832e-04 |   5.0447886429248832e-04 | 1
 18, 16 |   2.7577074678918984e-04 |   2.7577074678918984e-04 | 1
 18, 17 |   3.1146593150914860e-04 |   3.1146593150914860e-04 | 1
 18, 18 |   1.9077314185485486e-02 |   1.9077314185485486e-02 | 1
 18, 19 |   3.0431538014341679e-04 |   3.0431538014341679e-04 | 1
 18, 20 |   2.9876809769036300e-04 |   2.9876809769036300e-04 | 1
 18, 21 |   2.9694591376105495e-04 |   2.9694591376105495e-04 | 1
 18, 22 |   2.1347856972449381e-04 |   2.1347856972449381e-04 | 1
 18, 23 |   2.6228557669246452e-04 |   2.6228557669246452e-04 | 1
 18, 24 |   2.9310196946148400e-04 |   2.9310196946148400e-04 | 1
 18, 25 |   2.3420042856263270e-04 |   2.3420042856263270e-04 | 1
 18, 26 |   3.0439782451938173e-04 |   3.0439782451938173e-04 | 1
 18, 27 |   2.0213929027606170e-04 |   2.0213929027606170e-04 | 1
 18, 28 |   2.6028829026350107e-04 |   2.6028829026350107e-04 | 1
 18, 29 |   2.2299513668197810e-04 |   2.2299513668197810e-04 | 1
 18, 30 |   3.0507276259489043e-04 |   3.0507276259489043e-04 | 1
 18, 31 |   2.3216509655827298e-04 |   2.3216509655827298e-04 | 1
 18, 32 |   5.8388312328993103e-05 |   5.8388312328993103e-05 | 1
 18, 33 |  -6.5586601224949104e-05 |  -6.5586601224949104e-05 | 1
 18, 34 |   2.4754682389463510e-04 |   2.4754682389463510e-04 | 1
 18, 35 |  -6.4376953591141958e-05 |  -6.4376953591141958e-05 | 1
 18, 36 |  -7.0413573536869085e-05 |  -7.0413573536869085e-05 | 1
 18, 37 |   1.3658950500426397e-05 |   1.3658950500426397e-05 | 1
 18, 38 |   1.5590744315774978e-04 |   1.5590744315774978e-04 | 1
 18, 39 |  -7.1060840061073507e-05 |  -7.1060840061073507e-05 | 1
 18, 40 |  -1.4000427536360266e-07 |  -1.4000427536360266e-07 | 1
 18, 41 |   0.0000000000000000e+00 |   0.0000000000000000e+00 | 1
 19,  1 |   3.3865784488608028e-04 |   3.3865784488608028e-04 | 1
 19,  2 |   3.5612684537819714e-04 |   3.5612684537819714e-04 | 1
 19,  3 |   2.3628494722811248e-04 |   2.3628494722811248e-04 | 1
 19,  4 |   4.3178483466150359e-04 |   4.3178483466150359e-04 | 1
 19,  5 |   4.5605626376705338e-04 |   4.5605626376705338e-04 | 1
 19,  6 |   2.1303901375934354e-04 |   2.1303901375934354e-04 | 1
 19,  7 |   3.2451192126435775e-04 |   3.2451192126435775e-04 | 1
 19,  8 |   3.8660979078296005e-04 |   3.8660979078296005e-04 | 1
 19,  9 |   3.0682759786854381e-04 |   3.0682759786854381e-04 | 1
 19, 10 |   5.0379785711214119e-04 |   5.0379785711214119e-04 | 1
 19, 11 |   2.0594198857328190e-04 |   2.0594198857328190e-04 | 1
 19, 12 |   2.3070130568666542e-04 |   2.3070130568666542e-04 | 1
 19, 13 |   5.9691100137470579e-04 |   5.9691100137470579e-04 | 1
 19, 14 |   5.4402853681621204e-04 |   5.4402853681621204e-04 | 1
 19, 15 |   1.4674706787869063e-03 |   1.4674706787869063e-03 | 1
 19, 16 |   4.0370541499052239e-04 |   4.0370541499052239e-04 | 1
 19, 17 |   3.7957471172333764e-04 |   3.7957471172333764e-04 | 1
 19, 18 |   3.0431538014341679e-04 |   3.0431538014341679e-04 | 1
 19, 19 |   1.9325793727873120e-02 |   1.9325793727873120e-02 | 1
 19, 20 |   3.5329671511589631e-04 |   3.5329671511589631e-04 | 1
 19, 21 |   2.6197712988281039e-04 |   2.6197712988281039e-04 | 1
 19, 22 |   2.4094120862209269e-04 |   2.4094120862209269e-04 | 1
 19, 23 |   2.8666288870246906e-04 |   2.8666288870246906e-04 | 1
 19, 24 |   4.0037013251362745e-04 |   4.0037013251362745e-04 | 1
 19, 25 |   3.1732544601870301e-04 |   3.1732544601870301e-04 | 1
 19, 26 |   2.8937271493920883e-04 |   2.8937271493920883e-04 | 1
 19, 27 |  -2.9455416111962273e-04 |  -2.9455416111962273e-04 | 1
 19, 28 |   2.4744965349279445e-04 |   2.4744965349279445e-04 | 1
 19, 29 |   3.4933862124597787e-04 |   3.4933862124597787e-04 | 1
 19, 30 |   3.1413153974947812e-04 |   3.1413153974947812e-04 | 1
 19, 31 |   1.8343973851106440e-04 |   1.8343973851106440e-04 | 1
 19, 32 |  -2.4240331028656888e-04 |  -2.4240331028656888e-04 | 1
 19, 33 |   8.5329661713808382e-04 |   8.5329661713808382e-04 | 1
 19, 34 |   2.0585694464064614e-04 |   2.0585694464064614e-04 | 1
 19, 35 |  -5.0742842872186952e-05 |  -5.0742842872186952e-05 | 1
 19, 36 |  -1.0248816970353399e-05 |  -1.0248816970353399e-05 | 1
 19, 37 |   6.6085499866750492e-05 |   6.6085499866750492e-05 | 1
 19, 38 |   2.3101227738916419e-04 |   2.3101227738916419e-04 | 1
 19, 39 |  -1.6404605279284024e-04 |  -1.6404605279284024e-04 | 1
 19, 40 |  -1.5251626582617235e-07 |  -1.5251626582617235e-07 | 1
 19, 41 |   0.0000000000000000e+00 |   0.0000000000000000e+00 | 1
 20,  1 |   3.1468758542239743e-04 |   3.1468758542239743e-04 | 1
 20,  2 |   3.0944005652049111e-04 |   3.0944005652049111e-04 | 1
 20,  3 |   2.2743392589267685e-04 |   2.2743392589267685e-04 | 1
 20,  4 |   3.4447758529177874e-04 |   3.4447758529177874e-04 | 1
 20,  5 |   4.7979723030041081e-04 |   4.7979723030041081e-04 | 1
 20,  6 |   1.8978902591020665e-04 |   1.8978902591020665e-04 | 1
 20,  7 |   2.4170106219256597e-04 |   2.4170106219256597e-04 | 1
 20,  8 |   3.2046031027991066e-04 |   3.2046031027991066e-04 | 1
 20,  9 |   2.4844743203929198e-04 |   2.4844743203929198e-04 | 1
 20, 10 |   3.5013761405913127e-04 |   3.5013761405913127e-04 | 1
 20, 11 |   5.5822380266533193e-04 |   5.5822380266533193e-04 | 1
 20, 12 |   2.4897091140794125e-04 |   2.4897091140794125e-04 | 1
 20, 13 |   3.0031572025264507e-04 |   3.0031572025264507e-04 | 1
 20, 14 |   3.6370578638144648e-04 |   3.6370578638144648e-04 | 1
 20, 15 |   8.4112006442174777e-04 |   8.4112006442174777e-04 | 1
 20, 16 |   3.5637677083645320e-04 |   3.5637677083645320e-04 | 1
 20, 17 |   3.4056651242499311e-04 |   3.4056651242499311e-04 | 1
 20, 18 |   2.9876809769036300e-04 |   2.9876809769036300e-04 | 1
 20, 19 |   3.5329671511589631e-04 |   3.5329671511589631e-04 | 1
 20, 20 |   9.7050100906863022e-03 |   9.7050100906863022e-03 | 1
 20, 21 |   2.8121819633397096e-04 |   2.8121819633397096e-04 | 1
 20, 22 |   3.8295428328453355e-04 |   3.8295428328453355e-04 | 1
 20, 23 |   3.1564193101486088e-04 |   3.1564193101486088e-04 | 1
 20, 24 |   3.9903179361217196e-04 |   3.9903179361217196e-04 | 1
 20, 25 |   2.9120939835723181e-04 |   2.9120939835723181e-04 | 1
 20, 26 |   2.9891294154065656e-04 |   2.9891294154065656e-04 | 1
 20, 27 |   4.6576758469070499e-04 |   4.6576758469070499e-04 | 1
 20, 28 |   3.7480488983660150e-04 |   3.7480488983660150e-04 | 1
 20, 29 |   2.8672903483192559e-04 |   2.8672903483192559e-04 | 1
 20, 30 |   3.8219705965263312e-04 |   3.8219705965263312e-04 | 1
 20, 31 |   3.8200610771045725e-04 |   3.8200610771045725e-04 | 1
 20, 32 |  -3.1387166927078493e-05 |  -3.1387166927078493e-05 | 1
 20, 33 |  -2.1796931871635906e-04 |  -2.1796931871635906e-04 | 1
 20, 34 |   4.5147566201415461e-04 |   4.5147566201415461e-04 | 1
 20, 35 |  -1.0856758300999813e-04 |  -1.0856758300999813e-04 | 1
 20, 36 |  -7.4415917770494650e-05 |  -7.4415917770494650e-05 | 1
 20, 37 |   6.9217740053743377e-06 |   6.9217740053743377e-06 | 1
 20, 38 |   6.8061156234680071e-05 |   6.8061156234680071e-05 | 1
 20, 39 |  -1.9102532104459794e-04 |  -1.9102532104459794e-04 | 1
 20, 40 |  -1.0182372371088042e-07 |  -1.0182372371088042e-07 | 1
 20, 41 |   0.0000000000000000e+00 |   0.0000000000000000e+00 | 1
 21,  1 |   3.1312779731820729e-04 |   3.1312779731820729e-04 | 1
 21,  2 |   2.7991023219724144e-04 |   2.7991023219724144e-04 | 1
 21,  3 |   2.2782615575994093e-04 |   2.2782615575994093e-04 | 1
 21,  4 |   2.7750302468221744e-04 |   2.7750302468221744e-04 | 1
 21,  5 |   5.8641964565221249e-04 |   5.8641964565221249e-04 | 1
 21,  6 |   2.3274354330925760e-04 |   2.3274354330925760e-04 | 1
 21,  7 |   2.0629641508259605e-04 |   2.0629641508259605e-04 | 1
 21,  8 |   2.5717160438184551e-04 |   2.5717160438184551e-04 | 1
 21,  9 |   2.4611686177423926e-04 |   2.4611686177423926e-04 | 1
 21, 10 |   1.5068887422072701e-04 |   1.5068887422072701e-04 | 1
 21, 11 |   4.2952263636453908e-04 |   4.2952263636453908e-04 | 1
 21, 12 |   1.8443358294048865e-04 |   1.8443358294048865e-04 | 1
 21, 13 |   1.9901876442286813e-04 |   1.9901876442286813e-04 | 1
 21, 14 |   2.8279553214382761e-04 |   2.8279553214382761e-04 | 1
 21, 15 |   1.5086378259379554e-04 |   1.5086378259379554e-04 | 1
 21, 16 |   2.6792244595594001e-04 |   2.6792244595594001e-04 | 1
 21, 17 |   3.1633799759726210e-04 |   3.1633799759726210e-04 | 1
 21, 18 |   2.9694591376105495e-04 |   2.9694591376105495e-04 | 1
 21, 19 |   2.6197712988281039e-04 |   2.6197712988281039e-04 | 1
 21, 20 |   2.8121819633397096e-04 |   2.8121819633397096e-04 | 1
 21, 21 |   5.5984982769556012e-02 |   5.5984982769556012e-02 | 1
 21, 22 |   2.9455085842058763e-04 |   2.9455085842058763e-04 | 1
 21, 23 |   2.8847617880475049e-04 |   2.8847617880475049e-04 | 1
 21, 24 |   3.1571300914274094e-04 |   3.1571300914274094e-04 | 1
 21, 25 |   2.3602418431935870e-04 |   2.3602418431935870e-04 | 1
 21, 26 |   3.3461610634705289e-04 |   3.3461610634705289e-04 | 1
 21, 27 |   4.3528337747702269e-04 |   4.3528337747702269e-04 | 1
 21, 28 |   3.0540042644160278e-04 |   3.0540042644160278e-04 | 1
 21, 29 |   2.3617293117689442e-04 |   2.3617293117689442e-04 | 1
 21, 30 |   3.6384304454466552e-04 |   3.6384304454466552e-04 | 1
 21, 31 |   3.0907500848271607e-04 |   3.0907500848271607e-04 | 1
 21, 32 |   1.3925371611733800e-04 |   1.3925371611733800e-04 | 1
 21, 33 |  -3.8870458153228329e-04 |  -3.8870458153228329e-04 | 1
 21, 34 |   3.2431452717038333e-04 |   3.2431452717038333e-04 | 1
 21, 35 |  -5.5305289652288279e-05 |  -5.5305289652288279e-05 | 1
 21, 36 |  -2.7659415956397070e-05 |  -2.7659415956397070e-05 | 1
 21, 37 |  -6.0643481053410277e-05 |  -6.0643481053410277e-05 | 1
 21, 38 |   3.6289632312654457e-05 |   3.6289632312654457e-05 | 1
 21, 39 |  -1.6947893568535882e-04 |  -1.6947893568535882e-04 | 1
 21, 40 |  -1.0429630382081729e-07 |  -1.0429630382081729e-07 | 1
 21, 41 |   0.0000000000000000e+00 |   0.0000000000000000e+00 | 1
 22,  1 |   3.0450996698157522e-04 |   3.0450996698157522e-04 | 1
 22,  2 |   2.8299389433370274e-04 |   2.8299389433370274e-04 | 1
 22,  3 |   2.1983584452094313e-04 |   2.1983584452094313e-04 | 1
 22,  4 |   3.0536009558500775e-04 |   3.0536009558500775e-04 | 1
 22,  5 |   4.6866095628907232e-04 |   4.6866095628907232e-04 | 1
 22,  6 |   2.0607992575281833e-04 |   2.0607992575281833e-04 | 1
 22,  7 |   3.0222854285122809e-04 |   3.0222854285122809e-04 | 1
 22,  8 |   3.4841168684368134e-04 |   3.4841168684368134e-04 | 1
 22,  9 |   2.3527227274641190e-04 |   2.3527227274641190e-04 | 1
 22, 10 |   3.4070580046155886e-04 |   3.4070580046155886e-04 | 1
 22, 11 |   1.2584177386269768e-03 |   1.2584177386269768e-03 | 1
 22, 12 |   3.4121717097075036e-04 |   3.4121717097075036e-04 | 1
 22, 13 |  -4.8411584954996538e-05 |  -4.8411584954996538e-05 | 1
 22, 14 |   2.1901599439086840e-04 |   2.1901599439086840e-04 | 1
 22, 15 |   7.7607483557378483e-04 |   7.7607483557378483e-04 | 1
 22, 16 |   4.9466602072160710e-04 |   4.9466602072160710e-04 | 1
 22, 17 |   3.0753459695983664e-04 |   3.0753459695983664e-04 | 1
 22, 18 |   2.1347856972449381e-04 |   2.1347856972449381e-04 | 1
 22, 19 |   2.4094120862209269e-04 |   2.4094120862209269e-04 | 1
 22, 20 |   3.8295428328453355e-04 |   3.8295428328453355e-04 | 1
 22, 21 |   2.9455085842058763e-04 |   2.9455085842058763e-04 | 1
 22, 22 |   5.0566900904437162e-02 |   5.0566900904437162e-02 | 1
 22, 23 |   2.9191737364368310e-04 |   2.9191737364368310e-04 | 1
 22, 24 |   5.6638793109432632e-04 |   5.6638793109432632e-04 | 1
 22, 25 |   3.2494770470301699e-04 |   3.2494770470301699e-04 | 1
 22, 26 |   2.1869670802395977e-04 |   2.1869670802395977e-04 | 1
 22, 27 |   1.8544288666807545e-03 |   1.8544288666807545e-03 | 1
 22, 28 |   6.5774430977804982e-04 |   6.5774430977804982e-04 | 1
 22, 29 |   2.3463555908655745e-04 |   2.3463555908655745e-04 | 1
 22, 30 |   6.1194069899928028e-04 |   6.1194069899928028e-04 | 1
 22, 31 |   8.1273506936173378e-04 |   8.1273506936173378e-04 | 1
 22, 32 |   8.6263981760099023e-05 |   8.6263981760099023e-05 | 1
 22, 33 |  -1.8058702212723880e-03 |  -1.8058702212723880e-03 | 1
 22, 34 |   1.0747742402599204e-03 |   1.0747742402599204e-03 | 1
 22, 35 |  -2.3386757061079282e-05 |  -2.3386757061079282e-05 | 1
 22, 36 |   4.7679914497105472e-05 |   4.7679914497105472e-05 | 1
 22, 37 |   1.3893749729049871e-04 |   1.3893749729049871e-04 | 1
 22, 38 |   2.1845008255638347e-04 |   2.1845008255638347e-04 | 1
 22, 39 |  -2.3644062526505645e-04 |  -2.3644062526505645e-04 | 1
 22, 40 |  -1.3351194278278024e-07 |  -1.3351194278278024e-07 | 1
 22, 41 |   0.0000000000000000e+00 |   0.0000000000000000e+00 | 1
 23,  1 |   3.2755513937986788e-04 |   3.2755513937986788e-04 | 1
 23,  2 |   3.0219620630070831e-04 |   3.0219620630070831e-04 | 1
 23,  3 |   2.2725129573826150e-04 |   2.2725129573826150e-04 | 1
 23,  4 |   3.2550611899441267e-04 |   3.2550611899441267e-04 | 1
 23,  5 |   6.4698849137483083e-04 |   6.4698849137483083e-04 | 1
 23,  6 |   2.3872624363468716e-04 |   2.3872624363468716e-04 | 1
 23,  7 |   2.4687643138403487e-04 |   2.4687643138403487e-04 | 1
 23,  8 |   3.1604800959783000e-04 |   3.1604800959783000e-04 | 1
 23,  9 |   2.3423082586051830e-04 |   2.3423082586051830e-04 | 1
 23, 10 |   2.5532200677234039e-04 |   2.5532200677234039e-04 | 1
 23, 11 |   3.8139531325785312e-04 |   3.8139531325785312e-04 | 1
 23, 12 |   1.8135647166618707e-04 |   1.8135647166618707e-04 | 1
 23, 13 |   2.5971301636882308e-04 |   2.5971301636882308e-04 | 1
 23, 14 |   3.1838533435010654e-04 |   3.1838533435010654e-04 | 1
 23, 15 |   2.7154480761048204e-04 |   2.7154480761048204e-04 | 1
 23, 16 |   3.1894739609770426e-04 |   3.1894739609770426e-04 | 1
 23, 17 |   3.2794268613420209e-04 |   3.2794268613420209e-04 | 1
 23, 18 |   2.6228557669246452e-04 |   2.6228557669246452e-04 | 1
 23, 19 |   2.8666288870246906e-04 |   2.8666288870246906e-04 | 1
 23, 20 |   3.1564193101486088e-04 |   3.1564193101486088e-04 | 1
 23, 21 |   2.8847617880475049e-04 |   2.8847617880475049e-04 | 1
 23, 22 |   2.9191737364368310e-04 |   2.9191737364368310e-04 | 1
 23, 23 |   2.7479175245925604e-02 |   2.7479175245925604e-02 | 1
 23, 24 |   3.6405818604004004e-04 |   3.6405818604004004e-04 | 1
 23, 25 |   2.4355114027875237e-04 |   2.4355114027875237e-04 | 1
 23, 26 |   2.4899915624550814e-04 |   2.4899915624550814e-04 | 1
 23, 27 |   3.4290276553101159e-04 |   3.4290276553101159e-04 | 1
 23, 28 |   2.8941915733717569e-04 |   2.8941915733717569e-04 | 1
 23, 29 |   2.1473326059129474e-04 |   2.1473326059129474e-04 | 1
 23, 30 |   3.1347474814414961e-04 |   3.1347474814414961e-04 | 1
 23, 31 |   2.9973444783835094e-04 |   2.9973444783835094e-04 | 1
 23, 32 |   8.3255550608684313e-05 |   8.3255550608684313e-05 | 1
 23, 33 |  -2.2371336074886386e-04 |  -2.2371336074886386e-04 | 1
 23, 34 |   3.1949018393899350e-04 |   3.1949018393899350e-04 | 1
 23, 35 |  -7.6958459882260248e-05 |  -7.6958459882260248e-05 | 1
 23, 36 |   3.0731279357304278e-05 |   3.0731279357304278e-05 | 1
 23, 37 |   1.2587205773075756e-04 |   1.2587205773075756e-04 | 1
 23, 38 |   1.5832318781509679e-04 |   1.5832318781509679e-04 | 1
 23, 39 |  -1.8228655315305741e-04 |  -1.8228655315305741e-04 | 1
 23, 40 |  -1.4207873551305765e-07 |  -1.4207873551305765e-07 | 1
 23, 41 |   0.0000000000000000e+00 |   0.0000000000000000e+00 | 1
 24,  1 |   3.5748713938963241e-04 |   3.5748713938963241e-04 | 1
 24,  2 |   3.4676019001358532e-04 |   3.4676019001358532e-04 | 1
 24,  3 |   2.6610942676017152e-04 |   2.6610942676017152e-04 | 1
 24,  4 |   3.9320152291159980e-04 |   3.9320152291159980e-04 | 1
 24,  5 |   5.1903634331716382e-04 |   5.1903634331716382e-04 | 1
 24,  6 |   2.2789007167758305e-04 |   2.2789007167758305e-04 | 1
 24,  7 |   3.2460678217977621e-04 |   3.2460678217977621e-04 | 1
 24,  8 |   3.9242849960722549e-04 |   3.9242849960722549e-04 | 1
 24,  9 |   2.9276661612417281e-04 |   2.9276661612417281e-04 | 1
 24, 10 |   4.5211203670775393e-04 |   4.5211203670775393e-04 | 1
 24, 11 |   8.6194060665706470e-04 |   8.6194060665706470e-04 | 1
 24, 12 |   3.2696113273601669e-04 |   3.2696113273601669e-04 | 1
 24, 13 |   2.5816645774333282e-04 |   2.5816645774333282e-04 | 1
 24, 14 |   3.7735158812654963e-04 |   3.7735158812654963e-04 | 1
 24, 15 |   1.0768444099693271e-03 |   1.0768444099693271e-03 | 1
 24, 16 |   4.7673214414585796e-04 |   4.7673214414585796e-04 | 1
 24, 17 |   3.7166571452882692e-04 |   3.7166571452882692e-04 | 1
 24, 18 |   2.9310196946148400e-04 |   2.9310196946148400e-04 | 1
 24, 19 |   4.0037013251362745e-04 |   4.0037013251362745e-04 | 1
 24, 20 |   3.9903179361217196e-04 |   3.9903179361217196e-04 | 1
 24, 21 |   3.1571300914274094e-04 |   3.1571300914274094e-04 | 1
 24, 22 |   5.6638793109432632e-04 |   5.6638793109432632e-04 | 1
 24, 23 |   3.6405818604004004e-04 |   3.6405818604004004e-04 | 1
 24, 24 |   3.9782906759582067e-03 |   3.9782906759582067e-03 | 1
 24, 25 |   3.4916905475273916e-04 |   3.4916905475273916e-04 | 1
 24, 26 |   2.9905794870676867e-04 |   2.9905794870676867e-04 | 1
 24, 27 |   9.7783724574425834e-04 |   9.7783724574425834e-04 | 1
 24, 28 |   5.1229372873036656e-04 |   5.1229372873036656e-04 | 1
 24, 29 |   3.1751305419745822e-04 |   3.1751305419745822e-04 | 1
 24, 30 |   5.2393218137701991e-04 |   5.2393218137701991e-04 | 1
 24, 31 |   5.7694985519597935e-04 |   5.7694985519597935e-04 | 1
 24, 32 |  -4.1378757337623491e-05 |  -4.1378757337623491e-05 | 1
 24, 33 |  -7.0168380978810813e-04 |  -7.0168380978810813e-04 | 1
 24, 34 |   7.4248577633552145e-04 |   7.4248577633552145e-04 | 1
 24, 35 |  -7.3093924171625064e-05 |  -7.3093924171625064e-05 | 1
 24, 36 |   2.1375967289787073e-06 |   2.1375967289787073e-06 | 1
 24, 37 |   8.7271753215142748e-05 |   8.7271753215142748e-05 | 1
 24, 38 |   1.7581989220639887e-04 |   1.7581989220639887e-04 | 1
 24, 39 |  -2.1986052200847312e-04 |  -2.1986052200847312e-04 | 1
 24, 40 |  -1.4452434414305953e-07 |  -1.4452434414305953e-07 | 1
 24, 41 |   0.0000000000000000e+00 |   0.0000000000000000e+00 | 1
 25,  1 |   2.7509346660957218e-04 |   2.7509346660957218e-04 | 1
 25,  2 |   2.6352253752804554e-04 |   2.6352253752804554e-04 | 1
 25,  3 |   2.0265943399546120e-04 |   2.0265943399546120e-04 | 1
 25,  4 |   2.9606778455115051e-04 |   2.9606778455115051e-04 | 1
 25,  5 |   4.0591921294988497e-04 |   4.0591921294988497e-04 | 1
 25,  6 |   1.6799746337669728e-04 |   1.6799746337669728e-04 | 1
 25,  7 |   2.4387815276943756e-04 |   2.4387815276943756e-04 | 1
 25,  8 |   2.7789551387654213e-04 |   2.7789551387654213e-04 | 1
 25,  9 |   2.2836533920681217e-04 |   2.2836533920681217e-04 | 1
 25, 10 |   2.8642925069611712e-04 |   2.8642925069611712e-04 | 1
 25, 11 |   4.6412187275773214e-04 |   4.6412187275773214e-04 | 1
 25, 12 |   2.1561982919080460e-04 |   2.1561982919080460e-04 | 1
 25, 13 |   2.5403242943947807e-04 |   2.5403242943947807e-04 | 1
 25, 14 |   3.1453522132249495e-04 |   3.1453522132249495e-04 | 1
 25, 15 |   6.9230002231507153e-04 |   6.9230002231507153e-04 | 1
 25, 16 |   3.2839010561643559e-04 |   3.2839010561643559e-04 | 1
 25, 17 |   2.8875530161880385e-04 |   2.8875530161880385e-04 | 1
 25, 18 |   2.3420042856263270e-04 |   2.3420042856263270e-04 | 1
 25, 19 |   3.1732544601870301e-04 |   3.1732544601870301e-04 | 1
 25, 20 |   2.9120939835723181e-04 |   2.9120939835723181e-04 | 1
 25, 21 |   2.3602418431935870e-04 |   2.3602418431935870e-04 | 1
 25, 22 |   3.2494770470301699e-04 |   3.2494770470301699e-04 | 1
 25, 23 |   2.4355114027875237e-04 |   2.4355114027875237e-04 | 1
 25, 24 |   3.4916905475273916e-04 |   3.4916905475273916e-04 | 1
 25, 25 |   1.2440514316269875e-02 |   1.2440514316269875e-02 | 1
 25, 26 |   2.4913183612798384e-04 |   2.4913183612798384e-04 | 1
 25, 27 |   4.4463377853292221e-04 |   4.4463377853292221e-04 | 1
 25, 28 |   3.3087901299313442e-04 |   3.3087901299313442e-04 | 1
 25, 29 |   2.4802756168054458e-04 |   2.4802756168054458e-04 | 1
 25, 30 |   3.4661623791530497e-04 |   3.4661623791530497e-04 | 1
 25, 31 |   3.4167035587615708e-04 |   3.4167035587615708e-04 | 1
 25, 32 |  -2.5357172963475371e-05 |  -2.5357172963475371e-05 | 1
 25, 33 |  -2.4049971754723721e-04 |  -2.4049971754723721e-04 | 1
 25, 34 |   4.1656893830845744e-04 |   4.1656893830845744e-04 | 1
 25, 35 |  -1.9413825875703510e-05 |  -1.9413825875703510e-05 | 1
 25, 36 |  -1.3717619880542120e-05 |  -1.3717619880542120e-05 | 1
 25, 37 |   5.1824697381671884e-05 |   5.1824697381671884e-05 | 1
 25, 38 |   1.2359230543126600e-04 |   1.2359230543126600e-04 | 1
 25, 39 |  -1.5345123805973889e-04 |  -1.5345123805973889e-04 | 1
 25, 40 |  -1.1425169916068976e-07 |  -1.1425169916068976e-07 | 1
 25, 41 |   0.0000000000000000e+00 |   0.0000000000000000e+00 | 1
 26,  1 |   2.9499995546950462e-04 |   2.9499995546950462e-04 | 1
 26,  2 |   2.8777445367983803e-04 |   2.8777445367983803e-04 | 1
 26,  3 |   1.9502254102204478e-04 |   1.9502254102204478e-04 | 1
 26,  4 |   2.9094958373029715e-04 |   2.9094958373029715e-04 | 1
 26,  5 |   4.9372563597152163e-04 |   4.9372563597152163e-04 | 1
 26,  6 |   2.1232844943630040e-04 |   2.1232844943630040e-04 | 1
 26,  7 |   2.4932244015391338e-04 |   2.4932244015391338e-04 | 1
 26,  8 |   2.5389521550269053e-04 |   2.5389521550269053e-04 | 1
 26,  9 |   2.5105436606555402e-04 |   2.5105436606555402e-04 | 1
 26, 10 |   2.0131131619084610e-04 |   2.0131131619084610e-04 | 1
 26, 11 |   3.3332309220159635e-04 |   3.3332309220159635e-04 | 1
 26, 12 |   1.6250430425320965e-04 |   1.6250430425320965e-04 | 1
 26, 13 |   2.6362826765758291e-04 |   2.6362826765758291e-04 | 1
 26, 14 |   3.4370270749357066e-04 |   3.4370270749357066e-04 | 1
 26, 15 |   5.5546128691089352e-04 |   5.5546128691089352e-04 | 1
 26, 16 |   2.6762305744963656e-04 |   2.6762305744963656e-04 | 1
 26, 17 |   3.2290484431433204e-04 |   3.2290484431433204e-04 | 1
 26, 18 |   3.0439782451938173e-04 |   3.0439782451938173e-04 | 1
 26, 19 |   2.8937271493920883e-04 |   2.8937271493920883e-04 | 1
 26, 20 |   2.9891294154065656e-04 |   2.9891294154065656e-04 | 1
 26, 21 |   3.3461610634705289e-04 |   3.3461610634705289e-04 | 1
 26, 22 |   2.1869670802395977e-04 |   2.1869670802395977e-04 | 1
 26, 23 |   2.4899915624550814e-04 |   2.4899915624550814e-04 | 1
 26, 24 |   2.9905794870676867e-04 |   2.9905794870676867e-04 | 1
 26, 25 |   2.4913183612798384e-04 |   2.4913183612798384e-04 | 1
 26, 26 |   3.5465340705330507e-02 |   3.5465340705330507e-02 | 1
 26, 27 |   2.3858887412826370e-04 |   2.3858887412826370e-04 | 1
 26, 28 |   2.8552754759556209e-04 |   2.8552754759556209e-04 | 1
 26, 29 |   2.5395714013715201e-04 |   2.5395714013715201e-04 | 1
 26, 30 |   3.1624951035382431e-04 |   3.1624951035382431e-04 | 1
 26, 31 |   2.7510253436407729e-04 |   2.7510253436407729e-04 | 1
 26, 32 |   4.8813620926751891e-05 |   4.8813620926751891e-05 | 1
 26, 33 |  -8.4783226457552110e-05 |  -8.4783226457552110e-05 | 1
 26, 34 |   2.6568281493427126e-04 |   2.6568281493427126e-04 | 1
 26, 35 |  -1.2438835349838276e-04 |  -1.2438835349838276e-04 | 1
 26, 36 |  -1.1320352301599594e-04 |  -1.1320352301599594e-04 | 1
 26, 37 |  -9.0024412780368714e-05 |  -9.0024412780368714e-05 | 1
 26, 38 |   3.3059943307349160e-05 |   3.3059943307349160e-05 | 1
 26, 39 |  -9.6739259679177775e-05 |  -9.6739259679177775e-05 | 1
 26, 40 |  -9.6906605576074710e-08 |  -9.6906605576074710e-08 | 1
 26, 41 |   0.0000000000000000e+00 |   0.0000000000000000e+00 | 1
 27,  1 |   2.4781332490392619e-04 |   2.4781332490392619e-04 | 1
 27,  2 |   1.8855807421310519e-04 |   1.8855807421310519e-04 | 1
 27,  3 |   2.2471626983374538e-04 |   2.2471626983374538e-04 | 1
 27,  4 |   8.6866805157241123e-05 |   8.6866805157241123e-05 | 1
 27,  5 |   2.3192785814722978e-04 |   2.3192785814722978e-04 | 1
 27,  6 |   2.1014700405736880e-04 |   2.1014700405736880e-04 | 1
 27,  7 |   1.9464161664478863e-04 |   1.9464161664478863e-04 | 1
 27,  8 |   2.9668458782556922e-04 |   2.9668458782556922e-04 | 1
 27,  9 |   1.0002232280968796e-04 |   1.0002232280968796e-04 | 1
 27, 10 |   1.5102836074600066e-04 |   1.5102836074600066e-04 | 1
 27, 11 |   3.5046534479788840e-03 |   3.5046534479788840e-03 | 1
 27, 12 |   7.6517770129521886e-04 |   7.6517770129521886e-04 | 1
 27, 13 |  -1.3103789243008339e-03 |  -1.3103789243008339e-03 | 1
 27, 14 |  -4.9254434979397333e-04 |  -4.9254434979397333e-04 | 1
 27, 15 |   4.4009216306041847e-04 |   4.4009216306041847e-04 | 1
 27, 16 |   6.7606849440596858e-04 |   6.7606849440596858e-04 | 1
 27, 17 |   1.7123218247798124e-04 |   1.7123218247798124e-04 | 1
 27, 18 |   2.0213929027606170e-04 |   2.0213929027606170e-04 | 1
 27, 19 |  -2.9455416111962273e-04 |  -2.9455416111962273e-04 | 1
 27, 20 |   4.6576758469070499e-04 |   4.6576758469070499e-04 | 1
 27, 21 |   4.3528337747702269e-04 |   4.3528337747702269e-04 | 1
 27, 22 |   1.8544288666807545e-03 |   1.8544288666807545e-03 | 1
 27, 23 |   3.4290276553101159e-04 |   3.4290276553101159e-04 | 1
 27, 24 |   9.7783724574425834e-04 |   9.7783724574425834e-04 | 1
 27, 25 |   4.4463377853292221e-04 |   4.4463377853292221e-04 | 1
 27, 26 |   2.3858887412826370e-04 |   2.3858887412826370e-04 | 1
 27, 27 |   8.8555362681513334e-03 |   8.8555362681513334e-03 | 1
 27, 28 |   1.5952507070821297e-03 |   1.5952507070821297e-03 | 1
 27, 29 |   5.0232303330065604e-05 |   5.0232303330065604e-05 | 1
 27, 30 |   1.3551196722499906e-03 |   1.3551196722499906e-03 | 1
 27, 31 |   2.1918289958159586e-03 |   2.1918289958159586e-03 | 1
 27, 32 |   6.2953373649493811e-04 |   6.2953373649493811e-04 | 1
 27, 33 |  -7.3929726497858400e-03 |  -7.3929726497858400e-03 | 1
 27, 34 |   3.0722296253615248e-03 |   3.0722296253615248e-03 | 1
 27, 35 |  -8.4373537413785728e-05 |  -8.4373537413785728e-05 | 1
 27, 36 |  -2.7610396982560873e-05 |  -2.7610396982560873e-05 | 1
 27, 37 |   7.0344335020870722e-05 |   7.0344335020870722e-05 | 1
 27, 38 |   1.2279300821307443e-04 |   1.2279300821307443e-04 | 1
 27, 39 |  -9.0816711424720125e-05 |  -9.0816711424720125e-05 | 1
 27, 40 |  -1.0957524208524721e-07 |  -1.0957524208524721e-07 | 1
 27, 41 |   0.0000000000000000e+00 |   0.0000000000000000e+00 | 1
 28,  1 |   3.1294347050112790e-04 |   3.1294347050112790e-04 | 1
 28,  2 |   2.9270401061997595e-04 |   2.9270401061997595e-04 | 1
 28,  3 |   2.3266179837516112e-04 |   2.3266179837516112e-04 | 1
 28,  4 |   3.0600327141670444e-04 |   3.0600327141670444e-04 | 1
 28,  5 |   4.1001090333414808e-04 |   4.1001090333414808e-04 | 1
 28,  6 |   1.9111310574573676e-04 |   1.9111310574573676e-04 | 1
 28,  7 |   2.9706818970774999e-04 |   2.9706818970774999e-04 | 1
 28,  8 |   3.1729825161075484e-04 |   3.1729825161075484e-04 | 1
 28,  9 |   2.5328708510471282e-04 |   2.5328708510471282e-04 | 1
 28, 10 |   3.1522792276313013e-04 |   3.1522792276313013e-04 | 1
 28, 11 |   1.1220884543068433e-03 |   1.1220884543068433e-03 | 1
 28, 12 |   3.3867537049600419e-04 |   3.3867537049600419e-04 | 1
 28, 13 |   1.0788013240150339e-05 |   1.0788013240150339e-05 | 1
 28, 14 |   2.3910733254497719e-04 |   2.3910733254497719e-04 | 1
 28, 15 |   7.8142269386298393e-04 |   7.8142269386298393e-04 | 1
 28, 16 |   4.4646141942664071e-04 |   4.4646141942664071e-04 | 1
 28, 17 |   3.2417559965459552e-04 |   3.2417559965459552e-04 | 1
 28, 18 |   2.6028829026350107e-04 |   2.6028829026350107e-04 | 1
 28, 19 |   2.4744965349279445e-04 |   2.4744965349279445e-04 | 1
 28, 20 |   3.7480488983660150e-04 |   3.7480488983660150e-04 | 1
 28, 21 |   3.0540042644160278e-04 |   3.0540042644160278e-04 | 1
 28, 22 |   6.5774430977804982e-04 |   6.5774430977804982e-04 | 1
 28, 23 |   2.8941915733717569e-04 |   2.8941915733717569e-04 | 1
 28, 24 |   5.1229372873036656e-04 |   5.1229372873036656e-04 | 1
 28, 25 |   3.3087901299313442e-04 |   3.3087901299313442e-04 | 1
 28, 26 |   2.8552754759556209e-04 |   2.8552754759556209e-04 | 1
 28, 27 |   1.5952507070821297e-03 |   1.5952507070821297e-03 | 1
 28, 28 |   7.1169846467253155e-03 |   7.1169846467253155e-03 | 1
 28, 29 |   2.6978475156200622e-04 |   2.6978475156200622e-04 | 1
 28, 30 |   5.8352929566443288e-04 |   5.8352929566443288e-04 | 1
 28, 31 |   7.4960901380180045e-04 |   7.4960901380180045e-04 | 1
 28, 32 |   8.2909651022693289e-05 |   8.2909651022693289e-05 | 1
 28, 33 |  -1.5411460901000905e-03 |  -1.5411460901000905e-03 | 1
 28, 34 |   9.6062665032839228e-04 |   9.6062665032839228e-04 | 1
 28, 35 |  -5.2477671584319670e-05 |  -5.2477671584319670e-05 | 1
 28, 36 |  -8.4469312603462749e-05 |  -8.4469312603462749e-05 | 1
 28, 37 |   1.7410177017135743e-05 |   1.7410177017135743e-05 | 1
 28, 38 |   8.3345125092969182e-05 |   8.3345125092969182e-05 | 1
 28, 39 |  -2.0603893014594252e-04 |  -2.0603893014594252e-04 | 1
 28, 40 |  -1.0438446673757526e-07 |  -1.0438446673757526e-07 | 1
 28, 41 |   0.0000000000000000e+00 |   0.0000000000000000e+00 | 1
 29,  1 |   2.6527525931275268e-04 |   2.6527525931275268e-04 | 1
 29,  2 |   2.5813134534505083e-04 |   2.5813134534505083e-04 | 1
 29,  3 |   1.8271866528987487e-04 |   1.8271866528987487e-04 | 1
 29,  4 |   2.9959619461690398e-04 |   2.9959619461690398e-04 | 1
 29,  5 |   4.0049350954805883e-04 |   4.0049350954805883e-04 | 1
 29,  6 |   1.7156780090924934e-04 |   1.7156780090924934e-04 | 1
 29,  7 |   2.4373246240849141e-04 |   2.4373246240849141e-04 | 1
 29,  8 |   2.6657401099771034e-04 |   2.6657401099771034e-04 | 1
 29,  9 |   2.4297636518611789e-04 |   2.4297636518611789e-04 | 1
 29, 10 |   3.1867771946565986e-04 |   3.1867771946565986e-04 | 1
 29, 11 |   3.2462999026657089e-04 |   3.2462999026657089e-04 | 1
 29, 12 |   1.7250027726945541e-04 |   1.7250027726945541e-04 | 1
 29, 13 |   3.5190707511874720e-04 |   3.5190707511874720e-04 | 1
 29, 14 |   3.8073436950186864e-04 |   3.8073436950186864e-04 | 1
 29, 15 |   7.8380370577730109e-04 |   7.8380370577730109e-04 | 1
 29, 16 |   3.0021610757438122e-04 |   3.0021610757438122e-04 | 1
 29, 17 |   3.0380404700305620e-04 |   3.0380404700305620e-04 | 1
 29, 18 |   2.2299513668197810e-04 |   2.2299513668197810e-04 | 1
 29, 19 |   3.4933862124597787e-04 |   3.4933862124597787e-04 | 1
 29, 20 |   2.8672903483192559e-04 |   2.8672903483192559e-04 | 1
 29, 21 |   2.3617293117689442e-04 |   2.3617293117689442e-04 | 1
 29, 22 |   2.3463555908655745e-04 |   2.3463555908655745e-04 | 1
 29, 23 |   2.1473326059129474e-04 |   2.1473326059129474e-04 | 1
 29, 24 |   3.1751305419745822e-04 |   3.1751305419745822e-04 | 1
 29, 25 |   2.4802756168054458e-04 |   2.4802756168054458e-04 | 1
 29, 26 |   2.5395714013715201e-04 |   2.5395714013715201e-04 | 1
 29, 27 |   5.0232303330065604e-05 |   5.0232303330065604e-05 | 1
 29, 28 |   2.6978475156200622e-04 |   2.6978475156200622e-04 | 1
 29, 29 |   1.0866497979688028e-02 |   1.0866497979688028e-02 | 1
 29, 30 |   2.8219135244161289e-04 |   2.8219135244161289e-04 | 1
 29, 31 |   2.4206961180651360e-04 |   2.4206961180651360e-04 | 1
 29, 32 |  -8.6192748061205337e-05 |  -8.6192748061205337e-05 | 1
 29, 33 |   2.4228112336960824e-04 |   2.4228112336960824e-04 | 1
 29, 34 |   2.5181637511648158e-04 |   2.5181637511648158e-04 | 1
 29, 35 |  -5.3559424340516847e-05 |  -5.3559424340516847e-05 | 1
 29, 36 |  -8.0660487610333597e-05 |  -8.0660487610333597e-05 | 1
 29, 37 |  -3.6669133611839323e-05 |  -3.6669133611839323e-05 | 1
 29, 38 |   1.7314350094032791e-05 |   1.7314350094032791e-05 | 1
 29, 39 |  -1.8207489080917952e-04 |  -1.8207489080917952e-04 | 1
 29, 40 |  -7.4849920912730609e-08 |  -7.4849920912730609e-08 | 1
 29, 41 |   0.0000000000000000e+00 |   0.0000000000000000e+00 | 1
 30,  1 |   3.4807016977584900e-04 |   3.4807016977584900e-04 | 1
 30,  2 |   3.3074101629654643e-04 |   3.3074101629654643e-04 | 1
 30,  3 |   2.4682087154134520e-04 |   2.4682087154134520e-04 | 1
 30,  4 |   3.4784704681064106e-04 |   3.4784704681064106e-04 | 1
 30,  5 |   5.4056491826619279e-04 |   5.4056491826619279e-04 | 1
 30,  6 |   2.3736411082018511e-04 |   2.3736411082018511e-04 | 1
 30,  7 |   2.9366623624104392e-04 |   2.9366623624104392e-04 | 1
 30,  8 |   3.5862649790038598e-04 |   3.5862649790038598e-04 | 1
 30,  9 |   2.8329933047328945e-04 |   2.8329933047328945e-04 | 1
 30, 10 |   3.2268588460212887e-04 |   3.2268588460212887e-04 | 1
 30, 11 |   1.0012413108196644e-03 |   1.0012413108196644e-03 | 1
 30, 12 |   3.2320840998305332e-04 |   3.2320840998305332e-04 | 1
 30, 13 |   1.0095251210635833e-04 |   1.0095251210635833e-04 | 1
 30, 14 |   3.1161690583505331e-04 |   3.1161690583505331e-04 | 1
 30, 15 |   8.0575943365850458e-04 |   8.0575943365850458e-04 | 1
 30, 16 |   4.6089533691544195e-04 |   4.6089533691544195e-04 | 1
 30, 17 |   3.6474962181332407e-04 |   3.6474962181332407e-04 | 1
 30, 18 |   3.0507276259489043e-04 |   3.0507276259489043e-04 | 1
 30, 19 |   3.1413153974947812e-04 |   3.1413153974947812e-04 | 1
 30, 20 |   3.8219705965263312e-04 |   3.8219705965263312e-04 | 1
 30, 21 |   3.6384304454466552e-04 |   3.6384304454466552e-04 | 1
 30, 22 |   6.1194069899928028e-04 |   6.1194069899928028e-04 | 1
 30, 23 |   3.1347474814414961e-04 |   3.1347474814414961e-04 | 1
 30, 24 |   5.2393218137701991e-04 |   5.2393218137701991e-04 | 1
 30, 25 |   3.4661623791530497e-04 |   3.4661623791530497e-04 | 1
 30, 26 |   3.1624951035382431e-04 |   3.1624951035382431e-04 | 1
 30, 27 |   1.3551196722499906e-03 |   1.3551196722499906e-03 | 1
 30, 28 |   5.8352929566443288e-04 |   5.8352929566443288e-04 | 1
 30, 29 |   2.8219135244161289e-04 |   2.8219135244161289e-04 | 1
 30, 30 |   9.6025093870170091e-03 |   9.6025093870170091e-03 | 1
 30, 31 |   6.7607864366089855e-04 |   6.7607864366089855e-04 | 1
 30, 32 |   7.6931330598338255e-05 |   7.6931330598338255e-05 | 1
 30, 33 |  -1.2432168738796185e-03 |  -1.2432168738796185e-03 | 1
 30, 34 |   8.5052910653043621e-04 |   8.5052910653043621e-04 | 1
 30, 35 |  -4.2565512093987207e-05 |  -4.2565512093987207e-05 | 1
 30, 36 |  -2.0421646980141878e-05 |  -2.0421646980141878e-05 | 1
 30, 37 |   3.8236176192058466e-05 |   3.8236176192058466e-05 | 1
 30, 38 |   1.6882490258215377e-04 |   1.6882490258215377e-04 | 1
 30, 39 |  -2.1024144669908252e-04 |  -2.1024144669908252e-04 | 1
 30, 40 |  -1.3834149921730857e-07 |  -1.3834149921730857e-07 | 1
 30, 41 |   0.0000000000000000e+00 |   0.0000000000000000e+00 | 1
 31,  1 |   3.1017532983015428e-04 |   3.1017532983015428e-04 | 1
 31,  2 |   2.7379313942835611e-04 |   2.7379313942835611e-04 | 1
 31,  3 |   2.4528167046068412e-04 |   2.4528167046068412e-04 | 1
 31,  4 |   2.8085326417383463e-04 |   2.8085326417383463e-04 | 1
 31,  5 |   4.1164800315164141e-04 |   4.1164800315164141e-04 | 1
 31,  6 |   1.9661010593889422e-04 |   1.9661010593889422e-04 | 1
 31,  7 |   2.8505229571343111e-04 |   2.8505229571343111e-04 | 1
 31,  8 |   3.2475276911404522e-04 |   3.2475276911404522e-04 | 1
 31,  9 |   2.3469407901191059e-04 |   2.3469407901191059e-04 | 1
 31, 10 |   3.0012857898248450e-04 |   3.0012857898248450e-04 | 1
 31, 11 |   1.4013694733736666e-03 |   1.4013694733736666e-03 | 1
 31, 12 |   3.9815405285531367e-04 |   3.9815405285531367e-04 | 1
 31, 13 |  -1.4257745577018013e-04 |  -1.4257745577018013e-04 | 1
 31, 14 |   1.4451344087616118e-04 |   1.4451344087616118e-04 | 1
 31, 15 |   6.0072449593139184e-04 |   6.0072449593139184e-04 | 1
 31, 16 |   4.8562371449759224e-04 |   4.8562371449759224e-04 | 1
 31, 17 |   3.0598385163638713e-04 |   3.0598385163638713e-04 | 1
 31, 18 |   2.3216509655827298e-04 |   2.3216509655827298e-04 | 1
 31, 19 |   1.8343973851106440e-04 |   1.8343973851106440e-04 | 1
 31, 20 |   3.8200610771045725e-04 |   3.8200610771045725e-04 | 1
 31, 21 |   3.0907500848271607e-04 |   3.0907500848271607e-04 | 1
 31, 22 |   8.1273506936173378e-04 |   8.1273506936173378e-04 | 1
 31, 23 |   2.9973444783835094e-04 |   2.9973444783835094e-04 | 1
 31, 24 |   5.7694985519597935e-04 |   5.7694985519597935e-04 | 1
 31, 25 |   3.4167035587615708e-04 |   3.4167035587615708e-04 | 1
 31, 26 |   2.7510253436407729e-04 |   2.7510253436407729e-04 | 1
 31, 27 |   2.1918289958159586e-03 |   2.1918289958159586e-03 | 1
 31, 28 |   7.4960901380180045e-04 |   7.4960901380180045e-04 | 1
 31, 29 |   2.4206961180651360e-04 |   2.4206961180651360e-04 | 1
 31, 30 |   6.7607864366089855e-04 |   6.7607864366089855e-04 | 1
 31, 31 |   1.9781114407835428e-02 |   1.9781114407835428e-02 | 1
 31, 32 |   1.5483631721801265e-04 |   1.5483631721801265e-04 | 1
 31, 33 |  -2.2526293172724287e-03 |  -2.2526293172724287e-03 | 1
 31, 34 |   1.2176842939632527e-03 |   1.2176842939632527e-03 | 1
 31, 35 |   1.7232593386082617e-06 |   1.7232593386082617e-06 | 1
 31, 36 |  -2.5300022353765626e-05 |  -2.5300022353765626e-05 | 1
 31, 37 |   7.6425662933463212e-05 |   7.6425662933463212e-05 | 1
 31, 38 |   1.0583594172751458e-04 |   1.0583594172751458e-04 | 1
 31, 39 |  -2.3010636853958887e-04 |  -2.3010636853958887e-04 | 1
 31, 40 |  -1.1469780774212548e-07 |  -1.1469780774212548e-07 | 1
 31, 41 |   0.0000000000000000e+00 |   0.0000000000000000e+00 | 1
 32,  1 |   3.8002871441077061e-05 |   3.8002871441077061e-05 | 1
 32,  2 |  -2.4474752250174865e-04 |  -2.4474752250174865e-04 | 1
 32,  3 |   2.7980899937424704e-05 |   2.7980899937424704e-05 | 1
 32,  4 |  -7.0764844414619894e-05 |  -7.0764844414619894e-05 | 1
 32,  5 |   1.9670863323836889e-04 |   1.9670863323836889e-04 | 1
 32,  6 |   5.5237509713987401e-05 |   5.5237509713987401e-05 | 1
 32,  7 |  -4.1920474309109301e-05 |  -4.1920474309109301e-05 | 1
 32,  8 |  -5.3838111030340312e-05 |  -5.3838111030340312e-05 | 1
 32,  9 |  -7.4966765253548704e-06 |  -7.4966765253548704e-06 | 1
 32, 10 |  -2.8277195885618501e-04 |  -2.8277195885618501e-04 | 1
 32, 11 |   1.7275069325338072e-04 |   1.7275069325338072e-04 | 1
 32, 12 |  -2.2524868397790010e-05 |  -2.2524868397790010e-05 | 1
 32, 13 |  -3.2351445653834262e-04 |  -3.2351445653834262e-04 | 1
 32, 14 |  -1.7751203161247610e-04 |  -1.7751203161247610e-04 | 1
 32, 15 |  -1.1658550910552535e-03 |  -1.1658550910552535e-03 | 1
 32, 16 |  -6.7969668186744676e-05 |  -6.7969668186744676e-05 | 1
 32, 17 |   3.3693375025907351e-06 |   3.3693375025907351e-06 | 1
 32, 18 |   5.8388312328993103e-05 |   5.8388312328993103e-05 | 1
 32, 19 |  -2.4240331028656888e-04 |  -2.4240331028656888e-04 | 1
 32, 20 |  -3.1387166927078493e-05 |  -3.1387166927078493e-05 | 1
 32, 21 |   1.3925371611733800e-04 |   1.3925371611733800e-04 | 1
 32, 22 |   8.6263981760099023e-05 |   8.6263981760099023e-05 | 1
 32, 23 |   8.3255550608684313e-05 |   8.3255550608684313e-05 | 1
 32, 24 |  -4.1378757337623491e-05 |  -4.1378757337623491e-05 | 1
 32, 25 |  -2.5357172963475371e-05 |  -2.5357172963475371e-05 | 1
 32, 26 |   4.8813620926751891e-05 |   4.8813620926751891e-05 | 1
 32, 27 |   6.2953373649493811e-04 |   6.2953373649493811e-04 | 1
 32, 28 |   8.2909651022693289e-05 |   8.2909651022693289e-05 | 1
 32, 29 |  -8.6192748061205337e-05 |  -8.6192748061205337e-05 | 1
 32, 30 |   7.6931330598338255e-05 |   7.6931330598338255e-05 | 1
 32, 31 |   1.5483631721801265e-04 |   1.5483631721801265e-04 | 1
 32, 32 |   4.1982777350411520e-04 |   4.1982777350411520e-04 | 1
 32, 33 |  -1.0911160210309748e-03 |  -1.0911160210309748e-03 | 1
 32, 34 |   1.1439834227510934e-04 |   1.1439834227510934e-04 | 1
 32, 35 |   1.2505849373472304e-06 |   1.2505849373472304e-06 | 1
 32, 36 |  -2.1323402674862522e-05 |  -2.1323402674862522e-05 | 1
 32, 37 |  -3.0825136893619017e-05 |  -3.0825136893619017e-05 | 1
 32, 38 |  -4.9222417683589427e-05 |  -4.9222417683589427e-05 | 1
 32, 39 |  -1.1219242280104596e-05 |  -1.1219242280104596e-05 | 1
 32, 40 |  -5.8173624889024885e-09 |  -5.8173624889024885e-09 | 1
 32, 41 |   0.0000000000000000e+00 |   0.0000000000000000e+00 | 1
 33,  1 |  -7.3748829102620813e-05 |  -7.3748829102620813e-05 | 1
 33,  2 |   2.4230131618438977e-05 |   2.4230131618438977e-05 | 1
 33,  3 |  -1.0255993729065609e-04 |  -1.0255993729065609e-04 | 1
 33,  4 |   2.3521725201952929e-04 |   2.3521725201952929e-04 | 1
 33,  5 |  -8.3606899378725003e-05 |  -8.3606899378725003e-05 | 1
 33,  6 |  -1.2357457730213938e-04 |  -1.2357457730213938e-04 | 1
 33,  7 |   2.0494027629082145e-05 |   2.0494027629082145e-05 | 1
 33,  8 |  -2.1218954640335470e-05 |  -2.1218954640335470e-05 | 1
 33,  9 |   9.9349588842082869e-05 |   9.9349588842082869e-05 | 1
 33, 10 |   3.9327088215400353e-04 |   3.9327088215400353e-04 | 1
 33, 11 |  -3.5463583033664456e-03 |  -3.5463583033664456e-03 | 1
 33, 12 |  -6.2603603599432542e-04 |  -6.2603603599432542e-04 | 1
 33, 13 |   1.9742561003427582e-03 |   1.9742561003427582e-03 | 1
 33, 14 |   9.8982579750554571e-04 |   9.8982579750554571e-04 | 1
 33, 15 |   1.4151370483866351e-03 |   1.4151370483866351e-03 | 1
 33, 16 |  -3.8505235134856514e-04 |  -3.8505235134856514e-04 | 1
 33, 17 |   5.8139135793200910e-05 |   5.8139135793200910e-05 | 1
 33, 18 |  -6.5586601224949104e-05 |  -6.5586601224949104e-05 | 1
 33, 19 |   8.5329661713808382e-04 |   8.5329661713808382e-04 | 1
 33, 20 |  -2.1796931871635906e-04 |  -2.1796931871635906e-04 | 1
 33, 21 |  -3.8870458153228329e-04 |  -3.8870458153228329e-04 | 1
 33, 22 |  -1.8058702212723880e-03 |  -1.8058702212723880e-03 | 1
 33, 23 |  -2.2371336074886386e-04 |  -2.2371336074886386e-04 | 1
 33, 24 |  -7.0168380978810813e-04 |  -7.0168380978810813e-04 | 1
 33, 25 |  -2.4049971754723721e-04 |  -2.4049971754723721e-04 | 1
 33, 26 |  -8.4783226457552110e-05 |  -8.4783226457552110e-05 | 1
 33, 27 |  -7.3929726497858400e-03 |  -7.3929726497858400e-03 | 1
 33, 28 |  -1.5411460901000905e-03 |  -1.5411460901000905e-03 | 1
 33, 29 |   2.4228112336960824e-04 |   2.4228112336960824e-04 | 1
 33, 30 |  -1.2432168738796185e-03 |  -1.2432168738796185e-03 | 1
 33, 31 |  -2.2526293172724287e-03 |  -2.2526293172724287e-03 | 1
 33, 32 |  -1.0911160210309748e-03 |  -1.0911160210309748e-03 | 1
 33, 33 |   8.9445211921478033e-03 |   8.9445211921478033e-03 | 1
 33, 34 |  -3.0905625210888776e-03 |  -3.0905625210888776e-03 | 1
 33, 35 |   1.8374822746217066e-05 |   1.8374822746217066e-05 | 1
 33, 36 |   4.2071929991862028e-05 |   4.2071929991862028e-05 | 1
 33, 37 |  -3.3779998128033312e-05 |  -3.3779998128033312e-05 | 1
 33, 38 |   1.4316114298993274e-05 |   1.4316114298993274e-05 | 1
 33, 39 |  -1.1909210536483732e-05 |  -1.1909210536483732e-05 | 1
 33, 40 |   3.4190114924436016e-08 |   3.4190114924436016e-08 | 1
 33, 41 |   0.0000000000000000e+00 |   0.0000000000000000e+00 | 1
 34,  1 |   3.1814950947451650e-04 |   3.1814950947451650e-04 | 1
 34,  2 |   2.9917767581561189e-04 |   2.9917767581561189e-04 | 1
 34,  3 |   2.4777159818316916e-04 |   2.4777159818316916e-04 | 1
 34,  4 |   3.1028220600783183e-04 |   3.1028220600783183e-04 | 1
 34,  5 |   3.5535414768527221e-04 |   3.5535414768527221e-04 | 1
 34,  6 |   2.0522852800987040e-04 |   2.0522852800987040e-04 | 1
 34,  7 |   3.0856422771190879e-04 |   3.0856422771190879e-04 | 1
 34,  8 |   3.8683794264751886e-04 |   3.8683794264751886e-04 | 1
 34,  9 |   2.2853108838060424e-04 |   2.2853108838060424e-04 | 1
 34, 10 |   4.2907655563906457e-04 |   4.2907655563906457e-04 | 1
 34, 11 |   1.8966827256534625e-03 |   1.8966827256534625e-03 | 1
 34, 12 |   5.2589007306458107e-04 |   5.2589007306458107e-04 | 1
 34, 13 |  -2.6328121961456880e-04 |  -2.6328121961456880e-04 | 1
 34, 14 |   1.0456519101337112e-04 |   1.0456519101337112e-04 | 1
 34, 15 |   1.2053795410510030e-03 |   1.2053795410510030e-03 | 1
 34, 16 |   6.0333375079558169e-04 |   6.0333375079558169e-04 | 1
 34, 17 |   3.1382032204666931e-04 |   3.1382032204666931e-04 | 1
 34, 18 |   2.4754682389463510e-04 |   2.4754682389463510e-04 | 1
 34, 19 |   2.0585694464064614e-04 |   2.0585694464064614e-04 | 1
 34, 20 |   4.5147566201415461e-04 |   4.5147566201415461e-04 | 1
 34, 21 |   3.2431452717038333e-04 |   3.2431452717038333e-04 | 1
 34, 22 |   1.0747742402599204e-03 |   1.0747742402599204e-03 | 1
 34, 23 |   3.1949018393899350e-04 |   3.1949018393899350e-04 | 1
 34, 24 |   7.4248577633552145e-04 |   7.4248577633552145e-04 | 1
 34, 25 |   4.1656893830845744e-04 |   4.1656893830845744e-04 | 1
 34, 26 |   2.6568281493427126e-04 |   2.6568281493427126e-04 | 1
 34, 27 |   3.0722296253615248e-03 |   3.0722296253615248e-03 | 1
 34, 28 |   9.6062665032839228e-04 |   9.6062665032839228e-04 | 1
 34, 29 |   2.5181637511648158e-04 |   2.5181637511648158e-04 | 1
 34, 30 |   8.5052910653043621e-04 |   8.5052910653043621e-04 | 1
 34, 31 |   1.2176842939632527e-03 |   1.2176842939632527e-03 | 1
 34, 32 |   1.1439834227510934e-04 |   1.1439834227510934e-04 | 1
 34, 33 |  -3.0905625210888776e-03 |  -3.0905625210888776e-03 | 1
 34, 34 |   2.2476478047314097e-03 |   2.2476478047314097e-03 | 1
 34, 35 |  -5.7038031492591370e-05 |  -5.7038031492591370e-05 | 1
 34, 36 |  -2.6375842701486091e-05 |  -2.6375842701486091e-05 | 1
 34, 37 |   1.0578210946532940e-04 |   1.0578210946532940e-04 | 1
 34, 38 |   1.7601671590985066e-04 |   1.7601671590985066e-04 | 1
 34, 39 |  -1.8285886504336581e-04 |  -1.8285886504336581e-04 | 1
 34, 40 |  -1.3462583219266209e-07 |  -1.3462583219266209e-07 | 1
 34, 41 |   0.0000000000000000e+00 |   0.0000000000000000e+00 | 1
 35,  1 |  -4.0241450865029566e-05 |  -4.0241450865029566e-05 | 1
 35,  2 |  -3.3531887426022439e-05 |  -3.3531887426022439e-05 | 1
 35,  3 |  -4.4298564487986046e-05 |  -4.4298564487986046e-05 | 1
 35,  4 |  -3.5350005631989157e-05 |  -3.5350005631989157e-05 | 1
 35,  5 |  -6.1516366990547813e-05 |  -6.1516366990547813e-05 | 1
 35,  6 |  -5.7461864287410301e-05 |  -5.7461864287410301e-05 | 1
 35,  7 |  -2.6135394985409656e-06 |  -2.6135394985409656e-06 | 1
 35,  8 |  -1.6468731496436922e-05 |  -1.6468731496436922e-05 | 1
 35,  9 |  -3.4989684699619932e-05 |  -3.4989684699619932e-05 | 1
 35, 10 |  -3.6561112550061669e-05 |  -3.6561112550061669e-05 | 1
 35, 11 |  -1.3009783994804289e-04 |  -1.3009783994804289e-04 | 1
 35, 12 |  -2.6710162727171395e-05 |  -2.6710162727171395e-05 | 1
 35, 13 |  -6.7718710507184843e-05 |  -6.7718710507184843e-05 | 1
 35, 14 |  -4.4949462033610975e-05 |  -4.4949462033610975e-05 | 1
 35, 15 |  -2.5108891023203905e-04 |  -2.5108891023203905e-04 | 1
 35, 16 |  -8.4861116298637759e-06 |  -8.4861116298637759e-06 | 1
 35, 17 |  -3.8025353849386223e-05 |  -3.8025353849386223e-05 | 1
 35, 18 |  -6.4376953591141958e-05 |  -6.4376953591141958e-05 | 1
 35, 19 |  -5.0742842872186952e-05 |  -5.0742842872186952e-05 | 1
 35, 20 |  -1.0856758300999813e-04 |  -1.0856758300999813e-04 | 1
 35, 21 |  -5.5305289652288279e-05 |  -5.5305289652288279e-05 | 1
 35, 22 |  -2.3386757061079282e-05 |  -2.3386757061079282e-05 | 1
 35, 23 |  -7.6958459882260248e-05 |  -7.6958459882260248e-05 | 1
 35, 24 |  -7.3093924171625064e-05 |  -7.3093924171625064e-05 | 1
 35, 25 |  -1.9413825875703510e-05 |  -1.9413825875703510e-05 | 1
 35, 26 |  -1.2438835349838276e-04 |  -1.2438835349838276e-04 | 1
 35, 27 |  -8.4373537413785728e-05 |  -8.4373537413785728e-05 | 1
 35, 28 |  -5.2477671584319670e-05 |  -5.2477671584319670e-05 | 1
 35, 29 |  -5.3559424340516847e-05 |  -5.3559424340516847e-05 | 1
 35, 30 |  -4.2565512093987207e-05 |  -4.2565512093987207e-05 | 1
 35, 31 |   1.7232593386082617e-06 |   1.7232593386082617e-06 | 1
 35, 32 |   1.2505849373472304e-06 |   1.2505849373472304e-06 | 1
 35, 33 |   1.8374822746217066e-05 |   1.8374822746217066e-05 | 1
 35, 34 |  -5.7038031492591370e-05 |  -5.7038031492591370e-05 | 1
 35, 35 |   1.6923068035792498e-04 |   1.6923068035792498e-04 | 1
 35, 36 |   1.1494379015914119e-04 |   1.1494379015914119e-04 | 1
 35, 37 |   1.3233782357104004e-04 |   1.3233782357104004e-04 | 1
 35, 38 |   1.5506807977030694e-04 |   1.5506807977030694e-04 | 1
 35, 39 |  -4.2171563602617172e-06 |  -4.2171563602617172e-06 | 1
 35, 40 |  -3.3659273639020940e-08 |  -3.3659273639020940e-08 | 1
 35, 41 |   0.0000000000000000e+00 |   0.0000000000000000e+00 | 1
 36,  1 |  -1.9956666613541151e-05 |  -1.9956666613541151e-05 | 1
 36,  2 |  -1.3802577433936615e-05 |  -1.3802577433936615e-05 | 1
 36,  3 |  -2.7347378288066884e-05 |  -2.7347378288066884e-05 | 1
 36,  4 |  -1.3122137629881152e-06 |  -1.3122137629881152e-06 | 1
 36,  5 |   5.5956233335843259e-05 |   5.5956233335843259e-05 | 1
 36,  6 |   8.5996643746066159e-06 |   8.5996643746066159e-06 | 1
 36,  7 |  -3.5241703653591405e-05 |  -3.5241703653591405e-05 | 1
 36,  8 |   3.7592847129873081e-05 |   3.7592847129873081e-05 | 1
 36,  9 |  -2.6480166613009079e-05 |  -2.6480166613009079e-05 | 1
 36, 10 |   5.8396819941289982e-05 |   5.8396819941289982e-05 | 1
 36, 11 |  -7.7016709453930454e-05 |  -7.7016709453930454e-05 | 1
 36, 12 |  -1.3277660919274406e-05 |  -1.3277660919274406e-05 | 1
 36, 13 |  -3.3440795031326233e-05 |  -3.3440795031326233e-05 | 1
 36, 14 |  -4.2916597437039802e-05 |  -4.2916597437039802e-05 | 1
 36, 15 |  -1.3716681316834384e-04 |  -1.3716681316834384e-04 | 1
 36, 16 |   2.0863516415098685e-05 |   2.0863516415098685e-05 | 1
 36, 17 |  -4.0577782657692143e-05 |  -4.0577782657692143e-05 | 1
 36, 18 |  -7.0413573536869085e-05 |  -7.0413573536869085e-05 | 1
 36, 19 |  -1.0248816970353399e-05 |  -1.0248816970353399e-05 | 1
 36, 20 |  -7.4415917770494650e-05 |  -7.4415917770494650e-05 | 1
 36, 21 |  -2.7659415956397070e-05 |  -2.7659415956397070e-05 | 1
 36, 22 |   4.7679914497105472e-05 |   4.7679914497105472e-05 | 1
 36, 23 |   3.0731279357304278e-05 |   3.0731279357304278e-05 | 1
 36, 24 |   2.1375967289787073e-06 |   2.1375967289787073e-06 | 1
 36, 25 |  -1.3717619880542120e-05 |  -1.3717619880542120e-05 | 1
 36, 26 |  -1.1320352301599594e-04 |  -1.1320352301599594e-04 | 1
 36, 27 |  -2.7610396982560873e-05 |  -2.7610396982560873e-05 | 1
 36, 28 |  -8.4469312603462749e-05 |  -8.4469312603462749e-05 | 1
 36, 29 |  -8.0660487610333597e-05 |  -8.0660487610333597e-05 | 1
 36, 30 |  -2.0421646980141878e-05 |  -2.0421646980141878e-05 | 1
 36, 31 |  -2.5300022353765626e-05 |  -2.5300022353765626e-05 | 1
 36, 32 |  -2.1323402674862522e-05 |  -2.1323402674862522e-05 | 1
 36, 33 |   4.2071929991862028e-05 |   4.2071929991862028e-05 | 1
 36, 34 |  -2.6375842701486091e-05 |  -2.6375842701486091e-05 | 1
 36, 35 |   1.1494379015914119e-04 |   1.1494379015914119e-04 | 1
 36, 36 |   2.1648885430913884e-04 |   2.1648885430913884e-04 | 1
 36, 37 |   1.9202116009005437e-04 |   1.9202116009005437e-04 | 1
 36, 38 |   2.3283461738239961e-04 |   2.3283461738239961e-04 | 1
 36, 39 |  -4.5129073684932943e-06 |  -4.5129073684932943e-06 | 1
 36, 40 |  -6.0198987787211458e-08 |  -6.0198987787211458e-08 | 1
 36, 41 |   0.0000000000000000e+00 |   0.0000000000000000e+00 | 1
 37,  1 |   7.8285689790284354e-05 |   7.8285689790284354e-05 | 1
 37,  2 |   9.4784680168966362e-05 |   9.4784680168966362e-05 | 1
 37,  3 |   4.7581253200507386e-05 |   4.7581253200507386e-05 | 1
 37,  4 |   1.2268474359600944e-04 |   1.2268474359600944e-04 | 1
 37,  5 |   1.1788033801384845e-04 |   1.1788033801384845e-04 | 1
 37,  6 |   3.3319611516634960e-06 |   3.3319611516634960e-06 | 1
 37,  7 |   7.0840745806825497e-05 |   7.0840745806825497e-05 | 1
 37,  8 |   1.4186700741989776e-04 |   1.4186700741989776e-04 | 1
 37,  9 |   6.4133086006750047e-06 |   6.4133086006750047e-06 | 1
 37, 10 |   1.4882420137218985e-04 |   1.4882420137218985e-04 | 1
 37, 11 |  -3.5880930359196830e-05 |  -3.5880930359196830e-05 | 1
 37, 12 |   7.5788875836215320e-05 |   7.5788875836215320e-05 | 1
 37, 13 |   5.1392164124216034e-05 |   5.1392164124216034e-05 | 1
 37, 14 |   2.5962573593446218e-05 |   2.5962573593446218e-05 | 1
 37, 15 |   9.7843309596849423e-05 |   9.7843309596849423e-05 | 1
 37, 16 |   1.3792942153084323e-04 |   1.3792942153084323e-04 | 1
 37, 17 |   3.8642166312610195e-05 |   3.8642166312610195e-05 | 1
 37, 18 |   1.3658950500426397e-05 |   1.3658950500426397e-05 | 1
 37, 19 |   6.6085499866750492e-05 |   6.6085499866750492e-05 | 1
 37, 20 |   6.9217740053743377e-06 |   6.9217740053743377e-06 | 1
 37, 21 |  -6.0643481053410277e-05 |  -6.0643481053410277e-05 | 1
 37, 22 |   1.3893749729049871e-04 |   1.3893749729049871e-04 | 1
 37, 23 |   1.2587205773075756e-04 |   1.2587205773075756e-04 | 1
 37, 24 |   8.7271753215142748e-05 |   8.7271753215142748e-05 | 1
 37, 25 |   5.1824697381671884e-05 |   5.1824697381671884e-05 | 1
 37, 26 |  -9.0024412780368714e-05 |  -9.0024412780368714e-05 | 1
 37, 27 |   7.0344335020870722e-05 |   7.0344335020870722e-05 | 1
 37, 28 |   1.7410177017135743e-05 |   1.7410177017135743e-05 | 1
 37, 29 |  -3.6669133611839323e-05 |  -3.6669133611839323e-05 | 1
 37, 30 |   3.8236176192058466e-05 |   3.8236176192058466e-05 | 1
 37, 31 |   7.6425662933463212e-05 |   7.6425662933463212e-05 | 1
 37, 32 |  -3.0825136893619017e-05 |  -3.0825136893619017e-05 | 1
 37, 33 |  -3.3779998128033312e-05 |  -3.3779998128033312e-05 | 1
 37, 34 |   1.0578210946532940e-04 |   1.0578210946532940e-04 | 1
 37, 35 |   1.3233782357104004e-04 |   1.3233782357104004e-04 | 1
 37, 36 |   1.9202116009005437e-04 |   1.9202116009005437e-04 | 1
 37, 37 |   4.0404645251210166e-04 |   4.0404645251210166e-04 | 1
 37, 38 |   4.3433591586776129e-04 |   4.3433591586776129e-04 | 1
 37, 39 |  -1.6478649463719777e-05 |  -1.6478649463719777e-05 | 1
 37, 40 |  -1.4514686065465217e-07 |  -1.4514686065465217e-07 | 1
 37, 41 |   0.0000000000000000e+00 |   0.0000000000000000e+00 | 1
 38,  1 |   1.6369364188653369e-04 |   1.6369364188653369e-04 | 1
 38,  2 |   2.0639844220256547e-04 |   2.0639844220256547e-04 | 1
 38,  3 |   8.7416533507839663e-05 |   8.7416533507839663e-05 | 1
 38,  4 |   2.3681906406050583e-04 |   2.3681906406050583e-04 | 1
 38,  5 |   2.5451311444088336e-04 |   2.5451311444088336e-04 | 1
 38,  6 |   5.3247687513998925e-05 |   5.3247687513998925e-05 | 1
 38,  7 |   9.0967934235299200e-05 |   9.0967934235299200e-05 | 1
 38,  8 |   2.3826660902193293e-04 |   2.3826660902193293e-04 | 1
 38,  9 |   9.4162935644803182e-05 |   9.4162935644803182e-05 | 1
 38, 10 |   1.5919074693653684e-04 |   1.5919074693653684e-04 | 1
 38, 11 |   4.5214562399181463e-05 |   4.5214562399181463e-05 | 1
 38, 12 |   1.1191107602366902e-04 |   1.1191107602366902e-04 | 1
 38, 13 |   1.4847811498787069e-04 |   1.4847811498787069e-04 | 1
 38, 14 |   1.7878414484822974e-04 |   1.7878414484822974e-04 | 1
 38, 15 |   6.1695687262248284e-04 |   6.1695687262248284e-04 | 1
 38, 16 |   2.5089371412578062e-04 |   2.5089371412578062e-04 | 1
 38, 17 |   1.2974625114307202e-04 |   1.2974625114307202e-04 | 1
 38, 18 |   1.5590744315774978e-04 |   1.5590744315774978e-04 | 1
 38, 19 |   2.3101227738916419e-04 |   2.3101227738916419e-04 | 1
 38, 20 |   6.8061156234680071e-05 |   6.8061156234680071e-05 | 1
 38, 21 |   3.6289632312654457e-05 |   3.6289632312654457e-05 | 1
 38, 22 |   2.1845008255638347e-04 |   2.1845008255638347e-04 | 1
 38, 23 |   1.5832318781509679e-04 |   1.5832318781509679e-04 | 1
 38, 24 |   1.7581989220639887e-04 |   1.7581989220639887e-04 | 1
 38, 25 |   1.2359230543126600e-04 |   1.2359230543126600e-04 | 1
 38, 26 |   3.3059943307349160e-05 |   3.3059943307349160e-05 | 1
 38, 27 |   1.2279300821307443e-04 |   1.2279300821307443e-04 | 1
 38, 28 |   8.3345125092969182e-05 |   8.3345125092969182e-05 | 1
 38, 29 |   1.7314350094032791e-05 |   1.7314350094032791e-05 | 1
 38, 30 |   1.6882490258215377e-04 |   1.6882490258215377e-04 | 1
 38, 31 |   1.0583594172751458e-04 |   1.0583594172751458e-04 | 1
 38, 32 |  -4.9222417683589427e-05 |  -4.9222417683589427e-05 | 1
 38, 33 |   1.4316114298993274e-05 |   1.4316114298993274e-05 | 1
 38, 34 |   1.7601671590985066e-04 |   1.7601671590985066e-04 | 1
 38, 35 |   1.5506807977030694e-04 |   1.5506807977030694e-04 | 1
 38, 36 |   2.3283461738239961e-04 |   2.3283461738239961e-04 | 1
 38, 37 |   4.3433591586776129e-04 |   4.3433591586776129e-04 | 1
 38, 38 |   7.0864979182760500e-04 |   7.0864979182760500e-04 | 1
 38, 39 |  -2.5165160181631367e-05 |  -2.5165160181631367e-05 | 1
 38, 40 |  -2.2418189421414364e-07 |  -2.2418189421414364e-07 | 1
 38, 41 |   0.0000000000000000e+00 |   0.0000000000000000e+00 | 1
 39,  1 |  -1.7968227008313884e-04 |  -1.7968227008313884e-04 | 1
 39,  2 |  -1.5521209860734134e-04 |  -1.5521209860734134e-04 | 1
 39,  3 |  -1.2885975547732731e-04 |  -1.2885975547732731e-04 | 1
 39,  4 |  -1.8846945511988121e-04 |  -1.8846945511988121e-04 | 1
 39,  5 |  -3.1289557502496134e-04 |  -3.1289557502496134e-04 | 1
 39,  6 |  -1.2315661428713917e-04 |  -1.2315661428713917e-04 | 1
 39,  7 |  -2.4271723039415733e-04 |  -2.4271723039415733e-04 | 1
 39,  8 |  -1.8556320694552086e-04 |  -1.8556320694552086e-04 | 1
 39,  9 |  -2.0671136728913058e-04 |  -2.0671136728913058e-04 | 1
 39, 10 |  -2.0987983979833444e-04 |  -2.0987983979833444e-04 | 1
 39, 11 |  -3.9012917286294631e-04 |  -3.9012917286294631e-04 | 1
 39, 12 |  -4.8916506858501470e-05 |  -4.8916506858501470e-05 | 1
 39, 13 |  -1.4669963725937694e-04 |  -1.4669963725937694e-04 | 1
 39, 14 |  -2.6535801235195891e-04 |  -2.6535801235195891e-04 | 1
 39, 15 |  -1.0343743638380212e-04 |  -1.0343743638380212e-04 | 1
 39, 16 |  -2.4025929000295285e-04 |  -2.4025929000295285e-04 | 1
 39, 17 |  -2.0922381090729024e-04 |  -2.0922381090729024e-04 | 1
 39, 18 |  -7.1060840061073507e-05 |  -7.1060840061073507e-05 | 1
 39, 19 |  -1.6404605279284024e-04 |  -1.6404605279284024e-04 | 1
 39, 20 |  -1.9102532104459794e-04 |  -1.9102532104459794e-04 | 1
 39, 21 |  -1.6947893568535882e-04 |  -1.6947893568535882e-04 | 1
 39, 22 |  -2.3644062526505645e-04 |  -2.3644062526505645e-04 | 1
 39, 23 |  -1.8228655315305741e-04 |  -1.8228655315305741e-04 | 1
 39, 24 |  -2.1986052200847312e-04 |  -2.1986052200847312e-04 | 1
 39, 25 |  -1.5345123805973889e-04 |  -1.5345123805973889e-04 | 1
 39, 26 |  -9.6739259679177775e-05 |  -9.6739259679177775e-05 | 1
 39, 27 |  -9.0816711424720125e-05 |  -9.0816711424720125e-05 | 1
 39, 28 |  -2.0603893014594252e-04 |  -2.0603893014594252e-04 | 1
 39, 29 |  -1.8207489080917952e-04 |  -1.8207489080917952e-04 | 1
 39, 30 |  -2.1024144669908252e-04 |  -2.1024144669908252e-04 | 1
 39, 31 |  -2.3010636853958887e-04 |  -2.3010636853958887e-04 | 1
 39, 32 |  -1.1219242280104596e-05 |  -1.1219242280104596e-05 | 1
 39, 33 |  -1.1909210536483732e-05 |  -1.1909210536483732e-05 | 1
 39, 34 |  -1.8285886504336581e-04 |  -1.8285886504336581e-04 | 1
 39, 35 |  -4.2171563602617172e-06 |  -4.2171563602617172e-06 | 1
 39, 36 |  -4.5129073684932943e-06 |  -4.5129073684932943e-06 | 1
 39, 37 |  -1.6478649463719777e-05 |  -1.6478649463719777e-05 | 1
 39, 38 |  -2.5165160181631367e-05 |  -2.5165160181631367e-05 | 1
 39, 39 |   3.5027011625003327e-04 |   3.5027011625003327e-04 | 1
 39, 40 |   1.2775164069182241e-08 |   1.2775164069182241e-08 | 1
 39, 41 |   0.0000000000000000e+00 |   0.0000000000000000e+00 | 1
 40,  1 |  -1.4515160070419956e-07 |  -1.4515160070419956e-07 | 1
 40,  2 |  -1.5010969224761619e-07 |  -1.5010969224761619e-07 | 1
 40,  3 |  -9.8540145042488897e-08 |  -9.8540145042488897e-08 | 1
 40,  4 |  -1.6186059450004644e-07 |  -1.6186059450004644e-07 | 1
 40,  5 |  -2.3866280262468457e-07 |  -2.3866280262468457e-07 | 1
 40,  6 |  -8.0699150769304269e-08 |  -8.0699150769304269e-08 | 1
 40,  7 |  -9.1536848153470444e-08 |  -9.1536848153470444e-08 | 1
 40,  8 |  -1.5565411891454179e-07 |  -1.5565411891454179e-07 | 1
 40,  9 |  -9.1572542227201515e-08 |  -9.1572542227201515e-08 | 1
 40, 10 |  -1.1997042717990336e-07 |  -1.1997042717990336e-07 | 1
 40, 11 |  -6.9463801051495737e-08 |  -6.9463801051495737e-08 | 1
 40, 12 |  -1.0623140908441972e-07 |  -1.0623140908441972e-07 | 1
 40, 13 |  -1.3185929606202172e-07 |  -1.3185929606202172e-07 | 1
 40, 14 |  -1.3307803812560699e-07 |  -1.3307803812560699e-07 | 1
 40, 15 |  -2.6154609062362596e-07 |  -2.6154609062362596e-07 | 1
 40, 16 |  -1.5139509551613306e-07 |  -1.5139509551613306e-07 | 1
 40, 17 |  -1.3484087032696545e-07 |  -1.3484087032696545e-07 | 1
 40, 18 |  -1.4000427536360266e-07 |  -1.4000427536360266e-07 | 1
 40, 19 |  -1.5251626582617235e-07 |  -1.5251626582617235e-07 | 1
 40, 20 |  -1.0182372371088042e-07 |  -1.0182372371088042e-07 | 1
 40, 21 |  -1.0429630382081729e-07 |  -1.0429630382081729e-07 | 1
 40, 22 |  -1.3351194278278024e-07 |  -1.3351194278278024e-07 | 1
 40, 23 |  -1.4207873551305765e-07 |  -1.4207873551305765e-07 | 1
 40, 24 |  -1.4452434414305953e-07 |  -1.4452434414305953e-07 | 1
 40, 25 |  -1.1425169916068976e-07 |  -1.1425169916068976e-07 | 1
 40, 26 |  -9.6906605576074710e-08 |  -9.6906605576074710e-08 | 1
 40, 27 |  -1.0957524208524721e-07 |  -1.0957524208524721e-07 | 1
 40, 28 |  -1.0438446673757526e-07 |  -1.0438446673757526e-07 | 1
 40, 29 |  -7.4849920912730609e-08 |  -7.4849920912730609e-08 | 1
 40, 30 |  -1.3834149921730857e-07 |  -1.3834149921730857e-07 | 1
 40, 31 |  -1.1469780774212548e-07 |  -1.1469780774212548e-07 | 1
 40, 32 |  -5.8173624889024885e-09 |  -5.8173624889024885e-09 | 1
 40, 33 |   3.4190114924436016e-08 |   3.4190114924436016e-08 | 1
 40, 34 |  -1.3462583219266209e-07 |  -1.3462583219266209e-07 | 1
 40, 35 |  -3.3659273639020940e-08 |  -3.3659273639020940e-08 | 1
 40, 36 |  -6.0198987787211458e-08 |  -6.0198987787211458e-08 | 1
 40, 37 |  -1.4514686065465217e-07 |  -1.4514686065465217e-07 | 1
 40, 38 |  -2.2418189421414364e-07 |  -2.2418189421414364e-07 | 1
 40, 39 |   1.2775164069182241e-08 |   1.2775164069182241e-08 | 1
 40, 40 |   1.1304416211317379e-10 |   1.1304416211317379e-10 | 1
 40, 41 |   0.0000000000000000e+00 |   0.0000000000000000e+00 | 1
 41,  1 |   0.0000000000000000e+00 |   0.0000000000000000e+00 | 1
 41,  2 |   0.0000000000000000e+00 |   0.0000000000000000e+00 | 1
 41,  3 |   0.0000000000000000e+00 |   0.0000000000000000e+00 | 1
 41,  4 |   0.0000000000000000e+00 |   0.0000000000000000e+00 | 1
 41,  5 |   0.0000000000000000e+00 |   0.0000000000000000e+00 | 1
 41,  6 |   0.0000000000000000e+00 |   0.0000000000000000e+00 | 1
 41,  7 |   0.0000000000000000e+00 |   0.0000000000000000e+00 | 1
 41,  8 |   0.0000000000000000e+00 |   0.0000000000000000e+00 | 1
 41,  9 |   0.0000000000000000e+00 |   0.0000000000000000e+00 | 1
 41, 10 |   0.0000000000000000e+00 |   0.0000000000000000e+00 | 1
 41, 11 |   0.0000000000000000e+00 |   0.0000000000000000e+00 | 1
 41, 12 |   0.0000000000000000e+00 |   0.0000000000000000e+00 | 1
 41, 13 |   0.0000000000000000e+00 |   0.0000000000000000e+00 | 1
 41, 14 |   0.0000000000000000e+00 |   0.0000000000000000e+00 | 1
 41, 15 |   0.0000000000000000e+00 |   0.0000000000000000e+00 | 1
 41, 16 |   0.0000000000000000e+00 |   0.0000000000000000e+00 | 1
 41, 17 |   0.0000000000000000e+00 |   0.0000000000000000e+00 | 1
 41, 18 |   0.0000000000000000e+00 |   0.0000000000000000e+00 | 1
 41, 19 |   0.0000000000000000e+00 |   0.0000000000000000e+00 | 1
 41, 20 |   0.0000000000000000e+00 |   0.0000000000000000e+00 | 1
 41, 21 |   0.0000000000000000e+00 |   0.0000000000000000e+00 | 1
 41, 22 |   0.0000000000000000e+00 |   0.0000000000000000e+00 | 1
 41, 23 |   0.0000000000000000e+00 |   0.0000000000000000e+00 | 1
 41, 24 |   0.0000000000000000e+00 |   0.0000000000000000e+00 | 1
 41, 25 |   0.0000000000000000e+00 |   0.0000000000000000e+00 | 1
 41, 26 |   0.0000000000000000e+00 |   0.0000000000000000e+00 | 1
 41, 27 |   0.0000000000000000e+00 |   0.0000000000000000e+00 | 1
 41, 28 |   0.0000000000000000e+00 |   0.0000000000000000e+00 | 1
 41, 29 |   0.0000000000000000e+00 |   0.0000000000000000e+00 | 1
 41, 30 |   0.0000000000000000e+00 |   0.0000000000000000e+00 | 1
 41, 31 |   0.0000000000000000e+00 |   0.0000000000000000e+00 | 1
 41, 32 |   0.0000000000000000e+00 |   0.0000000000000000e+00 | 1
 41, 33 |   0.0000000000000000e+00 |   0.0000000000000000e+00 | 1
 41, 34 |   0.0000000000000000e+00 |   0.0000000000000000e+00 | 1
 41, 35 |   0.0000000000000000e+00 |   0.0000000000000000e+00 | 1
 41, 36 |   0.0000000000000000e+00 |   0.0000000000000000e+00 | 1
 41, 37 |   0.0000000000000000e+00 |   0.0000000000000000e+00 | 1
 41, 38 |   0.0000000000000000e+00 |   0.0000000000000000e+00 | 1
 41, 39 |   0.0000000000000000e+00 |   0.0000000000000000e+00 | 1
 41, 40 |   0.0000000000000000e+00 |   0.0000000000000000e+00 | 1
 41, 41 |   0.0000000000000000e+00 |   0.0000000000000000e+00 | 1
