row,col | V_base                   | V_new                    | equal
  1,  1 |   2.9088067154201523e-04 |   2.9088067154201523e-04 | 1
  1,  2 |   7.2414218996574579e-05 |   7.2414218996574579e-05 | 1
  1,  3 |   6.8845749356992821e-05 |   6.8845749356992821e-05 | 1
  1,  4 |   8.3809171994276606e-05 |   8.3809171994276606e-05 | 1
  1,  5 |   6.6416327306701106e-05 |   6.6416327306701106e-05 | 1
  1,  6 |   6.8213657376425151e-05 |   6.8213657376425151e-05 | 1
  1,  7 |   8.4726351242716337e-05 |   8.4726351242716337e-05 | 1
  1,  8 |   7.5828718072943479e-05 |   7.5828718072943479e-05 | 1
  1,  9 |   5.9191260863584866e-05 |   5.9191260863584866e-05 | 1
  1, 10 |   7.7322312067907488e-05 |   7.7322312067907488e-05 | 1
  1, 11 |   7.0894946795283886e-05 |   7.0894946795283886e-05 | 1
  1, 12 |   7.5637026149112804e-05 |   7.5637026149112804e-05 | 1
  1, 13 |   6.7912514994895168e-05 |   6.7912514994895168e-05 | 1
  1, 14 |   8.0202997869301744e-05 |   8.0202997869301744e-05 | 1
  1, 15 |   7.1419573224317217e-05 |   7.1419573224317217e-05 | 1
  1, 16 |   7.9341410835876601e-05 |   7.9341410835876601e-05 | 1
  1, 17 |   5.4858427152012148e-05 |   5.4858427152012148e-05 | 1
  1, 18 |   6.9344802374222178e-05 |   6.9344802374222178e-05 | 1
  1, 19 |   5.8021471420851695e-05 |   5.8021471420851695e-05 | 1
  1, 20 |   6.6529876497971221e-05 |   6.6529876497971221e-05 | 1
  1, 21 |   5.7014619344363088e-05 |   5.7014619344363088e-05 | 1
  1, 22 |   8.4355496045173268e-05 |   8.4355496045173268e-05 | 1
  1, 23 |   6.2003598504340715e-05 |   6.2003598504340715e-05 | 1
  1, 24 |   7.1423965734021354e-05 |   7.1423965734021354e-05 | 1
  1, 25 |   5.8036791472320461e-05 |   5.8036791472320461e-05 | 1
  1, 26 |   7.0738374757282592e-05 |   7.0738374757282592e-05 | 1
  1, 27 |   5.5151487749855764e-05 |   5.5151487749855764e-05 | 1
  1, 28 |   6.8397968084881101e-05 |   6.8397968084881101e-05 | 1
  1, 29 |   6.4100968181907380e-05 |   6.4100968181907380e-05 | 1
  1, 30 |   6.2771000529268509e-05 |   6.2771000529268509e-05 | 1
  1, 31 |   6.9624179586734924e-05 |   6.9624179586734924e-05 | 1
  1, 32 |   2.6202918977068726e-06 |   2.6202918977068726e-06 | 1
  1, 33 |  -1.7010111927108354e-05 |  -1.7010111927108354e-05 | 1
  1, 34 |   6.9075379976355839e-05 |   6.9075379976355839e-05 | 1
  1, 35 |  -3.4795126568875756e-05 |  -3.4795126568875756e-05 | 1
  1, 36 |  -3.8118438471610010e-05 |  -3.8118438471610010e-05 | 1
  1, 37 |  -3.5517708402760042e-05 |  -3.5517708402760042e-05 | 1
  1, 38 |  -3.0927884377245722e-05 |  -3.0927884377245722e-05 | 1
  1, 39 |  -2.1465039169635246e-05 |  -2.1465039169635246e-05 | 1
  1, 40 |  -1.8042860743824196e-08 |  -1.8042860743824196e-08 | 1
  1, 41 |   7.7634668956162663e-05 |   7.7634668956162663e-05 | 1
  1, 42 |  -1.1255277214094510e-05 |  -1.1255277214094510e-05 | 1
  2,  1 |   7.2414218996574579e-05 |   7.2414218996574579e-05 | 1
  2,  2 |   1.5572284066345066e-03 |   1.5572284066345066e-03 | 1
  2,  3 |   2.5688585298212926e-04 |   2.5688585298212926e-04 | 1
  2,  4 |   2.0322191319773988e-04 |   2.0322191319773988e-04 | 1
  2,  5 |   2.3755794028714600e-04 |   2.3755794028714600e-04 | 1
  2,  6 |  -1.4657096321633639e-04 |  -1.4657096321633639e-04 | 1
  2,  7 |   7.9048243908786493e-04 |   7.9048243908786493e-04 | 1
  2,  8 |   3.6359177463702962e-05 |   3.6359177463702962e-05 | 1
  2,  9 |   3.0755680077933386e-04 |   3.0755680077933386e-04 | 1
  2, 10 |   5.3031147163497825e-04 |   5.3031147163497825e-04 | 1
  2, 11 |  -4.9115702905697849e-04 |  -4.9115702905697849e-04 | 1
  2, 12 |   3.6347927782431780e-04 |   3.6347927782431780e-04 | 1
  2, 13 |   1.9233695228344826e-04 |   1.9233695228344826e-04 | 1
  2, 14 |   7.8669612998522151e-04 |   7.8669612998522151e-04 | 1
  2, 15 |   5.2473903039821886e-04 |   5.2473903039821886e-04 | 1
  2, 16 |   2.7787260969369287e-05 |   2.7787260969369287e-05 | 1
  2, 17 |   2.3789686348430964e-04 |   2.3789686348430964e-04 | 1
  2, 18 |   2.0219806340475926e-04 |   2.0219806340475926e-04 | 1
  2, 19 |  -1.2481251084528839e-03 |  -1.2481251084528839e-03 | 1
  2, 20 |   1.2677597521682107e-04 |   1.2677597521682107e-04 | 1
  2, 21 |   7.4835468094673683e-04 |   7.4835468094673683e-04 | 1
  2, 22 |   3.3521837559725390e-04 |   3.3521837559725390e-04 | 1
  2, 23 |   5.0818018756880240e-04 |   5.0818018756880240e-04 | 1
  2, 24 |   3.4134668381839440e-05 |   3.4134668381839440e-05 | 1
  2, 25 |   2.4535567978176015e-05 |   2.4535567978176015e-05 | 1
  2, 26 |   5.3194262162281056e-06 |   5.3194262162281056e-06 | 1
  2, 27 |   1.1164313126428774e-04 |   1.1164313126428774e-04 | 1
  2, 28 |   1.8768937355243906e-04 |   1.8768937355243906e-04 | 1
  2, 29 |   5.6900249887624116e-05 |   5.6900249887624116e-05 | 1
  2, 30 |   1.2817031998906149e-04 |   1.2817031998906149e-04 | 1
  2, 31 |  -7.9721185097986144e-06 |  -7.9721185097986144e-06 | 1
  2, 32 |   7.7260795651047968e-04 |   7.7260795651047968e-04 | 1
  2, 33 |   4.1540274235626531e-03 |   4.1540274235626531e-03 | 1
  2, 34 |  -1.0303564868861402e-04 |  -1.0303564868861402e-04 | 1
  2, 35 |  -3.6403453870471951e-05 |  -3.6403453870471951e-05 | 1
  2, 36 |  -4.1218650566216448e-05 |  -4.1218650566216448e-05 | 1
  2, 37 |  -4.1650266724762796e-05 |  -4.1650266724762796e-05 | 1
  2, 38 |  -4.0942493905552703e-05 |  -4.0942493905552703e-05 | 1
  2, 39 |  -2.4258057463905732e-05 |  -2.4258057463905732e-05 | 1
  2, 40 |  -1.4515976332831903e-08 |  -1.4515976332831903e-08 | 1
  2, 41 |   7.6732088486323313e-05 |   7.6732088486323313e-05 | 1
  2, 42 |  -7.7887836515113003e-04 |  -7.7887836515113003e-04 | 1
  3,  1 |   6.8845749356992821e-05 |   6.8845749356992821e-05 | 1
  3,  2 |   2.5688585298212926e-04 |   2.5688585298212926e-04 | 1
  3,  3 |   9.3915649893721379e-03 |   9.3915649893721379e-03 | 1
  3,  4 |   2.6739317439517586e-04 |   2.6739317439517586e-04 | 1
  3,  5 |   2.7741200506165535e-04 |   2.7741200506165535e-04 | 1
  3,  6 |   8.3411661894237314e-05 |   8.3411661894237314e-05 | 1
  3,  7 |   6.5832171957700542e-04 |   6.5832171957700542e-04 | 1
  3,  8 |   1.7690103080168871e-04 |   1.7690103080168871e-04 | 1
  3,  9 |   3.0280761617628132e-04 |   3.0280761617628132e-04 | 1
  3, 10 |   4.8237724325188406e-04 |   4.8237724325188406e-04 | 1
  3, 11 |  -9.2264160103065309e-05 |  -9.2264160103065309e-05 | 1
  3, 12 |   3.6240521067800553e-04 |   3.6240521067800553e-04 | 1
  3, 13 |   2.6759592211062606e-04 |   2.6759592211062606e-04 | 1
  3, 14 |   6.2033167856943437e-04 |   6.2033167856943437e-04 | 1
  3, 15 |   4.8148139889494439e-04 |   4.8148139889494439e-04 | 1
  3, 16 |   1.9746437828978617e-04 |   1.9746437828978617e-04 | 1
  3, 17 |   2.5590122626724350e-04 |   2.5590122626724350e-04 | 1
  3, 18 |   2.5622750383209262e-04 |   2.5622750383209262e-04 | 1
  3, 19 |  -4.9363110488372932e-04 |  -4.9363110488372932e-04 | 1
  3, 20 |   2.5252082703823651e-04 |   2.5252082703823651e-04 | 1
  3, 21 |   5.7616507403746692e-04 |   5.7616507403746692e-04 | 1
  3, 22 |   3.1431166643840300e-04 |   3.1431166643840300e-04 | 1
  3, 23 |   4.2184546343612217e-04 |   4.2184546343612217e-04 | 1
  3, 24 |   1.7851931351342554e-04 |   1.7851931351342554e-04 | 1
  3, 25 |   1.6729891204849242e-04 |   1.6729891204849242e-04 | 1
  3, 26 |   1.4494746653136097e-04 |   1.4494746653136097e-04 | 1
  3, 27 |   2.2995723629368561e-04 |   2.2995723629368561e-04 | 1
  3, 28 |   2.9629561917646793e-04 |   2.9629561917646793e-04 | 1
  3, 29 |   1.9052445045108617e-04 |   1.9052445045108617e-04 | 1
  3, 30 |   2.2273518235099168e-04 |   2.2273518235099168e-04 | 1
  3, 31 |   1.6507421885456975e-04 |   1.6507421885456975e-04 | 1
  3, 32 |  -3.9088328538903366e-04 |  -3.9088328538903366e-04 | 1
  3, 33 |   2.1679496374584031e-03 |   2.1679496374584031e-03 | 1
  3, 34 |   1.0792101585514406e-04 |   1.0792101585514406e-04 | 1
  3, 35 |  -3.6802893473555982e-05 |  -3.6802893473555982e-05 | 1
  3, 36 |  -3.7559064895250859e-05 |  -3.7559064895250859e-05 | 1
  3, 37 |  -5.1106619203167393e-05 |  -5.1106619203167393e-05 | 1
  3, 38 |  -3.6947345018910377e-05 |  -3.6947345018910377e-05 | 1
  3, 39 |  -2.3202963214637397e-05 |  -2.3202963214637397e-05 | 1
  3, 40 |  -1.3001509052878288e-08 |  -1.3001509052878288e-08 | 1
  3, 41 |   7.4166604701704164e-05 |   7.4166604701704164e-05 | 1
  3, 42 |   3.8537184702571516e-04 |   3.8537184702571516e-04 | 1
  4,  1 |   8.3809171994276606e-05 |   8.3809171994276606e-05 | 1
  4,  2 |   2.0322191319773988e-04 |   2.0322191319773988e-04 | 1
  4,  3 |   2.6739317439517586e-04 |   2.6739317439517586e-04 | 1
  4,  4 |   1.3688370941371505e-03 |   1.3688370941371505e-03 | 1
  4,  5 |   2.6761254634239832e-04 |   2.6761254634239832e-04 | 1
  4,  6 |   3.1508193027961846e-04 |   3.1508193027961846e-04 | 1
  4,  7 |   3.7238889252508625e-04 |   3.7238889252508625e-04 | 1
  4,  8 |   2.9647719298084090e-04 |   2.9647719298084090e-04 | 1
  4,  9 |   2.3843974203616132e-04 |   2.3843974203616132e-04 | 1
  4, 10 |   3.3352759429175645e-04 |   3.3352759429175645e-04 | 1
  4, 11 |   3.4985849053972861e-04 |   3.4985849053972861e-04 | 1
  4, 12 |   2.8737603130198259e-04 |   2.8737603130198259e-04 | 1
  4, 13 |   2.9201235663074254e-04 |   2.9201235663074254e-04 | 1
  4, 14 |   3.1531251108858963e-04 |   3.1531251108858963e-04 | 1
  4, 15 |   3.2409535989856466e-04 |   3.2409535989856466e-04 | 1
  4, 16 |   3.3860408759968548e-04 |   3.3860408759968548e-04 | 1
  4, 17 |   2.2226955593462078e-04 |   2.2226955593462078e-04 | 1
  4, 18 |   2.6653254010221988e-04 |   2.6653254010221988e-04 | 1
  4, 19 |   4.0459771198105531e-04 |   4.0459771198105531e-04 | 1
  4, 20 |   3.2715761960422167e-04 |   3.2715761960422167e-04 | 1
  4, 21 |   2.6464923694875721e-04 |   2.6464923694875721e-04 | 1
  4, 22 |   2.4130277222148043e-04 |   2.4130277222148043e-04 | 1
  4, 23 |   2.4151261153477983e-04 |   2.4151261153477983e-04 | 1
  4, 24 |   2.9864834646855794e-04 |   2.9864834646855794e-04 | 1
  4, 25 |   2.8190284821682176e-04 |   2.8190284821682176e-04 | 1
  4, 26 |   2.7020983643894761e-04 |   2.7020983643894761e-04 | 1
  4, 27 |   2.9682318782176648e-04 |   2.9682318782176648e-04 | 1
  4, 28 |   3.3965356737479280e-04 |   3.3965356737479280e-04 | 1
  4, 29 |   2.9291066691482313e-04 |   2.9291066691482313e-04 | 1
  4, 30 |   2.7678470927283548e-04 |   2.7678470927283548e-04 | 1
  4, 31 |   3.1303279444376921e-04 |   3.1303279444376921e-04 | 1
  4, 32 |  -2.4726134636096370e-04 |  -2.4726134636096370e-04 | 1
  4, 33 |  -4.0273019543715774e-04 |  -4.0273019543715774e-04 | 1
  4, 34 |   3.1067205651629019e-04 |   3.1067205651629019e-04 | 1
  4, 35 |  -3.8987084663542451e-05 |  -3.8987084663542451e-05 | 1
  4, 36 |  -4.4799738607938607e-05 |  -4.4799738607938607e-05 | 1
  4, 37 |  -5.0998783325369462e-05 |  -5.0998783325369462e-05 | 1
  4, 38 |  -4.3988908156671839e-05 |  -4.3988908156671839e-05 | 1
  4, 39 |  -2.1008649771059155e-05 |  -2.1008649771059155e-05 | 1
  4, 40 |  -1.8406722290098307e-08 |  -1.8406722290098307e-08 | 1
  4, 41 |   8.7573996965680445e-05 |   8.7573996965680445e-05 | 1
  4, 42 |   2.3954784576822423e-04 |   2.3954784576822423e-04 | 1
  5,  1 |   6.6416327306701106e-05 |   6.6416327306701106e-05 | 1
  5,  2 |   2.3755794028714600e-04 |   2.3755794028714600e-04 | 1
  5,  3 |   2.7741200506165535e-04 |   2.7741200506165535e-04 | 1
  5,  4 |   2.6761254634239832e-04 |   2.6761254634239832e-04 | 1
  5,  5 |   3.4435776723670667e-03 |   3.4435776723670667e-03 | 1
  5,  6 |   1.5087337131889966e-04 |   1.5087337131889966e-04 | 1
  5,  7 |   5.8068644459565724e-04 |   5.8068644459565724e-04 | 1
  5,  8 |   2.0767860706502207e-04 |   2.0767860706502207e-04 | 1
  5,  9 |   2.8245049079574889e-04 |   2.8245049079574889e-04 | 1
  5, 10 |   4.4018943911719184e-04 |   4.4018943911719184e-04 | 1
  5, 11 |   2.7880375894681136e-05 |   2.7880375894681136e-05 | 1
  5, 12 |   3.3664565355883368e-04 |   3.3664565355883368e-04 | 1
  5, 13 |   2.7679129631269706e-04 |   2.7679129631269706e-04 | 1
  5, 14 |   5.3745917799870790e-04 |   5.3745917799870790e-04 | 1
  5, 15 |   4.3793255152780707e-04 |   4.3793255152780707e-04 | 1
  5, 16 |   2.3725107222773292e-04 |   2.3725107222773292e-04 | 1
  5, 17 |   2.4172731057968183e-04 |   2.4172731057968183e-04 | 1
  5, 18 |   2.5667566469730939e-04 |   2.5667566469730939e-04 | 1
  5, 19 |  -2.4344354119626327e-04 |  -2.4344354119626327e-04 | 1
  5, 20 |   2.6820411273719959e-04 |   2.6820411273719959e-04 | 1
  5, 21 |   4.9353019654008504e-04 |   4.9353019654008504e-04 | 1
  5, 22 |   2.8972194105822494e-04 |   2.8972194105822494e-04 | 1
  5, 23 |   3.7055677484982484e-04 |   3.7055677484982484e-04 | 1
  5, 24 |   2.1136227880315544e-04 |   2.1136227880315544e-04 | 1
  5, 25 |   1.9623779186785578e-04 |   1.9623779186785578e-04 | 1
  5, 26 |   1.7807228388468316e-04 |   1.7807228388468316e-04 | 1
  5, 27 |   2.4609371203445155e-04 |   2.4609371203445155e-04 | 1
  5, 28 |   3.0086153609725408e-04 |   3.0086153609725408e-04 | 1
  5, 29 |   2.2097521109766554e-04 |   2.2097521109766554e-04 | 1
  5, 30 |   2.3774034506555687e-04 |   2.3774034506555687e-04 | 1
  5, 31 |   2.0529059608210393e-04 |   2.0529059608210393e-04 | 1
  5, 32 |  -3.5705357579021658e-04 |  -3.5705357579021658e-04 | 1
  5, 33 |   1.4452096526993887e-03 |   1.4452096526993887e-03 | 1
  5, 34 |   1.6368974710271613e-04 |   1.6368974710271613e-04 | 1
  5, 35 |  -3.4663108368012145e-05 |  -3.4663108368012145e-05 | 1
  5, 36 |  -5.4054024836780528e-05 |  -5.4054024836780528e-05 | 1
  5, 37 |  -4.3121573021764068e-05 |  -4.3121573021764068e-05 | 1
  5, 38 |  -3.8158719020435080e-05 |  -3.8158719020435080e-05 | 1
  5, 39 |  -2.3766401731643776e-05 |  -2.3766401731643776e-05 | 1
  5, 40 |  -1.1240467749428171e-08 |  -1.1240467749428171e-08 | 1
  5, 41 |   7.2701491575709657e-05 |   7.2701491575709657e-05 | 1
  5, 42 |   3.5098076555538404e-04 |   3.5098076555538404e-04 | 1
  6,  1 |   6.8213657376425151e-05 |   6.8213657376425151e-05 | 1
  6,  2 |  -1.4657096321633639e-04 |  -1.4657096321633639e-04 | 1
  6,  3 |   8.3411661894237314e-05 |   8.3411661894237314e-05 | 1
  6,  4 |   3.1508193027961846e-04 |   3.1508193027961846e-04 | 1
  6,  5 |   1.5087337131889966e-04 |   1.5087337131889966e-04 | 1
  6,  6 |   1.4338354469835288e-03 |   1.4338354469835288e-03 | 1
  6,  7 |  -1.1554828208695266e-03 |  -1.1554828208695266e-03 | 1
  6,  8 |   8.3141386665883631e-04 |   8.3141386665883631e-04 | 1
  6,  9 |  -1.5054498504411395e-04 |  -1.5054498504411395e-04 | 1
  6, 10 |  -5.0338305860362525e-04 |  -5.0338305860362525e-04 | 1
  6, 11 |   2.5476018801885362e-03 |   2.5476018801885362e-03 | 1
  6, 12 |  -1.6330915143571506e-04 |  -1.6330915143571506e-04 | 1
  6, 13 |   3.5663015944445713e-04 |   3.5663015944445713e-04 | 1
  6, 14 |  -1.3121384088263953e-03 |  -1.3121384088263953e-03 | 1
  6, 15 |  -5.2660434810053187e-04 |  -5.2660434810053187e-04 | 1
  6, 16 |   9.9198276801716850e-04 |   9.9198276801716850e-04 | 1
  6, 17 |  -5.0298226432571818e-06 |  -5.0298226432571818e-06 | 1
  6, 18 |   2.4870101663452496e-04 |   2.4870101663452496e-04 | 1
  6, 19 |   4.9438282636798097e-03 |   4.9438282636798097e-03 | 1
  6, 20 |   6.4733203580254672e-04 |   6.4733203580254672e-04 | 1
  6, 21 |  -1.3737046433238559e-03 |  -1.3737046433238559e-03 | 1
  6, 22 |  -2.2085907849224521e-04 |  -2.2085907849224521e-04 | 1
  6, 23 |  -7.3851667834489603e-04 |  -7.3851667834489603e-04 | 1
  6, 24 |   8.4229833010434924e-04 |   8.4229833010434924e-04 | 1
  6, 25 |   8.1268941312782406e-04 |   8.1268941312782406e-04 | 1
  6, 26 |   8.4355693447681871e-04 |   8.4355693447681871e-04 | 1
  6, 27 |   6.0202872337473273e-04 |   6.0202872337473273e-04 | 1
  6, 28 |   5.0939303050682289e-04 |   5.0939303050682289e-04 | 1
  6, 29 |   7.5610011129730601e-04 |   7.5610011129730601e-04 | 1
  6, 30 |   4.9559077971148002e-04 |   4.9559077971148002e-04 | 1
  6, 31 |   1.0089092374549568e-03 |   1.0089092374549568e-03 | 1
  6, 32 |   4.5261993752317750e-04 |   4.5261993752317750e-04 | 1
  6, 33 |  -1.3494581913932683e-02 |  -1.3494581913932683e-02 | 1
  6, 34 |   1.2834667055412466e-03 |   1.2834667055412466e-03 | 1
  6, 35 |  -3.7189218911164003e-05 |  -3.7189218911164003e-05 | 1
  6, 36 |  -5.0351623576686231e-05 |  -5.0351623576686231e-05 | 1
  6, 37 |  -5.1391528610162664e-05 |  -5.1391528610162664e-05 | 1
  6, 38 |  -5.7493772077897133e-05 |  -5.7493772077897133e-05 | 1
  6, 39 |  -4.9837521030309660e-08 |  -4.9837521030309660e-08 | 1
  6, 40 |  -1.3175191557907745e-08 |  -1.3175191557907745e-08 | 1
  6, 41 |   7.1806662806517323e-05 |   7.1806662806517323e-05 | 1
  6, 42 |  -4.5737627454551068e-04 |  -4.5737627454551068e-04 | 1
  7,  1 |   8.4726351242716337e-05 |   8.4726351242716337e-05 | 1
  7,  2 |   7.9048243908786493e-04 |   7.9048243908786493e-04 | 1
  7,  3 |   6.5832171957700542e-04 |   6.5832171957700542e-04 | 1
  7,  4 |   3.7238889252508625e-04 |   3.7238889252508625e-04 | 1
  7,  5 |   5.8068644459565724e-04 |   5.8068644459565724e-04 | 1
  7,  6 |  -1.1554828208695266e-03 |  -1.1554828208695266e-03 | 1
  7,  7 |   8.4943841368232235e-03 |   8.4943841368232235e-03 | 1
  7,  8 |  -3.4599784181006622e-04 |  -3.4599784181006622e-04 | 1
  7,  9 |   9.2301275907750416e-04 |   9.2301275907750416e-04 | 1
  7, 10 |   1.7266921723428641e-03 |   1.7266921723428641e-03 | 1
  7, 11 |  -2.6889314067922846e-03 |  -2.6889314067922846e-03 | 1
  7, 12 |   1.0816523335703285e-03 |   1.0816523335703285e-03 | 1
  7, 13 |   3.5013449556695107e-04 |   3.5013449556695107e-04 | 1
  7, 14 |   2.8501866470074522e-03 |   2.8501866470074522e-03 | 1
  7, 15 |   1.7455169409891301e-03 |   1.7455169409891301e-03 | 1
  7, 16 |  -4.4498318009587265e-04 |  -4.4498318009587265e-04 | 1
  7, 17 |   6.5714176060399946e-04 |   6.5714176060399946e-04 | 1
  7, 18 |   4.1642772057754471e-04 |   4.1642772057754471e-04 | 1
  7, 19 |  -6.0136724564869310e-03 |  -6.0136724564869310e-03 | 1
  7, 20 |   2.8286576496497099e-05 |   2.8286576496497099e-05 | 1
  7, 21 |   2.8095466872666772e-03 |   2.8095466872666772e-03 | 1
  7, 22 |   1.0076623441419288e-03 |   1.0076623441419288e-03 | 1
  7, 23 |   1.7871189644120453e-03 |   1.7871189644120453e-03 | 1
  7, 24 |  -3.5057841345792734e-04 |  -3.5057841345792734e-04 | 1
  7, 25 |  -3.5174561459021264e-04 |  -3.5174561459021264e-04 | 1
  7, 26 |  -4.4371248930090987e-04 |  -4.4371248930090987e-04 | 1
  7, 27 |   1.4778779454730374e-05 |   1.4778779454730374e-05 | 1
  7, 28 |   2.6701881243462646e-04 |   2.6701881243462646e-04 | 1
  7, 29 |  -2.3213798677929303e-04 |  -2.3213798677929303e-04 | 1
  7, 30 |   1.0044100758248211e-04 |   1.0044100758248211e-04 | 1
  7, 31 |  -5.4640223694702762e-04 |  -5.4640223694702762e-04 | 1
  7, 32 |  -1.4694554760877683e-03 |  -1.4694554760877683e-03 | 1
  7, 33 |   1.8528102815562754e-02 |   1.8528102815562754e-02 | 1
  7, 34 |  -9.5602482594873896e-04 |  -9.5602482594873896e-04 | 1
  7, 35 |  -3.8605184548197634e-05 |  -3.8605184548197634e-05 | 1
  7, 36 |  -5.9646603896596546e-05 |  -5.9646603896596546e-05 | 1
  7, 37 |  -5.7806472214669245e-05 |  -5.7806472214669245e-05 | 1
  7, 38 |  -3.2436022048157271e-05 |  -3.2436022048157271e-05 | 1
  7, 39 |  -4.5191923249953561e-05 |  -4.5191923249953561e-05 | 1
  7, 40 |  -1.4430428048841869e-08 |  -1.4430428048841869e-08 | 1
  7, 41 |   9.4216900333955332e-05 |   9.4216900333955332e-05 | 1
  7, 42 |   1.4612372690614923e-03 |   1.4612372690614923e-03 | 1
  8,  1 |   7.5828718072943479e-05 |   7.5828718072943479e-05 | 1
  8,  2 |   3.6359177463702962e-05 |   3.6359177463702962e-05 | 1
  8,  3 |   1.7690103080168871e-04 |   1.7690103080168871e-04 | 1
  8,  4 |   2.9647719298084090e-04 |   2.9647719298084090e-04 | 1
  8,  5 |   2.0767860706502207e-04 |   2.0767860706502207e-04 | 1
  8,  6 |   8.3141386665883631e-04 |   8.3141386665883631e-04 | 1
  8,  7 |  -3.4599784181006622e-04 |  -3.4599784181006622e-04 | 1
  8,  8 |   2.6492987231607709e-03 |   2.6492987231607709e-03 | 1
  8,  9 |   5.2404525004543266e-05 |   5.2404525004543266e-05 | 1
  8, 10 |  -6.2552914182786444e-05 |  -6.2552914182786444e-05 | 1
  8, 11 |   1.3700846485614438e-03 |   1.3700846485614438e-03 | 1
  8, 12 |   7.2201552920413036e-05 |   7.2201552920413036e-05 | 1
  8, 13 |   3.1682745882078637e-04 |   3.1682745882078637e-04 | 1
  8, 14 |  -4.4914491701480709e-04 |  -4.4914491701480709e-04 | 1
  8, 15 |  -7.7934265817863641e-05 |  -7.7934265817863641e-05 | 1
  8, 16 |   6.3817660044003977e-04 |   6.3817660044003977e-04 | 1
  8, 17 |   1.1259740396894015e-04 |   1.1259740396894015e-04 | 1
  8, 18 |   2.5423644756932695e-04 |   2.5423644756932695e-04 | 1
  8, 19 |   2.5161904267258918e-03 |   2.5161904267258918e-03 | 1
  8, 20 |   4.7106878338662374e-04 |   4.7106878338662374e-04 | 1
  8, 21 |  -5.0436756327366136e-04 |  -5.0436756327366136e-04 | 1
  8, 22 |   2.2661677315025299e-05 |   2.2661677315025299e-05 | 1
  8, 23 |  -2.1993103420872307e-04 |  -2.1993103420872307e-04 | 1
  8, 24 |   5.4781787357193325e-04 |   5.4781787357193325e-04 | 1
  8, 25 |   5.2520363109863073e-04 |   5.2520363109863073e-04 | 1
  8, 26 |   5.3411741545897470e-04 |   5.3411741545897470e-04 | 1
  8, 27 |   4.3420911007969239e-04 |   4.3420911007969239e-04 | 1
  8, 28 |   4.1330334372496121e-04 |   4.1330334372496121e-04 | 1
  8, 29 |   5.0486475545292076e-04 |   5.0486475545292076e-04 | 1
  8, 30 |   3.7378268532164201e-04 |   3.7378268532164201e-04 | 1
  8, 31 |   6.3326705132385908e-04 |   6.3326705132385908e-04 | 1
  8, 32 |   8.3213329300809607e-05 |   8.3213329300809607e-05 | 1
  8, 33 |  -6.5056224119038244e-03 |  -6.5056224119038244e-03 | 1
  8, 34 |   7.5974417313068830e-04 |   7.5974417313068830e-04 | 1
  8, 35 |  -3.7559060737420380e-05 |  -3.7559060737420380e-05 | 1
  8, 36 |  -4.4505554291365609e-05 |  -4.4505554291365609e-05 | 1
  8, 37 |  -4.9110576622568469e-05 |  -4.9110576622568469e-05 | 1
  8, 38 |  -4.7910846822170560e-05 |  -4.7910846822170560e-05 | 1
  8, 39 |  -1.2654883964749985e-05 |  -1.2654883964749985e-05 | 1
  8, 40 |  -1.6248004870915573e-08 |  -1.6248004870915573e-08 | 1
  8, 41 |   7.9367407824569662e-05 |   7.9367407824569662e-05 | 1
  8, 42 |  -8.9932171349451669e-05 |  -8.9932171349451669e-05 | 1
  9,  1 |   5.9191260863584866e-05 |   5.9191260863584866e-05 | 1
  9,  2 |   3.0755680077933386e-04 |   3.0755680077933386e-04 | 1
  9,  3 |   3.0280761617628132e-04 |   3.0280761617628132e-04 | 1
  9,  4 |   2.3843974203616132e-04 |   2.3843974203616132e-04 | 1
  9,  5 |   2.8245049079574889e-04 |   2.8245049079574889e-04 | 1
  9,  6 |  -1.5054498504411395e-04 |  -1.5054498504411395e-04 | 1
  9,  7 |   9.2301275907750416e-04 |   9.2301275907750416e-04 | 1
  9,  8 |   5.2404525004543266e-05 |   5.2404525004543266e-05 | 1
  9,  9 |   1.9217766685908305e-03 |   1.9217766685908305e-03 | 1
  9, 10 |   6.2844833337662078e-04 |   6.2844833337662078e-04 | 1
  9, 11 |  -5.3803589120661488e-04 |  -5.3803589120661488e-04 | 1
  9, 12 |   4.2973304866652883e-04 |   4.2973304866652883e-04 | 1
  9, 13 |   2.4184537753060939e-04 |   2.4184537753060939e-04 | 1
  9, 14 |   9.1960025597043551e-04 |   9.1960025597043551e-04 | 1
  9, 15 |   6.2821473419009629e-04 |   6.2821473419009629e-04 | 1
  9, 16 |   5.0878489066734264e-05 |   5.0878489066734264e-05 | 1
  9, 17 |   2.8244914569852512e-04 |   2.8244914569852512e-04 | 1
  9, 18 |   2.4256278171209093e-04 |   2.4256278171209093e-04 | 1
  9, 19 |  -1.3957741037008854e-03 |  -1.3957741037008854e-03 | 1
  9, 20 |   1.6498793008232752e-04 |   1.6498793008232752e-04 | 1
  9, 21 |   8.7511584242098517e-04 |   8.7511584242098517e-04 | 1
  9, 22 |   3.8298036626964178e-04 |   3.8298036626964178e-04 | 1
  9, 23 |   5.9365781514090230e-04 |   5.9365781514090230e-04 | 1
  9, 24 |   5.2245752018988286e-05 |   5.2245752018988286e-05 | 1
  9, 25 |   4.8758238737024165e-05 |   4.8758238737024165e-05 | 1
  9, 26 |   1.6275923859201508e-05 |   1.6275923859201508e-05 | 1
  9, 27 |   1.5386656919676183e-04 |   1.5386656919676183e-04 | 1
  9, 28 |   2.4068354719917134e-04 |   2.4068354719917134e-04 | 1
  9, 29 |   8.3480582810835502e-05 |   8.3480582810835502e-05 | 1
  9, 30 |   1.6477831742785034e-04 |   1.6477831742785034e-04 | 1
  9, 31 |   1.0305507296470839e-05 |   1.0305507296470839e-05 | 1
  9, 32 |  -5.1771007173832535e-04 |  -5.1771007173832535e-04 | 1
  9, 33 |   4.7150860589865295e-03 |   4.7150860589865295e-03 | 1
  9, 34 |  -1.0038050453195159e-04 |  -1.0038050453195159e-04 | 1
  9, 35 |  -4.6603528600741372e-05 |  -4.6603528600741372e-05 | 1
  9, 36 |  -3.7880624044898178e-05 |  -3.7880624044898178e-05 | 1
  9, 37 |  -3.6596310086248887e-05 |  -3.6596310086248887e-05 | 1
  9, 38 |  -3.3805316553584647e-05 |  -3.3805316553584647e-05 | 1
  9, 39 |  -1.9289578680951340e-05 |  -1.9289578680951340e-05 | 1
  9, 40 |  -9.8721832844519570e-09 |  -9.8721832844519570e-09 | 1
  9, 41 |   6.2884187001637323e-05 |   6.2884187001637323e-05 | 1
  9, 42 |   5.1283817701001358e-04 |   5.1283817701001358e-04 | 1
 10,  1 |   7.7322312067907488e-05 |   7.7322312067907488e-05 | 1
 10,  2 |   5.3031147163497825e-04 |   5.3031147163497825e-04 | 1
 10,  3 |   4.8237724325188406e-04 |   4.8237724325188406e-04 | 1
 10,  4 |   3.3352759429175645e-04 |   3.3352759429175645e-04 | 1
 10,  5 |   4.4018943911719184e-04 |   4.4018943911719184e-04 | 1
 10,  6 |  -5.0338305860362525e-04 |  -5.0338305860362525e-04 | 1
 10,  7 |   1.7266921723428641e-03 |   1.7266921723428641e-03 | 1
 10,  8 |  -6.2552914182786444e-05 |  -6.2552914182786444e-05 | 1
 10,  9 |   6.2844833337662078e-04 |   6.2844833337662078e-04 | 1
 10, 10 |   1.0923337787957075e-02 |   1.0923337787957075e-02 | 1
 10, 11 |  -1.3472599376026300e-03 |  -1.3472599376026300e-03 | 1
 10, 12 |   7.3324171298313839e-04 |   7.3324171298313839e-04 | 1
 10, 13 |   3.2940759001215522e-04 |   3.2940759001215522e-04 | 1
 10, 14 |   1.7456243944397219e-03 |   1.7456243944397219e-03 | 1
 10, 15 |   1.1211222905890719e-03 |   1.1211222905890719e-03 | 1
 10, 16 |  -9.7841362396107129e-05 |  -9.7841362396107129e-05 | 1
 10, 17 |   4.6786627324168898e-04 |   4.6786627324168898e-04 | 1
 10, 18 |   3.5526328223324641e-04 |   3.5526328223324641e-04 | 1
 10, 19 |  -3.1828633682493643e-03 |  -3.1828633682493643e-03 | 1
 10, 20 |   1.5996351451635145e-04 |   1.5996351451635145e-04 | 1
 10, 21 |   1.6909097825833557e-03 |   1.6909097825833557e-03 | 1
 10, 22 |   6.6799049286243276e-04 |   6.6799049286243276e-04 | 1
 10, 23 |   1.1083586078365288e-03 |   1.1083586078365288e-03 | 1
 10, 24 |  -6.3911362037134746e-05 |  -6.3911362037134746e-05 | 1
 10, 25 |  -6.6290842104426925e-05 |  -6.6290842104426925e-05 | 1
 10, 26 |  -1.2657257723791657e-04 |  -1.2657257723791657e-04 | 1
 10, 27 |   1.4179999078879261e-04 |   1.4179999078879261e-04 | 1
 10, 28 |   3.0365226459900846e-04 |   3.0365226459900846e-04 | 1
 10, 29 |   1.7288445399524836e-06 |   1.7288445399524836e-06 | 1
 10, 30 |   1.8117047524684481e-04 |   1.8117047524684481e-04 | 1
 10, 31 |  -1.6620258079274019e-04 |  -1.6620258079274019e-04 | 1
 10, 32 |  -9.4090010646590417e-04 |  -9.4090010646590417e-04 | 1
 10, 33 |   1.0178124356114732e-02 |   1.0178124356114732e-02 | 1
 10, 34 |  -3.9632157681147547e-04 |  -3.9632157681147547e-04 | 1
 10, 35 |  -4.5029980972513404e-05 |  -4.5029980972513404e-05 | 1
 10, 36 |  -4.5164549153709956e-05 |  -4.5164549153709956e-05 | 1
 10, 37 |  -3.6511624349506032e-05 |  -3.6511624349506032e-05 | 1
 10, 38 |  -4.2103632236769340e-05 |  -4.2103632236769340e-05 | 1
 10, 39 |  -2.7548233999907892e-05 |  -2.7548233999907892e-05 | 1
 10, 40 |  -1.5313667775830236e-08 |  -1.5313667775830236e-08 | 1
 10, 41 |   8.0798964090288825e-05 |   8.0798964090288825e-05 | 1
 10, 42 |   9.3415332774351252e-04 |   9.3415332774351252e-04 | 1
 11,  1 |   7.0894946795283886e-05 |   7.0894946795283886e-05 | 1
 11,  2 |  -4.9115702905697849e-04 |  -4.9115702905697849e-04 | 1
 11,  3 |  -9.2264160103065309e-05 |  -9.2264160103065309e-05 | 1
 11,  4 |   3.4985849053972861e-04 |   3.4985849053972861e-04 | 1
 11,  5 |   2.7880375894681136e-05 |   2.7880375894681136e-05 | 1
 11,  6 |   2.5476018801885362e-03 |   2.5476018801885362e-03 | 1
 11,  7 |  -2.6889314067922846e-03 |  -2.6889314067922846e-03 | 1
 11,  8 |   1.3700846485614438e-03 |   1.3700846485614438e-03 | 1
 11,  9 |  -5.3803589120661488e-04 |  -5.3803589120661488e-04 | 1
 11, 10 |  -1.3472599376026300e-03 |  -1.3472599376026300e-03 | 1
 11, 11 |   4.7620521528276283e-03 |   4.7620521528276283e-03 | 1
 11, 12 |  -6.1070117208468207e-04 |  -6.1070117208468207e-04 | 1
 11, 13 |   4.2029294190990127e-04 |   4.2029294190990127e-04 | 1
 11, 14 |  -2.9478187113295713e-03 |  -2.9478187113295713e-03 | 1
 11, 15 |  -1.3770170051821192e-03 |  -1.3770170051821192e-03 | 1
 11, 16 |   1.6465119282752340e-03 |   1.6465119282752340e-03 | 1
 11, 17 |  -2.2793740433225057e-04 |  -2.2793740433225057e-04 | 1
 11, 18 |   2.3426847761807735e-04 |   2.3426847761807735e-04 | 1
 11, 19 |   9.4920708744621416e-03 |   9.4920708744621416e-03 | 1
 11, 20 |   9.6993619827365316e-04 |   9.6993619827365316e-04 | 1
 11, 21 |  -3.0228856660420231e-03 |  -3.0228856660420231e-03 | 1
 11, 22 |  -6.7201708883693695e-04 |  -6.7201708883693695e-04 | 1
 11, 23 |  -1.7214692131515314e-03 |  -1.7214692131515314e-03 | 1
 11, 24 |   1.3894645076755082e-03 |   1.3894645076755082e-03 | 1
 11, 25 |   1.3486626578092685e-03 |   1.3486626578092685e-03 | 1
 11, 26 |   1.4213890464727899e-03 |   1.4213890464727899e-03 | 1
 11, 27 |   9.0638038176012485e-04 |   9.0638038176012485e-04 | 1
 11, 28 |   6.8256426038494373e-04 |   6.8256426038494373e-04 | 1
 11, 29 |   1.2209833906935029e-03 |   1.2209833906935029e-03 | 1
 11, 30 |   7.1330925230443979e-04 |   7.1330925230443979e-04 | 1
 11, 31 |   1.7106210646659261e-03 |   1.7106210646659261e-03 | 1
 11, 32 |   1.1702489082817276e-03 |   1.1702489082817276e-03 | 1
 11, 33 |  -2.6612218624377810e-02 |  -2.6612218624377810e-02 | 1
 11, 34 |   2.2603170382600266e-03 |   2.2603170382600266e-03 | 1
 11, 35 |  -3.9416419060367248e-05 |  -3.9416419060367248e-05 | 1
 11, 36 |  -4.1462150013055990e-05 |  -4.1462150013055990e-05 | 1
 11, 37 |  -5.4984220892129865e-05 |  -5.4984220892129865e-05 | 1
 11, 38 |  -5.2765867929872572e-05 |  -5.2765867929872572e-05 | 1
 11, 39 |   8.7941910990387039e-06 |   8.7941910990387039e-06 | 1
 11, 40 |  -1.6489414965206229e-08 |  -1.6489414965206229e-08 | 1
 11, 41 |   7.2533824892519503e-05 |   7.2533824892519503e-05 | 1
 11, 42 |  -1.1763229087624464e-03 |  -1.1763229087624464e-03 | 1
 12,  1 |   7.5637026149112804e-05 |   7.5637026149112804e-05 | 1
 12,  2 |   3.6347927782431780e-04 |   3.6347927782431780e-04 | 1
 12,  3 |   3.6240521067800553e-04 |   3.6240521067800553e-04 | 1
 12,  4 |   2.8737603130198259e-04 |   2.8737603130198259e-04 | 1
 12,  5 |   3.3664565355883368e-04 |   3.3664565355883368e-04 | 1
 12,  6 |  -1.6330915143571506e-04 |  -1.6330915143571506e-04 | 1
 12,  7 |   1.0816523335703285e-03 |   1.0816523335703285e-03 | 1
 12,  8 |   7.2201552920413036e-05 |   7.2201552920413036e-05 | 1
 12,  9 |   4.2973304866652883e-04 |   4.2973304866652883e-04 | 1
 12, 10 |   7.3324171298313839e-04 |   7.3324171298313839e-04 | 1
 12, 11 |  -6.1070117208468207e-04 |  -6.1070117208468207e-04 | 1
 12, 12 |   2.8958557740124003e-03 |   2.8958557740124003e-03 | 1
 12, 13 |   2.8436859324614580e-04 |   2.8436859324614580e-04 | 1
 12, 14 |   1.0675782594007151e-03 |   1.0675782594007151e-03 | 1
 12, 15 |   7.3125712364786551e-04 |   7.3125712364786551e-04 | 1
 12, 16 |   6.8432227088654682e-05 |   6.8432227088654682e-05 | 1
 12, 17 |   3.3562059034321552e-04 |   3.3562059034321552e-04 | 1
 12, 18 |   2.8900531907602076e-04 |   2.8900531907602076e-04 | 1
 12, 19 |  -1.5975494385756684e-03 |  -1.5975494385756684e-03 | 1
 12, 20 |   2.0422604014657097e-04 |   2.0422604014657097e-04 | 1
 12, 21 |   1.0197501508535393e-03 |   1.0197501508535393e-03 | 1
 12, 22 |   4.5332067920926446e-04 |   4.5332067920926446e-04 | 1
 12, 23 |   6.9391345140501471e-04 |   6.9391345140501471e-04 | 1
 12, 24 |   7.1750425395345938e-05 |   7.1750425395345938e-05 | 1
 12, 25 |   6.4231278989700417e-05 |   6.4231278989700417e-05 | 1
 12, 26 |   2.8100974750777868e-05 |   2.8100974750777868e-05 | 1
 12, 27 |   1.8471670110582381e-04 |   1.8471670110582381e-04 | 1
 12, 28 |   2.8759041932763002e-04 |   2.8759041932763002e-04 | 1
 12, 29 |   1.0563435640372883e-04 |   1.0563435640372883e-04 | 1
 12, 30 |   1.9788742603755419e-04 |   1.9788742603755419e-04 | 1
 12, 31 |   2.2028033075990853e-05 |   2.2028033075990853e-05 | 1
 12, 32 |  -6.0085376407138032e-04 |  -6.0085376407138032e-04 | 1
 12, 33 |   5.4303965225560085e-03 |   5.4303965225560085e-03 | 1
 12, 34 |  -1.0579882645327712e-04 |  -1.0579882645327712e-04 | 1
 12, 35 |  -4.2249968326763752e-05 |  -4.2249968326763752e-05 | 1
 12, 36 |  -4.3057002386831351e-05 |  -4.3057002386831351e-05 | 1
 12, 37 |  -4.5743960903443036e-05 |  -4.5743960903443036e-05 | 1
 12, 38 |  -3.8600025063301359e-05 |  -3.8600025063301359e-05 | 1
 12, 39 |  -2.1246156636912418e-05 |  -2.1246156636912418e-05 | 1
 12, 40 |  -1.5592702996284411e-08 |  -1.5592702996284411e-08 | 1
 12, 41 |   7.9784868991364849e-05 |   7.9784868991364849e-05 | 1
 12, 42 |   5.9380622828201666e-04 |   5.9380622828201666e-04 | 1
 13,  1 |   6.7912514994895168e-05 |   6.7912514994895168e-05 | 1
 13,  2 |   1.9233695228344826e-04 |   1.9233695228344826e-04 | 1
 13,  3 |   2.6759592211062606e-04 |   2.6759592211062606e-04 | 1
 13,  4 |   2.9201235663074254e-04 |   2.9201235663074254e-04 | 1
 13,  5 |   2.7679129631269706e-04 |   2.7679129631269706e-04 | 1
 13,  6 |   3.5663015944445713e-04 |   3.5663015944445713e-04 | 1
 13,  7 |   3.5013449556695107e-04 |   3.5013449556695107e-04 | 1
 13,  8 |   3.1682745882078637e-04 |   3.1682745882078637e-04 | 1
 13,  9 |   2.4184537753060939e-04 |   2.4184537753060939e-04 | 1
 13, 10 |   3.2940759001215522e-04 |   3.2940759001215522e-04 | 1
 13, 11 |   4.2029294190990127e-04 |   4.2029294190990127e-04 | 1
 13, 12 |   2.8436859324614580e-04 |   2.8436859324614580e-04 | 1
 13, 13 |   2.4930356624423746e-03 |   2.4930356624423746e-03 | 1
 13, 14 |   2.9099637784625089e-04 |   2.9099637784625089e-04 | 1
 13, 15 |   3.2312136645442101e-04 |   3.2312136645442101e-04 | 1
 13, 16 |   3.6986583132245904e-04 |   3.6986583132245904e-04 | 1
 13, 17 |   2.2205118066052383e-04 |   2.2205118066052383e-04 | 1
 13, 18 |   2.7384320335832179e-04 |   2.7384320335832179e-04 | 1
 13, 19 |   5.3855912923809709e-04 |   5.3855912923809709e-04 | 1
 13, 20 |   3.4519127908971109e-04 |   3.4519127908971109e-04 | 1
 13, 21 |   2.3966017972491254e-04 |   2.3966017972491254e-04 | 1
 13, 22 |   2.3066211682739113e-04 |   2.3066211682739113e-04 | 1
 13, 23 |   2.2484821914483855e-04 |   2.2484821914483855e-04 | 1
 13, 24 |   3.2176940240224506e-04 |   3.2176940240224506e-04 | 1
 13, 25 |   3.0955374384053003e-04 |   3.0955374384053003e-04 | 1
 13, 26 |   2.9289499505718328e-04 |   2.9289499505718328e-04 | 1
 13, 27 |   3.2164584410691622e-04 |   3.2164584410691622e-04 | 1
 13, 28 |   3.5764355402903000e-04 |   3.5764355402903000e-04 | 1
 13, 29 |   3.2011446955070770e-04 |   3.2011446955070770e-04 | 1
 13, 30 |   2.9502983175279135e-04 |   2.9502983175279135e-04 | 1
 13, 31 |   3.4512272637006203e-04 |   3.4512272637006203e-04 | 1
 13, 32 |  -2.6363465280509167e-04 |  -2.6363465280509167e-04 | 1
 13, 33 |  -7.5409574785827128e-04 |  -7.5409574785827128e-04 | 1
 13, 34 |   3.4735629868666443e-04 |   3.4735629868666443e-04 | 1
 13, 35 |  -4.3834904103854480e-05 |  -4.3834904103854480e-05 | 1
 13, 36 |  -4.6133795622030959e-05 |  -4.6133795622030959e-05 | 1
 13, 37 |  -3.7974199710958368e-05 |  -3.7974199710958368e-05 | 1
 13, 38 |  -3.3626115673414267e-05 |  -3.3626115673414267e-05 | 1
 13, 39 |  -1.5644758350408899e-05 |  -1.5644758350408899e-05 | 1
 13, 40 |  -1.3829101040382729e-08 |  -1.3829101040382729e-08 | 1
 13, 41 |   7.2098470533999147e-05 |   7.2098470533999147e-05 | 1
 13, 42 |   2.5606435346435237e-04 |   2.5606435346435237e-04 | 1
 14,  1 |   8.0202997869301744e-05 |   8.0202997869301744e-05 | 1
 14,  2 |   7.8669612998522151e-04 |   7.8669612998522151e-04 | 1
 14,  3 |   6.2033167856943437e-04 |   6.2033167856943437e-04 | 1
 14,  4 |   3.1531251108858963e-04 |   3.1531251108858963e-04 | 1
 14,  5 |   5.3745917799870790e-04 |   5.3745917799870790e-04 | 1
 14,  6 |  -1.3121384088263953e-03 |  -1.3121384088263953e-03 | 1
 14,  7 |   2.8501866470074522e-03 |   2.8501866470074522e-03 | 1
 14,  8 |  -4.4914491701480709e-04 |  -4.4914491701480709e-04 | 1
 14,  9 |   9.1960025597043551e-04 |   9.1960025597043551e-04 | 1
 14, 10 |   1.7456243944397219e-03 |   1.7456243944397219e-03 | 1
 14, 11 |  -2.9478187113295713e-03 |  -2.9478187113295713e-03 | 1
 14, 12 |   1.0675782594007151e-03 |   1.0675782594007151e-03 | 1
 14, 13 |   2.9099637784625089e-04 |   2.9099637784625089e-04 | 1
 14, 14 |   4.2370758935851354e-03 |   4.2370758935851354e-03 | 1
 14, 15 |   1.7540382540680811e-03 |   1.7540382540680811e-03 | 1
 14, 16 |  -5.6648159363367214e-04 |  -5.6648159363367214e-04 | 1
 14, 17 |   6.3350337785990319e-04 |   6.3350337785990319e-04 | 1
 14, 18 |   3.7020624128782239e-04 |   3.7020624128782239e-04 | 1
 14, 19 |  -6.4948049029714579e-03 |  -6.4948049029714579e-03 | 1
 14, 20 |  -6.9868103636182321e-05 |  -6.9868103636182321e-05 | 1
 14, 21 |   2.8974785474743612e-03 |   2.8974785474743612e-03 | 1
 14, 22 |   1.0044386127112184e-03 |   1.0044386127112184e-03 | 1
 14, 23 |   1.8273463973193598e-03 |   1.8273463973193598e-03 | 1
 14, 24 |  -4.5698155603759479e-04 |  -4.5698155603759479e-04 | 1
 14, 25 |  -4.5077671643900557e-04 |  -4.5077671643900557e-04 | 1
 14, 26 |  -5.4276834114329385e-04 |  -5.4276834114329385e-04 | 1
 14, 27 |  -7.2319062720012150e-05 |  -7.2319062720012150e-05 | 1
 14, 28 |   1.8425858272484323e-04 |   1.8425858272484323e-04 | 1
 14, 29 |  -3.2994240916436174e-04 |  -3.2994240916436174e-04 | 1
 14, 30 |   2.8494015937561453e-05 |   2.8494015937561453e-05 | 1
 14, 31 |  -6.6969266118600585e-04 |  -6.6969266118600585e-04 | 1
 14, 32 |  -1.4690785248775051e-03 |  -1.4690785248775051e-03 | 1
 14, 33 |   1.9752692832665789e-02 |   1.9752692832665789e-02 | 1
 14, 34 |  -1.1019229947577445e-03 |  -1.1019229947577445e-03 | 1
 14, 35 |  -5.0546601418203914e-05 |  -5.0546601418203914e-05 | 1
 14, 36 |  -5.5024086745178722e-05 |  -5.5024086745178722e-05 | 1
 14, 37 |  -4.2193723370634491e-05 |  -4.2193723370634491e-05 | 1
 14, 38 |  -3.9391656429149538e-05 |  -3.9391656429149538e-05 | 1
 14, 39 |  -4.0739870498216510e-05 |  -4.0739870498216510e-05 | 1
 14, 40 |  -1.2986071309766375e-08 |  -1.2986071309766375e-08 | 1
 14, 41 |   8.7290282549751323e-05 |   8.7290282549751323e-05 | 1
 14, 42 |   1.4619071197719588e-03 |   1.4619071197719588e-03 | 1
 15,  1 |   7.1419573224317217e-05 |   7.1419573224317217e-05 | 1
 15,  2 |   5.2473903039821886e-04 |   5.2473903039821886e-04 | 1
 15,  3 |   4.8148139889494439e-04 |   4.8148139889494439e-04 | 1
 15,  4 |   3.2409535989856466e-04 |   3.2409535989856466e-04 | 1
 15,  5 |   4.3793255152780707e-04 |   4.3793255152780707e-04 | 1
 15,  6 |  -5.2660434810053187e-04 |  -5.2660434810053187e-04 | 1
 15,  7 |   1.7455169409891301e-03 |   1.7455169409891301e-03 | 1
 15,  8 |  -7.7934265817863641e-05 |  -7.7934265817863641e-05 | 1
 15,  9 |   6.2821473419009629e-04 |   6.2821473419009629e-04 | 1
 15, 10 |   1.1211222905890719e-03 |   1.1211222905890719e-03 | 1
 15, 11 |  -1.3770170051821192e-03 |  -1.3770170051821192e-03 | 1
 15, 12 |   7.3125712364786551e-04 |   7.3125712364786551e-04 | 1
 15, 13 |   3.2312136645442101e-04 |   3.2312136645442101e-04 | 1
 15, 14 |   1.7540382540680811e-03 |   1.7540382540680811e-03 | 1
 15, 15 |   4.5567683699265973e-03 |   4.5567683699265973e-03 | 1
 15, 16 |  -1.1224115902380268e-04 |  -1.1224115902380268e-04 | 1
 15, 17 |   4.6301118784196620e-04 |   4.6301118784196620e-04 | 1
 15, 18 |   3.4307597804787335e-04 |   3.4307597804787335e-04 | 1
 15, 19 |  -3.2406527167610851e-03 |  -3.2406527167610851e-03 | 1
 15, 20 |   1.4719145258508185e-04 |   1.4719145258508185e-04 | 1
 15, 21 |   1.7063968162285802e-03 |   1.7063968162285802e-03 | 1
 15, 22 |   6.6453289542313355e-04 |   6.6453289542313355e-04 | 1
 15, 23 |   1.1165136576179427e-03 |   1.1165136576179427e-03 | 1
 15, 24 |  -7.9344112689657903e-05 |  -7.9344112689657903e-05 | 1
 15, 25 |  -7.9398318960426919e-05 |  -7.9398318960426919e-05 | 1
 15, 26 |  -1.4216963373254082e-04 |  -1.4216963373254082e-04 | 1
 15, 27 |   1.3559928743287424e-04 |   1.3559928743287424e-04 | 1
 15, 28 |   2.9318075283661345e-04 |   2.9318075283661345e-04 | 1
 15, 29 |  -9.1597372587509836e-06 |  -9.1597372587509836e-06 | 1
 15, 30 |   1.7228822262291120e-04 |   1.7228822262291120e-04 | 1
 15, 31 |  -1.7894906845819460e-04 |  -1.7894906845819460e-04 | 1
 15, 32 |  -9.4928626162473428e-04 |  -9.4928626162473428e-04 | 1
 15, 33 |   1.0334225780307450e-02 |   1.0334225780307450e-02 | 1
 15, 34 |  -4.1486714404856048e-04 |  -4.1486714404856048e-04 | 1
 15, 35 |  -4.9531038767783773e-05 |  -4.9531038767783773e-05 | 1
 15, 36 |  -4.8862534793997546e-05 |  -4.8862534793997546e-05 | 1
 15, 37 |  -4.5761789160117189e-05 |  -4.5761789160117189e-05 | 1
 15, 38 |  -2.5636093822923013e-05 |  -2.5636093822923013e-05 | 1
 15, 39 |  -2.5890225319678616e-05 |  -2.5890225319678616e-05 | 1
 15, 40 |  -1.3064675355415932e-08 |  -1.3064675355415932e-08 | 1
 15, 41 |   7.8159519524948637e-05 |   7.8159519524948637e-05 | 1
 15, 42 |   9.4119516612654018e-04 |   9.4119516612654018e-04 | 1
 16,  1 |   7.9341410835876601e-05 |   7.9341410835876601e-05 | 1
 16,  2 |   2.7787260969369287e-05 |   2.7787260969369287e-05 | 1
 16,  3 |   1.9746437828978617e-04 |   1.9746437828978617e-04 | 1
 16,  4 |   3.3860408759968548e-04 |   3.3860408759968548e-04 | 1
 16,  5 |   2.3725107222773292e-04 |   2.3725107222773292e-04 | 1
 16,  6 |   9.9198276801716850e-04 |   9.9198276801716850e-04 | 1
 16,  7 |  -4.4498318009587265e-04 |  -4.4498318009587265e-04 | 1
 16,  8 |   6.3817660044003977e-04 |   6.3817660044003977e-04 | 1
 16,  9 |   5.0878489066734264e-05 |   5.0878489066734264e-05 | 1
 16, 10 |  -9.7841362396107129e-05 |  -9.7841362396107129e-05 | 1
 16, 11 |   1.6465119282752340e-03 |   1.6465119282752340e-03 | 1
 16, 12 |   6.8432227088654682e-05 |   6.8432227088654682e-05 | 1
 16, 13 |   3.6986583132245904e-04 |   3.6986583132245904e-04 | 1
 16, 14 |  -5.6648159363367214e-04 |  -5.6648159363367214e-04 | 1
 16, 15 |  -1.1224115902380268e-04 |  -1.1224115902380268e-04 | 1
 16, 16 |   1.7656664080879577e-03 |   1.7656664080879577e-03 | 1
 16, 17 |   1.2133083522794855e-04 |   1.2133083522794855e-04 | 1
 16, 18 |   2.9038897164763002e-04 |   2.9038897164763002e-04 | 1
 16, 19 |   3.0408008425625186e-03 |   3.0408008425625186e-03 | 1
 16, 20 |   5.5083204869025247e-04 |   5.5083204869025247e-04 | 1
 16, 21 |  -6.3047615721697039e-04 |  -6.3047615721697039e-04 | 1
 16, 22 |   7.4310174302382598e-06 |   7.4310174302382598e-06 | 1
 16, 23 |  -2.8429918258069032e-04 |  -2.8429918258069032e-04 | 1
 16, 24 |   6.4651238056934461e-04 |   6.4651238056934461e-04 | 1
 16, 25 |   6.2304809963113924e-04 |   6.2304809963113924e-04 | 1
 16, 26 |   6.3091117918169612e-04 |   6.3091117918169612e-04 | 1
 16, 27 |   5.1246814107532772e-04 |   5.1246814107532772e-04 | 1
 16, 28 |   4.8171447003401394e-04 |   4.8171447003401394e-04 | 1
 16, 29 |   5.9674783156340560e-04 |   5.9674783156340560e-04 | 1
 16, 30 |   4.3815729823785835e-04 |   4.3815729823785835e-04 | 1
 16, 31 |   7.5161834999762540e-04 |   7.5161834999762540e-04 | 1
 16, 32 |   1.0907829892109111e-04 |   1.0907829892109111e-04 | 1
 16, 33 |  -7.9024564902538987e-03 |  -7.9024564902538987e-03 | 1
 16, 34 |   9.0557394265049543e-04 |   9.0557394265049543e-04 | 1
 16, 35 |  -4.6165867530236697e-05 |  -4.6165867530236697e-05 | 1
 16, 36 |  -5.3072436317993518e-05 |  -5.3072436317993518e-05 | 1
 16, 37 |  -5.5087404833586728e-05 |  -5.5087404833586728e-05 | 1
 16, 38 |  -5.1589192697834479e-05 |  -5.1589192697834479e-05 | 1
 16, 39 |  -1.5909492877614864e-05 |  -1.5909492877614864e-05 | 1
 16, 40 |  -1.4877258566655060e-08 |  -1.4877258566655060e-08 | 1
 16, 41 |   8.4615492713596853e-05 |   8.4615492713596853e-05 | 1
 16, 42 |  -1.1544011899214236e-04 |  -1.1544011899214236e-04 | 1
 17,  1 |   5.4858427152012148e-05 |   5.4858427152012148e-05 | 1
 17,  2 |   2.3789686348430964e-04 |   2.3789686348430964e-04 | 1
 17,  3 |   2.5590122626724350e-04 |   2.5590122626724350e-04 | 1
 17,  4 |   2.2226955593462078e-04 |   2.2226955593462078e-04 | 1
 17,  5 |   2.4172731057968183e-04 |   2.4172731057968183e-04 | 1
 17,  6 |  -5.0298226432571818e-06 |  -5.0298226432571818e-06 | 1
 17,  7 |   6.5714176060399946e-04 |   6.5714176060399946e-04 | 1
 17,  8 |   1.1259740396894015e-04 |   1.1259740396894015e-04 | 1
 17,  9 |   2.8244914569852512e-04 |   2.8244914569852512e-04 | 1
 17, 10 |   4.6786627324168898e-04 |   4.6786627324168898e-04 | 1
 17, 11 |  -2.2793740433225057e-04 |  -2.2793740433225057e-04 | 1
 17, 12 |   3.3562059034321552e-04 |   3.3562059034321552e-04 | 1
 17, 13 |   2.2205118066052383e-04 |   2.2205118066052383e-04 | 1
 17, 14 |   6.3350337785990319e-04 |   6.3350337785990319e-04 | 1
 17, 15 |   4.6301118784196620e-04 |   4.6301118784196620e-04 | 1
 17, 16 |   1.2133083522794855e-04 |   1.2133083522794855e-04 | 1
 17, 17 |   1.3718309247688651e-03 |   1.3718309247688651e-03 | 1
 17, 18 |   2.2046735499638731e-04 |   2.2046735499638731e-04 | 1
 17, 19 |  -7.2350292312131431e-04 |  -7.2350292312131431e-04 | 1
 17, 20 |   1.9532710717630247e-04 |   1.9532710717630247e-04 | 1
 17, 21 |   6.0160412529823223e-04 |   6.0160412529823223e-04 | 1
 17, 22 |   2.9818376947393220e-04 |   2.9818376947393220e-04 | 1
 17, 23 |   4.2355513431466989e-04 |   4.2355513431466989e-04 | 1
 17, 24 |   1.1585017458797529e-04 |   1.1585017458797529e-04 | 1
 17, 25 |   1.0786587995956826e-04 |   1.0786587995956826e-04 | 1
 17, 26 |   8.3998271508841415e-05 |   8.3998271508841415e-05 | 1
 17, 27 |   1.7352031819951451e-04 |   1.7352031819951451e-04 | 1
 17, 28 |   2.3983408747252924e-04 |   2.3983408747252924e-04 | 1
 17, 29 |   1.3250682557696460e-04 |   1.3250682557696460e-04 | 1
 17, 30 |   1.7440193680267089e-04 |   1.7440193680267089e-04 | 1
 17, 31 |   9.3579075239082752e-05 |   9.3579075239082752e-05 | 1
 17, 32 |  -3.8570086329655295e-04 |  -3.8570086329655295e-04 | 1
 17, 33 |   2.7127809214312687e-03 |   2.7127809214312687e-03 | 1
 17, 34 |   2.5560852414536525e-05 |   2.5560852414536525e-05 | 1
 17, 35 |  -1.8657111752581175e-05 |  -1.8657111752581175e-05 | 1
 17, 36 |  -1.9790007039535776e-05 |  -1.9790007039535776e-05 | 1
 17, 37 |  -2.1509792809994250e-05 |  -2.1509792809994250e-05 | 1
 17, 38 |  -1.4959062908620450e-05 |  -1.4959062908620450e-05 | 1
 17, 39 |  -1.3123896759730682e-05 |  -1.3123896759730682e-05 | 1
 17, 40 |  -1.5952828429729588e-08 |  -1.5952828429729588e-08 | 1
 17, 41 |   5.4708129283162564e-05 |   5.4708129283162564e-05 | 1
 17, 42 |   3.7809476012965333e-04 |   3.7809476012965333e-04 | 1
 18,  1 |   6.9344802374222178e-05 |   6.9344802374222178e-05 | 1
 18,  2 |   2.0219806340475926e-04 |   2.0219806340475926e-04 | 1
 18,  3 |   2.5622750383209262e-04 |   2.5622750383209262e-04 | 1
 18,  4 |   2.6653254010221988e-04 |   2.6653254010221988e-04 | 1
 18,  5 |   2.5667566469730939e-04 |   2.5667566469730939e-04 | 1
 18,  6 |   2.4870101663452496e-04 |   2.4870101663452496e-04 | 1
 18,  7 |   4.1642772057754471e-04 |   4.1642772057754471e-04 | 1
 18,  8 |   2.5423644756932695e-04 |   2.5423644756932695e-04 | 1
 18,  9 |   2.4256278171209093e-04 |   2.4256278171209093e-04 | 1
 18, 10 |   3.5526328223324641e-04 |   3.5526328223324641e-04 | 1
 18, 11 |   2.3426847761807735e-04 |   2.3426847761807735e-04 | 1
 18, 12 |   2.8900531907602076e-04 |   2.8900531907602076e-04 | 1
 18, 13 |   2.7384320335832179e-04 |   2.7384320335832179e-04 | 1
 18, 14 |   3.7020624128782239e-04 |   3.7020624128782239e-04 | 1
 18, 15 |   3.4307597804787335e-04 |   3.4307597804787335e-04 | 1
 18, 16 |   2.9038897164763002e-04 |   2.9038897164763002e-04 | 1
 18, 17 |   2.2046735499638731e-04 |   2.2046735499638731e-04 | 1
 18, 18 |   8.0482918131699454e-03 |   8.0482918131699454e-03 | 1
 18, 19 |   1.8759928147440928e-04 |   1.8759928147440928e-04 | 1
 18, 20 |   2.9629290999353059e-04 |   2.9629290999353059e-04 | 1
 18, 21 |   3.2436380605742728e-04 |   3.2436380605742728e-04 | 1
 18, 22 |   2.4502567388845617e-04 |   2.4502567388845617e-04 | 1
 18, 23 |   2.6960883911672777e-04 |   2.6960883911672777e-04 | 1
 18, 24 |   2.5866523949142131e-04 |   2.5866523949142131e-04 | 1
 18, 25 |   2.4621967756392651e-04 |   2.4621967756392651e-04 | 1
 18, 26 |   2.2969837940007399e-04 |   2.2969837940007399e-04 | 1
 18, 27 |   2.6884484331134628e-04 |   2.6884484331134628e-04 | 1
 18, 28 |   3.1525779677816726e-04 |   3.1525779677816726e-04 | 1
 18, 29 |   2.5925723721237007e-04 |   2.5925723721237007e-04 | 1
 18, 30 |   2.5217985579023528e-04 |   2.5217985579023528e-04 | 1
 18, 31 |   2.6623624438269669e-04 |   2.6623624438269669e-04 | 1
 18, 32 |  -2.7740855289737012e-04 |  -2.7740855289737012e-04 | 1
 18, 33 |   1.8035331445768993e-04 |   1.8035331445768993e-04 | 1
 18, 34 |   2.5158248960021451e-04 |   2.5158248960021451e-04 | 1
 18, 35 |  -2.9894930515365189e-05 |  -2.9894930515365189e-05 | 1
 18, 36 |  -3.1022757209435950e-05 |  -3.1022757209435950e-05 | 1
 18, 37 |  -2.9618249778160242e-05 |  -2.9618249778160242e-05 | 1
 18, 38 |  -3.0431448682199339e-05 |  -3.0431448682199339e-05 | 1
 18, 39 |  -2.0212589087558358e-05 |  -2.0212589087558358e-05 | 1
 18, 40 |  -1.7187693616579005e-08 |  -1.7187693616579005e-08 | 1
 18, 41 |   7.0941187983359372e-05 |   7.0941187983359372e-05 | 1
 18, 42 |   2.6972884598241807e-04 |   2.6972884598241807e-04 | 1
 19,  1 |   5.8021471420851695e-05 |   5.8021471420851695e-05 | 1
 19,  2 |  -1.2481251084528839e-03 |  -1.2481251084528839e-03 | 1
 19,  3 |  -4.9363110488372932e-04 |  -4.9363110488372932e-04 | 1
 19,  4 |   4.0459771198105531e-04 |   4.0459771198105531e-04 | 1
 19,  5 |  -2.4344354119626327e-04 |  -2.4344354119626327e-04 | 1
 19,  6 |   4.9438282636798097e-03 |   4.9438282636798097e-03 | 1
 19,  7 |  -6.0136724564869310e-03 |  -6.0136724564869310e-03 | 1
 19,  8 |   2.5161904267258918e-03 |   2.5161904267258918e-03 | 1
 19,  9 |  -1.3957741037008854e-03 |  -1.3957741037008854e-03 | 1
 19, 10 |  -3.1828633682493643e-03 |  -3.1828633682493643e-03 | 1
 19, 11 |   9.4920708744621416e-03 |   9.4920708744621416e-03 | 1
 19, 12 |  -1.5975494385756684e-03 |  -1.5975494385756684e-03 | 1
 19, 13 |   5.3855912923809709e-04 |   5.3855912923809709e-04 | 1
 19, 14 |  -6.4948049029714579e-03 |  -6.4948049029714579e-03 | 1
 19, 15 |  -3.2406527167610851e-03 |  -3.2406527167610851e-03 | 1
 19, 16 |   3.0408008425625186e-03 |   3.0408008425625186e-03 | 1
 19, 17 |  -7.2350292312131431e-04 |  -7.2350292312131431e-04 | 1
 19, 18 |   1.8759928147440928e-04 |   1.8759928147440928e-04 | 1
 19, 19 |   1.9294589006658584e-02 |   1.9294589006658584e-02 | 1
 19, 20 |   1.6505608199465253e-03 |   1.6505608199465253e-03 | 1
 19, 21 |  -6.5892832800560353e-03 |  -6.5892832800560353e-03 | 1
 19, 22 |  -1.6675839441669424e-03 |  -1.6675839441669424e-03 | 1
 19, 23 |  -3.8530648697712899e-03 |  -3.8530648697712899e-03 | 1
 19, 24 |   2.5566195431460962e-03 |   2.5566195431460962e-03 | 1
 19, 25 |   2.4852765772348370e-03 |   2.4852765772348370e-03 | 1
 19, 26 |   2.6529129878563873e-03 |   2.6529129878563873e-03 | 1
 19, 27 |   1.5477509594088584e-03 |   1.5477509594088584e-03 | 1
 19, 28 |   1.0339141341267379e-03 |   1.0339141341267379e-03 | 1
 19, 29 |   2.2090728845200721e-03 |   2.2090728845200721e-03 | 1
 19, 30 |   1.1680233347914834e-03 |   1.1680233347914834e-03 | 1
 19, 31 |   3.2032984357975424e-03 |   3.2032984357975424e-03 | 1
 19, 32 |   2.7232459017163106e-03 |   2.7232459017163106e-03 | 1
 19, 33 |  -5.4925121196892565e-02 |  -5.4925121196892565e-02 | 1
 19, 34 |   4.3528129710357216e-03 |   4.3528129710357216e-03 | 1
 19, 35 |  -2.1800323353870092e-05 |  -2.1800323353870092e-05 | 1
 19, 36 |  -3.0929516052555108e-05 |  -3.0929516052555108e-05 | 1
 19, 37 |  -5.5224037379671487e-05 |  -5.5224037379671487e-05 | 1
 19, 38 |  -6.4305956720600802e-05 |  -6.4305956720600802e-05 | 1
 19, 39 |   2.7306267460639054e-05 |   2.7306267460639054e-05 | 1
 19, 40 |  -1.5118507512914289e-08 |  -1.5118507512914289e-08 | 1
 19, 41 |   5.7705982533329542e-05 |   5.7705982533329542e-05 | 1
 19, 42 |  -2.7266722386024025e-03 |  -2.7266722386024025e-03 | 1
 20,  1 |   6.6529876497971221e-05 |   6.6529876497971221e-05 | 1
 20,  2 |   1.2677597521682107e-04 |   1.2677597521682107e-04 | 1
 20,  3 |   2.5252082703823651e-04 |   2.5252082703823651e-04 | 1
 20,  4 |   3.2715761960422167e-04 |   3.2715761960422167e-04 | 1
 20,  5 |   2.6820411273719959e-04 |   2.6820411273719959e-04 | 1
 20,  6 |   6.4733203580254672e-04 |   6.4733203580254672e-04 | 1
 20,  7 |   2.8286576496497099e-05 |   2.8286576496497099e-05 | 1
 20,  8 |   4.7106878338662374e-04 |   4.7106878338662374e-04 | 1
 20,  9 |   1.6498793008232752e-04 |   1.6498793008232752e-04 | 1
 20, 10 |   1.5996351451635145e-04 |   1.5996351451635145e-04 | 1
 20, 11 |   9.6993619827365316e-04 |   9.6993619827365316e-04 | 1
 20, 12 |   2.0422604014657097e-04 |   2.0422604014657097e-04 | 1
 20, 13 |   3.4519127908971109e-04 |   3.4519127908971109e-04 | 1
 20, 14 |  -6.9868103636182321e-05 |  -6.9868103636182321e-05 | 1
 20, 15 |   1.4719145258508185e-04 |   1.4719145258508185e-04 | 1
 20, 16 |   5.5083204869025247e-04 |   5.5083204869025247e-04 | 1
 20, 17 |   1.9532710717630247e-04 |   1.9532710717630247e-04 | 1
 20, 18 |   2.9629290999353059e-04 |   2.9629290999353059e-04 | 1
 20, 19 |   1.6505608199465253e-03 |   1.6505608199465253e-03 | 1
 20, 20 |   2.0569988642833593e-03 |   2.0569988642833593e-03 | 1
 20, 21 |  -1.1976582380967627e-04 |  -1.1976582380967627e-04 | 1
 20, 22 |   1.4481203293705957e-04 |   1.4481203293705957e-04 | 1
 20, 23 |   1.7979304870763361e-05 |   1.7979304870763361e-05 | 1
 20, 24 |   4.7981124347323839e-04 |   4.7981124347323839e-04 | 1
 20, 25 |   4.6172713366775275e-04 |   4.6172713366775275e-04 | 1
 20, 26 |   4.5253290011073054e-04 |   4.5253290011073054e-04 | 1
 20, 27 |   4.2171530551948051e-04 |   4.2171530551948051e-04 | 1
 20, 28 |   4.3509744986678040e-04 |   4.3509744986678040e-04 | 1
 20, 29 |   4.5501963124612278e-04 |   4.5501963124612278e-04 | 1
 20, 30 |   3.7002145800165700e-04 |   3.7002145800165700e-04 | 1
 20, 31 |   5.3825866797208575e-04 |   5.3825866797208575e-04 | 1
 20, 32 |  -1.2911964851982017e-04 |  -1.2911964851982017e-04 | 1
 20, 33 |  -3.8811391429995883e-03 |  -3.8811391429995883e-03 | 1
 20, 34 |   6.0522638672752299e-04 |   6.0522638672752299e-04 | 1
 20, 35 |  -2.0635820090383624e-05 |  -2.0635820090383624e-05 | 1
 20, 36 |  -2.7667936096869949e-05 |  -2.7667936096869949e-05 | 1
 20, 37 |  -3.5721357096413941e-05 |  -3.5721357096413941e-05 | 1
 20, 38 |  -2.9434247031242609e-05 |  -2.9434247031242609e-05 | 1
 20, 39 |  -7.3780865096075596e-06 |  -7.3780865096075596e-06 | 1
 20, 40 |  -1.8671815165569680e-08 |  -1.8671815165569680e-08 | 1
 20, 41 |   6.7149701290405728e-05 |   6.7149701290405728e-05 | 1
 20, 42 |   1.2141128744289016e-04 |   1.2141128744289016e-04 | 1
 21,  1 |   5.7014619344363088e-05 |   5.7014619344363088e-05 | 1
 21,  2 |   7.4835468094673683e-04 |   7.4835468094673683e-04 | 1
 21,  3 |   5.7616507403746692e-04 |   5.7616507403746692e-04 | 1
 21,  4 |   2.6464923694875721e-04 |   2.6464923694875721e-04 | 1
 21,  5 |   4.9353019654008504e-04 |   4.9353019654008504e-04 | 1
 21,  6 |  -1.3737046433238559e-03 |  -1.3737046433238559e-03 | 1
 21,  7 |   2.8095466872666772e-03 |   2.8095466872666772e-03 | 1
 21,  8 |  -5.0436756327366136e-04 |  -5.0436756327366136e-04 | 1
 21,  9 |   8.7511584242098517e-04 |   8.7511584242098517e-04 | 1
 21, 10 |   1.6909097825833557e-03 |   1.6909097825833557e-03 | 1
 21, 11 |  -3.0228856660420231e-03 |  -3.0228856660420231e-03 | 1
 21, 12 |   1.0197501508535393e-03 |   1.0197501508535393e-03 | 1
 21, 13 |   2.3966017972491254e-04 |   2.3966017972491254e-04 | 1
 21, 14 |   2.8974785474743612e-03 |   2.8974785474743612e-03 | 1
 21, 15 |   1.7063968162285802e-03 |   1.7063968162285802e-03 | 1
 21, 16 |  -6.3047615721697039e-04 |  -6.3047615721697039e-04 | 1
 21, 17 |   6.0160412529823223e-04 |   6.0160412529823223e-04 | 1
 21, 18 |   3.2436380605742728e-04 |   3.2436380605742728e-04 | 1
 21, 19 |  -6.5892832800560353e-03 |  -6.5892832800560353e-03 | 1
 21, 20 |  -1.1976582380967627e-04 |  -1.1976582380967627e-04 | 1
 21, 21 |   6.5444389881262758e-03 |   6.5444389881262758e-03 | 1
 21, 22 |   9.6624948619710924e-04 |   9.6624948619710924e-04 | 1
 21, 23 |   1.7993134427077596e-03 |   1.7993134427077596e-03 | 1
 21, 24 |  -5.0903033151020270e-04 |  -5.0903033151020270e-04 | 1
 21, 25 |  -5.0161973166363682e-04 |  -5.0161973166363682e-04 | 1
 21, 26 |  -5.9366056973081177e-04 |  -5.9366056973081177e-04 | 1
 21, 27 |  -1.2267237192327380e-04 |  -1.2267237192327380e-04 | 1
 21, 28 |   1.2753193023465852e-04 |   1.2753193023465852e-04 | 1
 21, 29 |  -3.7977568579901041e-04 |  -3.7977568579901041e-04 | 1
 21, 30 |  -1.9586005231441201e-05 |  -1.9586005231441201e-05 | 1
 21, 31 |  -7.2441667496466085e-04 |  -7.2441667496466085e-04 | 1
 21, 32 |  -1.4469693949033897e-03 |  -1.4469693949033897e-03 | 1
 21, 33 |   1.9902573478457398e-02 |   1.9902573478457398e-02 | 1
 21, 34 |  -1.1608485539909431e-03 |  -1.1608485539909431e-03 | 1
 21, 35 |  -2.2203391557949493e-05 |  -2.2203391557949493e-05 | 1
 21, 36 |  -3.7015726119435925e-05 |  -3.7015726119435925e-05 | 1
 21, 37 |  -2.0575734974252258e-05 |  -2.0575734974252258e-05 | 1
 21, 38 |  -6.1674324635937821e-06 |  -6.1674324635937821e-06 | 1
 21, 39 |  -2.5931082324360646e-05 |  -2.5931082324360646e-05 | 1
 21, 40 |  -1.4024955526000440e-08 |  -1.4024955526000440e-08 | 1
 21, 41 |   5.9847883780548688e-05 |   5.9847883780548688e-05 | 1
 21, 42 |   1.4383270831580866e-03 |   1.4383270831580866e-03 | 1
 22,  1 |   8.4355496045173268e-05 |   8.4355496045173268e-05 | 1
 22,  2 |   3.3521837559725390e-04 |   3.3521837559725390e-04 | 1
 22,  3 |   3.1431166643840300e-04 |   3.1431166643840300e-04 | 1
 22,  4 |   2.4130277222148043e-04 |   2.4130277222148043e-04 | 1
 22,  5 |   2.8972194105822494e-04 |   2.8972194105822494e-04 | 1
 22,  6 |  -2.2085907849224521e-04 |  -2.2085907849224521e-04 | 1
 22,  7 |   1.0076623441419288e-03 |   1.0076623441419288e-03 | 1
 22,  8 |   2.2661677315025299e-05 |   2.2661677315025299e-05 | 1
 22,  9 |   3.8298036626964178e-04 |   3.8298036626964178e-04 | 1
 22, 10 |   6.6799049286243276e-04 |   6.6799049286243276e-04 | 1
 22, 11 |  -6.7201708883693695e-04 |  -6.7201708883693695e-04 | 1
 22, 12 |   4.5332067920926446e-04 |   4.5332067920926446e-04 | 1
 22, 13 |   2.3066211682739113e-04 |   2.3066211682739113e-04 | 1
 22, 14 |   1.0044386127112184e-03 |   1.0044386127112184e-03 | 1
 22, 15 |   6.6453289542313355e-04 |   6.6453289542313355e-04 | 1
 22, 16 |   7.4310174302382598e-06 |   7.4310174302382598e-06 | 1
 22, 17 |   2.9818376947393220e-04 |   2.9818376947393220e-04 | 1
 22, 18 |   2.4502567388845617e-04 |   2.4502567388845617e-04 | 1
 22, 19 |  -1.6675839441669424e-03 |  -1.6675839441669424e-03 | 1
 22, 20 |   1.4481203293705957e-04 |   1.4481203293705957e-04 | 1
 22, 21 |   9.6624948619710924e-04 |   9.6624948619710924e-04 | 1
 22, 22 |   4.2284665673775299e-04 |   4.2284665673775299e-04 | 1
 22, 23 |   6.5030956150006558e-04 |   6.5030956150006558e-04 | 1
 22, 24 |   2.2698847015241808e-05 |   2.2698847015241808e-05 | 1
 22, 25 |   1.2649627912964912e-05 |   1.2649627912964912e-05 | 1
 22, 26 |  -1.5610102822993763e-05 |  -1.5610102822993763e-05 | 1
 22, 27 |   1.2423633015106643e-04 |   1.2423633015106643e-04 | 1
 22, 28 |   2.2171835296329201e-04 |   2.2171835296329201e-04 | 1
 22, 29 |   5.4728517075944394e-05 |   5.4728517075944394e-05 | 1
 22, 30 |   1.4706625483772889e-04 |   1.4706625483772889e-04 | 1
 22, 31 |  -3.2645052299069579e-05 |  -3.2645052299069579e-05 | 1
 22, 32 |  -5.2863671602394898e-04 |  -5.2863671602394898e-04 | 1
 22, 33 |   5.4772018291020710e-03 |   5.4772018291020710e-03 | 1
 22, 34 |  -1.5898516183969171e-04 |  -1.5898516183969171e-04 | 1
 22, 35 |  -3.2584512748553982e-05 |  -3.2584512748553982e-05 | 1
 22, 36 |  -3.7214228957392867e-05 |  -3.7214228957392867e-05 | 1
 22, 37 |  -3.1800277205082592e-05 |  -3.1800277205082592e-05 | 1
 22, 38 |  -2.2053651037135481e-05 |  -2.2053651037135481e-05 | 1
 22, 39 |  -3.0427295658263248e-05 |  -3.0427295658263248e-05 | 1
 22, 40 |  -2.2143829931202219e-08 |  -2.2143829931202219e-08 | 1
 22, 41 |   8.6176324149786490e-05 |   8.6176324149786490e-05 | 1
 22, 42 |   5.1755406512124925e-04 |   5.1755406512124925e-04 | 1
 23,  1 |   6.2003598504340715e-05 |   6.2003598504340715e-05 | 1
 23,  2 |   5.0818018756880240e-04 |   5.0818018756880240e-04 | 1
 23,  3 |   4.2184546343612217e-04 |   4.2184546343612217e-04 | 1
 23,  4 |   2.4151261153477983e-04 |   2.4151261153477983e-04 | 1
 23,  5 |   3.7055677484982484e-04 |   3.7055677484982484e-04 | 1
 23,  6 |  -7.3851667834489603e-04 |  -7.3851667834489603e-04 | 1
 23,  7 |   1.7871189644120453e-03 |   1.7871189644120453e-03 | 1
 23,  8 |  -2.1993103420872307e-04 |  -2.1993103420872307e-04 | 1
 23,  9 |   5.9365781514090230e-04 |   5.9365781514090230e-04 | 1
 23, 10 |   1.1083586078365288e-03 |   1.1083586078365288e-03 | 1
 23, 11 |  -1.7214692131515314e-03 |  -1.7214692131515314e-03 | 1
 23, 12 |   6.9391345140501471e-04 |   6.9391345140501471e-04 | 1
 23, 13 |   2.2484821914483855e-04 |   2.2484821914483855e-04 | 1
 23, 14 |   1.8273463973193598e-03 |   1.8273463973193598e-03 | 1
 23, 15 |   1.1165136576179427e-03 |   1.1165136576179427e-03 | 1
 23, 16 |  -2.8429918258069032e-04 |  -2.8429918258069032e-04 | 1
 23, 17 |   4.2355513431466989e-04 |   4.2355513431466989e-04 | 1
 23, 18 |   2.6960883911672777e-04 |   2.6960883911672777e-04 | 1
 23, 19 |  -3.8530648697712899e-03 |  -3.8530648697712899e-03 | 1
 23, 20 |   1.7979304870763361e-05 |   1.7979304870763361e-05 | 1
 23, 21 |   1.7993134427077596e-03 |   1.7993134427077596e-03 | 1
 23, 22 |   6.5030956150006558e-04 |   6.5030956150006558e-04 | 1
 23, 23 |   5.2166430491690551e-03 |   5.2166430491690551e-03 | 1
 23, 24 |  -2.2346179060850531e-04 |  -2.2346179060850531e-04 | 1
 23, 25 |  -2.2336859819368525e-04 |  -2.2336859819368525e-04 | 1
 23, 26 |  -2.8065338851466950e-04 |  -2.8065338851466950e-04 | 1
 23, 27 |   8.7196331105798232e-06 |   8.7196331105798232e-06 | 1
 23, 28 |   1.7103852480618569e-04 |   1.7103852480618569e-04 | 1
 23, 29 |  -1.4742441523039732e-04 |  -1.4742441523039732e-04 | 1
 23, 30 |   6.5191188279821658e-05 |   6.5191188279821658e-05 | 1
 23, 31 |  -3.4824578749081611e-04 |  -3.4824578749081611e-04 | 1
 23, 32 |  -9.3487582318357311e-04 |  -9.3487582318357311e-04 | 1
 23, 33 |   1.1863723278806401e-02 |   1.1863723278806401e-02 | 1
 23, 34 |  -6.1205109943549929e-04 |  -6.1205109943549929e-04 | 1
 23, 35 |  -2.8282278034823976e-05 |  -2.8282278034823976e-05 | 1
 23, 36 |  -3.7000304777650286e-05 |  -3.7000304777650286e-05 | 1
 23, 37 |  -3.0762131016103160e-05 |  -3.0762131016103160e-05 | 1
 23, 38 |  -1.9397254258980607e-05 |  -1.9397254258980607e-05 | 1
 23, 39 |  -1.9979969548813406e-05 |  -1.9979969548813406e-05 | 1
 23, 40 |  -1.4583774928055352e-08 |  -1.4583774928055352e-08 | 1
 23, 41 |   6.5462100423918494e-05 |   6.5462100423918494e-05 | 1
 23, 42 |   9.2695919037377229e-04 |   9.2695919037377229e-04 | 1
 24,  1 |   7.1423965734021354e-05 |   7.1423965734021354e-05 | 1
 24,  2 |   3.4134668381839440e-05 |   3.4134668381839440e-05 | 1
 24,  3 |   1.7851931351342554e-04 |   1.7851931351342554e-04 | 1
 24,  4 |   2.9864834646855794e-04 |   2.9864834646855794e-04 | 1
 24,  5 |   2.1136227880315544e-04 |   2.1136227880315544e-04 | 1
 24,  6 |   8.4229833010434924e-04 |   8.4229833010434924e-04 | 1
 24,  7 |  -3.5057841345792734e-04 |  -3.5057841345792734e-04 | 1
 24,  8 |   5.4781787357193325e-04 |   5.4781787357193325e-04 | 1
 24,  9 |   5.2245752018988286e-05 |   5.2245752018988286e-05 | 1
 24, 10 |  -6.3911362037134746e-05 |  -6.3911362037134746e-05 | 1
 24, 11 |   1.3894645076755082e-03 |   1.3894645076755082e-03 | 1
 24, 12 |   7.1750425395345938e-05 |   7.1750425395345938e-05 | 1
 24, 13 |   3.2176940240224506e-04 |   3.2176940240224506e-04 | 1
 24, 14 |  -4.5698155603759479e-04 |  -4.5698155603759479e-04 | 1
 24, 15 |  -7.9344112689657903e-05 |  -7.9344112689657903e-05 | 1
 24, 16 |   6.4651238056934461e-04 |   6.4651238056934461e-04 | 1
 24, 17 |   1.1585017458797529e-04 |   1.1585017458797529e-04 | 1
 24, 18 |   2.5866523949142131e-04 |   2.5866523949142131e-04 | 1
 24, 19 |   2.5566195431460962e-03 |   2.5566195431460962e-03 | 1
 24, 20 |   4.7981124347323839e-04 |   4.7981124347323839e-04 | 1
 24, 21 |  -5.0903033151020270e-04 |  -5.0903033151020270e-04 | 1
 24, 22 |   2.2698847015241808e-05 |   2.2698847015241808e-05 | 1
 24, 23 |  -2.2346179060850531e-04 |  -2.2346179060850531e-04 | 1
 24, 24 |   2.0047542644195107e-03 |   2.0047542644195107e-03 | 1
 24, 25 |   5.3532616346844075e-04 |   5.3532616346844075e-04 | 1
 24, 26 |   5.4113919656435978e-04 |   5.4113919656435978e-04 | 1
 24, 27 |   4.4162360502767221e-04 |   4.4162360502767221e-04 | 1
 24, 28 |   4.2047208652549290e-04 |   4.2047208652549290e-04 | 1
 24, 29 |   5.1462125948576560e-04 |   5.1462125948576560e-04 | 1
 24, 30 |   3.7931564536697928e-04 |   3.7931564536697928e-04 | 1
 24, 31 |   6.4411688347485374e-04 |   6.4411688347485374e-04 | 1
 24, 32 |   7.6633198139779916e-05 |   7.6633198139779916e-05 | 1
 24, 33 |  -6.6111768909148183e-03 |  -6.6111768909148183e-03 | 1
 24, 34 |   7.7203589276733111e-04 |   7.7203589276733111e-04 | 1
 24, 35 |  -2.7559267695910853e-05 |  -2.7559267695910853e-05 | 1
 24, 36 |  -3.6278206525005485e-05 |  -3.6278206525005485e-05 | 1
 24, 37 |  -3.6419321348982341e-05 |  -3.6419321348982341e-05 | 1
 24, 38 |  -3.4024360233828347e-05 |  -3.4024360233828347e-05 | 1
 24, 39 |  -1.7669407940941467e-05 |  -1.7669407940941467e-05 | 1
 24, 40 |  -1.7422711733101980e-08 |  -1.7422711733101980e-08 | 1
 24, 41 |   7.4071391180692483e-05 |   7.4071391180692483e-05 | 1
 24, 42 |  -8.4474870320704168e-05 |  -8.4474870320704168e-05 | 1
 25,  1 |   5.8036791472320461e-05 |   5.8036791472320461e-05 | 1
 25,  2 |   2.4535567978176015e-05 |   2.4535567978176015e-05 | 1
 25,  3 |   1.6729891204849242e-04 |   1.6729891204849242e-04 | 1
 25,  4 |   2.8190284821682176e-04 |   2.8190284821682176e-04 | 1
 25,  5 |   1.9623779186785578e-04 |   1.9623779186785578e-04 | 1
 25,  6 |   8.1268941312782406e-04 |   8.1268941312782406e-04 | 1
 25,  7 |  -3.5174561459021264e-04 |  -3.5174561459021264e-04 | 1
 25,  8 |   5.2520363109863073e-04 |   5.2520363109863073e-04 | 1
 25,  9 |   4.8758238737024165e-05 |   4.8758238737024165e-05 | 1
 25, 10 |  -6.6290842104426925e-05 |  -6.6290842104426925e-05 | 1
 25, 11 |   1.3486626578092685e-03 |   1.3486626578092685e-03 | 1
 25, 12 |   6.4231278989700417e-05 |   6.4231278989700417e-05 | 1
 25, 13 |   3.0955374384053003e-04 |   3.0955374384053003e-04 | 1
 25, 14 |  -4.5077671643900557e-04 |  -4.5077671643900557e-04 | 1
 25, 15 |  -7.9398318960426919e-05 |  -7.9398318960426919e-05 | 1
 25, 16 |   6.2304809963113924e-04 |   6.2304809963113924e-04 | 1
 25, 17 |   1.0786587995956826e-04 |   1.0786587995956826e-04 | 1
 25, 18 |   2.4621967756392651e-04 |   2.4621967756392651e-04 | 1
 25, 19 |   2.4852765772348370e-03 |   2.4852765772348370e-03 | 1
 25, 20 |   4.6172713366775275e-04 |   4.6172713366775275e-04 | 1
 25, 21 |  -5.0161973166363682e-04 |  -5.0161973166363682e-04 | 1
 25, 22 |   1.2649627912964912e-05 |   1.2649627912964912e-05 | 1
 25, 23 |  -2.2336859819368525e-04 |  -2.2336859819368525e-04 | 1
 25, 24 |   5.3532616346844075e-04 |   5.3532616346844075e-04 | 1
 25, 25 |   1.9595905525918544e-03 |   1.9595905525918544e-03 | 1
 25, 26 |   5.2037515771263918e-04 |   5.2037515771263918e-04 | 1
 25, 27 |   4.2837963476968820e-04 |   4.2837963476968820e-04 | 1
 25, 28 |   4.0683142659719254e-04 |   4.0683142659719254e-04 | 1
 25, 29 |   4.9600708625260697e-04 |   4.9600708625260697e-04 | 1
 25, 30 |   3.6462880687567368e-04 |   3.6462880687567368e-04 | 1
 25, 31 |   6.2206372537357540e-04 |   6.2206372537357540e-04 | 1
 25, 32 |   6.7394285536179904e-05 |   6.7394285536179904e-05 | 1
 25, 33 |  -6.4355593970033369e-03 |  -6.4355593970033369e-03 | 1
 25, 34 |   7.4591553227098335e-04 |   7.4591553227098335e-04 | 1
 25, 35 |  -2.9543767234628766e-05 |  -2.9543767234628766e-05 | 1
 25, 36 |  -2.4929896869138368e-05 |  -2.4929896869138368e-05 | 1
 25, 37 |  -2.9031331745152481e-05 |  -2.9031331745152481e-05 | 1
 25, 38 |  -2.5982950153731969e-05 |  -2.5982950153731969e-05 | 1
 25, 39 |  -1.3846675435273802e-05 |  -1.3846675435273802e-05 | 1
 25, 40 |  -1.4198694676592465e-08 |  -1.4198694676592465e-08 | 1
 25, 41 |   5.9052960165962515e-05 |   5.9052960165962515e-05 | 1
 25, 42 |  -7.3838343520064587e-05 |  -7.3838343520064587e-05 | 1
 26,  1 |   7.0738374757282592e-05 |   7.0738374757282592e-05 | 1
 26,  2 |   5.3194262162281056e-06 |   5.3194262162281056e-06 | 1
 26,  3 |   1.4494746653136097e-04 |   1.4494746653136097e-04 | 1
 26,  4 |   2.7020983643894761e-04 |   2.7020983643894761e-04 | 1
 26,  5 |   1.7807228388468316e-04 |   1.7807228388468316e-04 | 1
 26,  6 |   8.4355693447681871e-04 |   8.4355693447681871e-04 | 1
 26,  7 |  -4.4371248930090987e-04 |  -4.4371248930090987e-04 | 1
 26,  8 |   5.3411741545897470e-04 |   5.3411741545897470e-04 | 1
 26,  9 |   1.6275923859201508e-05 |   1.6275923859201508e-05 | 1
 26, 10 |  -1.2657257723791657e-04 |  -1.2657257723791657e-04 | 1
 26, 11 |   1.4213890464727899e-03 |   1.4213890464727899e-03 | 1
 26, 12 |   2.8100974750777868e-05 |   2.8100974750777868e-05 | 1
 26, 13 |   2.9289499505718328e-04 |   2.9289499505718328e-04 | 1
 26, 14 |  -5.4276834114329385e-04 |  -5.4276834114329385e-04 | 1
 26, 15 |  -1.4216963373254082e-04 |  -1.4216963373254082e-04 | 1
 26, 16 |   6.3091117918169612e-04 |   6.3091117918169612e-04 | 1
 26, 17 |   8.3998271508841415e-05 |   8.3998271508841415e-05 | 1
 26, 18 |   2.2969837940007399e-04 |   2.2969837940007399e-04 | 1
 26, 19 |   2.6529129878563873e-03 |   2.6529129878563873e-03 | 1
 26, 20 |   4.5253290011073054e-04 |   4.5253290011073054e-04 | 1
 26, 21 |  -5.9366056973081177e-04 |  -5.9366056973081177e-04 | 1
 26, 22 |  -1.5610102822993763e-05 |  -1.5610102822993763e-05 | 1
 26, 23 |  -2.8065338851466950e-04 |  -2.8065338851466950e-04 | 1
 26, 24 |   5.4113919656435978e-04 |   5.4113919656435978e-04 | 1
 26, 25 |   5.2037515771263918e-04 |   5.2037515771263918e-04 | 1
 26, 26 |   2.8905551482384991e-03 |   2.8905551482384991e-03 | 1
 26, 27 |   4.1707615099434778e-04 |   4.1707615099434778e-04 | 1
 26, 28 |   3.8776701802106778e-04 |   3.8776701802106778e-04 | 1
 26, 29 |   4.9554051883201711e-04 |   4.9554051883201711e-04 | 1
 26, 30 |   3.5663802166197852e-04 |   3.5663802166197852e-04 | 1
 26, 31 |   6.3091862685186149e-04 |   6.3091862685186149e-04 | 1
 26, 32 |   1.3759161369006611e-04 |   1.3759161369006611e-04 | 1
 26, 33 |  -6.9769985691877593e-03 |  -6.9769985691877593e-03 | 1
 26, 34 |   7.6855405945899118e-04 |   7.6855405945899118e-04 | 1
 26, 35 |  -3.2920202804416384e-05 |  -3.2920202804416384e-05 | 1
 26, 36 |  -3.7996133262916178e-05 |  -3.7996133262916178e-05 | 1
 26, 37 |  -3.8550279061069570e-05 |  -3.8550279061069570e-05 | 1
 26, 38 |  -3.8065235089996524e-05 |  -3.8065235089996524e-05 | 1
 26, 39 |  -1.3635674751480410e-05 |  -1.3635674751480410e-05 | 1
 26, 40 |  -1.6455606991179200e-08 |  -1.6455606991179200e-08 | 1
 26, 41 |   7.2885258973120744e-05 |   7.2885258973120744e-05 | 1
 26, 42 |  -1.4469071468805217e-04 |  -1.4469071468805217e-04 | 1
 27,  1 |   5.5151487749855764e-05 |   5.5151487749855764e-05 | 1
 27,  2 |   1.1164313126428774e-04 |   1.1164313126428774e-04 | 1
 27,  3 |   2.2995723629368561e-04 |   2.2995723629368561e-04 | 1
 27,  4 |   2.9682318782176648e-04 |   2.9682318782176648e-04 | 1
 27,  5 |   2.4609371203445155e-04 |   2.4609371203445155e-04 | 1
 27,  6 |   6.0202872337473273e-04 |   6.0202872337473273e-04 | 1
 27,  7 |   1.4778779454730374e-05 |   1.4778779454730374e-05 | 1
 27,  8 |   4.3420911007969239e-04 |   4.3420911007969239e-04 | 1
 27,  9 |   1.5386656919676183e-04 |   1.5386656919676183e-04 | 1
 27, 10 |   1.4179999078879261e-04 |   1.4179999078879261e-04 | 1
 27, 11 |   9.0638038176012485e-04 |   9.0638038176012485e-04 | 1
 27, 12 |   1.8471670110582381e-04 |   1.8471670110582381e-04 | 1
 27, 13 |   3.2164584410691622e-04 |   3.2164584410691622e-04 | 1
 27, 14 |  -7.2319062720012150e-05 |  -7.2319062720012150e-05 | 1
 27, 15 |   1.3559928743287424e-04 |   1.3559928743287424e-04 | 1
 27, 16 |   5.1246814107532772e-04 |   5.1246814107532772e-04 | 1
 27, 17 |   1.7352031819951451e-04 |   1.7352031819951451e-04 | 1
 27, 18 |   2.6884484331134628e-04 |   2.6884484331134628e-04 | 1
 27, 19 |   1.5477509594088584e-03 |   1.5477509594088584e-03 | 1
 27, 20 |   4.2171530551948051e-04 |   4.2171530551948051e-04 | 1
 27, 21 |  -1.2267237192327380e-04 |  -1.2267237192327380e-04 | 1
 27, 22 |   1.2423633015106643e-04 |   1.2423633015106643e-04 | 1
 27, 23 |   8.7196331105798232e-06 |   8.7196331105798232e-06 | 1
 27, 24 |   4.4162360502767221e-04 |   4.4162360502767221e-04 | 1
 27, 25 |   4.2837963476968820e-04 |   4.2837963476968820e-04 | 1
 27, 26 |   4.1707615099434778e-04 |   4.1707615099434778e-04 | 1
 27, 27 |   3.0926768531286493e-03 |   3.0926768531286493e-03 | 1
 27, 28 |   4.0042870691498172e-04 |   4.0042870691498172e-04 | 1
 27, 29 |   4.2094579605126466e-04 |   4.2094579605126466e-04 | 1
 27, 30 |   3.4275186933200501e-04 |   3.4275186933200501e-04 | 1
 27, 31 |   4.9918821470130450e-04 |   4.9918821470130450e-04 | 1
 27, 32 |  -1.1887281650451451e-04 |  -1.1887281650451451e-04 | 1
 27, 33 |  -3.6551364155755946e-03 |  -3.6551364155755946e-03 | 1
 27, 34 |   5.6255632112691312e-04 |   5.6255632112691312e-04 | 1
 27, 35 |  -3.3550639932020422e-05 |  -3.3550639932020422e-05 | 1
 27, 36 |  -3.3052175465864597e-05 |  -3.3052175465864597e-05 | 1
 27, 37 |  -3.9399618690026612e-05 |  -3.9399618690026612e-05 | 1
 27, 38 |  -3.0716861570975176e-05 |  -3.0716861570975176e-05 | 1
 27, 39 |  -7.6505279173195968e-06 |  -7.6505279173195968e-06 | 1
 27, 40 |  -1.1445533052502191e-08 |  -1.1445533052502191e-08 | 1
 27, 41 |   5.8049535963255913e-05 |   5.8049535963255913e-05 | 1
 27, 42 |   1.1377031169964010e-04 |   1.1377031169964010e-04 | 1
 28,  1 |   6.8397968084881101e-05 |   6.8397968084881101e-05 | 1
 28,  2 |   1.8768937355243906e-04 |   1.8768937355243906e-04 | 1
 28,  3 |   2.9629561917646793e-04 |   2.9629561917646793e-04 | 1
 28,  4 |   3.3965356737479280e-04 |   3.3965356737479280e-04 | 1
 28,  5 |   3.0086153609725408e-04 |   3.0086153609725408e-04 | 1
 28,  6 |   5.0939303050682289e-04 |   5.0939303050682289e-04 | 1
 28,  7 |   2.6701881243462646e-04 |   2.6701881243462646e-04 | 1
 28,  8 |   4.1330334372496121e-04 |   4.1330334372496121e-04 | 1
 28,  9 |   2.4068354719917134e-04 |   2.4068354719917134e-04 | 1
 28, 10 |   3.0365226459900846e-04 |   3.0365226459900846e-04 | 1
 28, 11 |   6.8256426038494373e-04 |   6.8256426038494373e-04 | 1
 28, 12 |   2.8759041932763002e-04 |   2.8759041932763002e-04 | 1
 28, 13 |   3.5764355402903000e-04 |   3.5764355402903000e-04 | 1
 28, 14 |   1.8425858272484323e-04 |   1.8425858272484323e-04 | 1
 28, 15 |   2.9318075283661345e-04 |   2.9318075283661345e-04 | 1
 28, 16 |   4.8171447003401394e-04 |   4.8171447003401394e-04 | 1
 28, 17 |   2.3983408747252924e-04 |   2.3983408747252924e-04 | 1
 28, 18 |   3.1525779677816726e-04 |   3.1525779677816726e-04 | 1
 28, 19 |   1.0339141341267379e-03 |   1.0339141341267379e-03 | 1
 28, 20 |   4.3509744986678040e-04 |   4.3509744986678040e-04 | 1
 28, 21 |   1.2753193023465852e-04 |   1.2753193023465852e-04 | 1
 28, 22 |   2.2171835296329201e-04 |   2.2171835296329201e-04 | 1
 28, 23 |   1.7103852480618569e-04 |   1.7103852480618569e-04 | 1
 28, 24 |   4.2047208652549290e-04 |   4.2047208652549290e-04 | 1
 28, 25 |   4.0683142659719254e-04 |   4.0683142659719254e-04 | 1
 28, 26 |   3.8776701802106778e-04 |   3.8776701802106778e-04 | 1
 28, 27 |   4.0042870691498172e-04 |   4.0042870691498172e-04 | 1
 28, 28 |   2.1791646014408341e-03 |   2.1791646014408341e-03 | 1
 28, 29 |   4.0838324305311063e-04 |   4.0838324305311063e-04 | 1
 28, 30 |   3.5793998085042794e-04 |   3.5793998085042794e-04 | 1
 28, 31 |   4.5996494970139694e-04 |   4.5996494970139694e-04 | 1
 28, 32 |  -2.5036728764536113e-04 |  -2.5036728764536113e-04 | 1
 28, 33 |  -2.0508264928013912e-03 |  -2.0508264928013912e-03 | 1
 28, 34 |   4.8764874915141552e-04 |   4.8764874915141552e-04 | 1
 28, 35 |  -3.3412371239789707e-05 |  -3.3412371239789707e-05 | 1
 28, 36 |  -2.9850123088889705e-05 |  -2.9850123088889705e-05 | 1
 28, 37 |  -4.0782827413926820e-05 |  -4.0782827413926820e-05 | 1
 28, 38 |  -3.5428887428523800e-05 |  -3.5428887428523800e-05 | 1
 28, 39 |  -1.0698995522417926e-05 |  -1.0698995522417926e-05 | 1
 28, 40 |  -1.6609580066601009e-08 |  -1.6609580066601009e-08 | 1
 28, 41 |   6.9790034173308925e-05 |   6.9790034173308925e-05 | 1
 28, 42 |   2.4375392705122987e-04 |   2.4375392705122987e-04 | 1
 29,  1 |   6.4100968181907380e-05 |   6.4100968181907380e-05 | 1
 29,  2 |   5.6900249887624116e-05 |   5.6900249887624116e-05 | 1
 29,  3 |   1.9052445045108617e-04 |   1.9052445045108617e-04 | 1
 29,  4 |   2.9291066691482313e-04 |   2.9291066691482313e-04 | 1
 29,  5 |   2.2097521109766554e-04 |   2.2097521109766554e-04 | 1
 29,  6 |   7.5610011129730601e-04 |   7.5610011129730601e-04 | 1
 29,  7 |  -2.3213798677929303e-04 |  -2.3213798677929303e-04 | 1
 29,  8 |   5.0486475545292076e-04 |   5.0486475545292076e-04 | 1
 29,  9 |   8.3480582810835502e-05 |   8.3480582810835502e-05 | 1
 29, 10 |   1.7288445399524836e-06 |   1.7288445399524836e-06 | 1
 29, 11 |   1.2209833906935029e-03 |   1.2209833906935029e-03 | 1
 29, 12 |   1.0563435640372883e-04 |   1.0563435640372883e-04 | 1
 29, 13 |   3.2011446955070770e-04 |   3.2011446955070770e-04 | 1
 29, 14 |  -3.2994240916436174e-04 |  -3.2994240916436174e-04 | 1
 29, 15 |  -9.1597372587509836e-06 |  -9.1597372587509836e-06 | 1
 29, 16 |   5.9674783156340560e-04 |   5.9674783156340560e-04 | 1
 29, 17 |   1.3250682557696460e-04 |   1.3250682557696460e-04 | 1
 29, 18 |   2.5925723721237007e-04 |   2.5925723721237007e-04 | 1
 29, 19 |   2.2090728845200721e-03 |   2.2090728845200721e-03 | 1
 29, 20 |   4.5501963124612278e-04 |   4.5501963124612278e-04 | 1
 29, 21 |  -3.7977568579901041e-04 |  -3.7977568579901041e-04 | 1
 29, 22 |   5.4728517075944394e-05 |   5.4728517075944394e-05 | 1
 29, 23 |  -1.4742441523039732e-04 |  -1.4742441523039732e-04 | 1
 29, 24 |   5.1462125948576560e-04 |   5.1462125948576560e-04 | 1
 29, 25 |   4.9600708625260697e-04 |   4.9600708625260697e-04 | 1
 29, 26 |   4.9554051883201711e-04 |   4.9554051883201711e-04 | 1
 29, 27 |   4.2094579605126466e-04 |   4.2094579605126466e-04 | 1
 29, 28 |   4.0838324305311063e-04 |   4.0838324305311063e-04 | 1
 29, 29 |   1.3946187424176866e-03 |   1.3946187424176866e-03 | 1
 29, 30 |   3.6375343677003070e-04 |   3.6375343677003070e-04 | 1
 29, 31 |   5.9175307496983024e-04 |   5.9175307496983024e-04 | 1
 29, 32 |   1.1454143440049588e-05 |   1.1454143440049588e-05 | 1
 29, 33 |  -5.6052793781530153e-03 |  -5.6052793781530153e-03 | 1
 29, 34 |   6.9748678601093189e-04 |   6.9748678601093189e-04 | 1
 29, 35 |  -2.8165822068988178e-05 |  -2.8165822068988178e-05 | 1
 29, 36 |  -3.4968009873172600e-05 |  -3.4968009873172600e-05 | 1
 29, 37 |  -2.9955868911339670e-05 |  -2.9955868911339670e-05 | 1
 29, 38 |  -2.4794396880290015e-05 |  -2.4794396880290015e-05 | 1
 29, 39 |  -1.7958374320778637e-05 |  -1.7958374320778637e-05 | 1
 29, 40 |  -1.5558218200478398e-08 |  -1.5558218200478398e-08 | 1
 29, 41 |   6.6245084998850881e-05 |   6.6245084998850881e-05 | 1
 29, 42 |  -1.9212899945430275e-05 |  -1.9212899945430275e-05 | 1
 30,  1 |   6.2771000529268509e-05 |   6.2771000529268509e-05 | 1
 30,  2 |   1.2817031998906149e-04 |   1.2817031998906149e-04 | 1
 30,  3 |   2.2273518235099168e-04 |   2.2273518235099168e-04 | 1
 30,  4 |   2.7678470927283548e-04 |   2.7678470927283548e-04 | 1
 30,  5 |   2.3774034506555687e-04 |   2.3774034506555687e-04 | 1
 30,  6 |   4.9559077971148002e-04 |   4.9559077971148002e-04 | 1
 30,  7 |   1.0044100758248211e-04 |   1.0044100758248211e-04 | 1
 30,  8 |   3.7378268532164201e-04 |   3.7378268532164201e-04 | 1
 30,  9 |   1.6477831742785034e-04 |   1.6477831742785034e-04 | 1
 30, 10 |   1.8117047524684481e-04 |   1.8117047524684481e-04 | 1
 30, 11 |   7.1330925230443979e-04 |   7.1330925230443979e-04 | 1
 30, 12 |   1.9788742603755419e-04 |   1.9788742603755419e-04 | 1
 30, 13 |   2.9502983175279135e-04 |   2.9502983175279135e-04 | 1
 30, 14 |   2.8494015937561453e-05 |   2.8494015937561453e-05 | 1
 30, 15 |   1.7228822262291120e-04 |   1.7228822262291120e-04 | 1
 30, 16 |   4.3815729823785835e-04 |   4.3815729823785835e-04 | 1
 30, 17 |   1.7440193680267089e-04 |   1.7440193680267089e-04 | 1
 30, 18 |   2.5217985579023528e-04 |   2.5217985579023528e-04 | 1
 30, 19 |   1.1680233347914834e-03 |   1.1680233347914834e-03 | 1
 30, 20 |   3.7002145800165700e-04 |   3.7002145800165700e-04 | 1
 30, 21 |  -1.9586005231441201e-05 |  -1.9586005231441201e-05 | 1
 30, 22 |   1.4706625483772889e-04 |   1.4706625483772889e-04 | 1
 30, 23 |   6.5191188279821658e-05 |   6.5191188279821658e-05 | 1
 30, 24 |   3.7931564536697928e-04 |   3.7931564536697928e-04 | 1
 30, 25 |   3.6462880687567368e-04 |   3.6462880687567368e-04 | 1
 30, 26 |   3.5663802166197852e-04 |   3.5663802166197852e-04 | 1
 30, 27 |   3.4275186933200501e-04 |   3.4275186933200501e-04 | 1
 30, 28 |   3.5793998085042794e-04 |   3.5793998085042794e-04 | 1
 30, 29 |   3.6375343677003070e-04 |   3.6375343677003070e-04 | 1
 30, 30 |   2.8920984981845280e-03 |   2.8920984981845280e-03 | 1
 30, 31 |   4.2200580017057990e-04 |   4.2200580017057990e-04 | 1
 30, 32 |  -1.3885428420370728e-04 |  -1.3885428420370728e-04 | 1
 30, 33 |  -2.6256254685418532e-03 |  -2.6256254685418532e-03 | 1
 30, 34 |   4.6514250630236292e-04 |   4.6514250630236292e-04 | 1
 30, 35 |  -3.5639506533998531e-05 |  -3.5639506533998531e-05 | 1
 30, 36 |  -4.0187738616601644e-05 |  -4.0187738616601644e-05 | 1
 30, 37 |  -3.8444793060436332e-05 |  -3.8444793060436332e-05 | 1
 30, 38 |  -3.5765591221939712e-05 |  -3.5765591221939712e-05 | 1
 30, 39 |  -8.4500233625425342e-06 |  -8.4500233625425342e-06 | 1
 30, 40 |  -1.3607504612091372e-08 |  -1.3607504612091372e-08 | 1
 30, 41 |   6.5466327441850625e-05 |   6.5466327441850625e-05 | 1
 30, 42 |   1.3262443825752003e-04 |   1.3262443825752003e-04 | 1
 31,  1 |   6.9624179586734924e-05 |   6.9624179586734924e-05 | 1
 31,  2 |  -7.9721185097986144e-06 |  -7.9721185097986144e-06 | 1
 31,  3 |   1.6507421885456975e-04 |   1.6507421885456975e-04 | 1
 31,  4 |   3.1303279444376921e-04 |   3.1303279444376921e-04 | 1
 31,  5 |   2.0529059608210393e-04 |   2.0529059608210393e-04 | 1
 31,  6 |   1.0089092374549568e-03 |   1.0089092374549568e-03 | 1
 31,  7 |  -5.4640223694702762e-04 |  -5.4640223694702762e-04 | 1
 31,  8 |   6.3326705132385908e-04 |   6.3326705132385908e-04 | 1
 31,  9 |   1.0305507296470839e-05 |   1.0305507296470839e-05 | 1
 31, 10 |  -1.6620258079274019e-04 |  -1.6620258079274019e-04 | 1
 31, 11 |   1.7106210646659261e-03 |   1.7106210646659261e-03 | 1
 31, 12 |   2.2028033075990853e-05 |   2.2028033075990853e-05 | 1
 31, 13 |   3.4512272637006203e-04 |   3.4512272637006203e-04 | 1
 31, 14 |  -6.6969266118600585e-04 |  -6.6969266118600585e-04 | 1
 31, 15 |  -1.7894906845819460e-04 |  -1.7894906845819460e-04 | 1
 31, 16 |   7.5161834999762540e-04 |   7.5161834999762540e-04 | 1
 31, 17 |   9.3579075239082752e-05 |   9.3579075239082752e-05 | 1
 31, 18 |   2.6623624438269669e-04 |   2.6623624438269669e-04 | 1
 31, 19 |   3.2032984357975424e-03 |   3.2032984357975424e-03 | 1
 31, 20 |   5.3825866797208575e-04 |   5.3825866797208575e-04 | 1
 31, 21 |  -7.2441667496466085e-04 |  -7.2441667496466085e-04 | 1
 31, 22 |  -3.2645052299069579e-05 |  -3.2645052299069579e-05 | 1
 31, 23 |  -3.4824578749081611e-04 |  -3.4824578749081611e-04 | 1
 31, 24 |   6.4411688347485374e-04 |   6.4411688347485374e-04 | 1
 31, 25 |   6.2206372537357540e-04 |   6.2206372537357540e-04 | 1
 31, 26 |   6.3091862685186149e-04 |   6.3091862685186149e-04 | 1
 31, 27 |   4.9918821470130450e-04 |   4.9918821470130450e-04 | 1
 31, 28 |   4.5996494970139694e-04 |   4.5996494970139694e-04 | 1
 31, 29 |   5.9175307496983024e-04 |   5.9175307496983024e-04 | 1
 31, 30 |   4.2200580017057990e-04 |   4.2200580017057990e-04 | 1
 31, 31 |   1.8793789860698366e-03 |   1.8793789860698366e-03 | 1
 31, 32 |   1.5808007789580076e-04 |   1.5808007789580076e-04 | 1
 31, 33 |  -8.4401137157492576e-03 |  -8.4401137157492576e-03 | 1
 31, 34 |   9.1995469313261918e-04 |   9.1995469313261918e-04 | 1
 31, 35 |  -3.3210234222036178e-05 |  -3.3210234222036178e-05 | 1
 31, 36 |  -3.6950809994675516e-05 |  -3.6950809994675516e-05 | 1
 31, 37 |  -3.9354090045020176e-05 |  -3.9354090045020176e-05 | 1
 31, 38 |  -3.0320279862799840e-05 |  -3.0320279862799840e-05 | 1
 31, 39 |  -1.3574459667088953e-05 |  -1.3574459667088953e-05 | 1
 31, 40 |  -1.6776463006507194e-08 |  -1.6776463006507194e-08 | 1
 31, 41 |   7.1941421131936569e-05 |   7.1941421131936569e-05 | 1
 31, 42 |  -1.6604704387596878e-04 |  -1.6604704387596878e-04 | 1
 32,  1 |   2.6202918977068726e-06 |   2.6202918977068726e-06 | 1
 32,  2 |   7.7260795651047968e-04 |   7.7260795651047968e-04 | 1
 32,  3 |  -3.9088328538903366e-04 |  -3.9088328538903366e-04 | 1
 32,  4 |  -2.4726134636096370e-04 |  -2.4726134636096370e-04 | 1
 32,  5 |  -3.5705357579021658e-04 |  -3.5705357579021658e-04 | 1
 32,  6 |   4.5261993752317750e-04 |   4.5261993752317750e-04 | 1
 32,  7 |  -1.4694554760877683e-03 |  -1.4694554760877683e-03 | 1
 32,  8 |   8.3213329300809607e-05 |   8.3213329300809607e-05 | 1
 32,  9 |  -5.1771007173832535e-04 |  -5.1771007173832535e-04 | 1
 32, 10 |  -9.4090010646590417e-04 |  -9.4090010646590417e-04 | 1
 32, 11 |   1.1702489082817276e-03 |   1.1702489082817276e-03 | 1
 32, 12 |  -6.0085376407138032e-04 |  -6.0085376407138032e-04 | 1
 32, 13 |  -2.6363465280509167e-04 |  -2.6363465280509167e-04 | 1
 32, 14 |  -1.4690785248775051e-03 |  -1.4690785248775051e-03 | 1
 32, 15 |  -9.4928626162473428e-04 |  -9.4928626162473428e-04 | 1
 32, 16 |   1.0907829892109111e-04 |   1.0907829892109111e-04 | 1
 32, 17 |  -3.8570086329655295e-04 |  -3.8570086329655295e-04 | 1
 32, 18 |  -2.7740855289737012e-04 |  -2.7740855289737012e-04 | 1
 32, 19 |   2.7232459017163106e-03 |   2.7232459017163106e-03 | 1
 32, 20 |  -1.2911964851982017e-04 |  -1.2911964851982017e-04 | 1
 32, 21 |  -1.4469693949033897e-03 |  -1.4469693949033897e-03 | 1
 32, 22 |  -5.2863671602394898e-04 |  -5.2863671602394898e-04 | 1
 32, 23 |  -9.3487582318357311e-04 |  -9.3487582318357311e-04 | 1
 32, 24 |   7.6633198139779916e-05 |   7.6633198139779916e-05 | 1
 32, 25 |   6.7394285536179904e-05 |   6.7394285536179904e-05 | 1
 32, 26 |   1.3759161369006611e-04 |   1.3759161369006611e-04 | 1
 32, 27 |  -1.1887281650451451e-04 |  -1.1887281650451451e-04 | 1
 32, 28 |  -2.5036728764536113e-04 |  -2.5036728764536113e-04 | 1
 32, 29 |   1.1454143440049588e-05 |   1.1454143440049588e-05 | 1
 32, 30 |  -1.3885428420370728e-04 |  -1.3885428420370728e-04 | 1
 32, 31 |   1.5808007789580076e-04 |   1.5808007789580076e-04 | 1
 32, 32 |   1.9535934532632004e-03 |   1.9535934532632004e-03 | 1
 32, 33 |  -8.6946047910845259e-03 |  -8.6946047910845259e-03 | 1
 32, 34 |   3.5809171624162330e-04 |   3.5809171624162330e-04 | 1
 32, 35 |  -1.3121748097207894e-06 |  -1.3121748097207894e-06 | 1
 32, 36 |  -1.1074570502485894e-06 |  -1.1074570502485894e-06 | 1
 32, 37 |  -4.2909975425483580e-06 |  -4.2909975425483580e-06 | 1
 32, 38 |  -1.4865830897975790e-05 |  -1.4865830897975790e-05 | 1
 32, 39 |   3.9086107006533601e-06 |   3.9086107006533601e-06 | 1
 32, 40 |   1.3805672041521236e-10 |   1.3805672041521236e-10 | 1
 32, 41 |   2.5596833828724891e-06 |   2.5596833828724891e-06 | 1
 32, 42 |  -1.9523910714552932e-03 |  -1.9523910714552932e-03 | 1
 33,  1 |  -1.7010111927108354e-05 |  -1.7010111927108354e-05 | 1
 33,  2 |   4.1540274235626531e-03 |   4.1540274235626531e-03 | 1
 33,  3 |   2.1679496374584031e-03 |   2.1679496374584031e-03 | 1
 33,  4 |  -4.0273019543715774e-04 |  -4.0273019543715774e-04 | 1
 33,  5 |   1.4452096526993887e-03 |   1.4452096526993887e-03 | 1
 33,  6 |  -1.3494581913932683e-02 |  -1.3494581913932683e-02 | 1
 33,  7 |   1.8528102815562754e-02 |   1.8528102815562754e-02 | 1
 33,  8 |  -6.5056224119038244e-03 |  -6.5056224119038244e-03 | 1
 33,  9 |   4.7150860589865295e-03 |   4.7150860589865295e-03 | 1
 33, 10 |   1.0178124356114732e-02 |   1.0178124356114732e-02 | 1
 33, 11 |  -2.6612218624377810e-02 |  -2.6612218624377810e-02 | 1
 33, 12 |   5.4303965225560085e-03 |   5.4303965225560085e-03 | 1
 33, 13 |  -7.5409574785827128e-04 |  -7.5409574785827128e-04 | 1
 33, 14 |   1.9752692832665789e-02 |   1.9752692832665789e-02 | 1
 33, 15 |   1.0334225780307450e-02 |   1.0334225780307450e-02 | 1
 33, 16 |  -7.9024564902538987e-03 |  -7.9024564902538987e-03 | 1
 33, 17 |   2.7127809214312687e-03 |   2.7127809214312687e-03 | 1
 33, 18 |   1.8035331445768993e-04 |   1.8035331445768993e-04 | 1
 33, 19 |  -5.4925121196892565e-02 |  -5.4925121196892565e-02 | 1
 33, 20 |  -3.8811391429995883e-03 |  -3.8811391429995883e-03 | 1
 33, 21 |   1.9902573478457398e-02 |   1.9902573478457398e-02 | 1
 33, 22 |   5.4772018291020710e-03 |   5.4772018291020710e-03 | 1
 33, 23 |   1.1863723278806401e-02 |   1.1863723278806401e-02 | 1
 33, 24 |  -6.6111768909148183e-03 |  -6.6111768909148183e-03 | 1
 33, 25 |  -6.4355593970033369e-03 |  -6.4355593970033369e-03 | 1
 33, 26 |  -6.9769985691877593e-03 |  -6.9769985691877593e-03 | 1
 33, 27 |  -3.6551364155755946e-03 |  -3.6551364155755946e-03 | 1
 33, 28 |  -2.0508264928013912e-03 |  -2.0508264928013912e-03 | 1
 33, 29 |  -5.6052793781530153e-03 |  -5.6052793781530153e-03 | 1
 33, 30 |  -2.6256254685418532e-03 |  -2.6256254685418532e-03 | 1
 33, 31 |  -8.4401137157492576e-03 |  -8.4401137157492576e-03 | 1
 33, 32 |  -8.6946047910845259e-03 |  -8.6946047910845259e-03 | 1
 33, 33 |   1.5849871960611103e-01 |   1.5849871960611103e-01 | 1
 33, 34 |  -1.1792605764534081e-02 |  -1.1792605764534081e-02 | 1
 33, 35 |  -1.5381102227040605e-05 |  -1.5381102227040605e-05 | 1
 33, 36 |  -3.5139395377760762e-06 |  -3.5139395377760762e-06 | 1
 33, 37 |   4.7702805509376348e-05 |   4.7702805509376348e-05 | 1
 33, 38 |   1.0106601437090044e-04 |   1.0106601437090044e-04 | 1
 33, 39 |  -1.0534223414688249e-04 |  -1.0534223414688249e-04 | 1
 33, 40 |   1.2738918827064762e-08 |   1.2738918827064762e-08 | 1
 33, 41 |  -6.4765160899767882e-06 |  -6.4765160899767882e-06 | 1
 33, 42 |   8.6911455225647128e-03 |   8.6911455225647128e-03 | 1
 34,  1 |   6.9075379976355839e-05 |   6.9075379976355839e-05 | 1
 34,  2 |  -1.0303564868861402e-04 |  -1.0303564868861402e-04 | 1
 34,  3 |   1.0792101585514406e-04 |   1.0792101585514406e-04 | 1
 34,  4 |   3.1067205651629019e-04 |   3.1067205651629019e-04 | 1
 34,  5 |   1.6368974710271613e-04 |   1.6368974710271613e-04 | 1
 34,  6 |   1.2834667055412466e-03 |   1.2834667055412466e-03 | 1
 34,  7 |  -9.5602482594873896e-04 |  -9.5602482594873896e-04 | 1
 34,  8 |   7.5974417313068830e-04 |   7.5974417313068830e-04 | 1
 34,  9 |  -1.0038050453195159e-04 |  -1.0038050453195159e-04 | 1
 34, 10 |  -3.9632157681147547e-04 |  -3.9632157681147547e-04 | 1
 34, 11 |   2.2603170382600266e-03 |   2.2603170382600266e-03 | 1
 34, 12 |  -1.0579882645327712e-04 |  -1.0579882645327712e-04 | 1
 34, 13 |   3.4735629868666443e-04 |   3.4735629868666443e-04 | 1
 34, 14 |  -1.1019229947577445e-03 |  -1.1019229947577445e-03 | 1
 34, 15 |  -4.1486714404856048e-04 |  -4.1486714404856048e-04 | 1
 34, 16 |   9.0557394265049543e-04 |   9.0557394265049543e-04 | 1
 34, 17 |   2.5560852414536525e-05 |   2.5560852414536525e-05 | 1
 34, 18 |   2.5158248960021451e-04 |   2.5158248960021451e-04 | 1
 34, 19 |   4.3528129710357216e-03 |   4.3528129710357216e-03 | 1
 34, 20 |   6.0522638672752299e-04 |   6.0522638672752299e-04 | 1
 34, 21 |  -1.1608485539909431e-03 |  -1.1608485539909431e-03 | 1
 34, 22 |  -1.5898516183969171e-04 |  -1.5898516183969171e-04 | 1
 34, 23 |  -6.1205109943549929e-04 |  -6.1205109943549929e-04 | 1
 34, 24 |   7.7203589276733111e-04 |   7.7203589276733111e-04 | 1
 34, 25 |   7.4591553227098335e-04 |   7.4591553227098335e-04 | 1
 34, 26 |   7.6855405945899118e-04 |   7.6855405945899118e-04 | 1
 34, 27 |   5.6255632112691312e-04 |   5.6255632112691312e-04 | 1
 34, 28 |   4.8764874915141552e-04 |   4.8764874915141552e-04 | 1
 34, 29 |   6.9748678601093189e-04 |   6.9748678601093189e-04 | 1
 34, 30 |   4.6514250630236292e-04 |   4.6514250630236292e-04 | 1
 34, 31 |   9.1995469313261918e-04 |   9.1995469313261918e-04 | 1
 34, 32 |   3.5809171624162330e-04 |   3.5809171624162330e-04 | 1
 34, 33 |  -1.1792605764534081e-02 |  -1.1792605764534081e-02 | 1
 34, 34 |   1.2109905216411375e-03 |   1.2109905216411375e-03 | 1
 34, 35 |  -3.2243519048939384e-05 |  -3.2243519048939384e-05 | 1
 34, 36 |  -3.8146647089897267e-05 |  -3.8146647089897267e-05 | 1
 34, 37 |  -4.2178135009149465e-05 |  -4.2178135009149465e-05 | 1
 34, 38 |  -4.0496588160190575e-05 |  -4.0496588160190575e-05 | 1
 34, 39 |  -1.4190118854425304e-05 |  -1.4190118854425304e-05 | 1
 34, 40 |  -1.5261990320140025e-08 |  -1.5261990320140025e-08 | 1
 34, 41 |   7.2259547041370292e-05 |   7.2259547041370292e-05 | 1
 34, 42 |  -3.6456348388116830e-04 |  -3.6456348388116830e-04 | 1
 35,  1 |  -3.4795126568875756e-05 |  -3.4795126568875756e-05 | 1
 35,  2 |  -3.6403453870471951e-05 |  -3.6403453870471951e-05 | 1
 35,  3 |  -3.6802893473555982e-05 |  -3.6802893473555982e-05 | 1
 35,  4 |  -3.8987084663542451e-05 |  -3.8987084663542451e-05 | 1
 35,  5 |  -3.4663108368012145e-05 |  -3.4663108368012145e-05 | 1
 35,  6 |  -3.7189218911164003e-05 |  -3.7189218911164003e-05 | 1
 35,  7 |  -3.8605184548197634e-05 |  -3.8605184548197634e-05 | 1
 35,  8 |  -3.7559060737420380e-05 |  -3.7559060737420380e-05 | 1
 35,  9 |  -4.6603528600741372e-05 |  -4.6603528600741372e-05 | 1
 35, 10 |  -4.5029980972513404e-05 |  -4.5029980972513404e-05 | 1
 35, 11 |  -3.9416419060367248e-05 |  -3.9416419060367248e-05 | 1
 35, 12 |  -4.2249968326763752e-05 |  -4.2249968326763752e-05 | 1
 35, 13 |  -4.3834904103854480e-05 |  -4.3834904103854480e-05 | 1
 35, 14 |  -5.0546601418203914e-05 |  -5.0546601418203914e-05 | 1
 35, 15 |  -4.9531038767783773e-05 |  -4.9531038767783773e-05 | 1
 35, 16 |  -4.6165867530236697e-05 |  -4.6165867530236697e-05 | 1
 35, 17 |  -1.8657111752581175e-05 |  -1.8657111752581175e-05 | 1
 35, 18 |  -2.9894930515365189e-05 |  -2.9894930515365189e-05 | 1
 35, 19 |  -2.1800323353870092e-05 |  -2.1800323353870092e-05 | 1
 35, 20 |  -2.0635820090383624e-05 |  -2.0635820090383624e-05 | 1
 35, 21 |  -2.2203391557949493e-05 |  -2.2203391557949493e-05 | 1
 35, 22 |  -3.2584512748553982e-05 |  -3.2584512748553982e-05 | 1
 35, 23 |  -2.8282278034823976e-05 |  -2.8282278034823976e-05 | 1
 35, 24 |  -2.7559267695910853e-05 |  -2.7559267695910853e-05 | 1
 35, 25 |  -2.9543767234628766e-05 |  -2.9543767234628766e-05 | 1
 35, 26 |  -3.2920202804416384e-05 |  -3.2920202804416384e-05 | 1
 35, 27 |  -3.3550639932020422e-05 |  -3.3550639932020422e-05 | 1
 35, 28 |  -3.3412371239789707e-05 |  -3.3412371239789707e-05 | 1
 35, 29 |  -2.8165822068988178e-05 |  -2.8165822068988178e-05 | 1
 35, 30 |  -3.5639506533998531e-05 |  -3.5639506533998531e-05 | 1
 35, 31 |  -3.3210234222036178e-05 |  -3.3210234222036178e-05 | 1
 35, 32 |  -1.3121748097207894e-06 |  -1.3121748097207894e-06 | 1
 35, 33 |  -1.5381102227040605e-05 |  -1.5381102227040605e-05 | 1
 35, 34 |  -3.2243519048939384e-05 |  -3.2243519048939384e-05 | 1
 35, 35 |   6.5326794124762034e-05 |   6.5326794124762034e-05 | 1
 35, 36 |   4.7703398168014022e-05 |   4.7703398168014022e-05 | 1
 35, 37 |   4.6309097920631788e-05 |   4.6309097920631788e-05 | 1
 35, 38 |   4.6898477636382422e-05 |   4.6898477636382422e-05 | 1
 35, 39 |  -2.0936394882482029e-07 |  -2.0936394882482029e-07 | 1
 35, 40 |  -2.7750690300446893e-09 |  -2.7750690300446893e-09 | 1
 35, 41 |  -4.1756737602905388e-05 |  -4.1756737602905388e-05 | 1
 35, 42 |   5.2301187828153936e-07 |   5.2301187828153936e-07 | 1
 36,  1 |  -3.8118438471610010e-05 |  -3.8118438471610010e-05 | 1
 36,  2 |  -4.1218650566216448e-05 |  -4.1218650566216448e-05 | 1
 36,  3 |  -3.7559064895250859e-05 |  -3.7559064895250859e-05 | 1
 36,  4 |  -4.4799738607938607e-05 |  -4.4799738607938607e-05 | 1
 36,  5 |  -5.4054024836780528e-05 |  -5.4054024836780528e-05 | 1
 36,  6 |  -5.0351623576686231e-05 |  -5.0351623576686231e-05 | 1
 36,  7 |  -5.9646603896596546e-05 |  -5.9646603896596546e-05 | 1
 36,  8 |  -4.4505554291365609e-05 |  -4.4505554291365609e-05 | 1
 36,  9 |  -3.7880624044898178e-05 |  -3.7880624044898178e-05 | 1
 36, 10 |  -4.5164549153709956e-05 |  -4.5164549153709956e-05 | 1
 36, 11 |  -4.1462150013055990e-05 |  -4.1462150013055990e-05 | 1
 36, 12 |  -4.3057002386831351e-05 |  -4.3057002386831351e-05 | 1
 36, 13 |  -4.6133795622030959e-05 |  -4.6133795622030959e-05 | 1
 36, 14 |  -5.5024086745178722e-05 |  -5.5024086745178722e-05 | 1
 36, 15 |  -4.8862534793997546e-05 |  -4.8862534793997546e-05 | 1
 36, 16 |  -5.3072436317993518e-05 |  -5.3072436317993518e-05 | 1
 36, 17 |  -1.9790007039535776e-05 |  -1.9790007039535776e-05 | 1
 36, 18 |  -3.1022757209435950e-05 |  -3.1022757209435950e-05 | 1
 36, 19 |  -3.0929516052555108e-05 |  -3.0929516052555108e-05 | 1
 36, 20 |  -2.7667936096869949e-05 |  -2.7667936096869949e-05 | 1
 36, 21 |  -3.7015726119435925e-05 |  -3.7015726119435925e-05 | 1
 36, 22 |  -3.7214228957392867e-05 |  -3.7214228957392867e-05 | 1
 36, 23 |  -3.7000304777650286e-05 |  -3.7000304777650286e-05 | 1
 36, 24 |  -3.6278206525005485e-05 |  -3.6278206525005485e-05 | 1
 36, 25 |  -2.4929896869138368e-05 |  -2.4929896869138368e-05 | 1
 36, 26 |  -3.7996133262916178e-05 |  -3.7996133262916178e-05 | 1
 36, 27 |  -3.3052175465864597e-05 |  -3.3052175465864597e-05 | 1
 36, 28 |  -2.9850123088889705e-05 |  -2.9850123088889705e-05 | 1
 36, 29 |  -3.4968009873172600e-05 |  -3.4968009873172600e-05 | 1
 36, 30 |  -4.0187738616601644e-05 |  -4.0187738616601644e-05 | 1
 36, 31 |  -3.6950809994675516e-05 |  -3.6950809994675516e-05 | 1
 36, 32 |  -1.1074570502485894e-06 |  -1.1074570502485894e-06 | 1
 36, 33 |  -3.5139395377760762e-06 |  -3.5139395377760762e-06 | 1
 36, 34 |  -3.8146647089897267e-05 |  -3.8146647089897267e-05 | 1
 36, 35 |   4.7703398168014022e-05 |   4.7703398168014022e-05 | 1
 36, 36 |   7.6025607070055715e-05 |   7.6025607070055715e-05 | 1
 36, 37 |   5.7048432803610191e-05 |   5.7048432803610191e-05 | 1
 36, 38 |   5.7491229703636587e-05 |   5.7491229703636587e-05 | 1
 36, 39 |   3.9507475277910740e-07 |   3.9507475277910740e-07 | 1
 36, 40 |  -3.8528124557973189e-09 |  -3.8528124557973189e-09 | 1
 36, 41 |  -4.9562262288039606e-05 |  -4.9562262288039606e-05 | 1
 36, 42 |   7.1399663791922900e-07 |   7.1399663791922900e-07 | 1
 37,  1 |  -3.5517708402760042e-05 |  -3.5517708402760042e-05 | 1
 37,  2 |  -4.1650266724762796e-05 |  -4.1650266724762796e-05 | 1
 37,  3 |  -5.1106619203167393e-05 |  -5.1106619203167393e-05 | 1
 37,  4 |  -5.0998783325369462e-05 |  -5.0998783325369462e-05 | 1
 37,  5 |  -4.3121573021764068e-05 |  -4.3121573021764068e-05 | 1
 37,  6 |  -5.1391528610162664e-05 |  -5.1391528610162664e-05 | 1
 37,  7 |  -5.7806472214669245e-05 |  -5.7806472214669245e-05 | 1
 37,  8 |  -4.9110576622568469e-05 |  -4.9110576622568469e-05 | 1
 37,  9 |  -3.6596310086248887e-05 |  -3.6596310086248887e-05 | 1
 37, 10 |  -3.6511624349506032e-05 |  -3.6511624349506032e-05 | 1
 37, 11 |  -5.4984220892129865e-05 |  -5.4984220892129865e-05 | 1
 37, 12 |  -4.5743960903443036e-05 |  -4.5743960903443036e-05 | 1
 37, 13 |  -3.7974199710958368e-05 |  -3.7974199710958368e-05 | 1
 37, 14 |  -4.2193723370634491e-05 |  -4.2193723370634491e-05 | 1
 37, 15 |  -4.5761789160117189e-05 |  -4.5761789160117189e-05 | 1
 37, 16 |  -5.5087404833586728e-05 |  -5.5087404833586728e-05 | 1
 37, 17 |  -2.1509792809994250e-05 |  -2.1509792809994250e-05 | 1
 37, 18 |  -2.9618249778160242e-05 |  -2.9618249778160242e-05 | 1
 37, 19 |  -5.5224037379671487e-05 |  -5.5224037379671487e-05 | 1
 37, 20 |  -3.5721357096413941e-05 |  -3.5721357096413941e-05 | 1
 37, 21 |  -2.0575734974252258e-05 |  -2.0575734974252258e-05 | 1
 37, 22 |  -3.1800277205082592e-05 |  -3.1800277205082592e-05 | 1
 37, 23 |  -3.0762131016103160e-05 |  -3.0762131016103160e-05 | 1
 37, 24 |  -3.6419321348982341e-05 |  -3.6419321348982341e-05 | 1
 37, 25 |  -2.9031331745152481e-05 |  -2.9031331745152481e-05 | 1
 37, 26 |  -3.8550279061069570e-05 |  -3.8550279061069570e-05 | 1
 37, 27 |  -3.9399618690026612e-05 |  -3.9399618690026612e-05 | 1
 37, 28 |  -4.0782827413926820e-05 |  -4.0782827413926820e-05 | 1
 37, 29 |  -2.9955868911339670e-05 |  -2.9955868911339670e-05 | 1
 37, 30 |  -3.8444793060436332e-05 |  -3.8444793060436332e-05 | 1
 37, 31 |  -3.9354090045020176e-05 |  -3.9354090045020176e-05 | 1
 37, 32 |  -4.2909975425483580e-06 |  -4.2909975425483580e-06 | 1
 37, 33 |   4.7702805509376348e-05 |   4.7702805509376348e-05 | 1
 37, 34 |  -4.2178135009149465e-05 |  -4.2178135009149465e-05 | 1
 37, 35 |   4.6309097920631788e-05 |   4.6309097920631788e-05 | 1
 37, 36 |   5.7048432803610191e-05 |   5.7048432803610191e-05 | 1
 37, 37 |   8.5647016795551646e-05 |   8.5647016795551646e-05 | 1
 37, 38 |   7.1773216087823625e-05 |   7.1773216087823625e-05 | 1
 37, 39 |   5.5192283363881900e-07 |   5.5192283363881900e-07 | 1
 37, 40 |  -7.2035233435693372e-09 |  -7.2035233435693372e-09 | 1
 37, 41 |  -4.9159377313000446e-05 |  -4.9159377313000446e-05 | 1
 37, 42 |  -1.1911228563955244e-06 |  -1.1911228563955244e-06 | 1
 38,  1 |  -3.0927884377245722e-05 |  -3.0927884377245722e-05 | 1
 38,  2 |  -4.0942493905552703e-05 |  -4.0942493905552703e-05 | 1
 38,  3 |  -3.6947345018910377e-05 |  -3.6947345018910377e-05 | 1
 38,  4 |  -4.3988908156671839e-05 |  -4.3988908156671839e-05 | 1
 38,  5 |  -3.8158719020435080e-05 |  -3.8158719020435080e-05 | 1
 38,  6 |  -5.7493772077897133e-05 |  -5.7493772077897133e-05 | 1
 38,  7 |  -3.2436022048157271e-05 |  -3.2436022048157271e-05 | 1
 38,  8 |  -4.7910846822170560e-05 |  -4.7910846822170560e-05 | 1
 38,  9 |  -3.3805316553584647e-05 |  -3.3805316553584647e-05 | 1
 38, 10 |  -4.2103632236769340e-05 |  -4.2103632236769340e-05 | 1
 38, 11 |  -5.2765867929872572e-05 |  -5.2765867929872572e-05 | 1
 38, 12 |  -3.8600025063301359e-05 |  -3.8600025063301359e-05 | 1
 38, 13 |  -3.3626115673414267e-05 |  -3.3626115673414267e-05 | 1
 38, 14 |  -3.9391656429149538e-05 |  -3.9391656429149538e-05 | 1
 38, 15 |  -2.5636093822923013e-05 |  -2.5636093822923013e-05 | 1
 38, 16 |  -5.1589192697834479e-05 |  -5.1589192697834479e-05 | 1
 38, 17 |  -1.4959062908620450e-05 |  -1.4959062908620450e-05 | 1
 38, 18 |  -3.0431448682199339e-05 |  -3.0431448682199339e-05 | 1
 38, 19 |  -6.4305956720600802e-05 |  -6.4305956720600802e-05 | 1
 38, 20 |  -2.9434247031242609e-05 |  -2.9434247031242609e-05 | 1
 38, 21 |  -6.1674324635937821e-06 |  -6.1674324635937821e-06 | 1
 38, 22 |  -2.2053651037135481e-05 |  -2.2053651037135481e-05 | 1
 38, 23 |  -1.9397254258980607e-05 |  -1.9397254258980607e-05 | 1
 38, 24 |  -3.4024360233828347e-05 |  -3.4024360233828347e-05 | 1
 38, 25 |  -2.5982950153731969e-05 |  -2.5982950153731969e-05 | 1
 38, 26 |  -3.8065235089996524e-05 |  -3.8065235089996524e-05 | 1
 38, 27 |  -3.0716861570975176e-05 |  -3.0716861570975176e-05 | 1
 38, 28 |  -3.5428887428523800e-05 |  -3.5428887428523800e-05 | 1
 38, 29 |  -2.4794396880290015e-05 |  -2.4794396880290015e-05 | 1
 38, 30 |  -3.5765591221939712e-05 |  -3.5765591221939712e-05 | 1
 38, 31 |  -3.0320279862799840e-05 |  -3.0320279862799840e-05 | 1
 38, 32 |  -1.4865830897975790e-05 |  -1.4865830897975790e-05 | 1
 38, 33 |   1.0106601437090044e-04 |   1.0106601437090044e-04 | 1
 38, 34 |  -4.0496588160190575e-05 |  -4.0496588160190575e-05 | 1
 38, 35 |   4.6898477636382422e-05 |   4.6898477636382422e-05 | 1
 38, 36 |   5.7491229703636587e-05 |   5.7491229703636587e-05 | 1
 38, 37 |   7.1773216087823625e-05 |   7.1773216087823625e-05 | 1
 38, 38 |   1.0467558823840705e-04 |   1.0467558823840705e-04 | 1
 38, 39 |   2.3501415286964024e-07 |   2.3501415286964024e-07 | 1
 38, 40 |  -1.1435695316244965e-08 |  -1.1435695316244965e-08 | 1
 38, 41 |  -4.2701228564956394e-05 |  -4.2701228564956394e-05 | 1
 38, 42 |   4.5931141367308714e-06 |   4.5931141367308714e-06 | 1
 39,  1 |  -2.1465039169635246e-05 |  -2.1465039169635246e-05 | 1
 39,  2 |  -2.4258057463905732e-05 |  -2.4258057463905732e-05 | 1
 39,  3 |  -2.3202963214637397e-05 |  -2.3202963214637397e-05 | 1
 39,  4 |  -2.1008649771059155e-05 |  -2.1008649771059155e-05 | 1
 39,  5 |  -2.3766401731643776e-05 |  -2.3766401731643776e-05 | 1
 39,  6 |  -4.9837521030309660e-08 |  -4.9837521030309660e-08 | 1
 39,  7 |  -4.5191923249953561e-05 |  -4.5191923249953561e-05 | 1
 39,  8 |  -1.2654883964749985e-05 |  -1.2654883964749985e-05 | 1
 39,  9 |  -1.9289578680951340e-05 |  -1.9289578680951340e-05 | 1
 39, 10 |  -2.7548233999907892e-05 |  -2.7548233999907892e-05 | 1
 39, 11 |   8.7941910990387039e-06 |   8.7941910990387039e-06 | 1
 39, 12 |  -2.1246156636912418e-05 |  -2.1246156636912418e-05 | 1
 39, 13 |  -1.5644758350408899e-05 |  -1.5644758350408899e-05 | 1
 39, 14 |  -4.0739870498216510e-05 |  -4.0739870498216510e-05 | 1
 39, 15 |  -2.5890225319678616e-05 |  -2.5890225319678616e-05 | 1
 39, 16 |  -1.5909492877614864e-05 |  -1.5909492877614864e-05 | 1
 39, 17 |  -1.3123896759730682e-05 |  -1.3123896759730682e-05 | 1
 39, 18 |  -2.0212589087558358e-05 |  -2.0212589087558358e-05 | 1
 39, 19 |   2.7306267460639054e-05 |   2.7306267460639054e-05 | 1
 39, 20 |  -7.3780865096075596e-06 |  -7.3780865096075596e-06 | 1
 39, 21 |  -2.5931082324360646e-05 |  -2.5931082324360646e-05 | 1
 39, 22 |  -3.0427295658263248e-05 |  -3.0427295658263248e-05 | 1
 39, 23 |  -1.9979969548813406e-05 |  -1.9979969548813406e-05 | 1
 39, 24 |  -1.7669407940941467e-05 |  -1.7669407940941467e-05 | 1
 39, 25 |  -1.3846675435273802e-05 |  -1.3846675435273802e-05 | 1
 39, 26 |  -1.3635674751480410e-05 |  -1.3635674751480410e-05 | 1
 39, 27 |  -7.6505279173195968e-06 |  -7.6505279173195968e-06 | 1
 39, 28 |  -1.0698995522417926e-05 |  -1.0698995522417926e-05 | 1
 39, 29 |  -1.7958374320778637e-05 |  -1.7958374320778637e-05 | 1
 39, 30 |  -8.4500233625425342e-06 |  -8.4500233625425342e-06 | 1
 39, 31 |  -1.3574459667088953e-05 |  -1.3574459667088953e-05 | 1
 39, 32 |   3.9086107006533601e-06 |   3.9086107006533601e-06 | 1
 39, 33 |  -1.0534223414688249e-04 |  -1.0534223414688249e-04 | 1
 39, 34 |  -1.4190118854425304e-05 |  -1.4190118854425304e-05 | 1
 39, 35 |  -2.0936394882482029e-07 |  -2.0936394882482029e-07 | 1
 39, 36 |   3.9507475277910740e-07 |   3.9507475277910740e-07 | 1
 39, 37 |   5.5192283363881900e-07 |   5.5192283363881900e-07 | 1
 39, 38 |   2.3501415286964024e-07 |   2.3501415286964024e-07 | 1
 39, 39 |   6.5846014782691814e-05 |   6.5846014782691814e-05 | 1
 39, 40 |  -6.0947060658492569e-10 |  -6.0947060658492569e-10 | 1
 39, 41 |  -2.9011947463965720e-05 |  -2.9011947463965720e-05 | 1
 39, 42 |  -3.3574693088898196e-06 |  -3.3574693088898196e-06 | 1
 40,  1 |  -1.8042860743824196e-08 |  -1.8042860743824196e-08 | 1
 40,  2 |  -1.4515976332831903e-08 |  -1.4515976332831903e-08 | 1
 40,  3 |  -1.3001509052878288e-08 |  -1.3001509052878288e-08 | 1
 40,  4 |  -1.8406722290098307e-08 |  -1.8406722290098307e-08 | 1
 40,  5 |  -1.1240467749428171e-08 |  -1.1240467749428171e-08 | 1
 40,  6 |  -1.3175191557907745e-08 |  -1.3175191557907745e-08 | 1
 40,  7 |  -1.4430428048841869e-08 |  -1.4430428048841869e-08 | 1
 40,  8 |  -1.6248004870915573e-08 |  -1.6248004870915573e-08 | 1
 40,  9 |  -9.8721832844519570e-09 |  -9.8721832844519570e-09 | 1
 40, 10 |  -1.5313667775830236e-08 |  -1.5313667775830236e-08 | 1
 40, 11 |  -1.6489414965206229e-08 |  -1.6489414965206229e-08 | 1
 40, 12 |  -1.5592702996284411e-08 |  -1.5592702996284411e-08 | 1
 40, 13 |  -1.3829101040382729e-08 |  -1.3829101040382729e-08 | 1
 40, 14 |  -1.2986071309766375e-08 |  -1.2986071309766375e-08 | 1
 40, 15 |  -1.3064675355415932e-08 |  -1.3064675355415932e-08 | 1
 40, 16 |  -1.4877258566655060e-08 |  -1.4877258566655060e-08 | 1
 40, 17 |  -1.5952828429729588e-08 |  -1.5952828429729588e-08 | 1
 40, 18 |  -1.7187693616579005e-08 |  -1.7187693616579005e-08 | 1
 40, 19 |  -1.5118507512914289e-08 |  -1.5118507512914289e-08 | 1
 40, 20 |  -1.8671815165569680e-08 |  -1.8671815165569680e-08 | 1
 40, 21 |  -1.4024955526000440e-08 |  -1.4024955526000440e-08 | 1
 40, 22 |  -2.2143829931202219e-08 |  -2.2143829931202219e-08 | 1
 40, 23 |  -1.4583774928055352e-08 |  -1.4583774928055352e-08 | 1
 40, 24 |  -1.7422711733101980e-08 |  -1.7422711733101980e-08 | 1
 40, 25 |  -1.4198694676592465e-08 |  -1.4198694676592465e-08 | 1
 40, 26 |  -1.6455606991179200e-08 |  -1.6455606991179200e-08 | 1
 40, 27 |  -1.1445533052502191e-08 |  -1.1445533052502191e-08 | 1
 40, 28 |  -1.6609580066601009e-08 |  -1.6609580066601009e-08 | 1
 40, 29 |  -1.5558218200478398e-08 |  -1.5558218200478398e-08 | 1
 40, 30 |  -1.3607504612091372e-08 |  -1.3607504612091372e-08 | 1
 40, 31 |  -1.6776463006507194e-08 |  -1.6776463006507194e-08 | 1
 40, 32 |   1.3805672041521236e-10 |   1.3805672041521236e-10 | 1
 40, 33 |   1.2738918827064762e-08 |   1.2738918827064762e-08 | 1
 40, 34 |  -1.5261990320140025e-08 |  -1.5261990320140025e-08 | 1
 40, 35 |  -2.7750690300446893e-09 |  -2.7750690300446893e-09 | 1
 40, 36 |  -3.8528124557973189e-09 |  -3.8528124557973189e-09 | 1
 40, 37 |  -7.2035233435693372e-09 |  -7.2035233435693372e-09 | 1
 40, 38 |  -1.1435695316244965e-08 |  -1.1435695316244965e-08 | 1
 40, 39 |  -6.0947060658492569e-10 |  -6.0947060658492569e-10 | 1
 40, 40 |   1.0423503218051295e-11 |   1.0423503218051295e-11 | 1
 40, 41 |  -1.4097360538486492e-08 |  -1.4097360538486492e-08 | 1
 40, 42 |   5.1681885806192038e-09 |   5.1681885806192038e-09 | 1
 41,  1 |   7.7634668956162663e-05 |   7.7634668956162663e-05 | 1
 41,  2 |   7.6732088486323313e-05 |   7.6732088486323313e-05 | 1
 41,  3 |   7.4166604701704164e-05 |   7.4166604701704164e-05 | 1
 41,  4 |   8.7573996965680445e-05 |   8.7573996965680445e-05 | 1
 41,  5 |   7.2701491575709657e-05 |   7.2701491575709657e-05 | 1
 41,  6 |   7.1806662806517323e-05 |   7.1806662806517323e-05 | 1
 41,  7 |   9.4216900333955332e-05 |   9.4216900333955332e-05 | 1
 41,  8 |   7.9367407824569662e-05 |   7.9367407824569662e-05 | 1
 41,  9 |   6.2884187001637323e-05 |   6.2884187001637323e-05 | 1
 41, 10 |   8.0798964090288825e-05 |   8.0798964090288825e-05 | 1
 41, 11 |   7.2533824892519503e-05 |   7.2533824892519503e-05 | 1
 41, 12 |   7.9784868991364849e-05 |   7.9784868991364849e-05 | 1
 41, 13 |   7.2098470533999147e-05 |   7.2098470533999147e-05 | 1
 41, 14 |   8.7290282549751323e-05 |   8.7290282549751323e-05 | 1
 41, 15 |   7.8159519524948637e-05 |   7.8159519524948637e-05 | 1
 41, 16 |   8.4615492713596853e-05 |   8.4615492713596853e-05 | 1
 41, 17 |   5.4708129283162564e-05 |   5.4708129283162564e-05 | 1
 41, 18 |   7.0941187983359372e-05 |   7.0941187983359372e-05 | 1
 41, 19 |   5.7705982533329542e-05 |   5.7705982533329542e-05 | 1
 41, 20 |   6.7149701290405728e-05 |   6.7149701290405728e-05 | 1
 41, 21 |   5.9847883780548688e-05 |   5.9847883780548688e-05 | 1
 41, 22 |   8.6176324149786490e-05 |   8.6176324149786490e-05 | 1
 41, 23 |   6.5462100423918494e-05 |   6.5462100423918494e-05 | 1
 41, 24 |   7.4071391180692483e-05 |   7.4071391180692483e-05 | 1
 41, 25 |   5.9052960165962515e-05 |   5.9052960165962515e-05 | 1
 41, 26 |   7.2885258973120744e-05 |   7.2885258973120744e-05 | 1
 41, 27 |   5.8049535963255913e-05 |   5.8049535963255913e-05 | 1
 41, 28 |   6.9790034173308925e-05 |   6.9790034173308925e-05 | 1
 41, 29 |   6.6245084998850881e-05 |   6.6245084998850881e-05 | 1
 41, 30 |   6.5466327441850625e-05 |   6.5466327441850625e-05 | 1
 41, 31 |   7.1941421131936569e-05 |   7.1941421131936569e-05 | 1
 41, 32 |   2.5596833828724891e-06 |   2.5596833828724891e-06 | 1
 41, 33 |  -6.4765160899767882e-06 |  -6.4765160899767882e-06 | 1
 41, 34 |   7.2259547041370292e-05 |   7.2259547041370292e-05 | 1
 41, 35 |  -4.1756737602905388e-05 |  -4.1756737602905388e-05 | 1
 41, 36 |  -4.9562262288039606e-05 |  -4.9562262288039606e-05 | 1
 41, 37 |  -4.9159377313000446e-05 |  -4.9159377313000446e-05 | 1
 41, 38 |  -4.2701228564956394e-05 |  -4.2701228564956394e-05 | 1
 41, 39 |  -2.9011947463965720e-05 |  -2.9011947463965720e-05 | 1
 41, 40 |  -1.4097360538486492e-08 |  -1.4097360538486492e-08 | 1
 41, 41 |   1.3014511621158947e-04 |   1.3014511621158947e-04 | 1
 41, 42 |  -5.3805901573617050e-05 |  -5.3805901573617050e-05 | 1
 42,  1 |  -1.1255277214094510e-05 |  -1.1255277214094510e-05 | 1
 42,  2 |  -7.7887836515113003e-04 |  -7.7887836515113003e-04 | 1
 42,  3 |   3.8537184702571516e-04 |   3.8537184702571516e-04 | 1
 42,  4 |   2.3954784576822423e-04 |   2.3954784576822423e-04 | 1
 42,  5 |   3.5098076555538404e-04 |   3.5098076555538404e-04 | 1
 42,  6 |  -4.5737627454551068e-04 |  -4.5737627454551068e-04 | 1
 42,  7 |   1.4612372690614923e-03 |   1.4612372690614923e-03 | 1
 42,  8 |  -8.9932171349451669e-05 |  -8.9932171349451669e-05 | 1
 42,  9 |   5.1283817701001358e-04 |   5.1283817701001358e-04 | 1
 42, 10 |   9.3415332774351252e-04 |   9.3415332774351252e-04 | 1
 42, 11 |  -1.1763229087624464e-03 |  -1.1763229087624464e-03 | 1
 42, 12 |   5.9380622828201666e-04 |   5.9380622828201666e-04 | 1
 42, 13 |   2.5606435346435237e-04 |   2.5606435346435237e-04 | 1
 42, 14 |   1.4619071197719588e-03 |   1.4619071197719588e-03 | 1
 42, 15 |   9.4119516612654018e-04 |   9.4119516612654018e-04 | 1
 42, 16 |  -1.1544011899214236e-04 |  -1.1544011899214236e-04 | 1
 42, 17 |   3.7809476012965333e-04 |   3.7809476012965333e-04 | 1
 42, 18 |   2.6972884598241807e-04 |   2.6972884598241807e-04 | 1
 42, 19 |  -2.7266722386024025e-03 |  -2.7266722386024025e-03 | 1
 42, 20 |   1.2141128744289016e-04 |   1.2141128744289016e-04 | 1
 42, 21 |   1.4383270831580866e-03 |   1.4383270831580866e-03 | 1
 42, 22 |   5.1755406512124925e-04 |   5.1755406512124925e-04 | 1
 42, 23 |   9.2695919037377229e-04 |   9.2695919037377229e-04 | 1
 42, 24 |  -8.4474870320704168e-05 |  -8.4474870320704168e-05 | 1
 42, 25 |  -7.3838343520064587e-05 |  -7.3838343520064587e-05 | 1
 42, 26 |  -1.4469071468805217e-04 |  -1.4469071468805217e-04 | 1
 42, 27 |   1.1377031169964010e-04 |   1.1377031169964010e-04 | 1
 42, 28 |   2.4375392705122987e-04 |   2.4375392705122987e-04 | 1
 42, 29 |  -1.9212899945430275e-05 |  -1.9212899945430275e-05 | 1
 42, 30 |   1.3262443825752003e-04 |   1.3262443825752003e-04 | 1
 42, 31 |  -1.6604704387596878e-04 |  -1.6604704387596878e-04 | 1
 42, 32 |  -1.9523910714552932e-03 |  -1.9523910714552932e-03 | 1
 42, 33 |   8.6911455225647128e-03 |   8.6911455225647128e-03 | 1
 42, 34 |  -3.6456348388116830e-04 |  -3.6456348388116830e-04 | 1
 42, 35 |   5.2301187828153936e-07 |   5.2301187828153936e-07 | 1
 42, 36 |   7.1399663791922900e-07 |   7.1399663791922900e-07 | 1
 42, 37 |  -1.1911228563955244e-06 |  -1.1911228563955244e-06 | 1
 42, 38 |   4.5931141367308714e-06 |   4.5931141367308714e-06 | 1
 42, 39 |  -3.3574693088898196e-06 |  -3.3574693088898196e-06 | 1
 42, 40 |   5.1681885806192038e-09 |   5.1681885806192038e-09 | 1
 42, 41 |  -5.3805901573617050e-05 |  -5.3805901573617050e-05 | 1
 42, 42 |   2.0282704423476667e-03 |   2.0282704423476667e-03 | 1
