row,col | V_base                   | V_new                    | equal
  1,  1 |   3.6286320904253214e-03 |   3.6286320904253214e-03 | 1
  1,  2 |   9.4788149193608738e-04 |   9.4788149193608738e-04 | 1
  1,  3 |   0.0000000000000000e+00 |   0.0000000000000000e+00 | 1
  1,  4 |   2.4586630704649497e-03 |   2.4586630704649497e-03 | 1
  1,  5 |   0.0000000000000000e+00 |   0.0000000000000000e+00 | 1
  1,  6 |   0.0000000000000000e+00 |   0.0000000000000000e+00 | 1
  1,  7 |   0.0000000000000000e+00 |   0.0000000000000000e+00 | 1
  1,  8 |   2.7030464100518581e-03 |   2.7030464100518581e-03 | 1
  1,  9 |   5.0476728964562448e-03 |   5.0476728964562448e-03 | 1
  1, 10 |   0.0000000000000000e+00 |   0.0000000000000000e+00 | 1
  1, 11 |   0.0000000000000000e+00 |   0.0000000000000000e+00 | 1
  1, 12 |   1.6785454941309636e-03 |   1.6785454941309636e-03 | 1
  1, 13 |   0.0000000000000000e+00 |   0.0000000000000000e+00 | 1
  1, 14 |   0.0000000000000000e+00 |   0.0000000000000000e+00 | 1
  1, 15 |   0.0000000000000000e+00 |   0.0000000000000000e+00 | 1
  1, 16 |   1.2066897207875414e-03 |   1.2066897207875414e-03 | 1
  1, 17 |   2.8217434944687037e-03 |   2.8217434944687037e-03 | 1
  1, 18 |   0.0000000000000000e+00 |   0.0000000000000000e+00 | 1
  1, 19 |   0.0000000000000000e+00 |   0.0000000000000000e+00 | 1
  1, 20 |   0.0000000000000000e+00 |   0.0000000000000000e+00 | 1
  1, 21 |   0.0000000000000000e+00 |   0.0000000000000000e+00 | 1
  1, 22 |   0.0000000000000000e+00 |   0.0000000000000000e+00 | 1
  1, 23 |   0.0000000000000000e+00 |   0.0000000000000000e+00 | 1
  1, 24 |   4.9544086463502741e-03 |   4.9544086463502741e-03 | 1
  1, 25 |   0.0000000000000000e+00 |   0.0000000000000000e+00 | 1
  1, 26 |   0.0000000000000000e+00 |   0.0000000000000000e+00 | 1
  1, 27 |   0.0000000000000000e+00 |   0.0000000000000000e+00 | 1
  1, 28 |   3.1783787845934041e-03 |   3.1783787845934041e-03 | 1
  1, 29 |   0.0000000000000000e+00 |   0.0000000000000000e+00 | 1
  1, 30 |   0.0000000000000000e+00 |   0.0000000000000000e+00 | 1
  1, 31 |   5.9674315017981573e-03 |   5.9674315017981573e-03 | 1
  1, 32 |  -2.7622623260516556e-04 |  -2.7622623260516556e-04 | 1
  1, 33 |   0.0000000000000000e+00 |   0.0000000000000000e+00 | 1
  1, 34 |   3.8407683974099826e-03 |   3.8407683974099826e-03 | 1
  1, 35 |  -8.6226204766708949e-04 |  -8.6226204766708949e-04 | 1
  1, 36 |  -1.6675524934574300e-03 |  -1.6675524934574300e-03 | 1
  1, 37 |  -1.9999367908223528e-03 |  -1.9999367908223528e-03 | 1
  1, 38 |  -2.4330008250958738e-03 |  -2.4330008250958738e-03 | 1
  1, 39 |   2.8642891097857151e-03 |   2.8642891097857151e-03 | 1
  1, 40 |   3.8048238170150224e-04 |   3.8048238170150224e-04 | 1
  2,  1 |   9.4788149193608738e-04 |   9.4788149193608738e-04 | 1
  2,  2 |   4.2023948380631240e-03 |   4.2023948380631240e-03 | 1
  2,  3 |   0.0000000000000000e+00 |   0.0000000000000000e+00 | 1
  2,  4 |   9.6436720271461619e-04 |   9.6436720271461619e-04 | 1
  2,  5 |   0.0000000000000000e+00 |   0.0000000000000000e+00 | 1
  2,  6 |   0.0000000000000000e+00 |   0.0000000000000000e+00 | 1
  2,  7 |   0.0000000000000000e+00 |   0.0000000000000000e+00 | 1
  2,  8 |   2.1027822606726285e-03 |   2.1027822606726285e-03 | 1
  2,  9 |   8.8696951476270711e-04 |   8.8696951476270711e-04 | 1
  2, 10 |   0.0000000000000000e+00 |   0.0000000000000000e+00 | 1
  2, 11 |   0.0000000000000000e+00 |   0.0000000000000000e+00 | 1
  2, 12 |  -4.6762081201203489e-04 |  -4.6762081201203489e-04 | 1
  2, 13 |   0.0000000000000000e+00 |   0.0000000000000000e+00 | 1
  2, 14 |   0.0000000000000000e+00 |   0.0000000000000000e+00 | 1
  2, 15 |   0.0000000000000000e+00 |   0.0000000000000000e+00 | 1
  2, 16 |   1.4662675152254927e-03 |   1.4662675152254927e-03 | 1
  2, 17 |   2.7205065572552373e-03 |   2.7205065572552373e-03 | 1
  2, 18 |   0.0000000000000000e+00 |   0.0000000000000000e+00 | 1
  2, 19 |   0.0000000000000000e+00 |   0.0000000000000000e+00 | 1
  2, 20 |   0.0000000000000000e+00 |   0.0000000000000000e+00 | 1
  2, 21 |   0.0000000000000000e+00 |   0.0000000000000000e+00 | 1
  2, 22 |   0.0000000000000000e+00 |   0.0000000000000000e+00 | 1
  2, 23 |   0.0000000000000000e+00 |   0.0000000000000000e+00 | 1
  2, 24 |   5.0613135051364843e-03 |   5.0613135051364843e-03 | 1
  2, 25 |   0.0000000000000000e+00 |   0.0000000000000000e+00 | 1
  2, 26 |   0.0000000000000000e+00 |   0.0000000000000000e+00 | 1
  2, 27 |   0.0000000000000000e+00 |   0.0000000000000000e+00 | 1
  2, 28 |   1.7208380856369109e-03 |   1.7208380856369109e-03 | 1
  2, 29 |   0.0000000000000000e+00 |   0.0000000000000000e+00 | 1
  2, 30 |   0.0000000000000000e+00 |   0.0000000000000000e+00 | 1
  2, 31 |   3.2151399889716301e-04 |   3.2151399889716301e-04 | 1
  2, 32 |  -3.4151262691633861e-03 |  -3.4151262691633861e-03 | 1
  2, 33 |   0.0000000000000000e+00 |   0.0000000000000000e+00 | 1
  2, 34 |   4.6567843744961951e-03 |   4.6567843744961951e-03 | 1
  2, 35 |  -1.7184693669135605e-03 |  -1.7184693669135605e-03 | 1
  2, 36 |  -6.3630960277904678e-04 |  -6.3630960277904678e-04 | 1
  2, 37 |  -9.6409536338182603e-04 |  -9.6409536338182603e-04 | 1
  2, 38 |  -9.9854811643400364e-04 |  -9.9854811643400364e-04 | 1
  2, 39 |   5.3604785858552982e-04 |   5.3604785858552982e-04 | 1
  2, 40 |   4.1028994551219411e-03 |   4.1028994551219411e-03 | 1
  3,  1 |   0.0000000000000000e+00 |   0.0000000000000000e+00 | 1
  3,  2 |   0.0000000000000000e+00 |   0.0000000000000000e+00 | 1
  3,  3 |   0.0000000000000000e+00 |   0.0000000000000000e+00 | 1
  3,  4 |   0.0000000000000000e+00 |   0.0000000000000000e+00 | 1
  3,  5 |   0.0000000000000000e+00 |   0.0000000000000000e+00 | 1
  3,  6 |   0.0000000000000000e+00 |   0.0000000000000000e+00 | 1
  3,  7 |   0.0000000000000000e+00 |   0.0000000000000000e+00 | 1
  3,  8 |   0.0000000000000000e+00 |   0.0000000000000000e+00 | 1
  3,  9 |   0.0000000000000000e+00 |   0.0000000000000000e+00 | 1
  3, 10 |   0.0000000000000000e+00 |   0.0000000000000000e+00 | 1
  3, 11 |   0.0000000000000000e+00 |   0.0000000000000000e+00 | 1
  3, 12 |   0.0000000000000000e+00 |   0.0000000000000000e+00 | 1
  3, 13 |   0.0000000000000000e+00 |   0.0000000000000000e+00 | 1
  3, 14 |   0.0000000000000000e+00 |   0.0000000000000000e+00 | 1
  3, 15 |   0.0000000000000000e+00 |   0.0000000000000000e+00 | 1
  3, 16 |   0.0000000000000000e+00 |   0.0000000000000000e+00 | 1
  3, 17 |   0.0000000000000000e+00 |   0.0000000000000000e+00 | 1
  3, 18 |   0.0000000000000000e+00 |   0.0000000000000000e+00 | 1
  3, 19 |   0.0000000000000000e+00 |   0.0000000000000000e+00 | 1
  3, 20 |   0.0000000000000000e+00 |   0.0000000000000000e+00 | 1
  3, 21 |   0.0000000000000000e+00 |   0.0000000000000000e+00 | 1
  3, 22 |   0.0000000000000000e+00 |   0.0000000000000000e+00 | 1
  3, 23 |   0.0000000000000000e+00 |   0.0000000000000000e+00 | 1
  3, 24 |   0.0000000000000000e+00 |   0.0000000000000000e+00 | 1
  3, 25 |   0.0000000000000000e+00 |   0.0000000000000000e+00 | 1
  3, 26 |   0.0000000000000000e+00 |   0.0000000000000000e+00 | 1
  3, 27 |   0.0000000000000000e+00 |   0.0000000000000000e+00 | 1
  3, 28 |   0.0000000000000000e+00 |   0.0000000000000000e+00 | 1
  3, 29 |   0.0000000000000000e+00 |   0.0000000000000000e+00 | 1
  3, 30 |   0.0000000000000000e+00 |   0.0000000000000000e+00 | 1
  3, 31 |   0.0000000000000000e+00 |   0.0000000000000000e+00 | 1
  3, 32 |   0.0000000000000000e+00 |   0.0000000000000000e+00 | 1
  3, 33 |   0.0000000000000000e+00 |   0.0000000000000000e+00 | 1
  3, 34 |   0.0000000000000000e+00 |   0.0000000000000000e+00 | 1
  3, 35 |   0.0000000000000000e+00 |   0.0000000000000000e+00 | 1
  3, 36 |   0.0000000000000000e+00 |   0.0000000000000000e+00 | 1
  3, 37 |   0.0000000000000000e+00 |   0.0000000000000000e+00 | 1
  3, 38 |   0.0000000000000000e+00 |   0.0000000000000000e+00 | 1
  3, 39 |   0.0000000000000000e+00 |   0.0000000000000000e+00 | 1
  3, 40 |   0.0000000000000000e+00 |   0.0000000000000000e+00 | 1
  4,  1 |   2.4586630704649497e-03 |   2.4586630704649497e-03 | 1
  4,  2 |   9.6436720271461619e-04 |   9.6436720271461619e-04 | 1
  4,  3 |   0.0000000000000000e+00 |   0.0000000000000000e+00 | 1
  4,  4 |   2.5746301713649557e-03 |   2.5746301713649557e-03 | 1
  4,  5 |   0.0000000000000000e+00 |   0.0000000000000000e+00 | 1
  4,  6 |   0.0000000000000000e+00 |   0.0000000000000000e+00 | 1
  4,  7 |   0.0000000000000000e+00 |   0.0000000000000000e+00 | 1
  4,  8 |   1.7197396163235817e-03 |   1.7197396163235817e-03 | 1
  4,  9 |   3.2886195929866932e-03 |   3.2886195929866932e-03 | 1
  4, 10 |   0.0000000000000000e+00 |   0.0000000000000000e+00 | 1
  4, 11 |   0.0000000000000000e+00 |   0.0000000000000000e+00 | 1
  4, 12 |   1.3998746303664020e-03 |   1.3998746303664020e-03 | 1
  4, 13 |   0.0000000000000000e+00 |   0.0000000000000000e+00 | 1
  4, 14 |   0.0000000000000000e+00 |   0.0000000000000000e+00 | 1
  4, 15 |   0.0000000000000000e+00 |   0.0000000000000000e+00 | 1
  4, 16 |   1.0635381967781399e-03 |   1.0635381967781399e-03 | 1
  4, 17 |   2.3855663825538206e-03 |   2.3855663825538206e-03 | 1
  4, 18 |   0.0000000000000000e+00 |   0.0000000000000000e+00 | 1
  4, 19 |   0.0000000000000000e+00 |   0.0000000000000000e+00 | 1
  4, 20 |   0.0000000000000000e+00 |   0.0000000000000000e+00 | 1
  4, 21 |   0.0000000000000000e+00 |   0.0000000000000000e+00 | 1
  4, 22 |   0.0000000000000000e+00 |   0.0000000000000000e+00 | 1
  4, 23 |   0.0000000000000000e+00 |   0.0000000000000000e+00 | 1
  4, 24 |   4.5124370272155365e-03 |   4.5124370272155365e-03 | 1
  4, 25 |   0.0000000000000000e+00 |   0.0000000000000000e+00 | 1
  4, 26 |   0.0000000000000000e+00 |   0.0000000000000000e+00 | 1
  4, 27 |   0.0000000000000000e+00 |   0.0000000000000000e+00 | 1
  4, 28 |   2.7070374478632949e-03 |   2.7070374478632949e-03 | 1
  4, 29 |   0.0000000000000000e+00 |   0.0000000000000000e+00 | 1
  4, 30 |   0.0000000000000000e+00 |   0.0000000000000000e+00 | 1
  4, 31 |   7.1293967060188819e-03 |   7.1293967060188819e-03 | 1
  4, 32 |  -4.8204736696626156e-04 |  -4.8204736696626156e-04 | 1
  4, 33 |   0.0000000000000000e+00 |   0.0000000000000000e+00 | 1
  4, 34 |   4.0343196385733155e-03 |   4.0343196385733155e-03 | 1
  4, 35 |  -1.1996187943354528e-03 |  -1.1996187943354528e-03 | 1
  4, 36 |  -1.7846431350980970e-03 |  -1.7846431350980970e-03 | 1
  4, 37 |  -2.0465495479625620e-03 |  -2.0465495479625620e-03 | 1
  4, 38 |  -2.1242856816335730e-03 |  -2.1242856816335730e-03 | 1
  4, 39 |   2.4746395517703853e-03 |   2.4746395517703853e-03 | 1
  4, 40 |   8.7024466940668053e-04 |   8.7024466940668053e-04 | 1
  5,  1 |   0.0000000000000000e+00 |   0.0000000000000000e+00 | 1
  5,  2 |   0.0000000000000000e+00 |   0.0000000000000000e+00 | 1
  5,  3 |   0.0000000000000000e+00 |   0.0000000000000000e+00 | 1
  5,  4 |   0.0000000000000000e+00 |   0.0000000000000000e+00 | 1
  5,  5 |   0.0000000000000000e+00 |   0.0000000000000000e+00 | 1
  5,  6 |   0.0000000000000000e+00 |   0.0000000000000000e+00 | 1
  5,  7 |   0.0000000000000000e+00 |   0.0000000000000000e+00 | 1
  5,  8 |   0.0000000000000000e+00 |   0.0000000000000000e+00 | 1
  5,  9 |   0.0000000000000000e+00 |   0.0000000000000000e+00 | 1
  5, 10 |   0.0000000000000000e+00 |   0.0000000000000000e+00 | 1
  5, 11 |   0.0000000000000000e+00 |   0.0000000000000000e+00 | 1
  5, 12 |   0.0000000000000000e+00 |   0.0000000000000000e+00 | 1
  5, 13 |   0.0000000000000000e+00 |   0.0000000000000000e+00 | 1
  5, 14 |   0.0000000000000000e+00 |   0.0000000000000000e+00 | 1
  5, 15 |   0.0000000000000000e+00 |   0.0000000000000000e+00 | 1
  5, 16 |   0.0000000000000000e+00 |   0.0000000000000000e+00 | 1
  5, 17 |   0.0000000000000000e+00 |   0.0000000000000000e+00 | 1
  5, 18 |   0.0000000000000000e+00 |   0.0000000000000000e+00 | 1
  5, 19 |   0.0000000000000000e+00 |   0.0000000000000000e+00 | 1
  5, 20 |   0.0000000000000000e+00 |   0.0000000000000000e+00 | 1
  5, 21 |   0.0000000000000000e+00 |   0.0000000000000000e+00 | 1
  5, 22 |   0.0000000000000000e+00 |   0.0000000000000000e+00 | 1
  5, 23 |   0.0000000000000000e+00 |   0.0000000000000000e+00 | 1
  5, 24 |   0.0000000000000000e+00 |   0.0000000000000000e+00 | 1
  5, 25 |   0.0000000000000000e+00 |   0.0000000000000000e+00 | 1
  5, 26 |   0.0000000000000000e+00 |   0.0000000000000000e+00 | 1
  5, 27 |   0.0000000000000000e+00 |   0.0000000000000000e+00 | 1
  5, 28 |   0.0000000000000000e+00 |   0.0000000000000000e+00 | 1
  5, 29 |   0.0000000000000000e+00 |   0.0000000000000000e+00 | 1
  5, 30 |   0.0000000000000000e+00 |   0.0000000000000000e+00 | 1
  5, 31 |   0.0000000000000000e+00 |   0.0000000000000000e+00 | 1
  5, 32 |   0.0000000000000000e+00 |   0.0000000000000000e+00 | 1
  5, 33 |   0.0000000000000000e+00 |   0.0000000000000000e+00 | 1
  5, 34 |   0.0000000000000000e+00 |   0.0000000000000000e+00 | 1
  5, 35 |   0.0000000000000000e+00 |   0.0000000000000000e+00 | 1
  5, 36 |   0.0000000000000000e+00 |   0.0000000000000000e+00 | 1
  5, 37 |   0.0000000000000000e+00 |   0.0000000000000000e+00 | 1
  5, 38 |   0.0000000000000000e+00 |   0.0000000000000000e+00 | 1
  5, 39 |   0.0000000000000000e+00 |   0.0000000000000000e+00 | 1
  5, 40 |   0.0000000000000000e+00 |   0.0000000000000000e+00 | 1
  6,  1 |   0.0000000000000000e+00 |   0.0000000000000000e+00 | 1
  6,  2 |   0.0000000000000000e+00 |   0.0000000000000000e+00 | 1
  6,  3 |   0.0000000000000000e+00 |   0.0000000000000000e+00 | 1
  6,  4 |   0.0000000000000000e+00 |   0.0000000000000000e+00 | 1
  6,  5 |   0.0000000000000000e+00 |   0.0000000000000000e+00 | 1
  6,  6 |   0.0000000000000000e+00 |   0.0000000000000000e+00 | 1
  6,  7 |   0.0000000000000000e+00 |   0.0000000000000000e+00 | 1
  6,  8 |   0.0000000000000000e+00 |   0.0000000000000000e+00 | 1
  6,  9 |   0.0000000000000000e+00 |   0.0000000000000000e+00 | 1
  6, 10 |   0.0000000000000000e+00 |   0.0000000000000000e+00 | 1
  6, 11 |   0.0000000000000000e+00 |   0.0000000000000000e+00 | 1
  6, 12 |   0.0000000000000000e+00 |   0.0000000000000000e+00 | 1
  6, 13 |   0.0000000000000000e+00 |   0.0000000000000000e+00 | 1
  6, 14 |   0.0000000000000000e+00 |   0.0000000000000000e+00 | 1
  6, 15 |   0.0000000000000000e+00 |   0.0000000000000000e+00 | 1
  6, 16 |   0.0000000000000000e+00 |   0.0000000000000000e+00 | 1
  6, 17 |   0.0000000000000000e+00 |   0.0000000000000000e+00 | 1
  6, 18 |   0.0000000000000000e+00 |   0.0000000000000000e+00 | 1
  6, 19 |   0.0000000000000000e+00 |   0.0000000000000000e+00 | 1
  6, 20 |   0.0000000000000000e+00 |   0.0000000000000000e+00 | 1
  6, 21 |   0.0000000000000000e+00 |   0.0000000000000000e+00 | 1
  6, 22 |   0.0000000000000000e+00 |   0.0000000000000000e+00 | 1
  6, 23 |   0.0000000000000000e+00 |   0.0000000000000000e+00 | 1
  6, 24 |   0.0000000000000000e+00 |   0.0000000000000000e+00 | 1
  6, 25 |   0.0000000000000000e+00 |   0.0000000000000000e+00 | 1
  6, 26 |   0.0000000000000000e+00 |   0.0000000000000000e+00 | 1
  6, 27 |   0.0000000000000000e+00 |   0.0000000000000000e+00 | 1
  6, 28 |   0.0000000000000000e+00 |   0.0000000000000000e+00 | 1
  6, 29 |   0.0000000000000000e+00 |   0.0000000000000000e+00 | 1
  6, 30 |   0.0000000000000000e+00 |   0.0000000000000000e+00 | 1
  6, 31 |   0.0000000000000000e+00 |   0.0000000000000000e+00 | 1
  6, 32 |   0.0000000000000000e+00 |   0.0000000000000000e+00 | 1
  6, 33 |   0.0000000000000000e+00 |   0.0000000000000000e+00 | 1
  6, 34 |   0.0000000000000000e+00 |   0.0000000000000000e+00 | 1
  6, 35 |   0.0000000000000000e+00 |   0.0000000000000000e+00 | 1
  6, 36 |   0.0000000000000000e+00 |   0.0000000000000000e+00 | 1
  6, 37 |   0.0000000000000000e+00 |   0.0000000000000000e+00 | 1
  6, 38 |   0.0000000000000000e+00 |   0.0000000000000000e+00 | 1
  6, 39 |   0.0000000000000000e+00 |   0.0000000000000000e+00 | 1
  6, 40 |   0.0000000000000000e+00 |   0.0000000000000000e+00 | 1
  7,  1 |   0.0000000000000000e+00 |   0.0000000000000000e+00 | 1
  7,  2 |   0.0000000000000000e+00 |   0.0000000000000000e+00 | 1
  7,  3 |   0.0000000000000000e+00 |   0.0000000000000000e+00 | 1
  7,  4 |   0.0000000000000000e+00 |   0.0000000000000000e+00 | 1
  7,  5 |   0.0000000000000000e+00 |   0.0000000000000000e+00 | 1
  7,  6 |   0.0000000000000000e+00 |   0.0000000000000000e+00 | 1
  7,  7 |   0.0000000000000000e+00 |   0.0000000000000000e+00 | 1
  7,  8 |   0.0000000000000000e+00 |   0.0000000000000000e+00 | 1
  7,  9 |   0.0000000000000000e+00 |   0.0000000000000000e+00 | 1
  7, 10 |   0.0000000000000000e+00 |   0.0000000000000000e+00 | 1
  7, 11 |   0.0000000000000000e+00 |   0.0000000000000000e+00 | 1
  7, 12 |   0.0000000000000000e+00 |   0.0000000000000000e+00 | 1
  7, 13 |   0.0000000000000000e+00 |   0.0000000000000000e+00 | 1
  7, 14 |   0.0000000000000000e+00 |   0.0000000000000000e+00 | 1
  7, 15 |   0.0000000000000000e+00 |   0.0000000000000000e+00 | 1
  7, 16 |   0.0000000000000000e+00 |   0.0000000000000000e+00 | 1
  7, 17 |   0.0000000000000000e+00 |   0.0000000000000000e+00 | 1
  7, 18 |   0.0000000000000000e+00 |   0.0000000000000000e+00 | 1
  7, 19 |   0.0000000000000000e+00 |   0.0000000000000000e+00 | 1
  7, 20 |   0.0000000000000000e+00 |   0.0000000000000000e+00 | 1
  7, 21 |   0.0000000000000000e+00 |   0.0000000000000000e+00 | 1
  7, 22 |   0.0000000000000000e+00 |   0.0000000000000000e+00 | 1
  7, 23 |   0.0000000000000000e+00 |   0.0000000000000000e+00 | 1
  7, 24 |   0.0000000000000000e+00 |   0.0000000000000000e+00 | 1
  7, 25 |   0.0000000000000000e+00 |   0.0000000000000000e+00 | 1
  7, 26 |   0.0000000000000000e+00 |   0.0000000000000000e+00 | 1
  7, 27 |   0.0000000000000000e+00 |   0.0000000000000000e+00 | 1
  7, 28 |   0.0000000000000000e+00 |   0.0000000000000000e+00 | 1
  7, 29 |   0.0000000000000000e+00 |   0.0000000000000000e+00 | 1
  7, 30 |   0.0000000000000000e+00 |   0.0000000000000000e+00 | 1
  7, 31 |   0.0000000000000000e+00 |   0.0000000000000000e+00 | 1
  7, 32 |   0.0000000000000000e+00 |   0.0000000000000000e+00 | 1
  7, 33 |   0.0000000000000000e+00 |   0.0000000000000000e+00 | 1
  7, 34 |   0.0000000000000000e+00 |   0.0000000000000000e+00 | 1
  7, 35 |   0.0000000000000000e+00 |   0.0000000000000000e+00 | 1
  7, 36 |   0.0000000000000000e+00 |   0.0000000000000000e+00 | 1
  7, 37 |   0.0000000000000000e+00 |   0.0000000000000000e+00 | 1
  7, 38 |   0.0000000000000000e+00 |   0.0000000000000000e+00 | 1
  7, 39 |   0.0000000000000000e+00 |   0.0000000000000000e+00 | 1
  7, 40 |   0.0000000000000000e+00 |   0.0000000000000000e+00 | 1
  8,  1 |   2.7030464100518581e-03 |   2.7030464100518581e-03 | 1
  8,  2 |   2.1027822606726285e-03 |   2.1027822606726285e-03 | 1
  8,  3 |   0.0000000000000000e+00 |   0.0000000000000000e+00 | 1
  8,  4 |   1.7197396163235817e-03 |   1.7197396163235817e-03 | 1
  8,  5 |   0.0000000000000000e+00 |   0.0000000000000000e+00 | 1
  8,  6 |   0.0000000000000000e+00 |   0.0000000000000000e+00 | 1
  8,  7 |   0.0000000000000000e+00 |   0.0000000000000000e+00 | 1
  8,  8 |   4.9995096516973871e-03 |   4.9995096516973871e-03 | 1
  8,  9 |   3.4268965407950216e-03 |   3.4268965407950216e-03 | 1
  8, 10 |   0.0000000000000000e+00 |   0.0000000000000000e+00 | 1
  8, 11 |   0.0000000000000000e+00 |   0.0000000000000000e+00 | 1
  8, 12 |   5.7339488514376698e-05 |   5.7339488514376698e-05 | 1
  8, 13 |   0.0000000000000000e+00 |   0.0000000000000000e+00 | 1
  8, 14 |   0.0000000000000000e+00 |   0.0000000000000000e+00 | 1
  8, 15 |   0.0000000000000000e+00 |   0.0000000000000000e+00 | 1
  8, 16 |   2.0082988531506646e-03 |   2.0082988531506646e-03 | 1
  8, 17 |   2.4147453504015852e-03 |   2.4147453504015852e-03 | 1
  8, 18 |   0.0000000000000000e+00 |   0.0000000000000000e+00 | 1
  8, 19 |   0.0000000000000000e+00 |   0.0000000000000000e+00 | 1
  8, 20 |   0.0000000000000000e+00 |   0.0000000000000000e+00 | 1
  8, 21 |   0.0000000000000000e+00 |   0.0000000000000000e+00 | 1
  8, 22 |   0.0000000000000000e+00 |   0.0000000000000000e+00 | 1
  8, 23 |   0.0000000000000000e+00 |   0.0000000000000000e+00 | 1
  8, 24 |   6.5957003767391888e-03 |   6.5957003767391888e-03 | 1
  8, 25 |   0.0000000000000000e+00 |   0.0000000000000000e+00 | 1
  8, 26 |   0.0000000000000000e+00 |   0.0000000000000000e+00 | 1
  8, 27 |   0.0000000000000000e+00 |   0.0000000000000000e+00 | 1
  8, 28 |   3.9132267889932567e-03 |   3.9132267889932567e-03 | 1
  8, 29 |   0.0000000000000000e+00 |   0.0000000000000000e+00 | 1
  8, 30 |   0.0000000000000000e+00 |   0.0000000000000000e+00 | 1
  8, 31 |   3.3195804993415906e-03 |   3.3195804993415906e-03 | 1
  8, 32 |  -1.4240201041834741e-03 |  -1.4240201041834741e-03 | 1
  8, 33 |   0.0000000000000000e+00 |   0.0000000000000000e+00 | 1
  8, 34 |   5.3112394436258207e-03 |   5.3112394436258207e-03 | 1
  8, 35 |  -6.4902559696024048e-04 |  -6.4902559696024048e-04 | 1
  8, 36 |  -1.1127103851241000e-03 |  -1.1127103851241000e-03 | 1
  8, 37 |  -1.9002050988368015e-03 |  -1.9002050988368015e-03 | 1
  8, 38 |  -2.6005910950247955e-03 |  -2.6005910950247955e-03 | 1
  8, 39 |   1.9785844351487320e-03 |   1.9785844351487320e-03 | 1
  8, 40 |   2.3102656803900253e-03 |   2.3102656803900253e-03 | 1
  9,  1 |   5.0476728964562448e-03 |   5.0476728964562448e-03 | 1
  9,  2 |   8.8696951476270711e-04 |   8.8696951476270711e-04 | 1
  9,  3 |   0.0000000000000000e+00 |   0.0000000000000000e+00 | 1
  9,  4 |   3.2886195929866932e-03 |   3.2886195929866932e-03 | 1
  9,  5 |   0.0000000000000000e+00 |   0.0000000000000000e+00 | 1
  9,  6 |   0.0000000000000000e+00 |   0.0000000000000000e+00 | 1
  9,  7 |   0.0000000000000000e+00 |   0.0000000000000000e+00 | 1
  9,  8 |   3.4268965407950216e-03 |   3.4268965407950216e-03 | 1
  9,  9 |   2.4351221549292954e-02 |   2.4351221549292954e-02 | 1
  9, 10 |   0.0000000000000000e+00 |   0.0000000000000000e+00 | 1
  9, 11 |   0.0000000000000000e+00 |   0.0000000000000000e+00 | 1
  9, 12 |   5.6738955292933869e-03 |   5.6738955292933869e-03 | 1
  9, 13 |   0.0000000000000000e+00 |   0.0000000000000000e+00 | 1
  9, 14 |   0.0000000000000000e+00 |   0.0000000000000000e+00 | 1
  9, 15 |   0.0000000000000000e+00 |   0.0000000000000000e+00 | 1
  9, 16 |   1.0408262485572730e-03 |   1.0408262485572730e-03 | 1
  9, 17 |   4.4368299443388213e-03 |   4.4368299443388213e-03 | 1
  9, 18 |   0.0000000000000000e+00 |   0.0000000000000000e+00 | 1
  9, 19 |   0.0000000000000000e+00 |   0.0000000000000000e+00 | 1
  9, 20 |   0.0000000000000000e+00 |   0.0000000000000000e+00 | 1
  9, 21 |   0.0000000000000000e+00 |   0.0000000000000000e+00 | 1
  9, 22 |   0.0000000000000000e+00 |   0.0000000000000000e+00 | 1
  9, 23 |   0.0000000000000000e+00 |   0.0000000000000000e+00 | 1
  9, 24 |   6.9912225394825655e-03 |   6.9912225394825655e-03 | 1
  9, 25 |   0.0000000000000000e+00 |   0.0000000000000000e+00 | 1
  9, 26 |   0.0000000000000000e+00 |   0.0000000000000000e+00 | 1
  9, 27 |   0.0000000000000000e+00 |   0.0000000000000000e+00 | 1
  9, 28 |   9.1196650247040000e-03 |   9.1196650247040000e-03 | 1
  9, 29 |   0.0000000000000000e+00 |   0.0000000000000000e+00 | 1
  9, 30 |   0.0000000000000000e+00 |   0.0000000000000000e+00 | 1
  9, 31 |   4.2514453766933098e-03 |   4.2514453766933098e-03 | 1
  9, 32 |   5.3492462240131472e-04 |   5.3492462240131472e-04 | 1
  9, 33 |   0.0000000000000000e+00 |   0.0000000000000000e+00 | 1
  9, 34 |   4.8447690942281353e-03 |   4.8447690942281353e-03 | 1
  9, 35 |  -8.9335235718703302e-04 |  -8.9335235718703302e-04 | 1
  9, 36 |  -1.9814257391114298e-03 |  -1.9814257391114298e-03 | 1
  9, 37 |  -9.8150660156539520e-04 |  -9.8150660156539520e-04 | 1
  9, 38 |  -3.3659540371182607e-03 |  -3.3659540371182607e-03 | 1
  9, 39 |   5.1380731398330999e-03 |   5.1380731398330999e-03 | 1
  9, 40 |  -1.1121544908017553e-03 |  -1.1121544908017553e-03 | 1
 10,  1 |   0.0000000000000000e+00 |   0.0000000000000000e+00 | 1
 10,  2 |   0.0000000000000000e+00 |   0.0000000000000000e+00 | 1
 10,  3 |   0.0000000000000000e+00 |   0.0000000000000000e+00 | 1
 10,  4 |   0.0000000000000000e+00 |   0.0000000000000000e+00 | 1
 10,  5 |   0.0000000000000000e+00 |   0.0000000000000000e+00 | 1
 10,  6 |   0.0000000000000000e+00 |   0.0000000000000000e+00 | 1
 10,  7 |   0.0000000000000000e+00 |   0.0000000000000000e+00 | 1
 10,  8 |   0.0000000000000000e+00 |   0.0000000000000000e+00 | 1
 10,  9 |   0.0000000000000000e+00 |   0.0000000000000000e+00 | 1
 10, 10 |   0.0000000000000000e+00 |   0.0000000000000000e+00 | 1
 10, 11 |   0.0000000000000000e+00 |   0.0000000000000000e+00 | 1
 10, 12 |   0.0000000000000000e+00 |   0.0000000000000000e+00 | 1
 10, 13 |   0.0000000000000000e+00 |   0.0000000000000000e+00 | 1
 10, 14 |   0.0000000000000000e+00 |   0.0000000000000000e+00 | 1
 10, 15 |   0.0000000000000000e+00 |   0.0000000000000000e+00 | 1
 10, 16 |   0.0000000000000000e+00 |   0.0000000000000000e+00 | 1
 10, 17 |   0.0000000000000000e+00 |   0.0000000000000000e+00 | 1
 10, 18 |   0.0000000000000000e+00 |   0.0000000000000000e+00 | 1
 10, 19 |   0.0000000000000000e+00 |   0.0000000000000000e+00 | 1
 10, 20 |   0.0000000000000000e+00 |   0.0000000000000000e+00 | 1
 10, 21 |   0.0000000000000000e+00 |   0.0000000000000000e+00 | 1
 10, 22 |   0.0000000000000000e+00 |   0.0000000000000000e+00 | 1
 10, 23 |   0.0000000000000000e+00 |   0.0000000000000000e+00 | 1
 10, 24 |   0.0000000000000000e+00 |   0.0000000000000000e+00 | 1
 10, 25 |   0.0000000000000000e+00 |   0.0000000000000000e+00 | 1
 10, 26 |   0.0000000000000000e+00 |   0.0000000000000000e+00 | 1
 10, 27 |   0.0000000000000000e+00 |   0.0000000000000000e+00 | 1
 10, 28 |   0.0000000000000000e+00 |   0.0000000000000000e+00 | 1
 10, 29 |   0.0000000000000000e+00 |   0.0000000000000000e+00 | 1
 10, 30 |   0.0000000000000000e+00 |   0.0000000000000000e+00 | 1
 10, 31 |   0.0000000000000000e+00 |   0.0000000000000000e+00 | 1
 10, 32 |   0.0000000000000000e+00 |   0.0000000000000000e+00 | 1
 10, 33 |   0.0000000000000000e+00 |   0.0000000000000000e+00 | 1
 10, 34 |   0.0000000000000000e+00 |   0.0000000000000000e+00 | 1
 10, 35 |   0.0000000000000000e+00 |   0.0000000000000000e+00 | 1
 10, 36 |   0.0000000000000000e+00 |   0.0000000000000000e+00 | 1
 10, 37 |   0.0000000000000000e+00 |   0.0000000000000000e+00 | 1
 10, 38 |   0.0000000000000000e+00 |   0.0000000000000000e+00 | 1
 10, 39 |   0.0000000000000000e+00 |   0.0000000000000000e+00 | 1
 10, 40 |   0.0000000000000000e+00 |   0.0000000000000000e+00 | 1
 11,  1 |   0.0000000000000000e+00 |   0.0000000000000000e+00 | 1
 11,  2 |   0.0000000000000000e+00 |   0.0000000000000000e+00 | 1
 11,  3 |   0.0000000000000000e+00 |   0.0000000000000000e+00 | 1
 11,  4 |   0.0000000000000000e+00 |   0.0000000000000000e+00 | 1
 11,  5 |   0.0000000000000000e+00 |   0.0000000000000000e+00 | 1
 11,  6 |   0.0000000000000000e+00 |   0.0000000000000000e+00 | 1
 11,  7 |   0.0000000000000000e+00 |   0.0000000000000000e+00 | 1
 11,  8 |   0.0000000000000000e+00 |   0.0000000000000000e+00 | 1
 11,  9 |   0.0000000000000000e+00 |   0.0000000000000000e+00 | 1
 11, 10 |   0.0000000000000000e+00 |   0.0000000000000000e+00 | 1
 11, 11 |   0.0000000000000000e+00 |   0.0000000000000000e+00 | 1
 11, 12 |   0.0000000000000000e+00 |   0.0000000000000000e+00 | 1
 11, 13 |   0.0000000000000000e+00 |   0.0000000000000000e+00 | 1
 11, 14 |   0.0000000000000000e+00 |   0.0000000000000000e+00 | 1
 11, 15 |   0.0000000000000000e+00 |   0.0000000000000000e+00 | 1
 11, 16 |   0.0000000000000000e+00 |   0.0000000000000000e+00 | 1
 11, 17 |   0.0000000000000000e+00 |   0.0000000000000000e+00 | 1
 11, 18 |   0.0000000000000000e+00 |   0.0000000000000000e+00 | 1
 11, 19 |   0.0000000000000000e+00 |   0.0000000000000000e+00 | 1
 11, 20 |   0.0000000000000000e+00 |   0.0000000000000000e+00 | 1
 11, 21 |   0.0000000000000000e+00 |   0.0000000000000000e+00 | 1
 11, 22 |   0.0000000000000000e+00 |   0.0000000000000000e+00 | 1
 11, 23 |   0.0000000000000000e+00 |   0.0000000000000000e+00 | 1
 11, 24 |   0.0000000000000000e+00 |   0.0000000000000000e+00 | 1
 11, 25 |   0.0000000000000000e+00 |   0.0000000000000000e+00 | 1
 11, 26 |   0.0000000000000000e+00 |   0.0000000000000000e+00 | 1
 11, 27 |   0.0000000000000000e+00 |   0.0000000000000000e+00 | 1
 11, 28 |   0.0000000000000000e+00 |   0.0000000000000000e+00 | 1
 11, 29 |   0.0000000000000000e+00 |   0.0000000000000000e+00 | 1
 11, 30 |   0.0000000000000000e+00 |   0.0000000000000000e+00 | 1
 11, 31 |   0.0000000000000000e+00 |   0.0000000000000000e+00 | 1
 11, 32 |   0.0000000000000000e+00 |   0.0000000000000000e+00 | 1
 11, 33 |   0.0000000000000000e+00 |   0.0000000000000000e+00 | 1
 11, 34 |   0.0000000000000000e+00 |   0.0000000000000000e+00 | 1
 11, 35 |   0.0000000000000000e+00 |   0.0000000000000000e+00 | 1
 11, 36 |   0.0000000000000000e+00 |   0.0000000000000000e+00 | 1
 11, 37 |   0.0000000000000000e+00 |   0.0000000000000000e+00 | 1
 11, 38 |   0.0000000000000000e+00 |   0.0000000000000000e+00 | 1
 11, 39 |   0.0000000000000000e+00 |   0.0000000000000000e+00 | 1
 11, 40 |   0.0000000000000000e+00 |   0.0000000000000000e+00 | 1
 12,  1 |   1.6785454941309636e-03 |   1.6785454941309636e-03 | 1
 12,  2 |  -4.6762081201203489e-04 |  -4.6762081201203489e-04 | 1
 12,  3 |   0.0000000000000000e+00 |   0.0000000000000000e+00 | 1
 12,  4 |   1.3998746303664020e-03 |   1.3998746303664020e-03 | 1
 12,  5 |   0.0000000000000000e+00 |   0.0000000000000000e+00 | 1
 12,  6 |   0.0000000000000000e+00 |   0.0000000000000000e+00 | 1
 12,  7 |   0.0000000000000000e+00 |   0.0000000000000000e+00 | 1
 12,  8 |   5.7339488514376698e-05 |   5.7339488514376698e-05 | 1
 12,  9 |   5.6738955292933869e-03 |   5.6738955292933869e-03 | 1
 12, 10 |   0.0000000000000000e+00 |   0.0000000000000000e+00 | 1
 12, 11 |   0.0000000000000000e+00 |   0.0000000000000000e+00 | 1
 12, 12 |   1.2607705560997056e-02 |   1.2607705560997056e-02 | 1
 12, 13 |   0.0000000000000000e+00 |   0.0000000000000000e+00 | 1
 12, 14 |   0.0000000000000000e+00 |   0.0000000000000000e+00 | 1
 12, 15 |   0.0000000000000000e+00 |   0.0000000000000000e+00 | 1
 12, 16 |  -1.0609782330661930e-03 |  -1.0609782330661930e-03 | 1
 12, 17 |   1.1836104139062035e-03 |   1.1836104139062035e-03 | 1
 12, 18 |   0.0000000000000000e+00 |   0.0000000000000000e+00 | 1
 12, 19 |   0.0000000000000000e+00 |   0.0000000000000000e+00 | 1
 12, 20 |   0.0000000000000000e+00 |   0.0000000000000000e+00 | 1
 12, 21 |   0.0000000000000000e+00 |   0.0000000000000000e+00 | 1
 12, 22 |   0.0000000000000000e+00 |   0.0000000000000000e+00 | 1
 12, 23 |   0.0000000000000000e+00 |   0.0000000000000000e+00 | 1
 12, 24 |   3.1368081313421824e-03 |   3.1368081313421824e-03 | 1
 12, 25 |   0.0000000000000000e+00 |   0.0000000000000000e+00 | 1
 12, 26 |   0.0000000000000000e+00 |   0.0000000000000000e+00 | 1
 12, 27 |   0.0000000000000000e+00 |   0.0000000000000000e+00 | 1
 12, 28 |   2.0153872506641158e-03 |   2.0153872506641158e-03 | 1
 12, 29 |   0.0000000000000000e+00 |   0.0000000000000000e+00 | 1
 12, 30 |   0.0000000000000000e+00 |   0.0000000000000000e+00 | 1
 12, 31 |   2.5557240932427053e-03 |   2.5557240932427053e-03 | 1
 12, 32 |   4.5258399429927562e-04 |   4.5258399429927562e-04 | 1
 12, 33 |   0.0000000000000000e+00 |   0.0000000000000000e+00 | 1
 12, 34 |   1.7699390946086446e-03 |   1.7699390946086446e-03 | 1
 12, 35 |  -6.4578769343236027e-05 |  -6.4578769343236027e-05 | 1
 12, 36 |  -1.1548137631268447e-03 |  -1.1548137631268447e-03 | 1
 12, 37 |  -9.7741974797088704e-04 |  -9.7741974797088704e-04 | 1
 12, 38 |  -1.4337671214724504e-03 |  -1.4337671214724504e-03 | 1
 12, 39 |   1.8546573165581551e-03 |   1.8546573165581551e-03 | 1
 12, 40 |   4.6837386225006205e-04 |   4.6837386225006205e-04 | 1
 13,  1 |   0.0000000000000000e+00 |   0.0000000000000000e+00 | 1
 13,  2 |   0.0000000000000000e+00 |   0.0000000000000000e+00 | 1
 13,  3 |   0.0000000000000000e+00 |   0.0000000000000000e+00 | 1
 13,  4 |   0.0000000000000000e+00 |   0.0000000000000000e+00 | 1
 13,  5 |   0.0000000000000000e+00 |   0.0000000000000000e+00 | 1
 13,  6 |   0.0000000000000000e+00 |   0.0000000000000000e+00 | 1
 13,  7 |   0.0000000000000000e+00 |   0.0000000000000000e+00 | 1
 13,  8 |   0.0000000000000000e+00 |   0.0000000000000000e+00 | 1
 13,  9 |   0.0000000000000000e+00 |   0.0000000000000000e+00 | 1
 13, 10 |   0.0000000000000000e+00 |   0.0000000000000000e+00 | 1
 13, 11 |   0.0000000000000000e+00 |   0.0000000000000000e+00 | 1
 13, 12 |   0.0000000000000000e+00 |   0.0000000000000000e+00 | 1
 13, 13 |   0.0000000000000000e+00 |   0.0000000000000000e+00 | 1
 13, 14 |   0.0000000000000000e+00 |   0.0000000000000000e+00 | 1
 13, 15 |   0.0000000000000000e+00 |   0.0000000000000000e+00 | 1
 13, 16 |   0.0000000000000000e+00 |   0.0000000000000000e+00 | 1
 13, 17 |   0.0000000000000000e+00 |   0.0000000000000000e+00 | 1
 13, 18 |   0.0000000000000000e+00 |   0.0000000000000000e+00 | 1
 13, 19 |   0.0000000000000000e+00 |   0.0000000000000000e+00 | 1
 13, 20 |   0.0000000000000000e+00 |   0.0000000000000000e+00 | 1
 13, 21 |   0.0000000000000000e+00 |   0.0000000000000000e+00 | 1
 13, 22 |   0.0000000000000000e+00 |   0.0000000000000000e+00 | 1
 13, 23 |   0.0000000000000000e+00 |   0.0000000000000000e+00 | 1
 13, 24 |   0.0000000000000000e+00 |   0.0000000000000000e+00 | 1
 13, 25 |   0.0000000000000000e+00 |   0.0000000000000000e+00 | 1
 13, 26 |   0.0000000000000000e+00 |   0.0000000000000000e+00 | 1
 13, 27 |   0.0000000000000000e+00 |   0.0000000000000000e+00 | 1
 13, 28 |   0.0000000000000000e+00 |   0.0000000000000000e+00 | 1
 13, 29 |   0.0000000000000000e+00 |   0.0000000000000000e+00 | 1
 13, 30 |   0.0000000000000000e+00 |   0.0000000000000000e+00 | 1
 13, 31 |   0.0000000000000000e+00 |   0.0000000000000000e+00 | 1
 13, 32 |   0.0000000000000000e+00 |   0.0000000000000000e+00 | 1
 13, 33 |   0.0000000000000000e+00 |   0.0000000000000000e+00 | 1
 13, 34 |   0.0000000000000000e+00 |   0.0000000000000000e+00 | 1
 13, 35 |   0.0000000000000000e+00 |   0.0000000000000000e+00 | 1
 13, 36 |   0.0000000000000000e+00 |   0.0000000000000000e+00 | 1
 13, 37 |   0.0000000000000000e+00 |   0.0000000000000000e+00 | 1
 13, 38 |   0.0000000000000000e+00 |   0.0000000000000000e+00 | 1
 13, 39 |   0.0000000000000000e+00 |   0.0000000000000000e+00 | 1
 13, 40 |   0.0000000000000000e+00 |   0.0000000000000000e+00 | 1
 14,  1 |   0.0000000000000000e+00 |   0.0000000000000000e+00 | 1
 14,  2 |   0.0000000000000000e+00 |   0.0000000000000000e+00 | 1
 14,  3 |   0.0000000000000000e+00 |   0.0000000000000000e+00 | 1
 14,  4 |   0.0000000000000000e+00 |   0.0000000000000000e+00 | 1
 14,  5 |   0.0000000000000000e+00 |   0.0000000000000000e+00 | 1
 14,  6 |   0.0000000000000000e+00 |   0.0000000000000000e+00 | 1
 14,  7 |   0.0000000000000000e+00 |   0.0000000000000000e+00 | 1
 14,  8 |   0.0000000000000000e+00 |   0.0000000000000000e+00 | 1
 14,  9 |   0.0000000000000000e+00 |   0.0000000000000000e+00 | 1
 14, 10 |   0.0000000000000000e+00 |   0.0000000000000000e+00 | 1
 14, 11 |   0.0000000000000000e+00 |   0.0000000000000000e+00 | 1
 14, 12 |   0.0000000000000000e+00 |   0.0000000000000000e+00 | 1
 14, 13 |   0.0000000000000000e+00 |   0.0000000000000000e+00 | 1
 14, 14 |   0.0000000000000000e+00 |   0.0000000000000000e+00 | 1
 14, 15 |   0.0000000000000000e+00 |   0.0000000000000000e+00 | 1
 14, 16 |   0.0000000000000000e+00 |   0.0000000000000000e+00 | 1
 14, 17 |   0.0000000000000000e+00 |   0.0000000000000000e+00 | 1
 14, 18 |   0.0000000000000000e+00 |   0.0000000000000000e+00 | 1
 14, 19 |   0.0000000000000000e+00 |   0.0000000000000000e+00 | 1
 14, 20 |   0.0000000000000000e+00 |   0.0000000000000000e+00 | 1
 14, 21 |   0.0000000000000000e+00 |   0.0000000000000000e+00 | 1
 14, 22 |   0.0000000000000000e+00 |   0.0000000000000000e+00 | 1
 14, 23 |   0.0000000000000000e+00 |   0.0000000000000000e+00 | 1
 14, 24 |   0.0000000000000000e+00 |   0.0000000000000000e+00 | 1
 14, 25 |   0.0000000000000000e+00 |   0.0000000000000000e+00 | 1
 14, 26 |   0.0000000000000000e+00 |   0.0000000000000000e+00 | 1
 14, 27 |   0.0000000000000000e+00 |   0.0000000000000000e+00 | 1
 14, 28 |   0.0000000000000000e+00 |   0.0000000000000000e+00 | 1
 14, 29 |   0.0000000000000000e+00 |   0.0000000000000000e+00 | 1
 14, 30 |   0.0000000000000000e+00 |   0.0000000000000000e+00 | 1
 14, 31 |   0.0000000000000000e+00 |   0.0000000000000000e+00 | 1
 14, 32 |   0.0000000000000000e+00 |   0.0000000000000000e+00 | 1
 14, 33 |   0.0000000000000000e+00 |   0.0000000000000000e+00 | 1
 14, 34 |   0.0000000000000000e+00 |   0.0000000000000000e+00 | 1
 14, 35 |   0.0000000000000000e+00 |   0.0000000000000000e+00 | 1
 14, 36 |   0.0000000000000000e+00 |   0.0000000000000000e+00 | 1
 14, 37 |   0.0000000000000000e+00 |   0.0000000000000000e+00 | 1
 14, 38 |   0.0000000000000000e+00 |   0.0000000000000000e+00 | 1
 14, 39 |   0.0000000000000000e+00 |   0.0000000000000000e+00 | 1
 14, 40 |   0.0000000000000000e+00 |   0.0000000000000000e+00 | 1
 15,  1 |   0.0000000000000000e+00 |   0.0000000000000000e+00 | 1
 15,  2 |   0.0000000000000000e+00 |   0.0000000000000000e+00 | 1
 15,  3 |   0.0000000000000000e+00 |   0.0000000000000000e+00 | 1
 15,  4 |   0.0000000000000000e+00 |   0.0000000000000000e+00 | 1
 15,  5 |   0.0000000000000000e+00 |   0.0000000000000000e+00 | 1
 15,  6 |   0.0000000000000000e+00 |   0.0000000000000000e+00 | 1
 15,  7 |   0.0000000000000000e+00 |   0.0000000000000000e+00 | 1
 15,  8 |   0.0000000000000000e+00 |   0.0000000000000000e+00 | 1
 15,  9 |   0.0000000000000000e+00 |   0.0000000000000000e+00 | 1
 15, 10 |   0.0000000000000000e+00 |   0.0000000000000000e+00 | 1
 15, 11 |   0.0000000000000000e+00 |   0.0000000000000000e+00 | 1
 15, 12 |   0.0000000000000000e+00 |   0.0000000000000000e+00 | 1
 15, 13 |   0.0000000000000000e+00 |   0.0000000000000000e+00 | 1
 15, 14 |   0.0000000000000000e+00 |   0.0000000000000000e+00 | 1
 15, 15 |   0.0000000000000000e+00 |   0.0000000000000000e+00 | 1
 15, 16 |   0.0000000000000000e+00 |   0.0000000000000000e+00 | 1
 15, 17 |   0.0000000000000000e+00 |   0.0000000000000000e+00 | 1
 15, 18 |   0.0000000000000000e+00 |   0.0000000000000000e+00 | 1
 15, 19 |   0.0000000000000000e+00 |   0.0000000000000000e+00 | 1
 15, 20 |   0.0000000000000000e+00 |   0.0000000000000000e+00 | 1
 15, 21 |   0.0000000000000000e+00 |   0.0000000000000000e+00 | 1
 15, 22 |   0.0000000000000000e+00 |   0.0000000000000000e+00 | 1
 15, 23 |   0.0000000000000000e+00 |   0.0000000000000000e+00 | 1
 15, 24 |   0.0000000000000000e+00 |   0.0000000000000000e+00 | 1
 15, 25 |   0.0000000000000000e+00 |   0.0000000000000000e+00 | 1
 15, 26 |   0.0000000000000000e+00 |   0.0000000000000000e+00 | 1
 15, 27 |   0.0000000000000000e+00 |   0.0000000000000000e+00 | 1
 15, 28 |   0.0000000000000000e+00 |   0.0000000000000000e+00 | 1
 15, 29 |   0.0000000000000000e+00 |   0.0000000000000000e+00 | 1
 15, 30 |   0.0000000000000000e+00 |   0.0000000000000000e+00 | 1
 15, 31 |   0.0000000000000000e+00 |   0.0000000000000000e+00 | 1
 15, 32 |   0.0000000000000000e+00 |   0.0000000000000000e+00 | 1
 15, 33 |   0.0000000000000000e+00 |   0.0000000000000000e+00 | 1
 15, 34 |   0.0000000000000000e+00 |   0.0000000000000000e+00 | 1
 15, 35 |   0.0000000000000000e+00 |   0.0000000000000000e+00 | 1
 15, 36 |   0.0000000000000000e+00 |   0.0000000000000000e+00 | 1
 15, 37 |   0.0000000000000000e+00 |   0.0000000000000000e+00 | 1
 15, 38 |   0.0000000000000000e+00 |   0.0000000000000000e+00 | 1
 15, 39 |   0.0000000000000000e+00 |   0.0000000000000000e+00 | 1
 15, 40 |   0.0000000000000000e+00 |   0.0000000000000000e+00 | 1
 16,  1 |   1.2066897207875414e-03 |   1.2066897207875414e-03 | 1
 16,  2 |   1.4662675152254927e-03 |   1.4662675152254927e-03 | 1
 16,  3 |   0.0000000000000000e+00 |   0.0000000000000000e+00 | 1
 16,  4 |   1.0635381967781399e-03 |   1.0635381967781399e-03 | 1
 16,  5 |   0.0000000000000000e+00 |   0.0000000000000000e+00 | 1
 16,  6 |   0.0000000000000000e+00 |   0.0000000000000000e+00 | 1
 16,  7 |   0.0000000000000000e+00 |   0.0000000000000000e+00 | 1
 16,  8 |   2.0082988531506646e-03 |   2.0082988531506646e-03 | 1
 16,  9 |   1.0408262485572730e-03 |   1.0408262485572730e-03 | 1
 16, 10 |   0.0000000000000000e+00 |   0.0000000000000000e+00 | 1
 16, 11 |   0.0000000000000000e+00 |   0.0000000000000000e+00 | 1
 16, 12 |  -1.0609782330661930e-03 |  -1.0609782330661930e-03 | 1
 16, 13 |   0.0000000000000000e+00 |   0.0000000000000000e+00 | 1
 16, 14 |   0.0000000000000000e+00 |   0.0000000000000000e+00 | 1
 16, 15 |   0.0000000000000000e+00 |   0.0000000000000000e+00 | 1
 16, 16 |   5.9156781062684651e-03 |   5.9156781062684651e-03 | 1
 16, 17 |   3.0946252745968211e-03 |   3.0946252745968211e-03 | 1
 16, 18 |   0.0000000000000000e+00 |   0.0000000000000000e+00 | 1
 16, 19 |   0.0000000000000000e+00 |   0.0000000000000000e+00 | 1
 16, 20 |   0.0000000000000000e+00 |   0.0000000000000000e+00 | 1
 16, 21 |   0.0000000000000000e+00 |   0.0000000000000000e+00 | 1
 16, 22 |   0.0000000000000000e+00 |   0.0000000000000000e+00 | 1
 16, 23 |   0.0000000000000000e+00 |   0.0000000000000000e+00 | 1
 16, 24 |   6.1070341236395950e-03 |   6.1070341236395950e-03 | 1
 16, 25 |   0.0000000000000000e+00 |   0.0000000000000000e+00 | 1
 16, 26 |   0.0000000000000000e+00 |   0.0000000000000000e+00 | 1
 16, 27 |   0.0000000000000000e+00 |   0.0000000000000000e+00 | 1
 16, 28 |   4.2926507380081722e-03 |   4.2926507380081722e-03 | 1
 16, 29 |   0.0000000000000000e+00 |   0.0000000000000000e+00 | 1
 16, 30 |   0.0000000000000000e+00 |   0.0000000000000000e+00 | 1
 16, 31 |   4.2080110139716704e-03 |   4.2080110139716704e-03 | 1
 16, 32 |  -3.4377175418684939e-03 |  -3.4377175418684939e-03 | 1
 16, 33 |   0.0000000000000000e+00 |   0.0000000000000000e+00 | 1
 16, 34 |   6.6744748423429867e-03 |   6.6744748423429867e-03 | 1
 16, 35 |  -4.2888297991762285e-04 |  -4.2888297991762285e-04 | 1
 16, 36 |  -8.8693252804814557e-04 |  -8.8693252804814557e-04 | 1
 16, 37 |  -1.7361511572156338e-03 |  -1.7361511572156338e-03 | 1
 16, 38 |  -1.3293052634821125e-03 |  -1.3293052634821125e-03 | 1
 16, 39 |   8.9885669053688523e-04 |   8.9885669053688523e-04 | 1
 16, 40 |   3.9186555327568370e-03 |   3.9186555327568370e-03 | 1
 17,  1 |   2.8217434944687037e-03 |   2.8217434944687037e-03 | 1
 17,  2 |   2.7205065572552373e-03 |   2.7205065572552373e-03 | 1
 17,  3 |   0.0000000000000000e+00 |   0.0000000000000000e+00 | 1
 17,  4 |   2.3855663825538206e-03 |   2.3855663825538206e-03 | 1
 17,  5 |   0.0000000000000000e+00 |   0.0000000000000000e+00 | 1
 17,  6 |   0.0000000000000000e+00 |   0.0000000000000000e+00 | 1
 17,  7 |   0.0000000000000000e+00 |   0.0000000000000000e+00 | 1
 17,  8 |   2.4147453504015852e-03 |   2.4147453504015852e-03 | 1
 17,  9 |   4.4368299443388213e-03 |   4.4368299443388213e-03 | 1
 17, 10 |   0.0000000000000000e+00 |   0.0000000000000000e+00 | 1
 17, 11 |   0.0000000000000000e+00 |   0.0000000000000000e+00 | 1
 17, 12 |   1.1836104139062035e-03 |   1.1836104139062035e-03 | 1
 17, 13 |   0.0000000000000000e+00 |   0.0000000000000000e+00 | 1
 17, 14 |   0.0000000000000000e+00 |   0.0000000000000000e+00 | 1
 17, 15 |   0.0000000000000000e+00 |   0.0000000000000000e+00 | 1
 17, 16 |   3.0946252745968211e-03 |   3.0946252745968211e-03 | 1
 17, 17 |   6.9351053979641491e-03 |   6.9351053979641491e-03 | 1
 17, 18 |   0.0000000000000000e+00 |   0.0000000000000000e+00 | 1
 17, 19 |   0.0000000000000000e+00 |   0.0000000000000000e+00 | 1
 17, 20 |   0.0000000000000000e+00 |   0.0000000000000000e+00 | 1
 17, 21 |   0.0000000000000000e+00 |   0.0000000000000000e+00 | 1
 17, 22 |   0.0000000000000000e+00 |   0.0000000000000000e+00 | 1
 17, 23 |   0.0000000000000000e+00 |   0.0000000000000000e+00 | 1
 17, 24 |   6.3283766993273271e-03 |   6.3283766993273271e-03 | 1
 17, 25 |   0.0000000000000000e+00 |   0.0000000000000000e+00 | 1
 17, 26 |   0.0000000000000000e+00 |   0.0000000000000000e+00 | 1
 17, 27 |   0.0000000000000000e+00 |   0.0000000000000000e+00 | 1
 17, 28 |   2.4361397737673678e-03 |   2.4361397737673678e-03 | 1
 17, 29 |   0.0000000000000000e+00 |   0.0000000000000000e+00 | 1
 17, 30 |   0.0000000000000000e+00 |   0.0000000000000000e+00 | 1
 17, 31 |   1.6712746931667149e-03 |   1.6712746931667149e-03 | 1
 17, 32 |  -2.7527813430946011e-03 |  -2.7527813430946011e-03 | 1
 17, 33 |   0.0000000000000000e+00 |   0.0000000000000000e+00 | 1
 17, 34 |   6.3371238825351561e-03 |   6.3371238825351561e-03 | 1
 17, 35 |  -1.5413505304172617e-03 |  -1.5413505304172617e-03 | 1
 17, 36 |  -1.6635505063452242e-03 |  -1.6635505063452242e-03 | 1
 17, 37 |  -2.1070185391057093e-03 |  -2.1070185391057093e-03 | 1
 17, 38 |  -2.5193149818713116e-03 |  -2.5193149818713116e-03 | 1
 17, 39 |   2.1017548577002224e-03 |   2.1017548577002224e-03 | 1
 17, 40 |   3.0489049132018148e-03 |   3.0489049132018148e-03 | 1
 18,  1 |   0.0000000000000000e+00 |   0.0000000000000000e+00 | 1
 18,  2 |   0.0000000000000000e+00 |   0.0000000000000000e+00 | 1
 18,  3 |   0.0000000000000000e+00 |   0.0000000000000000e+00 | 1
 18,  4 |   0.0000000000000000e+00 |   0.0000000000000000e+00 | 1
 18,  5 |   0.0000000000000000e+00 |   0.0000000000000000e+00 | 1
 18,  6 |   0.0000000000000000e+00 |   0.0000000000000000e+00 | 1
 18,  7 |   0.0000000000000000e+00 |   0.0000000000000000e+00 | 1
 18,  8 |   0.0000000000000000e+00 |   0.0000000000000000e+00 | 1
 18,  9 |   0.0000000000000000e+00 |   0.0000000000000000e+00 | 1
 18, 10 |   0.0000000000000000e+00 |   0.0000000000000000e+00 | 1
 18, 11 |   0.0000000000000000e+00 |   0.0000000000000000e+00 | 1
 18, 12 |   0.0000000000000000e+00 |   0.0000000000000000e+00 | 1
 18, 13 |   0.0000000000000000e+00 |   0.0000000000000000e+00 | 1
 18, 14 |   0.0000000000000000e+00 |   0.0000000000000000e+00 | 1
 18, 15 |   0.0000000000000000e+00 |   0.0000000000000000e+00 | 1
 18, 16 |   0.0000000000000000e+00 |   0.0000000000000000e+00 | 1
 18, 17 |   0.0000000000000000e+00 |   0.0000000000000000e+00 | 1
 18, 18 |   0.0000000000000000e+00 |   0.0000000000000000e+00 | 1
 18, 19 |   0.0000000000000000e+00 |   0.0000000000000000e+00 | 1
 18, 20 |   0.0000000000000000e+00 |   0.0000000000000000e+00 | 1
 18, 21 |   0.0000000000000000e+00 |   0.0000000000000000e+00 | 1
 18, 22 |   0.0000000000000000e+00 |   0.0000000000000000e+00 | 1
 18, 23 |   0.0000000000000000e+00 |   0.0000000000000000e+00 | 1
 18, 24 |   0.0000000000000000e+00 |   0.0000000000000000e+00 | 1
 18, 25 |   0.0000000000000000e+00 |   0.0000000000000000e+00 | 1
 18, 26 |   0.0000000000000000e+00 |   0.0000000000000000e+00 | 1
 18, 27 |   0.0000000000000000e+00 |   0.0000000000000000e+00 | 1
 18, 28 |   0.0000000000000000e+00 |   0.0000000000000000e+00 | 1
 18, 29 |   0.0000000000000000e+00 |   0.0000000000000000e+00 | 1
 18, 30 |   0.0000000000000000e+00 |   0.0000000000000000e+00 | 1
 18, 31 |   0.0000000000000000e+00 |   0.0000000000000000e+00 | 1
 18, 32 |   0.0000000000000000e+00 |   0.0000000000000000e+00 | 1
 18, 33 |   0.0000000000000000e+00 |   0.0000000000000000e+00 | 1
 18, 34 |   0.0000000000000000e+00 |   0.0000000000000000e+00 | 1
 18, 35 |   0.0000000000000000e+00 |   0.0000000000000000e+00 | 1
 18, 36 |   0.0000000000000000e+00 |   0.0000000000000000e+00 | 1
 18, 37 |   0.0000000000000000e+00 |   0.0000000000000000e+00 | 1
 18, 38 |   0.0000000000000000e+00 |   0.0000000000000000e+00 | 1
 18, 39 |   0.0000000000000000e+00 |   0.0000000000000000e+00 | 1
 18, 40 |   0.0000000000000000e+00 |   0.0000000000000000e+00 | 1
 19,  1 |   0.0000000000000000e+00 |   0.0000000000000000e+00 | 1
 19,  2 |   0.0000000000000000e+00 |   0.0000000000000000e+00 | 1
 19,  3 |   0.0000000000000000e+00 |   0.0000000000000000e+00 | 1
 19,  4 |   0.0000000000000000e+00 |   0.0000000000000000e+00 | 1
 19,  5 |   0.0000000000000000e+00 |   0.0000000000000000e+00 | 1
 19,  6 |   0.0000000000000000e+00 |   0.0000000000000000e+00 | 1
 19,  7 |   0.0000000000000000e+00 |   0.0000000000000000e+00 | 1
 19,  8 |   0.0000000000000000e+00 |   0.0000000000000000e+00 | 1
 19,  9 |   0.0000000000000000e+00 |   0.0000000000000000e+00 | 1
 19, 10 |   0.0000000000000000e+00 |   0.0000000000000000e+00 | 1
 19, 11 |   0.0000000000000000e+00 |   0.0000000000000000e+00 | 1
 19, 12 |   0.0000000000000000e+00 |   0.0000000000000000e+00 | 1
 19, 13 |   0.0000000000000000e+00 |   0.0000000000000000e+00 | 1
 19, 14 |   0.0000000000000000e+00 |   0.0000000000000000e+00 | 1
 19, 15 |   0.0000000000000000e+00 |   0.0000000000000000e+00 | 1
 19, 16 |   0.0000000000000000e+00 |   0.0000000000000000e+00 | 1
 19, 17 |   0.0000000000000000e+00 |   0.0000000000000000e+00 | 1
 19, 18 |   0.0000000000000000e+00 |   0.0000000000000000e+00 | 1
 19, 19 |   0.0000000000000000e+00 |   0.0000000000000000e+00 | 1
 19, 20 |   0.0000000000000000e+00 |   0.0000000000000000e+00 | 1
 19, 21 |   0.0000000000000000e+00 |   0.0000000000000000e+00 | 1
 19, 22 |   0.0000000000000000e+00 |   0.0000000000000000e+00 | 1
 19, 23 |   0.0000000000000000e+00 |   0.0000000000000000e+00 | 1
 19, 24 |   0.0000000000000000e+00 |   0.0000000000000000e+00 | 1
 19, 25 |   0.0000000000000000e+00 |   0.0000000000000000e+00 | 1
 19, 26 |   0.0000000000000000e+00 |   0.0000000000000000e+00 | 1
 19, 27 |   0.0000000000000000e+00 |   0.0000000000000000e+00 | 1
 19, 28 |   0.0000000000000000e+00 |   0.0000000000000000e+00 | 1
 19, 29 |   0.0000000000000000e+00 |   0.0000000000000000e+00 | 1
 19, 30 |   0.0000000000000000e+00 |   0.0000000000000000e+00 | 1
 19, 31 |   0.0000000000000000e+00 |   0.0000000000000000e+00 | 1
 19, 32 |   0.0000000000000000e+00 |   0.0000000000000000e+00 | 1
 19, 33 |   0.0000000000000000e+00 |   0.0000000000000000e+00 | 1
 19, 34 |   0.0000000000000000e+00 |   0.0000000000000000e+00 | 1
 19, 35 |   0.0000000000000000e+00 |   0.0000000000000000e+00 | 1
 19, 36 |   0.0000000000000000e+00 |   0.0000000000000000e+00 | 1
 19, 37 |   0.0000000000000000e+00 |   0.0000000000000000e+00 | 1
 19, 38 |   0.0000000000000000e+00 |   0.0000000000000000e+00 | 1
 19, 39 |   0.0000000000000000e+00 |   0.0000000000000000e+00 | 1
 19, 40 |   0.0000000000000000e+00 |   0.0000000000000000e+00 | 1
 20,  1 |   0.0000000000000000e+00 |   0.0000000000000000e+00 | 1
 20,  2 |   0.0000000000000000e+00 |   0.0000000000000000e+00 | 1
 20,  3 |   0.0000000000000000e+00 |   0.0000000000000000e+00 | 1
 20,  4 |   0.0000000000000000e+00 |   0.0000000000000000e+00 | 1
 20,  5 |   0.0000000000000000e+00 |   0.0000000000000000e+00 | 1
 20,  6 |   0.0000000000000000e+00 |   0.0000000000000000e+00 | 1
 20,  7 |   0.0000000000000000e+00 |   0.0000000000000000e+00 | 1
 20,  8 |   0.0000000000000000e+00 |   0.0000000000000000e+00 | 1
 20,  9 |   0.0000000000000000e+00 |   0.0000000000000000e+00 | 1
 20, 10 |   0.0000000000000000e+00 |   0.0000000000000000e+00 | 1
 20, 11 |   0.0000000000000000e+00 |   0.0000000000000000e+00 | 1
 20, 12 |   0.0000000000000000e+00 |   0.0000000000000000e+00 | 1
 20, 13 |   0.0000000000000000e+00 |   0.0000000000000000e+00 | 1
 20, 14 |   0.0000000000000000e+00 |   0.0000000000000000e+00 | 1
 20, 15 |   0.0000000000000000e+00 |   0.0000000000000000e+00 | 1
 20, 16 |   0.0000000000000000e+00 |   0.0000000000000000e+00 | 1
 20, 17 |   0.0000000000000000e+00 |   0.0000000000000000e+00 | 1
 20, 18 |   0.0000000000000000e+00 |   0.0000000000000000e+00 | 1
 20, 19 |   0.0000000000000000e+00 |   0.0000000000000000e+00 | 1
 20, 20 |   0.0000000000000000e+00 |   0.0000000000000000e+00 | 1
 20, 21 |   0.0000000000000000e+00 |   0.0000000000000000e+00 | 1
 20, 22 |   0.0000000000000000e+00 |   0.0000000000000000e+00 | 1
 20, 23 |   0.0000000000000000e+00 |   0.0000000000000000e+00 | 1
 20, 24 |   0.0000000000000000e+00 |   0.0000000000000000e+00 | 1
 20, 25 |   0.0000000000000000e+00 |   0.0000000000000000e+00 | 1
 20, 26 |   0.0000000000000000e+00 |   0.0000000000000000e+00 | 1
 20, 27 |   0.0000000000000000e+00 |   0.0000000000000000e+00 | 1
 20, 28 |   0.0000000000000000e+00 |   0.0000000000000000e+00 | 1
 20, 29 |   0.0000000000000000e+00 |   0.0000000000000000e+00 | 1
 20, 30 |   0.0000000000000000e+00 |   0.0000000000000000e+00 | 1
 20, 31 |   0.0000000000000000e+00 |   0.0000000000000000e+00 | 1
 20, 32 |   0.0000000000000000e+00 |   0.0000000000000000e+00 | 1
 20, 33 |   0.0000000000000000e+00 |   0.0000000000000000e+00 | 1
 20, 34 |   0.0000000000000000e+00 |   0.0000000000000000e+00 | 1
 20, 35 |   0.0000000000000000e+00 |   0.0000000000000000e+00 | 1
 20, 36 |   0.0000000000000000e+00 |   0.0000000000000000e+00 | 1
 20, 37 |   0.0000000000000000e+00 |   0.0000000000000000e+00 | 1
 20, 38 |   0.0000000000000000e+00 |   0.0000000000000000e+00 | 1
 20, 39 |   0.0000000000000000e+00 |   0.0000000000000000e+00 | 1
 20, 40 |   0.0000000000000000e+00 |   0.0000000000000000e+00 | 1
 21,  1 |   0.0000000000000000e+00 |   0.0000000000000000e+00 | 1
 21,  2 |   0.0000000000000000e+00 |   0.0000000000000000e+00 | 1
 21,  3 |   0.0000000000000000e+00 |   0.0000000000000000e+00 | 1
 21,  4 |   0.0000000000000000e+00 |   0.0000000000000000e+00 | 1
 21,  5 |   0.0000000000000000e+00 |   0.0000000000000000e+00 | 1
 21,  6 |   0.0000000000000000e+00 |   0.0000000000000000e+00 | 1
 21,  7 |   0.0000000000000000e+00 |   0.0000000000000000e+00 | 1
 21,  8 |   0.0000000000000000e+00 |   0.0000000000000000e+00 | 1
 21,  9 |   0.0000000000000000e+00 |   0.0000000000000000e+00 | 1
 21, 10 |   0.0000000000000000e+00 |   0.0000000000000000e+00 | 1
 21, 11 |   0.0000000000000000e+00 |   0.0000000000000000e+00 | 1
 21, 12 |   0.0000000000000000e+00 |   0.0000000000000000e+00 | 1
 21, 13 |   0.0000000000000000e+00 |   0.0000000000000000e+00 | 1
 21, 14 |   0.0000000000000000e+00 |   0.0000000000000000e+00 | 1
 21, 15 |   0.0000000000000000e+00 |   0.0000000000000000e+00 | 1
 21, 16 |   0.0000000000000000e+00 |   0.0000000000000000e+00 | 1
 21, 17 |   0.0000000000000000e+00 |   0.0000000000000000e+00 | 1
 21, 18 |   0.0000000000000000e+00 |   0.0000000000000000e+00 | 1
 21, 19 |   0.0000000000000000e+00 |   0.0000000000000000e+00 | 1
 21, 20 |   0.0000000000000000e+00 |   0.0000000000000000e+00 | 1
 21, 21 |   0.0000000000000000e+00 |   0.0000000000000000e+00 | 1
 21, 22 |   0.0000000000000000e+00 |   0.0000000000000000e+00 | 1
 21, 23 |   0.0000000000000000e+00 |   0.0000000000000000e+00 | 1
 21, 24 |   0.0000000000000000e+00 |   0.0000000000000000e+00 | 1
 21, 25 |   0.0000000000000000e+00 |   0.0000000000000000e+00 | 1
 21, 26 |   0.0000000000000000e+00 |   0.0000000000000000e+00 | 1
 21, 27 |   0.0000000000000000e+00 |   0.0000000000000000e+00 | 1
 21, 28 |   0.0000000000000000e+00 |   0.0000000000000000e+00 | 1
 21, 29 |   0.0000000000000000e+00 |   0.0000000000000000e+00 | 1
 21, 30 |   0.0000000000000000e+00 |   0.0000000000000000e+00 | 1
 21, 31 |   0.0000000000000000e+00 |   0.0000000000000000e+00 | 1
 21, 32 |   0.0000000000000000e+00 |   0.0000000000000000e+00 | 1
 21, 33 |   0.0000000000000000e+00 |   0.0000000000000000e+00 | 1
 21, 34 |   0.0000000000000000e+00 |   0.0000000000000000e+00 | 1
 21, 35 |   0.0000000000000000e+00 |   0.0000000000000000e+00 | 1
 21, 36 |   0.0000000000000000e+00 |   0.0000000000000000e+00 | 1
 21, 37 |   0.0000000000000000e+00 |   0.0000000000000000e+00 | 1
 21, 38 |   0.0000000000000000e+00 |   0.0000000000000000e+00 | 1
 21, 39 |   0.0000000000000000e+00 |   0.0000000000000000e+00 | 1
 21, 40 |   0.0000000000000000e+00 |   0.0000000000000000e+00 | 1
 22,  1 |   0.0000000000000000e+00 |   0.0000000000000000e+00 | 1
 22,  2 |   0.0000000000000000e+00 |   0.0000000000000000e+00 | 1
 22,  3 |   0.0000000000000000e+00 |   0.0000000000000000e+00 | 1
 22,  4 |   0.0000000000000000e+00 |   0.0000000000000000e+00 | 1
 22,  5 |   0.0000000000000000e+00 |   0.0000000000000000e+00 | 1
 22,  6 |   0.0000000000000000e+00 |   0.0000000000000000e+00 | 1
 22,  7 |   0.0000000000000000e+00 |   0.0000000000000000e+00 | 1
 22,  8 |   0.0000000000000000e+00 |   0.0000000000000000e+00 | 1
 22,  9 |   0.0000000000000000e+00 |   0.0000000000000000e+00 | 1
 22, 10 |   0.0000000000000000e+00 |   0.0000000000000000e+00 | 1
 22, 11 |   0.0000000000000000e+00 |   0.0000000000000000e+00 | 1
 22, 12 |   0.0000000000000000e+00 |   0.0000000000000000e+00 | 1
 22, 13 |   0.0000000000000000e+00 |   0.0000000000000000e+00 | 1
 22, 14 |   0.0000000000000000e+00 |   0.0000000000000000e+00 | 1
 22, 15 |   0.0000000000000000e+00 |   0.0000000000000000e+00 | 1
 22, 16 |   0.0000000000000000e+00 |   0.0000000000000000e+00 | 1
 22, 17 |   0.0000000000000000e+00 |   0.0000000000000000e+00 | 1
 22, 18 |   0.0000000000000000e+00 |   0.0000000000000000e+00 | 1
 22, 19 |   0.0000000000000000e+00 |   0.0000000000000000e+00 | 1
 22, 20 |   0.0000000000000000e+00 |   0.0000000000000000e+00 | 1
 22, 21 |   0.0000000000000000e+00 |   0.0000000000000000e+00 | 1
 22, 22 |   0.0000000000000000e+00 |   0.0000000000000000e+00 | 1
 22, 23 |   0.0000000000000000e+00 |   0.0000000000000000e+00 | 1
 22, 24 |   0.0000000000000000e+00 |   0.0000000000000000e+00 | 1
 22, 25 |   0.0000000000000000e+00 |   0.0000000000000000e+00 | 1
 22, 26 |   0.0000000000000000e+00 |   0.0000000000000000e+00 | 1
 22, 27 |   0.0000000000000000e+00 |   0.0000000000000000e+00 | 1
 22, 28 |   0.0000000000000000e+00 |   0.0000000000000000e+00 | 1
 22, 29 |   0.0000000000000000e+00 |   0.0000000000000000e+00 | 1
 22, 30 |   0.0000000000000000e+00 |   0.0000000000000000e+00 | 1
 22, 31 |   0.0000000000000000e+00 |   0.0000000000000000e+00 | 1
 22, 32 |   0.0000000000000000e+00 |   0.0000000000000000e+00 | 1
 22, 33 |   0.0000000000000000e+00 |   0.0000000000000000e+00 | 1
 22, 34 |   0.0000000000000000e+00 |   0.0000000000000000e+00 | 1
 22, 35 |   0.0000000000000000e+00 |   0.0000000000000000e+00 | 1
 22, 36 |   0.0000000000000000e+00 |   0.0000000000000000e+00 | 1
 22, 37 |   0.0000000000000000e+00 |   0.0000000000000000e+00 | 1
 22, 38 |   0.0000000000000000e+00 |   0.0000000000000000e+00 | 1
 22, 39 |   0.0000000000000000e+00 |   0.0000000000000000e+00 | 1
 22, 40 |   0.0000000000000000e+00 |   0.0000000000000000e+00 | 1
 23,  1 |   0.0000000000000000e+00 |   0.0000000000000000e+00 | 1
 23,  2 |   0.0000000000000000e+00 |   0.0000000000000000e+00 | 1
 23,  3 |   0.0000000000000000e+00 |   0.0000000000000000e+00 | 1
 23,  4 |   0.0000000000000000e+00 |   0.0000000000000000e+00 | 1
 23,  5 |   0.0000000000000000e+00 |   0.0000000000000000e+00 | 1
 23,  6 |   0.0000000000000000e+00 |   0.0000000000000000e+00 | 1
 23,  7 |   0.0000000000000000e+00 |   0.0000000000000000e+00 | 1
 23,  8 |   0.0000000000000000e+00 |   0.0000000000000000e+00 | 1
 23,  9 |   0.0000000000000000e+00 |   0.0000000000000000e+00 | 1
 23, 10 |   0.0000000000000000e+00 |   0.0000000000000000e+00 | 1
 23, 11 |   0.0000000000000000e+00 |   0.0000000000000000e+00 | 1
 23, 12 |   0.0000000000000000e+00 |   0.0000000000000000e+00 | 1
 23, 13 |   0.0000000000000000e+00 |   0.0000000000000000e+00 | 1
 23, 14 |   0.0000000000000000e+00 |   0.0000000000000000e+00 | 1
 23, 15 |   0.0000000000000000e+00 |   0.0000000000000000e+00 | 1
 23, 16 |   0.0000000000000000e+00 |   0.0000000000000000e+00 | 1
 23, 17 |   0.0000000000000000e+00 |   0.0000000000000000e+00 | 1
 23, 18 |   0.0000000000000000e+00 |   0.0000000000000000e+00 | 1
 23, 19 |   0.0000000000000000e+00 |   0.0000000000000000e+00 | 1
 23, 20 |   0.0000000000000000e+00 |   0.0000000000000000e+00 | 1
 23, 21 |   0.0000000000000000e+00 |   0.0000000000000000e+00 | 1
 23, 22 |   0.0000000000000000e+00 |   0.0000000000000000e+00 | 1
 23, 23 |   0.0000000000000000e+00 |   0.0000000000000000e+00 | 1
 23, 24 |   0.0000000000000000e+00 |   0.0000000000000000e+00 | 1
 23, 25 |   0.0000000000000000e+00 |   0.0000000000000000e+00 | 1
 23, 26 |   0.0000000000000000e+00 |   0.0000000000000000e+00 | 1
 23, 27 |   0.0000000000000000e+00 |   0.0000000000000000e+00 | 1
 23, 28 |   0.0000000000000000e+00 |   0.0000000000000000e+00 | 1
 23, 29 |   0.0000000000000000e+00 |   0.0000000000000000e+00 | 1
 23, 30 |   0.0000000000000000e+00 |   0.0000000000000000e+00 | 1
 23, 31 |   0.0000000000000000e+00 |   0.0000000000000000e+00 | 1
 23, 32 |   0.0000000000000000e+00 |   0.0000000000000000e+00 | 1
 23, 33 |   0.0000000000000000e+00 |   0.0000000000000000e+00 | 1
 23, 34 |   0.0000000000000000e+00 |   0.0000000000000000e+00 | 1
 23, 35 |   0.0000000000000000e+00 |   0.0000000000000000e+00 | 1
 23, 36 |   0.0000000000000000e+00 |   0.0000000000000000e+00 | 1
 23, 37 |   0.0000000000000000e+00 |   0.0000000000000000e+00 | 1
 23, 38 |   0.0000000000000000e+00 |   0.0000000000000000e+00 | 1
 23, 39 |   0.0000000000000000e+00 |   0.0000000000000000e+00 | 1
 23, 40 |   0.0000000000000000e+00 |   0.0000000000000000e+00 | 1
 24,  1 |   4.9544086463502741e-03 |   4.9544086463502741e-03 | 1
 24,  2 |   5.0613135051364843e-03 |   5.0613135051364843e-03 | 1
 24,  3 |   0.0000000000000000e+00 |   0.0000000000000000e+00 | 1
 24,  4 |   4.5124370272155365e-03 |   4.5124370272155365e-03 | 1
 24,  5 |   0.0000000000000000e+00 |   0.0000000000000000e+00 | 1
 24,  6 |   0.0000000000000000e+00 |   0.0000000000000000e+00 | 1
 24,  7 |   0.0000000000000000e+00 |   0.0000000000000000e+00 | 1
 24,  8 |   6.5957003767391888e-03 |   6.5957003767391888e-03 | 1
 24,  9 |   6.9912225394825655e-03 |   6.9912225394825655e-03 | 1
 24, 10 |   0.0000000000000000e+00 |   0.0000000000000000e+00 | 1
 24, 11 |   0.0000000000000000e+00 |   0.0000000000000000e+00 | 1
 24, 12 |   3.1368081313421824e-03 |   3.1368081313421824e-03 | 1
 24, 13 |   0.0000000000000000e+00 |   0.0000000000000000e+00 | 1
 24, 14 |   0.0000000000000000e+00 |   0.0000000000000000e+00 | 1
 24, 15 |   0.0000000000000000e+00 |   0.0000000000000000e+00 | 1
 24, 16 |   6.1070341236395950e-03 |   6.1070341236395950e-03 | 1
 24, 17 |   6.3283766993273271e-03 |   6.3283766993273271e-03 | 1
 24, 18 |   0.0000000000000000e+00 |   0.0000000000000000e+00 | 1
 24, 19 |   0.0000000000000000e+00 |   0.0000000000000000e+00 | 1
 24, 20 |   0.0000000000000000e+00 |   0.0000000000000000e+00 | 1
 24, 21 |   0.0000000000000000e+00 |   0.0000000000000000e+00 | 1
 24, 22 |   0.0000000000000000e+00 |   0.0000000000000000e+00 | 1
 24, 23 |   0.0000000000000000e+00 |   0.0000000000000000e+00 | 1
 24, 24 |   1.9385745815458599e-02 |   1.9385745815458599e-02 | 1
 24, 25 |   0.0000000000000000e+00 |   0.0000000000000000e+00 | 1
 24, 26 |   0.0000000000000000e+00 |   0.0000000000000000e+00 | 1
 24, 27 |   0.0000000000000000e+00 |   0.0000000000000000e+00 | 1
 24, 28 |   7.8877570995044641e-03 |   7.8877570995044641e-03 | 1
 24, 29 |   0.0000000000000000e+00 |   0.0000000000000000e+00 | 1
 24, 30 |   0.0000000000000000e+00 |   0.0000000000000000e+00 | 1
 24, 31 |   1.1123249953045145e-02 |   1.1123249953045145e-02 | 1
 24, 32 |  -2.9251209111594593e-03 |  -2.9251209111594593e-03 | 1
 24, 33 |   0.0000000000000000e+00 |   0.0000000000000000e+00 | 1
 24, 34 |   1.2439344694324951e-02 |   1.2439344694324951e-02 | 1
 24, 35 |  -2.8856979421773479e-03 |  -2.8856979421773479e-03 | 1
 24, 36 |  -4.3064307076937022e-03 |  -4.3064307076937022e-03 | 1
 24, 37 |  -5.8374089362238906e-03 |  -5.8374089362238906e-03 | 1
 24, 38 |  -6.3157946683964801e-03 |  -6.3157946683964801e-03 | 1
 24, 39 |   5.2707653484673524e-03 |   5.2707653484673524e-03 | 1
 24, 40 |   7.2648437918606690e-03 |   7.2648437918606690e-03 | 1
 25,  1 |   0.0000000000000000e+00 |   0.0000000000000000e+00 | 1
 25,  2 |   0.0000000000000000e+00 |   0.0000000000000000e+00 | 1
 25,  3 |   0.0000000000000000e+00 |   0.0000000000000000e+00 | 1
 25,  4 |   0.0000000000000000e+00 |   0.0000000000000000e+00 | 1
 25,  5 |   0.0000000000000000e+00 |   0.0000000000000000e+00 | 1
 25,  6 |   0.0000000000000000e+00 |   0.0000000000000000e+00 | 1
 25,  7 |   0.0000000000000000e+00 |   0.0000000000000000e+00 | 1
 25,  8 |   0.0000000000000000e+00 |   0.0000000000000000e+00 | 1
 25,  9 |   0.0000000000000000e+00 |   0.0000000000000000e+00 | 1
 25, 10 |   0.0000000000000000e+00 |   0.0000000000000000e+00 | 1
 25, 11 |   0.0000000000000000e+00 |   0.0000000000000000e+00 | 1
 25, 12 |   0.0000000000000000e+00 |   0.0000000000000000e+00 | 1
 25, 13 |   0.0000000000000000e+00 |   0.0000000000000000e+00 | 1
 25, 14 |   0.0000000000000000e+00 |   0.0000000000000000e+00 | 1
 25, 15 |   0.0000000000000000e+00 |   0.0000000000000000e+00 | 1
 25, 16 |   0.0000000000000000e+00 |   0.0000000000000000e+00 | 1
 25, 17 |   0.0000000000000000e+00 |   0.0000000000000000e+00 | 1
 25, 18 |   0.0000000000000000e+00 |   0.0000000000000000e+00 | 1
 25, 19 |   0.0000000000000000e+00 |   0.0000000000000000e+00 | 1
 25, 20 |   0.0000000000000000e+00 |   0.0000000000000000e+00 | 1
 25, 21 |   0.0000000000000000e+00 |   0.0000000000000000e+00 | 1
 25, 22 |   0.0000000000000000e+00 |   0.0000000000000000e+00 | 1
 25, 23 |   0.0000000000000000e+00 |   0.0000000000000000e+00 | 1
 25, 24 |   0.0000000000000000e+00 |   0.0000000000000000e+00 | 1
 25, 25 |   0.0000000000000000e+00 |   0.0000000000000000e+00 | 1
 25, 26 |   0.0000000000000000e+00 |   0.0000000000000000e+00 | 1
 25, 27 |   0.0000000000000000e+00 |   0.0000000000000000e+00 | 1
 25, 28 |   0.0000000000000000e+00 |   0.0000000000000000e+00 | 1
 25, 29 |   0.0000000000000000e+00 |   0.0000000000000000e+00 | 1
 25, 30 |   0.0000000000000000e+00 |   0.0000000000000000e+00 | 1
 25, 31 |   0.0000000000000000e+00 |   0.0000000000000000e+00 | 1
 25, 32 |   0.0000000000000000e+00 |   0.0000000000000000e+00 | 1
 25, 33 |   0.0000000000000000e+00 |   0.0000000000000000e+00 | 1
 25, 34 |   0.0000000000000000e+00 |   0.0000000000000000e+00 | 1
 25, 35 |   0.0000000000000000e+00 |   0.0000000000000000e+00 | 1
 25, 36 |   0.0000000000000000e+00 |   0.0000000000000000e+00 | 1
 25, 37 |   0.0000000000000000e+00 |   0.0000000000000000e+00 | 1
 25, 38 |   0.0000000000000000e+00 |   0.0000000000000000e+00 | 1
 25, 39 |   0.0000000000000000e+00 |   0.0000000000000000e+00 | 1
 25, 40 |   0.0000000000000000e+00 |   0.0000000000000000e+00 | 1
 26,  1 |   0.0000000000000000e+00 |   0.0000000000000000e+00 | 1
 26,  2 |   0.0000000000000000e+00 |   0.0000000000000000e+00 | 1
 26,  3 |   0.0000000000000000e+00 |   0.0000000000000000e+00 | 1
 26,  4 |   0.0000000000000000e+00 |   0.0000000000000000e+00 | 1
 26,  5 |   0.0000000000000000e+00 |   0.0000000000000000e+00 | 1
 26,  6 |   0.0000000000000000e+00 |   0.0000000000000000e+00 | 1
 26,  7 |   0.0000000000000000e+00 |   0.0000000000000000e+00 | 1
 26,  8 |   0.0000000000000000e+00 |   0.0000000000000000e+00 | 1
 26,  9 |   0.0000000000000000e+00 |   0.0000000000000000e+00 | 1
 26, 10 |   0.0000000000000000e+00 |   0.0000000000000000e+00 | 1
 26, 11 |   0.0000000000000000e+00 |   0.0000000000000000e+00 | 1
 26, 12 |   0.0000000000000000e+00 |   0.0000000000000000e+00 | 1
 26, 13 |   0.0000000000000000e+00 |   0.0000000000000000e+00 | 1
 26, 14 |   0.0000000000000000e+00 |   0.0000000000000000e+00 | 1
 26, 15 |   0.0000000000000000e+00 |   0.0000000000000000e+00 | 1
 26, 16 |   0.0000000000000000e+00 |   0.0000000000000000e+00 | 1
 26, 17 |   0.0000000000000000e+00 |   0.0000000000000000e+00 | 1
 26, 18 |   0.0000000000000000e+00 |   0.0000000000000000e+00 | 1
 26, 19 |   0.0000000000000000e+00 |   0.0000000000000000e+00 | 1
 26, 20 |   0.0000000000000000e+00 |   0.0000000000000000e+00 | 1
 26, 21 |   0.0000000000000000e+00 |   0.0000000000000000e+00 | 1
 26, 22 |   0.0000000000000000e+00 |   0.0000000000000000e+00 | 1
 26, 23 |   0.0000000000000000e+00 |   0.0000000000000000e+00 | 1
 26, 24 |   0.0000000000000000e+00 |   0.0000000000000000e+00 | 1
 26, 25 |   0.0000000000000000e+00 |   0.0000000000000000e+00 | 1
 26, 26 |   0.0000000000000000e+00 |   0.0000000000000000e+00 | 1
 26, 27 |   0.0000000000000000e+00 |   0.0000000000000000e+00 | 1
 26, 28 |   0.0000000000000000e+00 |   0.0000000000000000e+00 | 1
 26, 29 |   0.0000000000000000e+00 |   0.0000000000000000e+00 | 1
 26, 30 |   0.0000000000000000e+00 |   0.0000000000000000e+00 | 1
 26, 31 |   0.0000000000000000e+00 |   0.0000000000000000e+00 | 1
 26, 32 |   0.0000000000000000e+00 |   0.0000000000000000e+00 | 1
 26, 33 |   0.0000000000000000e+00 |   0.0000000000000000e+00 | 1
 26, 34 |   0.0000000000000000e+00 |   0.0000000000000000e+00 | 1
 26, 35 |   0.0000000000000000e+00 |   0.0000000000000000e+00 | 1
 26, 36 |   0.0000000000000000e+00 |   0.0000000000000000e+00 | 1
 26, 37 |   0.0000000000000000e+00 |   0.0000000000000000e+00 | 1
 26, 38 |   0.0000000000000000e+00 |   0.0000000000000000e+00 | 1
 26, 39 |   0.0000000000000000e+00 |   0.0000000000000000e+00 | 1
 26, 40 |   0.0000000000000000e+00 |   0.0000000000000000e+00 | 1
 27,  1 |   0.0000000000000000e+00 |   0.0000000000000000e+00 | 1
 27,  2 |   0.0000000000000000e+00 |   0.0000000000000000e+00 | 1
 27,  3 |   0.0000000000000000e+00 |   0.0000000000000000e+00 | 1
 27,  4 |   0.0000000000000000e+00 |   0.0000000000000000e+00 | 1
 27,  5 |   0.0000000000000000e+00 |   0.0000000000000000e+00 | 1
 27,  6 |   0.0000000000000000e+00 |   0.0000000000000000e+00 | 1
 27,  7 |   0.0000000000000000e+00 |   0.0000000000000000e+00 | 1
 27,  8 |   0.0000000000000000e+00 |   0.0000000000000000e+00 | 1
 27,  9 |   0.0000000000000000e+00 |   0.0000000000000000e+00 | 1
 27, 10 |   0.0000000000000000e+00 |   0.0000000000000000e+00 | 1
 27, 11 |   0.0000000000000000e+00 |   0.0000000000000000e+00 | 1
 27, 12 |   0.0000000000000000e+00 |   0.0000000000000000e+00 | 1
 27, 13 |   0.0000000000000000e+00 |   0.0000000000000000e+00 | 1
 27, 14 |   0.0000000000000000e+00 |   0.0000000000000000e+00 | 1
 27, 15 |   0.0000000000000000e+00 |   0.0000000000000000e+00 | 1
 27, 16 |   0.0000000000000000e+00 |   0.0000000000000000e+00 | 1
 27, 17 |   0.0000000000000000e+00 |   0.0000000000000000e+00 | 1
 27, 18 |   0.0000000000000000e+00 |   0.0000000000000000e+00 | 1
 27, 19 |   0.0000000000000000e+00 |   0.0000000000000000e+00 | 1
 27, 20 |   0.0000000000000000e+00 |   0.0000000000000000e+00 | 1
 27, 21 |   0.0000000000000000e+00 |   0.0000000000000000e+00 | 1
 27, 22 |   0.0000000000000000e+00 |   0.0000000000000000e+00 | 1
 27, 23 |   0.0000000000000000e+00 |   0.0000000000000000e+00 | 1
 27, 24 |   0.0000000000000000e+00 |   0.0000000000000000e+00 | 1
 27, 25 |   0.0000000000000000e+00 |   0.0000000000000000e+00 | 1
 27, 26 |   0.0000000000000000e+00 |   0.0000000000000000e+00 | 1
 27, 27 |   0.0000000000000000e+00 |   0.0000000000000000e+00 | 1
 27, 28 |   0.0000000000000000e+00 |   0.0000000000000000e+00 | 1
 27, 29 |   0.0000000000000000e+00 |   0.0000000000000000e+00 | 1
 27, 30 |   0.0000000000000000e+00 |   0.0000000000000000e+00 | 1
 27, 31 |   0.0000000000000000e+00 |   0.0000000000000000e+00 | 1
 27, 32 |   0.0000000000000000e+00 |   0.0000000000000000e+00 | 1
 27, 33 |   0.0000000000000000e+00 |   0.0000000000000000e+00 | 1
 27, 34 |   0.0000000000000000e+00 |   0.0000000000000000e+00 | 1
 27, 35 |   0.0000000000000000e+00 |   0.0000000000000000e+00 | 1
 27, 36 |   0.0000000000000000e+00 |   0.0000000000000000e+00 | 1
 27, 37 |   0.0000000000000000e+00 |   0.0000000000000000e+00 | 1
 27, 38 |   0.0000000000000000e+00 |   0.0000000000000000e+00 | 1
 27, 39 |   0.0000000000000000e+00 |   0.0000000000000000e+00 | 1
 27, 40 |   0.0000000000000000e+00 |   0.0000000000000000e+00 | 1
 28,  1 |   3.1783787845934041e-03 |   3.1783787845934041e-03 | 1
 28,  2 |   1.7208380856369109e-03 |   1.7208380856369109e-03 | 1
 28,  3 |   0.0000000000000000e+00 |   0.0000000000000000e+00 | 1
 28,  4 |   2.7070374478632949e-03 |   2.7070374478632949e-03 | 1
 28,  5 |   0.0000000000000000e+00 |   0.0000000000000000e+00 | 1
 28,  6 |   0.0000000000000000e+00 |   0.0000000000000000e+00 | 1
 28,  7 |   0.0000000000000000e+00 |   0.0000000000000000e+00 | 1
 28,  8 |   3.9132267889932567e-03 |   3.9132267889932567e-03 | 1
 28,  9 |   9.1196650247040000e-03 |   9.1196650247040000e-03 | 1
 28, 10 |   0.0000000000000000e+00 |   0.0000000000000000e+00 | 1
 28, 11 |   0.0000000000000000e+00 |   0.0000000000000000e+00 | 1
 28, 12 |   2.0153872506641158e-03 |   2.0153872506641158e-03 | 1
 28, 13 |   0.0000000000000000e+00 |   0.0000000000000000e+00 | 1
 28, 14 |   0.0000000000000000e+00 |   0.0000000000000000e+00 | 1
 28, 15 |   0.0000000000000000e+00 |   0.0000000000000000e+00 | 1
 28, 16 |   4.2926507380081722e-03 |   4.2926507380081722e-03 | 1
 28, 17 |   2.4361397737673678e-03 |   2.4361397737673678e-03 | 1
 28, 18 |   0.0000000000000000e+00 |   0.0000000000000000e+00 | 1
 28, 19 |   0.0000000000000000e+00 |   0.0000000000000000e+00 | 1
 28, 20 |   0.0000000000000000e+00 |   0.0000000000000000e+00 | 1
 28, 21 |   0.0000000000000000e+00 |   0.0000000000000000e+00 | 1
 28, 22 |   0.0000000000000000e+00 |   0.0000000000000000e+00 | 1
 28, 23 |   0.0000000000000000e+00 |   0.0000000000000000e+00 | 1
 28, 24 |   7.8877570995044641e-03 |   7.8877570995044641e-03 | 1
 28, 25 |   0.0000000000000000e+00 |   0.0000000000000000e+00 | 1
 28, 26 |   0.0000000000000000e+00 |   0.0000000000000000e+00 | 1
 28, 27 |   0.0000000000000000e+00 |   0.0000000000000000e+00 | 1
 28, 28 |   9.3226021633876829e-03 |   9.3226021633876829e-03 | 1
 28, 29 |   0.0000000000000000e+00 |   0.0000000000000000e+00 | 1
 28, 30 |   0.0000000000000000e+00 |   0.0000000000000000e+00 | 1
 28, 31 |   9.0686773690110186e-03 |   9.0686773690110186e-03 | 1
 28, 32 |  -2.0572822050432859e-03 |  -2.0572822050432859e-03 | 1
 28, 33 |   0.0000000000000000e+00 |   0.0000000000000000e+00 | 1
 28, 34 |   7.4517501582380833e-03 |   7.4517501582380833e-03 | 1
 28, 35 |  -9.9767260316375506e-04 |  -9.9767260316375506e-04 | 1
 28, 36 |  -1.6528512604498361e-03 |  -1.6528512604498361e-03 | 1
 28, 37 |  -2.3269328567972637e-03 |  -2.3269328567972637e-03 | 1
 28, 38 |  -2.5226425086951722e-03 |  -2.5226425086951722e-03 | 1
 28, 39 |   3.1928109425708971e-03 |   3.1928109425708971e-03 | 1
 28, 40 |   2.2591642222790382e-03 |   2.2591642222790382e-03 | 1
 29,  1 |   0.0000000000000000e+00 |   0.0000000000000000e+00 | 1
 29,  2 |   0.0000000000000000e+00 |   0.0000000000000000e+00 | 1
 29,  3 |   0.0000000000000000e+00 |   0.0000000000000000e+00 | 1
 29,  4 |   0.0000000000000000e+00 |   0.0000000000000000e+00 | 1
 29,  5 |   0.0000000000000000e+00 |   0.0000000000000000e+00 | 1
 29,  6 |   0.0000000000000000e+00 |   0.0000000000000000e+00 | 1
 29,  7 |   0.0000000000000000e+00 |   0.0000000000000000e+00 | 1
 29,  8 |   0.0000000000000000e+00 |   0.0000000000000000e+00 | 1
 29,  9 |   0.0000000000000000e+00 |   0.0000000000000000e+00 | 1
 29, 10 |   0.0000000000000000e+00 |   0.0000000000000000e+00 | 1
 29, 11 |   0.0000000000000000e+00 |   0.0000000000000000e+00 | 1
 29, 12 |   0.0000000000000000e+00 |   0.0000000000000000e+00 | 1
 29, 13 |   0.0000000000000000e+00 |   0.0000000000000000e+00 | 1
 29, 14 |   0.0000000000000000e+00 |   0.0000000000000000e+00 | 1
 29, 15 |   0.0000000000000000e+00 |   0.0000000000000000e+00 | 1
 29, 16 |   0.0000000000000000e+00 |   0.0000000000000000e+00 | 1
 29, 17 |   0.0000000000000000e+00 |   0.0000000000000000e+00 | 1
 29, 18 |   0.0000000000000000e+00 |   0.0000000000000000e+00 | 1
 29, 19 |   0.0000000000000000e+00 |   0.0000000000000000e+00 | 1
 29, 20 |   0.0000000000000000e+00 |   0.0000000000000000e+00 | 1
 29, 21 |   0.0000000000000000e+00 |   0.0000000000000000e+00 | 1
 29, 22 |   0.0000000000000000e+00 |   0.0000000000000000e+00 | 1
 29, 23 |   0.0000000000000000e+00 |   0.0000000000000000e+00 | 1
 29, 24 |   0.0000000000000000e+00 |   0.0000000000000000e+00 | 1
 29, 25 |   0.0000000000000000e+00 |   0.0000000000000000e+00 | 1
 29, 26 |   0.0000000000000000e+00 |   0.0000000000000000e+00 | 1
 29, 27 |   0.0000000000000000e+00 |   0.0000000000000000e+00 | 1
 29, 28 |   0.0000000000000000e+00 |   0.0000000000000000e+00 | 1
 29, 29 |   0.0000000000000000e+00 |   0.0000000000000000e+00 | 1
 29, 30 |   0.0000000000000000e+00 |   0.0000000000000000e+00 | 1
 29, 31 |   0.0000000000000000e+00 |   0.0000000000000000e+00 | 1
 29, 32 |   0.0000000000000000e+00 |   0.0000000000000000e+00 | 1
 29, 33 |   0.0000000000000000e+00 |   0.0000000000000000e+00 | 1
 29, 34 |   0.0000000000000000e+00 |   0.0000000000000000e+00 | 1
 29, 35 |   0.0000000000000000e+00 |   0.0000000000000000e+00 | 1
 29, 36 |   0.0000000000000000e+00 |   0.0000000000000000e+00 | 1
 29, 37 |   0.0000000000000000e+00 |   0.0000000000000000e+00 | 1
 29, 38 |   0.0000000000000000e+00 |   0.0000000000000000e+00 | 1
 29, 39 |   0.0000000000000000e+00 |   0.0000000000000000e+00 | 1
 29, 40 |   0.0000000000000000e+00 |   0.0000000000000000e+00 | 1
 30,  1 |   0.0000000000000000e+00 |   0.0000000000000000e+00 | 1
 30,  2 |   0.0000000000000000e+00 |   0.0000000000000000e+00 | 1
 30,  3 |   0.0000000000000000e+00 |   0.0000000000000000e+00 | 1
 30,  4 |   0.0000000000000000e+00 |   0.0000000000000000e+00 | 1
 30,  5 |   0.0000000000000000e+00 |   0.0000000000000000e+00 | 1
 30,  6 |   0.0000000000000000e+00 |   0.0000000000000000e+00 | 1
 30,  7 |   0.0000000000000000e+00 |   0.0000000000000000e+00 | 1
 30,  8 |   0.0000000000000000e+00 |   0.0000000000000000e+00 | 1
 30,  9 |   0.0000000000000000e+00 |   0.0000000000000000e+00 | 1
 30, 10 |   0.0000000000000000e+00 |   0.0000000000000000e+00 | 1
 30, 11 |   0.0000000000000000e+00 |   0.0000000000000000e+00 | 1
 30, 12 |   0.0000000000000000e+00 |   0.0000000000000000e+00 | 1
 30, 13 |   0.0000000000000000e+00 |   0.0000000000000000e+00 | 1
 30, 14 |   0.0000000000000000e+00 |   0.0000000000000000e+00 | 1
 30, 15 |   0.0000000000000000e+00 |   0.0000000000000000e+00 | 1
 30, 16 |   0.0000000000000000e+00 |   0.0000000000000000e+00 | 1
 30, 17 |   0.0000000000000000e+00 |   0.0000000000000000e+00 | 1
 30, 18 |   0.0000000000000000e+00 |   0.0000000000000000e+00 | 1
 30, 19 |   0.0000000000000000e+00 |   0.0000000000000000e+00 | 1
 30, 20 |   0.0000000000000000e+00 |   0.0000000000000000e+00 | 1
 30, 21 |   0.0000000000000000e+00 |   0.0000000000000000e+00 | 1
 30, 22 |   0.0000000000000000e+00 |   0.0000000000000000e+00 | 1
 30, 23 |   0.0000000000000000e+00 |   0.0000000000000000e+00 | 1
 30, 24 |   0.0000000000000000e+00 |   0.0000000000000000e+00 | 1
 30, 25 |   0.0000000000000000e+00 |   0.0000000000000000e+00 | 1
 30, 26 |   0.0000000000000000e+00 |   0.0000000000000000e+00 | 1
 30, 27 |   0.0000000000000000e+00 |   0.0000000000000000e+00 | 1
 30, 28 |   0.0000000000000000e+00 |   0.0000000000000000e+00 | 1
 30, 29 |   0.0000000000000000e+00 |   0.0000000000000000e+00 | 1
 30, 30 |   0.0000000000000000e+00 |   0.0000000000000000e+00 | 1
 30, 31 |   0.0000000000000000e+00 |   0.0000000000000000e+00 | 1
 30, 32 |   0.0000000000000000e+00 |   0.0000000000000000e+00 | 1
 30, 33 |   0.0000000000000000e+00 |   0.0000000000000000e+00 | 1
 30, 34 |   0.0000000000000000e+00 |   0.0000000000000000e+00 | 1
 30, 35 |   0.0000000000000000e+00 |   0.0000000000000000e+00 | 1
 30, 36 |   0.0000000000000000e+00 |   0.0000000000000000e+00 | 1
 30, 37 |   0.0000000000000000e+00 |   0.0000000000000000e+00 | 1
 30, 38 |   0.0000000000000000e+00 |   0.0000000000000000e+00 | 1
 30, 39 |   0.0000000000000000e+00 |   0.0000000000000000e+00 | 1
 30, 40 |   0.0000000000000000e+00 |   0.0000000000000000e+00 | 1
 31,  1 |   5.9674315017981573e-03 |   5.9674315017981573e-03 | 1
 31,  2 |   3.2151399889716301e-04 |   3.2151399889716301e-04 | 1
 31,  3 |   0.0000000000000000e+00 |   0.0000000000000000e+00 | 1
 31,  4 |   7.1293967060188819e-03 |   7.1293967060188819e-03 | 1
 31,  5 |   0.0000000000000000e+00 |   0.0000000000000000e+00 | 1
 31,  6 |   0.0000000000000000e+00 |   0.0000000000000000e+00 | 1
 31,  7 |   0.0000000000000000e+00 |   0.0000000000000000e+00 | 1
 31,  8 |   3.3195804993415906e-03 |   3.3195804993415906e-03 | 1
 31,  9 |   4.2514453766933098e-03 |   4.2514453766933098e-03 | 1
 31, 10 |   0.0000000000000000e+00 |   0.0000000000000000e+00 | 1
 31, 11 |   0.0000000000000000e+00 |   0.0000000000000000e+00 | 1
 31, 12 |   2.5557240932427053e-03 |   2.5557240932427053e-03 | 1
 31, 13 |   0.0000000000000000e+00 |   0.0000000000000000e+00 | 1
 31, 14 |   0.0000000000000000e+00 |   0.0000000000000000e+00 | 1
 31, 15 |   0.0000000000000000e+00 |   0.0000000000000000e+00 | 1
 31, 16 |   4.2080110139716704e-03 |   4.2080110139716704e-03 | 1
 31, 17 |   1.6712746931667149e-03 |   1.6712746931667149e-03 | 1
 31, 18 |   0.0000000000000000e+00 |   0.0000000000000000e+00 | 1
 31, 19 |   0.0000000000000000e+00 |   0.0000000000000000e+00 | 1
 31, 20 |   0.0000000000000000e+00 |   0.0000000000000000e+00 | 1
 31, 21 |   0.0000000000000000e+00 |   0.0000000000000000e+00 | 1
 31, 22 |   0.0000000000000000e+00 |   0.0000000000000000e+00 | 1
 31, 23 |   0.0000000000000000e+00 |   0.0000000000000000e+00 | 1
 31, 24 |   1.1123249953045145e-02 |   1.1123249953045145e-02 | 1
 31, 25 |   0.0000000000000000e+00 |   0.0000000000000000e+00 | 1
 31, 26 |   0.0000000000000000e+00 |   0.0000000000000000e+00 | 1
 31, 27 |   0.0000000000000000e+00 |   0.0000000000000000e+00 | 1
 31, 28 |   9.0686773690110186e-03 |   9.0686773690110186e-03 | 1
 31, 29 |   0.0000000000000000e+00 |   0.0000000000000000e+00 | 1
 31, 30 |   0.0000000000000000e+00 |   0.0000000000000000e+00 | 1
 31, 31 |   4.3543455252260888e-02 |   4.3543455252260888e-02 | 1
 31, 32 |  -3.7875580872597748e-03 |  -3.7875580872597748e-03 | 1
 31, 33 |   0.0000000000000000e+00 |   0.0000000000000000e+00 | 1
 31, 34 |   1.3384012247953160e-02 |   1.3384012247953160e-02 | 1
 31, 35 |  -2.9544995663086486e-03 |  -2.9544995663086486e-03 | 1
 31, 36 |  -5.0708956752043115e-03 |  -5.0708956752043115e-03 | 1
 31, 37 |  -6.1635505347403374e-03 |  -6.1635505347403374e-03 | 1
 31, 38 |  -4.1221277248818435e-03 |  -4.1221277248818435e-03 | 1
 31, 39 |   5.5746506397181539e-03 |   5.5746506397181539e-03 | 1
 31, 40 |   3.1331492730724787e-03 |   3.1331492730724787e-03 | 1
 32,  1 |  -2.7622623260516556e-04 |  -2.7622623260516556e-04 | 1
 32,  2 |  -3.4151262691633861e-03 |  -3.4151262691633861e-03 | 1
 32,  3 |   0.0000000000000000e+00 |   0.0000000000000000e+00 | 1
 32,  4 |  -4.8204736696626156e-04 |  -4.8204736696626156e-04 | 1
 32,  5 |   0.0000000000000000e+00 |   0.0000000000000000e+00 | 1
 32,  6 |   0.0000000000000000e+00 |   0.0000000000000000e+00 | 1
 32,  7 |   0.0000000000000000e+00 |   0.0000000000000000e+00 | 1
 32,  8 |  -1.4240201041834741e-03 |  -1.4240201041834741e-03 | 1
 32,  9 |   5.3492462240131472e-04 |   5.3492462240131472e-04 | 1
 32, 10 |   0.0000000000000000e+00 |   0.0000000000000000e+00 | 1
 32, 11 |   0.0000000000000000e+00 |   0.0000000000000000e+00 | 1
 32, 12 |   4.5258399429927562e-04 |   4.5258399429927562e-04 | 1
 32, 13 |   0.0000000000000000e+00 |   0.0000000000000000e+00 | 1
 32, 14 |   0.0000000000000000e+00 |   0.0000000000000000e+00 | 1
 32, 15 |   0.0000000000000000e+00 |   0.0000000000000000e+00 | 1
 32, 16 |  -3.4377175418684939e-03 |  -3.4377175418684939e-03 | 1
 32, 17 |  -2.7527813430946011e-03 |  -2.7527813430946011e-03 | 1
 32, 18 |   0.0000000000000000e+00 |   0.0000000000000000e+00 | 1
 32, 19 |   0.0000000000000000e+00 |   0.0000000000000000e+00 | 1
 32, 20 |   0.0000000000000000e+00 |   0.0000000000000000e+00 | 1
 32, 21 |   0.0000000000000000e+00 |   0.0000000000000000e+00 | 1
 32, 22 |   0.0000000000000000e+00 |   0.0000000000000000e+00 | 1
 32, 23 |   0.0000000000000000e+00 |   0.0000000000000000e+00 | 1
 32, 24 |  -2.9251209111594593e-03 |  -2.9251209111594593e-03 | 1
 32, 25 |   0.0000000000000000e+00 |   0.0000000000000000e+00 | 1
 32, 26 |   0.0000000000000000e+00 |   0.0000000000000000e+00 | 1
 32, 27 |   0.0000000000000000e+00 |   0.0000000000000000e+00 | 1
 32, 28 |  -2.0572822050432859e-03 |  -2.0572822050432859e-03 | 1
 32, 29 |   0.0000000000000000e+00 |   0.0000000000000000e+00 | 1
 32, 30 |   0.0000000000000000e+00 |   0.0000000000000000e+00 | 1
 32, 31 |  -3.7875580872597748e-03 |  -3.7875580872597748e-03 | 1
 32, 32 |   6.2474847038030386e-03 |   6.2474847038030386e-03 | 1
 32, 33 |   0.0000000000000000e+00 |   0.0000000000000000e+00 | 1
 32, 34 |  -6.5343331821351505e-03 |  -6.5343331821351505e-03 | 1
 32, 35 |   9.4822718677944873e-04 |   9.4822718677944873e-04 | 1
 32, 36 |  -1.6836544596351237e-04 |  -1.6836544596351237e-04 | 1
 32, 37 |   1.6823964442956403e-04 |   1.6823964442956403e-04 | 1
 32, 38 |  -3.4882944237368742e-04 |  -3.4882944237368742e-04 | 1
 32, 39 |   8.6843860539088436e-04 |   8.6843860539088436e-04 | 1
 32, 40 |  -5.3240131041469088e-03 |  -5.3240131041469088e-03 | 1
 33,  1 |   0.0000000000000000e+00 |   0.0000000000000000e+00 | 1
 33,  2 |   0.0000000000000000e+00 |   0.0000000000000000e+00 | 1
 33,  3 |   0.0000000000000000e+00 |   0.0000000000000000e+00 | 1
 33,  4 |   0.0000000000000000e+00 |   0.0000000000000000e+00 | 1
 33,  5 |   0.0000000000000000e+00 |   0.0000000000000000e+00 | 1
 33,  6 |   0.0000000000000000e+00 |   0.0000000000000000e+00 | 1
 33,  7 |   0.0000000000000000e+00 |   0.0000000000000000e+00 | 1
 33,  8 |   0.0000000000000000e+00 |   0.0000000000000000e+00 | 1
 33,  9 |   0.0000000000000000e+00 |   0.0000000000000000e+00 | 1
 33, 10 |   0.0000000000000000e+00 |   0.0000000000000000e+00 | 1
 33, 11 |   0.0000000000000000e+00 |   0.0000000000000000e+00 | 1
 33, 12 |   0.0000000000000000e+00 |   0.0000000000000000e+00 | 1
 33, 13 |   0.0000000000000000e+00 |   0.0000000000000000e+00 | 1
 33, 14 |   0.0000000000000000e+00 |   0.0000000000000000e+00 | 1
 33, 15 |   0.0000000000000000e+00 |   0.0000000000000000e+00 | 1
 33, 16 |   0.0000000000000000e+00 |   0.0000000000000000e+00 | 1
 33, 17 |   0.0000000000000000e+00 |   0.0000000000000000e+00 | 1
 33, 18 |   0.0000000000000000e+00 |   0.0000000000000000e+00 | 1
 33, 19 |   0.0000000000000000e+00 |   0.0000000000000000e+00 | 1
 33, 20 |   0.0000000000000000e+00 |   0.0000000000000000e+00 | 1
 33, 21 |   0.0000000000000000e+00 |   0.0000000000000000e+00 | 1
 33, 22 |   0.0000000000000000e+00 |   0.0000000000000000e+00 | 1
 33, 23 |   0.0000000000000000e+00 |   0.0000000000000000e+00 | 1
 33, 24 |   0.0000000000000000e+00 |   0.0000000000000000e+00 | 1
 33, 25 |   0.0000000000000000e+00 |   0.0000000000000000e+00 | 1
 33, 26 |   0.0000000000000000e+00 |   0.0000000000000000e+00 | 1
 33, 27 |   0.0000000000000000e+00 |   0.0000000000000000e+00 | 1
 33, 28 |   0.0000000000000000e+00 |   0.0000000000000000e+00 | 1
 33, 29 |   0.0000000000000000e+00 |   0.0000000000000000e+00 | 1
 33, 30 |   0.0000000000000000e+00 |   0.0000000000000000e+00 | 1
 33, 31 |   0.0000000000000000e+00 |   0.0000000000000000e+00 | 1
 33, 32 |   0.0000000000000000e+00 |   0.0000000000000000e+00 | 1
 33, 33 |   0.0000000000000000e+00 |   0.0000000000000000e+00 | 1
 33, 34 |   0.0000000000000000e+00 |   0.0000000000000000e+00 | 1
 33, 35 |   0.0000000000000000e+00 |   0.0000000000000000e+00 | 1
 33, 36 |   0.0000000000000000e+00 |   0.0000000000000000e+00 | 1
 33, 37 |   0.0000000000000000e+00 |   0.0000000000000000e+00 | 1
 33, 38 |   0.0000000000000000e+00 |   0.0000000000000000e+00 | 1
 33, 39 |   0.0000000000000000e+00 |   0.0000000000000000e+00 | 1
 33, 40 |   0.0000000000000000e+00 |   0.0000000000000000e+00 | 1
 34,  1 |   3.8407683974099826e-03 |   3.8407683974099826e-03 | 1
 34,  2 |   4.6567843744961951e-03 |   4.6567843744961951e-03 | 1
 34,  3 |   0.0000000000000000e+00 |   0.0000000000000000e+00 | 1
 34,  4 |   4.0343196385733155e-03 |   4.0343196385733155e-03 | 1
 34,  5 |   0.0000000000000000e+00 |   0.0000000000000000e+00 | 1
 34,  6 |   0.0000000000000000e+00 |   0.0000000000000000e+00 | 1
 34,  7 |   0.0000000000000000e+00 |   0.0000000000000000e+00 | 1
 34,  8 |   5.3112394436258207e-03 |   5.3112394436258207e-03 | 1
 34,  9 |   4.8447690942281353e-03 |   4.8447690942281353e-03 | 1
 34, 10 |   0.0000000000000000e+00 |   0.0000000000000000e+00 | 1
 34, 11 |   0.0000000000000000e+00 |   0.0000000000000000e+00 | 1
 34, 12 |   1.7699390946086446e-03 |   1.7699390946086446e-03 | 1
 34, 13 |   0.0000000000000000e+00 |   0.0000000000000000e+00 | 1
 34, 14 |   0.0000000000000000e+00 |   0.0000000000000000e+00 | 1
 34, 15 |   0.0000000000000000e+00 |   0.0000000000000000e+00 | 1
 34, 16 |   6.6744748423429867e-03 |   6.6744748423429867e-03 | 1
 34, 17 |   6.3371238825351561e-03 |   6.3371238825351561e-03 | 1
 34, 18 |   0.0000000000000000e+00 |   0.0000000000000000e+00 | 1
 34, 19 |   0.0000000000000000e+00 |   0.0000000000000000e+00 | 1
 34, 20 |   0.0000000000000000e+00 |   0.0000000000000000e+00 | 1
 34, 21 |   0.0000000000000000e+00 |   0.0000000000000000e+00 | 1
 34, 22 |   0.0000000000000000e+00 |   0.0000000000000000e+00 | 1
 34, 23 |   0.0000000000000000e+00 |   0.0000000000000000e+00 | 1
 34, 24 |   1.2439344694324951e-02 |   1.2439344694324951e-02 | 1
 34, 25 |   0.0000000000000000e+00 |   0.0000000000000000e+00 | 1
 34, 26 |   0.0000000000000000e+00 |   0.0000000000000000e+00 | 1
 34, 27 |   0.0000000000000000e+00 |   0.0000000000000000e+00 | 1
 34, 28 |   7.4517501582380833e-03 |   7.4517501582380833e-03 | 1
 34, 29 |   0.0000000000000000e+00 |   0.0000000000000000e+00 | 1
 34, 30 |   0.0000000000000000e+00 |   0.0000000000000000e+00 | 1
 34, 31 |   1.3384012247953160e-02 |   1.3384012247953160e-02 | 1
 34, 32 |  -6.5343331821351505e-03 |  -6.5343331821351505e-03 | 1
 34, 33 |   0.0000000000000000e+00 |   0.0000000000000000e+00 | 1
 34, 34 |   1.3861612661216525e-02 |   1.3861612661216525e-02 | 1
 34, 35 |  -2.2964109147571412e-03 |  -2.2964109147571412e-03 | 1
 34, 36 |  -2.8079800558717073e-03 |  -2.8079800558717073e-03 | 1
 34, 37 |  -4.0917041813118976e-03 |  -4.0917041813118976e-03 | 1
 34, 38 |  -3.9614441796814942e-03 |  -3.9614441796814942e-03 | 1
 34, 39 |   3.2805020968095745e-03 |   3.2805020968095745e-03 | 1
 34, 40 |   7.5284711387941915e-03 |   7.5284711387941915e-03 | 1
 35,  1 |  -8.6226204766708949e-04 |  -8.6226204766708949e-04 | 1
 35,  2 |  -1.7184693669135605e-03 |  -1.7184693669135605e-03 | 1
 35,  3 |   0.0000000000000000e+00 |   0.0000000000000000e+00 | 1
 35,  4 |  -1.1996187943354528e-03 |  -1.1996187943354528e-03 | 1
 35,  5 |   0.0000000000000000e+00 |   0.0000000000000000e+00 | 1
 35,  6 |   0.0000000000000000e+00 |   0.0000000000000000e+00 | 1
 35,  7 |   0.0000000000000000e+00 |   0.0000000000000000e+00 | 1
 35,  8 |  -6.4902559696024048e-04 |  -6.4902559696024048e-04 | 1
 35,  9 |  -8.9335235718703302e-04 |  -8.9335235718703302e-04 | 1
 35, 10 |   0.0000000000000000e+00 |   0.0000000000000000e+00 | 1
 35, 11 |   0.0000000000000000e+00 |   0.0000000000000000e+00 | 1
 35, 12 |  -6.4578769343236027e-05 |  -6.4578769343236027e-05 | 1
 35, 13 |   0.0000000000000000e+00 |   0.0000000000000000e+00 | 1
 35, 14 |   0.0000000000000000e+00 |   0.0000000000000000e+00 | 1
 35, 15 |   0.0000000000000000e+00 |   0.0000000000000000e+00 | 1
 35, 16 |  -4.2888297991762285e-04 |  -4.2888297991762285e-04 | 1
 35, 17 |  -1.5413505304172617e-03 |  -1.5413505304172617e-03 | 1
 35, 18 |   0.0000000000000000e+00 |   0.0000000000000000e+00 | 1
 35, 19 |   0.0000000000000000e+00 |   0.0000000000000000e+00 | 1
 35, 20 |   0.0000000000000000e+00 |   0.0000000000000000e+00 | 1
 35, 21 |   0.0000000000000000e+00 |   0.0000000000000000e+00 | 1
 35, 22 |   0.0000000000000000e+00 |   0.0000000000000000e+00 | 1
 35, 23 |   0.0000000000000000e+00 |   0.0000000000000000e+00 | 1
 35, 24 |  -2.8856979421773479e-03 |  -2.8856979421773479e-03 | 1
 35, 25 |   0.0000000000000000e+00 |   0.0000000000000000e+00 | 1
 35, 26 |   0.0000000000000000e+00 |   0.0000000000000000e+00 | 1
 35, 27 |   0.0000000000000000e+00 |   0.0000000000000000e+00 | 1
 35, 28 |  -9.9767260316375506e-04 |  -9.9767260316375506e-04 | 1
 35, 29 |   0.0000000000000000e+00 |   0.0000000000000000e+00 | 1
 35, 30 |   0.0000000000000000e+00 |   0.0000000000000000e+00 | 1
 35, 31 |  -2.9544995663086486e-03 |  -2.9544995663086486e-03 | 1
 35, 32 |   9.4822718677944873e-04 |   9.4822718677944873e-04 | 1
 35, 33 |   0.0000000000000000e+00 |   0.0000000000000000e+00 | 1
 35, 34 |  -2.2964109147571412e-03 |  -2.2964109147571412e-03 | 1
 35, 35 |   1.2372157593982967e-03 |   1.2372157593982967e-03 | 1
 35, 36 |   9.0026101188478305e-04 |   9.0026101188478305e-04 | 1
 35, 37 |   9.8511125833388195e-04 |   9.8511125833388195e-04 | 1
 35, 38 |   8.4190989485859549e-04 |   8.4190989485859549e-04 | 1
 35, 39 |  -9.3079839068861366e-04 |  -9.3079839068861366e-04 | 1
 35, 40 |  -1.3730289083263435e-03 |  -1.3730289083263435e-03 | 1
 36,  1 |  -1.6675524934574300e-03 |  -1.6675524934574300e-03 | 1
 36,  2 |  -6.3630960277904678e-04 |  -6.3630960277904678e-04 | 1
 36,  3 |   0.0000000000000000e+00 |   0.0000000000000000e+00 | 1
 36,  4 |  -1.7846431350980970e-03 |  -1.7846431350980970e-03 | 1
 36,  5 |   0.0000000000000000e+00 |   0.0000000000000000e+00 | 1
 36,  6 |   0.0000000000000000e+00 |   0.0000000000000000e+00 | 1
 36,  7 |   0.0000000000000000e+00 |   0.0000000000000000e+00 | 1
 36,  8 |  -1.1127103851241000e-03 |  -1.1127103851241000e-03 | 1
 36,  9 |  -1.9814257391114298e-03 |  -1.9814257391114298e-03 | 1
 36, 10 |   0.0000000000000000e+00 |   0.0000000000000000e+00 | 1
 36, 11 |   0.0000000000000000e+00 |   0.0000000000000000e+00 | 1
 36, 12 |  -1.1548137631268447e-03 |  -1.1548137631268447e-03 | 1
 36, 13 |   0.0000000000000000e+00 |   0.0000000000000000e+00 | 1
 36, 14 |   0.0000000000000000e+00 |   0.0000000000000000e+00 | 1
 36, 15 |   0.0000000000000000e+00 |   0.0000000000000000e+00 | 1
 36, 16 |  -8.8693252804814557e-04 |  -8.8693252804814557e-04 | 1
 36, 17 |  -1.6635505063452242e-03 |  -1.6635505063452242e-03 | 1
 36, 18 |   0.0000000000000000e+00 |   0.0000000000000000e+00 | 1
 36, 19 |   0.0000000000000000e+00 |   0.0000000000000000e+00 | 1
 36, 20 |   0.0000000000000000e+00 |   0.0000000000000000e+00 | 1
 36, 21 |   0.0000000000000000e+00 |   0.0000000000000000e+00 | 1
 36, 22 |   0.0000000000000000e+00 |   0.0000000000000000e+00 | 1
 36, 23 |   0.0000000000000000e+00 |   0.0000000000000000e+00 | 1
 36, 24 |  -4.3064307076937022e-03 |  -4.3064307076937022e-03 | 1
 36, 25 |   0.0000000000000000e+00 |   0.0000000000000000e+00 | 1
 36, 26 |   0.0000000000000000e+00 |   0.0000000000000000e+00 | 1
 36, 27 |   0.0000000000000000e+00 |   0.0000000000000000e+00 | 1
 36, 28 |  -1.6528512604498361e-03 |  -1.6528512604498361e-03 | 1
 36, 29 |   0.0000000000000000e+00 |   0.0000000000000000e+00 | 1
 36, 30 |   0.0000000000000000e+00 |   0.0000000000000000e+00 | 1
 36, 31 |  -5.0708956752043115e-03 |  -5.0708956752043115e-03 | 1
 36, 32 |  -1.6836544596351237e-04 |  -1.6836544596351237e-04 | 1
 36, 33 |   0.0000000000000000e+00 |   0.0000000000000000e+00 | 1
 36, 34 |  -2.8079800558717073e-03 |  -2.8079800558717073e-03 | 1
 36, 35 |   9.0026101188478305e-04 |   9.0026101188478305e-04 | 1
 36, 36 |   1.5909176415019803e-03 |   1.5909176415019803e-03 | 1
 36, 37 |   1.9153339443367975e-03 |   1.9153339443367975e-03 | 1
 36, 38 |   1.9682582823587901e-03 |   1.9682582823587901e-03 | 1
 36, 39 |  -2.0136371136407890e-03 |  -2.0136371136407890e-03 | 1
 36, 40 |  -8.2169322066584386e-04 |  -8.2169322066584386e-04 | 1
 37,  1 |  -1.9999367908223528e-03 |  -1.9999367908223528e-03 | 1
 37,  2 |  -9.6409536338182603e-04 |  -9.6409536338182603e-04 | 1
 37,  3 |   0.0000000000000000e+00 |   0.0000000000000000e+00 | 1
 37,  4 |  -2.0465495479625620e-03 |  -2.0465495479625620e-03 | 1
 37,  5 |   0.0000000000000000e+00 |   0.0000000000000000e+00 | 1
 37,  6 |   0.0000000000000000e+00 |   0.0000000000000000e+00 | 1
 37,  7 |   0.0000000000000000e+00 |   0.0000000000000000e+00 | 1
 37,  8 |  -1.9002050988368015e-03 |  -1.9002050988368015e-03 | 1
 37,  9 |  -9.8150660156539520e-04 |  -9.8150660156539520e-04 | 1
 37, 10 |   0.0000000000000000e+00 |   0.0000000000000000e+00 | 1
 37, 11 |   0.0000000000000000e+00 |   0.0000000000000000e+00 | 1
 37, 12 |  -9.7741974797088704e-04 |  -9.7741974797088704e-04 | 1
 37, 13 |   0.0000000000000000e+00 |   0.0000000000000000e+00 | 1
 37, 14 |   0.0000000000000000e+00 |   0.0000000000000000e+00 | 1
 37, 15 |   0.0000000000000000e+00 |   0.0000000000000000e+00 | 1
 37, 16 |  -1.7361511572156338e-03 |  -1.7361511572156338e-03 | 1
 37, 17 |  -2.1070185391057093e-03 |  -2.1070185391057093e-03 | 1
 37, 18 |   0.0000000000000000e+00 |   0.0000000000000000e+00 | 1
 37, 19 |   0.0000000000000000e+00 |   0.0000000000000000e+00 | 1
 37, 20 |   0.0000000000000000e+00 |   0.0000000000000000e+00 | 1
 37, 21 |   0.0000000000000000e+00 |   0.0000000000000000e+00 | 1
 37, 22 |   0.0000000000000000e+00 |   0.0000000000000000e+00 | 1
 37, 23 |   0.0000000000000000e+00 |   0.0000000000000000e+00 | 1
 37, 24 |  -5.8374089362238906e-03 |  -5.8374089362238906e-03 | 1
 37, 25 |   0.0000000000000000e+00 |   0.0000000000000000e+00 | 1
 37, 26 |   0.0000000000000000e+00 |   0.0000000000000000e+00 | 1
 37, 27 |   0.0000000000000000e+00 |   0.0000000000000000e+00 | 1
 37, 28 |  -2.3269328567972637e-03 |  -2.3269328567972637e-03 | 1
 37, 29 |   0.0000000000000000e+00 |   0.0000000000000000e+00 | 1
 37, 30 |   0.0000000000000000e+00 |   0.0000000000000000e+00 | 1
 37, 31 |  -6.1635505347403374e-03 |  -6.1635505347403374e-03 | 1
 37, 32 |   1.6823964442956403e-04 |   1.6823964442956403e-04 | 1
 37, 33 |   0.0000000000000000e+00 |   0.0000000000000000e+00 | 1
 37, 34 |  -4.0917041813118976e-03 |  -4.0917041813118976e-03 | 1
 37, 35 |   9.8511125833388195e-04 |   9.8511125833388195e-04 | 1
 37, 36 |   1.9153339443367975e-03 |   1.9153339443367975e-03 | 1
 37, 37 |   2.6552040345489214e-03 |   2.6552040345489214e-03 | 1
 37, 38 |   2.6074489915586235e-03 |   2.6074489915586235e-03 | 1
 37, 39 |  -2.3521508124199420e-03 |  -2.3521508124199420e-03 | 1
 37, 40 |  -1.5944129592871928e-03 |  -1.5944129592871928e-03 | 1
 38,  1 |  -2.4330008250958738e-03 |  -2.4330008250958738e-03 | 1
 38,  2 |  -9.9854811643400364e-04 |  -9.9854811643400364e-04 | 1
 38,  3 |   0.0000000000000000e+00 |   0.0000000000000000e+00 | 1
 38,  4 |  -2.1242856816335730e-03 |  -2.1242856816335730e-03 | 1
 38,  5 |   0.0000000000000000e+00 |   0.0000000000000000e+00 | 1
 38,  6 |   0.0000000000000000e+00 |   0.0000000000000000e+00 | 1
 38,  7 |   0.0000000000000000e+00 |   0.0000000000000000e+00 | 1
 38,  8 |  -2.6005910950247955e-03 |  -2.6005910950247955e-03 | 1
 38,  9 |  -3.3659540371182607e-03 |  -3.3659540371182607e-03 | 1
 38, 10 |   0.0000000000000000e+00 |   0.0000000000000000e+00 | 1
 38, 11 |   0.0000000000000000e+00 |   0.0000000000000000e+00 | 1
 38, 12 |  -1.4337671214724504e-03 |  -1.4337671214724504e-03 | 1
 38, 13 |   0.0000000000000000e+00 |   0.0000000000000000e+00 | 1
 38, 14 |   0.0000000000000000e+00 |   0.0000000000000000e+00 | 1
 38, 15 |   0.0000000000000000e+00 |   0.0000000000000000e+00 | 1
 38, 16 |  -1.3293052634821125e-03 |  -1.3293052634821125e-03 | 1
 38, 17 |  -2.5193149818713116e-03 |  -2.5193149818713116e-03 | 1
 38, 18 |   0.0000000000000000e+00 |   0.0000000000000000e+00 | 1
 38, 19 |   0.0000000000000000e+00 |   0.0000000000000000e+00 | 1
 38, 20 |   0.0000000000000000e+00 |   0.0000000000000000e+00 | 1
 38, 21 |   0.0000000000000000e+00 |   0.0000000000000000e+00 | 1
 38, 22 |   0.0000000000000000e+00 |   0.0000000000000000e+00 | 1
 38, 23 |   0.0000000000000000e+00 |   0.0000000000000000e+00 | 1
 38, 24 |  -6.3157946683964801e-03 |  -6.3157946683964801e-03 | 1
 38, 25 |   0.0000000000000000e+00 |   0.0000000000000000e+00 | 1
 38, 26 |   0.0000000000000000e+00 |   0.0000000000000000e+00 | 1
 38, 27 |   0.0000000000000000e+00 |   0.0000000000000000e+00 | 1
 38, 28 |  -2.5226425086951722e-03 |  -2.5226425086951722e-03 | 1
 38, 29 |   0.0000000000000000e+00 |   0.0000000000000000e+00 | 1
 38, 30 |   0.0000000000000000e+00 |   0.0000000000000000e+00 | 1
 38, 31 |  -4.1221277248818435e-03 |  -4.1221277248818435e-03 | 1
 38, 32 |  -3.4882944237368742e-04 |  -3.4882944237368742e-04 | 1
 38, 33 |   0.0000000000000000e+00 |   0.0000000000000000e+00 | 1
 38, 34 |  -3.9614441796814942e-03 |  -3.9614441796814942e-03 | 1
 38, 35 |   8.4190989485859549e-04 |   8.4190989485859549e-04 | 1
 38, 36 |   1.9682582823587901e-03 |   1.9682582823587901e-03 | 1
 38, 37 |   2.6074489915586235e-03 |   2.6074489915586235e-03 | 1
 38, 38 |   3.1301492685367294e-03 |   3.1301492685367294e-03 | 1
 38, 39 |  -2.8044674566586121e-03 |  -2.8044674566586121e-03 | 1
 38, 40 |  -1.2672222339927628e-03 |  -1.2672222339927628e-03 | 1
 39,  1 |   2.8642891097857151e-03 |   2.8642891097857151e-03 | 1
 39,  2 |   5.3604785858552982e-04 |   5.3604785858552982e-04 | 1
 39,  3 |   0.0000000000000000e+00 |   0.0000000000000000e+00 | 1
 39,  4 |   2.4746395517703853e-03 |   2.4746395517703853e-03 | 1
 39,  5 |   0.0000000000000000e+00 |   0.0000000000000000e+00 | 1
 39,  6 |   0.0000000000000000e+00 |   0.0000000000000000e+00 | 1
 39,  7 |   0.0000000000000000e+00 |   0.0000000000000000e+00 | 1
 39,  8 |   1.9785844351487320e-03 |   1.9785844351487320e-03 | 1
 39,  9 |   5.1380731398330999e-03 |   5.1380731398330999e-03 | 1
 39, 10 |   0.0000000000000000e+00 |   0.0000000000000000e+00 | 1
 39, 11 |   0.0000000000000000e+00 |   0.0000000000000000e+00 | 1
 39, 12 |   1.8546573165581551e-03 |   1.8546573165581551e-03 | 1
 39, 13 |   0.0000000000000000e+00 |   0.0000000000000000e+00 | 1
 39, 14 |   0.0000000000000000e+00 |   0.0000000000000000e+00 | 1
 39, 15 |   0.0000000000000000e+00 |   0.0000000000000000e+00 | 1
 39, 16 |   8.9885669053688523e-04 |   8.9885669053688523e-04 | 1
 39, 17 |   2.1017548577002224e-03 |   2.1017548577002224e-03 | 1
 39, 18 |   0.0000000000000000e+00 |   0.0000000000000000e+00 | 1
 39, 19 |   0.0000000000000000e+00 |   0.0000000000000000e+00 | 1
 39, 20 |   0.0000000000000000e+00 |   0.0000000000000000e+00 | 1
 39, 21 |   0.0000000000000000e+00 |   0.0000000000000000e+00 | 1
 39, 22 |   0.0000000000000000e+00 |   0.0000000000000000e+00 | 1
 39, 23 |   0.0000000000000000e+00 |   0.0000000000000000e+00 | 1
 39, 24 |   5.2707653484673524e-03 |   5.2707653484673524e-03 | 1
 39, 25 |   0.0000000000000000e+00 |   0.0000000000000000e+00 | 1
 39, 26 |   0.0000000000000000e+00 |   0.0000000000000000e+00 | 1
 39, 27 |   0.0000000000000000e+00 |   0.0000000000000000e+00 | 1
 39, 28 |   3.1928109425708971e-03 |   3.1928109425708971e-03 | 1
 39, 29 |   0.0000000000000000e+00 |   0.0000000000000000e+00 | 1
 39, 30 |   0.0000000000000000e+00 |   0.0000000000000000e+00 | 1
 39, 31 |   5.5746506397181539e-03 |   5.5746506397181539e-03 | 1
 39, 32 |   8.6843860539088436e-04 |   8.6843860539088436e-04 | 1
 39, 33 |   0.0000000000000000e+00 |   0.0000000000000000e+00 | 1
 39, 34 |   3.2805020968095745e-03 |   3.2805020968095745e-03 | 1
 39, 35 |  -9.3079839068861366e-04 |  -9.3079839068861366e-04 | 1
 39, 36 |  -2.0136371136407890e-03 |  -2.0136371136407890e-03 | 1
 39, 37 |  -2.3521508124199420e-03 |  -2.3521508124199420e-03 | 1
 39, 38 |  -2.8044674566586121e-03 |  -2.8044674566586121e-03 | 1
 39, 39 |   3.1919324564405045e-03 |   3.1919324564405045e-03 | 1
 39, 40 |   1.0204661699921908e-04 |   1.0204661699921908e-04 | 1
 40,  1 |   3.8048238170150224e-04 |   3.8048238170150224e-04 | 1
 40,  2 |   4.1028994551219411e-03 |   4.1028994551219411e-03 | 1
 40,  3 |   0.0000000000000000e+00 |   0.0000000000000000e+00 | 1
 40,  4 |   8.7024466940668053e-04 |   8.7024466940668053e-04 | 1
 40,  5 |   0.0000000000000000e+00 |   0.0000000000000000e+00 | 1
 40,  6 |   0.0000000000000000e+00 |   0.0000000000000000e+00 | 1
 40,  7 |   0.0000000000000000e+00 |   0.0000000000000000e+00 | 1
 40,  8 |   2.3102656803900253e-03 |   2.3102656803900253e-03 | 1
 40,  9 |  -1.1121544908017553e-03 |  -1.1121544908017553e-03 | 1
 40, 10 |   0.0000000000000000e+00 |   0.0000000000000000e+00 | 1
 40, 11 |   0.0000000000000000e+00 |   0.0000000000000000e+00 | 1
 40, 12 |   4.6837386225006205e-04 |   4.6837386225006205e-04 | 1
 40, 13 |   0.0000000000000000e+00 |   0.0000000000000000e+00 | 1
 40, 14 |   0.0000000000000000e+00 |   0.0000000000000000e+00 | 1
 40, 15 |   0.0000000000000000e+00 |   0.0000000000000000e+00 | 1
 40, 16 |   3.9186555327568370e-03 |   3.9186555327568370e-03 | 1
 40, 17 |   3.0489049132018148e-03 |   3.0489049132018148e-03 | 1
 40, 18 |   0.0000000000000000e+00 |   0.0000000000000000e+00 | 1
 40, 19 |   0.0000000000000000e+00 |   0.0000000000000000e+00 | 1
 40, 20 |   0.0000000000000000e+00 |   0.0000000000000000e+00 | 1
 40, 21 |   0.0000000000000000e+00 |   0.0000000000000000e+00 | 1
 40, 22 |   0.0000000000000000e+00 |   0.0000000000000000e+00 | 1
 40, 23 |   0.0000000000000000e+00 |   0.0000000000000000e+00 | 1
 40, 24 |   7.2648437918606690e-03 |   7.2648437918606690e-03 | 1
 40, 25 |   0.0000000000000000e+00 |   0.0000000000000000e+00 | 1
 40, 26 |   0.0000000000000000e+00 |   0.0000000000000000e+00 | 1
 40, 27 |   0.0000000000000000e+00 |   0.0000000000000000e+00 | 1
 40, 28 |   2.2591642222790382e-03 |   2.2591642222790382e-03 | 1
 40, 29 |   0.0000000000000000e+00 |   0.0000000000000000e+00 | 1
 40, 30 |   0.0000000000000000e+00 |   0.0000000000000000e+00 | 1
 40, 31 |   3.1331492730724787e-03 |   3.1331492730724787e-03 | 1
 40, 32 |  -5.3240131041469088e-03 |  -5.3240131041469088e-03 | 1
 40, 33 |   0.0000000000000000e+00 |   0.0000000000000000e+00 | 1
 40, 34 |   7.5284711387941915e-03 |   7.5284711387941915e-03 | 1
 40, 35 |  -1.3730289083263435e-03 |  -1.3730289083263435e-03 | 1
 40, 36 |  -8.2169322066584386e-04 |  -8.2169322066584386e-04 | 1
 40, 37 |  -1.5944129592871928e-03 |  -1.5944129592871928e-03 | 1
 40, 38 |  -1.2672222339927628e-03 |  -1.2672222339927628e-03 | 1
 40, 39 |   1.0204661699921908e-04 |   1.0204661699921908e-04 | 1
 40, 40 |   6.6117652095980138e-03 |   6.6117652095980138e-03 | 1
