row,col | V_base                   | V_new                    | equal
  1,  1 |   4.3712471267161679e-03 |   4.3712471267161679e-03 | 1
  1,  2 |   1.7653831830344319e-03 |   1.7653831830344319e-03 | 1
  1,  3 |   3.7396423354878125e-03 |   3.7396423354878125e-03 | 1
  1,  4 |   2.3128913213666473e-03 |   2.3128913213666473e-03 | 1
  1,  5 |   2.8582919921266688e-03 |   2.8582919921266688e-03 | 1
  1,  6 |   1.1488326743146707e-03 |   1.1488326743146707e-03 | 1
  1,  7 |   2.0212628322317356e-03 |   2.0212628322317356e-03 | 1
  1,  8 |   2.5763245024742884e-03 |   2.5763245024742884e-03 | 1
  1,  9 |   6.1164532414606353e-03 |   6.1164532414606353e-03 | 1
  1, 10 |   1.3622774708735492e-03 |   1.3622774708735492e-03 | 1
  1, 11 |   1.6219554088859861e-03 |   1.6219554088859861e-03 | 1
  1, 12 |   1.5281361511749096e-03 |   1.5281361511749096e-03 | 1
  1, 13 |   3.2929990665245181e-03 |   3.2929990665245181e-03 | 1
  1, 14 |   2.0126717822452978e-03 |   2.0126717822452978e-03 | 1
  1, 15 |   3.8757813146820461e-03 |   3.8757813146820461e-03 | 1
  1, 16 |   2.3327168780473691e-03 |   2.3327168780473691e-03 | 1
  1, 17 |   2.9681479268810680e-03 |   2.9681479268810680e-03 | 1
  1, 18 |   2.2962698894011353e-03 |   2.2962698894011353e-03 | 1
  1, 19 |   3.1108589316037280e-03 |   3.1108589316037280e-03 | 1
  1, 20 |   4.0532634101253977e-03 |   4.0532634101253977e-03 | 1
  1, 21 |   8.3396581488705832e-04 |   8.3396581488705832e-04 | 1
  1, 22 |   4.0858864397874698e-03 |   4.0858864397874698e-03 | 1
  1, 23 |   1.1909064106680979e-03 |   1.1909064106680979e-03 | 1
  1, 24 |   4.7714607194210782e-03 |   4.7714607194210782e-03 | 1
  1, 25 |   3.8309698544339355e-03 |   3.8309698544339355e-03 | 1
  1, 26 |   3.0541215812273938e-03 |   3.0541215812273938e-03 | 1
  1, 27 |  -3.5644711515779443e-03 |  -3.5644711515779443e-03 | 1
  1, 28 |   3.2750432499473519e-03 |   3.2750432499473519e-03 | 1
  1, 29 |   5.8583578507513659e-03 |   5.8583578507513659e-03 | 1
  1, 30 |   2.8641250795991115e-03 |   2.8641250795991115e-03 | 1
  1, 31 |   6.7614361473513507e-03 |   6.7614361473513507e-03 | 1
  1, 32 |   6.4144531976928682e-04 |   6.4144531976928682e-04 | 1
  1, 33 |   2.0969259165731498e-03 |   2.0969259165731498e-03 | 1
  1, 34 |   2.1705154353724582e-03 |   2.1705154353724582e-03 | 1
  1, 35 |  -6.4965680587364860e-04 |  -6.4965680587364860e-04 | 1
  1, 36 |  -1.4758870219365569e-03 |  -1.4758870219365569e-03 | 1
  1, 37 |  -1.5764475725084663e-03 |  -1.5764475725084663e-03 | 1
  1, 38 |  -1.9637653545528863e-03 |  -1.9637653545528863e-03 | 1
  1, 39 |  -6.8942103706005472e-05 |  -6.8942103706005472e-05 | 1
  1, 40 |  -1.7319229840567052e-07 |  -1.7319229840567052e-07 | 1
  1, 41 |  -1.5268657213543595e-04 |  -1.5268657213543595e-04 | 1
  1, 42 |   6.2228175476388307e-06 |   6.2228175476388307e-06 | 1
  1, 43 |   3.7772831500801690e-03 |   3.7772831500801690e-03 | 1
  1, 44 |  -8.1474030931059818e-04 |  -8.1474030931059818e-04 | 1
  2,  1 |   1.7653831830344319e-03 |   1.7653831830344319e-03 | 1
  2,  2 |   2.1268670081354465e-03 |   2.1268670081354465e-03 | 1
  2,  3 |   2.1496040225949428e-04 |   2.1496040225949428e-04 | 1
  2,  4 |   1.4092603948008469e-04 |   1.4092603948008469e-04 | 1
  2,  5 |   2.7579658571775471e-03 |   2.7579658571775471e-03 | 1
  2,  6 |   3.3834356479758940e-03 |   3.3834356479758940e-03 | 1
  2,  7 |   2.2356812600774125e-03 |   2.2356812600774125e-03 | 1
  2,  8 |   4.1704998044044916e-04 |   4.1704998044044916e-04 | 1
  2,  9 |   3.4652943925001147e-03 |   3.4652943925001147e-03 | 1
  2, 10 |  -2.0700351471688023e-03 |  -2.0700351471688023e-03 | 1
  2, 11 |   1.0145377448029921e-03 |   1.0145377448029921e-03 | 1
  2, 12 |  -1.1611625161594963e-03 |  -1.1611625161594963e-03 | 1
  2, 13 |  -3.7754106122038890e-04 |  -3.7754106122038890e-04 | 1
  2, 14 |   3.3506106053134266e-05 |   3.3506106053134266e-05 | 1
  2, 15 |   1.5825423838086111e-03 |   1.5825423838086111e-03 | 1
  2, 16 |   5.0915338553310027e-04 |   5.0915338553310027e-04 | 1
  2, 17 |   1.6028039060356678e-03 |   1.6028039060356678e-03 | 1
  2, 18 |   4.1121809123809323e-04 |   4.1121809123809323e-04 | 1
  2, 19 |  -1.4522575845882487e-03 |  -1.4522575845882487e-03 | 1
  2, 20 |   6.8162057703216833e-04 |   6.8162057703216833e-04 | 1
  2, 21 |   2.7885386956531225e-04 |   2.7885386956531225e-04 | 1
  2, 22 |   3.2183269737049141e-03 |   3.2183269737049141e-03 | 1
  2, 23 |   3.0930559465864420e-03 |   3.0930559465864420e-03 | 1
  2, 24 |   2.9580404466392710e-03 |   2.9580404466392710e-03 | 1
  2, 25 |   3.0702321881809166e-03 |   3.0702321881809166e-03 | 1
  2, 26 |   4.2506769032239402e-03 |   4.2506769032239402e-03 | 1
  2, 27 |  -4.1841704824732186e-03 |  -4.1841704824732186e-03 | 1
  2, 28 |   3.8904136047386963e-04 |   3.8904136047386963e-04 | 1
  2, 29 |   1.4440492078450795e-03 |   1.4440492078450795e-03 | 1
  2, 30 |   2.3798484333321376e-04 |   2.3798484333321376e-04 | 1
  2, 31 |   2.2000311202546160e-03 |   2.2000311202546160e-03 | 1
  2, 32 |   4.1445413417951173e-05 |   4.1445413417951173e-05 | 1
  2, 33 |  -1.5388647139931788e-03 |  -1.5388647139931788e-03 | 1
  2, 34 |   9.7860053495180729e-04 |   9.7860053495180729e-04 | 1
  2, 35 |  -1.0088859514681870e-03 |  -1.0088859514681870e-03 | 1
  2, 36 |  -5.0639831698254191e-04 |  -5.0639831698254191e-04 | 1
  2, 37 |  -5.4134059643991478e-04 |  -5.4134059643991478e-04 | 1
  2, 38 |  -7.2730145859855526e-04 |  -7.2730145859855526e-04 | 1
  2, 39 |  -2.1250514758767385e-05 |  -2.1250514758767385e-05 | 1
  2, 40 |  -1.2269017698609072e-07 |  -1.2269017698609072e-07 | 1
  2, 41 |  -3.4263798409702169e-05 |  -3.4263798409702169e-05 | 1
  2, 42 |  -6.8612115553272392e-08 |  -6.8612115553272392e-08 | 1
  2, 43 |   1.4583855327951708e-03 |   1.4583855327951708e-03 | 1
  2, 44 |   8.9741717523145073e-05 |   8.9741717523145073e-05 | 1
  3,  1 |   3.7396423354878125e-03 |   3.7396423354878125e-03 | 1
  3,  2 |   2.1496040225949428e-04 |   2.1496040225949428e-04 | 1
  3,  3 |   7.2592480371402998e-03 |   7.2592480371402998e-03 | 1
  3,  4 |   2.7043056849901524e-03 |   2.7043056849901524e-03 | 1
  3,  5 |   9.0533073803032780e-04 |   9.0533073803032780e-04 | 1
  3,  6 |  -1.4637879418643029e-03 |  -1.4637879418643029e-03 | 1
  3,  7 |  -1.6218892015825925e-03 |  -1.6218892015825925e-03 | 1
  3,  8 |   4.4652013900952220e-03 |   4.4652013900952220e-03 | 1
  3,  9 |   6.3741997559665434e-03 |   6.3741997559665434e-03 | 1
  3, 10 |   6.4671983662220886e-03 |   6.4671983662220886e-03 | 1
  3, 11 |   8.2455149485630001e-04 |   8.2455149485630001e-04 | 1
  3, 12 |   1.5754476116726793e-03 |   1.5754476116726793e-03 | 1
  3, 13 |   3.4961026418405378e-03 |   3.4961026418405378e-03 | 1
  3, 14 |   2.7841871922968525e-04 |   2.7841871922968525e-04 | 1
  3, 15 |   3.0060161839346152e-03 |   3.0060161839346152e-03 | 1
  3, 16 |   3.0438518706328191e-03 |   3.0438518706328191e-03 | 1
  3, 17 |   3.0438496007302593e-03 |   3.0438496007302593e-03 | 1
  3, 18 |   1.5314065186272431e-03 |   1.5314065186272431e-03 | 1
  3, 19 |   8.7046055048021695e-03 |   8.7046055048021695e-03 | 1
  3, 20 |   3.8826894051445389e-03 |   3.8826894051445389e-03 | 1
  3, 21 |   6.7854724466163740e-03 |   6.7854724466163740e-03 | 1
  3, 22 |   3.0373764237226417e-03 |   3.0373764237226417e-03 | 1
  3, 23 |   4.8815356450487759e-03 |   4.8815356450487759e-03 | 1
  3, 24 |   4.1137416568669538e-03 |   4.1137416568669538e-03 | 1
  3, 25 |   1.9470589752731669e-03 |   1.9470589752731669e-03 | 1
  3, 26 |   1.1472905086302892e-04 |   1.1472905086302892e-04 | 1
  3, 27 |   4.6061202219372741e-03 |   4.6061202219372741e-03 | 1
  3, 28 |   4.0266393642665616e-03 |   4.0266393642665616e-03 | 1
  3, 29 |   7.7984041428060830e-03 |   7.7984041428060830e-03 | 1
  3, 30 |   4.3738716685650589e-03 |   4.3738716685650589e-03 | 1
  3, 31 |   3.7376337005176818e-03 |   3.7376337005176818e-03 | 1
  3, 32 |   1.0934618575044552e-03 |   1.0934618575044552e-03 | 1
  3, 33 |   3.9150636150650578e-03 |   3.9150636150650578e-03 | 1
  3, 34 |   2.7690417010676049e-03 |   2.7690417010676049e-03 | 1
  3, 35 |   5.8268808028493648e-05 |   5.8268808028493648e-05 | 1
  3, 36 |  -1.3196277828318398e-03 |  -1.3196277828318398e-03 | 1
  3, 37 |  -1.2873562051713826e-03 |  -1.2873562051713826e-03 | 1
  3, 38 |  -2.3988281878277017e-03 |  -2.3988281878277017e-03 | 1
  3, 39 |   5.9735911124159989e-06 |   5.9735911124159989e-06 | 1
  3, 40 |  -1.4907873462227950e-07 |  -1.4907873462227950e-07 | 1
  3, 41 |  -6.7739401709349903e-05 |  -6.7739401709349903e-05 | 1
  3, 42 |   1.6814115104765906e-07 |   1.6814115104765906e-07 | 1
  3, 43 |   3.1638918881198652e-03 |   3.1638918881198652e-03 | 1
  3, 44 |  -8.1373839829755536e-04 |  -8.1373839829755536e-04 | 1
  4,  1 |   2.3128913213666473e-03 |   2.3128913213666473e-03 | 1
  4,  2 |   1.4092603948008469e-04 |   1.4092603948008469e-04 | 1
  4,  3 |   2.7043056849901524e-03 |   2.7043056849901524e-03 | 1
  4,  4 |   4.0547128975635966e-03 |   4.0547128975635966e-03 | 1
  4,  5 |  -1.9637870213855494e-03 |  -1.9637870213855494e-03 | 1
  4,  6 |  -1.9336898571876183e-03 |  -1.9336898571876183e-03 | 1
  4,  7 |   2.7471036693423288e-03 |   2.7471036693423288e-03 | 1
  4,  8 |   1.8641582078993723e-03 |   1.8641582078993723e-03 | 1
  4,  9 |   1.5738360129248451e-03 |   1.5738360129248451e-03 | 1
  4, 10 |   1.7172966061188121e-03 |   1.7172966061188121e-03 | 1
  4, 11 |   5.8531243790801090e-04 |   5.8531243790801090e-04 | 1
  4, 12 |   1.0697308776494567e-03 |   1.0697308776494567e-03 | 1
  4, 13 |   1.9470662688349577e-03 |   1.9470662688349577e-03 | 1
  4, 14 |   2.8769953587881435e-03 |   2.8769953587881435e-03 | 1
  4, 15 |  -1.4366116119637362e-03 |  -1.4366116119637362e-03 | 1
  4, 16 |   8.1633371772326833e-04 |   8.1633371772326833e-04 | 1
  4, 17 |   8.5290904295888786e-05 |   8.5290904295888786e-05 | 1
  4, 18 |   2.6672339456615501e-03 |   2.6672339456615501e-03 | 1
  4, 19 |   4.7459135155901878e-03 |   4.7459135155901878e-03 | 1
  4, 20 |   4.4425208624572776e-03 |   4.4425208624572776e-03 | 1
  4, 21 |  -3.1614197181794655e-03 |  -3.1614197181794655e-03 | 1
  4, 22 |   2.7690149447397961e-03 |   2.7690149447397961e-03 | 1
  4, 23 |  -1.2203705730526664e-05 |  -1.2203705730526664e-05 | 1
  4, 24 |   2.7218427123113934e-03 |   2.7218427123113934e-03 | 1
  4, 25 |   2.0605849630317688e-03 |   2.0605849630317688e-03 | 1
  4, 26 |  -2.7364584090281590e-04 |  -2.7364584090281590e-04 | 1
  4, 27 |   2.0560993407403930e-04 |   2.0560993407403930e-04 | 1
  4, 28 |   2.4932733418212860e-03 |   2.4932733418212860e-03 | 1
  4, 29 |   4.8932739695717910e-03 |   4.8932739695717910e-03 | 1
  4, 30 |   3.1799598217698245e-03 |   3.1799598217698245e-03 | 1
  4, 31 |   6.6835159072074699e-03 |   6.6835159072074699e-03 | 1
  4, 32 |   7.3907015286173844e-04 |   7.3907015286173844e-04 | 1
  4, 33 |   3.4248246437051351e-03 |   3.4248246437051351e-03 | 1
  4, 34 |   1.6103071705173876e-03 |   1.6103071705173876e-03 | 1
  4, 35 |  -9.0659531185691426e-04 |  -9.0659531185691426e-04 | 1
  4, 36 |  -1.7452499334208692e-03 |  -1.7452499334208692e-03 | 1
  4, 37 |  -1.4575686000701151e-03 |  -1.4575686000701151e-03 | 1
  4, 38 |  -1.5394659106082878e-03 |  -1.5394659106082878e-03 | 1
  4, 39 |  -1.1359355758118691e-04 |  -1.1359355758118691e-04 | 1
  4, 40 |   7.8159297581611055e-08 |   7.8159297581611055e-08 | 1
  4, 41 |  -2.1840310145025768e-05 |  -2.1840310145025768e-05 | 1
  4, 42 |   8.2602203609979801e-08 |   8.2602203609979801e-08 | 1
  4, 43 |   2.7288722847410253e-03 |   2.7288722847410253e-03 | 1
  4, 44 |  -5.6834453267189133e-04 |  -5.6834453267189133e-04 | 1
  5,  1 |   2.8582919921266688e-03 |   2.8582919921266688e-03 | 1
  5,  2 |   2.7579658571775471e-03 |   2.7579658571775471e-03 | 1
  5,  3 |   9.0533073803032780e-04 |   9.0533073803032780e-04 | 1
  5,  4 |  -1.9637870213855494e-03 |  -1.9637870213855494e-03 | 1
  5,  5 |   2.7234282782642852e-02 |   2.7234282782642852e-02 | 1
  5,  6 |   6.8838606102248710e-03 |   6.8838606102248710e-03 | 1
  5,  7 |   7.1242439797130743e-03 |   7.1242439797130743e-03 | 1
  5,  8 |  -5.6381404538138197e-04 |  -5.6381404538138197e-04 | 1
  5,  9 |   3.8220507782111895e-03 |   3.8220507782111895e-03 | 1
  5, 10 |   3.2770327316065918e-04 |   3.2770327316065918e-04 | 1
  5, 11 |   2.4585157900733554e-03 |   2.4585157900733554e-03 | 1
  5, 12 |  -7.1898207020768268e-03 |  -7.1898207020768268e-03 | 1
  5, 13 |   2.8041788537648088e-04 |   2.8041788537648088e-04 | 1
  5, 14 |   2.4325031942681462e-03 |   2.4325031942681462e-03 | 1
  5, 15 |   1.2075909590880635e-02 |   1.2075909590880635e-02 | 1
  5, 16 |   6.0473515357455186e-03 |   6.0473515357455186e-03 | 1
  5, 17 |   2.2279714773401588e-03 |   2.2279714773401588e-03 | 1
  5, 18 |   3.4180728834155801e-03 |   3.4180728834155801e-03 | 1
  5, 19 |   2.4220297924536270e-04 |   2.4220297924536270e-04 | 1
  5, 20 |  -1.0453043834310874e-03 |  -1.0453043834310874e-03 | 1
  5, 21 |   8.3635581754181124e-03 |   8.3635581754181124e-03 | 1
  5, 22 |   8.2794371598548400e-03 |   8.2794371598548400e-03 | 1
  5, 23 |   7.5728214015787498e-03 |   7.5728214015787498e-03 | 1
  5, 24 |   4.8446559892258443e-03 |   4.8446559892258443e-03 | 1
  5, 25 |  -1.7578661025768514e-03 |  -1.7578661025768514e-03 | 1
  5, 26 |  -8.3996420432446740e-03 |  -8.3996420432446740e-03 | 1
  5, 27 |   5.0004899517030396e-03 |   5.0004899517030396e-03 | 1
  5, 28 |   4.2752275836901443e-03 |   4.2752275836901443e-03 | 1
  5, 29 |   8.9567353188716690e-03 |   8.9567353188716690e-03 | 1
  5, 30 |   4.4583462720987425e-04 |   4.4583462720987425e-04 | 1
  5, 31 |   5.3481180984288612e-03 |   5.3481180984288612e-03 | 1
  5, 32 |   5.6660469711880340e-04 |   5.6660469711880340e-04 | 1
  5, 33 |  -4.7476099067293963e-03 |  -4.7476099067293963e-03 | 1
  5, 34 |   2.8208533659619429e-03 |   2.8208533659619429e-03 | 1
  5, 35 |  -4.5459372385822628e-04 |  -4.5459372385822628e-04 | 1
  5, 36 |  -5.8440613805079431e-04 |  -5.8440613805079431e-04 | 1
  5, 37 |  -1.8269733854930767e-03 |  -1.8269733854930767e-03 | 1
  5, 38 |  -7.3239422949715591e-04 |  -7.3239422949715591e-04 | 1
  5, 39 |   1.9532371825168934e-04 |   1.9532371825168934e-04 | 1
  5, 40 |  -3.2369709656277400e-07 |  -3.2369709656277400e-07 | 1
  5, 41 |  -2.4508098916254018e-04 |  -2.4508098916254018e-04 | 1
  5, 42 |   1.0474688325725443e-05 |   1.0474688325725443e-05 | 1
  5, 43 |   2.7150085900831998e-03 |   2.7150085900831998e-03 | 1
  5, 44 |  -6.5052490474829102e-04 |  -6.5052490474829102e-04 | 1
  6,  1 |   1.1488326743146707e-03 |   1.1488326743146707e-03 | 1
  6,  2 |   3.3834356479758940e-03 |   3.3834356479758940e-03 | 1
  6,  3 |  -1.4637879418643029e-03 |  -1.4637879418643029e-03 | 1
  6,  4 |  -1.9336898571876183e-03 |  -1.9336898571876183e-03 | 1
  6,  5 |   6.8838606102248710e-03 |   6.8838606102248710e-03 | 1
  6,  6 |   1.1011722568454382e-02 |   1.1011722568454382e-02 | 1
  6,  7 |   9.4017446713211186e-04 |   9.4017446713211186e-04 | 1
  6,  8 |  -1.1539674655970341e-03 |  -1.1539674655970341e-03 | 1
  6,  9 |   4.2930471684190039e-03 |   4.2930471684190039e-03 | 1
  6, 10 |  -2.7974591201717523e-03 |  -2.7974591201717523e-03 | 1
  6, 11 |   1.2324830746449217e-03 |   1.2324830746449217e-03 | 1
  6, 12 |  -4.4346868366705318e-04 |  -4.4346868366705318e-04 | 1
  6, 13 |  -1.8376082620384464e-03 |  -1.8376082620384464e-03 | 1
  6, 14 |  -4.3537847731807133e-03 |  -4.3537847731807133e-03 | 1
  6, 15 |   3.2428776149162515e-03 |   3.2428776149162515e-03 | 1
  6, 16 |  -1.1421339426479812e-04 |  -1.1421339426479812e-04 | 1
  6, 17 |   1.1644836805187278e-03 |   1.1644836805187278e-03 | 1
  6, 18 |  -1.6790455427671785e-03 |  -1.6790455427671785e-03 | 1
  6, 19 |  -4.9433526511847839e-03 |  -4.9433526511847839e-03 | 1
  6, 20 |  -8.9882340833267701e-04 |  -8.9882340833267701e-04 | 1
  6, 21 |   3.3079622705181120e-03 |   3.3079622705181120e-03 | 1
  6, 22 |   4.0079738856346981e-03 |   4.0079738856346981e-03 | 1
  6, 23 |   3.6817497080740471e-03 |   3.6817497080740471e-03 | 1
  6, 24 |   9.6045419574267111e-04 |   9.6045419574267111e-04 | 1
  6, 25 |   4.3036096242301501e-03 |   4.3036096242301501e-03 | 1
  6, 26 |   6.2161095907443745e-03 |   6.2161095907443745e-03 | 1
  6, 27 |  -7.1804103000949965e-03 |  -7.1804103000949965e-03 | 1
  6, 28 |  -2.9409703928222558e-03 |  -2.9409703928222558e-03 | 1
  6, 29 |  -2.3802857890103412e-03 |  -2.3802857890103412e-03 | 1
  6, 30 |  -5.7199839142979395e-04 |  -5.7199839142979395e-04 | 1
  6, 31 |  -3.5398293300804096e-03 |  -3.5398293300804096e-03 | 1
  6, 32 |  -4.4032809396757550e-04 |  -4.4032809396757550e-04 | 1
  6, 33 |  -8.2265155731873745e-03 |  -8.2265155731873745e-03 | 1
  6, 34 |   1.1384464637967389e-03 |   1.1384464637967389e-03 | 1
  6, 35 |  -7.4556307317602804e-04 |  -7.4556307317602804e-04 | 1
  6, 36 |   6.9216113882161041e-04 |   6.9216113882161041e-04 | 1
  6, 37 |   9.6596760723296799e-04 |   9.6596760723296799e-04 | 1
  6, 38 |   2.4683261785213111e-04 |   2.4683261785213111e-04 | 1
  6, 39 |  -4.0058837728586927e-05 |  -4.0058837728586927e-05 | 1
  6, 40 |  -2.1760406849638137e-07 |  -2.1760406849638137e-07 | 1
  6, 41 |   2.2842666633445293e-05 |   2.2842666633445293e-05 | 1
  6, 42 |  -5.2238046726148568e-06 |  -5.2238046726148568e-06 | 1
  6, 43 |   2.6437092848153904e-04 |   2.6437092848153904e-04 | 1
  6, 44 |   4.5110471189364508e-04 |   4.5110471189364508e-04 | 1
  7,  1 |   2.0212628322317356e-03 |   2.0212628322317356e-03 | 1
  7,  2 |   2.2356812600774125e-03 |   2.2356812600774125e-03 | 1
  7,  3 |  -1.6218892015825925e-03 |  -1.6218892015825925e-03 | 1
  7,  4 |   2.7471036693423288e-03 |   2.7471036693423288e-03 | 1
  7,  5 |   7.1242439797130743e-03 |   7.1242439797130743e-03 | 1
  7,  6 |   9.4017446713211186e-04 |   9.4017446713211186e-04 | 1
  7,  7 |   2.0820958971259441e-02 |   2.0820958971259441e-02 | 1
  7,  8 |   1.8827085262847283e-03 |   1.8827085262847283e-03 | 1
  7,  9 |   4.9904969500180535e-03 |   4.9904969500180535e-03 | 1
  7, 10 |  -6.6246561594312447e-03 |  -6.6246561594312447e-03 | 1
  7, 11 |   5.2193601302659323e-04 |   5.2193601302659323e-04 | 1
  7, 12 |   6.0337354755028022e-03 |   6.0337354755028022e-03 | 1
  7, 13 |   4.4503366268341827e-03 |   4.4503366268341827e-03 | 1
  7, 14 |   3.8020681904707672e-03 |   3.8020681904707672e-03 | 1
  7, 15 |   5.4122416140869123e-03 |   5.4122416140869123e-03 | 1
  7, 16 |   4.7056295597613807e-03 |   4.7056295597613807e-03 | 1
  7, 17 |  -1.5186255199080220e-03 |  -1.5186255199080220e-03 | 1
  7, 18 |   7.9070479804980165e-03 |   7.9070479804980165e-03 | 1
  7, 19 |   9.0664049455760082e-04 |   9.0664049455760082e-04 | 1
  7, 20 |   8.3334938121093528e-03 |   8.3334938121093528e-03 | 1
  7, 21 |  -1.0633273697712883e-02 |  -1.0633273697712883e-02 | 1
  7, 22 |   3.2850584973776751e-03 |   3.2850584973776751e-03 | 1
  7, 23 |   1.0889983912985039e-03 |   1.0889983912985039e-03 | 1
  7, 24 |   6.9547870032122521e-03 |   6.9547870032122521e-03 | 1
  7, 25 |  -8.3390111356045472e-04 |  -8.3390111356045472e-04 | 1
  7, 26 |   1.4013626623482606e-03 |   1.4013626623482606e-03 | 1
  7, 27 |   5.7125121425801394e-04 |   5.7125121425801394e-04 | 1
  7, 28 |   8.2560945498311757e-03 |   8.2560945498311757e-03 | 1
  7, 29 |   4.8920288544906723e-03 |   4.8920288544906723e-03 | 1
  7, 30 |   4.4232589933923826e-04 |   4.4232589933923826e-04 | 1
  7, 31 |   4.4376025612570674e-03 |   4.4376025612570674e-03 | 1
  7, 32 |  -3.2798787062374862e-05 |  -3.2798787062374862e-05 | 1
  7, 33 |   9.3426660512336192e-03 |   9.3426660512336192e-03 | 1
  7, 34 |   2.0259898093435919e-03 |   2.0259898093435919e-03 | 1
  7, 35 |  -2.2424787747888702e-03 |  -2.2424787747888702e-03 | 1
  7, 36 |  -1.2183386479388638e-03 |  -1.2183386479388638e-03 | 1
  7, 37 |  -8.3667793536541910e-04 |  -8.3667793536541910e-04 | 1
  7, 38 |  -5.4421175257676066e-06 |  -5.4421175257676066e-06 | 1
  7, 39 |  -2.8546170108777311e-04 |  -2.8546170108777311e-04 | 1
  7, 40 |   6.2438769238145474e-08 |   6.2438769238145474e-08 | 1
  7, 41 |  -2.1523214033759841e-04 |  -2.1523214033759841e-04 | 1
  7, 42 |   5.2671407505750563e-06 |   5.2671407505750563e-06 | 1
  7, 43 |   3.1485191696884376e-03 |   3.1485191696884376e-03 | 1
  7, 44 |   1.1398944278603388e-03 |   1.1398944278603388e-03 | 1
  8,  1 |   2.5763245024742884e-03 |   2.5763245024742884e-03 | 1
  8,  2 |   4.1704998044044916e-04 |   4.1704998044044916e-04 | 1
  8,  3 |   4.4652013900952220e-03 |   4.4652013900952220e-03 | 1
  8,  4 |   1.8641582078993723e-03 |   1.8641582078993723e-03 | 1
  8,  5 |  -5.6381404538138197e-04 |  -5.6381404538138197e-04 | 1
  8,  6 |  -1.1539674655970341e-03 |  -1.1539674655970341e-03 | 1
  8,  7 |   1.8827085262847283e-03 |   1.8827085262847283e-03 | 1
  8,  8 |   4.5967997018837338e-03 |   4.5967997018837338e-03 | 1
  8,  9 |   5.3786774537999821e-03 |   5.3786774537999821e-03 | 1
  8, 10 |   3.3150005065687338e-03 |   3.3150005065687338e-03 | 1
  8, 11 |   5.5380381391324849e-04 |   5.5380381391324849e-04 | 1
  8, 12 |   3.2690552892000531e-03 |   3.2690552892000531e-03 | 1
  8, 13 |   5.6338370270033406e-03 |   5.6338370270033406e-03 | 1
  8, 14 |   5.2448685119612553e-04 |   5.2448685119612553e-04 | 1
  8, 15 |   4.6404770240996611e-03 |   4.6404770240996611e-03 | 1
  8, 16 |   2.0189767604402459e-03 |   2.0189767604402459e-03 | 1
  8, 17 |   1.3955008185658232e-03 |   1.3955008185658232e-03 | 1
  8, 18 |   1.5707984415681074e-03 |   1.5707984415681074e-03 | 1
  8, 19 |   6.2196358343987023e-03 |   6.2196358343987023e-03 | 1
  8, 20 |   4.5549889956938679e-03 |   4.5549889956938679e-03 | 1
  8, 21 |   8.9193587588054860e-04 |   8.9193587588054860e-04 | 1
  8, 22 |   2.1058349317392552e-03 |   2.1058349317392552e-03 | 1
  8, 23 |   1.2193842996884783e-03 |   1.2193842996884783e-03 | 1
  8, 24 |   4.4737135163790574e-03 |   4.4737135163790574e-03 | 1
  8, 25 |   1.1339444670133052e-03 |   1.1339444670133052e-03 | 1
  8, 26 |   1.3129306228212611e-03 |   1.3129306228212611e-03 | 1
  8, 27 |   3.7370130392181972e-03 |   3.7370130392181972e-03 | 1
  8, 28 |   4.0612803376930597e-03 |   4.0612803376930597e-03 | 1
  8, 29 |   4.2735807069269605e-03 |   4.2735807069269605e-03 | 1
  8, 30 |   3.6405022621367744e-03 |   3.6405022621367744e-03 | 1
  8, 31 |   3.6758367306054451e-03 |   3.6758367306054451e-03 | 1
  8, 32 |   1.0178777990320622e-03 |   1.0178777990320622e-03 | 1
  8, 33 |   4.7613002677262010e-03 |   4.7613002677262010e-03 | 1
  8, 34 |   2.3143621627717157e-03 |   2.3143621627717157e-03 | 1
  8, 35 |  -1.0634329836399255e-04 |  -1.0634329836399255e-04 | 1
  8, 36 |  -8.9407801339654665e-04 |  -8.9407801339654665e-04 | 1
  8, 37 |  -9.9646972951780493e-04 |  -9.9646972951780493e-04 | 1
  8, 38 |  -1.9652607544043341e-03 |  -1.9652607544043341e-03 | 1
  8, 39 |  -1.3287782893387951e-04 |  -1.3287782893387951e-04 | 1
  8, 40 |  -7.9358791948819228e-08 |  -7.9358791948819228e-08 | 1
  8, 41 |  -7.6855502952221722e-05 |  -7.6855502952221722e-05 | 1
  8, 42 |   7.8474106912191586e-10 |   7.8474106912191586e-10 | 1
  8, 43 |   2.3711546500637020e-03 |   2.3711546500637020e-03 | 1
  8, 44 |  -1.6911439191807316e-04 |  -1.6911439191807316e-04 | 1
  9,  1 |   6.1164532414606353e-03 |   6.1164532414606353e-03 | 1
  9,  2 |   3.4652943925001147e-03 |   3.4652943925001147e-03 | 1
  9,  3 |   6.3741997559665434e-03 |   6.3741997559665434e-03 | 1
  9,  4 |   1.5738360129248451e-03 |   1.5738360129248451e-03 | 1
  9,  5 |   3.8220507782111895e-03 |   3.8220507782111895e-03 | 1
  9,  6 |   4.2930471684190039e-03 |   4.2930471684190039e-03 | 1
  9,  7 |   4.9904969500180535e-03 |   4.9904969500180535e-03 | 1
  9,  8 |   5.3786774537999821e-03 |   5.3786774537999821e-03 | 1
  9,  9 |   2.1676236836425073e-02 |   2.1676236836425073e-02 | 1
  9, 10 |   7.4040793725080791e-03 |   7.4040793725080791e-03 | 1
  9, 11 |   2.8571867914542227e-03 |   2.8571867914542227e-03 | 1
  9, 12 |   4.8098513888657733e-03 |   4.8098513888657733e-03 | 1
  9, 13 |   6.1384780136225087e-03 |   6.1384780136225087e-03 | 1
  9, 14 |   3.2393926807459056e-03 |   3.2393926807459056e-03 | 1
  9, 15 |   8.6225316878735369e-03 |   8.6225316878735369e-03 | 1
  9, 16 |   4.6433305598983995e-03 |   4.6433305598983995e-03 | 1
  9, 17 |   4.2567649949661283e-03 |   4.2567649949661283e-03 | 1
  9, 18 |   2.7125923941638728e-03 |   2.7125923941638728e-03 | 1
  9, 19 |   1.0325816307177389e-02 |   1.0325816307177389e-02 | 1
  9, 20 |   6.5276009675248490e-03 |   6.5276009675248490e-03 | 1
  9, 21 |  -2.7960590769277437e-03 |  -2.7960590769277437e-03 | 1
  9, 22 |   3.0247336655592162e-03 |   3.0247336655592162e-03 | 1
  9, 23 |   4.2348082562884805e-03 |   4.2348082562884805e-03 | 1
  9, 24 |   7.8821503223032788e-03 |   7.8821503223032788e-03 | 1
  9, 25 |   6.7709977599790224e-03 |   6.7709977599790224e-03 | 1
  9, 26 |   1.6863812222805329e-02 |   1.6863812222805329e-02 | 1
  9, 27 |  -1.4915246207144083e-02 |  -1.4915246207144083e-02 | 1
  9, 28 |   9.0919154653144769e-03 |   9.0919154653144769e-03 | 1
  9, 29 |   6.5653113367019466e-03 |   6.5653113367019466e-03 | 1
  9, 30 |   2.7930059209615114e-03 |   2.7930059209615114e-03 | 1
  9, 31 |   4.0130926955201105e-03 |   4.0130926955201105e-03 | 1
  9, 32 |   6.1931547939679174e-04 |   6.1931547939679174e-04 | 1
  9, 33 |   2.5231860526117424e-03 |   2.5231860526117424e-03 | 1
  9, 34 |   4.8863191608241206e-03 |   4.8863191608241206e-03 | 1
  9, 35 |  -1.0689744824544998e-03 |  -1.0689744824544998e-03 | 1
  9, 36 |  -1.4531093476897010e-03 |  -1.4531093476897010e-03 | 1
  9, 37 |  -3.1333608303556616e-04 |  -3.1333608303556616e-04 | 1
  9, 38 |  -2.7194507116115197e-03 |  -2.7194507116115197e-03 | 1
  9, 39 |  -2.9876282079469078e-04 |  -2.9876282079469078e-04 | 1
  9, 40 |  -2.5030137321953576e-07 |  -2.5030137321953576e-07 | 1
  9, 41 |  -3.7042314925875037e-04 |  -3.7042314925875037e-04 | 1
  9, 42 |   1.5905695197306471e-05 |   1.5905695197306471e-05 | 1
  9, 43 |   5.8134675116815349e-03 |   5.8134675116815349e-03 | 1
  9, 44 |  -1.0292477329082077e-03 |  -1.0292477329082077e-03 | 1
 10,  1 |   1.3622774708735492e-03 |   1.3622774708735492e-03 | 1
 10,  2 |  -2.0700351471688023e-03 |  -2.0700351471688023e-03 | 1
 10,  3 |   6.4671983662220886e-03 |   6.4671983662220886e-03 | 1
 10,  4 |   1.7172966061188121e-03 |   1.7172966061188121e-03 | 1
 10,  5 |   3.2770327316065918e-04 |   3.2770327316065918e-04 | 1
 10,  6 |  -2.7974591201717523e-03 |  -2.7974591201717523e-03 | 1
 10,  7 |  -6.6246561594312447e-03 |  -6.6246561594312447e-03 | 1
 10,  8 |   3.3150005065687338e-03 |   3.3150005065687338e-03 | 1
 10,  9 |   7.4040793725080791e-03 |   7.4040793725080791e-03 | 1
 10, 10 |   1.8521162722748997e-02 |   1.8521162722748997e-02 | 1
 10, 11 |   2.0109821083020437e-04 |   2.0109821083020437e-04 | 1
 10, 12 |   6.3570668346094334e-03 |   6.3570668346094334e-03 | 1
 10, 13 |   5.0966427905769218e-03 |   5.0966427905769218e-03 | 1
 10, 14 |   3.8565793305832506e-03 |   3.8565793305832506e-03 | 1
 10, 15 |   5.3940855515362154e-04 |   5.3940855515362154e-04 | 1
 10, 16 |   5.9614652869783105e-04 |   5.9614652869783105e-04 | 1
 10, 17 |   1.2280714974035071e-03 |   1.2280714974035071e-03 | 1
 10, 18 |   2.6293637725998477e-04 |   2.6293637725998477e-04 | 1
 10, 19 |   1.5184980444347216e-02 |   1.5184980444347216e-02 | 1
 10, 20 |   1.5446019733398552e-03 |   1.5446019733398552e-03 | 1
 10, 21 |   2.3845919903511498e-03 |   2.3845919903511498e-03 | 1
 10, 22 |  -3.4516564700370882e-03 |  -3.4516564700370882e-03 | 1
 10, 23 |  -8.2481675375806456e-03 |  -8.2481675375806456e-03 | 1
 10, 24 |   2.1422205701152200e-03 |   2.1422205701152200e-03 | 1
 10, 25 |   3.5115830174124071e-05 |   3.5115830174124071e-05 | 1
 10, 26 |  -2.0576797133769840e-03 |  -2.0576797133769840e-03 | 1
 10, 27 |   3.4550890439355659e-03 |   3.4550890439355659e-03 | 1
 10, 28 |   3.4715471277019568e-03 |   3.4715471277019568e-03 | 1
 10, 29 |   1.8226769329665183e-03 |   1.8226769329665183e-03 | 1
 10, 30 |   4.6054982280200460e-03 |   4.6054982280200460e-03 | 1
 10, 31 |   5.6707170005645957e-03 |   5.6707170005645957e-03 | 1
 10, 32 |   1.0393906665649507e-03 |   1.0393906665649507e-03 | 1
 10, 33 |   5.4222615441830019e-03 |   5.4222615441830019e-03 | 1
 10, 34 |   3.2113265627994646e-03 |   3.2113265627994646e-03 | 1
 10, 35 |   5.5582555781869057e-04 |   5.5582555781869057e-04 | 1
 10, 36 |  -1.9090627548308894e-03 |  -1.9090627548308894e-03 | 1
 10, 37 |  -1.6185154759740098e-03 |  -1.6185154759740098e-03 | 1
 10, 38 |  -3.3018755917963317e-03 |  -3.3018755917963317e-03 | 1
 10, 39 |  -3.6434584075984550e-04 |  -3.6434584075984550e-04 | 1
 10, 40 |   1.7679165318069462e-07 |   1.7679165318069462e-07 | 1
 10, 41 |   9.8153873471540479e-05 |   9.8153873471540479e-05 | 1
 10, 42 |  -4.7076408116176305e-06 |  -4.7076408116176305e-06 | 1
 10, 43 |   1.9747046249353742e-03 |   1.9747046249353742e-03 | 1
 10, 44 |  -4.2643696998567260e-04 |  -4.2643696998567260e-04 | 1
 11,  1 |   1.6219554088859861e-03 |   1.6219554088859861e-03 | 1
 11,  2 |   1.0145377448029921e-03 |   1.0145377448029921e-03 | 1
 11,  3 |   8.2455149485630001e-04 |   8.2455149485630001e-04 | 1
 11,  4 |   5.8531243790801090e-04 |   5.8531243790801090e-04 | 1
 11,  5 |   2.4585157900733554e-03 |   2.4585157900733554e-03 | 1
 11,  6 |   1.2324830746449217e-03 |   1.2324830746449217e-03 | 1
 11,  7 |   5.2193601302659323e-04 |   5.2193601302659323e-04 | 1
 11,  8 |   5.5380381391324849e-04 |   5.5380381391324849e-04 | 1
 11,  9 |   2.8571867914542227e-03 |   2.8571867914542227e-03 | 1
 11, 10 |   2.0109821083020437e-04 |   2.0109821083020437e-04 | 1
 11, 11 |   1.1208610339414732e-03 |   1.1208610339414732e-03 | 1
 11, 12 |  -1.8377075981935258e-03 |  -1.8377075981935258e-03 | 1
 11, 13 |   9.3815374093694890e-04 |   9.3815374093694890e-04 | 1
 11, 14 |   1.6653354375447682e-03 |   1.6653354375447682e-03 | 1
 11, 15 |   2.2529575937863169e-03 |   2.2529575937863169e-03 | 1
 11, 16 |   6.2012597776303559e-04 |   6.2012597776303559e-04 | 1
 11, 17 |   1.0211858880577733e-03 |   1.0211858880577733e-03 | 1
 11, 18 |   5.5678390507780560e-04 |   5.5678390507780560e-04 | 1
 11, 19 |   7.2636197507742735e-04 |   7.2636197507742735e-04 | 1
 11, 20 |   1.0927829076470101e-03 |   1.0927829076470101e-03 | 1
 11, 21 |  -1.0254929824472963e-03 |  -1.0254929824472963e-03 | 1
 11, 22 |   2.2371242349494072e-03 |   2.2371242349494072e-03 | 1
 11, 23 |   1.4148202006240779e-03 |   1.4148202006240779e-03 | 1
 11, 24 |   2.0283377370049847e-03 |   2.0283377370049847e-03 | 1
 11, 25 |   1.6932816993983800e-03 |   1.6932816993983800e-03 | 1
 11, 26 |   2.6563583398698364e-03 |   2.6563583398698364e-03 | 1
 11, 27 |  -3.7053745440270756e-03 |  -3.7053745440270756e-03 | 1
 11, 28 |   1.2567657923889955e-03 |   1.2567657923889955e-03 | 1
 11, 29 |   2.7762180991242856e-03 |   2.7762180991242856e-03 | 1
 11, 30 |   1.3367602607672999e-03 |   1.3367602607672999e-03 | 1
 11, 31 |   2.8829436497569624e-03 |   2.8829436497569624e-03 | 1
 11, 32 |   4.4420695669808181e-04 |   4.4420695669808181e-04 | 1
 11, 33 |  -1.8692053671179702e-03 |  -1.8692053671179702e-03 | 1
 11, 34 |   1.1407968491948023e-03 |   1.1407968491948023e-03 | 1
 11, 35 |  -4.0283152451869213e-04 |  -4.0283152451869213e-04 | 1
 11, 36 |  -7.1583129944758381e-04 |  -7.1583129944758381e-04 | 1
 11, 37 |  -8.2883202976789024e-04 |  -8.2883202976789024e-04 | 1
 11, 38 |  -9.9021124107325853e-04 |  -9.9021124107325853e-04 | 1
 11, 39 |   8.0054688000442678e-06 |   8.0054688000442678e-06 | 1
 11, 40 |  -6.0356037355728152e-08 |  -6.0356037355728152e-08 | 1
 11, 41 |  -8.1288748119590079e-05 |  -8.1288748119590079e-05 | 1
 11, 42 |   4.7128556432718073e-06 |   4.7128556432718073e-06 | 1
 11, 43 |   1.6825457692791388e-03 |   1.6825457692791388e-03 | 1
 11, 44 |  -5.3421519892434791e-04 |  -5.3421519892434791e-04 | 1
 12,  1 |   1.5281361511749096e-03 |   1.5281361511749096e-03 | 1
 12,  2 |  -1.1611625161594963e-03 |  -1.1611625161594963e-03 | 1
 12,  3 |   1.5754476116726793e-03 |   1.5754476116726793e-03 | 1
 12,  4 |   1.0697308776494567e-03 |   1.0697308776494567e-03 | 1
 12,  5 |  -7.1898207020768268e-03 |  -7.1898207020768268e-03 | 1
 12,  6 |  -4.4346868366705318e-04 |  -4.4346868366705318e-04 | 1
 12,  7 |   6.0337354755028022e-03 |   6.0337354755028022e-03 | 1
 12,  8 |   3.2690552892000531e-03 |   3.2690552892000531e-03 | 1
 12,  9 |   4.8098513888657733e-03 |   4.8098513888657733e-03 | 1
 12, 10 |   6.3570668346094334e-03 |   6.3570668346094334e-03 | 1
 12, 11 |  -1.8377075981935258e-03 |  -1.8377075981935258e-03 | 1
 12, 12 |   2.6782255360984837e-02 |   2.6782255360984837e-02 | 1
 12, 13 |   1.0633172458815749e-02 |   1.0633172458815749e-02 | 1
 12, 14 |  -1.8981090147625322e-03 |  -1.8981090147625322e-03 | 1
 12, 15 |   3.1772996198481803e-03 |   3.1772996198481803e-03 | 1
 12, 16 |   1.3901235923227109e-03 |   1.3901235923227109e-03 | 1
 12, 17 |   8.0587210865612166e-04 |   8.0587210865612166e-04 | 1
 12, 18 |   3.8695345519357740e-03 |   3.8695345519357740e-03 | 1
 12, 19 |   4.3909920387442125e-03 |   4.3909920387442125e-03 | 1
 12, 20 |   8.3125201168377377e-03 |   8.3125201168377377e-03 | 1
 12, 21 |  -3.7388673972045460e-03 |  -3.7388673972045460e-03 | 1
 12, 22 |  -9.2667314176951166e-03 |  -9.2667314176951166e-03 | 1
 12, 23 |  -2.0259630284827104e-02 |  -2.0259630284827104e-02 | 1
 12, 24 |   2.3563862062798294e-03 |   2.3563862062798294e-03 | 1
 12, 25 |  -7.4723149134422182e-04 |  -7.4723149134422182e-04 | 1
 12, 26 |   1.0103310903544190e-03 |   1.0103310903544190e-03 | 1
 12, 27 |   2.5592741118681574e-03 |   2.5592741118681574e-03 | 1
 12, 28 |   3.1927455283361187e-03 |   3.1927455283361187e-03 | 1
 12, 29 |  -6.8495600077079881e-03 |  -6.8495600077079881e-03 | 1
 12, 30 |   1.8878465544878954e-03 |   1.8878465544878954e-03 | 1
 12, 31 |  -2.1590327863138655e-03 |  -2.1590327863138655e-03 | 1
 12, 32 |  -9.1365005196877001e-04 |  -9.1365005196877001e-04 | 1
 12, 33 |   1.7425818320243737e-02 |   1.7425818320243737e-02 | 1
 12, 34 |   5.2290191920099525e-04 |   5.2290191920099525e-04 | 1
 12, 35 |   6.9384000250610615e-04 |   6.9384000250610615e-04 | 1
 12, 36 |  -1.9409848106178784e-04 |  -1.9409848106178784e-04 | 1
 12, 37 |   4.2616157922321116e-04 |   4.2616157922321116e-04 | 1
 12, 38 |  -6.2266482180997206e-04 |  -6.2266482180997206e-04 | 1
 12, 39 |  -7.0550613352036062e-04 |  -7.0550613352036062e-04 | 1
 12, 40 |   1.2064167732556457e-07 |   1.2064167732556457e-07 | 1
 12, 41 |   6.4616790971693775e-05 |   6.4616790971693775e-05 | 1
 12, 42 |  -9.1222131877389449e-06 |  -9.1222131877389449e-06 | 1
 12, 43 |   6.4143091272592545e-04 |   6.4143091272592545e-04 | 1
 12, 44 |   2.0740969499758403e-03 |   2.0740969499758403e-03 | 1
 13,  1 |   3.2929990665245181e-03 |   3.2929990665245181e-03 | 1
 13,  2 |  -3.7754106122038890e-04 |  -3.7754106122038890e-04 | 1
 13,  3 |   3.4961026418405378e-03 |   3.4961026418405378e-03 | 1
 13,  4 |   1.9470662688349577e-03 |   1.9470662688349577e-03 | 1
 13,  5 |   2.8041788537648088e-04 |   2.8041788537648088e-04 | 1
 13,  6 |  -1.8376082620384464e-03 |  -1.8376082620384464e-03 | 1
 13,  7 |   4.4503366268341827e-03 |   4.4503366268341827e-03 | 1
 13,  8 |   5.6338370270033406e-03 |   5.6338370270033406e-03 | 1
 13,  9 |   6.1384780136225087e-03 |   6.1384780136225087e-03 | 1
 13, 10 |   5.0966427905769218e-03 |   5.0966427905769218e-03 | 1
 13, 11 |   9.3815374093694890e-04 |   9.3815374093694890e-04 | 1
 13, 12 |   1.0633172458815749e-02 |   1.0633172458815749e-02 | 1
 13, 13 |   1.3622272344075797e-02 |   1.3622272344075797e-02 | 1
 13, 14 |   3.6831394861333872e-03 |   3.6831394861333872e-03 | 1
 13, 15 |   1.1382022756962016e-02 |   1.1382022756962016e-02 | 1
 13, 16 |   2.2472178909747811e-03 |   2.2472178909747811e-03 | 1
 13, 17 |   6.7118221910991206e-04 |   6.7118221910991206e-04 | 1
 13, 18 |   3.3349730255895619e-03 |   3.3349730255895619e-03 | 1
 13, 19 |   7.3583743769160756e-03 |   7.3583743769160756e-03 | 1
 13, 20 |   8.6671200639136421e-03 |   8.6671200639136421e-03 | 1
 13, 21 |  -6.4148658840855032e-03 |  -6.4148658840855032e-03 | 1
 13, 22 |  -8.0069403152402473e-04 |  -8.0069403152402473e-04 | 1
 13, 23 |  -1.0464491122084089e-02 |  -1.0464491122084089e-02 | 1
 13, 24 |   4.3456580384374751e-03 |   4.3456580384374751e-03 | 1
 13, 25 |  -9.5133594382762975e-04 |  -9.5133594382762975e-04 | 1
 13, 26 |   6.6519573099902297e-05 |   6.6519573099902297e-05 | 1
 13, 27 |   2.2458107487281949e-03 |   2.2458107487281949e-03 | 1
 13, 28 |   6.3484928698062859e-03 |   6.3484928698062859e-03 | 1
 13, 29 |   2.0725677701741848e-03 |   2.0725677701741848e-03 | 1
 13, 30 |   5.5731157170267939e-03 |   5.5731157170267939e-03 | 1
 13, 31 |   5.5952270209474820e-03 |   5.5952270209474820e-03 | 1
 13, 32 |   1.4271158133339207e-03 |   1.4271158133339207e-03 | 1
 13, 33 |   7.5898776606955487e-03 |   7.5898776606955487e-03 | 1
 13, 34 |   2.8420128524190734e-03 |   2.8420128524190734e-03 | 1
 13, 35 |   8.0215946715740411e-04 |   8.0215946715740411e-04 | 1
 13, 36 |  -1.1160108033641809e-03 |  -1.1160108033641809e-03 | 1
 13, 37 |  -1.6151886128561760e-03 |  -1.6151886128561760e-03 | 1
 13, 38 |  -2.5833924809017961e-03 |  -2.5833924809017961e-03 | 1
 13, 39 |  -3.6893493071490132e-04 |  -3.6893493071490132e-04 | 1
 13, 40 |   1.3749591400938090e-09 |   1.3749591400938090e-09 | 1
 13, 41 |  -2.2509000358974111e-04 |  -2.2509000358974111e-04 | 1
 13, 42 |   9.6452021540200505e-06 |   9.6452021540200505e-06 | 1
 13, 43 |   3.3361588603102628e-03 |   3.3361588603102628e-03 | 1
 13, 44 |  -6.4358072070220792e-04 |  -6.4358072070220792e-04 | 1
 14,  1 |   2.0126717822452978e-03 |   2.0126717822452978e-03 | 1
 14,  2 |   3.3506106053134266e-05 |   3.3506106053134266e-05 | 1
 14,  3 |   2.7841871922968525e-04 |   2.7841871922968525e-04 | 1
 14,  4 |   2.8769953587881435e-03 |   2.8769953587881435e-03 | 1
 14,  5 |   2.4325031942681462e-03 |   2.4325031942681462e-03 | 1
 14,  6 |  -4.3537847731807133e-03 |  -4.3537847731807133e-03 | 1
 14,  7 |   3.8020681904707672e-03 |   3.8020681904707672e-03 | 1
 14,  8 |   5.2448685119612553e-04 |   5.2448685119612553e-04 | 1
 14,  9 |   3.2393926807459056e-03 |   3.2393926807459056e-03 | 1
 14, 10 |   3.8565793305832506e-03 |   3.8565793305832506e-03 | 1
 14, 11 |   1.6653354375447682e-03 |   1.6653354375447682e-03 | 1
 14, 12 |  -1.8981090147625322e-03 |  -1.8981090147625322e-03 | 1
 14, 13 |   3.6831394861333872e-03 |   3.6831394861333872e-03 | 1
 14, 14 |   1.0735693033906148e-02 |   1.0735693033906148e-02 | 1
 14, 15 |   1.4256872275102261e-03 |   1.4256872275102261e-03 | 1
 14, 16 |  -2.1484093687231299e-05 |  -2.1484093687231299e-05 | 1
 14, 17 |   4.6483765424367042e-04 |   4.6483765424367042e-04 | 1
 14, 18 |   3.4506770166276768e-03 |   3.4506770166276768e-03 | 1
 14, 19 |   5.4798745713204519e-03 |   5.4798745713204519e-03 | 1
 14, 20 |   2.9859460062578616e-03 |   2.9859460062578616e-03 | 1
 14, 21 |  -1.0812288926096106e-02 |  -1.0812288926096106e-02 | 1
 14, 22 |   9.6074913520066262e-04 |   9.6074913520066262e-04 | 1
 14, 23 |  -5.8325208799660192e-03 |  -5.8325208799660192e-03 | 1
 14, 24 |   2.8086669887568156e-03 |   2.8086669887568156e-03 | 1
 14, 25 |   4.4629510414262609e-04 |   4.4629510414262609e-04 | 1
 14, 26 |   2.1968924083388082e-04 |   2.1968924083388082e-04 | 1
 14, 27 |  -5.6182328359745144e-03 |  -5.6182328359745144e-03 | 1
 14, 28 |   4.7129060838093694e-03 |   4.7129060838093694e-03 | 1
 14, 29 |   3.4472360885053001e-03 |   3.4472360885053001e-03 | 1
 14, 30 |   1.8827132486339362e-03 |   1.8827132486339362e-03 | 1
 14, 31 |   1.1926061098291592e-02 |   1.1926061098291592e-02 | 1
 14, 32 |   9.1384581925780747e-04 |   9.1384581925780747e-04 | 1
 14, 33 |   2.7162929183791908e-03 |   2.7162929183791908e-03 | 1
 14, 34 |   1.6823257686885836e-03 |   1.6823257686885836e-03 | 1
 14, 35 |  -1.2883297865146474e-03 |  -1.2883297865146474e-03 | 1
 14, 36 |  -2.6565431494198900e-03 |  -2.6565431494198900e-03 | 1
 14, 37 |  -2.9946489928605359e-03 |  -2.9946489928605359e-03 | 1
 14, 38 |  -2.4434759826275775e-03 |  -2.4434759826275775e-03 | 1
 14, 39 |  -1.6936468275314355e-04 |  -1.6936468275314355e-04 | 1
 14, 40 |   1.9691051322925909e-07 |   1.9691051322925909e-07 | 1
 14, 41 |  -1.5652376241801521e-04 |  -1.5652376241801521e-04 | 1
 14, 42 |   1.3731900442828103e-05 |   1.3731900442828103e-05 | 1
 14, 43 |   3.5549695841258543e-03 |   3.5549695841258543e-03 | 1
 14, 44 |  -1.4312648193248324e-03 |  -1.4312648193248324e-03 | 1
 15,  1 |   3.8757813146820461e-03 |   3.8757813146820461e-03 | 1
 15,  2 |   1.5825423838086111e-03 |   1.5825423838086111e-03 | 1
 15,  3 |   3.0060161839346152e-03 |   3.0060161839346152e-03 | 1
 15,  4 |  -1.4366116119637362e-03 |  -1.4366116119637362e-03 | 1
 15,  5 |   1.2075909590880635e-02 |   1.2075909590880635e-02 | 1
 15,  6 |   3.2428776149162515e-03 |   3.2428776149162515e-03 | 1
 15,  7 |   5.4122416140869123e-03 |   5.4122416140869123e-03 | 1
 15,  8 |   4.6404770240996611e-03 |   4.6404770240996611e-03 | 1
 15,  9 |   8.6225316878735369e-03 |   8.6225316878735369e-03 | 1
 15, 10 |   5.3940855515362154e-04 |   5.3940855515362154e-04 | 1
 15, 11 |   2.2529575937863169e-03 |   2.2529575937863169e-03 | 1
 15, 12 |   3.1772996198481803e-03 |   3.1772996198481803e-03 | 1
 15, 13 |   1.1382022756962016e-02 |   1.1382022756962016e-02 | 1
 15, 14 |   1.4256872275102261e-03 |   1.4256872275102261e-03 | 1
 15, 15 |   1.8768065949250085e-02 |   1.8768065949250085e-02 | 1
 15, 16 |   5.0984260970494705e-03 |   5.0984260970494705e-03 | 1
 15, 17 |   2.5757250341228157e-03 |   2.5757250341228157e-03 | 1
 15, 18 |   2.6358425629903265e-03 |   2.6358425629903265e-03 | 1
 15, 19 |   2.8294947764763555e-03 |   2.8294947764763555e-03 | 1
 15, 20 |   6.1252942861043103e-03 |   6.1252942861043103e-03 | 1
 15, 21 |   7.4278387039338172e-04 |   7.4278387039338172e-04 | 1
 15, 22 |   2.7937307167283498e-03 |   2.7937307167283498e-03 | 1
 15, 23 |   6.8980075401948993e-04 |   6.8980075401948993e-04 | 1
 15, 24 |   5.0832966787484144e-03 |   5.0832966787484144e-03 | 1
 15, 25 |  -1.9844593181910747e-03 |  -1.9844593181910747e-03 | 1
 15, 26 |   1.9679731355673521e-03 |   1.9679731355673521e-03 | 1
 15, 27 |   1.1982902749325956e-03 |   1.1982902749325956e-03 | 1
 15, 28 |   7.0936880735529822e-03 |   7.0936880735529822e-03 | 1
 15, 29 |   6.1870100171683784e-03 |   6.1870100171683784e-03 | 1
 15, 30 |   4.4212929591066616e-03 |   4.4212929591066616e-03 | 1
 15, 31 |  -2.1982519334549932e-04 |  -2.1982519334549932e-04 | 1
 15, 32 |   1.4588044195993645e-03 |   1.4588044195993645e-03 | 1
 15, 33 |  -4.4617017559317343e-04 |  -4.4617017559317343e-04 | 1
 15, 34 |   3.3449643798306190e-03 |   3.3449643798306190e-03 | 1
 15, 35 |   1.1620268602900705e-03 |   1.1620268602900705e-03 | 1
 15, 36 |  -4.3757516603268523e-06 |  -4.3757516603268523e-06 | 1
 15, 37 |  -1.0787740566226638e-03 |  -1.0787740566226638e-03 | 1
 15, 38 |  -1.8836932226188134e-03 |  -1.8836932226188134e-03 | 1
 15, 39 |   1.6787822082049970e-05 |   1.6787822082049970e-05 | 1
 15, 40 |  -3.1140060833752101e-07 |  -3.1140060833752101e-07 | 1
 15, 41 |  -4.0219034267866406e-04 |  -4.0219034267866406e-04 | 1
 15, 42 |   1.8581468530922695e-05 |   1.8581468530922695e-05 | 1
 15, 43 |   3.3754891177964520e-03 |   3.3754891177964520e-03 | 1
 15, 44 |  -1.0419508773808705e-03 |  -1.0419508773808705e-03 | 1
 16,  1 |   2.3327168780473691e-03 |   2.3327168780473691e-03 | 1
 16,  2 |   5.0915338553310027e-04 |   5.0915338553310027e-04 | 1
 16,  3 |   3.0438518706328191e-03 |   3.0438518706328191e-03 | 1
 16,  4 |   8.1633371772326833e-04 |   8.1633371772326833e-04 | 1
 16,  5 |   6.0473515357455186e-03 |   6.0473515357455186e-03 | 1
 16,  6 |  -1.1421339426479812e-04 |  -1.1421339426479812e-04 | 1
 16,  7 |   4.7056295597613807e-03 |   4.7056295597613807e-03 | 1
 16,  8 |   2.0189767604402459e-03 |   2.0189767604402459e-03 | 1
 16,  9 |   4.6433305598983995e-03 |   4.6433305598983995e-03 | 1
 16, 10 |   5.9614652869783105e-04 |   5.9614652869783105e-04 | 1
 16, 11 |   6.2012597776303559e-04 |   6.2012597776303559e-04 | 1
 16, 12 |   1.3901235923227109e-03 |   1.3901235923227109e-03 | 1
 16, 13 |   2.2472178909747811e-03 |   2.2472178909747811e-03 | 1
 16, 14 |  -2.1484093687231299e-05 |  -2.1484093687231299e-05 | 1
 16, 15 |   5.0984260970494705e-03 |   5.0984260970494705e-03 | 1
 16, 16 |   4.4783203467882839e-03 |   4.4783203467882839e-03 | 1
 16, 17 |   1.1521497794052074e-03 |   1.1521497794052074e-03 | 1
 16, 18 |   3.0039136400218901e-03 |   3.0039136400218901e-03 | 1
 16, 19 |   3.3036880977445936e-03 |   3.3036880977445936e-03 | 1
 16, 20 |   3.1924485944720368e-03 |   3.1924485944720368e-03 | 1
 16, 21 |   3.0516407046449921e-03 |   3.0516407046449921e-03 | 1
 16, 22 |   2.0476983756720175e-03 |   2.0476983756720175e-03 | 1
 16, 23 |   4.5468916036075571e-03 |   4.5468916036075571e-03 | 1
 16, 24 |   3.3370780004117013e-03 |   3.3370780004117013e-03 | 1
 16, 25 |  -6.2024478189855181e-04 |  -6.2024478189855181e-04 | 1
 16, 26 |  -4.1782935668509182e-04 |  -4.1782935668509182e-04 | 1
 16, 27 |   2.2314414349073946e-03 |   2.2314414349073946e-03 | 1
 16, 28 |   4.9661000741218703e-03 |   4.9661000741218703e-03 | 1
 16, 29 |   6.9801149318486407e-03 |   6.9801149318486407e-03 | 1
 16, 30 |   1.4782286692747006e-03 |   1.4782286692747006e-03 | 1
 16, 31 |   5.6444266112422575e-04 |   5.6444266112422575e-04 | 1
 16, 32 |   3.2608612145203615e-04 |   3.2608612145203615e-04 | 1
 16, 33 |   3.2529703642056058e-03 |   3.2529703642056058e-03 | 1
 16, 34 |   1.5324297767978319e-03 |   1.5324297767978319e-03 | 1
 16, 35 |   2.2519234805527206e-04 |   2.2519234805527206e-04 | 1
 16, 36 |  -2.6537112319170546e-04 |  -2.6537112319170546e-04 | 1
 16, 37 |  -2.1057335408193798e-04 |  -2.1057335408193798e-04 | 1
 16, 38 |  -2.6515063778602806e-04 |  -2.6515063778602806e-04 | 1
 16, 39 |   5.6610663996022094e-05 |   5.6610663996022094e-05 | 1
 16, 40 |  -1.5617543803400002e-07 |  -1.5617543803400002e-07 | 1
 16, 41 |  -1.9575455943526739e-04 |  -1.9575455943526739e-04 | 1
 16, 42 |   7.6656369374624931e-06 |   7.6656369374624931e-06 | 1
 16, 43 |   2.0687151202098521e-03 |   2.0687151202098521e-03 | 1
 16, 44 |  -2.6033078410906871e-04 |  -2.6033078410906871e-04 | 1
 17,  1 |   2.9681479268810680e-03 |   2.9681479268810680e-03 | 1
 17,  2 |   1.6028039060356678e-03 |   1.6028039060356678e-03 | 1
 17,  3 |   3.0438496007302593e-03 |   3.0438496007302593e-03 | 1
 17,  4 |   8.5290904295888786e-05 |   8.5290904295888786e-05 | 1
 17,  5 |   2.2279714773401588e-03 |   2.2279714773401588e-03 | 1
 17,  6 |   1.1644836805187278e-03 |   1.1644836805187278e-03 | 1
 17,  7 |  -1.5186255199080220e-03 |  -1.5186255199080220e-03 | 1
 17,  8 |   1.3955008185658232e-03 |   1.3955008185658232e-03 | 1
 17,  9 |   4.2567649949661283e-03 |   4.2567649949661283e-03 | 1
 17, 10 |   1.2280714974035071e-03 |   1.2280714974035071e-03 | 1
 17, 11 |   1.0211858880577733e-03 |   1.0211858880577733e-03 | 1
 17, 12 |   8.0587210865612166e-04 |   8.0587210865612166e-04 | 1
 17, 13 |   6.7118221910991206e-04 |   6.7118221910991206e-04 | 1
 17, 14 |   4.6483765424367042e-04 |   4.6483765424367042e-04 | 1
 17, 15 |   2.5757250341228157e-03 |   2.5757250341228157e-03 | 1
 17, 16 |   1.1521497794052074e-03 |   1.1521497794052074e-03 | 1
 17, 17 |   4.6437892225650295e-03 |   4.6437892225650295e-03 | 1
 17, 18 |   4.6689966968747030e-04 |   4.6689966968747030e-04 | 1
 17, 19 |   5.4733394865731752e-04 |   5.4733394865731752e-04 | 1
 17, 20 |   8.0718441074660553e-04 |   8.0718441074660553e-04 | 1
 17, 21 |   6.0494784025050706e-03 |   6.0494784025050706e-03 | 1
 17, 22 |   1.5647162267445702e-03 |   1.5647162267445702e-03 | 1
 17, 23 |   3.1047318034470315e-03 |   3.1047318034470315e-03 | 1
 17, 24 |   3.8829135434745241e-03 |   3.8829135434745241e-03 | 1
 17, 25 |   2.5329209500807868e-03 |   2.5329209500807868e-03 | 1
 17, 26 |   3.5144201015205791e-03 |   3.5144201015205791e-03 | 1
 17, 27 |  -9.3581719784291493e-04 |  -9.3581719784291493e-04 | 1
 17, 28 |   9.5116764512490179e-04 |   9.5116764512490179e-04 | 1
 17, 29 |   3.4589465138088957e-03 |   3.4589465138088957e-03 | 1
 17, 30 |   1.6496091067665440e-03 |   1.6496091067665440e-03 | 1
 17, 31 |   1.6292831223579628e-03 |   1.6292831223579628e-03 | 1
 17, 32 |   2.6367248726771484e-04 |   2.6367248726771484e-04 | 1
 17, 33 |   1.0141484416702875e-03 |   1.0141484416702875e-03 | 1
 17, 34 |   1.2905742563304931e-03 |   1.2905742563304931e-03 | 1
 17, 35 |  -6.4952925089749715e-04 |  -6.4952925089749715e-04 | 1
 17, 36 |  -1.1149071129943214e-03 |  -1.1149071129943214e-03 | 1
 17, 37 |  -1.6296110898325110e-03 |  -1.6296110898325110e-03 | 1
 17, 38 |  -2.0761852444262769e-03 |  -2.0761852444262769e-03 | 1
 17, 39 |   7.5303316320557401e-05 |   7.5303316320557401e-05 | 1
 17, 40 |  -1.9112297025104165e-07 |  -1.9112297025104165e-07 | 1
 17, 41 |   9.7452546545389710e-07 |   9.7452546545389710e-07 | 1
 17, 42 |  -1.0321766124901258e-06 |  -1.0321766124901258e-06 | 1
 17, 43 |   2.1586455991295505e-03 |   2.1586455991295505e-03 | 1
 17, 44 |  -8.1377244141193363e-05 |  -8.1377244141193363e-05 | 1
 18,  1 |   2.2962698894011353e-03 |   2.2962698894011353e-03 | 1
 18,  2 |   4.1121809123809323e-04 |   4.1121809123809323e-04 | 1
 18,  3 |   1.5314065186272431e-03 |   1.5314065186272431e-03 | 1
 18,  4 |   2.6672339456615501e-03 |   2.6672339456615501e-03 | 1
 18,  5 |   3.4180728834155801e-03 |   3.4180728834155801e-03 | 1
 18,  6 |  -1.6790455427671785e-03 |  -1.6790455427671785e-03 | 1
 18,  7 |   7.9070479804980165e-03 |   7.9070479804980165e-03 | 1
 18,  8 |   1.5707984415681074e-03 |   1.5707984415681074e-03 | 1
 18,  9 |   2.7125923941638728e-03 |   2.7125923941638728e-03 | 1
 18, 10 |   2.6293637725998477e-04 |   2.6293637725998477e-04 | 1
 18, 11 |   5.5678390507780560e-04 |   5.5678390507780560e-04 | 1
 18, 12 |   3.8695345519357740e-03 |   3.8695345519357740e-03 | 1
 18, 13 |   3.3349730255895619e-03 |   3.3349730255895619e-03 | 1
 18, 14 |   3.4506770166276768e-03 |   3.4506770166276768e-03 | 1
 18, 15 |   2.6358425629903265e-03 |   2.6358425629903265e-03 | 1
 18, 16 |   3.0039136400218901e-03 |   3.0039136400218901e-03 | 1
 18, 17 |   4.6689966968747030e-04 |   4.6689966968747030e-04 | 1
 18, 18 |   4.7563695867041096e-03 |   4.7563695867041096e-03 | 1
 18, 19 |   3.4437601483115268e-03 |   3.4437601483115268e-03 | 1
 18, 20 |   5.2443963637752609e-03 |   5.2443963637752609e-03 | 1
 18, 21 |  -3.5261018082086140e-03 |  -3.5261018082086140e-03 | 1
 18, 22 |   1.2723346593175285e-03 |   1.2723346593175285e-03 | 1
 18, 23 |  -9.1779591113615557e-04 |  -9.1779591113615557e-04 | 1
 18, 24 |   4.6681883558370102e-03 |   4.6681883558370102e-03 | 1
 18, 25 |  -3.6688170691712141e-04 |  -3.6688170691712141e-04 | 1
 18, 26 |  -7.3589322217415478e-04 |  -7.3589322217415478e-04 | 1
 18, 27 |   1.4567145782969960e-03 |   1.4567145782969960e-03 | 1
 18, 28 |   5.1297871684213101e-03 |   5.1297871684213101e-03 | 1
 18, 29 |   5.9595748573306627e-03 |   5.9595748573306627e-03 | 1
 18, 30 |   2.5392503754755086e-03 |   2.5392503754755086e-03 | 1
 18, 31 |   4.9644995196031771e-03 |   4.9644995196031771e-03 | 1
 18, 32 |   4.6833034010780291e-04 |   4.6833034010780291e-04 | 1
 18, 33 |   6.2832152956843771e-03 |   6.2832152956843771e-03 | 1
 18, 34 |   1.7307141205272153e-03 |   1.7307141205272153e-03 | 1
 18, 35 |  -8.9879286856562484e-04 |  -8.9879286856562484e-04 | 1
 18, 36 |  -1.6330379715791769e-03 |  -1.6330379715791769e-03 | 1
 18, 37 |  -1.6495104511559280e-03 |  -1.6495104511559280e-03 | 1
 18, 38 |  -1.2831952112872266e-03 |  -1.2831952112872266e-03 | 1
 18, 39 |  -1.2369189258989641e-04 |  -1.2369189258989641e-04 | 1
 18, 40 |   4.6109248560018473e-08 |   4.6109248560018473e-08 | 1
 18, 41 |  -1.0131580341406104e-04 |  -1.0131580341406104e-04 | 1
 18, 42 |   3.6813187925158090e-06 |   3.6813187925158090e-06 | 1
 18, 43 |   2.8690409998805761e-03 |   2.8690409998805761e-03 | 1
 18, 44 |   1.4855401707387897e-04 |   1.4855401707387897e-04 | 1
 19,  1 |   3.1108589316037280e-03 |   3.1108589316037280e-03 | 1
 19,  2 |  -1.4522575845882487e-03 |  -1.4522575845882487e-03 | 1
 19,  3 |   8.7046055048021695e-03 |   8.7046055048021695e-03 | 1
 19,  4 |   4.7459135155901878e-03 |   4.7459135155901878e-03 | 1
 19,  5 |   2.4220297924536270e-04 |   2.4220297924536270e-04 | 1
 19,  6 |  -4.9433526511847839e-03 |  -4.9433526511847839e-03 | 1
 19,  7 |   9.0664049455760082e-04 |   9.0664049455760082e-04 | 1
 19,  8 |   6.2196358343987023e-03 |   6.2196358343987023e-03 | 1
 19,  9 |   1.0325816307177389e-02 |   1.0325816307177389e-02 | 1
 19, 10 |   1.5184980444347216e-02 |   1.5184980444347216e-02 | 1
 19, 11 |   7.2636197507742735e-04 |   7.2636197507742735e-04 | 1
 19, 12 |   4.3909920387442125e-03 |   4.3909920387442125e-03 | 1
 19, 13 |   7.3583743769160756e-03 |   7.3583743769160756e-03 | 1
 19, 14 |   5.4798745713204519e-03 |   5.4798745713204519e-03 | 1
 19, 15 |   2.8294947764763555e-03 |   2.8294947764763555e-03 | 1
 19, 16 |   3.3036880977445936e-03 |   3.3036880977445936e-03 | 1
 19, 17 |   5.4733394865731752e-04 |   5.4733394865731752e-04 | 1
 19, 18 |   3.4437601483115268e-03 |   3.4437601483115268e-03 | 1
 19, 19 |   1.8700002259207787e-02 |   1.8700002259207787e-02 | 1
 19, 20 |   6.6019781092876793e-03 |   6.6019781092876793e-03 | 1
 19, 21 |  -8.9401145641681775e-04 |  -8.9401145641681775e-04 | 1
 19, 22 |   8.3447877500452512e-04 |   8.3447877500452512e-04 | 1
 19, 23 |  -6.4060774459831797e-04 |  -6.4060774459831797e-04 | 1
 19, 24 |   4.5492843172415427e-03 |   4.5492843172415427e-03 | 1
 19, 25 |   1.3594434901002041e-04 |   1.3594434901002041e-04 | 1
 19, 26 |  -1.2151664726510517e-03 |  -1.2151664726510517e-03 | 1
 19, 27 |   5.7753042347808720e-03 |   5.7753042347808720e-03 | 1
 19, 28 |   8.3718309288772566e-03 |   8.3718309288772566e-03 | 1
 19, 29 |   8.0666241462810304e-03 |   8.0666241462810304e-03 | 1
 19, 30 |   6.1780957358259572e-03 |   6.1780957358259572e-03 | 1
 19, 31 |   7.8522583174662972e-03 |   7.8522583174662972e-03 | 1
 19, 32 |   1.7508148464704890e-03 |   1.7508148464704890e-03 | 1
 19, 33 |   8.3013148947867037e-03 |   8.3013148947867037e-03 | 1
 19, 34 |   4.5836657421419831e-03 |   4.5836657421419831e-03 | 1
 19, 35 |  -1.3244919805920676e-04 |  -1.3244919805920676e-04 | 1
 19, 36 |  -2.4198385945539262e-03 |  -2.4198385945539262e-03 | 1
 19, 37 |  -1.7754145565854491e-03 |  -1.7754145565854491e-03 | 1
 19, 38 |  -3.4757110759838696e-03 |  -3.4757110759838696e-03 | 1
 19, 39 |  -3.0677565496065712e-04 |  -3.0677565496065712e-04 | 1
 19, 40 |   1.4529270932083848e-07 |   1.4529270932083848e-07 | 1
 19, 41 |  -9.1335996092365958e-05 |  -9.1335996092365958e-05 | 1
 19, 42 |   2.3584520412497756e-06 |   2.3584520412497756e-06 | 1
 19, 43 |   4.1586228080544782e-03 |   4.1586228080544782e-03 | 1
 19, 44 |  -1.1453590252601766e-03 |  -1.1453590252601766e-03 | 1
 20,  1 |   4.0532634101253977e-03 |   4.0532634101253977e-03 | 1
 20,  2 |   6.8162057703216833e-04 |   6.8162057703216833e-04 | 1
 20,  3 |   3.8826894051445389e-03 |   3.8826894051445389e-03 | 1
 20,  4 |   4.4425208624572776e-03 |   4.4425208624572776e-03 | 1
 20,  5 |  -1.0453043834310874e-03 |  -1.0453043834310874e-03 | 1
 20,  6 |  -8.9882340833267701e-04 |  -8.9882340833267701e-04 | 1
 20,  7 |   8.3334938121093528e-03 |   8.3334938121093528e-03 | 1
 20,  8 |   4.5549889956938679e-03 |   4.5549889956938679e-03 | 1
 20,  9 |   6.5276009675248490e-03 |   6.5276009675248490e-03 | 1
 20, 10 |   1.5446019733398552e-03 |   1.5446019733398552e-03 | 1
 20, 11 |   1.0927829076470101e-03 |   1.0927829076470101e-03 | 1
 20, 12 |   8.3125201168377377e-03 |   8.3125201168377377e-03 | 1
 20, 13 |   8.6671200639136421e-03 |   8.6671200639136421e-03 | 1
 20, 14 |   2.9859460062578616e-03 |   2.9859460062578616e-03 | 1
 20, 15 |   6.1252942861043103e-03 |   6.1252942861043103e-03 | 1
 20, 16 |   3.1924485944720368e-03 |   3.1924485944720368e-03 | 1
 20, 17 |   8.0718441074660553e-04 |   8.0718441074660553e-04 | 1
 20, 18 |   5.2443963637752609e-03 |   5.2443963637752609e-03 | 1
 20, 19 |   6.6019781092876793e-03 |   6.6019781092876793e-03 | 1
 20, 20 |   1.0359020219888108e-02 |   1.0359020219888108e-02 | 1
 20, 21 |  -6.2496778082944109e-03 |  -6.2496778082944109e-03 | 1
 20, 22 |   1.6085256950854599e-03 |   1.6085256950854599e-03 | 1
 20, 23 |  -1.9978731886742011e-03 |  -1.9978731886742011e-03 | 1
 20, 24 |   6.2665341059344754e-03 |   6.2665341059344754e-03 | 1
 20, 25 |   1.1347414799274729e-03 |   1.1347414799274729e-03 | 1
 20, 26 |   4.1676186771072094e-03 |   4.1676186771072094e-03 | 1
 20, 27 |  -1.3885454437186648e-04 |  -1.3885454437186648e-04 | 1
 20, 28 |   6.8268343648049262e-03 |   6.8268343648049262e-03 | 1
 20, 29 |   7.3015718498717266e-03 |   7.3015718498717266e-03 | 1
 20, 30 |   6.3900431628737733e-03 |   6.3900431628737733e-03 | 1
 20, 31 |   4.1858304579842787e-03 |   4.1858304579842787e-03 | 1
 20, 32 |   1.2961848729175769e-03 |   1.2961848729175769e-03 | 1
 20, 33 |   6.8552161834326249e-03 |   6.8552161834326249e-03 | 1
 20, 34 |   3.4535253312391002e-03 |   3.4535253312391002e-03 | 1
 20, 35 |  -7.5147684592464278e-04 |  -7.5147684592464278e-04 | 1
 20, 36 |  -2.1132211324582967e-03 |  -2.1132211324582967e-03 | 1
 20, 37 |  -1.8645254277856751e-03 |  -1.8645254277856751e-03 | 1
 20, 38 |  -2.6671224270668637e-03 |  -2.6671224270668637e-03 | 1
 20, 39 |  -2.4433649016720809e-04 |  -2.4433649016720809e-04 | 1
 20, 40 |   4.3598711249605008e-08 |   4.3598711249605008e-08 | 1
 20, 41 |  -1.5059035931927348e-04 |  -1.5059035931927348e-04 | 1
 20, 42 |   4.2437929898360840e-06 |   4.2437929898360840e-06 | 1
 20, 43 |   4.5546295097779587e-03 |   4.5546295097779587e-03 | 1
 20, 44 |  -2.0731674970356689e-04 |  -2.0731674970356689e-04 | 1
 21,  1 |   8.3396581488705832e-04 |   8.3396581488705832e-04 | 1
 21,  2 |   2.7885386956531225e-04 |   2.7885386956531225e-04 | 1
 21,  3 |   6.7854724466163740e-03 |   6.7854724466163740e-03 | 1
 21,  4 |  -3.1614197181794655e-03 |  -3.1614197181794655e-03 | 1
 21,  5 |   8.3635581754181124e-03 |   8.3635581754181124e-03 | 1
 21,  6 |   3.3079622705181120e-03 |   3.3079622705181120e-03 | 1
 21,  7 |  -1.0633273697712883e-02 |  -1.0633273697712883e-02 | 1
 21,  8 |   8.9193587588054860e-04 |   8.9193587588054860e-04 | 1
 21,  9 |  -2.7960590769277437e-03 |  -2.7960590769277437e-03 | 1
 21, 10 |   2.3845919903511498e-03 |   2.3845919903511498e-03 | 1
 21, 11 |  -1.0254929824472963e-03 |  -1.0254929824472963e-03 | 1
 21, 12 |  -3.7388673972045460e-03 |  -3.7388673972045460e-03 | 1
 21, 13 |  -6.4148658840855032e-03 |  -6.4148658840855032e-03 | 1
 21, 14 |  -1.0812288926096106e-02 |  -1.0812288926096106e-02 | 1
 21, 15 |   7.4278387039338172e-04 |   7.4278387039338172e-04 | 1
 21, 16 |   3.0516407046449921e-03 |   3.0516407046449921e-03 | 1
 21, 17 |   6.0494784025050706e-03 |   6.0494784025050706e-03 | 1
 21, 18 |  -3.5261018082086140e-03 |  -3.5261018082086140e-03 | 1
 21, 19 |  -8.9401145641681775e-04 |  -8.9401145641681775e-04 | 1
 21, 20 |  -6.2496778082944109e-03 |  -6.2496778082944109e-03 | 1
 21, 21 |   3.1561185111343149e-02 |   3.1561185111343149e-02 | 1
 21, 22 |   3.2265246371290857e-03 |   3.2265246371290857e-03 | 1
 21, 23 |   1.6554089589186312e-02 |   1.6554089589186312e-02 | 1
 21, 24 |  -8.3705720092110548e-04 |  -8.3705720092110548e-04 | 1
 21, 25 |  -1.1573466491874836e-03 |  -1.1573466491874836e-03 | 1
 21, 26 |  -9.7407694864440047e-03 |  -9.7407694864440047e-03 | 1
 21, 27 |   1.9538974779963952e-02 |   1.9538974779963952e-02 | 1
 21, 28 |  -4.4548610284857494e-03 |  -4.4548610284857494e-03 | 1
 21, 29 |   4.4291093003924892e-03 |   4.4291093003924892e-03 | 1
 21, 30 |  -4.1249271590135082e-04 |  -4.1249271590135082e-04 | 1
 21, 31 |  -9.9099801997008605e-03 |  -9.9099801997008605e-03 | 1
 21, 32 |  -3.3266713705675622e-04 |  -3.3266713705675622e-04 | 1
 21, 33 |  -2.1496352813618709e-03 |  -2.1496352813618709e-03 | 1
 21, 34 |  -3.3635639904063653e-04 |  -3.3635639904063653e-04 | 1
 21, 35 |   1.3551263489475075e-03 |   1.3551263489475075e-03 | 1
 21, 36 |   1.5911993477152968e-03 |   1.5911993477152968e-03 | 1
 21, 37 |   6.2586892173543301e-04 |   6.2586892173543301e-04 | 1
 21, 38 |   1.6705569749047477e-04 |   1.6705569749047477e-04 | 1
 21, 39 |   5.8620377284159799e-04 |   5.8620377284159799e-04 | 1
 21, 40 |  -5.1147444392538639e-07 |  -5.1147444392538639e-07 | 1
 21, 41 |   2.3841401959773267e-04 |   2.3841401959773267e-04 | 1
 21, 42 |  -1.9331687896686291e-05 |  -1.9331687896686291e-05 | 1
 21, 43 |  -2.0360214749184837e-03 |  -2.0360214749184837e-03 | 1
 21, 44 |   5.4513520439198574e-04 |   5.4513520439198574e-04 | 1
 22,  1 |   4.0858864397874698e-03 |   4.0858864397874698e-03 | 1
 22,  2 |   3.2183269737049141e-03 |   3.2183269737049141e-03 | 1
 22,  3 |   3.0373764237226417e-03 |   3.0373764237226417e-03 | 1
 22,  4 |   2.7690149447397961e-03 |   2.7690149447397961e-03 | 1
 22,  5 |   8.2794371598548400e-03 |   8.2794371598548400e-03 | 1
 22,  6 |   4.0079738856346981e-03 |   4.0079738856346981e-03 | 1
 22,  7 |   3.2850584973776751e-03 |   3.2850584973776751e-03 | 1
 22,  8 |   2.1058349317392552e-03 |   2.1058349317392552e-03 | 1
 22,  9 |   3.0247336655592162e-03 |   3.0247336655592162e-03 | 1
 22, 10 |  -3.4516564700370882e-03 |  -3.4516564700370882e-03 | 1
 22, 11 |   2.2371242349494072e-03 |   2.2371242349494072e-03 | 1
 22, 12 |  -9.2667314176951166e-03 |  -9.2667314176951166e-03 | 1
 22, 13 |  -8.0069403152402473e-04 |  -8.0069403152402473e-04 | 1
 22, 14 |   9.6074913520066262e-04 |   9.6074913520066262e-04 | 1
 22, 15 |   2.7937307167283498e-03 |   2.7937307167283498e-03 | 1
 22, 16 |   2.0476983756720175e-03 |   2.0476983756720175e-03 | 1
 22, 17 |   1.5647162267445702e-03 |   1.5647162267445702e-03 | 1
 22, 18 |   1.2723346593175285e-03 |   1.2723346593175285e-03 | 1
 22, 19 |   8.3447877500452512e-04 |   8.3447877500452512e-04 | 1
 22, 20 |   1.6085256950854599e-03 |   1.6085256950854599e-03 | 1
 22, 21 |   3.2265246371290857e-03 |   3.2265246371290857e-03 | 1
 22, 22 |   1.1842032828081439e-02 |   1.1842032828081439e-02 | 1
 22, 23 |   1.0822751862100168e-02 |   1.0822751862100168e-02 | 1
 22, 24 |   4.4512521571247483e-03 |   4.4512521571247483e-03 | 1
 22, 25 |   5.2455202992847602e-03 |   5.2455202992847602e-03 | 1
 22, 26 |  -1.1684350379598404e-03 |  -1.1684350379598404e-03 | 1
 22, 27 |  -2.5922189424999775e-04 |  -2.5922189424999775e-04 | 1
 22, 28 |   1.2477024472448937e-03 |   1.2477024472448937e-03 | 1
 22, 29 |   7.9111555595221400e-03 |   7.9111555595221400e-03 | 1
 22, 30 |   1.8527180389401707e-03 |   1.8527180389401707e-03 | 1
 22, 31 |   1.0228501028149265e-02 |   1.0228501028149265e-02 | 1
 22, 32 |   9.9790252716017592e-04 |   9.9790252716017592e-04 | 1
 22, 33 |  -4.3281863746900458e-03 |  -4.3281863746900458e-03 | 1
 22, 34 |   2.2870968910002295e-03 |   2.2870968910002295e-03 | 1
 22, 35 |  -1.4789248667491438e-03 |  -1.4789248667491438e-03 | 1
 22, 36 |  -1.1457175722116993e-03 |  -1.1457175722116993e-03 | 1
 22, 37 |  -1.4470064977303229e-03 |  -1.4470064977303229e-03 | 1
 22, 38 |  -1.2443690120745084e-03 |  -1.2443690120745084e-03 | 1
 22, 39 |   1.1839217896823269e-04 |   1.1839217896823269e-04 | 1
 22, 40 |  -2.7132183320321236e-07 |  -2.7132183320321236e-07 | 1
 22, 41 |  -1.4674692222706572e-04 |  -1.4674692222706572e-04 | 1
 22, 42 |   3.5493746173880021e-06 |   3.5493746173880021e-06 | 1
 22, 43 |   3.5236612901168749e-03 |   3.5236612901168749e-03 | 1
 22, 44 |  -1.3559971076391197e-03 |  -1.3559971076391197e-03 | 1
 23,  1 |   1.1909064106680979e-03 |   1.1909064106680979e-03 | 1
 23,  2 |   3.0930559465864420e-03 |   3.0930559465864420e-03 | 1
 23,  3 |   4.8815356450487759e-03 |   4.8815356450487759e-03 | 1
 23,  4 |  -1.2203705730526664e-05 |  -1.2203705730526664e-05 | 1
 23,  5 |   7.5728214015787498e-03 |   7.5728214015787498e-03 | 1
 23,  6 |   3.6817497080740471e-03 |   3.6817497080740471e-03 | 1
 23,  7 |   1.0889983912985039e-03 |   1.0889983912985039e-03 | 1
 23,  8 |   1.2193842996884783e-03 |   1.2193842996884783e-03 | 1
 23,  9 |   4.2348082562884805e-03 |   4.2348082562884805e-03 | 1
 23, 10 |  -8.2481675375806456e-03 |  -8.2481675375806456e-03 | 1
 23, 11 |   1.4148202006240779e-03 |   1.4148202006240779e-03 | 1
 23, 12 |  -2.0259630284827104e-02 |  -2.0259630284827104e-02 | 1
 23, 13 |  -1.0464491122084089e-02 |  -1.0464491122084089e-02 | 1
 23, 14 |  -5.8325208799660192e-03 |  -5.8325208799660192e-03 | 1
 23, 15 |   6.8980075401948993e-04 |   6.8980075401948993e-04 | 1
 23, 16 |   4.5468916036075571e-03 |   4.5468916036075571e-03 | 1
 23, 17 |   3.1047318034470315e-03 |   3.1047318034470315e-03 | 1
 23, 18 |  -9.1779591113615557e-04 |  -9.1779591113615557e-04 | 1
 23, 19 |  -6.4060774459831797e-04 |  -6.4060774459831797e-04 | 1
 23, 20 |  -1.9978731886742011e-03 |  -1.9978731886742011e-03 | 1
 23, 21 |   1.6554089589186312e-02 |   1.6554089589186312e-02 | 1
 23, 22 |   1.0822751862100168e-02 |   1.0822751862100168e-02 | 1
 23, 23 |   3.8430127810216402e-02 |   3.8430127810216402e-02 | 1
 23, 24 |   3.4254400299024842e-03 |   3.4254400299024842e-03 | 1
 23, 25 |   1.1426048681337482e-03 |   1.1426048681337482e-03 | 1
 23, 26 |   7.1539661173922161e-03 |   7.1539661173922161e-03 | 1
 23, 27 |   5.6490805451846890e-03 |   5.6490805451846890e-03 | 1
 23, 28 |   1.9756331168984814e-03 |   1.9756331168984814e-03 | 1
 23, 29 |   1.5674979483038587e-02 |   1.5674979483038587e-02 | 1
 23, 30 |   1.2750534003624007e-03 |   1.2750534003624007e-03 | 1
 23, 31 |  -1.1252368825685812e-02 |  -1.1252368825685812e-02 | 1
 23, 32 |   9.8940301288937818e-04 |   9.8940301288937818e-04 | 1
 23, 33 |  -1.2085677484821941e-02 |  -1.2085677484821941e-02 | 1
 23, 34 |   2.2785181172668223e-03 |   2.2785181172668223e-03 | 1
 23, 35 |  -1.4751703361626919e-03 |  -1.4751703361626919e-03 | 1
 23, 36 |   3.2170861299036179e-04 |   3.2170861299036179e-04 | 1
 23, 37 |   5.5519925241205017e-04 |   5.5519925241205017e-04 | 1
 23, 38 |  -1.5530867938635528e-04 |  -1.5530867938635528e-04 | 1
 23, 39 |   9.0848904302150385e-04 |   9.0848904302150385e-04 | 1
 23, 40 |  -3.9479815916409401e-07 |  -3.9479815916409401e-07 | 1
 23, 41 |  -4.0402043866166325e-05 |  -4.0402043866166325e-05 | 1
 23, 42 |  -3.1805766671370180e-06 |  -3.1805766671370180e-06 | 1
 23, 43 |   1.1206461517135041e-03 |   1.1206461517135041e-03 | 1
 23, 44 |  -4.9493855529134404e-04 |  -4.9493855529134404e-04 | 1
 24,  1 |   4.7714607194210782e-03 |   4.7714607194210782e-03 | 1
 24,  2 |   2.9580404466392710e-03 |   2.9580404466392710e-03 | 1
 24,  3 |   4.1137416568669538e-03 |   4.1137416568669538e-03 | 1
 24,  4 |   2.7218427123113934e-03 |   2.7218427123113934e-03 | 1
 24,  5 |   4.8446559892258443e-03 |   4.8446559892258443e-03 | 1
 24,  6 |   9.6045419574267111e-04 |   9.6045419574267111e-04 | 1
 24,  7 |   6.9547870032122521e-03 |   6.9547870032122521e-03 | 1
 24,  8 |   4.4737135163790574e-03 |   4.4737135163790574e-03 | 1
 24,  9 |   7.8821503223032788e-03 |   7.8821503223032788e-03 | 1
 24, 10 |   2.1422205701152200e-03 |   2.1422205701152200e-03 | 1
 24, 11 |   2.0283377370049847e-03 |   2.0283377370049847e-03 | 1
 24, 12 |   2.3563862062798294e-03 |   2.3563862062798294e-03 | 1
 24, 13 |   4.3456580384374751e-03 |   4.3456580384374751e-03 | 1
 24, 14 |   2.8086669887568156e-03 |   2.8086669887568156e-03 | 1
 24, 15 |   5.0832966787484144e-03 |   5.0832966787484144e-03 | 1
 24, 16 |   3.3370780004117013e-03 |   3.3370780004117013e-03 | 1
 24, 17 |   3.8829135434745241e-03 |   3.8829135434745241e-03 | 1
 24, 18 |   4.6681883558370102e-03 |   4.6681883558370102e-03 | 1
 24, 19 |   4.5492843172415427e-03 |   4.5492843172415427e-03 | 1
 24, 20 |   6.2665341059344754e-03 |   6.2665341059344754e-03 | 1
 24, 21 |  -8.3705720092110548e-04 |  -8.3705720092110548e-04 | 1
 24, 22 |   4.4512521571247483e-03 |   4.4512521571247483e-03 | 1
 24, 23 |   3.4254400299024842e-03 |   3.4254400299024842e-03 | 1
 24, 24 |   1.7286382671662971e-02 |   1.7286382671662971e-02 | 1
 24, 25 |   4.0625482503041125e-03 |   4.0625482503041125e-03 | 1
 24, 26 |   8.8749554797807745e-03 |   8.8749554797807745e-03 | 1
 24, 27 |   1.2683946601641218e-04 |   1.2683946601641218e-04 | 1
 24, 28 |   6.6574722226129378e-03 |   6.6574722226129378e-03 | 1
 24, 29 |   1.3784332050437416e-02 |   1.3784332050437416e-02 | 1
 24, 30 |   8.9662890219936765e-03 |   8.9662890219936765e-03 | 1
 24, 31 |   1.1101678421676957e-02 |   1.1101678421676957e-02 | 1
 24, 32 |   2.0004392075864304e-03 |   2.0004392075864304e-03 | 1
 24, 33 |   6.0938101837091866e-03 |   6.0938101837091866e-03 | 1
 24, 34 |   5.3519861500680496e-03 |   5.3519861500680496e-03 | 1
 24, 35 |  -2.8602450845364026e-03 |  -2.8602450845364026e-03 | 1
 24, 36 |  -4.4002027197720525e-03 |  -4.4002027197720525e-03 | 1
 24, 37 |  -5.3110794931718001e-03 |  -5.3110794931718001e-03 | 1
 24, 38 |  -6.0517676854816406e-03 |  -6.0517676854816406e-03 | 1
 24, 39 |  -2.3847504785383695e-04 |  -2.3847504785383695e-04 | 1
 24, 40 |  -2.0476510351694698e-08 |  -2.0476510351694698e-08 | 1
 24, 41 |   1.2938753954604167e-04 |   1.2938753954604167e-04 | 1
 24, 42 |  -1.2930645250958348e-05 |  -1.2930645250958348e-05 | 1
 24, 43 |   5.7577259664247614e-03 |   5.7577259664247614e-03 | 1
 24, 44 |   2.3644215393613332e-03 |   2.3644215393613332e-03 | 1
 25,  1 |   3.8309698544339355e-03 |   3.8309698544339355e-03 | 1
 25,  2 |   3.0702321881809166e-03 |   3.0702321881809166e-03 | 1
 25,  3 |   1.9470589752731669e-03 |   1.9470589752731669e-03 | 1
 25,  4 |   2.0605849630317688e-03 |   2.0605849630317688e-03 | 1
 25,  5 |  -1.7578661025768514e-03 |  -1.7578661025768514e-03 | 1
 25,  6 |   4.3036096242301501e-03 |   4.3036096242301501e-03 | 1
 25,  7 |  -8.3390111356045472e-04 |  -8.3390111356045472e-04 | 1
 25,  8 |   1.1339444670133052e-03 |   1.1339444670133052e-03 | 1
 25,  9 |   6.7709977599790224e-03 |   6.7709977599790224e-03 | 1
 25, 10 |   3.5115830174124071e-05 |   3.5115830174124071e-05 | 1
 25, 11 |   1.6932816993983800e-03 |   1.6932816993983800e-03 | 1
 25, 12 |  -7.4723149134422182e-04 |  -7.4723149134422182e-04 | 1
 25, 13 |  -9.5133594382762975e-04 |  -9.5133594382762975e-04 | 1
 25, 14 |   4.4629510414262609e-04 |   4.4629510414262609e-04 | 1
 25, 15 |  -1.9844593181910747e-03 |  -1.9844593181910747e-03 | 1
 25, 16 |  -6.2024478189855181e-04 |  -6.2024478189855181e-04 | 1
 25, 17 |   2.5329209500807868e-03 |   2.5329209500807868e-03 | 1
 25, 18 |  -3.6688170691712141e-04 |  -3.6688170691712141e-04 | 1
 25, 19 |   1.3594434901002041e-04 |   1.3594434901002041e-04 | 1
 25, 20 |   1.1347414799274729e-03 |   1.1347414799274729e-03 | 1
 25, 21 |  -1.1573466491874836e-03 |  -1.1573466491874836e-03 | 1
 25, 22 |   5.2455202992847602e-03 |   5.2455202992847602e-03 | 1
 25, 23 |   1.1426048681337482e-03 |   1.1426048681337482e-03 | 1
 25, 24 |   4.0625482503041125e-03 |   4.0625482503041125e-03 | 1
 25, 25 |   8.5241365620194898e-03 |   8.5241365620194898e-03 | 1
 25, 26 |   8.5802347064174739e-03 |   8.5802347064174739e-03 | 1
 25, 27 |  -1.1753763383437924e-02 |  -1.1753763383437924e-02 | 1
 25, 28 |  -6.2008625518361702e-04 |  -6.2008625518361702e-04 | 1
 25, 29 |   1.3669754408717587e-03 |   1.3669754408717587e-03 | 1
 25, 30 |   6.9026609431438327e-04 |   6.9026609431438327e-04 | 1
 25, 31 |   8.3571783770230307e-03 |   8.3571783770230307e-03 | 1
 25, 32 |   1.5067654182214570e-05 |   1.5067654182214570e-05 | 1
 25, 33 |  -1.5786756945937301e-03 |  -1.5786756945937301e-03 | 1
 25, 34 |   1.4174203973704620e-03 |   1.4174203973704620e-03 | 1
 25, 35 |  -1.5316584107169118e-03 |  -1.5316584107169118e-03 | 1
 25, 36 |  -1.2395149301419801e-03 |  -1.2395149301419801e-03 | 1
 25, 37 |  -7.3983834029444544e-04 |  -7.3983834029444544e-04 | 1
 25, 38 |  -1.4421956514250893e-03 |  -1.4421956514250893e-03 | 1
 25, 39 |  -1.8140672487118982e-04 |  -1.8140672487118982e-04 | 1
 25, 40 |  -1.6632732287934832e-07 |  -1.6632732287934832e-07 | 1
 25, 41 |  -3.8291631294604540e-05 |  -3.8291631294604540e-05 | 1
 25, 42 |   1.1843186007120942e-08 |   1.1843186007120942e-08 | 1
 25, 43 |   2.9849201920151272e-03 |   2.9849201920151272e-03 | 1
 25, 44 |  -4.6858780967299035e-04 |  -4.6858780967299035e-04 | 1
 26,  1 |   3.0541215812273938e-03 |   3.0541215812273938e-03 | 1
 26,  2 |   4.2506769032239402e-03 |   4.2506769032239402e-03 | 1
 26,  3 |   1.1472905086302892e-04 |   1.1472905086302892e-04 | 1
 26,  4 |  -2.7364584090281590e-04 |  -2.7364584090281590e-04 | 1
 26,  5 |  -8.3996420432446740e-03 |  -8.3996420432446740e-03 | 1
 26,  6 |   6.2161095907443745e-03 |   6.2161095907443745e-03 | 1
 26,  7 |   1.4013626623482606e-03 |   1.4013626623482606e-03 | 1
 26,  8 |   1.3129306228212611e-03 |   1.3129306228212611e-03 | 1
 26,  9 |   1.6863812222805329e-02 |   1.6863812222805329e-02 | 1
 26, 10 |  -2.0576797133769840e-03 |  -2.0576797133769840e-03 | 1
 26, 11 |   2.6563583398698364e-03 |   2.6563583398698364e-03 | 1
 26, 12 |   1.0103310903544190e-03 |   1.0103310903544190e-03 | 1
 26, 13 |   6.6519573099902297e-05 |   6.6519573099902297e-05 | 1
 26, 14 |   2.1968924083388082e-04 |   2.1968924083388082e-04 | 1
 26, 15 |   1.9679731355673521e-03 |   1.9679731355673521e-03 | 1
 26, 16 |  -4.1782935668509182e-04 |  -4.1782935668509182e-04 | 1
 26, 17 |   3.5144201015205791e-03 |   3.5144201015205791e-03 | 1
 26, 18 |  -7.3589322217415478e-04 |  -7.3589322217415478e-04 | 1
 26, 19 |  -1.2151664726510517e-03 |  -1.2151664726510517e-03 | 1
 26, 20 |   4.1676186771072094e-03 |   4.1676186771072094e-03 | 1
 26, 21 |  -9.7407694864440047e-03 |  -9.7407694864440047e-03 | 1
 26, 22 |  -1.1684350379598404e-03 |  -1.1684350379598404e-03 | 1
 26, 23 |   7.1539661173922161e-03 |   7.1539661173922161e-03 | 1
 26, 24 |   8.8749554797807745e-03 |   8.8749554797807745e-03 | 1
 26, 25 |   8.5802347064174739e-03 |   8.5802347064174739e-03 | 1
 26, 26 |   3.2700025269577403e-02 |   3.2700025269577403e-02 | 1
 26, 27 |  -2.7525957972077832e-02 |  -2.7525957972077832e-02 | 1
 26, 28 |   3.5068426148381938e-03 |   3.5068426148381938e-03 | 1
 26, 29 |   4.1812185276429419e-03 |   4.1812185276429419e-03 | 1
 26, 30 |   3.7315697738596245e-03 |   3.7315697738596245e-03 | 1
 26, 31 |  -5.4394209661963360e-03 |  -5.4394209661963360e-03 | 1
 26, 32 |   4.5770527077656673e-04 |   4.5770527077656673e-04 | 1
 26, 33 |  -6.5285484939563770e-03 |  -6.5285484939563770e-03 | 1
 26, 34 |   3.4100043652884370e-03 |   3.4100043652884370e-03 | 1
 26, 35 |  -2.2375768431375431e-03 |  -2.2375768431375431e-03 | 1
 26, 36 |  -1.7087526065421141e-03 |  -1.7087526065421141e-03 | 1
 26, 37 |  -4.5538631693337549e-04 |  -4.5538631693337549e-04 | 1
 26, 38 |  -3.0801320649683642e-03 |  -3.0801320649683642e-03 | 1
 26, 39 |  -1.1203590322843751e-04 |  -1.1203590322843751e-04 | 1
 26, 40 |  -5.8623786492828922e-08 |  -5.8623786492828922e-08 | 1
 26, 41 |  -7.6611688837295854e-05 |  -7.6611688837295854e-05 | 1
 26, 42 |   4.5367858178224885e-06 |   4.5367858178224885e-06 | 1
 26, 43 |   3.8055589190034338e-03 |   3.8055589190034338e-03 | 1
 26, 44 |   9.8088852661648617e-04 |   9.8088852661648617e-04 | 1
 27,  1 |  -3.5644711515779443e-03 |  -3.5644711515779443e-03 | 1
 27,  2 |  -4.1841704824732186e-03 |  -4.1841704824732186e-03 | 1
 27,  3 |   4.6061202219372741e-03 |   4.6061202219372741e-03 | 1
 27,  4 |   2.0560993407403930e-04 |   2.0560993407403930e-04 | 1
 27,  5 |   5.0004899517030396e-03 |   5.0004899517030396e-03 | 1
 27,  6 |  -7.1804103000949965e-03 |  -7.1804103000949965e-03 | 1
 27,  7 |   5.7125121425801394e-04 |   5.7125121425801394e-04 | 1
 27,  8 |   3.7370130392181972e-03 |   3.7370130392181972e-03 | 1
 27,  9 |  -1.4915246207144083e-02 |  -1.4915246207144083e-02 | 1
 27, 10 |   3.4550890439355659e-03 |   3.4550890439355659e-03 | 1
 27, 11 |  -3.7053745440270756e-03 |  -3.7053745440270756e-03 | 1
 27, 12 |   2.5592741118681574e-03 |   2.5592741118681574e-03 | 1
 27, 13 |   2.2458107487281949e-03 |   2.2458107487281949e-03 | 1
 27, 14 |  -5.6182328359745144e-03 |  -5.6182328359745144e-03 | 1
 27, 15 |   1.1982902749325956e-03 |   1.1982902749325956e-03 | 1
 27, 16 |   2.2314414349073946e-03 |   2.2314414349073946e-03 | 1
 27, 17 |  -9.3581719784291493e-04 |  -9.3581719784291493e-04 | 1
 27, 18 |   1.4567145782969960e-03 |   1.4567145782969960e-03 | 1
 27, 19 |   5.7753042347808720e-03 |   5.7753042347808720e-03 | 1
 27, 20 |  -1.3885454437186648e-04 |  -1.3885454437186648e-04 | 1
 27, 21 |   1.9538974779963952e-02 |   1.9538974779963952e-02 | 1
 27, 22 |  -2.5922189424999775e-04 |  -2.5922189424999775e-04 | 1
 27, 23 |   5.6490805451846890e-03 |   5.6490805451846890e-03 | 1
 27, 24 |   1.2683946601641218e-04 |   1.2683946601641218e-04 | 1
 27, 25 |  -1.1753763383437924e-02 |  -1.1753763383437924e-02 | 1
 27, 26 |  -2.7525957972077832e-02 |  -2.7525957972077832e-02 | 1
 27, 27 |   4.4624374742004563e-02 |   4.4624374742004563e-02 | 1
 27, 28 |  -4.7340074050646226e-04 |  -4.7340074050646226e-04 | 1
 27, 29 |   3.3068331515520013e-03 |   3.3068331515520013e-03 | 1
 27, 30 |   3.6899625333463599e-03 |   3.6899625333463599e-03 | 1
 27, 31 |  -5.0355980300245641e-03 |  -5.0355980300245641e-03 | 1
 27, 32 |   1.1423434047675650e-03 |   1.1423434047675650e-03 | 1
 27, 33 |   1.1282713717567068e-02 |   1.1282713717567068e-02 | 1
 27, 34 |  -2.3665560009823309e-05 |  -2.3665560009823309e-05 | 1
 27, 35 |   1.0984310400646714e-03 |   1.0984310400646714e-03 | 1
 27, 36 |   3.2258136325679103e-04 |   3.2258136325679103e-04 | 1
 27, 37 |  -1.5492156570161778e-03 |  -1.5492156570161778e-03 | 1
 27, 38 |  -7.6599300548477135e-04 |  -7.6599300548477135e-04 | 1
 27, 39 |   2.3850713309620672e-04 |   2.3850713309620672e-04 | 1
 27, 40 |   1.0519813055277550e-07 |   1.0519813055277550e-07 | 1
 27, 41 |   4.6662882733433555e-04 |   4.6662882733433555e-04 | 1
 27, 42 |  -3.4090638011813581e-05 |  -3.4090638011813581e-05 | 1
 27, 43 |  -3.5680360044997210e-03 |  -3.5680360044997210e-03 | 1
 27, 44 |   2.2180315232558818e-03 |   2.2180315232558818e-03 | 1
 28,  1 |   3.2750432499473519e-03 |   3.2750432499473519e-03 | 1
 28,  2 |   3.8904136047386963e-04 |   3.8904136047386963e-04 | 1
 28,  3 |   4.0266393642665616e-03 |   4.0266393642665616e-03 | 1
 28,  4 |   2.4932733418212860e-03 |   2.4932733418212860e-03 | 1
 28,  5 |   4.2752275836901443e-03 |   4.2752275836901443e-03 | 1
 28,  6 |  -2.9409703928222558e-03 |  -2.9409703928222558e-03 | 1
 28,  7 |   8.2560945498311757e-03 |   8.2560945498311757e-03 | 1
 28,  8 |   4.0612803376930597e-03 |   4.0612803376930597e-03 | 1
 28,  9 |   9.0919154653144769e-03 |   9.0919154653144769e-03 | 1
 28, 10 |   3.4715471277019568e-03 |   3.4715471277019568e-03 | 1
 28, 11 |   1.2567657923889955e-03 |   1.2567657923889955e-03 | 1
 28, 12 |   3.1927455283361187e-03 |   3.1927455283361187e-03 | 1
 28, 13 |   6.3484928698062859e-03 |   6.3484928698062859e-03 | 1
 28, 14 |   4.7129060838093694e-03 |   4.7129060838093694e-03 | 1
 28, 15 |   7.0936880735529822e-03 |   7.0936880735529822e-03 | 1
 28, 16 |   4.9661000741218703e-03 |   4.9661000741218703e-03 | 1
 28, 17 |   9.5116764512490179e-04 |   9.5116764512490179e-04 | 1
 28, 18 |   5.1297871684213101e-03 |   5.1297871684213101e-03 | 1
 28, 19 |   8.3718309288772566e-03 |   8.3718309288772566e-03 | 1
 28, 20 |   6.8268343648049262e-03 |   6.8268343648049262e-03 | 1
 28, 21 |  -4.4548610284857494e-03 |  -4.4548610284857494e-03 | 1
 28, 22 |   1.2477024472448937e-03 |   1.2477024472448937e-03 | 1
 28, 23 |   1.9756331168984814e-03 |   1.9756331168984814e-03 | 1
 28, 24 |   6.6574722226129378e-03 |   6.6574722226129378e-03 | 1
 28, 25 |  -6.2008625518361702e-04 |  -6.2008625518361702e-04 | 1
 28, 26 |   3.5068426148381938e-03 |   3.5068426148381938e-03 | 1
 28, 27 |  -4.7340074050646226e-04 |  -4.7340074050646226e-04 | 1
 28, 28 |   9.3387354043511558e-03 |   9.3387354043511558e-03 | 1
 28, 29 |   9.3907062941112930e-03 |   9.3907062941112930e-03 | 1
 28, 30 |   3.8402537017261061e-03 |   3.8402537017261061e-03 | 1
 28, 31 |   4.7102520314610749e-03 |   4.7102520314610749e-03 | 1
 28, 32 |   1.0868592569359568e-03 |   1.0868592569359568e-03 | 1
 28, 33 |   6.8070109804859082e-03 |   6.8070109804859082e-03 | 1
 28, 34 |   3.2178488995975238e-03 |   3.2178488995975238e-03 | 1
 28, 35 |  -4.4939244419762178e-04 |  -4.4939244419762178e-04 | 1
 28, 36 |  -1.6782216219633802e-03 |  -1.6782216219633802e-03 | 1
 28, 37 |  -1.5181936019662738e-03 |  -1.5181936019662738e-03 | 1
 28, 38 |  -1.9989915606275143e-03 |  -1.9989915606275143e-03 | 1
 28, 39 |  -1.2500985670609884e-04 |  -1.2500985670609884e-04 | 1
 28, 40 |  -1.3598665604237409e-08 |  -1.3598665604237409e-08 | 1
 28, 41 |  -2.7460243815878945e-04 |  -2.7460243815878945e-04 | 1
 28, 42 |   1.2748915486576510e-05 |   1.2748915486576510e-05 | 1
 28, 43 |   4.1074587756871374e-03 |   4.1074587756871374e-03 | 1
 28, 44 |  -4.1606195103251154e-04 |  -4.1606195103251154e-04 | 1
 29,  1 |   5.8583578507513659e-03 |   5.8583578507513659e-03 | 1
 29,  2 |   1.4440492078450795e-03 |   1.4440492078450795e-03 | 1
 29,  3 |   7.7984041428060830e-03 |   7.7984041428060830e-03 | 1
 29,  4 |   4.8932739695717910e-03 |   4.8932739695717910e-03 | 1
 29,  5 |   8.9567353188716690e-03 |   8.9567353188716690e-03 | 1
 29,  6 |  -2.3802857890103412e-03 |  -2.3802857890103412e-03 | 1
 29,  7 |   4.8920288544906723e-03 |   4.8920288544906723e-03 | 1
 29,  8 |   4.2735807069269605e-03 |   4.2735807069269605e-03 | 1
 29,  9 |   6.5653113367019466e-03 |   6.5653113367019466e-03 | 1
 29, 10 |   1.8226769329665183e-03 |   1.8226769329665183e-03 | 1
 29, 11 |   2.7762180991242856e-03 |   2.7762180991242856e-03 | 1
 29, 12 |  -6.8495600077079881e-03 |  -6.8495600077079881e-03 | 1
 29, 13 |   2.0725677701741848e-03 |   2.0725677701741848e-03 | 1
 29, 14 |   3.4472360885053001e-03 |   3.4472360885053001e-03 | 1
 29, 15 |   6.1870100171683784e-03 |   6.1870100171683784e-03 | 1
 29, 16 |   6.9801149318486407e-03 |   6.9801149318486407e-03 | 1
 29, 17 |   3.4589465138088957e-03 |   3.4589465138088957e-03 | 1
 29, 18 |   5.9595748573306627e-03 |   5.9595748573306627e-03 | 1
 29, 19 |   8.0666241462810304e-03 |   8.0666241462810304e-03 | 1
 29, 20 |   7.3015718498717266e-03 |   7.3015718498717266e-03 | 1
 29, 21 |   4.4291093003924892e-03 |   4.4291093003924892e-03 | 1
 29, 22 |   7.9111555595221400e-03 |   7.9111555595221400e-03 | 1
 29, 23 |   1.5674979483038587e-02 |   1.5674979483038587e-02 | 1
 29, 24 |   1.3784332050437416e-02 |   1.3784332050437416e-02 | 1
 29, 25 |   1.3669754408717587e-03 |   1.3669754408717587e-03 | 1
 29, 26 |   4.1812185276429419e-03 |   4.1812185276429419e-03 | 1
 29, 27 |   3.3068331515520013e-03 |   3.3068331515520013e-03 | 1
 29, 28 |   9.3907062941112930e-03 |   9.3907062941112930e-03 | 1
 29, 29 |   2.4508429317740429e-02 |   2.4508429317740429e-02 | 1
 29, 30 |   1.0687785100988990e-02 |   1.0687785100988990e-02 | 1
 29, 31 |   8.0415918729105675e-03 |   8.0415918729105675e-03 | 1
 29, 32 |   2.8114036229781834e-03 |   2.8114036229781834e-03 | 1
 29, 33 |   8.1657232176786929e-04 |   8.1657232176786929e-04 | 1
 29, 34 |   5.7335566986980143e-03 |   5.7335566986980143e-03 | 1
 29, 35 |  -1.4870220223048662e-03 |  -1.4870220223048662e-03 | 1
 29, 36 |  -4.1682898806731511e-03 |  -4.1682898806731511e-03 | 1
 29, 37 |  -4.8210582587281739e-03 |  -4.8210582587281739e-03 | 1
 29, 38 |  -5.1044583087012305e-03 |  -5.1044583087012305e-03 | 1
 29, 39 |   2.9584306439217015e-04 |   2.9584306439217015e-04 | 1
 29, 40 |  -1.2365397562069689e-07 |  -1.2365397562069689e-07 | 1
 29, 41 |  -1.2731072704344552e-04 |  -1.2731072704344552e-04 | 1
 29, 42 |   4.0635190771268921e-06 |   4.0635190771268921e-06 | 1
 29, 43 |   7.0027688623435398e-03 |   7.0027688623435398e-03 | 1
 29, 44 |  -2.0196443863626290e-04 |  -2.0196443863626290e-04 | 1
 30,  1 |   2.8641250795991115e-03 |   2.8641250795991115e-03 | 1
 30,  2 |   2.3798484333321376e-04 |   2.3798484333321376e-04 | 1
 30,  3 |   4.3738716685650589e-03 |   4.3738716685650589e-03 | 1
 30,  4 |   3.1799598217698245e-03 |   3.1799598217698245e-03 | 1
 30,  5 |   4.4583462720987425e-04 |   4.4583462720987425e-04 | 1
 30,  6 |  -5.7199839142979395e-04 |  -5.7199839142979395e-04 | 1
 30,  7 |   4.4232589933923826e-04 |   4.4232589933923826e-04 | 1
 30,  8 |   3.6405022621367744e-03 |   3.6405022621367744e-03 | 1
 30,  9 |   2.7930059209615114e-03 |   2.7930059209615114e-03 | 1
 30, 10 |   4.6054982280200460e-03 |   4.6054982280200460e-03 | 1
 30, 11 |   1.3367602607672999e-03 |   1.3367602607672999e-03 | 1
 30, 12 |   1.8878465544878954e-03 |   1.8878465544878954e-03 | 1
 30, 13 |   5.5731157170267939e-03 |   5.5731157170267939e-03 | 1
 30, 14 |   1.8827132486339362e-03 |   1.8827132486339362e-03 | 1
 30, 15 |   4.4212929591066616e-03 |   4.4212929591066616e-03 | 1
 30, 16 |   1.4782286692747006e-03 |   1.4782286692747006e-03 | 1
 30, 17 |   1.6496091067665440e-03 |   1.6496091067665440e-03 | 1
 30, 18 |   2.5392503754755086e-03 |   2.5392503754755086e-03 | 1
 30, 19 |   6.1780957358259572e-03 |   6.1780957358259572e-03 | 1
 30, 20 |   6.3900431628737733e-03 |   6.3900431628737733e-03 | 1
 30, 21 |  -4.1249271590135082e-04 |  -4.1249271590135082e-04 | 1
 30, 22 |   1.8527180389401707e-03 |   1.8527180389401707e-03 | 1
 30, 23 |   1.2750534003624007e-03 |   1.2750534003624007e-03 | 1
 30, 24 |   8.9662890219936765e-03 |   8.9662890219936765e-03 | 1
 30, 25 |   6.9026609431438327e-04 |   6.9026609431438327e-04 | 1
 30, 26 |   3.7315697738596245e-03 |   3.7315697738596245e-03 | 1
 30, 27 |   3.6899625333463599e-03 |   3.6899625333463599e-03 | 1
 30, 28 |   3.8402537017261061e-03 |   3.8402537017261061e-03 | 1
 30, 29 |   1.0687785100988990e-02 |   1.0687785100988990e-02 | 1
 30, 30 |   9.8212892240358788e-03 |   9.8212892240358788e-03 | 1
 30, 31 |   4.2507288408347461e-03 |   4.2507288408347461e-03 | 1
 30, 32 |   2.2938822324859486e-03 |   2.2938822324859486e-03 | 1
 30, 33 |   1.0611594427459565e-03 |   1.0611594427459565e-03 | 1
 30, 34 |   4.3464407047680495e-03 |   4.3464407047680495e-03 | 1
 30, 35 |  -9.1578868061946320e-04 |  -9.1578868061946320e-04 | 1
 30, 36 |  -3.1992449647558698e-03 |  -3.1992449647558698e-03 | 1
 30, 37 |  -3.8412562609793752e-03 |  -3.8412562609793752e-03 | 1
 30, 38 |  -4.8760125414960484e-03 |  -4.8760125414960484e-03 | 1
 30, 39 |  -7.1567149125029004e-05 |  -7.1567149125029004e-05 | 1
 30, 40 |   1.0221358423418382e-07 |   1.0221358423418382e-07 | 1
 30, 41 |   1.2942589913719131e-04 |   1.2942589913719131e-04 | 1
 30, 42 |  -9.1161228360976901e-06 |  -9.1161228360976901e-06 | 1
 30, 43 |   3.9446605769978601e-03 |   3.9446605769978601e-03 | 1
 30, 44 |   6.8762858624931930e-04 |   6.8762858624931930e-04 | 1
 31,  1 |   6.7614361473513507e-03 |   6.7614361473513507e-03 | 1
 31,  2 |   2.2000311202546160e-03 |   2.2000311202546160e-03 | 1
 31,  3 |   3.7376337005176818e-03 |   3.7376337005176818e-03 | 1
 31,  4 |   6.6835159072074699e-03 |   6.6835159072074699e-03 | 1
 31,  5 |   5.3481180984288612e-03 |   5.3481180984288612e-03 | 1
 31,  6 |  -3.5398293300804096e-03 |  -3.5398293300804096e-03 | 1
 31,  7 |   4.4376025612570674e-03 |   4.4376025612570674e-03 | 1
 31,  8 |   3.6758367306054451e-03 |   3.6758367306054451e-03 | 1
 31,  9 |   4.0130926955201105e-03 |   4.0130926955201105e-03 | 1
 31, 10 |   5.6707170005645957e-03 |   5.6707170005645957e-03 | 1
 31, 11 |   2.8829436497569624e-03 |   2.8829436497569624e-03 | 1
 31, 12 |  -2.1590327863138655e-03 |  -2.1590327863138655e-03 | 1
 31, 13 |   5.5952270209474820e-03 |   5.5952270209474820e-03 | 1
 31, 14 |   1.1926061098291592e-02 |   1.1926061098291592e-02 | 1
 31, 15 |  -2.1982519334549932e-04 |  -2.1982519334549932e-04 | 1
 31, 16 |   5.6444266112422575e-04 |   5.6444266112422575e-04 | 1
 31, 17 |   1.6292831223579628e-03 |   1.6292831223579628e-03 | 1
 31, 18 |   4.9644995196031771e-03 |   4.9644995196031771e-03 | 1
 31, 19 |   7.8522583174662972e-03 |   7.8522583174662972e-03 | 1
 31, 20 |   4.1858304579842787e-03 |   4.1858304579842787e-03 | 1
 31, 21 |  -9.9099801997008605e-03 |  -9.9099801997008605e-03 | 1
 31, 22 |   1.0228501028149265e-02 |   1.0228501028149265e-02 | 1
 31, 23 |  -1.1252368825685812e-02 |  -1.1252368825685812e-02 | 1
 31, 24 |   1.1101678421676957e-02 |   1.1101678421676957e-02 | 1
 31, 25 |   8.3571783770230307e-03 |   8.3571783770230307e-03 | 1
 31, 26 |  -5.4394209661963360e-03 |  -5.4394209661963360e-03 | 1
 31, 27 |  -5.0355980300245641e-03 |  -5.0355980300245641e-03 | 1
 31, 28 |   4.7102520314610749e-03 |   4.7102520314610749e-03 | 1
 31, 29 |   8.0415918729105675e-03 |   8.0415918729105675e-03 | 1
 31, 30 |   4.2507288408347461e-03 |   4.2507288408347461e-03 | 1
 31, 31 |   3.4674178567278557e-02 |   3.4674178567278557e-02 | 1
 31, 32 |   1.6099128376007603e-03 |   1.6099128376007603e-03 | 1
 31, 33 |   8.7741595643612297e-03 |   8.7741595643612297e-03 | 1
 31, 34 |   3.2222248710935784e-03 |   3.2222248710935784e-03 | 1
 31, 35 |  -2.6195488002787645e-03 |  -2.6195488002787645e-03 | 1
 31, 36 |  -4.8143176349642542e-03 |  -4.8143176349642542e-03 | 1
 31, 37 |  -5.7376601818582649e-03 |  -5.7376601818582649e-03 | 1
 31, 38 |  -4.6283736572021944e-03 |  -4.6283736572021944e-03 | 1
 31, 39 |  -5.6407858476692171e-04 |  -5.6407858476692171e-04 | 1
 31, 40 |   2.1361857681504274e-08 |   2.1361857681504274e-08 | 1
 31, 41 |  -1.4172977545294415e-04 |  -1.4172977545294415e-04 | 1
 31, 42 |   7.2276204484303009e-06 |   7.2276204484303009e-06 | 1
 31, 43 |   7.1518281479860798e-03 |   7.1518281479860798e-03 | 1
 31, 44 |  -1.3220845282135337e-03 |  -1.3220845282135337e-03 | 1
 32,  1 |   6.4144531976928682e-04 |   6.4144531976928682e-04 | 1
 32,  2 |   4.1445413417951173e-05 |   4.1445413417951173e-05 | 1
 32,  3 |   1.0934618575044552e-03 |   1.0934618575044552e-03 | 1
 32,  4 |   7.3907015286173844e-04 |   7.3907015286173844e-04 | 1
 32,  5 |   5.6660469711880340e-04 |   5.6660469711880340e-04 | 1
 32,  6 |  -4.4032809396757550e-04 |  -4.4032809396757550e-04 | 1
 32,  7 |  -3.2798787062374862e-05 |  -3.2798787062374862e-05 | 1
 32,  8 |   1.0178777990320622e-03 |   1.0178777990320622e-03 | 1
 32,  9 |   6.1931547939679174e-04 |   6.1931547939679174e-04 | 1
 32, 10 |   1.0393906665649507e-03 |   1.0393906665649507e-03 | 1
 32, 11 |   4.4420695669808181e-04 |   4.4420695669808181e-04 | 1
 32, 12 |  -9.1365005196877001e-04 |  -9.1365005196877001e-04 | 1
 32, 13 |   1.4271158133339207e-03 |   1.4271158133339207e-03 | 1
 32, 14 |   9.1384581925780747e-04 |   9.1384581925780747e-04 | 1
 32, 15 |   1.4588044195993645e-03 |   1.4588044195993645e-03 | 1
 32, 16 |   3.2608612145203615e-04 |   3.2608612145203615e-04 | 1
 32, 17 |   2.6367248726771484e-04 |   2.6367248726771484e-04 | 1
 32, 18 |   4.6833034010780291e-04 |   4.6833034010780291e-04 | 1
 32, 19 |   1.7508148464704890e-03 |   1.7508148464704890e-03 | 1
 32, 20 |   1.2961848729175769e-03 |   1.2961848729175769e-03 | 1
 32, 21 |  -3.3266713705675622e-04 |  -3.3266713705675622e-04 | 1
 32, 22 |   9.9790252716017592e-04 |   9.9790252716017592e-04 | 1
 32, 23 |   9.8940301288937818e-04 |   9.8940301288937818e-04 | 1
 32, 24 |   2.0004392075864304e-03 |   2.0004392075864304e-03 | 1
 32, 25 |   1.5067654182214570e-05 |   1.5067654182214570e-05 | 1
 32, 26 |   4.5770527077656673e-04 |   4.5770527077656673e-04 | 1
 32, 27 |   1.1423434047675650e-03 |   1.1423434047675650e-03 | 1
 32, 28 |   1.0868592569359568e-03 |   1.0868592569359568e-03 | 1
 32, 29 |   2.8114036229781834e-03 |   2.8114036229781834e-03 | 1
 32, 30 |   2.2938822324859486e-03 |   2.2938822324859486e-03 | 1
 32, 31 |   1.6099128376007603e-03 |   1.6099128376007603e-03 | 1
 32, 32 |   6.7230973366065681e-04 |   6.7230973366065681e-04 | 1
 32, 33 |  -3.3098058661515915e-04 |  -3.3098058661515915e-04 | 1
 32, 34 |   1.0788298459791707e-03 |   1.0788298459791707e-03 | 1
 32, 35 |  -1.8955987112387749e-04 |  -1.8955987112387749e-04 | 1
 32, 36 |  -7.4019340280956553e-04 |  -7.4019340280956553e-04 | 1
 32, 37 |  -9.6763130931247954e-04 |  -9.6763130931247954e-04 | 1
 32, 38 |  -1.1797585556968327e-03 |  -1.1797585556968327e-03 | 1
 32, 39 |   6.1911934631414865e-06 |   6.1911934631414865e-06 | 1
 32, 40 |   1.9593539388229394e-08 |   1.9593539388229394e-08 | 1
 32, 41 |   9.1687440106433717e-06 |   9.1687440106433717e-06 | 1
 32, 42 |  -7.2868570736567560e-07 |  -7.2868570736567560e-07 | 1
 32, 43 |   9.7286570283043367e-04 |   9.7286570283043367e-04 | 1
 32, 44 |  -5.3593330481309460e-05 |  -5.3593330481309460e-05 | 1
 33,  1 |   2.0969259165731498e-03 |   2.0969259165731498e-03 | 1
 33,  2 |  -1.5388647139931788e-03 |  -1.5388647139931788e-03 | 1
 33,  3 |   3.9150636150650578e-03 |   3.9150636150650578e-03 | 1
 33,  4 |   3.4248246437051351e-03 |   3.4248246437051351e-03 | 1
 33,  5 |  -4.7476099067293963e-03 |  -4.7476099067293963e-03 | 1
 33,  6 |  -8.2265155731873745e-03 |  -8.2265155731873745e-03 | 1
 33,  7 |   9.3426660512336192e-03 |   9.3426660512336192e-03 | 1
 33,  8 |   4.7613002677262010e-03 |   4.7613002677262010e-03 | 1
 33,  9 |   2.5231860526117424e-03 |   2.5231860526117424e-03 | 1
 33, 10 |   5.4222615441830019e-03 |   5.4222615441830019e-03 | 1
 33, 11 |  -1.8692053671179702e-03 |  -1.8692053671179702e-03 | 1
 33, 12 |   1.7425818320243737e-02 |   1.7425818320243737e-02 | 1
 33, 13 |   7.5898776606955487e-03 |   7.5898776606955487e-03 | 1
 33, 14 |   2.7162929183791908e-03 |   2.7162929183791908e-03 | 1
 33, 15 |  -4.4617017559317343e-04 |  -4.4617017559317343e-04 | 1
 33, 16 |   3.2529703642056058e-03 |   3.2529703642056058e-03 | 1
 33, 17 |   1.0141484416702875e-03 |   1.0141484416702875e-03 | 1
 33, 18 |   6.2832152956843771e-03 |   6.2832152956843771e-03 | 1
 33, 19 |   8.3013148947867037e-03 |   8.3013148947867037e-03 | 1
 33, 20 |   6.8552161834326249e-03 |   6.8552161834326249e-03 | 1
 33, 21 |  -2.1496352813618709e-03 |  -2.1496352813618709e-03 | 1
 33, 22 |  -4.3281863746900458e-03 |  -4.3281863746900458e-03 | 1
 33, 23 |  -1.2085677484821941e-02 |  -1.2085677484821941e-02 | 1
 33, 24 |   6.0938101837091866e-03 |   6.0938101837091866e-03 | 1
 33, 25 |  -1.5786756945937301e-03 |  -1.5786756945937301e-03 | 1
 33, 26 |  -6.5285484939563770e-03 |  -6.5285484939563770e-03 | 1
 33, 27 |   1.1282713717567068e-02 |   1.1282713717567068e-02 | 1
 33, 28 |   6.8070109804859082e-03 |   6.8070109804859082e-03 | 1
 33, 29 |   8.1657232176786929e-04 |   8.1657232176786929e-04 | 1
 33, 30 |   1.0611594427459565e-03 |   1.0611594427459565e-03 | 1
 33, 31 |   8.7741595643612297e-03 |   8.7741595643612297e-03 | 1
 33, 32 |  -3.3098058661515915e-04 |  -3.3098058661515915e-04 | 1
 33, 33 |   2.3363531228203140e-02 |   2.3363531228203140e-02 | 1
 33, 34 |   5.0057026237502631e-04 |   5.0057026237502631e-04 | 1
 33, 35 |  -4.9233759791681288e-04 |  -4.9233759791681288e-04 | 1
 33, 36 |  -1.5602557121147732e-03 |  -1.5602557121147732e-03 | 1
 33, 37 |  -1.5246814872109083e-03 |  -1.5246814872109083e-03 | 1
 33, 38 |  -1.2547160274770553e-03 |  -1.2547160274770553e-03 | 1
 33, 39 |  -5.4070093548461054e-04 |  -5.4070093548461054e-04 | 1
 33, 40 |   1.2691171582870664e-07 |   1.2691171582870664e-07 | 1
 33, 41 |   2.1238561075492859e-05 |   2.1238561075492859e-05 | 1
 33, 42 |  -7.0097856160974347e-06 |  -7.0097856160974347e-06 | 1
 33, 43 |   1.8760586208524490e-03 |   1.8760586208524490e-03 | 1
 33, 44 |   1.7186464943857987e-03 |   1.7186464943857987e-03 | 1
 34,  1 |   2.1705154353724582e-03 |   2.1705154353724582e-03 | 1
 34,  2 |   9.7860053495180729e-04 |   9.7860053495180729e-04 | 1
 34,  3 |   2.7690417010676049e-03 |   2.7690417010676049e-03 | 1
 34,  4 |   1.6103071705173876e-03 |   1.6103071705173876e-03 | 1
 34,  5 |   2.8208533659619429e-03 |   2.8208533659619429e-03 | 1
 34,  6 |   1.1384464637967389e-03 |   1.1384464637967389e-03 | 1
 34,  7 |   2.0259898093435919e-03 |   2.0259898093435919e-03 | 1
 34,  8 |   2.3143621627717157e-03 |   2.3143621627717157e-03 | 1
 34,  9 |   4.8863191608241206e-03 |   4.8863191608241206e-03 | 1
 34, 10 |   3.2113265627994646e-03 |   3.2113265627994646e-03 | 1
 34, 11 |   1.1407968491948023e-03 |   1.1407968491948023e-03 | 1
 34, 12 |   5.2290191920099525e-04 |   5.2290191920099525e-04 | 1
 34, 13 |   2.8420128524190734e-03 |   2.8420128524190734e-03 | 1
 34, 14 |   1.6823257686885836e-03 |   1.6823257686885836e-03 | 1
 34, 15 |   3.3449643798306190e-03 |   3.3449643798306190e-03 | 1
 34, 16 |   1.5324297767978319e-03 |   1.5324297767978319e-03 | 1
 34, 17 |   1.2905742563304931e-03 |   1.2905742563304931e-03 | 1
 34, 18 |   1.7307141205272153e-03 |   1.7307141205272153e-03 | 1
 34, 19 |   4.5836657421419831e-03 |   4.5836657421419831e-03 | 1
 34, 20 |   3.4535253312391002e-03 |   3.4535253312391002e-03 | 1
 34, 21 |  -3.3635639904063653e-04 |  -3.3635639904063653e-04 | 1
 34, 22 |   2.2870968910002295e-03 |   2.2870968910002295e-03 | 1
 34, 23 |   2.2785181172668223e-03 |   2.2785181172668223e-03 | 1
 34, 24 |   5.3519861500680496e-03 |   5.3519861500680496e-03 | 1
 34, 25 |   1.4174203973704620e-03 |   1.4174203973704620e-03 | 1
 34, 26 |   3.4100043652884370e-03 |   3.4100043652884370e-03 | 1
 34, 27 |  -2.3665560009823309e-05 |  -2.3665560009823309e-05 | 1
 34, 28 |   3.2178488995975238e-03 |   3.2178488995975238e-03 | 1
 34, 29 |   5.7335566986980143e-03 |   5.7335566986980143e-03 | 1
 34, 30 |   4.3464407047680495e-03 |   4.3464407047680495e-03 | 1
 34, 31 |   3.2222248710935784e-03 |   3.2222248710935784e-03 | 1
 34, 32 |   1.0788298459791707e-03 |   1.0788298459791707e-03 | 1
 34, 33 |   5.0057026237502631e-04 |   5.0057026237502631e-04 | 1
 34, 34 |   2.8784165393017356e-03 |   2.8784165393017356e-03 | 1
 34, 35 |  -8.6686067527252312e-04 |  -8.6686067527252312e-04 | 1
 34, 36 |  -1.6829283039401636e-03 |  -1.6829283039401636e-03 | 1
 34, 37 |  -1.7918963569116208e-03 |  -1.7918963569116208e-03 | 1
 34, 38 |  -2.5347088730129186e-03 |  -2.5347088730129186e-03 | 1
 34, 39 |  -8.4934384801809486e-05 |  -8.4934384801809486e-05 | 1
 34, 40 |   2.8358866137090090e-09 |   2.8358866137090090e-09 | 1
 34, 41 |   3.3757425608687000e-06 |   3.3757425608687000e-06 | 1
 34, 42 |  -2.3103807583687327e-06 |  -2.3103807583687327e-06 | 1
 34, 43 |   2.6948041721881503e-03 |   2.6948041721881503e-03 | 1
 34, 44 |   1.5524975953128611e-04 |   1.5524975953128611e-04 | 1
 35,  1 |  -6.4965680587364860e-04 |  -6.4965680587364860e-04 | 1
 35,  2 |  -1.0088859514681870e-03 |  -1.0088859514681870e-03 | 1
 35,  3 |   5.8268808028493648e-05 |   5.8268808028493648e-05 | 1
 35,  4 |  -9.0659531185691426e-04 |  -9.0659531185691426e-04 | 1
 35,  5 |  -4.5459372385822628e-04 |  -4.5459372385822628e-04 | 1
 35,  6 |  -7.4556307317602804e-04 |  -7.4556307317602804e-04 | 1
 35,  7 |  -2.2424787747888702e-03 |  -2.2424787747888702e-03 | 1
 35,  8 |  -1.0634329836399255e-04 |  -1.0634329836399255e-04 | 1
 35,  9 |  -1.0689744824544998e-03 |  -1.0689744824544998e-03 | 1
 35, 10 |   5.5582555781869057e-04 |   5.5582555781869057e-04 | 1
 35, 11 |  -4.0283152451869213e-04 |  -4.0283152451869213e-04 | 1
 35, 12 |   6.9384000250610615e-04 |   6.9384000250610615e-04 | 1
 35, 13 |   8.0215946715740411e-04 |   8.0215946715740411e-04 | 1
 35, 14 |  -1.2883297865146474e-03 |  -1.2883297865146474e-03 | 1
 35, 15 |   1.1620268602900705e-03 |   1.1620268602900705e-03 | 1
 35, 16 |   2.2519234805527206e-04 |   2.2519234805527206e-04 | 1
 35, 17 |  -6.4952925089749715e-04 |  -6.4952925089749715e-04 | 1
 35, 18 |  -8.9879286856562484e-04 |  -8.9879286856562484e-04 | 1
 35, 19 |  -1.3244919805920676e-04 |  -1.3244919805920676e-04 | 1
 35, 20 |  -7.5147684592464278e-04 |  -7.5147684592464278e-04 | 1
 35, 21 |   1.3551263489475075e-03 |   1.3551263489475075e-03 | 1
 35, 22 |  -1.4789248667491438e-03 |  -1.4789248667491438e-03 | 1
 35, 23 |  -1.4751703361626919e-03 |  -1.4751703361626919e-03 | 1
 35, 24 |  -2.8602450845364026e-03 |  -2.8602450845364026e-03 | 1
 35, 25 |  -1.5316584107169118e-03 |  -1.5316584107169118e-03 | 1
 35, 26 |  -2.2375768431375431e-03 |  -2.2375768431375431e-03 | 1
 35, 27 |   1.0984310400646714e-03 |   1.0984310400646714e-03 | 1
 35, 28 |  -4.4939244419762178e-04 |  -4.4939244419762178e-04 | 1
 35, 29 |  -1.4870220223048662e-03 |  -1.4870220223048662e-03 | 1
 35, 30 |  -9.1578868061946320e-04 |  -9.1578868061946320e-04 | 1
 35, 31 |  -2.6195488002787645e-03 |  -2.6195488002787645e-03 | 1
 35, 32 |  -1.8955987112387749e-04 |  -1.8955987112387749e-04 | 1
 35, 33 |  -4.9233759791681288e-04 |  -4.9233759791681288e-04 | 1
 35, 34 |  -8.6686067527252312e-04 |  -8.6686067527252312e-04 | 1
 35, 35 |   1.2356704330818496e-03 |   1.2356704330818496e-03 | 1
 35, 36 |   1.0646886363783457e-03 |   1.0646886363783457e-03 | 1
 35, 37 |   1.0992999912846663e-03 |   1.0992999912846663e-03 | 1
 35, 38 |   1.1028109025357203e-03 |   1.1028109025357203e-03 | 1
 35, 39 |   5.4963067160859023e-05 |   5.4963067160859023e-05 | 1
 35, 40 |  -4.0720966646411334e-08 |  -4.0720966646411334e-08 | 1
 35, 41 |  -7.2557211163069957e-05 |  -7.2557211163069957e-05 | 1
 35, 42 |   4.8009815840100725e-06 |   4.8009815840100725e-06 | 1
 35, 43 |  -1.0448543383854375e-03 |  -1.0448543383854375e-03 | 1
 35, 44 |  -4.8940817737858468e-04 |  -4.8940817737858468e-04 | 1
 36,  1 |  -1.4758870219365569e-03 |  -1.4758870219365569e-03 | 1
 36,  2 |  -5.0639831698254191e-04 |  -5.0639831698254191e-04 | 1
 36,  3 |  -1.3196277828318398e-03 |  -1.3196277828318398e-03 | 1
 36,  4 |  -1.7452499334208692e-03 |  -1.7452499334208692e-03 | 1
 36,  5 |  -5.8440613805079431e-04 |  -5.8440613805079431e-04 | 1
 36,  6 |   6.9216113882161041e-04 |   6.9216113882161041e-04 | 1
 36,  7 |  -1.2183386479388638e-03 |  -1.2183386479388638e-03 | 1
 36,  8 |  -8.9407801339654665e-04 |  -8.9407801339654665e-04 | 1
 36,  9 |  -1.4531093476897010e-03 |  -1.4531093476897010e-03 | 1
 36, 10 |  -1.9090627548308894e-03 |  -1.9090627548308894e-03 | 1
 36, 11 |  -7.1583129944758381e-04 |  -7.1583129944758381e-04 | 1
 36, 12 |  -1.9409848106178784e-04 |  -1.9409848106178784e-04 | 1
 36, 13 |  -1.1160108033641809e-03 |  -1.1160108033641809e-03 | 1
 36, 14 |  -2.6565431494198900e-03 |  -2.6565431494198900e-03 | 1
 36, 15 |  -4.3757516603268523e-06 |  -4.3757516603268523e-06 | 1
 36, 16 |  -2.6537112319170546e-04 |  -2.6537112319170546e-04 | 1
 36, 17 |  -1.1149071129943214e-03 |  -1.1149071129943214e-03 | 1
 36, 18 |  -1.6330379715791769e-03 |  -1.6330379715791769e-03 | 1
 36, 19 |  -2.4198385945539262e-03 |  -2.4198385945539262e-03 | 1
 36, 20 |  -2.1132211324582967e-03 |  -2.1132211324582967e-03 | 1
 36, 21 |   1.5911993477152968e-03 |   1.5911993477152968e-03 | 1
 36, 22 |  -1.1457175722116993e-03 |  -1.1457175722116993e-03 | 1
 36, 23 |   3.2170861299036179e-04 |   3.2170861299036179e-04 | 1
 36, 24 |  -4.4002027197720525e-03 |  -4.4002027197720525e-03 | 1
 36, 25 |  -1.2395149301419801e-03 |  -1.2395149301419801e-03 | 1
 36, 26 |  -1.7087526065421141e-03 |  -1.7087526065421141e-03 | 1
 36, 27 |   3.2258136325679103e-04 |   3.2258136325679103e-04 | 1
 36, 28 |  -1.6782216219633802e-03 |  -1.6782216219633802e-03 | 1
 36, 29 |  -4.1682898806731511e-03 |  -4.1682898806731511e-03 | 1
 36, 30 |  -3.1992449647558698e-03 |  -3.1992449647558698e-03 | 1
 36, 31 |  -4.8143176349642542e-03 |  -4.8143176349642542e-03 | 1
 36, 32 |  -7.4019340280956553e-04 |  -7.4019340280956553e-04 | 1
 36, 33 |  -1.5602557121147732e-03 |  -1.5602557121147732e-03 | 1
 36, 34 |  -1.6829283039401636e-03 |  -1.6829283039401636e-03 | 1
 36, 35 |   1.0646886363783457e-03 |   1.0646886363783457e-03 | 1
 36, 36 |   1.8750195783689121e-03 |   1.8750195783689121e-03 | 1
 36, 37 |   2.1368194460184876e-03 |   2.1368194460184876e-03 | 1
 36, 38 |   2.2458951219650860e-03 |   2.2458951219650860e-03 | 1
 36, 39 |   7.5613837099244694e-05 |   7.5613837099244694e-05 | 1
 36, 40 |  -7.2846022429258592e-08 |  -7.2846022429258592e-08 | 1
 36, 41 |  -6.7346500507111493e-05 |  -6.7346500507111493e-05 | 1
 36, 42 |   3.7147430086057102e-06 |   3.7147430086057102e-06 | 1
 36, 43 |  -2.0839010943683577e-03 |  -2.0839010943683577e-03 | 1
 36, 44 |  -3.1257014280390469e-04 |  -3.1257014280390469e-04 | 1
 37,  1 |  -1.5764475725084663e-03 |  -1.5764475725084663e-03 | 1
 37,  2 |  -5.4134059643991478e-04 |  -5.4134059643991478e-04 | 1
 37,  3 |  -1.2873562051713826e-03 |  -1.2873562051713826e-03 | 1
 37,  4 |  -1.4575686000701151e-03 |  -1.4575686000701151e-03 | 1
 37,  5 |  -1.8269733854930767e-03 |  -1.8269733854930767e-03 | 1
 37,  6 |   9.6596760723296799e-04 |   9.6596760723296799e-04 | 1
 37,  7 |  -8.3667793536541910e-04 |  -8.3667793536541910e-04 | 1
 37,  8 |  -9.9646972951780493e-04 |  -9.9646972951780493e-04 | 1
 37,  9 |  -3.1333608303556616e-04 |  -3.1333608303556616e-04 | 1
 37, 10 |  -1.6185154759740098e-03 |  -1.6185154759740098e-03 | 1
 37, 11 |  -8.2883202976789024e-04 |  -8.2883202976789024e-04 | 1
 37, 12 |   4.2616157922321116e-04 |   4.2616157922321116e-04 | 1
 37, 13 |  -1.6151886128561760e-03 |  -1.6151886128561760e-03 | 1
 37, 14 |  -2.9946489928605359e-03 |  -2.9946489928605359e-03 | 1
 37, 15 |  -1.0787740566226638e-03 |  -1.0787740566226638e-03 | 1
 37, 16 |  -2.1057335408193798e-04 |  -2.1057335408193798e-04 | 1
 37, 17 |  -1.6296110898325110e-03 |  -1.6296110898325110e-03 | 1
 37, 18 |  -1.6495104511559280e-03 |  -1.6495104511559280e-03 | 1
 37, 19 |  -1.7754145565854491e-03 |  -1.7754145565854491e-03 | 1
 37, 20 |  -1.8645254277856751e-03 |  -1.8645254277856751e-03 | 1
 37, 21 |   6.2586892173543301e-04 |   6.2586892173543301e-04 | 1
 37, 22 |  -1.4470064977303229e-03 |  -1.4470064977303229e-03 | 1
 37, 23 |   5.5519925241205017e-04 |   5.5519925241205017e-04 | 1
 37, 24 |  -5.3110794931718001e-03 |  -5.3110794931718001e-03 | 1
 37, 25 |  -7.3983834029444544e-04 |  -7.3983834029444544e-04 | 1
 37, 26 |  -4.5538631693337549e-04 |  -4.5538631693337549e-04 | 1
 37, 27 |  -1.5492156570161778e-03 |  -1.5492156570161778e-03 | 1
 37, 28 |  -1.5181936019662738e-03 |  -1.5181936019662738e-03 | 1
 37, 29 |  -4.8210582587281739e-03 |  -4.8210582587281739e-03 | 1
 37, 30 |  -3.8412562609793752e-03 |  -3.8412562609793752e-03 | 1
 37, 31 |  -5.7376601818582649e-03 |  -5.7376601818582649e-03 | 1
 37, 32 |  -9.6763130931247954e-04 |  -9.6763130931247954e-04 | 1
 37, 33 |  -1.5246814872109083e-03 |  -1.5246814872109083e-03 | 1
 37, 34 |  -1.7918963569116208e-03 |  -1.7918963569116208e-03 | 1
 37, 35 |   1.0992999912846663e-03 |   1.0992999912846663e-03 | 1
 37, 36 |   2.1368194460184876e-03 |   2.1368194460184876e-03 | 1
 37, 37 |   2.8292033371656619e-03 |   2.8292033371656619e-03 | 1
 37, 38 |   2.7744133089619063e-03 |   2.7744133089619063e-03 | 1
 37, 39 |   4.4560738776152823e-05 |   4.4560738776152823e-05 | 1
 37, 40 |  -6.0211720665582211e-08 |  -6.0211720665582211e-08 | 1
 37, 41 |  -9.2783189624372637e-05 |  -9.2783189624372637e-05 | 1
 37, 42 |   4.9328042912171428e-06 |   4.9328042912171428e-06 | 1
 37, 43 |  -2.1869303478006261e-03 |  -2.1869303478006261e-03 | 1
 37, 44 |  -4.4364773466476064e-04 |  -4.4364773466476064e-04 | 1
 38,  1 |  -1.9637653545528863e-03 |  -1.9637653545528863e-03 | 1
 38,  2 |  -7.2730145859855526e-04 |  -7.2730145859855526e-04 | 1
 38,  3 |  -2.3988281878277017e-03 |  -2.3988281878277017e-03 | 1
 38,  4 |  -1.5394659106082878e-03 |  -1.5394659106082878e-03 | 1
 38,  5 |  -7.3239422949715591e-04 |  -7.3239422949715591e-04 | 1
 38,  6 |   2.4683261785213111e-04 |   2.4683261785213111e-04 | 1
 38,  7 |  -5.4421175257676066e-06 |  -5.4421175257676066e-06 | 1
 38,  8 |  -1.9652607544043341e-03 |  -1.9652607544043341e-03 | 1
 38,  9 |  -2.7194507116115197e-03 |  -2.7194507116115197e-03 | 1
 38, 10 |  -3.3018755917963317e-03 |  -3.3018755917963317e-03 | 1
 38, 11 |  -9.9021124107325853e-04 |  -9.9021124107325853e-04 | 1
 38, 12 |  -6.2266482180997206e-04 |  -6.2266482180997206e-04 | 1
 38, 13 |  -2.5833924809017961e-03 |  -2.5833924809017961e-03 | 1
 38, 14 |  -2.4434759826275775e-03 |  -2.4434759826275775e-03 | 1
 38, 15 |  -1.8836932226188134e-03 |  -1.8836932226188134e-03 | 1
 38, 16 |  -2.6515063778602806e-04 |  -2.6515063778602806e-04 | 1
 38, 17 |  -2.0761852444262769e-03 |  -2.0761852444262769e-03 | 1
 38, 18 |  -1.2831952112872266e-03 |  -1.2831952112872266e-03 | 1
 38, 19 |  -3.4757110759838696e-03 |  -3.4757110759838696e-03 | 1
 38, 20 |  -2.6671224270668637e-03 |  -2.6671224270668637e-03 | 1
 38, 21 |   1.6705569749047477e-04 |   1.6705569749047477e-04 | 1
 38, 22 |  -1.2443690120745084e-03 |  -1.2443690120745084e-03 | 1
 38, 23 |  -1.5530867938635528e-04 |  -1.5530867938635528e-04 | 1
 38, 24 |  -6.0517676854816406e-03 |  -6.0517676854816406e-03 | 1
 38, 25 |  -1.4421956514250893e-03 |  -1.4421956514250893e-03 | 1
 38, 26 |  -3.0801320649683642e-03 |  -3.0801320649683642e-03 | 1
 38, 27 |  -7.6599300548477135e-04 |  -7.6599300548477135e-04 | 1
 38, 28 |  -1.9989915606275143e-03 |  -1.9989915606275143e-03 | 1
 38, 29 |  -5.1044583087012305e-03 |  -5.1044583087012305e-03 | 1
 38, 30 |  -4.8760125414960484e-03 |  -4.8760125414960484e-03 | 1
 38, 31 |  -4.6283736572021944e-03 |  -4.6283736572021944e-03 | 1
 38, 32 |  -1.1797585556968327e-03 |  -1.1797585556968327e-03 | 1
 38, 33 |  -1.2547160274770553e-03 |  -1.2547160274770553e-03 | 1
 38, 34 |  -2.5347088730129186e-03 |  -2.5347088730129186e-03 | 1
 38, 35 |   1.1028109025357203e-03 |   1.1028109025357203e-03 | 1
 38, 36 |   2.2458951219650860e-03 |   2.2458951219650860e-03 | 1
 38, 37 |   2.7744133089619063e-03 |   2.7744133089619063e-03 | 1
 38, 38 |   3.3409344303070047e-03 |   3.3409344303070047e-03 | 1
 38, 39 |   8.1940752509711978e-05 |   8.1940752509711978e-05 | 1
 38, 40 |  -5.0078517443632688e-08 |  -5.0078517443632688e-08 | 1
 38, 41 |  -1.0351448797738959e-04 |  -1.0351448797738959e-04 | 1
 38, 42 |   6.3692632541016991e-06 |   6.3692632541016991e-06 | 1
 38, 43 |  -2.5521168792190163e-03 |  -2.5521168792190163e-03 | 1
 38, 44 |  -4.9008134386774782e-04 |  -4.9008134386774782e-04 | 1
 39,  1 |  -6.8942103706005472e-05 |  -6.8942103706005472e-05 | 1
 39,  2 |  -2.1250514758767385e-05 |  -2.1250514758767385e-05 | 1
 39,  3 |   5.9735911124159989e-06 |   5.9735911124159989e-06 | 1
 39,  4 |  -1.1359355758118691e-04 |  -1.1359355758118691e-04 | 1
 39,  5 |   1.9532371825168934e-04 |   1.9532371825168934e-04 | 1
 39,  6 |  -4.0058837728586927e-05 |  -4.0058837728586927e-05 | 1
 39,  7 |  -2.8546170108777311e-04 |  -2.8546170108777311e-04 | 1
 39,  8 |  -1.3287782893387951e-04 |  -1.3287782893387951e-04 | 1
 39,  9 |  -2.9876282079469078e-04 |  -2.9876282079469078e-04 | 1
 39, 10 |  -3.6434584075984550e-04 |  -3.6434584075984550e-04 | 1
 39, 11 |   8.0054688000442678e-06 |   8.0054688000442678e-06 | 1
 39, 12 |  -7.0550613352036062e-04 |  -7.0550613352036062e-04 | 1
 39, 13 |  -3.6893493071490132e-04 |  -3.6893493071490132e-04 | 1
 39, 14 |  -1.6936468275314355e-04 |  -1.6936468275314355e-04 | 1
 39, 15 |   1.6787822082049970e-05 |   1.6787822082049970e-05 | 1
 39, 16 |   5.6610663996022094e-05 |   5.6610663996022094e-05 | 1
 39, 17 |   7.5303316320557401e-05 |   7.5303316320557401e-05 | 1
 39, 18 |  -1.2369189258989641e-04 |  -1.2369189258989641e-04 | 1
 39, 19 |  -3.0677565496065712e-04 |  -3.0677565496065712e-04 | 1
 39, 20 |  -2.4433649016720809e-04 |  -2.4433649016720809e-04 | 1
 39, 21 |   5.8620377284159799e-04 |   5.8620377284159799e-04 | 1
 39, 22 |   1.1839217896823269e-04 |   1.1839217896823269e-04 | 1
 39, 23 |   9.0848904302150385e-04 |   9.0848904302150385e-04 | 1
 39, 24 |  -2.3847504785383695e-04 |  -2.3847504785383695e-04 | 1
 39, 25 |  -1.8140672487118982e-04 |  -1.8140672487118982e-04 | 1
 39, 26 |  -1.1203590322843751e-04 |  -1.1203590322843751e-04 | 1
 39, 27 |   2.3850713309620672e-04 |   2.3850713309620672e-04 | 1
 39, 28 |  -1.2500985670609884e-04 |  -1.2500985670609884e-04 | 1
 39, 29 |   2.9584306439217015e-04 |   2.9584306439217015e-04 | 1
 39, 30 |  -7.1567149125029004e-05 |  -7.1567149125029004e-05 | 1
 39, 31 |  -5.6407858476692171e-04 |  -5.6407858476692171e-04 | 1
 39, 32 |   6.1911934631414865e-06 |   6.1911934631414865e-06 | 1
 39, 33 |  -5.4070093548461054e-04 |  -5.4070093548461054e-04 | 1
 39, 34 |  -8.4934384801809486e-05 |  -8.4934384801809486e-05 | 1
 39, 35 |   5.4963067160859023e-05 |   5.4963067160859023e-05 | 1
 39, 36 |   7.5613837099244694e-05 |   7.5613837099244694e-05 | 1
 39, 37 |   4.4560738776152823e-05 |   4.4560738776152823e-05 | 1
 39, 38 |   8.1940752509711978e-05 |   8.1940752509711978e-05 | 1
 39, 39 |   4.2670135971805013e-05 |   4.2670135971805013e-05 | 1
 39, 40 |  -1.1404291402865891e-08 |  -1.1404291402865891e-08 | 1
 39, 41 |  -3.2058284224004431e-06 |  -3.2058284224004431e-06 | 1
 39, 42 |   3.6242838821081419e-07 |   3.6242838821081419e-07 | 1
 39, 43 |  -9.1226931167475168e-05 |  -9.1226931167475168e-05 | 1
 39, 44 |  -6.6021140513109080e-05 |  -6.6021140513109080e-05 | 1
 40,  1 |  -1.7319229840567052e-07 |  -1.7319229840567052e-07 | 1
 40,  2 |  -1.2269017698609072e-07 |  -1.2269017698609072e-07 | 1
 40,  3 |  -1.4907873462227950e-07 |  -1.4907873462227950e-07 | 1
 40,  4 |   7.8159297581611055e-08 |   7.8159297581611055e-08 | 1
 40,  5 |  -3.2369709656277400e-07 |  -3.2369709656277400e-07 | 1
 40,  6 |  -2.1760406849638137e-07 |  -2.1760406849638137e-07 | 1
 40,  7 |   6.2438769238145474e-08 |   6.2438769238145474e-08 | 1
 40,  8 |  -7.9358791948819228e-08 |  -7.9358791948819228e-08 | 1
 40,  9 |  -2.5030137321953576e-07 |  -2.5030137321953576e-07 | 1
 40, 10 |   1.7679165318069462e-07 |   1.7679165318069462e-07 | 1
 40, 11 |  -6.0356037355728152e-08 |  -6.0356037355728152e-08 | 1
 40, 12 |   1.2064167732556457e-07 |   1.2064167732556457e-07 | 1
 40, 13 |   1.3749591400938090e-09 |   1.3749591400938090e-09 | 1
 40, 14 |   1.9691051322925909e-07 |   1.9691051322925909e-07 | 1
 40, 15 |  -3.1140060833752101e-07 |  -3.1140060833752101e-07 | 1
 40, 16 |  -1.5617543803400002e-07 |  -1.5617543803400002e-07 | 1
 40, 17 |  -1.9112297025104165e-07 |  -1.9112297025104165e-07 | 1
 40, 18 |   4.6109248560018473e-08 |   4.6109248560018473e-08 | 1
 40, 19 |   1.4529270932083848e-07 |   1.4529270932083848e-07 | 1
 40, 20 |   4.3598711249605008e-08 |   4.3598711249605008e-08 | 1
 40, 21 |  -5.1147444392538639e-07 |  -5.1147444392538639e-07 | 1
 40, 22 |  -2.7132183320321236e-07 |  -2.7132183320321236e-07 | 1
 40, 23 |  -3.9479815916409401e-07 |  -3.9479815916409401e-07 | 1
 40, 24 |  -2.0476510351694698e-08 |  -2.0476510351694698e-08 | 1
 40, 25 |  -1.6632732287934832e-07 |  -1.6632732287934832e-07 | 1
 40, 26 |  -5.8623786492828922e-08 |  -5.8623786492828922e-08 | 1
 40, 27 |   1.0519813055277550e-07 |   1.0519813055277550e-07 | 1
 40, 28 |  -1.3598665604237409e-08 |  -1.3598665604237409e-08 | 1
 40, 29 |  -1.2365397562069689e-07 |  -1.2365397562069689e-07 | 1
 40, 30 |   1.0221358423418382e-07 |   1.0221358423418382e-07 | 1
 40, 31 |   2.1361857681504274e-08 |   2.1361857681504274e-08 | 1
 40, 32 |   1.9593539388229394e-08 |   1.9593539388229394e-08 | 1
 40, 33 |   1.2691171582870664e-07 |   1.2691171582870664e-07 | 1
 40, 34 |   2.8358866137090090e-09 |   2.8358866137090090e-09 | 1
 40, 35 |  -4.0720966646411334e-08 |  -4.0720966646411334e-08 | 1
 40, 36 |  -7.2846022429258592e-08 |  -7.2846022429258592e-08 | 1
 40, 37 |  -6.0211720665582211e-08 |  -6.0211720665582211e-08 | 1
 40, 38 |  -5.0078517443632688e-08 |  -5.0078517443632688e-08 | 1
 40, 39 |  -1.1404291402865891e-08 |  -1.1404291402865891e-08 | 1
 40, 40 |   2.5876123711884340e-11 |   2.5876123711884340e-11 | 1
 40, 41 |   1.3633256498362852e-08 |   1.3633256498362852e-08 | 1
 40, 42 |  -5.5763822529639991e-10 |  -5.5763822529639991e-10 | 1
 40, 43 |  -5.5791700128876630e-08 |  -5.5791700128876630e-08 | 1
 40, 44 |   6.0807553132190017e-08 |   6.0807553132190017e-08 | 1
 41,  1 |  -1.5268657213543595e-04 |  -1.5268657213543595e-04 | 1
 41,  2 |  -3.4263798409702169e-05 |  -3.4263798409702169e-05 | 1
 41,  3 |  -6.7739401709349903e-05 |  -6.7739401709349903e-05 | 1
 41,  4 |  -2.1840310145025768e-05 |  -2.1840310145025768e-05 | 1
 41,  5 |  -2.4508098916254018e-04 |  -2.4508098916254018e-04 | 1
 41,  6 |   2.2842666633445293e-05 |   2.2842666633445293e-05 | 1
 41,  7 |  -2.1523214033759841e-04 |  -2.1523214033759841e-04 | 1
 41,  8 |  -7.6855502952221722e-05 |  -7.6855502952221722e-05 | 1
 41,  9 |  -3.7042314925875037e-04 |  -3.7042314925875037e-04 | 1
 41, 10 |   9.8153873471540479e-05 |   9.8153873471540479e-05 | 1
 41, 11 |  -8.1288748119590079e-05 |  -8.1288748119590079e-05 | 1
 41, 12 |   6.4616790971693775e-05 |   6.4616790971693775e-05 | 1
 41, 13 |  -2.2509000358974111e-04 |  -2.2509000358974111e-04 | 1
 41, 14 |  -1.5652376241801521e-04 |  -1.5652376241801521e-04 | 1
 41, 15 |  -4.0219034267866406e-04 |  -4.0219034267866406e-04 | 1
 41, 16 |  -1.9575455943526739e-04 |  -1.9575455943526739e-04 | 1
 41, 17 |   9.7452546545389710e-07 |   9.7452546545389710e-07 | 1
 41, 18 |  -1.0131580341406104e-04 |  -1.0131580341406104e-04 | 1
 41, 19 |  -9.1335996092365958e-05 |  -9.1335996092365958e-05 | 1
 41, 20 |  -1.5059035931927348e-04 |  -1.5059035931927348e-04 | 1
 41, 21 |   2.3841401959773267e-04 |   2.3841401959773267e-04 | 1
 41, 22 |  -1.4674692222706572e-04 |  -1.4674692222706572e-04 | 1
 41, 23 |  -4.0402043866166325e-05 |  -4.0402043866166325e-05 | 1
 41, 24 |   1.2938753954604167e-04 |   1.2938753954604167e-04 | 1
 41, 25 |  -3.8291631294604540e-05 |  -3.8291631294604540e-05 | 1
 41, 26 |  -7.6611688837295854e-05 |  -7.6611688837295854e-05 | 1
 41, 27 |   4.6662882733433555e-04 |   4.6662882733433555e-04 | 1
 41, 28 |  -2.7460243815878945e-04 |  -2.7460243815878945e-04 | 1
 41, 29 |  -1.2731072704344552e-04 |  -1.2731072704344552e-04 | 1
 41, 30 |   1.2942589913719131e-04 |   1.2942589913719131e-04 | 1
 41, 31 |  -1.4172977545294415e-04 |  -1.4172977545294415e-04 | 1
 41, 32 |   9.1687440106433717e-06 |   9.1687440106433717e-06 | 1
 41, 33 |   2.1238561075492859e-05 |   2.1238561075492859e-05 | 1
 41, 34 |   3.3757425608687000e-06 |   3.3757425608687000e-06 | 1
 41, 35 |  -7.2557211163069957e-05 |  -7.2557211163069957e-05 | 1
 41, 36 |  -6.7346500507111493e-05 |  -6.7346500507111493e-05 | 1
 41, 37 |  -9.2783189624372637e-05 |  -9.2783189624372637e-05 | 1
 41, 38 |  -1.0351448797738959e-04 |  -1.0351448797738959e-04 | 1
 41, 39 |  -3.2058284224004431e-06 |  -3.2058284224004431e-06 | 1
 41, 40 |   1.3633256498362852e-08 |   1.3633256498362852e-08 | 1
 41, 41 |   3.0257899890732659e-05 |   3.0257899890732659e-05 | 1
 41, 42 |  -1.7151115512996214e-06 |  -1.7151115512996214e-06 | 1
 41, 43 |  -1.1177509731860255e-04 |  -1.1177509731860255e-04 | 1
 41, 44 |   1.4877093515074533e-04 |   1.4877093515074533e-04 | 1
 42,  1 |   6.2228175476388307e-06 |   6.2228175476388307e-06 | 1
 42,  2 |  -6.8612115553272392e-08 |  -6.8612115553272392e-08 | 1
 42,  3 |   1.6814115104765906e-07 |   1.6814115104765906e-07 | 1
 42,  4 |   8.2602203609979801e-08 |   8.2602203609979801e-08 | 1
 42,  5 |   1.0474688325725443e-05 |   1.0474688325725443e-05 | 1
 42,  6 |  -5.2238046726148568e-06 |  -5.2238046726148568e-06 | 1
 42,  7 |   5.2671407505750563e-06 |   5.2671407505750563e-06 | 1
 42,  8 |   7.8474106912191586e-10 |   7.8474106912191586e-10 | 1
 42,  9 |   1.5905695197306471e-05 |   1.5905695197306471e-05 | 1
 42, 10 |  -4.7076408116176305e-06 |  -4.7076408116176305e-06 | 1
 42, 11 |   4.7128556432718073e-06 |   4.7128556432718073e-06 | 1
 42, 12 |  -9.1222131877389449e-06 |  -9.1222131877389449e-06 | 1
 42, 13 |   9.6452021540200505e-06 |   9.6452021540200505e-06 | 1
 42, 14 |   1.3731900442828103e-05 |   1.3731900442828103e-05 | 1
 42, 15 |   1.8581468530922695e-05 |   1.8581468530922695e-05 | 1
 42, 16 |   7.6656369374624931e-06 |   7.6656369374624931e-06 | 1
 42, 17 |  -1.0321766124901258e-06 |  -1.0321766124901258e-06 | 1
 42, 18 |   3.6813187925158090e-06 |   3.6813187925158090e-06 | 1
 42, 19 |   2.3584520412497756e-06 |   2.3584520412497756e-06 | 1
 42, 20 |   4.2437929898360840e-06 |   4.2437929898360840e-06 | 1
 42, 21 |  -1.9331687896686291e-05 |  -1.9331687896686291e-05 | 1
 42, 22 |   3.5493746173880021e-06 |   3.5493746173880021e-06 | 1
 42, 23 |  -3.1805766671370180e-06 |  -3.1805766671370180e-06 | 1
 42, 24 |  -1.2930645250958348e-05 |  -1.2930645250958348e-05 | 1
 42, 25 |   1.1843186007120942e-08 |   1.1843186007120942e-08 | 1
 42, 26 |   4.5367858178224885e-06 |   4.5367858178224885e-06 | 1
 42, 27 |  -3.4090638011813581e-05 |  -3.4090638011813581e-05 | 1
 42, 28 |   1.2748915486576510e-05 |   1.2748915486576510e-05 | 1
 42, 29 |   4.0635190771268921e-06 |   4.0635190771268921e-06 | 1
 42, 30 |  -9.1161228360976901e-06 |  -9.1161228360976901e-06 | 1
 42, 31 |   7.2276204484303009e-06 |   7.2276204484303009e-06 | 1
 42, 32 |  -7.2868570736567560e-07 |  -7.2868570736567560e-07 | 1
 42, 33 |  -7.0097856160974347e-06 |  -7.0097856160974347e-06 | 1
 42, 34 |  -2.3103807583687327e-06 |  -2.3103807583687327e-06 | 1
 42, 35 |   4.8009815840100725e-06 |   4.8009815840100725e-06 | 1
 42, 36 |   3.7147430086057102e-06 |   3.7147430086057102e-06 | 1
 42, 37 |   4.9328042912171428e-06 |   4.9328042912171428e-06 | 1
 42, 38 |   6.3692632541016991e-06 |   6.3692632541016991e-06 | 1
 42, 39 |   3.6242838821081419e-07 |   3.6242838821081419e-07 | 1
 42, 40 |  -5.5763822529639991e-10 |  -5.5763822529639991e-10 | 1
 42, 41 |  -1.7151115512996214e-06 |  -1.7151115512996214e-06 | 1
 42, 42 |   1.0800827968772743e-07 |   1.0800827968772743e-07 | 1
 42, 43 |   4.9065583386891308e-06 |   4.9065583386891308e-06 | 1
 42, 44 |  -9.6586155231200913e-06 |  -9.6586155231200913e-06 | 1
 43,  1 |   3.7772831500801690e-03 |   3.7772831500801690e-03 | 1
 43,  2 |   1.4583855327951708e-03 |   1.4583855327951708e-03 | 1
 43,  3 |   3.1638918881198652e-03 |   3.1638918881198652e-03 | 1
 43,  4 |   2.7288722847410253e-03 |   2.7288722847410253e-03 | 1
 43,  5 |   2.7150085900831998e-03 |   2.7150085900831998e-03 | 1
 43,  6 |   2.6437092848153904e-04 |   2.6437092848153904e-04 | 1
 43,  7 |   3.1485191696884376e-03 |   3.1485191696884376e-03 | 1
 43,  8 |   2.3711546500637020e-03 |   2.3711546500637020e-03 | 1
 43,  9 |   5.8134675116815349e-03 |   5.8134675116815349e-03 | 1
 43, 10 |   1.9747046249353742e-03 |   1.9747046249353742e-03 | 1
 43, 11 |   1.6825457692791388e-03 |   1.6825457692791388e-03 | 1
 43, 12 |   6.4143091272592545e-04 |   6.4143091272592545e-04 | 1
 43, 13 |   3.3361588603102628e-03 |   3.3361588603102628e-03 | 1
 43, 14 |   3.5549695841258543e-03 |   3.5549695841258543e-03 | 1
 43, 15 |   3.3754891177964520e-03 |   3.3754891177964520e-03 | 1
 43, 16 |   2.0687151202098521e-03 |   2.0687151202098521e-03 | 1
 43, 17 |   2.1586455991295505e-03 |   2.1586455991295505e-03 | 1
 43, 18 |   2.8690409998805761e-03 |   2.8690409998805761e-03 | 1
 43, 19 |   4.1586228080544782e-03 |   4.1586228080544782e-03 | 1
 43, 20 |   4.5546295097779587e-03 |   4.5546295097779587e-03 | 1
 43, 21 |  -2.0360214749184837e-03 |  -2.0360214749184837e-03 | 1
 43, 22 |   3.5236612901168749e-03 |   3.5236612901168749e-03 | 1
 43, 23 |   1.1206461517135041e-03 |   1.1206461517135041e-03 | 1
 43, 24 |   5.7577259664247614e-03 |   5.7577259664247614e-03 | 1
 43, 25 |   2.9849201920151272e-03 |   2.9849201920151272e-03 | 1
 43, 26 |   3.8055589190034338e-03 |   3.8055589190034338e-03 | 1
 43, 27 |  -3.5680360044997210e-03 |  -3.5680360044997210e-03 | 1
 43, 28 |   4.1074587756871374e-03 |   4.1074587756871374e-03 | 1
 43, 29 |   7.0027688623435398e-03 |   7.0027688623435398e-03 | 1
 43, 30 |   3.9446605769978601e-03 |   3.9446605769978601e-03 | 1
 43, 31 |   7.1518281479860798e-03 |   7.1518281479860798e-03 | 1
 43, 32 |   9.7286570283043367e-04 |   9.7286570283043367e-04 | 1
 43, 33 |   1.8760586208524490e-03 |   1.8760586208524490e-03 | 1
 43, 34 |   2.6948041721881503e-03 |   2.6948041721881503e-03 | 1
 43, 35 |  -1.0448543383854375e-03 |  -1.0448543383854375e-03 | 1
 43, 36 |  -2.0839010943683577e-03 |  -2.0839010943683577e-03 | 1
 43, 37 |  -2.1869303478006261e-03 |  -2.1869303478006261e-03 | 1
 43, 38 |  -2.5521168792190163e-03 |  -2.5521168792190163e-03 | 1
 43, 39 |  -9.1226931167475168e-05 |  -9.1226931167475168e-05 | 1
 43, 40 |  -5.5791700128876630e-08 |  -5.5791700128876630e-08 | 1
 43, 41 |  -1.1177509731860255e-04 |  -1.1177509731860255e-04 | 1
 43, 42 |   4.9065583386891308e-06 |   4.9065583386891308e-06 | 1
 43, 43 |   3.9879096396070622e-03 |   3.9879096396070622e-03 | 1
 43, 44 |  -5.5274781140923952e-04 |  -5.5274781140923952e-04 | 1
 44,  1 |  -8.1474030931059818e-04 |  -8.1474030931059818e-04 | 1
 44,  2 |   8.9741717523145073e-05 |   8.9741717523145073e-05 | 1
 44,  3 |  -8.1373839829755536e-04 |  -8.1373839829755536e-04 | 1
 44,  4 |  -5.6834453267189133e-04 |  -5.6834453267189133e-04 | 1
 44,  5 |  -6.5052490474829102e-04 |  -6.5052490474829102e-04 | 1
 44,  6 |   4.5110471189364508e-04 |   4.5110471189364508e-04 | 1
 44,  7 |   1.1398944278603388e-03 |   1.1398944278603388e-03 | 1
 44,  8 |  -1.6911439191807316e-04 |  -1.6911439191807316e-04 | 1
 44,  9 |  -1.0292477329082077e-03 |  -1.0292477329082077e-03 | 1
 44, 10 |  -4.2643696998567260e-04 |  -4.2643696998567260e-04 | 1
 44, 11 |  -5.3421519892434791e-04 |  -5.3421519892434791e-04 | 1
 44, 12 |   2.0740969499758403e-03 |   2.0740969499758403e-03 | 1
 44, 13 |  -6.4358072070220792e-04 |  -6.4358072070220792e-04 | 1
 44, 14 |  -1.4312648193248324e-03 |  -1.4312648193248324e-03 | 1
 44, 15 |  -1.0419508773808705e-03 |  -1.0419508773808705e-03 | 1
 44, 16 |  -2.6033078410906871e-04 |  -2.6033078410906871e-04 | 1
 44, 17 |  -8.1377244141193363e-05 |  -8.1377244141193363e-05 | 1
 44, 18 |   1.4855401707387897e-04 |   1.4855401707387897e-04 | 1
 44, 19 |  -1.1453590252601766e-03 |  -1.1453590252601766e-03 | 1
 44, 20 |  -2.0731674970356689e-04 |  -2.0731674970356689e-04 | 1
 44, 21 |   5.4513520439198574e-04 |   5.4513520439198574e-04 | 1
 44, 22 |  -1.3559971076391197e-03 |  -1.3559971076391197e-03 | 1
 44, 23 |  -4.9493855529134404e-04 |  -4.9493855529134404e-04 | 1
 44, 24 |   2.3644215393613332e-03 |   2.3644215393613332e-03 | 1
 44, 25 |  -4.6858780967299035e-04 |  -4.6858780967299035e-04 | 1
 44, 26 |   9.8088852661648617e-04 |   9.8088852661648617e-04 | 1
 44, 27 |   2.2180315232558818e-03 |   2.2180315232558818e-03 | 1
 44, 28 |  -4.1606195103251154e-04 |  -4.1606195103251154e-04 | 1
 44, 29 |  -2.0196443863626290e-04 |  -2.0196443863626290e-04 | 1
 44, 30 |   6.8762858624931930e-04 |   6.8762858624931930e-04 | 1
 44, 31 |  -1.3220845282135337e-03 |  -1.3220845282135337e-03 | 1
 44, 32 |  -5.3593330481309460e-05 |  -5.3593330481309460e-05 | 1
 44, 33 |   1.7186464943857987e-03 |   1.7186464943857987e-03 | 1
 44, 34 |   1.5524975953128611e-04 |   1.5524975953128611e-04 | 1
 44, 35 |  -4.8940817737858468e-04 |  -4.8940817737858468e-04 | 1
 44, 36 |  -3.1257014280390469e-04 |  -3.1257014280390469e-04 | 1
 44, 37 |  -4.4364773466476064e-04 |  -4.4364773466476064e-04 | 1
 44, 38 |  -4.9008134386774782e-04 |  -4.9008134386774782e-04 | 1
 44, 39 |  -6.6021140513109080e-05 |  -6.6021140513109080e-05 | 1
 44, 40 |   6.0807553132190017e-08 |   6.0807553132190017e-08 | 1
 44, 41 |   1.4877093515074533e-04 |   1.4877093515074533e-04 | 1
 44, 42 |  -9.6586155231200913e-06 |  -9.6586155231200913e-06 | 1
 44, 43 |  -5.5274781140923952e-04 |  -5.5274781140923952e-04 | 1
 44, 44 |   1.4204996977620658e-03 |   1.4204996977620658e-03 | 1
