row,col | V_base                   | V_new                    | equal
  1,  1 |   3.9319063333050101e-03 |   3.9319063333050101e-03 | 1
  1,  2 |   1.8091422994821194e-03 |   1.8091422994821194e-03 | 1
  1,  3 |   0.0000000000000000e+00 |   0.0000000000000000e+00 | 1
  1,  4 |   2.5392406346185347e-03 |   2.5392406346185347e-03 | 1
  1,  5 |   0.0000000000000000e+00 |   0.0000000000000000e+00 | 1
  1,  6 |   0.0000000000000000e+00 |   0.0000000000000000e+00 | 1
  1,  7 |   0.0000000000000000e+00 |   0.0000000000000000e+00 | 1
  1,  8 |   3.1935556326144277e-03 |   3.1935556326144277e-03 | 1
  1,  9 |   5.5360233656381935e-03 |   5.5360233656381935e-03 | 1
  1, 10 |   0.0000000000000000e+00 |   0.0000000000000000e+00 | 1
  1, 11 |   0.0000000000000000e+00 |   0.0000000000000000e+00 | 1
  1, 12 |   1.8098197718730042e-03 |   1.8098197718730042e-03 | 1
  1, 13 |   0.0000000000000000e+00 |   0.0000000000000000e+00 | 1
  1, 14 |   0.0000000000000000e+00 |   0.0000000000000000e+00 | 1
  1, 15 |   0.0000000000000000e+00 |   0.0000000000000000e+00 | 1
  1, 16 |   3.1519853396937544e-03 |   3.1519853396937544e-03 | 1
  1, 17 |   2.8300108330295598e-03 |   2.8300108330295598e-03 | 1
  1, 18 |   0.0000000000000000e+00 |   0.0000000000000000e+00 | 1
  1, 19 |   0.0000000000000000e+00 |   0.0000000000000000e+00 | 1
  1, 20 |   4.2715726989346337e-03 |   4.2715726989346337e-03 | 1
  1, 21 |   0.0000000000000000e+00 |   0.0000000000000000e+00 | 1
  1, 22 |   0.0000000000000000e+00 |   0.0000000000000000e+00 | 1
  1, 23 |   0.0000000000000000e+00 |   0.0000000000000000e+00 | 1
  1, 24 |   5.2763523027553067e-03 |   5.2763523027553067e-03 | 1
  1, 25 |   0.0000000000000000e+00 |   0.0000000000000000e+00 | 1
  1, 26 |   0.0000000000000000e+00 |   0.0000000000000000e+00 | 1
  1, 27 |   0.0000000000000000e+00 |   0.0000000000000000e+00 | 1
  1, 28 |   4.2602698323340365e-03 |   4.2602698323340365e-03 | 1
  1, 29 |   0.0000000000000000e+00 |   0.0000000000000000e+00 | 1
  1, 30 |   0.0000000000000000e+00 |   0.0000000000000000e+00 | 1
  1, 31 |   0.0000000000000000e+00 |   0.0000000000000000e+00 | 1
  1, 32 |  -5.5045624647041466e-04 |  -5.5045624647041466e-04 | 1
  1, 33 |   0.0000000000000000e+00 |   0.0000000000000000e+00 | 1
  1, 34 |   5.0768905282304877e-03 |   5.0768905282304877e-03 | 1
  1, 35 |  -5.6712396347764922e-04 |  -5.6712396347764922e-04 | 1
  1, 36 |  -1.1051706347048505e-03 |  -1.1051706347048505e-03 | 1
  1, 37 |  -1.1347282017748238e-03 |  -1.1347282017748238e-03 | 1
  1, 38 |  -1.4993569376729543e-03 |  -1.4993569376729543e-03 | 1
  1, 39 |  -5.0098915868801365e-05 |  -5.0098915868801365e-05 | 1
  1, 40 |  -1.6791396027556572e-07 |  -1.6791396027556572e-07 | 1
  1, 41 |  -1.3167697429560365e-04 |  -1.3167697429560365e-04 | 1
  1, 42 |   4.6723313171538747e-06 |   4.6723313171538747e-06 | 1
  1, 43 |   3.2120449371796801e-03 |   3.2120449371796801e-03 | 1
  1, 44 |   3.0761517378175148e-04 |   3.0761517378175148e-04 | 1
  2,  1 |   1.8091422994821194e-03 |   1.8091422994821194e-03 | 1
  2,  2 |   2.8372110564083303e-03 |   2.8372110564083303e-03 | 1
  2,  3 |   0.0000000000000000e+00 |   0.0000000000000000e+00 | 1
  2,  4 |   1.3068314019621470e-03 |   1.3068314019621470e-03 | 1
  2,  5 |   0.0000000000000000e+00 |   0.0000000000000000e+00 | 1
  2,  6 |   0.0000000000000000e+00 |   0.0000000000000000e+00 | 1
  2,  7 |   0.0000000000000000e+00 |   0.0000000000000000e+00 | 1
  2,  8 |   2.1914332862098254e-03 |   2.1914332862098254e-03 | 1
  2,  9 |   3.7278079195542865e-03 |   3.7278079195542865e-03 | 1
  2, 10 |   0.0000000000000000e+00 |   0.0000000000000000e+00 | 1
  2, 11 |   0.0000000000000000e+00 |   0.0000000000000000e+00 | 1
  2, 12 |  -5.4541009467298437e-04 |  -5.4541009467298437e-04 | 1
  2, 13 |   0.0000000000000000e+00 |   0.0000000000000000e+00 | 1
  2, 14 |   0.0000000000000000e+00 |   0.0000000000000000e+00 | 1
  2, 15 |   0.0000000000000000e+00 |   0.0000000000000000e+00 | 1
  2, 16 |   2.3041161760682829e-03 |   2.3041161760682829e-03 | 1
  2, 17 |   2.0994977006947102e-03 |   2.0994977006947102e-03 | 1
  2, 18 |   0.0000000000000000e+00 |   0.0000000000000000e+00 | 1
  2, 19 |   0.0000000000000000e+00 |   0.0000000000000000e+00 | 1
  2, 20 |   1.7802033739003544e-03 |   1.7802033739003544e-03 | 1
  2, 21 |   0.0000000000000000e+00 |   0.0000000000000000e+00 | 1
  2, 22 |   0.0000000000000000e+00 |   0.0000000000000000e+00 | 1
  2, 23 |   0.0000000000000000e+00 |   0.0000000000000000e+00 | 1
  2, 24 |   4.3439024676889572e-03 |   4.3439024676889572e-03 | 1
  2, 25 |   0.0000000000000000e+00 |   0.0000000000000000e+00 | 1
  2, 26 |   0.0000000000000000e+00 |   0.0000000000000000e+00 | 1
  2, 27 |   0.0000000000000000e+00 |   0.0000000000000000e+00 | 1
  2, 28 |   1.5360771722596920e-03 |   1.5360771722596920e-03 | 1
  2, 29 |   0.0000000000000000e+00 |   0.0000000000000000e+00 | 1
  2, 30 |   0.0000000000000000e+00 |   0.0000000000000000e+00 | 1
  2, 31 |   0.0000000000000000e+00 |   0.0000000000000000e+00 | 1
  2, 32 |  -1.8974962937408323e-03 |  -1.8974962937408323e-03 | 1
  2, 33 |   0.0000000000000000e+00 |   0.0000000000000000e+00 | 1
  2, 34 |   4.2851735562289724e-03 |   4.2851735562289724e-03 | 1
  2, 35 |  -1.1456322384272317e-03 |  -1.1456322384272317e-03 | 1
  2, 36 |  -2.2444184977026081e-04 |  -2.2444184977026081e-04 | 1
  2, 37 |  -1.4642776173560962e-04 |  -1.4642776173560962e-04 | 1
  2, 38 |  -3.2607994612749520e-04 |  -3.2607994612749520e-04 | 1
  2, 39 |  -6.7500449825420687e-05 |  -6.7500449825420687e-05 | 1
  2, 40 |  -1.7548666971239667e-07 |  -1.7548666971239667e-07 | 1
  2, 41 |  -5.9699718794624081e-05 |  -5.9699718794624081e-05 | 1
  2, 42 |  -6.9785897721483723e-08 |  -6.9785897721483723e-08 | 1
  2, 43 |   1.3194740612555967e-03 |   1.3194740612555967e-03 | 1
  2, 44 |   2.0019545934667781e-03 |   2.0019545934667781e-03 | 1
  3,  1 |   0.0000000000000000e+00 |   0.0000000000000000e+00 | 1
  3,  2 |   0.0000000000000000e+00 |   0.0000000000000000e+00 | 1
  3,  3 |   0.0000000000000000e+00 |   0.0000000000000000e+00 | 1
  3,  4 |   0.0000000000000000e+00 |   0.0000000000000000e+00 | 1
  3,  5 |   0.0000000000000000e+00 |   0.0000000000000000e+00 | 1
  3,  6 |   0.0000000000000000e+00 |   0.0000000000000000e+00 | 1
  3,  7 |   0.0000000000000000e+00 |   0.0000000000000000e+00 | 1
  3,  8 |   0.0000000000000000e+00 |   0.0000000000000000e+00 | 1
  3,  9 |   0.0000000000000000e+00 |   0.0000000000000000e+00 | 1
  3, 10 |   0.0000000000000000e+00 |   0.0000000000000000e+00 | 1
  3, 11 |   0.0000000000000000e+00 |   0.0000000000000000e+00 | 1
  3, 12 |   0.0000000000000000e+00 |   0.0000000000000000e+00 | 1
  3, 13 |   0.0000000000000000e+00 |   0.0000000000000000e+00 | 1
  3, 14 |   0.0000000000000000e+00 |   0.0000000000000000e+00 | 1
  3, 15 |   0.0000000000000000e+00 |   0.0000000000000000e+00 | 1
  3, 16 |   0.0000000000000000e+00 |   0.0000000000000000e+00 | 1
  3, 17 |   0.0000000000000000e+00 |   0.0000000000000000e+00 | 1
  3, 18 |   0.0000000000000000e+00 |   0.0000000000000000e+00 | 1
  3, 19 |   0.0000000000000000e+00 |   0.0000000000000000e+00 | 1
  3, 20 |   0.0000000000000000e+00 |   0.0000000000000000e+00 | 1
  3, 21 |   0.0000000000000000e+00 |   0.0000000000000000e+00 | 1
  3, 22 |   0.0000000000000000e+00 |   0.0000000000000000e+00 | 1
  3, 23 |   0.0000000000000000e+00 |   0.0000000000000000e+00 | 1
  3, 24 |   0.0000000000000000e+00 |   0.0000000000000000e+00 | 1
  3, 25 |   0.0000000000000000e+00 |   0.0000000000000000e+00 | 1
  3, 26 |   0.0000000000000000e+00 |   0.0000000000000000e+00 | 1
  3, 27 |   0.0000000000000000e+00 |   0.0000000000000000e+00 | 1
  3, 28 |   0.0000000000000000e+00 |   0.0000000000000000e+00 | 1
  3, 29 |   0.0000000000000000e+00 |   0.0000000000000000e+00 | 1
  3, 30 |   0.0000000000000000e+00 |   0.0000000000000000e+00 | 1
  3, 31 |   0.0000000000000000e+00 |   0.0000000000000000e+00 | 1
  3, 32 |   0.0000000000000000e+00 |   0.0000000000000000e+00 | 1
  3, 33 |   0.0000000000000000e+00 |   0.0000000000000000e+00 | 1
  3, 34 |   0.0000000000000000e+00 |   0.0000000000000000e+00 | 1
  3, 35 |   0.0000000000000000e+00 |   0.0000000000000000e+00 | 1
  3, 36 |   0.0000000000000000e+00 |   0.0000000000000000e+00 | 1
  3, 37 |   0.0000000000000000e+00 |   0.0000000000000000e+00 | 1
  3, 38 |   0.0000000000000000e+00 |   0.0000000000000000e+00 | 1
  3, 39 |   0.0000000000000000e+00 |   0.0000000000000000e+00 | 1
  3, 40 |   0.0000000000000000e+00 |   0.0000000000000000e+00 | 1
  3, 41 |   0.0000000000000000e+00 |   0.0000000000000000e+00 | 1
  3, 42 |   0.0000000000000000e+00 |   0.0000000000000000e+00 | 1
  3, 43 |   0.0000000000000000e+00 |   0.0000000000000000e+00 | 1
  3, 44 |   0.0000000000000000e+00 |   0.0000000000000000e+00 | 1
  4,  1 |   2.5392406346185347e-03 |   2.5392406346185347e-03 | 1
  4,  2 |   1.3068314019621470e-03 |   1.3068314019621470e-03 | 1
  4,  3 |   0.0000000000000000e+00 |   0.0000000000000000e+00 | 1
  4,  4 |   5.4569079651586652e-03 |   5.4569079651586652e-03 | 1
  4,  5 |   0.0000000000000000e+00 |   0.0000000000000000e+00 | 1
  4,  6 |   0.0000000000000000e+00 |   0.0000000000000000e+00 | 1
  4,  7 |   0.0000000000000000e+00 |   0.0000000000000000e+00 | 1
  4,  8 |   4.3553361803388910e-03 |   4.3553361803388910e-03 | 1
  4,  9 |   1.9985667522356048e-03 |   1.9985667522356048e-03 | 1
  4, 10 |   0.0000000000000000e+00 |   0.0000000000000000e+00 | 1
  4, 11 |   0.0000000000000000e+00 |   0.0000000000000000e+00 | 1
  4, 12 |   1.9045038183312249e-03 |   1.9045038183312249e-03 | 1
  4, 13 |   0.0000000000000000e+00 |   0.0000000000000000e+00 | 1
  4, 14 |   0.0000000000000000e+00 |   0.0000000000000000e+00 | 1
  4, 15 |   0.0000000000000000e+00 |   0.0000000000000000e+00 | 1
  4, 16 |   3.2666088178936424e-03 |   3.2666088178936424e-03 | 1
  4, 17 |   6.0467863005475803e-04 |   6.0467863005475803e-04 | 1
  4, 18 |   0.0000000000000000e+00 |   0.0000000000000000e+00 | 1
  4, 19 |   0.0000000000000000e+00 |   0.0000000000000000e+00 | 1
  4, 20 |   6.0270822252933287e-03 |   6.0270822252933287e-03 | 1
  4, 21 |   0.0000000000000000e+00 |   0.0000000000000000e+00 | 1
  4, 22 |   0.0000000000000000e+00 |   0.0000000000000000e+00 | 1
  4, 23 |   0.0000000000000000e+00 |   0.0000000000000000e+00 | 1
  4, 24 |   5.4487379955762121e-03 |   5.4487379955762121e-03 | 1
  4, 25 |   0.0000000000000000e+00 |   0.0000000000000000e+00 | 1
  4, 26 |   0.0000000000000000e+00 |   0.0000000000000000e+00 | 1
  4, 27 |   0.0000000000000000e+00 |   0.0000000000000000e+00 | 1
  4, 28 |   4.6937783847691254e-03 |   4.6937783847691254e-03 | 1
  4, 29 |   0.0000000000000000e+00 |   0.0000000000000000e+00 | 1
  4, 30 |   0.0000000000000000e+00 |   0.0000000000000000e+00 | 1
  4, 31 |   0.0000000000000000e+00 |   0.0000000000000000e+00 | 1
  4, 32 |  -1.5699508222679322e-03 |  -1.5699508222679322e-03 | 1
  4, 33 |   0.0000000000000000e+00 |   0.0000000000000000e+00 | 1
  4, 34 |   7.6326435093001469e-03 |   7.6326435093001469e-03 | 1
  4, 35 |  -1.2053400020682848e-03 |  -1.2053400020682848e-03 | 1
  4, 36 |  -1.3521507707657796e-03 |  -1.3521507707657796e-03 | 1
  4, 37 |  -8.7814108586683256e-04 |  -8.7814108586683256e-04 | 1
  4, 38 |  -1.0376776662855143e-03 |  -1.0376776662855143e-03 | 1
  4, 39 |  -1.5123954109373368e-04 |  -1.5123954109373368e-04 | 1
  4, 40 |  -1.0947555529463282e-08 |  -1.0947555529463282e-08 | 1
  4, 41 |  -5.0855629803604857e-05 |  -5.0855629803604857e-05 | 1
  4, 42 |  -7.3314828443680668e-07 |  -7.3314828443680668e-07 | 1
  4, 43 |   2.6305654678018342e-03 |   2.6305654678018342e-03 | 1
  4, 44 |   1.7235627099112393e-03 |   1.7235627099112393e-03 | 1
  5,  1 |   0.0000000000000000e+00 |   0.0000000000000000e+00 | 1
  5,  2 |   0.0000000000000000e+00 |   0.0000000000000000e+00 | 1
  5,  3 |   0.0000000000000000e+00 |   0.0000000000000000e+00 | 1
  5,  4 |   0.0000000000000000e+00 |   0.0000000000000000e+00 | 1
  5,  5 |   0.0000000000000000e+00 |   0.0000000000000000e+00 | 1
  5,  6 |   0.0000000000000000e+00 |   0.0000000000000000e+00 | 1
  5,  7 |   0.0000000000000000e+00 |   0.0000000000000000e+00 | 1
  5,  8 |   0.0000000000000000e+00 |   0.0000000000000000e+00 | 1
  5,  9 |   0.0000000000000000e+00 |   0.0000000000000000e+00 | 1
  5, 10 |   0.0000000000000000e+00 |   0.0000000000000000e+00 | 1
  5, 11 |   0.0000000000000000e+00 |   0.0000000000000000e+00 | 1
  5, 12 |   0.0000000000000000e+00 |   0.0000000000000000e+00 | 1
  5, 13 |   0.0000000000000000e+00 |   0.0000000000000000e+00 | 1
  5, 14 |   0.0000000000000000e+00 |   0.0000000000000000e+00 | 1
  5, 15 |   0.0000000000000000e+00 |   0.0000000000000000e+00 | 1
  5, 16 |   0.0000000000000000e+00 |   0.0000000000000000e+00 | 1
  5, 17 |   0.0000000000000000e+00 |   0.0000000000000000e+00 | 1
  5, 18 |   0.0000000000000000e+00 |   0.0000000000000000e+00 | 1
  5, 19 |   0.0000000000000000e+00 |   0.0000000000000000e+00 | 1
  5, 20 |   0.0000000000000000e+00 |   0.0000000000000000e+00 | 1
  5, 21 |   0.0000000000000000e+00 |   0.0000000000000000e+00 | 1
  5, 22 |   0.0000000000000000e+00 |   0.0000000000000000e+00 | 1
  5, 23 |   0.0000000000000000e+00 |   0.0000000000000000e+00 | 1
  5, 24 |   0.0000000000000000e+00 |   0.0000000000000000e+00 | 1
  5, 25 |   0.0000000000000000e+00 |   0.0000000000000000e+00 | 1
  5, 26 |   0.0000000000000000e+00 |   0.0000000000000000e+00 | 1
  5, 27 |   0.0000000000000000e+00 |   0.0000000000000000e+00 | 1
  5, 28 |   0.0000000000000000e+00 |   0.0000000000000000e+00 | 1
  5, 29 |   0.0000000000000000e+00 |   0.0000000000000000e+00 | 1
  5, 30 |   0.0000000000000000e+00 |   0.0000000000000000e+00 | 1
  5, 31 |   0.0000000000000000e+00 |   0.0000000000000000e+00 | 1
  5, 32 |   0.0000000000000000e+00 |   0.0000000000000000e+00 | 1
  5, 33 |   0.0000000000000000e+00 |   0.0000000000000000e+00 | 1
  5, 34 |   0.0000000000000000e+00 |   0.0000000000000000e+00 | 1
  5, 35 |   0.0000000000000000e+00 |   0.0000000000000000e+00 | 1
  5, 36 |   0.0000000000000000e+00 |   0.0000000000000000e+00 | 1
  5, 37 |   0.0000000000000000e+00 |   0.0000000000000000e+00 | 1
  5, 38 |   0.0000000000000000e+00 |   0.0000000000000000e+00 | 1
  5, 39 |   0.0000000000000000e+00 |   0.0000000000000000e+00 | 1
  5, 40 |   0.0000000000000000e+00 |   0.0000000000000000e+00 | 1
  5, 41 |   0.0000000000000000e+00 |   0.0000000000000000e+00 | 1
  5, 42 |   0.0000000000000000e+00 |   0.0000000000000000e+00 | 1
  5, 43 |   0.0000000000000000e+00 |   0.0000000000000000e+00 | 1
  5, 44 |   0.0000000000000000e+00 |   0.0000000000000000e+00 | 1
  6,  1 |   0.0000000000000000e+00 |   0.0000000000000000e+00 | 1
  6,  2 |   0.0000000000000000e+00 |   0.0000000000000000e+00 | 1
  6,  3 |   0.0000000000000000e+00 |   0.0000000000000000e+00 | 1
  6,  4 |   0.0000000000000000e+00 |   0.0000000000000000e+00 | 1
  6,  5 |   0.0000000000000000e+00 |   0.0000000000000000e+00 | 1
  6,  6 |   0.0000000000000000e+00 |   0.0000000000000000e+00 | 1
  6,  7 |   0.0000000000000000e+00 |   0.0000000000000000e+00 | 1
  6,  8 |   0.0000000000000000e+00 |   0.0000000000000000e+00 | 1
  6,  9 |   0.0000000000000000e+00 |   0.0000000000000000e+00 | 1
  6, 10 |   0.0000000000000000e+00 |   0.0000000000000000e+00 | 1
  6, 11 |   0.0000000000000000e+00 |   0.0000000000000000e+00 | 1
  6, 12 |   0.0000000000000000e+00 |   0.0000000000000000e+00 | 1
  6, 13 |   0.0000000000000000e+00 |   0.0000000000000000e+00 | 1
  6, 14 |   0.0000000000000000e+00 |   0.0000000000000000e+00 | 1
  6, 15 |   0.0000000000000000e+00 |   0.0000000000000000e+00 | 1
  6, 16 |   0.0000000000000000e+00 |   0.0000000000000000e+00 | 1
  6, 17 |   0.0000000000000000e+00 |   0.0000000000000000e+00 | 1
  6, 18 |   0.0000000000000000e+00 |   0.0000000000000000e+00 | 1
  6, 19 |   0.0000000000000000e+00 |   0.0000000000000000e+00 | 1
  6, 20 |   0.0000000000000000e+00 |   0.0000000000000000e+00 | 1
  6, 21 |   0.0000000000000000e+00 |   0.0000000000000000e+00 | 1
  6, 22 |   0.0000000000000000e+00 |   0.0000000000000000e+00 | 1
  6, 23 |   0.0000000000000000e+00 |   0.0000000000000000e+00 | 1
  6, 24 |   0.0000000000000000e+00 |   0.0000000000000000e+00 | 1
  6, 25 |   0.0000000000000000e+00 |   0.0000000000000000e+00 | 1
  6, 26 |   0.0000000000000000e+00 |   0.0000000000000000e+00 | 1
  6, 27 |   0.0000000000000000e+00 |   0.0000000000000000e+00 | 1
  6, 28 |   0.0000000000000000e+00 |   0.0000000000000000e+00 | 1
  6, 29 |   0.0000000000000000e+00 |   0.0000000000000000e+00 | 1
  6, 30 |   0.0000000000000000e+00 |   0.0000000000000000e+00 | 1
  6, 31 |   0.0000000000000000e+00 |   0.0000000000000000e+00 | 1
  6, 32 |   0.0000000000000000e+00 |   0.0000000000000000e+00 | 1
  6, 33 |   0.0000000000000000e+00 |   0.0000000000000000e+00 | 1
  6, 34 |   0.0000000000000000e+00 |   0.0000000000000000e+00 | 1
  6, 35 |   0.0000000000000000e+00 |   0.0000000000000000e+00 | 1
  6, 36 |   0.0000000000000000e+00 |   0.0000000000000000e+00 | 1
  6, 37 |   0.0000000000000000e+00 |   0.0000000000000000e+00 | 1
  6, 38 |   0.0000000000000000e+00 |   0.0000000000000000e+00 | 1
  6, 39 |   0.0000000000000000e+00 |   0.0000000000000000e+00 | 1
  6, 40 |   0.0000000000000000e+00 |   0.0000000000000000e+00 | 1
  6, 41 |   0.0000000000000000e+00 |   0.0000000000000000e+00 | 1
  6, 42 |   0.0000000000000000e+00 |   0.0000000000000000e+00 | 1
  6, 43 |   0.0000000000000000e+00 |   0.0000000000000000e+00 | 1
  6, 44 |   0.0000000000000000e+00 |   0.0000000000000000e+00 | 1
  7,  1 |   0.0000000000000000e+00 |   0.0000000000000000e+00 | 1
  7,  2 |   0.0000000000000000e+00 |   0.0000000000000000e+00 | 1
  7,  3 |   0.0000000000000000e+00 |   0.0000000000000000e+00 | 1
  7,  4 |   0.0000000000000000e+00 |   0.0000000000000000e+00 | 1
  7,  5 |   0.0000000000000000e+00 |   0.0000000000000000e+00 | 1
  7,  6 |   0.0000000000000000e+00 |   0.0000000000000000e+00 | 1
  7,  7 |   0.0000000000000000e+00 |   0.0000000000000000e+00 | 1
  7,  8 |   0.0000000000000000e+00 |   0.0000000000000000e+00 | 1
  7,  9 |   0.0000000000000000e+00 |   0.0000000000000000e+00 | 1
  7, 10 |   0.0000000000000000e+00 |   0.0000000000000000e+00 | 1
  7, 11 |   0.0000000000000000e+00 |   0.0000000000000000e+00 | 1
  7, 12 |   0.0000000000000000e+00 |   0.0000000000000000e+00 | 1
  7, 13 |   0.0000000000000000e+00 |   0.0000000000000000e+00 | 1
  7, 14 |   0.0000000000000000e+00 |   0.0000000000000000e+00 | 1
  7, 15 |   0.0000000000000000e+00 |   0.0000000000000000e+00 | 1
  7, 16 |   0.0000000000000000e+00 |   0.0000000000000000e+00 | 1
  7, 17 |   0.0000000000000000e+00 |   0.0000000000000000e+00 | 1
  7, 18 |   0.0000000000000000e+00 |   0.0000000000000000e+00 | 1
  7, 19 |   0.0000000000000000e+00 |   0.0000000000000000e+00 | 1
  7, 20 |   0.0000000000000000e+00 |   0.0000000000000000e+00 | 1
  7, 21 |   0.0000000000000000e+00 |   0.0000000000000000e+00 | 1
  7, 22 |   0.0000000000000000e+00 |   0.0000000000000000e+00 | 1
  7, 23 |   0.0000000000000000e+00 |   0.0000000000000000e+00 | 1
  7, 24 |   0.0000000000000000e+00 |   0.0000000000000000e+00 | 1
  7, 25 |   0.0000000000000000e+00 |   0.0000000000000000e+00 | 1
  7, 26 |   0.0000000000000000e+00 |   0.0000000000000000e+00 | 1
  7, 27 |   0.0000000000000000e+00 |   0.0000000000000000e+00 | 1
  7, 28 |   0.0000000000000000e+00 |   0.0000000000000000e+00 | 1
  7, 29 |   0.0000000000000000e+00 |   0.0000000000000000e+00 | 1
  7, 30 |   0.0000000000000000e+00 |   0.0000000000000000e+00 | 1
  7, 31 |   0.0000000000000000e+00 |   0.0000000000000000e+00 | 1
  7, 32 |   0.0000000000000000e+00 |   0.0000000000000000e+00 | 1
  7, 33 |   0.0000000000000000e+00 |   0.0000000000000000e+00 | 1
  7, 34 |   0.0000000000000000e+00 |   0.0000000000000000e+00 | 1
  7, 35 |   0.0000000000000000e+00 |   0.0000000000000000e+00 | 1
  7, 36 |   0.0000000000000000e+00 |   0.0000000000000000e+00 | 1
  7, 37 |   0.0000000000000000e+00 |   0.0000000000000000e+00 | 1
  7, 38 |   0.0000000000000000e+00 |   0.0000000000000000e+00 | 1
  7, 39 |   0.0000000000000000e+00 |   0.0000000000000000e+00 | 1
  7, 40 |   0.0000000000000000e+00 |   0.0000000000000000e+00 | 1
  7, 41 |   0.0000000000000000e+00 |   0.0000000000000000e+00 | 1
  7, 42 |   0.0000000000000000e+00 |   0.0000000000000000e+00 | 1
  7, 43 |   0.0000000000000000e+00 |   0.0000000000000000e+00 | 1
  7, 44 |   0.0000000000000000e+00 |   0.0000000000000000e+00 | 1
  8,  1 |   3.1935556326144277e-03 |   3.1935556326144277e-03 | 1
  8,  2 |   2.1914332862098254e-03 |   2.1914332862098254e-03 | 1
  8,  3 |   0.0000000000000000e+00 |   0.0000000000000000e+00 | 1
  8,  4 |   4.3553361803388910e-03 |   4.3553361803388910e-03 | 1
  8,  5 |   0.0000000000000000e+00 |   0.0000000000000000e+00 | 1
  8,  6 |   0.0000000000000000e+00 |   0.0000000000000000e+00 | 1
  8,  7 |   0.0000000000000000e+00 |   0.0000000000000000e+00 | 1
  8,  8 |   8.8905442592935174e-03 |   8.8905442592935174e-03 | 1
  8,  9 |   6.2360920020590113e-03 |   6.2360920020590113e-03 | 1
  8, 10 |   0.0000000000000000e+00 |   0.0000000000000000e+00 | 1
  8, 11 |   0.0000000000000000e+00 |   0.0000000000000000e+00 | 1
  8, 12 |   5.3747055708760500e-03 |   5.3747055708760500e-03 | 1
  8, 13 |   0.0000000000000000e+00 |   0.0000000000000000e+00 | 1
  8, 14 |   0.0000000000000000e+00 |   0.0000000000000000e+00 | 1
  8, 15 |   0.0000000000000000e+00 |   0.0000000000000000e+00 | 1
  8, 16 |   6.2819960870752417e-03 |   6.2819960870752417e-03 | 1
  8, 17 |   2.5255148546862007e-03 |   2.5255148546862007e-03 | 1
  8, 18 |   0.0000000000000000e+00 |   0.0000000000000000e+00 | 1
  8, 19 |   0.0000000000000000e+00 |   0.0000000000000000e+00 | 1
  8, 20 |   7.5675325289388763e-03 |   7.5675325289388763e-03 | 1
  8, 21 |   0.0000000000000000e+00 |   0.0000000000000000e+00 | 1
  8, 22 |   0.0000000000000000e+00 |   0.0000000000000000e+00 | 1
  8, 23 |   0.0000000000000000e+00 |   0.0000000000000000e+00 | 1
  8, 24 |   9.1927327251161393e-03 |   9.1927327251161393e-03 | 1
  8, 25 |   0.0000000000000000e+00 |   0.0000000000000000e+00 | 1
  8, 26 |   0.0000000000000000e+00 |   0.0000000000000000e+00 | 1
  8, 27 |   0.0000000000000000e+00 |   0.0000000000000000e+00 | 1
  8, 28 |   8.4147789893846015e-03 |   8.4147789893846015e-03 | 1
  8, 29 |   0.0000000000000000e+00 |   0.0000000000000000e+00 | 1
  8, 30 |   0.0000000000000000e+00 |   0.0000000000000000e+00 | 1
  8, 31 |   0.0000000000000000e+00 |   0.0000000000000000e+00 | 1
  8, 32 |  -2.6584064736413600e-03 |  -2.6584064736413600e-03 | 1
  8, 33 |   0.0000000000000000e+00 |   0.0000000000000000e+00 | 1
  8, 34 |   1.2146066388782070e-02 |   1.2146066388782070e-02 | 1
  8, 35 |  -5.6521374431785405e-04 |  -5.6521374431785405e-04 | 1
  8, 36 |  -4.8273517608898061e-04 |  -4.8273517608898061e-04 | 1
  8, 37 |  -3.6081706774847072e-04 |  -3.6081706774847072e-04 | 1
  8, 38 |  -1.4189273065574239e-03 |  -1.4189273065574239e-03 | 1
  8, 39 |  -2.1796754822248841e-04 |  -2.1796754822248841e-04 | 1
  8, 40 |  -2.1597532292946024e-07 |  -2.1597532292946024e-07 | 1
  8, 41 |  -1.3953543067473506e-04 |  -1.3953543067473506e-04 | 1
  8, 42 |  -2.6712753596088745e-07 |  -2.6712753596088745e-07 | 1
  8, 43 |   2.5329930522281947e-03 |   2.5329930522281947e-03 | 1
  8, 44 |   3.5175543722107839e-03 |   3.5175543722107839e-03 | 1
  9,  1 |   5.5360233656381935e-03 |   5.5360233656381935e-03 | 1
  9,  2 |   3.7278079195542865e-03 |   3.7278079195542865e-03 | 1
  9,  3 |   0.0000000000000000e+00 |   0.0000000000000000e+00 | 1
  9,  4 |   1.9985667522356048e-03 |   1.9985667522356048e-03 | 1
  9,  5 |   0.0000000000000000e+00 |   0.0000000000000000e+00 | 1
  9,  6 |   0.0000000000000000e+00 |   0.0000000000000000e+00 | 1
  9,  7 |   0.0000000000000000e+00 |   0.0000000000000000e+00 | 1
  9,  8 |   6.2360920020590113e-03 |   6.2360920020590113e-03 | 1
  9,  9 |   2.1625405283711464e-02 |   2.1625405283711464e-02 | 1
  9, 10 |   0.0000000000000000e+00 |   0.0000000000000000e+00 | 1
  9, 11 |   0.0000000000000000e+00 |   0.0000000000000000e+00 | 1
  9, 12 |   4.7843932324634162e-03 |   4.7843932324634162e-03 | 1
  9, 13 |   0.0000000000000000e+00 |   0.0000000000000000e+00 | 1
  9, 14 |   0.0000000000000000e+00 |   0.0000000000000000e+00 | 1
  9, 15 |   0.0000000000000000e+00 |   0.0000000000000000e+00 | 1
  9, 16 |   5.6224296240715635e-03 |   5.6224296240715635e-03 | 1
  9, 17 |   4.0893488104094024e-03 |   4.0893488104094024e-03 | 1
  9, 18 |   0.0000000000000000e+00 |   0.0000000000000000e+00 | 1
  9, 19 |   0.0000000000000000e+00 |   0.0000000000000000e+00 | 1
  9, 20 |   6.5514712091063951e-03 |   6.5514712091063951e-03 | 1
  9, 21 |   0.0000000000000000e+00 |   0.0000000000000000e+00 | 1
  9, 22 |   0.0000000000000000e+00 |   0.0000000000000000e+00 | 1
  9, 23 |   0.0000000000000000e+00 |   0.0000000000000000e+00 | 1
  9, 24 |   8.8106615369604561e-03 |   8.8106615369604561e-03 | 1
  9, 25 |   0.0000000000000000e+00 |   0.0000000000000000e+00 | 1
  9, 26 |   0.0000000000000000e+00 |   0.0000000000000000e+00 | 1
  9, 27 |   0.0000000000000000e+00 |   0.0000000000000000e+00 | 1
  9, 28 |   1.0129065393911431e-02 |   1.0129065393911431e-02 | 1
  9, 29 |   0.0000000000000000e+00 |   0.0000000000000000e+00 | 1
  9, 30 |   0.0000000000000000e+00 |   0.0000000000000000e+00 | 1
  9, 31 |   0.0000000000000000e+00 |   0.0000000000000000e+00 | 1
  9, 32 |  -1.1750003748290986e-03 |  -1.1750003748290986e-03 | 1
  9, 33 |   0.0000000000000000e+00 |   0.0000000000000000e+00 | 1
  9, 34 |   8.8956698888707358e-03 |   8.8956698888707358e-03 | 1
  9, 35 |  -1.0065447575179983e-03 |  -1.0065447575179983e-03 | 1
  9, 36 |  -8.3544642715584270e-04 |  -8.3544642715584270e-04 | 1
  9, 37 |   4.5925711991636159e-04 |   4.5925711991636159e-04 | 1
  9, 38 |  -1.9691389352795461e-03 |  -1.9691389352795461e-03 | 1
  9, 39 |  -2.5765651840682342e-04 |  -2.5765651840682342e-04 | 1
  9, 40 |  -2.5049225204000476e-07 |  -2.5049225204000476e-07 | 1
  9, 41 |  -3.4158816761993452e-04 |  -3.4158816761993452e-04 | 1
  9, 42 |   1.3392714012866259e-05 |   1.3392714012866259e-05 | 1
  9, 43 |   5.0247498562770556e-03 |   5.0247498562770556e-03 | 1
  9, 44 |   6.3118691300602056e-04 |   6.3118691300602056e-04 | 1
 10,  1 |   0.0000000000000000e+00 |   0.0000000000000000e+00 | 1
 10,  2 |   0.0000000000000000e+00 |   0.0000000000000000e+00 | 1
 10,  3 |   0.0000000000000000e+00 |   0.0000000000000000e+00 | 1
 10,  4 |   0.0000000000000000e+00 |   0.0000000000000000e+00 | 1
 10,  5 |   0.0000000000000000e+00 |   0.0000000000000000e+00 | 1
 10,  6 |   0.0000000000000000e+00 |   0.0000000000000000e+00 | 1
 10,  7 |   0.0000000000000000e+00 |   0.0000000000000000e+00 | 1
 10,  8 |   0.0000000000000000e+00 |   0.0000000000000000e+00 | 1
 10,  9 |   0.0000000000000000e+00 |   0.0000000000000000e+00 | 1
 10, 10 |   0.0000000000000000e+00 |   0.0000000000000000e+00 | 1
 10, 11 |   0.0000000000000000e+00 |   0.0000000000000000e+00 | 1
 10, 12 |   0.0000000000000000e+00 |   0.0000000000000000e+00 | 1
 10, 13 |   0.0000000000000000e+00 |   0.0000000000000000e+00 | 1
 10, 14 |   0.0000000000000000e+00 |   0.0000000000000000e+00 | 1
 10, 15 |   0.0000000000000000e+00 |   0.0000000000000000e+00 | 1
 10, 16 |   0.0000000000000000e+00 |   0.0000000000000000e+00 | 1
 10, 17 |   0.0000000000000000e+00 |   0.0000000000000000e+00 | 1
 10, 18 |   0.0000000000000000e+00 |   0.0000000000000000e+00 | 1
 10, 19 |   0.0000000000000000e+00 |   0.0000000000000000e+00 | 1
 10, 20 |   0.0000000000000000e+00 |   0.0000000000000000e+00 | 1
 10, 21 |   0.0000000000000000e+00 |   0.0000000000000000e+00 | 1
 10, 22 |   0.0000000000000000e+00 |   0.0000000000000000e+00 | 1
 10, 23 |   0.0000000000000000e+00 |   0.0000000000000000e+00 | 1
 10, 24 |   0.0000000000000000e+00 |   0.0000000000000000e+00 | 1
 10, 25 |   0.0000000000000000e+00 |   0.0000000000000000e+00 | 1
 10, 26 |   0.0000000000000000e+00 |   0.0000000000000000e+00 | 1
 10, 27 |   0.0000000000000000e+00 |   0.0000000000000000e+00 | 1
 10, 28 |   0.0000000000000000e+00 |   0.0000000000000000e+00 | 1
 10, 29 |   0.0000000000000000e+00 |   0.0000000000000000e+00 | 1
 10, 30 |   0.0000000000000000e+00 |   0.0000000000000000e+00 | 1
 10, 31 |   0.0000000000000000e+00 |   0.0000000000000000e+00 | 1
 10, 32 |   0.0000000000000000e+00 |   0.0000000000000000e+00 | 1
 10, 33 |   0.0000000000000000e+00 |   0.0000000000000000e+00 | 1
 10, 34 |   0.0000000000000000e+00 |   0.0000000000000000e+00 | 1
 10, 35 |   0.0000000000000000e+00 |   0.0000000000000000e+00 | 1
 10, 36 |   0.0000000000000000e+00 |   0.0000000000000000e+00 | 1
 10, 37 |   0.0000000000000000e+00 |   0.0000000000000000e+00 | 1
 10, 38 |   0.0000000000000000e+00 |   0.0000000000000000e+00 | 1
 10, 39 |   0.0000000000000000e+00 |   0.0000000000000000e+00 | 1
 10, 40 |   0.0000000000000000e+00 |   0.0000000000000000e+00 | 1
 10, 41 |   0.0000000000000000e+00 |   0.0000000000000000e+00 | 1
 10, 42 |   0.0000000000000000e+00 |   0.0000000000000000e+00 | 1
 10, 43 |   0.0000000000000000e+00 |   0.0000000000000000e+00 | 1
 10, 44 |   0.0000000000000000e+00 |   0.0000000000000000e+00 | 1
 11,  1 |   0.0000000000000000e+00 |   0.0000000000000000e+00 | 1
 11,  2 |   0.0000000000000000e+00 |   0.0000000000000000e+00 | 1
 11,  3 |   0.0000000000000000e+00 |   0.0000000000000000e+00 | 1
 11,  4 |   0.0000000000000000e+00 |   0.0000000000000000e+00 | 1
 11,  5 |   0.0000000000000000e+00 |   0.0000000000000000e+00 | 1
 11,  6 |   0.0000000000000000e+00 |   0.0000000000000000e+00 | 1
 11,  7 |   0.0000000000000000e+00 |   0.0000000000000000e+00 | 1
 11,  8 |   0.0000000000000000e+00 |   0.0000000000000000e+00 | 1
 11,  9 |   0.0000000000000000e+00 |   0.0000000000000000e+00 | 1
 11, 10 |   0.0000000000000000e+00 |   0.0000000000000000e+00 | 1
 11, 11 |   0.0000000000000000e+00 |   0.0000000000000000e+00 | 1
 11, 12 |   0.0000000000000000e+00 |   0.0000000000000000e+00 | 1
 11, 13 |   0.0000000000000000e+00 |   0.0000000000000000e+00 | 1
 11, 14 |   0.0000000000000000e+00 |   0.0000000000000000e+00 | 1
 11, 15 |   0.0000000000000000e+00 |   0.0000000000000000e+00 | 1
 11, 16 |   0.0000000000000000e+00 |   0.0000000000000000e+00 | 1
 11, 17 |   0.0000000000000000e+00 |   0.0000000000000000e+00 | 1
 11, 18 |   0.0000000000000000e+00 |   0.0000000000000000e+00 | 1
 11, 19 |   0.0000000000000000e+00 |   0.0000000000000000e+00 | 1
 11, 20 |   0.0000000000000000e+00 |   0.0000000000000000e+00 | 1
 11, 21 |   0.0000000000000000e+00 |   0.0000000000000000e+00 | 1
 11, 22 |   0.0000000000000000e+00 |   0.0000000000000000e+00 | 1
 11, 23 |   0.0000000000000000e+00 |   0.0000000000000000e+00 | 1
 11, 24 |   0.0000000000000000e+00 |   0.0000000000000000e+00 | 1
 11, 25 |   0.0000000000000000e+00 |   0.0000000000000000e+00 | 1
 11, 26 |   0.0000000000000000e+00 |   0.0000000000000000e+00 | 1
 11, 27 |   0.0000000000000000e+00 |   0.0000000000000000e+00 | 1
 11, 28 |   0.0000000000000000e+00 |   0.0000000000000000e+00 | 1
 11, 29 |   0.0000000000000000e+00 |   0.0000000000000000e+00 | 1
 11, 30 |   0.0000000000000000e+00 |   0.0000000000000000e+00 | 1
 11, 31 |   0.0000000000000000e+00 |   0.0000000000000000e+00 | 1
 11, 32 |   0.0000000000000000e+00 |   0.0000000000000000e+00 | 1
 11, 33 |   0.0000000000000000e+00 |   0.0000000000000000e+00 | 1
 11, 34 |   0.0000000000000000e+00 |   0.0000000000000000e+00 | 1
 11, 35 |   0.0000000000000000e+00 |   0.0000000000000000e+00 | 1
 11, 36 |   0.0000000000000000e+00 |   0.0000000000000000e+00 | 1
 11, 37 |   0.0000000000000000e+00 |   0.0000000000000000e+00 | 1
 11, 38 |   0.0000000000000000e+00 |   0.0000000000000000e+00 | 1
 11, 39 |   0.0000000000000000e+00 |   0.0000000000000000e+00 | 1
 11, 40 |   0.0000000000000000e+00 |   0.0000000000000000e+00 | 1
 11, 41 |   0.0000000000000000e+00 |   0.0000000000000000e+00 | 1
 11, 42 |   0.0000000000000000e+00 |   0.0000000000000000e+00 | 1
 11, 43 |   0.0000000000000000e+00 |   0.0000000000000000e+00 | 1
 11, 44 |   0.0000000000000000e+00 |   0.0000000000000000e+00 | 1
 12,  1 |   1.8098197718730042e-03 |   1.8098197718730042e-03 | 1
 12,  2 |  -5.4541009467298437e-04 |  -5.4541009467298437e-04 | 1
 12,  3 |   0.0000000000000000e+00 |   0.0000000000000000e+00 | 1
 12,  4 |   1.9045038183312249e-03 |   1.9045038183312249e-03 | 1
 12,  5 |   0.0000000000000000e+00 |   0.0000000000000000e+00 | 1
 12,  6 |   0.0000000000000000e+00 |   0.0000000000000000e+00 | 1
 12,  7 |   0.0000000000000000e+00 |   0.0000000000000000e+00 | 1
 12,  8 |   5.3747055708760500e-03 |   5.3747055708760500e-03 | 1
 12,  9 |   4.7843932324634162e-03 |   4.7843932324634162e-03 | 1
 12, 10 |   0.0000000000000000e+00 |   0.0000000000000000e+00 | 1
 12, 11 |   0.0000000000000000e+00 |   0.0000000000000000e+00 | 1
 12, 12 |   3.0857697166603842e-02 |   3.0857697166603842e-02 | 1
 12, 13 |   0.0000000000000000e+00 |   0.0000000000000000e+00 | 1
 12, 14 |   0.0000000000000000e+00 |   0.0000000000000000e+00 | 1
 12, 15 |   0.0000000000000000e+00 |   0.0000000000000000e+00 | 1
 12, 16 |   3.4312346394612184e-03 |   3.4312346394612184e-03 | 1
 12, 17 |   1.5273790733694279e-03 |   1.5273790733694279e-03 | 1
 12, 18 |   0.0000000000000000e+00 |   0.0000000000000000e+00 | 1
 12, 19 |   0.0000000000000000e+00 |   0.0000000000000000e+00 | 1
 12, 20 |   1.0555123804229193e-02 |   1.0555123804229193e-02 | 1
 12, 21 |   0.0000000000000000e+00 |   0.0000000000000000e+00 | 1
 12, 22 |   0.0000000000000000e+00 |   0.0000000000000000e+00 | 1
 12, 23 |   0.0000000000000000e+00 |   0.0000000000000000e+00 | 1
 12, 24 |   6.3216853112712705e-03 |   6.3216853112712705e-03 | 1
 12, 25 |   0.0000000000000000e+00 |   0.0000000000000000e+00 | 1
 12, 26 |   0.0000000000000000e+00 |   0.0000000000000000e+00 | 1
 12, 27 |   0.0000000000000000e+00 |   0.0000000000000000e+00 | 1
 12, 28 |   8.6660175111949039e-03 |   8.6660175111949039e-03 | 1
 12, 29 |   0.0000000000000000e+00 |   0.0000000000000000e+00 | 1
 12, 30 |   0.0000000000000000e+00 |   0.0000000000000000e+00 | 1
 12, 31 |   0.0000000000000000e+00 |   0.0000000000000000e+00 | 1
 12, 32 |  -1.5249495308006225e-03 |  -1.5249495308006225e-03 | 1
 12, 33 |   0.0000000000000000e+00 |   0.0000000000000000e+00 | 1
 12, 34 |   8.9435522622413974e-03 |   8.9435522622413974e-03 | 1
 12, 35 |   2.3716884864010248e-04 |   2.3716884864010248e-04 | 1
 12, 36 |  -5.2640347799826114e-05 |  -5.2640347799826114e-05 | 1
 12, 37 |   7.5455340122956177e-04 |   7.5455340122956177e-04 | 1
 12, 38 |  -4.7548298006107467e-04 |  -4.7548298006107467e-04 | 1
 12, 39 |  -7.9915680844429456e-04 |  -7.9915680844429456e-04 | 1
 12, 40 |   5.7368966327448801e-08 |   5.7368966327448801e-08 | 1
 12, 41 |   7.5021171833690572e-05 |   7.5021171833690572e-05 | 1
 12, 42 |  -1.2959709542273092e-05 |  -1.2959709542273092e-05 | 1
 12, 43 |   5.9873590851098062e-04 |   5.9873590851098062e-04 | 1
 12, 44 |   2.9878300962241965e-03 |   2.9878300962241965e-03 | 1
 13,  1 |   0.0000000000000000e+00 |   0.0000000000000000e+00 | 1
 13,  2 |   0.0000000000000000e+00 |   0.0000000000000000e+00 | 1
 13,  3 |   0.0000000000000000e+00 |   0.0000000000000000e+00 | 1
 13,  4 |   0.0000000000000000e+00 |   0.0000000000000000e+00 | 1
 13,  5 |   0.0000000000000000e+00 |   0.0000000000000000e+00 | 1
 13,  6 |   0.0000000000000000e+00 |   0.0000000000000000e+00 | 1
 13,  7 |   0.0000000000000000e+00 |   0.0000000000000000e+00 | 1
 13,  8 |   0.0000000000000000e+00 |   0.0000000000000000e+00 | 1
 13,  9 |   0.0000000000000000e+00 |   0.0000000000000000e+00 | 1
 13, 10 |   0.0000000000000000e+00 |   0.0000000000000000e+00 | 1
 13, 11 |   0.0000000000000000e+00 |   0.0000000000000000e+00 | 1
 13, 12 |   0.0000000000000000e+00 |   0.0000000000000000e+00 | 1
 13, 13 |   0.0000000000000000e+00 |   0.0000000000000000e+00 | 1
 13, 14 |   0.0000000000000000e+00 |   0.0000000000000000e+00 | 1
 13, 15 |   0.0000000000000000e+00 |   0.0000000000000000e+00 | 1
 13, 16 |   0.0000000000000000e+00 |   0.0000000000000000e+00 | 1
 13, 17 |   0.0000000000000000e+00 |   0.0000000000000000e+00 | 1
 13, 18 |   0.0000000000000000e+00 |   0.0000000000000000e+00 | 1
 13, 19 |   0.0000000000000000e+00 |   0.0000000000000000e+00 | 1
 13, 20 |   0.0000000000000000e+00 |   0.0000000000000000e+00 | 1
 13, 21 |   0.0000000000000000e+00 |   0.0000000000000000e+00 | 1
 13, 22 |   0.0000000000000000e+00 |   0.0000000000000000e+00 | 1
 13, 23 |   0.0000000000000000e+00 |   0.0000000000000000e+00 | 1
 13, 24 |   0.0000000000000000e+00 |   0.0000000000000000e+00 | 1
 13, 25 |   0.0000000000000000e+00 |   0.0000000000000000e+00 | 1
 13, 26 |   0.0000000000000000e+00 |   0.0000000000000000e+00 | 1
 13, 27 |   0.0000000000000000e+00 |   0.0000000000000000e+00 | 1
 13, 28 |   0.0000000000000000e+00 |   0.0000000000000000e+00 | 1
 13, 29 |   0.0000000000000000e+00 |   0.0000000000000000e+00 | 1
 13, 30 |   0.0000000000000000e+00 |   0.0000000000000000e+00 | 1
 13, 31 |   0.0000000000000000e+00 |   0.0000000000000000e+00 | 1
 13, 32 |   0.0000000000000000e+00 |   0.0000000000000000e+00 | 1
 13, 33 |   0.0000000000000000e+00 |   0.0000000000000000e+00 | 1
 13, 34 |   0.0000000000000000e+00 |   0.0000000000000000e+00 | 1
 13, 35 |   0.0000000000000000e+00 |   0.0000000000000000e+00 | 1
 13, 36 |   0.0000000000000000e+00 |   0.0000000000000000e+00 | 1
 13, 37 |   0.0000000000000000e+00 |   0.0000000000000000e+00 | 1
 13, 38 |   0.0000000000000000e+00 |   0.0000000000000000e+00 | 1
 13, 39 |   0.0000000000000000e+00 |   0.0000000000000000e+00 | 1
 13, 40 |   0.0000000000000000e+00 |   0.0000000000000000e+00 | 1
 13, 41 |   0.0000000000000000e+00 |   0.0000000000000000e+00 | 1
 13, 42 |   0.0000000000000000e+00 |   0.0000000000000000e+00 | 1
 13, 43 |   0.0000000000000000e+00 |   0.0000000000000000e+00 | 1
 13, 44 |   0.0000000000000000e+00 |   0.0000000000000000e+00 | 1
 14,  1 |   0.0000000000000000e+00 |   0.0000000000000000e+00 | 1
 14,  2 |   0.0000000000000000e+00 |   0.0000000000000000e+00 | 1
 14,  3 |   0.0000000000000000e+00 |   0.0000000000000000e+00 | 1
 14,  4 |   0.0000000000000000e+00 |   0.0000000000000000e+00 | 1
 14,  5 |   0.0000000000000000e+00 |   0.0000000000000000e+00 | 1
 14,  6 |   0.0000000000000000e+00 |   0.0000000000000000e+00 | 1
 14,  7 |   0.0000000000000000e+00 |   0.0000000000000000e+00 | 1
 14,  8 |   0.0000000000000000e+00 |   0.0000000000000000e+00 | 1
 14,  9 |   0.0000000000000000e+00 |   0.0000000000000000e+00 | 1
 14, 10 |   0.0000000000000000e+00 |   0.0000000000000000e+00 | 1
 14, 11 |   0.0000000000000000e+00 |   0.0000000000000000e+00 | 1
 14, 12 |   0.0000000000000000e+00 |   0.0000000000000000e+00 | 1
 14, 13 |   0.0000000000000000e+00 |   0.0000000000000000e+00 | 1
 14, 14 |   0.0000000000000000e+00 |   0.0000000000000000e+00 | 1
 14, 15 |   0.0000000000000000e+00 |   0.0000000000000000e+00 | 1
 14, 16 |   0.0000000000000000e+00 |   0.0000000000000000e+00 | 1
 14, 17 |   0.0000000000000000e+00 |   0.0000000000000000e+00 | 1
 14, 18 |   0.0000000000000000e+00 |   0.0000000000000000e+00 | 1
 14, 19 |   0.0000000000000000e+00 |   0.0000000000000000e+00 | 1
 14, 20 |   0.0000000000000000e+00 |   0.0000000000000000e+00 | 1
 14, 21 |   0.0000000000000000e+00 |   0.0000000000000000e+00 | 1
 14, 22 |   0.0000000000000000e+00 |   0.0000000000000000e+00 | 1
 14, 23 |   0.0000000000000000e+00 |   0.0000000000000000e+00 | 1
 14, 24 |   0.0000000000000000e+00 |   0.0000000000000000e+00 | 1
 14, 25 |   0.0000000000000000e+00 |   0.0000000000000000e+00 | 1
 14, 26 |   0.0000000000000000e+00 |   0.0000000000000000e+00 | 1
 14, 27 |   0.0000000000000000e+00 |   0.0000000000000000e+00 | 1
 14, 28 |   0.0000000000000000e+00 |   0.0000000000000000e+00 | 1
 14, 29 |   0.0000000000000000e+00 |   0.0000000000000000e+00 | 1
 14, 30 |   0.0000000000000000e+00 |   0.0000000000000000e+00 | 1
 14, 31 |   0.0000000000000000e+00 |   0.0000000000000000e+00 | 1
 14, 32 |   0.0000000000000000e+00 |   0.0000000000000000e+00 | 1
 14, 33 |   0.0000000000000000e+00 |   0.0000000000000000e+00 | 1
 14, 34 |   0.0000000000000000e+00 |   0.0000000000000000e+00 | 1
 14, 35 |   0.0000000000000000e+00 |   0.0000000000000000e+00 | 1
 14, 36 |   0.0000000000000000e+00 |   0.0000000000000000e+00 | 1
 14, 37 |   0.0000000000000000e+00 |   0.0000000000000000e+00 | 1
 14, 38 |   0.0000000000000000e+00 |   0.0000000000000000e+00 | 1
 14, 39 |   0.0000000000000000e+00 |   0.0000000000000000e+00 | 1
 14, 40 |   0.0000000000000000e+00 |   0.0000000000000000e+00 | 1
 14, 41 |   0.0000000000000000e+00 |   0.0000000000000000e+00 | 1
 14, 42 |   0.0000000000000000e+00 |   0.0000000000000000e+00 | 1
 14, 43 |   0.0000000000000000e+00 |   0.0000000000000000e+00 | 1
 14, 44 |   0.0000000000000000e+00 |   0.0000000000000000e+00 | 1
 15,  1 |   0.0000000000000000e+00 |   0.0000000000000000e+00 | 1
 15,  2 |   0.0000000000000000e+00 |   0.0000000000000000e+00 | 1
 15,  3 |   0.0000000000000000e+00 |   0.0000000000000000e+00 | 1
 15,  4 |   0.0000000000000000e+00 |   0.0000000000000000e+00 | 1
 15,  5 |   0.0000000000000000e+00 |   0.0000000000000000e+00 | 1
 15,  6 |   0.0000000000000000e+00 |   0.0000000000000000e+00 | 1
 15,  7 |   0.0000000000000000e+00 |   0.0000000000000000e+00 | 1
 15,  8 |   0.0000000000000000e+00 |   0.0000000000000000e+00 | 1
 15,  9 |   0.0000000000000000e+00 |   0.0000000000000000e+00 | 1
 15, 10 |   0.0000000000000000e+00 |   0.0000000000000000e+00 | 1
 15, 11 |   0.0000000000000000e+00 |   0.0000000000000000e+00 | 1
 15, 12 |   0.0000000000000000e+00 |   0.0000000000000000e+00 | 1
 15, 13 |   0.0000000000000000e+00 |   0.0000000000000000e+00 | 1
 15, 14 |   0.0000000000000000e+00 |   0.0000000000000000e+00 | 1
 15, 15 |   0.0000000000000000e+00 |   0.0000000000000000e+00 | 1
 15, 16 |   0.0000000000000000e+00 |   0.0000000000000000e+00 | 1
 15, 17 |   0.0000000000000000e+00 |   0.0000000000000000e+00 | 1
 15, 18 |   0.0000000000000000e+00 |   0.0000000000000000e+00 | 1
 15, 19 |   0.0000000000000000e+00 |   0.0000000000000000e+00 | 1
 15, 20 |   0.0000000000000000e+00 |   0.0000000000000000e+00 | 1
 15, 21 |   0.0000000000000000e+00 |   0.0000000000000000e+00 | 1
 15, 22 |   0.0000000000000000e+00 |   0.0000000000000000e+00 | 1
 15, 23 |   0.0000000000000000e+00 |   0.0000000000000000e+00 | 1
 15, 24 |   0.0000000000000000e+00 |   0.0000000000000000e+00 | 1
 15, 25 |   0.0000000000000000e+00 |   0.0000000000000000e+00 | 1
 15, 26 |   0.0000000000000000e+00 |   0.0000000000000000e+00 | 1
 15, 27 |   0.0000000000000000e+00 |   0.0000000000000000e+00 | 1
 15, 28 |   0.0000000000000000e+00 |   0.0000000000000000e+00 | 1
 15, 29 |   0.0000000000000000e+00 |   0.0000000000000000e+00 | 1
 15, 30 |   0.0000000000000000e+00 |   0.0000000000000000e+00 | 1
 15, 31 |   0.0000000000000000e+00 |   0.0000000000000000e+00 | 1
 15, 32 |   0.0000000000000000e+00 |   0.0000000000000000e+00 | 1
 15, 33 |   0.0000000000000000e+00 |   0.0000000000000000e+00 | 1
 15, 34 |   0.0000000000000000e+00 |   0.0000000000000000e+00 | 1
 15, 35 |   0.0000000000000000e+00 |   0.0000000000000000e+00 | 1
 15, 36 |   0.0000000000000000e+00 |   0.0000000000000000e+00 | 1
 15, 37 |   0.0000000000000000e+00 |   0.0000000000000000e+00 | 1
 15, 38 |   0.0000000000000000e+00 |   0.0000000000000000e+00 | 1
 15, 39 |   0.0000000000000000e+00 |   0.0000000000000000e+00 | 1
 15, 40 |   0.0000000000000000e+00 |   0.0000000000000000e+00 | 1
 15, 41 |   0.0000000000000000e+00 |   0.0000000000000000e+00 | 1
 15, 42 |   0.0000000000000000e+00 |   0.0000000000000000e+00 | 1
 15, 43 |   0.0000000000000000e+00 |   0.0000000000000000e+00 | 1
 15, 44 |   0.0000000000000000e+00 |   0.0000000000000000e+00 | 1
 16,  1 |   3.1519853396937544e-03 |   3.1519853396937544e-03 | 1
 16,  2 |   2.3041161760682829e-03 |   2.3041161760682829e-03 | 1
 16,  3 |   0.0000000000000000e+00 |   0.0000000000000000e+00 | 1
 16,  4 |   3.2666088178936424e-03 |   3.2666088178936424e-03 | 1
 16,  5 |   0.0000000000000000e+00 |   0.0000000000000000e+00 | 1
 16,  6 |   0.0000000000000000e+00 |   0.0000000000000000e+00 | 1
 16,  7 |   0.0000000000000000e+00 |   0.0000000000000000e+00 | 1
 16,  8 |   6.2819960870752417e-03 |   6.2819960870752417e-03 | 1
 16,  9 |   5.6224296240715635e-03 |   5.6224296240715635e-03 | 1
 16, 10 |   0.0000000000000000e+00 |   0.0000000000000000e+00 | 1
 16, 11 |   0.0000000000000000e+00 |   0.0000000000000000e+00 | 1
 16, 12 |   3.4312346394612184e-03 |   3.4312346394612184e-03 | 1
 16, 13 |   0.0000000000000000e+00 |   0.0000000000000000e+00 | 1
 16, 14 |   0.0000000000000000e+00 |   0.0000000000000000e+00 | 1
 16, 15 |   0.0000000000000000e+00 |   0.0000000000000000e+00 | 1
 16, 16 |   7.9947010079132724e-03 |   7.9947010079132724e-03 | 1
 16, 17 |   2.3322847697026189e-03 |   2.3322847697026189e-03 | 1
 16, 18 |   0.0000000000000000e+00 |   0.0000000000000000e+00 | 1
 16, 19 |   0.0000000000000000e+00 |   0.0000000000000000e+00 | 1
 16, 20 |   6.3417050843354583e-03 |   6.3417050843354583e-03 | 1
 16, 21 |   0.0000000000000000e+00 |   0.0000000000000000e+00 | 1
 16, 22 |   0.0000000000000000e+00 |   0.0000000000000000e+00 | 1
 16, 23 |   0.0000000000000000e+00 |   0.0000000000000000e+00 | 1
 16, 24 |   7.9278954313860475e-03 |   7.9278954313860475e-03 | 1
 16, 25 |   0.0000000000000000e+00 |   0.0000000000000000e+00 | 1
 16, 26 |   0.0000000000000000e+00 |   0.0000000000000000e+00 | 1
 16, 27 |   0.0000000000000000e+00 |   0.0000000000000000e+00 | 1
 16, 28 |   8.9006211848787799e-03 |   8.9006211848787799e-03 | 1
 16, 29 |   0.0000000000000000e+00 |   0.0000000000000000e+00 | 1
 16, 30 |   0.0000000000000000e+00 |   0.0000000000000000e+00 | 1
 16, 31 |   0.0000000000000000e+00 |   0.0000000000000000e+00 | 1
 16, 32 |  -2.7585991112205697e-03 |  -2.7585991112205697e-03 | 1
 16, 33 |   0.0000000000000000e+00 |   0.0000000000000000e+00 | 1
 16, 34 |   9.9797405427563823e-03 |   9.9797405427563823e-03 | 1
 16, 35 |  -3.6576428480907561e-04 |  -3.6576428480907561e-04 | 1
 16, 36 |   1.6530793102488073e-04 |   1.6530793102488073e-04 | 1
 16, 37 |   4.4410715680899088e-04 |   4.4410715680899088e-04 | 1
 16, 38 |   2.1124873339075121e-04 |   2.1124873339075121e-04 | 1
 16, 39 |  -2.6883210924805240e-05 |  -2.6883210924805240e-05 | 1
 16, 40 |  -2.9816088660252582e-07 |  -2.9816088660252582e-07 | 1
 16, 41 |  -2.2659673145992949e-04 |  -2.2659673145992949e-04 | 1
 16, 42 |   4.3943047689433524e-06 |   4.3943047689433524e-06 | 1
 16, 43 |   2.2473883764071289e-03 |   2.2473883764071289e-03 | 1
 16, 44 |   2.9848899420910121e-03 |   2.9848899420910121e-03 | 1
 17,  1 |   2.8300108330295598e-03 |   2.8300108330295598e-03 | 1
 17,  2 |   2.0994977006947102e-03 |   2.0994977006947102e-03 | 1
 17,  3 |   0.0000000000000000e+00 |   0.0000000000000000e+00 | 1
 17,  4 |   6.0467863005475803e-04 |   6.0467863005475803e-04 | 1
 17,  5 |   0.0000000000000000e+00 |   0.0000000000000000e+00 | 1
 17,  6 |   0.0000000000000000e+00 |   0.0000000000000000e+00 | 1
 17,  7 |   0.0000000000000000e+00 |   0.0000000000000000e+00 | 1
 17,  8 |   2.5255148546862007e-03 |   2.5255148546862007e-03 | 1
 17,  9 |   4.0893488104094024e-03 |   4.0893488104094024e-03 | 1
 17, 10 |   0.0000000000000000e+00 |   0.0000000000000000e+00 | 1
 17, 11 |   0.0000000000000000e+00 |   0.0000000000000000e+00 | 1
 17, 12 |   1.5273790733694279e-03 |   1.5273790733694279e-03 | 1
 17, 13 |   0.0000000000000000e+00 |   0.0000000000000000e+00 | 1
 17, 14 |   0.0000000000000000e+00 |   0.0000000000000000e+00 | 1
 17, 15 |   0.0000000000000000e+00 |   0.0000000000000000e+00 | 1
 17, 16 |   2.3322847697026189e-03 |   2.3322847697026189e-03 | 1
 17, 17 |   5.0037321829837327e-03 |   5.0037321829837327e-03 | 1
 17, 18 |   0.0000000000000000e+00 |   0.0000000000000000e+00 | 1
 17, 19 |   0.0000000000000000e+00 |   0.0000000000000000e+00 | 1
 17, 20 |   1.2940732146534655e-03 |   1.2940732146534655e-03 | 1
 17, 21 |   0.0000000000000000e+00 |   0.0000000000000000e+00 | 1
 17, 22 |   0.0000000000000000e+00 |   0.0000000000000000e+00 | 1
 17, 23 |   0.0000000000000000e+00 |   0.0000000000000000e+00 | 1
 17, 24 |   4.4443673002104505e-03 |   4.4443673002104505e-03 | 1
 17, 25 |   0.0000000000000000e+00 |   0.0000000000000000e+00 | 1
 17, 26 |   0.0000000000000000e+00 |   0.0000000000000000e+00 | 1
 17, 27 |   0.0000000000000000e+00 |   0.0000000000000000e+00 | 1
 17, 28 |   1.8091139349905683e-03 |   1.8091139349905683e-03 | 1
 17, 29 |   0.0000000000000000e+00 |   0.0000000000000000e+00 | 1
 17, 30 |   0.0000000000000000e+00 |   0.0000000000000000e+00 | 1
 17, 31 |   0.0000000000000000e+00 |   0.0000000000000000e+00 | 1
 17, 32 |  -1.1871048462990755e-03 |  -1.1871048462990755e-03 | 1
 17, 33 |   0.0000000000000000e+00 |   0.0000000000000000e+00 | 1
 17, 34 |   4.0907185216510159e-03 |   4.0907185216510159e-03 | 1
 17, 35 |  -6.8564646200832617e-04 |  -6.8564646200832617e-04 | 1
 17, 36 |  -6.3380193172477375e-04 |  -6.3380193172477375e-04 | 1
 17, 37 |  -1.0018735935121285e-03 |  -1.0018735935121285e-03 | 1
 17, 38 |  -1.4845873439509856e-03 |  -1.4845873439509856e-03 | 1
 17, 39 |   6.8985813479909496e-05 |   6.8985813479909496e-05 | 1
 17, 40 |  -2.3953212929901128e-07 |  -2.3953212929901128e-07 | 1
 17, 41 |  -2.4691386264215953e-06 |  -2.4691386264215953e-06 | 1
 17, 42 |  -2.2447153770170966e-06 |  -2.2447153770170966e-06 | 1
 17, 43 |   1.7198949841438816e-03 |   1.7198949841438816e-03 | 1
 17, 44 |   1.2356147366172593e-03 |   1.2356147366172593e-03 | 1
 18,  1 |   0.0000000000000000e+00 |   0.0000000000000000e+00 | 1
 18,  2 |   0.0000000000000000e+00 |   0.0000000000000000e+00 | 1
 18,  3 |   0.0000000000000000e+00 |   0.0000000000000000e+00 | 1
 18,  4 |   0.0000000000000000e+00 |   0.0000000000000000e+00 | 1
 18,  5 |   0.0000000000000000e+00 |   0.0000000000000000e+00 | 1
 18,  6 |   0.0000000000000000e+00 |   0.0000000000000000e+00 | 1
 18,  7 |   0.0000000000000000e+00 |   0.0000000000000000e+00 | 1
 18,  8 |   0.0000000000000000e+00 |   0.0000000000000000e+00 | 1
 18,  9 |   0.0000000000000000e+00 |   0.0000000000000000e+00 | 1
 18, 10 |   0.0000000000000000e+00 |   0.0000000000000000e+00 | 1
 18, 11 |   0.0000000000000000e+00 |   0.0000000000000000e+00 | 1
 18, 12 |   0.0000000000000000e+00 |   0.0000000000000000e+00 | 1
 18, 13 |   0.0000000000000000e+00 |   0.0000000000000000e+00 | 1
 18, 14 |   0.0000000000000000e+00 |   0.0000000000000000e+00 | 1
 18, 15 |   0.0000000000000000e+00 |   0.0000000000000000e+00 | 1
 18, 16 |   0.0000000000000000e+00 |   0.0000000000000000e+00 | 1
 18, 17 |   0.0000000000000000e+00 |   0.0000000000000000e+00 | 1
 18, 18 |   0.0000000000000000e+00 |   0.0000000000000000e+00 | 1
 18, 19 |   0.0000000000000000e+00 |   0.0000000000000000e+00 | 1
 18, 20 |   0.0000000000000000e+00 |   0.0000000000000000e+00 | 1
 18, 21 |   0.0000000000000000e+00 |   0.0000000000000000e+00 | 1
 18, 22 |   0.0000000000000000e+00 |   0.0000000000000000e+00 | 1
 18, 23 |   0.0000000000000000e+00 |   0.0000000000000000e+00 | 1
 18, 24 |   0.0000000000000000e+00 |   0.0000000000000000e+00 | 1
 18, 25 |   0.0000000000000000e+00 |   0.0000000000000000e+00 | 1
 18, 26 |   0.0000000000000000e+00 |   0.0000000000000000e+00 | 1
 18, 27 |   0.0000000000000000e+00 |   0.0000000000000000e+00 | 1
 18, 28 |   0.0000000000000000e+00 |   0.0000000000000000e+00 | 1
 18, 29 |   0.0000000000000000e+00 |   0.0000000000000000e+00 | 1
 18, 30 |   0.0000000000000000e+00 |   0.0000000000000000e+00 | 1
 18, 31 |   0.0000000000000000e+00 |   0.0000000000000000e+00 | 1
 18, 32 |   0.0000000000000000e+00 |   0.0000000000000000e+00 | 1
 18, 33 |   0.0000000000000000e+00 |   0.0000000000000000e+00 | 1
 18, 34 |   0.0000000000000000e+00 |   0.0000000000000000e+00 | 1
 18, 35 |   0.0000000000000000e+00 |   0.0000000000000000e+00 | 1
 18, 36 |   0.0000000000000000e+00 |   0.0000000000000000e+00 | 1
 18, 37 |   0.0000000000000000e+00 |   0.0000000000000000e+00 | 1
 18, 38 |   0.0000000000000000e+00 |   0.0000000000000000e+00 | 1
 18, 39 |   0.0000000000000000e+00 |   0.0000000000000000e+00 | 1
 18, 40 |   0.0000000000000000e+00 |   0.0000000000000000e+00 | 1
 18, 41 |   0.0000000000000000e+00 |   0.0000000000000000e+00 | 1
 18, 42 |   0.0000000000000000e+00 |   0.0000000000000000e+00 | 1
 18, 43 |   0.0000000000000000e+00 |   0.0000000000000000e+00 | 1
 18, 44 |   0.0000000000000000e+00 |   0.0000000000000000e+00 | 1
 19,  1 |   0.0000000000000000e+00 |   0.0000000000000000e+00 | 1
 19,  2 |   0.0000000000000000e+00 |   0.0000000000000000e+00 | 1
 19,  3 |   0.0000000000000000e+00 |   0.0000000000000000e+00 | 1
 19,  4 |   0.0000000000000000e+00 |   0.0000000000000000e+00 | 1
 19,  5 |   0.0000000000000000e+00 |   0.0000000000000000e+00 | 1
 19,  6 |   0.0000000000000000e+00 |   0.0000000000000000e+00 | 1
 19,  7 |   0.0000000000000000e+00 |   0.0000000000000000e+00 | 1
 19,  8 |   0.0000000000000000e+00 |   0.0000000000000000e+00 | 1
 19,  9 |   0.0000000000000000e+00 |   0.0000000000000000e+00 | 1
 19, 10 |   0.0000000000000000e+00 |   0.0000000000000000e+00 | 1
 19, 11 |   0.0000000000000000e+00 |   0.0000000000000000e+00 | 1
 19, 12 |   0.0000000000000000e+00 |   0.0000000000000000e+00 | 1
 19, 13 |   0.0000000000000000e+00 |   0.0000000000000000e+00 | 1
 19, 14 |   0.0000000000000000e+00 |   0.0000000000000000e+00 | 1
 19, 15 |   0.0000000000000000e+00 |   0.0000000000000000e+00 | 1
 19, 16 |   0.0000000000000000e+00 |   0.0000000000000000e+00 | 1
 19, 17 |   0.0000000000000000e+00 |   0.0000000000000000e+00 | 1
 19, 18 |   0.0000000000000000e+00 |   0.0000000000000000e+00 | 1
 19, 19 |   0.0000000000000000e+00 |   0.0000000000000000e+00 | 1
 19, 20 |   0.0000000000000000e+00 |   0.0000000000000000e+00 | 1
 19, 21 |   0.0000000000000000e+00 |   0.0000000000000000e+00 | 1
 19, 22 |   0.0000000000000000e+00 |   0.0000000000000000e+00 | 1
 19, 23 |   0.0000000000000000e+00 |   0.0000000000000000e+00 | 1
 19, 24 |   0.0000000000000000e+00 |   0.0000000000000000e+00 | 1
 19, 25 |   0.0000000000000000e+00 |   0.0000000000000000e+00 | 1
 19, 26 |   0.0000000000000000e+00 |   0.0000000000000000e+00 | 1
 19, 27 |   0.0000000000000000e+00 |   0.0000000000000000e+00 | 1
 19, 28 |   0.0000000000000000e+00 |   0.0000000000000000e+00 | 1
 19, 29 |   0.0000000000000000e+00 |   0.0000000000000000e+00 | 1
 19, 30 |   0.0000000000000000e+00 |   0.0000000000000000e+00 | 1
 19, 31 |   0.0000000000000000e+00 |   0.0000000000000000e+00 | 1
 19, 32 |   0.0000000000000000e+00 |   0.0000000000000000e+00 | 1
 19, 33 |   0.0000000000000000e+00 |   0.0000000000000000e+00 | 1
 19, 34 |   0.0000000000000000e+00 |   0.0000000000000000e+00 | 1
 19, 35 |   0.0000000000000000e+00 |   0.0000000000000000e+00 | 1
 19, 36 |   0.0000000000000000e+00 |   0.0000000000000000e+00 | 1
 19, 37 |   0.0000000000000000e+00 |   0.0000000000000000e+00 | 1
 19, 38 |   0.0000000000000000e+00 |   0.0000000000000000e+00 | 1
 19, 39 |   0.0000000000000000e+00 |   0.0000000000000000e+00 | 1
 19, 40 |   0.0000000000000000e+00 |   0.0000000000000000e+00 | 1
 19, 41 |   0.0000000000000000e+00 |   0.0000000000000000e+00 | 1
 19, 42 |   0.0000000000000000e+00 |   0.0000000000000000e+00 | 1
 19, 43 |   0.0000000000000000e+00 |   0.0000000000000000e+00 | 1
 19, 44 |   0.0000000000000000e+00 |   0.0000000000000000e+00 | 1
 20,  1 |   4.2715726989346337e-03 |   4.2715726989346337e-03 | 1
 20,  2 |   1.7802033739003544e-03 |   1.7802033739003544e-03 | 1
 20,  3 |   0.0000000000000000e+00 |   0.0000000000000000e+00 | 1
 20,  4 |   6.0270822252933287e-03 |   6.0270822252933287e-03 | 1
 20,  5 |   0.0000000000000000e+00 |   0.0000000000000000e+00 | 1
 20,  6 |   0.0000000000000000e+00 |   0.0000000000000000e+00 | 1
 20,  7 |   0.0000000000000000e+00 |   0.0000000000000000e+00 | 1
 20,  8 |   7.5675325289388763e-03 |   7.5675325289388763e-03 | 1
 20,  9 |   6.5514712091063951e-03 |   6.5514712091063951e-03 | 1
 20, 10 |   0.0000000000000000e+00 |   0.0000000000000000e+00 | 1
 20, 11 |   0.0000000000000000e+00 |   0.0000000000000000e+00 | 1
 20, 12 |   1.0555123804229193e-02 |   1.0555123804229193e-02 | 1
 20, 13 |   0.0000000000000000e+00 |   0.0000000000000000e+00 | 1
 20, 14 |   0.0000000000000000e+00 |   0.0000000000000000e+00 | 1
 20, 15 |   0.0000000000000000e+00 |   0.0000000000000000e+00 | 1
 20, 16 |   6.3417050843354583e-03 |   6.3417050843354583e-03 | 1
 20, 17 |   1.2940732146534655e-03 |   1.2940732146534655e-03 | 1
 20, 18 |   0.0000000000000000e+00 |   0.0000000000000000e+00 | 1
 20, 19 |   0.0000000000000000e+00 |   0.0000000000000000e+00 | 1
 20, 20 |   1.2959967536298852e-02 |   1.2959967536298852e-02 | 1
 20, 21 |   0.0000000000000000e+00 |   0.0000000000000000e+00 | 1
 20, 22 |   0.0000000000000000e+00 |   0.0000000000000000e+00 | 1
 20, 23 |   0.0000000000000000e+00 |   0.0000000000000000e+00 | 1
 20, 24 |   1.0399292690354299e-02 |   1.0399292690354299e-02 | 1
 20, 25 |   0.0000000000000000e+00 |   0.0000000000000000e+00 | 1
 20, 26 |   0.0000000000000000e+00 |   0.0000000000000000e+00 | 1
 20, 27 |   0.0000000000000000e+00 |   0.0000000000000000e+00 | 1
 20, 28 |   1.0934264226954451e-02 |   1.0934264226954451e-02 | 1
 20, 29 |   0.0000000000000000e+00 |   0.0000000000000000e+00 | 1
 20, 30 |   0.0000000000000000e+00 |   0.0000000000000000e+00 | 1
 20, 31 |   0.0000000000000000e+00 |   0.0000000000000000e+00 | 1
 20, 32 |  -1.2832229654672566e-03 |  -1.2832229654672566e-03 | 1
 20, 33 |   0.0000000000000000e+00 |   0.0000000000000000e+00 | 1
 20, 34 |   1.2011884500320577e-02 |   1.2011884500320577e-02 | 1
 20, 35 |  -1.1351351255513929e-03 |  -1.1351351255513929e-03 | 1
 20, 36 |  -1.7292852295224994e-03 |  -1.7292852295224994e-03 | 1
 20, 37 |  -1.3439135775063986e-03 |  -1.3439135775063986e-03 | 1
 20, 38 |  -2.1745545879535240e-03 |  -2.1745545879535240e-03 | 1
 20, 39 |  -2.9071801914687173e-04 |  -2.9071801914687173e-04 | 1
 20, 40 |  -2.9849317494391284e-08 |  -2.9849317494391284e-08 | 1
 20, 41 |  -1.5630290230625015e-04 |  -1.5630290230625015e-04 | 1
 20, 42 |   1.2908851688323776e-06 |   1.2908851688323776e-06 | 1
 20, 43 |   4.3807000073138071e-03 |   4.3807000073138071e-03 | 1
 20, 44 |   2.5313915650050679e-03 |   2.5313915650050679e-03 | 1
 21,  1 |   0.0000000000000000e+00 |   0.0000000000000000e+00 | 1
 21,  2 |   0.0000000000000000e+00 |   0.0000000000000000e+00 | 1
 21,  3 |   0.0000000000000000e+00 |   0.0000000000000000e+00 | 1
 21,  4 |   0.0000000000000000e+00 |   0.0000000000000000e+00 | 1
 21,  5 |   0.0000000000000000e+00 |   0.0000000000000000e+00 | 1
 21,  6 |   0.0000000000000000e+00 |   0.0000000000000000e+00 | 1
 21,  7 |   0.0000000000000000e+00 |   0.0000000000000000e+00 | 1
 21,  8 |   0.0000000000000000e+00 |   0.0000000000000000e+00 | 1
 21,  9 |   0.0000000000000000e+00 |   0.0000000000000000e+00 | 1
 21, 10 |   0.0000000000000000e+00 |   0.0000000000000000e+00 | 1
 21, 11 |   0.0000000000000000e+00 |   0.0000000000000000e+00 | 1
 21, 12 |   0.0000000000000000e+00 |   0.0000000000000000e+00 | 1
 21, 13 |   0.0000000000000000e+00 |   0.0000000000000000e+00 | 1
 21, 14 |   0.0000000000000000e+00 |   0.0000000000000000e+00 | 1
 21, 15 |   0.0000000000000000e+00 |   0.0000000000000000e+00 | 1
 21, 16 |   0.0000000000000000e+00 |   0.0000000000000000e+00 | 1
 21, 17 |   0.0000000000000000e+00 |   0.0000000000000000e+00 | 1
 21, 18 |   0.0000000000000000e+00 |   0.0000000000000000e+00 | 1
 21, 19 |   0.0000000000000000e+00 |   0.0000000000000000e+00 | 1
 21, 20 |   0.0000000000000000e+00 |   0.0000000000000000e+00 | 1
 21, 21 |   0.0000000000000000e+00 |   0.0000000000000000e+00 | 1
 21, 22 |   0.0000000000000000e+00 |   0.0000000000000000e+00 | 1
 21, 23 |   0.0000000000000000e+00 |   0.0000000000000000e+00 | 1
 21, 24 |   0.0000000000000000e+00 |   0.0000000000000000e+00 | 1
 21, 25 |   0.0000000000000000e+00 |   0.0000000000000000e+00 | 1
 21, 26 |   0.0000000000000000e+00 |   0.0000000000000000e+00 | 1
 21, 27 |   0.0000000000000000e+00 |   0.0000000000000000e+00 | 1
 21, 28 |   0.0000000000000000e+00 |   0.0000000000000000e+00 | 1
 21, 29 |   0.0000000000000000e+00 |   0.0000000000000000e+00 | 1
 21, 30 |   0.0000000000000000e+00 |   0.0000000000000000e+00 | 1
 21, 31 |   0.0000000000000000e+00 |   0.0000000000000000e+00 | 1
 21, 32 |   0.0000000000000000e+00 |   0.0000000000000000e+00 | 1
 21, 33 |   0.0000000000000000e+00 |   0.0000000000000000e+00 | 1
 21, 34 |   0.0000000000000000e+00 |   0.0000000000000000e+00 | 1
 21, 35 |   0.0000000000000000e+00 |   0.0000000000000000e+00 | 1
 21, 36 |   0.0000000000000000e+00 |   0.0000000000000000e+00 | 1
 21, 37 |   0.0000000000000000e+00 |   0.0000000000000000e+00 | 1
 21, 38 |   0.0000000000000000e+00 |   0.0000000000000000e+00 | 1
 21, 39 |   0.0000000000000000e+00 |   0.0000000000000000e+00 | 1
 21, 40 |   0.0000000000000000e+00 |   0.0000000000000000e+00 | 1
 21, 41 |   0.0000000000000000e+00 |   0.0000000000000000e+00 | 1
 21, 42 |   0.0000000000000000e+00 |   0.0000000000000000e+00 | 1
 21, 43 |   0.0000000000000000e+00 |   0.0000000000000000e+00 | 1
 21, 44 |   0.0000000000000000e+00 |   0.0000000000000000e+00 | 1
 22,  1 |   0.0000000000000000e+00 |   0.0000000000000000e+00 | 1
 22,  2 |   0.0000000000000000e+00 |   0.0000000000000000e+00 | 1
 22,  3 |   0.0000000000000000e+00 |   0.0000000000000000e+00 | 1
 22,  4 |   0.0000000000000000e+00 |   0.0000000000000000e+00 | 1
 22,  5 |   0.0000000000000000e+00 |   0.0000000000000000e+00 | 1
 22,  6 |   0.0000000000000000e+00 |   0.0000000000000000e+00 | 1
 22,  7 |   0.0000000000000000e+00 |   0.0000000000000000e+00 | 1
 22,  8 |   0.0000000000000000e+00 |   0.0000000000000000e+00 | 1
 22,  9 |   0.0000000000000000e+00 |   0.0000000000000000e+00 | 1
 22, 10 |   0.0000000000000000e+00 |   0.0000000000000000e+00 | 1
 22, 11 |   0.0000000000000000e+00 |   0.0000000000000000e+00 | 1
 22, 12 |   0.0000000000000000e+00 |   0.0000000000000000e+00 | 1
 22, 13 |   0.0000000000000000e+00 |   0.0000000000000000e+00 | 1
 22, 14 |   0.0000000000000000e+00 |   0.0000000000000000e+00 | 1
 22, 15 |   0.0000000000000000e+00 |   0.0000000000000000e+00 | 1
 22, 16 |   0.0000000000000000e+00 |   0.0000000000000000e+00 | 1
 22, 17 |   0.0000000000000000e+00 |   0.0000000000000000e+00 | 1
 22, 18 |   0.0000000000000000e+00 |   0.0000000000000000e+00 | 1
 22, 19 |   0.0000000000000000e+00 |   0.0000000000000000e+00 | 1
 22, 20 |   0.0000000000000000e+00 |   0.0000000000000000e+00 | 1
 22, 21 |   0.0000000000000000e+00 |   0.0000000000000000e+00 | 1
 22, 22 |   0.0000000000000000e+00 |   0.0000000000000000e+00 | 1
 22, 23 |   0.0000000000000000e+00 |   0.0000000000000000e+00 | 1
 22, 24 |   0.0000000000000000e+00 |   0.0000000000000000e+00 | 1
 22, 25 |   0.0000000000000000e+00 |   0.0000000000000000e+00 | 1
 22, 26 |   0.0000000000000000e+00 |   0.0000000000000000e+00 | 1
 22, 27 |   0.0000000000000000e+00 |   0.0000000000000000e+00 | 1
 22, 28 |   0.0000000000000000e+00 |   0.0000000000000000e+00 | 1
 22, 29 |   0.0000000000000000e+00 |   0.0000000000000000e+00 | 1
 22, 30 |   0.0000000000000000e+00 |   0.0000000000000000e+00 | 1
 22, 31 |   0.0000000000000000e+00 |   0.0000000000000000e+00 | 1
 22, 32 |   0.0000000000000000e+00 |   0.0000000000000000e+00 | 1
 22, 33 |   0.0000000000000000e+00 |   0.0000000000000000e+00 | 1
 22, 34 |   0.0000000000000000e+00 |   0.0000000000000000e+00 | 1
 22, 35 |   0.0000000000000000e+00 |   0.0000000000000000e+00 | 1
 22, 36 |   0.0000000000000000e+00 |   0.0000000000000000e+00 | 1
 22, 37 |   0.0000000000000000e+00 |   0.0000000000000000e+00 | 1
 22, 38 |   0.0000000000000000e+00 |   0.0000000000000000e+00 | 1
 22, 39 |   0.0000000000000000e+00 |   0.0000000000000000e+00 | 1
 22, 40 |   0.0000000000000000e+00 |   0.0000000000000000e+00 | 1
 22, 41 |   0.0000000000000000e+00 |   0.0000000000000000e+00 | 1
 22, 42 |   0.0000000000000000e+00 |   0.0000000000000000e+00 | 1
 22, 43 |   0.0000000000000000e+00 |   0.0000000000000000e+00 | 1
 22, 44 |   0.0000000000000000e+00 |   0.0000000000000000e+00 | 1
 23,  1 |   0.0000000000000000e+00 |   0.0000000000000000e+00 | 1
 23,  2 |   0.0000000000000000e+00 |   0.0000000000000000e+00 | 1
 23,  3 |   0.0000000000000000e+00 |   0.0000000000000000e+00 | 1
 23,  4 |   0.0000000000000000e+00 |   0.0000000000000000e+00 | 1
 23,  5 |   0.0000000000000000e+00 |   0.0000000000000000e+00 | 1
 23,  6 |   0.0000000000000000e+00 |   0.0000000000000000e+00 | 1
 23,  7 |   0.0000000000000000e+00 |   0.0000000000000000e+00 | 1
 23,  8 |   0.0000000000000000e+00 |   0.0000000000000000e+00 | 1
 23,  9 |   0.0000000000000000e+00 |   0.0000000000000000e+00 | 1
 23, 10 |   0.0000000000000000e+00 |   0.0000000000000000e+00 | 1
 23, 11 |   0.0000000000000000e+00 |   0.0000000000000000e+00 | 1
 23, 12 |   0.0000000000000000e+00 |   0.0000000000000000e+00 | 1
 23, 13 |   0.0000000000000000e+00 |   0.0000000000000000e+00 | 1
 23, 14 |   0.0000000000000000e+00 |   0.0000000000000000e+00 | 1
 23, 15 |   0.0000000000000000e+00 |   0.0000000000000000e+00 | 1
 23, 16 |   0.0000000000000000e+00 |   0.0000000000000000e+00 | 1
 23, 17 |   0.0000000000000000e+00 |   0.0000000000000000e+00 | 1
 23, 18 |   0.0000000000000000e+00 |   0.0000000000000000e+00 | 1
 23, 19 |   0.0000000000000000e+00 |   0.0000000000000000e+00 | 1
 23, 20 |   0.0000000000000000e+00 |   0.0000000000000000e+00 | 1
 23, 21 |   0.0000000000000000e+00 |   0.0000000000000000e+00 | 1
 23, 22 |   0.0000000000000000e+00 |   0.0000000000000000e+00 | 1
 23, 23 |   0.0000000000000000e+00 |   0.0000000000000000e+00 | 1
 23, 24 |   0.0000000000000000e+00 |   0.0000000000000000e+00 | 1
 23, 25 |   0.0000000000000000e+00 |   0.0000000000000000e+00 | 1
 23, 26 |   0.0000000000000000e+00 |   0.0000000000000000e+00 | 1
 23, 27 |   0.0000000000000000e+00 |   0.0000000000000000e+00 | 1
 23, 28 |   0.0000000000000000e+00 |   0.0000000000000000e+00 | 1
 23, 29 |   0.0000000000000000e+00 |   0.0000000000000000e+00 | 1
 23, 30 |   0.0000000000000000e+00 |   0.0000000000000000e+00 | 1
 23, 31 |   0.0000000000000000e+00 |   0.0000000000000000e+00 | 1
 23, 32 |   0.0000000000000000e+00 |   0.0000000000000000e+00 | 1
 23, 33 |   0.0000000000000000e+00 |   0.0000000000000000e+00 | 1
 23, 34 |   0.0000000000000000e+00 |   0.0000000000000000e+00 | 1
 23, 35 |   0.0000000000000000e+00 |   0.0000000000000000e+00 | 1
 23, 36 |   0.0000000000000000e+00 |   0.0000000000000000e+00 | 1
 23, 37 |   0.0000000000000000e+00 |   0.0000000000000000e+00 | 1
 23, 38 |   0.0000000000000000e+00 |   0.0000000000000000e+00 | 1
 23, 39 |   0.0000000000000000e+00 |   0.0000000000000000e+00 | 1
 23, 40 |   0.0000000000000000e+00 |   0.0000000000000000e+00 | 1
 23, 41 |   0.0000000000000000e+00 |   0.0000000000000000e+00 | 1
 23, 42 |   0.0000000000000000e+00 |   0.0000000000000000e+00 | 1
 23, 43 |   0.0000000000000000e+00 |   0.0000000000000000e+00 | 1
 23, 44 |   0.0000000000000000e+00 |   0.0000000000000000e+00 | 1
 24,  1 |   5.2763523027553067e-03 |   5.2763523027553067e-03 | 1
 24,  2 |   4.3439024676889572e-03 |   4.3439024676889572e-03 | 1
 24,  3 |   0.0000000000000000e+00 |   0.0000000000000000e+00 | 1
 24,  4 |   5.4487379955762121e-03 |   5.4487379955762121e-03 | 1
 24,  5 |   0.0000000000000000e+00 |   0.0000000000000000e+00 | 1
 24,  6 |   0.0000000000000000e+00 |   0.0000000000000000e+00 | 1
 24,  7 |   0.0000000000000000e+00 |   0.0000000000000000e+00 | 1
 24,  8 |   9.1927327251161393e-03 |   9.1927327251161393e-03 | 1
 24,  9 |   8.8106615369604561e-03 |   8.8106615369604561e-03 | 1
 24, 10 |   0.0000000000000000e+00 |   0.0000000000000000e+00 | 1
 24, 11 |   0.0000000000000000e+00 |   0.0000000000000000e+00 | 1
 24, 12 |   6.3216853112712705e-03 |   6.3216853112712705e-03 | 1
 24, 13 |   0.0000000000000000e+00 |   0.0000000000000000e+00 | 1
 24, 14 |   0.0000000000000000e+00 |   0.0000000000000000e+00 | 1
 24, 15 |   0.0000000000000000e+00 |   0.0000000000000000e+00 | 1
 24, 16 |   7.9278954313860475e-03 |   7.9278954313860475e-03 | 1
 24, 17 |   4.4443673002104505e-03 |   4.4443673002104505e-03 | 1
 24, 18 |   0.0000000000000000e+00 |   0.0000000000000000e+00 | 1
 24, 19 |   0.0000000000000000e+00 |   0.0000000000000000e+00 | 1
 24, 20 |   1.0399292690354299e-02 |   1.0399292690354299e-02 | 1
 24, 21 |   0.0000000000000000e+00 |   0.0000000000000000e+00 | 1
 24, 22 |   0.0000000000000000e+00 |   0.0000000000000000e+00 | 1
 24, 23 |   0.0000000000000000e+00 |   0.0000000000000000e+00 | 1
 24, 24 |   2.2937551882940020e-02 |   2.2937551882940020e-02 | 1
 24, 25 |   0.0000000000000000e+00 |   0.0000000000000000e+00 | 1
 24, 26 |   0.0000000000000000e+00 |   0.0000000000000000e+00 | 1
 24, 27 |   0.0000000000000000e+00 |   0.0000000000000000e+00 | 1
 24, 28 |   1.2426362616308364e-02 |   1.2426362616308364e-02 | 1
 24, 29 |   0.0000000000000000e+00 |   0.0000000000000000e+00 | 1
 24, 30 |   0.0000000000000000e+00 |   0.0000000000000000e+00 | 1
 24, 31 |   0.0000000000000000e+00 |   0.0000000000000000e+00 | 1
 24, 32 |  -1.7519577776339270e-03 |  -1.7519577776339270e-03 | 1
 24, 33 |   0.0000000000000000e+00 |   0.0000000000000000e+00 | 1
 24, 34 |   1.7270563824306841e-02 |   1.7270563824306841e-02 | 1
 24, 35 |  -3.3128513855123797e-03 |  -3.3128513855123797e-03 | 1
 24, 36 |  -3.9114920352322918e-03 |  -3.9114920352322918e-03 | 1
 24, 37 |  -4.5055208720370266e-03 |  -4.5055208720370266e-03 | 1
 24, 38 |  -5.4316517183592332e-03 |  -5.4316517183592332e-03 | 1
 24, 39 |  -3.1715170956132669e-04 |  -3.1715170956132669e-04 | 1
 24, 40 |  -1.1469816552894297e-07 |  -1.1469816552894297e-07 | 1
 24, 41 |   1.1799307757139743e-04 |   1.1799307757139743e-04 | 1
 24, 42 |  -1.7296460546297033e-05 |  -1.7296460546297033e-05 | 1
 24, 43 |   5.7147359740631117e-03 |   5.7147359740631117e-03 | 1
 24, 44 |   6.3781552250736888e-03 |   6.3781552250736888e-03 | 1
 25,  1 |   0.0000000000000000e+00 |   0.0000000000000000e+00 | 1
 25,  2 |   0.0000000000000000e+00 |   0.0000000000000000e+00 | 1
 25,  3 |   0.0000000000000000e+00 |   0.0000000000000000e+00 | 1
 25,  4 |   0.0000000000000000e+00 |   0.0000000000000000e+00 | 1
 25,  5 |   0.0000000000000000e+00 |   0.0000000000000000e+00 | 1
 25,  6 |   0.0000000000000000e+00 |   0.0000000000000000e+00 | 1
 25,  7 |   0.0000000000000000e+00 |   0.0000000000000000e+00 | 1
 25,  8 |   0.0000000000000000e+00 |   0.0000000000000000e+00 | 1
 25,  9 |   0.0000000000000000e+00 |   0.0000000000000000e+00 | 1
 25, 10 |   0.0000000000000000e+00 |   0.0000000000000000e+00 | 1
 25, 11 |   0.0000000000000000e+00 |   0.0000000000000000e+00 | 1
 25, 12 |   0.0000000000000000e+00 |   0.0000000000000000e+00 | 1
 25, 13 |   0.0000000000000000e+00 |   0.0000000000000000e+00 | 1
 25, 14 |   0.0000000000000000e+00 |   0.0000000000000000e+00 | 1
 25, 15 |   0.0000000000000000e+00 |   0.0000000000000000e+00 | 1
 25, 16 |   0.0000000000000000e+00 |   0.0000000000000000e+00 | 1
 25, 17 |   0.0000000000000000e+00 |   0.0000000000000000e+00 | 1
 25, 18 |   0.0000000000000000e+00 |   0.0000000000000000e+00 | 1
 25, 19 |   0.0000000000000000e+00 |   0.0000000000000000e+00 | 1
 25, 20 |   0.0000000000000000e+00 |   0.0000000000000000e+00 | 1
 25, 21 |   0.0000000000000000e+00 |   0.0000000000000000e+00 | 1
 25, 22 |   0.0000000000000000e+00 |   0.0000000000000000e+00 | 1
 25, 23 |   0.0000000000000000e+00 |   0.0000000000000000e+00 | 1
 25, 24 |   0.0000000000000000e+00 |   0.0000000000000000e+00 | 1
 25, 25 |   0.0000000000000000e+00 |   0.0000000000000000e+00 | 1
 25, 26 |   0.0000000000000000e+00 |   0.0000000000000000e+00 | 1
 25, 27 |   0.0000000000000000e+00 |   0.0000000000000000e+00 | 1
 25, 28 |   0.0000000000000000e+00 |   0.0000000000000000e+00 | 1
 25, 29 |   0.0000000000000000e+00 |   0.0000000000000000e+00 | 1
 25, 30 |   0.0000000000000000e+00 |   0.0000000000000000e+00 | 1
 25, 31 |   0.0000000000000000e+00 |   0.0000000000000000e+00 | 1
 25, 32 |   0.0000000000000000e+00 |   0.0000000000000000e+00 | 1
 25, 33 |   0.0000000000000000e+00 |   0.0000000000000000e+00 | 1
 25, 34 |   0.0000000000000000e+00 |   0.0000000000000000e+00 | 1
 25, 35 |   0.0000000000000000e+00 |   0.0000000000000000e+00 | 1
 25, 36 |   0.0000000000000000e+00 |   0.0000000000000000e+00 | 1
 25, 37 |   0.0000000000000000e+00 |   0.0000000000000000e+00 | 1
 25, 38 |   0.0000000000000000e+00 |   0.0000000000000000e+00 | 1
 25, 39 |   0.0000000000000000e+00 |   0.0000000000000000e+00 | 1
 25, 40 |   0.0000000000000000e+00 |   0.0000000000000000e+00 | 1
 25, 41 |   0.0000000000000000e+00 |   0.0000000000000000e+00 | 1
 25, 42 |   0.0000000000000000e+00 |   0.0000000000000000e+00 | 1
 25, 43 |   0.0000000000000000e+00 |   0.0000000000000000e+00 | 1
 25, 44 |   0.0000000000000000e+00 |   0.0000000000000000e+00 | 1
 26,  1 |   0.0000000000000000e+00 |   0.0000000000000000e+00 | 1
 26,  2 |   0.0000000000000000e+00 |   0.0000000000000000e+00 | 1
 26,  3 |   0.0000000000000000e+00 |   0.0000000000000000e+00 | 1
 26,  4 |   0.0000000000000000e+00 |   0.0000000000000000e+00 | 1
 26,  5 |   0.0000000000000000e+00 |   0.0000000000000000e+00 | 1
 26,  6 |   0.0000000000000000e+00 |   0.0000000000000000e+00 | 1
 26,  7 |   0.0000000000000000e+00 |   0.0000000000000000e+00 | 1
 26,  8 |   0.0000000000000000e+00 |   0.0000000000000000e+00 | 1
 26,  9 |   0.0000000000000000e+00 |   0.0000000000000000e+00 | 1
 26, 10 |   0.0000000000000000e+00 |   0.0000000000000000e+00 | 1
 26, 11 |   0.0000000000000000e+00 |   0.0000000000000000e+00 | 1
 26, 12 |   0.0000000000000000e+00 |   0.0000000000000000e+00 | 1
 26, 13 |   0.0000000000000000e+00 |   0.0000000000000000e+00 | 1
 26, 14 |   0.0000000000000000e+00 |   0.0000000000000000e+00 | 1
 26, 15 |   0.0000000000000000e+00 |   0.0000000000000000e+00 | 1
 26, 16 |   0.0000000000000000e+00 |   0.0000000000000000e+00 | 1
 26, 17 |   0.0000000000000000e+00 |   0.0000000000000000e+00 | 1
 26, 18 |   0.0000000000000000e+00 |   0.0000000000000000e+00 | 1
 26, 19 |   0.0000000000000000e+00 |   0.0000000000000000e+00 | 1
 26, 20 |   0.0000000000000000e+00 |   0.0000000000000000e+00 | 1
 26, 21 |   0.0000000000000000e+00 |   0.0000000000000000e+00 | 1
 26, 22 |   0.0000000000000000e+00 |   0.0000000000000000e+00 | 1
 26, 23 |   0.0000000000000000e+00 |   0.0000000000000000e+00 | 1
 26, 24 |   0.0000000000000000e+00 |   0.0000000000000000e+00 | 1
 26, 25 |   0.0000000000000000e+00 |   0.0000000000000000e+00 | 1
 26, 26 |   0.0000000000000000e+00 |   0.0000000000000000e+00 | 1
 26, 27 |   0.0000000000000000e+00 |   0.0000000000000000e+00 | 1
 26, 28 |   0.0000000000000000e+00 |   0.0000000000000000e+00 | 1
 26, 29 |   0.0000000000000000e+00 |   0.0000000000000000e+00 | 1
 26, 30 |   0.0000000000000000e+00 |   0.0000000000000000e+00 | 1
 26, 31 |   0.0000000000000000e+00 |   0.0000000000000000e+00 | 1
 26, 32 |   0.0000000000000000e+00 |   0.0000000000000000e+00 | 1
 26, 33 |   0.0000000000000000e+00 |   0.0000000000000000e+00 | 1
 26, 34 |   0.0000000000000000e+00 |   0.0000000000000000e+00 | 1
 26, 35 |   0.0000000000000000e+00 |   0.0000000000000000e+00 | 1
 26, 36 |   0.0000000000000000e+00 |   0.0000000000000000e+00 | 1
 26, 37 |   0.0000000000000000e+00 |   0.0000000000000000e+00 | 1
 26, 38 |   0.0000000000000000e+00 |   0.0000000000000000e+00 | 1
 26, 39 |   0.0000000000000000e+00 |   0.0000000000000000e+00 | 1
 26, 40 |   0.0000000000000000e+00 |   0.0000000000000000e+00 | 1
 26, 41 |   0.0000000000000000e+00 |   0.0000000000000000e+00 | 1
 26, 42 |   0.0000000000000000e+00 |   0.0000000000000000e+00 | 1
 26, 43 |   0.0000000000000000e+00 |   0.0000000000000000e+00 | 1
 26, 44 |   0.0000000000000000e+00 |   0.0000000000000000e+00 | 1
 27,  1 |   0.0000000000000000e+00 |   0.0000000000000000e+00 | 1
 27,  2 |   0.0000000000000000e+00 |   0.0000000000000000e+00 | 1
 27,  3 |   0.0000000000000000e+00 |   0.0000000000000000e+00 | 1
 27,  4 |   0.0000000000000000e+00 |   0.0000000000000000e+00 | 1
 27,  5 |   0.0000000000000000e+00 |   0.0000000000000000e+00 | 1
 27,  6 |   0.0000000000000000e+00 |   0.0000000000000000e+00 | 1
 27,  7 |   0.0000000000000000e+00 |   0.0000000000000000e+00 | 1
 27,  8 |   0.0000000000000000e+00 |   0.0000000000000000e+00 | 1
 27,  9 |   0.0000000000000000e+00 |   0.0000000000000000e+00 | 1
 27, 10 |   0.0000000000000000e+00 |   0.0000000000000000e+00 | 1
 27, 11 |   0.0000000000000000e+00 |   0.0000000000000000e+00 | 1
 27, 12 |   0.0000000000000000e+00 |   0.0000000000000000e+00 | 1
 27, 13 |   0.0000000000000000e+00 |   0.0000000000000000e+00 | 1
 27, 14 |   0.0000000000000000e+00 |   0.0000000000000000e+00 | 1
 27, 15 |   0.0000000000000000e+00 |   0.0000000000000000e+00 | 1
 27, 16 |   0.0000000000000000e+00 |   0.0000000000000000e+00 | 1
 27, 17 |   0.0000000000000000e+00 |   0.0000000000000000e+00 | 1
 27, 18 |   0.0000000000000000e+00 |   0.0000000000000000e+00 | 1
 27, 19 |   0.0000000000000000e+00 |   0.0000000000000000e+00 | 1
 27, 20 |   0.0000000000000000e+00 |   0.0000000000000000e+00 | 1
 27, 21 |   0.0000000000000000e+00 |   0.0000000000000000e+00 | 1
 27, 22 |   0.0000000000000000e+00 |   0.0000000000000000e+00 | 1
 27, 23 |   0.0000000000000000e+00 |   0.0000000000000000e+00 | 1
 27, 24 |   0.0000000000000000e+00 |   0.0000000000000000e+00 | 1
 27, 25 |   0.0000000000000000e+00 |   0.0000000000000000e+00 | 1
 27, 26 |   0.0000000000000000e+00 |   0.0000000000000000e+00 | 1
 27, 27 |   0.0000000000000000e+00 |   0.0000000000000000e+00 | 1
 27, 28 |   0.0000000000000000e+00 |   0.0000000000000000e+00 | 1
 27, 29 |   0.0000000000000000e+00 |   0.0000000000000000e+00 | 1
 27, 30 |   0.0000000000000000e+00 |   0.0000000000000000e+00 | 1
 27, 31 |   0.0000000000000000e+00 |   0.0000000000000000e+00 | 1
 27, 32 |   0.0000000000000000e+00 |   0.0000000000000000e+00 | 1
 27, 33 |   0.0000000000000000e+00 |   0.0000000000000000e+00 | 1
 27, 34 |   0.0000000000000000e+00 |   0.0000000000000000e+00 | 1
 27, 35 |   0.0000000000000000e+00 |   0.0000000000000000e+00 | 1
 27, 36 |   0.0000000000000000e+00 |   0.0000000000000000e+00 | 1
 27, 37 |   0.0000000000000000e+00 |   0.0000000000000000e+00 | 1
 27, 38 |   0.0000000000000000e+00 |   0.0000000000000000e+00 | 1
 27, 39 |   0.0000000000000000e+00 |   0.0000000000000000e+00 | 1
 27, 40 |   0.0000000000000000e+00 |   0.0000000000000000e+00 | 1
 27, 41 |   0.0000000000000000e+00 |   0.0000000000000000e+00 | 1
 27, 42 |   0.0000000000000000e+00 |   0.0000000000000000e+00 | 1
 27, 43 |   0.0000000000000000e+00 |   0.0000000000000000e+00 | 1
 27, 44 |   0.0000000000000000e+00 |   0.0000000000000000e+00 | 1
 28,  1 |   4.2602698323340365e-03 |   4.2602698323340365e-03 | 1
 28,  2 |   1.5360771722596920e-03 |   1.5360771722596920e-03 | 1
 28,  3 |   0.0000000000000000e+00 |   0.0000000000000000e+00 | 1
 28,  4 |   4.6937783847691254e-03 |   4.6937783847691254e-03 | 1
 28,  5 |   0.0000000000000000e+00 |   0.0000000000000000e+00 | 1
 28,  6 |   0.0000000000000000e+00 |   0.0000000000000000e+00 | 1
 28,  7 |   0.0000000000000000e+00 |   0.0000000000000000e+00 | 1
 28,  8 |   8.4147789893846015e-03 |   8.4147789893846015e-03 | 1
 28,  9 |   1.0129065393911431e-02 |   1.0129065393911431e-02 | 1
 28, 10 |   0.0000000000000000e+00 |   0.0000000000000000e+00 | 1
 28, 11 |   0.0000000000000000e+00 |   0.0000000000000000e+00 | 1
 28, 12 |   8.6660175111949039e-03 |   8.6660175111949039e-03 | 1
 28, 13 |   0.0000000000000000e+00 |   0.0000000000000000e+00 | 1
 28, 14 |   0.0000000000000000e+00 |   0.0000000000000000e+00 | 1
 28, 15 |   0.0000000000000000e+00 |   0.0000000000000000e+00 | 1
 28, 16 |   8.9006211848787799e-03 |   8.9006211848787799e-03 | 1
 28, 17 |   1.8091139349905683e-03 |   1.8091139349905683e-03 | 1
 28, 18 |   0.0000000000000000e+00 |   0.0000000000000000e+00 | 1
 28, 19 |   0.0000000000000000e+00 |   0.0000000000000000e+00 | 1
 28, 20 |   1.0934264226954451e-02 |   1.0934264226954451e-02 | 1
 28, 21 |   0.0000000000000000e+00 |   0.0000000000000000e+00 | 1
 28, 22 |   0.0000000000000000e+00 |   0.0000000000000000e+00 | 1
 28, 23 |   0.0000000000000000e+00 |   0.0000000000000000e+00 | 1
 28, 24 |   1.2426362616308364e-02 |   1.2426362616308364e-02 | 1
 28, 25 |   0.0000000000000000e+00 |   0.0000000000000000e+00 | 1
 28, 26 |   0.0000000000000000e+00 |   0.0000000000000000e+00 | 1
 28, 27 |   0.0000000000000000e+00 |   0.0000000000000000e+00 | 1
 28, 28 |   1.5911590319894409e-02 |   1.5911590319894409e-02 | 1
 28, 29 |   0.0000000000000000e+00 |   0.0000000000000000e+00 | 1
 28, 30 |   0.0000000000000000e+00 |   0.0000000000000000e+00 | 1
 28, 31 |   0.0000000000000000e+00 |   0.0000000000000000e+00 | 1
 28, 32 |  -1.4649382290829824e-03 |  -1.4649382290829824e-03 | 1
 28, 33 |   0.0000000000000000e+00 |   0.0000000000000000e+00 | 1
 28, 34 |   1.3238680144927002e-02 |   1.3238680144927002e-02 | 1
 28, 35 |  -9.5932724405031105e-04 |  -9.5932724405031105e-04 | 1
 28, 36 |  -1.3708400011938850e-03 |  -1.3708400011938850e-03 | 1
 28, 37 |  -1.0266583972253036e-03 |  -1.0266583972253036e-03 | 1
 28, 38 |  -1.5498970353502188e-03 |  -1.5498970353502188e-03 | 1
 28, 39 |  -2.4136796851556694e-04 |  -2.4136796851556694e-04 | 1
 28, 40 |  -1.1646770032238355e-07 |  -1.1646770032238355e-07 | 1
 28, 41 |  -2.9663918908428807e-04 |  -2.9663918908428807e-04 | 1
 28, 42 |   8.4523804356249816e-06 |   8.4523804356249816e-06 | 1
 28, 43 |   4.3749571053633800e-03 |   4.3749571053633800e-03 | 1
 28, 44 |   2.4029429334567172e-03 |   2.4029429334567172e-03 | 1
 29,  1 |   0.0000000000000000e+00 |   0.0000000000000000e+00 | 1
 29,  2 |   0.0000000000000000e+00 |   0.0000000000000000e+00 | 1
 29,  3 |   0.0000000000000000e+00 |   0.0000000000000000e+00 | 1
 29,  4 |   0.0000000000000000e+00 |   0.0000000000000000e+00 | 1
 29,  5 |   0.0000000000000000e+00 |   0.0000000000000000e+00 | 1
 29,  6 |   0.0000000000000000e+00 |   0.0000000000000000e+00 | 1
 29,  7 |   0.0000000000000000e+00 |   0.0000000000000000e+00 | 1
 29,  8 |   0.0000000000000000e+00 |   0.0000000000000000e+00 | 1
 29,  9 |   0.0000000000000000e+00 |   0.0000000000000000e+00 | 1
 29, 10 |   0.0000000000000000e+00 |   0.0000000000000000e+00 | 1
 29, 11 |   0.0000000000000000e+00 |   0.0000000000000000e+00 | 1
 29, 12 |   0.0000000000000000e+00 |   0.0000000000000000e+00 | 1
 29, 13 |   0.0000000000000000e+00 |   0.0000000000000000e+00 | 1
 29, 14 |   0.0000000000000000e+00 |   0.0000000000000000e+00 | 1
 29, 15 |   0.0000000000000000e+00 |   0.0000000000000000e+00 | 1
 29, 16 |   0.0000000000000000e+00 |   0.0000000000000000e+00 | 1
 29, 17 |   0.0000000000000000e+00 |   0.0000000000000000e+00 | 1
 29, 18 |   0.0000000000000000e+00 |   0.0000000000000000e+00 | 1
 29, 19 |   0.0000000000000000e+00 |   0.0000000000000000e+00 | 1
 29, 20 |   0.0000000000000000e+00 |   0.0000000000000000e+00 | 1
 29, 21 |   0.0000000000000000e+00 |   0.0000000000000000e+00 | 1
 29, 22 |   0.0000000000000000e+00 |   0.0000000000000000e+00 | 1
 29, 23 |   0.0000000000000000e+00 |   0.0000000000000000e+00 | 1
 29, 24 |   0.0000000000000000e+00 |   0.0000000000000000e+00 | 1
 29, 25 |   0.0000000000000000e+00 |   0.0000000000000000e+00 | 1
 29, 26 |   0.0000000000000000e+00 |   0.0000000000000000e+00 | 1
 29, 27 |   0.0000000000000000e+00 |   0.0000000000000000e+00 | 1
 29, 28 |   0.0000000000000000e+00 |   0.0000000000000000e+00 | 1
 29, 29 |   0.0000000000000000e+00 |   0.0000000000000000e+00 | 1
 29, 30 |   0.0000000000000000e+00 |   0.0000000000000000e+00 | 1
 29, 31 |   0.0000000000000000e+00 |   0.0000000000000000e+00 | 1
 29, 32 |   0.0000000000000000e+00 |   0.0000000000000000e+00 | 1
 29, 33 |   0.0000000000000000e+00 |   0.0000000000000000e+00 | 1
 29, 34 |   0.0000000000000000e+00 |   0.0000000000000000e+00 | 1
 29, 35 |   0.0000000000000000e+00 |   0.0000000000000000e+00 | 1
 29, 36 |   0.0000000000000000e+00 |   0.0000000000000000e+00 | 1
 29, 37 |   0.0000000000000000e+00 |   0.0000000000000000e+00 | 1
 29, 38 |   0.0000000000000000e+00 |   0.0000000000000000e+00 | 1
 29, 39 |   0.0000000000000000e+00 |   0.0000000000000000e+00 | 1
 29, 40 |   0.0000000000000000e+00 |   0.0000000000000000e+00 | 1
 29, 41 |   0.0000000000000000e+00 |   0.0000000000000000e+00 | 1
 29, 42 |   0.0000000000000000e+00 |   0.0000000000000000e+00 | 1
 29, 43 |   0.0000000000000000e+00 |   0.0000000000000000e+00 | 1
 29, 44 |   0.0000000000000000e+00 |   0.0000000000000000e+00 | 1
 30,  1 |   0.0000000000000000e+00 |   0.0000000000000000e+00 | 1
 30,  2 |   0.0000000000000000e+00 |   0.0000000000000000e+00 | 1
 30,  3 |   0.0000000000000000e+00 |   0.0000000000000000e+00 | 1
 30,  4 |   0.0000000000000000e+00 |   0.0000000000000000e+00 | 1
 30,  5 |   0.0000000000000000e+00 |   0.0000000000000000e+00 | 1
 30,  6 |   0.0000000000000000e+00 |   0.0000000000000000e+00 | 1
 30,  7 |   0.0000000000000000e+00 |   0.0000000000000000e+00 | 1
 30,  8 |   0.0000000000000000e+00 |   0.0000000000000000e+00 | 1
 30,  9 |   0.0000000000000000e+00 |   0.0000000000000000e+00 | 1
 30, 10 |   0.0000000000000000e+00 |   0.0000000000000000e+00 | 1
 30, 11 |   0.0000000000000000e+00 |   0.0000000000000000e+00 | 1
 30, 12 |   0.0000000000000000e+00 |   0.0000000000000000e+00 | 1
 30, 13 |   0.0000000000000000e+00 |   0.0000000000000000e+00 | 1
 30, 14 |   0.0000000000000000e+00 |   0.0000000000000000e+00 | 1
 30, 15 |   0.0000000000000000e+00 |   0.0000000000000000e+00 | 1
 30, 16 |   0.0000000000000000e+00 |   0.0000000000000000e+00 | 1
 30, 17 |   0.0000000000000000e+00 |   0.0000000000000000e+00 | 1
 30, 18 |   0.0000000000000000e+00 |   0.0000000000000000e+00 | 1
 30, 19 |   0.0000000000000000e+00 |   0.0000000000000000e+00 | 1
 30, 20 |   0.0000000000000000e+00 |   0.0000000000000000e+00 | 1
 30, 21 |   0.0000000000000000e+00 |   0.0000000000000000e+00 | 1
 30, 22 |   0.0000000000000000e+00 |   0.0000000000000000e+00 | 1
 30, 23 |   0.0000000000000000e+00 |   0.0000000000000000e+00 | 1
 30, 24 |   0.0000000000000000e+00 |   0.0000000000000000e+00 | 1
 30, 25 |   0.0000000000000000e+00 |   0.0000000000000000e+00 | 1
 30, 26 |   0.0000000000000000e+00 |   0.0000000000000000e+00 | 1
 30, 27 |   0.0000000000000000e+00 |   0.0000000000000000e+00 | 1
 30, 28 |   0.0000000000000000e+00 |   0.0000000000000000e+00 | 1
 30, 29 |   0.0000000000000000e+00 |   0.0000000000000000e+00 | 1
 30, 30 |   0.0000000000000000e+00 |   0.0000000000000000e+00 | 1
 30, 31 |   0.0000000000000000e+00 |   0.0000000000000000e+00 | 1
 30, 32 |   0.0000000000000000e+00 |   0.0000000000000000e+00 | 1
 30, 33 |   0.0000000000000000e+00 |   0.0000000000000000e+00 | 1
 30, 34 |   0.0000000000000000e+00 |   0.0000000000000000e+00 | 1
 30, 35 |   0.0000000000000000e+00 |   0.0000000000000000e+00 | 1
 30, 36 |   0.0000000000000000e+00 |   0.0000000000000000e+00 | 1
 30, 37 |   0.0000000000000000e+00 |   0.0000000000000000e+00 | 1
 30, 38 |   0.0000000000000000e+00 |   0.0000000000000000e+00 | 1
 30, 39 |   0.0000000000000000e+00 |   0.0000000000000000e+00 | 1
 30, 40 |   0.0000000000000000e+00 |   0.0000000000000000e+00 | 1
 30, 41 |   0.0000000000000000e+00 |   0.0000000000000000e+00 | 1
 30, 42 |   0.0000000000000000e+00 |   0.0000000000000000e+00 | 1
 30, 43 |   0.0000000000000000e+00 |   0.0000000000000000e+00 | 1
 30, 44 |   0.0000000000000000e+00 |   0.0000000000000000e+00 | 1
 31,  1 |   0.0000000000000000e+00 |   0.0000000000000000e+00 | 1
 31,  2 |   0.0000000000000000e+00 |   0.0000000000000000e+00 | 1
 31,  3 |   0.0000000000000000e+00 |   0.0000000000000000e+00 | 1
 31,  4 |   0.0000000000000000e+00 |   0.0000000000000000e+00 | 1
 31,  5 |   0.0000000000000000e+00 |   0.0000000000000000e+00 | 1
 31,  6 |   0.0000000000000000e+00 |   0.0000000000000000e+00 | 1
 31,  7 |   0.0000000000000000e+00 |   0.0000000000000000e+00 | 1
 31,  8 |   0.0000000000000000e+00 |   0.0000000000000000e+00 | 1
 31,  9 |   0.0000000000000000e+00 |   0.0000000000000000e+00 | 1
 31, 10 |   0.0000000000000000e+00 |   0.0000000000000000e+00 | 1
 31, 11 |   0.0000000000000000e+00 |   0.0000000000000000e+00 | 1
 31, 12 |   0.0000000000000000e+00 |   0.0000000000000000e+00 | 1
 31, 13 |   0.0000000000000000e+00 |   0.0000000000000000e+00 | 1
 31, 14 |   0.0000000000000000e+00 |   0.0000000000000000e+00 | 1
 31, 15 |   0.0000000000000000e+00 |   0.0000000000000000e+00 | 1
 31, 16 |   0.0000000000000000e+00 |   0.0000000000000000e+00 | 1
 31, 17 |   0.0000000000000000e+00 |   0.0000000000000000e+00 | 1
 31, 18 |   0.0000000000000000e+00 |   0.0000000000000000e+00 | 1
 31, 19 |   0.0000000000000000e+00 |   0.0000000000000000e+00 | 1
 31, 20 |   0.0000000000000000e+00 |   0.0000000000000000e+00 | 1
 31, 21 |   0.0000000000000000e+00 |   0.0000000000000000e+00 | 1
 31, 22 |   0.0000000000000000e+00 |   0.0000000000000000e+00 | 1
 31, 23 |   0.0000000000000000e+00 |   0.0000000000000000e+00 | 1
 31, 24 |   0.0000000000000000e+00 |   0.0000000000000000e+00 | 1
 31, 25 |   0.0000000000000000e+00 |   0.0000000000000000e+00 | 1
 31, 26 |   0.0000000000000000e+00 |   0.0000000000000000e+00 | 1
 31, 27 |   0.0000000000000000e+00 |   0.0000000000000000e+00 | 1
 31, 28 |   0.0000000000000000e+00 |   0.0000000000000000e+00 | 1
 31, 29 |   0.0000000000000000e+00 |   0.0000000000000000e+00 | 1
 31, 30 |   0.0000000000000000e+00 |   0.0000000000000000e+00 | 1
 31, 31 |   0.0000000000000000e+00 |   0.0000000000000000e+00 | 1
 31, 32 |   0.0000000000000000e+00 |   0.0000000000000000e+00 | 1
 31, 33 |   0.0000000000000000e+00 |   0.0000000000000000e+00 | 1
 31, 34 |   0.0000000000000000e+00 |   0.0000000000000000e+00 | 1
 31, 35 |   0.0000000000000000e+00 |   0.0000000000000000e+00 | 1
 31, 36 |   0.0000000000000000e+00 |   0.0000000000000000e+00 | 1
 31, 37 |   0.0000000000000000e+00 |   0.0000000000000000e+00 | 1
 31, 38 |   0.0000000000000000e+00 |   0.0000000000000000e+00 | 1
 31, 39 |   0.0000000000000000e+00 |   0.0000000000000000e+00 | 1
 31, 40 |   0.0000000000000000e+00 |   0.0000000000000000e+00 | 1
 31, 41 |   0.0000000000000000e+00 |   0.0000000000000000e+00 | 1
 31, 42 |   0.0000000000000000e+00 |   0.0000000000000000e+00 | 1
 31, 43 |   0.0000000000000000e+00 |   0.0000000000000000e+00 | 1
 31, 44 |   0.0000000000000000e+00 |   0.0000000000000000e+00 | 1
 32,  1 |  -5.5045624647041466e-04 |  -5.5045624647041466e-04 | 1
 32,  2 |  -1.8974962937408323e-03 |  -1.8974962937408323e-03 | 1
 32,  3 |   0.0000000000000000e+00 |   0.0000000000000000e+00 | 1
 32,  4 |  -1.5699508222679322e-03 |  -1.5699508222679322e-03 | 1
 32,  5 |   0.0000000000000000e+00 |   0.0000000000000000e+00 | 1
 32,  6 |   0.0000000000000000e+00 |   0.0000000000000000e+00 | 1
 32,  7 |   0.0000000000000000e+00 |   0.0000000000000000e+00 | 1
 32,  8 |  -2.6584064736413600e-03 |  -2.6584064736413600e-03 | 1
 32,  9 |  -1.1750003748290986e-03 |  -1.1750003748290986e-03 | 1
 32, 10 |   0.0000000000000000e+00 |   0.0000000000000000e+00 | 1
 32, 11 |   0.0000000000000000e+00 |   0.0000000000000000e+00 | 1
 32, 12 |  -1.5249495308006225e-03 |  -1.5249495308006225e-03 | 1
 32, 13 |   0.0000000000000000e+00 |   0.0000000000000000e+00 | 1
 32, 14 |   0.0000000000000000e+00 |   0.0000000000000000e+00 | 1
 32, 15 |   0.0000000000000000e+00 |   0.0000000000000000e+00 | 1
 32, 16 |  -2.7585991112205697e-03 |  -2.7585991112205697e-03 | 1
 32, 17 |  -1.1871048462990755e-03 |  -1.1871048462990755e-03 | 1
 32, 18 |   0.0000000000000000e+00 |   0.0000000000000000e+00 | 1
 32, 19 |   0.0000000000000000e+00 |   0.0000000000000000e+00 | 1
 32, 20 |  -1.2832229654672566e-03 |  -1.2832229654672566e-03 | 1
 32, 21 |   0.0000000000000000e+00 |   0.0000000000000000e+00 | 1
 32, 22 |   0.0000000000000000e+00 |   0.0000000000000000e+00 | 1
 32, 23 |   0.0000000000000000e+00 |   0.0000000000000000e+00 | 1
 32, 24 |  -1.7519577776339270e-03 |  -1.7519577776339270e-03 | 1
 32, 25 |   0.0000000000000000e+00 |   0.0000000000000000e+00 | 1
 32, 26 |   0.0000000000000000e+00 |   0.0000000000000000e+00 | 1
 32, 27 |   0.0000000000000000e+00 |   0.0000000000000000e+00 | 1
 32, 28 |  -1.4649382290829824e-03 |  -1.4649382290829824e-03 | 1
 32, 29 |   0.0000000000000000e+00 |   0.0000000000000000e+00 | 1
 32, 30 |   0.0000000000000000e+00 |   0.0000000000000000e+00 | 1
 32, 31 |   0.0000000000000000e+00 |   0.0000000000000000e+00 | 1
 32, 32 |   2.9072279548247224e-03 |   2.9072279548247224e-03 | 1
 32, 33 |   0.0000000000000000e+00 |   0.0000000000000000e+00 | 1
 32, 34 |  -4.4515246468195321e-03 |  -4.4515246468195321e-03 | 1
 32, 35 |   4.5274681419464055e-04 |   4.5274681419464055e-04 | 1
 32, 36 |  -8.5249526140483201e-04 |  -8.5249526140483201e-04 | 1
 32, 37 |  -1.2609247141641571e-03 |  -1.2609247141641571e-03 | 1
 32, 38 |  -1.2755563562505234e-03 |  -1.2755563562505234e-03 | 1
 32, 39 |   9.6315155648026154e-05 |   9.6315155648026154e-05 | 1
 32, 40 |   1.8429902981341389e-07 |   1.8429902981341389e-07 | 1
 32, 41 |   8.2473502312819901e-05 |   8.2473502312819901e-05 | 1
 32, 42 |  -6.2771792153745875e-07 |  -6.2771792153745875e-07 | 1
 32, 43 |   2.2013273424810920e-04 |   2.2013273424810920e-04 | 1
 32, 44 |  -2.4346170004101797e-03 |  -2.4346170004101797e-03 | 1
 33,  1 |   0.0000000000000000e+00 |   0.0000000000000000e+00 | 1
 33,  2 |   0.0000000000000000e+00 |   0.0000000000000000e+00 | 1
 33,  3 |   0.0000000000000000e+00 |   0.0000000000000000e+00 | 1
 33,  4 |   0.0000000000000000e+00 |   0.0000000000000000e+00 | 1
 33,  5 |   0.0000000000000000e+00 |   0.0000000000000000e+00 | 1
 33,  6 |   0.0000000000000000e+00 |   0.0000000000000000e+00 | 1
 33,  7 |   0.0000000000000000e+00 |   0.0000000000000000e+00 | 1
 33,  8 |   0.0000000000000000e+00 |   0.0000000000000000e+00 | 1
 33,  9 |   0.0000000000000000e+00 |   0.0000000000000000e+00 | 1
 33, 10 |   0.0000000000000000e+00 |   0.0000000000000000e+00 | 1
 33, 11 |   0.0000000000000000e+00 |   0.0000000000000000e+00 | 1
 33, 12 |   0.0000000000000000e+00 |   0.0000000000000000e+00 | 1
 33, 13 |   0.0000000000000000e+00 |   0.0000000000000000e+00 | 1
 33, 14 |   0.0000000000000000e+00 |   0.0000000000000000e+00 | 1
 33, 15 |   0.0000000000000000e+00 |   0.0000000000000000e+00 | 1
 33, 16 |   0.0000000000000000e+00 |   0.0000000000000000e+00 | 1
 33, 17 |   0.0000000000000000e+00 |   0.0000000000000000e+00 | 1
 33, 18 |   0.0000000000000000e+00 |   0.0000000000000000e+00 | 1
 33, 19 |   0.0000000000000000e+00 |   0.0000000000000000e+00 | 1
 33, 20 |   0.0000000000000000e+00 |   0.0000000000000000e+00 | 1
 33, 21 |   0.0000000000000000e+00 |   0.0000000000000000e+00 | 1
 33, 22 |   0.0000000000000000e+00 |   0.0000000000000000e+00 | 1
 33, 23 |   0.0000000000000000e+00 |   0.0000000000000000e+00 | 1
 33, 24 |   0.0000000000000000e+00 |   0.0000000000000000e+00 | 1
 33, 25 |   0.0000000000000000e+00 |   0.0000000000000000e+00 | 1
 33, 26 |   0.0000000000000000e+00 |   0.0000000000000000e+00 | 1
 33, 27 |   0.0000000000000000e+00 |   0.0000000000000000e+00 | 1
 33, 28 |   0.0000000000000000e+00 |   0.0000000000000000e+00 | 1
 33, 29 |   0.0000000000000000e+00 |   0.0000000000000000e+00 | 1
 33, 30 |   0.0000000000000000e+00 |   0.0000000000000000e+00 | 1
 33, 31 |   0.0000000000000000e+00 |   0.0000000000000000e+00 | 1
 33, 32 |   0.0000000000000000e+00 |   0.0000000000000000e+00 | 1
 33, 33 |   0.0000000000000000e+00 |   0.0000000000000000e+00 | 1
 33, 34 |   0.0000000000000000e+00 |   0.0000000000000000e+00 | 1
 33, 35 |   0.0000000000000000e+00 |   0.0000000000000000e+00 | 1
 33, 36 |   0.0000000000000000e+00 |   0.0000000000000000e+00 | 1
 33, 37 |   0.0000000000000000e+00 |   0.0000000000000000e+00 | 1
 33, 38 |   0.0000000000000000e+00 |   0.0000000000000000e+00 | 1
 33, 39 |   0.0000000000000000e+00 |   0.0000000000000000e+00 | 1
 33, 40 |   0.0000000000000000e+00 |   0.0000000000000000e+00 | 1
 33, 41 |   0.0000000000000000e+00 |   0.0000000000000000e+00 | 1
 33, 42 |   0.0000000000000000e+00 |   0.0000000000000000e+00 | 1
 33, 43 |   0.0000000000000000e+00 |   0.0000000000000000e+00 | 1
 33, 44 |   0.0000000000000000e+00 |   0.0000000000000000e+00 | 1
 34,  1 |   5.0768905282304877e-03 |   5.0768905282304877e-03 | 1
 34,  2 |   4.2851735562289724e-03 |   4.2851735562289724e-03 | 1
 34,  3 |   0.0000000000000000e+00 |   0.0000000000000000e+00 | 1
 34,  4 |   7.6326435093001469e-03 |   7.6326435093001469e-03 | 1
 34,  5 |   0.0000000000000000e+00 |   0.0000000000000000e+00 | 1
 34,  6 |   0.0000000000000000e+00 |   0.0000000000000000e+00 | 1
 34,  7 |   0.0000000000000000e+00 |   0.0000000000000000e+00 | 1
 34,  8 |   1.2146066388782070e-02 |   1.2146066388782070e-02 | 1
 34,  9 |   8.8956698888707358e-03 |   8.8956698888707358e-03 | 1
 34, 10 |   0.0000000000000000e+00 |   0.0000000000000000e+00 | 1
 34, 11 |   0.0000000000000000e+00 |   0.0000000000000000e+00 | 1
 34, 12 |   8.9435522622413974e-03 |   8.9435522622413974e-03 | 1
 34, 13 |   0.0000000000000000e+00 |   0.0000000000000000e+00 | 1
 34, 14 |   0.0000000000000000e+00 |   0.0000000000000000e+00 | 1
 34, 15 |   0.0000000000000000e+00 |   0.0000000000000000e+00 | 1
 34, 16 |   9.9797405427563823e-03 |   9.9797405427563823e-03 | 1
 34, 17 |   4.0907185216510159e-03 |   4.0907185216510159e-03 | 1
 34, 18 |   0.0000000000000000e+00 |   0.0000000000000000e+00 | 1
 34, 19 |   0.0000000000000000e+00 |   0.0000000000000000e+00 | 1
 34, 20 |   1.2011884500320577e-02 |   1.2011884500320577e-02 | 1
 34, 21 |   0.0000000000000000e+00 |   0.0000000000000000e+00 | 1
 34, 22 |   0.0000000000000000e+00 |   0.0000000000000000e+00 | 1
 34, 23 |   0.0000000000000000e+00 |   0.0000000000000000e+00 | 1
 34, 24 |   1.7270563824306841e-02 |   1.7270563824306841e-02 | 1
 34, 25 |   0.0000000000000000e+00 |   0.0000000000000000e+00 | 1
 34, 26 |   0.0000000000000000e+00 |   0.0000000000000000e+00 | 1
 34, 27 |   0.0000000000000000e+00 |   0.0000000000000000e+00 | 1
 34, 28 |   1.3238680144927002e-02 |   1.3238680144927002e-02 | 1
 34, 29 |   0.0000000000000000e+00 |   0.0000000000000000e+00 | 1
 34, 30 |   0.0000000000000000e+00 |   0.0000000000000000e+00 | 1
 34, 31 |   0.0000000000000000e+00 |   0.0000000000000000e+00 | 1
 34, 32 |  -4.4515246468195321e-03 |  -4.4515246468195321e-03 | 1
 34, 33 |   0.0000000000000000e+00 |   0.0000000000000000e+00 | 1
 34, 34 |   1.9849102866232270e-02 |   1.9849102866232270e-02 | 1
 34, 35 |  -2.3283589176988913e-03 |  -2.3283589176988913e-03 | 1
 34, 36 |  -1.8315249699963078e-03 |  -1.8315249699963078e-03 | 1
 34, 37 |  -1.5242370598152208e-03 |  -1.5242370598152208e-03 | 1
 34, 38 |  -2.6351866453051959e-03 |  -2.6351866453051959e-03 | 1
 34, 39 |  -3.9626431562327731e-04 |  -3.9626431562327731e-04 | 1
 34, 40 |  -2.5453538697879283e-07 |  -2.5453538697879283e-07 | 1
 34, 41 |  -8.3457837514862309e-05 |  -8.3457837514862309e-05 | 1
 34, 42 |  -8.5704259196748928e-06 |  -8.5704259196748928e-06 | 1
 34, 43 |   4.5149384202993314e-03 |   4.5149384202993314e-03 | 1
 34, 44 |   6.5852857771179687e-03 |   6.5852857771179687e-03 | 1
 35,  1 |  -5.6712396347764922e-04 |  -5.6712396347764922e-04 | 1
 35,  2 |  -1.1456322384272317e-03 |  -1.1456322384272317e-03 | 1
 35,  3 |   0.0000000000000000e+00 |   0.0000000000000000e+00 | 1
 35,  4 |  -1.2053400020682848e-03 |  -1.2053400020682848e-03 | 1
 35,  5 |   0.0000000000000000e+00 |   0.0000000000000000e+00 | 1
 35,  6 |   0.0000000000000000e+00 |   0.0000000000000000e+00 | 1
 35,  7 |   0.0000000000000000e+00 |   0.0000000000000000e+00 | 1
 35,  8 |  -5.6521374431785405e-04 |  -5.6521374431785405e-04 | 1
 35,  9 |  -1.0065447575179983e-03 |  -1.0065447575179983e-03 | 1
 35, 10 |   0.0000000000000000e+00 |   0.0000000000000000e+00 | 1
 35, 11 |   0.0000000000000000e+00 |   0.0000000000000000e+00 | 1
 35, 12 |   2.3716884864010248e-04 |   2.3716884864010248e-04 | 1
 35, 13 |   0.0000000000000000e+00 |   0.0000000000000000e+00 | 1
 35, 14 |   0.0000000000000000e+00 |   0.0000000000000000e+00 | 1
 35, 15 |   0.0000000000000000e+00 |   0.0000000000000000e+00 | 1
 35, 16 |  -3.6576428480907561e-04 |  -3.6576428480907561e-04 | 1
 35, 17 |  -6.8564646200832617e-04 |  -6.8564646200832617e-04 | 1
 35, 18 |   0.0000000000000000e+00 |   0.0000000000000000e+00 | 1
 35, 19 |   0.0000000000000000e+00 |   0.0000000000000000e+00 | 1
 35, 20 |  -1.1351351255513929e-03 |  -1.1351351255513929e-03 | 1
 35, 21 |   0.0000000000000000e+00 |   0.0000000000000000e+00 | 1
 35, 22 |   0.0000000000000000e+00 |   0.0000000000000000e+00 | 1
 35, 23 |   0.0000000000000000e+00 |   0.0000000000000000e+00 | 1
 35, 24 |  -3.3128513855123797e-03 |  -3.3128513855123797e-03 | 1
 35, 25 |   0.0000000000000000e+00 |   0.0000000000000000e+00 | 1
 35, 26 |   0.0000000000000000e+00 |   0.0000000000000000e+00 | 1
 35, 27 |   0.0000000000000000e+00 |   0.0000000000000000e+00 | 1
 35, 28 |  -9.5932724405031105e-04 |  -9.5932724405031105e-04 | 1
 35, 29 |   0.0000000000000000e+00 |   0.0000000000000000e+00 | 1
 35, 30 |   0.0000000000000000e+00 |   0.0000000000000000e+00 | 1
 35, 31 |   0.0000000000000000e+00 |   0.0000000000000000e+00 | 1
 35, 32 |   4.5274681419464055e-04 |   4.5274681419464055e-04 | 1
 35, 33 |   0.0000000000000000e+00 |   0.0000000000000000e+00 | 1
 35, 34 |  -2.3283589176988913e-03 |  -2.3283589176988913e-03 | 1
 35, 35 |   1.2418631575269942e-03 |   1.2418631575269942e-03 | 1
 35, 36 |   9.5397440829973908e-04 |   9.5397440829973908e-04 | 1
 35, 37 |   9.5370590605129660e-04 |   9.5370590605129660e-04 | 1
 35, 38 |   9.3872411570347202e-04 |   9.3872411570347202e-04 | 1
 35, 39 |   6.6059742647333101e-05 |   6.6059742647333101e-05 | 1
 35, 40 |  -3.2296847153808725e-08 |  -3.2296847153808725e-08 | 1
 35, 41 |  -6.7917897552574900e-05 |  -6.7917897552574900e-05 | 1
 35, 42 |   4.7997218130305527e-06 |   4.7997218130305527e-06 | 1
 35, 43 |  -9.2111637626086885e-04 |  -9.2111637626086885e-04 | 1
 35, 44 |  -1.1089661589933780e-03 |  -1.1089661589933780e-03 | 1
 36,  1 |  -1.1051706347048505e-03 |  -1.1051706347048505e-03 | 1
 36,  2 |  -2.2444184977026081e-04 |  -2.2444184977026081e-04 | 1
 36,  3 |   0.0000000000000000e+00 |   0.0000000000000000e+00 | 1
 36,  4 |  -1.3521507707657796e-03 |  -1.3521507707657796e-03 | 1
 36,  5 |   0.0000000000000000e+00 |   0.0000000000000000e+00 | 1
 36,  6 |   0.0000000000000000e+00 |   0.0000000000000000e+00 | 1
 36,  7 |   0.0000000000000000e+00 |   0.0000000000000000e+00 | 1
 36,  8 |  -4.8273517608898061e-04 |  -4.8273517608898061e-04 | 1
 36,  9 |  -8.3544642715584270e-04 |  -8.3544642715584270e-04 | 1
 36, 10 |   0.0000000000000000e+00 |   0.0000000000000000e+00 | 1
 36, 11 |   0.0000000000000000e+00 |   0.0000000000000000e+00 | 1
 36, 12 |  -5.2640347799826114e-05 |  -5.2640347799826114e-05 | 1
 36, 13 |   0.0000000000000000e+00 |   0.0000000000000000e+00 | 1
 36, 14 |   0.0000000000000000e+00 |   0.0000000000000000e+00 | 1
 36, 15 |   0.0000000000000000e+00 |   0.0000000000000000e+00 | 1
 36, 16 |   1.6530793102488073e-04 |   1.6530793102488073e-04 | 1
 36, 17 |  -6.3380193172477375e-04 |  -6.3380193172477375e-04 | 1
 36, 18 |   0.0000000000000000e+00 |   0.0000000000000000e+00 | 1
 36, 19 |   0.0000000000000000e+00 |   0.0000000000000000e+00 | 1
 36, 20 |  -1.7292852295224994e-03 |  -1.7292852295224994e-03 | 1
 36, 21 |   0.0000000000000000e+00 |   0.0000000000000000e+00 | 1
 36, 22 |   0.0000000000000000e+00 |   0.0000000000000000e+00 | 1
 36, 23 |   0.0000000000000000e+00 |   0.0000000000000000e+00 | 1
 36, 24 |  -3.9114920352322918e-03 |  -3.9114920352322918e-03 | 1
 36, 25 |   0.0000000000000000e+00 |   0.0000000000000000e+00 | 1
 36, 26 |   0.0000000000000000e+00 |   0.0000000000000000e+00 | 1
 36, 27 |   0.0000000000000000e+00 |   0.0000000000000000e+00 | 1
 36, 28 |  -1.3708400011938850e-03 |  -1.3708400011938850e-03 | 1
 36, 29 |   0.0000000000000000e+00 |   0.0000000000000000e+00 | 1
 36, 30 |   0.0000000000000000e+00 |   0.0000000000000000e+00 | 1
 36, 31 |   0.0000000000000000e+00 |   0.0000000000000000e+00 | 1
 36, 32 |  -8.5249526140483201e-04 |  -8.5249526140483201e-04 | 1
 36, 33 |   0.0000000000000000e+00 |   0.0000000000000000e+00 | 1
 36, 34 |  -1.8315249699963078e-03 |  -1.8315249699963078e-03 | 1
 36, 35 |   9.5397440829973908e-04 |   9.5397440829973908e-04 | 1
 36, 36 |   1.6813751401224849e-03 |   1.6813751401224849e-03 | 1
 36, 37 |   1.9318682112734642e-03 |   1.9318682112734642e-03 | 1
 36, 38 |   2.0380183480627713e-03 |   2.0380183480627713e-03 | 1
 36, 39 |   3.7172896198765300e-05 |   3.7172896198765300e-05 | 1
 36, 40 |  -9.6934060791587830e-08 |  -9.6934060791587830e-08 | 1
 36, 41 |  -9.7233726549040720e-05 |  -9.7233726549040720e-05 | 1
 36, 42 |   5.1550459624945464e-06 |   5.1550459624945464e-06 | 1
 36, 43 |  -1.6718561714923876e-03 |  -1.6718561714923876e-03 | 1
 36, 44 |  -1.5611174213478229e-04 |  -1.5611174213478229e-04 | 1
 37,  1 |  -1.1347282017748238e-03 |  -1.1347282017748238e-03 | 1
 37,  2 |  -1.4642776173560962e-04 |  -1.4642776173560962e-04 | 1
 37,  3 |   0.0000000000000000e+00 |   0.0000000000000000e+00 | 1
 37,  4 |  -8.7814108586683256e-04 |  -8.7814108586683256e-04 | 1
 37,  5 |   0.0000000000000000e+00 |   0.0000000000000000e+00 | 1
 37,  6 |   0.0000000000000000e+00 |   0.0000000000000000e+00 | 1
 37,  7 |   0.0000000000000000e+00 |   0.0000000000000000e+00 | 1
 37,  8 |  -3.6081706774847072e-04 |  -3.6081706774847072e-04 | 1
 37,  9 |   4.5925711991636159e-04 |   4.5925711991636159e-04 | 1
 37, 10 |   0.0000000000000000e+00 |   0.0000000000000000e+00 | 1
 37, 11 |   0.0000000000000000e+00 |   0.0000000000000000e+00 | 1
 37, 12 |   7.5455340122956177e-04 |   7.5455340122956177e-04 | 1
 37, 13 |   0.0000000000000000e+00 |   0.0000000000000000e+00 | 1
 37, 14 |   0.0000000000000000e+00 |   0.0000000000000000e+00 | 1
 37, 15 |   0.0000000000000000e+00 |   0.0000000000000000e+00 | 1
 37, 16 |   4.4410715680899088e-04 |   4.4410715680899088e-04 | 1
 37, 17 |  -1.0018735935121285e-03 |  -1.0018735935121285e-03 | 1
 37, 18 |   0.0000000000000000e+00 |   0.0000000000000000e+00 | 1
 37, 19 |   0.0000000000000000e+00 |   0.0000000000000000e+00 | 1
 37, 20 |  -1.3439135775063986e-03 |  -1.3439135775063986e-03 | 1
 37, 21 |   0.0000000000000000e+00 |   0.0000000000000000e+00 | 1
 37, 22 |   0.0000000000000000e+00 |   0.0000000000000000e+00 | 1
 37, 23 |   0.0000000000000000e+00 |   0.0000000000000000e+00 | 1
 37, 24 |  -4.5055208720370266e-03 |  -4.5055208720370266e-03 | 1
 37, 25 |   0.0000000000000000e+00 |   0.0000000000000000e+00 | 1
 37, 26 |   0.0000000000000000e+00 |   0.0000000000000000e+00 | 1
 37, 27 |   0.0000000000000000e+00 |   0.0000000000000000e+00 | 1
 37, 28 |  -1.0266583972253036e-03 |  -1.0266583972253036e-03 | 1
 37, 29 |   0.0000000000000000e+00 |   0.0000000000000000e+00 | 1
 37, 30 |   0.0000000000000000e+00 |   0.0000000000000000e+00 | 1
 37, 31 |   0.0000000000000000e+00 |   0.0000000000000000e+00 | 1
 37, 32 |  -1.2609247141641571e-03 |  -1.2609247141641571e-03 | 1
 37, 33 |   0.0000000000000000e+00 |   0.0000000000000000e+00 | 1
 37, 34 |  -1.5242370598152208e-03 |  -1.5242370598152208e-03 | 1
 37, 35 |   9.5370590605129660e-04 |   9.5370590605129660e-04 | 1
 37, 36 |   1.9318682112734642e-03 |   1.9318682112734642e-03 | 1
 37, 37 |   2.6207956586738507e-03 |   2.6207956586738507e-03 | 1
 37, 38 |   2.5650527850160187e-03 |   2.5650527850160187e-03 | 1
 37, 39 |  -5.9432557686384045e-06 |  -5.9432557686384045e-06 | 1
 37, 40 |  -9.3802735092085850e-08 |  -9.3802735092085850e-08 | 1
 37, 41 |  -1.3041578111683348e-04 |  -1.3041578111683348e-04 | 1
 37, 42 |   6.6279238110562944e-06 |   6.6279238110562944e-06 | 1
 37, 43 |  -1.7118870695359274e-03 |  -1.7118870695359274e-03 | 1
 37, 44 |  -9.9137931956070106e-05 |  -9.9137931956070106e-05 | 1
 38,  1 |  -1.4993569376729543e-03 |  -1.4993569376729543e-03 | 1
 38,  2 |  -3.2607994612749520e-04 |  -3.2607994612749520e-04 | 1
 38,  3 |   0.0000000000000000e+00 |   0.0000000000000000e+00 | 1
 38,  4 |  -1.0376776662855143e-03 |  -1.0376776662855143e-03 | 1
 38,  5 |   0.0000000000000000e+00 |   0.0000000000000000e+00 | 1
 38,  6 |   0.0000000000000000e+00 |   0.0000000000000000e+00 | 1
 38,  7 |   0.0000000000000000e+00 |   0.0000000000000000e+00 | 1
 38,  8 |  -1.4189273065574239e-03 |  -1.4189273065574239e-03 | 1
 38,  9 |  -1.9691389352795461e-03 |  -1.9691389352795461e-03 | 1
 38, 10 |   0.0000000000000000e+00 |   0.0000000000000000e+00 | 1
 38, 11 |   0.0000000000000000e+00 |   0.0000000000000000e+00 | 1
 38, 12 |  -4.7548298006107467e-04 |  -4.7548298006107467e-04 | 1
 38, 13 |   0.0000000000000000e+00 |   0.0000000000000000e+00 | 1
 38, 14 |   0.0000000000000000e+00 |   0.0000000000000000e+00 | 1
 38, 15 |   0.0000000000000000e+00 |   0.0000000000000000e+00 | 1
 38, 16 |   2.1124873339075121e-04 |   2.1124873339075121e-04 | 1
 38, 17 |  -1.4845873439509856e-03 |  -1.4845873439509856e-03 | 1
 38, 18 |   0.0000000000000000e+00 |   0.0000000000000000e+00 | 1
 38, 19 |   0.0000000000000000e+00 |   0.0000000000000000e+00 | 1
 38, 20 |  -2.1745545879535240e-03 |  -2.1745545879535240e-03 | 1
 38, 21 |   0.0000000000000000e+00 |   0.0000000000000000e+00 | 1
 38, 22 |   0.0000000000000000e+00 |   0.0000000000000000e+00 | 1
 38, 23 |   0.0000000000000000e+00 |   0.0000000000000000e+00 | 1
 38, 24 |  -5.4316517183592332e-03 |  -5.4316517183592332e-03 | 1
 38, 25 |   0.0000000000000000e+00 |   0.0000000000000000e+00 | 1
 38, 26 |   0.0000000000000000e+00 |   0.0000000000000000e+00 | 1
 38, 27 |   0.0000000000000000e+00 |   0.0000000000000000e+00 | 1
 38, 28 |  -1.5498970353502188e-03 |  -1.5498970353502188e-03 | 1
 38, 29 |   0.0000000000000000e+00 |   0.0000000000000000e+00 | 1
 38, 30 |   0.0000000000000000e+00 |   0.0000000000000000e+00 | 1
 38, 31 |   0.0000000000000000e+00 |   0.0000000000000000e+00 | 1
 38, 32 |  -1.2755563562505234e-03 |  -1.2755563562505234e-03 | 1
 38, 33 |   0.0000000000000000e+00 |   0.0000000000000000e+00 | 1
 38, 34 |  -2.6351866453051959e-03 |  -2.6351866453051959e-03 | 1
 38, 35 |   9.3872411570347202e-04 |   9.3872411570347202e-04 | 1
 38, 36 |   2.0380183480627713e-03 |   2.0380183480627713e-03 | 1
 38, 37 |   2.5650527850160187e-03 |   2.5650527850160187e-03 | 1
 38, 38 |   3.1252000048872059e-03 |   3.1252000048872059e-03 | 1
 38, 39 |   2.9916388165992502e-05 |   2.9916388165992502e-05 | 1
 38, 40 |  -8.7250212464714613e-08 |  -8.7250212464714613e-08 | 1
 38, 41 |  -1.4214230360797827e-04 |  -1.4214230360797827e-04 | 1
 38, 42 |   8.0678394691289514e-06 |   8.0678394691289514e-06 | 1
 38, 43 |  -2.0642567334012577e-03 |  -2.0642567334012577e-03 | 1
 38, 44 |  -3.4403223858179557e-04 |  -3.4403223858179557e-04 | 1
 39,  1 |  -5.0098915868801365e-05 |  -5.0098915868801365e-05 | 1
 39,  2 |  -6.7500449825420687e-05 |  -6.7500449825420687e-05 | 1
 39,  3 |   0.0000000000000000e+00 |   0.0000000000000000e+00 | 1
 39,  4 |  -1.5123954109373368e-04 |  -1.5123954109373368e-04 | 1
 39,  5 |   0.0000000000000000e+00 |   0.0000000000000000e+00 | 1
 39,  6 |   0.0000000000000000e+00 |   0.0000000000000000e+00 | 1
 39,  7 |   0.0000000000000000e+00 |   0.0000000000000000e+00 | 1
 39,  8 |  -2.1796754822248841e-04 |  -2.1796754822248841e-04 | 1
 39,  9 |  -2.5765651840682342e-04 |  -2.5765651840682342e-04 | 1
 39, 10 |   0.0000000000000000e+00 |   0.0000000000000000e+00 | 1
 39, 11 |   0.0000000000000000e+00 |   0.0000000000000000e+00 | 1
 39, 12 |  -7.9915680844429456e-04 |  -7.9915680844429456e-04 | 1
 39, 13 |   0.0000000000000000e+00 |   0.0000000000000000e+00 | 1
 39, 14 |   0.0000000000000000e+00 |   0.0000000000000000e+00 | 1
 39, 15 |   0.0000000000000000e+00 |   0.0000000000000000e+00 | 1
 39, 16 |  -2.6883210924805240e-05 |  -2.6883210924805240e-05 | 1
 39, 17 |   6.8985813479909496e-05 |   6.8985813479909496e-05 | 1
 39, 18 |   0.0000000000000000e+00 |   0.0000000000000000e+00 | 1
 39, 19 |   0.0000000000000000e+00 |   0.0000000000000000e+00 | 1
 39, 20 |  -2.9071801914687173e-04 |  -2.9071801914687173e-04 | 1
 39, 21 |   0.0000000000000000e+00 |   0.0000000000000000e+00 | 1
 39, 22 |   0.0000000000000000e+00 |   0.0000000000000000e+00 | 1
 39, 23 |   0.0000000000000000e+00 |   0.0000000000000000e+00 | 1
 39, 24 |  -3.1715170956132669e-04 |  -3.1715170956132669e-04 | 1
 39, 25 |   0.0000000000000000e+00 |   0.0000000000000000e+00 | 1
 39, 26 |   0.0000000000000000e+00 |   0.0000000000000000e+00 | 1
 39, 27 |   0.0000000000000000e+00 |   0.0000000000000000e+00 | 1
 39, 28 |  -2.4136796851556694e-04 |  -2.4136796851556694e-04 | 1
 39, 29 |   0.0000000000000000e+00 |   0.0000000000000000e+00 | 1
 39, 30 |   0.0000000000000000e+00 |   0.0000000000000000e+00 | 1
 39, 31 |   0.0000000000000000e+00 |   0.0000000000000000e+00 | 1
 39, 32 |   9.6315155648026154e-05 |   9.6315155648026154e-05 | 1
 39, 33 |   0.0000000000000000e+00 |   0.0000000000000000e+00 | 1
 39, 34 |  -3.9626431562327731e-04 |  -3.9626431562327731e-04 | 1
 39, 35 |   6.6059742647333101e-05 |   6.6059742647333101e-05 | 1
 39, 36 |   3.7172896198765300e-05 |   3.7172896198765300e-05 | 1
 39, 37 |  -5.9432557686384045e-06 |  -5.9432557686384045e-06 | 1
 39, 38 |   2.9916388165992502e-05 |   2.9916388165992502e-05 | 1
 39, 39 |   4.5770690745300507e-05 |   4.5770690745300507e-05 | 1
 39, 40 |  -6.9352723288428827e-09 |  -6.9352723288428827e-09 | 1
 39, 41 |  -2.2771781748603193e-06 |  -2.2771781748603193e-06 | 1
 39, 42 |   4.2466648903462112e-07 |   4.2466648903462112e-07 | 1
 39, 43 |  -5.1190741891712875e-05 |  -5.1190741891712875e-05 | 1
 39, 44 |  -1.4608266013753588e-04 |  -1.4608266013753588e-04 | 1
 40,  1 |  -1.6791396027556572e-07 |  -1.6791396027556572e-07 | 1
 40,  2 |  -1.7548666971239667e-07 |  -1.7548666971239667e-07 | 1
 40,  3 |   0.0000000000000000e+00 |   0.0000000000000000e+00 | 1
 40,  4 |  -1.0947555529463282e-08 |  -1.0947555529463282e-08 | 1
 40,  5 |   0.0000000000000000e+00 |   0.0000000000000000e+00 | 1
 40,  6 |   0.0000000000000000e+00 |   0.0000000000000000e+00 | 1
 40,  7 |   0.0000000000000000e+00 |   0.0000000000000000e+00 | 1
 40,  8 |  -2.1597532292946024e-07 |  -2.1597532292946024e-07 | 1
 40,  9 |  -2.5049225204000476e-07 |  -2.5049225204000476e-07 | 1
 40, 10 |   0.0000000000000000e+00 |   0.0000000000000000e+00 | 1
 40, 11 |   0.0000000000000000e+00 |   0.0000000000000000e+00 | 1
 40, 12 |   5.7368966327448801e-08 |   5.7368966327448801e-08 | 1
 40, 13 |   0.0000000000000000e+00 |   0.0000000000000000e+00 | 1
 40, 14 |   0.0000000000000000e+00 |   0.0000000000000000e+00 | 1
 40, 15 |   0.0000000000000000e+00 |   0.0000000000000000e+00 | 1
 40, 16 |  -2.9816088660252582e-07 |  -2.9816088660252582e-07 | 1
 40, 17 |  -2.3953212929901128e-07 |  -2.3953212929901128e-07 | 1
 40, 18 |   0.0000000000000000e+00 |   0.0000000000000000e+00 | 1
 40, 19 |   0.0000000000000000e+00 |   0.0000000000000000e+00 | 1
 40, 20 |  -2.9849317494391284e-08 |  -2.9849317494391284e-08 | 1
 40, 21 |   0.0000000000000000e+00 |   0.0000000000000000e+00 | 1
 40, 22 |   0.0000000000000000e+00 |   0.0000000000000000e+00 | 1
 40, 23 |   0.0000000000000000e+00 |   0.0000000000000000e+00 | 1
 40, 24 |  -1.1469816552894297e-07 |  -1.1469816552894297e-07 | 1
 40, 25 |   0.0000000000000000e+00 |   0.0000000000000000e+00 | 1
 40, 26 |   0.0000000000000000e+00 |   0.0000000000000000e+00 | 1
 40, 27 |   0.0000000000000000e+00 |   0.0000000000000000e+00 | 1
 40, 28 |  -1.1646770032238355e-07 |  -1.1646770032238355e-07 | 1
 40, 29 |   0.0000000000000000e+00 |   0.0000000000000000e+00 | 1
 40, 30 |   0.0000000000000000e+00 |   0.0000000000000000e+00 | 1
 40, 31 |   0.0000000000000000e+00 |   0.0000000000000000e+00 | 1
 40, 32 |   1.8429902981341389e-07 |   1.8429902981341389e-07 | 1
 40, 33 |   0.0000000000000000e+00 |   0.0000000000000000e+00 | 1
 40, 34 |  -2.5453538697879283e-07 |  -2.5453538697879283e-07 | 1
 40, 35 |  -3.2296847153808725e-08 |  -3.2296847153808725e-08 | 1
 40, 36 |  -9.6934060791587830e-08 |  -9.6934060791587830e-08 | 1
 40, 37 |  -9.3802735092085850e-08 |  -9.3802735092085850e-08 | 1
 40, 38 |  -8.7250212464714613e-08 |  -8.7250212464714613e-08 | 1
 40, 39 |  -6.9352723288428827e-09 |  -6.9352723288428827e-09 | 1
 40, 40 |   2.9693607885405149e-11 |   2.9693607885405149e-11 | 1
 40, 41 |   1.5859806447406471e-08 |   1.5859806447406471e-08 | 1
 40, 42 |  -5.8707276250603384e-10 |  -5.8707276250603384e-10 | 1
 40, 43 |  -3.8171134182778329e-08 |  -3.8171134182778329e-08 | 1
 40, 44 |  -9.9303199527650671e-08 |  -9.9303199527650671e-08 | 1
 41,  1 |  -1.3167697429560365e-04 |  -1.3167697429560365e-04 | 1
 41,  2 |  -5.9699718794624081e-05 |  -5.9699718794624081e-05 | 1
 41,  3 |   0.0000000000000000e+00 |   0.0000000000000000e+00 | 1
 41,  4 |  -5.0855629803604857e-05 |  -5.0855629803604857e-05 | 1
 41,  5 |   0.0000000000000000e+00 |   0.0000000000000000e+00 | 1
 41,  6 |   0.0000000000000000e+00 |   0.0000000000000000e+00 | 1
 41,  7 |   0.0000000000000000e+00 |   0.0000000000000000e+00 | 1
 41,  8 |  -1.3953543067473506e-04 |  -1.3953543067473506e-04 | 1
 41,  9 |  -3.4158816761993452e-04 |  -3.4158816761993452e-04 | 1
 41, 10 |   0.0000000000000000e+00 |   0.0000000000000000e+00 | 1
 41, 11 |   0.0000000000000000e+00 |   0.0000000000000000e+00 | 1
 41, 12 |   7.5021171833690572e-05 |   7.5021171833690572e-05 | 1
 41, 13 |   0.0000000000000000e+00 |   0.0000000000000000e+00 | 1
 41, 14 |   0.0000000000000000e+00 |   0.0000000000000000e+00 | 1
 41, 15 |   0.0000000000000000e+00 |   0.0000000000000000e+00 | 1
 41, 16 |  -2.2659673145992949e-04 |  -2.2659673145992949e-04 | 1
 41, 17 |  -2.4691386264215953e-06 |  -2.4691386264215953e-06 | 1
 41, 18 |   0.0000000000000000e+00 |   0.0000000000000000e+00 | 1
 41, 19 |   0.0000000000000000e+00 |   0.0000000000000000e+00 | 1
 41, 20 |  -1.5630290230625015e-04 |  -1.5630290230625015e-04 | 1
 41, 21 |   0.0000000000000000e+00 |   0.0000000000000000e+00 | 1
 41, 22 |   0.0000000000000000e+00 |   0.0000000000000000e+00 | 1
 41, 23 |   0.0000000000000000e+00 |   0.0000000000000000e+00 | 1
 41, 24 |   1.1799307757139743e-04 |   1.1799307757139743e-04 | 1
 41, 25 |   0.0000000000000000e+00 |   0.0000000000000000e+00 | 1
 41, 26 |   0.0000000000000000e+00 |   0.0000000000000000e+00 | 1
 41, 27 |   0.0000000000000000e+00 |   0.0000000000000000e+00 | 1
 41, 28 |  -2.9663918908428807e-04 |  -2.9663918908428807e-04 | 1
 41, 29 |   0.0000000000000000e+00 |   0.0000000000000000e+00 | 1
 41, 30 |   0.0000000000000000e+00 |   0.0000000000000000e+00 | 1
 41, 31 |   0.0000000000000000e+00 |   0.0000000000000000e+00 | 1
 41, 32 |   8.2473502312819901e-05 |   8.2473502312819901e-05 | 1
 41, 33 |   0.0000000000000000e+00 |   0.0000000000000000e+00 | 1
 41, 34 |  -8.3457837514862309e-05 |  -8.3457837514862309e-05 | 1
 41, 35 |  -6.7917897552574900e-05 |  -6.7917897552574900e-05 | 1
 41, 36 |  -9.7233726549040720e-05 |  -9.7233726549040720e-05 | 1
 41, 37 |  -1.3041578111683348e-04 |  -1.3041578111683348e-04 | 1
 41, 38 |  -1.4214230360797827e-04 |  -1.4214230360797827e-04 | 1
 41, 39 |  -2.2771781748603193e-06 |  -2.2771781748603193e-06 | 1
 41, 40 |   1.5859806447406471e-08 |   1.5859806447406471e-08 | 1
 41, 41 |   3.0004001469594309e-05 |   3.0004001469594309e-05 | 1
 41, 42 |  -1.6217765287763843e-06 |  -1.6217765287763843e-06 | 1
 41, 43 |  -7.5925262274005074e-05 |  -7.5925262274005074e-05 | 1
 41, 44 |   8.0494136452361026e-05 |   8.0494136452361026e-05 | 1
 42,  1 |   4.6723313171538747e-06 |   4.6723313171538747e-06 | 1
 42,  2 |  -6.9785897721483723e-08 |  -6.9785897721483723e-08 | 1
 42,  3 |   0.0000000000000000e+00 |   0.0000000000000000e+00 | 1
 42,  4 |  -7.3314828443680668e-07 |  -7.3314828443680668e-07 | 1
 42,  5 |   0.0000000000000000e+00 |   0.0000000000000000e+00 | 1
 42,  6 |   0.0000000000000000e+00 |   0.0000000000000000e+00 | 1
 42,  7 |   0.0000000000000000e+00 |   0.0000000000000000e+00 | 1
 42,  8 |  -2.6712753596088745e-07 |  -2.6712753596088745e-07 | 1
 42,  9 |   1.3392714012866259e-05 |   1.3392714012866259e-05 | 1
 42, 10 |   0.0000000000000000e+00 |   0.0000000000000000e+00 | 1
 42, 11 |   0.0000000000000000e+00 |   0.0000000000000000e+00 | 1
 42, 12 |  -1.2959709542273092e-05 |  -1.2959709542273092e-05 | 1
 42, 13 |   0.0000000000000000e+00 |   0.0000000000000000e+00 | 1
 42, 14 |   0.0000000000000000e+00 |   0.0000000000000000e+00 | 1
 42, 15 |   0.0000000000000000e+00 |   0.0000000000000000e+00 | 1
 42, 16 |   4.3943047689433524e-06 |   4.3943047689433524e-06 | 1
 42, 17 |  -2.2447153770170966e-06 |  -2.2447153770170966e-06 | 1
 42, 18 |   0.0000000000000000e+00 |   0.0000000000000000e+00 | 1
 42, 19 |   0.0000000000000000e+00 |   0.0000000000000000e+00 | 1
 42, 20 |   1.2908851688323776e-06 |   1.2908851688323776e-06 | 1
 42, 21 |   0.0000000000000000e+00 |   0.0000000000000000e+00 | 1
 42, 22 |   0.0000000000000000e+00 |   0.0000000000000000e+00 | 1
 42, 23 |   0.0000000000000000e+00 |   0.0000000000000000e+00 | 1
 42, 24 |  -1.7296460546297033e-05 |  -1.7296460546297033e-05 | 1
 42, 25 |   0.0000000000000000e+00 |   0.0000000000000000e+00 | 1
 42, 26 |   0.0000000000000000e+00 |   0.0000000000000000e+00 | 1
 42, 27 |   0.0000000000000000e+00 |   0.0000000000000000e+00 | 1
 42, 28 |   8.4523804356249816e-06 |   8.4523804356249816e-06 | 1
 42, 29 |   0.0000000000000000e+00 |   0.0000000000000000e+00 | 1
 42, 30 |   0.0000000000000000e+00 |   0.0000000000000000e+00 | 1
 42, 31 |   0.0000000000000000e+00 |   0.0000000000000000e+00 | 1
 42, 32 |  -6.2771792153745875e-07 |  -6.2771792153745875e-07 | 1
 42, 33 |   0.0000000000000000e+00 |   0.0000000000000000e+00 | 1
 42, 34 |  -8.5704259196748928e-06 |  -8.5704259196748928e-06 | 1
 42, 35 |   4.7997218130305527e-06 |   4.7997218130305527e-06 | 1
 42, 36 |   5.1550459624945464e-06 |   5.1550459624945464e-06 | 1
 42, 37 |   6.6279238110562944e-06 |   6.6279238110562944e-06 | 1
 42, 38 |   8.0678394691289514e-06 |   8.0678394691289514e-06 | 1
 42, 39 |   4.2466648903462112e-07 |   4.2466648903462112e-07 | 1
 42, 40 |  -5.8707276250603384e-10 |  -5.8707276250603384e-10 | 1
 42, 41 |  -1.6217765287763843e-06 |  -1.6217765287763843e-06 | 1
 42, 42 |   1.0049793536471148e-07 |   1.0049793536471148e-07 | 1
 42, 43 |   2.7191163732984494e-06 |   2.7191163732984494e-06 | 1
 42, 44 |  -1.0016744641383628e-05 |  -1.0016744641383628e-05 | 1
 43,  1 |   3.2120449371796801e-03 |   3.2120449371796801e-03 | 1
 43,  2 |   1.3194740612555967e-03 |   1.3194740612555967e-03 | 1
 43,  3 |   0.0000000000000000e+00 |   0.0000000000000000e+00 | 1
 43,  4 |   2.6305654678018342e-03 |   2.6305654678018342e-03 | 1
 43,  5 |   0.0000000000000000e+00 |   0.0000000000000000e+00 | 1
 43,  6 |   0.0000000000000000e+00 |   0.0000000000000000e+00 | 1
 43,  7 |   0.0000000000000000e+00 |   0.0000000000000000e+00 | 1
 43,  8 |   2.5329930522281947e-03 |   2.5329930522281947e-03 | 1
 43,  9 |   5.0247498562770556e-03 |   5.0247498562770556e-03 | 1
 43, 10 |   0.0000000000000000e+00 |   0.0000000000000000e+00 | 1
 43, 11 |   0.0000000000000000e+00 |   0.0000000000000000e+00 | 1
 43, 12 |   5.9873590851098062e-04 |   5.9873590851098062e-04 | 1
 43, 13 |   0.0000000000000000e+00 |   0.0000000000000000e+00 | 1
 43, 14 |   0.0000000000000000e+00 |   0.0000000000000000e+00 | 1
 43, 15 |   0.0000000000000000e+00 |   0.0000000000000000e+00 | 1
 43, 16 |   2.2473883764071289e-03 |   2.2473883764071289e-03 | 1
 43, 17 |   1.7198949841438816e-03 |   1.7198949841438816e-03 | 1
 43, 18 |   0.0000000000000000e+00 |   0.0000000000000000e+00 | 1
 43, 19 |   0.0000000000000000e+00 |   0.0000000000000000e+00 | 1
 43, 20 |   4.3807000073138071e-03 |   4.3807000073138071e-03 | 1
 43, 21 |   0.0000000000000000e+00 |   0.0000000000000000e+00 | 1
 43, 22 |   0.0000000000000000e+00 |   0.0000000000000000e+00 | 1
 43, 23 |   0.0000000000000000e+00 |   0.0000000000000000e+00 | 1
 43, 24 |   5.7147359740631117e-03 |   5.7147359740631117e-03 | 1
 43, 25 |   0.0000000000000000e+00 |   0.0000000000000000e+00 | 1
 43, 26 |   0.0000000000000000e+00 |   0.0000000000000000e+00 | 1
 43, 27 |   0.0000000000000000e+00 |   0.0000000000000000e+00 | 1
 43, 28 |   4.3749571053633800e-03 |   4.3749571053633800e-03 | 1
 43, 29 |   0.0000000000000000e+00 |   0.0000000000000000e+00 | 1
 43, 30 |   0.0000000000000000e+00 |   0.0000000000000000e+00 | 1
 43, 31 |   0.0000000000000000e+00 |   0.0000000000000000e+00 | 1
 43, 32 |   2.2013273424810920e-04 |   2.2013273424810920e-04 | 1
 43, 33 |   0.0000000000000000e+00 |   0.0000000000000000e+00 | 1
 43, 34 |   4.5149384202993314e-03 |   4.5149384202993314e-03 | 1
 43, 35 |  -9.2111637626086885e-04 |  -9.2111637626086885e-04 | 1
 43, 36 |  -1.6718561714923876e-03 |  -1.6718561714923876e-03 | 1
 43, 37 |  -1.7118870695359274e-03 |  -1.7118870695359274e-03 | 1
 43, 38 |  -2.0642567334012577e-03 |  -2.0642567334012577e-03 | 1
 43, 39 |  -5.1190741891712875e-05 |  -5.1190741891712875e-05 | 1
 43, 40 |  -3.8171134182778329e-08 |  -3.8171134182778329e-08 | 1
 43, 41 |  -7.5925262274005074e-05 |  -7.5925262274005074e-05 | 1
 43, 42 |   2.7191163732984494e-06 |   2.7191163732984494e-06 | 1
 43, 43 |   3.2906504218912576e-03 |   3.2906504218912576e-03 | 1
 43, 44 |   1.1810705933133139e-04 |   1.1810705933133139e-04 | 1
 44,  1 |   3.0761517378175148e-04 |   3.0761517378175148e-04 | 1
 44,  2 |   2.0019545934667781e-03 |   2.0019545934667781e-03 | 1
 44,  3 |   0.0000000000000000e+00 |   0.0000000000000000e+00 | 1
 44,  4 |   1.7235627099112393e-03 |   1.7235627099112393e-03 | 1
 44,  5 |   0.0000000000000000e+00 |   0.0000000000000000e+00 | 1
 44,  6 |   0.0000000000000000e+00 |   0.0000000000000000e+00 | 1
 44,  7 |   0.0000000000000000e+00 |   0.0000000000000000e+00 | 1
 44,  8 |   3.5175543722107839e-03 |   3.5175543722107839e-03 | 1
 44,  9 |   6.3118691300602056e-04 |   6.3118691300602056e-04 | 1
 44, 10 |   0.0000000000000000e+00 |   0.0000000000000000e+00 | 1
 44, 11 |   0.0000000000000000e+00 |   0.0000000000000000e+00 | 1
 44, 12 |   2.9878300962241965e-03 |   2.9878300962241965e-03 | 1
 44, 13 |   0.0000000000000000e+00 |   0.0000000000000000e+00 | 1
 44, 14 |   0.0000000000000000e+00 |   0.0000000000000000e+00 | 1
 44, 15 |   0.0000000000000000e+00 |   0.0000000000000000e+00 | 1
 44, 16 |   2.9848899420910121e-03 |   2.9848899420910121e-03 | 1
 44, 17 |   1.2356147366172593e-03 |   1.2356147366172593e-03 | 1
 44, 18 |   0.0000000000000000e+00 |   0.0000000000000000e+00 | 1
 44, 19 |   0.0000000000000000e+00 |   0.0000000000000000e+00 | 1
 44, 20 |   2.5313915650050679e-03 |   2.5313915650050679e-03 | 1
 44, 21 |   0.0000000000000000e+00 |   0.0000000000000000e+00 | 1
 44, 22 |   0.0000000000000000e+00 |   0.0000000000000000e+00 | 1
 44, 23 |   0.0000000000000000e+00 |   0.0000000000000000e+00 | 1
 44, 24 |   6.3781552250736888e-03 |   6.3781552250736888e-03 | 1
 44, 25 |   0.0000000000000000e+00 |   0.0000000000000000e+00 | 1
 44, 26 |   0.0000000000000000e+00 |   0.0000000000000000e+00 | 1
 44, 27 |   0.0000000000000000e+00 |   0.0000000000000000e+00 | 1
 44, 28 |   2.4029429334567172e-03 |   2.4029429334567172e-03 | 1
 44, 29 |   0.0000000000000000e+00 |   0.0000000000000000e+00 | 1
 44, 30 |   0.0000000000000000e+00 |   0.0000000000000000e+00 | 1
 44, 31 |   0.0000000000000000e+00 |   0.0000000000000000e+00 | 1
 44, 32 |  -2.4346170004101797e-03 |  -2.4346170004101797e-03 | 1
 44, 33 |   0.0000000000000000e+00 |   0.0000000000000000e+00 | 1
 44, 34 |   6.5852857771179687e-03 |   6.5852857771179687e-03 | 1
 44, 35 |  -1.1089661589933780e-03 |  -1.1089661589933780e-03 | 1
 44, 36 |  -1.5611174213478229e-04 |  -1.5611174213478229e-04 | 1
 44, 37 |  -9.9137931956070106e-05 |  -9.9137931956070106e-05 | 1
 44, 38 |  -3.4403223858179557e-04 |  -3.4403223858179557e-04 | 1
 44, 39 |  -1.4608266013753588e-04 |  -1.4608266013753588e-04 | 1
 44, 40 |  -9.9303199527650671e-08 |  -9.9303199527650671e-08 | 1
 44, 41 |   8.0494136452361026e-05 |   8.0494136452361026e-05 | 1
 44, 42 |  -1.0016744641383628e-05 |  -1.0016744641383628e-05 | 1
 44, 43 |   1.1810705933133139e-04 |   1.1810705933133139e-04 | 1
 44, 44 |   3.9398263422186150e-03 |   3.9398263422186150e-03 | 1
