row,col | V_base                   | V_new                    | equal
  1,  1 |   4.1276963837791839e-03 |   4.1276963837791839e-03 | 1
  1,  2 |   1.2291905939684031e-03 |   1.2291905939684031e-03 | 1
  1,  3 |   2.6905239761797640e-03 |   2.6905239761797640e-03 | 1
  1,  4 |   2.2810949174525779e-03 |   2.2810949174525779e-03 | 1
  1,  5 |   1.9827805443629843e-03 |   1.9827805443629843e-03 | 1
  1,  6 |   2.2184359958356498e-04 |   2.2184359958356498e-04 | 1
  1,  7 |   3.0776498063141530e-03 |   3.0776498063141530e-03 | 1
  1,  8 |   2.4008981203734237e-03 |   2.4008981203734237e-03 | 1
  1,  9 |   5.3037839371364841e-03 |   5.3037839371364841e-03 | 1
  1, 10 |   5.5239553771885015e-04 |   5.5239553771885015e-04 | 1
  1, 11 |   1.3132912039770057e-03 |   1.3132912039770057e-03 | 1
  1, 12 |   8.0570382060087388e-04 |   8.0570382060087388e-04 | 1
  1, 13 |   2.2875341792191091e-03 |   2.2875341792191091e-03 | 1
  1, 14 |   5.9401324465141415e-04 |   5.9401324465141415e-04 | 1
  1, 15 |   3.1769704253704601e-03 |   3.1769704253704601e-03 | 1
  1, 16 |   4.4413504580835414e-04 |   4.4413504580835414e-04 | 1
  1, 17 |   3.2805491565234420e-03 |   3.2805491565234420e-03 | 1
  1, 18 |   7.8682640365609132e-04 |   7.8682640365609132e-04 | 1
  1, 19 |   2.3663655440114913e-03 |   2.3663655440114913e-03 | 1
  1, 20 |   2.2359361305279994e-03 |   2.2359361305279994e-03 | 1
  1, 21 |   3.7857644724161219e-03 |   3.7857644724161219e-03 | 1
  1, 22 |   4.8367521116803695e-03 |   4.8367521116803695e-03 | 1
  1, 23 |   2.1187634446962946e-03 |   2.1187634446962946e-03 | 1
  1, 24 |   4.4447182830906241e-03 |   4.4447182830906241e-03 | 1
  1, 25 |   3.6560985376114337e-03 |   3.6560985376114337e-03 | 1
  1, 26 |   4.8386646418543033e-04 |   4.8386646418543033e-04 | 1
  1, 27 |   1.6359960191640328e-04 |   1.6359960191640328e-04 | 1
  1, 28 |   2.0685030889923536e-03 |   2.0685030889923536e-03 | 1
  1, 29 |   4.5887350514013173e-03 |   4.5887350514013173e-03 | 1
  1, 30 |   1.7626271404628615e-03 |   1.7626271404628615e-03 | 1
  1, 31 |   4.4700967209442711e-03 |   4.4700967209442711e-03 | 1
  1, 32 |   7.1096337734512412e-04 |   7.1096337734512412e-04 | 1
  1, 33 |   1.2780896367901419e-03 |   1.2780896367901419e-03 | 1
  1, 34 |   1.2834000196569450e-03 |   1.2834000196569450e-03 | 1
  1, 35 |  -9.7054553471459927e-04 |  -9.7054553471459927e-04 | 1
  1, 36 |  -1.7639390311611220e-03 |  -1.7639390311611220e-03 | 1
  1, 37 |  -2.1663703446722950e-03 |  -2.1663703446722950e-03 | 1
  1, 38 |  -2.6138720183650557e-03 |  -2.6138720183650557e-03 | 1
  1, 39 |  -7.6832301400407926e-05 |  -7.6832301400407926e-05 | 1
  1, 40 |  -9.0519027934412003e-08 |  -9.0519027934412003e-08 | 1
  1, 41 |   3.2128658866353065e-03 |   3.2128658866353065e-03 | 1
  1, 42 |  -6.2297393887844263e-04 |  -6.2297393887844263e-04 | 1
  2,  1 |   1.2291905939684031e-03 |   1.2291905939684031e-03 | 1
  2,  2 |   3.5965090517364072e-03 |   3.5965090517364072e-03 | 1
  2,  3 |  -7.1005514440675448e-04 |  -7.1005514440675448e-04 | 1
  2,  4 |  -6.1515137346023087e-05 |  -6.1515137346023087e-05 | 1
  2,  5 |   1.0907014209907918e-03 |   1.0907014209907918e-03 | 1
  2,  6 |   7.9118559517907944e-04 |   7.9118559517907944e-04 | 1
  2,  7 |  -2.4697829751605061e-04 |  -2.4697829751605061e-04 | 1
  2,  8 |   7.0336211054312036e-04 |   7.0336211054312036e-04 | 1
  2,  9 |   5.8557632069064372e-04 |   5.8557632069064372e-04 | 1
  2, 10 |   4.2822886962987875e-04 |   4.2822886962987875e-04 | 1
  2, 11 |   8.9275577165162147e-04 |   8.9275577165162147e-04 | 1
  2, 12 |  -1.6925370891445698e-03 |  -1.6925370891445698e-03 | 1
  2, 13 |  -1.8232782520594217e-03 |  -1.8232782520594217e-03 | 1
  2, 14 |  -8.1639831702235918e-04 |  -8.1639831702235918e-04 | 1
  2, 15 |   1.1202402885942670e-03 |   1.1202402885942670e-03 | 1
  2, 16 |  -8.7206017719804402e-04 |  -8.7206017719804402e-04 | 1
  2, 17 |   2.1511707814244507e-03 |   2.1511707814244507e-03 | 1
  2, 18 |  -7.7114979911853756e-04 |  -7.7114979911853756e-04 | 1
  2, 19 |  -1.6379959107038666e-03 |  -1.6379959107038666e-03 | 1
  2, 20 |  -2.3327979329536465e-04 |  -2.3327979329536465e-04 | 1
  2, 21 |   2.4382680172280700e-03 |   2.4382680172280700e-03 | 1
  2, 22 |  -3.5924410059778628e-03 |  -3.5924410059778628e-03 | 1
  2, 23 |   6.7153437996245570e-03 |   6.7153437996245570e-03 | 1
  2, 24 |   3.0173713010455587e-03 |   3.0173713010455587e-03 | 1
  2, 25 |   1.8077568586479964e-03 |   1.8077568586479964e-03 | 1
  2, 26 |   5.9328973759566386e-03 |   5.9328973759566386e-03 | 1
  2, 27 |  -2.5715781759427002e-03 |  -2.5715781759427002e-03 | 1
  2, 28 |  -1.7386065814307803e-04 |  -1.7386065814307803e-04 | 1
  2, 29 |  -5.3637509897078934e-05 |  -5.3637509897078934e-05 | 1
  2, 30 |   7.3307180528775083e-04 |   7.3307180528775083e-04 | 1
  2, 31 |  -2.4420306638751389e-03 |  -2.4420306638751389e-03 | 1
  2, 32 |   7.0455237964491732e-06 |   7.0455237964491732e-06 | 1
  2, 33 |  -1.6741516946278388e-03 |  -1.6741516946278388e-03 | 1
  2, 34 |   1.2280821081838268e-04 |   1.2280821081838268e-04 | 1
  2, 35 |  -1.3746042791467500e-03 |  -1.3746042791467500e-03 | 1
  2, 36 |  -3.8534763915118323e-04 |  -3.8534763915118323e-04 | 1
  2, 37 |  -6.5402971012497519e-04 |  -6.5402971012497519e-04 | 1
  2, 38 |  -7.6073066433038784e-04 |  -7.6073066433038784e-04 | 1
  2, 39 |  -7.9121529078485155e-05 |  -7.9121529078485155e-05 | 1
  2, 40 |  -1.7178225467155900e-07 |  -1.7178225467155900e-07 | 1
  2, 41 |   7.6115979812234336e-04 |   7.6115979812234336e-04 | 1
  2, 42 |   7.2125825501860087e-04 |   7.2125825501860087e-04 | 1
  3,  1 |   2.6905239761797640e-03 |   2.6905239761797640e-03 | 1
  3,  2 |  -7.1005514440675448e-04 |  -7.1005514440675448e-04 | 1
  3,  3 |   1.0769650345975441e-02 |   1.0769650345975441e-02 | 1
  3,  4 |   2.7074574282414787e-03 |   2.7074574282414787e-03 | 1
  3,  5 |   1.7517255190134700e-03 |   1.7517255190134700e-03 | 1
  3,  6 |  -1.7733972990364724e-03 |  -1.7733972990364724e-03 | 1
  3,  7 |   3.0894193463604424e-03 |   3.0894193463604424e-03 | 1
  3,  8 |   4.7915681516203989e-03 |   4.7915681516203989e-03 | 1
  3,  9 |   8.1624440737653129e-03 |   8.1624440737653129e-03 | 1
  3, 10 |  -2.8217411583106285e-03 |  -2.8217411583106285e-03 | 1
  3, 11 |   5.3396051510134481e-04 |   5.3396051510134481e-04 | 1
  3, 12 |   2.6288772208781522e-04 |   2.6288772208781522e-04 | 1
  3, 13 |   4.0198176785848578e-03 |   4.0198176785848578e-03 | 1
  3, 14 |   3.3729470719993477e-03 |   3.3729470719993477e-03 | 1
  3, 15 |   2.3962258866972001e-03 |   2.3962258866972001e-03 | 1
  3, 16 |   2.7620187398436514e-03 |   2.7620187398436514e-03 | 1
  3, 17 |   3.7054182301280193e-03 |   3.7054182301280193e-03 | 1
  3, 18 |  -3.8263809558669939e-04 |  -3.8263809558669939e-04 | 1
  3, 19 |   8.0625727806225532e-03 |   8.0625727806225532e-03 | 1
  3, 20 |   2.2451491750621324e-03 |   2.2451491750621324e-03 | 1
  3, 21 |   9.9195620573760482e-03 |   9.9195620573760482e-03 | 1
  3, 22 |  -4.4506426138696950e-03 |  -4.4506426138696950e-03 | 1
  3, 23 |   6.3624642841125659e-03 |   6.3624642841125659e-03 | 1
  3, 24 |   4.9269708636800157e-03 |   4.9269708636800157e-03 | 1
  3, 25 |   2.0280864495997330e-03 |   2.0280864495997330e-03 | 1
  3, 26 |  -2.9825898050342475e-03 |  -2.9825898050342475e-03 | 1
  3, 27 |   5.4479787542133958e-03 |   5.4479787542133958e-03 | 1
  3, 28 |   2.5895973762575008e-03 |   2.5895973762575008e-03 | 1
  3, 29 |   6.0899913110039738e-03 |   6.0899913110039738e-03 | 1
  3, 30 |   3.6624623361342576e-03 |   3.6624623361342576e-03 | 1
  3, 31 |  -1.6477377333408978e-03 |  -1.6477377333408978e-03 | 1
  3, 32 |   8.0657499428077708e-04 |   8.0657499428077708e-04 | 1
  3, 33 |   3.7905142969299073e-03 |   3.7905142969299073e-03 | 1
  3, 34 |   2.7013025596302215e-03 |   2.7013025596302215e-03 | 1
  3, 35 |  -2.1195757919358660e-04 |  -2.1195757919358660e-04 | 1
  3, 36 |  -1.5714346092632766e-03 |  -1.5714346092632766e-03 | 1
  3, 37 |  -1.4120143657510077e-03 |  -1.4120143657510077e-03 | 1
  3, 38 |  -2.9265776726662210e-03 |  -2.9265776726662210e-03 | 1
  3, 39 |   7.1094341642674756e-05 |   7.1094341642674756e-05 | 1
  3, 40 |   2.9398945446025765e-08 |   2.9398945446025765e-08 | 1
  3, 41 |   2.7773936439746509e-03 |   2.7773936439746509e-03 | 1
  3, 42 |  -3.5754450571873391e-06 |  -3.5754450571873391e-06 | 1
  4,  1 |   2.2810949174525779e-03 |   2.2810949174525779e-03 | 1
  4,  2 |  -6.1515137346023087e-05 |  -6.1515137346023087e-05 | 1
  4,  3 |   2.7074574282414787e-03 |   2.7074574282414787e-03 | 1
  4,  4 |   2.8150099406414122e-03 |   2.8150099406414122e-03 | 1
  4,  5 |   1.0738222300432478e-03 |   1.0738222300432478e-03 | 1
  4,  6 |  -4.4495123561106968e-04 |  -4.4495123561106968e-04 | 1
  4,  7 |   4.7047940433034875e-03 |   4.7047940433034875e-03 | 1
  4,  8 |   1.8157929558424825e-03 |   1.8157929558424825e-03 | 1
  4,  9 |   3.4763151176027472e-03 |   3.4763151176027472e-03 | 1
  4, 10 |  -1.5841028244792756e-03 |  -1.5841028244792756e-03 | 1
  4, 11 |   8.3175088746605401e-04 |   8.3175088746605401e-04 | 1
  4, 12 |   1.9554556627922417e-03 |   1.9554556627922417e-03 | 1
  4, 13 |   2.3684857266176662e-03 |   2.3684857266176662e-03 | 1
  4, 14 |   3.3524189027254602e-03 |   3.3524189027254602e-03 | 1
  4, 15 |  -1.9097185865677570e-03 |  -1.9097185865677570e-03 | 1
  4, 16 |   5.2161774589505453e-04 |   5.2161774589505453e-04 | 1
  4, 17 |   1.8292957713584273e-03 |   1.8292957713584273e-03 | 1
  4, 18 |   2.1544302811665359e-03 |   2.1544302811665359e-03 | 1
  4, 19 |   3.4414168485455464e-03 |   3.4414168485455464e-03 | 1
  4, 20 |   2.8665468398459213e-03 |   2.8665468398459213e-03 | 1
  4, 21 |  -3.0851246483126729e-03 |  -3.0851246483126729e-03 | 1
  4, 22 |   3.2853362149381760e-03 |   3.2853362149381760e-03 | 1
  4, 23 |   4.9787474170466333e-04 |   4.9787474170466333e-04 | 1
  4, 24 |   3.6516089808713501e-03 |   3.6516089808713501e-03 | 1
  4, 25 |   1.5666935171648657e-03 |   1.5666935171648657e-03 | 1
  4, 26 |  -1.3030879115133972e-03 |  -1.3030879115133972e-03 | 1
  4, 27 |   1.9676255381177181e-03 |   1.9676255381177181e-03 | 1
  4, 28 |   1.8959218944132831e-03 |   1.8959218944132831e-03 | 1
  4, 29 |   5.2410392611643456e-03 |   5.2410392611643456e-03 | 1
  4, 30 |   1.7255250108062174e-03 |   1.7255250108062174e-03 | 1
  4, 31 |   4.5460091715032467e-03 |   4.5460091715032467e-03 | 1
  4, 32 |   4.3054304377604228e-04 |   4.3054304377604228e-04 | 1
  4, 33 |   3.6831193203271497e-03 |   3.6831193203271497e-03 | 1
  4, 34 |   1.3571850251923941e-03 |   1.3571850251923941e-03 | 1
  4, 35 |  -1.0682922106163425e-03 |  -1.0682922106163425e-03 | 1
  4, 36 |  -1.8770555684336041e-03 |  -1.8770555684336041e-03 | 1
  4, 37 |  -1.9772964553984715e-03 |  -1.9772964553984715e-03 | 1
  4, 38 |  -2.1808971472390714e-03 |  -2.1808971472390714e-03 | 1
  4, 39 |  -8.3677254404497379e-05 |  -8.3677254404497379e-05 | 1
  4, 40 |   1.0783053165857581e-07 |   1.0783053165857581e-07 | 1
  4, 41 |   2.5851433013368156e-03 |   2.5851433013368156e-03 | 1
  4, 42 |   1.6446270030171024e-04 |   1.6446270030171024e-04 | 1
  5,  1 |   1.9827805443629843e-03 |   1.9827805443629843e-03 | 1
  5,  2 |   1.0907014209907918e-03 |   1.0907014209907918e-03 | 1
  5,  3 |   1.7517255190134700e-03 |   1.7517255190134700e-03 | 1
  5,  4 |   1.0738222300432478e-03 |   1.0738222300432478e-03 | 1
  5,  5 |   3.0483430242854392e-02 |   3.0483430242854392e-02 | 1
  5,  6 |   2.2966963900824013e-03 |   2.2966963900824013e-03 | 1
  5,  7 |   7.5411397517433460e-03 |   7.5411397517433460e-03 | 1
  5,  8 |   9.0814797560616632e-05 |   9.0814797560616632e-05 | 1
  5,  9 |  -8.7118704111071546e-04 |  -8.7118704111071546e-04 | 1
  5, 10 |   3.9991840500786021e-03 |   3.9991840500786021e-03 | 1
  5, 11 |   1.4957783194493226e-03 |   1.4957783194493226e-03 | 1
  5, 12 |  -7.0093746563731343e-03 |  -7.0093746563731343e-03 | 1
  5, 13 |  -3.9829911678241911e-03 |  -3.9829911678241911e-03 | 1
  5, 14 |   7.4090251232251450e-03 |   7.4090251232251450e-03 | 1
  5, 15 |   2.7735991938659568e-02 |   2.7735991938659568e-02 | 1
  5, 16 |   6.4864298925010454e-03 |   6.4864298925010454e-03 | 1
  5, 17 |   3.0266464517777654e-03 |   3.0266464517777654e-03 | 1
  5, 18 |   5.1300316127429867e-03 |   5.1300316127429867e-03 | 1
  5, 19 |   1.4614868949107298e-03 |   1.4614868949107298e-03 | 1
  5, 20 |  -2.5271024118331989e-03 |  -2.5271024118331989e-03 | 1
  5, 21 |   5.9252357069484798e-03 |   5.9252357069484798e-03 | 1
  5, 22 |   1.5788377097688999e-02 |   1.5788377097688999e-02 | 1
  5, 23 |   1.0672931033564158e-02 |   1.0672931033564158e-02 | 1
  5, 24 |   3.9450464810559249e-03 |   3.9450464810559249e-03 | 1
  5, 25 |  -5.5658474111612913e-03 |  -5.5658474111612913e-03 | 1
  5, 26 |  -1.9728522011397340e-02 |  -1.9728522011397340e-02 | 1
  5, 27 |   7.7438681317566881e-03 |   7.7438681317566881e-03 | 1
  5, 28 |   4.2309522686675670e-03 |   4.2309522686675670e-03 | 1
  5, 29 |   5.3804423320126865e-03 |   5.3804423320126865e-03 | 1
  5, 30 |   5.2404390147516872e-03 |   5.2404390147516872e-03 | 1
  5, 31 |   8.1770601154454534e-03 |   8.1770601154454534e-03 | 1
  5, 32 |   6.6573636929177782e-04 |   6.6573636929177782e-04 | 1
  5, 33 |   2.7793191399360546e-03 |   2.7793191399360546e-03 | 1
  5, 34 |   1.1628460924721050e-03 |   1.1628460924721050e-03 | 1
  5, 35 |  -1.3417966090178497e-03 |  -1.3417966090178497e-03 | 1
  5, 36 |  -1.6696609974623917e-03 |  -1.6696609974623917e-03 | 1
  5, 37 |  -3.3068258312126488e-03 |  -3.3068258312126488e-03 | 1
  5, 38 |  -1.3257285476554787e-03 |  -1.3257285476554787e-03 | 1
  5, 39 |  -1.6451472845590805e-04 |  -1.6451472845590805e-04 | 1
  5, 40 |  -2.9765580975502190e-07 |  -2.9765580975502190e-07 | 1
  5, 41 |   2.3488121909133867e-03 |   2.3488121909133867e-03 | 1
  5, 42 |  -4.6620740431003657e-04 |  -4.6620740431003657e-04 | 1
  6,  1 |   2.2184359958356498e-04 |   2.2184359958356498e-04 | 1
  6,  2 |   7.9118559517907944e-04 |   7.9118559517907944e-04 | 1
  6,  3 |  -1.7733972990364724e-03 |  -1.7733972990364724e-03 | 1
  6,  4 |  -4.4495123561106968e-04 |  -4.4495123561106968e-04 | 1
  6,  5 |   2.2966963900824013e-03 |   2.2966963900824013e-03 | 1
  6,  6 |   7.8944956127913208e-03 |   7.8944956127913208e-03 | 1
  6,  7 |  -4.2489732323292603e-04 |  -4.2489732323292603e-04 | 1
  6,  8 |  -2.0018560744601557e-03 |  -2.0018560744601557e-03 | 1
  6,  9 |  -3.0916534654744990e-03 |  -3.0916534654744990e-03 | 1
  6, 10 |  -8.8290242910042454e-04 |  -8.8290242910042454e-04 | 1
  6, 11 |   1.2317183277193952e-03 |   1.2317183277193952e-03 | 1
  6, 12 |   1.5133302139100494e-05 |   1.5133302139100494e-05 | 1
  6, 13 |  -9.6962051809219277e-04 |  -9.6962051809219277e-04 | 1
  6, 14 |   4.9509776618415161e-04 |   4.9509776618415161e-04 | 1
  6, 15 |  -3.0263070071413964e-05 |  -3.0263070071413964e-05 | 1
  6, 16 |   4.6065036408951158e-05 |   4.6065036408951158e-05 | 1
  6, 17 |   4.2459759230690581e-04 |   4.2459759230690581e-04 | 1
  6, 18 |  -1.7948948429712331e-04 |  -1.7948948429712331e-04 | 1
  6, 19 |  -2.0017928763144083e-03 |  -2.0017928763144083e-03 | 1
  6, 20 |  -1.0258199102917520e-03 |  -1.0258199102917520e-03 | 1
  6, 21 |  -9.4106359579730831e-04 |  -9.4106359579730831e-04 | 1
  6, 22 |   5.3464330098633561e-03 |   5.3464330098633561e-03 | 1
  6, 23 |   2.2103147807891180e-04 |   2.2103147807891180e-04 | 1
  6, 24 |  -1.0576350013927327e-04 |  -1.0576350013927327e-04 | 1
  6, 25 |   1.2378889526468749e-03 |   1.2378889526468749e-03 | 1
  6, 26 |   1.7846286097306006e-03 |   1.7846286097306006e-03 | 1
  6, 27 |   1.2120705397416121e-04 |   1.2120705397416121e-04 | 1
  6, 28 |  -9.1566621428351746e-04 |  -9.1566621428351746e-04 | 1
  6, 29 |  -4.5326479931598947e-04 |  -4.5326479931598947e-04 | 1
  6, 30 |   9.6710344125013178e-04 |   9.6710344125013178e-04 | 1
  6, 31 |   4.4024460404836619e-04 |   4.4024460404836619e-04 | 1
  6, 32 |   1.1386841248113961e-03 |   1.1386841248113961e-03 | 1
  6, 33 |  -7.1176084564365883e-03 |  -7.1176084564365883e-03 | 1
  6, 34 |   2.0488351653390343e-03 |   2.0488351653390343e-03 | 1
  6, 35 |  -3.5558350922871716e-04 |  -3.5558350922871716e-04 | 1
  6, 36 |  -7.1388121921909251e-04 |  -7.1388121921909251e-04 | 1
  6, 37 |  -1.1638955103424626e-03 |  -1.1638955103424626e-03 | 1
  6, 38 |  -1.0460198693422866e-03 |  -1.0460198693422866e-03 | 1
  6, 39 |  -4.8477041587660755e-05 |  -4.8477041587660755e-05 | 1
  6, 40 |  -2.8428535062035399e-08 |  -2.8428535062035399e-08 | 1
  6, 41 |   8.9645190810233805e-04 |   8.9645190810233805e-04 | 1
  6, 42 |  -3.7671339530453556e-04 |  -3.7671339530453556e-04 | 1
  7,  1 |   3.0776498063141530e-03 |   3.0776498063141530e-03 | 1
  7,  2 |  -2.4697829751605061e-04 |  -2.4697829751605061e-04 | 1
  7,  3 |   3.0894193463604424e-03 |   3.0894193463604424e-03 | 1
  7,  4 |   4.7047940433034875e-03 |   4.7047940433034875e-03 | 1
  7,  5 |   7.5411397517433460e-03 |   7.5411397517433460e-03 | 1
  7,  6 |  -4.2489732323292603e-04 |  -4.2489732323292603e-04 | 1
  7,  7 |   2.4440085215217226e-02 |   2.4440085215217226e-02 | 1
  7,  8 |   2.6064243174312735e-03 |   2.6064243174312735e-03 | 1
  7,  9 |   1.3808298196517913e-02 |   1.3808298196517913e-02 | 1
  7, 10 |  -7.9833727073970288e-03 |  -7.9833727073970288e-03 | 1
  7, 11 |   7.4134594520449434e-04 |   7.4134594520449434e-04 | 1
  7, 12 |   2.1250255272790520e-03 |   2.1250255272790520e-03 | 1
  7, 13 |   2.5658676987650860e-03 |   2.5658676987650860e-03 | 1
  7, 14 |   8.6518772909552552e-03 |   8.6518772909552552e-03 | 1
  7, 15 |   1.7023627823076759e-02 |   1.7023627823076759e-02 | 1
  7, 16 |   3.1082047372121458e-03 |   3.1082047372121458e-03 | 1
  7, 17 |  -2.7646949290880698e-04 |  -2.7646949290880698e-04 | 1
  7, 18 |   3.1595740375327517e-03 |   3.1595740375327517e-03 | 1
  7, 19 |   5.1333647752749593e-03 |   5.1333647752749593e-03 | 1
  7, 20 |   1.0141652316469522e-02 |   1.0141652316469522e-02 | 1
  7, 21 |  -1.4563416049986466e-02 |  -1.4563416049986466e-02 | 1
  7, 22 |   1.3506697472416979e-02 |   1.3506697472416979e-02 | 1
  7, 23 |   1.3974949032575446e-02 |   1.3974949032575446e-02 | 1
  7, 24 |   5.6538976937186639e-03 |   5.6538976937186639e-03 | 1
  7, 25 |   6.4781171124239959e-04 |   6.4781171124239959e-04 | 1
  7, 26 |   6.3854965866793449e-03 |   6.3854965866793449e-03 | 1
  7, 27 |  -1.0021281328454344e-03 |  -1.0021281328454344e-03 | 1
  7, 28 |   1.0656111595826722e-02 |   1.0656111595826722e-02 | 1
  7, 29 |   1.2361736547670378e-02 |   1.2361736547670378e-02 | 1
  7, 30 |   3.9581430307766736e-03 |   3.9581430307766736e-03 | 1
  7, 31 |   6.1685159508676167e-03 |   6.1685159508676167e-03 | 1
  7, 32 |   1.3800793253552659e-03 |   1.3800793253552659e-03 | 1
  7, 33 |   4.5575322842564877e-03 |   4.5575322842564877e-03 | 1
  7, 34 |   2.6123988838226966e-03 |   2.6123988838226966e-03 | 1
  7, 35 |  -1.9155236737553130e-03 |  -1.9155236737553130e-03 | 1
  7, 36 |  -2.7850615260497590e-03 |  -2.7850615260497590e-03 | 1
  7, 37 |  -2.3905860132440843e-03 |  -2.3905860132440843e-03 | 1
  7, 38 |  -2.9351796384613285e-03 |  -2.9351796384613285e-03 | 1
  7, 39 |  -5.2996228720169735e-05 |  -5.2996228720169735e-05 | 1
  7, 40 |   2.6880647387457576e-07 |   2.6880647387457576e-07 | 1
  7, 41 |   5.2970310840328143e-03 |   5.2970310840328143e-03 | 1
  7, 42 |  -9.7000579807877952e-04 |  -9.7000579807877952e-04 | 1
  8,  1 |   2.4008981203734237e-03 |   2.4008981203734237e-03 | 1
  8,  2 |   7.0336211054312036e-04 |   7.0336211054312036e-04 | 1
  8,  3 |   4.7915681516203989e-03 |   4.7915681516203989e-03 | 1
  8,  4 |   1.8157929558424825e-03 |   1.8157929558424825e-03 | 1
  8,  5 |   9.0814797560616632e-05 |   9.0814797560616632e-05 | 1
  8,  6 |  -2.0018560744601557e-03 |  -2.0018560744601557e-03 | 1
  8,  7 |   2.6064243174312735e-03 |   2.6064243174312735e-03 | 1
  8,  8 |   4.6703817541994038e-03 |   4.6703817541994038e-03 | 1
  8,  9 |   4.0203400325025222e-03 |   4.0203400325025222e-03 | 1
  8, 10 |  -1.4930059313054522e-04 |  -1.4930059313054522e-04 | 1
  8, 11 |   3.6452950310743900e-04 |   3.6452950310743900e-04 | 1
  8, 12 |   8.0764638461630384e-04 |   8.0764638461630384e-04 | 1
  8, 13 |   6.4474552574359367e-03 |   6.4474552574359367e-03 | 1
  8, 14 |   1.2481971997654814e-03 |   1.2481971997654814e-03 | 1
  8, 15 |   3.9247802570949435e-03 |   3.9247802570949435e-03 | 1
  8, 16 |   7.3180090315079916e-04 |   7.3180090315079916e-04 | 1
  8, 17 |   1.4301439619625678e-03 |   1.4301439619625678e-03 | 1
  8, 18 |   6.2601706102016091e-04 |   6.2601706102016091e-04 | 1
  8, 19 |   4.1212406285855534e-03 |   4.1212406285855534e-03 | 1
  8, 20 |   3.8147275357770663e-03 |   3.8147275357770663e-03 | 1
  8, 21 |   9.4283995424000364e-04 |   9.4283995424000364e-04 | 1
  8, 22 |  -6.0729505056658813e-03 |  -6.0729505056658813e-03 | 1
  8, 23 |   1.0476106877949296e-03 |   1.0476106877949296e-03 | 1
  8, 24 |   4.7451276261645595e-03 |   4.7451276261645595e-03 | 1
  8, 25 |  -3.0065905731515284e-04 |  -3.0065905731515284e-04 | 1
  8, 26 |  -2.0862193468469416e-03 |  -2.0862193468469416e-03 | 1
  8, 27 |   2.4187492188006646e-03 |   2.4187492188006646e-03 | 1
  8, 28 |   2.2362997251984379e-03 |   2.2362997251984379e-03 | 1
  8, 29 |   4.7569576426779760e-03 |   4.7569576426779760e-03 | 1
  8, 30 |   2.8361733111808458e-03 |   2.8361733111808458e-03 | 1
  8, 31 |  -1.0293424545659065e-03 |  -1.0293424545659065e-03 | 1
  8, 32 |   5.3158736631104099e-04 |   5.3158736631104099e-04 | 1
  8, 33 |   4.6376391309369963e-03 |   4.6376391309369963e-03 | 1
  8, 34 |   7.9688385549298393e-04 |   7.9688385549298393e-04 | 1
  8, 35 |  -2.7179606117220232e-04 |  -2.7179606117220232e-04 | 1
  8, 36 |  -1.0404684447875296e-03 |  -1.0404684447875296e-03 | 1
  8, 37 |  -1.4859143888198197e-03 |  -1.4859143888198197e-03 | 1
  8, 38 |  -2.4141775056163743e-03 |  -2.4141775056163743e-03 | 1
  8, 39 |  -6.7493375777125548e-05 |  -6.7493375777125548e-05 | 1
  8, 40 |   3.2282175789733847e-09 |   3.2282175789733847e-09 | 1
  8, 41 |   2.1664578991829908e-03 |   2.1664578991829908e-03 | 1
  8, 42 |   6.2964328759086067e-04 |   6.2964328759086067e-04 | 1
  9,  1 |   5.3037839371364841e-03 |   5.3037839371364841e-03 | 1
  9,  2 |   5.8557632069064372e-04 |   5.8557632069064372e-04 | 1
  9,  3 |   8.1624440737653129e-03 |   8.1624440737653129e-03 | 1
  9,  4 |   3.4763151176027472e-03 |   3.4763151176027472e-03 | 1
  9,  5 |  -8.7118704111071546e-04 |  -8.7118704111071546e-04 | 1
  9,  6 |  -3.0916534654744990e-03 |  -3.0916534654744990e-03 | 1
  9,  7 |   1.3808298196517913e-02 |   1.3808298196517913e-02 | 1
  9,  8 |   4.0203400325025222e-03 |   4.0203400325025222e-03 | 1
  9,  9 |   2.4648652621893457e-02 |   2.4648652621893457e-02 | 1
  9, 10 |   1.5339918063602261e-04 |   1.5339918063602261e-04 | 1
  9, 11 |   1.2787793279689919e-03 |   1.2787793279689919e-03 | 1
  9, 12 |   6.1716631178973611e-03 |   6.1716631178973611e-03 | 1
  9, 13 |   3.1300368900109201e-03 |   3.1300368900109201e-03 | 1
  9, 14 |   4.3913631328023842e-03 |   4.3913631328023842e-03 | 1
  9, 15 |   1.4964319683903413e-02 |   1.4964319683903413e-02 | 1
  9, 16 |   1.3996760091944328e-03 |   1.3996760091944328e-03 | 1
  9, 17 |   4.5179707592065896e-03 |   4.5179707592065896e-03 | 1
  9, 18 |  -3.5146791243680867e-03 |  -3.5146791243680867e-03 | 1
  9, 19 |   6.7865170851129381e-03 |   6.7865170851129381e-03 | 1
  9, 20 |   7.6368277390477263e-03 |   7.6368277390477263e-03 | 1
  9, 21 |   3.2643984652806690e-03 |   3.2643984652806690e-03 | 1
  9, 22 |   4.7877181605107608e-03 |   4.7877181605107608e-03 | 1
  9, 23 |   2.8950505500848515e-03 |   2.8950505500848515e-03 | 1
  9, 24 |   7.2875329422753578e-03 |   7.2875329422753578e-03 | 1
  9, 25 |   9.1221743926535766e-03 |   9.1221743926535766e-03 | 1
  9, 26 |   2.0378720383808259e-02 |   2.0378720383808259e-02 | 1
  9, 27 |  -6.9657838045992827e-03 |  -6.9657838045992827e-03 | 1
  9, 28 |   9.4208543107314555e-03 |   9.4208543107314555e-03 | 1
  9, 29 |   6.1596931477763935e-03 |   6.1596931477763935e-03 | 1
  9, 30 |   2.5747094836778674e-03 |   2.5747094836778674e-03 | 1
  9, 31 |   3.2836393604357078e-03 |   3.2836393604357078e-03 | 1
  9, 32 |   1.0895916402194421e-03 |   1.0895916402194421e-03 | 1
  9, 33 |   6.5300130612817734e-04 |   6.5300130612817734e-04 | 1
  9, 34 |   3.6121169691886515e-03 |   3.6121169691886515e-03 | 1
  9, 35 |  -1.1834959690710423e-03 |  -1.1834959690710423e-03 | 1
  9, 36 |  -2.4270695134303044e-03 |  -2.4270695134303044e-03 | 1
  9, 37 |  -1.4088275799103772e-03 |  -1.4088275799103772e-03 | 1
  9, 38 |  -3.9035200980973737e-03 |  -3.9035200980973737e-03 | 1
  9, 39 |   5.2067121802972197e-05 |   5.2067121802972197e-05 | 1
  9, 40 |   8.4470829582335711e-08 |   8.4470829582335711e-08 | 1
  9, 41 |   5.5173245836105129e-03 |   5.5173245836105129e-03 | 1
  9, 42 |  -1.4861142876455532e-03 |  -1.4861142876455532e-03 | 1
 10,  1 |   5.5239553771885015e-04 |   5.5239553771885015e-04 | 1
 10,  2 |   4.2822886962987875e-04 |   4.2822886962987875e-04 | 1
 10,  3 |  -2.8217411583106285e-03 |  -2.8217411583106285e-03 | 1
 10,  4 |  -1.5841028244792756e-03 |  -1.5841028244792756e-03 | 1
 10,  5 |   3.9991840500786021e-03 |   3.9991840500786021e-03 | 1
 10,  6 |  -8.8290242910042454e-04 |  -8.8290242910042454e-04 | 1
 10,  7 |  -7.9833727073970288e-03 |  -7.9833727073970288e-03 | 1
 10,  8 |  -1.4930059313054522e-04 |  -1.4930059313054522e-04 | 1
 10,  9 |   1.5339918063602261e-04 |   1.5339918063602261e-04 | 1
 10, 10 |   1.5598868078995761e-02 |   1.5598868078995761e-02 | 1
 10, 11 |   9.9378384619642482e-04 |   9.9378384619642482e-04 | 1
 10, 12 |   2.6986366908419044e-03 |   2.6986366908419044e-03 | 1
 10, 13 |   1.9964186899988261e-03 |   1.9964186899988261e-03 | 1
 10, 14 |  -1.1859034846975142e-03 |  -1.1859034846975142e-03 | 1
 10, 15 |   1.5904108300442730e-02 |   1.5904108300442730e-02 | 1
 10, 16 |   2.6406642294201938e-04 |   2.6406642294201938e-04 | 1
 10, 17 |   2.8873705519907897e-03 |   2.8873705519907897e-03 | 1
 10, 18 |  -9.8831465691803983e-05 |  -9.8831465691803983e-05 | 1
 10, 19 |  -2.5206473047622623e-03 |  -2.5206473047622623e-03 | 1
 10, 20 |  -2.1021090604428799e-03 |  -2.1021090604428799e-03 | 1
 10, 21 |   4.5203002718507560e-03 |   4.5203002718507560e-03 | 1
 10, 22 |  -2.2308019914584034e-03 |  -2.2308019914584034e-03 | 1
 10, 23 |  -1.4981555486955398e-02 |  -1.4981555486955398e-02 | 1
 10, 24 |   2.7180940648713452e-03 |   2.7180940648713452e-03 | 1
 10, 25 |  -1.7585350978222135e-03 |  -1.7585350978222135e-03 | 1
 10, 26 |  -5.5903169810758415e-05 |  -5.5903169810758415e-05 | 1
 10, 27 |  -8.9464673727539441e-04 |  -8.9464673727539441e-04 | 1
 10, 28 |   7.0297683553567157e-06 |   7.0297683553567157e-06 | 1
 10, 29 |  -3.2358420786435154e-03 |  -3.2358420786435154e-03 | 1
 10, 30 |   2.1122550493250470e-03 |   2.1122550493250470e-03 | 1
 10, 31 |   2.1455005940629115e-03 |   2.1455005940629115e-03 | 1
 10, 32 |   9.1242114167424488e-05 |   9.1242114167424488e-05 | 1
 10, 33 |  -9.3049963323093481e-04 |  -9.3049963323093481e-04 | 1
 10, 34 |  -9.5298258225369942e-05 |  -9.5298258225369942e-05 | 1
 10, 35 |   7.2450502281418833e-04 |   7.2450502281418833e-04 | 1
 10, 36 |  -1.8361464536172372e-04 |  -1.8361464536172372e-04 | 1
 10, 37 |  -1.5890153846905429e-03 |  -1.5890153846905429e-03 | 1
 10, 38 |  -1.3741748661627437e-03 |  -1.3741748661627437e-03 | 1
 10, 39 |  -1.3404979209605142e-04 |  -1.3404979209605142e-04 | 1
 10, 40 |  -1.7778708624410110e-07 |  -1.7778708624410110e-07 | 1
 10, 41 |   6.3101759035393842e-05 |   6.3101759035393842e-05 | 1
 10, 42 |   7.9683096006924752e-04 |   7.9683096006924752e-04 | 1
 11,  1 |   1.3132912039770057e-03 |   1.3132912039770057e-03 | 1
 11,  2 |   8.9275577165162147e-04 |   8.9275577165162147e-04 | 1
 11,  3 |   5.3396051510134481e-04 |   5.3396051510134481e-04 | 1
 11,  4 |   8.3175088746605401e-04 |   8.3175088746605401e-04 | 1
 11,  5 |   1.4957783194493226e-03 |   1.4957783194493226e-03 | 1
 11,  6 |   1.2317183277193952e-03 |   1.2317183277193952e-03 | 1
 11,  7 |   7.4134594520449434e-04 |   7.4134594520449434e-04 | 1
 11,  8 |   3.6452950310743900e-04 |   3.6452950310743900e-04 | 1
 11,  9 |   1.2787793279689919e-03 |   1.2787793279689919e-03 | 1
 11, 10 |   9.9378384619642482e-04 |   9.9378384619642482e-04 | 1
 11, 11 |   9.7284597192878991e-04 |   9.7284597192878991e-04 | 1
 11, 12 |  -1.3852058450596884e-05 |  -1.3852058450596884e-05 | 1
 11, 13 |  -3.8566818847819034e-04 |  -3.8566818847819034e-04 | 1
 11, 14 |   1.3020919306698301e-03 |   1.3020919306698301e-03 | 1
 11, 15 |   1.3217060933975741e-03 |   1.3217060933975741e-03 | 1
 11, 16 |   2.1522954044247598e-04 |   2.1522954044247598e-04 | 1
 11, 17 |   1.7046456996286585e-03 |   1.7046456996286585e-03 | 1
 11, 18 |   1.5173047231570189e-04 |   1.5173047231570189e-04 | 1
 11, 19 |   4.7622314606253784e-04 |   4.7622314606253784e-04 | 1
 11, 20 |  -7.4047923718571603e-06 |  -7.4047923718571603e-06 | 1
 11, 21 |   2.0640434664737168e-04 |   2.0640434664737168e-04 | 1
 11, 22 |   2.2182210503272951e-03 |   2.2182210503272951e-03 | 1
 11, 23 |   1.4425456034828906e-03 |   1.4425456034828906e-03 | 1
 11, 24 |   2.8009687864543179e-03 |   2.8009687864543179e-03 | 1
 11, 25 |   1.7569078600689720e-03 |   1.7569078600689720e-03 | 1
 11, 26 |   1.7161032734969764e-03 |   1.7161032734969764e-03 | 1
 11, 27 |   1.0805056447711777e-04 |   1.0805056447711777e-04 | 1
 11, 28 |   5.5625826672277235e-04 |   5.5625826672277235e-04 | 1
 11, 29 |   2.2072224915496361e-03 |   2.2072224915496361e-03 | 1
 11, 30 |   1.4085099117799342e-03 |   1.4085099117799342e-03 | 1
 11, 31 |   2.4207071189287811e-03 |   2.4207071189287811e-03 | 1
 11, 32 |   5.2020870341228402e-04 |   5.2020870341228402e-04 | 1
 11, 33 |  -8.9993347175687998e-04 |  -8.9993347175687998e-04 | 1
 11, 34 |   1.1085326375660570e-03 |   1.1085326375660570e-03 | 1
 11, 35 |  -7.3467230198249306e-04 |  -7.3467230198249306e-04 | 1
 11, 36 |  -1.1038814260556644e-03 |  -1.1038814260556644e-03 | 1
 11, 37 |  -1.4251673426745226e-03 |  -1.4251673426745226e-03 | 1
 11, 38 |  -1.5077470520651530e-03 |  -1.5077470520651530e-03 | 1
 11, 39 |  -5.4776966083826901e-05 |  -5.4776966083826901e-05 | 1
 11, 40 |  -2.7996712013043272e-08 |  -2.7996712013043272e-08 | 1
 11, 41 |   1.4490727403799100e-03 |   1.4490727403799100e-03 | 1
 11, 42 |   1.8863377561304618e-04 |   1.8863377561304618e-04 | 1
 12,  1 |   8.0570382060087388e-04 |   8.0570382060087388e-04 | 1
 12,  2 |  -1.6925370891445698e-03 |  -1.6925370891445698e-03 | 1
 12,  3 |   2.6288772208781522e-04 |   2.6288772208781522e-04 | 1
 12,  4 |   1.9554556627922417e-03 |   1.9554556627922417e-03 | 1
 12,  5 |  -7.0093746563731343e-03 |  -7.0093746563731343e-03 | 1
 12,  6 |   1.5133302139100494e-05 |   1.5133302139100494e-05 | 1
 12,  7 |   2.1250255272790520e-03 |   2.1250255272790520e-03 | 1
 12,  8 |   8.0764638461630384e-04 |   8.0764638461630384e-04 | 1
 12,  9 |   6.1716631178973611e-03 |   6.1716631178973611e-03 | 1
 12, 10 |   2.6986366908419044e-03 |   2.6986366908419044e-03 | 1
 12, 11 |  -1.3852058450596884e-05 |  -1.3852058450596884e-05 | 1
 12, 12 |   1.4389357799769601e-02 |   1.4389357799769601e-02 | 1
 12, 13 |   8.4215256133479202e-03 |   8.4215256133479202e-03 | 1
 12, 14 |  -2.0642658527874782e-03 |  -2.0642658527874782e-03 | 1
 12, 15 |  -8.1441886280455150e-03 |  -8.1441886280455150e-03 | 1
 12, 16 |  -6.0884409913817151e-04 |  -6.0884409913817151e-04 | 1
 12, 17 |   7.6045783797088710e-05 |   7.6045783797088710e-05 | 1
 12, 18 |   4.0708129716287428e-03 |   4.0708129716287428e-03 | 1
 12, 19 |   2.2840799997991892e-03 |   2.2840799997991892e-03 | 1
 12, 20 |   6.2453897645436537e-03 |   6.2453897645436537e-03 | 1
 12, 21 |  -6.7589608304997901e-03 |  -6.7589608304997901e-03 | 1
 12, 22 |  -5.0109936958458532e-03 |  -5.0109936958458532e-03 | 1
 12, 23 |  -2.2009075632354859e-02 |  -2.2009075632354859e-02 | 1
 12, 24 |   2.3915587338551028e-03 |   2.3915587338551028e-03 | 1
 12, 25 |   9.1038402053553907e-05 |   9.1038402053553907e-05 | 1
 12, 26 |   4.6842264008519034e-03 |   4.6842264008519034e-03 | 1
 12, 27 |  -1.8873996914988509e-03 |  -1.8873996914988509e-03 | 1
 12, 28 |   1.7908941220702791e-03 |   1.7908941220702791e-03 | 1
 12, 29 |   3.5442135112138414e-04 |   3.5442135112138414e-04 | 1
 12, 30 |  -1.1186701642186372e-04 |  -1.1186701642186372e-04 | 1
 12, 31 |  -1.0879558606345834e-03 |  -1.0879558606345834e-03 | 1
 12, 32 |  -6.9437299640079928e-04 |  -6.9437299640079928e-04 | 1
 12, 33 |   5.8999878389987617e-03 |   5.8999878389987617e-03 | 1
 12, 34 |   9.8278156547266246e-04 |   9.8278156547266246e-04 | 1
 12, 35 |   1.2522034838059843e-04 |   1.2522034838059843e-04 | 1
 12, 36 |  -1.0961577472296156e-03 |  -1.0961577472296156e-03 | 1
 12, 37 |  -5.6221032063170527e-04 |  -5.6221032063170527e-04 | 1
 12, 38 |  -1.3058594772261596e-03 |  -1.3058594772261596e-03 | 1
 12, 39 |  -2.2601368318976188e-04 |  -2.2601368318976188e-04 | 1
 12, 40 |   3.6674577850577821e-07 |   3.6674577850577821e-07 | 1
 12, 41 |   1.4903431453182896e-03 |   1.4903431453182896e-03 | 1
 12, 42 |   1.7542818099163179e-03 |   1.7542818099163179e-03 | 1
 13,  1 |   2.2875341792191091e-03 |   2.2875341792191091e-03 | 1
 13,  2 |  -1.8232782520594217e-03 |  -1.8232782520594217e-03 | 1
 13,  3 |   4.0198176785848578e-03 |   4.0198176785848578e-03 | 1
 13,  4 |   2.3684857266176662e-03 |   2.3684857266176662e-03 | 1
 13,  5 |  -3.9829911678241911e-03 |  -3.9829911678241911e-03 | 1
 13,  6 |  -9.6962051809219277e-04 |  -9.6962051809219277e-04 | 1
 13,  7 |   2.5658676987650860e-03 |   2.5658676987650860e-03 | 1
 13,  8 |   6.4474552574359367e-03 |   6.4474552574359367e-03 | 1
 13,  9 |   3.1300368900109201e-03 |   3.1300368900109201e-03 | 1
 13, 10 |   1.9964186899988261e-03 |   1.9964186899988261e-03 | 1
 13, 11 |  -3.8566818847819034e-04 |  -3.8566818847819034e-04 | 1
 13, 12 |   8.4215256133479202e-03 |   8.4215256133479202e-03 | 1
 13, 13 |   1.8514534095668743e-02 |   1.8514534095668743e-02 | 1
 13, 14 |   2.2453154660864397e-03 |   2.2453154660864397e-03 | 1
 13, 15 |   1.5983432315397792e-03 |   1.5983432315397792e-03 | 1
 13, 16 |  -7.9556502412822777e-04 |  -7.9556502412822777e-04 | 1
 13, 17 |  -1.6079804266746480e-03 |  -1.6079804266746480e-03 | 1
 13, 18 |   2.7274100326893543e-03 |   2.7274100326893543e-03 | 1
 13, 19 |   5.7580929661621566e-03 |   5.7580929661621566e-03 | 1
 13, 20 |   9.7266353547736523e-03 |   9.7266353547736523e-03 | 1
 13, 21 |  -1.0838205461891192e-02 |  -1.0838205461891192e-02 | 1
 13, 22 |  -1.0045346513058552e-02 |  -1.0045346513058552e-02 | 1
 13, 23 |  -2.1401491917576364e-02 |  -2.1401491917576364e-02 | 1
 13, 24 |   2.4317258334507381e-03 |   2.4317258334507381e-03 | 1
 13, 25 |  -4.1159276854609520e-03 |  -4.1159276854609520e-03 | 1
 13, 26 |  -7.3538729385564652e-03 |  -7.3538729385564652e-03 | 1
 13, 27 |   3.4381127474720661e-03 |   3.4381127474720661e-03 | 1
 13, 28 |   2.8541340296089112e-03 |   2.8541340296089112e-03 | 1
 13, 29 |   2.7214157503409669e-03 |   2.7214157503409669e-03 | 1
 13, 30 |   2.3183165710972922e-03 |   2.3183165710972922e-03 | 1
 13, 31 |  -3.0033722294262369e-04 |  -3.0033722294262369e-04 | 1
 13, 32 |   5.9282772556784450e-04 |   5.9282772556784450e-04 | 1
 13, 33 |   8.9220605838655834e-03 |   8.9220605838655834e-03 | 1
 13, 34 |   5.6919401459791096e-04 |   5.6919401459791096e-04 | 1
 13, 35 |   1.0705865207342555e-03 |   1.0705865207342555e-03 | 1
 13, 36 |  -8.7749271502663654e-04 |  -8.7749271502663654e-04 | 1
 13, 37 |  -1.6386209649804611e-03 |  -1.6386209649804611e-03 | 1
 13, 38 |  -2.9438639966770921e-03 |  -2.9438639966770921e-03 | 1
 13, 39 |  -2.0324891151454234e-04 |  -2.0324891151454234e-04 | 1
 13, 40 |   2.7470552284500945e-07 |   2.7470552284500945e-07 | 1
 13, 41 |   2.3693404639015918e-03 |   2.3693404639015918e-03 | 1
 13, 42 |   6.5209328420927533e-04 |   6.5209328420927533e-04 | 1
 14,  1 |   5.9401324465141415e-04 |   5.9401324465141415e-04 | 1
 14,  2 |  -8.1639831702235918e-04 |  -8.1639831702235918e-04 | 1
 14,  3 |   3.3729470719993477e-03 |   3.3729470719993477e-03 | 1
 14,  4 |   3.3524189027254602e-03 |   3.3524189027254602e-03 | 1
 14,  5 |   7.4090251232251450e-03 |   7.4090251232251450e-03 | 1
 14,  6 |   4.9509776618415161e-04 |   4.9509776618415161e-04 | 1
 14,  7 |   8.6518772909552552e-03 |   8.6518772909552552e-03 | 1
 14,  8 |   1.2481971997654814e-03 |   1.2481971997654814e-03 | 1
 14,  9 |   4.3913631328023842e-03 |   4.3913631328023842e-03 | 1
 14, 10 |  -1.1859034846975142e-03 |  -1.1859034846975142e-03 | 1
 14, 11 |   1.3020919306698301e-03 |   1.3020919306698301e-03 | 1
 14, 12 |  -2.0642658527874782e-03 |  -2.0642658527874782e-03 | 1
 14, 13 |   2.2453154660864397e-03 |   2.2453154660864397e-03 | 1
 14, 14 |   1.7806385873623629e-02 |   1.7806385873623629e-02 | 1
 14, 15 |   3.0123265267122464e-03 |   3.0123265267122464e-03 | 1
 14, 16 |  -6.8631156742742069e-04 |  -6.8631156742742069e-04 | 1
 14, 17 |   5.1485602180886218e-04 |   5.1485602180886218e-04 | 1
 14, 18 |  -1.3076180146087584e-03 |  -1.3076180146087584e-03 | 1
 14, 19 |   5.8171773109027816e-03 |   5.8171773109027816e-03 | 1
 14, 20 |   3.3368194469061653e-03 |   3.3368194469061653e-03 | 1
 14, 21 |  -2.0259565273530289e-02 |  -2.0259565273530289e-02 | 1
 14, 22 |   8.4005778657369294e-03 |   8.4005778657369294e-03 | 1
 14, 23 |  -3.6277540904137351e-03 |  -3.6277540904137351e-03 | 1
 14, 24 |   2.1122396537833705e-03 |   2.1122396537833705e-03 | 1
 14, 25 |   1.5225694632571975e-03 |   1.5225694632571975e-03 | 1
 14, 26 |   7.3214976277738929e-04 |   7.3214976277738929e-04 | 1
 14, 27 |   1.9758259016768916e-03 |   1.9758259016768916e-03 | 1
 14, 28 |   3.7041155663319354e-03 |   3.7041155663319354e-03 | 1
 14, 29 |   3.8551137045680388e-03 |   3.8551137045680388e-03 | 1
 14, 30 |   2.5454804653782109e-03 |   2.5454804653782109e-03 | 1
 14, 31 |   1.3581247356378069e-02 |   1.3581247356378069e-02 | 1
 14, 32 |   1.4680596622837980e-03 |   1.4680596622837980e-03 | 1
 14, 33 |   1.5858949811562903e-03 |   1.5858949811562903e-03 | 1
 14, 34 |   3.0822442789362114e-03 |   3.0822442789362114e-03 | 1
 14, 35 |  -1.9726521051873823e-03 |  -1.9726521051873823e-03 | 1
 14, 36 |  -2.8218050812714906e-03 |  -2.8218050812714906e-03 | 1
 14, 37 |  -3.1167870782572338e-03 |  -3.1167870782572338e-03 | 1
 14, 38 |  -3.1452809615564225e-03 |  -3.1452809615564225e-03 | 1
 14, 39 |  -4.9543958735789512e-05 |  -4.9543958735789512e-05 | 1
 14, 40 |   2.9488892983263931e-07 |   2.9488892983263931e-07 | 1
 14, 41 |   3.1310441675613844e-03 |   3.1310441675613844e-03 | 1
 14, 42 |  -8.1365425295478453e-04 |  -8.1365425295478453e-04 | 1
 15,  1 |   3.1769704253704601e-03 |   3.1769704253704601e-03 | 1
 15,  2 |   1.1202402885942670e-03 |   1.1202402885942670e-03 | 1
 15,  3 |   2.3962258866972001e-03 |   2.3962258866972001e-03 | 1
 15,  4 |  -1.9097185865677570e-03 |  -1.9097185865677570e-03 | 1
 15,  5 |   2.7735991938659568e-02 |   2.7735991938659568e-02 | 1
 15,  6 |  -3.0263070071413964e-05 |  -3.0263070071413964e-05 | 1
 15,  7 |   1.7023627823076759e-02 |   1.7023627823076759e-02 | 1
 15,  8 |   3.9247802570949435e-03 |   3.9247802570949435e-03 | 1
 15,  9 |   1.4964319683903413e-02 |   1.4964319683903413e-02 | 1
 15, 10 |   1.5904108300442730e-02 |   1.5904108300442730e-02 | 1
 15, 11 |   1.3217060933975741e-03 |   1.3217060933975741e-03 | 1
 15, 12 |  -8.1441886280455150e-03 |  -8.1441886280455150e-03 | 1
 15, 13 |   1.5983432315397792e-03 |   1.5983432315397792e-03 | 1
 15, 14 |   3.0123265267122464e-03 |   3.0123265267122464e-03 | 1
 15, 15 |   8.8679967019609104e-02 |   8.8679967019609104e-02 | 1
 15, 16 |   9.9069212544968723e-03 |   9.9069212544968723e-03 | 1
 15, 17 |   5.1702131537384906e-03 |   5.1702131537384906e-03 | 1
 15, 18 |  -1.1089708295908089e-03 |  -1.1089708295908089e-03 | 1
 15, 19 |  -1.1135799967634144e-03 |  -1.1135799967634144e-03 | 1
 15, 20 |   5.0025507313200233e-03 |   5.0025507313200233e-03 | 1
 15, 21 |   1.7631650361738214e-02 |   1.7631650361738214e-02 | 1
 15, 22 |   1.0356473935765838e-02 |   1.0356473935765838e-02 | 1
 15, 23 |   2.6451514295316204e-02 |   2.6451514295316204e-02 | 1
 15, 24 |   6.2079725422998638e-03 |   6.2079725422998638e-03 | 1
 15, 25 |  -9.5200223901207859e-03 |  -9.5200223901207859e-03 | 1
 15, 26 |   8.4118413790300957e-04 |   8.4118413790300957e-04 | 1
 15, 27 |   1.8967636702542532e-03 |   1.8967636702542532e-03 | 1
 15, 28 |   1.5360342592402463e-02 |   1.5360342592402463e-02 | 1
 15, 29 |   7.4535325880858237e-03 |   7.4535325880858237e-03 | 1
 15, 30 |   1.1738661155142896e-02 |   1.1738661155142896e-02 | 1
 15, 31 |  -6.4103489567723226e-03 |  -6.4103489567723226e-03 | 1
 15, 32 |   3.2365088522079742e-03 |   3.2365088522079742e-03 | 1
 15, 33 |  -6.5494592239711174e-03 |  -6.5494592239711174e-03 | 1
 15, 34 |   2.2815894750845564e-03 |   2.2815894750845564e-03 | 1
 15, 35 |   1.8217850089896131e-03 |   1.8217850089896131e-03 | 1
 15, 36 |   8.8199765372463961e-05 |   8.8199765372463961e-05 | 1
 15, 37 |  -2.6977408940112588e-03 |  -2.6977408940112588e-03 | 1
 15, 38 |  -3.5745242712137372e-03 |  -3.5745242712137372e-03 | 1
 15, 39 |   1.8900851892077371e-04 |   1.8900851892077371e-04 | 1
 15, 40 |  -6.3992981321168057e-07 |  -6.3992981321168057e-07 | 1
 15, 41 |   4.0207703222764155e-03 |   4.0207703222764155e-03 | 1
 15, 42 |  -3.1330822120425317e-03 |  -3.1330822120425317e-03 | 1
 16,  1 |   4.4413504580835414e-04 |   4.4413504580835414e-04 | 1
 16,  2 |  -8.7206017719804402e-04 |  -8.7206017719804402e-04 | 1
 16,  3 |   2.7620187398436514e-03 |   2.7620187398436514e-03 | 1
 16,  4 |   5.2161774589505453e-04 |   5.2161774589505453e-04 | 1
 16,  5 |   6.4864298925010454e-03 |   6.4864298925010454e-03 | 1
 16,  6 |   4.6065036408951158e-05 |   4.6065036408951158e-05 | 1
 16,  7 |   3.1082047372121458e-03 |   3.1082047372121458e-03 | 1
 16,  8 |   7.3180090315079916e-04 |   7.3180090315079916e-04 | 1
 16,  9 |   1.3996760091944328e-03 |   1.3996760091944328e-03 | 1
 16, 10 |   2.6406642294201938e-04 |   2.6406642294201938e-04 | 1
 16, 11 |   2.1522954044247598e-04 |   2.1522954044247598e-04 | 1
 16, 12 |  -6.0884409913817151e-04 |  -6.0884409913817151e-04 | 1
 16, 13 |  -7.9556502412822777e-04 |  -7.9556502412822777e-04 | 1
 16, 14 |  -6.8631156742742069e-04 |  -6.8631156742742069e-04 | 1
 16, 15 |   9.9069212544968723e-03 |   9.9069212544968723e-03 | 1
 16, 16 |   3.7642178449950226e-03 |   3.7642178449950226e-03 | 1
 16, 17 |   1.1027042302778844e-03 |   1.1027042302778844e-03 | 1
 16, 18 |   2.3156734700712765e-03 |   2.3156734700712765e-03 | 1
 16, 19 |   1.7674879204433317e-03 |   1.7674879204433317e-03 | 1
 16, 20 |  -4.3214184009574583e-04 |  -4.3214184009574583e-04 | 1
 16, 21 |   6.8846139554229555e-03 |   6.8846139554229555e-03 | 1
 16, 22 |   2.3825242755364465e-03 |   2.3825242755364465e-03 | 1
 16, 23 |   7.0338593397683506e-03 |   7.0338593397683506e-03 | 1
 16, 24 |   2.7925158208833567e-03 |   2.7925158208833567e-03 | 1
 16, 25 |  -2.2550863111613431e-03 |  -2.2550863111613431e-03 | 1
 16, 26 |  -6.0634094177815789e-03 |  -6.0634094177815789e-03 | 1
 16, 27 |   4.2897736460016760e-03 |   4.2897736460016760e-03 | 1
 16, 28 |   2.0713104038667688e-03 |   2.0713104038667688e-03 | 1
 16, 29 |   4.7394925112302401e-03 |   4.7394925112302401e-03 | 1
 16, 30 |   2.9664720166860236e-03 |   2.9664720166860236e-03 | 1
 16, 31 |  -1.2158497013118146e-03 |  -1.2158497013118146e-03 | 1
 16, 32 |   3.7919864519789844e-04 |   3.7919864519789844e-04 | 1
 16, 33 |   1.5494451385399156e-03 |   1.5494451385399156e-03 | 1
 16, 34 |   9.1409000823503299e-04 |   9.1409000823503299e-04 | 1
 16, 35 |   3.0677221616606207e-04 |   3.0677221616606207e-04 | 1
 16, 36 |  -5.4661908299412365e-04 |  -5.4661908299412365e-04 | 1
 16, 37 |  -8.6424976304567773e-04 |  -8.6424976304567773e-04 | 1
 16, 38 |  -7.8804802578315704e-04 |  -7.8804802578315704e-04 | 1
 16, 39 |   8.7097227661959674e-06 |   8.7097227661959674e-06 | 1
 16, 40 |  -4.3439209459876514e-08 |  -4.3439209459876514e-08 | 1
 16, 41 |   8.7780860739998751e-04 |   8.7780860739998751e-04 | 1
 16, 42 |   3.9547328157507231e-04 |   3.9547328157507231e-04 | 1
 17,  1 |   3.2805491565234420e-03 |   3.2805491565234420e-03 | 1
 17,  2 |   2.1511707814244507e-03 |   2.1511707814244507e-03 | 1
 17,  3 |   3.7054182301280193e-03 |   3.7054182301280193e-03 | 1
 17,  4 |   1.8292957713584273e-03 |   1.8292957713584273e-03 | 1
 17,  5 |   3.0266464517777654e-03 |   3.0266464517777654e-03 | 1
 17,  6 |   4.2459759230690581e-04 |   4.2459759230690581e-04 | 1
 17,  7 |  -2.7646949290880698e-04 |  -2.7646949290880698e-04 | 1
 17,  8 |   1.4301439619625678e-03 |   1.4301439619625678e-03 | 1
 17,  9 |   4.5179707592065896e-03 |   4.5179707592065896e-03 | 1
 17, 10 |   2.8873705519907897e-03 |   2.8873705519907897e-03 | 1
 17, 11 |   1.7046456996286585e-03 |   1.7046456996286585e-03 | 1
 17, 12 |   7.6045783797088710e-05 |   7.6045783797088710e-05 | 1
 17, 13 |  -1.6079804266746480e-03 |  -1.6079804266746480e-03 | 1
 17, 14 |   5.1485602180886218e-04 |   5.1485602180886218e-04 | 1
 17, 15 |   5.1702131537384906e-03 |   5.1702131537384906e-03 | 1
 17, 16 |   1.1027042302778844e-03 |   1.1027042302778844e-03 | 1
 17, 17 |   6.5400778562644726e-03 |   6.5400778562644726e-03 | 1
 17, 18 |   7.2548928475051869e-04 |   7.2548928475051869e-04 | 1
 17, 19 |   1.7640135776867780e-03 |   1.7640135776867780e-03 | 1
 17, 20 |  -2.0266571040923712e-04 |  -2.0266571040923712e-04 | 1
 17, 21 |   1.1851948633341471e-02 |   1.1851948633341471e-02 | 1
 17, 22 |   3.9722406306087358e-04 |   3.9722406306087358e-04 | 1
 17, 23 |   7.4892463845726816e-03 |   7.4892463845726816e-03 | 1
 17, 24 |   4.7493559899354663e-03 |   4.7493559899354663e-03 | 1
 17, 25 |   3.1653748629543047e-03 |   3.1653748629543047e-03 | 1
 17, 26 |   2.4440213321086455e-03 |   2.4440213321086455e-03 | 1
 17, 27 |   1.4845913974233841e-03 |   1.4845913974233841e-03 | 1
 17, 28 |   7.9855429201770183e-04 |   7.9855429201770183e-04 | 1
 17, 29 |   2.7421395691343076e-03 |   2.7421395691343076e-03 | 1
 17, 30 |   2.7255492423435357e-03 |   2.7255492423435357e-03 | 1
 17, 31 |  -4.7538478743732718e-04 |  -4.7538478743732718e-04 | 1
 17, 32 |   4.4108294878233571e-04 |   4.4108294878233571e-04 | 1
 17, 33 |  -5.9678252741985965e-04 |  -5.9678252741985965e-04 | 1
 17, 34 |   1.9116436443290074e-03 |   1.9116436443290074e-03 | 1
 17, 35 |  -1.3610247177667666e-03 |  -1.3610247177667666e-03 | 1
 17, 36 |  -1.6863486422129632e-03 |  -1.6863486422129632e-03 | 1
 17, 37 |  -2.1105677809962224e-03 |  -2.1105677809962224e-03 | 1
 17, 38 |  -2.5809962246183130e-03 |  -2.5809962246183130e-03 | 1
 17, 39 |  -2.7367211798921016e-05 |  -2.7367211798921016e-05 | 1
 17, 40 |  -1.8920710383702415e-07 |  -1.8920710383702415e-07 | 1
 17, 41 |   2.6127483781965277e-03 |   2.6127483781965277e-03 | 1
 17, 42 |  -1.6224912121936085e-05 |  -1.6224912121936085e-05 | 1
 18,  1 |   7.8682640365609132e-04 |   7.8682640365609132e-04 | 1
 18,  2 |  -7.7114979911853756e-04 |  -7.7114979911853756e-04 | 1
 18,  3 |  -3.8263809558669939e-04 |  -3.8263809558669939e-04 | 1
 18,  4 |   2.1544302811665359e-03 |   2.1544302811665359e-03 | 1
 18,  5 |   5.1300316127429867e-03 |   5.1300316127429867e-03 | 1
 18,  6 |  -1.7948948429712331e-04 |  -1.7948948429712331e-04 | 1
 18,  7 |   3.1595740375327517e-03 |   3.1595740375327517e-03 | 1
 18,  8 |   6.2601706102016091e-04 |   6.2601706102016091e-04 | 1
 18,  9 |  -3.5146791243680867e-03 |  -3.5146791243680867e-03 | 1
 18, 10 |  -9.8831465691803983e-05 |  -9.8831465691803983e-05 | 1
 18, 11 |   1.5173047231570189e-04 |   1.5173047231570189e-04 | 1
 18, 12 |   4.0708129716287428e-03 |   4.0708129716287428e-03 | 1
 18, 13 |   2.7274100326893543e-03 |   2.7274100326893543e-03 | 1
 18, 14 |  -1.3076180146087584e-03 |  -1.3076180146087584e-03 | 1
 18, 15 |  -1.1089708295908089e-03 |  -1.1089708295908089e-03 | 1
 18, 16 |   2.3156734700712765e-03 |   2.3156734700712765e-03 | 1
 18, 17 |   7.2548928475051869e-04 |   7.2548928475051869e-04 | 1
 18, 18 |   7.6543520212458806e-03 |   7.6543520212458806e-03 | 1
 18, 19 |   1.1656212917843900e-03 |   1.1656212917843900e-03 | 1
 18, 20 |   2.1597207834982207e-03 |   2.1597207834982207e-03 | 1
 18, 21 |  -1.1336275147786179e-03 |  -1.1336275147786179e-03 | 1
 18, 22 |   1.6042874563439195e-03 |   1.6042874563439195e-03 | 1
 18, 23 |  -2.0285575478149573e-03 |  -2.0285575478149573e-03 | 1
 18, 24 |   2.6386106272110335e-03 |   2.6386106272110335e-03 | 1
 18, 25 |  -4.8485074406620921e-03 |  -4.8485074406620921e-03 | 1
 18, 26 |  -1.2488067589646030e-02 |  -1.2488067589646030e-02 | 1
 18, 27 |   5.8354333540290900e-03 |   5.8354333540290900e-03 | 1
 18, 28 |   5.4015468466652578e-04 |   5.4015468466652578e-04 | 1
 18, 29 |   5.0579252157568668e-03 |   5.0579252157568668e-03 | 1
 18, 30 |   1.9282400159009784e-03 |   1.9282400159009784e-03 | 1
 18, 31 |   6.8500661353156273e-04 |   6.8500661353156273e-04 | 1
 18, 32 |  -5.4326542521484860e-04 |  -5.4326542521484860e-04 | 1
 18, 33 |   7.7021785691149727e-03 |   7.7021785691149727e-03 | 1
 18, 34 |  -2.5540930111913235e-04 |  -2.5540930111913235e-04 | 1
 18, 35 |  -4.6473306049958944e-04 |  -4.6473306049958944e-04 | 1
 18, 36 |  -1.1285001918105277e-03 |  -1.1285001918105277e-03 | 1
 18, 37 |  -1.6451881324718630e-03 |  -1.6451881324718630e-03 | 1
 18, 38 |  -6.7441220185910581e-04 |  -6.7441220185910581e-04 | 1
 18, 39 |  -2.0196381785285135e-04 |  -2.0196381785285135e-04 | 1
 18, 40 |   1.0233060472595532e-07 |   1.0233060472595532e-07 | 1
 18, 41 |   1.0497636085075276e-03 |   1.0497636085075276e-03 | 1
 18, 42 |   1.5655894135415814e-03 |   1.5655894135415814e-03 | 1
 19,  1 |   2.3663655440114913e-03 |   2.3663655440114913e-03 | 1
 19,  2 |  -1.6379959107038666e-03 |  -1.6379959107038666e-03 | 1
 19,  3 |   8.0625727806225532e-03 |   8.0625727806225532e-03 | 1
 19,  4 |   3.4414168485455464e-03 |   3.4414168485455464e-03 | 1
 19,  5 |   1.4614868949107298e-03 |   1.4614868949107298e-03 | 1
 19,  6 |  -2.0017928763144083e-03 |  -2.0017928763144083e-03 | 1
 19,  7 |   5.1333647752749593e-03 |   5.1333647752749593e-03 | 1
 19,  8 |   4.1212406285855534e-03 |   4.1212406285855534e-03 | 1
 19,  9 |   6.7865170851129381e-03 |   6.7865170851129381e-03 | 1
 19, 10 |  -2.5206473047622623e-03 |  -2.5206473047622623e-03 | 1
 19, 11 |   4.7622314606253784e-04 |   4.7622314606253784e-04 | 1
 19, 12 |   2.2840799997991892e-03 |   2.2840799997991892e-03 | 1
 19, 13 |   5.7580929661621566e-03 |   5.7580929661621566e-03 | 1
 19, 14 |   5.8171773109027816e-03 |   5.8171773109027816e-03 | 1
 19, 15 |  -1.1135799967634144e-03 |  -1.1135799967634144e-03 | 1
 19, 16 |   1.7674879204433317e-03 |   1.7674879204433317e-03 | 1
 19, 17 |   1.7640135776867780e-03 |   1.7640135776867780e-03 | 1
 19, 18 |   1.1656212917843900e-03 |   1.1656212917843900e-03 | 1
 19, 19 |   7.8202052858039241e-03 |   7.8202052858039241e-03 | 1
 19, 20 |   3.7791119765529860e-03 |   3.7791119765529860e-03 | 1
 19, 21 |  -1.0874447681434194e-03 |  -1.0874447681434194e-03 | 1
 19, 22 |  -4.1328540452107484e-04 |  -4.1328540452107484e-04 | 1
 19, 23 |  -1.4484418262611046e-03 |  -1.4484418262611046e-03 | 1
 19, 24 |   4.5141687326575647e-03 |   4.5141687326575647e-03 | 1
 19, 25 |   1.2910984578377899e-03 |   1.2910984578377899e-03 | 1
 19, 26 |  -4.4615558742304266e-03 |  -4.4615558742304266e-03 | 1
 19, 27 |   4.8769384867652921e-03 |   4.8769384867652921e-03 | 1
 19, 28 |   2.9663408186039412e-03 |   2.9663408186039412e-03 | 1
 19, 29 |   6.7670117031590760e-03 |   6.7670117031590760e-03 | 1
 19, 30 |   2.9585282303505626e-03 |   2.9585282303505626e-03 | 1
 19, 31 |   3.9818229170798750e-03 |   3.9818229170798750e-03 | 1
 19, 32 |   7.2275743524906322e-04 |   7.2275743524906322e-04 | 1
 19, 33 |   6.0980214621464812e-03 |   6.0980214621464812e-03 | 1
 19, 34 |   2.3068267332464658e-03 |   2.3068267332464658e-03 | 1
 19, 35 |  -4.3969148376177356e-04 |  -4.3969148376177356e-04 | 1
 19, 36 |  -2.0709876762614616e-03 |  -2.0709876762614616e-03 | 1
 19, 37 |  -1.9924951043034109e-03 |  -1.9924951043034109e-03 | 1
 19, 38 |  -2.9640654459308358e-03 |  -2.9640654459308358e-03 | 1
 19, 39 |  -2.4269251848021717e-05 |  -2.4269251848021717e-05 | 1
 19, 40 |   1.9523335306167350e-07 |   1.9523335306167350e-07 | 1
 19, 41 |   3.0093067882569673e-03 |   3.0093067882569673e-03 | 1
 19, 42 |   1.6765034275155000e-04 |   1.6765034275155000e-04 | 1
 20,  1 |   2.2359361305279994e-03 |   2.2359361305279994e-03 | 1
 20,  2 |  -2.3327979329536465e-04 |  -2.3327979329536465e-04 | 1
 20,  3 |   2.2451491750621324e-03 |   2.2451491750621324e-03 | 1
 20,  4 |   2.8665468398459213e-03 |   2.8665468398459213e-03 | 1
 20,  5 |  -2.5271024118331989e-03 |  -2.5271024118331989e-03 | 1
 20,  6 |  -1.0258199102917520e-03 |  -1.0258199102917520e-03 | 1
 20,  7 |   1.0141652316469522e-02 |   1.0141652316469522e-02 | 1
 20,  8 |   3.8147275357770663e-03 |   3.8147275357770663e-03 | 1
 20,  9 |   7.6368277390477263e-03 |   7.6368277390477263e-03 | 1
 20, 10 |  -2.1021090604428799e-03 |  -2.1021090604428799e-03 | 1
 20, 11 |  -7.4047923718571603e-06 |  -7.4047923718571603e-06 | 1
 20, 12 |   6.2453897645436537e-03 |   6.2453897645436537e-03 | 1
 20, 13 |   9.7266353547736523e-03 |   9.7266353547736523e-03 | 1
 20, 14 |   3.3368194469061653e-03 |   3.3368194469061653e-03 | 1
 20, 15 |   5.0025507313200233e-03 |   5.0025507313200233e-03 | 1
 20, 16 |  -4.3214184009574583e-04 |  -4.3214184009574583e-04 | 1
 20, 17 |  -2.0266571040923712e-04 |  -2.0266571040923712e-04 | 1
 20, 18 |   2.1597207834982207e-03 |   2.1597207834982207e-03 | 1
 20, 19 |   3.7791119765529860e-03 |   3.7791119765529860e-03 | 1
 20, 20 |   9.4652404689547342e-03 |   9.4652404689547342e-03 | 1
 20, 21 |  -1.0536791680382032e-02 |  -1.0536791680382032e-02 | 1
 20, 22 |  -2.4064685293228296e-03 |  -2.4064685293228296e-03 | 1
 20, 23 |  -5.1757685203953248e-03 |  -5.1757685203953248e-03 | 1
 20, 24 |   2.4378937996668887e-03 |   2.4378937996668887e-03 | 1
 20, 25 |  -1.0264278990963663e-03 |  -1.0264278990963663e-03 | 1
 20, 26 |   3.5645590452736981e-03 |   3.5645590452736981e-03 | 1
 20, 27 |  -8.5328179689372376e-04 |  -8.5328179689372376e-04 | 1
 20, 28 |   5.0829674107788769e-03 |   5.0829674107788769e-03 | 1
 20, 29 |   4.0300219860462429e-03 |   4.0300219860462429e-03 | 1
 20, 30 |   1.6313195215490268e-03 |   1.6313195215490268e-03 | 1
 20, 31 |  -3.5681608807405167e-04 |  -3.5681608807405167e-04 | 1
 20, 32 |   4.4958788282844218e-04 |   4.4958788282844218e-04 | 1
 20, 33 |   5.5585050588651810e-03 |   5.5585050588651810e-03 | 1
 20, 34 |   9.3883834487630395e-04 |   9.3883834487630395e-04 | 1
 20, 35 |  -4.5426859774157924e-04 |  -4.5426859774157924e-04 | 1
 20, 36 |  -1.1726757016972617e-03 |  -1.1726757016972617e-03 | 1
 20, 37 |  -1.1124277873224685e-03 |  -1.1124277873224685e-03 | 1
 20, 38 |  -2.1563544537815680e-03 |  -2.1563544537815680e-03 | 1
 20, 39 |  -1.0794181363291331e-04 |  -1.0794181363291331e-04 | 1
 20, 40 |   2.3030595854406012e-07 |   2.3030595854406012e-07 | 1
 20, 41 |   2.8913446890670279e-03 |   2.8913446890670279e-03 | 1
 20, 42 |  -8.7572821703326131e-05 |  -8.7572821703326131e-05 | 1
 21,  1 |   3.7857644724161219e-03 |   3.7857644724161219e-03 | 1
 21,  2 |   2.4382680172280700e-03 |   2.4382680172280700e-03 | 1
 21,  3 |   9.9195620573760482e-03 |   9.9195620573760482e-03 | 1
 21,  4 |  -3.0851246483126729e-03 |  -3.0851246483126729e-03 | 1
 21,  5 |   5.9252357069484798e-03 |   5.9252357069484798e-03 | 1
 21,  6 |  -9.4106359579730831e-04 |  -9.4106359579730831e-04 | 1
 21,  7 |  -1.4563416049986466e-02 |  -1.4563416049986466e-02 | 1
 21,  8 |   9.4283995424000364e-04 |   9.4283995424000364e-04 | 1
 21,  9 |   3.2643984652806690e-03 |   3.2643984652806690e-03 | 1
 21, 10 |   4.5203002718507560e-03 |   4.5203002718507560e-03 | 1
 21, 11 |   2.0640434664737168e-04 |   2.0640434664737168e-04 | 1
 21, 12 |  -6.7589608304997901e-03 |  -6.7589608304997901e-03 | 1
 21, 13 |  -1.0838205461891192e-02 |  -1.0838205461891192e-02 | 1
 21, 14 |  -2.0259565273530289e-02 |  -2.0259565273530289e-02 | 1
 21, 15 |   1.7631650361738214e-02 |   1.7631650361738214e-02 | 1
 21, 16 |   6.8846139554229555e-03 |   6.8846139554229555e-03 | 1
 21, 17 |   1.1851948633341471e-02 |   1.1851948633341471e-02 | 1
 21, 18 |  -1.1336275147786179e-03 |  -1.1336275147786179e-03 | 1
 21, 19 |  -1.0874447681434194e-03 |  -1.0874447681434194e-03 | 1
 21, 20 |  -1.0536791680382032e-02 |  -1.0536791680382032e-02 | 1
 21, 21 |   6.7438897945156853e-02 |   6.7438897945156853e-02 | 1
 21, 22 |  -7.3392654066948239e-03 |  -7.3392654066948239e-03 | 1
 21, 23 |   3.1554971344749445e-02 |   3.1554971344749445e-02 | 1
 21, 24 |   3.0911717122932751e-04 |   3.0911717122932751e-04 | 1
 21, 25 |   2.2756920026666743e-03 |   2.2756920026666743e-03 | 1
 21, 26 |  -7.8924218208838281e-03 |  -7.8924218208838281e-03 | 1
 21, 27 |   6.0627330946604902e-03 |   6.0627330946604902e-03 | 1
 21, 28 |  -3.6814362298763391e-03 |  -3.6814362298763391e-03 | 1
 21, 29 |  -3.0716457451209437e-03 |  -3.0716457451209437e-03 | 1
 21, 30 |   1.6756542479591662e-03 |   1.6756542479591662e-03 | 1
 21, 31 |  -2.1946204197931168e-02 |  -2.1946204197931168e-02 | 1
 21, 32 |  -8.4413877118042456e-04 |  -8.4413877118042456e-04 | 1
 21, 33 |  -6.5934432872655421e-03 |  -6.5934432872655421e-03 | 1
 21, 34 |  -3.0421978882506527e-04 |  -3.0421978882506527e-04 | 1
 21, 35 |   2.0143420982589545e-03 |   2.0143420982589545e-03 | 1
 21, 36 |   2.5560544311867169e-03 |   2.5560544311867169e-03 | 1
 21, 37 |   2.5316623791741735e-03 |   2.5316623791741735e-03 | 1
 21, 38 |   1.5228943543526105e-03 |   1.5228943543526105e-03 | 1
 21, 39 |   3.9282565740995587e-04 |   3.9282565740995587e-04 | 1
 21, 40 |  -9.8963061075755841e-07 |  -9.8963061075755841e-07 | 1
 21, 41 |  -1.4207120758500395e-03 |  -1.4207120758500395e-03 | 1
 21, 42 |  -1.7369379117705868e-03 |  -1.7369379117705868e-03 | 1
 22,  1 |   4.8367521116803695e-03 |   4.8367521116803695e-03 | 1
 22,  2 |  -3.5924410059778628e-03 |  -3.5924410059778628e-03 | 1
 22,  3 |  -4.4506426138696950e-03 |  -4.4506426138696950e-03 | 1
 22,  4 |   3.2853362149381760e-03 |   3.2853362149381760e-03 | 1
 22,  5 |   1.5788377097688999e-02 |   1.5788377097688999e-02 | 1
 22,  6 |   5.3464330098633561e-03 |   5.3464330098633561e-03 | 1
 22,  7 |   1.3506697472416979e-02 |   1.3506697472416979e-02 | 1
 22,  8 |  -6.0729505056658813e-03 |  -6.0729505056658813e-03 | 1
 22,  9 |   4.7877181605107608e-03 |   4.7877181605107608e-03 | 1
 22, 10 |  -2.2308019914584034e-03 |  -2.2308019914584034e-03 | 1
 22, 11 |   2.2182210503272951e-03 |   2.2182210503272951e-03 | 1
 22, 12 |  -5.0109936958458532e-03 |  -5.0109936958458532e-03 | 1
 22, 13 |  -1.0045346513058552e-02 |  -1.0045346513058552e-02 | 1
 22, 14 |   8.4005778657369294e-03 |   8.4005778657369294e-03 | 1
 22, 15 |   1.0356473935765838e-02 |   1.0356473935765838e-02 | 1
 22, 16 |   2.3825242755364465e-03 |   2.3825242755364465e-03 | 1
 22, 17 |   3.9722406306087358e-04 |   3.9722406306087358e-04 | 1
 22, 18 |   1.6042874563439195e-03 |   1.6042874563439195e-03 | 1
 22, 19 |  -4.1328540452107484e-04 |  -4.1328540452107484e-04 | 1
 22, 20 |  -2.4064685293228296e-03 |  -2.4064685293228296e-03 | 1
 22, 21 |  -7.3392654066948239e-03 |  -7.3392654066948239e-03 | 1
 22, 22 |   5.1171780441794872e-02 |   5.1171780441794872e-02 | 1
 22, 23 |   5.0365938543061794e-03 |   5.0365938543061794e-03 | 1
 22, 24 |  -2.1800593738435996e-03 |  -2.1800593738435996e-03 | 1
 22, 25 |   8.4425235628808916e-03 |   8.4425235628808916e-03 | 1
 22, 26 |  -6.3162550672917718e-03 |  -6.3162550672917718e-03 | 1
 22, 27 |  -9.0309679218072351e-04 |  -9.0309679218072351e-04 | 1
 22, 28 |   4.7156404886453595e-03 |   4.7156404886453595e-03 | 1
 22, 29 |   7.8090602746372865e-03 |   7.8090602746372865e-03 | 1
 22, 30 |  -1.2569179717507742e-03 |  -1.2569179717507742e-03 | 1
 22, 31 |   3.1108324742954271e-02 |   3.1108324742954271e-02 | 1
 22, 32 |   2.0921148780860500e-03 |   2.0921148780860500e-03 | 1
 22, 33 |  -6.2729628455346197e-03 |  -6.2729628455346197e-03 | 1
 22, 34 |   2.1402987663571554e-03 |   2.1402987663571554e-03 | 1
 22, 35 |  -1.1362002351743010e-03 |  -1.1362002351743010e-03 | 1
 22, 36 |  -3.2105496821991683e-03 |  -3.2105496821991683e-03 | 1
 22, 37 |  -3.4380965513117851e-03 |  -3.4380965513117851e-03 | 1
 22, 38 |  -1.2561282172381528e-03 |  -1.2561282172381528e-03 | 1
 22, 39 |   7.0322711255796903e-05 |   7.0322711255796903e-05 | 1
 22, 40 |  -1.7933123066594546e-08 |  -1.7933123066594546e-08 | 1
 22, 41 |   4.6187636583490191e-03 |   4.6187636583490191e-03 | 1
 22, 42 |  -5.9869246128402423e-03 |  -5.9869246128402423e-03 | 1
 23,  1 |   2.1187634446962946e-03 |   2.1187634446962946e-03 | 1
 23,  2 |   6.7153437996245570e-03 |   6.7153437996245570e-03 | 1
 23,  3 |   6.3624642841125659e-03 |   6.3624642841125659e-03 | 1
 23,  4 |   4.9787474170466333e-04 |   4.9787474170466333e-04 | 1
 23,  5 |   1.0672931033564158e-02 |   1.0672931033564158e-02 | 1
 23,  6 |   2.2103147807891180e-04 |   2.2103147807891180e-04 | 1
 23,  7 |   1.3974949032575446e-02 |   1.3974949032575446e-02 | 1
 23,  8 |   1.0476106877949296e-03 |   1.0476106877949296e-03 | 1
 23,  9 |   2.8950505500848515e-03 |   2.8950505500848515e-03 | 1
 23, 10 |  -1.4981555486955398e-02 |  -1.4981555486955398e-02 | 1
 23, 11 |   1.4425456034828906e-03 |   1.4425456034828906e-03 | 1
 23, 12 |  -2.2009075632354859e-02 |  -2.2009075632354859e-02 | 1
 23, 13 |  -2.1401491917576364e-02 |  -2.1401491917576364e-02 | 1
 23, 14 |  -3.6277540904137351e-03 |  -3.6277540904137351e-03 | 1
 23, 15 |   2.6451514295316204e-02 |   2.6451514295316204e-02 | 1
 23, 16 |   7.0338593397683506e-03 |   7.0338593397683506e-03 | 1
 23, 17 |   7.4892463845726816e-03 |   7.4892463845726816e-03 | 1
 23, 18 |  -2.0285575478149573e-03 |  -2.0285575478149573e-03 | 1
 23, 19 |  -1.4484418262611046e-03 |  -1.4484418262611046e-03 | 1
 23, 20 |  -5.1757685203953248e-03 |  -5.1757685203953248e-03 | 1
 23, 21 |   3.1554971344749445e-02 |   3.1554971344749445e-02 | 1
 23, 22 |   5.0365938543061794e-03 |   5.0365938543061794e-03 | 1
 23, 23 |   8.1111903232853055e-02 |   8.1111903232853055e-02 | 1
 23, 24 |   6.9655398973193176e-03 |   6.9655398973193176e-03 | 1
 23, 25 |   2.3335167134657421e-03 |   2.3335167134657421e-03 | 1
 23, 26 |   7.8244750080629366e-03 |   7.8244750080629366e-03 | 1
 23, 27 |   4.1551172808906179e-03 |   4.1551172808906179e-03 | 1
 23, 28 |   4.0360016102615297e-03 |   4.0360016102615297e-03 | 1
 23, 29 |   1.4143662694353944e-02 |   1.4143662694353944e-02 | 1
 23, 30 |   6.6499981105527274e-03 |   6.6499981105527274e-03 | 1
 23, 31 |  -1.5081976821777098e-02 |  -1.5081976821777098e-02 | 1
 23, 32 |   1.7093517506925429e-03 |   1.7093517506925429e-03 | 1
 23, 33 |  -9.6651598811528343e-03 |  -9.6651598811528343e-03 | 1
 23, 34 |   1.7047075533051215e-03 |   1.7047075533051215e-03 | 1
 23, 35 |  -2.7020969732501282e-03 |  -2.7020969732501282e-03 | 1
 23, 36 |  -3.4806407174107335e-04 |  -3.4806407174107335e-04 | 1
 23, 37 |  -3.1329478887039998e-04 |  -3.1329478887039998e-04 | 1
 23, 38 |  -6.7059175406035192e-04 |  -6.7059175406035192e-04 | 1
 23, 39 |   4.6600383407689749e-04 |   4.6600383407689749e-04 | 1
 23, 40 |  -7.3291052363361025e-07 |  -7.3291052363361025e-07 | 1
 23, 41 |   2.0068092995421537e-03 |   2.0068092995421537e-03 | 1
 23, 42 |  -1.1998371524544549e-03 |  -1.1998371524544549e-03 | 1
 24,  1 |   4.4447182830906241e-03 |   4.4447182830906241e-03 | 1
 24,  2 |   3.0173713010455587e-03 |   3.0173713010455587e-03 | 1
 24,  3 |   4.9269708636800157e-03 |   4.9269708636800157e-03 | 1
 24,  4 |   3.6516089808713501e-03 |   3.6516089808713501e-03 | 1
 24,  5 |   3.9450464810559249e-03 |   3.9450464810559249e-03 | 1
 24,  6 |  -1.0576350013927327e-04 |  -1.0576350013927327e-04 | 1
 24,  7 |   5.6538976937186639e-03 |   5.6538976937186639e-03 | 1
 24,  8 |   4.7451276261645595e-03 |   4.7451276261645595e-03 | 1
 24,  9 |   7.2875329422753578e-03 |   7.2875329422753578e-03 | 1
 24, 10 |   2.7180940648713452e-03 |   2.7180940648713452e-03 | 1
 24, 11 |   2.8009687864543179e-03 |   2.8009687864543179e-03 | 1
 24, 12 |   2.3915587338551028e-03 |   2.3915587338551028e-03 | 1
 24, 13 |   2.4317258334507381e-03 |   2.4317258334507381e-03 | 1
 24, 14 |   2.1122396537833705e-03 |   2.1122396537833705e-03 | 1
 24, 15 |   6.2079725422998638e-03 |   6.2079725422998638e-03 | 1
 24, 16 |   2.7925158208833567e-03 |   2.7925158208833567e-03 | 1
 24, 17 |   4.7493559899354663e-03 |   4.7493559899354663e-03 | 1
 24, 18 |   2.6386106272110335e-03 |   2.6386106272110335e-03 | 1
 24, 19 |   4.5141687326575647e-03 |   4.5141687326575647e-03 | 1
 24, 20 |   2.4378937996668887e-03 |   2.4378937996668887e-03 | 1
 24, 21 |   3.0911717122932751e-04 |   3.0911717122932751e-04 | 1
 24, 22 |  -2.1800593738435996e-03 |  -2.1800593738435996e-03 | 1
 24, 23 |   6.9655398973193176e-03 |   6.9655398973193176e-03 | 1
 24, 24 |   1.5334535857465964e-02 |   1.5334535857465964e-02 | 1
 24, 25 |   3.3853081057787313e-03 |   3.3853081057787313e-03 | 1
 24, 26 |   4.3842345291007240e-03 |   4.3842345291007240e-03 | 1
 24, 27 |   2.3047688486636840e-03 |   2.3047688486636840e-03 | 1
 24, 28 |   4.1431795010989899e-03 |   4.1431795010989899e-03 | 1
 24, 29 |   1.3503432703080262e-02 |   1.3503432703080262e-02 | 1
 24, 30 |   7.4516835001986878e-03 |   7.4516835001986878e-03 | 1
 24, 31 |   4.0457609964500707e-03 |   4.0457609964500707e-03 | 1
 24, 32 |   1.4438280785629516e-03 |   1.4438280785629516e-03 | 1
 24, 33 |   4.0605377712999921e-03 |   4.0605377712999921e-03 | 1
 24, 34 |   3.4914769866528925e-03 |   3.4914769866528925e-03 | 1
 24, 35 |  -2.3613517252079755e-03 |  -2.3613517252079755e-03 | 1
 24, 36 |  -4.1301339159203528e-03 |  -4.1301339159203528e-03 | 1
 24, 37 |  -5.2149471100131489e-03 |  -5.2149471100131489e-03 | 1
 24, 38 |  -6.0553665204008166e-03 |  -6.0553665204008166e-03 | 1
 24, 39 |  -2.7962156711198625e-04 |  -2.7962156711198625e-04 | 1
 24, 40 |   1.3479507083163050e-08 |   1.3479507083163050e-08 | 1
 24, 41 |   5.4599470571061459e-03 |   5.4599470571061459e-03 | 1
 24, 42 |   3.1936503719654672e-03 |   3.1936503719654672e-03 | 1
 25,  1 |   3.6560985376114337e-03 |   3.6560985376114337e-03 | 1
 25,  2 |   1.8077568586479964e-03 |   1.8077568586479964e-03 | 1
 25,  3 |   2.0280864495997330e-03 |   2.0280864495997330e-03 | 1
 25,  4 |   1.5666935171648657e-03 |   1.5666935171648657e-03 | 1
 25,  5 |  -5.5658474111612913e-03 |  -5.5658474111612913e-03 | 1
 25,  6 |   1.2378889526468749e-03 |   1.2378889526468749e-03 | 1
 25,  7 |   6.4781171124239959e-04 |   6.4781171124239959e-04 | 1
 25,  8 |  -3.0065905731515284e-04 |  -3.0065905731515284e-04 | 1
 25,  9 |   9.1221743926535766e-03 |   9.1221743926535766e-03 | 1
 25, 10 |  -1.7585350978222135e-03 |  -1.7585350978222135e-03 | 1
 25, 11 |   1.7569078600689720e-03 |   1.7569078600689720e-03 | 1
 25, 12 |   9.1038402053553907e-05 |   9.1038402053553907e-05 | 1
 25, 13 |  -4.1159276854609520e-03 |  -4.1159276854609520e-03 | 1
 25, 14 |   1.5225694632571975e-03 |   1.5225694632571975e-03 | 1
 25, 15 |  -9.5200223901207859e-03 |  -9.5200223901207859e-03 | 1
 25, 16 |  -2.2550863111613431e-03 |  -2.2550863111613431e-03 | 1
 25, 17 |   3.1653748629543047e-03 |   3.1653748629543047e-03 | 1
 25, 18 |  -4.8485074406620921e-03 |  -4.8485074406620921e-03 | 1
 25, 19 |   1.2910984578377899e-03 |   1.2910984578377899e-03 | 1
 25, 20 |  -1.0264278990963663e-03 |  -1.0264278990963663e-03 | 1
 25, 21 |   2.2756920026666743e-03 |   2.2756920026666743e-03 | 1
 25, 22 |   8.4425235628808916e-03 |   8.4425235628808916e-03 | 1
 25, 23 |   2.3335167134657421e-03 |   2.3335167134657421e-03 | 1
 25, 24 |   3.3853081057787313e-03 |   3.3853081057787313e-03 | 1
 25, 25 |   1.2019269351732075e-02 |   1.2019269351732075e-02 | 1
 25, 26 |   1.5643394287603109e-02 |   1.5643394287603109e-02 | 1
 25, 27 |  -6.5846842429440776e-03 |  -6.5846842429440776e-03 | 1
 25, 28 |   4.0952071199170449e-04 |   4.0952071199170449e-04 | 1
 25, 29 |   1.5580442126550012e-03 |   1.5580442126550012e-03 | 1
 25, 30 |  -1.2434842227061428e-03 |  -1.2434842227061428e-03 | 1
 25, 31 |   8.2097181530572903e-03 |   8.2097181530572903e-03 | 1
 25, 32 |   8.2850282648298042e-04 |   8.2850282648298042e-04 | 1
 25, 33 |  -5.5671078082985201e-03 |  -5.5671078082985201e-03 | 1
 25, 34 |   2.2022480349904675e-03 |   2.2022480349904675e-03 | 1
 25, 35 |  -1.6316910665629034e-03 |  -1.6316910665629034e-03 | 1
 25, 36 |  -1.8748614296972674e-03 |  -1.8748614296972674e-03 | 1
 25, 37 |  -1.1627353917184921e-03 |  -1.1627353917184921e-03 | 1
 25, 38 |  -2.1369112858002724e-03 |  -2.1369112858002724e-03 | 1
 25, 39 |   4.1171453209394346e-05 |   4.1171453209394346e-05 | 1
 25, 40 |  -4.2794678787127128e-08 |  -4.2794678787127128e-08 | 1
 25, 41 |   2.8505951537526825e-03 |   2.8505951537526825e-03 | 1
 25, 42 |  -1.3651511570888539e-03 |  -1.3651511570888539e-03 | 1
 26,  1 |   4.8386646418543033e-04 |   4.8386646418543033e-04 | 1
 26,  2 |   5.9328973759566386e-03 |   5.9328973759566386e-03 | 1
 26,  3 |  -2.9825898050342475e-03 |  -2.9825898050342475e-03 | 1
 26,  4 |  -1.3030879115133972e-03 |  -1.3030879115133972e-03 | 1
 26,  5 |  -1.9728522011397340e-02 |  -1.9728522011397340e-02 | 1
 26,  6 |   1.7846286097306006e-03 |   1.7846286097306006e-03 | 1
 26,  7 |   6.3854965866793449e-03 |   6.3854965866793449e-03 | 1
 26,  8 |  -2.0862193468469416e-03 |  -2.0862193468469416e-03 | 1
 26,  9 |   2.0378720383808259e-02 |   2.0378720383808259e-02 | 1
 26, 10 |  -5.5903169810758415e-05 |  -5.5903169810758415e-05 | 1
 26, 11 |   1.7161032734969764e-03 |   1.7161032734969764e-03 | 1
 26, 12 |   4.6842264008519034e-03 |   4.6842264008519034e-03 | 1
 26, 13 |  -7.3538729385564652e-03 |  -7.3538729385564652e-03 | 1
 26, 14 |   7.3214976277738929e-04 |   7.3214976277738929e-04 | 1
 26, 15 |   8.4118413790300957e-04 |   8.4118413790300957e-04 | 1
 26, 16 |  -6.0634094177815789e-03 |  -6.0634094177815789e-03 | 1
 26, 17 |   2.4440213321086455e-03 |   2.4440213321086455e-03 | 1
 26, 18 |  -1.2488067589646030e-02 |  -1.2488067589646030e-02 | 1
 26, 19 |  -4.4615558742304266e-03 |  -4.4615558742304266e-03 | 1
 26, 20 |   3.5645590452736981e-03 |   3.5645590452736981e-03 | 1
 26, 21 |  -7.8924218208838281e-03 |  -7.8924218208838281e-03 | 1
 26, 22 |  -6.3162550672917718e-03 |  -6.3162550672917718e-03 | 1
 26, 23 |   7.8244750080629366e-03 |   7.8244750080629366e-03 | 1
 26, 24 |   4.3842345291007240e-03 |   4.3842345291007240e-03 | 1
 26, 25 |   1.5643394287603109e-02 |   1.5643394287603109e-02 | 1
 26, 26 |   5.6162639457072068e-02 |   5.6162639457072068e-02 | 1
 26, 27 |  -2.2543776951198611e-02 |  -2.2543776951198611e-02 | 1
 26, 28 |   4.5010766838200194e-03 |   4.5010766838200194e-03 | 1
 26, 29 |  -4.5557520419490793e-03 |  -4.5557520419490793e-03 | 1
 26, 30 |  -1.8098707423293242e-03 |  -1.8098707423293242e-03 | 1
 26, 31 |  -5.9228936661978602e-03 |  -5.9228936661978602e-03 | 1
 26, 32 |   9.3189536011058487e-04 |   9.3189536011058487e-04 | 1
 26, 33 |  -1.5912429594207439e-02 |  -1.5912429594207439e-02 | 1
 26, 34 |   3.1238261555294683e-03 |   3.1238261555294683e-03 | 1
 26, 35 |  -2.4561295351985292e-03 |  -2.4561295351985292e-03 | 1
 26, 36 |  -5.7305453655996609e-04 |  -5.7305453655996609e-04 | 1
 26, 37 |   1.3739794265937057e-03 |   1.3739794265937057e-03 | 1
 26, 38 |  -1.6739094308187530e-03 |  -1.6739094308187530e-03 | 1
 26, 39 |   1.3733849145350005e-04 |   1.3733849145350005e-04 | 1
 26, 40 |   5.2297625263358656e-08 |   5.2297625263358656e-08 | 1
 26, 41 |   1.9779099916398452e-03 |   1.9779099916398452e-03 | 1
 26, 42 |  -1.1489075423862003e-04 |  -1.1489075423862003e-04 | 1
 27,  1 |   1.6359960191640328e-04 |   1.6359960191640328e-04 | 1
 27,  2 |  -2.5715781759427002e-03 |  -2.5715781759427002e-03 | 1
 27,  3 |   5.4479787542133958e-03 |   5.4479787542133958e-03 | 1
 27,  4 |   1.9676255381177181e-03 |   1.9676255381177181e-03 | 1
 27,  5 |   7.7438681317566881e-03 |   7.7438681317566881e-03 | 1
 27,  6 |   1.2120705397416121e-04 |   1.2120705397416121e-04 | 1
 27,  7 |  -1.0021281328454344e-03 |  -1.0021281328454344e-03 | 1
 27,  8 |   2.4187492188006646e-03 |   2.4187492188006646e-03 | 1
 27,  9 |  -6.9657838045992827e-03 |  -6.9657838045992827e-03 | 1
 27, 10 |  -8.9464673727539441e-04 |  -8.9464673727539441e-04 | 1
 27, 11 |   1.0805056447711777e-04 |   1.0805056447711777e-04 | 1
 27, 12 |  -1.8873996914988509e-03 |  -1.8873996914988509e-03 | 1
 27, 13 |   3.4381127474720661e-03 |   3.4381127474720661e-03 | 1
 27, 14 |   1.9758259016768916e-03 |   1.9758259016768916e-03 | 1
 27, 15 |   1.8967636702542532e-03 |   1.8967636702542532e-03 | 1
 27, 16 |   4.2897736460016760e-03 |   4.2897736460016760e-03 | 1
 27, 17 |   1.4845913974233841e-03 |   1.4845913974233841e-03 | 1
 27, 18 |   5.8354333540290900e-03 |   5.8354333540290900e-03 | 1
 27, 19 |   4.8769384867652921e-03 |   4.8769384867652921e-03 | 1
 27, 20 |  -8.5328179689372376e-04 |  -8.5328179689372376e-04 | 1
 27, 21 |   6.0627330946604902e-03 |   6.0627330946604902e-03 | 1
 27, 22 |  -9.0309679218072351e-04 |  -9.0309679218072351e-04 | 1
 27, 23 |   4.1551172808906179e-03 |   4.1551172808906179e-03 | 1
 27, 24 |   2.3047688486636840e-03 |   2.3047688486636840e-03 | 1
 27, 25 |  -6.5846842429440776e-03 |  -6.5846842429440776e-03 | 1
 27, 26 |  -2.2543776951198611e-02 |  -2.2543776951198611e-02 | 1
 27, 27 |   1.3445907504870897e-02 |   1.3445907504870897e-02 | 1
 27, 28 |  -8.7282203307464435e-04 |  -8.7282203307464435e-04 | 1
 27, 29 |   6.9235794515693479e-03 |   6.9235794515693479e-03 | 1
 27, 30 |   4.4041772294612560e-03 |   4.4041772294612560e-03 | 1
 27, 31 |  -6.5394944980095969e-05 |  -6.5394944980095969e-05 | 1
 27, 32 |   4.9200000841574882e-04 |   4.9200000841574882e-04 | 1
 27, 33 |   6.5777698618295685e-03 |   6.5777698618295685e-03 | 1
 27, 34 |   9.9477480467275239e-04 |   9.9477480467275239e-04 | 1
 27, 35 |   5.8519924066282084e-04 |   5.8519924066282084e-04 | 1
 27, 36 |  -1.1219413164512207e-03 |  -1.1219413164512207e-03 | 1
 27, 37 |  -2.1704569809509440e-03 |  -2.1704569809509440e-03 | 1
 27, 38 |  -1.5990523478802599e-03 |  -1.5990523478802599e-03 | 1
 27, 39 |  -3.2280961482920159e-05 |  -3.2280961482920159e-05 | 1
 27, 40 |   4.1699465947908736e-08 |   4.1699465947908736e-08 | 1
 27, 41 |   7.3844079094766808e-04 |   7.3844079094766808e-04 | 1
 27, 42 |   1.0088534261057649e-03 |   1.0088534261057649e-03 | 1
 28,  1 |   2.0685030889923536e-03 |   2.0685030889923536e-03 | 1
 28,  2 |  -1.7386065814307803e-04 |  -1.7386065814307803e-04 | 1
 28,  3 |   2.5895973762575008e-03 |   2.5895973762575008e-03 | 1
 28,  4 |   1.8959218944132831e-03 |   1.8959218944132831e-03 | 1
 28,  5 |   4.2309522686675670e-03 |   4.2309522686675670e-03 | 1
 28,  6 |  -9.1566621428351746e-04 |  -9.1566621428351746e-04 | 1
 28,  7 |   1.0656111595826722e-02 |   1.0656111595826722e-02 | 1
 28,  8 |   2.2362997251984379e-03 |   2.2362997251984379e-03 | 1
 28,  9 |   9.4208543107314555e-03 |   9.4208543107314555e-03 | 1
 28, 10 |   7.0297683553567157e-06 |   7.0297683553567157e-06 | 1
 28, 11 |   5.5625826672277235e-04 |   5.5625826672277235e-04 | 1
 28, 12 |   1.7908941220702791e-03 |   1.7908941220702791e-03 | 1
 28, 13 |   2.8541340296089112e-03 |   2.8541340296089112e-03 | 1
 28, 14 |   3.7041155663319354e-03 |   3.7041155663319354e-03 | 1
 28, 15 |   1.5360342592402463e-02 |   1.5360342592402463e-02 | 1
 28, 16 |   2.0713104038667688e-03 |   2.0713104038667688e-03 | 1
 28, 17 |   7.9855429201770183e-04 |   7.9855429201770183e-04 | 1
 28, 18 |   5.4015468466652578e-04 |   5.4015468466652578e-04 | 1
 28, 19 |   2.9663408186039412e-03 |   2.9663408186039412e-03 | 1
 28, 20 |   5.0829674107788769e-03 |   5.0829674107788769e-03 | 1
 28, 21 |  -3.6814362298763391e-03 |  -3.6814362298763391e-03 | 1
 28, 22 |   4.7156404886453595e-03 |   4.7156404886453595e-03 | 1
 28, 23 |   4.0360016102615297e-03 |   4.0360016102615297e-03 | 1
 28, 24 |   4.1431795010989899e-03 |   4.1431795010989899e-03 | 1
 28, 25 |   4.0952071199170449e-04 |   4.0952071199170449e-04 | 1
 28, 26 |   4.5010766838200194e-03 |   4.5010766838200194e-03 | 1
 28, 27 |  -8.7282203307464435e-04 |  -8.7282203307464435e-04 | 1
 28, 28 |   6.1938916060911503e-03 |   6.1938916060911503e-03 | 1
 28, 29 |   5.8656737672949403e-03 |   5.8656737672949403e-03 | 1
 28, 30 |   3.0294337931238429e-03 |   3.0294337931238429e-03 | 1
 28, 31 |   2.3880450294009189e-03 |   2.3880450294009189e-03 | 1
 28, 32 |   9.2876954825559638e-04 |   9.2876954825559638e-04 | 1
 28, 33 |   1.8157270221529874e-03 |   1.8157270221529874e-03 | 1
 28, 34 |   1.6233725749755931e-03 |   1.6233725749755931e-03 | 1
 28, 35 |  -4.5794147902630789e-04 |  -4.5794147902630789e-04 | 1
 28, 36 |  -1.3724796482312823e-03 |  -1.3724796482312823e-03 | 1
 28, 37 |  -1.4649819703750522e-03 |  -1.4649819703750522e-03 | 1
 28, 38 |  -2.1670451738047478e-03 |  -2.1670451738047478e-03 | 1
 28, 39 |  -2.2097010989732089e-05 |  -2.2097010989732089e-05 | 1
 28, 40 |   7.3128583509598753e-08 |   7.3128583509598753e-08 | 1
 28, 41 |   2.9633631738476222e-03 |   2.9633631738476222e-03 | 1
 28, 42 |  -4.6910204778972909e-04 |  -4.6910204778972909e-04 | 1
 29,  1 |   4.5887350514013173e-03 |   4.5887350514013173e-03 | 1
 29,  2 |  -5.3637509897078934e-05 |  -5.3637509897078934e-05 | 1
 29,  3 |   6.0899913110039738e-03 |   6.0899913110039738e-03 | 1
 29,  4 |   5.2410392611643456e-03 |   5.2410392611643456e-03 | 1
 29,  5 |   5.3804423320126865e-03 |   5.3804423320126865e-03 | 1
 29,  6 |  -4.5326479931598947e-04 |  -4.5326479931598947e-04 | 1
 29,  7 |   1.2361736547670378e-02 |   1.2361736547670378e-02 | 1
 29,  8 |   4.7569576426779760e-03 |   4.7569576426779760e-03 | 1
 29,  9 |   6.1596931477763935e-03 |   6.1596931477763935e-03 | 1
 29, 10 |  -3.2358420786435154e-03 |  -3.2358420786435154e-03 | 1
 29, 11 |   2.2072224915496361e-03 |   2.2072224915496361e-03 | 1
 29, 12 |   3.5442135112138414e-04 |   3.5442135112138414e-04 | 1
 29, 13 |   2.7214157503409669e-03 |   2.7214157503409669e-03 | 1
 29, 14 |   3.8551137045680388e-03 |   3.8551137045680388e-03 | 1
 29, 15 |   7.4535325880858237e-03 |   7.4535325880858237e-03 | 1
 29, 16 |   4.7394925112302401e-03 |   4.7394925112302401e-03 | 1
 29, 17 |   2.7421395691343076e-03 |   2.7421395691343076e-03 | 1
 29, 18 |   5.0579252157568668e-03 |   5.0579252157568668e-03 | 1
 29, 19 |   6.7670117031590760e-03 |   6.7670117031590760e-03 | 1
 29, 20 |   4.0300219860462429e-03 |   4.0300219860462429e-03 | 1
 29, 21 |  -3.0716457451209437e-03 |  -3.0716457451209437e-03 | 1
 29, 22 |   7.8090602746372865e-03 |   7.8090602746372865e-03 | 1
 29, 23 |   1.4143662694353944e-02 |   1.4143662694353944e-02 | 1
 29, 24 |   1.3503432703080262e-02 |   1.3503432703080262e-02 | 1
 29, 25 |   1.5580442126550012e-03 |   1.5580442126550012e-03 | 1
 29, 26 |  -4.5557520419490793e-03 |  -4.5557520419490793e-03 | 1
 29, 27 |   6.9235794515693479e-03 |   6.9235794515693479e-03 | 1
 29, 28 |   5.8656737672949403e-03 |   5.8656737672949403e-03 | 1
 29, 29 |   1.9078604043756317e-02 |   1.9078604043756317e-02 | 1
 29, 30 |   7.8493435987720857e-03 |   7.8493435987720857e-03 | 1
 29, 31 |   8.3175799584033396e-03 |   8.3175799584033396e-03 | 1
 29, 32 |   2.0227488628636004e-03 |   2.0227488628636004e-03 | 1
 29, 33 |   6.3971994652453710e-03 |   6.3971994652453710e-03 | 1
 29, 34 |   3.5582911582396478e-03 |   3.5582911582396478e-03 | 1
 29, 35 |  -1.7414377711077022e-03 |  -1.7414377711077022e-03 | 1
 29, 36 |  -4.4788980871803431e-03 |  -4.4788980871803431e-03 | 1
 29, 37 |  -5.4366519714168123e-03 |  -5.4366519714168123e-03 | 1
 29, 38 |  -5.8910527264078071e-03 |  -5.8910527264078071e-03 | 1
 29, 39 |  -1.6926838507796364e-04 |  -1.6926838507796364e-04 | 1
 29, 40 |   1.4541136580919361e-07 |   1.4541136580919361e-07 | 1
 29, 41 |   6.0990294653102441e-03 |   6.0990294653102441e-03 | 1
 29, 42 |   1.7536620982817272e-03 |   1.7536620982817272e-03 | 1
 30,  1 |   1.7626271404628615e-03 |   1.7626271404628615e-03 | 1
 30,  2 |   7.3307180528775083e-04 |   7.3307180528775083e-04 | 1
 30,  3 |   3.6624623361342576e-03 |   3.6624623361342576e-03 | 1
 30,  4 |   1.7255250108062174e-03 |   1.7255250108062174e-03 | 1
 30,  5 |   5.2404390147516872e-03 |   5.2404390147516872e-03 | 1
 30,  6 |   9.6710344125013178e-04 |   9.6710344125013178e-04 | 1
 30,  7 |   3.9581430307766736e-03 |   3.9581430307766736e-03 | 1
 30,  8 |   2.8361733111808458e-03 |   2.8361733111808458e-03 | 1
 30,  9 |   2.5747094836778674e-03 |   2.5747094836778674e-03 | 1
 30, 10 |   2.1122550493250470e-03 |   2.1122550493250470e-03 | 1
 30, 11 |   1.4085099117799342e-03 |   1.4085099117799342e-03 | 1
 30, 12 |  -1.1186701642186372e-04 |  -1.1186701642186372e-04 | 1
 30, 13 |   2.3183165710972922e-03 |   2.3183165710972922e-03 | 1
 30, 14 |   2.5454804653782109e-03 |   2.5454804653782109e-03 | 1
 30, 15 |   1.1738661155142896e-02 |   1.1738661155142896e-02 | 1
 30, 16 |   2.9664720166860236e-03 |   2.9664720166860236e-03 | 1
 30, 17 |   2.7255492423435357e-03 |   2.7255492423435357e-03 | 1
 30, 18 |   1.9282400159009784e-03 |   1.9282400159009784e-03 | 1
 30, 19 |   2.9585282303505626e-03 |   2.9585282303505626e-03 | 1
 30, 20 |   1.6313195215490268e-03 |   1.6313195215490268e-03 | 1
 30, 21 |   1.6756542479591662e-03 |   1.6756542479591662e-03 | 1
 30, 22 |  -1.2569179717507742e-03 |  -1.2569179717507742e-03 | 1
 30, 23 |   6.6499981105527274e-03 |   6.6499981105527274e-03 | 1
 30, 24 |   7.4516835001986878e-03 |   7.4516835001986878e-03 | 1
 30, 25 |  -1.2434842227061428e-03 |  -1.2434842227061428e-03 | 1
 30, 26 |  -1.8098707423293242e-03 |  -1.8098707423293242e-03 | 1
 30, 27 |   4.4041772294612560e-03 |   4.4041772294612560e-03 | 1
 30, 28 |   3.0294337931238429e-03 |   3.0294337931238429e-03 | 1
 30, 29 |   7.8493435987720857e-03 |   7.8493435987720857e-03 | 1
 30, 30 |   5.6720421189823981e-03 |   5.6720421189823981e-03 | 1
 30, 31 |   7.3935195600990147e-05 |   7.3935195600990147e-05 | 1
 30, 32 |   1.2811202237010585e-03 |   1.2811202237010585e-03 | 1
 30, 33 |   1.4435858959963082e-03 |   1.4435858959963082e-03 | 1
 30, 34 |   2.4038811922061643e-03 |   2.4038811922061643e-03 | 1
 30, 35 |  -6.7133792699777773e-04 |  -6.7133792699777773e-04 | 1
 30, 36 |  -2.0422130706505321e-03 |  -2.0422130706505321e-03 | 1
 30, 37 |  -3.0269959302356396e-03 |  -3.0269959302356396e-03 | 1
 30, 38 |  -3.5033269944837160e-03 |  -3.5033269944837160e-03 | 1
 30, 39 |  -9.3995843422142305e-05 |  -9.3995843422142305e-05 | 1
 30, 40 |  -1.0966092773510914e-08 |  -1.0966092773510914e-08 | 1
 30, 41 |   2.8630222172702545e-03 |   2.8630222172702545e-03 | 1
 30, 42 |   1.3541389304399694e-03 |   1.3541389304399694e-03 | 1
 31,  1 |   4.4700967209442711e-03 |   4.4700967209442711e-03 | 1
 31,  2 |  -2.4420306638751389e-03 |  -2.4420306638751389e-03 | 1
 31,  3 |  -1.6477377333408978e-03 |  -1.6477377333408978e-03 | 1
 31,  4 |   4.5460091715032467e-03 |   4.5460091715032467e-03 | 1
 31,  5 |   8.1770601154454534e-03 |   8.1770601154454534e-03 | 1
 31,  6 |   4.4024460404836619e-04 |   4.4024460404836619e-04 | 1
 31,  7 |   6.1685159508676167e-03 |   6.1685159508676167e-03 | 1
 31,  8 |  -1.0293424545659065e-03 |  -1.0293424545659065e-03 | 1
 31,  9 |   3.2836393604357078e-03 |   3.2836393604357078e-03 | 1
 31, 10 |   2.1455005940629115e-03 |   2.1455005940629115e-03 | 1
 31, 11 |   2.4207071189287811e-03 |   2.4207071189287811e-03 | 1
 31, 12 |  -1.0879558606345834e-03 |  -1.0879558606345834e-03 | 1
 31, 13 |  -3.0033722294262369e-04 |  -3.0033722294262369e-04 | 1
 31, 14 |   1.3581247356378069e-02 |   1.3581247356378069e-02 | 1
 31, 15 |  -6.4103489567723226e-03 |  -6.4103489567723226e-03 | 1
 31, 16 |  -1.2158497013118146e-03 |  -1.2158497013118146e-03 | 1
 31, 17 |  -4.7538478743732718e-04 |  -4.7538478743732718e-04 | 1
 31, 18 |   6.8500661353156273e-04 |   6.8500661353156273e-04 | 1
 31, 19 |   3.9818229170798750e-03 |   3.9818229170798750e-03 | 1
 31, 20 |  -3.5681608807405167e-04 |  -3.5681608807405167e-04 | 1
 31, 21 |  -2.1946204197931168e-02 |  -2.1946204197931168e-02 | 1
 31, 22 |   3.1108324742954271e-02 |   3.1108324742954271e-02 | 1
 31, 23 |  -1.5081976821777098e-02 |  -1.5081976821777098e-02 | 1
 31, 24 |   4.0457609964500707e-03 |   4.0457609964500707e-03 | 1
 31, 25 |   8.2097181530572903e-03 |   8.2097181530572903e-03 | 1
 31, 26 |  -5.9228936661978602e-03 |  -5.9228936661978602e-03 | 1
 31, 27 |  -6.5394944980095969e-05 |  -6.5394944980095969e-05 | 1
 31, 28 |   2.3880450294009189e-03 |   2.3880450294009189e-03 | 1
 31, 29 |   8.3175799584033396e-03 |   8.3175799584033396e-03 | 1
 31, 30 |   7.3935195600990147e-05 |   7.3935195600990147e-05 | 1
 31, 31 |   3.3485925086407631e-02 |   3.3485925086407631e-02 | 1
 31, 32 |   1.6648340680864957e-03 |   1.6648340680864957e-03 | 1
 31, 33 |   2.4517222421143849e-03 |   2.4517222421143849e-03 | 1
 31, 34 |   2.0622124217211484e-03 |   2.0622124217211484e-03 | 1
 31, 35 |  -1.9800762326632735e-03 |  -1.9800762326632735e-03 | 1
 31, 36 |  -4.4671504454916978e-03 |  -4.4671504454916978e-03 | 1
 31, 37 |  -5.1973480491155043e-03 |  -5.1973480491155043e-03 | 1
 31, 38 |  -3.7970353029094708e-03 |  -3.7970353029094708e-03 | 1
 31, 39 |  -1.9797425420490996e-04 |  -1.9797425420490996e-04 | 1
 31, 40 |   2.5025778856092485e-07 |   2.5025778856092485e-07 | 1
 31, 41 |   4.9237542010618848e-03 |   4.9237542010618848e-03 | 1
 31, 42 |  -2.1435495373861762e-03 |  -2.1435495373861762e-03 | 1
 32,  1 |   7.1096337734512412e-04 |   7.1096337734512412e-04 | 1
 32,  2 |   7.0455237964491732e-06 |   7.0455237964491732e-06 | 1
 32,  3 |   8.0657499428077708e-04 |   8.0657499428077708e-04 | 1
 32,  4 |   4.3054304377604228e-04 |   4.3054304377604228e-04 | 1
 32,  5 |   6.6573636929177782e-04 |   6.6573636929177782e-04 | 1
 32,  6 |   1.1386841248113961e-03 |   1.1386841248113961e-03 | 1
 32,  7 |   1.3800793253552659e-03 |   1.3800793253552659e-03 | 1
 32,  8 |   5.3158736631104099e-04 |   5.3158736631104099e-04 | 1
 32,  9 |   1.0895916402194421e-03 |   1.0895916402194421e-03 | 1
 32, 10 |   9.1242114167424488e-05 |   9.1242114167424488e-05 | 1
 32, 11 |   5.2020870341228402e-04 |   5.2020870341228402e-04 | 1
 32, 12 |  -6.9437299640079928e-04 |  -6.9437299640079928e-04 | 1
 32, 13 |   5.9282772556784450e-04 |   5.9282772556784450e-04 | 1
 32, 14 |   1.4680596622837980e-03 |   1.4680596622837980e-03 | 1
 32, 15 |   3.2365088522079742e-03 |   3.2365088522079742e-03 | 1
 32, 16 |   3.7919864519789844e-04 |   3.7919864519789844e-04 | 1
 32, 17 |   4.4108294878233571e-04 |   4.4108294878233571e-04 | 1
 32, 18 |  -5.4326542521484860e-04 |  -5.4326542521484860e-04 | 1
 32, 19 |   7.2275743524906322e-04 |   7.2275743524906322e-04 | 1
 32, 20 |   4.4958788282844218e-04 |   4.4958788282844218e-04 | 1
 32, 21 |  -8.4413877118042456e-04 |  -8.4413877118042456e-04 | 1
 32, 22 |   2.0921148780860500e-03 |   2.0921148780860500e-03 | 1
 32, 23 |   1.7093517506925429e-03 |   1.7093517506925429e-03 | 1
 32, 24 |   1.4438280785629516e-03 |   1.4438280785629516e-03 | 1
 32, 25 |   8.2850282648298042e-04 |   8.2850282648298042e-04 | 1
 32, 26 |   9.3189536011058487e-04 |   9.3189536011058487e-04 | 1
 32, 27 |   4.9200000841574882e-04 |   4.9200000841574882e-04 | 1
 32, 28 |   9.2876954825559638e-04 |   9.2876954825559638e-04 | 1
 32, 29 |   2.0227488628636004e-03 |   2.0227488628636004e-03 | 1
 32, 30 |   1.2811202237010585e-03 |   1.2811202237010585e-03 | 1
 32, 31 |   1.6648340680864957e-03 |   1.6648340680864957e-03 | 1
 32, 32 |   7.0949620676247660e-04 |   7.0949620676247660e-04 | 1
 32, 33 |  -1.3503892953979513e-03 |  -1.3503892953979513e-03 | 1
 32, 34 |   9.6333111096797092e-04 |   9.6333111096797092e-04 | 1
 32, 35 |  -1.0970035545659250e-04 |  -1.0970035545659250e-04 | 1
 32, 36 |  -6.3739256099885585e-04 |  -6.3739256099885585e-04 | 1
 32, 37 |  -8.9941416835504840e-04 |  -8.9941416835504840e-04 | 1
 32, 38 |  -1.1402789304222863e-03 |  -1.1402789304222863e-03 | 1
 32, 39 |   5.5108742246702433e-06 |   5.5108742246702433e-06 | 1
 32, 40 |   2.5757428704622179e-10 |   2.5757428704622179e-10 | 1
 32, 41 |   1.0217980217350465e-03 |   1.0217980217350465e-03 | 1
 32, 42 |  -2.5361225534865700e-04 |  -2.5361225534865700e-04 | 1
 33,  1 |   1.2780896367901419e-03 |   1.2780896367901419e-03 | 1
 33,  2 |  -1.6741516946278388e-03 |  -1.6741516946278388e-03 | 1
 33,  3 |   3.7905142969299073e-03 |   3.7905142969299073e-03 | 1
 33,  4 |   3.6831193203271497e-03 |   3.6831193203271497e-03 | 1
 33,  5 |   2.7793191399360546e-03 |   2.7793191399360546e-03 | 1
 33,  6 |  -7.1176084564365883e-03 |  -7.1176084564365883e-03 | 1
 33,  7 |   4.5575322842564877e-03 |   4.5575322842564877e-03 | 1
 33,  8 |   4.6376391309369963e-03 |   4.6376391309369963e-03 | 1
 33,  9 |   6.5300130612817734e-04 |   6.5300130612817734e-04 | 1
 33, 10 |  -9.3049963323093481e-04 |  -9.3049963323093481e-04 | 1
 33, 11 |  -8.9993347175687998e-04 |  -8.9993347175687998e-04 | 1
 33, 12 |   5.8999878389987617e-03 |   5.8999878389987617e-03 | 1
 33, 13 |   8.9220605838655834e-03 |   8.9220605838655834e-03 | 1
 33, 14 |   1.5858949811562903e-03 |   1.5858949811562903e-03 | 1
 33, 15 |  -6.5494592239711174e-03 |  -6.5494592239711174e-03 | 1
 33, 16 |   1.5494451385399156e-03 |   1.5494451385399156e-03 | 1
 33, 17 |  -5.9678252741985965e-04 |  -5.9678252741985965e-04 | 1
 33, 18 |   7.7021785691149727e-03 |   7.7021785691149727e-03 | 1
 33, 19 |   6.0980214621464812e-03 |   6.0980214621464812e-03 | 1
 33, 20 |   5.5585050588651810e-03 |   5.5585050588651810e-03 | 1
 33, 21 |  -6.5934432872655421e-03 |  -6.5934432872655421e-03 | 1
 33, 22 |  -6.2729628455346197e-03 |  -6.2729628455346197e-03 | 1
 33, 23 |  -9.6651598811528343e-03 |  -9.6651598811528343e-03 | 1
 33, 24 |   4.0605377712999921e-03 |   4.0605377712999921e-03 | 1
 33, 25 |  -5.5671078082985201e-03 |  -5.5671078082985201e-03 | 1
 33, 26 |  -1.5912429594207439e-02 |  -1.5912429594207439e-02 | 1
 33, 27 |   6.5777698618295685e-03 |   6.5777698618295685e-03 | 1
 33, 28 |   1.8157270221529874e-03 |   1.8157270221529874e-03 | 1
 33, 29 |   6.3971994652453710e-03 |   6.3971994652453710e-03 | 1
 33, 30 |   1.4435858959963082e-03 |   1.4435858959963082e-03 | 1
 33, 31 |   2.4517222421143849e-03 |   2.4517222421143849e-03 | 1
 33, 32 |  -1.3503892953979513e-03 |  -1.3503892953979513e-03 | 1
 33, 33 |   1.7049661551712565e-02 |   1.7049661551712565e-02 | 1
 33, 34 |  -1.4099576624763237e-03 |  -1.4099576624763237e-03 | 1
 33, 35 |  -4.1105068342364492e-04 |  -4.1105068342364492e-04 | 1
 33, 36 |  -1.1794720129868598e-03 |  -1.1794720129868598e-03 | 1
 33, 37 |  -1.2935783395084874e-03 |  -1.2935783395084874e-03 | 1
 33, 38 |  -8.6389642524766592e-04 |  -8.6389642524766592e-04 | 1
 33, 39 |  -2.4683101044282703e-04 |  -2.4683101044282703e-04 | 1
 33, 40 |   2.6686605742487432e-07 |   2.6686605742487432e-07 | 1
 33, 41 |   1.2217207572171799e-03 |   1.2217207572171799e-03 | 1
 33, 42 |   2.3312298444453988e-03 |   2.3312298444453988e-03 | 1
 34,  1 |   1.2834000196569450e-03 |   1.2834000196569450e-03 | 1
 34,  2 |   1.2280821081838268e-04 |   1.2280821081838268e-04 | 1
 34,  3 |   2.7013025596302215e-03 |   2.7013025596302215e-03 | 1
 34,  4 |   1.3571850251923941e-03 |   1.3571850251923941e-03 | 1
 34,  5 |   1.1628460924721050e-03 |   1.1628460924721050e-03 | 1
 34,  6 |   2.0488351653390343e-03 |   2.0488351653390343e-03 | 1
 34,  7 |   2.6123988838226966e-03 |   2.6123988838226966e-03 | 1
 34,  8 |   7.9688385549298393e-04 |   7.9688385549298393e-04 | 1
 34,  9 |   3.6121169691886515e-03 |   3.6121169691886515e-03 | 1
 34, 10 |  -9.5298258225369942e-05 |  -9.5298258225369942e-05 | 1
 34, 11 |   1.1085326375660570e-03 |   1.1085326375660570e-03 | 1
 34, 12 |   9.8278156547266246e-04 |   9.8278156547266246e-04 | 1
 34, 13 |   5.6919401459791096e-04 |   5.6919401459791096e-04 | 1
 34, 14 |   3.0822442789362114e-03 |   3.0822442789362114e-03 | 1
 34, 15 |   2.2815894750845564e-03 |   2.2815894750845564e-03 | 1
 34, 16 |   9.1409000823503299e-04 |   9.1409000823503299e-04 | 1
 34, 17 |   1.9116436443290074e-03 |   1.9116436443290074e-03 | 1
 34, 18 |  -2.5540930111913235e-04 |  -2.5540930111913235e-04 | 1
 34, 19 |   2.3068267332464658e-03 |   2.3068267332464658e-03 | 1
 34, 20 |   9.3883834487630395e-04 |   9.3883834487630395e-04 | 1
 34, 21 |  -3.0421978882506527e-04 |  -3.0421978882506527e-04 | 1
 34, 22 |   2.1402987663571554e-03 |   2.1402987663571554e-03 | 1
 34, 23 |   1.7047075533051215e-03 |   1.7047075533051215e-03 | 1
 34, 24 |   3.4914769866528925e-03 |   3.4914769866528925e-03 | 1
 34, 25 |   2.2022480349904675e-03 |   2.2022480349904675e-03 | 1
 34, 26 |   3.1238261555294683e-03 |   3.1238261555294683e-03 | 1
 34, 27 |   9.9477480467275239e-04 |   9.9477480467275239e-04 | 1
 34, 28 |   1.6233725749755931e-03 |   1.6233725749755931e-03 | 1
 34, 29 |   3.5582911582396478e-03 |   3.5582911582396478e-03 | 1
 34, 30 |   2.4038811922061643e-03 |   2.4038811922061643e-03 | 1
 34, 31 |   2.0622124217211484e-03 |   2.0622124217211484e-03 | 1
 34, 32 |   9.6333111096797092e-04 |   9.6333111096797092e-04 | 1
 34, 33 |  -1.4099576624763237e-03 |  -1.4099576624763237e-03 | 1
 34, 34 |   2.3276651749977446e-03 |   2.3276651749977446e-03 | 1
 34, 35 |  -6.4715744117930401e-04 |  -6.4715744117930401e-04 | 1
 34, 36 |  -1.5498475233431742e-03 |  -1.5498475233431742e-03 | 1
 34, 37 |  -1.7172420138262107e-03 |  -1.7172420138262107e-03 | 1
 34, 38 |  -2.2652595197255754e-03 |  -2.2652595197255754e-03 | 1
 34, 39 |  -2.2910301139974213e-05 |  -2.2910301139974213e-05 | 1
 34, 40 |   5.6640221201815192e-08 |   5.6640221201815192e-08 | 1
 34, 41 |   2.1089564146148775e-03 |   2.1089564146148775e-03 | 1
 34, 42 |   1.4052515763219770e-04 |   1.4052515763219770e-04 | 1
 35,  1 |  -9.7054553471459927e-04 |  -9.7054553471459927e-04 | 1
 35,  2 |  -1.3746042791467500e-03 |  -1.3746042791467500e-03 | 1
 35,  3 |  -2.1195757919358660e-04 |  -2.1195757919358660e-04 | 1
 35,  4 |  -1.0682922106163425e-03 |  -1.0682922106163425e-03 | 1
 35,  5 |  -1.3417966090178497e-03 |  -1.3417966090178497e-03 | 1
 35,  6 |  -3.5558350922871716e-04 |  -3.5558350922871716e-04 | 1
 35,  7 |  -1.9155236737553130e-03 |  -1.9155236737553130e-03 | 1
 35,  8 |  -2.7179606117220232e-04 |  -2.7179606117220232e-04 | 1
 35,  9 |  -1.1834959690710423e-03 |  -1.1834959690710423e-03 | 1
 35, 10 |   7.2450502281418833e-04 |   7.2450502281418833e-04 | 1
 35, 11 |  -7.3467230198249306e-04 |  -7.3467230198249306e-04 | 1
 35, 12 |   1.2522034838059843e-04 |   1.2522034838059843e-04 | 1
 35, 13 |   1.0705865207342555e-03 |   1.0705865207342555e-03 | 1
 35, 14 |  -1.9726521051873823e-03 |  -1.9726521051873823e-03 | 1
 35, 15 |   1.8217850089896131e-03 |   1.8217850089896131e-03 | 1
 35, 16 |   3.0677221616606207e-04 |   3.0677221616606207e-04 | 1
 35, 17 |  -1.3610247177667666e-03 |  -1.3610247177667666e-03 | 1
 35, 18 |  -4.6473306049958944e-04 |  -4.6473306049958944e-04 | 1
 35, 19 |  -4.3969148376177356e-04 |  -4.3969148376177356e-04 | 1
 35, 20 |  -4.5426859774157924e-04 |  -4.5426859774157924e-04 | 1
 35, 21 |   2.0143420982589545e-03 |   2.0143420982589545e-03 | 1
 35, 22 |  -1.1362002351743010e-03 |  -1.1362002351743010e-03 | 1
 35, 23 |  -2.7020969732501282e-03 |  -2.7020969732501282e-03 | 1
 35, 24 |  -2.3613517252079755e-03 |  -2.3613517252079755e-03 | 1
 35, 25 |  -1.6316910665629034e-03 |  -1.6316910665629034e-03 | 1
 35, 26 |  -2.4561295351985292e-03 |  -2.4561295351985292e-03 | 1
 35, 27 |   5.8519924066282084e-04 |   5.8519924066282084e-04 | 1
 35, 28 |  -4.5794147902630789e-04 |  -4.5794147902630789e-04 | 1
 35, 29 |  -1.7414377711077022e-03 |  -1.7414377711077022e-03 | 1
 35, 30 |  -6.7133792699777773e-04 |  -6.7133792699777773e-04 | 1
 35, 31 |  -1.9800762326632735e-03 |  -1.9800762326632735e-03 | 1
 35, 32 |  -1.0970035545659250e-04 |  -1.0970035545659250e-04 | 1
 35, 33 |  -4.1105068342364492e-04 |  -4.1105068342364492e-04 | 1
 35, 34 |  -6.4715744117930401e-04 |  -6.4715744117930401e-04 | 1
 35, 35 |   1.1895756402690021e-03 |   1.1895756402690021e-03 | 1
 35, 36 |   9.8278811410885654e-04 |   9.8278811410885654e-04 | 1
 35, 37 |   1.0346363902972464e-03 |   1.0346363902972464e-03 | 1
 35, 38 |   9.6737859806129544e-04 |   9.6737859806129544e-04 | 1
 35, 39 |   6.7971035986993852e-05 |   6.7971035986993852e-05 | 1
 35, 40 |  -1.1377686290709242e-09 |  -1.1377686290709242e-09 | 1
 35, 41 |  -1.1633196215874925e-03 |  -1.1633196215874925e-03 | 1
 35, 42 |  -4.1213790993364322e-04 |  -4.1213790993364322e-04 | 1
 36,  1 |  -1.7639390311611220e-03 |  -1.7639390311611220e-03 | 1
 36,  2 |  -3.8534763915118323e-04 |  -3.8534763915118323e-04 | 1
 36,  3 |  -1.5714346092632766e-03 |  -1.5714346092632766e-03 | 1
 36,  4 |  -1.8770555684336041e-03 |  -1.8770555684336041e-03 | 1
 36,  5 |  -1.6696609974623917e-03 |  -1.6696609974623917e-03 | 1
 36,  6 |  -7.1388121921909251e-04 |  -7.1388121921909251e-04 | 1
 36,  7 |  -2.7850615260497590e-03 |  -2.7850615260497590e-03 | 1
 36,  8 |  -1.0404684447875296e-03 |  -1.0404684447875296e-03 | 1
 36,  9 |  -2.4270695134303044e-03 |  -2.4270695134303044e-03 | 1
 36, 10 |  -1.8361464536172372e-04 |  -1.8361464536172372e-04 | 1
 36, 11 |  -1.1038814260556644e-03 |  -1.1038814260556644e-03 | 1
 36, 12 |  -1.0961577472296156e-03 |  -1.0961577472296156e-03 | 1
 36, 13 |  -8.7749271502663654e-04 |  -8.7749271502663654e-04 | 1
 36, 14 |  -2.8218050812714906e-03 |  -2.8218050812714906e-03 | 1
 36, 15 |   8.8199765372463961e-05 |   8.8199765372463961e-05 | 1
 36, 16 |  -5.4661908299412365e-04 |  -5.4661908299412365e-04 | 1
 36, 17 |  -1.6863486422129632e-03 |  -1.6863486422129632e-03 | 1
 36, 18 |  -1.1285001918105277e-03 |  -1.1285001918105277e-03 | 1
 36, 19 |  -2.0709876762614616e-03 |  -2.0709876762614616e-03 | 1
 36, 20 |  -1.1726757016972617e-03 |  -1.1726757016972617e-03 | 1
 36, 21 |   2.5560544311867169e-03 |   2.5560544311867169e-03 | 1
 36, 22 |  -3.2105496821991683e-03 |  -3.2105496821991683e-03 | 1
 36, 23 |  -3.4806407174107335e-04 |  -3.4806407174107335e-04 | 1
 36, 24 |  -4.1301339159203528e-03 |  -4.1301339159203528e-03 | 1
 36, 25 |  -1.8748614296972674e-03 |  -1.8748614296972674e-03 | 1
 36, 26 |  -5.7305453655996609e-04 |  -5.7305453655996609e-04 | 1
 36, 27 |  -1.1219413164512207e-03 |  -1.1219413164512207e-03 | 1
 36, 28 |  -1.3724796482312823e-03 |  -1.3724796482312823e-03 | 1
 36, 29 |  -4.4788980871803431e-03 |  -4.4788980871803431e-03 | 1
 36, 30 |  -2.0422130706505321e-03 |  -2.0422130706505321e-03 | 1
 36, 31 |  -4.4671504454916978e-03 |  -4.4671504454916978e-03 | 1
 36, 32 |  -6.3739256099885585e-04 |  -6.3739256099885585e-04 | 1
 36, 33 |  -1.1794720129868598e-03 |  -1.1794720129868598e-03 | 1
 36, 34 |  -1.5498475233431742e-03 |  -1.5498475233431742e-03 | 1
 36, 35 |   9.8278811410885654e-04 |   9.8278811410885654e-04 | 1
 36, 36 |   1.7765388583495176e-03 |   1.7765388583495176e-03 | 1
 36, 37 |   2.0783286369215424e-03 |   2.0783286369215424e-03 | 1
 36, 38 |   2.2099037544595721e-03 |   2.2099037544595721e-03 | 1
 36, 39 |   8.8881304391704325e-05 |   8.8881304391704325e-05 | 1
 36, 40 |  -6.0451766749943055e-08 |  -6.0451766749943055e-08 | 1
 36, 41 |  -2.2423622647812199e-03 |  -2.2423622647812199e-03 | 1
 36, 42 |  -4.4376023055698818e-04 |  -4.4376023055698818e-04 | 1
 37,  1 |  -2.1663703446722950e-03 |  -2.1663703446722950e-03 | 1
 37,  2 |  -6.5402971012497519e-04 |  -6.5402971012497519e-04 | 1
 37,  3 |  -1.4120143657510077e-03 |  -1.4120143657510077e-03 | 1
 37,  4 |  -1.9772964553984715e-03 |  -1.9772964553984715e-03 | 1
 37,  5 |  -3.3068258312126488e-03 |  -3.3068258312126488e-03 | 1
 37,  6 |  -1.1638955103424626e-03 |  -1.1638955103424626e-03 | 1
 37,  7 |  -2.3905860132440843e-03 |  -2.3905860132440843e-03 | 1
 37,  8 |  -1.4859143888198197e-03 |  -1.4859143888198197e-03 | 1
 37,  9 |  -1.4088275799103772e-03 |  -1.4088275799103772e-03 | 1
 37, 10 |  -1.5890153846905429e-03 |  -1.5890153846905429e-03 | 1
 37, 11 |  -1.4251673426745226e-03 |  -1.4251673426745226e-03 | 1
 37, 12 |  -5.6221032063170527e-04 |  -5.6221032063170527e-04 | 1
 37, 13 |  -1.6386209649804611e-03 |  -1.6386209649804611e-03 | 1
 37, 14 |  -3.1167870782572338e-03 |  -3.1167870782572338e-03 | 1
 37, 15 |  -2.6977408940112588e-03 |  -2.6977408940112588e-03 | 1
 37, 16 |  -8.6424976304567773e-04 |  -8.6424976304567773e-04 | 1
 37, 17 |  -2.1105677809962224e-03 |  -2.1105677809962224e-03 | 1
 37, 18 |  -1.6451881324718630e-03 |  -1.6451881324718630e-03 | 1
 37, 19 |  -1.9924951043034109e-03 |  -1.9924951043034109e-03 | 1
 37, 20 |  -1.1124277873224685e-03 |  -1.1124277873224685e-03 | 1
 37, 21 |   2.5316623791741735e-03 |   2.5316623791741735e-03 | 1
 37, 22 |  -3.4380965513117851e-03 |  -3.4380965513117851e-03 | 1
 37, 23 |  -3.1329478887039998e-04 |  -3.1329478887039998e-04 | 1
 37, 24 |  -5.2149471100131489e-03 |  -5.2149471100131489e-03 | 1
 37, 25 |  -1.1627353917184921e-03 |  -1.1627353917184921e-03 | 1
 37, 26 |   1.3739794265937057e-03 |   1.3739794265937057e-03 | 1
 37, 27 |  -2.1704569809509440e-03 |  -2.1704569809509440e-03 | 1
 37, 28 |  -1.4649819703750522e-03 |  -1.4649819703750522e-03 | 1
 37, 29 |  -5.4366519714168123e-03 |  -5.4366519714168123e-03 | 1
 37, 30 |  -3.0269959302356396e-03 |  -3.0269959302356396e-03 | 1
 37, 31 |  -5.1973480491155043e-03 |  -5.1973480491155043e-03 | 1
 37, 32 |  -8.9941416835504840e-04 |  -8.9941416835504840e-04 | 1
 37, 33 |  -1.2935783395084874e-03 |  -1.2935783395084874e-03 | 1
 37, 34 |  -1.7172420138262107e-03 |  -1.7172420138262107e-03 | 1
 37, 35 |   1.0346363902972464e-03 |   1.0346363902972464e-03 | 1
 37, 36 |   2.0783286369215424e-03 |   2.0783286369215424e-03 | 1
 37, 37 |   2.8006464127937497e-03 |   2.8006464127937497e-03 | 1
 37, 38 |   2.8298239844024228e-03 |   2.8298239844024228e-03 | 1
 37, 39 |   1.2497426610067619e-04 |   1.2497426610067619e-04 | 1
 37, 40 |  -2.5101165741628740e-08 |  -2.5101165741628740e-08 | 1
 37, 41 |  -2.6437548736389319e-03 |  -2.6437548736389319e-03 | 1
 37, 42 |  -6.1683828304539006e-04 |  -6.1683828304539006e-04 | 1
 38,  1 |  -2.6138720183650557e-03 |  -2.6138720183650557e-03 | 1
 38,  2 |  -7.6073066433038784e-04 |  -7.6073066433038784e-04 | 1
 38,  3 |  -2.9265776726662210e-03 |  -2.9265776726662210e-03 | 1
 38,  4 |  -2.1808971472390714e-03 |  -2.1808971472390714e-03 | 1
 38,  5 |  -1.3257285476554787e-03 |  -1.3257285476554787e-03 | 1
 38,  6 |  -1.0460198693422866e-03 |  -1.0460198693422866e-03 | 1
 38,  7 |  -2.9351796384613285e-03 |  -2.9351796384613285e-03 | 1
 38,  8 |  -2.4141775056163743e-03 |  -2.4141775056163743e-03 | 1
 38,  9 |  -3.9035200980973737e-03 |  -3.9035200980973737e-03 | 1
 38, 10 |  -1.3741748661627437e-03 |  -1.3741748661627437e-03 | 1
 38, 11 |  -1.5077470520651530e-03 |  -1.5077470520651530e-03 | 1
 38, 12 |  -1.3058594772261596e-03 |  -1.3058594772261596e-03 | 1
 38, 13 |  -2.9438639966770921e-03 |  -2.9438639966770921e-03 | 1
 38, 14 |  -3.1452809615564225e-03 |  -3.1452809615564225e-03 | 1
 38, 15 |  -3.5745242712137372e-03 |  -3.5745242712137372e-03 | 1
 38, 16 |  -7.8804802578315704e-04 |  -7.8804802578315704e-04 | 1
 38, 17 |  -2.5809962246183130e-03 |  -2.5809962246183130e-03 | 1
 38, 18 |  -6.7441220185910581e-04 |  -6.7441220185910581e-04 | 1
 38, 19 |  -2.9640654459308358e-03 |  -2.9640654459308358e-03 | 1
 38, 20 |  -2.1563544537815680e-03 |  -2.1563544537815680e-03 | 1
 38, 21 |   1.5228943543526105e-03 |   1.5228943543526105e-03 | 1
 38, 22 |  -1.2561282172381528e-03 |  -1.2561282172381528e-03 | 1
 38, 23 |  -6.7059175406035192e-04 |  -6.7059175406035192e-04 | 1
 38, 24 |  -6.0553665204008166e-03 |  -6.0553665204008166e-03 | 1
 38, 25 |  -2.1369112858002724e-03 |  -2.1369112858002724e-03 | 1
 38, 26 |  -1.6739094308187530e-03 |  -1.6739094308187530e-03 | 1
 38, 27 |  -1.5990523478802599e-03 |  -1.5990523478802599e-03 | 1
 38, 28 |  -2.1670451738047478e-03 |  -2.1670451738047478e-03 | 1
 38, 29 |  -5.8910527264078071e-03 |  -5.8910527264078071e-03 | 1
 38, 30 |  -3.5033269944837160e-03 |  -3.5033269944837160e-03 | 1
 38, 31 |  -3.7970353029094708e-03 |  -3.7970353029094708e-03 | 1
 38, 32 |  -1.1402789304222863e-03 |  -1.1402789304222863e-03 | 1
 38, 33 |  -8.6389642524766592e-04 |  -8.6389642524766592e-04 | 1
 38, 34 |  -2.2652595197255754e-03 |  -2.2652595197255754e-03 | 1
 38, 35 |   9.6737859806129544e-04 |   9.6737859806129544e-04 | 1
 38, 36 |   2.2099037544595721e-03 |   2.2099037544595721e-03 | 1
 38, 37 |   2.8298239844024228e-03 |   2.8298239844024228e-03 | 1
 38, 38 |   3.4253891098731163e-03 |   3.4253891098731163e-03 | 1
 38, 39 |   1.0151746275313179e-04 |   1.0151746275313179e-04 | 1
 38, 40 |  -3.7314366589903778e-08 |  -3.7314366589903778e-08 | 1
 38, 41 |  -3.1377988735843453e-03 |  -3.1377988735843453e-03 | 1
 38, 42 |  -5.7413022853304791e-04 |  -5.7413022853304791e-04 | 1
 39,  1 |  -7.6832301400407926e-05 |  -7.6832301400407926e-05 | 1
 39,  2 |  -7.9121529078485155e-05 |  -7.9121529078485155e-05 | 1
 39,  3 |   7.1094341642674756e-05 |   7.1094341642674756e-05 | 1
 39,  4 |  -8.3677254404497379e-05 |  -8.3677254404497379e-05 | 1
 39,  5 |  -1.6451472845590805e-04 |  -1.6451472845590805e-04 | 1
 39,  6 |  -4.8477041587660755e-05 |  -4.8477041587660755e-05 | 1
 39,  7 |  -5.2996228720169735e-05 |  -5.2996228720169735e-05 | 1
 39,  8 |  -6.7493375777125548e-05 |  -6.7493375777125548e-05 | 1
 39,  9 |   5.2067121802972197e-05 |   5.2067121802972197e-05 | 1
 39, 10 |  -1.3404979209605142e-04 |  -1.3404979209605142e-04 | 1
 39, 11 |  -5.4776966083826901e-05 |  -5.4776966083826901e-05 | 1
 39, 12 |  -2.2601368318976188e-04 |  -2.2601368318976188e-04 | 1
 39, 13 |  -2.0324891151454234e-04 |  -2.0324891151454234e-04 | 1
 39, 14 |  -4.9543958735789512e-05 |  -4.9543958735789512e-05 | 1
 39, 15 |   1.8900851892077371e-04 |   1.8900851892077371e-04 | 1
 39, 16 |   8.7097227661959674e-06 |   8.7097227661959674e-06 | 1
 39, 17 |  -2.7367211798921016e-05 |  -2.7367211798921016e-05 | 1
 39, 18 |  -2.0196381785285135e-04 |  -2.0196381785285135e-04 | 1
 39, 19 |  -2.4269251848021717e-05 |  -2.4269251848021717e-05 | 1
 39, 20 |  -1.0794181363291331e-04 |  -1.0794181363291331e-04 | 1
 39, 21 |   3.9282565740995587e-04 |   3.9282565740995587e-04 | 1
 39, 22 |   7.0322711255796903e-05 |   7.0322711255796903e-05 | 1
 39, 23 |   4.6600383407689749e-04 |   4.6600383407689749e-04 | 1
 39, 24 |  -2.7962156711198625e-04 |  -2.7962156711198625e-04 | 1
 39, 25 |   4.1171453209394346e-05 |   4.1171453209394346e-05 | 1
 39, 26 |   1.3733849145350005e-04 |   1.3733849145350005e-04 | 1
 39, 27 |  -3.2280961482920159e-05 |  -3.2280961482920159e-05 | 1
 39, 28 |  -2.2097010989732089e-05 |  -2.2097010989732089e-05 | 1
 39, 29 |  -1.6926838507796364e-04 |  -1.6926838507796364e-04 | 1
 39, 30 |  -9.3995843422142305e-05 |  -9.3995843422142305e-05 | 1
 39, 31 |  -1.9797425420490996e-04 |  -1.9797425420490996e-04 | 1
 39, 32 |   5.5108742246702433e-06 |   5.5108742246702433e-06 | 1
 39, 33 |  -2.4683101044282703e-04 |  -2.4683101044282703e-04 | 1
 39, 34 |  -2.2910301139974213e-05 |  -2.2910301139974213e-05 | 1
 39, 35 |   6.7971035986993852e-05 |   6.7971035986993852e-05 | 1
 39, 36 |   8.8881304391704325e-05 |   8.8881304391704325e-05 | 1
 39, 37 |   1.2497426610067619e-04 |   1.2497426610067619e-04 | 1
 39, 38 |   1.0151746275313179e-04 |   1.0151746275313179e-04 | 1
 39, 39 |   1.6264478026844442e-05 |   1.6264478026844442e-05 | 1
 39, 40 |  -4.6644874847051214e-09 |  -4.6644874847051214e-09 | 1
 39, 41 |  -9.4629698252752810e-05 |  -9.4629698252752810e-05 | 1
 39, 42 |  -1.1244018212244447e-04 |  -1.1244018212244447e-04 | 1
 40,  1 |  -9.0519027934412003e-08 |  -9.0519027934412003e-08 | 1
 40,  2 |  -1.7178225467155900e-07 |  -1.7178225467155900e-07 | 1
 40,  3 |   2.9398945446025765e-08 |   2.9398945446025765e-08 | 1
 40,  4 |   1.0783053165857581e-07 |   1.0783053165857581e-07 | 1
 40,  5 |  -2.9765580975502190e-07 |  -2.9765580975502190e-07 | 1
 40,  6 |  -2.8428535062035399e-08 |  -2.8428535062035399e-08 | 1
 40,  7 |   2.6880647387457576e-07 |   2.6880647387457576e-07 | 1
 40,  8 |   3.2282175789733847e-09 |   3.2282175789733847e-09 | 1
 40,  9 |   8.4470829582335711e-08 |   8.4470829582335711e-08 | 1
 40, 10 |  -1.7778708624410110e-07 |  -1.7778708624410110e-07 | 1
 40, 11 |  -2.7996712013043272e-08 |  -2.7996712013043272e-08 | 1
 40, 12 |   3.6674577850577821e-07 |   3.6674577850577821e-07 | 1
 40, 13 |   2.7470552284500945e-07 |   2.7470552284500945e-07 | 1
 40, 14 |   2.9488892983263931e-07 |   2.9488892983263931e-07 | 1
 40, 15 |  -6.3992981321168057e-07 |  -6.3992981321168057e-07 | 1
 40, 16 |  -4.3439209459876514e-08 |  -4.3439209459876514e-08 | 1
 40, 17 |  -1.8920710383702415e-07 |  -1.8920710383702415e-07 | 1
 40, 18 |   1.0233060472595532e-07 |   1.0233060472595532e-07 | 1
 40, 19 |   1.9523335306167350e-07 |   1.9523335306167350e-07 | 1
 40, 20 |   2.3030595854406012e-07 |   2.3030595854406012e-07 | 1
 40, 21 |  -9.8963061075755841e-07 |  -9.8963061075755841e-07 | 1
 40, 22 |  -1.7933123066594546e-08 |  -1.7933123066594546e-08 | 1
 40, 23 |  -7.3291052363361025e-07 |  -7.3291052363361025e-07 | 1
 40, 24 |   1.3479507083163050e-08 |   1.3479507083163050e-08 | 1
 40, 25 |  -4.2794678787127128e-08 |  -4.2794678787127128e-08 | 1
 40, 26 |   5.2297625263358656e-08 |   5.2297625263358656e-08 | 1
 40, 27 |   4.1699465947908736e-08 |   4.1699465947908736e-08 | 1
 40, 28 |   7.3128583509598753e-08 |   7.3128583509598753e-08 | 1
 40, 29 |   1.4541136580919361e-07 |   1.4541136580919361e-07 | 1
 40, 30 |  -1.0966092773510914e-08 |  -1.0966092773510914e-08 | 1
 40, 31 |   2.5025778856092485e-07 |   2.5025778856092485e-07 | 1
 40, 32 |   2.5757428704622179e-10 |   2.5757428704622179e-10 | 1
 40, 33 |   2.6686605742487432e-07 |   2.6686605742487432e-07 | 1
 40, 34 |   5.6640221201815192e-08 |   5.6640221201815192e-08 | 1
 40, 35 |  -1.1377686290709242e-09 |  -1.1377686290709242e-09 | 1
 40, 36 |  -6.0451766749943055e-08 |  -6.0451766749943055e-08 | 1
 40, 37 |  -2.5101165741628740e-08 |  -2.5101165741628740e-08 | 1
 40, 38 |  -3.7314366589903778e-08 |  -3.7314366589903778e-08 | 1
 40, 39 |  -4.6644874847051214e-09 |  -4.6644874847051214e-09 | 1
 40, 40 |   2.7628113354349872e-11 |   2.7628113354349872e-11 | 1
 40, 41 |   2.9750893063692519e-08 |   2.9750893063692519e-08 | 1
 40, 42 |   6.2662155393835925e-08 |   6.2662155393835925e-08 | 1
 41,  1 |   3.2128658866353065e-03 |   3.2128658866353065e-03 | 1
 41,  2 |   7.6115979812234336e-04 |   7.6115979812234336e-04 | 1
 41,  3 |   2.7773936439746509e-03 |   2.7773936439746509e-03 | 1
 41,  4 |   2.5851433013368156e-03 |   2.5851433013368156e-03 | 1
 41,  5 |   2.3488121909133867e-03 |   2.3488121909133867e-03 | 1
 41,  6 |   8.9645190810233805e-04 |   8.9645190810233805e-04 | 1
 41,  7 |   5.2970310840328143e-03 |   5.2970310840328143e-03 | 1
 41,  8 |   2.1664578991829908e-03 |   2.1664578991829908e-03 | 1
 41,  9 |   5.5173245836105129e-03 |   5.5173245836105129e-03 | 1
 41, 10 |   6.3101759035393842e-05 |   6.3101759035393842e-05 | 1
 41, 11 |   1.4490727403799100e-03 |   1.4490727403799100e-03 | 1
 41, 12 |   1.4903431453182896e-03 |   1.4903431453182896e-03 | 1
 41, 13 |   2.3693404639015918e-03 |   2.3693404639015918e-03 | 1
 41, 14 |   3.1310441675613844e-03 |   3.1310441675613844e-03 | 1
 41, 15 |   4.0207703222764155e-03 |   4.0207703222764155e-03 | 1
 41, 16 |   8.7780860739998751e-04 |   8.7780860739998751e-04 | 1
 41, 17 |   2.6127483781965277e-03 |   2.6127483781965277e-03 | 1
 41, 18 |   1.0497636085075276e-03 |   1.0497636085075276e-03 | 1
 41, 19 |   3.0093067882569673e-03 |   3.0093067882569673e-03 | 1
 41, 20 |   2.8913446890670279e-03 |   2.8913446890670279e-03 | 1
 41, 21 |  -1.4207120758500395e-03 |  -1.4207120758500395e-03 | 1
 41, 22 |   4.6187636583490191e-03 |   4.6187636583490191e-03 | 1
 41, 23 |   2.0068092995421537e-03 |   2.0068092995421537e-03 | 1
 41, 24 |   5.4599470571061459e-03 |   5.4599470571061459e-03 | 1
 41, 25 |   2.8505951537526825e-03 |   2.8505951537526825e-03 | 1
 41, 26 |   1.9779099916398452e-03 |   1.9779099916398452e-03 | 1
 41, 27 |   7.3844079094766808e-04 |   7.3844079094766808e-04 | 1
 41, 28 |   2.9633631738476222e-03 |   2.9633631738476222e-03 | 1
 41, 29 |   6.0990294653102441e-03 |   6.0990294653102441e-03 | 1
 41, 30 |   2.8630222172702545e-03 |   2.8630222172702545e-03 | 1
 41, 31 |   4.9237542010618848e-03 |   4.9237542010618848e-03 | 1
 41, 32 |   1.0217980217350465e-03 |   1.0217980217350465e-03 | 1
 41, 33 |   1.2217207572171799e-03 |   1.2217207572171799e-03 | 1
 41, 34 |   2.1089564146148775e-03 |   2.1089564146148775e-03 | 1
 41, 35 |  -1.1633196215874925e-03 |  -1.1633196215874925e-03 | 1
 41, 36 |  -2.2423622647812199e-03 |  -2.2423622647812199e-03 | 1
 41, 37 |  -2.6437548736389319e-03 |  -2.6437548736389319e-03 | 1
 41, 38 |  -3.1377988735843453e-03 |  -3.1377988735843453e-03 | 1
 41, 39 |  -9.4629698252752810e-05 |  -9.4629698252752810e-05 | 1
 41, 40 |   2.9750893063692519e-08 |   2.9750893063692519e-08 | 1
 41, 41 |   3.4809127885148078e-03 |   3.4809127885148078e-03 | 1
 41, 42 |  -1.6222095406442622e-05 |  -1.6222095406442622e-05 | 1
 42,  1 |  -6.2297393887844263e-04 |  -6.2297393887844263e-04 | 1
 42,  2 |   7.2125825501860087e-04 |   7.2125825501860087e-04 | 1
 42,  3 |  -3.5754450571873391e-06 |  -3.5754450571873391e-06 | 1
 42,  4 |   1.6446270030171024e-04 |   1.6446270030171024e-04 | 1
 42,  5 |  -4.6620740431003657e-04 |  -4.6620740431003657e-04 | 1
 42,  6 |  -3.7671339530453556e-04 |  -3.7671339530453556e-04 | 1
 42,  7 |  -9.7000579807877952e-04 |  -9.7000579807877952e-04 | 1
 42,  8 |   6.2964328759086067e-04 |   6.2964328759086067e-04 | 1
 42,  9 |  -1.4861142876455532e-03 |  -1.4861142876455532e-03 | 1
 42, 10 |   7.9683096006924752e-04 |   7.9683096006924752e-04 | 1
 42, 11 |   1.8863377561304618e-04 |   1.8863377561304618e-04 | 1
 42, 12 |   1.7542818099163179e-03 |   1.7542818099163179e-03 | 1
 42, 13 |   6.5209328420927533e-04 |   6.5209328420927533e-04 | 1
 42, 14 |  -8.1365425295478453e-04 |  -8.1365425295478453e-04 | 1
 42, 15 |  -3.1330822120425317e-03 |  -3.1330822120425317e-03 | 1
 42, 16 |   3.9547328157507231e-04 |   3.9547328157507231e-04 | 1
 42, 17 |  -1.6224912121936085e-05 |  -1.6224912121936085e-05 | 1
 42, 18 |   1.5655894135415814e-03 |   1.5655894135415814e-03 | 1
 42, 19 |   1.6765034275155000e-04 |   1.6765034275155000e-04 | 1
 42, 20 |  -8.7572821703326131e-05 |  -8.7572821703326131e-05 | 1
 42, 21 |  -1.7369379117705868e-03 |  -1.7369379117705868e-03 | 1
 42, 22 |  -5.9869246128402423e-03 |  -5.9869246128402423e-03 | 1
 42, 23 |  -1.1998371524544549e-03 |  -1.1998371524544549e-03 | 1
 42, 24 |   3.1936503719654672e-03 |   3.1936503719654672e-03 | 1
 42, 25 |  -1.3651511570888539e-03 |  -1.3651511570888539e-03 | 1
 42, 26 |  -1.1489075423862003e-04 |  -1.1489075423862003e-04 | 1
 42, 27 |   1.0088534261057649e-03 |   1.0088534261057649e-03 | 1
 42, 28 |  -4.6910204778972909e-04 |  -4.6910204778972909e-04 | 1
 42, 29 |   1.7536620982817272e-03 |   1.7536620982817272e-03 | 1
 42, 30 |   1.3541389304399694e-03 |   1.3541389304399694e-03 | 1
 42, 31 |  -2.1435495373861762e-03 |  -2.1435495373861762e-03 | 1
 42, 32 |  -2.5361225534865700e-04 |  -2.5361225534865700e-04 | 1
 42, 33 |   2.3312298444453988e-03 |   2.3312298444453988e-03 | 1
 42, 34 |   1.4052515763219770e-04 |   1.4052515763219770e-04 | 1
 42, 35 |  -4.1213790993364322e-04 |  -4.1213790993364322e-04 | 1
 42, 36 |  -4.4376023055698818e-04 |  -4.4376023055698818e-04 | 1
 42, 37 |  -6.1683828304539006e-04 |  -6.1683828304539006e-04 | 1
 42, 38 |  -5.7413022853304791e-04 |  -5.7413022853304791e-04 | 1
 42, 39 |  -1.1244018212244447e-04 |  -1.1244018212244447e-04 | 1
 42, 40 |   6.2662155393835925e-08 |   6.2662155393835925e-08 | 1
 42, 41 |  -1.6222095406442622e-05 |  -1.6222095406442622e-05 | 1
 42, 42 |   2.0234957540881449e-03 |   2.0234957540881449e-03 | 1
