row,col | V_base                   | V_new                    | equal
  1,  1 |   3.7889290769660649e-03 |   3.7889290769660649e-03 | 1
  1,  2 |   7.5894507172988399e-04 |   7.5894507172988399e-04 | 1
  1,  3 |   2.6586834168858754e-03 |   2.6586834168858754e-03 | 1
  1,  4 |   2.3461622916349733e-03 |   2.3461622916349733e-03 | 1
  1,  5 |   1.1580359246149269e-03 |   1.1580359246149269e-03 | 1
  1,  6 |   1.2323576458171895e-04 |   1.2323576458171895e-04 | 1
  1,  7 |   3.4625848544609355e-03 |   3.4625848544609355e-03 | 1
  1,  8 |   2.2698709277174586e-03 |   2.2698709277174586e-03 | 1
  1,  9 |   5.3899670907632743e-03 |   5.3899670907632743e-03 | 1
  1, 10 |   3.7891115070964944e-05 |   3.7891115070964944e-05 | 1
  1, 11 |   1.1039348568672549e-03 |   1.1039348568672549e-03 | 1
  1, 12 |   1.3476646181497193e-03 |   1.3476646181497193e-03 | 1
  1, 13 |   2.6075752356318604e-03 |   2.6075752356318604e-03 | 1
  1, 14 |   1.0709002731119413e-03 |   1.0709002731119413e-03 | 1
  1, 15 |   1.8396152809879226e-03 |   1.8396152809879226e-03 | 1
  1, 16 |   2.9606747699061217e-04 |   2.9606747699061217e-04 | 1
  1, 17 |   2.7816991083160396e-03 |   2.7816991083160396e-03 | 1
  1, 18 |   8.0958398847571697e-04 |   8.0958398847571697e-04 | 1
  1, 19 |   2.6137106759026650e-03 |   2.6137106759026650e-03 | 1
  1, 20 |   2.5067337899724665e-03 |   2.5067337899724665e-03 | 1
  1, 21 |   2.0253036758693917e-03 |   2.0253036758693917e-03 | 1
  1, 22 |   4.7251811941833562e-03 |   4.7251811941833562e-03 | 1
  1, 23 |   8.2659474930146110e-04 |   8.2659474930146110e-04 | 1
  1, 24 |   4.2074087028700826e-03 |   4.2074087028700826e-03 | 1
  1, 25 |   3.4884912498212260e-03 |   3.4884912498212260e-03 | 1
  1, 26 |   5.5870531732756239e-04 |   5.5870531732756239e-04 | 1
  1, 27 |   1.4869448025431288e-04 |   1.4869448025431288e-04 | 1
  1, 28 |   2.1014383110918499e-03 |   2.1014383110918499e-03 | 1
  1, 29 |   4.7285237850220561e-03 |   4.7285237850220561e-03 | 1
  1, 30 |   1.6020201762564873e-03 |   1.6020201762564873e-03 | 1
  1, 31 |   4.6723000859948821e-03 |   4.6723000859948821e-03 | 1
  1, 32 |   6.7548211227405044e-04 |   6.7548211227405044e-04 | 1
  1, 33 |   1.7157782443900738e-03 |   1.7157782443900738e-03 | 1
  1, 34 |   1.2975352662185718e-03 |   1.2975352662185718e-03 | 1
  1, 35 |  -9.3760137086392760e-04 |  -9.3760137086392760e-04 | 1
  1, 36 |  -1.8388481395075643e-03 |  -1.8388481395075643e-03 | 1
  1, 37 |  -2.1568568394959176e-03 |  -2.1568568394959176e-03 | 1
  1, 38 |  -2.6496632359060751e-03 |  -2.6496632359060751e-03 | 1
  1, 39 |   3.1167600203847374e-03 |   3.1167600203847374e-03 | 1
  1, 40 |  -5.0359806651033832e-04 |  -5.0359806651033832e-04 | 1
  2,  1 |   7.5894507172988399e-04 |   7.5894507172988399e-04 | 1
  2,  2 |   2.9766148223884900e-03 |   2.9766148223884900e-03 | 1
  2,  3 |  -8.7779510915043447e-04 |  -8.7779510915043447e-04 | 1
  2,  4 |  -1.5194911566353861e-04 |  -1.5194911566353861e-04 | 1
  2,  5 |   2.3351656045499775e-04 |   2.3351656045499775e-04 | 1
  2,  6 |   5.0658130725951924e-04 |   5.0658130725951924e-04 | 1
  2,  7 |   4.6317332114345665e-05 |   4.6317332114345665e-05 | 1
  2,  8 |   4.3294655619915392e-04 |   4.3294655619915392e-04 | 1
  2,  9 |   5.6748246708363307e-04 |   5.6748246708363307e-04 | 1
  2, 10 |  -1.6211458391794895e-04 |  -1.6211458391794895e-04 | 1
  2, 11 |   5.9894767390983967e-04 |   5.9894767390983967e-04 | 1
  2, 12 |  -1.2824887890206783e-03 |  -1.2824887890206783e-03 | 1
  2, 13 |  -1.6555435841774874e-03 |  -1.6555435841774874e-03 | 1
  2, 14 |  -4.7772884634631390e-04 |  -4.7772884634631390e-04 | 1
  2, 15 |  -2.7076643147444057e-04 |  -2.7076643147444057e-04 | 1
  2, 16 |  -1.1676834778855535e-03 |  -1.1676834778855535e-03 | 1
  2, 17 |   1.5547181180512459e-03 |   1.5547181180512459e-03 | 1
  2, 18 |  -8.5967867904386118e-04 |  -8.5967867904386118e-04 | 1
  2, 19 |  -1.5671330730495795e-03 |  -1.5671330730495795e-03 | 1
  2, 20 |  -8.6752218646878948e-05 |  -8.6752218646878948e-05 | 1
  2, 21 |   6.1699573795973624e-04 |   6.1699573795973624e-04 | 1
  2, 22 |  -3.8649019993643300e-03 |  -3.8649019993643300e-03 | 1
  2, 23 |   5.2980484123306866e-03 |   5.2980484123306866e-03 | 1
  2, 24 |   2.6513951578157110e-03 |   2.6513951578157110e-03 | 1
  2, 25 |   1.5485876315478229e-03 |   1.5485876315478229e-03 | 1
  2, 26 |   5.8848261241479915e-03 |   5.8848261241479915e-03 | 1
  2, 27 |  -2.5657945515776500e-03 |  -2.5657945515776500e-03 | 1
  2, 28 |  -2.3886002175817659e-04 |  -2.3886002175817659e-04 | 1
  2, 29 |  -5.6653062239448378e-05 |  -5.6653062239448378e-05 | 1
  2, 30 |   3.7577450104713190e-04 |   3.7577450104713190e-04 | 1
  2, 31 |  -2.2517220226788070e-03 |  -2.2517220226788070e-03 | 1
  2, 32 |  -3.6162963207268303e-05 |  -3.6162963207268303e-05 | 1
  2, 33 |  -1.1637221108189814e-03 |  -1.1637221108189814e-03 | 1
  2, 34 |  -8.5396068985340905e-06 |  -8.5396068985340905e-06 | 1
  2, 35 |  -1.3486278913279687e-03 |  -1.3486278913279687e-03 | 1
  2, 36 |  -4.6383378262489228e-04 |  -4.6383378262489228e-04 | 1
  2, 37 |  -6.6714765580436002e-04 |  -6.6714765580436002e-04 | 1
  2, 38 |  -8.3652860452086827e-04 |  -8.3652860452086827e-04 | 1
  2, 39 |   5.3117932284512748e-04 |   5.3117932284512748e-04 | 1
  2, 40 |   8.5913426155079351e-04 |   8.5913426155079351e-04 | 1
  3,  1 |   2.6586834168858754e-03 |   2.6586834168858754e-03 | 1
  3,  2 |  -8.7779510915043447e-04 |  -8.7779510915043447e-04 | 1
  3,  3 |   1.0906138662640221e-02 |   1.0906138662640221e-02 | 1
  3,  4 |   3.0192477387432108e-03 |   3.0192477387432108e-03 | 1
  3,  5 |   1.4057592443179963e-03 |   1.4057592443179963e-03 | 1
  3,  6 |  -1.6450841478655820e-03 |  -1.6450841478655820e-03 | 1
  3,  7 |   3.6908047399237024e-03 |   3.6908047399237024e-03 | 1
  3,  8 |   4.8411086388758396e-03 |   4.8411086388758396e-03 | 1
  3,  9 |   8.4402264869808258e-03 |   8.4402264869808258e-03 | 1
  3, 10 |  -3.0189269326716369e-03 |  -3.0189269326716369e-03 | 1
  3, 11 |   6.3367404383518405e-04 |   6.3367404383518405e-04 | 1
  3, 12 |   8.7248230792005225e-04 |   8.7248230792005225e-04 | 1
  3, 13 |   4.4235074600099209e-03 |   4.4235074600099209e-03 | 1
  3, 14 |   4.0529950416916148e-03 |   4.0529950416916148e-03 | 1
  3, 15 |   1.7017717336763613e-03 |   1.7017717336763613e-03 | 1
  3, 16 |   2.8922557545505980e-03 |   2.8922557545505980e-03 | 1
  3, 17 |   3.5647198730546746e-03 |   3.5647198730546746e-03 | 1
  3, 18 |  -9.2199143225951609e-05 |  -9.2199143225951609e-05 | 1
  3, 19 |   8.6794836535390718e-03 |   8.6794836535390718e-03 | 1
  3, 20 |   2.5832394815045560e-03 |   2.5832394815045560e-03 | 1
  3, 21 |   8.5775917524750223e-03 |   8.5775917524750223e-03 | 1
  3, 22 |  -4.1391265741892959e-03 |  -4.1391265741892959e-03 | 1
  3, 23 |   5.7103091830048094e-03 |   5.7103091830048094e-03 | 1
  3, 24 |   4.9547460246683050e-03 |   4.9547460246683050e-03 | 1
  3, 25 |   2.1179306604264818e-03 |   2.1179306604264818e-03 | 1
  3, 26 |  -2.5771215929740895e-03 |  -2.5771215929740895e-03 | 1
  3, 27 |   5.3582111788539055e-03 |   5.3582111788539055e-03 | 1
  3, 28 |   2.7747016460410753e-03 |   2.7747016460410753e-03 | 1
  3, 29 |   6.5016048185275272e-03 |   6.5016048185275272e-03 | 1
  3, 30 |   3.8630932125672686e-03 |   3.8630932125672686e-03 | 1
  3, 31 |  -1.1500727734129715e-03 |  -1.1500727734129715e-03 | 1
  3, 32 |   8.4636474562154688e-04 |   8.4636474562154688e-04 | 1
  3, 33 |   3.9129630273884598e-03 |   3.9129630273884598e-03 | 1
  3, 34 |   2.9651799884176100e-03 |   2.9651799884176100e-03 | 1
  3, 35 |  -1.8470986956410732e-04 |  -1.8470986956410732e-04 | 1
  3, 36 |  -1.6453450861776205e-03 |  -1.6453450861776205e-03 | 1
  3, 37 |  -1.4024423983970624e-03 |  -1.4024423983970624e-03 | 1
  3, 38 |  -2.9240154236759883e-03 |  -2.9240154236759883e-03 | 1
  3, 39 |   2.9483988306066482e-03 |   2.9483988306066482e-03 | 1
  3, 40 |   1.2558914014556613e-05 |   1.2558914014556613e-05 | 1
  4,  1 |   2.3461622916349733e-03 |   2.3461622916349733e-03 | 1
  4,  2 |  -1.5194911566353861e-04 |  -1.5194911566353861e-04 | 1
  4,  3 |   3.0192477387432108e-03 |   3.0192477387432108e-03 | 1
  4,  4 |   3.1864939992706513e-03 |   3.1864939992706513e-03 | 1
  4,  5 |   6.3115324800167634e-04 |   6.3115324800167634e-04 | 1
  4,  6 |  -3.2424611948502131e-04 |  -3.2424611948502131e-04 | 1
  4,  7 |   5.3978138904816984e-03 |   5.3978138904816984e-03 | 1
  4,  8 |   2.0157517836245902e-03 |   2.0157517836245902e-03 | 1
  4,  9 |   3.8822473968456103e-03 |   3.8822473968456103e-03 | 1
  4, 10 |  -1.7341234078354154e-03 |  -1.7341234078354154e-03 | 1
  4, 11 |   8.4128466944997514e-04 |   8.4128466944997514e-04 | 1
  4, 12 |   2.6631053546127006e-03 |   2.6631053546127006e-03 | 1
  4, 13 |   2.9844315002414447e-03 |   2.9844315002414447e-03 | 1
  4, 14 |   3.9724226754555628e-03 |   3.9724226754555628e-03 | 1
  4, 15 |  -2.5390478238400162e-03 |  -2.5390478238400162e-03 | 1
  4, 16 |   6.8173328953713647e-04 |   6.8173328953713647e-04 | 1
  4, 17 |   1.7070709126391285e-03 |   1.7070709126391285e-03 | 1
  4, 18 |   2.4350077500308685e-03 |   2.4350077500308685e-03 | 1
  4, 19 |   4.0056261542786801e-03 |   4.0056261542786801e-03 | 1
  4, 20 |   3.4531663879816430e-03 |   3.4531663879816430e-03 | 1
  4, 21 |  -4.4058021063662876e-03 |  -4.4058021063662876e-03 | 1
  4, 22 |   3.4676976654703729e-03 |   3.4676976654703729e-03 | 1
  4, 23 |  -2.9406207659562030e-04 |  -2.9406207659562030e-04 | 1
  4, 24 |   3.7401275679600611e-03 |   3.7401275679600611e-03 | 1
  4, 25 |   1.7086697999810583e-03 |   1.7086697999810583e-03 | 1
  4, 26 |  -9.8434450547340928e-04 |  -9.8434450547340928e-04 | 1
  4, 27 |   2.1178775754237132e-03 |   2.1178775754237132e-03 | 1
  4, 28 |   2.1602223153754175e-03 |   2.1602223153754175e-03 | 1
  4, 29 |   5.5908809350412540e-03 |   5.5908809350412540e-03 | 1
  4, 30 |   1.9239574151131830e-03 |   1.9239574151131830e-03 | 1
  4, 31 |   4.9956586995803208e-03 |   4.9956586995803208e-03 | 1
  4, 32 |   5.1336924858595744e-04 |   5.1336924858595744e-04 | 1
  4, 33 |   3.8354493740152991e-03 |   3.8354493740152991e-03 | 1
  4, 34 |   1.6702773841938911e-03 |   1.6702773841938911e-03 | 1
  4, 35 |  -1.0221832205152429e-03 |  -1.0221832205152429e-03 | 1
  4, 36 |  -1.9363055915224236e-03 |  -1.9363055915224236e-03 | 1
  4, 37 |  -1.9362311338251179e-03 |  -1.9362311338251179e-03 | 1
  4, 38 |  -2.1442161296363121e-03 |  -2.1442161296363121e-03 | 1
  4, 39 |   2.8114125553945703e-03 |   2.8114125553945703e-03 | 1
  4, 40 |   1.1295471271302444e-04 |   1.1295471271302444e-04 | 1
  5,  1 |   1.1580359246149269e-03 |   1.1580359246149269e-03 | 1
  5,  2 |   2.3351656045499775e-04 |   2.3351656045499775e-04 | 1
  5,  3 |   1.4057592443179963e-03 |   1.4057592443179963e-03 | 1
  5,  4 |   6.3115324800167634e-04 |   6.3115324800167634e-04 | 1
  5,  5 |   2.9426672313003274e-02 |   2.9426672313003274e-02 | 1
  5,  6 |   1.9447852832252751e-03 |   1.9447852832252751e-03 | 1
  5,  7 |   7.1778443912868736e-03 |   7.1778443912868736e-03 | 1
  5,  8 |  -5.0228315749722497e-04 |  -5.0228315749722497e-04 | 1
  5,  9 |  -1.3503748550899803e-03 |  -1.3503748550899803e-03 | 1
  5, 10 |   3.0330885703826792e-03 |   3.0330885703826792e-03 | 1
  5, 11 |   9.8624635760101572e-04 |   9.8624635760101572e-04 | 1
  5, 12 |  -6.8309838085900939e-03 |  -6.8309838085900939e-03 | 1
  5, 13 |  -4.1187825893239105e-03 |  -4.1187825893239105e-03 | 1
  5, 14 |   7.5360911780523732e-03 |   7.5360911780523732e-03 | 1
  5, 15 |   2.5063897945823237e-02 |   2.5063897945823237e-02 | 1
  5, 16 |   5.9221852025420855e-03 |   5.9221852025420855e-03 | 1
  5, 17 |   2.2427640829445115e-03 |   2.2427640829445115e-03 | 1
  5, 18 |   4.8056109079084967e-03 |   4.8056109079084967e-03 | 1
  5, 19 |   1.5387713655677401e-03 |   1.5387713655677401e-03 | 1
  5, 20 |  -2.7682119283247183e-03 |  -2.7682119283247183e-03 | 1
  5, 21 |   4.0653122698463759e-03 |   4.0653122698463759e-03 | 1
  5, 22 |   1.5268905507763574e-02 |   1.5268905507763574e-02 | 1
  5, 23 |   9.2115612220274798e-03 |   9.2115612220274798e-03 | 1
  5, 24 |   3.3285659763345162e-03 |   3.3285659763345162e-03 | 1
  5, 25 |  -6.1166035182478170e-03 |  -6.1166035182478170e-03 | 1
  5, 26 |  -2.0062762538189883e-02 |  -2.0062762538189883e-02 | 1
  5, 27 |   7.1174666242695547e-03 |   7.1174666242695547e-03 | 1
  5, 28 |   3.7959709005943808e-03 |   3.7959709005943808e-03 | 1
  5, 29 |   5.2259269148379351e-03 |   5.2259269148379351e-03 | 1
  5, 30 |   4.6786908456800582e-03 |   4.6786908456800582e-03 | 1
  5, 31 |   8.0607623046588597e-03 |   8.0607623046588597e-03 | 1
  5, 32 |   4.6485691679989992e-04 |   4.6485691679989992e-04 | 1
  5, 33 |   3.3087161894178631e-03 |   3.3087161894178631e-03 | 1
  5, 34 |   8.2907299997809342e-04 |   8.2907299997809342e-04 | 1
  5, 35 |  -1.3401016142432672e-03 |  -1.3401016142432672e-03 | 1
  5, 36 |  -1.7492919104533846e-03 |  -1.7492919104533846e-03 | 1
  5, 37 |  -3.3261810407473179e-03 |  -3.3261810407473179e-03 | 1
  5, 38 |  -1.3995750716937071e-03 |  -1.3995750716937071e-03 | 1
  5, 39 |   1.8153862556279619e-03 |   1.8153862556279619e-03 | 1
  5, 40 |  -1.5702383015706343e-04 |  -1.5702383015706343e-04 | 1
  6,  1 |   1.2323576458171895e-04 |   1.2323576458171895e-04 | 1
  6,  2 |   5.0658130725951924e-04 |   5.0658130725951924e-04 | 1
  6,  3 |  -1.6450841478655820e-03 |  -1.6450841478655820e-03 | 1
  6,  4 |  -3.2424611948502131e-04 |  -3.2424611948502131e-04 | 1
  6,  5 |   1.9447852832252751e-03 |   1.9447852832252751e-03 | 1
  6,  6 |   7.8967189664265348e-03 |   7.8967189664265348e-03 | 1
  6,  7 |  -1.2273750110085172e-04 |  -1.2273750110085172e-04 | 1
  6,  8 |  -1.9874907180140533e-03 |  -1.9874907180140533e-03 | 1
  6,  9 |  -2.9754237152593570e-03 |  -2.9754237152593570e-03 | 1
  6, 10 |  -1.2228060316486298e-03 |  -1.2228060316486298e-03 | 1
  6, 11 |   1.1455322294966024e-03 |   1.1455322294966024e-03 | 1
  6, 12 |   4.8168119764018013e-04 |   4.8168119764018013e-04 | 1
  6, 13 |  -7.3732085183649736e-04 |  -7.3732085183649736e-04 | 1
  6, 14 |   8.7183474647594111e-04 |   8.7183474647594111e-04 | 1
  6, 15 |  -7.2762228823948874e-04 |  -7.2762228823948874e-04 | 1
  6, 16 |   5.2503648219378248e-05 |   5.2503648219378248e-05 | 1
  6, 17 |   2.1654482546457575e-04 |   2.1654482546457575e-04 | 1
  6, 18 |  -5.4912811143281400e-05 |  -5.4912811143281400e-05 | 1
  6, 19 |  -1.6831446758218830e-03 |  -1.6831446758218830e-03 | 1
  6, 20 |  -6.9898805578674393e-04 |  -6.9898805578674393e-04 | 1
  6, 21 |  -2.0420391428911675e-03 |  -2.0420391428911675e-03 | 1
  6, 22 |   5.4326776350265065e-03 |   5.4326776350265065e-03 | 1
  6, 23 |  -6.3322233288654419e-04 |  -6.3322233288654419e-04 | 1
  6, 24 |  -1.7435425141125070e-04 |  -1.7435425141125070e-04 | 1
  6, 25 |   1.2246004399885748e-03 |   1.2246004399885748e-03 | 1
  6, 26 |   1.7110985919228027e-03 |   1.7110985919228027e-03 | 1
  6, 27 |   3.6024987829766570e-04 |   3.6024987829766570e-04 | 1
  6, 28 |  -8.5187273775509382e-04 |  -8.5187273775509382e-04 | 1
  6, 29 |  -2.7924869972378939e-04 |  -2.7924869972378939e-04 | 1
  6, 30 |   8.0878458999432217e-04 |   8.0878458999432217e-04 | 1
  6, 31 |   6.9782623978781300e-04 |   6.9782623978781300e-04 | 1
  6, 32 |   1.1538220195512372e-03 |   1.1538220195512372e-03 | 1
  6, 33 |  -6.7925048344022170e-03 |  -6.7925048344022170e-03 | 1
  6, 34 |   2.0813267332637263e-03 |   2.0813267332637263e-03 | 1
  6, 35 |  -3.3494540299170751e-04 |  -3.3494540299170751e-04 | 1
  6, 36 |  -7.9286077523977000e-04 |  -7.9286077523977000e-04 | 1
  6, 37 |  -1.1923415807311077e-03 |  -1.1923415807311077e-03 | 1
  6, 38 |  -1.0923854968470665e-03 |  -1.0923854968470665e-03 | 1
  6, 39 |   9.2988393074659183e-04 |   9.2988393074659183e-04 | 1
  6, 40 |  -3.3805748472476332e-04 |  -3.3805748472476332e-04 | 1
  7,  1 |   3.4625848544609355e-03 |   3.4625848544609355e-03 | 1
  7,  2 |   4.6317332114345665e-05 |   4.6317332114345665e-05 | 1
  7,  3 |   3.6908047399237024e-03 |   3.6908047399237024e-03 | 1
  7,  4 |   5.3978138904816984e-03 |   5.3978138904816984e-03 | 1
  7,  5 |   7.1778443912868736e-03 |   7.1778443912868736e-03 | 1
  7,  6 |  -1.2273750110085172e-04 |  -1.2273750110085172e-04 | 1
  7,  7 |   2.5474818317235949e-02 |   2.5474818317235949e-02 | 1
  7,  8 |   3.1414622420182113e-03 |   3.1414622420182113e-03 | 1
  7,  9 |   1.4458707400631019e-02 |   1.4458707400631019e-02 | 1
  7, 10 |  -7.7631741841486506e-03 |  -7.7631741841486506e-03 | 1
  7, 11 |   9.6731641719708663e-04 |   9.6731641719708663e-04 | 1
  7, 12 |   3.3842823393732059e-03 |   3.3842823393732059e-03 | 1
  7, 13 |   3.7137832643997647e-03 |   3.7137832643997647e-03 | 1
  7, 14 |   9.6165619407625035e-03 |   9.6165619407625035e-03 | 1
  7, 15 |   1.6129239510926423e-02 |   1.6129239510926423e-02 | 1
  7, 16 |   3.4699609202034415e-03 |   3.4699609202034415e-03 | 1
  7, 17 |  -1.1288712636287598e-04 |  -1.1288712636287598e-04 | 1
  7, 18 |   3.7865036377988165e-03 |   3.7865036377988165e-03 | 1
  7, 19 |   6.1505336910412066e-03 |   6.1505336910412066e-03 | 1
  7, 20 |   1.1226585278635339e-02 |   1.1226585278635339e-02 | 1
  7, 21 |  -1.6093354994745034e-02 |  -1.6093354994745034e-02 | 1
  7, 22 |   1.3627675168057591e-02 |   1.3627675168057591e-02 | 1
  7, 23 |   1.2923190542905142e-02 |   1.2923190542905142e-02 | 1
  7, 24 |   6.0857439026559147e-03 |   6.0857439026559147e-03 | 1
  7, 25 |   9.7460322420856046e-04 |   9.7460322420856046e-04 | 1
  7, 26 |   7.0132651454564814e-03 |   7.0132651454564814e-03 | 1
  7, 27 |  -5.5196091589961071e-04 |  -5.5196091589961071e-04 | 1
  7, 28 |   1.1178183633767772e-02 |   1.1178183633767772e-02 | 1
  7, 29 |   1.2809363320044512e-02 |   1.2809363320044512e-02 | 1
  7, 30 |   4.4517704712085087e-03 |   4.4517704712085087e-03 | 1
  7, 31 |   6.9074667010813624e-03 |   6.9074667010813624e-03 | 1
  7, 32 |   1.4819851248960723e-03 |   1.4819851248960723e-03 | 1
  7, 33 |   4.6625826243678874e-03 |   4.6625826243678874e-03 | 1
  7, 34 |   3.2310439896744551e-03 |   3.2310439896744551e-03 | 1
  7, 35 |  -1.8908946290848647e-03 |  -1.8908946290848647e-03 | 1
  7, 36 |  -2.8430824718173129e-03 |  -2.8430824718173129e-03 | 1
  7, 37 |  -2.3142272450153022e-03 |  -2.3142272450153022e-03 | 1
  7, 38 |  -2.8229000369382048e-03 |  -2.8229000369382048e-03 | 1
  7, 39 |   5.8210000821915164e-03 |   5.8210000821915164e-03 | 1
  7, 40 |  -1.0639715279700934e-03 |  -1.0639715279700934e-03 | 1
  8,  1 |   2.2698709277174586e-03 |   2.2698709277174586e-03 | 1
  8,  2 |   4.3294655619915392e-04 |   4.3294655619915392e-04 | 1
  8,  3 |   4.8411086388758396e-03 |   4.8411086388758396e-03 | 1
  8,  4 |   2.0157517836245902e-03 |   2.0157517836245902e-03 | 1
  8,  5 |  -5.0228315749722497e-04 |  -5.0228315749722497e-04 | 1
  8,  6 |  -1.9874907180140533e-03 |  -1.9874907180140533e-03 | 1
  8,  7 |   3.1414622420182113e-03 |   3.1414622420182113e-03 | 1
  8,  8 |   4.6514347461603101e-03 |   4.6514347461603101e-03 | 1
  8,  9 |   4.2075675562503476e-03 |   4.2075675562503476e-03 | 1
  8, 10 |  -4.5768687286591497e-04 |  -4.5768687286591497e-04 | 1
  8, 11 |   2.8267133322862413e-04 |   2.8267133322862413e-04 | 1
  8, 12 |   1.3368114143904796e-03 |   1.3368114143904796e-03 | 1
  8, 13 |   6.7207536160453791e-03 |   6.7207536160453791e-03 | 1
  8, 14 |   1.7251740269294568e-03 |   1.7251740269294568e-03 | 1
  8, 15 |   3.0953943776531470e-03 |   3.0953943776531470e-03 | 1
  8, 16 |   7.2087675177608199e-04 |   7.2087675177608199e-04 | 1
  8, 17 |   1.1577875847471795e-03 |   1.1577875847471795e-03 | 1
  8, 18 |   7.9512906432670021e-04 |   7.9512906432670021e-04 | 1
  8, 19 |   4.4472686220156750e-03 |   4.4472686220156750e-03 | 1
  8, 20 |   4.1375496196286712e-03 |   4.1375496196286712e-03 | 1
  8, 21 |  -4.6384020603074160e-04 |  -4.6384020603074160e-04 | 1
  8, 22 |  -5.9402017014339760e-03 |  -5.9402017014339760e-03 | 1
  8, 23 |   2.1816187193815311e-04 |   2.1816187193815311e-04 | 1
  8, 24 |   4.6588333722665607e-03 |   4.6588333722665607e-03 | 1
  8, 25 |  -3.0894595746628869e-04 |  -3.0894595746628869e-04 | 1
  8, 26 |  -1.9076844282405910e-03 |  -1.9076844282405910e-03 | 1
  8, 27 |   2.3682640858966163e-03 |   2.3682640858966163e-03 | 1
  8, 28 |   2.3442473841675600e-03 |   2.3442473841675600e-03 | 1
  8, 29 |   4.9623658603164776e-03 |   4.9623658603164776e-03 | 1
  8, 30 |   2.8873892624570051e-03 |   2.8873892624570051e-03 | 1
  8, 31 |  -7.0278297019239462e-04 |  -7.0278297019239462e-04 | 1
  8, 32 |   5.6276333750271174e-04 |   5.6276333750271174e-04 | 1
  8, 33 |   4.8557625102714531e-03 |   4.8557625102714531e-03 | 1
  8, 34 |   9.6262858381351585e-04 |   9.6262858381351585e-04 | 1
  8, 35 |  -2.3974110579459289e-04 |  -2.3974110579459289e-04 | 1
  8, 36 |  -1.1107265265037840e-03 |  -1.1107265265037840e-03 | 1
  8, 37 |  -1.4747420072080738e-03 |  -1.4747420072080738e-03 | 1
  8, 38 |  -2.4221374166432602e-03 |  -2.4221374166432602e-03 | 1
  8, 39 |   2.2242327495214272e-03 |   2.2242327495214272e-03 | 1
  8, 40 |   6.5177724392881224e-04 |   6.5177724392881224e-04 | 1
  9,  1 |   5.3899670907632743e-03 |   5.3899670907632743e-03 | 1
  9,  2 |   5.6748246708363307e-04 |   5.6748246708363307e-04 | 1
  9,  3 |   8.4402264869808258e-03 |   8.4402264869808258e-03 | 1
  9,  4 |   3.8822473968456103e-03 |   3.8822473968456103e-03 | 1
  9,  5 |  -1.3503748550899803e-03 |  -1.3503748550899803e-03 | 1
  9,  6 |  -2.9754237152593570e-03 |  -2.9754237152593570e-03 | 1
  9,  7 |   1.4458707400631019e-02 |   1.4458707400631019e-02 | 1
  9,  8 |   4.2075675562503476e-03 |   4.2075675562503476e-03 | 1
  9,  9 |   2.4993226403025811e-02 |   2.4993226403025811e-02 | 1
  9, 10 |   1.3611260373188133e-05 |   1.3611260373188133e-05 | 1
  9, 11 |   1.4117993628859962e-03 |   1.4117993628859962e-03 | 1
  9, 12 |   6.8533888809614290e-03 |   6.8533888809614290e-03 | 1
  9, 13 |   3.8099459080868127e-03 |   3.8099459080868127e-03 | 1
  9, 14 |   5.1535125831819418e-03 |   5.1535125831819418e-03 | 1
  9, 15 |   1.3847392369672246e-02 |   1.3847392369672246e-02 | 1
  9, 16 |   1.5694482828381246e-03 |   1.5694482828381246e-03 | 1
  9, 17 |   4.4063700790075832e-03 |   4.4063700790075832e-03 | 1
  9, 18 |  -3.1752118214589207e-03 |  -3.1752118214589207e-03 | 1
  9, 19 |   7.5327979632238322e-03 |   7.5327979632238322e-03 | 1
  9, 20 |   8.1548708112177855e-03 |   8.1548708112177855e-03 | 1
  9, 21 |   2.0920365921419807e-03 |   2.0920365921419807e-03 | 1
  9, 22 |   5.0485764121932907e-03 |   5.0485764121932907e-03 | 1
  9, 23 |   1.9893144238306618e-03 |   1.9893144238306618e-03 | 1
  9, 24 |   7.3840397024111173e-03 |   7.3840397024111173e-03 | 1
  9, 25 |   9.2646905422521450e-03 |   9.2646905422521450e-03 | 1
  9, 26 |   2.0708631940518404e-02 |   2.0708631940518404e-02 | 1
  9, 27 |  -6.3887961563358214e-03 |  -6.3887961563358214e-03 | 1
  9, 28 |   9.6969234079483796e-03 |   9.6969234079483796e-03 | 1
  9, 29 |   6.5654114589651889e-03 |   6.5654114589651889e-03 | 1
  9, 30 |   2.7982530890038647e-03 |   2.7982530890038647e-03 | 1
  9, 31 |   3.9082870805195718e-03 |   3.9082870805195718e-03 | 1
  9, 32 |   1.1150282769464446e-03 |   1.1150282769464446e-03 | 1
  9, 33 |   8.1535418040963809e-04 |   8.1535418040963809e-04 | 1
  9, 34 |   3.9412081957189062e-03 |   3.9412081957189062e-03 | 1
  9, 35 |  -1.1459659113945799e-03 |  -1.1459659113945799e-03 | 1
  9, 36 |  -2.4797698072737055e-03 |  -2.4797698072737055e-03 | 1
  9, 37 |  -1.3666242912508441e-03 |  -1.3666242912508441e-03 | 1
  9, 38 |  -3.8707234063313292e-03 |  -3.8707234063313292e-03 | 1
  9, 39 |   5.7599344082375362e-03 |   5.7599344082375362e-03 | 1
  9, 40 |  -1.4874085491619099e-03 |  -1.4874085491619099e-03 | 1
 10,  1 |   3.7891115070964944e-05 |   3.7891115070964944e-05 | 1
 10,  2 |  -1.6211458391794895e-04 |  -1.6211458391794895e-04 | 1
 10,  3 |  -3.0189269326716369e-03 |  -3.0189269326716369e-03 | 1
 10,  4 |  -1.7341234078354154e-03 |  -1.7341234078354154e-03 | 1
 10,  5 |   3.0330885703826792e-03 |   3.0330885703826792e-03 | 1
 10,  6 |  -1.2228060316486298e-03 |  -1.2228060316486298e-03 | 1
 10,  7 |  -7.7631741841486506e-03 |  -7.7631741841486506e-03 | 1
 10,  8 |  -4.5768687286591497e-04 |  -4.5768687286591497e-04 | 1
 10,  9 |   1.3611260373188133e-05 |   1.3611260373188133e-05 | 1
 10, 10 |   1.4668557740703849e-02 |   1.4668557740703849e-02 | 1
 10, 11 |   6.0674548206975077e-04 |   6.0674548206975077e-04 | 1
 10, 12 |   2.7831070032683630e-03 |   2.7831070032683630e-03 | 1
 10, 13 |   2.0146326294655293e-03 |   2.0146326294655293e-03 | 1
 10, 14 |  -1.0325047054621339e-03 |  -1.0325047054621339e-03 | 1
 10, 15 |   1.4291004757554113e-02 |   1.4291004757554113e-02 | 1
 10, 16 |  -1.2152080952963079e-04 |  -1.2152080952963079e-04 | 1
 10, 17 |   2.1668408688529962e-03 |   2.1668408688529962e-03 | 1
 10, 18 |  -2.7630823970620146e-04 |  -2.7630823970620146e-04 | 1
 10, 19 |  -2.5797630063892308e-03 |  -2.5797630063892308e-03 | 1
 10, 20 |  -1.9884969308568714e-03 |  -1.9884969308568714e-03 | 1
 10, 21 |   2.8832231497033980e-03 |   2.8832231497033980e-03 | 1
 10, 22 |  -2.4097418025373655e-03 |  -2.4097418025373655e-03 | 1
 10, 23 |  -1.5906579716121576e-02 |  -1.5906579716121576e-02 | 1
 10, 24 |   2.2573841897821803e-03 |   2.2573841897821803e-03 | 1
 10, 25 |  -2.1467945758839916e-03 |  -2.1467945758839916e-03 | 1
 10, 26 |  -1.9809733021964717e-04 |  -1.9809733021964717e-04 | 1
 10, 27 |  -1.0316566689532014e-03 |  -1.0316566689532014e-03 | 1
 10, 28 |  -9.8806866413461648e-05 |  -9.8806866413461648e-05 | 1
 10, 29 |  -3.1657275107748483e-03 |  -3.1657275107748483e-03 | 1
 10, 30 |   1.7079186820156665e-03 |   1.7079186820156665e-03 | 1
 10, 31 |   2.0752128802326054e-03 |   2.0752128802326054e-03 | 1
 10, 32 |  -1.5195495424040462e-05 |  -1.5195495424040462e-05 | 1
 10, 33 |  -3.2080014147485331e-04 |  -3.2080014147485331e-04 | 1
 10, 34 |  -3.3392149817523949e-04 |  -3.3392149817523949e-04 | 1
 10, 35 |   7.4437715656321905e-04 |   7.4437715656321905e-04 | 1
 10, 36 |  -2.3746488944793688e-04 |  -2.3746488944793688e-04 | 1
 10, 37 |  -1.5772465885145401e-03 |  -1.5772465885145401e-03 | 1
 10, 38 |  -1.4177075477471959e-03 |  -1.4177075477471959e-03 | 1
 10, 39 |  -2.3375666710837229e-04 |  -2.3375666710837229e-04 | 1
 10, 40 |   9.6729121881376171e-04 |   9.6729121881376171e-04 | 1
 11,  1 |   1.1039348568672549e-03 |   1.1039348568672549e-03 | 1
 11,  2 |   5.9894767390983967e-04 |   5.9894767390983967e-04 | 1
 11,  3 |   6.3367404383518405e-04 |   6.3367404383518405e-04 | 1
 11,  4 |   8.4128466944997514e-04 |   8.4128466944997514e-04 | 1
 11,  5 |   9.8624635760101572e-04 |   9.8624635760101572e-04 | 1
 11,  6 |   1.1455322294966024e-03 |   1.1455322294966024e-03 | 1
 11,  7 |   9.6731641719708663e-04 |   9.6731641719708663e-04 | 1
 11,  8 |   2.8267133322862413e-04 |   2.8267133322862413e-04 | 1
 11,  9 |   1.4117993628859962e-03 |   1.4117993628859962e-03 | 1
 11, 10 |   6.0674548206975077e-04 |   6.0674548206975077e-04 | 1
 11, 11 |   8.3282037161291076e-04 |   8.3282037161291076e-04 | 1
 11, 12 |   1.6507804033763219e-04 |   1.6507804033763219e-04 | 1
 11, 13 |  -2.8218813479592361e-04 |  -2.8218813479592361e-04 | 1
 11, 14 |   1.5713160255058443e-03 |   1.5713160255058443e-03 | 1
 11, 15 |   7.2304186137704348e-04 |   7.2304186137704348e-04 | 1
 11, 16 |   1.6469478655536373e-04 |   1.6469478655536373e-04 | 1
 11, 17 |   1.4194511601253166e-03 |   1.4194511601253166e-03 | 1
 11, 18 |   4.3575931571811948e-05 |   4.3575931571811948e-05 | 1
 11, 19 |   6.7219279918543750e-04 |   6.7219279918543750e-04 | 1
 11, 20 |   1.2884269851274645e-04 |   1.2884269851274645e-04 | 1
 11, 21 |  -5.2387555753304017e-04 |  -5.2387555753304017e-04 | 1
 11, 22 |   2.2169581397963340e-03 |   2.2169581397963340e-03 | 1
 11, 23 |   1.0337614011316221e-03 |   1.0337614011316221e-03 | 1
 11, 24 |   2.4694740480402351e-03 |   2.4694740480402351e-03 | 1
 11, 25 |   1.7242258934877981e-03 |   1.7242258934877981e-03 | 1
 11, 26 |   1.8851175047731857e-03 |   1.8851175047731857e-03 | 1
 11, 27 |   1.3040792547473268e-04 |   1.3040792547473268e-04 | 1
 11, 28 |   5.9309965498682631e-04 |   5.9309965498682631e-04 | 1
 11, 29 |   2.1849471202510027e-03 |   2.1849471202510027e-03 | 1
 11, 30 |   1.2409411678537879e-03 |   1.2409411678537879e-03 | 1
 11, 31 |   2.4300974579824827e-03 |   2.4300974579824827e-03 | 1
 11, 32 |   5.1765682550540841e-04 |   5.1765682550540841e-04 | 1
 11, 33 |  -8.3513323785536003e-04 |  -8.3513323785536003e-04 | 1
 11, 34 |   1.1217198077727265e-03 |   1.1217198077727265e-03 | 1
 11, 35 |  -6.6283408443379562e-04 |  -6.6283408443379562e-04 | 1
 11, 36 |  -1.0777879019619237e-03 |  -1.0777879019619237e-03 | 1
 11, 37 |  -1.3194326390224835e-03 |  -1.3194326390224835e-03 | 1
 11, 38 |  -1.4400489498545639e-03 |  -1.4400489498545639e-03 | 1
 11, 39 |   1.3568068831064130e-03 |   1.3568068831064130e-03 | 1
 11, 40 |   1.5265195605671081e-04 |   1.5265195605671081e-04 | 1
 12,  1 |   1.3476646181497193e-03 |   1.3476646181497193e-03 | 1
 12,  2 |  -1.2824887890206783e-03 |  -1.2824887890206783e-03 | 1
 12,  3 |   8.7248230792005225e-04 |   8.7248230792005225e-04 | 1
 12,  4 |   2.6631053546127006e-03 |   2.6631053546127006e-03 | 1
 12,  5 |  -6.8309838085900939e-03 |  -6.8309838085900939e-03 | 1
 12,  6 |   4.8168119764018013e-04 |   4.8168119764018013e-04 | 1
 12,  7 |   3.3842823393732059e-03 |   3.3842823393732059e-03 | 1
 12,  8 |   1.3368114143904796e-03 |   1.3368114143904796e-03 | 1
 12,  9 |   6.8533888809614290e-03 |   6.8533888809614290e-03 | 1
 12, 10 |   2.7831070032683630e-03 |   2.7831070032683630e-03 | 1
 12, 11 |   1.6507804033763219e-04 |   1.6507804033763219e-04 | 1
 12, 12 |   1.4889613866182901e-02 |   1.4889613866182901e-02 | 1
 12, 13 |   9.0074475075498338e-03 |   9.0074475075498338e-03 | 1
 12, 14 |  -1.1691867189029558e-03 |  -1.1691867189029558e-03 | 1
 12, 15 |  -7.4400529553204243e-03 |  -7.4400529553204243e-03 | 1
 12, 16 |  -5.9250403464974921e-05 |  -5.9250403464974921e-05 | 1
 12, 17 |   4.3636589088714929e-04 |   4.3636589088714929e-04 | 1
 12, 18 |   4.6762383512354531e-03 |   4.6762383512354531e-03 | 1
 12, 19 |   2.9988139001997319e-03 |   2.9988139001997319e-03 | 1
 12, 20 |   7.2056000616080263e-03 |   7.2056000616080263e-03 | 1
 12, 21 |  -7.4246932393776353e-03 |  -7.4246932393776353e-03 | 1
 12, 22 |  -4.1909887012144802e-03 |  -4.1909887012144802e-03 | 1
 12, 23 |  -2.1606179076310388e-02 |  -2.1606179076310388e-02 | 1
 12, 24 |   2.8497530067768079e-03 |   2.8497530067768079e-03 | 1
 12, 25 |   5.5401256921094562e-04 |   5.5401256921094562e-04 | 1
 12, 26 |   5.0534271167392304e-03 |   5.0534271167392304e-03 | 1
 12, 27 |  -1.1911972527751469e-03 |  -1.1911972527751469e-03 | 1
 12, 28 |   2.3017177866281715e-03 |   2.3017177866281715e-03 | 1
 12, 29 |   9.4498945048945350e-04 |   9.4498945048945350e-04 | 1
 12, 30 |   5.1841573501212575e-04 |   5.1841573501212575e-04 | 1
 12, 31 |  -3.0409384069277659e-04 |  -3.0409384069277659e-04 | 1
 12, 32 |  -4.2624153256250337e-04 |  -4.2624153256250337e-04 | 1
 12, 33 |   5.6043807714829062e-03 |   5.6043807714829062e-03 | 1
 12, 34 |   1.6211423475810771e-03 |   1.6211423475810771e-03 | 1
 12, 35 |   1.5375578194015205e-04 |   1.5375578194015205e-04 | 1
 12, 36 |  -1.1579844806773960e-03 |  -1.1579844806773960e-03 | 1
 12, 37 |  -5.2654379202213449e-04 |  -5.2654379202213449e-04 | 1
 12, 38 |  -1.2067283745298618e-03 |  -1.2067283745298618e-03 | 1
 12, 39 |   2.0979169337984761e-03 |   2.0979169337984761e-03 | 1
 12, 40 |   1.4579156408018174e-03 |   1.4579156408018174e-03 | 1
 13,  1 |   2.6075752356318604e-03 |   2.6075752356318604e-03 | 1
 13,  2 |  -1.6555435841774874e-03 |  -1.6555435841774874e-03 | 1
 13,  3 |   4.4235074600099209e-03 |   4.4235074600099209e-03 | 1
 13,  4 |   2.9844315002414447e-03 |   2.9844315002414447e-03 | 1
 13,  5 |  -4.1187825893239105e-03 |  -4.1187825893239105e-03 | 1
 13,  6 |  -7.3732085183649736e-04 |  -7.3732085183649736e-04 | 1
 13,  7 |   3.7137832643997647e-03 |   3.7137832643997647e-03 | 1
 13,  8 |   6.7207536160453791e-03 |   6.7207536160453791e-03 | 1
 13,  9 |   3.8099459080868127e-03 |   3.8099459080868127e-03 | 1
 13, 10 |   2.0146326294655293e-03 |   2.0146326294655293e-03 | 1
 13, 11 |  -2.8218813479592361e-04 |  -2.8218813479592361e-04 | 1
 13, 12 |   9.0074475075498338e-03 |   9.0074475075498338e-03 | 1
 13, 13 |   1.8516368308993392e-02 |   1.8516368308993392e-02 | 1
 13, 14 |   3.0325783901343673e-03 |   3.0325783901343673e-03 | 1
 13, 15 |   1.8971247290555198e-03 |   1.8971247290555198e-03 | 1
 13, 16 |  -3.5056520128598951e-04 |  -3.5056520128598951e-04 | 1
 13, 17 |  -1.3783579077067142e-03 |  -1.3783579077067142e-03 | 1
 13, 18 |   3.2466528474148658e-03 |   3.2466528474148658e-03 | 1
 13, 19 |   6.3352110449927659e-03 |   6.3352110449927659e-03 | 1
 13, 20 |   1.0377795986932718e-02 |   1.0377795986932718e-02 | 1
 13, 21 |  -1.1730303821365091e-02 |  -1.1730303821365091e-02 | 1
 13, 22 |  -9.0770943855420332e-03 |  -9.0770943855420332e-03 | 1
 13, 23 |  -2.1130108658436824e-02 |  -2.1130108658436824e-02 | 1
 13, 24 |   2.8055746255452397e-03 |   2.8055746255452397e-03 | 1
 13, 25 |  -3.7126810830458937e-03 |  -3.7126810830458937e-03 | 1
 13, 26 |  -6.8973737848374208e-03 |  -6.8973737848374208e-03 | 1
 13, 27 |   3.6666390386886792e-03 |   3.6666390386886792e-03 | 1
 13, 28 |   3.2731910586472493e-03 |   3.2731910586472493e-03 | 1
 13, 29 |   3.2104804202013337e-03 |   3.2104804202013337e-03 | 1
 13, 30 |   2.8417761028938157e-03 |   2.8417761028938157e-03 | 1
 13, 31 |   4.0636897666186054e-04 |   4.0636897666186054e-04 | 1
 13, 32 |   7.6384749272128804e-04 |   7.6384749272128804e-04 | 1
 13, 33 |   8.8239241943269577e-03 |   8.8239241943269577e-03 | 1
 13, 34 |   1.1183269770387045e-03 |   1.1183269770387045e-03 | 1
 13, 35 |   1.0724134340855075e-03 |   1.0724134340855075e-03 | 1
 13, 36 |  -9.7772708429201462e-04 |  -9.7772708429201462e-04 | 1
 13, 37 |  -1.6093270713637827e-03 |  -1.6093270713637827e-03 | 1
 13, 38 |  -2.8516884925876337e-03 |  -2.8516884925876337e-03 | 1
 13, 39 |   2.8268494970090292e-03 |   2.8268494970090292e-03 | 1
 13, 40 |   4.6682166262947020e-04 |   4.6682166262947020e-04 | 1
 14,  1 |   1.0709002731119413e-03 |   1.0709002731119413e-03 | 1
 14,  2 |  -4.7772884634631390e-04 |  -4.7772884634631390e-04 | 1
 14,  3 |   4.0529950416916148e-03 |   4.0529950416916148e-03 | 1
 14,  4 |   3.9724226754555628e-03 |   3.9724226754555628e-03 | 1
 14,  5 |   7.5360911780523732e-03 |   7.5360911780523732e-03 | 1
 14,  6 |   8.7183474647594111e-04 |   8.7183474647594111e-04 | 1
 14,  7 |   9.6165619407625035e-03 |   9.6165619407625035e-03 | 1
 14,  8 |   1.7251740269294568e-03 |   1.7251740269294568e-03 | 1
 14,  9 |   5.1535125831819418e-03 |   5.1535125831819418e-03 | 1
 14, 10 |  -1.0325047054621339e-03 |  -1.0325047054621339e-03 | 1
 14, 11 |   1.5713160255058443e-03 |   1.5713160255058443e-03 | 1
 14, 12 |  -1.1691867189029558e-03 |  -1.1691867189029558e-03 | 1
 14, 13 |   3.0325783901343673e-03 |   3.0325783901343673e-03 | 1
 14, 14 |   1.8351866705673597e-02 |   1.8351866705673597e-02 | 1
 14, 15 |   3.1614449981155379e-03 |   3.1614449981155379e-03 | 1
 14, 16 |  -1.5976923228105619e-04 |  -1.5976923228105619e-04 | 1
 14, 17 |   8.1478492739656507e-04 |   8.1478492739656507e-04 | 1
 14, 18 |  -7.6510881646247664e-04 |  -7.6510881646247664e-04 | 1
 14, 19 |   6.7694362625828237e-03 |   6.7694362625828237e-03 | 1
 14, 20 |   4.1951357335598388e-03 |   4.1951357335598388e-03 | 1
 14, 21 |  -2.0664205126457523e-02 |  -2.0664205126457523e-02 | 1
 14, 22 |   8.9782089856406764e-03 |   8.9782089856406764e-03 | 1
 14, 23 |  -3.6376208450455850e-03 |  -3.6376208450455850e-03 | 1
 14, 24 |   2.5110248242292289e-03 |   2.5110248242292289e-03 | 1
 14, 25 |   1.8848256788572041e-03 |   1.8848256788572041e-03 | 1
 14, 26 |   1.3028125588630608e-03 |   1.3028125588630608e-03 | 1
 14, 27 |   2.4236420893566637e-03 |   2.4236420893566637e-03 | 1
 14, 28 |   4.2426685208798894e-03 |   4.2426685208798894e-03 | 1
 14, 29 |   4.3871409087654148e-03 |   4.3871409087654148e-03 | 1
 14, 30 |   3.0801820597423923e-03 |   3.0801820597423923e-03 | 1
 14, 31 |   1.3948945751973720e-02 |   1.3948945751973720e-02 | 1
 14, 32 |   1.6313378888211110e-03 |   1.6313378888211110e-03 | 1
 14, 33 |   1.3822849609650952e-03 |   1.3822849609650952e-03 | 1
 14, 34 |   3.6799726549645345e-03 |   3.6799726549645345e-03 | 1
 14, 35 |  -1.9270406819165645e-03 |  -1.9270406819165645e-03 | 1
 14, 36 |  -2.8530092942943602e-03 |  -2.8530092942943602e-03 | 1
 14, 37 |  -3.0328267322392542e-03 |  -3.0328267322392542e-03 | 1
 14, 38 |  -3.0259487981654093e-03 |  -3.0259487981654093e-03 | 1
 14, 39 |   3.6634170918554989e-03 |   3.6634170918554989e-03 | 1
 14, 40 |  -1.0208048798913923e-03 |  -1.0208048798913923e-03 | 1
 15,  1 |   1.8396152809879226e-03 |   1.8396152809879226e-03 | 1
 15,  2 |  -2.7076643147444057e-04 |  -2.7076643147444057e-04 | 1
 15,  3 |   1.7017717336763613e-03 |   1.7017717336763613e-03 | 1
 15,  4 |  -2.5390478238400162e-03 |  -2.5390478238400162e-03 | 1
 15,  5 |   2.5063897945823237e-02 |   2.5063897945823237e-02 | 1
 15,  6 |  -7.2762228823948874e-04 |  -7.2762228823948874e-04 | 1
 15,  7 |   1.6129239510926423e-02 |   1.6129239510926423e-02 | 1
 15,  8 |   3.0953943776531470e-03 |   3.0953943776531470e-03 | 1
 15,  9 |   1.3847392369672246e-02 |   1.3847392369672246e-02 | 1
 15, 10 |   1.4291004757554113e-02 |   1.4291004757554113e-02 | 1
 15, 11 |   7.2304186137704348e-04 |   7.2304186137704348e-04 | 1
 15, 12 |  -7.4400529553204243e-03 |  -7.4400529553204243e-03 | 1
 15, 13 |   1.8971247290555198e-03 |   1.8971247290555198e-03 | 1
 15, 14 |   3.1614449981155379e-03 |   3.1614449981155379e-03 | 1
 15, 15 |   8.2796478895853537e-02 |   8.2796478895853537e-02 | 1
 15, 16 |   8.6724103438787295e-03 |   8.6724103438787295e-03 | 1
 15, 17 |   3.5347246433131479e-03 |   3.5347246433131479e-03 | 1
 15, 18 |  -1.6213455284920459e-03 |  -1.6213455284920459e-03 | 1
 15, 19 |  -1.1342541486527380e-03 |  -1.1342541486527380e-03 | 1
 15, 20 |   4.7457974534248597e-03 |   4.7457974534248597e-03 | 1
 15, 21 |   1.3974699432798259e-02 |   1.3974699432798259e-02 | 1
 15, 22 |   8.9441709178613594e-03 |   8.9441709178613594e-03 | 1
 15, 23 |   2.2645167782859528e-02 |   2.2645167782859528e-02 | 1
 15, 24 |   5.1208967858314847e-03 |   5.1208967858314847e-03 | 1
 15, 25 |  -1.0527017133392134e-02 |  -1.0527017133392134e-02 | 1
 15, 26 |   3.9535272000404713e-04 |   3.9535272000404713e-04 | 1
 15, 27 |   1.0926996205500405e-03 |   1.0926996205500405e-03 | 1
 15, 28 |   1.4639088665571887e-02 |   1.4639088665571887e-02 | 1
 15, 29 |   7.0844686548892158e-03 |   7.0844686548892158e-03 | 1
 15, 30 |   1.0563028101438740e-02 |   1.0563028101438740e-02 | 1
 15, 31 |  -6.6587811701537122e-03 |  -6.6587811701537122e-03 | 1
 15, 32 |   2.6984280797810985e-03 |   2.6984280797810985e-03 | 1
 15, 33 |  -4.9411352259555816e-03 |  -4.9411352259555816e-03 | 1
 15, 34 |   1.5472233908313321e-03 |   1.5472233908313321e-03 | 1
 15, 35 |   1.8494433245056169e-03 |   1.8494433245056169e-03 | 1
 15, 36 |  -4.9347825710071330e-06 |  -4.9347825710071330e-06 | 1
 15, 37 |  -2.7173260708789849e-03 |  -2.7173260708789849e-03 | 1
 15, 38 |  -3.7483687747409439e-03 |  -3.7483687747409439e-03 | 1
 15, 39 |   3.1201973001186503e-03 |   3.1201973001186503e-03 | 1
 15, 40 |  -2.3941253965122098e-03 |  -2.3941253965122098e-03 | 1
 16,  1 |   2.9606747699061217e-04 |   2.9606747699061217e-04 | 1
 16,  2 |  -1.1676834778855535e-03 |  -1.1676834778855535e-03 | 1
 16,  3 |   2.8922557545505980e-03 |   2.8922557545505980e-03 | 1
 16,  4 |   6.8173328953713647e-04 |   6.8173328953713647e-04 | 1
 16,  5 |   5.9221852025420855e-03 |   5.9221852025420855e-03 | 1
 16,  6 |   5.2503648219378248e-05 |   5.2503648219378248e-05 | 1
 16,  7 |   3.4699609202034415e-03 |   3.4699609202034415e-03 | 1
 16,  8 |   7.2087675177608199e-04 |   7.2087675177608199e-04 | 1
 16,  9 |   1.5694482828381246e-03 |   1.5694482828381246e-03 | 1
 16, 10 |  -1.2152080952963079e-04 |  -1.2152080952963079e-04 | 1
 16, 11 |   1.6469478655536373e-04 |   1.6469478655536373e-04 | 1
 16, 12 |  -5.9250403464974921e-05 |  -5.9250403464974921e-05 | 1
 16, 13 |  -3.5056520128598951e-04 |  -3.5056520128598951e-04 | 1
 16, 14 |  -1.5976923228105619e-04 |  -1.5976923228105619e-04 | 1
 16, 15 |   8.6724103438787295e-03 |   8.6724103438787295e-03 | 1
 16, 16 |   3.6776947569094986e-03 |   3.6776947569094986e-03 | 1
 16, 17 |   8.3720049091980987e-04 |   8.3720049091980987e-04 | 1
 16, 18 |   2.4170341260634793e-03 |   2.4170341260634793e-03 | 1
 16, 19 |   2.2131213076133330e-03 |   2.2131213076133330e-03 | 1
 16, 20 |  -9.4526965671233186e-05 |  -9.4526965671233186e-05 | 1
 16, 21 |   5.4564728600378261e-03 |   5.4564728600378261e-03 | 1
 16, 22 |   2.3877500643945259e-03 |   2.3877500643945259e-03 | 1
 16, 23 |   6.0316352926265780e-03 |   6.0316352926265780e-03 | 1
 16, 24 |   2.6854992834711528e-03 |   2.6854992834711528e-03 | 1
 16, 25 |  -2.2597616494823307e-03 |  -2.2597616494823307e-03 | 1
 16, 26 |  -5.8442097336951927e-03 |  -5.8442097336951927e-03 | 1
 16, 27 |   4.1259730349970805e-03 |   4.1259730349970805e-03 | 1
 16, 28 |   2.1557271847091673e-03 |   2.1557271847091673e-03 | 1
 16, 29 |   4.9605825805632640e-03 |   4.9605825805632640e-03 | 1
 16, 30 |   2.9313843154122471e-03 |   2.9313843154122471e-03 | 1
 16, 31 |  -8.5554016105836381e-04 |  -8.5554016105836381e-04 | 1
 16, 32 |   3.6098175341674676e-04 |   3.6098175341674676e-04 | 1
 16, 33 |   1.8429148645646969e-03 |   1.8429148645646969e-03 | 1
 16, 34 |   1.0330475086442010e-03 |   1.0330475086442010e-03 | 1
 16, 35 |   3.2721036700091575e-04 |   3.2721036700091575e-04 | 1
 16, 36 |  -6.1980380225125516e-04 |  -6.1980380225125516e-04 | 1
 16, 37 |  -8.6100856973211936e-04 |  -8.6100856973211936e-04 | 1
 16, 38 |  -8.1712296286166853e-04 |  -8.1712296286166853e-04 | 1
 16, 39 |   9.1704592644246377e-04 |   9.1704592644246377e-04 | 1
 16, 40 |   4.5782049545669320e-04 |   4.5782049545669320e-04 | 1
 17,  1 |   2.7816991083160396e-03 |   2.7816991083160396e-03 | 1
 17,  2 |   1.5547181180512459e-03 |   1.5547181180512459e-03 | 1
 17,  3 |   3.5647198730546746e-03 |   3.5647198730546746e-03 | 1
 17,  4 |   1.7070709126391285e-03 |   1.7070709126391285e-03 | 1
 17,  5 |   2.2427640829445115e-03 |   2.2427640829445115e-03 | 1
 17,  6 |   2.1654482546457575e-04 |   2.1654482546457575e-04 | 1
 17,  7 |  -1.1288712636287598e-04 |  -1.1288712636287598e-04 | 1
 17,  8 |   1.1577875847471795e-03 |   1.1577875847471795e-03 | 1
 17,  9 |   4.4063700790075832e-03 |   4.4063700790075832e-03 | 1
 17, 10 |   2.1668408688529962e-03 |   2.1668408688529962e-03 | 1
 17, 11 |   1.4194511601253166e-03 |   1.4194511601253166e-03 | 1
 17, 12 |   4.3636589088714929e-04 |   4.3636589088714929e-04 | 1
 17, 13 |  -1.3783579077067142e-03 |  -1.3783579077067142e-03 | 1
 17, 14 |   8.1478492739656507e-04 |   8.1478492739656507e-04 | 1
 17, 15 |   3.5347246433131479e-03 |   3.5347246433131479e-03 | 1
 17, 16 |   8.3720049091980987e-04 |   8.3720049091980987e-04 | 1
 17, 17 |   5.8776543216388227e-03 |   5.8776543216388227e-03 | 1
 17, 18 |   6.4425056063631978e-04 |   6.4425056063631978e-04 | 1
 17, 19 |   1.8969861078750897e-03 |   1.8969861078750897e-03 | 1
 17, 20 |  -1.4719888743264492e-04 |  -1.4719888743264492e-04 | 1
 17, 21 |   1.0185685944150060e-02 |   1.0185685944150060e-02 | 1
 17, 22 |   3.2154188097539169e-05 |   3.2154188097539169e-05 | 1
 17, 23 |   6.1616219458529237e-03 |   6.1616219458529237e-03 | 1
 17, 24 |   4.3469043227972745e-03 |   4.3469043227972745e-03 | 1
 17, 25 |   2.8479288974621888e-03 |   2.8479288974621888e-03 | 1
 17, 26 |   2.3518614205059953e-03 |   2.3518614205059953e-03 | 1
 17, 27 |   1.3013319675136384e-03 |   1.3013319675136384e-03 | 1
 17, 28 |   6.6276816599711091e-04 |   6.6276816599711091e-04 | 1
 17, 29 |   2.8282299442977405e-03 |   2.8282299442977405e-03 | 1
 17, 30 |   2.3629201332429125e-03 |   2.3629201332429125e-03 | 1
 17, 31 |  -4.5603848639218139e-04 |  -4.5603848639218139e-04 | 1
 17, 32 |   3.3971707907160762e-04 |   3.3971707907160762e-04 | 1
 17, 33 |  -1.1995386814457194e-05 |  -1.1995386814457194e-05 | 1
 17, 34 |   1.7272145445720458e-03 |   1.7272145445720458e-03 | 1
 17, 35 |  -1.3303780291210074e-03 |  -1.3303780291210074e-03 | 1
 17, 36 |  -1.7404234455775124e-03 |  -1.7404234455775124e-03 | 1
 17, 37 |  -2.0972758567787755e-03 |  -2.0972758567787755e-03 | 1
 17, 38 |  -2.6275515787381942e-03 |  -2.6275515787381942e-03 | 1
 17, 39 |   2.3474884488329318e-03 |   2.3474884488329318e-03 | 1
 17, 40 |   1.8487959275559845e-04 |   1.8487959275559845e-04 | 1
 18,  1 |   8.0958398847571697e-04 |   8.0958398847571697e-04 | 1
 18,  2 |  -8.5967867904386118e-04 |  -8.5967867904386118e-04 | 1
 18,  3 |  -9.2199143225951609e-05 |  -9.2199143225951609e-05 | 1
 18,  4 |   2.4350077500308685e-03 |   2.4350077500308685e-03 | 1
 18,  5 |   4.8056109079084967e-03 |   4.8056109079084967e-03 | 1
 18,  6 |  -5.4912811143281400e-05 |  -5.4912811143281400e-05 | 1
 18,  7 |   3.7865036377988165e-03 |   3.7865036377988165e-03 | 1
 18,  8 |   7.9512906432670021e-04 |   7.9512906432670021e-04 | 1
 18,  9 |  -3.1752118214589207e-03 |  -3.1752118214589207e-03 | 1
 18, 10 |  -2.7630823970620146e-04 |  -2.7630823970620146e-04 | 1
 18, 11 |   4.3575931571811948e-05 |   4.3575931571811948e-05 | 1
 18, 12 |   4.6762383512354531e-03 |   4.6762383512354531e-03 | 1
 18, 13 |   3.2466528474148658e-03 |   3.2466528474148658e-03 | 1
 18, 14 |  -7.6510881646247664e-04 |  -7.6510881646247664e-04 | 1
 18, 15 |  -1.6213455284920459e-03 |  -1.6213455284920459e-03 | 1
 18, 16 |   2.4170341260634793e-03 |   2.4170341260634793e-03 | 1
 18, 17 |   6.4425056063631978e-04 |   6.4425056063631978e-04 | 1
 18, 18 |   7.9225189554892883e-03 |   7.9225189554892883e-03 | 1
 18, 19 |   1.5730624843485878e-03 |   1.5730624843485878e-03 | 1
 18, 20 |   2.7378299005601267e-03 |   2.7378299005601267e-03 | 1
 18, 21 |  -2.3780004457503120e-03 |  -2.3780004457503120e-03 | 1
 18, 22 |   1.5583718337424937e-03 |   1.5583718337424937e-03 | 1
 18, 23 |  -2.7184606386908500e-03 |  -2.7184606386908500e-03 | 1
 18, 24 |   2.7546324596582489e-03 |   2.7546324596582489e-03 | 1
 18, 25 |  -4.7967467552520043e-03 |  -4.7967467552520043e-03 | 1
 18, 26 |  -1.2333117088789518e-02 |  -1.2333117088789518e-02 | 1
 18, 27 |   5.7434875102301960e-03 |   5.7434875102301960e-03 | 1
 18, 28 |   7.1272291947448543e-04 |   7.1272291947448543e-04 | 1
 18, 29 |   5.3170009497906304e-03 |   5.3170009497906304e-03 | 1
 18, 30 |   2.1240213684875059e-03 |   2.1240213684875059e-03 | 1
 18, 31 |   9.9405708091326265e-04 |   9.9405708091326265e-04 | 1
 18, 32 |  -4.6727019932338586e-04 |  -4.6727019932338586e-04 | 1
 18, 33 |   7.8925033762633004e-03 |   7.8925033762633004e-03 | 1
 18, 34 |   9.5469074946562509e-06 |   9.5469074946562509e-06 | 1
 18, 35 |  -4.4650257174601001e-04 |  -4.4650257174601001e-04 | 1
 18, 36 |  -1.2024147369849303e-03 |  -1.2024147369849303e-03 | 1
 18, 37 |  -1.6351847980085373e-03 |  -1.6351847980085373e-03 | 1
 18, 38 |  -6.6181841893201755e-04 |  -6.6181841893201755e-04 | 1
 18, 39 |   1.2274763764593423e-03 |   1.2274763764593423e-03 | 1
 18, 40 |   1.5445424168154095e-03 |   1.5445424168154095e-03 | 1
 19,  1 |   2.6137106759026650e-03 |   2.6137106759026650e-03 | 1
 19,  2 |  -1.5671330730495795e-03 |  -1.5671330730495795e-03 | 1
 19,  3 |   8.6794836535390718e-03 |   8.6794836535390718e-03 | 1
 19,  4 |   4.0056261542786801e-03 |   4.0056261542786801e-03 | 1
 19,  5 |   1.5387713655677401e-03 |   1.5387713655677401e-03 | 1
 19,  6 |  -1.6831446758218830e-03 |  -1.6831446758218830e-03 | 1
 19,  7 |   6.1505336910412066e-03 |   6.1505336910412066e-03 | 1
 19,  8 |   4.4472686220156750e-03 |   4.4472686220156750e-03 | 1
 19,  9 |   7.5327979632238322e-03 |   7.5327979632238322e-03 | 1
 19, 10 |  -2.5797630063892308e-03 |  -2.5797630063892308e-03 | 1
 19, 11 |   6.7219279918543750e-04 |   6.7219279918543750e-04 | 1
 19, 12 |   2.9988139001997319e-03 |   2.9988139001997319e-03 | 1
 19, 13 |   6.3352110449927659e-03 |   6.3352110449927659e-03 | 1
 19, 14 |   6.7694362625828237e-03 |   6.7694362625828237e-03 | 1
 19, 15 |  -1.1342541486527380e-03 |  -1.1342541486527380e-03 | 1
 19, 16 |   2.2131213076133330e-03 |   2.2131213076133330e-03 | 1
 19, 17 |   1.8969861078750897e-03 |   1.8969861078750897e-03 | 1
 19, 18 |   1.5730624843485878e-03 |   1.5730624843485878e-03 | 1
 19, 19 |   8.7733412811567147e-03 |   8.7733412811567147e-03 | 1
 19, 20 |   4.4089494538358791e-03 |   4.4089494538358791e-03 | 1
 19, 21 |  -2.0420745902156945e-03 |  -2.0420745902156945e-03 | 1
 19, 22 |   1.8561044844261692e-04 |   1.8561044844261692e-04 | 1
 19, 23 |  -1.6376032519218641e-03 |  -1.6376032519218641e-03 | 1
 19, 24 |   4.8083035607559242e-03 |   4.8083035607559242e-03 | 1
 19, 25 |   1.6145328900564002e-03 |   1.6145328900564002e-03 | 1
 19, 26 |  -3.9448939229071445e-03 |  -3.9448939229071445e-03 | 1
 19, 27 |   5.0882889879181542e-03 |   5.0882889879181542e-03 | 1
 19, 28 |   3.4345471190871681e-03 |   3.4345471190871681e-03 | 1
 19, 29 |   7.3487011727201602e-03 |   7.3487011727201602e-03 | 1
 19, 30 |   3.4811064257166281e-03 |   3.4811064257166281e-03 | 1
 19, 31 |   4.6007534373640876e-03 |   4.6007534373640876e-03 | 1
 19, 32 |   8.7271432755576931e-04 |   8.7271432755576931e-04 | 1
 19, 33 |   6.0001628705622576e-03 |   6.0001628705622576e-03 | 1
 19, 34 |   2.8835332926549417e-03 |   2.8835332926549417e-03 | 1
 19, 35 |  -4.0430999923552792e-04 |  -4.0430999923552792e-04 | 1
 19, 36 |  -2.1557180958499495e-03 |  -2.1557180958499495e-03 | 1
 19, 37 |  -1.9553208880460950e-03 |  -1.9553208880460950e-03 | 1
 19, 38 |  -2.9218381382147404e-03 |  -2.9218381382147404e-03 | 1
 19, 39 |   3.4448510345357775e-03 |   3.4448510345357775e-03 | 1
 19, 40 |   3.5027874142966577e-05 |   3.5027874142966577e-05 | 1
 20,  1 |   2.5067337899724665e-03 |   2.5067337899724665e-03 | 1
 20,  2 |  -8.6752218646878948e-05 |  -8.6752218646878948e-05 | 1
 20,  3 |   2.5832394815045560e-03 |   2.5832394815045560e-03 | 1
 20,  4 |   3.4531663879816430e-03 |   3.4531663879816430e-03 | 1
 20,  5 |  -2.7682119283247183e-03 |  -2.7682119283247183e-03 | 1
 20,  6 |  -6.9898805578674393e-04 |  -6.9898805578674393e-04 | 1
 20,  7 |   1.1226585278635339e-02 |   1.1226585278635339e-02 | 1
 20,  8 |   4.1375496196286712e-03 |   4.1375496196286712e-03 | 1
 20,  9 |   8.1548708112177855e-03 |   8.1548708112177855e-03 | 1
 20, 10 |  -1.9884969308568714e-03 |  -1.9884969308568714e-03 | 1
 20, 11 |   1.2884269851274645e-04 |   1.2884269851274645e-04 | 1
 20, 12 |   7.2056000616080263e-03 |   7.2056000616080263e-03 | 1
 20, 13 |   1.0377795986932718e-02 |   1.0377795986932718e-02 | 1
 20, 14 |   4.1951357335598388e-03 |   4.1951357335598388e-03 | 1
 20, 15 |   4.7457974534248597e-03 |   4.7457974534248597e-03 | 1
 20, 16 |  -9.4526965671233186e-05 |  -9.4526965671233186e-05 | 1
 20, 17 |  -1.4719888743264492e-04 |  -1.4719888743264492e-04 | 1
 20, 18 |   2.7378299005601267e-03 |   2.7378299005601267e-03 | 1
 20, 19 |   4.4089494538358791e-03 |   4.4089494538358791e-03 | 1
 20, 20 |   1.0345641795869477e-02 |   1.0345641795869477e-02 | 1
 20, 21 |  -1.2066385540110500e-02 |  -1.2066385540110500e-02 | 1
 20, 22 |  -1.8700872111380347e-03 |  -1.8700872111380347e-03 | 1
 20, 23 |  -5.9925499695808954e-03 |  -5.9925499695808954e-03 | 1
 20, 24 |   2.7470100098162522e-03 |   2.7470100098162522e-03 | 1
 20, 25 |  -7.8955161258623813e-04 |  -7.8955161258623813e-04 | 1
 20, 26 |   3.9653768469092368e-03 |   3.9653768469092368e-03 | 1
 20, 27 |  -4.6899788598047353e-04 |  -4.6899788598047353e-04 | 1
 20, 28 |   5.5134795519105138e-03 |   5.5134795519105138e-03 | 1
 20, 29 |   4.3993828252674901e-03 |   4.3993828252674901e-03 | 1
 20, 30 |   2.0588254147644305e-03 |   2.0588254147644305e-03 | 1
 20, 31 |   3.8539243327326061e-04 |   3.8539243327326061e-04 | 1
 20, 32 |   5.8804371896801631e-04 |   5.8804371896801631e-04 | 1
 20, 33 |   5.6174454835468696e-03 |   5.6174454835468696e-03 | 1
 20, 34 |   1.4521613118934321e-03 |   1.4521613118934321e-03 | 1
 20, 35 |  -4.3060506206348453e-04 |  -4.3060506206348453e-04 | 1
 20, 36 |  -1.2505562582969341e-03 |  -1.2505562582969341e-03 | 1
 20, 37 |  -1.0795718135099826e-03 |  -1.0795718135099826e-03 | 1
 20, 38 |  -2.0721409239795189e-03 |  -2.0721409239795189e-03 | 1
 20, 39 |   3.3239451921907382e-03 |   3.3239451921907382e-03 | 1
 20, 40 |  -2.0476585669350849e-04 |  -2.0476585669350849e-04 | 1
 21,  1 |   2.0253036758693917e-03 |   2.0253036758693917e-03 | 1
 21,  2 |   6.1699573795973624e-04 |   6.1699573795973624e-04 | 1
 21,  3 |   8.5775917524750223e-03 |   8.5775917524750223e-03 | 1
 21,  4 |  -4.4058021063662876e-03 |  -4.4058021063662876e-03 | 1
 21,  5 |   4.0653122698463759e-03 |   4.0653122698463759e-03 | 1
 21,  6 |  -2.0420391428911675e-03 |  -2.0420391428911675e-03 | 1
 21,  7 |  -1.6093354994745034e-02 |  -1.6093354994745034e-02 | 1
 21,  8 |  -4.6384020603074160e-04 |  -4.6384020603074160e-04 | 1
 21,  9 |   2.0920365921419807e-03 |   2.0920365921419807e-03 | 1
 21, 10 |   2.8832231497033980e-03 |   2.8832231497033980e-03 | 1
 21, 11 |  -5.2387555753304017e-04 |  -5.2387555753304017e-04 | 1
 21, 12 |  -7.4246932393776353e-03 |  -7.4246932393776353e-03 | 1
 21, 13 |  -1.1730303821365091e-02 |  -1.1730303821365091e-02 | 1
 21, 14 |  -2.0664205126457523e-02 |  -2.0664205126457523e-02 | 1
 21, 15 |   1.3974699432798259e-02 |   1.3974699432798259e-02 | 1
 21, 16 |   5.4564728600378261e-03 |   5.4564728600378261e-03 | 1
 21, 17 |   1.0185685944150060e-02 |   1.0185685944150060e-02 | 1
 21, 18 |  -2.3780004457503120e-03 |  -2.3780004457503120e-03 | 1
 21, 19 |  -2.0420745902156945e-03 |  -2.0420745902156945e-03 | 1
 21, 20 |  -1.2066385540110500e-02 |  -1.2066385540110500e-02 | 1
 21, 21 |   6.5316480802087767e-02 |   6.5316480802087767e-02 | 1
 21, 22 |  -8.8013850920287233e-03 |  -8.8013850920287233e-03 | 1
 21, 23 |   2.9159160371435663e-02 |   2.9159160371435663e-02 | 1
 21, 24 |  -1.0596708637999556e-03 |  -1.0596708637999556e-03 | 1
 21, 25 |   1.2057444289808371e-03 |   1.2057444289808371e-03 | 1
 21, 26 |  -8.3539469186645517e-03 |  -8.3539469186645517e-03 | 1
 21, 27 |   4.4241773543205170e-03 |   4.4241773543205170e-03 | 1
 21, 28 |  -4.7687225207319823e-03 |  -4.7687225207319823e-03 | 1
 21, 29 |  -3.6214518270106669e-03 |  -3.6214518270106669e-03 | 1
 21, 30 |   1.2712910924503925e-04 |   1.2712910924503925e-04 | 1
 21, 31 |  -2.2553177719805754e-02 |  -2.2553177719805754e-02 | 1
 21, 32 |  -1.4035956168471733e-03 |  -1.4035956168471733e-03 | 1
 21, 33 |  -5.2117049392524303e-03 |  -5.2117049392524303e-03 | 1
 21, 34 |  -1.6557068446204403e-03 |  -1.6557068446204403e-03 | 1
 21, 35 |   1.9895492878930186e-03 |   1.9895492878930186e-03 | 1
 21, 36 |   2.4814515106104974e-03 |   2.4814515106104974e-03 | 1
 21, 37 |   2.4010598428200192e-03 |   2.4010598428200192e-03 | 1
 21, 38 |   1.1395452189346073e-03 |   1.1395452189346073e-03 | 1
 21, 39 |  -2.8023870561663857e-03 |  -2.8023870561663857e-03 | 1
 21, 40 |  -9.3576943708154081e-04 |  -9.3576943708154081e-04 | 1
 22,  1 |   4.7251811941833562e-03 |   4.7251811941833562e-03 | 1
 22,  2 |  -3.8649019993643300e-03 |  -3.8649019993643300e-03 | 1
 22,  3 |  -4.1391265741892959e-03 |  -4.1391265741892959e-03 | 1
 22,  4 |   3.4676976654703729e-03 |   3.4676976654703729e-03 | 1
 22,  5 |   1.5268905507763574e-02 |   1.5268905507763574e-02 | 1
 22,  6 |   5.4326776350265065e-03 |   5.4326776350265065e-03 | 1
 22,  7 |   1.3627675168057591e-02 |   1.3627675168057591e-02 | 1
 22,  8 |  -5.9402017014339760e-03 |  -5.9402017014339760e-03 | 1
 22,  9 |   5.0485764121932907e-03 |   5.0485764121932907e-03 | 1
 22, 10 |  -2.4097418025373655e-03 |  -2.4097418025373655e-03 | 1
 22, 11 |   2.2169581397963340e-03 |   2.2169581397963340e-03 | 1
 22, 12 |  -4.1909887012144802e-03 |  -4.1909887012144802e-03 | 1
 22, 13 |  -9.0770943855420332e-03 |  -9.0770943855420332e-03 | 1
 22, 14 |   8.9782089856406764e-03 |   8.9782089856406764e-03 | 1
 22, 15 |   8.9441709178613594e-03 |   8.9441709178613594e-03 | 1
 22, 16 |   2.3877500643945259e-03 |   2.3877500643945259e-03 | 1
 22, 17 |   3.2154188097539169e-05 |   3.2154188097539169e-05 | 1
 22, 18 |   1.5583718337424937e-03 |   1.5583718337424937e-03 | 1
 22, 19 |   1.8561044844261692e-04 |   1.8561044844261692e-04 | 1
 22, 20 |  -1.8700872111380347e-03 |  -1.8700872111380347e-03 | 1
 22, 21 |  -8.8013850920287233e-03 |  -8.8013850920287233e-03 | 1
 22, 22 |   5.1389358113210770e-02 |   5.1389358113210770e-02 | 1
 22, 23 |   3.3195884896708014e-03 |   3.3195884896708014e-03 | 1
 22, 24 |  -2.3050023592830473e-03 |  -2.3050023592830473e-03 | 1
 22, 25 |   8.3592041884156428e-03 |   8.3592041884156428e-03 | 1
 22, 26 |  -6.2184637870160535e-03 |  -6.2184637870160535e-03 | 1
 22, 27 |  -6.9223901478622420e-04 |  -6.9223901478622420e-04 | 1
 22, 28 |   5.0283464577253485e-03 |   5.0283464577253485e-03 | 1
 22, 29 |   7.9716461112703668e-03 |   7.9716461112703668e-03 | 1
 22, 30 |  -1.3474859525597575e-03 |  -1.3474859525597575e-03 | 1
 22, 31 |   3.1437296378383960e-02 |   3.1437296378383960e-02 | 1
 22, 32 |   1.9942091496438739e-03 |   1.9942091496438739e-03 | 1
 22, 33 |  -5.8851745049516022e-03 |  -5.8851745049516022e-03 | 1
 22, 34 |   2.2613553764555712e-03 |   2.2613553764555712e-03 | 1
 22, 35 |  -1.0614528592374655e-03 |  -1.0614528592374655e-03 | 1
 22, 36 |  -3.2228847588889427e-03 |  -3.2228847588889427e-03 | 1
 22, 37 |  -3.3632473298265131e-03 |  -3.3632473298265131e-03 | 1
 22, 38 |  -1.1966420895750140e-03 |  -1.1966420895750140e-03 | 1
 22, 39 |   4.6793926001614042e-03 |   4.6793926001614042e-03 | 1
 22, 40 |  -5.9316621695837818e-03 |  -5.9316621695837818e-03 | 1
 23,  1 |   8.2659474930146110e-04 |   8.2659474930146110e-04 | 1
 23,  2 |   5.2980484123306866e-03 |   5.2980484123306866e-03 | 1
 23,  3 |   5.7103091830048094e-03 |   5.7103091830048094e-03 | 1
 23,  4 |  -2.9406207659562030e-04 |  -2.9406207659562030e-04 | 1
 23,  5 |   9.2115612220274798e-03 |   9.2115612220274798e-03 | 1
 23,  6 |  -6.3322233288654419e-04 |  -6.3322233288654419e-04 | 1
 23,  7 |   1.2923190542905142e-02 |   1.2923190542905142e-02 | 1
 23,  8 |   2.1816187193815311e-04 |   2.1816187193815311e-04 | 1
 23,  9 |   1.9893144238306618e-03 |   1.9893144238306618e-03 | 1
 23, 10 |  -1.5906579716121576e-02 |  -1.5906579716121576e-02 | 1
 23, 11 |   1.0337614011316221e-03 |   1.0337614011316221e-03 | 1
 23, 12 |  -2.1606179076310388e-02 |  -2.1606179076310388e-02 | 1
 23, 13 |  -2.1130108658436824e-02 |  -2.1130108658436824e-02 | 1
 23, 14 |  -3.6376208450455850e-03 |  -3.6376208450455850e-03 | 1
 23, 15 |   2.2645167782859528e-02 |   2.2645167782859528e-02 | 1
 23, 16 |   6.0316352926265780e-03 |   6.0316352926265780e-03 | 1
 23, 17 |   6.1616219458529237e-03 |   6.1616219458529237e-03 | 1
 23, 18 |  -2.7184606386908500e-03 |  -2.7184606386908500e-03 | 1
 23, 19 |  -1.6376032519218641e-03 |  -1.6376032519218641e-03 | 1
 23, 20 |  -5.9925499695808954e-03 |  -5.9925499695808954e-03 | 1
 23, 21 |   2.9159160371435663e-02 |   2.9159160371435663e-02 | 1
 23, 22 |   3.3195884896708014e-03 |   3.3195884896708014e-03 | 1
 23, 23 |   7.7961534379362693e-02 |   7.7961534379362693e-02 | 1
 23, 24 |   5.8664965320618361e-03 |   5.8664965320618361e-03 | 1
 23, 25 |   1.4585812407067128e-03 |   1.4585812407067128e-03 | 1
 23, 26 |   7.3913830085130128e-03 |   7.3913830085130128e-03 | 1
 23, 27 |   3.2017989568554539e-03 |   3.2017989568554539e-03 | 1
 23, 28 |   3.3907035466526634e-03 |   3.3907035466526634e-03 | 1
 23, 29 |   1.3695618288027202e-02 |   1.3695618288027202e-02 | 1
 23, 30 |   5.4404925641801010e-03 |   5.4404925641801010e-03 | 1
 23, 31 |  -1.5383688662658750e-02 |  -1.5383688662658750e-02 | 1
 23, 32 |   1.2544839371196803e-03 |   1.2544839371196803e-03 | 1
 23, 33 |  -8.3207991292154129e-03 |  -8.3207991292154129e-03 | 1
 23, 34 |   8.6078522394339397e-04 |   8.6078522394339397e-04 | 1
 23, 35 |  -2.6598261264073357e-03 |  -2.6598261264073357e-03 | 1
 23, 36 |  -3.6979253025821399e-04 |  -3.6979253025821399e-04 | 1
 23, 37 |  -3.3612332944263319e-04 |  -3.3612332944263319e-04 | 1
 23, 38 |  -8.7374757425724865e-04 |  -8.7374757425724865e-04 | 1
 23, 39 |   1.0444937880470235e-03 |   1.0444937880470235e-03 | 1
 23, 40 |  -5.7753873303920209e-04 |  -5.7753873303920209e-04 | 1
 24,  1 |   4.2074087028700826e-03 |   4.2074087028700826e-03 | 1
 24,  2 |   2.6513951578157110e-03 |   2.6513951578157110e-03 | 1
 24,  3 |   4.9547460246683050e-03 |   4.9547460246683050e-03 | 1
 24,  4 |   3.7401275679600611e-03 |   3.7401275679600611e-03 | 1
 24,  5 |   3.3285659763345162e-03 |   3.3285659763345162e-03 | 1
 24,  6 |  -1.7435425141125070e-04 |  -1.7435425141125070e-04 | 1
 24,  7 |   6.0857439026559147e-03 |   6.0857439026559147e-03 | 1
 24,  8 |   4.6588333722665607e-03 |   4.6588333722665607e-03 | 1
 24,  9 |   7.3840397024111173e-03 |   7.3840397024111173e-03 | 1
 24, 10 |   2.2573841897821803e-03 |   2.2573841897821803e-03 | 1
 24, 11 |   2.4694740480402351e-03 |   2.4694740480402351e-03 | 1
 24, 12 |   2.8497530067768079e-03 |   2.8497530067768079e-03 | 1
 24, 13 |   2.8055746255452397e-03 |   2.8055746255452397e-03 | 1
 24, 14 |   2.5110248242292289e-03 |   2.5110248242292289e-03 | 1
 24, 15 |   5.1208967858314847e-03 |   5.1208967858314847e-03 | 1
 24, 16 |   2.6854992834711528e-03 |   2.6854992834711528e-03 | 1
 24, 17 |   4.3469043227972745e-03 |   4.3469043227972745e-03 | 1
 24, 18 |   2.7546324596582489e-03 |   2.7546324596582489e-03 | 1
 24, 19 |   4.8083035607559242e-03 |   4.8083035607559242e-03 | 1
 24, 20 |   2.7470100098162522e-03 |   2.7470100098162522e-03 | 1
 24, 21 |  -1.0596708637999556e-03 |  -1.0596708637999556e-03 | 1
 24, 22 |  -2.3050023592830473e-03 |  -2.3050023592830473e-03 | 1
 24, 23 |   5.8664965320618361e-03 |   5.8664965320618361e-03 | 1
 24, 24 |   1.4882786197299247e-02 |   1.4882786197299247e-02 | 1
 24, 25 |   3.2505152695213209e-03 |   3.2505152695213209e-03 | 1
 24, 26 |   4.3085643146591364e-03 |   4.3085643146591364e-03 | 1
 24, 27 |   2.2952250745564467e-03 |   2.2952250745564467e-03 | 1
 24, 28 |   4.1425953973633113e-03 |   4.1425953973633113e-03 | 1
 24, 29 |   1.3529344284770515e-02 |   1.3529344284770515e-02 | 1
 24, 30 |   7.2560015787157556e-03 |   7.2560015787157556e-03 | 1
 24, 31 |   4.1700737736173575e-03 |   4.1700737736173575e-03 | 1
 24, 32 |   1.4540358340993413e-03 |   1.4540358340993413e-03 | 1
 24, 33 |   4.2934253824233716e-03 |   4.2934253824233716e-03 | 1
 24, 34 |   3.5537848269080810e-03 |   3.5537848269080810e-03 | 1
 24, 35 |  -2.2860433479425864e-03 |  -2.2860433479425864e-03 | 1
 24, 36 |  -4.1503043854871323e-03 |  -4.1503043854871323e-03 | 1
 24, 37 |  -5.1394041656049952e-03 |  -5.1394041656049952e-03 | 1
 24, 38 |  -5.9935123554088268e-03 |  -5.9935123554088268e-03 | 1
 24, 39 |   5.3802967522879556e-03 |   5.3802967522879556e-03 | 1
 24, 40 |   3.1753235291232568e-03 |   3.1753235291232568e-03 | 1
 25,  1 |   3.4884912498212260e-03 |   3.4884912498212260e-03 | 1
 25,  2 |   1.5485876315478229e-03 |   1.5485876315478229e-03 | 1
 25,  3 |   2.1179306604264818e-03 |   2.1179306604264818e-03 | 1
 25,  4 |   1.7086697999810583e-03 |   1.7086697999810583e-03 | 1
 25,  5 |  -6.1166035182478170e-03 |  -6.1166035182478170e-03 | 1
 25,  6 |   1.2246004399885748e-03 |   1.2246004399885748e-03 | 1
 25,  7 |   9.7460322420856046e-04 |   9.7460322420856046e-04 | 1
 25,  8 |  -3.0894595746628869e-04 |  -3.0894595746628869e-04 | 1
 25,  9 |   9.2646905422521450e-03 |   9.2646905422521450e-03 | 1
 25, 10 |  -2.1467945758839916e-03 |  -2.1467945758839916e-03 | 1
 25, 11 |   1.7242258934877981e-03 |   1.7242258934877981e-03 | 1
 25, 12 |   5.5401256921094562e-04 |   5.5401256921094562e-04 | 1
 25, 13 |  -3.7126810830458937e-03 |  -3.7126810830458937e-03 | 1
 25, 14 |   1.8848256788572041e-03 |   1.8848256788572041e-03 | 1
 25, 15 |  -1.0527017133392134e-02 |  -1.0527017133392134e-02 | 1
 25, 16 |  -2.2597616494823307e-03 |  -2.2597616494823307e-03 | 1
 25, 17 |   2.8479288974621888e-03 |   2.8479288974621888e-03 | 1
 25, 18 |  -4.7967467552520043e-03 |  -4.7967467552520043e-03 | 1
 25, 19 |   1.6145328900564002e-03 |   1.6145328900564002e-03 | 1
 25, 20 |  -7.8955161258623813e-04 |  -7.8955161258623813e-04 | 1
 25, 21 |   1.2057444289808371e-03 |   1.2057444289808371e-03 | 1
 25, 22 |   8.3592041884156428e-03 |   8.3592041884156428e-03 | 1
 25, 23 |   1.4585812407067128e-03 |   1.4585812407067128e-03 | 1
 25, 24 |   3.2505152695213209e-03 |   3.2505152695213209e-03 | 1
 25, 25 |   1.2017217958402545e-02 |   1.2017217958402545e-02 | 1
 25, 26 |   1.5837020058685029e-02 |   1.5837020058685029e-02 | 1
 25, 27 |  -6.1327636385695482e-03 |  -6.1327636385695482e-03 | 1
 25, 28 |   5.2015980006419520e-04 |   5.2015980006419520e-04 | 1
 25, 29 |   1.7501468067249067e-03 |   1.7501468067249067e-03 | 1
 25, 30 |  -1.3599131470530814e-03 |  -1.3599131470530814e-03 | 1
 25, 31 |   8.3486550960537101e-03 |   8.3486550960537101e-03 | 1
 25, 32 |   8.3171961102066459e-04 |   8.3171961102066459e-04 | 1
 25, 33 |  -5.3293652515204321e-03 |  -5.3293652515204321e-03 | 1
 25, 34 |   2.2719398008703949e-03 |   2.2719398008703949e-03 | 1
 25, 35 |  -1.5967266667767975e-03 |  -1.5967266667767975e-03 | 1
 25, 36 |  -1.9084589363294589e-03 |  -1.9084589363294589e-03 | 1
 25, 37 |  -1.1216503992676386e-03 |  -1.1216503992676386e-03 | 1
 25, 38 |  -2.1412359832268472e-03 |  -2.1412359832268472e-03 | 1
 25, 39 |   2.8455853208079014e-03 |   2.8455853208079014e-03 | 1
 25, 40 |  -1.3049491182254905e-03 |  -1.3049491182254905e-03 | 1
 26,  1 |   5.5870531732756239e-04 |   5.5870531732756239e-04 | 1
 26,  2 |   5.8848261241479915e-03 |   5.8848261241479915e-03 | 1
 26,  3 |  -2.5771215929740895e-03 |  -2.5771215929740895e-03 | 1
 26,  4 |  -9.8434450547340928e-04 |  -9.8434450547340928e-04 | 1
 26,  5 |  -2.0062762538189883e-02 |  -2.0062762538189883e-02 | 1
 26,  6 |   1.7110985919228027e-03 |   1.7110985919228027e-03 | 1
 26,  7 |   7.0132651454564814e-03 |   7.0132651454564814e-03 | 1
 26,  8 |  -1.9076844282405910e-03 |  -1.9076844282405910e-03 | 1
 26,  9 |   2.0708631940518404e-02 |   2.0708631940518404e-02 | 1
 26, 10 |  -1.9809733021964717e-04 |  -1.9809733021964717e-04 | 1
 26, 11 |   1.8851175047731857e-03 |   1.8851175047731857e-03 | 1
 26, 12 |   5.0534271167392304e-03 |   5.0534271167392304e-03 | 1
 26, 13 |  -6.8973737848374208e-03 |  -6.8973737848374208e-03 | 1
 26, 14 |   1.3028125588630608e-03 |   1.3028125588630608e-03 | 1
 26, 15 |   3.9535272000404713e-04 |   3.9535272000404713e-04 | 1
 26, 16 |  -5.8442097336951927e-03 |  -5.8442097336951927e-03 | 1
 26, 17 |   2.3518614205059953e-03 |   2.3518614205059953e-03 | 1
 26, 18 |  -1.2333117088789518e-02 |  -1.2333117088789518e-02 | 1
 26, 19 |  -3.9448939229071445e-03 |  -3.9448939229071445e-03 | 1
 26, 20 |   3.9653768469092368e-03 |   3.9653768469092368e-03 | 1
 26, 21 |  -8.3539469186645517e-03 |  -8.3539469186645517e-03 | 1
 26, 22 |  -6.2184637870160535e-03 |  -6.2184637870160535e-03 | 1
 26, 23 |   7.3913830085130128e-03 |   7.3913830085130128e-03 | 1
 26, 24 |   4.3085643146591364e-03 |   4.3085643146591364e-03 | 1
 26, 25 |   1.5837020058685029e-02 |   1.5837020058685029e-02 | 1
 26, 26 |   5.6448774916963741e-02 |   5.6448774916963741e-02 | 1
 26, 27 |  -2.1057057157974166e-02 |  -2.1057057157974166e-02 | 1
 26, 28 |   4.8287816065662919e-03 |   4.8287816065662919e-03 | 1
 26, 29 |  -4.3147985260930683e-03 |  -4.3147985260930683e-03 | 1
 26, 30 |  -1.8708386110568595e-03 |  -1.8708386110568595e-03 | 1
 26, 31 |  -5.4939358373976548e-03 |  -5.4939358373976548e-03 | 1
 26, 32 |   1.0253806254126535e-03 |   1.0253806254126535e-03 | 1
 26, 33 |  -1.5861791049706128e-02 |  -1.5861791049706128e-02 | 1
 26, 34 |   3.3390302686716620e-03 |   3.3390302686716620e-03 | 1
 26, 35 |  -2.3728310919143292e-03 |  -2.3728310919143292e-03 | 1
 26, 36 |  -5.5617060549946907e-04 |  -5.5617060549946907e-04 | 1
 26, 37 |   1.4675979512663237e-03 |   1.4675979512663237e-03 | 1
 26, 38 |  -1.6263586448223861e-03 |  -1.6263586448223861e-03 | 1
 26, 39 |   2.1380731595166368e-03 |   2.1380731595166368e-03 | 1
 26, 40 |  -2.2250433111875020e-04 |  -2.2250433111875020e-04 | 1
 27,  1 |   1.4869448025431288e-04 |   1.4869448025431288e-04 | 1
 27,  2 |  -2.5657945515776500e-03 |  -2.5657945515776500e-03 | 1
 27,  3 |   5.3582111788539055e-03 |   5.3582111788539055e-03 | 1
 27,  4 |   2.1178775754237132e-03 |   2.1178775754237132e-03 | 1
 27,  5 |   7.1174666242695547e-03 |   7.1174666242695547e-03 | 1
 27,  6 |   3.6024987829766570e-04 |   3.6024987829766570e-04 | 1
 27,  7 |  -5.5196091589961071e-04 |  -5.5196091589961071e-04 | 1
 27,  8 |   2.3682640858966163e-03 |   2.3682640858966163e-03 | 1
 27,  9 |  -6.3887961563358214e-03 |  -6.3887961563358214e-03 | 1
 27, 10 |  -1.0316566689532014e-03 |  -1.0316566689532014e-03 | 1
 27, 11 |   1.3040792547473268e-04 |   1.3040792547473268e-04 | 1
 27, 12 |  -1.1911972527751469e-03 |  -1.1911972527751469e-03 | 1
 27, 13 |   3.6666390386886792e-03 |   3.6666390386886792e-03 | 1
 27, 14 |   2.4236420893566637e-03 |   2.4236420893566637e-03 | 1
 27, 15 |   1.0926996205500405e-03 |   1.0926996205500405e-03 | 1
 27, 16 |   4.1259730349970805e-03 |   4.1259730349970805e-03 | 1
 27, 17 |   1.3013319675136384e-03 |   1.3013319675136384e-03 | 1
 27, 18 |   5.7434875102301960e-03 |   5.7434875102301960e-03 | 1
 27, 19 |   5.0882889879181542e-03 |   5.0882889879181542e-03 | 1
 27, 20 |  -4.6899788598047353e-04 |  -4.6899788598047353e-04 | 1
 27, 21 |   4.4241773543205170e-03 |   4.4241773543205170e-03 | 1
 27, 22 |  -6.9223901478622420e-04 |  -6.9223901478622420e-04 | 1
 27, 23 |   3.2017989568554539e-03 |   3.2017989568554539e-03 | 1
 27, 24 |   2.2952250745564467e-03 |   2.2952250745564467e-03 | 1
 27, 25 |  -6.1327636385695482e-03 |  -6.1327636385695482e-03 | 1
 27, 26 |  -2.1057057157974166e-02 |  -2.1057057157974166e-02 | 1
 27, 27 |   1.2268984416521090e-02 |   1.2268984416521090e-02 | 1
 27, 28 |  -7.2682621488843373e-04 |  -7.2682621488843373e-04 | 1
 27, 29 |   6.8970819625886731e-03 |   6.8970819625886731e-03 | 1
 27, 30 |   4.3604767109454816e-03 |   4.3604767109454816e-03 | 1
 27, 31 |   3.1196143996264816e-04 |   3.1196143996264816e-04 | 1
 27, 32 |   5.1331042103490302e-04 |   5.1331042103490302e-04 | 1
 27, 33 |   6.3554062409091859e-03 |   6.3554062409091859e-03 | 1
 27, 34 |   1.1972914129818114e-03 |   1.1972914129818114e-03 | 1
 27, 35 |   5.5192371448013484e-04 |   5.5192371448013484e-04 | 1
 27, 36 |  -1.1681625743082762e-03 |  -1.1681625743082762e-03 | 1
 27, 37 |  -2.0987665220834756e-03 |  -2.0987665220834756e-03 | 1
 27, 38 |  -1.5546042542047339e-03 |  -1.5546042542047339e-03 | 1
 27, 39 |   8.7261838557185355e-04 |   8.7261838557185355e-04 | 1
 27, 40 |   9.9514641096845602e-04 |   9.9514641096845602e-04 | 1
 28,  1 |   2.1014383110918499e-03 |   2.1014383110918499e-03 | 1
 28,  2 |  -2.3886002175817659e-04 |  -2.3886002175817659e-04 | 1
 28,  3 |   2.7747016460410753e-03 |   2.7747016460410753e-03 | 1
 28,  4 |   2.1602223153754175e-03 |   2.1602223153754175e-03 | 1
 28,  5 |   3.7959709005943808e-03 |   3.7959709005943808e-03 | 1
 28,  6 |  -8.5187273775509382e-04 |  -8.5187273775509382e-04 | 1
 28,  7 |   1.1178183633767772e-02 |   1.1178183633767772e-02 | 1
 28,  8 |   2.3442473841675600e-03 |   2.3442473841675600e-03 | 1
 28,  9 |   9.6969234079483796e-03 |   9.6969234079483796e-03 | 1
 28, 10 |  -9.8806866413461648e-05 |  -9.8806866413461648e-05 | 1
 28, 11 |   5.9309965498682631e-04 |   5.9309965498682631e-04 | 1
 28, 12 |   2.3017177866281715e-03 |   2.3017177866281715e-03 | 1
 28, 13 |   3.2731910586472493e-03 |   3.2731910586472493e-03 | 1
 28, 14 |   4.2426685208798894e-03 |   4.2426685208798894e-03 | 1
 28, 15 |   1.4639088665571887e-02 |   1.4639088665571887e-02 | 1
 28, 16 |   2.1557271847091673e-03 |   2.1557271847091673e-03 | 1
 28, 17 |   6.6276816599711091e-04 |   6.6276816599711091e-04 | 1
 28, 18 |   7.1272291947448543e-04 |   7.1272291947448543e-04 | 1
 28, 19 |   3.4345471190871681e-03 |   3.4345471190871681e-03 | 1
 28, 20 |   5.5134795519105138e-03 |   5.5134795519105138e-03 | 1
 28, 21 |  -4.7687225207319823e-03 |  -4.7687225207319823e-03 | 1
 28, 22 |   5.0283464577253485e-03 |   5.0283464577253485e-03 | 1
 28, 23 |   3.3907035466526634e-03 |   3.3907035466526634e-03 | 1
 28, 24 |   4.1425953973633113e-03 |   4.1425953973633113e-03 | 1
 28, 25 |   5.2015980006419520e-04 |   5.2015980006419520e-04 | 1
 28, 26 |   4.8287816065662919e-03 |   4.8287816065662919e-03 | 1
 28, 27 |  -7.2682621488843373e-04 |  -7.2682621488843373e-04 | 1
 28, 28 |   6.4263818325292401e-03 |   6.4263818325292401e-03 | 1
 28, 29 |   6.0923821459619321e-03 |   6.0923821459619321e-03 | 1
 28, 30 |   3.1452907624294406e-03 |   3.1452907624294406e-03 | 1
 28, 31 |   2.8720145745922514e-03 |   2.8720145745922514e-03 | 1
 28, 32 |   9.5558404730019717e-04 |   9.5558404730019717e-04 | 1
 28, 33 |   1.8776792644910542e-03 |   1.8776792644910542e-03 | 1
 28, 34 |   1.8605628149976823e-03 |   1.8605628149976823e-03 | 1
 28, 35 |  -4.1156293113065872e-04 |  -4.1156293113065872e-04 | 1
 28, 36 |  -1.3979270902007125e-03 |  -1.3979270902007125e-03 | 1
 28, 37 |  -1.4085122589146553e-03 |  -1.4085122589146553e-03 | 1
 28, 38 |  -2.1067475090116540e-03 |  -2.1067475090116540e-03 | 1
 28, 39 |   3.1206772223387295e-03 |   3.1206772223387295e-03 | 1
 28, 40 |  -5.1516858924113471e-04 |  -5.1516858924113471e-04 | 1
 29,  1 |   4.7285237850220561e-03 |   4.7285237850220561e-03 | 1
 29,  2 |  -5.6653062239448378e-05 |  -5.6653062239448378e-05 | 1
 29,  3 |   6.5016048185275272e-03 |   6.5016048185275272e-03 | 1
 29,  4 |   5.5908809350412540e-03 |   5.5908809350412540e-03 | 1
 29,  5 |   5.2259269148379351e-03 |   5.2259269148379351e-03 | 1
 29,  6 |  -2.7924869972378939e-04 |  -2.7924869972378939e-04 | 1
 29,  7 |   1.2809363320044512e-02 |   1.2809363320044512e-02 | 1
 29,  8 |   4.9623658603164776e-03 |   4.9623658603164776e-03 | 1
 29,  9 |   6.5654114589651889e-03 |   6.5654114589651889e-03 | 1
 29, 10 |  -3.1657275107748483e-03 |  -3.1657275107748483e-03 | 1
 29, 11 |   2.1849471202510027e-03 |   2.1849471202510027e-03 | 1
 29, 12 |   9.4498945048945350e-04 |   9.4498945048945350e-04 | 1
 29, 13 |   3.2104804202013337e-03 |   3.2104804202013337e-03 | 1
 29, 14 |   4.3871409087654148e-03 |   4.3871409087654148e-03 | 1
 29, 15 |   7.0844686548892158e-03 |   7.0844686548892158e-03 | 1
 29, 16 |   4.9605825805632640e-03 |   4.9605825805632640e-03 | 1
 29, 17 |   2.8282299442977405e-03 |   2.8282299442977405e-03 | 1
 29, 18 |   5.3170009497906304e-03 |   5.3170009497906304e-03 | 1
 29, 19 |   7.3487011727201602e-03 |   7.3487011727201602e-03 | 1
 29, 20 |   4.3993828252674901e-03 |   4.3993828252674901e-03 | 1
 29, 21 |  -3.6214518270106669e-03 |  -3.6214518270106669e-03 | 1
 29, 22 |   7.9716461112703668e-03 |   7.9716461112703668e-03 | 1
 29, 23 |   1.3695618288027202e-02 |   1.3695618288027202e-02 | 1
 29, 24 |   1.3529344284770515e-02 |   1.3529344284770515e-02 | 1
 29, 25 |   1.7501468067249067e-03 |   1.7501468067249067e-03 | 1
 29, 26 |  -4.3147985260930683e-03 |  -4.3147985260930683e-03 | 1
 29, 27 |   6.8970819625886731e-03 |   6.8970819625886731e-03 | 1
 29, 28 |   6.0923821459619321e-03 |   6.0923821459619321e-03 | 1
 29, 29 |   1.9392907981604424e-02 |   1.9392907981604424e-02 | 1
 29, 30 |   8.0827599106209191e-03 |   8.0827599106209191e-03 | 1
 29, 31 |   8.5939469310057394e-03 |   8.5939469310057394e-03 | 1
 29, 32 |   2.0851636082813482e-03 |   2.0851636082813482e-03 | 1
 29, 33 |   6.3696501580432765e-03 |   6.3696501580432765e-03 | 1
 29, 34 |   3.9203719076631909e-03 |   3.9203719076631909e-03 | 1
 29, 35 |  -1.6893637978217053e-03 |  -1.6893637978217053e-03 | 1
 29, 36 |  -4.5274472370581149e-03 |  -4.5274472370581149e-03 | 1
 29, 37 |  -5.4023156966815878e-03 |  -5.4023156966815878e-03 | 1
 29, 38 |  -5.8450018465936353e-03 |  -5.8450018465936353e-03 | 1
 29, 39 |   6.3336602010901156e-03 |   6.3336602010901156e-03 | 1
 29, 40 |   1.6712284431395922e-03 |   1.6712284431395922e-03 | 1
 30,  1 |   1.6020201762564873e-03 |   1.6020201762564873e-03 | 1
 30,  2 |   3.7577450104713190e-04 |   3.7577450104713190e-04 | 1
 30,  3 |   3.8630932125672686e-03 |   3.8630932125672686e-03 | 1
 30,  4 |   1.9239574151131830e-03 |   1.9239574151131830e-03 | 1
 30,  5 |   4.6786908456800582e-03 |   4.6786908456800582e-03 | 1
 30,  6 |   8.0878458999432217e-04 |   8.0878458999432217e-04 | 1
 30,  7 |   4.4517704712085087e-03 |   4.4517704712085087e-03 | 1
 30,  8 |   2.8873892624570051e-03 |   2.8873892624570051e-03 | 1
 30,  9 |   2.7982530890038647e-03 |   2.7982530890038647e-03 | 1
 30, 10 |   1.7079186820156665e-03 |   1.7079186820156665e-03 | 1
 30, 11 |   1.2409411678537879e-03 |   1.2409411678537879e-03 | 1
 30, 12 |   5.1841573501212575e-04 |   5.1841573501212575e-04 | 1
 30, 13 |   2.8417761028938157e-03 |   2.8417761028938157e-03 | 1
 30, 14 |   3.0801820597423923e-03 |   3.0801820597423923e-03 | 1
 30, 15 |   1.0563028101438740e-02 |   1.0563028101438740e-02 | 1
 30, 16 |   2.9313843154122471e-03 |   2.9313843154122471e-03 | 1
 30, 17 |   2.3629201332429125e-03 |   2.3629201332429125e-03 | 1
 30, 18 |   2.1240213684875059e-03 |   2.1240213684875059e-03 | 1
 30, 19 |   3.4811064257166281e-03 |   3.4811064257166281e-03 | 1
 30, 20 |   2.0588254147644305e-03 |   2.0588254147644305e-03 | 1
 30, 21 |   1.2712910924503925e-04 |   1.2712910924503925e-04 | 1
 30, 22 |  -1.3474859525597575e-03 |  -1.3474859525597575e-03 | 1
 30, 23 |   5.4404925641801010e-03 |   5.4404925641801010e-03 | 1
 30, 24 |   7.2560015787157556e-03 |   7.2560015787157556e-03 | 1
 30, 25 |  -1.3599131470530814e-03 |  -1.3599131470530814e-03 | 1
 30, 26 |  -1.8708386110568595e-03 |  -1.8708386110568595e-03 | 1
 30, 27 |   4.3604767109454816e-03 |   4.3604767109454816e-03 | 1
 30, 28 |   3.1452907624294406e-03 |   3.1452907624294406e-03 | 1
 30, 29 |   8.0827599106209191e-03 |   8.0827599106209191e-03 | 1
 30, 30 |   5.5892722277977522e-03 |   5.5892722277977522e-03 | 1
 30, 31 |   3.8693507820002272e-04 |   3.8693507820002272e-04 | 1
 30, 32 |   1.2563536605309730e-03 |   1.2563536605309730e-03 | 1
 30, 33 |   1.9736888746473896e-03 |   1.9736888746473896e-03 | 1
 30, 34 |   2.4900540941995659e-03 |   2.4900540941995659e-03 | 1
 30, 35 |  -6.1322946899474481e-04 |  -6.1322946899474481e-04 | 1
 30, 36 |  -2.0969323969058078e-03 |  -2.0969323969058078e-03 | 1
 30, 37 |  -2.9866377830987762e-03 |  -2.9866377830987762e-03 | 1
 30, 38 |  -3.4827476084243400e-03 |  -3.4827476084243400e-03 | 1
 30, 39 |   2.8800116856224352e-03 |   2.8800116856224352e-03 | 1
 30, 40 |   1.4028603267491975e-03 |   1.4028603267491975e-03 | 1
 31,  1 |   4.6723000859948821e-03 |   4.6723000859948821e-03 | 1
 31,  2 |  -2.2517220226788070e-03 |  -2.2517220226788070e-03 | 1
 31,  3 |  -1.1500727734129715e-03 |  -1.1500727734129715e-03 | 1
 31,  4 |   4.9956586995803208e-03 |   4.9956586995803208e-03 | 1
 31,  5 |   8.0607623046588597e-03 |   8.0607623046588597e-03 | 1
 31,  6 |   6.9782623978781300e-04 |   6.9782623978781300e-04 | 1
 31,  7 |   6.9074667010813624e-03 |   6.9074667010813624e-03 | 1
 31,  8 |  -7.0278297019239462e-04 |  -7.0278297019239462e-04 | 1
 31,  9 |   3.9082870805195718e-03 |   3.9082870805195718e-03 | 1
 31, 10 |   2.0752128802326054e-03 |   2.0752128802326054e-03 | 1
 31, 11 |   2.4300974579824827e-03 |   2.4300974579824827e-03 | 1
 31, 12 |  -3.0409384069277659e-04 |  -3.0409384069277659e-04 | 1
 31, 13 |   4.0636897666186054e-04 |   4.0636897666186054e-04 | 1
 31, 14 |   1.3948945751973720e-02 |   1.3948945751973720e-02 | 1
 31, 15 |  -6.6587811701537122e-03 |  -6.6587811701537122e-03 | 1
 31, 16 |  -8.5554016105836381e-04 |  -8.5554016105836381e-04 | 1
 31, 17 |  -4.5603848639218139e-04 |  -4.5603848639218139e-04 | 1
 31, 18 |   9.9405708091326265e-04 |   9.9405708091326265e-04 | 1
 31, 19 |   4.6007534373640876e-03 |   4.6007534373640876e-03 | 1
 31, 20 |   3.8539243327326061e-04 |   3.8539243327326061e-04 | 1
 31, 21 |  -2.2553177719805754e-02 |  -2.2553177719805754e-02 | 1
 31, 22 |   3.1437296378383960e-02 |   3.1437296378383960e-02 | 1
 31, 23 |  -1.5383688662658750e-02 |  -1.5383688662658750e-02 | 1
 31, 24 |   4.1700737736173575e-03 |   4.1700737736173575e-03 | 1
 31, 25 |   8.3486550960537101e-03 |   8.3486550960537101e-03 | 1
 31, 26 |  -5.4939358373976548e-03 |  -5.4939358373976548e-03 | 1
 31, 27 |   3.1196143996264816e-04 |   3.1196143996264816e-04 | 1
 31, 28 |   2.8720145745922514e-03 |   2.8720145745922514e-03 | 1
 31, 29 |   8.5939469310057394e-03 |   8.5939469310057394e-03 | 1
 31, 30 |   3.8693507820002272e-04 |   3.8693507820002272e-04 | 1
 31, 31 |   3.3454959429902911e-02 |   3.3454959429902911e-02 | 1
 31, 32 |   1.7343793332652230e-03 |   1.7343793332652230e-03 | 1
 31, 33 |   2.3795840475933075e-03 |   2.3795840475933075e-03 | 1
 31, 34 |   2.4972354382778710e-03 |   2.4972354382778710e-03 | 1
 31, 35 |  -1.9242932408761911e-03 |  -1.9242932408761911e-03 | 1
 31, 36 |  -4.4417110426026498e-03 |  -4.4417110426026498e-03 | 1
 31, 37 |  -5.0298913778772866e-03 |  -5.0298913778772866e-03 | 1
 31, 38 |  -3.5906413193421867e-03 |  -3.5906413193421867e-03 | 1
 31, 39 |   5.2246116676103998e-03 |   5.2246116676103998e-03 | 1
 31, 40 |  -2.2750898875745127e-03 |  -2.2750898875745127e-03 | 1
 32,  1 |   6.7548211227405044e-04 |   6.7548211227405044e-04 | 1
 32,  2 |  -3.6162963207268303e-05 |  -3.6162963207268303e-05 | 1
 32,  3 |   8.4636474562154688e-04 |   8.4636474562154688e-04 | 1
 32,  4 |   5.1336924858595744e-04 |   5.1336924858595744e-04 | 1
 32,  5 |   4.6485691679989992e-04 |   4.6485691679989992e-04 | 1
 32,  6 |   1.1538220195512372e-03 |   1.1538220195512372e-03 | 1
 32,  7 |   1.4819851248960723e-03 |   1.4819851248960723e-03 | 1
 32,  8 |   5.6276333750271174e-04 |   5.6276333750271174e-04 | 1
 32,  9 |   1.1150282769464446e-03 |   1.1150282769464446e-03 | 1
 32, 10 |  -1.5195495424040462e-05 |  -1.5195495424040462e-05 | 1
 32, 11 |   5.1765682550540841e-04 |   5.1765682550540841e-04 | 1
 32, 12 |  -4.2624153256250337e-04 |  -4.2624153256250337e-04 | 1
 32, 13 |   7.6384749272128804e-04 |   7.6384749272128804e-04 | 1
 32, 14 |   1.6313378888211110e-03 |   1.6313378888211110e-03 | 1
 32, 15 |   2.6984280797810985e-03 |   2.6984280797810985e-03 | 1
 32, 16 |   3.6098175341674676e-04 |   3.6098175341674676e-04 | 1
 32, 17 |   3.3971707907160762e-04 |   3.3971707907160762e-04 | 1
 32, 18 |  -4.6727019932338586e-04 |  -4.6727019932338586e-04 | 1
 32, 19 |   8.7271432755576931e-04 |   8.7271432755576931e-04 | 1
 32, 20 |   5.8804371896801631e-04 |   5.8804371896801631e-04 | 1
 32, 21 |  -1.4035956168471733e-03 |  -1.4035956168471733e-03 | 1
 32, 22 |   1.9942091496438739e-03 |   1.9942091496438739e-03 | 1
 32, 23 |   1.2544839371196803e-03 |   1.2544839371196803e-03 | 1
 32, 24 |   1.4540358340993413e-03 |   1.4540358340993413e-03 | 1
 32, 25 |   8.3171961102066459e-04 |   8.3171961102066459e-04 | 1
 32, 26 |   1.0253806254126535e-03 |   1.0253806254126535e-03 | 1
 32, 27 |   5.1331042103490302e-04 |   5.1331042103490302e-04 | 1
 32, 28 |   9.5558404730019717e-04 |   9.5558404730019717e-04 | 1
 32, 29 |   2.0851636082813482e-03 |   2.0851636082813482e-03 | 1
 32, 30 |   1.2563536605309730e-03 |   1.2563536605309730e-03 | 1
 32, 31 |   1.7343793332652230e-03 |   1.7343793332652230e-03 | 1
 32, 32 |   6.9492364661600527e-04 |   6.9492364661600527e-04 | 1
 32, 33 |  -1.1958962330026505e-03 |  -1.1958962330026505e-03 | 1
 32, 34 |   1.0064010118911314e-03 |   1.0064010118911314e-03 | 1
 32, 35 |  -1.1480577871470650e-04 |  -1.1480577871470650e-04 | 1
 32, 36 |  -6.6264353111873393e-04 |  -6.6264353111873393e-04 | 1
 32, 37 |  -8.9599204573446393e-04 |  -8.9599204573446393e-04 | 1
 32, 38 |  -1.1389996081711600e-03 |  -1.1389996081711600e-03 | 1
 32, 39 |   1.0465461605457715e-03 |   1.0465461605457715e-03 | 1
 32, 40 |  -2.0057057916341036e-04 |  -2.0057057916341036e-04 | 1
 33,  1 |   1.7157782443900738e-03 |   1.7157782443900738e-03 | 1
 33,  2 |  -1.1637221108189814e-03 |  -1.1637221108189814e-03 | 1
 33,  3 |   3.9129630273884598e-03 |   3.9129630273884598e-03 | 1
 33,  4 |   3.8354493740152991e-03 |   3.8354493740152991e-03 | 1
 33,  5 |   3.3087161894178631e-03 |   3.3087161894178631e-03 | 1
 33,  6 |  -6.7925048344022170e-03 |  -6.7925048344022170e-03 | 1
 33,  7 |   4.6625826243678874e-03 |   4.6625826243678874e-03 | 1
 33,  8 |   4.8557625102714531e-03 |   4.8557625102714531e-03 | 1
 33,  9 |   8.1535418040963809e-04 |   8.1535418040963809e-04 | 1
 33, 10 |  -3.2080014147485331e-04 |  -3.2080014147485331e-04 | 1
 33, 11 |  -8.3513323785536003e-04 |  -8.3513323785536003e-04 | 1
 33, 12 |   5.6043807714829062e-03 |   5.6043807714829062e-03 | 1
 33, 13 |   8.8239241943269577e-03 |   8.8239241943269577e-03 | 1
 33, 14 |   1.3822849609650952e-03 |   1.3822849609650952e-03 | 1
 33, 15 |  -4.9411352259555816e-03 |  -4.9411352259555816e-03 | 1
 33, 16 |   1.8429148645646969e-03 |   1.8429148645646969e-03 | 1
 33, 17 |  -1.1995386814457194e-05 |  -1.1995386814457194e-05 | 1
 33, 18 |   7.8925033762633004e-03 |   7.8925033762633004e-03 | 1
 33, 19 |   6.0001628705622576e-03 |   6.0001628705622576e-03 | 1
 33, 20 |   5.6174454835468696e-03 |   5.6174454835468696e-03 | 1
 33, 21 |  -5.2117049392524303e-03 |  -5.2117049392524303e-03 | 1
 33, 22 |  -5.8851745049516022e-03 |  -5.8851745049516022e-03 | 1
 33, 23 |  -8.3207991292154129e-03 |  -8.3207991292154129e-03 | 1
 33, 24 |   4.2934253824233716e-03 |   4.2934253824233716e-03 | 1
 33, 25 |  -5.3293652515204321e-03 |  -5.3293652515204321e-03 | 1
 33, 26 |  -1.5861791049706128e-02 |  -1.5861791049706128e-02 | 1
 33, 27 |   6.3554062409091859e-03 |   6.3554062409091859e-03 | 1
 33, 28 |   1.8776792644910542e-03 |   1.8776792644910542e-03 | 1
 33, 29 |   6.3696501580432765e-03 |   6.3696501580432765e-03 | 1
 33, 30 |   1.9736888746473896e-03 |   1.9736888746473896e-03 | 1
 33, 31 |   2.3795840475933075e-03 |   2.3795840475933075e-03 | 1
 33, 32 |  -1.1958962330026505e-03 |  -1.1958962330026505e-03 | 1
 33, 33 |   1.6323026647116462e-02 |   1.6323026647116462e-02 | 1
 33, 34 |  -1.1155901714637356e-03 |  -1.1155901714637356e-03 | 1
 33, 35 |  -3.9127126365239950e-04 |  -3.9127126365239950e-04 | 1
 33, 36 |  -1.1182276584177321e-03 |  -1.1182276584177321e-03 | 1
 33, 37 |  -1.2583162066758856e-03 |  -1.2583162066758856e-03 | 1
 33, 38 |  -7.5915134730030983e-04 |  -7.5915134730030983e-04 | 1
 33, 39 |   1.4788892277512126e-03 |   1.4788892277512126e-03 | 1
 33, 40 |   2.0531138258951449e-03 |   2.0531138258951449e-03 | 1
 34,  1 |   1.2975352662185718e-03 |   1.2975352662185718e-03 | 1
 34,  2 |  -8.5396068985340905e-06 |  -8.5396068985340905e-06 | 1
 34,  3 |   2.9651799884176100e-03 |   2.9651799884176100e-03 | 1
 34,  4 |   1.6702773841938911e-03 |   1.6702773841938911e-03 | 1
 34,  5 |   8.2907299997809342e-04 |   8.2907299997809342e-04 | 1
 34,  6 |   2.0813267332637263e-03 |   2.0813267332637263e-03 | 1
 34,  7 |   3.2310439896744551e-03 |   3.2310439896744551e-03 | 1
 34,  8 |   9.6262858381351585e-04 |   9.6262858381351585e-04 | 1
 34,  9 |   3.9412081957189062e-03 |   3.9412081957189062e-03 | 1
 34, 10 |  -3.3392149817523949e-04 |  -3.3392149817523949e-04 | 1
 34, 11 |   1.1217198077727265e-03 |   1.1217198077727265e-03 | 1
 34, 12 |   1.6211423475810771e-03 |   1.6211423475810771e-03 | 1
 34, 13 |   1.1183269770387045e-03 |   1.1183269770387045e-03 | 1
 34, 14 |   3.6799726549645345e-03 |   3.6799726549645345e-03 | 1
 34, 15 |   1.5472233908313321e-03 |   1.5472233908313321e-03 | 1
 34, 16 |   1.0330475086442010e-03 |   1.0330475086442010e-03 | 1
 34, 17 |   1.7272145445720458e-03 |   1.7272145445720458e-03 | 1
 34, 18 |   9.5469074946562509e-06 |   9.5469074946562509e-06 | 1
 34, 19 |   2.8835332926549417e-03 |   2.8835332926549417e-03 | 1
 34, 20 |   1.4521613118934321e-03 |   1.4521613118934321e-03 | 1
 34, 21 |  -1.6557068446204403e-03 |  -1.6557068446204403e-03 | 1
 34, 22 |   2.2613553764555712e-03 |   2.2613553764555712e-03 | 1
 34, 23 |   8.6078522394339397e-04 |   8.6078522394339397e-04 | 1
 34, 24 |   3.5537848269080810e-03 |   3.5537848269080810e-03 | 1
 34, 25 |   2.2719398008703949e-03 |   2.2719398008703949e-03 | 1
 34, 26 |   3.3390302686716620e-03 |   3.3390302686716620e-03 | 1
 34, 27 |   1.1972914129818114e-03 |   1.1972914129818114e-03 | 1
 34, 28 |   1.8605628149976823e-03 |   1.8605628149976823e-03 | 1
 34, 29 |   3.9203719076631909e-03 |   3.9203719076631909e-03 | 1
 34, 30 |   2.4900540941995659e-03 |   2.4900540941995659e-03 | 1
 34, 31 |   2.4972354382778710e-03 |   2.4972354382778710e-03 | 1
 34, 32 |   1.0064010118911314e-03 |   1.0064010118911314e-03 | 1
 34, 33 |  -1.1155901714637356e-03 |  -1.1155901714637356e-03 | 1
 34, 34 |   2.5419668049571176e-03 |   2.5419668049571176e-03 | 1
 34, 35 |  -6.1600411550747909e-04 |  -6.1600411550747909e-04 | 1
 34, 36 |  -1.6149669289557630e-03 |  -1.6149669289557630e-03 | 1
 34, 37 |  -1.6972588201685406e-03 |  -1.6972588201685406e-03 | 1
 34, 38 |  -2.2514108999603308e-03 |  -2.2514108999603308e-03 | 1
 34, 39 |   2.2829989763739791e-03 |   2.2829989763739791e-03 | 1
 34, 40 |   1.4813298906870797e-04 |   1.4813298906870797e-04 | 1
 35,  1 |  -9.3760137086392760e-04 |  -9.3760137086392760e-04 | 1
 35,  2 |  -1.3486278913279687e-03 |  -1.3486278913279687e-03 | 1
 35,  3 |  -1.8470986956410732e-04 |  -1.8470986956410732e-04 | 1
 35,  4 |  -1.0221832205152429e-03 |  -1.0221832205152429e-03 | 1
 35,  5 |  -1.3401016142432672e-03 |  -1.3401016142432672e-03 | 1
 35,  6 |  -3.3494540299170751e-04 |  -3.3494540299170751e-04 | 1
 35,  7 |  -1.8908946290848647e-03 |  -1.8908946290848647e-03 | 1
 35,  8 |  -2.3974110579459289e-04 |  -2.3974110579459289e-04 | 1
 35,  9 |  -1.1459659113945799e-03 |  -1.1459659113945799e-03 | 1
 35, 10 |   7.4437715656321905e-04 |   7.4437715656321905e-04 | 1
 35, 11 |  -6.6283408443379562e-04 |  -6.6283408443379562e-04 | 1
 35, 12 |   1.5375578194015205e-04 |   1.5375578194015205e-04 | 1
 35, 13 |   1.0724134340855075e-03 |   1.0724134340855075e-03 | 1
 35, 14 |  -1.9270406819165645e-03 |  -1.9270406819165645e-03 | 1
 35, 15 |   1.8494433245056169e-03 |   1.8494433245056169e-03 | 1
 35, 16 |   3.2721036700091575e-04 |   3.2721036700091575e-04 | 1
 35, 17 |  -1.3303780291210074e-03 |  -1.3303780291210074e-03 | 1
 35, 18 |  -4.4650257174601001e-04 |  -4.4650257174601001e-04 | 1
 35, 19 |  -4.0430999923552792e-04 |  -4.0430999923552792e-04 | 1
 35, 20 |  -4.3060506206348453e-04 |  -4.3060506206348453e-04 | 1
 35, 21 |   1.9895492878930186e-03 |   1.9895492878930186e-03 | 1
 35, 22 |  -1.0614528592374655e-03 |  -1.0614528592374655e-03 | 1
 35, 23 |  -2.6598261264073357e-03 |  -2.6598261264073357e-03 | 1
 35, 24 |  -2.2860433479425864e-03 |  -2.2860433479425864e-03 | 1
 35, 25 |  -1.5967266667767975e-03 |  -1.5967266667767975e-03 | 1
 35, 26 |  -2.3728310919143292e-03 |  -2.3728310919143292e-03 | 1
 35, 27 |   5.5192371448013484e-04 |   5.5192371448013484e-04 | 1
 35, 28 |  -4.1156293113065872e-04 |  -4.1156293113065872e-04 | 1
 35, 29 |  -1.6893637978217053e-03 |  -1.6893637978217053e-03 | 1
 35, 30 |  -6.1322946899474481e-04 |  -6.1322946899474481e-04 | 1
 35, 31 |  -1.9242932408761911e-03 |  -1.9242932408761911e-03 | 1
 35, 32 |  -1.1480577871470650e-04 |  -1.1480577871470650e-04 | 1
 35, 33 |  -3.9127126365239950e-04 |  -3.9127126365239950e-04 | 1
 35, 34 |  -6.1600411550747909e-04 |  -6.1600411550747909e-04 | 1
 35, 35 |   1.1841960943041162e-03 |   1.1841960943041162e-03 | 1
 35, 36 |   9.7524125454095468e-04 |   9.7524125454095468e-04 | 1
 35, 37 |   1.0274332040273882e-03 |   1.0274332040273882e-03 | 1
 35, 38 |   9.5849040650776570e-04 |   9.5849040650776570e-04 | 1
 35, 39 |  -1.1206303138038814e-03 |  -1.1206303138038814e-03 | 1
 35, 40 |  -4.0037578103292655e-04 |  -4.0037578103292655e-04 | 1
 36,  1 |  -1.8388481395075643e-03 |  -1.8388481395075643e-03 | 1
 36,  2 |  -4.6383378262489228e-04 |  -4.6383378262489228e-04 | 1
 36,  3 |  -1.6453450861776205e-03 |  -1.6453450861776205e-03 | 1
 36,  4 |  -1.9363055915224236e-03 |  -1.9363055915224236e-03 | 1
 36,  5 |  -1.7492919104533846e-03 |  -1.7492919104533846e-03 | 1
 36,  6 |  -7.9286077523977000e-04 |  -7.9286077523977000e-04 | 1
 36,  7 |  -2.8430824718173129e-03 |  -2.8430824718173129e-03 | 1
 36,  8 |  -1.1107265265037840e-03 |  -1.1107265265037840e-03 | 1
 36,  9 |  -2.4797698072737055e-03 |  -2.4797698072737055e-03 | 1
 36, 10 |  -2.3746488944793688e-04 |  -2.3746488944793688e-04 | 1
 36, 11 |  -1.0777879019619237e-03 |  -1.0777879019619237e-03 | 1
 36, 12 |  -1.1579844806773960e-03 |  -1.1579844806773960e-03 | 1
 36, 13 |  -9.7772708429201462e-04 |  -9.7772708429201462e-04 | 1
 36, 14 |  -2.8530092942943602e-03 |  -2.8530092942943602e-03 | 1
 36, 15 |  -4.9347825710071330e-06 |  -4.9347825710071330e-06 | 1
 36, 16 |  -6.1980380225125516e-04 |  -6.1980380225125516e-04 | 1
 36, 17 |  -1.7404234455775124e-03 |  -1.7404234455775124e-03 | 1
 36, 18 |  -1.2024147369849303e-03 |  -1.2024147369849303e-03 | 1
 36, 19 |  -2.1557180958499495e-03 |  -2.1557180958499495e-03 | 1
 36, 20 |  -1.2505562582969341e-03 |  -1.2505562582969341e-03 | 1
 36, 21 |   2.4814515106104974e-03 |   2.4814515106104974e-03 | 1
 36, 22 |  -3.2228847588889427e-03 |  -3.2228847588889427e-03 | 1
 36, 23 |  -3.6979253025821399e-04 |  -3.6979253025821399e-04 | 1
 36, 24 |  -4.1503043854871323e-03 |  -4.1503043854871323e-03 | 1
 36, 25 |  -1.9084589363294589e-03 |  -1.9084589363294589e-03 | 1
 36, 26 |  -5.5617060549946907e-04 |  -5.5617060549946907e-04 | 1
 36, 27 |  -1.1681625743082762e-03 |  -1.1681625743082762e-03 | 1
 36, 28 |  -1.3979270902007125e-03 |  -1.3979270902007125e-03 | 1
 36, 29 |  -4.5274472370581149e-03 |  -4.5274472370581149e-03 | 1
 36, 30 |  -2.0969323969058078e-03 |  -2.0969323969058078e-03 | 1
 36, 31 |  -4.4417110426026498e-03 |  -4.4417110426026498e-03 | 1
 36, 32 |  -6.6264353111873393e-04 |  -6.6264353111873393e-04 | 1
 36, 33 |  -1.1182276584177321e-03 |  -1.1182276584177321e-03 | 1
 36, 34 |  -1.6149669289557630e-03 |  -1.6149669289557630e-03 | 1
 36, 35 |   9.7524125454095468e-04 |   9.7524125454095468e-04 | 1
 36, 36 |   1.7766853871986940e-03 |   1.7766853871986940e-03 | 1
 36, 37 |   2.0725148837704129e-03 |   2.0725148837704129e-03 | 1
 36, 38 |   2.1900869366041700e-03 |   2.1900869366041700e-03 | 1
 36, 39 |  -2.3002611414060384e-03 |  -2.3002611414060384e-03 | 1
 36, 40 |  -4.1137337740792309e-04 |  -4.1137337740792309e-04 | 1
 37,  1 |  -2.1568568394959176e-03 |  -2.1568568394959176e-03 | 1
 37,  2 |  -6.6714765580436002e-04 |  -6.6714765580436002e-04 | 1
 37,  3 |  -1.4024423983970624e-03 |  -1.4024423983970624e-03 | 1
 37,  4 |  -1.9362311338251179e-03 |  -1.9362311338251179e-03 | 1
 37,  5 |  -3.3261810407473179e-03 |  -3.3261810407473179e-03 | 1
 37,  6 |  -1.1923415807311077e-03 |  -1.1923415807311077e-03 | 1
 37,  7 |  -2.3142272450153022e-03 |  -2.3142272450153022e-03 | 1
 37,  8 |  -1.4747420072080738e-03 |  -1.4747420072080738e-03 | 1
 37,  9 |  -1.3666242912508441e-03 |  -1.3666242912508441e-03 | 1
 37, 10 |  -1.5772465885145401e-03 |  -1.5772465885145401e-03 | 1
 37, 11 |  -1.3194326390224835e-03 |  -1.3194326390224835e-03 | 1
 37, 12 |  -5.2654379202213449e-04 |  -5.2654379202213449e-04 | 1
 37, 13 |  -1.6093270713637827e-03 |  -1.6093270713637827e-03 | 1
 37, 14 |  -3.0328267322392542e-03 |  -3.0328267322392542e-03 | 1
 37, 15 |  -2.7173260708789849e-03 |  -2.7173260708789849e-03 | 1
 37, 16 |  -8.6100856973211936e-04 |  -8.6100856973211936e-04 | 1
 37, 17 |  -2.0972758567787755e-03 |  -2.0972758567787755e-03 | 1
 37, 18 |  -1.6351847980085373e-03 |  -1.6351847980085373e-03 | 1
 37, 19 |  -1.9553208880460950e-03 |  -1.9553208880460950e-03 | 1
 37, 20 |  -1.0795718135099826e-03 |  -1.0795718135099826e-03 | 1
 37, 21 |   2.4010598428200192e-03 |   2.4010598428200192e-03 | 1
 37, 22 |  -3.3632473298265131e-03 |  -3.3632473298265131e-03 | 1
 37, 23 |  -3.3612332944263319e-04 |  -3.3612332944263319e-04 | 1
 37, 24 |  -5.1394041656049952e-03 |  -5.1394041656049952e-03 | 1
 37, 25 |  -1.1216503992676386e-03 |  -1.1216503992676386e-03 | 1
 37, 26 |   1.4675979512663237e-03 |   1.4675979512663237e-03 | 1
 37, 27 |  -2.0987665220834756e-03 |  -2.0987665220834756e-03 | 1
 37, 28 |  -1.4085122589146553e-03 |  -1.4085122589146553e-03 | 1
 37, 29 |  -5.4023156966815878e-03 |  -5.4023156966815878e-03 | 1
 37, 30 |  -2.9866377830987762e-03 |  -2.9866377830987762e-03 | 1
 37, 31 |  -5.0298913778772866e-03 |  -5.0298913778772866e-03 | 1
 37, 32 |  -8.9599204573446393e-04 |  -8.9599204573446393e-04 | 1
 37, 33 |  -1.2583162066758856e-03 |  -1.2583162066758856e-03 | 1
 37, 34 |  -1.6972588201685406e-03 |  -1.6972588201685406e-03 | 1
 37, 35 |   1.0274332040273882e-03 |   1.0274332040273882e-03 | 1
 37, 36 |   2.0725148837704129e-03 |   2.0725148837704129e-03 | 1
 37, 37 |   2.7971159477012644e-03 |   2.7971159477012644e-03 | 1
 37, 38 |   2.8174611827115449e-03 |   2.8174611827115449e-03 | 1
 37, 39 |  -2.6126285534115944e-03 |  -2.6126285534115944e-03 | 1
 37, 40 |  -6.1343949448074034e-04 |  -6.1343949448074034e-04 | 1
 38,  1 |  -2.6496632359060751e-03 |  -2.6496632359060751e-03 | 1
 38,  2 |  -8.3652860452086827e-04 |  -8.3652860452086827e-04 | 1
 38,  3 |  -2.9240154236759883e-03 |  -2.9240154236759883e-03 | 1
 38,  4 |  -2.1442161296363121e-03 |  -2.1442161296363121e-03 | 1
 38,  5 |  -1.3995750716937071e-03 |  -1.3995750716937071e-03 | 1
 38,  6 |  -1.0923854968470665e-03 |  -1.0923854968470665e-03 | 1
 38,  7 |  -2.8229000369382048e-03 |  -2.8229000369382048e-03 | 1
 38,  8 |  -2.4221374166432602e-03 |  -2.4221374166432602e-03 | 1
 38,  9 |  -3.8707234063313292e-03 |  -3.8707234063313292e-03 | 1
 38, 10 |  -1.4177075477471959e-03 |  -1.4177075477471959e-03 | 1
 38, 11 |  -1.4400489498545639e-03 |  -1.4400489498545639e-03 | 1
 38, 12 |  -1.2067283745298618e-03 |  -1.2067283745298618e-03 | 1
 38, 13 |  -2.8516884925876337e-03 |  -2.8516884925876337e-03 | 1
 38, 14 |  -3.0259487981654093e-03 |  -3.0259487981654093e-03 | 1
 38, 15 |  -3.7483687747409439e-03 |  -3.7483687747409439e-03 | 1
 38, 16 |  -8.1712296286166853e-04 |  -8.1712296286166853e-04 | 1
 38, 17 |  -2.6275515787381942e-03 |  -2.6275515787381942e-03 | 1
 38, 18 |  -6.6181841893201755e-04 |  -6.6181841893201755e-04 | 1
 38, 19 |  -2.9218381382147404e-03 |  -2.9218381382147404e-03 | 1
 38, 20 |  -2.0721409239795189e-03 |  -2.0721409239795189e-03 | 1
 38, 21 |   1.1395452189346073e-03 |   1.1395452189346073e-03 | 1
 38, 22 |  -1.1966420895750140e-03 |  -1.1966420895750140e-03 | 1
 38, 23 |  -8.7374757425724865e-04 |  -8.7374757425724865e-04 | 1
 38, 24 |  -5.9935123554088268e-03 |  -5.9935123554088268e-03 | 1
 38, 25 |  -2.1412359832268472e-03 |  -2.1412359832268472e-03 | 1
 38, 26 |  -1.6263586448223861e-03 |  -1.6263586448223861e-03 | 1
 38, 27 |  -1.5546042542047339e-03 |  -1.5546042542047339e-03 | 1
 38, 28 |  -2.1067475090116540e-03 |  -2.1067475090116540e-03 | 1
 38, 29 |  -5.8450018465936353e-03 |  -5.8450018465936353e-03 | 1
 38, 30 |  -3.4827476084243400e-03 |  -3.4827476084243400e-03 | 1
 38, 31 |  -3.5906413193421867e-03 |  -3.5906413193421867e-03 | 1
 38, 32 |  -1.1389996081711600e-03 |  -1.1389996081711600e-03 | 1
 38, 33 |  -7.5915134730030983e-04 |  -7.5915134730030983e-04 | 1
 38, 34 |  -2.2514108999603308e-03 |  -2.2514108999603308e-03 | 1
 38, 35 |   9.5849040650776570e-04 |   9.5849040650776570e-04 | 1
 38, 36 |   2.1900869366041700e-03 |   2.1900869366041700e-03 | 1
 38, 37 |   2.8174611827115449e-03 |   2.8174611827115449e-03 | 1
 38, 38 |   3.4051757762531996e-03 |   3.4051757762531996e-03 | 1
 38, 39 |  -3.1223050624785993e-03 |  -3.1223050624785993e-03 | 1
 38, 40 |  -5.5587502127232868e-04 |  -5.5587502127232868e-04 | 1
 39,  1 |   3.1167600203847374e-03 |   3.1167600203847374e-03 | 1
 39,  2 |   5.3117932284512748e-04 |   5.3117932284512748e-04 | 1
 39,  3 |   2.9483988306066482e-03 |   2.9483988306066482e-03 | 1
 39,  4 |   2.8114125553945703e-03 |   2.8114125553945703e-03 | 1
 39,  5 |   1.8153862556279619e-03 |   1.8153862556279619e-03 | 1
 39,  6 |   9.2988393074659183e-04 |   9.2988393074659183e-04 | 1
 39,  7 |   5.8210000821915164e-03 |   5.8210000821915164e-03 | 1
 39,  8 |   2.2242327495214272e-03 |   2.2242327495214272e-03 | 1
 39,  9 |   5.7599344082375362e-03 |   5.7599344082375362e-03 | 1
 39, 10 |  -2.3375666710837229e-04 |  -2.3375666710837229e-04 | 1
 39, 11 |   1.3568068831064130e-03 |   1.3568068831064130e-03 | 1
 39, 12 |   2.0979169337984761e-03 |   2.0979169337984761e-03 | 1
 39, 13 |   2.8268494970090292e-03 |   2.8268494970090292e-03 | 1
 39, 14 |   3.6634170918554989e-03 |   3.6634170918554989e-03 | 1
 39, 15 |   3.1201973001186503e-03 |   3.1201973001186503e-03 | 1
 39, 16 |   9.1704592644246377e-04 |   9.1704592644246377e-04 | 1
 39, 17 |   2.3474884488329318e-03 |   2.3474884488329318e-03 | 1
 39, 18 |   1.2274763764593423e-03 |   1.2274763764593423e-03 | 1
 39, 19 |   3.4448510345357775e-03 |   3.4448510345357775e-03 | 1
 39, 20 |   3.3239451921907382e-03 |   3.3239451921907382e-03 | 1
 39, 21 |  -2.8023870561663857e-03 |  -2.8023870561663857e-03 | 1
 39, 22 |   4.6793926001614042e-03 |   4.6793926001614042e-03 | 1
 39, 23 |   1.0444937880470235e-03 |   1.0444937880470235e-03 | 1
 39, 24 |   5.3802967522879556e-03 |   5.3802967522879556e-03 | 1
 39, 25 |   2.8455853208079014e-03 |   2.8455853208079014e-03 | 1
 39, 26 |   2.1380731595166368e-03 |   2.1380731595166368e-03 | 1
 39, 27 |   8.7261838557185355e-04 |   8.7261838557185355e-04 | 1
 39, 28 |   3.1206772223387295e-03 |   3.1206772223387295e-03 | 1
 39, 29 |   6.3336602010901156e-03 |   6.3336602010901156e-03 | 1
 39, 30 |   2.8800116856224352e-03 |   2.8800116856224352e-03 | 1
 39, 31 |   5.2246116676103998e-03 |   5.2246116676103998e-03 | 1
 39, 32 |   1.0465461605457715e-03 |   1.0465461605457715e-03 | 1
 39, 33 |   1.4788892277512126e-03 |   1.4788892277512126e-03 | 1
 39, 34 |   2.2829989763739791e-03 |   2.2829989763739791e-03 | 1
 39, 35 |  -1.1206303138038814e-03 |  -1.1206303138038814e-03 | 1
 39, 36 |  -2.3002611414060384e-03 |  -2.3002611414060384e-03 | 1
 39, 37 |  -2.6126285534115944e-03 |  -2.6126285534115944e-03 | 1
 39, 38 |  -3.1223050624785993e-03 |  -3.1223050624785993e-03 | 1
 39, 39 |   3.5631130859910803e-03 |   3.5631130859910803e-03 | 1
 39, 40 |   9.0769584196672787e-07 |   9.0769584196672787e-07 | 1
 40,  1 |  -5.0359806651033832e-04 |  -5.0359806651033832e-04 | 1
 40,  2 |   8.5913426155079351e-04 |   8.5913426155079351e-04 | 1
 40,  3 |   1.2558914014556613e-05 |   1.2558914014556613e-05 | 1
 40,  4 |   1.1295471271302444e-04 |   1.1295471271302444e-04 | 1
 40,  5 |  -1.5702383015706343e-04 |  -1.5702383015706343e-04 | 1
 40,  6 |  -3.3805748472476332e-04 |  -3.3805748472476332e-04 | 1
 40,  7 |  -1.0639715279700934e-03 |  -1.0639715279700934e-03 | 1
 40,  8 |   6.5177724392881224e-04 |   6.5177724392881224e-04 | 1
 40,  9 |  -1.4874085491619099e-03 |  -1.4874085491619099e-03 | 1
 40, 10 |   9.6729121881376171e-04 |   9.6729121881376171e-04 | 1
 40, 11 |   1.5265195605671081e-04 |   1.5265195605671081e-04 | 1
 40, 12 |   1.4579156408018174e-03 |   1.4579156408018174e-03 | 1
 40, 13 |   4.6682166262947020e-04 |   4.6682166262947020e-04 | 1
 40, 14 |  -1.0208048798913923e-03 |  -1.0208048798913923e-03 | 1
 40, 15 |  -2.3941253965122098e-03 |  -2.3941253965122098e-03 | 1
 40, 16 |   4.5782049545669320e-04 |   4.5782049545669320e-04 | 1
 40, 17 |   1.8487959275559845e-04 |   1.8487959275559845e-04 | 1
 40, 18 |   1.5445424168154095e-03 |   1.5445424168154095e-03 | 1
 40, 19 |   3.5027874142966577e-05 |   3.5027874142966577e-05 | 1
 40, 20 |  -2.0476585669350849e-04 |  -2.0476585669350849e-04 | 1
 40, 21 |  -9.3576943708154081e-04 |  -9.3576943708154081e-04 | 1
 40, 22 |  -5.9316621695837818e-03 |  -5.9316621695837818e-03 | 1
 40, 23 |  -5.7753873303920209e-04 |  -5.7753873303920209e-04 | 1
 40, 24 |   3.1753235291232568e-03 |   3.1753235291232568e-03 | 1
 40, 25 |  -1.3049491182254905e-03 |  -1.3049491182254905e-03 | 1
 40, 26 |  -2.2250433111875020e-04 |  -2.2250433111875020e-04 | 1
 40, 27 |   9.9514641096845602e-04 |   9.9514641096845602e-04 | 1
 40, 28 |  -5.1516858924113471e-04 |  -5.1516858924113471e-04 | 1
 40, 29 |   1.6712284431395922e-03 |   1.6712284431395922e-03 | 1
 40, 30 |   1.4028603267491975e-03 |   1.4028603267491975e-03 | 1
 40, 31 |  -2.2750898875745127e-03 |  -2.2750898875745127e-03 | 1
 40, 32 |  -2.0057057916341036e-04 |  -2.0057057916341036e-04 | 1
 40, 33 |   2.0531138258951449e-03 |   2.0531138258951449e-03 | 1
 40, 34 |   1.4813298906870797e-04 |   1.4813298906870797e-04 | 1
 40, 35 |  -4.0037578103292655e-04 |  -4.0037578103292655e-04 | 1
 40, 36 |  -4.1137337740792309e-04 |  -4.1137337740792309e-04 | 1
 40, 37 |  -6.1343949448074034e-04 |  -6.1343949448074034e-04 | 1
 40, 38 |  -5.5587502127232868e-04 |  -5.5587502127232868e-04 | 1
 40, 39 |   9.0769584196672787e-07 |   9.0769584196672787e-07 | 1
 40, 40 |   1.9178061778770262e-03 |   1.9178061778770262e-03 | 1
