row,col | V_base                   | V_new                    | equal
  1,  1 |   3.9841848996820927e-03 |   3.9841848996820927e-03 | 1
  1,  2 |   1.6077512361047949e-03 |   1.6077512361047949e-03 | 1
  1,  3 |   0.0000000000000000e+00 |   0.0000000000000000e+00 | 1
  1,  4 |   2.6489320617737850e-03 |   2.6489320617737850e-03 | 1
  1,  5 |   0.0000000000000000e+00 |   0.0000000000000000e+00 | 1
  1,  6 |   0.0000000000000000e+00 |   0.0000000000000000e+00 | 1
  1,  7 |   0.0000000000000000e+00 |   0.0000000000000000e+00 | 1
  1,  8 |   3.1850562974285309e-03 |   3.1850562974285309e-03 | 1
  1,  9 |   5.0078848505986269e-03 |   5.0078848505986269e-03 | 1
  1, 10 |   0.0000000000000000e+00 |   0.0000000000000000e+00 | 1
  1, 11 |   0.0000000000000000e+00 |   0.0000000000000000e+00 | 1
  1, 12 |   1.3919795018432959e-03 |   1.3919795018432959e-03 | 1
  1, 13 |   0.0000000000000000e+00 |   0.0000000000000000e+00 | 1
  1, 14 |   0.0000000000000000e+00 |   0.0000000000000000e+00 | 1
  1, 15 |   0.0000000000000000e+00 |   0.0000000000000000e+00 | 1
  1, 16 |   1.8521062906422618e-03 |   1.8521062906422618e-03 | 1
  1, 17 |   3.4818109834182740e-03 |   3.4818109834182740e-03 | 1
  1, 18 |   0.0000000000000000e+00 |   0.0000000000000000e+00 | 1
  1, 19 |   0.0000000000000000e+00 |   0.0000000000000000e+00 | 1
  1, 20 |   0.0000000000000000e+00 |   0.0000000000000000e+00 | 1
  1, 21 |   0.0000000000000000e+00 |   0.0000000000000000e+00 | 1
  1, 22 |   0.0000000000000000e+00 |   0.0000000000000000e+00 | 1
  1, 23 |   0.0000000000000000e+00 |   0.0000000000000000e+00 | 1
  1, 24 |   5.5755359907465399e-03 |   5.5755359907465399e-03 | 1
  1, 25 |   0.0000000000000000e+00 |   0.0000000000000000e+00 | 1
  1, 26 |   0.0000000000000000e+00 |   0.0000000000000000e+00 | 1
  1, 27 |   0.0000000000000000e+00 |   0.0000000000000000e+00 | 1
  1, 28 |   3.5021396308071865e-03 |   3.5021396308071865e-03 | 1
  1, 29 |   0.0000000000000000e+00 |   0.0000000000000000e+00 | 1
  1, 30 |   0.0000000000000000e+00 |   0.0000000000000000e+00 | 1
  1, 31 |   6.1163103588820602e-03 |   6.1163103588820602e-03 | 1
  1, 32 |  -8.5702898603037250e-04 |  -8.5702898603037250e-04 | 1
  1, 33 |   0.0000000000000000e+00 |   0.0000000000000000e+00 | 1
  1, 34 |   4.6697423309405347e-03 |   4.6697423309405347e-03 | 1
  1, 35 |  -9.3462856358465102e-04 |  -9.3462856358465102e-04 | 1
  1, 36 |  -1.5965674310435504e-03 |  -1.5965674310435504e-03 | 1
  1, 37 |  -2.0067519993275332e-03 |  -2.0067519993275332e-03 | 1
  1, 38 |  -2.3675502361826277e-03 |  -2.3675502361826277e-03 | 1
  1, 39 |  -8.0878540786681163e-05 |  -8.0878540786681163e-05 | 1
  1, 40 |  -1.0650035469434668e-07 |  -1.0650035469434668e-07 | 1
  1, 41 |   2.9593943732731959e-03 |   2.9593943732731959e-03 | 1
  1, 42 |   8.4772738052190711e-04 |   8.4772738052190711e-04 | 1
  2,  1 |   1.6077512361047949e-03 |   1.6077512361047949e-03 | 1
  2,  2 |   5.1424799441539739e-03 |   5.1424799441539739e-03 | 1
  2,  3 |   0.0000000000000000e+00 |   0.0000000000000000e+00 | 1
  2,  4 |   1.4530270950718510e-03 |   1.4530270950718510e-03 | 1
  2,  5 |   0.0000000000000000e+00 |   0.0000000000000000e+00 | 1
  2,  6 |   0.0000000000000000e+00 |   0.0000000000000000e+00 | 1
  2,  7 |   0.0000000000000000e+00 |   0.0000000000000000e+00 | 1
  2,  8 |   2.8243494999138129e-03 |   2.8243494999138129e-03 | 1
  2,  9 |   1.0915324636388470e-03 |   1.0915324636388470e-03 | 1
  2, 10 |   0.0000000000000000e+00 |   0.0000000000000000e+00 | 1
  2, 11 |   0.0000000000000000e+00 |   0.0000000000000000e+00 | 1
  2, 12 |  -5.7208266263357769e-04 |  -5.7208266263357769e-04 | 1
  2, 13 |   0.0000000000000000e+00 |   0.0000000000000000e+00 | 1
  2, 14 |   0.0000000000000000e+00 |   0.0000000000000000e+00 | 1
  2, 15 |   0.0000000000000000e+00 |   0.0000000000000000e+00 | 1
  2, 16 |   2.3467562568108692e-03 |   2.3467562568108692e-03 | 1
  2, 17 |   3.6200892721714182e-03 |   3.6200892721714182e-03 | 1
  2, 18 |   0.0000000000000000e+00 |   0.0000000000000000e+00 | 1
  2, 19 |   0.0000000000000000e+00 |   0.0000000000000000e+00 | 1
  2, 20 |   0.0000000000000000e+00 |   0.0000000000000000e+00 | 1
  2, 21 |   0.0000000000000000e+00 |   0.0000000000000000e+00 | 1
  2, 22 |   0.0000000000000000e+00 |   0.0000000000000000e+00 | 1
  2, 23 |   0.0000000000000000e+00 |   0.0000000000000000e+00 | 1
  2, 24 |   5.8516648864968390e-03 |   5.8516648864968390e-03 | 1
  2, 25 |   0.0000000000000000e+00 |   0.0000000000000000e+00 | 1
  2, 26 |   0.0000000000000000e+00 |   0.0000000000000000e+00 | 1
  2, 27 |   0.0000000000000000e+00 |   0.0000000000000000e+00 | 1
  2, 28 |   2.1518046371145905e-03 |   2.1518046371145905e-03 | 1
  2, 29 |   0.0000000000000000e+00 |   0.0000000000000000e+00 | 1
  2, 30 |   0.0000000000000000e+00 |   0.0000000000000000e+00 | 1
  2, 31 |   4.6669047175543666e-04 |   4.6669047175543666e-04 | 1
  2, 32 |  -3.8650884896453130e-03 |  -3.8650884896453130e-03 | 1
  2, 33 |   0.0000000000000000e+00 |   0.0000000000000000e+00 | 1
  2, 34 |   5.6342763461134891e-03 |   5.6342763461134891e-03 | 1
  2, 35 |  -1.7465950141069440e-03 |  -1.7465950141069440e-03 | 1
  2, 36 |  -5.2979688329795954e-04 |  -5.2979688329795954e-04 | 1
  2, 37 |  -9.0475545478115775e-04 |  -9.0475545478115775e-04 | 1
  2, 38 |  -8.3425607002942726e-04 |  -8.3425607002942726e-04 | 1
  2, 39 |  -1.5935787173046375e-04 |  -1.5935787173046375e-04 | 1
  2, 40 |  -2.6915712075928689e-07 |  -2.6915712075928689e-07 | 1
  2, 41 |   9.1834898360597947e-04 |   9.1834898360597947e-04 | 1
  2, 42 |   4.4053186742608772e-03 |   4.4053186742608772e-03 | 1
  3,  1 |   0.0000000000000000e+00 |   0.0000000000000000e+00 | 1
  3,  2 |   0.0000000000000000e+00 |   0.0000000000000000e+00 | 1
  3,  3 |   0.0000000000000000e+00 |   0.0000000000000000e+00 | 1
  3,  4 |   0.0000000000000000e+00 |   0.0000000000000000e+00 | 1
  3,  5 |   0.0000000000000000e+00 |   0.0000000000000000e+00 | 1
  3,  6 |   0.0000000000000000e+00 |   0.0000000000000000e+00 | 1
  3,  7 |   0.0000000000000000e+00 |   0.0000000000000000e+00 | 1
  3,  8 |   0.0000000000000000e+00 |   0.0000000000000000e+00 | 1
  3,  9 |   0.0000000000000000e+00 |   0.0000000000000000e+00 | 1
  3, 10 |   0.0000000000000000e+00 |   0.0000000000000000e+00 | 1
  3, 11 |   0.0000000000000000e+00 |   0.0000000000000000e+00 | 1
  3, 12 |   0.0000000000000000e+00 |   0.0000000000000000e+00 | 1
  3, 13 |   0.0000000000000000e+00 |   0.0000000000000000e+00 | 1
  3, 14 |   0.0000000000000000e+00 |   0.0000000000000000e+00 | 1
  3, 15 |   0.0000000000000000e+00 |   0.0000000000000000e+00 | 1
  3, 16 |   0.0000000000000000e+00 |   0.0000000000000000e+00 | 1
  3, 17 |   0.0000000000000000e+00 |   0.0000000000000000e+00 | 1
  3, 18 |   0.0000000000000000e+00 |   0.0000000000000000e+00 | 1
  3, 19 |   0.0000000000000000e+00 |   0.0000000000000000e+00 | 1
  3, 20 |   0.0000000000000000e+00 |   0.0000000000000000e+00 | 1
  3, 21 |   0.0000000000000000e+00 |   0.0000000000000000e+00 | 1
  3, 22 |   0.0000000000000000e+00 |   0.0000000000000000e+00 | 1
  3, 23 |   0.0000000000000000e+00 |   0.0000000000000000e+00 | 1
  3, 24 |   0.0000000000000000e+00 |   0.0000000000000000e+00 | 1
  3, 25 |   0.0000000000000000e+00 |   0.0000000000000000e+00 | 1
  3, 26 |   0.0000000000000000e+00 |   0.0000000000000000e+00 | 1
  3, 27 |   0.0000000000000000e+00 |   0.0000000000000000e+00 | 1
  3, 28 |   0.0000000000000000e+00 |   0.0000000000000000e+00 | 1
  3, 29 |   0.0000000000000000e+00 |   0.0000000000000000e+00 | 1
  3, 30 |   0.0000000000000000e+00 |   0.0000000000000000e+00 | 1
  3, 31 |   0.0000000000000000e+00 |   0.0000000000000000e+00 | 1
  3, 32 |   0.0000000000000000e+00 |   0.0000000000000000e+00 | 1
  3, 33 |   0.0000000000000000e+00 |   0.0000000000000000e+00 | 1
  3, 34 |   0.0000000000000000e+00 |   0.0000000000000000e+00 | 1
  3, 35 |   0.0000000000000000e+00 |   0.0000000000000000e+00 | 1
  3, 36 |   0.0000000000000000e+00 |   0.0000000000000000e+00 | 1
  3, 37 |   0.0000000000000000e+00 |   0.0000000000000000e+00 | 1
  3, 38 |   0.0000000000000000e+00 |   0.0000000000000000e+00 | 1
  3, 39 |   0.0000000000000000e+00 |   0.0000000000000000e+00 | 1
  3, 40 |   0.0000000000000000e+00 |   0.0000000000000000e+00 | 1
  3, 41 |   0.0000000000000000e+00 |   0.0000000000000000e+00 | 1
  3, 42 |   0.0000000000000000e+00 |   0.0000000000000000e+00 | 1
  4,  1 |   2.6489320617737850e-03 |   2.6489320617737850e-03 | 1
  4,  2 |   1.4530270950718510e-03 |   1.4530270950718510e-03 | 1
  4,  3 |   0.0000000000000000e+00 |   0.0000000000000000e+00 | 1
  4,  4 |   2.6316276681247553e-03 |   2.6316276681247553e-03 | 1
  4,  5 |   0.0000000000000000e+00 |   0.0000000000000000e+00 | 1
  4,  6 |   0.0000000000000000e+00 |   0.0000000000000000e+00 | 1
  4,  7 |   0.0000000000000000e+00 |   0.0000000000000000e+00 | 1
  4,  8 |   2.0209456765450532e-03 |   2.0209456765450532e-03 | 1
  4,  9 |   3.1227300527343293e-03 |   3.1227300527343293e-03 | 1
  4, 10 |   0.0000000000000000e+00 |   0.0000000000000000e+00 | 1
  4, 11 |   0.0000000000000000e+00 |   0.0000000000000000e+00 | 1
  4, 12 |   1.0543574757813595e-03 |   1.0543574757813595e-03 | 1
  4, 13 |   0.0000000000000000e+00 |   0.0000000000000000e+00 | 1
  4, 14 |   0.0000000000000000e+00 |   0.0000000000000000e+00 | 1
  4, 15 |   0.0000000000000000e+00 |   0.0000000000000000e+00 | 1
  4, 16 |   1.5542660171970228e-03 |   1.5542660171970228e-03 | 1
  4, 17 |   2.8845946548689992e-03 |   2.8845946548689992e-03 | 1
  4, 18 |   0.0000000000000000e+00 |   0.0000000000000000e+00 | 1
  4, 19 |   0.0000000000000000e+00 |   0.0000000000000000e+00 | 1
  4, 20 |   0.0000000000000000e+00 |   0.0000000000000000e+00 | 1
  4, 21 |   0.0000000000000000e+00 |   0.0000000000000000e+00 | 1
  4, 22 |   0.0000000000000000e+00 |   0.0000000000000000e+00 | 1
  4, 23 |   0.0000000000000000e+00 |   0.0000000000000000e+00 | 1
  4, 24 |   4.9200401807357264e-03 |   4.9200401807357264e-03 | 1
  4, 25 |   0.0000000000000000e+00 |   0.0000000000000000e+00 | 1
  4, 26 |   0.0000000000000000e+00 |   0.0000000000000000e+00 | 1
  4, 27 |   0.0000000000000000e+00 |   0.0000000000000000e+00 | 1
  4, 28 |   2.9290174742612786e-03 |   2.9290174742612786e-03 | 1
  4, 29 |   0.0000000000000000e+00 |   0.0000000000000000e+00 | 1
  4, 30 |   0.0000000000000000e+00 |   0.0000000000000000e+00 | 1
  4, 31 |   7.1979655778704032e-03 |   7.1979655778704032e-03 | 1
  4, 32 |  -1.0476866047318257e-03 |  -1.0476866047318257e-03 | 1
  4, 33 |   0.0000000000000000e+00 |   0.0000000000000000e+00 | 1
  4, 34 |   4.6782302094726495e-03 |   4.6782302094726495e-03 | 1
  4, 35 |  -1.2778743267713617e-03 |  -1.2778743267713617e-03 | 1
  4, 36 |  -1.7160987377683157e-03 |  -1.7160987377683157e-03 | 1
  4, 37 |  -2.0532881433820210e-03 |  -2.0532881433820210e-03 | 1
  4, 38 |  -2.0716072602501804e-03 |  -2.0716072602501804e-03 | 1
  4, 39 |  -8.6856652507504026e-05 |  -8.6856652507504026e-05 | 1
  4, 40 |  -3.0979346328229463e-08 |  -3.0979346328229463e-08 | 1
  4, 41 |   2.4486997984610338e-03 |   2.4486997984610338e-03 | 1
  4, 42 |   1.3243756355187444e-03 |   1.3243756355187444e-03 | 1
  5,  1 |   0.0000000000000000e+00 |   0.0000000000000000e+00 | 1
  5,  2 |   0.0000000000000000e+00 |   0.0000000000000000e+00 | 1
  5,  3 |   0.0000000000000000e+00 |   0.0000000000000000e+00 | 1
  5,  4 |   0.0000000000000000e+00 |   0.0000000000000000e+00 | 1
  5,  5 |   0.0000000000000000e+00 |   0.0000000000000000e+00 | 1
  5,  6 |   0.0000000000000000e+00 |   0.0000000000000000e+00 | 1
  5,  7 |   0.0000000000000000e+00 |   0.0000000000000000e+00 | 1
  5,  8 |   0.0000000000000000e+00 |   0.0000000000000000e+00 | 1
  5,  9 |   0.0000000000000000e+00 |   0.0000000000000000e+00 | 1
  5, 10 |   0.0000000000000000e+00 |   0.0000000000000000e+00 | 1
  5, 11 |   0.0000000000000000e+00 |   0.0000000000000000e+00 | 1
  5, 12 |   0.0000000000000000e+00 |   0.0000000000000000e+00 | 1
  5, 13 |   0.0000000000000000e+00 |   0.0000000000000000e+00 | 1
  5, 14 |   0.0000000000000000e+00 |   0.0000000000000000e+00 | 1
  5, 15 |   0.0000000000000000e+00 |   0.0000000000000000e+00 | 1
  5, 16 |   0.0000000000000000e+00 |   0.0000000000000000e+00 | 1
  5, 17 |   0.0000000000000000e+00 |   0.0000000000000000e+00 | 1
  5, 18 |   0.0000000000000000e+00 |   0.0000000000000000e+00 | 1
  5, 19 |   0.0000000000000000e+00 |   0.0000000000000000e+00 | 1
  5, 20 |   0.0000000000000000e+00 |   0.0000000000000000e+00 | 1
  5, 21 |   0.0000000000000000e+00 |   0.0000000000000000e+00 | 1
  5, 22 |   0.0000000000000000e+00 |   0.0000000000000000e+00 | 1
  5, 23 |   0.0000000000000000e+00 |   0.0000000000000000e+00 | 1
  5, 24 |   0.0000000000000000e+00 |   0.0000000000000000e+00 | 1
  5, 25 |   0.0000000000000000e+00 |   0.0000000000000000e+00 | 1
  5, 26 |   0.0000000000000000e+00 |   0.0000000000000000e+00 | 1
  5, 27 |   0.0000000000000000e+00 |   0.0000000000000000e+00 | 1
  5, 28 |   0.0000000000000000e+00 |   0.0000000000000000e+00 | 1
  5, 29 |   0.0000000000000000e+00 |   0.0000000000000000e+00 | 1
  5, 30 |   0.0000000000000000e+00 |   0.0000000000000000e+00 | 1
  5, 31 |   0.0000000000000000e+00 |   0.0000000000000000e+00 | 1
  5, 32 |   0.0000000000000000e+00 |   0.0000000000000000e+00 | 1
  5, 33 |   0.0000000000000000e+00 |   0.0000000000000000e+00 | 1
  5, 34 |   0.0000000000000000e+00 |   0.0000000000000000e+00 | 1
  5, 35 |   0.0000000000000000e+00 |   0.0000000000000000e+00 | 1
  5, 36 |   0.0000000000000000e+00 |   0.0000000000000000e+00 | 1
  5, 37 |   0.0000000000000000e+00 |   0.0000000000000000e+00 | 1
  5, 38 |   0.0000000000000000e+00 |   0.0000000000000000e+00 | 1
  5, 39 |   0.0000000000000000e+00 |   0.0000000000000000e+00 | 1
  5, 40 |   0.0000000000000000e+00 |   0.0000000000000000e+00 | 1
  5, 41 |   0.0000000000000000e+00 |   0.0000000000000000e+00 | 1
  5, 42 |   0.0000000000000000e+00 |   0.0000000000000000e+00 | 1
  6,  1 |   0.0000000000000000e+00 |   0.0000000000000000e+00 | 1
  6,  2 |   0.0000000000000000e+00 |   0.0000000000000000e+00 | 1
  6,  3 |   0.0000000000000000e+00 |   0.0000000000000000e+00 | 1
  6,  4 |   0.0000000000000000e+00 |   0.0000000000000000e+00 | 1
  6,  5 |   0.0000000000000000e+00 |   0.0000000000000000e+00 | 1
  6,  6 |   0.0000000000000000e+00 |   0.0000000000000000e+00 | 1
  6,  7 |   0.0000000000000000e+00 |   0.0000000000000000e+00 | 1
  6,  8 |   0.0000000000000000e+00 |   0.0000000000000000e+00 | 1
  6,  9 |   0.0000000000000000e+00 |   0.0000000000000000e+00 | 1
  6, 10 |   0.0000000000000000e+00 |   0.0000000000000000e+00 | 1
  6, 11 |   0.0000000000000000e+00 |   0.0000000000000000e+00 | 1
  6, 12 |   0.0000000000000000e+00 |   0.0000000000000000e+00 | 1
  6, 13 |   0.0000000000000000e+00 |   0.0000000000000000e+00 | 1
  6, 14 |   0.0000000000000000e+00 |   0.0000000000000000e+00 | 1
  6, 15 |   0.0000000000000000e+00 |   0.0000000000000000e+00 | 1
  6, 16 |   0.0000000000000000e+00 |   0.0000000000000000e+00 | 1
  6, 17 |   0.0000000000000000e+00 |   0.0000000000000000e+00 | 1
  6, 18 |   0.0000000000000000e+00 |   0.0000000000000000e+00 | 1
  6, 19 |   0.0000000000000000e+00 |   0.0000000000000000e+00 | 1
  6, 20 |   0.0000000000000000e+00 |   0.0000000000000000e+00 | 1
  6, 21 |   0.0000000000000000e+00 |   0.0000000000000000e+00 | 1
  6, 22 |   0.0000000000000000e+00 |   0.0000000000000000e+00 | 1
  6, 23 |   0.0000000000000000e+00 |   0.0000000000000000e+00 | 1
  6, 24 |   0.0000000000000000e+00 |   0.0000000000000000e+00 | 1
  6, 25 |   0.0000000000000000e+00 |   0.0000000000000000e+00 | 1
  6, 26 |   0.0000000000000000e+00 |   0.0000000000000000e+00 | 1
  6, 27 |   0.0000000000000000e+00 |   0.0000000000000000e+00 | 1
  6, 28 |   0.0000000000000000e+00 |   0.0000000000000000e+00 | 1
  6, 29 |   0.0000000000000000e+00 |   0.0000000000000000e+00 | 1
  6, 30 |   0.0000000000000000e+00 |   0.0000000000000000e+00 | 1
  6, 31 |   0.0000000000000000e+00 |   0.0000000000000000e+00 | 1
  6, 32 |   0.0000000000000000e+00 |   0.0000000000000000e+00 | 1
  6, 33 |   0.0000000000000000e+00 |   0.0000000000000000e+00 | 1
  6, 34 |   0.0000000000000000e+00 |   0.0000000000000000e+00 | 1
  6, 35 |   0.0000000000000000e+00 |   0.0000000000000000e+00 | 1
  6, 36 |   0.0000000000000000e+00 |   0.0000000000000000e+00 | 1
  6, 37 |   0.0000000000000000e+00 |   0.0000000000000000e+00 | 1
  6, 38 |   0.0000000000000000e+00 |   0.0000000000000000e+00 | 1
  6, 39 |   0.0000000000000000e+00 |   0.0000000000000000e+00 | 1
  6, 40 |   0.0000000000000000e+00 |   0.0000000000000000e+00 | 1
  6, 41 |   0.0000000000000000e+00 |   0.0000000000000000e+00 | 1
  6, 42 |   0.0000000000000000e+00 |   0.0000000000000000e+00 | 1
  7,  1 |   0.0000000000000000e+00 |   0.0000000000000000e+00 | 1
  7,  2 |   0.0000000000000000e+00 |   0.0000000000000000e+00 | 1
  7,  3 |   0.0000000000000000e+00 |   0.0000000000000000e+00 | 1
  7,  4 |   0.0000000000000000e+00 |   0.0000000000000000e+00 | 1
  7,  5 |   0.0000000000000000e+00 |   0.0000000000000000e+00 | 1
  7,  6 |   0.0000000000000000e+00 |   0.0000000000000000e+00 | 1
  7,  7 |   0.0000000000000000e+00 |   0.0000000000000000e+00 | 1
  7,  8 |   0.0000000000000000e+00 |   0.0000000000000000e+00 | 1
  7,  9 |   0.0000000000000000e+00 |   0.0000000000000000e+00 | 1
  7, 10 |   0.0000000000000000e+00 |   0.0000000000000000e+00 | 1
  7, 11 |   0.0000000000000000e+00 |   0.0000000000000000e+00 | 1
  7, 12 |   0.0000000000000000e+00 |   0.0000000000000000e+00 | 1
  7, 13 |   0.0000000000000000e+00 |   0.0000000000000000e+00 | 1
  7, 14 |   0.0000000000000000e+00 |   0.0000000000000000e+00 | 1
  7, 15 |   0.0000000000000000e+00 |   0.0000000000000000e+00 | 1
  7, 16 |   0.0000000000000000e+00 |   0.0000000000000000e+00 | 1
  7, 17 |   0.0000000000000000e+00 |   0.0000000000000000e+00 | 1
  7, 18 |   0.0000000000000000e+00 |   0.0000000000000000e+00 | 1
  7, 19 |   0.0000000000000000e+00 |   0.0000000000000000e+00 | 1
  7, 20 |   0.0000000000000000e+00 |   0.0000000000000000e+00 | 1
  7, 21 |   0.0000000000000000e+00 |   0.0000000000000000e+00 | 1
  7, 22 |   0.0000000000000000e+00 |   0.0000000000000000e+00 | 1
  7, 23 |   0.0000000000000000e+00 |   0.0000000000000000e+00 | 1
  7, 24 |   0.0000000000000000e+00 |   0.0000000000000000e+00 | 1
  7, 25 |   0.0000000000000000e+00 |   0.0000000000000000e+00 | 1
  7, 26 |   0.0000000000000000e+00 |   0.0000000000000000e+00 | 1
  7, 27 |   0.0000000000000000e+00 |   0.0000000000000000e+00 | 1
  7, 28 |   0.0000000000000000e+00 |   0.0000000000000000e+00 | 1
  7, 29 |   0.0000000000000000e+00 |   0.0000000000000000e+00 | 1
  7, 30 |   0.0000000000000000e+00 |   0.0000000000000000e+00 | 1
  7, 31 |   0.0000000000000000e+00 |   0.0000000000000000e+00 | 1
  7, 32 |   0.0000000000000000e+00 |   0.0000000000000000e+00 | 1
  7, 33 |   0.0000000000000000e+00 |   0.0000000000000000e+00 | 1
  7, 34 |   0.0000000000000000e+00 |   0.0000000000000000e+00 | 1
  7, 35 |   0.0000000000000000e+00 |   0.0000000000000000e+00 | 1
  7, 36 |   0.0000000000000000e+00 |   0.0000000000000000e+00 | 1
  7, 37 |   0.0000000000000000e+00 |   0.0000000000000000e+00 | 1
  7, 38 |   0.0000000000000000e+00 |   0.0000000000000000e+00 | 1
  7, 39 |   0.0000000000000000e+00 |   0.0000000000000000e+00 | 1
  7, 40 |   0.0000000000000000e+00 |   0.0000000000000000e+00 | 1
  7, 41 |   0.0000000000000000e+00 |   0.0000000000000000e+00 | 1
  7, 42 |   0.0000000000000000e+00 |   0.0000000000000000e+00 | 1
  8,  1 |   3.1850562974285309e-03 |   3.1850562974285309e-03 | 1
  8,  2 |   2.8243494999138129e-03 |   2.8243494999138129e-03 | 1
  8,  3 |   0.0000000000000000e+00 |   0.0000000000000000e+00 | 1
  8,  4 |   2.0209456765450532e-03 |   2.0209456765450532e-03 | 1
  8,  5 |   0.0000000000000000e+00 |   0.0000000000000000e+00 | 1
  8,  6 |   0.0000000000000000e+00 |   0.0000000000000000e+00 | 1
  8,  7 |   0.0000000000000000e+00 |   0.0000000000000000e+00 | 1
  8,  8 |   5.5541281092744152e-03 |   5.5541281092744152e-03 | 1
  8,  9 |   3.5398413021211286e-03 |   3.5398413021211286e-03 | 1
  8, 10 |   0.0000000000000000e+00 |   0.0000000000000000e+00 | 1
  8, 11 |   0.0000000000000000e+00 |   0.0000000000000000e+00 | 1
  8, 12 |  -1.0550633897441262e-04 |  -1.0550633897441262e-04 | 1
  8, 13 |   0.0000000000000000e+00 |   0.0000000000000000e+00 | 1
  8, 14 |   0.0000000000000000e+00 |   0.0000000000000000e+00 | 1
  8, 15 |   0.0000000000000000e+00 |   0.0000000000000000e+00 | 1
  8, 16 |   2.6752956639162296e-03 |   2.6752956639162296e-03 | 1
  8, 17 |   3.1150161685289945e-03 |   3.1150161685289945e-03 | 1
  8, 18 |   0.0000000000000000e+00 |   0.0000000000000000e+00 | 1
  8, 19 |   0.0000000000000000e+00 |   0.0000000000000000e+00 | 1
  8, 20 |   0.0000000000000000e+00 |   0.0000000000000000e+00 | 1
  8, 21 |   0.0000000000000000e+00 |   0.0000000000000000e+00 | 1
  8, 22 |   0.0000000000000000e+00 |   0.0000000000000000e+00 | 1
  8, 23 |   0.0000000000000000e+00 |   0.0000000000000000e+00 | 1
  8, 24 |   7.1435551524999356e-03 |   7.1435551524999356e-03 | 1
  8, 25 |   0.0000000000000000e+00 |   0.0000000000000000e+00 | 1
  8, 26 |   0.0000000000000000e+00 |   0.0000000000000000e+00 | 1
  8, 27 |   0.0000000000000000e+00 |   0.0000000000000000e+00 | 1
  8, 28 |   4.2502656667589098e-03 |   4.2502656667589098e-03 | 1
  8, 29 |   0.0000000000000000e+00 |   0.0000000000000000e+00 | 1
  8, 30 |   0.0000000000000000e+00 |   0.0000000000000000e+00 | 1
  8, 31 |   3.4737302143420523e-03 |   3.4737302143420523e-03 | 1
  8, 32 |  -1.8284179392555359e-03 |  -1.8284179392555359e-03 | 1
  8, 33 |   0.0000000000000000e+00 |   0.0000000000000000e+00 | 1
  8, 34 |   6.0542460946381481e-03 |   6.0542460946381481e-03 | 1
  8, 35 |  -6.7439219642689906e-04 |  -6.7439219642689906e-04 | 1
  8, 36 |  -1.0007847569609542e-03 |  -1.0007847569609542e-03 | 1
  8, 37 |  -1.8345221195846338e-03 |  -1.8345221195846338e-03 | 1
  8, 38 |  -2.4497371628980262e-03 |  -2.4497371628980262e-03 | 1
  8, 39 |  -1.0140693774487314e-04 |  -1.0140693774487314e-04 | 1
  8, 40 |  -1.8973826026229094e-07 |  -1.8973826026229094e-07 | 1
  8, 41 |   2.2027230179464379e-03 |   2.2027230179464379e-03 | 1
  8, 42 |   2.5587643218062499e-03 |   2.5587643218062499e-03 | 1
  9,  1 |   5.0078848505986269e-03 |   5.0078848505986269e-03 | 1
  9,  2 |   1.0915324636388470e-03 |   1.0915324636388470e-03 | 1
  9,  3 |   0.0000000000000000e+00 |   0.0000000000000000e+00 | 1
  9,  4 |   3.1227300527343293e-03 |   3.1227300527343293e-03 | 1
  9,  5 |   0.0000000000000000e+00 |   0.0000000000000000e+00 | 1
  9,  6 |   0.0000000000000000e+00 |   0.0000000000000000e+00 | 1
  9,  7 |   0.0000000000000000e+00 |   0.0000000000000000e+00 | 1
  9,  8 |   3.5398413021211286e-03 |   3.5398413021211286e-03 | 1
  9,  9 |   2.4138554342803077e-02 |   2.4138554342803077e-02 | 1
  9, 10 |   0.0000000000000000e+00 |   0.0000000000000000e+00 | 1
  9, 11 |   0.0000000000000000e+00 |   0.0000000000000000e+00 | 1
  9, 12 |   5.2703015831278878e-03 |   5.2703015831278878e-03 | 1
  9, 13 |   0.0000000000000000e+00 |   0.0000000000000000e+00 | 1
  9, 14 |   0.0000000000000000e+00 |   0.0000000000000000e+00 | 1
  9, 15 |   0.0000000000000000e+00 |   0.0000000000000000e+00 | 1
  9, 16 |   1.2875519244439351e-03 |   1.2875519244439351e-03 | 1
  9, 17 |   4.7149831647080760e-03 |   4.7149831647080760e-03 | 1
  9, 18 |   0.0000000000000000e+00 |   0.0000000000000000e+00 | 1
  9, 19 |   0.0000000000000000e+00 |   0.0000000000000000e+00 | 1
  9, 20 |   0.0000000000000000e+00 |   0.0000000000000000e+00 | 1
  9, 21 |   0.0000000000000000e+00 |   0.0000000000000000e+00 | 1
  9, 22 |   0.0000000000000000e+00 |   0.0000000000000000e+00 | 1
  9, 23 |   0.0000000000000000e+00 |   0.0000000000000000e+00 | 1
  9, 24 |   7.2239302390317032e-03 |   7.2239302390317032e-03 | 1
  9, 25 |   0.0000000000000000e+00 |   0.0000000000000000e+00 | 1
  9, 26 |   0.0000000000000000e+00 |   0.0000000000000000e+00 | 1
  9, 27 |   0.0000000000000000e+00 |   0.0000000000000000e+00 | 1
  9, 28 |   9.1916993959223758e-03 |   9.1916993959223758e-03 | 1
  9, 29 |   0.0000000000000000e+00 |   0.0000000000000000e+00 | 1
  9, 30 |   0.0000000000000000e+00 |   0.0000000000000000e+00 | 1
  9, 31 |   4.0214885290962635e-03 |   4.0214885290962635e-03 | 1
  9, 32 |   2.4657010164237461e-05 |   2.4657010164237461e-05 | 1
  9, 33 |   0.0000000000000000e+00 |   0.0000000000000000e+00 | 1
  9, 34 |   5.2292767131415490e-03 |   5.2292767131415490e-03 | 1
  9, 35 |  -9.8099911316072924e-04 |  -9.8099911316072924e-04 | 1
  9, 36 |  -1.9466023078915460e-03 |  -1.9466023078915460e-03 | 1
  9, 37 |  -1.0246154750159012e-03 |  -1.0246154750159012e-03 | 1
  9, 38 |  -3.3715928730219530e-03 |  -3.3715928730219530e-03 | 1
  9, 39 |   1.0575031232584880e-04 |   1.0575031232584880e-04 | 1
  9, 40 |   4.4093804455937032e-08 |   4.4093804455937032e-08 | 1
  9, 41 |   4.9277340478329143e-03 |   4.9277340478329143e-03 | 1
  9, 42 |  -6.6813842117013195e-04 |  -6.6813842117013195e-04 | 1
 10,  1 |   0.0000000000000000e+00 |   0.0000000000000000e+00 | 1
 10,  2 |   0.0000000000000000e+00 |   0.0000000000000000e+00 | 1
 10,  3 |   0.0000000000000000e+00 |   0.0000000000000000e+00 | 1
 10,  4 |   0.0000000000000000e+00 |   0.0000000000000000e+00 | 1
 10,  5 |   0.0000000000000000e+00 |   0.0000000000000000e+00 | 1
 10,  6 |   0.0000000000000000e+00 |   0.0000000000000000e+00 | 1
 10,  7 |   0.0000000000000000e+00 |   0.0000000000000000e+00 | 1
 10,  8 |   0.0000000000000000e+00 |   0.0000000000000000e+00 | 1
 10,  9 |   0.0000000000000000e+00 |   0.0000000000000000e+00 | 1
 10, 10 |   0.0000000000000000e+00 |   0.0000000000000000e+00 | 1
 10, 11 |   0.0000000000000000e+00 |   0.0000000000000000e+00 | 1
 10, 12 |   0.0000000000000000e+00 |   0.0000000000000000e+00 | 1
 10, 13 |   0.0000000000000000e+00 |   0.0000000000000000e+00 | 1
 10, 14 |   0.0000000000000000e+00 |   0.0000000000000000e+00 | 1
 10, 15 |   0.0000000000000000e+00 |   0.0000000000000000e+00 | 1
 10, 16 |   0.0000000000000000e+00 |   0.0000000000000000e+00 | 1
 10, 17 |   0.0000000000000000e+00 |   0.0000000000000000e+00 | 1
 10, 18 |   0.0000000000000000e+00 |   0.0000000000000000e+00 | 1
 10, 19 |   0.0000000000000000e+00 |   0.0000000000000000e+00 | 1
 10, 20 |   0.0000000000000000e+00 |   0.0000000000000000e+00 | 1
 10, 21 |   0.0000000000000000e+00 |   0.0000000000000000e+00 | 1
 10, 22 |   0.0000000000000000e+00 |   0.0000000000000000e+00 | 1
 10, 23 |   0.0000000000000000e+00 |   0.0000000000000000e+00 | 1
 10, 24 |   0.0000000000000000e+00 |   0.0000000000000000e+00 | 1
 10, 25 |   0.0000000000000000e+00 |   0.0000000000000000e+00 | 1
 10, 26 |   0.0000000000000000e+00 |   0.0000000000000000e+00 | 1
 10, 27 |   0.0000000000000000e+00 |   0.0000000000000000e+00 | 1
 10, 28 |   0.0000000000000000e+00 |   0.0000000000000000e+00 | 1
 10, 29 |   0.0000000000000000e+00 |   0.0000000000000000e+00 | 1
 10, 30 |   0.0000000000000000e+00 |   0.0000000000000000e+00 | 1
 10, 31 |   0.0000000000000000e+00 |   0.0000000000000000e+00 | 1
 10, 32 |   0.0000000000000000e+00 |   0.0000000000000000e+00 | 1
 10, 33 |   0.0000000000000000e+00 |   0.0000000000000000e+00 | 1
 10, 34 |   0.0000000000000000e+00 |   0.0000000000000000e+00 | 1
 10, 35 |   0.0000000000000000e+00 |   0.0000000000000000e+00 | 1
 10, 36 |   0.0000000000000000e+00 |   0.0000000000000000e+00 | 1
 10, 37 |   0.0000000000000000e+00 |   0.0000000000000000e+00 | 1
 10, 38 |   0.0000000000000000e+00 |   0.0000000000000000e+00 | 1
 10, 39 |   0.0000000000000000e+00 |   0.0000000000000000e+00 | 1
 10, 40 |   0.0000000000000000e+00 |   0.0000000000000000e+00 | 1
 10, 41 |   0.0000000000000000e+00 |   0.0000000000000000e+00 | 1
 10, 42 |   0.0000000000000000e+00 |   0.0000000000000000e+00 | 1
 11,  1 |   0.0000000000000000e+00 |   0.0000000000000000e+00 | 1
 11,  2 |   0.0000000000000000e+00 |   0.0000000000000000e+00 | 1
 11,  3 |   0.0000000000000000e+00 |   0.0000000000000000e+00 | 1
 11,  4 |   0.0000000000000000e+00 |   0.0000000000000000e+00 | 1
 11,  5 |   0.0000000000000000e+00 |   0.0000000000000000e+00 | 1
 11,  6 |   0.0000000000000000e+00 |   0.0000000000000000e+00 | 1
 11,  7 |   0.0000000000000000e+00 |   0.0000000000000000e+00 | 1
 11,  8 |   0.0000000000000000e+00 |   0.0000000000000000e+00 | 1
 11,  9 |   0.0000000000000000e+00 |   0.0000000000000000e+00 | 1
 11, 10 |   0.0000000000000000e+00 |   0.0000000000000000e+00 | 1
 11, 11 |   0.0000000000000000e+00 |   0.0000000000000000e+00 | 1
 11, 12 |   0.0000000000000000e+00 |   0.0000000000000000e+00 | 1
 11, 13 |   0.0000000000000000e+00 |   0.0000000000000000e+00 | 1
 11, 14 |   0.0000000000000000e+00 |   0.0000000000000000e+00 | 1
 11, 15 |   0.0000000000000000e+00 |   0.0000000000000000e+00 | 1
 11, 16 |   0.0000000000000000e+00 |   0.0000000000000000e+00 | 1
 11, 17 |   0.0000000000000000e+00 |   0.0000000000000000e+00 | 1
 11, 18 |   0.0000000000000000e+00 |   0.0000000000000000e+00 | 1
 11, 19 |   0.0000000000000000e+00 |   0.0000000000000000e+00 | 1
 11, 20 |   0.0000000000000000e+00 |   0.0000000000000000e+00 | 1
 11, 21 |   0.0000000000000000e+00 |   0.0000000000000000e+00 | 1
 11, 22 |   0.0000000000000000e+00 |   0.0000000000000000e+00 | 1
 11, 23 |   0.0000000000000000e+00 |   0.0000000000000000e+00 | 1
 11, 24 |   0.0000000000000000e+00 |   0.0000000000000000e+00 | 1
 11, 25 |   0.0000000000000000e+00 |   0.0000000000000000e+00 | 1
 11, 26 |   0.0000000000000000e+00 |   0.0000000000000000e+00 | 1
 11, 27 |   0.0000000000000000e+00 |   0.0000000000000000e+00 | 1
 11, 28 |   0.0000000000000000e+00 |   0.0000000000000000e+00 | 1
 11, 29 |   0.0000000000000000e+00 |   0.0000000000000000e+00 | 1
 11, 30 |   0.0000000000000000e+00 |   0.0000000000000000e+00 | 1
 11, 31 |   0.0000000000000000e+00 |   0.0000000000000000e+00 | 1
 11, 32 |   0.0000000000000000e+00 |   0.0000000000000000e+00 | 1
 11, 33 |   0.0000000000000000e+00 |   0.0000000000000000e+00 | 1
 11, 34 |   0.0000000000000000e+00 |   0.0000000000000000e+00 | 1
 11, 35 |   0.0000000000000000e+00 |   0.0000000000000000e+00 | 1
 11, 36 |   0.0000000000000000e+00 |   0.0000000000000000e+00 | 1
 11, 37 |   0.0000000000000000e+00 |   0.0000000000000000e+00 | 1
 11, 38 |   0.0000000000000000e+00 |   0.0000000000000000e+00 | 1
 11, 39 |   0.0000000000000000e+00 |   0.0000000000000000e+00 | 1
 11, 40 |   0.0000000000000000e+00 |   0.0000000000000000e+00 | 1
 11, 41 |   0.0000000000000000e+00 |   0.0000000000000000e+00 | 1
 11, 42 |   0.0000000000000000e+00 |   0.0000000000000000e+00 | 1
 12,  1 |   1.3919795018432959e-03 |   1.3919795018432959e-03 | 1
 12,  2 |  -5.7208266263357769e-04 |  -5.7208266263357769e-04 | 1
 12,  3 |   0.0000000000000000e+00 |   0.0000000000000000e+00 | 1
 12,  4 |   1.0543574757813595e-03 |   1.0543574757813595e-03 | 1
 12,  5 |   0.0000000000000000e+00 |   0.0000000000000000e+00 | 1
 12,  6 |   0.0000000000000000e+00 |   0.0000000000000000e+00 | 1
 12,  7 |   0.0000000000000000e+00 |   0.0000000000000000e+00 | 1
 12,  8 |  -1.0550633897441262e-04 |  -1.0550633897441262e-04 | 1
 12,  9 |   5.2703015831278878e-03 |   5.2703015831278878e-03 | 1
 12, 10 |   0.0000000000000000e+00 |   0.0000000000000000e+00 | 1
 12, 11 |   0.0000000000000000e+00 |   0.0000000000000000e+00 | 1
 12, 12 |   1.2520160082652649e-02 |   1.2520160082652649e-02 | 1
 12, 13 |   0.0000000000000000e+00 |   0.0000000000000000e+00 | 1
 12, 14 |   0.0000000000000000e+00 |   0.0000000000000000e+00 | 1
 12, 15 |   0.0000000000000000e+00 |   0.0000000000000000e+00 | 1
 12, 16 |  -1.1209252980740598e-03 |  -1.1209252980740598e-03 | 1
 12, 17 |   1.1553183571149672e-03 |   1.1553183571149672e-03 | 1
 12, 18 |   0.0000000000000000e+00 |   0.0000000000000000e+00 | 1
 12, 19 |   0.0000000000000000e+00 |   0.0000000000000000e+00 | 1
 12, 20 |   0.0000000000000000e+00 |   0.0000000000000000e+00 | 1
 12, 21 |   0.0000000000000000e+00 |   0.0000000000000000e+00 | 1
 12, 22 |   0.0000000000000000e+00 |   0.0000000000000000e+00 | 1
 12, 23 |   0.0000000000000000e+00 |   0.0000000000000000e+00 | 1
 12, 24 |   3.0557568189946479e-03 |   3.0557568189946479e-03 | 1
 12, 25 |   0.0000000000000000e+00 |   0.0000000000000000e+00 | 1
 12, 26 |   0.0000000000000000e+00 |   0.0000000000000000e+00 | 1
 12, 27 |   0.0000000000000000e+00 |   0.0000000000000000e+00 | 1
 12, 28 |   1.9644672184851745e-03 |   1.9644672184851745e-03 | 1
 12, 29 |   0.0000000000000000e+00 |   0.0000000000000000e+00 | 1
 12, 30 |   0.0000000000000000e+00 |   0.0000000000000000e+00 | 1
 12, 31 |   2.4006411023760723e-03 |   2.4006411023760723e-03 | 1
 12, 32 |  -1.7715390329008904e-05 |  -1.7715390329008904e-05 | 1
 12, 33 |   0.0000000000000000e+00 |   0.0000000000000000e+00 | 1
 12, 34 |   1.8456652813931447e-03 |   1.8456652813931447e-03 | 1
 12, 35 |  -1.2423944756246864e-04 |  -1.2423944756246864e-04 | 1
 12, 36 |  -1.1057717191948935e-03 |  -1.1057717191948935e-03 | 1
 12, 37 |  -9.8795414314643620e-04 |  -9.8795414314643620e-04 | 1
 12, 38 |  -1.4631616740804635e-03 |  -1.4631616740804635e-03 | 1
 12, 39 |  -2.3431871312034475e-04 |  -2.3431871312034475e-04 | 1
 12, 40 |   2.2672278413993783e-07 |   2.2672278413993783e-07 | 1
 12, 41 |   1.4816515882849347e-03 |   1.4816515882849347e-03 | 1
 12, 42 |   8.9750375201129190e-04 |   8.9750375201129190e-04 | 1
 13,  1 |   0.0000000000000000e+00 |   0.0000000000000000e+00 | 1
 13,  2 |   0.0000000000000000e+00 |   0.0000000000000000e+00 | 1
 13,  3 |   0.0000000000000000e+00 |   0.0000000000000000e+00 | 1
 13,  4 |   0.0000000000000000e+00 |   0.0000000000000000e+00 | 1
 13,  5 |   0.0000000000000000e+00 |   0.0000000000000000e+00 | 1
 13,  6 |   0.0000000000000000e+00 |   0.0000000000000000e+00 | 1
 13,  7 |   0.0000000000000000e+00 |   0.0000000000000000e+00 | 1
 13,  8 |   0.0000000000000000e+00 |   0.0000000000000000e+00 | 1
 13,  9 |   0.0000000000000000e+00 |   0.0000000000000000e+00 | 1
 13, 10 |   0.0000000000000000e+00 |   0.0000000000000000e+00 | 1
 13, 11 |   0.0000000000000000e+00 |   0.0000000000000000e+00 | 1
 13, 12 |   0.0000000000000000e+00 |   0.0000000000000000e+00 | 1
 13, 13 |   0.0000000000000000e+00 |   0.0000000000000000e+00 | 1
 13, 14 |   0.0000000000000000e+00 |   0.0000000000000000e+00 | 1
 13, 15 |   0.0000000000000000e+00 |   0.0000000000000000e+00 | 1
 13, 16 |   0.0000000000000000e+00 |   0.0000000000000000e+00 | 1
 13, 17 |   0.0000000000000000e+00 |   0.0000000000000000e+00 | 1
 13, 18 |   0.0000000000000000e+00 |   0.0000000000000000e+00 | 1
 13, 19 |   0.0000000000000000e+00 |   0.0000000000000000e+00 | 1
 13, 20 |   0.0000000000000000e+00 |   0.0000000000000000e+00 | 1
 13, 21 |   0.0000000000000000e+00 |   0.0000000000000000e+00 | 1
 13, 22 |   0.0000000000000000e+00 |   0.0000000000000000e+00 | 1
 13, 23 |   0.0000000000000000e+00 |   0.0000000000000000e+00 | 1
 13, 24 |   0.0000000000000000e+00 |   0.0000000000000000e+00 | 1
 13, 25 |   0.0000000000000000e+00 |   0.0000000000000000e+00 | 1
 13, 26 |   0.0000000000000000e+00 |   0.0000000000000000e+00 | 1
 13, 27 |   0.0000000000000000e+00 |   0.0000000000000000e+00 | 1
 13, 28 |   0.0000000000000000e+00 |   0.0000000000000000e+00 | 1
 13, 29 |   0.0000000000000000e+00 |   0.0000000000000000e+00 | 1
 13, 30 |   0.0000000000000000e+00 |   0.0000000000000000e+00 | 1
 13, 31 |   0.0000000000000000e+00 |   0.0000000000000000e+00 | 1
 13, 32 |   0.0000000000000000e+00 |   0.0000000000000000e+00 | 1
 13, 33 |   0.0000000000000000e+00 |   0.0000000000000000e+00 | 1
 13, 34 |   0.0000000000000000e+00 |   0.0000000000000000e+00 | 1
 13, 35 |   0.0000000000000000e+00 |   0.0000000000000000e+00 | 1
 13, 36 |   0.0000000000000000e+00 |   0.0000000000000000e+00 | 1
 13, 37 |   0.0000000000000000e+00 |   0.0000000000000000e+00 | 1
 13, 38 |   0.0000000000000000e+00 |   0.0000000000000000e+00 | 1
 13, 39 |   0.0000000000000000e+00 |   0.0000000000000000e+00 | 1
 13, 40 |   0.0000000000000000e+00 |   0.0000000000000000e+00 | 1
 13, 41 |   0.0000000000000000e+00 |   0.0000000000000000e+00 | 1
 13, 42 |   0.0000000000000000e+00 |   0.0000000000000000e+00 | 1
 14,  1 |   0.0000000000000000e+00 |   0.0000000000000000e+00 | 1
 14,  2 |   0.0000000000000000e+00 |   0.0000000000000000e+00 | 1
 14,  3 |   0.0000000000000000e+00 |   0.0000000000000000e+00 | 1
 14,  4 |   0.0000000000000000e+00 |   0.0000000000000000e+00 | 1
 14,  5 |   0.0000000000000000e+00 |   0.0000000000000000e+00 | 1
 14,  6 |   0.0000000000000000e+00 |   0.0000000000000000e+00 | 1
 14,  7 |   0.0000000000000000e+00 |   0.0000000000000000e+00 | 1
 14,  8 |   0.0000000000000000e+00 |   0.0000000000000000e+00 | 1
 14,  9 |   0.0000000000000000e+00 |   0.0000000000000000e+00 | 1
 14, 10 |   0.0000000000000000e+00 |   0.0000000000000000e+00 | 1
 14, 11 |   0.0000000000000000e+00 |   0.0000000000000000e+00 | 1
 14, 12 |   0.0000000000000000e+00 |   0.0000000000000000e+00 | 1
 14, 13 |   0.0000000000000000e+00 |   0.0000000000000000e+00 | 1
 14, 14 |   0.0000000000000000e+00 |   0.0000000000000000e+00 | 1
 14, 15 |   0.0000000000000000e+00 |   0.0000000000000000e+00 | 1
 14, 16 |   0.0000000000000000e+00 |   0.0000000000000000e+00 | 1
 14, 17 |   0.0000000000000000e+00 |   0.0000000000000000e+00 | 1
 14, 18 |   0.0000000000000000e+00 |   0.0000000000000000e+00 | 1
 14, 19 |   0.0000000000000000e+00 |   0.0000000000000000e+00 | 1
 14, 20 |   0.0000000000000000e+00 |   0.0000000000000000e+00 | 1
 14, 21 |   0.0000000000000000e+00 |   0.0000000000000000e+00 | 1
 14, 22 |   0.0000000000000000e+00 |   0.0000000000000000e+00 | 1
 14, 23 |   0.0000000000000000e+00 |   0.0000000000000000e+00 | 1
 14, 24 |   0.0000000000000000e+00 |   0.0000000000000000e+00 | 1
 14, 25 |   0.0000000000000000e+00 |   0.0000000000000000e+00 | 1
 14, 26 |   0.0000000000000000e+00 |   0.0000000000000000e+00 | 1
 14, 27 |   0.0000000000000000e+00 |   0.0000000000000000e+00 | 1
 14, 28 |   0.0000000000000000e+00 |   0.0000000000000000e+00 | 1
 14, 29 |   0.0000000000000000e+00 |   0.0000000000000000e+00 | 1
 14, 30 |   0.0000000000000000e+00 |   0.0000000000000000e+00 | 1
 14, 31 |   0.0000000000000000e+00 |   0.0000000000000000e+00 | 1
 14, 32 |   0.0000000000000000e+00 |   0.0000000000000000e+00 | 1
 14, 33 |   0.0000000000000000e+00 |   0.0000000000000000e+00 | 1
 14, 34 |   0.0000000000000000e+00 |   0.0000000000000000e+00 | 1
 14, 35 |   0.0000000000000000e+00 |   0.0000000000000000e+00 | 1
 14, 36 |   0.0000000000000000e+00 |   0.0000000000000000e+00 | 1
 14, 37 |   0.0000000000000000e+00 |   0.0000000000000000e+00 | 1
 14, 38 |   0.0000000000000000e+00 |   0.0000000000000000e+00 | 1
 14, 39 |   0.0000000000000000e+00 |   0.0000000000000000e+00 | 1
 14, 40 |   0.0000000000000000e+00 |   0.0000000000000000e+00 | 1
 14, 41 |   0.0000000000000000e+00 |   0.0000000000000000e+00 | 1
 14, 42 |   0.0000000000000000e+00 |   0.0000000000000000e+00 | 1
 15,  1 |   0.0000000000000000e+00 |   0.0000000000000000e+00 | 1
 15,  2 |   0.0000000000000000e+00 |   0.0000000000000000e+00 | 1
 15,  3 |   0.0000000000000000e+00 |   0.0000000000000000e+00 | 1
 15,  4 |   0.0000000000000000e+00 |   0.0000000000000000e+00 | 1
 15,  5 |   0.0000000000000000e+00 |   0.0000000000000000e+00 | 1
 15,  6 |   0.0000000000000000e+00 |   0.0000000000000000e+00 | 1
 15,  7 |   0.0000000000000000e+00 |   0.0000000000000000e+00 | 1
 15,  8 |   0.0000000000000000e+00 |   0.0000000000000000e+00 | 1
 15,  9 |   0.0000000000000000e+00 |   0.0000000000000000e+00 | 1
 15, 10 |   0.0000000000000000e+00 |   0.0000000000000000e+00 | 1
 15, 11 |   0.0000000000000000e+00 |   0.0000000000000000e+00 | 1
 15, 12 |   0.0000000000000000e+00 |   0.0000000000000000e+00 | 1
 15, 13 |   0.0000000000000000e+00 |   0.0000000000000000e+00 | 1
 15, 14 |   0.0000000000000000e+00 |   0.0000000000000000e+00 | 1
 15, 15 |   0.0000000000000000e+00 |   0.0000000000000000e+00 | 1
 15, 16 |   0.0000000000000000e+00 |   0.0000000000000000e+00 | 1
 15, 17 |   0.0000000000000000e+00 |   0.0000000000000000e+00 | 1
 15, 18 |   0.0000000000000000e+00 |   0.0000000000000000e+00 | 1
 15, 19 |   0.0000000000000000e+00 |   0.0000000000000000e+00 | 1
 15, 20 |   0.0000000000000000e+00 |   0.0000000000000000e+00 | 1
 15, 21 |   0.0000000000000000e+00 |   0.0000000000000000e+00 | 1
 15, 22 |   0.0000000000000000e+00 |   0.0000000000000000e+00 | 1
 15, 23 |   0.0000000000000000e+00 |   0.0000000000000000e+00 | 1
 15, 24 |   0.0000000000000000e+00 |   0.0000000000000000e+00 | 1
 15, 25 |   0.0000000000000000e+00 |   0.0000000000000000e+00 | 1
 15, 26 |   0.0000000000000000e+00 |   0.0000000000000000e+00 | 1
 15, 27 |   0.0000000000000000e+00 |   0.0000000000000000e+00 | 1
 15, 28 |   0.0000000000000000e+00 |   0.0000000000000000e+00 | 1
 15, 29 |   0.0000000000000000e+00 |   0.0000000000000000e+00 | 1
 15, 30 |   0.0000000000000000e+00 |   0.0000000000000000e+00 | 1
 15, 31 |   0.0000000000000000e+00 |   0.0000000000000000e+00 | 1
 15, 32 |   0.0000000000000000e+00 |   0.0000000000000000e+00 | 1
 15, 33 |   0.0000000000000000e+00 |   0.0000000000000000e+00 | 1
 15, 34 |   0.0000000000000000e+00 |   0.0000000000000000e+00 | 1
 15, 35 |   0.0000000000000000e+00 |   0.0000000000000000e+00 | 1
 15, 36 |   0.0000000000000000e+00 |   0.0000000000000000e+00 | 1
 15, 37 |   0.0000000000000000e+00 |   0.0000000000000000e+00 | 1
 15, 38 |   0.0000000000000000e+00 |   0.0000000000000000e+00 | 1
 15, 39 |   0.0000000000000000e+00 |   0.0000000000000000e+00 | 1
 15, 40 |   0.0000000000000000e+00 |   0.0000000000000000e+00 | 1
 15, 41 |   0.0000000000000000e+00 |   0.0000000000000000e+00 | 1
 15, 42 |   0.0000000000000000e+00 |   0.0000000000000000e+00 | 1
 16,  1 |   1.8521062906422618e-03 |   1.8521062906422618e-03 | 1
 16,  2 |   2.3467562568108692e-03 |   2.3467562568108692e-03 | 1
 16,  3 |   0.0000000000000000e+00 |   0.0000000000000000e+00 | 1
 16,  4 |   1.5542660171970228e-03 |   1.5542660171970228e-03 | 1
 16,  5 |   0.0000000000000000e+00 |   0.0000000000000000e+00 | 1
 16,  6 |   0.0000000000000000e+00 |   0.0000000000000000e+00 | 1
 16,  7 |   0.0000000000000000e+00 |   0.0000000000000000e+00 | 1
 16,  8 |   2.6752956639162296e-03 |   2.6752956639162296e-03 | 1
 16,  9 |   1.2875519244439351e-03 |   1.2875519244439351e-03 | 1
 16, 10 |   0.0000000000000000e+00 |   0.0000000000000000e+00 | 1
 16, 11 |   0.0000000000000000e+00 |   0.0000000000000000e+00 | 1
 16, 12 |  -1.1209252980740598e-03 |  -1.1209252980740598e-03 | 1
 16, 13 |   0.0000000000000000e+00 |   0.0000000000000000e+00 | 1
 16, 14 |   0.0000000000000000e+00 |   0.0000000000000000e+00 | 1
 16, 15 |   0.0000000000000000e+00 |   0.0000000000000000e+00 | 1
 16, 16 |   6.7737515847856051e-03 |   6.7737515847856051e-03 | 1
 16, 17 |   3.9094983214964926e-03 |   3.9094983214964926e-03 | 1
 16, 18 |   0.0000000000000000e+00 |   0.0000000000000000e+00 | 1
 16, 19 |   0.0000000000000000e+00 |   0.0000000000000000e+00 | 1
 16, 20 |   0.0000000000000000e+00 |   0.0000000000000000e+00 | 1
 16, 21 |   0.0000000000000000e+00 |   0.0000000000000000e+00 | 1
 16, 22 |   0.0000000000000000e+00 |   0.0000000000000000e+00 | 1
 16, 23 |   0.0000000000000000e+00 |   0.0000000000000000e+00 | 1
 16, 24 |   6.7628829018658194e-03 |   6.7628829018658194e-03 | 1
 16, 25 |   0.0000000000000000e+00 |   0.0000000000000000e+00 | 1
 16, 26 |   0.0000000000000000e+00 |   0.0000000000000000e+00 | 1
 16, 27 |   0.0000000000000000e+00 |   0.0000000000000000e+00 | 1
 16, 28 |   4.7352478986935499e-03 |   4.7352478986935499e-03 | 1
 16, 29 |   0.0000000000000000e+00 |   0.0000000000000000e+00 | 1
 16, 30 |   0.0000000000000000e+00 |   0.0000000000000000e+00 | 1
 16, 31 |   4.4145335391328998e-03 |   4.4145335391328998e-03 | 1
 16, 32 |  -3.7676613557589898e-03 |  -3.7676613557589898e-03 | 1
 16, 33 |   0.0000000000000000e+00 |   0.0000000000000000e+00 | 1
 16, 34 |   7.5678365521490813e-03 |   7.5678365521490813e-03 | 1
 16, 35 |  -4.2822894867415920e-04 |  -4.2822894867415920e-04 | 1
 16, 36 |  -7.5716781978170215e-04 |  -7.5716781978170215e-04 | 1
 16, 37 |  -1.6342624890032167e-03 |  -1.6342624890032167e-03 | 1
 16, 38 |  -1.1123254703701833e-03 |  -1.1123254703701833e-03 | 1
 16, 39 |  -8.4632020531549157e-05 |  -8.4632020531549157e-05 | 1
 16, 40 |  -3.0278621178123833e-07 |  -3.0278621178123833e-07 | 1
 16, 41 |   1.2746399927751422e-03 |   1.2746399927751422e-03 | 1
 16, 42 |   4.0805178248200444e-03 |   4.0805178248200444e-03 | 1
 17,  1 |   3.4818109834182740e-03 |   3.4818109834182740e-03 | 1
 17,  2 |   3.6200892721714182e-03 |   3.6200892721714182e-03 | 1
 17,  3 |   0.0000000000000000e+00 |   0.0000000000000000e+00 | 1
 17,  4 |   2.8845946548689992e-03 |   2.8845946548689992e-03 | 1
 17,  5 |   0.0000000000000000e+00 |   0.0000000000000000e+00 | 1
 17,  6 |   0.0000000000000000e+00 |   0.0000000000000000e+00 | 1
 17,  7 |   0.0000000000000000e+00 |   0.0000000000000000e+00 | 1
 17,  8 |   3.1150161685289945e-03 |   3.1150161685289945e-03 | 1
 17,  9 |   4.7149831647080760e-03 |   4.7149831647080760e-03 | 1
 17, 10 |   0.0000000000000000e+00 |   0.0000000000000000e+00 | 1
 17, 11 |   0.0000000000000000e+00 |   0.0000000000000000e+00 | 1
 17, 12 |   1.1553183571149672e-03 |   1.1553183571149672e-03 | 1
 17, 13 |   0.0000000000000000e+00 |   0.0000000000000000e+00 | 1
 17, 14 |   0.0000000000000000e+00 |   0.0000000000000000e+00 | 1
 17, 15 |   0.0000000000000000e+00 |   0.0000000000000000e+00 | 1
 17, 16 |   3.9094983214964926e-03 |   3.9094983214964926e-03 | 1
 17, 17 |   7.8745525138839770e-03 |   7.8745525138839770e-03 | 1
 17, 18 |   0.0000000000000000e+00 |   0.0000000000000000e+00 | 1
 17, 19 |   0.0000000000000000e+00 |   0.0000000000000000e+00 | 1
 17, 20 |   0.0000000000000000e+00 |   0.0000000000000000e+00 | 1
 17, 21 |   0.0000000000000000e+00 |   0.0000000000000000e+00 | 1
 17, 22 |   0.0000000000000000e+00 |   0.0000000000000000e+00 | 1
 17, 23 |   0.0000000000000000e+00 |   0.0000000000000000e+00 | 1
 17, 24 |   7.1218916676245502e-03 |   7.1218916676245502e-03 | 1
 17, 25 |   0.0000000000000000e+00 |   0.0000000000000000e+00 | 1
 17, 26 |   0.0000000000000000e+00 |   0.0000000000000000e+00 | 1
 17, 27 |   0.0000000000000000e+00 |   0.0000000000000000e+00 | 1
 17, 28 |   2.8989407498127163e-03 |   2.8989407498127163e-03 | 1
 17, 29 |   0.0000000000000000e+00 |   0.0000000000000000e+00 | 1
 17, 30 |   0.0000000000000000e+00 |   0.0000000000000000e+00 | 1
 17, 31 |   1.9280426186388568e-03 |   1.9280426186388568e-03 | 1
 17, 32 |  -3.1654165030013870e-03 |  -3.1654165030013870e-03 | 1
 17, 33 |   0.0000000000000000e+00 |   0.0000000000000000e+00 | 1
 17, 34 |   7.3323624302967455e-03 |   7.3323624302967455e-03 | 1
 17, 35 |  -1.5750089035237195e-03 |  -1.5750089035237195e-03 | 1
 17, 36 |  -1.5806359464448673e-03 |  -1.5806359464448673e-03 | 1
 17, 37 |  -2.0692016349472065e-03 |  -2.0692016349472065e-03 | 1
 17, 38 |  -2.3805183005345017e-03 |  -2.3805183005345017e-03 | 1
 17, 39 |  -6.9403924422772217e-05 |  -6.9403924422772217e-05 | 1
 17, 40 |  -2.8322476713327370e-07 |  -2.8322476713327370e-07 | 1
 17, 41 |   2.4930463602072387e-03 |   2.4930463602072387e-03 | 1
 17, 42 |   3.3073660613041162e-03 |   3.3073660613041162e-03 | 1
 18,  1 |   0.0000000000000000e+00 |   0.0000000000000000e+00 | 1
 18,  2 |   0.0000000000000000e+00 |   0.0000000000000000e+00 | 1
 18,  3 |   0.0000000000000000e+00 |   0.0000000000000000e+00 | 1
 18,  4 |   0.0000000000000000e+00 |   0.0000000000000000e+00 | 1
 18,  5 |   0.0000000000000000e+00 |   0.0000000000000000e+00 | 1
 18,  6 |   0.0000000000000000e+00 |   0.0000000000000000e+00 | 1
 18,  7 |   0.0000000000000000e+00 |   0.0000000000000000e+00 | 1
 18,  8 |   0.0000000000000000e+00 |   0.0000000000000000e+00 | 1
 18,  9 |   0.0000000000000000e+00 |   0.0000000000000000e+00 | 1
 18, 10 |   0.0000000000000000e+00 |   0.0000000000000000e+00 | 1
 18, 11 |   0.0000000000000000e+00 |   0.0000000000000000e+00 | 1
 18, 12 |   0.0000000000000000e+00 |   0.0000000000000000e+00 | 1
 18, 13 |   0.0000000000000000e+00 |   0.0000000000000000e+00 | 1
 18, 14 |   0.0000000000000000e+00 |   0.0000000000000000e+00 | 1
 18, 15 |   0.0000000000000000e+00 |   0.0000000000000000e+00 | 1
 18, 16 |   0.0000000000000000e+00 |   0.0000000000000000e+00 | 1
 18, 17 |   0.0000000000000000e+00 |   0.0000000000000000e+00 | 1
 18, 18 |   0.0000000000000000e+00 |   0.0000000000000000e+00 | 1
 18, 19 |   0.0000000000000000e+00 |   0.0000000000000000e+00 | 1
 18, 20 |   0.0000000000000000e+00 |   0.0000000000000000e+00 | 1
 18, 21 |   0.0000000000000000e+00 |   0.0000000000000000e+00 | 1
 18, 22 |   0.0000000000000000e+00 |   0.0000000000000000e+00 | 1
 18, 23 |   0.0000000000000000e+00 |   0.0000000000000000e+00 | 1
 18, 24 |   0.0000000000000000e+00 |   0.0000000000000000e+00 | 1
 18, 25 |   0.0000000000000000e+00 |   0.0000000000000000e+00 | 1
 18, 26 |   0.0000000000000000e+00 |   0.0000000000000000e+00 | 1
 18, 27 |   0.0000000000000000e+00 |   0.0000000000000000e+00 | 1
 18, 28 |   0.0000000000000000e+00 |   0.0000000000000000e+00 | 1
 18, 29 |   0.0000000000000000e+00 |   0.0000000000000000e+00 | 1
 18, 30 |   0.0000000000000000e+00 |   0.0000000000000000e+00 | 1
 18, 31 |   0.0000000000000000e+00 |   0.0000000000000000e+00 | 1
 18, 32 |   0.0000000000000000e+00 |   0.0000000000000000e+00 | 1
 18, 33 |   0.0000000000000000e+00 |   0.0000000000000000e+00 | 1
 18, 34 |   0.0000000000000000e+00 |   0.0000000000000000e+00 | 1
 18, 35 |   0.0000000000000000e+00 |   0.0000000000000000e+00 | 1
 18, 36 |   0.0000000000000000e+00 |   0.0000000000000000e+00 | 1
 18, 37 |   0.0000000000000000e+00 |   0.0000000000000000e+00 | 1
 18, 38 |   0.0000000000000000e+00 |   0.0000000000000000e+00 | 1
 18, 39 |   0.0000000000000000e+00 |   0.0000000000000000e+00 | 1
 18, 40 |   0.0000000000000000e+00 |   0.0000000000000000e+00 | 1
 18, 41 |   0.0000000000000000e+00 |   0.0000000000000000e+00 | 1
 18, 42 |   0.0000000000000000e+00 |   0.0000000000000000e+00 | 1
 19,  1 |   0.0000000000000000e+00 |   0.0000000000000000e+00 | 1
 19,  2 |   0.0000000000000000e+00 |   0.0000000000000000e+00 | 1
 19,  3 |   0.0000000000000000e+00 |   0.0000000000000000e+00 | 1
 19,  4 |   0.0000000000000000e+00 |   0.0000000000000000e+00 | 1
 19,  5 |   0.0000000000000000e+00 |   0.0000000000000000e+00 | 1
 19,  6 |   0.0000000000000000e+00 |   0.0000000000000000e+00 | 1
 19,  7 |   0.0000000000000000e+00 |   0.0000000000000000e+00 | 1
 19,  8 |   0.0000000000000000e+00 |   0.0000000000000000e+00 | 1
 19,  9 |   0.0000000000000000e+00 |   0.0000000000000000e+00 | 1
 19, 10 |   0.0000000000000000e+00 |   0.0000000000000000e+00 | 1
 19, 11 |   0.0000000000000000e+00 |   0.0000000000000000e+00 | 1
 19, 12 |   0.0000000000000000e+00 |   0.0000000000000000e+00 | 1
 19, 13 |   0.0000000000000000e+00 |   0.0000000000000000e+00 | 1
 19, 14 |   0.0000000000000000e+00 |   0.0000000000000000e+00 | 1
 19, 15 |   0.0000000000000000e+00 |   0.0000000000000000e+00 | 1
 19, 16 |   0.0000000000000000e+00 |   0.0000000000000000e+00 | 1
 19, 17 |   0.0000000000000000e+00 |   0.0000000000000000e+00 | 1
 19, 18 |   0.0000000000000000e+00 |   0.0000000000000000e+00 | 1
 19, 19 |   0.0000000000000000e+00 |   0.0000000000000000e+00 | 1
 19, 20 |   0.0000000000000000e+00 |   0.0000000000000000e+00 | 1
 19, 21 |   0.0000000000000000e+00 |   0.0000000000000000e+00 | 1
 19, 22 |   0.0000000000000000e+00 |   0.0000000000000000e+00 | 1
 19, 23 |   0.0000000000000000e+00 |   0.0000000000000000e+00 | 1
 19, 24 |   0.0000000000000000e+00 |   0.0000000000000000e+00 | 1
 19, 25 |   0.0000000000000000e+00 |   0.0000000000000000e+00 | 1
 19, 26 |   0.0000000000000000e+00 |   0.0000000000000000e+00 | 1
 19, 27 |   0.0000000000000000e+00 |   0.0000000000000000e+00 | 1
 19, 28 |   0.0000000000000000e+00 |   0.0000000000000000e+00 | 1
 19, 29 |   0.0000000000000000e+00 |   0.0000000000000000e+00 | 1
 19, 30 |   0.0000000000000000e+00 |   0.0000000000000000e+00 | 1
 19, 31 |   0.0000000000000000e+00 |   0.0000000000000000e+00 | 1
 19, 32 |   0.0000000000000000e+00 |   0.0000000000000000e+00 | 1
 19, 33 |   0.0000000000000000e+00 |   0.0000000000000000e+00 | 1
 19, 34 |   0.0000000000000000e+00 |   0.0000000000000000e+00 | 1
 19, 35 |   0.0000000000000000e+00 |   0.0000000000000000e+00 | 1
 19, 36 |   0.0000000000000000e+00 |   0.0000000000000000e+00 | 1
 19, 37 |   0.0000000000000000e+00 |   0.0000000000000000e+00 | 1
 19, 38 |   0.0000000000000000e+00 |   0.0000000000000000e+00 | 1
 19, 39 |   0.0000000000000000e+00 |   0.0000000000000000e+00 | 1
 19, 40 |   0.0000000000000000e+00 |   0.0000000000000000e+00 | 1
 19, 41 |   0.0000000000000000e+00 |   0.0000000000000000e+00 | 1
 19, 42 |   0.0000000000000000e+00 |   0.0000000000000000e+00 | 1
 20,  1 |   0.0000000000000000e+00 |   0.0000000000000000e+00 | 1
 20,  2 |   0.0000000000000000e+00 |   0.0000000000000000e+00 | 1
 20,  3 |   0.0000000000000000e+00 |   0.0000000000000000e+00 | 1
 20,  4 |   0.0000000000000000e+00 |   0.0000000000000000e+00 | 1
 20,  5 |   0.0000000000000000e+00 |   0.0000000000000000e+00 | 1
 20,  6 |   0.0000000000000000e+00 |   0.0000000000000000e+00 | 1
 20,  7 |   0.0000000000000000e+00 |   0.0000000000000000e+00 | 1
 20,  8 |   0.0000000000000000e+00 |   0.0000000000000000e+00 | 1
 20,  9 |   0.0000000000000000e+00 |   0.0000000000000000e+00 | 1
 20, 10 |   0.0000000000000000e+00 |   0.0000000000000000e+00 | 1
 20, 11 |   0.0000000000000000e+00 |   0.0000000000000000e+00 | 1
 20, 12 |   0.0000000000000000e+00 |   0.0000000000000000e+00 | 1
 20, 13 |   0.0000000000000000e+00 |   0.0000000000000000e+00 | 1
 20, 14 |   0.0000000000000000e+00 |   0.0000000000000000e+00 | 1
 20, 15 |   0.0000000000000000e+00 |   0.0000000000000000e+00 | 1
 20, 16 |   0.0000000000000000e+00 |   0.0000000000000000e+00 | 1
 20, 17 |   0.0000000000000000e+00 |   0.0000000000000000e+00 | 1
 20, 18 |   0.0000000000000000e+00 |   0.0000000000000000e+00 | 1
 20, 19 |   0.0000000000000000e+00 |   0.0000000000000000e+00 | 1
 20, 20 |   0.0000000000000000e+00 |   0.0000000000000000e+00 | 1
 20, 21 |   0.0000000000000000e+00 |   0.0000000000000000e+00 | 1
 20, 22 |   0.0000000000000000e+00 |   0.0000000000000000e+00 | 1
 20, 23 |   0.0000000000000000e+00 |   0.0000000000000000e+00 | 1
 20, 24 |   0.0000000000000000e+00 |   0.0000000000000000e+00 | 1
 20, 25 |   0.0000000000000000e+00 |   0.0000000000000000e+00 | 1
 20, 26 |   0.0000000000000000e+00 |   0.0000000000000000e+00 | 1
 20, 27 |   0.0000000000000000e+00 |   0.0000000000000000e+00 | 1
 20, 28 |   0.0000000000000000e+00 |   0.0000000000000000e+00 | 1
 20, 29 |   0.0000000000000000e+00 |   0.0000000000000000e+00 | 1
 20, 30 |   0.0000000000000000e+00 |   0.0000000000000000e+00 | 1
 20, 31 |   0.0000000000000000e+00 |   0.0000000000000000e+00 | 1
 20, 32 |   0.0000000000000000e+00 |   0.0000000000000000e+00 | 1
 20, 33 |   0.0000000000000000e+00 |   0.0000000000000000e+00 | 1
 20, 34 |   0.0000000000000000e+00 |   0.0000000000000000e+00 | 1
 20, 35 |   0.0000000000000000e+00 |   0.0000000000000000e+00 | 1
 20, 36 |   0.0000000000000000e+00 |   0.0000000000000000e+00 | 1
 20, 37 |   0.0000000000000000e+00 |   0.0000000000000000e+00 | 1
 20, 38 |   0.0000000000000000e+00 |   0.0000000000000000e+00 | 1
 20, 39 |   0.0000000000000000e+00 |   0.0000000000000000e+00 | 1
 20, 40 |   0.0000000000000000e+00 |   0.0000000000000000e+00 | 1
 20, 41 |   0.0000000000000000e+00 |   0.0000000000000000e+00 | 1
 20, 42 |   0.0000000000000000e+00 |   0.0000000000000000e+00 | 1
 21,  1 |   0.0000000000000000e+00 |   0.0000000000000000e+00 | 1
 21,  2 |   0.0000000000000000e+00 |   0.0000000000000000e+00 | 1
 21,  3 |   0.0000000000000000e+00 |   0.0000000000000000e+00 | 1
 21,  4 |   0.0000000000000000e+00 |   0.0000000000000000e+00 | 1
 21,  5 |   0.0000000000000000e+00 |   0.0000000000000000e+00 | 1
 21,  6 |   0.0000000000000000e+00 |   0.0000000000000000e+00 | 1
 21,  7 |   0.0000000000000000e+00 |   0.0000000000000000e+00 | 1
 21,  8 |   0.0000000000000000e+00 |   0.0000000000000000e+00 | 1
 21,  9 |   0.0000000000000000e+00 |   0.0000000000000000e+00 | 1
 21, 10 |   0.0000000000000000e+00 |   0.0000000000000000e+00 | 1
 21, 11 |   0.0000000000000000e+00 |   0.0000000000000000e+00 | 1
 21, 12 |   0.0000000000000000e+00 |   0.0000000000000000e+00 | 1
 21, 13 |   0.0000000000000000e+00 |   0.0000000000000000e+00 | 1
 21, 14 |   0.0000000000000000e+00 |   0.0000000000000000e+00 | 1
 21, 15 |   0.0000000000000000e+00 |   0.0000000000000000e+00 | 1
 21, 16 |   0.0000000000000000e+00 |   0.0000000000000000e+00 | 1
 21, 17 |   0.0000000000000000e+00 |   0.0000000000000000e+00 | 1
 21, 18 |   0.0000000000000000e+00 |   0.0000000000000000e+00 | 1
 21, 19 |   0.0000000000000000e+00 |   0.0000000000000000e+00 | 1
 21, 20 |   0.0000000000000000e+00 |   0.0000000000000000e+00 | 1
 21, 21 |   0.0000000000000000e+00 |   0.0000000000000000e+00 | 1
 21, 22 |   0.0000000000000000e+00 |   0.0000000000000000e+00 | 1
 21, 23 |   0.0000000000000000e+00 |   0.0000000000000000e+00 | 1
 21, 24 |   0.0000000000000000e+00 |   0.0000000000000000e+00 | 1
 21, 25 |   0.0000000000000000e+00 |   0.0000000000000000e+00 | 1
 21, 26 |   0.0000000000000000e+00 |   0.0000000000000000e+00 | 1
 21, 27 |   0.0000000000000000e+00 |   0.0000000000000000e+00 | 1
 21, 28 |   0.0000000000000000e+00 |   0.0000000000000000e+00 | 1
 21, 29 |   0.0000000000000000e+00 |   0.0000000000000000e+00 | 1
 21, 30 |   0.0000000000000000e+00 |   0.0000000000000000e+00 | 1
 21, 31 |   0.0000000000000000e+00 |   0.0000000000000000e+00 | 1
 21, 32 |   0.0000000000000000e+00 |   0.0000000000000000e+00 | 1
 21, 33 |   0.0000000000000000e+00 |   0.0000000000000000e+00 | 1
 21, 34 |   0.0000000000000000e+00 |   0.0000000000000000e+00 | 1
 21, 35 |   0.0000000000000000e+00 |   0.0000000000000000e+00 | 1
 21, 36 |   0.0000000000000000e+00 |   0.0000000000000000e+00 | 1
 21, 37 |   0.0000000000000000e+00 |   0.0000000000000000e+00 | 1
 21, 38 |   0.0000000000000000e+00 |   0.0000000000000000e+00 | 1
 21, 39 |   0.0000000000000000e+00 |   0.0000000000000000e+00 | 1
 21, 40 |   0.0000000000000000e+00 |   0.0000000000000000e+00 | 1
 21, 41 |   0.0000000000000000e+00 |   0.0000000000000000e+00 | 1
 21, 42 |   0.0000000000000000e+00 |   0.0000000000000000e+00 | 1
 22,  1 |   0.0000000000000000e+00 |   0.0000000000000000e+00 | 1
 22,  2 |   0.0000000000000000e+00 |   0.0000000000000000e+00 | 1
 22,  3 |   0.0000000000000000e+00 |   0.0000000000000000e+00 | 1
 22,  4 |   0.0000000000000000e+00 |   0.0000000000000000e+00 | 1
 22,  5 |   0.0000000000000000e+00 |   0.0000000000000000e+00 | 1
 22,  6 |   0.0000000000000000e+00 |   0.0000000000000000e+00 | 1
 22,  7 |   0.0000000000000000e+00 |   0.0000000000000000e+00 | 1
 22,  8 |   0.0000000000000000e+00 |   0.0000000000000000e+00 | 1
 22,  9 |   0.0000000000000000e+00 |   0.0000000000000000e+00 | 1
 22, 10 |   0.0000000000000000e+00 |   0.0000000000000000e+00 | 1
 22, 11 |   0.0000000000000000e+00 |   0.0000000000000000e+00 | 1
 22, 12 |   0.0000000000000000e+00 |   0.0000000000000000e+00 | 1
 22, 13 |   0.0000000000000000e+00 |   0.0000000000000000e+00 | 1
 22, 14 |   0.0000000000000000e+00 |   0.0000000000000000e+00 | 1
 22, 15 |   0.0000000000000000e+00 |   0.0000000000000000e+00 | 1
 22, 16 |   0.0000000000000000e+00 |   0.0000000000000000e+00 | 1
 22, 17 |   0.0000000000000000e+00 |   0.0000000000000000e+00 | 1
 22, 18 |   0.0000000000000000e+00 |   0.0000000000000000e+00 | 1
 22, 19 |   0.0000000000000000e+00 |   0.0000000000000000e+00 | 1
 22, 20 |   0.0000000000000000e+00 |   0.0000000000000000e+00 | 1
 22, 21 |   0.0000000000000000e+00 |   0.0000000000000000e+00 | 1
 22, 22 |   0.0000000000000000e+00 |   0.0000000000000000e+00 | 1
 22, 23 |   0.0000000000000000e+00 |   0.0000000000000000e+00 | 1
 22, 24 |   0.0000000000000000e+00 |   0.0000000000000000e+00 | 1
 22, 25 |   0.0000000000000000e+00 |   0.0000000000000000e+00 | 1
 22, 26 |   0.0000000000000000e+00 |   0.0000000000000000e+00 | 1
 22, 27 |   0.0000000000000000e+00 |   0.0000000000000000e+00 | 1
 22, 28 |   0.0000000000000000e+00 |   0.0000000000000000e+00 | 1
 22, 29 |   0.0000000000000000e+00 |   0.0000000000000000e+00 | 1
 22, 30 |   0.0000000000000000e+00 |   0.0000000000000000e+00 | 1
 22, 31 |   0.0000000000000000e+00 |   0.0000000000000000e+00 | 1
 22, 32 |   0.0000000000000000e+00 |   0.0000000000000000e+00 | 1
 22, 33 |   0.0000000000000000e+00 |   0.0000000000000000e+00 | 1
 22, 34 |   0.0000000000000000e+00 |   0.0000000000000000e+00 | 1
 22, 35 |   0.0000000000000000e+00 |   0.0000000000000000e+00 | 1
 22, 36 |   0.0000000000000000e+00 |   0.0000000000000000e+00 | 1
 22, 37 |   0.0000000000000000e+00 |   0.0000000000000000e+00 | 1
 22, 38 |   0.0000000000000000e+00 |   0.0000000000000000e+00 | 1
 22, 39 |   0.0000000000000000e+00 |   0.0000000000000000e+00 | 1
 22, 40 |   0.0000000000000000e+00 |   0.0000000000000000e+00 | 1
 22, 41 |   0.0000000000000000e+00 |   0.0000000000000000e+00 | 1
 22, 42 |   0.0000000000000000e+00 |   0.0000000000000000e+00 | 1
 23,  1 |   0.0000000000000000e+00 |   0.0000000000000000e+00 | 1
 23,  2 |   0.0000000000000000e+00 |   0.0000000000000000e+00 | 1
 23,  3 |   0.0000000000000000e+00 |   0.0000000000000000e+00 | 1
 23,  4 |   0.0000000000000000e+00 |   0.0000000000000000e+00 | 1
 23,  5 |   0.0000000000000000e+00 |   0.0000000000000000e+00 | 1
 23,  6 |   0.0000000000000000e+00 |   0.0000000000000000e+00 | 1
 23,  7 |   0.0000000000000000e+00 |   0.0000000000000000e+00 | 1
 23,  8 |   0.0000000000000000e+00 |   0.0000000000000000e+00 | 1
 23,  9 |   0.0000000000000000e+00 |   0.0000000000000000e+00 | 1
 23, 10 |   0.0000000000000000e+00 |   0.0000000000000000e+00 | 1
 23, 11 |   0.0000000000000000e+00 |   0.0000000000000000e+00 | 1
 23, 12 |   0.0000000000000000e+00 |   0.0000000000000000e+00 | 1
 23, 13 |   0.0000000000000000e+00 |   0.0000000000000000e+00 | 1
 23, 14 |   0.0000000000000000e+00 |   0.0000000000000000e+00 | 1
 23, 15 |   0.0000000000000000e+00 |   0.0000000000000000e+00 | 1
 23, 16 |   0.0000000000000000e+00 |   0.0000000000000000e+00 | 1
 23, 17 |   0.0000000000000000e+00 |   0.0000000000000000e+00 | 1
 23, 18 |   0.0000000000000000e+00 |   0.0000000000000000e+00 | 1
 23, 19 |   0.0000000000000000e+00 |   0.0000000000000000e+00 | 1
 23, 20 |   0.0000000000000000e+00 |   0.0000000000000000e+00 | 1
 23, 21 |   0.0000000000000000e+00 |   0.0000000000000000e+00 | 1
 23, 22 |   0.0000000000000000e+00 |   0.0000000000000000e+00 | 1
 23, 23 |   0.0000000000000000e+00 |   0.0000000000000000e+00 | 1
 23, 24 |   0.0000000000000000e+00 |   0.0000000000000000e+00 | 1
 23, 25 |   0.0000000000000000e+00 |   0.0000000000000000e+00 | 1
 23, 26 |   0.0000000000000000e+00 |   0.0000000000000000e+00 | 1
 23, 27 |   0.0000000000000000e+00 |   0.0000000000000000e+00 | 1
 23, 28 |   0.0000000000000000e+00 |   0.0000000000000000e+00 | 1
 23, 29 |   0.0000000000000000e+00 |   0.0000000000000000e+00 | 1
 23, 30 |   0.0000000000000000e+00 |   0.0000000000000000e+00 | 1
 23, 31 |   0.0000000000000000e+00 |   0.0000000000000000e+00 | 1
 23, 32 |   0.0000000000000000e+00 |   0.0000000000000000e+00 | 1
 23, 33 |   0.0000000000000000e+00 |   0.0000000000000000e+00 | 1
 23, 34 |   0.0000000000000000e+00 |   0.0000000000000000e+00 | 1
 23, 35 |   0.0000000000000000e+00 |   0.0000000000000000e+00 | 1
 23, 36 |   0.0000000000000000e+00 |   0.0000000000000000e+00 | 1
 23, 37 |   0.0000000000000000e+00 |   0.0000000000000000e+00 | 1
 23, 38 |   0.0000000000000000e+00 |   0.0000000000000000e+00 | 1
 23, 39 |   0.0000000000000000e+00 |   0.0000000000000000e+00 | 1
 23, 40 |   0.0000000000000000e+00 |   0.0000000000000000e+00 | 1
 23, 41 |   0.0000000000000000e+00 |   0.0000000000000000e+00 | 1
 23, 42 |   0.0000000000000000e+00 |   0.0000000000000000e+00 | 1
 24,  1 |   5.5755359907465399e-03 |   5.5755359907465399e-03 | 1
 24,  2 |   5.8516648864968390e-03 |   5.8516648864968390e-03 | 1
 24,  3 |   0.0000000000000000e+00 |   0.0000000000000000e+00 | 1
 24,  4 |   4.9200401807357264e-03 |   4.9200401807357264e-03 | 1
 24,  5 |   0.0000000000000000e+00 |   0.0000000000000000e+00 | 1
 24,  6 |   0.0000000000000000e+00 |   0.0000000000000000e+00 | 1
 24,  7 |   0.0000000000000000e+00 |   0.0000000000000000e+00 | 1
 24,  8 |   7.1435551524999356e-03 |   7.1435551524999356e-03 | 1
 24,  9 |   7.2239302390317032e-03 |   7.2239302390317032e-03 | 1
 24, 10 |   0.0000000000000000e+00 |   0.0000000000000000e+00 | 1
 24, 11 |   0.0000000000000000e+00 |   0.0000000000000000e+00 | 1
 24, 12 |   3.0557568189946479e-03 |   3.0557568189946479e-03 | 1
 24, 13 |   0.0000000000000000e+00 |   0.0000000000000000e+00 | 1
 24, 14 |   0.0000000000000000e+00 |   0.0000000000000000e+00 | 1
 24, 15 |   0.0000000000000000e+00 |   0.0000000000000000e+00 | 1
 24, 16 |   6.7628829018658194e-03 |   6.7628829018658194e-03 | 1
 24, 17 |   7.1218916676245502e-03 |   7.1218916676245502e-03 | 1
 24, 18 |   0.0000000000000000e+00 |   0.0000000000000000e+00 | 1
 24, 19 |   0.0000000000000000e+00 |   0.0000000000000000e+00 | 1
 24, 20 |   0.0000000000000000e+00 |   0.0000000000000000e+00 | 1
 24, 21 |   0.0000000000000000e+00 |   0.0000000000000000e+00 | 1
 24, 22 |   0.0000000000000000e+00 |   0.0000000000000000e+00 | 1
 24, 23 |   0.0000000000000000e+00 |   0.0000000000000000e+00 | 1
 24, 24 |   2.0184729904540892e-02 |   2.0184729904540892e-02 | 1
 24, 25 |   0.0000000000000000e+00 |   0.0000000000000000e+00 | 1
 24, 26 |   0.0000000000000000e+00 |   0.0000000000000000e+00 | 1
 24, 27 |   0.0000000000000000e+00 |   0.0000000000000000e+00 | 1
 24, 28 |   8.2394027655891995e-03 |   8.2394027655891995e-03 | 1
 24, 29 |   0.0000000000000000e+00 |   0.0000000000000000e+00 | 1
 24, 30 |   0.0000000000000000e+00 |   0.0000000000000000e+00 | 1
 24, 31 |   1.1416751844046797e-02 |   1.1416751844046797e-02 | 1
 24, 32 |  -3.1105176154413157e-03 |  -3.1105176154413157e-03 | 1
 24, 33 |   0.0000000000000000e+00 |   0.0000000000000000e+00 | 1
 24, 34 |   1.3100482112599513e-02 |   1.3100482112599513e-02 | 1
 24, 35 |  -2.9234276458951981e-03 |  -2.9234276458951981e-03 | 1
 24, 36 |  -4.2221172334786262e-03 |  -4.2221172334786262e-03 | 1
 24, 37 |  -5.8007023917531200e-03 |  -5.8007023917531200e-03 | 1
 24, 38 |  -6.1976653771431880e-03 |  -6.1976653771431880e-03 | 1
 24, 39 |  -3.5230438564611298e-04 |  -3.5230438564611298e-04 | 1
 24, 40 |  -2.0265616956346497e-07 |  -2.0265616956346497e-07 | 1
 24, 41 |   5.6756236144687860e-03 |   5.6756236144687860e-03 | 1
 24, 42 |   7.3579819456039818e-03 |   7.3579819456039818e-03 | 1
 25,  1 |   0.0000000000000000e+00 |   0.0000000000000000e+00 | 1
 25,  2 |   0.0000000000000000e+00 |   0.0000000000000000e+00 | 1
 25,  3 |   0.0000000000000000e+00 |   0.0000000000000000e+00 | 1
 25,  4 |   0.0000000000000000e+00 |   0.0000000000000000e+00 | 1
 25,  5 |   0.0000000000000000e+00 |   0.0000000000000000e+00 | 1
 25,  6 |   0.0000000000000000e+00 |   0.0000000000000000e+00 | 1
 25,  7 |   0.0000000000000000e+00 |   0.0000000000000000e+00 | 1
 25,  8 |   0.0000000000000000e+00 |   0.0000000000000000e+00 | 1
 25,  9 |   0.0000000000000000e+00 |   0.0000000000000000e+00 | 1
 25, 10 |   0.0000000000000000e+00 |   0.0000000000000000e+00 | 1
 25, 11 |   0.0000000000000000e+00 |   0.0000000000000000e+00 | 1
 25, 12 |   0.0000000000000000e+00 |   0.0000000000000000e+00 | 1
 25, 13 |   0.0000000000000000e+00 |   0.0000000000000000e+00 | 1
 25, 14 |   0.0000000000000000e+00 |   0.0000000000000000e+00 | 1
 25, 15 |   0.0000000000000000e+00 |   0.0000000000000000e+00 | 1
 25, 16 |   0.0000000000000000e+00 |   0.0000000000000000e+00 | 1
 25, 17 |   0.0000000000000000e+00 |   0.0000000000000000e+00 | 1
 25, 18 |   0.0000000000000000e+00 |   0.0000000000000000e+00 | 1
 25, 19 |   0.0000000000000000e+00 |   0.0000000000000000e+00 | 1
 25, 20 |   0.0000000000000000e+00 |   0.0000000000000000e+00 | 1
 25, 21 |   0.0000000000000000e+00 |   0.0000000000000000e+00 | 1
 25, 22 |   0.0000000000000000e+00 |   0.0000000000000000e+00 | 1
 25, 23 |   0.0000000000000000e+00 |   0.0000000000000000e+00 | 1
 25, 24 |   0.0000000000000000e+00 |   0.0000000000000000e+00 | 1
 25, 25 |   0.0000000000000000e+00 |   0.0000000000000000e+00 | 1
 25, 26 |   0.0000000000000000e+00 |   0.0000000000000000e+00 | 1
 25, 27 |   0.0000000000000000e+00 |   0.0000000000000000e+00 | 1
 25, 28 |   0.0000000000000000e+00 |   0.0000000000000000e+00 | 1
 25, 29 |   0.0000000000000000e+00 |   0.0000000000000000e+00 | 1
 25, 30 |   0.0000000000000000e+00 |   0.0000000000000000e+00 | 1
 25, 31 |   0.0000000000000000e+00 |   0.0000000000000000e+00 | 1
 25, 32 |   0.0000000000000000e+00 |   0.0000000000000000e+00 | 1
 25, 33 |   0.0000000000000000e+00 |   0.0000000000000000e+00 | 1
 25, 34 |   0.0000000000000000e+00 |   0.0000000000000000e+00 | 1
 25, 35 |   0.0000000000000000e+00 |   0.0000000000000000e+00 | 1
 25, 36 |   0.0000000000000000e+00 |   0.0000000000000000e+00 | 1
 25, 37 |   0.0000000000000000e+00 |   0.0000000000000000e+00 | 1
 25, 38 |   0.0000000000000000e+00 |   0.0000000000000000e+00 | 1
 25, 39 |   0.0000000000000000e+00 |   0.0000000000000000e+00 | 1
 25, 40 |   0.0000000000000000e+00 |   0.0000000000000000e+00 | 1
 25, 41 |   0.0000000000000000e+00 |   0.0000000000000000e+00 | 1
 25, 42 |   0.0000000000000000e+00 |   0.0000000000000000e+00 | 1
 26,  1 |   0.0000000000000000e+00 |   0.0000000000000000e+00 | 1
 26,  2 |   0.0000000000000000e+00 |   0.0000000000000000e+00 | 1
 26,  3 |   0.0000000000000000e+00 |   0.0000000000000000e+00 | 1
 26,  4 |   0.0000000000000000e+00 |   0.0000000000000000e+00 | 1
 26,  5 |   0.0000000000000000e+00 |   0.0000000000000000e+00 | 1
 26,  6 |   0.0000000000000000e+00 |   0.0000000000000000e+00 | 1
 26,  7 |   0.0000000000000000e+00 |   0.0000000000000000e+00 | 1
 26,  8 |   0.0000000000000000e+00 |   0.0000000000000000e+00 | 1
 26,  9 |   0.0000000000000000e+00 |   0.0000000000000000e+00 | 1
 26, 10 |   0.0000000000000000e+00 |   0.0000000000000000e+00 | 1
 26, 11 |   0.0000000000000000e+00 |   0.0000000000000000e+00 | 1
 26, 12 |   0.0000000000000000e+00 |   0.0000000000000000e+00 | 1
 26, 13 |   0.0000000000000000e+00 |   0.0000000000000000e+00 | 1
 26, 14 |   0.0000000000000000e+00 |   0.0000000000000000e+00 | 1
 26, 15 |   0.0000000000000000e+00 |   0.0000000000000000e+00 | 1
 26, 16 |   0.0000000000000000e+00 |   0.0000000000000000e+00 | 1
 26, 17 |   0.0000000000000000e+00 |   0.0000000000000000e+00 | 1
 26, 18 |   0.0000000000000000e+00 |   0.0000000000000000e+00 | 1
 26, 19 |   0.0000000000000000e+00 |   0.0000000000000000e+00 | 1
 26, 20 |   0.0000000000000000e+00 |   0.0000000000000000e+00 | 1
 26, 21 |   0.0000000000000000e+00 |   0.0000000000000000e+00 | 1
 26, 22 |   0.0000000000000000e+00 |   0.0000000000000000e+00 | 1
 26, 23 |   0.0000000000000000e+00 |   0.0000000000000000e+00 | 1
 26, 24 |   0.0000000000000000e+00 |   0.0000000000000000e+00 | 1
 26, 25 |   0.0000000000000000e+00 |   0.0000000000000000e+00 | 1
 26, 26 |   0.0000000000000000e+00 |   0.0000000000000000e+00 | 1
 26, 27 |   0.0000000000000000e+00 |   0.0000000000000000e+00 | 1
 26, 28 |   0.0000000000000000e+00 |   0.0000000000000000e+00 | 1
 26, 29 |   0.0000000000000000e+00 |   0.0000000000000000e+00 | 1
 26, 30 |   0.0000000000000000e+00 |   0.0000000000000000e+00 | 1
 26, 31 |   0.0000000000000000e+00 |   0.0000000000000000e+00 | 1
 26, 32 |   0.0000000000000000e+00 |   0.0000000000000000e+00 | 1
 26, 33 |   0.0000000000000000e+00 |   0.0000000000000000e+00 | 1
 26, 34 |   0.0000000000000000e+00 |   0.0000000000000000e+00 | 1
 26, 35 |   0.0000000000000000e+00 |   0.0000000000000000e+00 | 1
 26, 36 |   0.0000000000000000e+00 |   0.0000000000000000e+00 | 1
 26, 37 |   0.0000000000000000e+00 |   0.0000000000000000e+00 | 1
 26, 38 |   0.0000000000000000e+00 |   0.0000000000000000e+00 | 1
 26, 39 |   0.0000000000000000e+00 |   0.0000000000000000e+00 | 1
 26, 40 |   0.0000000000000000e+00 |   0.0000000000000000e+00 | 1
 26, 41 |   0.0000000000000000e+00 |   0.0000000000000000e+00 | 1
 26, 42 |   0.0000000000000000e+00 |   0.0000000000000000e+00 | 1
 27,  1 |   0.0000000000000000e+00 |   0.0000000000000000e+00 | 1
 27,  2 |   0.0000000000000000e+00 |   0.0000000000000000e+00 | 1
 27,  3 |   0.0000000000000000e+00 |   0.0000000000000000e+00 | 1
 27,  4 |   0.0000000000000000e+00 |   0.0000000000000000e+00 | 1
 27,  5 |   0.0000000000000000e+00 |   0.0000000000000000e+00 | 1
 27,  6 |   0.0000000000000000e+00 |   0.0000000000000000e+00 | 1
 27,  7 |   0.0000000000000000e+00 |   0.0000000000000000e+00 | 1
 27,  8 |   0.0000000000000000e+00 |   0.0000000000000000e+00 | 1
 27,  9 |   0.0000000000000000e+00 |   0.0000000000000000e+00 | 1
 27, 10 |   0.0000000000000000e+00 |   0.0000000000000000e+00 | 1
 27, 11 |   0.0000000000000000e+00 |   0.0000000000000000e+00 | 1
 27, 12 |   0.0000000000000000e+00 |   0.0000000000000000e+00 | 1
 27, 13 |   0.0000000000000000e+00 |   0.0000000000000000e+00 | 1
 27, 14 |   0.0000000000000000e+00 |   0.0000000000000000e+00 | 1
 27, 15 |   0.0000000000000000e+00 |   0.0000000000000000e+00 | 1
 27, 16 |   0.0000000000000000e+00 |   0.0000000000000000e+00 | 1
 27, 17 |   0.0000000000000000e+00 |   0.0000000000000000e+00 | 1
 27, 18 |   0.0000000000000000e+00 |   0.0000000000000000e+00 | 1
 27, 19 |   0.0000000000000000e+00 |   0.0000000000000000e+00 | 1
 27, 20 |   0.0000000000000000e+00 |   0.0000000000000000e+00 | 1
 27, 21 |   0.0000000000000000e+00 |   0.0000000000000000e+00 | 1
 27, 22 |   0.0000000000000000e+00 |   0.0000000000000000e+00 | 1
 27, 23 |   0.0000000000000000e+00 |   0.0000000000000000e+00 | 1
 27, 24 |   0.0000000000000000e+00 |   0.0000000000000000e+00 | 1
 27, 25 |   0.0000000000000000e+00 |   0.0000000000000000e+00 | 1
 27, 26 |   0.0000000000000000e+00 |   0.0000000000000000e+00 | 1
 27, 27 |   0.0000000000000000e+00 |   0.0000000000000000e+00 | 1
 27, 28 |   0.0000000000000000e+00 |   0.0000000000000000e+00 | 1
 27, 29 |   0.0000000000000000e+00 |   0.0000000000000000e+00 | 1
 27, 30 |   0.0000000000000000e+00 |   0.0000000000000000e+00 | 1
 27, 31 |   0.0000000000000000e+00 |   0.0000000000000000e+00 | 1
 27, 32 |   0.0000000000000000e+00 |   0.0000000000000000e+00 | 1
 27, 33 |   0.0000000000000000e+00 |   0.0000000000000000e+00 | 1
 27, 34 |   0.0000000000000000e+00 |   0.0000000000000000e+00 | 1
 27, 35 |   0.0000000000000000e+00 |   0.0000000000000000e+00 | 1
 27, 36 |   0.0000000000000000e+00 |   0.0000000000000000e+00 | 1
 27, 37 |   0.0000000000000000e+00 |   0.0000000000000000e+00 | 1
 27, 38 |   0.0000000000000000e+00 |   0.0000000000000000e+00 | 1
 27, 39 |   0.0000000000000000e+00 |   0.0000000000000000e+00 | 1
 27, 40 |   0.0000000000000000e+00 |   0.0000000000000000e+00 | 1
 27, 41 |   0.0000000000000000e+00 |   0.0000000000000000e+00 | 1
 27, 42 |   0.0000000000000000e+00 |   0.0000000000000000e+00 | 1
 28,  1 |   3.5021396308071865e-03 |   3.5021396308071865e-03 | 1
 28,  2 |   2.1518046371145905e-03 |   2.1518046371145905e-03 | 1
 28,  3 |   0.0000000000000000e+00 |   0.0000000000000000e+00 | 1
 28,  4 |   2.9290174742612786e-03 |   2.9290174742612786e-03 | 1
 28,  5 |   0.0000000000000000e+00 |   0.0000000000000000e+00 | 1
 28,  6 |   0.0000000000000000e+00 |   0.0000000000000000e+00 | 1
 28,  7 |   0.0000000000000000e+00 |   0.0000000000000000e+00 | 1
 28,  8 |   4.2502656667589098e-03 |   4.2502656667589098e-03 | 1
 28,  9 |   9.1916993959223758e-03 |   9.1916993959223758e-03 | 1
 28, 10 |   0.0000000000000000e+00 |   0.0000000000000000e+00 | 1
 28, 11 |   0.0000000000000000e+00 |   0.0000000000000000e+00 | 1
 28, 12 |   1.9644672184851745e-03 |   1.9644672184851745e-03 | 1
 28, 13 |   0.0000000000000000e+00 |   0.0000000000000000e+00 | 1
 28, 14 |   0.0000000000000000e+00 |   0.0000000000000000e+00 | 1
 28, 15 |   0.0000000000000000e+00 |   0.0000000000000000e+00 | 1
 28, 16 |   4.7352478986935499e-03 |   4.7352478986935499e-03 | 1
 28, 17 |   2.8989407498127163e-03 |   2.8989407498127163e-03 | 1
 28, 18 |   0.0000000000000000e+00 |   0.0000000000000000e+00 | 1
 28, 19 |   0.0000000000000000e+00 |   0.0000000000000000e+00 | 1
 28, 20 |   0.0000000000000000e+00 |   0.0000000000000000e+00 | 1
 28, 21 |   0.0000000000000000e+00 |   0.0000000000000000e+00 | 1
 28, 22 |   0.0000000000000000e+00 |   0.0000000000000000e+00 | 1
 28, 23 |   0.0000000000000000e+00 |   0.0000000000000000e+00 | 1
 28, 24 |   8.2394027655891995e-03 |   8.2394027655891995e-03 | 1
 28, 25 |   0.0000000000000000e+00 |   0.0000000000000000e+00 | 1
 28, 26 |   0.0000000000000000e+00 |   0.0000000000000000e+00 | 1
 28, 27 |   0.0000000000000000e+00 |   0.0000000000000000e+00 | 1
 28, 28 |   9.5463448019583418e-03 |   9.5463448019583418e-03 | 1
 28, 29 |   0.0000000000000000e+00 |   0.0000000000000000e+00 | 1
 28, 30 |   0.0000000000000000e+00 |   0.0000000000000000e+00 | 1
 28, 31 |   9.1799009754794606e-03 |   9.1799009754794606e-03 | 1
 28, 32 |  -2.2396754871684453e-03 |  -2.2396754871684453e-03 | 1
 28, 33 |   0.0000000000000000e+00 |   0.0000000000000000e+00 | 1
 28, 34 |   7.9266663982066957e-03 |   7.9266663982066957e-03 | 1
 28, 35 |  -1.0246057333045604e-03 |  -1.0246057333045604e-03 | 1
 28, 36 |  -1.5923304825431594e-03 |  -1.5923304825431594e-03 | 1
 28, 37 |  -2.2988601016287161e-03 |  -2.2988601016287161e-03 | 1
 28, 38 |  -2.4351866940374861e-03 |  -2.4351866940374861e-03 | 1
 28, 39 |  -1.1949086846668959e-04 |  -1.1949086846668959e-04 | 1
 28, 40 |  -1.1333630489555758e-07 |  -1.1333630489555758e-07 | 1
 28, 41 |   3.3593869886013291e-03 |   3.3593869886013291e-03 | 1
 28, 42 |   2.3703279628104535e-03 |   2.3703279628104535e-03 | 1
 29,  1 |   0.0000000000000000e+00 |   0.0000000000000000e+00 | 1
 29,  2 |   0.0000000000000000e+00 |   0.0000000000000000e+00 | 1
 29,  3 |   0.0000000000000000e+00 |   0.0000000000000000e+00 | 1
 29,  4 |   0.0000000000000000e+00 |   0.0000000000000000e+00 | 1
 29,  5 |   0.0000000000000000e+00 |   0.0000000000000000e+00 | 1
 29,  6 |   0.0000000000000000e+00 |   0.0000000000000000e+00 | 1
 29,  7 |   0.0000000000000000e+00 |   0.0000000000000000e+00 | 1
 29,  8 |   0.0000000000000000e+00 |   0.0000000000000000e+00 | 1
 29,  9 |   0.0000000000000000e+00 |   0.0000000000000000e+00 | 1
 29, 10 |   0.0000000000000000e+00 |   0.0000000000000000e+00 | 1
 29, 11 |   0.0000000000000000e+00 |   0.0000000000000000e+00 | 1
 29, 12 |   0.0000000000000000e+00 |   0.0000000000000000e+00 | 1
 29, 13 |   0.0000000000000000e+00 |   0.0000000000000000e+00 | 1
 29, 14 |   0.0000000000000000e+00 |   0.0000000000000000e+00 | 1
 29, 15 |   0.0000000000000000e+00 |   0.0000000000000000e+00 | 1
 29, 16 |   0.0000000000000000e+00 |   0.0000000000000000e+00 | 1
 29, 17 |   0.0000000000000000e+00 |   0.0000000000000000e+00 | 1
 29, 18 |   0.0000000000000000e+00 |   0.0000000000000000e+00 | 1
 29, 19 |   0.0000000000000000e+00 |   0.0000000000000000e+00 | 1
 29, 20 |   0.0000000000000000e+00 |   0.0000000000000000e+00 | 1
 29, 21 |   0.0000000000000000e+00 |   0.0000000000000000e+00 | 1
 29, 22 |   0.0000000000000000e+00 |   0.0000000000000000e+00 | 1
 29, 23 |   0.0000000000000000e+00 |   0.0000000000000000e+00 | 1
 29, 24 |   0.0000000000000000e+00 |   0.0000000000000000e+00 | 1
 29, 25 |   0.0000000000000000e+00 |   0.0000000000000000e+00 | 1
 29, 26 |   0.0000000000000000e+00 |   0.0000000000000000e+00 | 1
 29, 27 |   0.0000000000000000e+00 |   0.0000000000000000e+00 | 1
 29, 28 |   0.0000000000000000e+00 |   0.0000000000000000e+00 | 1
 29, 29 |   0.0000000000000000e+00 |   0.0000000000000000e+00 | 1
 29, 30 |   0.0000000000000000e+00 |   0.0000000000000000e+00 | 1
 29, 31 |   0.0000000000000000e+00 |   0.0000000000000000e+00 | 1
 29, 32 |   0.0000000000000000e+00 |   0.0000000000000000e+00 | 1
 29, 33 |   0.0000000000000000e+00 |   0.0000000000000000e+00 | 1
 29, 34 |   0.0000000000000000e+00 |   0.0000000000000000e+00 | 1
 29, 35 |   0.0000000000000000e+00 |   0.0000000000000000e+00 | 1
 29, 36 |   0.0000000000000000e+00 |   0.0000000000000000e+00 | 1
 29, 37 |   0.0000000000000000e+00 |   0.0000000000000000e+00 | 1
 29, 38 |   0.0000000000000000e+00 |   0.0000000000000000e+00 | 1
 29, 39 |   0.0000000000000000e+00 |   0.0000000000000000e+00 | 1
 29, 40 |   0.0000000000000000e+00 |   0.0000000000000000e+00 | 1
 29, 41 |   0.0000000000000000e+00 |   0.0000000000000000e+00 | 1
 29, 42 |   0.0000000000000000e+00 |   0.0000000000000000e+00 | 1
 30,  1 |   0.0000000000000000e+00 |   0.0000000000000000e+00 | 1
 30,  2 |   0.0000000000000000e+00 |   0.0000000000000000e+00 | 1
 30,  3 |   0.0000000000000000e+00 |   0.0000000000000000e+00 | 1
 30,  4 |   0.0000000000000000e+00 |   0.0000000000000000e+00 | 1
 30,  5 |   0.0000000000000000e+00 |   0.0000000000000000e+00 | 1
 30,  6 |   0.0000000000000000e+00 |   0.0000000000000000e+00 | 1
 30,  7 |   0.0000000000000000e+00 |   0.0000000000000000e+00 | 1
 30,  8 |   0.0000000000000000e+00 |   0.0000000000000000e+00 | 1
 30,  9 |   0.0000000000000000e+00 |   0.0000000000000000e+00 | 1
 30, 10 |   0.0000000000000000e+00 |   0.0000000000000000e+00 | 1
 30, 11 |   0.0000000000000000e+00 |   0.0000000000000000e+00 | 1
 30, 12 |   0.0000000000000000e+00 |   0.0000000000000000e+00 | 1
 30, 13 |   0.0000000000000000e+00 |   0.0000000000000000e+00 | 1
 30, 14 |   0.0000000000000000e+00 |   0.0000000000000000e+00 | 1
 30, 15 |   0.0000000000000000e+00 |   0.0000000000000000e+00 | 1
 30, 16 |   0.0000000000000000e+00 |   0.0000000000000000e+00 | 1
 30, 17 |   0.0000000000000000e+00 |   0.0000000000000000e+00 | 1
 30, 18 |   0.0000000000000000e+00 |   0.0000000000000000e+00 | 1
 30, 19 |   0.0000000000000000e+00 |   0.0000000000000000e+00 | 1
 30, 20 |   0.0000000000000000e+00 |   0.0000000000000000e+00 | 1
 30, 21 |   0.0000000000000000e+00 |   0.0000000000000000e+00 | 1
 30, 22 |   0.0000000000000000e+00 |   0.0000000000000000e+00 | 1
 30, 23 |   0.0000000000000000e+00 |   0.0000000000000000e+00 | 1
 30, 24 |   0.0000000000000000e+00 |   0.0000000000000000e+00 | 1
 30, 25 |   0.0000000000000000e+00 |   0.0000000000000000e+00 | 1
 30, 26 |   0.0000000000000000e+00 |   0.0000000000000000e+00 | 1
 30, 27 |   0.0000000000000000e+00 |   0.0000000000000000e+00 | 1
 30, 28 |   0.0000000000000000e+00 |   0.0000000000000000e+00 | 1
 30, 29 |   0.0000000000000000e+00 |   0.0000000000000000e+00 | 1
 30, 30 |   0.0000000000000000e+00 |   0.0000000000000000e+00 | 1
 30, 31 |   0.0000000000000000e+00 |   0.0000000000000000e+00 | 1
 30, 32 |   0.0000000000000000e+00 |   0.0000000000000000e+00 | 1
 30, 33 |   0.0000000000000000e+00 |   0.0000000000000000e+00 | 1
 30, 34 |   0.0000000000000000e+00 |   0.0000000000000000e+00 | 1
 30, 35 |   0.0000000000000000e+00 |   0.0000000000000000e+00 | 1
 30, 36 |   0.0000000000000000e+00 |   0.0000000000000000e+00 | 1
 30, 37 |   0.0000000000000000e+00 |   0.0000000000000000e+00 | 1
 30, 38 |   0.0000000000000000e+00 |   0.0000000000000000e+00 | 1
 30, 39 |   0.0000000000000000e+00 |   0.0000000000000000e+00 | 1
 30, 40 |   0.0000000000000000e+00 |   0.0000000000000000e+00 | 1
 30, 41 |   0.0000000000000000e+00 |   0.0000000000000000e+00 | 1
 30, 42 |   0.0000000000000000e+00 |   0.0000000000000000e+00 | 1
 31,  1 |   6.1163103588820602e-03 |   6.1163103588820602e-03 | 1
 31,  2 |   4.6669047175543666e-04 |   4.6669047175543666e-04 | 1
 31,  3 |   0.0000000000000000e+00 |   0.0000000000000000e+00 | 1
 31,  4 |   7.1979655778704032e-03 |   7.1979655778704032e-03 | 1
 31,  5 |   0.0000000000000000e+00 |   0.0000000000000000e+00 | 1
 31,  6 |   0.0000000000000000e+00 |   0.0000000000000000e+00 | 1
 31,  7 |   0.0000000000000000e+00 |   0.0000000000000000e+00 | 1
 31,  8 |   3.4737302143420523e-03 |   3.4737302143420523e-03 | 1
 31,  9 |   4.0214885290962635e-03 |   4.0214885290962635e-03 | 1
 31, 10 |   0.0000000000000000e+00 |   0.0000000000000000e+00 | 1
 31, 11 |   0.0000000000000000e+00 |   0.0000000000000000e+00 | 1
 31, 12 |   2.4006411023760723e-03 |   2.4006411023760723e-03 | 1
 31, 13 |   0.0000000000000000e+00 |   0.0000000000000000e+00 | 1
 31, 14 |   0.0000000000000000e+00 |   0.0000000000000000e+00 | 1
 31, 15 |   0.0000000000000000e+00 |   0.0000000000000000e+00 | 1
 31, 16 |   4.4145335391328998e-03 |   4.4145335391328998e-03 | 1
 31, 17 |   1.9280426186388568e-03 |   1.9280426186388568e-03 | 1
 31, 18 |   0.0000000000000000e+00 |   0.0000000000000000e+00 | 1
 31, 19 |   0.0000000000000000e+00 |   0.0000000000000000e+00 | 1
 31, 20 |   0.0000000000000000e+00 |   0.0000000000000000e+00 | 1
 31, 21 |   0.0000000000000000e+00 |   0.0000000000000000e+00 | 1
 31, 22 |   0.0000000000000000e+00 |   0.0000000000000000e+00 | 1
 31, 23 |   0.0000000000000000e+00 |   0.0000000000000000e+00 | 1
 31, 24 |   1.1416751844046797e-02 |   1.1416751844046797e-02 | 1
 31, 25 |   0.0000000000000000e+00 |   0.0000000000000000e+00 | 1
 31, 26 |   0.0000000000000000e+00 |   0.0000000000000000e+00 | 1
 31, 27 |   0.0000000000000000e+00 |   0.0000000000000000e+00 | 1
 31, 28 |   9.1799009754794606e-03 |   9.1799009754794606e-03 | 1
 31, 29 |   0.0000000000000000e+00 |   0.0000000000000000e+00 | 1
 31, 30 |   0.0000000000000000e+00 |   0.0000000000000000e+00 | 1
 31, 31 |   4.4415315163191096e-02 |   4.4415315163191096e-02 | 1
 31, 32 |  -3.9741379514410449e-03 |  -3.9741379514410449e-03 | 1
 31, 33 |   0.0000000000000000e+00 |   0.0000000000000000e+00 | 1
 31, 34 |   1.3792732548599402e-02 |   1.3792732548599402e-02 | 1
 31, 35 |  -3.0226053564306734e-03 |  -3.0226053564306734e-03 | 1
 31, 36 |  -5.0891722123416628e-03 |  -5.0891722123416628e-03 | 1
 31, 37 |  -6.2541673648023087e-03 |  -6.2541673648023087e-03 | 1
 31, 38 |  -4.1925103799965082e-03 |  -4.1925103799965082e-03 | 1
 31, 39 |  -3.8501898509214424e-04 |  -3.8501898509214424e-04 | 1
 31, 40 |   8.7860135538854350e-08 |   8.7860135538854350e-08 | 1
 31, 41 |   5.6269382962723744e-03 |   5.6269382962723744e-03 | 1
 31, 42 |   3.3139925558161370e-03 |   3.3139925558161370e-03 | 1
 32,  1 |  -8.5702898603037250e-04 |  -8.5702898603037250e-04 | 1
 32,  2 |  -3.8650884896453130e-03 |  -3.8650884896453130e-03 | 1
 32,  3 |   0.0000000000000000e+00 |   0.0000000000000000e+00 | 1
 32,  4 |  -1.0476866047318257e-03 |  -1.0476866047318257e-03 | 1
 32,  5 |   0.0000000000000000e+00 |   0.0000000000000000e+00 | 1
 32,  6 |   0.0000000000000000e+00 |   0.0000000000000000e+00 | 1
 32,  7 |   0.0000000000000000e+00 |   0.0000000000000000e+00 | 1
 32,  8 |  -1.8284179392555359e-03 |  -1.8284179392555359e-03 | 1
 32,  9 |   2.4657010164237461e-05 |   2.4657010164237461e-05 | 1
 32, 10 |   0.0000000000000000e+00 |   0.0000000000000000e+00 | 1
 32, 11 |   0.0000000000000000e+00 |   0.0000000000000000e+00 | 1
 32, 12 |  -1.7715390329008904e-05 |  -1.7715390329008904e-05 | 1
 32, 13 |   0.0000000000000000e+00 |   0.0000000000000000e+00 | 1
 32, 14 |   0.0000000000000000e+00 |   0.0000000000000000e+00 | 1
 32, 15 |   0.0000000000000000e+00 |   0.0000000000000000e+00 | 1
 32, 16 |  -3.7676613557589898e-03 |  -3.7676613557589898e-03 | 1
 32, 17 |  -3.1654165030013870e-03 |  -3.1654165030013870e-03 | 1
 32, 18 |   0.0000000000000000e+00 |   0.0000000000000000e+00 | 1
 32, 19 |   0.0000000000000000e+00 |   0.0000000000000000e+00 | 1
 32, 20 |   0.0000000000000000e+00 |   0.0000000000000000e+00 | 1
 32, 21 |   0.0000000000000000e+00 |   0.0000000000000000e+00 | 1
 32, 22 |   0.0000000000000000e+00 |   0.0000000000000000e+00 | 1
 32, 23 |   0.0000000000000000e+00 |   0.0000000000000000e+00 | 1
 32, 24 |  -3.1105176154413157e-03 |  -3.1105176154413157e-03 | 1
 32, 25 |   0.0000000000000000e+00 |   0.0000000000000000e+00 | 1
 32, 26 |   0.0000000000000000e+00 |   0.0000000000000000e+00 | 1
 32, 27 |   0.0000000000000000e+00 |   0.0000000000000000e+00 | 1
 32, 28 |  -2.2396754871684453e-03 |  -2.2396754871684453e-03 | 1
 32, 29 |   0.0000000000000000e+00 |   0.0000000000000000e+00 | 1
 32, 30 |   0.0000000000000000e+00 |   0.0000000000000000e+00 | 1
 32, 31 |  -3.9741379514410449e-03 |  -3.9741379514410449e-03 | 1
 32, 32 |   5.8478759574809597e-03 |   5.8478759574809597e-03 | 1
 32, 33 |   0.0000000000000000e+00 |   0.0000000000000000e+00 | 1
 32, 34 |  -6.7447942624437388e-03 |  -6.7447942624437388e-03 | 1
 32, 35 |   8.5139946229581022e-04 |   8.5139946229581022e-04 | 1
 32, 36 |  -2.4225405630481906e-04 |  -2.4225405630481906e-04 | 1
 32, 37 |   1.4619499268401077e-05 |   1.4619499268401077e-05 | 1
 32, 38 |  -5.6800127151374156e-04 |  -5.6800127151374156e-04 | 1
 32, 39 |   1.2373480961915716e-04 |   1.2373480961915716e-04 | 1
 32, 40 |   3.2063515573557013e-07 |   3.2063515573557013e-07 | 1
 32, 41 |   3.1377412192367949e-04 |   3.1377412192367949e-04 | 1
 32, 42 |  -4.8482354436186689e-03 |  -4.8482354436186689e-03 | 1
 33,  1 |   0.0000000000000000e+00 |   0.0000000000000000e+00 | 1
 33,  2 |   0.0000000000000000e+00 |   0.0000000000000000e+00 | 1
 33,  3 |   0.0000000000000000e+00 |   0.0000000000000000e+00 | 1
 33,  4 |   0.0000000000000000e+00 |   0.0000000000000000e+00 | 1
 33,  5 |   0.0000000000000000e+00 |   0.0000000000000000e+00 | 1
 33,  6 |   0.0000000000000000e+00 |   0.0000000000000000e+00 | 1
 33,  7 |   0.0000000000000000e+00 |   0.0000000000000000e+00 | 1
 33,  8 |   0.0000000000000000e+00 |   0.0000000000000000e+00 | 1
 33,  9 |   0.0000000000000000e+00 |   0.0000000000000000e+00 | 1
 33, 10 |   0.0000000000000000e+00 |   0.0000000000000000e+00 | 1
 33, 11 |   0.0000000000000000e+00 |   0.0000000000000000e+00 | 1
 33, 12 |   0.0000000000000000e+00 |   0.0000000000000000e+00 | 1
 33, 13 |   0.0000000000000000e+00 |   0.0000000000000000e+00 | 1
 33, 14 |   0.0000000000000000e+00 |   0.0000000000000000e+00 | 1
 33, 15 |   0.0000000000000000e+00 |   0.0000000000000000e+00 | 1
 33, 16 |   0.0000000000000000e+00 |   0.0000000000000000e+00 | 1
 33, 17 |   0.0000000000000000e+00 |   0.0000000000000000e+00 | 1
 33, 18 |   0.0000000000000000e+00 |   0.0000000000000000e+00 | 1
 33, 19 |   0.0000000000000000e+00 |   0.0000000000000000e+00 | 1
 33, 20 |   0.0000000000000000e+00 |   0.0000000000000000e+00 | 1
 33, 21 |   0.0000000000000000e+00 |   0.0000000000000000e+00 | 1
 33, 22 |   0.0000000000000000e+00 |   0.0000000000000000e+00 | 1
 33, 23 |   0.0000000000000000e+00 |   0.0000000000000000e+00 | 1
 33, 24 |   0.0000000000000000e+00 |   0.0000000000000000e+00 | 1
 33, 25 |   0.0000000000000000e+00 |   0.0000000000000000e+00 | 1
 33, 26 |   0.0000000000000000e+00 |   0.0000000000000000e+00 | 1
 33, 27 |   0.0000000000000000e+00 |   0.0000000000000000e+00 | 1
 33, 28 |   0.0000000000000000e+00 |   0.0000000000000000e+00 | 1
 33, 29 |   0.0000000000000000e+00 |   0.0000000000000000e+00 | 1
 33, 30 |   0.0000000000000000e+00 |   0.0000000000000000e+00 | 1
 33, 31 |   0.0000000000000000e+00 |   0.0000000000000000e+00 | 1
 33, 32 |   0.0000000000000000e+00 |   0.0000000000000000e+00 | 1
 33, 33 |   0.0000000000000000e+00 |   0.0000000000000000e+00 | 1
 33, 34 |   0.0000000000000000e+00 |   0.0000000000000000e+00 | 1
 33, 35 |   0.0000000000000000e+00 |   0.0000000000000000e+00 | 1
 33, 36 |   0.0000000000000000e+00 |   0.0000000000000000e+00 | 1
 33, 37 |   0.0000000000000000e+00 |   0.0000000000000000e+00 | 1
 33, 38 |   0.0000000000000000e+00 |   0.0000000000000000e+00 | 1
 33, 39 |   0.0000000000000000e+00 |   0.0000000000000000e+00 | 1
 33, 40 |   0.0000000000000000e+00 |   0.0000000000000000e+00 | 1
 33, 41 |   0.0000000000000000e+00 |   0.0000000000000000e+00 | 1
 33, 42 |   0.0000000000000000e+00 |   0.0000000000000000e+00 | 1
 34,  1 |   4.6697423309405347e-03 |   4.6697423309405347e-03 | 1
 34,  2 |   5.6342763461134891e-03 |   5.6342763461134891e-03 | 1
 34,  3 |   0.0000000000000000e+00 |   0.0000000000000000e+00 | 1
 34,  4 |   4.6782302094726495e-03 |   4.6782302094726495e-03 | 1
 34,  5 |   0.0000000000000000e+00 |   0.0000000000000000e+00 | 1
 34,  6 |   0.0000000000000000e+00 |   0.0000000000000000e+00 | 1
 34,  7 |   0.0000000000000000e+00 |   0.0000000000000000e+00 | 1
 34,  8 |   6.0542460946381481e-03 |   6.0542460946381481e-03 | 1
 34,  9 |   5.2292767131415490e-03 |   5.2292767131415490e-03 | 1
 34, 10 |   0.0000000000000000e+00 |   0.0000000000000000e+00 | 1
 34, 11 |   0.0000000000000000e+00 |   0.0000000000000000e+00 | 1
 34, 12 |   1.8456652813931447e-03 |   1.8456652813931447e-03 | 1
 34, 13 |   0.0000000000000000e+00 |   0.0000000000000000e+00 | 1
 34, 14 |   0.0000000000000000e+00 |   0.0000000000000000e+00 | 1
 34, 15 |   0.0000000000000000e+00 |   0.0000000000000000e+00 | 1
 34, 16 |   7.5678365521490813e-03 |   7.5678365521490813e-03 | 1
 34, 17 |   7.3323624302967455e-03 |   7.3323624302967455e-03 | 1
 34, 18 |   0.0000000000000000e+00 |   0.0000000000000000e+00 | 1
 34, 19 |   0.0000000000000000e+00 |   0.0000000000000000e+00 | 1
 34, 20 |   0.0000000000000000e+00 |   0.0000000000000000e+00 | 1
 34, 21 |   0.0000000000000000e+00 |   0.0000000000000000e+00 | 1
 34, 22 |   0.0000000000000000e+00 |   0.0000000000000000e+00 | 1
 34, 23 |   0.0000000000000000e+00 |   0.0000000000000000e+00 | 1
 34, 24 |   1.3100482112599513e-02 |   1.3100482112599513e-02 | 1
 34, 25 |   0.0000000000000000e+00 |   0.0000000000000000e+00 | 1
 34, 26 |   0.0000000000000000e+00 |   0.0000000000000000e+00 | 1
 34, 27 |   0.0000000000000000e+00 |   0.0000000000000000e+00 | 1
 34, 28 |   7.9266663982066957e-03 |   7.9266663982066957e-03 | 1
 34, 29 |   0.0000000000000000e+00 |   0.0000000000000000e+00 | 1
 34, 30 |   0.0000000000000000e+00 |   0.0000000000000000e+00 | 1
 34, 31 |   1.3792732548599402e-02 |   1.3792732548599402e-02 | 1
 34, 32 |  -6.7447942624437388e-03 |  -6.7447942624437388e-03 | 1
 34, 33 |   0.0000000000000000e+00 |   0.0000000000000000e+00 | 1
 34, 34 |   1.4797278113733194e-02 |   1.4797278113733194e-02 | 1
 34, 35 |  -2.2789862856680918e-03 |  -2.2789862856680918e-03 | 1
 34, 36 |  -2.6531730305843775e-03 |  -2.6531730305843775e-03 | 1
 34, 37 |  -3.9449993828522094e-03 |  -3.9449993828522094e-03 | 1
 34, 38 |  -3.6846492629907207e-03 |  -3.6846492629907207e-03 | 1
 34, 39 |  -2.7377136925354958e-04 |  -2.7377136925354958e-04 | 1
 34, 40 |  -3.4947581756608000e-07 |  -3.4947581756608000e-07 | 1
 34, 41 |   3.8292514499734236e-03 |   3.8292514499734236e-03 | 1
 34, 42 |   7.5124270616969656e-03 |   7.5124270616969656e-03 | 1
 35,  1 |  -9.3462856358465102e-04 |  -9.3462856358465102e-04 | 1
 35,  2 |  -1.7465950141069440e-03 |  -1.7465950141069440e-03 | 1
 35,  3 |   0.0000000000000000e+00 |   0.0000000000000000e+00 | 1
 35,  4 |  -1.2778743267713617e-03 |  -1.2778743267713617e-03 | 1
 35,  5 |   0.0000000000000000e+00 |   0.0000000000000000e+00 | 1
 35,  6 |   0.0000000000000000e+00 |   0.0000000000000000e+00 | 1
 35,  7 |   0.0000000000000000e+00 |   0.0000000000000000e+00 | 1
 35,  8 |  -6.7439219642689906e-04 |  -6.7439219642689906e-04 | 1
 35,  9 |  -9.8099911316072924e-04 |  -9.8099911316072924e-04 | 1
 35, 10 |   0.0000000000000000e+00 |   0.0000000000000000e+00 | 1
 35, 11 |   0.0000000000000000e+00 |   0.0000000000000000e+00 | 1
 35, 12 |  -1.2423944756246864e-04 |  -1.2423944756246864e-04 | 1
 35, 13 |   0.0000000000000000e+00 |   0.0000000000000000e+00 | 1
 35, 14 |   0.0000000000000000e+00 |   0.0000000000000000e+00 | 1
 35, 15 |   0.0000000000000000e+00 |   0.0000000000000000e+00 | 1
 35, 16 |  -4.2822894867415920e-04 |  -4.2822894867415920e-04 | 1
 35, 17 |  -1.5750089035237195e-03 |  -1.5750089035237195e-03 | 1
 35, 18 |   0.0000000000000000e+00 |   0.0000000000000000e+00 | 1
 35, 19 |   0.0000000000000000e+00 |   0.0000000000000000e+00 | 1
 35, 20 |   0.0000000000000000e+00 |   0.0000000000000000e+00 | 1
 35, 21 |   0.0000000000000000e+00 |   0.0000000000000000e+00 | 1
 35, 22 |   0.0000000000000000e+00 |   0.0000000000000000e+00 | 1
 35, 23 |   0.0000000000000000e+00 |   0.0000000000000000e+00 | 1
 35, 24 |  -2.9234276458951981e-03 |  -2.9234276458951981e-03 | 1
 35, 25 |   0.0000000000000000e+00 |   0.0000000000000000e+00 | 1
 35, 26 |   0.0000000000000000e+00 |   0.0000000000000000e+00 | 1
 35, 27 |   0.0000000000000000e+00 |   0.0000000000000000e+00 | 1
 35, 28 |  -1.0246057333045604e-03 |  -1.0246057333045604e-03 | 1
 35, 29 |   0.0000000000000000e+00 |   0.0000000000000000e+00 | 1
 35, 30 |   0.0000000000000000e+00 |   0.0000000000000000e+00 | 1
 35, 31 |  -3.0226053564306734e-03 |  -3.0226053564306734e-03 | 1
 35, 32 |   8.5139946229581022e-04 |   8.5139946229581022e-04 | 1
 35, 33 |   0.0000000000000000e+00 |   0.0000000000000000e+00 | 1
 35, 34 |  -2.2789862856680918e-03 |  -2.2789862856680918e-03 | 1
 35, 35 |   1.2242745506444652e-03 |   1.2242745506444652e-03 | 1
 35, 36 |   8.9955945670259802e-04 |   8.9955945670259802e-04 | 1
 35, 37 |   9.7322961183067091e-04 |   9.7322961183067091e-04 | 1
 35, 38 |   8.2903842673417679e-04 |   8.2903842673417679e-04 | 1
 35, 39 |   7.9385702108393207e-05 |   7.9385702108393207e-05 | 1
 35, 40 |   2.5396609159924324e-08 |   2.5396609159924324e-08 | 1
 35, 41 |  -1.0219820265155149e-03 |  -1.0219820265155149e-03 | 1
 35, 42 |  -1.2793039733529762e-03 |  -1.2793039733529762e-03 | 1
 36,  1 |  -1.5965674310435504e-03 |  -1.5965674310435504e-03 | 1
 36,  2 |  -5.2979688329795954e-04 |  -5.2979688329795954e-04 | 1
 36,  3 |   0.0000000000000000e+00 |   0.0000000000000000e+00 | 1
 36,  4 |  -1.7160987377683157e-03 |  -1.7160987377683157e-03 | 1
 36,  5 |   0.0000000000000000e+00 |   0.0000000000000000e+00 | 1
 36,  6 |   0.0000000000000000e+00 |   0.0000000000000000e+00 | 1
 36,  7 |   0.0000000000000000e+00 |   0.0000000000000000e+00 | 1
 36,  8 |  -1.0007847569609542e-03 |  -1.0007847569609542e-03 | 1
 36,  9 |  -1.9466023078915460e-03 |  -1.9466023078915460e-03 | 1
 36, 10 |   0.0000000000000000e+00 |   0.0000000000000000e+00 | 1
 36, 11 |   0.0000000000000000e+00 |   0.0000000000000000e+00 | 1
 36, 12 |  -1.1057717191948935e-03 |  -1.1057717191948935e-03 | 1
 36, 13 |   0.0000000000000000e+00 |   0.0000000000000000e+00 | 1
 36, 14 |   0.0000000000000000e+00 |   0.0000000000000000e+00 | 1
 36, 15 |   0.0000000000000000e+00 |   0.0000000000000000e+00 | 1
 36, 16 |  -7.5716781978170215e-04 |  -7.5716781978170215e-04 | 1
 36, 17 |  -1.5806359464448673e-03 |  -1.5806359464448673e-03 | 1
 36, 18 |   0.0000000000000000e+00 |   0.0000000000000000e+00 | 1
 36, 19 |   0.0000000000000000e+00 |   0.0000000000000000e+00 | 1
 36, 20 |   0.0000000000000000e+00 |   0.0000000000000000e+00 | 1
 36, 21 |   0.0000000000000000e+00 |   0.0000000000000000e+00 | 1
 36, 22 |   0.0000000000000000e+00 |   0.0000000000000000e+00 | 1
 36, 23 |   0.0000000000000000e+00 |   0.0000000000000000e+00 | 1
 36, 24 |  -4.2221172334786262e-03 |  -4.2221172334786262e-03 | 1
 36, 25 |   0.0000000000000000e+00 |   0.0000000000000000e+00 | 1
 36, 26 |   0.0000000000000000e+00 |   0.0000000000000000e+00 | 1
 36, 27 |   0.0000000000000000e+00 |   0.0000000000000000e+00 | 1
 36, 28 |  -1.5923304825431594e-03 |  -1.5923304825431594e-03 | 1
 36, 29 |   0.0000000000000000e+00 |   0.0000000000000000e+00 | 1
 36, 30 |   0.0000000000000000e+00 |   0.0000000000000000e+00 | 1
 36, 31 |  -5.0891722123416628e-03 |  -5.0891722123416628e-03 | 1
 36, 32 |  -2.4225405630481906e-04 |  -2.4225405630481906e-04 | 1
 36, 33 |   0.0000000000000000e+00 |   0.0000000000000000e+00 | 1
 36, 34 |  -2.6531730305843775e-03 |  -2.6531730305843775e-03 | 1
 36, 35 |   8.9955945670259802e-04 |   8.9955945670259802e-04 | 1
 36, 36 |   1.5904242783174123e-03 |   1.5904242783174123e-03 | 1
 36, 37 |   1.9114116041873692e-03 |   1.9114116041873692e-03 | 1
 36, 38 |   1.9785318123079227e-03 |   1.9785318123079227e-03 | 1
 36, 39 |   7.4018337381058985e-05 |   7.4018337381058985e-05 | 1
 36, 40 |  -4.8507689780745727e-08 |  -4.8507689780745727e-08 | 1
 36, 41 |  -1.9724703597878979e-03 |  -1.9724703597878979e-03 | 1
 36, 42 |  -7.5461203755110859e-04 |  -7.5461203755110859e-04 | 1
 37,  1 |  -2.0067519993275332e-03 |  -2.0067519993275332e-03 | 1
 37,  2 |  -9.0475545478115775e-04 |  -9.0475545478115775e-04 | 1
 37,  3 |   0.0000000000000000e+00 |   0.0000000000000000e+00 | 1
 37,  4 |  -2.0532881433820210e-03 |  -2.0532881433820210e-03 | 1
 37,  5 |   0.0000000000000000e+00 |   0.0000000000000000e+00 | 1
 37,  6 |   0.0000000000000000e+00 |   0.0000000000000000e+00 | 1
 37,  7 |   0.0000000000000000e+00 |   0.0000000000000000e+00 | 1
 37,  8 |  -1.8345221195846338e-03 |  -1.8345221195846338e-03 | 1
 37,  9 |  -1.0246154750159012e-03 |  -1.0246154750159012e-03 | 1
 37, 10 |   0.0000000000000000e+00 |   0.0000000000000000e+00 | 1
 37, 11 |   0.0000000000000000e+00 |   0.0000000000000000e+00 | 1
 37, 12 |  -9.8795414314643620e-04 |  -9.8795414314643620e-04 | 1
 37, 13 |   0.0000000000000000e+00 |   0.0000000000000000e+00 | 1
 37, 14 |   0.0000000000000000e+00 |   0.0000000000000000e+00 | 1
 37, 15 |   0.0000000000000000e+00 |   0.0000000000000000e+00 | 1
 37, 16 |  -1.6342624890032167e-03 |  -1.6342624890032167e-03 | 1
 37, 17 |  -2.0692016349472065e-03 |  -2.0692016349472065e-03 | 1
 37, 18 |   0.0000000000000000e+00 |   0.0000000000000000e+00 | 1
 37, 19 |   0.0000000000000000e+00 |   0.0000000000000000e+00 | 1
 37, 20 |   0.0000000000000000e+00 |   0.0000000000000000e+00 | 1
 37, 21 |   0.0000000000000000e+00 |   0.0000000000000000e+00 | 1
 37, 22 |   0.0000000000000000e+00 |   0.0000000000000000e+00 | 1
 37, 23 |   0.0000000000000000e+00 |   0.0000000000000000e+00 | 1
 37, 24 |  -5.8007023917531200e-03 |  -5.8007023917531200e-03 | 1
 37, 25 |   0.0000000000000000e+00 |   0.0000000000000000e+00 | 1
 37, 26 |   0.0000000000000000e+00 |   0.0000000000000000e+00 | 1
 37, 27 |   0.0000000000000000e+00 |   0.0000000000000000e+00 | 1
 37, 28 |  -2.2988601016287161e-03 |  -2.2988601016287161e-03 | 1
 37, 29 |   0.0000000000000000e+00 |   0.0000000000000000e+00 | 1
 37, 30 |   0.0000000000000000e+00 |   0.0000000000000000e+00 | 1
 37, 31 |  -6.2541673648023087e-03 |  -6.2541673648023087e-03 | 1
 37, 32 |   1.4619499268401077e-05 |   1.4619499268401077e-05 | 1
 37, 33 |   0.0000000000000000e+00 |   0.0000000000000000e+00 | 1
 37, 34 |  -3.9449993828522094e-03 |  -3.9449993828522094e-03 | 1
 37, 35 |   9.7322961183067091e-04 |   9.7322961183067091e-04 | 1
 37, 36 |   1.9114116041873692e-03 |   1.9114116041873692e-03 | 1
 37, 37 |   2.6399977746489277e-03 |   2.6399977746489277e-03 | 1
 37, 38 |   2.6031943211863706e-03 |   2.6031943211863706e-03 | 1
 37, 39 |   1.1718810139128998e-04 |   1.1718810139128998e-04 | 1
 37, 40 |  -1.4842376850210661e-08 |  -1.4842376850210661e-08 | 1
 37, 41 |  -2.3936310080867073e-03 |  -2.3936310080867073e-03 | 1
 37, 42 |  -1.4496617049218564e-03 |  -1.4496617049218564e-03 | 1
 38,  1 |  -2.3675502361826277e-03 |  -2.3675502361826277e-03 | 1
 38,  2 |  -8.3425607002942726e-04 |  -8.3425607002942726e-04 | 1
 38,  3 |   0.0000000000000000e+00 |   0.0000000000000000e+00 | 1
 38,  4 |  -2.0716072602501804e-03 |  -2.0716072602501804e-03 | 1
 38,  5 |   0.0000000000000000e+00 |   0.0000000000000000e+00 | 1
 38,  6 |   0.0000000000000000e+00 |   0.0000000000000000e+00 | 1
 38,  7 |   0.0000000000000000e+00 |   0.0000000000000000e+00 | 1
 38,  8 |  -2.4497371628980262e-03 |  -2.4497371628980262e-03 | 1
 38,  9 |  -3.3715928730219530e-03 |  -3.3715928730219530e-03 | 1
 38, 10 |   0.0000000000000000e+00 |   0.0000000000000000e+00 | 1
 38, 11 |   0.0000000000000000e+00 |   0.0000000000000000e+00 | 1
 38, 12 |  -1.4631616740804635e-03 |  -1.4631616740804635e-03 | 1
 38, 13 |   0.0000000000000000e+00 |   0.0000000000000000e+00 | 1
 38, 14 |   0.0000000000000000e+00 |   0.0000000000000000e+00 | 1
 38, 15 |   0.0000000000000000e+00 |   0.0000000000000000e+00 | 1
 38, 16 |  -1.1123254703701833e-03 |  -1.1123254703701833e-03 | 1
 38, 17 |  -2.3805183005345017e-03 |  -2.3805183005345017e-03 | 1
 38, 18 |   0.0000000000000000e+00 |   0.0000000000000000e+00 | 1
 38, 19 |   0.0000000000000000e+00 |   0.0000000000000000e+00 | 1
 38, 20 |   0.0000000000000000e+00 |   0.0000000000000000e+00 | 1
 38, 21 |   0.0000000000000000e+00 |   0.0000000000000000e+00 | 1
 38, 22 |   0.0000000000000000e+00 |   0.0000000000000000e+00 | 1
 38, 23 |   0.0000000000000000e+00 |   0.0000000000000000e+00 | 1
 38, 24 |  -6.1976653771431880e-03 |  -6.1976653771431880e-03 | 1
 38, 25 |   0.0000000000000000e+00 |   0.0000000000000000e+00 | 1
 38, 26 |   0.0000000000000000e+00 |   0.0000000000000000e+00 | 1
 38, 27 |   0.0000000000000000e+00 |   0.0000000000000000e+00 | 1
 38, 28 |  -2.4351866940374861e-03 |  -2.4351866940374861e-03 | 1
 38, 29 |   0.0000000000000000e+00 |   0.0000000000000000e+00 | 1
 38, 30 |   0.0000000000000000e+00 |   0.0000000000000000e+00 | 1
 38, 31 |  -4.1925103799965082e-03 |  -4.1925103799965082e-03 | 1
 38, 32 |  -5.6800127151374156e-04 |  -5.6800127151374156e-04 | 1
 38, 33 |   0.0000000000000000e+00 |   0.0000000000000000e+00 | 1
 38, 34 |  -3.6846492629907207e-03 |  -3.6846492629907207e-03 | 1
 38, 35 |   8.2903842673417679e-04 |   8.2903842673417679e-04 | 1
 38, 36 |   1.9785318123079227e-03 |   1.9785318123079227e-03 | 1
 38, 37 |   2.6031943211863706e-03 |   2.6031943211863706e-03 | 1
 38, 38 |   3.1399863017979365e-03 |   3.1399863017979365e-03 | 1
 38, 39 |   7.9037605832129075e-05 |   7.9037605832129075e-05 | 1
 38, 40 |  -3.7525410117096884e-08 |  -3.7525410117096884e-08 | 1
 38, 41 |  -2.8071976002369734e-03 |  -2.8071976002369734e-03 | 1
 38, 42 |  -1.0741869294254762e-03 |  -1.0741869294254762e-03 | 1
 39,  1 |  -8.0878540786681163e-05 |  -8.0878540786681163e-05 | 1
 39,  2 |  -1.5935787173046375e-04 |  -1.5935787173046375e-04 | 1
 39,  3 |   0.0000000000000000e+00 |   0.0000000000000000e+00 | 1
 39,  4 |  -8.6856652507504026e-05 |  -8.6856652507504026e-05 | 1
 39,  5 |   0.0000000000000000e+00 |   0.0000000000000000e+00 | 1
 39,  6 |   0.0000000000000000e+00 |   0.0000000000000000e+00 | 1
 39,  7 |   0.0000000000000000e+00 |   0.0000000000000000e+00 | 1
 39,  8 |  -1.0140693774487314e-04 |  -1.0140693774487314e-04 | 1
 39,  9 |   1.0575031232584880e-04 |   1.0575031232584880e-04 | 1
 39, 10 |   0.0000000000000000e+00 |   0.0000000000000000e+00 | 1
 39, 11 |   0.0000000000000000e+00 |   0.0000000000000000e+00 | 1
 39, 12 |  -2.3431871312034475e-04 |  -2.3431871312034475e-04 | 1
 39, 13 |   0.0000000000000000e+00 |   0.0000000000000000e+00 | 1
 39, 14 |   0.0000000000000000e+00 |   0.0000000000000000e+00 | 1
 39, 15 |   0.0000000000000000e+00 |   0.0000000000000000e+00 | 1
 39, 16 |  -8.4632020531549157e-05 |  -8.4632020531549157e-05 | 1
 39, 17 |  -6.9403924422772217e-05 |  -6.9403924422772217e-05 | 1
 39, 18 |   0.0000000000000000e+00 |   0.0000000000000000e+00 | 1
 39, 19 |   0.0000000000000000e+00 |   0.0000000000000000e+00 | 1
 39, 20 |   0.0000000000000000e+00 |   0.0000000000000000e+00 | 1
 39, 21 |   0.0000000000000000e+00 |   0.0000000000000000e+00 | 1
 39, 22 |   0.0000000000000000e+00 |   0.0000000000000000e+00 | 1
 39, 23 |   0.0000000000000000e+00 |   0.0000000000000000e+00 | 1
 39, 24 |  -3.5230438564611298e-04 |  -3.5230438564611298e-04 | 1
 39, 25 |   0.0000000000000000e+00 |   0.0000000000000000e+00 | 1
 39, 26 |   0.0000000000000000e+00 |   0.0000000000000000e+00 | 1
 39, 27 |   0.0000000000000000e+00 |   0.0000000000000000e+00 | 1
 39, 28 |  -1.1949086846668959e-04 |  -1.1949086846668959e-04 | 1
 39, 29 |   0.0000000000000000e+00 |   0.0000000000000000e+00 | 1
 39, 30 |   0.0000000000000000e+00 |   0.0000000000000000e+00 | 1
 39, 31 |  -3.8501898509214424e-04 |  -3.8501898509214424e-04 | 1
 39, 32 |   1.2373480961915716e-04 |   1.2373480961915716e-04 | 1
 39, 33 |   0.0000000000000000e+00 |   0.0000000000000000e+00 | 1
 39, 34 |  -2.7377136925354958e-04 |  -2.7377136925354958e-04 | 1
 39, 35 |   7.9385702108393207e-05 |   7.9385702108393207e-05 | 1
 39, 36 |   7.4018337381058985e-05 |   7.4018337381058985e-05 | 1
 39, 37 |   1.1718810139128998e-04 |   1.1718810139128998e-04 | 1
 39, 38 |   7.9037605832129075e-05 |   7.9037605832129075e-05 | 1
 39, 39 |   1.8602175985118831e-05 |   1.8602175985118831e-05 | 1
 39, 40 |   2.2954707235821222e-09 |   2.2954707235821222e-09 | 1
 39, 41 |  -7.1322560498753793e-05 |  -7.1322560498753793e-05 | 1
 39, 42 |  -2.0724918989746750e-04 |  -2.0724918989746750e-04 | 1
 40,  1 |  -1.0650035469434668e-07 |  -1.0650035469434668e-07 | 1
 40,  2 |  -2.6915712075928689e-07 |  -2.6915712075928689e-07 | 1
 40,  3 |   0.0000000000000000e+00 |   0.0000000000000000e+00 | 1
 40,  4 |  -3.0979346328229463e-08 |  -3.0979346328229463e-08 | 1
 40,  5 |   0.0000000000000000e+00 |   0.0000000000000000e+00 | 1
 40,  6 |   0.0000000000000000e+00 |   0.0000000000000000e+00 | 1
 40,  7 |   0.0000000000000000e+00 |   0.0000000000000000e+00 | 1
 40,  8 |  -1.8973826026229094e-07 |  -1.8973826026229094e-07 | 1
 40,  9 |   4.4093804455937032e-08 |   4.4093804455937032e-08 | 1
 40, 10 |   0.0000000000000000e+00 |   0.0000000000000000e+00 | 1
 40, 11 |   0.0000000000000000e+00 |   0.0000000000000000e+00 | 1
 40, 12 |   2.2672278413993783e-07 |   2.2672278413993783e-07 | 1
 40, 13 |   0.0000000000000000e+00 |   0.0000000000000000e+00 | 1
 40, 14 |   0.0000000000000000e+00 |   0.0000000000000000e+00 | 1
 40, 15 |   0.0000000000000000e+00 |   0.0000000000000000e+00 | 1
 40, 16 |  -3.0278621178123833e-07 |  -3.0278621178123833e-07 | 1
 40, 17 |  -2.8322476713327370e-07 |  -2.8322476713327370e-07 | 1
 40, 18 |   0.0000000000000000e+00 |   0.0000000000000000e+00 | 1
 40, 19 |   0.0000000000000000e+00 |   0.0000000000000000e+00 | 1
 40, 20 |   0.0000000000000000e+00 |   0.0000000000000000e+00 | 1
 40, 21 |   0.0000000000000000e+00 |   0.0000000000000000e+00 | 1
 40, 22 |   0.0000000000000000e+00 |   0.0000000000000000e+00 | 1
 40, 23 |   0.0000000000000000e+00 |   0.0000000000000000e+00 | 1
 40, 24 |  -2.0265616956346497e-07 |  -2.0265616956346497e-07 | 1
 40, 25 |   0.0000000000000000e+00 |   0.0000000000000000e+00 | 1
 40, 26 |   0.0000000000000000e+00 |   0.0000000000000000e+00 | 1
 40, 27 |   0.0000000000000000e+00 |   0.0000000000000000e+00 | 1
 40, 28 |  -1.1333630489555758e-07 |  -1.1333630489555758e-07 | 1
 40, 29 |   0.0000000000000000e+00 |   0.0000000000000000e+00 | 1
 40, 30 |   0.0000000000000000e+00 |   0.0000000000000000e+00 | 1
 40, 31 |   8.7860135538854350e-08 |   8.7860135538854350e-08 | 1
 40, 32 |   3.2063515573557013e-07 |   3.2063515573557013e-07 | 1
 40, 33 |   0.0000000000000000e+00 |   0.0000000000000000e+00 | 1
 40, 34 |  -3.4947581756608000e-07 |  -3.4947581756608000e-07 | 1
 40, 35 |   2.5396609159924324e-08 |   2.5396609159924324e-08 | 1
 40, 36 |  -4.8507689780745727e-08 |  -4.8507689780745727e-08 | 1
 40, 37 |  -1.4842376850210661e-08 |  -1.4842376850210661e-08 | 1
 40, 38 |  -3.7525410117096884e-08 |  -3.7525410117096884e-08 | 1
 40, 39 |   2.2954707235821222e-09 |   2.2954707235821222e-09 | 1
 40, 40 |   3.1842664456242630e-11 |   3.1842664456242630e-11 | 1
 40, 41 |   2.0912330848787955e-08 |   2.0912330848787955e-08 | 1
 40, 42 |  -2.4817558681463380e-07 |  -2.4817558681463380e-07 | 1
 41,  1 |   2.9593943732731959e-03 |   2.9593943732731959e-03 | 1
 41,  2 |   9.1834898360597947e-04 |   9.1834898360597947e-04 | 1
 41,  3 |   0.0000000000000000e+00 |   0.0000000000000000e+00 | 1
 41,  4 |   2.4486997984610338e-03 |   2.4486997984610338e-03 | 1
 41,  5 |   0.0000000000000000e+00 |   0.0000000000000000e+00 | 1
 41,  6 |   0.0000000000000000e+00 |   0.0000000000000000e+00 | 1
 41,  7 |   0.0000000000000000e+00 |   0.0000000000000000e+00 | 1
 41,  8 |   2.2027230179464379e-03 |   2.2027230179464379e-03 | 1
 41,  9 |   4.9277340478329143e-03 |   4.9277340478329143e-03 | 1
 41, 10 |   0.0000000000000000e+00 |   0.0000000000000000e+00 | 1
 41, 11 |   0.0000000000000000e+00 |   0.0000000000000000e+00 | 1
 41, 12 |   1.4816515882849347e-03 |   1.4816515882849347e-03 | 1
 41, 13 |   0.0000000000000000e+00 |   0.0000000000000000e+00 | 1
 41, 14 |   0.0000000000000000e+00 |   0.0000000000000000e+00 | 1
 41, 15 |   0.0000000000000000e+00 |   0.0000000000000000e+00 | 1
 41, 16 |   1.2746399927751422e-03 |   1.2746399927751422e-03 | 1
 41, 17 |   2.4930463602072387e-03 |   2.4930463602072387e-03 | 1
 41, 18 |   0.0000000000000000e+00 |   0.0000000000000000e+00 | 1
 41, 19 |   0.0000000000000000e+00 |   0.0000000000000000e+00 | 1
 41, 20 |   0.0000000000000000e+00 |   0.0000000000000000e+00 | 1
 41, 21 |   0.0000000000000000e+00 |   0.0000000000000000e+00 | 1
 41, 22 |   0.0000000000000000e+00 |   0.0000000000000000e+00 | 1
 41, 23 |   0.0000000000000000e+00 |   0.0000000000000000e+00 | 1
 41, 24 |   5.6756236144687860e-03 |   5.6756236144687860e-03 | 1
 41, 25 |   0.0000000000000000e+00 |   0.0000000000000000e+00 | 1
 41, 26 |   0.0000000000000000e+00 |   0.0000000000000000e+00 | 1
 41, 27 |   0.0000000000000000e+00 |   0.0000000000000000e+00 | 1
 41, 28 |   3.3593869886013291e-03 |   3.3593869886013291e-03 | 1
 41, 29 |   0.0000000000000000e+00 |   0.0000000000000000e+00 | 1
 41, 30 |   0.0000000000000000e+00 |   0.0000000000000000e+00 | 1
 41, 31 |   5.6269382962723744e-03 |   5.6269382962723744e-03 | 1
 41, 32 |   3.1377412192367949e-04 |   3.1377412192367949e-04 | 1
 41, 33 |   0.0000000000000000e+00 |   0.0000000000000000e+00 | 1
 41, 34 |   3.8292514499734236e-03 |   3.8292514499734236e-03 | 1
 41, 35 |  -1.0219820265155149e-03 |  -1.0219820265155149e-03 | 1
 41, 36 |  -1.9724703597878979e-03 |  -1.9724703597878979e-03 | 1
 41, 37 |  -2.3936310080867073e-03 |  -2.3936310080867073e-03 | 1
 41, 38 |  -2.8071976002369734e-03 |  -2.8071976002369734e-03 | 1
 41, 39 |  -7.1322560498753793e-05 |  -7.1322560498753793e-05 | 1
 41, 40 |   2.0912330848787955e-08 |   2.0912330848787955e-08 | 1
 41, 41 |   3.0978839937856623e-03 |   3.0978839937856623e-03 | 1
 41, 42 |   5.8829199023117235e-04 |   5.8829199023117235e-04 | 1
 42,  1 |   8.4772738052190711e-04 |   8.4772738052190711e-04 | 1
 42,  2 |   4.4053186742608772e-03 |   4.4053186742608772e-03 | 1
 42,  3 |   0.0000000000000000e+00 |   0.0000000000000000e+00 | 1
 42,  4 |   1.3243756355187444e-03 |   1.3243756355187444e-03 | 1
 42,  5 |   0.0000000000000000e+00 |   0.0000000000000000e+00 | 1
 42,  6 |   0.0000000000000000e+00 |   0.0000000000000000e+00 | 1
 42,  7 |   0.0000000000000000e+00 |   0.0000000000000000e+00 | 1
 42,  8 |   2.5587643218062499e-03 |   2.5587643218062499e-03 | 1
 42,  9 |  -6.6813842117013195e-04 |  -6.6813842117013195e-04 | 1
 42, 10 |   0.0000000000000000e+00 |   0.0000000000000000e+00 | 1
 42, 11 |   0.0000000000000000e+00 |   0.0000000000000000e+00 | 1
 42, 12 |   8.9750375201129190e-04 |   8.9750375201129190e-04 | 1
 42, 13 |   0.0000000000000000e+00 |   0.0000000000000000e+00 | 1
 42, 14 |   0.0000000000000000e+00 |   0.0000000000000000e+00 | 1
 42, 15 |   0.0000000000000000e+00 |   0.0000000000000000e+00 | 1
 42, 16 |   4.0805178248200444e-03 |   4.0805178248200444e-03 | 1
 42, 17 |   3.3073660613041162e-03 |   3.3073660613041162e-03 | 1
 42, 18 |   0.0000000000000000e+00 |   0.0000000000000000e+00 | 1
 42, 19 |   0.0000000000000000e+00 |   0.0000000000000000e+00 | 1
 42, 20 |   0.0000000000000000e+00 |   0.0000000000000000e+00 | 1
 42, 21 |   0.0000000000000000e+00 |   0.0000000000000000e+00 | 1
 42, 22 |   0.0000000000000000e+00 |   0.0000000000000000e+00 | 1
 42, 23 |   0.0000000000000000e+00 |   0.0000000000000000e+00 | 1
 42, 24 |   7.3579819456039818e-03 |   7.3579819456039818e-03 | 1
 42, 25 |   0.0000000000000000e+00 |   0.0000000000000000e+00 | 1
 42, 26 |   0.0000000000000000e+00 |   0.0000000000000000e+00 | 1
 42, 27 |   0.0000000000000000e+00 |   0.0000000000000000e+00 | 1
 42, 28 |   2.3703279628104535e-03 |   2.3703279628104535e-03 | 1
 42, 29 |   0.0000000000000000e+00 |   0.0000000000000000e+00 | 1
 42, 30 |   0.0000000000000000e+00 |   0.0000000000000000e+00 | 1
 42, 31 |   3.3139925558161370e-03 |   3.3139925558161370e-03 | 1
 42, 32 |  -4.8482354436186689e-03 |  -4.8482354436186689e-03 | 1
 42, 33 |   0.0000000000000000e+00 |   0.0000000000000000e+00 | 1
 42, 34 |   7.5124270616969656e-03 |   7.5124270616969656e-03 | 1
 42, 35 |  -1.2793039733529762e-03 |  -1.2793039733529762e-03 | 1
 42, 36 |  -7.5461203755110859e-04 |  -7.5461203755110859e-04 | 1
 42, 37 |  -1.4496617049218564e-03 |  -1.4496617049218564e-03 | 1
 42, 38 |  -1.0741869294254762e-03 |  -1.0741869294254762e-03 | 1
 42, 39 |  -2.0724918989746750e-04 |  -2.0724918989746750e-04 | 1
 42, 40 |  -2.4817558681463380e-07 |  -2.4817558681463380e-07 | 1
 42, 41 |   5.8829199023117235e-04 |   5.8829199023117235e-04 | 1
 42, 42 |   6.0789150726990003e-03 |   6.0789150726990003e-03 | 1
