row,col | V_base                   | V_new                    | equal
  1,  1 |   3.8757190098580334e-03 |   3.8757190098580334e-03 | 1
  1,  2 |   8.2509481696721931e-04 |   8.2509481696721931e-04 | 1
  1,  3 |   2.7010009763711708e-03 |   2.7010009763711708e-03 | 1
  1,  4 |   2.4298020473870075e-03 |   2.4298020473870075e-03 | 1
  1,  5 |   1.2639238832478882e-03 |   1.2639238832478882e-03 | 1
  1,  6 |   1.5166244599917851e-04 |   1.5166244599917851e-04 | 1
  1,  7 |   3.5258294115202695e-03 |   3.5258294115202695e-03 | 1
  1,  8 |   2.3479374563579319e-03 |   2.3479374563579319e-03 | 1
  1,  9 |   5.3990483185210967e-03 |   5.3990483185210967e-03 | 1
  1, 10 |   1.2271868696907436e-04 |   1.2271868696907436e-04 | 1
  1, 11 |   1.2098267726068598e-03 |   1.2098267726068598e-03 | 1
  1, 12 |   1.5283196852214757e-03 |   1.5283196852214757e-03 | 1
  1, 13 |   2.7781985514331777e-03 |   2.7781985514331777e-03 | 1
  1, 14 |   1.1268879306941552e-03 |   1.1268879306941552e-03 | 1
  1, 15 |   1.7777420344946148e-03 |   1.7777420344946148e-03 | 1
  1, 16 |   3.2018717342958302e-04 |   3.2018717342958302e-04 | 1
  1, 17 |   2.8450905857413896e-03 |   2.8450905857413896e-03 | 1
  1, 18 |   9.3114889337808995e-04 |   9.3114889337808995e-04 | 1
  1, 19 |   2.7066105308936636e-03 |   2.7066105308936636e-03 | 1
  1, 20 |   2.6051987850291614e-03 |   2.6051987850291614e-03 | 1
  1, 21 |   1.7949229816806326e-03 |   1.7949229816806326e-03 | 1
  1, 22 |   4.7248920208830059e-03 |   4.7248920208830059e-03 | 1
  1, 23 |   6.0583082811892740e-04 |   6.0583082811892740e-04 | 1
  1, 24 |   4.3943308067830224e-03 |   4.3943308067830224e-03 | 1
  1, 25 |   3.5263061956476533e-03 |   3.5263061956476533e-03 | 1
  1, 26 |   4.8549844110518125e-04 |   4.8549844110518125e-04 | 1
  1, 27 |   1.5903209124281490e-04 |   1.5903209124281490e-04 | 1
  1, 28 |   2.1527983410099196e-03 |   2.1527983410099196e-03 | 1
  1, 29 |   4.8508256411018448e-03 |   4.8508256411018448e-03 | 1
  1, 30 |   1.7128949948213557e-03 |   1.7128949948213557e-03 | 1
  1, 31 |   4.8468999630116964e-03 |   4.8468999630116964e-03 | 1
  1, 32 |   6.7503482821534193e-04 |   6.7503482821534193e-04 | 1
  1, 33 |   1.8567234897167730e-03 |   1.8567234897167730e-03 | 1
  1, 34 |   1.3493218080323902e-03 |   1.3493218080323902e-03 | 1
  1, 35 |  -9.7146282121738574e-04 |  -9.7146282121738574e-04 | 1
  1, 36 |  -1.8815819423969259e-03 |  -1.8815819423969259e-03 | 1
  1, 37 |  -2.2175229246606293e-03 |  -2.2175229246606293e-03 | 1
  1, 38 |  -2.6968366123970222e-03 |  -2.6968366123970222e-03 | 1
  1, 39 |  -8.6903463976891688e-05 |  -8.6903463976891688e-05 | 1
  1, 40 |   3.2085607722972522e-03 |   3.2085607722972522e-03 | 1
  1, 41 |  -4.5011022418191098e-04 |  -4.5011022418191098e-04 | 1
  2,  1 |   8.2509481696721931e-04 |   8.2509481696721931e-04 | 1
  2,  2 |   3.0641646994963956e-03 |   3.0641646994963956e-03 | 1
  2,  3 |  -8.9197363057585760e-04 |  -8.9197363057585760e-04 | 1
  2,  4 |  -8.5845853648349303e-05 |  -8.5845853648349303e-05 | 1
  2,  5 |   3.4670104096782883e-04 |   3.4670104096782883e-04 | 1
  2,  6 |   5.6191391140978438e-04 |   5.6191391140978438e-04 | 1
  2,  7 |   6.4927779043485317e-05 |   6.4927779043485317e-05 | 1
  2,  8 |   4.9585742946063518e-04 |   4.9585742946063518e-04 | 1
  2,  9 |   5.6451461331561217e-04 |   5.6451461331561217e-04 | 1
  2, 10 |  -7.3970032796809998e-05 |  -7.3970032796809998e-05 | 1
  2, 11 |   7.0159611725130770e-04 |   7.0159611725130770e-04 | 1
  2, 12 |  -1.1798530276655320e-03 |  -1.1798530276655320e-03 | 1
  2, 13 |  -1.5630833833064918e-03 |  -1.5630833833064918e-03 | 1
  2, 14 |  -4.2692137408359177e-04 |  -4.2692137408359177e-04 | 1
  2, 15 |  -3.1931559594021550e-04 |  -3.1931559594021550e-04 | 1
  2, 16 |  -1.1219421632011511e-03 |  -1.1219421632011511e-03 | 1
  2, 17 |   1.6193839285698801e-03 |   1.6193839285698801e-03 | 1
  2, 18 |  -7.6607939167444767e-04 |  -7.6607939167444767e-04 | 1
  2, 19 |  -1.5552897426588557e-03 |  -1.5552897426588557e-03 | 1
  2, 20 |  -3.3421135688980231e-05 |  -3.3421135688980231e-05 | 1
  2, 21 |   4.8731052044988997e-04 |   4.8731052044988997e-04 | 1
  2, 22 |  -3.8395452090687720e-03 |  -3.8395452090687720e-03 | 1
  2, 23 |   5.2265413566785802e-03 |   5.2265413566785802e-03 | 1
  2, 24 |   2.8084886665103149e-03 |   2.8084886665103149e-03 | 1
  2, 25 |   1.5502164556164570e-03 |   1.5502164556164570e-03 | 1
  2, 26 |   5.8659248118074596e-03 |   5.8659248118074596e-03 | 1
  2, 27 |  -2.5779552916181886e-03 |  -2.5779552916181886e-03 | 1
  2, 28 |  -1.9176054445860084e-04 |  -1.9176054445860084e-04 | 1
  2, 29 |   4.3353398224465390e-05 |   4.3353398224465390e-05 | 1
  2, 30 |   4.5316112905232736e-04 |   4.5316112905232736e-04 | 1
  2, 31 |  -2.1695133601897709e-03 |  -2.1695133601897709e-03 | 1
  2, 32 |  -4.6261796337077155e-05 |  -4.6261796337077155e-05 | 1
  2, 33 |  -1.0456049416187239e-03 |  -1.0456049416187239e-03 | 1
  2, 34 |   3.0175941365651912e-05 |   3.0175941365651912e-05 | 1
  2, 35 |  -1.3776180257159274e-03 |  -1.3776180257159274e-03 | 1
  2, 36 |  -4.9116848780847823e-04 |  -4.9116848780847823e-04 | 1
  2, 37 |  -7.1109408917777249e-04 |  -7.1109408917777249e-04 | 1
  2, 38 |  -8.6538741494266119e-04 |  -8.6538741494266119e-04 | 1
  2, 39 |  -8.6594891594077937e-05 |  -8.6594891594077937e-05 | 1
  2, 40 |   6.0283954870881209e-04 |   6.0283954870881209e-04 | 1
  2, 41 |   9.1114629172469219e-04 |   9.1114629172469219e-04 | 1
  3,  1 |   2.7010009763711708e-03 |   2.7010009763711708e-03 | 1
  3,  2 |  -8.9197363057585760e-04 |  -8.9197363057585760e-04 | 1
  3,  3 |   1.0976872212486064e-02 |   1.0976872212486064e-02 | 1
  3,  4 |   3.0560981575433761e-03 |   3.0560981575433761e-03 | 1
  3,  5 |   1.3733639092728118e-03 |   1.3733639092728118e-03 | 1
  3,  6 |  -1.6529658035603651e-03 |  -1.6529658035603651e-03 | 1
  3,  7 |   3.7581293583640483e-03 |   3.7581293583640483e-03 | 1
  3,  8 |   4.9004071736148229e-03 |   4.9004071736148229e-03 | 1
  3,  9 |   8.4166984517673998e-03 |   8.4166984517673998e-03 | 1
  3, 10 |  -3.0480682263011229e-03 |  -3.0480682263011229e-03 | 1
  3, 11 |   5.7517010817973834e-04 |   5.7517010817973834e-04 | 1
  3, 12 |   1.0880247343738477e-03 |   1.0880247343738477e-03 | 1
  3, 13 |   4.6439589836853598e-03 |   4.6439589836853598e-03 | 1
  3, 14 |   3.9299085688526067e-03 |   3.9299085688526067e-03 | 1
  3, 15 |   1.5301339120447235e-03 |   1.5301339120447235e-03 | 1
  3, 16 |   2.8462107082522781e-03 |   2.8462107082522781e-03 | 1
  3, 17 |   3.5463006926823911e-03 |   3.5463006926823911e-03 | 1
  3, 18 |  -1.9410360876423205e-05 |  -1.9410360876423205e-05 | 1
  3, 19 |   8.7043239179661336e-03 |   8.7043239179661336e-03 | 1
  3, 20 |   2.6825117537263073e-03 |   2.6825117537263073e-03 | 1
  3, 21 |   8.3640668878162648e-03 |   8.3640668878162648e-03 | 1
  3, 22 |  -4.2469357028249669e-03 |  -4.2469357028249669e-03 | 1
  3, 23 |   5.4079994961739770e-03 |   5.4079994961739770e-03 | 1
  3, 24 |   5.0810538478789462e-03 |   5.0810538478789462e-03 | 1
  3, 25 |   2.0983118927427389e-03 |   2.0983118927427389e-03 | 1
  3, 26 |  -2.9233639866689575e-03 |  -2.9233639866689575e-03 | 1
  3, 27 |   5.5140299113220154e-03 |   5.5140299113220154e-03 | 1
  3, 28 |   2.7899154210808668e-03 |   2.7899154210808668e-03 | 1
  3, 29 |   6.5771755702203486e-03 |   6.5771755702203486e-03 | 1
  3, 30 |   3.8820083516411395e-03 |   3.8820083516411395e-03 | 1
  3, 31 |  -1.0617009652539840e-03 |  -1.0617009652539840e-03 | 1
  3, 32 |   8.4614309284298682e-04 |   8.4614309284298682e-04 | 1
  3, 33 |   4.1247025060969968e-03 |   4.1247025060969968e-03 | 1
  3, 34 |   2.9424846157856187e-03 |   2.9424846157856187e-03 | 1
  3, 35 |  -2.1196163894336267e-04 |  -2.1196163894336267e-04 | 1
  3, 36 |  -1.6969600542622730e-03 |  -1.6969600542622730e-03 | 1
  3, 37 |  -1.4716947550940378e-03 |  -1.4716947550940378e-03 | 1
  3, 38 |  -2.9883001610905621e-03 |  -2.9883001610905621e-03 | 1
  3, 39 |   6.5179267358781484e-05 |   6.5179267358781484e-05 | 1
  3, 40 |   2.9845585432286530e-03 |   2.9845585432286530e-03 | 1
  3, 41 |   6.6009361542851359e-05 |   6.6009361542851359e-05 | 1
  4,  1 |   2.4298020473870075e-03 |   2.4298020473870075e-03 | 1
  4,  2 |  -8.5845853648349303e-05 |  -8.5845853648349303e-05 | 1
  4,  3 |   3.0560981575433761e-03 |   3.0560981575433761e-03 | 1
  4,  4 |   3.2738759566342214e-03 |   3.2738759566342214e-03 | 1
  4,  5 |   7.7552275082137584e-04 |   7.7552275082137584e-04 | 1
  4,  6 |  -2.8739168655868237e-04 |  -2.8739168655868237e-04 | 1
  4,  7 |   5.4708645755387874e-03 |   5.4708645755387874e-03 | 1
  4,  8 |   2.0886922269887634e-03 |   2.0886922269887634e-03 | 1
  4,  9 |   3.8721584353038959e-03 |   3.8721584353038959e-03 | 1
  4, 10 |  -1.6510929565926693e-03 |  -1.6510929565926693e-03 | 1
  4, 11 |   9.5516713590785814e-04 |   9.5516713590785814e-04 | 1
  4, 12 |   2.8337502103680957e-03 |   2.8337502103680957e-03 | 1
  4, 13 |   3.1570805429957088e-03 |   3.1570805429957088e-03 | 1
  4, 14 |   4.0491227494162934e-03 |   4.0491227494162934e-03 | 1
  4, 15 |  -2.6102466326481974e-03 |  -2.6102466326481974e-03 | 1
  4, 16 |   7.2363801086434108e-04 |   7.2363801086434108e-04 | 1
  4, 17 |   1.7606489109236838e-03 |   1.7606489109236838e-03 | 1
  4, 18 |   2.5927145499730618e-03 |   2.5927145499730618e-03 | 1
  4, 19 |   4.1121391913566986e-03 |   4.1121391913566986e-03 | 1
  4, 20 |   3.5498890524957574e-03 |   3.5498890524957574e-03 | 1
  4, 21 |  -4.5928370366746501e-03 |  -4.5928370366746501e-03 | 1
  4, 22 |   3.4838911201739262e-03 |   3.4838911201739262e-03 | 1
  4, 23 |  -5.2183567143079964e-04 |  -5.2183567143079964e-04 | 1
  4, 24 |   3.9284459966163546e-03 |   3.9284459966163546e-03 | 1
  4, 25 |   1.7294068566041409e-03 |   1.7294068566041409e-03 | 1
  4, 26 |  -1.0957645950421114e-03 |  -1.0957645950421114e-03 | 1
  4, 27 |   2.2021636081992766e-03 |   2.2021636081992766e-03 | 1
  4, 28 |   2.2203874409296599e-03 |   2.2203874409296599e-03 | 1
  4, 29 |   5.7117956342724319e-03 |   5.7117956342724319e-03 | 1
  4, 30 |   2.0406981566050511e-03 |   2.0406981566050511e-03 | 1
  4, 31 |   5.1756107344003346e-03 |   5.1756107344003346e-03 | 1
  4, 32 |   5.1524943487918199e-04 |   5.1524943487918199e-04 | 1
  4, 33 |   3.9563614101495656e-03 |   3.9563614101495656e-03 | 1
  4, 34 |   1.7320261894894315e-03 |   1.7320261894894315e-03 | 1
  4, 35 |  -1.0566526542963336e-03 |  -1.0566526542963336e-03 | 1
  4, 36 |  -1.9808536830019218e-03 |  -1.9808536830019218e-03 | 1
  4, 37 |  -2.0009633857851305e-03 |  -2.0009633857851305e-03 | 1
  4, 38 |  -2.1943542914266067e-03 |  -2.1943542914266067e-03 | 1
  4, 39 |  -9.4545681789427537e-05 |  -9.4545681789427537e-05 | 1
  4, 40 |   2.9048346674375178e-03 |   2.9048346674375178e-03 | 1
  4, 41 |   1.6998983914896952e-04 |   1.6998983914896952e-04 | 1
  5,  1 |   1.2639238832478882e-03 |   1.2639238832478882e-03 | 1
  5,  2 |   3.4670104096782883e-04 |   3.4670104096782883e-04 | 1
  5,  3 |   1.3733639092728118e-03 |   1.3733639092728118e-03 | 1
  5,  4 |   7.7552275082137584e-04 |   7.7552275082137584e-04 | 1
  5,  5 |   2.9399906160649959e-02 |   2.9399906160649959e-02 | 1
  5,  6 |   2.0346754802906875e-03 |   2.0346754802906875e-03 | 1
  5,  7 |   7.4784223433760873e-03 |   7.4784223433760873e-03 | 1
  5,  8 |  -3.6284246550636560e-04 |  -3.6284246550636560e-04 | 1
  5,  9 |  -1.2985730090636057e-03 |  -1.2985730090636057e-03 | 1
  5, 10 |   3.1567043030830706e-03 |   3.1567043030830706e-03 | 1
  5, 11 |   1.1568494818783315e-03 |   1.1568494818783315e-03 | 1
  5, 12 |  -6.6324459952934647e-03 |  -6.6324459952934647e-03 | 1
  5, 13 |  -3.8258914243687768e-03 |  -3.8258914243687768e-03 | 1
  5, 14 |   7.7192268374690152e-03 |   7.7192268374690152e-03 | 1
  5, 15 |   2.5359604953884601e-02 |   2.5359604953884601e-02 | 1
  5, 16 |   5.9798719057917032e-03 |   5.9798719057917032e-03 | 1
  5, 17 |   2.2882204025557120e-03 |   2.2882204025557120e-03 | 1
  5, 18 |   4.9784994398505769e-03 |   4.9784994398505769e-03 | 1
  5, 19 |   1.3634420345391425e-03 |   1.3634420345391425e-03 | 1
  5, 20 |  -2.5758621841732591e-03 |  -2.5758621841732591e-03 | 1
  5, 21 |   3.7346346154135380e-03 |   3.7346346154135380e-03 | 1
  5, 22 |   1.5265687748141389e-02 |   1.5265687748141389e-02 | 1
  5, 23 |   8.8656715127104005e-03 |   8.8656715127104005e-03 | 1
  5, 24 |   3.5646637741897158e-03 |   3.5646637741897158e-03 | 1
  5, 25 |  -6.0705723542740283e-03 |  -6.0705723542740283e-03 | 1
  5, 26 |  -1.9998810916230497e-02 |  -1.9998810916230497e-02 | 1
  5, 27 |   7.3114461685465006e-03 |   7.3114461685465006e-03 | 1
  5, 28 |   3.8941231005041603e-03 |   3.8941231005041603e-03 | 1
  5, 29 |   5.3706007983246283e-03 |   5.3706007983246283e-03 | 1
  5, 30 |   4.8631122512113557e-03 |   4.8631122512113557e-03 | 1
  5, 31 |   8.2290881759807914e-03 |   8.2290881759807914e-03 | 1
  5, 32 |   4.7403918941792085e-04 |   4.7403918941792085e-04 | 1
  5, 33 |   3.4227711043856380e-03 |   3.4227711043856380e-03 | 1
  5, 34 |   9.1330139749745253e-04 |   9.1330139749745253e-04 | 1
  5, 35 |  -1.3534468146574443e-03 |  -1.3534468146574443e-03 | 1
  5, 36 |  -1.7739314798305270e-03 |  -1.7739314798305270e-03 | 1
  5, 37 |  -3.3723707502961667e-03 |  -3.3723707502961667e-03 | 1
  5, 38 |  -1.4541376247850799e-03 |  -1.4541376247850799e-03 | 1
  5, 39 |  -1.6200612961834548e-04 |  -1.6200612961834548e-04 | 1
  5, 40 |   1.9463366813796032e-03 |   1.9463366813796032e-03 | 1
  5, 41 |  -1.1642091212094199e-04 |  -1.1642091212094199e-04 | 1
  6,  1 |   1.5166244599917851e-04 |   1.5166244599917851e-04 | 1
  6,  2 |   5.6191391140978438e-04 |   5.6191391140978438e-04 | 1
  6,  3 |  -1.6529658035603651e-03 |  -1.6529658035603651e-03 | 1
  6,  4 |  -2.8739168655868237e-04 |  -2.8739168655868237e-04 | 1
  6,  5 |   2.0346754802906875e-03 |   2.0346754802906875e-03 | 1
  6,  6 |   7.9014124948224452e-03 |   7.9014124948224452e-03 | 1
  6,  7 |  -9.7289728727607063e-05 |  -9.7289728727607063e-05 | 1
  6,  8 |  -1.9425845310549377e-03 |  -1.9425845310549377e-03 | 1
  6,  9 |  -2.9360621199174437e-03 |  -2.9360621199174437e-03 | 1
  6, 10 |  -1.1252893303502725e-03 |  -1.1252893303502725e-03 | 1
  6, 11 |   1.2120292265080856e-03 |   1.2120292265080856e-03 | 1
  6, 12 |   4.5151784901039185e-04 |   4.5151784901039185e-04 | 1
  6, 13 |  -6.6332847523136406e-04 |  -6.6332847523136406e-04 | 1
  6, 14 |   8.9313151596834631e-04 |   8.9313151596834631e-04 | 1
  6, 15 |  -6.8910502925700868e-04 |  -6.8910502925700868e-04 | 1
  6, 16 |   6.4868877398953842e-05 |   6.4868877398953842e-05 | 1
  6, 17 |   2.3963036058552732e-04 |   2.3963036058552732e-04 | 1
  6, 18 |  -4.3167516621557290e-05 |  -4.3167516621557290e-05 | 1
  6, 19 |  -1.7224559023153367e-03 |  -1.7224559023153367e-03 | 1
  6, 20 |  -6.6608849358046243e-04 |  -6.6608849358046243e-04 | 1
  6, 21 |  -2.0913272478081837e-03 |  -2.0913272478081837e-03 | 1
  6, 22 |   5.3529481213305270e-03 |   5.3529481213305270e-03 | 1
  6, 23 |  -6.9146760301593783e-04 |  -6.9146760301593783e-04 | 1
  6, 24 |  -1.0064960707298600e-04 |  -1.0064960707298600e-04 | 1
  6, 25 |   1.2124835426156645e-03 |   1.2124835426156645e-03 | 1
  6, 26 |   1.7569867902166054e-03 |   1.7569867902166054e-03 | 1
  6, 27 |   2.9549135059496706e-04 |   2.9549135059496706e-04 | 1
  6, 28 |  -8.1097026712146063e-04 |  -8.1097026712146063e-04 | 1
  6, 29 |  -2.1423851080098783e-04 |  -2.1423851080098783e-04 | 1
  6, 30 |   8.6973378457844001e-04 |   8.6973378457844001e-04 | 1
  6, 31 |   6.8920051593944205e-04 |   6.8920051593944205e-04 | 1
  6, 32 |   1.1539941733128760e-03 |   1.1539941733128760e-03 | 1
  6, 33 |  -6.7218082050565925e-03 |  -6.7218082050565925e-03 | 1
  6, 34 |   2.1062176312031007e-03 |   2.1062176312031007e-03 | 1
  6, 35 |  -3.4641604646229853e-04 |  -3.4641604646229853e-04 | 1
  6, 36 |  -7.9647725277011134e-04 |  -7.9647725277011134e-04 | 1
  6, 37 |  -1.2026290387122363e-03 |  -1.2026290387122363e-03 | 1
  6, 38 |  -1.1068961710067283e-03 |  -1.1068961710067283e-03 | 1
  6, 39 |  -5.3700656586059750e-05 |  -5.3700656586059750e-05 | 1
  6, 40 |   9.6531132168171658e-04 |   9.6531132168171658e-04 | 1
  6, 41 |  -3.1566027509974382e-04 |  -3.1566027509974382e-04 | 1
  7,  1 |   3.5258294115202695e-03 |   3.5258294115202695e-03 | 1
  7,  2 |   6.4927779043485317e-05 |   6.4927779043485317e-05 | 1
  7,  3 |   3.7581293583640483e-03 |   3.7581293583640483e-03 | 1
  7,  4 |   5.4708645755387874e-03 |   5.4708645755387874e-03 | 1
  7,  5 |   7.4784223433760873e-03 |   7.4784223433760873e-03 | 1
  7,  6 |  -9.7289728727607063e-05 |  -9.7289728727607063e-05 | 1
  7,  7 |   2.5742848409825037e-02 |   2.5742848409825037e-02 | 1
  7,  8 |   3.2194997593069192e-03 |   3.2194997593069192e-03 | 1
  7,  9 |   1.4575659890145979e-02 |   1.4575659890145979e-02 | 1
  7, 10 |  -7.7766115825562282e-03 |  -7.7766115825562282e-03 | 1
  7, 11 |   1.0501249960917468e-03 |   1.0501249960917468e-03 | 1
  7, 12 |   3.5188440899260056e-03 |   3.5188440899260056e-03 | 1
  7, 13 |   3.9256687356141913e-03 |   3.9256687356141913e-03 | 1
  7, 14 |   9.8646453734593902e-03 |   9.8646453734593902e-03 | 1
  7, 15 |   1.6483210579651436e-02 |   1.6483210579651436e-02 | 1
  7, 16 |   3.5671778852050871e-03 |   3.5671778852050871e-03 | 1
  7, 17 |  -8.7932827675921518e-05 |  -8.7932827675921518e-05 | 1
  7, 18 |   3.9060790477203310e-03 |   3.9060790477203310e-03 | 1
  7, 19 |   6.2180878998391864e-03 |   6.2180878998391864e-03 | 1
  7, 20 |   1.1331093437476821e-02 |   1.1331093437476821e-02 | 1
  7, 21 |  -1.6311881161320714e-02 |  -1.6311881161320714e-02 | 1
  7, 22 |   1.3682122007505224e-02 |   1.3682122007505224e-02 | 1
  7, 23 |   1.2726064458366281e-02 |   1.2726064458366281e-02 | 1
  7, 24 |   6.2881282083402084e-03 |   6.2881282083402084e-03 | 1
  7, 25 |   9.9675279418440232e-04 |   9.9675279418440232e-04 | 1
  7, 26 |   6.7621409601323033e-03 |   6.7621409601323033e-03 | 1
  7, 27 |  -5.3283008112380340e-04 |  -5.3283008112380340e-04 | 1
  7, 28 |   1.1256891549195711e-02 |   1.1256891549195711e-02 | 1
  7, 29 |   1.2982703551426817e-02 |   1.2982703551426817e-02 | 1
  7, 30 |   4.6403933476200625e-03 |   4.6403933476200625e-03 | 1
  7, 31 |   7.0593288996002711e-03 |   7.0593288996002711e-03 | 1
  7, 32 |   1.4923726782948110e-03 |   1.4923726782948110e-03 | 1
  7, 33 |   4.8306197387376609e-03 |   4.8306197387376609e-03 | 1
  7, 34 |   3.3007719210515108e-03 |   3.3007719210515108e-03 | 1
  7, 35 |  -1.9123951500096738e-03 |  -1.9123951500096738e-03 | 1
  7, 36 |  -2.8886307101128076e-03 |  -2.8886307101128076e-03 | 1
  7, 37 |  -2.3814558727320917e-03 |  -2.3814558727320917e-03 | 1
  7, 38 |  -2.8803697085106710e-03 |  -2.8803697085106710e-03 | 1
  7, 39 |  -7.2042376861951245e-05 |  -7.2042376861951245e-05 | 1
  7, 40 |   5.9120438760898756e-03 |   5.9120438760898756e-03 | 1
  7, 41 |  -1.0126184705617535e-03 |  -1.0126184705617535e-03 | 1
  8,  1 |   2.3479374563579319e-03 |   2.3479374563579319e-03 | 1
  8,  2 |   4.9585742946063518e-04 |   4.9585742946063518e-04 | 1
  8,  3 |   4.9004071736148229e-03 |   4.9004071736148229e-03 | 1
  8,  4 |   2.0886922269887634e-03 |   2.0886922269887634e-03 | 1
  8,  5 |  -3.6284246550636560e-04 |  -3.6284246550636560e-04 | 1
  8,  6 |  -1.9425845310549377e-03 |  -1.9425845310549377e-03 | 1
  8,  7 |   3.2194997593069192e-03 |   3.2194997593069192e-03 | 1
  8,  8 |   4.7267829485745996e-03 |   4.7267829485745996e-03 | 1
  8,  9 |   4.2202694846952575e-03 |   4.2202694846952575e-03 | 1
  8, 10 |  -3.8398849028408474e-04 |  -3.8398849028408474e-04 | 1
  8, 11 |   3.7262872518059262e-04 |   3.7262872518059262e-04 | 1
  8, 12 |   1.5193452485918314e-03 |   1.5193452485918314e-03 | 1
  8, 13 |   6.9100330275694843e-03 |   6.9100330275694843e-03 | 1
  8, 14 |   1.7782380638055239e-03 |   1.7782380638055239e-03 | 1
  8, 15 |   3.0644100603013655e-03 |   3.0644100603013655e-03 | 1
  8, 16 |   7.5294673155689622e-04 |   7.5294673155689622e-04 | 1
  8, 17 |   1.2190468101232702e-03 |   1.2190468101232702e-03 | 1
  8, 18 |   9.2460827532812591e-04 |   9.2460827532812591e-04 | 1
  8, 19 |   4.5835619089747287e-03 |   4.5835619089747287e-03 | 1
  8, 20 |   4.2339409396641124e-03 |   4.2339409396641124e-03 | 1
  8, 21 |  -6.1590775857457356e-04 |  -6.1590775857457356e-04 | 1
  8, 22 |  -5.9412148729801164e-03 |  -5.9412148729801164e-03 | 1
  8, 23 |   4.0431948591778714e-05 |   4.0431948591778714e-05 | 1
  8, 24 |   4.8349915541739813e-03 |   4.8349915541739813e-03 | 1
  8, 25 |  -2.8256338054184022e-04 |  -2.8256338054184022e-04 | 1
  8, 26 |  -1.9964524511103111e-03 |  -1.9964524511103111e-03 | 1
  8, 27 |   2.4821142299843117e-03 |   2.4821142299843117e-03 | 1
  8, 28 |   2.4116968288621157e-03 |   2.4116968288621157e-03 | 1
  8, 29 |   5.0600846015375935e-03 |   5.0600846015375935e-03 | 1
  8, 30 |   2.9789689765812458e-03 |   2.9789689765812458e-03 | 1
  8, 31 |  -5.5487766043572093e-04 |  -5.5487766043572093e-04 | 1
  8, 32 |   5.6225036354458032e-04 |   5.6225036354458032e-04 | 1
  8, 33 |   4.9683963245169853e-03 |   4.9683963245169853e-03 | 1
  8, 34 |   1.0068362883997679e-03 |   1.0068362883997679e-03 | 1
  8, 35 |  -2.7101563515494827e-04 |  -2.7101563515494827e-04 | 1
  8, 36 |  -1.1491162772909822e-03 |  -1.1491162772909822e-03 | 1
  8, 37 |  -1.5328383664066011e-03 |  -1.5328383664066011e-03 | 1
  8, 38 |  -2.4680032713139005e-03 |  -2.4680032713139005e-03 | 1
  8, 39 |  -7.6379117183909462e-05 |  -7.6379117183909462e-05 | 1
  8, 40 |   2.3054585454068740e-03 |   2.3054585454068740e-03 | 1
  8, 41 |   7.0146205781052538e-04 |   7.0146205781052538e-04 | 1
  9,  1 |   5.3990483185210967e-03 |   5.3990483185210967e-03 | 1
  9,  2 |   5.6451461331561217e-04 |   5.6451461331561217e-04 | 1
  9,  3 |   8.4166984517673998e-03 |   8.4166984517673998e-03 | 1
  9,  4 |   3.8721584353038959e-03 |   3.8721584353038959e-03 | 1
  9,  5 |  -1.2985730090636057e-03 |  -1.2985730090636057e-03 | 1
  9,  6 |  -2.9360621199174437e-03 |  -2.9360621199174437e-03 | 1
  9,  7 |   1.4575659890145979e-02 |   1.4575659890145979e-02 | 1
  9,  8 |   4.2202694846952575e-03 |   4.2202694846952575e-03 | 1
  9,  9 |   2.5009901883361985e-02 |   2.5009901883361985e-02 | 1
  9, 10 |  -3.5276877708118896e-06 |  -3.5276877708118896e-06 | 1
  9, 11 |   1.3900741808735369e-03 |   1.3900741808735369e-03 | 1
  9, 12 |   7.0393447323404976e-03 |   7.0393447323404976e-03 | 1
  9, 13 |   3.9360655148162459e-03 |   3.9360655148162459e-03 | 1
  9, 14 |   5.1786477858852282e-03 |   5.1786477858852282e-03 | 1
  9, 15 |   1.3917605111631256e-02 |   1.3917605111631256e-02 | 1
  9, 16 |   1.5216557998736621e-03 |   1.5216557998736621e-03 | 1
  9, 17 |   4.3950936738472706e-03 |   4.3950936738472706e-03 | 1
  9, 18 |  -3.2375917610492225e-03 |  -3.2375917610492225e-03 | 1
  9, 19 |   7.4635493952354640e-03 |   7.4635493952354640e-03 | 1
  9, 20 |   8.1811110148246151e-03 |   8.1811110148246151e-03 | 1
  9, 21 |   1.6653311974161077e-03 |   1.6653311974161077e-03 | 1
  9, 22 |   4.9867106475736667e-03 |   4.9867106475736667e-03 | 1
  9, 23 |   1.7367592575920085e-03 |   1.7367592575920085e-03 | 1
  9, 24 |   7.5094754937723510e-03 |   7.5094754937723510e-03 | 1
  9, 25 |   9.3136177035232463e-03 |   9.3136177035232463e-03 | 1
  9, 26 |   2.0476249314623426e-02 |   2.0476249314623426e-02 | 1
  9, 27 |  -6.6298631422152020e-03 |  -6.6298631422152020e-03 | 1
  9, 28 |   9.6912853238251603e-03 |   9.6912853238251603e-03 | 1
  9, 29 |   6.6261699230070817e-03 |   6.6261699230070817e-03 | 1
  9, 30 |   2.8737498953541954e-03 |   2.8737498953541954e-03 | 1
  9, 31 |   4.0086068690369661e-03 |   4.0086068690369661e-03 | 1
  9, 32 |   1.1218725749131391e-03 |   1.1218725749131391e-03 | 1
  9, 33 |   9.2704661621618545e-04 |   9.2704661621618545e-04 | 1
  9, 34 |   3.9409906872021677e-03 |   3.9409906872021677e-03 | 1
  9, 35 |  -1.1781933190166470e-03 |  -1.1781933190166470e-03 | 1
  9, 36 |  -2.5225337863494382e-03 |  -2.5225337863494382e-03 | 1
  9, 37 |  -1.4269190035128896e-03 |  -1.4269190035128896e-03 | 1
  9, 38 |  -3.9110374345274184e-03 |  -3.9110374345274184e-03 | 1
  9, 39 |   3.7821935748812091e-05 |   3.7821935748812091e-05 | 1
  9, 40 |   5.7856058883092448e-03 |   5.7856058883092448e-03 | 1
  9, 41 |  -1.4324389325683540e-03 |  -1.4324389325683540e-03 | 1
 10,  1 |   1.2271868696907436e-04 |   1.2271868696907436e-04 | 1
 10,  2 |  -7.3970032796809998e-05 |  -7.3970032796809998e-05 | 1
 10,  3 |  -3.0480682263011229e-03 |  -3.0480682263011229e-03 | 1
 10,  4 |  -1.6510929565926693e-03 |  -1.6510929565926693e-03 | 1
 10,  5 |   3.1567043030830706e-03 |   3.1567043030830706e-03 | 1
 10,  6 |  -1.1252893303502725e-03 |  -1.1252893303502725e-03 | 1
 10,  7 |  -7.7766115825562282e-03 |  -7.7766115825562282e-03 | 1
 10,  8 |  -3.8398849028408474e-04 |  -3.8398849028408474e-04 | 1
 10,  9 |  -3.5276877708118896e-06 |  -3.5276877708118896e-06 | 1
 10, 10 |   1.4919256540337022e-02 |   1.4919256540337022e-02 | 1
 10, 11 |   7.8362025000141937e-04 |   7.8362025000141937e-04 | 1
 10, 12 |   2.9369241018855361e-03 |   2.9369241018855361e-03 | 1
 10, 13 |   2.1482400083333644e-03 |   2.1482400083333644e-03 | 1
 10, 14 |  -9.1593325184020707e-04 |  -9.1593325184020707e-04 | 1
 10, 15 |   1.4232984728558787e-02 |   1.4232984728558787e-02 | 1
 10, 16 |  -8.1485937638969868e-05 |  -8.1485937638969868e-05 | 1
 10, 17 |   2.2858450365916064e-03 |   2.2858450365916064e-03 | 1
 10, 18 |  -1.4672092989286126e-04 |  -1.4672092989286126e-04 | 1
 10, 19 |  -2.5344491985072664e-03 |  -2.5344491985072664e-03 | 1
 10, 20 |  -1.9756186158942863e-03 |  -1.9756186158942863e-03 | 1
 10, 21 |   2.7527104208299362e-03 |   2.7527104208299362e-03 | 1
 10, 22 |  -2.3898550595686692e-03 |  -2.3898550595686692e-03 | 1
 10, 23 |  -1.6257390374901863e-02 |  -1.6257390374901863e-02 | 1
 10, 24 |   2.4697433150227309e-03 |   2.4697433150227309e-03 | 1
 10, 25 |  -2.0662492634854388e-03 |  -2.0662492634854388e-03 | 1
 10, 26 |  -9.3852821379738187e-05 |  -9.3852821379738187e-05 | 1
 10, 27 |  -1.0202688098343712e-03 |  -1.0202688098343712e-03 | 1
 10, 28 |  -7.3811948545602485e-05 |  -7.3811948545602485e-05 | 1
 10, 29 |  -3.0847256602551340e-03 |  -3.0847256602551340e-03 | 1
 10, 30 |   1.8427718253774068e-03 |   1.8427718253774068e-03 | 1
 10, 31 |   2.2739823057746568e-03 |   2.2739823057746568e-03 | 1
 10, 32 |  -8.7804222845570544e-06 |  -8.7804222845570544e-06 | 1
 10, 33 |  -3.0790346255241000e-04 |  -3.0790346255241000e-04 | 1
 10, 34 |  -2.4892739651531410e-04 |  -2.4892739651531410e-04 | 1
 10, 35 |   7.1873737847761004e-04 |   7.1873737847761004e-04 | 1
 10, 36 |  -2.7219768137327650e-04 |  -2.7219768137327650e-04 | 1
 10, 37 |  -1.6319587038839700e-03 |  -1.6319587038839700e-03 | 1
 10, 38 |  -1.4584522453555964e-03 |  -1.4584522453555964e-03 | 1
 10, 39 |  -1.4282832001766716e-04 |  -1.4282832001766716e-04 | 1
 10, 40 |  -1.3826793985099610e-04 |  -1.3826793985099610e-04 | 1
 10, 41 |   1.0149551218796818e-03 |   1.0149551218796818e-03 | 1
 11,  1 |   1.2098267726068598e-03 |   1.2098267726068598e-03 | 1
 11,  2 |   7.0159611725130770e-04 |   7.0159611725130770e-04 | 1
 11,  3 |   5.7517010817973834e-04 |   5.7517010817973834e-04 | 1
 11,  4 |   9.5516713590785814e-04 |   9.5516713590785814e-04 | 1
 11,  5 |   1.1568494818783315e-03 |   1.1568494818783315e-03 | 1
 11,  6 |   1.2120292265080856e-03 |   1.2120292265080856e-03 | 1
 11,  7 |   1.0501249960917468e-03 |   1.0501249960917468e-03 | 1
 11,  8 |   3.7262872518059262e-04 |   3.7262872518059262e-04 | 1
 11,  9 |   1.3900741808735369e-03 |   1.3900741808735369e-03 | 1
 11, 10 |   7.8362025000141937e-04 |   7.8362025000141937e-04 | 1
 11, 11 |   9.4179530130994557e-04 |   9.4179530130994557e-04 | 1
 11, 12 |   4.1720936869190978e-04 |   4.1720936869190978e-04 | 1
 11, 13 |  -4.7646115247587309e-05 |  -4.7646115247587309e-05 | 1
 11, 14 |   1.6571540220480091e-03 |   1.6571540220480091e-03 | 1
 11, 15 |   5.6626547507242133e-04 |   5.6626547507242133e-04 | 1
 11, 16 |   1.7708625957705914e-04 |   1.7708625957705914e-04 | 1
 11, 17 |   1.4806653899005315e-03 |   1.4806653899005315e-03 | 1
 11, 18 |   2.5920570259487327e-04 |   2.5920570259487327e-04 | 1
 11, 19 |   7.0016650165611065e-04 |   7.0016650165611065e-04 | 1
 11, 20 |   2.6513662490239081e-04 |   2.6513662490239081e-04 | 1
 11, 21 |  -9.6411123260759781e-04 |  -9.6411123260759781e-04 | 1
 11, 22 |   2.1971512583118203e-03 |   2.1971512583118203e-03 | 1
 11, 23 |   5.5737009742049806e-04 |   5.5737009742049806e-04 | 1
 11, 24 |   2.7851959934219630e-03 |   2.7851959934219630e-03 | 1
 11, 25 |   1.7200849895808890e-03 |   1.7200849895808890e-03 | 1
 11, 26 |   1.7818874986520958e-03 |   1.7818874986520958e-03 | 1
 11, 27 |   1.4306688412593125e-04 |   1.4306688412593125e-04 | 1
 11, 28 |   6.4788787428067822e-04 |   6.4788787428067822e-04 | 1
 11, 29 |   2.3822525584994061e-03 |   2.3822525584994061e-03 | 1
 11, 30 |   1.3804685410665498e-03 |   1.3804685410665498e-03 | 1
 11, 31 |   2.6826291199634478e-03 |   2.6826291199634478e-03 | 1
 11, 32 |   5.1893500667616883e-04 |   5.1893500667616883e-04 | 1
 11, 33 |  -5.9323406339642417e-04 |  -5.9323406339642417e-04 | 1
 11, 34 |   1.1773867500791397e-03 |   1.1773867500791397e-03 | 1
 11, 35 |  -7.3160911420570591e-04 |  -7.3160911420570591e-04 | 1
 11, 36 |  -1.1682594288562910e-03 |  -1.1682594288562910e-03 | 1
 11, 37 |  -1.4466349195317520e-03 |  -1.4466349195317520e-03 | 1
 11, 38 |  -1.5421323953016368e-03 |  -1.5421323953016368e-03 | 1
 11, 39 |  -6.1115695063395037e-05 |  -6.1115695063395037e-05 | 1
 11, 40 |   1.4848151590973785e-03 |   1.4848151590973785e-03 | 1
 11, 41 |   2.6232939688290973e-04 |   2.6232939688290973e-04 | 1
 12,  1 |   1.5283196852214757e-03 |   1.5283196852214757e-03 | 1
 12,  2 |  -1.1798530276655320e-03 |  -1.1798530276655320e-03 | 1
 12,  3 |   1.0880247343738477e-03 |   1.0880247343738477e-03 | 1
 12,  4 |   2.8337502103680957e-03 |   2.8337502103680957e-03 | 1
 12,  5 |  -6.6324459952934647e-03 |  -6.6324459952934647e-03 | 1
 12,  6 |   4.5151784901039185e-04 |   4.5151784901039185e-04 | 1
 12,  7 |   3.5188440899260056e-03 |   3.5188440899260056e-03 | 1
 12,  8 |   1.5193452485918314e-03 |   1.5193452485918314e-03 | 1
 12,  9 |   7.0393447323404976e-03 |   7.0393447323404976e-03 | 1
 12, 10 |   2.9369241018855361e-03 |   2.9369241018855361e-03 | 1
 12, 11 |   4.1720936869190978e-04 |   4.1720936869190978e-04 | 1
 12, 12 |   1.5134464369839772e-02 |   1.5134464369839772e-02 | 1
 12, 13 |   9.2972353439175377e-03 |   9.2972353439175377e-03 | 1
 12, 14 |  -1.0452757331870879e-03 |  -1.0452757331870879e-03 | 1
 12, 15 |  -7.5652847614023962e-03 |  -7.5652847614023962e-03 | 1
 12, 16 |   4.8113464262099351e-05 |   4.8113464262099351e-05 | 1
 12, 17 |   5.6730937905877460e-04 |   5.6730937905877460e-04 | 1
 12, 18 |   4.8432691385785053e-03 |   4.8432691385785053e-03 | 1
 12, 19 |   3.3612628399841129e-03 |   3.3612628399841129e-03 | 1
 12, 20 |   7.3540814447761258e-03 |   7.3540814447761258e-03 | 1
 12, 21 |  -7.3725944647170145e-03 |  -7.3725944647170145e-03 | 1
 12, 22 |  -4.1757949544126184e-03 |  -4.1757949544126184e-03 | 1
 12, 23 |  -2.1794118788410269e-02 |  -2.1794118788410269e-02 | 1
 12, 24 |   3.1080275466474228e-03 |   3.1080275466474228e-03 | 1
 12, 25 |   6.8891357184137198e-04 |   6.8891357184137198e-04 | 1
 12, 26 |   5.0701863421034419e-03 |   5.0701863421034419e-03 | 1
 12, 27 |  -1.1293970655787892e-03 |  -1.1293970655787892e-03 | 1
 12, 28 |   2.4747350167455499e-03 |   2.4747350167455499e-03 | 1
 12, 29 |   1.1703405855815626e-03 |   1.1703405855815626e-03 | 1
 12, 30 |   6.9910010482323345e-04 |   6.9910010482323345e-04 | 1
 12, 31 |  -6.4567555640614432e-05 |  -6.4567555640614432e-05 | 1
 12, 32 |  -4.2715911901351821e-04 |  -4.2715911901351821e-04 | 1
 12, 33 |   5.7322338291559225e-03 |   5.7322338291559225e-03 | 1
 12, 34 |   1.7610403941643866e-03 |   1.7610403941643866e-03 | 1
 12, 35 |   1.2883324605731002e-04 |   1.2883324605731002e-04 | 1
 12, 36 |  -1.1935961969303465e-03 |  -1.1935961969303465e-03 | 1
 12, 37 |  -5.6692263262045253e-04 |  -5.6692263262045253e-04 | 1
 12, 38 |  -1.2513912445582004e-03 |  -1.2513912445582004e-03 | 1
 12, 39 |  -2.3704053287958423e-04 |  -2.3704053287958423e-04 | 1
 12, 40 |   2.2653658415241616e-03 |   2.2653658415241616e-03 | 1
 12, 41 |   1.4934517406515978e-03 |   1.4934517406515978e-03 | 1
 13,  1 |   2.7781985514331777e-03 |   2.7781985514331777e-03 | 1
 13,  2 |  -1.5630833833064918e-03 |  -1.5630833833064918e-03 | 1
 13,  3 |   4.6439589836853598e-03 |   4.6439589836853598e-03 | 1
 13,  4 |   3.1570805429957088e-03 |   3.1570805429957088e-03 | 1
 13,  5 |  -3.8258914243687768e-03 |  -3.8258914243687768e-03 | 1
 13,  6 |  -6.6332847523136406e-04 |  -6.6332847523136406e-04 | 1
 13,  7 |   3.9256687356141913e-03 |   3.9256687356141913e-03 | 1
 13,  8 |   6.9100330275694843e-03 |   6.9100330275694843e-03 | 1
 13,  9 |   3.9360655148162459e-03 |   3.9360655148162459e-03 | 1
 13, 10 |   2.1482400083333644e-03 |   2.1482400083333644e-03 | 1
 13, 11 |  -4.7646115247587309e-05 |  -4.7646115247587309e-05 | 1
 13, 12 |   9.2972353439175377e-03 |   9.2972353439175377e-03 | 1
 13, 13 |   1.8955853865634389e-02 |   1.8955853865634389e-02 | 1
 13, 14 |   3.2206992188813914e-03 |   3.2206992188813914e-03 | 1
 13, 15 |   1.8681737599457167e-03 |   1.8681737599457167e-03 | 1
 13, 16 |  -2.4488555464551124e-04 |  -2.4488555464551124e-04 | 1
 13, 17 |  -1.2648440888202053e-03 |  -1.2648440888202053e-03 | 1
 13, 18 |   3.4857660893323535e-03 |   3.4857660893323535e-03 | 1
 13, 19 |   6.8010378739251859e-03 |   6.8010378739251859e-03 | 1
 13, 20 |   1.0593851772441359e-02 |   1.0593851772441359e-02 | 1
 13, 21 |  -1.1829019594783777e-02 |  -1.1829019594783777e-02 | 1
 13, 22 |  -9.1115430307914264e-03 |  -9.1115430307914264e-03 | 1
 13, 23 |  -2.1430321338942741e-02 |  -2.1430321338942741e-02 | 1
 13, 24 |   3.0862331258713119e-03 |   3.0862331258713119e-03 | 1
 13, 25 |  -3.6232338031308630e-03 |  -3.6232338031308630e-03 | 1
 13, 26 |  -6.9302002486208297e-03 |  -6.9302002486208297e-03 | 1
 13, 27 |   3.9045895452472072e-03 |   3.9045895452472072e-03 | 1
 13, 28 |   3.4527225454350271e-03 |   3.4527225454350271e-03 | 1
 13, 29 |   3.4322445365355591e-03 |   3.4322445365355591e-03 | 1
 13, 30 |   3.0463745636213979e-03 |   3.0463745636213979e-03 | 1
 13, 31 |   6.7460250091649996e-04 |   6.7460250091649996e-04 | 1
 13, 32 |   7.8358429759510539e-04 |   7.8358429759510539e-04 | 1
 13, 33 |   8.9272498582359631e-03 |   8.9272498582359631e-03 | 1
 13, 34 |   1.2693452856799422e-03 |   1.2693452856799422e-03 | 1
 13, 35 |   1.0472485104994983e-03 |   1.0472485104994983e-03 | 1
 13, 36 |  -1.0264858834188313e-03 |  -1.0264858834188313e-03 | 1
 13, 37 |  -1.6783072350471935e-03 |  -1.6783072350471935e-03 | 1
 13, 38 |  -2.9244338555560229e-03 |  -2.9244338555560229e-03 | 1
 13, 39 |  -2.1543999804852018e-04 |  -2.1543999804852018e-04 | 1
 13, 40 |   3.0027794741944785e-03 |   3.0027794741944785e-03 | 1
 13, 41 |   5.0863222742082801e-04 |   5.0863222742082801e-04 | 1
 14,  1 |   1.1268879306941552e-03 |   1.1268879306941552e-03 | 1
 14,  2 |  -4.2692137408359177e-04 |  -4.2692137408359177e-04 | 1
 14,  3 |   3.9299085688526067e-03 |   3.9299085688526067e-03 | 1
 14,  4 |   4.0491227494162934e-03 |   4.0491227494162934e-03 | 1
 14,  5 |   7.7192268374690152e-03 |   7.7192268374690152e-03 | 1
 14,  6 |   8.9313151596834631e-04 |   8.9313151596834631e-04 | 1
 14,  7 |   9.8646453734593902e-03 |   9.8646453734593902e-03 | 1
 14,  8 |   1.7782380638055239e-03 |   1.7782380638055239e-03 | 1
 14,  9 |   5.1786477858852282e-03 |   5.1786477858852282e-03 | 1
 14, 10 |  -9.1593325184020707e-04 |  -9.1593325184020707e-04 | 1
 14, 11 |   1.6571540220480091e-03 |   1.6571540220480091e-03 | 1
 14, 12 |  -1.0452757331870879e-03 |  -1.0452757331870879e-03 | 1
 14, 13 |   3.2206992188813914e-03 |   3.2206992188813914e-03 | 1
 14, 14 |   1.8502233926880080e-02 |   1.8502233926880080e-02 | 1
 14, 15 |   3.3181797994922355e-03 |   3.3181797994922355e-03 | 1
 14, 16 |  -1.1934273811551657e-04 |  -1.1934273811551657e-04 | 1
 14, 17 |   8.0911864899734073e-04 |   8.0911864899734073e-04 | 1
 14, 18 |  -6.1133400460327951e-04 |  -6.1133400460327951e-04 | 1
 14, 19 |   6.7225285291679822e-03 |   6.7225285291679822e-03 | 1
 14, 20 |   4.3028086696571318e-03 |   4.3028086696571318e-03 | 1
 14, 21 |  -2.1085844090682457e-02 |  -2.1085844090682457e-02 | 1
 14, 22 |   9.0338072713865882e-03 |   9.0338072713865882e-03 | 1
 14, 23 |  -3.9590916982557758e-03 |  -3.9590916982557758e-03 | 1
 14, 24 |   2.7253357747828401e-03 |   2.7253357747828401e-03 | 1
 14, 25 |   1.8801710535975616e-03 |   1.8801710535975616e-03 | 1
 14, 26 |   1.1575951128382713e-03 |   1.1575951128382713e-03 | 1
 14, 27 |   2.4148435626710056e-03 |   2.4148435626710056e-03 | 1
 14, 28 |   4.3372551072219032e-03 |   4.3372551072219032e-03 | 1
 14, 29 |   4.5305205094772240e-03 |   4.5305205094772240e-03 | 1
 14, 30 |   3.2108512740383986e-03 |   3.2108512740383986e-03 | 1
 14, 31 |   1.4216732710884552e-02 |   1.4216732710884552e-02 | 1
 14, 32 |   1.6413805782650149e-03 |   1.6413805782650149e-03 | 1
 14, 33 |   1.5273112071742102e-03 |   1.5273112071742102e-03 | 1
 14, 34 |   3.7184989228657185e-03 |   3.7184989228657185e-03 | 1
 14, 35 |  -1.9628693533739945e-03 |  -1.9628693533739945e-03 | 1
 14, 36 |  -2.9007590960793386e-03 |  -2.9007590960793386e-03 | 1
 14, 37 |  -3.1064544566819135e-03 |  -3.1064544566819135e-03 | 1
 14, 38 |  -3.0758468985876189e-03 |  -3.0758468985876189e-03 | 1
 14, 39 |  -6.5774659041745396e-05 |  -6.5774659041745396e-05 | 1
 14, 40 |   3.7496416175773007e-03 |   3.7496416175773007e-03 | 1
 14, 41 |  -9.5884477153902509e-04 |  -9.5884477153902509e-04 | 1
 15,  1 |   1.7777420344946148e-03 |   1.7777420344946148e-03 | 1
 15,  2 |  -3.1931559594021550e-04 |  -3.1931559594021550e-04 | 1
 15,  3 |   1.5301339120447235e-03 |   1.5301339120447235e-03 | 1
 15,  4 |  -2.6102466326481974e-03 |  -2.6102466326481974e-03 | 1
 15,  5 |   2.5359604953884601e-02 |   2.5359604953884601e-02 | 1
 15,  6 |  -6.8910502925700868e-04 |  -6.8910502925700868e-04 | 1
 15,  7 |   1.6483210579651436e-02 |   1.6483210579651436e-02 | 1
 15,  8 |   3.0644100603013655e-03 |   3.0644100603013655e-03 | 1
 15,  9 |   1.3917605111631256e-02 |   1.3917605111631256e-02 | 1
 15, 10 |   1.4232984728558787e-02 |   1.4232984728558787e-02 | 1
 15, 11 |   5.6626547507242133e-04 |   5.6626547507242133e-04 | 1
 15, 12 |  -7.5652847614023962e-03 |  -7.5652847614023962e-03 | 1
 15, 13 |   1.8681737599457167e-03 |   1.8681737599457167e-03 | 1
 15, 14 |   3.3181797994922355e-03 |   3.3181797994922355e-03 | 1
 15, 15 |   8.3628326281392273e-02 |   8.3628326281392273e-02 | 1
 15, 16 |   8.6467760624261824e-03 |   8.6467760624261824e-03 | 1
 15, 17 |   3.5243288482248707e-03 |   3.5243288482248707e-03 | 1
 15, 18 |  -1.6585468029341717e-03 |  -1.6585468029341717e-03 | 1
 15, 19 |  -1.5305277208145294e-03 |  -1.5305277208145294e-03 | 1
 15, 20 |   4.6435956567408695e-03 |   4.6435956567408695e-03 | 1
 15, 21 |   1.3716298659644934e-02 |   1.3716298659644934e-02 | 1
 15, 22 |   8.9865440020079519e-03 |   8.9865440020079519e-03 | 1
 15, 23 |   2.2572175403350464e-02 |   2.2572175403350464e-02 | 1
 15, 24 |   5.2815899355477588e-03 |   5.2815899355477588e-03 | 1
 15, 25 |  -1.0527692122337468e-02 |  -1.0527692122337468e-02 | 1
 15, 26 |   2.1422235862418907e-04 |   2.1422235862418907e-04 | 1
 15, 27 |   1.0235402253302018e-03 |   1.0235402253302018e-03 | 1
 15, 28 |   1.4540072312645435e-02 |   1.4540072312645435e-02 | 1
 15, 29 |   7.1592300586926783e-03 |   7.1592300586926783e-03 | 1
 15, 30 |   1.0661661182713441e-02 |   1.0661661182713441e-02 | 1
 15, 31 |  -6.6830769540987770e-03 |  -6.6830769540987770e-03 | 1
 15, 32 |   2.7129151789481833e-03 |   2.7129151789481833e-03 | 1
 15, 33 |  -4.8008262597547821e-03 |  -4.8008262597547821e-03 | 1
 15, 34 |   1.4586655503097898e-03 |   1.4586655503097898e-03 | 1
 15, 35 |   1.8181661983128934e-03 |   1.8181661983128934e-03 | 1
 15, 36 |  -5.0277444897319960e-05 |  -5.0277444897319960e-05 | 1
 15, 37 |  -2.7913223629598234e-03 |  -2.7913223629598234e-03 | 1
 15, 38 |  -3.8065485042289553e-03 |  -3.8065485042289553e-03 | 1
 15, 39 |   1.7765024620786969e-04 |   1.7765024620786969e-04 | 1
 15, 40 |   3.0841518218664714e-03 |   3.0841518218664714e-03 | 1
 15, 41 |  -2.3650417588820302e-03 |  -2.3650417588820302e-03 | 1
 16,  1 |   3.2018717342958302e-04 |   3.2018717342958302e-04 | 1
 16,  2 |  -1.1219421632011511e-03 |  -1.1219421632011511e-03 | 1
 16,  3 |   2.8462107082522781e-03 |   2.8462107082522781e-03 | 1
 16,  4 |   7.2363801086434108e-04 |   7.2363801086434108e-04 | 1
 16,  5 |   5.9798719057917032e-03 |   5.9798719057917032e-03 | 1
 16,  6 |   6.4868877398953842e-05 |   6.4868877398953842e-05 | 1
 16,  7 |   3.5671778852050871e-03 |   3.5671778852050871e-03 | 1
 16,  8 |   7.5294673155689622e-04 |   7.5294673155689622e-04 | 1
 16,  9 |   1.5216557998736621e-03 |   1.5216557998736621e-03 | 1
 16, 10 |  -8.1485937638969868e-05 |  -8.1485937638969868e-05 | 1
 16, 11 |   1.7708625957705914e-04 |   1.7708625957705914e-04 | 1
 16, 12 |   4.8113464262099351e-05 |   4.8113464262099351e-05 | 1
 16, 13 |  -2.4488555464551124e-04 |  -2.4488555464551124e-04 | 1
 16, 14 |  -1.1934273811551657e-04 |  -1.1934273811551657e-04 | 1
 16, 15 |   8.6467760624261824e-03 |   8.6467760624261824e-03 | 1
 16, 16 |   3.6561661292734277e-03 |   3.6561661292734277e-03 | 1
 16, 17 |   8.2623491962212359e-04 |   8.2623491962212359e-04 | 1
 16, 18 |   2.5237883548989508e-03 |   2.5237883548989508e-03 | 1
 16, 19 |   2.1434201659648964e-03 |   2.1434201659648964e-03 | 1
 16, 20 |  -2.5368087071112837e-05 |  -2.5368087071112837e-05 | 1
 16, 21 |   5.1649999260480663e-03 |   5.1649999260480663e-03 | 1
 16, 22 |   2.3523994720105624e-03 |   2.3523994720105624e-03 | 1
 16, 23 |   5.7912510185358906e-03 |   5.7912510185358906e-03 | 1
 16, 24 |   2.8300573072341387e-03 |   2.8300573072341387e-03 | 1
 16, 25 |  -2.2811846964423087e-03 |  -2.2811846964423087e-03 | 1
 16, 26 |  -5.9326065091430654e-03 |  -5.9326065091430654e-03 | 1
 16, 27 |   4.2119264028914879e-03 |   4.2119264028914879e-03 | 1
 16, 28 |   2.1661481517006934e-03 |   2.1661481517006934e-03 | 1
 16, 29 |   5.0378657385599050e-03 |   5.0378657385599050e-03 | 1
 16, 30 |   2.9886828116183410e-03 |   2.9886828116183410e-03 | 1
 16, 31 |  -7.5025881532579186e-04 |  -7.5025881532579186e-04 | 1
 16, 32 |   3.5923997961681049e-04 |   3.5923997961681049e-04 | 1
 16, 33 |   1.9773428040106042e-03 |   1.9773428040106042e-03 | 1
 16, 34 |   1.0305061134283811e-03 |   1.0305061134283811e-03 | 1
 16, 35 |   2.8785372165961111e-04 |   2.8785372165961111e-04 | 1
 16, 36 |  -6.6174316004053444e-04 |  -6.6174316004053444e-04 | 1
 16, 37 |  -9.2204438758600746e-04 |  -9.2204438758600746e-04 | 1
 16, 38 |  -8.6415524266065537e-04 |  -8.6415524266065537e-04 | 1
 16, 39 |   3.0956122988128763e-06 |   3.0956122988128763e-06 | 1
 16, 40 |   9.5729162918968558e-04 |   9.5729162918968558e-04 | 1
 16, 41 |   5.1713194375203908e-04 |   5.1713194375203908e-04 | 1
 17,  1 |   2.8450905857413896e-03 |   2.8450905857413896e-03 | 1
 17,  2 |   1.6193839285698801e-03 |   1.6193839285698801e-03 | 1
 17,  3 |   3.5463006926823911e-03 |   3.5463006926823911e-03 | 1
 17,  4 |   1.7606489109236838e-03 |   1.7606489109236838e-03 | 1
 17,  5 |   2.2882204025557120e-03 |   2.2882204025557120e-03 | 1
 17,  6 |   2.3963036058552732e-04 |   2.3963036058552732e-04 | 1
 17,  7 |  -8.7932827675921518e-05 |  -8.7932827675921518e-05 | 1
 17,  8 |   1.2190468101232702e-03 |   1.2190468101232702e-03 | 1
 17,  9 |   4.3950936738472706e-03 |   4.3950936738472706e-03 | 1
 17, 10 |   2.2858450365916064e-03 |   2.2858450365916064e-03 | 1
 17, 11 |   1.4806653899005315e-03 |   1.4806653899005315e-03 | 1
 17, 12 |   5.6730937905877460e-04 |   5.6730937905877460e-04 | 1
 17, 13 |  -1.2648440888202053e-03 |  -1.2648440888202053e-03 | 1
 17, 14 |   8.0911864899734073e-04 |   8.0911864899734073e-04 | 1
 17, 15 |   3.5243288482248707e-03 |   3.5243288482248707e-03 | 1
 17, 16 |   8.2623491962212359e-04 |   8.2623491962212359e-04 | 1
 17, 17 |   5.9277321672727284e-03 |   5.9277321672727284e-03 | 1
 17, 18 |   7.0937159070512184e-04 |   7.0937159070512184e-04 | 1
 17, 19 |   1.8599417442032549e-03 |   1.8599417442032549e-03 | 1
 17, 20 |  -8.9564524497655443e-05 |  -8.9564524497655443e-05 | 1
 17, 21 |   9.9341979311104688e-03 |   9.9341979311104688e-03 | 1
 17, 22 |   3.1516943105292295e-05 |   3.1516943105292295e-05 | 1
 17, 23 |   5.9653182394161352e-03 |   5.9653182394161352e-03 | 1
 17, 24 |   4.5328473982135815e-03 |   4.5328473982135815e-03 | 1
 17, 25 |   2.8616992510594359e-03 |   2.8616992510594359e-03 | 1
 17, 26 |   2.3066792304679484e-03 |   2.3066792304679484e-03 | 1
 17, 27 |   1.3078283599633686e-03 |   1.3078283599633686e-03 | 1
 17, 28 |   7.0042710086552003e-04 |   7.0042710086552003e-04 | 1
 17, 29 |   2.9177871672683162e-03 |   2.9177871672683162e-03 | 1
 17, 30 |   2.4453441566640094e-03 |   2.4453441566640094e-03 | 1
 17, 31 |  -3.2089678392196970e-04 |  -3.2089678392196970e-04 | 1
 17, 32 |   3.4155492390344533e-04 |   3.4155492390344533e-04 | 1
 17, 33 |   1.1579756535794842e-04 |   1.1579756535794842e-04 | 1
 17, 34 |   1.7521430309159140e-03 |   1.7521430309159140e-03 | 1
 17, 35 |  -1.3683736635531421e-03 |  -1.3683736635531421e-03 | 1
 17, 36 |  -1.7878089978980308e-03 |  -1.7878089978980308e-03 | 1
 17, 37 |  -2.1687196384648378e-03 |  -2.1687196384648378e-03 | 1
 17, 38 |  -2.6878593955180666e-03 |  -2.6878593955180666e-03 | 1
 17, 39 |  -3.5421309093741540e-05 |  -3.5421309093741540e-05 | 1
 17, 40 |   2.4197895379738286e-03 |   2.4197895379738286e-03 | 1
 17, 41 |   2.4102491001639614e-04 |   2.4102491001639614e-04 | 1
 18,  1 |   9.3114889337808995e-04 |   9.3114889337808995e-04 | 1
 18,  2 |  -7.6607939167444767e-04 |  -7.6607939167444767e-04 | 1
 18,  3 |  -1.9410360876423205e-05 |  -1.9410360876423205e-05 | 1
 18,  4 |   2.5927145499730618e-03 |   2.5927145499730618e-03 | 1
 18,  5 |   4.9784994398505769e-03 |   4.9784994398505769e-03 | 1
 18,  6 |  -4.3167516621557290e-05 |  -4.3167516621557290e-05 | 1
 18,  7 |   3.9060790477203310e-03 |   3.9060790477203310e-03 | 1
 18,  8 |   9.2460827532812591e-04 |   9.2460827532812591e-04 | 1
 18,  9 |  -3.2375917610492225e-03 |  -3.2375917610492225e-03 | 1
 18, 10 |  -1.4672092989286126e-04 |  -1.4672092989286126e-04 | 1
 18, 11 |   2.5920570259487327e-04 |   2.5920570259487327e-04 | 1
 18, 12 |   4.8432691385785053e-03 |   4.8432691385785053e-03 | 1
 18, 13 |   3.4857660893323535e-03 |   3.4857660893323535e-03 | 1
 18, 14 |  -6.1133400460327951e-04 |  -6.1133400460327951e-04 | 1
 18, 15 |  -1.6585468029341717e-03 |  -1.6585468029341717e-03 | 1
 18, 16 |   2.5237883548989508e-03 |   2.5237883548989508e-03 | 1
 18, 17 |   7.0937159070512184e-04 |   7.0937159070512184e-04 | 1
 18, 18 |   8.2132293841296316e-03 |   8.2132293841296316e-03 | 1
 18, 19 |   1.7652161269963674e-03 |   1.7652161269963674e-03 | 1
 18, 20 |   2.8878776015866517e-03 |   2.8878776015866517e-03 | 1
 18, 21 |  -2.5011368218781737e-03 |  -2.5011368218781737e-03 | 1
 18, 22 |   1.6610607658552414e-03 |   1.6610607658552414e-03 | 1
 18, 23 |  -2.9050390772743183e-03 |  -2.9050390772743183e-03 | 1
 18, 24 |   2.9615423035077582e-03 |   2.9615423035077582e-03 | 1
 18, 25 |  -4.8071526413360037e-03 |  -4.8071526413360037e-03 | 1
 18, 26 |  -1.2425023387359981e-02 |  -1.2425023387359981e-02 | 1
 18, 27 |   6.0506805426569377e-03 |   6.0506805426569377e-03 | 1
 18, 28 |   8.2156366571290189e-04 |   8.2156366571290189e-04 | 1
 18, 29 |   5.5088005600982459e-03 |   5.5088005600982459e-03 | 1
 18, 30 |   2.2924021579609983e-03 |   2.2924021579609983e-03 | 1
 18, 31 |   1.2401119726153593e-03 |   1.2401119726153593e-03 | 1
 18, 32 |  -4.6923011121657101e-04 |  -4.6923011121657101e-04 | 1
 18, 33 |   8.0303174372324381e-03 |   8.0303174372324381e-03 | 1
 18, 34 |   1.0663111873549114e-04 |   1.0663111873549114e-04 | 1
 18, 35 |  -4.6474018675280555e-04 |  -4.6474018675280555e-04 | 1
 18, 36 |  -1.2311218739371231e-03 |  -1.2311218739371231e-03 | 1
 18, 37 |  -1.6870171309288353e-03 |  -1.6870171309288353e-03 | 1
 18, 38 |  -6.9659573586305099e-04 |  -6.9659573586305099e-04 | 1
 18, 39 |  -2.1114469861416025e-04 |  -2.1114469861416025e-04 | 1
 18, 40 |   1.3581922326316919e-03 |   1.3581922326316919e-03 | 1
 18, 41 |   1.5905947228612191e-03 |   1.5905947228612191e-03 | 1
 19,  1 |   2.7066105308936636e-03 |   2.7066105308936636e-03 | 1
 19,  2 |  -1.5552897426588557e-03 |  -1.5552897426588557e-03 | 1
 19,  3 |   8.7043239179661336e-03 |   8.7043239179661336e-03 | 1
 19,  4 |   4.1121391913566986e-03 |   4.1121391913566986e-03 | 1
 19,  5 |   1.3634420345391425e-03 |   1.3634420345391425e-03 | 1
 19,  6 |  -1.7224559023153367e-03 |  -1.7224559023153367e-03 | 1
 19,  7 |   6.2180878998391864e-03 |   6.2180878998391864e-03 | 1
 19,  8 |   4.5835619089747287e-03 |   4.5835619089747287e-03 | 1
 19,  9 |   7.4635493952354640e-03 |   7.4635493952354640e-03 | 1
 19, 10 |  -2.5344491985072664e-03 |  -2.5344491985072664e-03 | 1
 19, 11 |   7.0016650165611065e-04 |   7.0016650165611065e-04 | 1
 19, 12 |   3.3612628399841129e-03 |   3.3612628399841129e-03 | 1
 19, 13 |   6.8010378739251859e-03 |   6.8010378739251859e-03 | 1
 19, 14 |   6.7225285291679822e-03 |   6.7225285291679822e-03 | 1
 19, 15 |  -1.5305277208145294e-03 |  -1.5305277208145294e-03 | 1
 19, 16 |   2.1434201659648964e-03 |   2.1434201659648964e-03 | 1
 19, 17 |   1.8599417442032549e-03 |   1.8599417442032549e-03 | 1
 19, 18 |   1.7652161269963674e-03 |   1.7652161269963674e-03 | 1
 19, 19 |   8.8930349336863584e-03 |   8.8930349336863584e-03 | 1
 19, 20 |   4.6522036182490506e-03 |   4.6522036182490506e-03 | 1
 19, 21 |  -2.5182507614556386e-03 |  -2.5182507614556386e-03 | 1
 19, 22 |  -1.9189361451014226e-05 |  -1.9189361451014226e-05 | 1
 19, 23 |  -2.3177278211503382e-03 |  -2.3177278211503382e-03 | 1
 19, 24 |   4.9612722990230607e-03 |   4.9612722990230607e-03 | 1
 19, 25 |   1.5978622046777698e-03 |   1.5978622046777698e-03 | 1
 19, 26 |  -4.2548640336894017e-03 |  -4.2548640336894017e-03 | 1
 19, 27 |   5.2356363350723658e-03 |   5.2356363350723658e-03 | 1
 19, 28 |   3.4633551945581712e-03 |   3.4633551945581712e-03 | 1
 19, 29 |   7.4415308537084113e-03 |   7.4415308537084113e-03 | 1
 19, 30 |   3.5279278269491551e-03 |   3.5279278269491551e-03 | 1
 19, 31 |   4.8023664852671934e-03 |   4.8023664852671934e-03 | 1
 19, 32 |   8.6650934541954855e-04 |   8.6650934541954855e-04 | 1
 19, 33 |   6.3023140821461404e-03 |   6.3023140821461404e-03 | 1
 19, 34 |   2.8793980606620921e-03 |   2.8793980606620921e-03 | 1
 19, 35 |  -4.2175916734944004e-04 |  -4.2175916734944004e-04 | 1
 19, 36 |  -2.2004644775024825e-03 |  -2.2004644775024825e-03 | 1
 19, 37 |  -2.0213757728814704e-03 |  -2.0213757728814704e-03 | 1
 19, 38 |  -2.9820223455751665e-03 |  -2.9820223455751665e-03 | 1
 19, 39 |  -3.4008577624148589e-05 |  -3.4008577624148589e-05 | 1
 19, 40 |   3.5231947326665848e-03 |   3.5231947326665848e-03 | 1
 19, 41 |   1.0190177684351315e-04 |   1.0190177684351315e-04 | 1
 20,  1 |   2.6051987850291614e-03 |   2.6051987850291614e-03 | 1
 20,  2 |  -3.3421135688980231e-05 |  -3.3421135688980231e-05 | 1
 20,  3 |   2.6825117537263073e-03 |   2.6825117537263073e-03 | 1
 20,  4 |   3.5498890524957574e-03 |   3.5498890524957574e-03 | 1
 20,  5 |  -2.5758621841732591e-03 |  -2.5758621841732591e-03 | 1
 20,  6 |  -6.6608849358046243e-04 |  -6.6608849358046243e-04 | 1
 20,  7 |   1.1331093437476821e-02 |   1.1331093437476821e-02 | 1
 20,  8 |   4.2339409396641124e-03 |   4.2339409396641124e-03 | 1
 20,  9 |   8.1811110148246151e-03 |   8.1811110148246151e-03 | 1
 20, 10 |  -1.9756186158942863e-03 |  -1.9756186158942863e-03 | 1
 20, 11 |   2.6513662490239081e-04 |   2.6513662490239081e-04 | 1
 20, 12 |   7.3540814447761258e-03 |   7.3540814447761258e-03 | 1
 20, 13 |   1.0593851772441359e-02 |   1.0593851772441359e-02 | 1
 20, 14 |   4.3028086696571318e-03 |   4.3028086696571318e-03 | 1
 20, 15 |   4.6435956567408695e-03 |   4.6435956567408695e-03 | 1
 20, 16 |  -2.5368087071112837e-05 |  -2.5368087071112837e-05 | 1
 20, 17 |  -8.9564524497655443e-05 |  -8.9564524497655443e-05 | 1
 20, 18 |   2.8878776015866517e-03 |   2.8878776015866517e-03 | 1
 20, 19 |   4.6522036182490506e-03 |   4.6522036182490506e-03 | 1
 20, 20 |   1.0424221219008390e-02 |   1.0424221219008390e-02 | 1
 20, 21 |  -1.2119781169380464e-02 |  -1.2119781169380464e-02 | 1
 20, 22 |  -1.8588193400593750e-03 |  -1.8588193400593750e-03 | 1
 20, 23 |  -6.1180428566479711e-03 |  -6.1180428566479711e-03 | 1
 20, 24 |   2.9294848140261039e-03 |   2.9294848140261039e-03 | 1
 20, 25 |  -7.1848701539703149e-04 |  -7.1848701539703149e-04 | 1
 20, 26 |   3.8373687457817838e-03 |   3.8373687457817838e-03 | 1
 20, 27 |  -3.8400272972922511e-04 |  -3.8400272972922511e-04 | 1
 20, 28 |   5.5692586283564768e-03 |   5.5692586283564768e-03 | 1
 20, 29 |   4.5603651724174217e-03 |   4.5603651724174217e-03 | 1
 20, 30 |   2.1830649638690273e-03 |   2.1830649638690273e-03 | 1
 20, 31 |   5.5511644908450963e-04 |   5.5511644908450963e-04 | 1
 20, 32 |   5.9072304514525941e-04 |   5.9072304514525941e-04 | 1
 20, 33 |   5.7204759284525692e-03 |   5.7204759284525692e-03 | 1
 20, 34 |   1.5304427395624620e-03 |   1.5304427395624620e-03 | 1
 20, 35 |  -4.5184452217613942e-04 |  -4.5184452217613942e-04 | 1
 20, 36 |  -1.2836008690447105e-03 |  -1.2836008690447105e-03 | 1
 20, 37 |  -1.1257701591799300e-03 |  -1.1257701591799300e-03 | 1
 20, 38 |  -2.1081209659810575e-03 |  -2.1081209659810575e-03 | 1
 20, 39 |  -1.2671244395486551e-04 |  -1.2671244395486551e-04 | 1
 20, 40 |   3.4188946962171000e-03 |   3.4188946962171000e-03 | 1
 20, 41 |  -1.6326340467392200e-04 |  -1.6326340467392200e-04 | 1
 21,  1 |   1.7949229816806326e-03 |   1.7949229816806326e-03 | 1
 21,  2 |   4.8731052044988997e-04 |   4.8731052044988997e-04 | 1
 21,  3 |   8.3640668878162648e-03 |   8.3640668878162648e-03 | 1
 21,  4 |  -4.5928370366746501e-03 |  -4.5928370366746501e-03 | 1
 21,  5 |   3.7346346154135380e-03 |   3.7346346154135380e-03 | 1
 21,  6 |  -2.0913272478081837e-03 |  -2.0913272478081837e-03 | 1
 21,  7 |  -1.6311881161320714e-02 |  -1.6311881161320714e-02 | 1
 21,  8 |  -6.1590775857457356e-04 |  -6.1590775857457356e-04 | 1
 21,  9 |   1.6653311974161077e-03 |   1.6653311974161077e-03 | 1
 21, 10 |   2.7527104208299362e-03 |   2.7527104208299362e-03 | 1
 21, 11 |  -9.6411123260759781e-04 |  -9.6411123260759781e-04 | 1
 21, 12 |  -7.3725944647170145e-03 |  -7.3725944647170145e-03 | 1
 21, 13 |  -1.1829019594783777e-02 |  -1.1829019594783777e-02 | 1
 21, 14 |  -2.1085844090682457e-02 |  -2.1085844090682457e-02 | 1
 21, 15 |   1.3716298659644934e-02 |   1.3716298659644934e-02 | 1
 21, 16 |   5.1649999260480663e-03 |   5.1649999260480663e-03 | 1
 21, 17 |   9.9341979311104688e-03 |   9.9341979311104688e-03 | 1
 21, 18 |  -2.5011368218781737e-03 |  -2.5011368218781737e-03 | 1
 21, 19 |  -2.5182507614556386e-03 |  -2.5182507614556386e-03 | 1
 21, 20 |  -1.2119781169380464e-02 |  -1.2119781169380464e-02 | 1
 21, 21 |   6.4718604119585452e-02 |   6.4718604119585452e-02 | 1
 21, 22 |  -9.1321031288067560e-03 |  -9.1321031288067560e-03 | 1
 21, 23 |   2.8767756265280615e-02 |   2.8767756265280615e-02 | 1
 21, 24 |  -1.3030560988793504e-03 |  -1.3030560988793504e-03 | 1
 21, 25 |   8.5063948456379690e-04 |   8.5063948456379690e-04 | 1
 21, 26 |  -8.7793968576527093e-03 |  -8.7793968576527093e-03 | 1
 21, 27 |   4.5052406896534062e-03 |   4.5052406896534062e-03 | 1
 21, 28 |  -5.0168345228378567e-03 |  -5.0168345228378567e-03 | 1
 21, 29 |  -3.9116099486128496e-03 |  -3.9116099486128496e-03 | 1
 21, 30 |  -1.5324206690125525e-04 |  -1.5324206690125525e-04 | 1
 21, 31 |  -2.2849904683509423e-02 |  -2.2849904683509423e-02 | 1
 21, 32 |  -1.4405906001096727e-03 |  -1.4405906001096727e-03 | 1
 21, 33 |  -4.9796736189115544e-03 |  -4.9796736189115544e-03 | 1
 21, 34 |  -1.9152032002578813e-03 |  -1.9152032002578813e-03 | 1
 21, 35 |   1.9772413642248176e-03 |   1.9772413642248176e-03 | 1
 21, 36 |   2.4789643342930283e-03 |   2.4789643342930283e-03 | 1
 21, 37 |   2.3855371006729288e-03 |   2.3855371006729288e-03 | 1
 21, 38 |   1.1545785327628792e-03 |   1.1545785327628792e-03 | 1
 21, 39 |   4.1190047803909083e-04 |   4.1190047803909083e-04 | 1
 21, 40 |  -3.0198535820834980e-03 |  -3.0198535820834980e-03 | 1
 21, 41 |  -8.8833448354595193e-04 |  -8.8833448354595193e-04 | 1
 22,  1 |   4.7248920208830059e-03 |   4.7248920208830059e-03 | 1
 22,  2 |  -3.8395452090687720e-03 |  -3.8395452090687720e-03 | 1
 22,  3 |  -4.2469357028249669e-03 |  -4.2469357028249669e-03 | 1
 22,  4 |   3.4838911201739262e-03 |   3.4838911201739262e-03 | 1
 22,  5 |   1.5265687748141389e-02 |   1.5265687748141389e-02 | 1
 22,  6 |   5.3529481213305270e-03 |   5.3529481213305270e-03 | 1
 22,  7 |   1.3682122007505224e-02 |   1.3682122007505224e-02 | 1
 22,  8 |  -5.9412148729801164e-03 |  -5.9412148729801164e-03 | 1
 22,  9 |   4.9867106475736667e-03 |   4.9867106475736667e-03 | 1
 22, 10 |  -2.3898550595686692e-03 |  -2.3898550595686692e-03 | 1
 22, 11 |   2.1971512583118203e-03 |   2.1971512583118203e-03 | 1
 22, 12 |  -4.1757949544126184e-03 |  -4.1757949544126184e-03 | 1
 22, 13 |  -9.1115430307914264e-03 |  -9.1115430307914264e-03 | 1
 22, 14 |   9.0338072713865882e-03 |   9.0338072713865882e-03 | 1
 22, 15 |   8.9865440020079519e-03 |   8.9865440020079519e-03 | 1
 22, 16 |   2.3523994720105624e-03 |   2.3523994720105624e-03 | 1
 22, 17 |   3.1516943105292295e-05 |   3.1516943105292295e-05 | 1
 22, 18 |   1.6610607658552414e-03 |   1.6610607658552414e-03 | 1
 22, 19 |  -1.9189361451014226e-05 |  -1.9189361451014226e-05 | 1
 22, 20 |  -1.8588193400593750e-03 |  -1.8588193400593750e-03 | 1
 22, 21 |  -9.1321031288067560e-03 |  -9.1321031288067560e-03 | 1
 22, 22 |   5.1105312219088969e-02 |   5.1105312219088969e-02 | 1
 22, 23 |   3.0396489076441454e-03 |   3.0396489076441454e-03 | 1
 22, 24 |  -2.0871369630487795e-03 |  -2.0871369630487795e-03 | 1
 22, 25 |   8.3575021431721297e-03 |   8.3575021431721297e-03 | 1
 22, 26 |  -6.2944041380238232e-03 |  -6.2944041380238232e-03 | 1
 22, 27 |  -9.1684407755012170e-04 |  -9.1684407755012170e-04 | 1
 22, 28 |   4.9085840326906233e-03 |   4.9085840326906233e-03 | 1
 22, 29 |   8.1242437383907649e-03 |   8.1242437383907649e-03 | 1
 22, 30 |  -1.1953248812418367e-03 |  -1.1953248812418367e-03 | 1
 22, 31 |   3.1489222847215823e-02 |   3.1489222847215823e-02 | 1
 22, 32 |   2.0034458111021876e-03 |   2.0034458111021876e-03 | 1
 22, 33 |  -5.7101754019538657e-03 |  -5.7101754019538657e-03 | 1
 22, 34 |   2.2623130744048557e-03 |   2.2623130744048557e-03 | 1
 22, 35 |  -1.1142077668063572e-03 |  -1.1142077668063572e-03 | 1
 22, 36 |  -3.2885533740323724e-03 |  -3.2885533740323724e-03 | 1
 22, 37 |  -3.4462999461863119e-03 |  -3.4462999461863119e-03 | 1
 22, 38 |  -1.2726059590702570e-03 |  -1.2726059590702570e-03 | 1
 22, 39 |   5.9142255726379834e-05 |   5.9142255726379834e-05 | 1
 22, 40 |   4.7063855726323257e-03 |   4.7063855726323257e-03 | 1
 22, 41 |  -5.8287069194830413e-03 |  -5.8287069194830413e-03 | 1
 23,  1 |   6.0583082811892740e-04 |   6.0583082811892740e-04 | 1
 23,  2 |   5.2265413566785802e-03 |   5.2265413566785802e-03 | 1
 23,  3 |   5.4079994961739770e-03 |   5.4079994961739770e-03 | 1
 23,  4 |  -5.2183567143079964e-04 |  -5.2183567143079964e-04 | 1
 23,  5 |   8.8656715127104005e-03 |   8.8656715127104005e-03 | 1
 23,  6 |  -6.9146760301593783e-04 |  -6.9146760301593783e-04 | 1
 23,  7 |   1.2726064458366281e-02 |   1.2726064458366281e-02 | 1
 23,  8 |   4.0431948591778714e-05 |   4.0431948591778714e-05 | 1
 23,  9 |   1.7367592575920085e-03 |   1.7367592575920085e-03 | 1
 23, 10 |  -1.6257390374901863e-02 |  -1.6257390374901863e-02 | 1
 23, 11 |   5.5737009742049806e-04 |   5.5737009742049806e-04 | 1
 23, 12 |  -2.1794118788410269e-02 |  -2.1794118788410269e-02 | 1
 23, 13 |  -2.1430321338942741e-02 |  -2.1430321338942741e-02 | 1
 23, 14 |  -3.9590916982557758e-03 |  -3.9590916982557758e-03 | 1
 23, 15 |   2.2572175403350464e-02 |   2.2572175403350464e-02 | 1
 23, 16 |   5.7912510185358906e-03 |   5.7912510185358906e-03 | 1
 23, 17 |   5.9653182394161352e-03 |   5.9653182394161352e-03 | 1
 23, 18 |  -2.9050390772743183e-03 |  -2.9050390772743183e-03 | 1
 23, 19 |  -2.3177278211503382e-03 |  -2.3177278211503382e-03 | 1
 23, 20 |  -6.1180428566479711e-03 |  -6.1180428566479711e-03 | 1
 23, 21 |   2.8767756265280615e-02 |   2.8767756265280615e-02 | 1
 23, 22 |   3.0396489076441454e-03 |   3.0396489076441454e-03 | 1
 23, 23 |   7.8109041852234523e-02 |   7.8109041852234523e-02 | 1
 23, 24 |   5.7774680524929657e-03 |   5.7774680524929657e-03 | 1
 23, 25 |   1.2282893106405211e-03 |   1.2282893106405211e-03 | 1
 23, 26 |   7.1305598361729129e-03 |   7.1305598361729129e-03 | 1
 23, 27 |   3.0798873312985761e-03 |   3.0798873312985761e-03 | 1
 23, 28 |   3.0895831415803767e-03 |   3.0895831415803767e-03 | 1
 23, 29 |   1.3513232573662598e-02 |   1.3513232573662598e-02 | 1
 23, 30 |   5.2049318597887466e-03 |   5.2049318597887466e-03 | 1
 23, 31 |  -1.5839765352890799e-02 |  -1.5839765352890799e-02 | 1
 23, 32 |   1.2201722962644338e-03 |   1.2201722962644338e-03 | 1
 23, 33 |  -8.0517903027344864e-03 |  -8.0517903027344864e-03 | 1
 23, 34 |   5.7418921154403220e-04 |   5.7418921154403220e-04 | 1
 23, 35 |  -2.7114713968487128e-03 |  -2.7114713968487128e-03 | 1
 23, 36 |  -4.0547432943235961e-04 |  -4.0547432943235961e-04 | 1
 23, 37 |  -3.9133012337882030e-04 |  -3.9133012337882030e-04 | 1
 23, 38 |  -9.1695437070981386e-04 |  -9.1695437070981386e-04 | 1
 23, 39 |   4.7393931403321777e-04 |   4.7393931403321777e-04 | 1
 23, 40 |   8.3555394349182368e-04 |   8.3555394349182368e-04 | 1
 23, 41 |  -4.8025205712215956e-04 |  -4.8025205712215956e-04 | 1
 24,  1 |   4.3943308067830224e-03 |   4.3943308067830224e-03 | 1
 24,  2 |   2.8084886665103149e-03 |   2.8084886665103149e-03 | 1
 24,  3 |   5.0810538478789462e-03 |   5.0810538478789462e-03 | 1
 24,  4 |   3.9284459966163546e-03 |   3.9284459966163546e-03 | 1
 24,  5 |   3.5646637741897158e-03 |   3.5646637741897158e-03 | 1
 24,  6 |  -1.0064960707298600e-04 |  -1.0064960707298600e-04 | 1
 24,  7 |   6.2881282083402084e-03 |   6.2881282083402084e-03 | 1
 24,  8 |   4.8349915541739813e-03 |   4.8349915541739813e-03 | 1
 24,  9 |   7.5094754937723510e-03 |   7.5094754937723510e-03 | 1
 24, 10 |   2.4697433150227309e-03 |   2.4697433150227309e-03 | 1
 24, 11 |   2.7851959934219630e-03 |   2.7851959934219630e-03 | 1
 24, 12 |   3.1080275466474228e-03 |   3.1080275466474228e-03 | 1
 24, 13 |   3.0862331258713119e-03 |   3.0862331258713119e-03 | 1
 24, 14 |   2.7253357747828401e-03 |   2.7253357747828401e-03 | 1
 24, 15 |   5.2815899355477588e-03 |   5.2815899355477588e-03 | 1
 24, 16 |   2.8300573072341387e-03 |   2.8300573072341387e-03 | 1
 24, 17 |   4.5328473982135815e-03 |   4.5328473982135815e-03 | 1
 24, 18 |   2.9615423035077582e-03 |   2.9615423035077582e-03 | 1
 24, 19 |   4.9612722990230607e-03 |   4.9612722990230607e-03 | 1
 24, 20 |   2.9294848140261039e-03 |   2.9294848140261039e-03 | 1
 24, 21 |  -1.3030560988793504e-03 |  -1.3030560988793504e-03 | 1
 24, 22 |  -2.0871369630487795e-03 |  -2.0871369630487795e-03 | 1
 24, 23 |   5.7774680524929657e-03 |   5.7774680524929657e-03 | 1
 24, 24 |   1.5236397223490664e-02 |   1.5236397223490664e-02 | 1
 24, 25 |   3.3672950978762884e-03 |   3.3672950978762884e-03 | 1
 24, 26 |   4.3084253529871025e-03 |   4.3084253529871025e-03 | 1
 24, 27 |   2.3958524441358474e-03 |   2.3958524441358474e-03 | 1
 24, 28 |   4.3614719059316444e-03 |   4.3614719059316444e-03 | 1
 24, 29 |   1.3799437238846513e-02 |   1.3799437238846513e-02 | 1
 24, 30 |   7.5281301532300442e-03 |   7.5281301532300442e-03 | 1
 24, 31 |   4.4924189930046141e-03 |   4.4924189930046141e-03 | 1
 24, 32 |   1.4590010572934232e-03 |   1.4590010572934232e-03 | 1
 24, 33 |   4.4643396779785200e-03 |   4.4643396779785200e-03 | 1
 24, 34 |   3.6939512211054508e-03 |   3.6939512211054508e-03 | 1
 24, 35 |  -2.3293127581196639e-03 |  -2.3293127581196639e-03 | 1
 24, 36 |  -4.1996127907761322e-03 |  -4.1996127907761322e-03 | 1
 24, 37 |  -5.2188875872371289e-03 |  -5.2188875872371289e-03 | 1
 24, 38 |  -6.0547297950348236e-03 |  -6.0547297950348236e-03 | 1
 24, 39 |  -2.8854126786913249e-04 |  -2.8854126786913249e-04 | 1
 24, 40 |   5.5871199771412774e-03 |   5.5871199771412774e-03 | 1
 24, 41 |   3.2408091617999813e-03 |   3.2408091617999813e-03 | 1
 25,  1 |   3.5263061956476533e-03 |   3.5263061956476533e-03 | 1
 25,  2 |   1.5502164556164570e-03 |   1.5502164556164570e-03 | 1
 25,  3 |   2.0983118927427389e-03 |   2.0983118927427389e-03 | 1
 25,  4 |   1.7294068566041409e-03 |   1.7294068566041409e-03 | 1
 25,  5 |  -6.0705723542740283e-03 |  -6.0705723542740283e-03 | 1
 25,  6 |   1.2124835426156645e-03 |   1.2124835426156645e-03 | 1
 25,  7 |   9.9675279418440232e-04 |   9.9675279418440232e-04 | 1
 25,  8 |  -2.8256338054184022e-04 |  -2.8256338054184022e-04 | 1
 25,  9 |   9.3136177035232463e-03 |   9.3136177035232463e-03 | 1
 25, 10 |  -2.0662492634854388e-03 |  -2.0662492634854388e-03 | 1
 25, 11 |   1.7200849895808890e-03 |   1.7200849895808890e-03 | 1
 25, 12 |   6.8891357184137198e-04 |   6.8891357184137198e-04 | 1
 25, 13 |  -3.6232338031308630e-03 |  -3.6232338031308630e-03 | 1
 25, 14 |   1.8801710535975616e-03 |   1.8801710535975616e-03 | 1
 25, 15 |  -1.0527692122337468e-02 |  -1.0527692122337468e-02 | 1
 25, 16 |  -2.2811846964423087e-03 |  -2.2811846964423087e-03 | 1
 25, 17 |   2.8616992510594359e-03 |   2.8616992510594359e-03 | 1
 25, 18 |  -4.8071526413360037e-03 |  -4.8071526413360037e-03 | 1
 25, 19 |   1.5978622046777698e-03 |   1.5978622046777698e-03 | 1
 25, 20 |  -7.1848701539703149e-04 |  -7.1848701539703149e-04 | 1
 25, 21 |   8.5063948456379690e-04 |   8.5063948456379690e-04 | 1
 25, 22 |   8.3575021431721297e-03 |   8.3575021431721297e-03 | 1
 25, 23 |   1.2282893106405211e-03 |   1.2282893106405211e-03 | 1
 25, 24 |   3.3672950978762884e-03 |   3.3672950978762884e-03 | 1
 25, 25 |   1.2001802787753891e-02 |   1.2001802787753891e-02 | 1
 25, 26 |   1.5682794387425626e-02 |   1.5682794387425626e-02 | 1
 25, 27 |  -6.3711562212585456e-03 |  -6.3711562212585456e-03 | 1
 25, 28 |   5.6305519039443158e-04 |   5.6305519039443158e-04 | 1
 25, 29 |   1.8521987984065221e-03 |   1.8521987984065221e-03 | 1
 25, 30 |  -1.3005391497643336e-03 |  -1.3005391497643336e-03 | 1
 25, 31 |   8.4815476592763131e-03 |   8.4815476592763131e-03 | 1
 25, 32 |   8.3804819946437078e-04 |   8.3804819946437078e-04 | 1
 25, 33 |  -5.1634862810858492e-03 |  -5.1634862810858492e-03 | 1
 25, 34 |   2.2767316251653172e-03 |   2.2767316251653172e-03 | 1
 25, 35 |  -1.6259488069749783e-03 |  -1.6259488069749783e-03 | 1
 25, 36 |  -1.9589905317088270e-03 |  -1.9589905317088270e-03 | 1
 25, 37 |  -1.1891887565848704e-03 |  -1.1891887565848704e-03 | 1
 25, 38 |  -2.1944353777380741e-03 |  -2.1944353777380741e-03 | 1
 25, 39 |   3.0709866174694104e-05 |   3.0709866174694104e-05 | 1
 25, 40 |   2.8966253071195779e-03 |   2.8966253071195779e-03 | 1
 25, 41 |  -1.2591268530754973e-03 |  -1.2591268530754973e-03 | 1
 26,  1 |   4.8549844110518125e-04 |   4.8549844110518125e-04 | 1
 26,  2 |   5.8659248118074596e-03 |   5.8659248118074596e-03 | 1
 26,  3 |  -2.9233639866689575e-03 |  -2.9233639866689575e-03 | 1
 26,  4 |  -1.0957645950421114e-03 |  -1.0957645950421114e-03 | 1
 26,  5 |  -1.9998810916230497e-02 |  -1.9998810916230497e-02 | 1
 26,  6 |   1.7569867902166054e-03 |   1.7569867902166054e-03 | 1
 26,  7 |   6.7621409601323033e-03 |   6.7621409601323033e-03 | 1
 26,  8 |  -1.9964524511103111e-03 |  -1.9964524511103111e-03 | 1
 26,  9 |   2.0476249314623426e-02 |   2.0476249314623426e-02 | 1
 26, 10 |  -9.3852821379738187e-05 |  -9.3852821379738187e-05 | 1
 26, 11 |   1.7818874986520958e-03 |   1.7818874986520958e-03 | 1
 26, 12 |   5.0701863421034419e-03 |   5.0701863421034419e-03 | 1
 26, 13 |  -6.9302002486208297e-03 |  -6.9302002486208297e-03 | 1
 26, 14 |   1.1575951128382713e-03 |   1.1575951128382713e-03 | 1
 26, 15 |   2.1422235862418907e-04 |   2.1422235862418907e-04 | 1
 26, 16 |  -5.9326065091430654e-03 |  -5.9326065091430654e-03 | 1
 26, 17 |   2.3066792304679484e-03 |   2.3066792304679484e-03 | 1
 26, 18 |  -1.2425023387359981e-02 |  -1.2425023387359981e-02 | 1
 26, 19 |  -4.2548640336894017e-03 |  -4.2548640336894017e-03 | 1
 26, 20 |   3.8373687457817838e-03 |   3.8373687457817838e-03 | 1
 26, 21 |  -8.7793968576527093e-03 |  -8.7793968576527093e-03 | 1
 26, 22 |  -6.2944041380238232e-03 |  -6.2944041380238232e-03 | 1
 26, 23 |   7.1305598361729129e-03 |   7.1305598361729129e-03 | 1
 26, 24 |   4.3084253529871025e-03 |   4.3084253529871025e-03 | 1
 26, 25 |   1.5682794387425626e-02 |   1.5682794387425626e-02 | 1
 26, 26 |   5.6028654568460477e-02 |   5.6028654568460477e-02 | 1
 26, 27 |  -2.1667565268151050e-02 |  -2.1667565268151050e-02 | 1
 26, 28 |   4.6776911594597062e-03 |   4.6776911594597062e-03 | 1
 26, 29 |  -4.3261746115068507e-03 |  -4.3261746115068507e-03 | 1
 26, 30 |  -1.9145645036571235e-03 |  -1.9145645036571235e-03 | 1
 26, 31 |  -5.5862848036362916e-03 |  -5.5862848036362916e-03 | 1
 26, 32 |   9.9698048587082639e-04 |   9.9698048587082639e-04 | 1
 26, 33 |  -1.5639816795267738e-02 |  -1.5639816795267738e-02 | 1
 26, 34 |   3.2196654009725026e-03 |   3.2196654009725026e-03 | 1
 26, 35 |  -2.3947643735138654e-03 |  -2.3947643735138654e-03 | 1
 26, 36 |  -5.7525274289158207e-04 |  -5.7525274289158207e-04 | 1
 26, 37 |   1.4124462693826112e-03 |   1.4124462693826112e-03 | 1
 26, 38 |  -1.6179504819410591e-03 |  -1.6179504819410591e-03 | 1
 26, 39 |   1.2309475789383902e-04 |   1.2309475789383902e-04 | 1
 26, 40 |   2.0615633266633290e-03 |   2.0615633266633290e-03 | 1
 26, 41 |  -1.3351325980390154e-04 |  -1.3351325980390154e-04 | 1
 27,  1 |   1.5903209124281490e-04 |   1.5903209124281490e-04 | 1
 27,  2 |  -2.5779552916181886e-03 |  -2.5779552916181886e-03 | 1
 27,  3 |   5.5140299113220154e-03 |   5.5140299113220154e-03 | 1
 27,  4 |   2.2021636081992766e-03 |   2.2021636081992766e-03 | 1
 27,  5 |   7.3114461685465006e-03 |   7.3114461685465006e-03 | 1
 27,  6 |   2.9549135059496706e-04 |   2.9549135059496706e-04 | 1
 27,  7 |  -5.3283008112380340e-04 |  -5.3283008112380340e-04 | 1
 27,  8 |   2.4821142299843117e-03 |   2.4821142299843117e-03 | 1
 27,  9 |  -6.6298631422152020e-03 |  -6.6298631422152020e-03 | 1
 27, 10 |  -1.0202688098343712e-03 |  -1.0202688098343712e-03 | 1
 27, 11 |   1.4306688412593125e-04 |   1.4306688412593125e-04 | 1
 27, 12 |  -1.1293970655787892e-03 |  -1.1293970655787892e-03 | 1
 27, 13 |   3.9045895452472072e-03 |   3.9045895452472072e-03 | 1
 27, 14 |   2.4148435626710056e-03 |   2.4148435626710056e-03 | 1
 27, 15 |   1.0235402253302018e-03 |   1.0235402253302018e-03 | 1
 27, 16 |   4.2119264028914879e-03 |   4.2119264028914879e-03 | 1
 27, 17 |   1.3078283599633686e-03 |   1.3078283599633686e-03 | 1
 27, 18 |   6.0506805426569377e-03 |   6.0506805426569377e-03 | 1
 27, 19 |   5.2356363350723658e-03 |   5.2356363350723658e-03 | 1
 27, 20 |  -3.8400272972922511e-04 |  -3.8400272972922511e-04 | 1
 27, 21 |   4.5052406896534062e-03 |   4.5052406896534062e-03 | 1
 27, 22 |  -9.1684407755012170e-04 |  -9.1684407755012170e-04 | 1
 27, 23 |   3.0798873312985761e-03 |   3.0798873312985761e-03 | 1
 27, 24 |   2.3958524441358474e-03 |   2.3958524441358474e-03 | 1
 27, 25 |  -6.3711562212585456e-03 |  -6.3711562212585456e-03 | 1
 27, 26 |  -2.1667565268151050e-02 |  -2.1667565268151050e-02 | 1
 27, 27 |   1.2874457005405751e-02 |   1.2874457005405751e-02 | 1
 27, 28 |  -7.2375841493431522e-04 |  -7.2375841493431522e-04 | 1
 27, 29 |   7.0078474322337742e-03 |   7.0078474322337742e-03 | 1
 27, 30 |   4.4678100924157287e-03 |   4.4678100924157287e-03 | 1
 27, 31 |   2.8614191326809077e-04 |   2.8614191326809077e-04 | 1
 27, 32 |   4.9855578245948341e-04 |   4.9855578245948341e-04 | 1
 27, 33 |   6.6533762093734222e-03 |   6.6533762093734222e-03 | 1
 27, 34 |   1.1922990057334137e-03 |   1.1922990057334137e-03 | 1
 27, 35 |   5.5233475791012922e-04 |   5.5233475791012922e-04 | 1
 27, 36 |  -1.1832001516947693e-03 |  -1.1832001516947693e-03 | 1
 27, 37 |  -2.1414672159547326e-03 |  -2.1414672159547326e-03 | 1
 27, 38 |  -1.5808038414746599e-03 |  -1.5808038414746599e-03 | 1
 27, 39 |  -3.6393148236418659e-05 |  -3.6393148236418659e-05 | 1
 27, 40 |   8.9056664186692178e-04 |   8.9056664186692178e-04 | 1
 27, 41 |   1.0620186178033491e-03 |   1.0620186178033491e-03 | 1
 28,  1 |   2.1527983410099196e-03 |   2.1527983410099196e-03 | 1
 28,  2 |  -1.9176054445860084e-04 |  -1.9176054445860084e-04 | 1
 28,  3 |   2.7899154210808668e-03 |   2.7899154210808668e-03 | 1
 28,  4 |   2.2203874409296599e-03 |   2.2203874409296599e-03 | 1
 28,  5 |   3.8941231005041603e-03 |   3.8941231005041603e-03 | 1
 28,  6 |  -8.1097026712146063e-04 |  -8.1097026712146063e-04 | 1
 28,  7 |   1.1256891549195711e-02 |   1.1256891549195711e-02 | 1
 28,  8 |   2.4116968288621157e-03 |   2.4116968288621157e-03 | 1
 28,  9 |   9.6912853238251603e-03 |   9.6912853238251603e-03 | 1
 28, 10 |  -7.3811948545602485e-05 |  -7.3811948545602485e-05 | 1
 28, 11 |   6.4788787428067822e-04 |   6.4788787428067822e-04 | 1
 28, 12 |   2.4747350167455499e-03 |   2.4747350167455499e-03 | 1
 28, 13 |   3.4527225454350271e-03 |   3.4527225454350271e-03 | 1
 28, 14 |   4.3372551072219032e-03 |   4.3372551072219032e-03 | 1
 28, 15 |   1.4540072312645435e-02 |   1.4540072312645435e-02 | 1
 28, 16 |   2.1661481517006934e-03 |   2.1661481517006934e-03 | 1
 28, 17 |   7.0042710086552003e-04 |   7.0042710086552003e-04 | 1
 28, 18 |   8.2156366571290189e-04 |   8.2156366571290189e-04 | 1
 28, 19 |   3.4633551945581712e-03 |   3.4633551945581712e-03 | 1
 28, 20 |   5.5692586283564768e-03 |   5.5692586283564768e-03 | 1
 28, 21 |  -5.0168345228378567e-03 |  -5.0168345228378567e-03 | 1
 28, 22 |   4.9085840326906233e-03 |   4.9085840326906233e-03 | 1
 28, 23 |   3.0895831415803767e-03 |   3.0895831415803767e-03 | 1
 28, 24 |   4.3614719059316444e-03 |   4.3614719059316444e-03 | 1
 28, 25 |   5.6305519039443158e-04 |   5.6305519039443158e-04 | 1
 28, 26 |   4.6776911594597062e-03 |   4.6776911594597062e-03 | 1
 28, 27 |  -7.2375841493431522e-04 |  -7.2375841493431522e-04 | 1
 28, 28 |   6.4138001571603280e-03 |   6.4138001571603280e-03 | 1
 28, 29 |   6.2200563853433456e-03 |   6.2200563853433456e-03 | 1
 28, 30 |   3.2630590039278160e-03 |   3.2630590039278160e-03 | 1
 28, 31 |   2.9811962661552647e-03 |   2.9811962661552647e-03 | 1
 28, 32 |   9.5617295718227184e-04 |   9.5617295718227184e-04 | 1
 28, 33 |   2.0420332548612653e-03 |   2.0420332548612653e-03 | 1
 28, 34 |   1.8984402971199306e-03 |   1.8984402971199306e-03 | 1
 28, 35 |  -4.5182748428231870e-04 |  -4.5182748428231870e-04 | 1
 28, 36 |  -1.4524801283762310e-03 |  -1.4524801283762310e-03 | 1
 28, 37 |  -1.4825950019005882e-03 |  -1.4825950019005882e-03 | 1
 28, 38 |  -2.1694092953622119e-03 |  -2.1694092953622119e-03 | 1
 28, 39 |  -3.2021795179508093e-05 |  -3.2021795179508093e-05 | 1
 28, 40 |   3.1866092443247731e-03 |   3.1866092443247731e-03 | 1
 28, 41 |  -4.3276650204220410e-04 |  -4.3276650204220410e-04 | 1
 29,  1 |   4.8508256411018448e-03 |   4.8508256411018448e-03 | 1
 29,  2 |   4.3353398224465390e-05 |   4.3353398224465390e-05 | 1
 29,  3 |   6.5771755702203486e-03 |   6.5771755702203486e-03 | 1
 29,  4 |   5.7117956342724319e-03 |   5.7117956342724319e-03 | 1
 29,  5 |   5.3706007983246283e-03 |   5.3706007983246283e-03 | 1
 29,  6 |  -2.1423851080098783e-04 |  -2.1423851080098783e-04 | 1
 29,  7 |   1.2982703551426817e-02 |   1.2982703551426817e-02 | 1
 29,  8 |   5.0600846015375935e-03 |   5.0600846015375935e-03 | 1
 29,  9 |   6.6261699230070817e-03 |   6.6261699230070817e-03 | 1
 29, 10 |  -3.0847256602551340e-03 |  -3.0847256602551340e-03 | 1
 29, 11 |   2.3822525584994061e-03 |   2.3822525584994061e-03 | 1
 29, 12 |   1.1703405855815626e-03 |   1.1703405855815626e-03 | 1
 29, 13 |   3.4322445365355591e-03 |   3.4322445365355591e-03 | 1
 29, 14 |   4.5305205094772240e-03 |   4.5305205094772240e-03 | 1
 29, 15 |   7.1592300586926783e-03 |   7.1592300586926783e-03 | 1
 29, 16 |   5.0378657385599050e-03 |   5.0378657385599050e-03 | 1
 29, 17 |   2.9177871672683162e-03 |   2.9177871672683162e-03 | 1
 29, 18 |   5.5088005600982459e-03 |   5.5088005600982459e-03 | 1
 29, 19 |   7.4415308537084113e-03 |   7.4415308537084113e-03 | 1
 29, 20 |   4.5603651724174217e-03 |   4.5603651724174217e-03 | 1
 29, 21 |  -3.9116099486128496e-03 |  -3.9116099486128496e-03 | 1
 29, 22 |   8.1242437383907649e-03 |   8.1242437383907649e-03 | 1
 29, 23 |   1.3513232573662598e-02 |   1.3513232573662598e-02 | 1
 29, 24 |   1.3799437238846513e-02 |   1.3799437238846513e-02 | 1
 29, 25 |   1.8521987984065221e-03 |   1.8521987984065221e-03 | 1
 29, 26 |  -4.3261746115068507e-03 |  -4.3261746115068507e-03 | 1
 29, 27 |   7.0078474322337742e-03 |   7.0078474322337742e-03 | 1
 29, 28 |   6.2200563853433456e-03 |   6.2200563853433456e-03 | 1
 29, 29 |   1.9576970487172947e-02 |   1.9576970487172947e-02 | 1
 29, 30 |   8.2845280719938998e-03 |   8.2845280719938998e-03 | 1
 29, 31 |   8.8474929336214217e-03 |   8.8474929336214217e-03 | 1
 29, 32 |   2.0950636585837096e-03 |   2.0950636585837096e-03 | 1
 29, 33 |   6.4911813012262613e-03 |   6.4911813012262613e-03 | 1
 29, 34 |   4.0106849205507715e-03 |   4.0106849205507715e-03 | 1
 29, 35 |  -1.7299497518083009e-03 |  -1.7299497518083009e-03 | 1
 29, 36 |  -4.5753881113897825e-03 |  -4.5753881113897825e-03 | 1
 29, 37 |  -5.4736990584724806e-03 |  -5.4736990584724806e-03 | 1
 29, 38 |  -5.9030618298187669e-03 |  -5.9030618298187669e-03 | 1
 29, 39 |  -1.7599255148019721e-04 |  -1.7599255148019721e-04 | 1
 29, 40 |   6.4772924488148958e-03 |   6.4772924488148958e-03 | 1
 29, 41 |   1.7361396634283355e-03 |   1.7361396634283355e-03 | 1
 30,  1 |   1.7128949948213557e-03 |   1.7128949948213557e-03 | 1
 30,  2 |   4.5316112905232736e-04 |   4.5316112905232736e-04 | 1
 30,  3 |   3.8820083516411395e-03 |   3.8820083516411395e-03 | 1
 30,  4 |   2.0406981566050511e-03 |   2.0406981566050511e-03 | 1
 30,  5 |   4.8631122512113557e-03 |   4.8631122512113557e-03 | 1
 30,  6 |   8.6973378457844001e-04 |   8.6973378457844001e-04 | 1
 30,  7 |   4.6403933476200625e-03 |   4.6403933476200625e-03 | 1
 30,  8 |   2.9789689765812458e-03 |   2.9789689765812458e-03 | 1
 30,  9 |   2.8737498953541954e-03 |   2.8737498953541954e-03 | 1
 30, 10 |   1.8427718253774068e-03 |   1.8427718253774068e-03 | 1
 30, 11 |   1.3804685410665498e-03 |   1.3804685410665498e-03 | 1
 30, 12 |   6.9910010482323345e-04 |   6.9910010482323345e-04 | 1
 30, 13 |   3.0463745636213979e-03 |   3.0463745636213979e-03 | 1
 30, 14 |   3.2108512740383986e-03 |   3.2108512740383986e-03 | 1
 30, 15 |   1.0661661182713441e-02 |   1.0661661182713441e-02 | 1
 30, 16 |   2.9886828116183410e-03 |   2.9886828116183410e-03 | 1
 30, 17 |   2.4453441566640094e-03 |   2.4453441566640094e-03 | 1
 30, 18 |   2.2924021579609983e-03 |   2.2924021579609983e-03 | 1
 30, 19 |   3.5279278269491551e-03 |   3.5279278269491551e-03 | 1
 30, 20 |   2.1830649638690273e-03 |   2.1830649638690273e-03 | 1
 30, 21 |  -1.5324206690125525e-04 |  -1.5324206690125525e-04 | 1
 30, 22 |  -1.1953248812418367e-03 |  -1.1953248812418367e-03 | 1
 30, 23 |   5.2049318597887466e-03 |   5.2049318597887466e-03 | 1
 30, 24 |   7.5281301532300442e-03 |   7.5281301532300442e-03 | 1
 30, 25 |  -1.3005391497643336e-03 |  -1.3005391497643336e-03 | 1
 30, 26 |  -1.9145645036571235e-03 |  -1.9145645036571235e-03 | 1
 30, 27 |   4.4678100924157287e-03 |   4.4678100924157287e-03 | 1
 30, 28 |   3.2630590039278160e-03 |   3.2630590039278160e-03 | 1
 30, 29 |   8.2845280719938998e-03 |   8.2845280719938998e-03 | 1
 30, 30 |   5.7513166508858802e-03 |   5.7513166508858802e-03 | 1
 30, 31 |   6.4901332068461476e-04 |   6.4901332068461476e-04 | 1
 30, 32 |   1.2688927452244817e-03 |   1.2688927452244817e-03 | 1
 30, 33 |   2.1250106850802374e-03 |   2.1250106850802374e-03 | 1
 30, 34 |   2.5621126281582477e-03 |   2.5621126281582477e-03 | 1
 30, 35 |  -6.5844460672129647e-04 |  -6.5844460672129647e-04 | 1
 30, 36 |  -2.1627800130189995e-03 |  -2.1627800130189995e-03 | 1
 30, 37 |  -3.0800079262987261e-03 |  -3.0800079262987261e-03 | 1
 30, 38 |  -3.5622863737801540e-03 |  -3.5622863737801540e-03 | 1
 30, 39 |  -1.0488845043499231e-04 |  -1.0488845043499231e-04 | 1
 30, 40 |   3.0130768607475249e-03 |   3.0130768607475249e-03 | 1
 30, 41 |   1.4609651847154338e-03 |   1.4609651847154338e-03 | 1
 31,  1 |   4.8468999630116964e-03 |   4.8468999630116964e-03 | 1
 31,  2 |  -2.1695133601897709e-03 |  -2.1695133601897709e-03 | 1
 31,  3 |  -1.0617009652539840e-03 |  -1.0617009652539840e-03 | 1
 31,  4 |   5.1756107344003346e-03 |   5.1756107344003346e-03 | 1
 31,  5 |   8.2290881759807914e-03 |   8.2290881759807914e-03 | 1
 31,  6 |   6.8920051593944205e-04 |   6.8920051593944205e-04 | 1
 31,  7 |   7.0593288996002711e-03 |   7.0593288996002711e-03 | 1
 31,  8 |  -5.5487766043572093e-04 |  -5.5487766043572093e-04 | 1
 31,  9 |   4.0086068690369661e-03 |   4.0086068690369661e-03 | 1
 31, 10 |   2.2739823057746568e-03 |   2.2739823057746568e-03 | 1
 31, 11 |   2.6826291199634478e-03 |   2.6826291199634478e-03 | 1
 31, 12 |  -6.4567555640614432e-05 |  -6.4567555640614432e-05 | 1
 31, 13 |   6.7460250091649996e-04 |   6.7460250091649996e-04 | 1
 31, 14 |   1.4216732710884552e-02 |   1.4216732710884552e-02 | 1
 31, 15 |  -6.6830769540987770e-03 |  -6.6830769540987770e-03 | 1
 31, 16 |  -7.5025881532579186e-04 |  -7.5025881532579186e-04 | 1
 31, 17 |  -3.2089678392196970e-04 |  -3.2089678392196970e-04 | 1
 31, 18 |   1.2401119726153593e-03 |   1.2401119726153593e-03 | 1
 31, 19 |   4.8023664852671934e-03 |   4.8023664852671934e-03 | 1
 31, 20 |   5.5511644908450963e-04 |   5.5511644908450963e-04 | 1
 31, 21 |  -2.2849904683509423e-02 |  -2.2849904683509423e-02 | 1
 31, 22 |   3.1489222847215823e-02 |   3.1489222847215823e-02 | 1
 31, 23 |  -1.5839765352890799e-02 |  -1.5839765352890799e-02 | 1
 31, 24 |   4.4924189930046141e-03 |   4.4924189930046141e-03 | 1
 31, 25 |   8.4815476592763131e-03 |   8.4815476592763131e-03 | 1
 31, 26 |  -5.5862848036362916e-03 |  -5.5862848036362916e-03 | 1
 31, 27 |   2.8614191326809077e-04 |   2.8614191326809077e-04 | 1
 31, 28 |   2.9811962661552647e-03 |   2.9811962661552647e-03 | 1
 31, 29 |   8.8474929336214217e-03 |   8.8474929336214217e-03 | 1
 31, 30 |   6.4901332068461476e-04 |   6.4901332068461476e-04 | 1
 31, 31 |   3.3900005095999254e-02 |   3.3900005095999254e-02 | 1
 31, 32 |   1.7538911222740993e-03 |   1.7538911222740993e-03 | 1
 31, 33 |   2.5493181936677720e-03 |   2.5493181936677720e-03 | 1
 31, 34 |   2.6398161886047244e-03 |   2.6398161886047244e-03 | 1
 31, 35 |  -1.9617918887969523e-03 |  -1.9617918887969523e-03 | 1
 31, 36 |  -4.5114149680106682e-03 |  -4.5114149680106682e-03 | 1
 31, 37 |  -5.1203396906965380e-03 |  -5.1203396906965380e-03 | 1
 31, 38 |  -3.6698592118762198e-03 |  -3.6698592118762198e-03 | 1
 31, 39 |  -2.1501376971193721e-04 |  -2.1501376971193721e-04 | 1
 31, 40 |   5.4125311708076787e-03 |   5.4125311708076787e-03 | 1
 31, 41 |  -2.2130956273672025e-03 |  -2.2130956273672025e-03 | 1
 32,  1 |   6.7503482821534193e-04 |   6.7503482821534193e-04 | 1
 32,  2 |  -4.6261796337077155e-05 |  -4.6261796337077155e-05 | 1
 32,  3 |   8.4614309284298682e-04 |   8.4614309284298682e-04 | 1
 32,  4 |   5.1524943487918199e-04 |   5.1524943487918199e-04 | 1
 32,  5 |   4.7403918941792085e-04 |   4.7403918941792085e-04 | 1
 32,  6 |   1.1539941733128760e-03 |   1.1539941733128760e-03 | 1
 32,  7 |   1.4923726782948110e-03 |   1.4923726782948110e-03 | 1
 32,  8 |   5.6225036354458032e-04 |   5.6225036354458032e-04 | 1
 32,  9 |   1.1218725749131391e-03 |   1.1218725749131391e-03 | 1
 32, 10 |  -8.7804222845570544e-06 |  -8.7804222845570544e-06 | 1
 32, 11 |   5.1893500667616883e-04 |   5.1893500667616883e-04 | 1
 32, 12 |  -4.2715911901351821e-04 |  -4.2715911901351821e-04 | 1
 32, 13 |   7.8358429759510539e-04 |   7.8358429759510539e-04 | 1
 32, 14 |   1.6413805782650149e-03 |   1.6413805782650149e-03 | 1
 32, 15 |   2.7129151789481833e-03 |   2.7129151789481833e-03 | 1
 32, 16 |   3.5923997961681049e-04 |   3.5923997961681049e-04 | 1
 32, 17 |   3.4155492390344533e-04 |   3.4155492390344533e-04 | 1
 32, 18 |  -4.6923011121657101e-04 |  -4.6923011121657101e-04 | 1
 32, 19 |   8.6650934541954855e-04 |   8.6650934541954855e-04 | 1
 32, 20 |   5.9072304514525941e-04 |   5.9072304514525941e-04 | 1
 32, 21 |  -1.4405906001096727e-03 |  -1.4405906001096727e-03 | 1
 32, 22 |   2.0034458111021876e-03 |   2.0034458111021876e-03 | 1
 32, 23 |   1.2201722962644338e-03 |   1.2201722962644338e-03 | 1
 32, 24 |   1.4590010572934232e-03 |   1.4590010572934232e-03 | 1
 32, 25 |   8.3804819946437078e-04 |   8.3804819946437078e-04 | 1
 32, 26 |   9.9698048587082639e-04 |   9.9698048587082639e-04 | 1
 32, 27 |   4.9855578245948341e-04 |   4.9855578245948341e-04 | 1
 32, 28 |   9.5617295718227184e-04 |   9.5617295718227184e-04 | 1
 32, 29 |   2.0950636585837096e-03 |   2.0950636585837096e-03 | 1
 32, 30 |   1.2688927452244817e-03 |   1.2688927452244817e-03 | 1
 32, 31 |   1.7538911222740993e-03 |   1.7538911222740993e-03 | 1
 32, 32 |   6.9781226082845391e-04 |   6.9781226082845391e-04 | 1
 32, 33 |  -1.1784113914889095e-03 |  -1.1784113914889095e-03 | 1
 32, 34 |   1.0059517971390468e-03 |   1.0059517971390468e-03 | 1
 32, 35 |  -1.1396843739032064e-04 |  -1.1396843739032064e-04 | 1
 32, 36 |  -6.6484131838525327e-04 |  -6.6484131838525327e-04 | 1
 32, 37 |  -8.9927221404731493e-04 |  -8.9927221404731493e-04 | 1
 32, 38 |  -1.1413421624113856e-03 |  -1.1413421624113856e-03 | 1
 32, 39 |   5.3973850454321950e-07 |   5.3973850454321950e-07 | 1
 32, 40 |   1.0488335175312755e-03 |   1.0488335175312755e-03 | 1
 32, 41 |  -2.0021646587876048e-04 |  -2.0021646587876048e-04 | 1
 33,  1 |   1.8567234897167730e-03 |   1.8567234897167730e-03 | 1
 33,  2 |  -1.0456049416187239e-03 |  -1.0456049416187239e-03 | 1
 33,  3 |   4.1247025060969968e-03 |   4.1247025060969968e-03 | 1
 33,  4 |   3.9563614101495656e-03 |   3.9563614101495656e-03 | 1
 33,  5 |   3.4227711043856380e-03 |   3.4227711043856380e-03 | 1
 33,  6 |  -6.7218082050565925e-03 |  -6.7218082050565925e-03 | 1
 33,  7 |   4.8306197387376609e-03 |   4.8306197387376609e-03 | 1
 33,  8 |   4.9683963245169853e-03 |   4.9683963245169853e-03 | 1
 33,  9 |   9.2704661621618545e-04 |   9.2704661621618545e-04 | 1
 33, 10 |  -3.0790346255241000e-04 |  -3.0790346255241000e-04 | 1
 33, 11 |  -5.9323406339642417e-04 |  -5.9323406339642417e-04 | 1
 33, 12 |   5.7322338291559225e-03 |   5.7322338291559225e-03 | 1
 33, 13 |   8.9272498582359631e-03 |   8.9272498582359631e-03 | 1
 33, 14 |   1.5273112071742102e-03 |   1.5273112071742102e-03 | 1
 33, 15 |  -4.8008262597547821e-03 |  -4.8008262597547821e-03 | 1
 33, 16 |   1.9773428040106042e-03 |   1.9773428040106042e-03 | 1
 33, 17 |   1.1579756535794842e-04 |   1.1579756535794842e-04 | 1
 33, 18 |   8.0303174372324381e-03 |   8.0303174372324381e-03 | 1
 33, 19 |   6.3023140821461404e-03 |   6.3023140821461404e-03 | 1
 33, 20 |   5.7204759284525692e-03 |   5.7204759284525692e-03 | 1
 33, 21 |  -4.9796736189115544e-03 |  -4.9796736189115544e-03 | 1
 33, 22 |  -5.7101754019538657e-03 |  -5.7101754019538657e-03 | 1
 33, 23 |  -8.0517903027344864e-03 |  -8.0517903027344864e-03 | 1
 33, 24 |   4.4643396779785200e-03 |   4.4643396779785200e-03 | 1
 33, 25 |  -5.1634862810858492e-03 |  -5.1634862810858492e-03 | 1
 33, 26 |  -1.5639816795267738e-02 |  -1.5639816795267738e-02 | 1
 33, 27 |   6.6533762093734222e-03 |   6.6533762093734222e-03 | 1
 33, 28 |   2.0420332548612653e-03 |   2.0420332548612653e-03 | 1
 33, 29 |   6.4911813012262613e-03 |   6.4911813012262613e-03 | 1
 33, 30 |   2.1250106850802374e-03 |   2.1250106850802374e-03 | 1
 33, 31 |   2.5493181936677720e-03 |   2.5493181936677720e-03 | 1
 33, 32 |  -1.1784113914889095e-03 |  -1.1784113914889095e-03 | 1
 33, 33 |   1.6164577210137209e-02 |   1.6164577210137209e-02 | 1
 33, 34 |  -9.6932973548167285e-04 |  -9.6932973548167285e-04 | 1
 33, 35 |  -4.0216231674391513e-04 |  -4.0216231674391513e-04 | 1
 33, 36 |  -1.1249036353313605e-03 |  -1.1249036353313605e-03 | 1
 33, 37 |  -1.2681967556654062e-03 |  -1.2681967556654062e-03 | 1
 33, 38 |  -7.8232859353764242e-04 |  -7.8232859353764242e-04 | 1
 33, 39 |  -2.3928493516669330e-04 |  -2.3928493516669330e-04 | 1
 33, 40 |   1.6161900974191561e-03 |   1.6161900974191561e-03 | 1
 33, 41 |   2.0419760158064005e-03 |   2.0419760158064005e-03 | 1
 34,  1 |   1.3493218080323902e-03 |   1.3493218080323902e-03 | 1
 34,  2 |   3.0175941365651912e-05 |   3.0175941365651912e-05 | 1
 34,  3 |   2.9424846157856187e-03 |   2.9424846157856187e-03 | 1
 34,  4 |   1.7320261894894315e-03 |   1.7320261894894315e-03 | 1
 34,  5 |   9.1330139749745253e-04 |   9.1330139749745253e-04 | 1
 34,  6 |   2.1062176312031007e-03 |   2.1062176312031007e-03 | 1
 34,  7 |   3.3007719210515108e-03 |   3.3007719210515108e-03 | 1
 34,  8 |   1.0068362883997679e-03 |   1.0068362883997679e-03 | 1
 34,  9 |   3.9409906872021677e-03 |   3.9409906872021677e-03 | 1
 34, 10 |  -2.4892739651531410e-04 |  -2.4892739651531410e-04 | 1
 34, 11 |   1.1773867500791397e-03 |   1.1773867500791397e-03 | 1
 34, 12 |   1.7610403941643866e-03 |   1.7610403941643866e-03 | 1
 34, 13 |   1.2693452856799422e-03 |   1.2693452856799422e-03 | 1
 34, 14 |   3.7184989228657185e-03 |   3.7184989228657185e-03 | 1
 34, 15 |   1.4586655503097898e-03 |   1.4586655503097898e-03 | 1
 34, 16 |   1.0305061134283811e-03 |   1.0305061134283811e-03 | 1
 34, 17 |   1.7521430309159140e-03 |   1.7521430309159140e-03 | 1
 34, 18 |   1.0663111873549114e-04 |   1.0663111873549114e-04 | 1
 34, 19 |   2.8793980606620921e-03 |   2.8793980606620921e-03 | 1
 34, 20 |   1.5304427395624620e-03 |   1.5304427395624620e-03 | 1
 34, 21 |  -1.9152032002578813e-03 |  -1.9152032002578813e-03 | 1
 34, 22 |   2.2623130744048557e-03 |   2.2623130744048557e-03 | 1
 34, 23 |   5.7418921154403220e-04 |   5.7418921154403220e-04 | 1
 34, 24 |   3.6939512211054508e-03 |   3.6939512211054508e-03 | 1
 34, 25 |   2.2767316251653172e-03 |   2.2767316251653172e-03 | 1
 34, 26 |   3.2196654009725026e-03 |   3.2196654009725026e-03 | 1
 34, 27 |   1.1922990057334137e-03 |   1.1922990057334137e-03 | 1
 34, 28 |   1.8984402971199306e-03 |   1.8984402971199306e-03 | 1
 34, 29 |   4.0106849205507715e-03 |   4.0106849205507715e-03 | 1
 34, 30 |   2.5621126281582477e-03 |   2.5621126281582477e-03 | 1
 34, 31 |   2.6398161886047244e-03 |   2.6398161886047244e-03 | 1
 34, 32 |   1.0059517971390468e-03 |   1.0059517971390468e-03 | 1
 34, 33 |  -9.6932973548167285e-04 |  -9.6932973548167285e-04 | 1
 34, 34 |   2.5663335789030302e-03 |   2.5663335789030302e-03 | 1
 34, 35 |  -6.4865975587008657e-04 |  -6.4865975587008657e-04 | 1
 34, 36 |  -1.6561799622479318e-03 |  -1.6561799622479318e-03 | 1
 34, 37 |  -1.7546783345080141e-03 |  -1.7546783345080141e-03 | 1
 34, 38 |  -2.2944996158368726e-03 |  -2.2944996158368726e-03 | 1
 34, 39 |  -3.5436992783055557e-05 |  -3.5436992783055557e-05 | 1
 34, 40 |   2.3459993909611503e-03 |   2.3459993909611503e-03 | 1
 34, 41 |   1.9788043320682561e-04 |   1.9788043320682561e-04 | 1
 35,  1 |  -9.7146282121738574e-04 |  -9.7146282121738574e-04 | 1
 35,  2 |  -1.3776180257159274e-03 |  -1.3776180257159274e-03 | 1
 35,  3 |  -2.1196163894336267e-04 |  -2.1196163894336267e-04 | 1
 35,  4 |  -1.0566526542963336e-03 |  -1.0566526542963336e-03 | 1
 35,  5 |  -1.3534468146574443e-03 |  -1.3534468146574443e-03 | 1
 35,  6 |  -3.4641604646229853e-04 |  -3.4641604646229853e-04 | 1
 35,  7 |  -1.9123951500096738e-03 |  -1.9123951500096738e-03 | 1
 35,  8 |  -2.7101563515494827e-04 |  -2.7101563515494827e-04 | 1
 35,  9 |  -1.1781933190166470e-03 |  -1.1781933190166470e-03 | 1
 35, 10 |   7.1873737847761004e-04 |   7.1873737847761004e-04 | 1
 35, 11 |  -7.3160911420570591e-04 |  -7.3160911420570591e-04 | 1
 35, 12 |   1.2883324605731002e-04 |   1.2883324605731002e-04 | 1
 35, 13 |   1.0472485104994983e-03 |   1.0472485104994983e-03 | 1
 35, 14 |  -1.9628693533739945e-03 |  -1.9628693533739945e-03 | 1
 35, 15 |   1.8181661983128934e-03 |   1.8181661983128934e-03 | 1
 35, 16 |   2.8785372165961111e-04 |   2.8785372165961111e-04 | 1
 35, 17 |  -1.3683736635531421e-03 |  -1.3683736635531421e-03 | 1
 35, 18 |  -4.6474018675280555e-04 |  -4.6474018675280555e-04 | 1
 35, 19 |  -4.2175916734944004e-04 |  -4.2175916734944004e-04 | 1
 35, 20 |  -4.5184452217613942e-04 |  -4.5184452217613942e-04 | 1
 35, 21 |   1.9772413642248176e-03 |   1.9772413642248176e-03 | 1
 35, 22 |  -1.1142077668063572e-03 |  -1.1142077668063572e-03 | 1
 35, 23 |  -2.7114713968487128e-03 |  -2.7114713968487128e-03 | 1
 35, 24 |  -2.3293127581196639e-03 |  -2.3293127581196639e-03 | 1
 35, 25 |  -1.6259488069749783e-03 |  -1.6259488069749783e-03 | 1
 35, 26 |  -2.3947643735138654e-03 |  -2.3947643735138654e-03 | 1
 35, 27 |   5.5233475791012922e-04 |   5.5233475791012922e-04 | 1
 35, 28 |  -4.5182748428231870e-04 |  -4.5182748428231870e-04 | 1
 35, 29 |  -1.7299497518083009e-03 |  -1.7299497518083009e-03 | 1
 35, 30 |  -6.5844460672129647e-04 |  -6.5844460672129647e-04 | 1
 35, 31 |  -1.9617918887969523e-03 |  -1.9617918887969523e-03 | 1
 35, 32 |  -1.1396843739032064e-04 |  -1.1396843739032064e-04 | 1
 35, 33 |  -4.0216231674391513e-04 |  -4.0216231674391513e-04 | 1
 35, 34 |  -6.4865975587008657e-04 |  -6.4865975587008657e-04 | 1
 35, 35 |   1.1837364945095361e-03 |   1.1837364945095361e-03 | 1
 35, 36 |   9.7423331043044775e-04 |   9.7423331043044775e-04 | 1
 35, 37 |   1.0274475714166205e-03 |   1.0274475714166205e-03 | 1
 35, 38 |   9.5852561167713256e-04 |   9.5852561167713256e-04 | 1
 35, 39 |   6.8135715271768176e-05 |   6.8135715271768176e-05 | 1
 35, 40 |  -1.1561568832243779e-03 |  -1.1561568832243779e-03 | 1
 35, 41 |  -4.0315068448653767e-04 |  -4.0315068448653767e-04 | 1
 36,  1 |  -1.8815819423969259e-03 |  -1.8815819423969259e-03 | 1
 36,  2 |  -4.9116848780847823e-04 |  -4.9116848780847823e-04 | 1
 36,  3 |  -1.6969600542622730e-03 |  -1.6969600542622730e-03 | 1
 36,  4 |  -1.9808536830019218e-03 |  -1.9808536830019218e-03 | 1
 36,  5 |  -1.7739314798305270e-03 |  -1.7739314798305270e-03 | 1
 36,  6 |  -7.9647725277011134e-04 |  -7.9647725277011134e-04 | 1
 36,  7 |  -2.8886307101128076e-03 |  -2.8886307101128076e-03 | 1
 36,  8 |  -1.1491162772909822e-03 |  -1.1491162772909822e-03 | 1
 36,  9 |  -2.5225337863494382e-03 |  -2.5225337863494382e-03 | 1
 36, 10 |  -2.7219768137327650e-04 |  -2.7219768137327650e-04 | 1
 36, 11 |  -1.1682594288562910e-03 |  -1.1682594288562910e-03 | 1
 36, 12 |  -1.1935961969303465e-03 |  -1.1935961969303465e-03 | 1
 36, 13 |  -1.0264858834188313e-03 |  -1.0264858834188313e-03 | 1
 36, 14 |  -2.9007590960793386e-03 |  -2.9007590960793386e-03 | 1
 36, 15 |  -5.0277444897319960e-05 |  -5.0277444897319960e-05 | 1
 36, 16 |  -6.6174316004053444e-04 |  -6.6174316004053444e-04 | 1
 36, 17 |  -1.7878089978980308e-03 |  -1.7878089978980308e-03 | 1
 36, 18 |  -1.2311218739371231e-03 |  -1.2311218739371231e-03 | 1
 36, 19 |  -2.2004644775024825e-03 |  -2.2004644775024825e-03 | 1
 36, 20 |  -1.2836008690447105e-03 |  -1.2836008690447105e-03 | 1
 36, 21 |   2.4789643342930283e-03 |   2.4789643342930283e-03 | 1
 36, 22 |  -3.2885533740323724e-03 |  -3.2885533740323724e-03 | 1
 36, 23 |  -4.0547432943235961e-04 |  -4.0547432943235961e-04 | 1
 36, 24 |  -4.1996127907761322e-03 |  -4.1996127907761322e-03 | 1
 36, 25 |  -1.9589905317088270e-03 |  -1.9589905317088270e-03 | 1
 36, 26 |  -5.7525274289158207e-04 |  -5.7525274289158207e-04 | 1
 36, 27 |  -1.1832001516947693e-03 |  -1.1832001516947693e-03 | 1
 36, 28 |  -1.4524801283762310e-03 |  -1.4524801283762310e-03 | 1
 36, 29 |  -4.5753881113897825e-03 |  -4.5753881113897825e-03 | 1
 36, 30 |  -2.1627800130189995e-03 |  -2.1627800130189995e-03 | 1
 36, 31 |  -4.5114149680106682e-03 |  -4.5114149680106682e-03 | 1
 36, 32 |  -6.6484131838525327e-04 |  -6.6484131838525327e-04 | 1
 36, 33 |  -1.1249036353313605e-03 |  -1.1249036353313605e-03 | 1
 36, 34 |  -1.6561799622479318e-03 |  -1.6561799622479318e-03 | 1
 36, 35 |   9.7423331043044775e-04 |   9.7423331043044775e-04 | 1
 36, 36 |   1.7736997378936532e-03 |   1.7736997378936532e-03 | 1
 36, 37 |   2.0695545272555287e-03 |   2.0695545272555287e-03 | 1
 36, 38 |   2.1872176236266924e-03 |   2.1872176236266924e-03 | 1
 36, 39 |   9.0872735459531038e-05 |   9.0872735459531038e-05 | 1
 36, 40 |  -2.3447835331544924e-03 |  -2.3447835331544924e-03 | 1
 36, 41 |  -4.0972312096343943e-04 |  -4.0972312096343943e-04 | 1
 37,  1 |  -2.2175229246606293e-03 |  -2.2175229246606293e-03 | 1
 37,  2 |  -7.1109408917777249e-04 |  -7.1109408917777249e-04 | 1
 37,  3 |  -1.4716947550940378e-03 |  -1.4716947550940378e-03 | 1
 37,  4 |  -2.0009633857851305e-03 |  -2.0009633857851305e-03 | 1
 37,  5 |  -3.3723707502961667e-03 |  -3.3723707502961667e-03 | 1
 37,  6 |  -1.2026290387122363e-03 |  -1.2026290387122363e-03 | 1
 37,  7 |  -2.3814558727320917e-03 |  -2.3814558727320917e-03 | 1
 37,  8 |  -1.5328383664066011e-03 |  -1.5328383664066011e-03 | 1
 37,  9 |  -1.4269190035128896e-03 |  -1.4269190035128896e-03 | 1
 37, 10 |  -1.6319587038839700e-03 |  -1.6319587038839700e-03 | 1
 37, 11 |  -1.4466349195317520e-03 |  -1.4466349195317520e-03 | 1
 37, 12 |  -5.6692263262045253e-04 |  -5.6692263262045253e-04 | 1
 37, 13 |  -1.6783072350471935e-03 |  -1.6783072350471935e-03 | 1
 37, 14 |  -3.1064544566819135e-03 |  -3.1064544566819135e-03 | 1
 37, 15 |  -2.7913223629598234e-03 |  -2.7913223629598234e-03 | 1
 37, 16 |  -9.2204438758600746e-04 |  -9.2204438758600746e-04 | 1
 37, 17 |  -2.1687196384648378e-03 |  -2.1687196384648378e-03 | 1
 37, 18 |  -1.6870171309288353e-03 |  -1.6870171309288353e-03 | 1
 37, 19 |  -2.0213757728814704e-03 |  -2.0213757728814704e-03 | 1
 37, 20 |  -1.1257701591799300e-03 |  -1.1257701591799300e-03 | 1
 37, 21 |   2.3855371006729288e-03 |   2.3855371006729288e-03 | 1
 37, 22 |  -3.4462999461863119e-03 |  -3.4462999461863119e-03 | 1
 37, 23 |  -3.9133012337882030e-04 |  -3.9133012337882030e-04 | 1
 37, 24 |  -5.2188875872371289e-03 |  -5.2188875872371289e-03 | 1
 37, 25 |  -1.1891887565848704e-03 |  -1.1891887565848704e-03 | 1
 37, 26 |   1.4124462693826112e-03 |   1.4124462693826112e-03 | 1
 37, 27 |  -2.1414672159547326e-03 |  -2.1414672159547326e-03 | 1
 37, 28 |  -1.4825950019005882e-03 |  -1.4825950019005882e-03 | 1
 37, 29 |  -5.4736990584724806e-03 |  -5.4736990584724806e-03 | 1
 37, 30 |  -3.0800079262987261e-03 |  -3.0800079262987261e-03 | 1
 37, 31 |  -5.1203396906965380e-03 |  -5.1203396906965380e-03 | 1
 37, 32 |  -8.9927221404731493e-04 |  -8.9927221404731493e-04 | 1
 37, 33 |  -1.2681967556654062e-03 |  -1.2681967556654062e-03 | 1
 37, 34 |  -1.7546783345080141e-03 |  -1.7546783345080141e-03 | 1
 37, 35 |   1.0274475714166205e-03 |   1.0274475714166205e-03 | 1
 37, 36 |   2.0695545272555287e-03 |   2.0695545272555287e-03 | 1
 37, 37 |   2.7948483740369442e-03 |   2.7948483740369442e-03 | 1
 37, 38 |   2.8165037533654960e-03 |   2.8165037533654960e-03 | 1
 37, 39 |   1.2631079390145936e-04 |   1.2631079390145936e-04 | 1
 37, 40 |  -2.6762017928419128e-03 |  -2.6762017928419128e-03 | 1
 37, 41 |  -6.1251029895615934e-04 |  -6.1251029895615934e-04 | 1
 38,  1 |  -2.6968366123970222e-03 |  -2.6968366123970222e-03 | 1
 38,  2 |  -8.6538741494266119e-04 |  -8.6538741494266119e-04 | 1
 38,  3 |  -2.9883001610905621e-03 |  -2.9883001610905621e-03 | 1
 38,  4 |  -2.1943542914266067e-03 |  -2.1943542914266067e-03 | 1
 38,  5 |  -1.4541376247850799e-03 |  -1.4541376247850799e-03 | 1
 38,  6 |  -1.1068961710067283e-03 |  -1.1068961710067283e-03 | 1
 38,  7 |  -2.8803697085106710e-03 |  -2.8803697085106710e-03 | 1
 38,  8 |  -2.4680032713139005e-03 |  -2.4680032713139005e-03 | 1
 38,  9 |  -3.9110374345274184e-03 |  -3.9110374345274184e-03 | 1
 38, 10 |  -1.4584522453555964e-03 |  -1.4584522453555964e-03 | 1
 38, 11 |  -1.5421323953016368e-03 |  -1.5421323953016368e-03 | 1
 38, 12 |  -1.2513912445582004e-03 |  -1.2513912445582004e-03 | 1
 38, 13 |  -2.9244338555560229e-03 |  -2.9244338555560229e-03 | 1
 38, 14 |  -3.0758468985876189e-03 |  -3.0758468985876189e-03 | 1
 38, 15 |  -3.8065485042289553e-03 |  -3.8065485042289553e-03 | 1
 38, 16 |  -8.6415524266065537e-04 |  -8.6415524266065537e-04 | 1
 38, 17 |  -2.6878593955180666e-03 |  -2.6878593955180666e-03 | 1
 38, 18 |  -6.9659573586305099e-04 |  -6.9659573586305099e-04 | 1
 38, 19 |  -2.9820223455751665e-03 |  -2.9820223455751665e-03 | 1
 38, 20 |  -2.1081209659810575e-03 |  -2.1081209659810575e-03 | 1
 38, 21 |   1.1545785327628792e-03 |   1.1545785327628792e-03 | 1
 38, 22 |  -1.2726059590702570e-03 |  -1.2726059590702570e-03 | 1
 38, 23 |  -9.1695437070981386e-04 |  -9.1695437070981386e-04 | 1
 38, 24 |  -6.0547297950348236e-03 |  -6.0547297950348236e-03 | 1
 38, 25 |  -2.1944353777380741e-03 |  -2.1944353777380741e-03 | 1
 38, 26 |  -1.6179504819410591e-03 |  -1.6179504819410591e-03 | 1
 38, 27 |  -1.5808038414746599e-03 |  -1.5808038414746599e-03 | 1
 38, 28 |  -2.1694092953622119e-03 |  -2.1694092953622119e-03 | 1
 38, 29 |  -5.9030618298187669e-03 |  -5.9030618298187669e-03 | 1
 38, 30 |  -3.5622863737801540e-03 |  -3.5622863737801540e-03 | 1
 38, 31 |  -3.6698592118762198e-03 |  -3.6698592118762198e-03 | 1
 38, 32 |  -1.1413421624113856e-03 |  -1.1413421624113856e-03 | 1
 38, 33 |  -7.8232859353764242e-04 |  -7.8232859353764242e-04 | 1
 38, 34 |  -2.2944996158368726e-03 |  -2.2944996158368726e-03 | 1
 38, 35 |   9.5852561167713256e-04 |   9.5852561167713256e-04 | 1
 38, 36 |   2.1872176236266924e-03 |   2.1872176236266924e-03 | 1
 38, 37 |   2.8165037533654960e-03 |   2.8165037533654960e-03 | 1
 38, 38 |   3.4011442120451510e-03 |   3.4011442120451510e-03 | 1
 38, 39 |   1.0259673262067953e-04 |   1.0259673262067953e-04 | 1
 38, 40 |  -3.1722702054829653e-03 |  -3.1722702054829653e-03 | 1
 38, 41 |  -5.5598456907294310e-04 |  -5.5598456907294310e-04 | 1
 39,  1 |  -8.6903463976891688e-05 |  -8.6903463976891688e-05 | 1
 39,  2 |  -8.6594891594077937e-05 |  -8.6594891594077937e-05 | 1
 39,  3 |   6.5179267358781484e-05 |   6.5179267358781484e-05 | 1
 39,  4 |  -9.4545681789427537e-05 |  -9.4545681789427537e-05 | 1
 39,  5 |  -1.6200612961834548e-04 |  -1.6200612961834548e-04 | 1
 39,  6 |  -5.3700656586059750e-05 |  -5.3700656586059750e-05 | 1
 39,  7 |  -7.2042376861951245e-05 |  -7.2042376861951245e-05 | 1
 39,  8 |  -7.6379117183909462e-05 |  -7.6379117183909462e-05 | 1
 39,  9 |   3.7821935748812091e-05 |   3.7821935748812091e-05 | 1
 39, 10 |  -1.4282832001766716e-04 |  -1.4282832001766716e-04 | 1
 39, 11 |  -6.1115695063395037e-05 |  -6.1115695063395037e-05 | 1
 39, 12 |  -2.3704053287958423e-04 |  -2.3704053287958423e-04 | 1
 39, 13 |  -2.1543999804852018e-04 |  -2.1543999804852018e-04 | 1
 39, 14 |  -6.5774659041745396e-05 |  -6.5774659041745396e-05 | 1
 39, 15 |   1.7765024620786969e-04 |   1.7765024620786969e-04 | 1
 39, 16 |   3.0956122988128763e-06 |   3.0956122988128763e-06 | 1
 39, 17 |  -3.5421309093741540e-05 |  -3.5421309093741540e-05 | 1
 39, 18 |  -2.1114469861416025e-04 |  -2.1114469861416025e-04 | 1
 39, 19 |  -3.4008577624148589e-05 |  -3.4008577624148589e-05 | 1
 39, 20 |  -1.2671244395486551e-04 |  -1.2671244395486551e-04 | 1
 39, 21 |   4.1190047803909083e-04 |   4.1190047803909083e-04 | 1
 39, 22 |   5.9142255726379834e-05 |   5.9142255726379834e-05 | 1
 39, 23 |   4.7393931403321777e-04 |   4.7393931403321777e-04 | 1
 39, 24 |  -2.8854126786913249e-04 |  -2.8854126786913249e-04 | 1
 39, 25 |   3.0709866174694104e-05 |   3.0709866174694104e-05 | 1
 39, 26 |   1.2309475789383902e-04 |   1.2309475789383902e-04 | 1
 39, 27 |  -3.6393148236418659e-05 |  -3.6393148236418659e-05 | 1
 39, 28 |  -3.2021795179508093e-05 |  -3.2021795179508093e-05 | 1
 39, 29 |  -1.7599255148019721e-04 |  -1.7599255148019721e-04 | 1
 39, 30 |  -1.0488845043499231e-04 |  -1.0488845043499231e-04 | 1
 39, 31 |  -2.1501376971193721e-04 |  -2.1501376971193721e-04 | 1
 39, 32 |   5.3973850454321950e-07 |   5.3973850454321950e-07 | 1
 39, 33 |  -2.3928493516669330e-04 |  -2.3928493516669330e-04 | 1
 39, 34 |  -3.5436992783055557e-05 |  -3.5436992783055557e-05 | 1
 39, 35 |   6.8135715271768176e-05 |   6.8135715271768176e-05 | 1
 39, 36 |   9.0872735459531038e-05 |   9.0872735459531038e-05 | 1
 39, 37 |   1.2631079390145936e-04 |   1.2631079390145936e-04 | 1
 39, 38 |   1.0259673262067953e-04 |   1.0259673262067953e-04 | 1
 39, 39 |   1.6532331478435463e-05 |   1.6532331478435463e-05 | 1
 39, 40 |  -1.0574418622993732e-04 |  -1.0574418622993732e-04 | 1
 39, 41 |  -1.0819031693046717e-04 |  -1.0819031693046717e-04 | 1
 40,  1 |   3.2085607722972522e-03 |   3.2085607722972522e-03 | 1
 40,  2 |   6.0283954870881209e-04 |   6.0283954870881209e-04 | 1
 40,  3 |   2.9845585432286530e-03 |   2.9845585432286530e-03 | 1
 40,  4 |   2.9048346674375178e-03 |   2.9048346674375178e-03 | 1
 40,  5 |   1.9463366813796032e-03 |   1.9463366813796032e-03 | 1
 40,  6 |   9.6531132168171658e-04 |   9.6531132168171658e-04 | 1
 40,  7 |   5.9120438760898756e-03 |   5.9120438760898756e-03 | 1
 40,  8 |   2.3054585454068740e-03 |   2.3054585454068740e-03 | 1
 40,  9 |   5.7856058883092448e-03 |   5.7856058883092448e-03 | 1
 40, 10 |  -1.3826793985099610e-04 |  -1.3826793985099610e-04 | 1
 40, 11 |   1.4848151590973785e-03 |   1.4848151590973785e-03 | 1
 40, 12 |   2.2653658415241616e-03 |   2.2653658415241616e-03 | 1
 40, 13 |   3.0027794741944785e-03 |   3.0027794741944785e-03 | 1
 40, 14 |   3.7496416175773007e-03 |   3.7496416175773007e-03 | 1
 40, 15 |   3.0841518218664714e-03 |   3.0841518218664714e-03 | 1
 40, 16 |   9.5729162918968558e-04 |   9.5729162918968558e-04 | 1
 40, 17 |   2.4197895379738286e-03 |   2.4197895379738286e-03 | 1
 40, 18 |   1.3581922326316919e-03 |   1.3581922326316919e-03 | 1
 40, 19 |   3.5231947326665848e-03 |   3.5231947326665848e-03 | 1
 40, 20 |   3.4188946962171000e-03 |   3.4188946962171000e-03 | 1
 40, 21 |  -3.0198535820834980e-03 |  -3.0198535820834980e-03 | 1
 40, 22 |   4.7063855726323257e-03 |   4.7063855726323257e-03 | 1
 40, 23 |   8.3555394349182368e-04 |   8.3555394349182368e-04 | 1
 40, 24 |   5.5871199771412774e-03 |   5.5871199771412774e-03 | 1
 40, 25 |   2.8966253071195779e-03 |   2.8966253071195779e-03 | 1
 40, 26 |   2.0615633266633290e-03 |   2.0615633266633290e-03 | 1
 40, 27 |   8.9056664186692178e-04 |   8.9056664186692178e-04 | 1
 40, 28 |   3.1866092443247731e-03 |   3.1866092443247731e-03 | 1
 40, 29 |   6.4772924488148958e-03 |   6.4772924488148958e-03 | 1
 40, 30 |   3.0130768607475249e-03 |   3.0130768607475249e-03 | 1
 40, 31 |   5.4125311708076787e-03 |   5.4125311708076787e-03 | 1
 40, 32 |   1.0488335175312755e-03 |   1.0488335175312755e-03 | 1
 40, 33 |   1.6161900974191561e-03 |   1.6161900974191561e-03 | 1
 40, 34 |   2.3459993909611503e-03 |   2.3459993909611503e-03 | 1
 40, 35 |  -1.1561568832243779e-03 |  -1.1561568832243779e-03 | 1
 40, 36 |  -2.3447835331544924e-03 |  -2.3447835331544924e-03 | 1
 40, 37 |  -2.6762017928419128e-03 |  -2.6762017928419128e-03 | 1
 40, 38 |  -3.1722702054829653e-03 |  -3.1722702054829653e-03 | 1
 40, 39 |  -1.0574418622993732e-04 |  -1.0574418622993732e-04 | 1
 40, 40 |   3.6647078588186058e-03 |   3.6647078588186058e-03 | 1
 40, 41 |   5.6989220769832299e-05 |   5.6989220769832299e-05 | 1
 41,  1 |  -4.5011022418191098e-04 |  -4.5011022418191098e-04 | 1
 41,  2 |   9.1114629172469219e-04 |   9.1114629172469219e-04 | 1
 41,  3 |   6.6009361542851359e-05 |   6.6009361542851359e-05 | 1
 41,  4 |   1.6998983914896952e-04 |   1.6998983914896952e-04 | 1
 41,  5 |  -1.1642091212094199e-04 |  -1.1642091212094199e-04 | 1
 41,  6 |  -3.1566027509974382e-04 |  -3.1566027509974382e-04 | 1
 41,  7 |  -1.0126184705617535e-03 |  -1.0126184705617535e-03 | 1
 41,  8 |   7.0146205781052538e-04 |   7.0146205781052538e-04 | 1
 41,  9 |  -1.4324389325683540e-03 |  -1.4324389325683540e-03 | 1
 41, 10 |   1.0149551218796818e-03 |   1.0149551218796818e-03 | 1
 41, 11 |   2.6232939688290973e-04 |   2.6232939688290973e-04 | 1
 41, 12 |   1.4934517406515978e-03 |   1.4934517406515978e-03 | 1
 41, 13 |   5.0863222742082801e-04 |   5.0863222742082801e-04 | 1
 41, 14 |  -9.5884477153902509e-04 |  -9.5884477153902509e-04 | 1
 41, 15 |  -2.3650417588820302e-03 |  -2.3650417588820302e-03 | 1
 41, 16 |   5.1713194375203908e-04 |   5.1713194375203908e-04 | 1
 41, 17 |   2.4102491001639614e-04 |   2.4102491001639614e-04 | 1
 41, 18 |   1.5905947228612191e-03 |   1.5905947228612191e-03 | 1
 41, 19 |   1.0190177684351315e-04 |   1.0190177684351315e-04 | 1
 41, 20 |  -1.6326340467392200e-04 |  -1.6326340467392200e-04 | 1
 41, 21 |  -8.8833448354595193e-04 |  -8.8833448354595193e-04 | 1
 41, 22 |  -5.8287069194830413e-03 |  -5.8287069194830413e-03 | 1
 41, 23 |  -4.8025205712215956e-04 |  -4.8025205712215956e-04 | 1
 41, 24 |   3.2408091617999813e-03 |   3.2408091617999813e-03 | 1
 41, 25 |  -1.2591268530754973e-03 |  -1.2591268530754973e-03 | 1
 41, 26 |  -1.3351325980390154e-04 |  -1.3351325980390154e-04 | 1
 41, 27 |   1.0620186178033491e-03 |   1.0620186178033491e-03 | 1
 41, 28 |  -4.3276650204220410e-04 |  -4.3276650204220410e-04 | 1
 41, 29 |   1.7361396634283355e-03 |   1.7361396634283355e-03 | 1
 41, 30 |   1.4609651847154338e-03 |   1.4609651847154338e-03 | 1
 41, 31 |  -2.2130956273672025e-03 |  -2.2130956273672025e-03 | 1
 41, 32 |  -2.0021646587876048e-04 |  -2.0021646587876048e-04 | 1
 41, 33 |   2.0419760158064005e-03 |   2.0419760158064005e-03 | 1
 41, 34 |   1.9788043320682561e-04 |   1.9788043320682561e-04 | 1
 41, 35 |  -4.0315068448653767e-04 |  -4.0315068448653767e-04 | 1
 41, 36 |  -4.0972312096343943e-04 |  -4.0972312096343943e-04 | 1
 41, 37 |  -6.1251029895615934e-04 |  -6.1251029895615934e-04 | 1
 41, 38 |  -5.5598456907294310e-04 |  -5.5598456907294310e-04 | 1
 41, 39 |  -1.0819031693046717e-04 |  -1.0819031693046717e-04 | 1
 41, 40 |   5.6989220769832299e-05 |   5.6989220769832299e-05 | 1
 41, 41 |   1.9170768967307593e-03 |   1.9170768967307593e-03 | 1
