row,col | V_base                   | V_new                    | equal
  1,  1 |   3.1828305563303712e-04 |   3.1828305563303712e-04 | 1
  1,  2 |   5.9944416922855676e-05 |   5.9944416922855676e-05 | 1
  1,  3 |   4.7922454646203307e-05 |   4.7922454646203307e-05 | 1
  1,  4 |   5.8512415153654419e-05 |   5.8512415153654419e-05 | 1
  1,  5 |   1.0388184691647557e-04 |   1.0388184691647557e-04 | 1
  1,  6 |   4.9390651349617044e-05 |   4.9390651349617044e-05 | 1
  1,  7 |   4.7823705914096972e-05 |   4.7823705914096972e-05 | 1
  1,  8 |   4.8588591578445711e-05 |   4.8588591578445711e-05 | 1
  1,  9 |   5.7524303091089011e-05 |   5.7524303091089011e-05 | 1
  1, 10 |   4.6014048789874183e-05 |   4.6014048789874183e-05 | 1
  1, 11 |   9.2712728062926261e-05 |   9.2712728062926261e-05 | 1
  1, 12 |   3.7710699873342687e-05 |   3.7710699873342687e-05 | 1
  1, 13 |   6.0451972476752372e-05 |   6.0451972476752372e-05 | 1
  1, 14 |   6.7425419007874281e-05 |   6.7425419007874281e-05 | 1
  1, 15 |   1.1871545774033326e-04 |   1.1871545774033326e-04 | 1
  1, 16 |   4.3017735962881063e-05 |   4.3017735962881063e-05 | 1
  1, 17 |   7.7769457255846543e-05 |   7.7769457255846543e-05 | 1
  1, 18 |   7.2613990544514079e-05 |   7.2613990544514079e-05 | 1
  1, 19 |   6.0462658321315733e-05 |   6.0462658321315733e-05 | 1
  1, 20 |   7.1653380545018376e-05 |   7.1653380545018376e-05 | 1
  1, 21 |   8.8997912214152660e-05 |   8.8997912214152660e-05 | 1
  1, 22 |   6.0724815850982323e-05 |   6.0724815850982323e-05 | 1
  1, 23 |   6.8039772268418529e-05 |   6.8039772268418529e-05 | 1
  1, 24 |   7.1593043011870558e-05 |   7.1593043011870558e-05 | 1
  1, 25 |   6.0781085756007330e-05 |   6.0781085756007330e-05 | 1
  1, 26 |   8.1663609205526080e-05 |   8.1663609205526080e-05 | 1
  1, 27 |   6.6421881251166217e-05 |   6.6421881251166217e-05 | 1
  1, 28 |   6.9812433876964848e-05 |   6.9812433876964848e-05 | 1
  1, 29 |   6.4529487614726989e-05 |   6.4529487614726989e-05 | 1
  1, 30 |   7.1822039757725383e-05 |   7.1822039757725383e-05 | 1
  1, 31 |   6.8175476367498633e-05 |   6.8175476367498633e-05 | 1
  1, 32 |   1.7298867289535917e-05 |   1.7298867289535917e-05 | 1
  1, 33 |  -3.5661346653970607e-05 |  -3.5661346653970607e-05 | 1
  1, 34 |   6.3219809027242977e-05 |   6.3219809027242977e-05 | 1
  1, 35 |  -4.3125378696370985e-05 |  -4.3125378696370985e-05 | 1
  1, 36 |  -4.5273263215191002e-05 |  -4.5273263215191002e-05 | 1
  1, 37 |  -4.4408465088983980e-05 |  -4.4408465088983980e-05 | 1
  1, 38 |  -4.4512364076444397e-05 |  -4.4512364076444397e-05 | 1
  1, 39 |  -2.3230129205555752e-05 |  -2.3230129205555752e-05 | 1
  1, 40 |  -1.0089691423697918e-08 |  -1.0089691423697918e-08 | 1
  1, 41 |   7.1269192567961466e-05 |   7.1269192567961466e-05 | 1
  1, 42 |  -1.8126925135988056e-05 |  -1.8126925135988056e-05 | 1
  2,  1 |   5.9944416922855676e-05 |   5.9944416922855676e-05 | 1
  2,  2 |   1.2420906885150964e-03 |   1.2420906885150964e-03 | 1
  2,  3 |   4.3923200298922826e-05 |   4.3923200298922826e-05 | 1
  2,  4 |   5.5480580485961603e-05 |   5.5480580485961603e-05 | 1
  2,  5 |   8.8410473101554029e-05 |   8.8410473101554029e-05 | 1
  2,  6 |   4.2441943179769484e-05 |   4.2441943179769484e-05 | 1
  2,  7 |   4.4196505177930461e-05 |   4.4196505177930461e-05 | 1
  2,  8 |   4.5261513760320554e-05 |   4.5261513760320554e-05 | 1
  2,  9 |   5.2054320629892157e-05 |   5.2054320629892157e-05 | 1
  2, 10 |   4.6404443026671363e-05 |   4.6404443026671363e-05 | 1
  2, 11 |   7.7360359886079140e-05 |   7.7360359886079140e-05 | 1
  2, 12 |   3.4952743771971950e-05 |   3.4952743771971950e-05 | 1
  2, 13 |   6.0073695203390249e-05 |   6.0073695203390249e-05 | 1
  2, 14 |   6.6645503846745274e-05 |   6.6645503846745274e-05 | 1
  2, 15 |   1.5335708237188171e-04 |   1.5335708237188171e-04 | 1
  2, 16 |   4.1266060581208426e-05 |   4.1266060581208426e-05 | 1
  2, 17 |   7.0673833545811766e-05 |   7.0673833545811766e-05 | 1
  2, 18 |   6.7763642429836252e-05 |   6.7763642429836252e-05 | 1
  2, 19 |   6.2502141292868714e-05 |   6.2502141292868714e-05 | 1
  2, 20 |   6.7236515808163005e-05 |   6.7236515808163005e-05 | 1
  2, 21 |   7.5102260693748991e-05 |   7.5102260693748991e-05 | 1
  2, 22 |   5.4271642111120889e-05 |   5.4271642111120889e-05 | 1
  2, 23 |   5.9264534501094772e-05 |   5.9264534501094772e-05 | 1
  2, 24 |   6.6097290725814043e-05 |   6.6097290725814043e-05 | 1
  2, 25 |   5.5625558079825974e-05 |   5.5625558079825974e-05 | 1
  2, 26 |   7.6165875922591105e-05 |   7.6165875922591105e-05 | 1
  2, 27 |   4.1673901881834397e-05 |   4.1673901881834397e-05 | 1
  2, 28 |   6.3195178431811312e-05 |   6.3195178431811312e-05 | 1
  2, 29 |   6.0899214445032391e-05 |   6.0899214445032391e-05 | 1
  2, 30 |   6.5224120766196167e-05 |   6.5224120766196167e-05 | 1
  2, 31 |   5.6958671889658764e-05 |   5.6958671889658764e-05 | 1
  2, 32 |  -3.7299474703679611e-04 |  -3.7299474703679611e-04 | 1
  2, 33 |  -6.8640158849161621e-06 |  -6.8640158849161621e-06 | 1
  2, 34 |   5.4604189570619301e-05 |   5.4604189570619301e-05 | 1
  2, 35 |  -4.0384284107589761e-05 |  -4.0384284107589761e-05 | 1
  2, 36 |  -4.2612785318723853e-05 |  -4.2612785318723853e-05 | 1
  2, 37 |  -4.0638918578269614e-05 |  -4.0638918578269614e-05 | 1
  2, 38 |  -3.5294648837203561e-05 |  -3.5294648837203561e-05 | 1
  2, 39 |  -1.9831740001947540e-05 |  -1.9831740001947540e-05 | 1
  2, 40 |  -9.8197239027967052e-09 |  -9.8197239027967052e-09 | 1
  2, 41 |   6.5050878202972876e-05 |   6.5050878202972876e-05 | 1
  2, 42 |   3.7148165144028925e-04 |   3.7148165144028925e-04 | 1
  3,  1 |   4.7922454646203307e-05 |   4.7922454646203307e-05 | 1
  3,  2 |   4.3923200298922826e-05 |   4.3923200298922826e-05 | 1
  3,  3 |   1.1820998388957546e-02 |   1.1820998388957546e-02 | 1
  3,  4 |   4.2540283974532402e-05 |   4.2540283974532402e-05 | 1
  3,  5 |   8.7937596123740467e-05 |   8.7937596123740467e-05 | 1
  3,  6 |   3.7889972880609762e-05 |   3.7889972880609762e-05 | 1
  3,  7 |   3.2972616450961385e-05 |   3.2972616450961385e-05 | 1
  3,  8 |   3.4229251252222248e-05 |   3.4229251252222248e-05 | 1
  3,  9 |   3.9791547629984680e-05 |   3.9791547629984680e-05 | 1
  3, 10 |   2.8431428556566298e-05 |   2.8431428556566298e-05 | 1
  3, 11 |   5.0930996093778887e-05 |   5.0930996093778887e-05 | 1
  3, 12 |   2.2443723716270772e-05 |   2.2443723716270772e-05 | 1
  3, 13 |   4.4630770685509664e-05 |   4.4630770685509664e-05 | 1
  3, 14 |   5.1939871205751616e-05 |   5.1939871205751616e-05 | 1
  3, 15 |   5.4025245684362373e-05 |   5.4025245684362373e-05 | 1
  3, 16 |   2.8229902031415243e-05 |   2.8229902031415243e-05 | 1
  3, 17 |   5.7993595112605373e-05 |   5.7993595112605373e-05 | 1
  3, 18 |   5.2894878472395730e-05 |   5.2894878472395730e-05 | 1
  3, 19 |   4.2688491443733359e-05 |   4.2688491443733359e-05 | 1
  3, 20 |   5.5781502237820898e-05 |   5.5781502237820898e-05 | 1
  3, 21 |   6.6417787021898171e-05 |   6.6417787021898171e-05 | 1
  3, 22 |   3.7911003940688138e-05 |   3.7911003940688138e-05 | 1
  3, 23 |   4.8744994719786635e-05 |   4.8744994719786635e-05 | 1
  3, 24 |   5.1259180326884554e-05 |   5.1259180326884554e-05 | 1
  3, 25 |   4.2616281223629588e-05 |   4.2616281223629588e-05 | 1
  3, 26 |   5.9358390620084567e-05 |   5.9358390620084567e-05 | 1
  3, 27 |   2.3817350482112190e-05 |   2.3817350482112190e-05 | 1
  3, 28 |   4.7051757310439545e-05 |   4.7051757310439545e-05 | 1
  3, 29 |   4.4288301815136069e-05 |   4.4288301815136069e-05 | 1
  3, 30 |   4.5177843355029846e-05 |   4.5177843355029846e-05 | 1
  3, 31 |   4.3508657881222302e-05 |   4.3508657881222302e-05 | 1
  3, 32 |   1.5353209942795052e-05 |   1.5353209942795052e-05 | 1
  3, 33 |  -9.1242813020841512e-06 |  -9.1242813020841512e-06 | 1
  3, 34 |   3.1307466513411503e-05 |   3.1307466513411503e-05 | 1
  3, 35 |  -3.7848530362160786e-05 |  -3.7848530362160786e-05 | 1
  3, 36 |  -3.8365328931317401e-05 |  -3.8365328931317401e-05 | 1
  3, 37 |  -3.4923035646361877e-05 |  -3.4923035646361877e-05 | 1
  3, 38 |  -3.8838873194156355e-05 |  -3.8838873194156355e-05 | 1
  3, 39 |  -1.4485002249702209e-05 |  -1.4485002249702209e-05 | 1
  3, 40 |  -6.1287553632653867e-09 |  -6.1287553632653867e-09 | 1
  3, 41 |   5.2798586043776839e-05 |   5.2798586043776839e-05 | 1
  3, 42 |  -1.5664110043306367e-05 |  -1.5664110043306367e-05 | 1
  4,  1 |   5.8512415153654419e-05 |   5.8512415153654419e-05 | 1
  4,  2 |   5.5480580485961603e-05 |   5.5480580485961603e-05 | 1
  4,  3 |   4.2540283974532402e-05 |   4.2540283974532402e-05 | 1
  4,  4 |   1.8402177954528966e-03 |   1.8402177954528966e-03 | 1
  4,  5 |   7.0266368380122272e-05 |   7.0266368380122272e-05 | 1
  4,  6 |   2.8401033097723629e-05 |   2.8401033097723629e-05 | 1
  4,  7 |   5.3397488794967721e-05 |   5.3397488794967721e-05 | 1
  4,  8 |   5.1947218181328211e-05 |   5.1947218181328211e-05 | 1
  4,  9 |   4.7912113053406858e-05 |   4.7912113053406858e-05 | 1
  4, 10 |   8.4981696507089680e-05 |   8.4981696507089680e-05 | 1
  4, 11 |   3.6409093950921278e-05 |   3.6409093950921278e-05 | 1
  4, 12 |   3.6732521965337753e-05 |   3.6732521965337753e-05 | 1
  4, 13 |   8.4374421498547669e-05 |   8.4374421498547669e-05 | 1
  4, 14 |   8.9467233618153430e-05 |   8.9467233618153430e-05 | 1
  4, 15 |   2.8023324833498177e-04 |   2.8023324833498177e-04 | 1
  4, 16 |   5.3920327573898954e-05 |   5.3920327573898954e-05 | 1
  4, 17 |   6.9997387068301579e-05 |   6.9997387068301579e-05 | 1
  4, 18 |   5.8453433854608765e-05 |   5.8453433854608765e-05 | 1
  4, 19 |   9.1178482984091415e-05 |   9.1178482984091415e-05 | 1
  4, 20 |   7.0002800596440242e-05 |   7.0002800596440242e-05 | 1
  4, 21 |   4.6402204400911135e-05 |   4.6402204400911135e-05 | 1
  4, 22 |   4.6690436458459172e-05 |   4.6690436458459172e-05 | 1
  4, 23 |   5.0097259475007512e-05 |   5.0097259475007512e-05 | 1
  4, 24 |   7.0091423556254011e-05 |   7.0091423556254011e-05 | 1
  4, 25 |   5.8551860974687929e-05 |   5.8551860974687929e-05 | 1
  4, 26 |   6.4900859153902270e-05 |   6.4900859153902270e-05 | 1
  4, 27 |  -6.7736381768826530e-05 |  -6.7736381768826530e-05 | 1
  4, 28 |   5.6771973039169152e-05 |   5.6771973039169152e-05 | 1
  4, 29 |   7.0513441533149717e-05 |   7.0513441533149717e-05 | 1
  4, 30 |   5.5224819911350150e-05 |   5.5224819911350150e-05 | 1
  4, 31 |   4.3611891523106993e-05 |   4.3611891523106993e-05 | 1
  4, 32 |  -3.7787345974506764e-05 |  -3.7787345974506764e-05 | 1
  4, 33 |   1.3090792337557420e-04 |   1.3090792337557420e-04 | 1
  4, 34 |   3.5099754623289662e-05 |   3.5099754623289662e-05 | 1
  4, 35 |  -3.8980264018538920e-05 |  -3.8980264018538920e-05 | 1
  4, 36 |  -3.9059887618948130e-05 |  -3.9059887618948130e-05 | 1
  4, 37 |  -3.3440941457190511e-05 |  -3.3440941457190511e-05 | 1
  4, 38 |  -3.0813142118913539e-05 |  -3.0813142118913539e-05 | 1
  4, 39 |  -2.4097215389221077e-05 |  -2.4097215389221077e-05 | 1
  4, 40 |  -9.7206012910391178e-09 |  -9.7206012910391178e-09 | 1
  4, 41 |   6.2595972841651224e-05 |   6.2595972841651224e-05 | 1
  4, 42 |   3.6194388903711351e-05 |   3.6194388903711351e-05 | 1
  5,  1 |   1.0388184691647557e-04 |   1.0388184691647557e-04 | 1
  5,  2 |   8.8410473101554029e-05 |   8.8410473101554029e-05 | 1
  5,  3 |   8.7937596123740467e-05 |   8.7937596123740467e-05 | 1
  5,  4 |   7.0266368380122272e-05 |   7.0266368380122272e-05 | 1
  5,  5 |   2.3458222836642229e-02 |   2.3458222836642229e-02 | 1
  5,  6 |   1.1346923278138239e-04 |   1.1346923278138239e-04 | 1
  5,  7 |   4.9114154615470761e-05 |   4.9114154615470761e-05 | 1
  5,  8 |   5.7314339947619575e-05 |   5.7314339947619575e-05 | 1
  5,  9 |   1.0015949609759309e-04 |   1.0015949609759309e-04 | 1
  5, 10 |  -5.8049056036987550e-05 |  -5.8049056036987550e-05 | 1
  5, 11 |  -1.3618046334196773e-04 |  -1.3618046334196773e-04 | 1
  5, 12 |   1.3101107707855281e-05 |   1.3101107707855281e-05 | 1
  5, 13 |   7.3773858257516678e-05 |   7.3773858257516678e-05 | 1
  5, 14 |   6.5597155539661272e-05 |   6.5597155539661272e-05 | 1
  5, 15 |  -7.6405893105587928e-04 |  -7.6405893105587928e-04 | 1
  5, 16 |   6.5920628390987161e-06 |   6.5920628390987161e-06 | 1
  5, 17 |   1.1285977214538409e-04 |   1.1285977214538409e-04 | 1
  5, 18 |   1.3795380467110889e-04 |   1.3795380467110889e-04 | 1
  5, 19 |   2.1708782083879906e-05 |   2.1708782083879906e-05 | 1
  5, 20 |   8.2071532959125502e-05 |   8.2071532959125502e-05 | 1
  5, 21 |   1.9875115591143323e-04 |   1.9875115591143323e-04 | 1
  5, 22 |   4.2761150297489873e-05 |   4.2761150297489873e-05 | 1
  5, 23 |   1.5854204938567059e-04 |   1.5854204938567059e-04 | 1
  5, 24 |   4.0586853530922990e-05 |   4.0586853530922990e-05 | 1
  5, 25 |   5.6394034609072040e-05 |   5.6394034609072040e-05 | 1
  5, 26 |   1.3955000982955132e-04 |   1.3955000982955132e-04 | 1
  5, 27 |  -2.5222245874034321e-04 |  -2.5222245874034321e-04 | 1
  5, 28 |   1.4125284010765712e-05 |   1.4125284010765712e-05 | 1
  5, 29 |   5.4743733058926171e-05 |   5.4743733058926171e-05 | 1
  5, 30 |   5.4218843067796647e-05 |   5.4218843067796647e-05 | 1
  5, 31 |   9.9473506752713239e-06 |   9.9473506752713239e-06 | 1
  5, 32 |   1.4891929742619578e-04 |   1.4891929742619578e-04 | 1
  5, 33 |   8.5153097620121909e-05 |   8.5153097620121909e-05 | 1
  5, 34 |  -1.6156000990582517e-04 |  -1.6156000990582517e-04 | 1
  5, 35 |  -5.7173859649503725e-05 |  -5.7173859649503725e-05 | 1
  5, 36 |  -4.1415885847458270e-05 |  -4.1415885847458270e-05 | 1
  5, 37 |  -6.0518536554582068e-05 |  -6.0518536554582068e-05 | 1
  5, 38 |  -6.0801105934602930e-05 |  -6.0801105934602930e-05 | 1
  5, 39 |  -4.4701074711256053e-05 |  -4.4701074711256053e-05 | 1
  5, 40 |  -1.8993472319957810e-08 |  -1.8993472319957810e-08 | 1
  5, 41 |   1.0764031926101237e-04 |   1.0764031926101237e-04 | 1
  5, 42 |  -1.4922500061217896e-04 |  -1.4922500061217896e-04 | 1
  6,  1 |   4.9390651349617044e-05 |   4.9390651349617044e-05 | 1
  6,  2 |   4.2441943179769484e-05 |   4.2441943179769484e-05 | 1
  6,  3 |   3.7889972880609762e-05 |   3.7889972880609762e-05 | 1
  6,  4 |   2.8401033097723629e-05 |   2.8401033097723629e-05 | 1
  6,  5 |   1.1346923278138239e-04 |   1.1346923278138239e-04 | 1
  6,  6 |   1.9989228297369641e-02 |   1.9989228297369641e-02 | 1
  6,  7 |   1.7775103215271364e-05 |   1.7775103215271364e-05 | 1
  6,  8 |   2.6085583668703801e-05 |   2.6085583668703801e-05 | 1
  6,  9 |   4.8158409046718401e-05 |   4.8158409046718401e-05 | 1
  6, 10 |  -3.4525451689222265e-05 |  -3.4525451689222265e-05 | 1
  6, 11 |   1.9795329586185767e-04 |   1.9795329586185767e-04 | 1
  6, 12 |   2.2517249210527633e-05 |   2.2517249210527633e-05 | 1
  6, 13 |  -1.2530328943445061e-05 |  -1.2530328943445061e-05 | 1
  6, 14 |  -2.8058468983122532e-06 |  -2.8058468983122532e-06 | 1
  6, 15 |  -1.3232205987962617e-04 |  -1.3232205987962617e-04 | 1
  6, 16 |   1.0997564634804412e-05 |   1.0997564634804412e-05 | 1
  6, 17 |   5.4415729057249555e-05 |   5.4415729057249555e-05 | 1
  6, 18 |   6.2871122628321656e-05 |   6.2871122628321656e-05 | 1
  6, 19 |  -1.3181425521447330e-05 |  -1.3181425521447330e-05 | 1
  6, 20 |   4.6781800988256582e-05 |   4.6781800988256582e-05 | 1
  6, 21 |   1.1717352568540966e-04 |   1.1717352568540966e-04 | 1
  6, 22 |   7.5250525076136962e-05 |   7.5250525076136962e-05 | 1
  6, 23 |   7.2972961763280295e-05 |   7.2972961763280295e-05 | 1
  6, 24 |   5.4153666501783961e-05 |   5.4153666501783961e-05 | 1
  6, 25 |   3.6251447070987268e-05 |   3.6251447070987268e-05 | 1
  6, 26 |   7.3546669048854936e-05 |   7.3546669048854936e-05 | 1
  6, 27 |   3.2639707413382611e-04 |   3.2639707413382611e-04 | 1
  6, 28 |   6.7209544389199735e-05 |   6.7209544389199735e-05 | 1
  6, 29 |   2.5458513550629938e-05 |   2.5458513550629938e-05 | 1
  6, 30 |   7.8860316405421653e-05 |   7.8860316405421653e-05 | 1
  6, 31 |   8.6725356742692062e-05 |   8.6725356742692062e-05 | 1
  6, 32 |   1.0216734663194431e-04 |   1.0216734663194431e-04 | 1
  6, 33 |  -3.5119813749261131e-04 |  -3.5119813749261131e-04 | 1
  6, 34 |   1.1466152740374518e-04 |   1.1466152740374518e-04 | 1
  6, 35 |  -3.8660468717249779e-05 |  -3.8660468717249779e-05 | 1
  6, 36 |  -2.8418956294125868e-05 |  -2.8418956294125868e-05 | 1
  6, 37 |  -3.8827719706364417e-05 |  -3.8827719706364417e-05 | 1
  6, 38 |  -3.6534129406451036e-05 |  -3.6534129406451036e-05 | 1
  6, 39 |  -1.8004533976675057e-05 |  -1.8004533976675057e-05 | 1
  6, 40 |  -6.5580783376000258e-09 |  -6.5580783376000258e-09 | 1
  6, 41 |   5.4192658866847351e-05 |   5.4192658866847351e-05 | 1
  6, 42 |  -1.0281553200363358e-04 |  -1.0281553200363358e-04 | 1
  7,  1 |   4.7823705914096972e-05 |   4.7823705914096972e-05 | 1
  7,  2 |   4.4196505177930461e-05 |   4.4196505177930461e-05 | 1
  7,  3 |   3.2972616450961385e-05 |   3.2972616450961385e-05 | 1
  7,  4 |   5.3397488794967721e-05 |   5.3397488794967721e-05 | 1
  7,  5 |   4.9114154615470761e-05 |   4.9114154615470761e-05 | 1
  7,  6 |   1.7775103215271364e-05 |   1.7775103215271364e-05 | 1
  7,  7 |   2.3249474140196662e-02 |   2.3249474140196662e-02 | 1
  7,  8 |   4.6296938437298382e-05 |   4.6296938437298382e-05 | 1
  7,  9 |   3.7928754820878863e-05 |   3.7928754820878863e-05 | 1
  7, 10 |   8.5057007819392007e-05 |   8.5057007819392007e-05 | 1
  7, 11 |   1.0226481072478561e-04 |   1.0226481072478561e-04 | 1
  7, 12 |   3.8982721653059197e-05 |   3.8982721653059197e-05 | 1
  7, 13 |   6.8220825542382942e-05 |   6.8220825542382942e-05 | 1
  7, 14 |   7.7240019010525670e-05 |   7.7240019010525670e-05 | 1
  7, 15 |   3.3287216606424017e-04 |   3.3287216606424017e-04 | 1
  7, 16 |   5.6591577920148071e-05 |   5.6591577920148071e-05 | 1
  7, 17 |   5.9540551005069875e-05 |   5.9540551005069875e-05 | 1
  7, 18 |   3.9928658723164165e-05 |   3.9928658723164165e-05 | 1
  7, 19 |   8.0740904132419922e-05 |   8.0740904132419922e-05 | 1
  7, 20 |   5.5908141751045988e-05 |   5.5908141751045988e-05 | 1
  7, 21 |   2.9494428337367853e-05 |   2.9494428337367853e-05 | 1
  7, 22 |   5.3024806738160222e-05 |   5.3024806738160222e-05 | 1
  7, 23 |   3.2958383059576164e-05 |   3.2958383059576164e-05 | 1
  7, 24 |   7.0655834100890902e-05 |   7.0655834100890902e-05 | 1
  7, 25 |   5.3975702166840091e-05 |   5.3975702166840091e-05 | 1
  7, 26 |   5.3237949820793555e-05 |   5.3237949820793555e-05 | 1
  7, 27 |   3.4687173336902871e-05 |   3.4687173336902871e-05 | 1
  7, 28 |   6.7616324938183861e-05 |   6.7616324938183861e-05 | 1
  7, 29 |   6.4584594591652177e-05 |   6.4584594591652177e-05 | 1
  7, 30 |   5.7626652934886368e-05 |   5.7626652934886368e-05 | 1
  7, 31 |   5.9250658221784983e-05 |   5.9250658221784983e-05 | 1
  7, 32 |  -4.1836634258131608e-05 |  -4.1836634258131608e-05 | 1
  7, 33 |   4.7332846905173412e-05 |   4.7332846905173412e-05 | 1
  7, 34 |   8.2177133021853904e-05 |   8.2177133021853904e-05 | 1
  7, 35 |  -2.4271571173892768e-05 |  -2.4271571173892768e-05 | 1
  7, 36 |  -3.1463816988235290e-05 |  -3.1463816988235290e-05 | 1
  7, 37 |  -2.4458300580113143e-05 |  -2.4458300580113143e-05 | 1
  7, 38 |  -3.1091984050035011e-05 |  -3.1091984050035011e-05 | 1
  7, 39 |  -3.5825680236113331e-05 |  -3.5825680236113331e-05 | 1
  7, 40 |  -4.7826750736814848e-09 |  -4.7826750736814848e-09 | 1
  7, 41 |   5.2204332294964098e-05 |   5.2204332294964098e-05 | 1
  7, 42 |   4.2241477831519047e-05 |   4.2241477831519047e-05 | 1
  8,  1 |   4.8588591578445711e-05 |   4.8588591578445711e-05 | 1
  8,  2 |   4.5261513760320554e-05 |   4.5261513760320554e-05 | 1
  8,  3 |   3.4229251252222248e-05 |   3.4229251252222248e-05 | 1
  8,  4 |   5.1947218181328211e-05 |   5.1947218181328211e-05 | 1
  8,  5 |   5.7314339947619575e-05 |   5.7314339947619575e-05 | 1
  8,  6 |   2.6085583668703801e-05 |   2.6085583668703801e-05 | 1
  8,  7 |   4.6296938437298382e-05 |   4.6296938437298382e-05 | 1
  8,  8 |   2.3392552114323562e-03 |   2.3392552114323562e-03 | 1
  8,  9 |   3.9836129659578040e-05 |   3.9836129659578040e-05 | 1
  8, 10 |   8.1143441038780846e-05 |   8.1143441038780846e-05 | 1
  8, 11 |   9.5349054709567034e-05 |   9.5349054709567034e-05 | 1
  8, 12 |   3.4247834682851251e-05 |   3.4247834682851251e-05 | 1
  8, 13 |   6.1999020903983419e-05 |   6.1999020903983419e-05 | 1
  8, 14 |   6.9647063000937901e-05 |   6.9647063000937901e-05 | 1
  8, 15 |   2.9817711543564103e-04 |   2.9817711543564103e-04 | 1
  8, 16 |   5.2716695468349862e-05 |   5.2716695468349862e-05 | 1
  8, 17 |   5.7028761949547317e-05 |   5.7028761949547317e-05 | 1
  8, 18 |   4.0799196928103815e-05 |   4.0799196928103815e-05 | 1
  8, 19 |   7.3794483692980707e-05 |   7.3794483692980707e-05 | 1
  8, 20 |   5.8299089339717907e-05 |   5.8299089339717907e-05 | 1
  8, 21 |   4.2098497408565280e-05 |   4.2098497408565280e-05 | 1
  8, 22 |   5.5134565525746909e-05 |   5.5134565525746909e-05 | 1
  8, 23 |   4.4332846590131591e-05 |   4.4332846590131591e-05 | 1
  8, 24 |   6.9889166092982258e-05 |   6.9889166092982258e-05 | 1
  8, 25 |   5.1158339807186662e-05 |   5.1158339807186662e-05 | 1
  8, 26 |   4.8322477868859910e-05 |   4.8322477868859910e-05 | 1
  8, 27 |   4.7335160920694555e-05 |   4.7335160920694555e-05 | 1
  8, 28 |   5.8690867212470314e-05 |   5.8690867212470314e-05 | 1
  8, 29 |   5.9284772979069787e-05 |   5.9284772979069787e-05 | 1
  8, 30 |   5.9359708137095049e-05 |   5.9359708137095049e-05 | 1
  8, 31 |   5.7377487970243114e-05 |   5.7377487970243114e-05 | 1
  8, 32 |  -3.1837321146749331e-05 |  -3.1837321146749331e-05 | 1
  8, 33 |   2.8191743613614100e-05 |   2.8191743613614100e-05 | 1
  8, 34 |   7.9025111740860634e-05 |   7.9025111740860634e-05 | 1
  8, 35 |  -2.9641399027384725e-05 |  -2.9641399027384725e-05 | 1
  8, 36 |  -2.2775347046060148e-05 |  -2.2775347046060148e-05 | 1
  8, 37 |  -2.1949895078607732e-05 |  -2.1949895078607732e-05 | 1
  8, 38 |  -2.1807370618613486e-05 |  -2.1807370618613486e-05 | 1
  8, 39 |  -2.3801854831222936e-05 |  -2.3801854831222936e-05 | 1
  8, 40 |  -9.3108826527986064e-09 |  -9.3108826527986064e-09 | 1
  8, 41 |   5.0398485228079580e-05 |   5.0398485228079580e-05 | 1
  8, 42 |   3.0526043695960985e-05 |   3.0526043695960985e-05 | 1
  9,  1 |   5.7524303091089011e-05 |   5.7524303091089011e-05 | 1
  9,  2 |   5.2054320629892157e-05 |   5.2054320629892157e-05 | 1
  9,  3 |   3.9791547629984680e-05 |   3.9791547629984680e-05 | 1
  9,  4 |   4.7912113053406858e-05 |   4.7912113053406858e-05 | 1
  9,  5 |   1.0015949609759309e-04 |   1.0015949609759309e-04 | 1
  9,  6 |   4.8158409046718401e-05 |   4.8158409046718401e-05 | 1
  9,  7 |   3.7928754820878863e-05 |   3.7928754820878863e-05 | 1
  9,  8 |   3.9836129659578040e-05 |   3.9836129659578040e-05 | 1
  9,  9 |   9.4043530875810542e-03 |   9.4043530875810542e-03 | 1
  9, 10 |   2.2651650313419922e-05 |   2.2651650313419922e-05 | 1
  9, 11 |   1.0943517981907795e-04 |   1.0943517981907795e-04 | 1
  9, 12 |   3.1908655201789410e-05 |   3.1908655201789410e-05 | 1
  9, 13 |   4.2300940213819843e-05 |   4.2300940213819843e-05 | 1
  9, 14 |   5.3647830201545297e-05 |   5.3647830201545297e-05 | 1
  9, 15 |   5.0205248050594582e-05 |   5.0205248050594582e-05 | 1
  9, 16 |   3.5874009933370792e-05 |   3.5874009933370792e-05 | 1
  9, 17 |   6.9299974004298617e-05 |   6.9299974004298617e-05 | 1
  9, 18 |   6.5321448276368506e-05 |   6.5321448276368506e-05 | 1
  9, 19 |   4.0954884300386051e-05 |   4.0954884300386051e-05 | 1
  9, 20 |   5.8896875600124361e-05 |   5.8896875600124361e-05 | 1
  9, 21 |   8.6144233227428710e-05 |   8.6144233227428710e-05 | 1
  9, 22 |   5.6520552437198018e-05 |   5.6520552437198018e-05 | 1
  9, 23 |   5.6101316571580172e-05 |   5.6101316571580172e-05 | 1
  9, 24 |   6.0435859185470952e-05 |   6.0435859185470952e-05 | 1
  9, 25 |   5.2403100404860112e-05 |   5.2403100404860112e-05 | 1
  9, 26 |   7.5564657482814825e-05 |   7.5564657482814825e-05 | 1
  9, 27 |   1.0723969563387927e-04 |   1.0723969563387927e-04 | 1
  9, 28 |   6.7071768404750279e-05 |   6.7071768404750279e-05 | 1
  9, 29 |   5.3885306652622833e-05 |   5.3885306652622833e-05 | 1
  9, 30 |   6.9178375633380175e-05 |   6.9178375633380175e-05 | 1
  9, 31 |   6.7737254623583589e-05 |   6.7737254623583589e-05 | 1
  9, 32 |   3.2882389069088661e-05 |   3.2882389069088661e-05 | 1
  9, 33 |  -9.0872265128670395e-05 |  -9.0872265128670395e-05 | 1
  9, 34 |   6.6073870394134143e-05 |   6.6073870394134143e-05 | 1
  9, 35 |  -3.2307407807940385e-05 |  -3.2307407807940385e-05 | 1
  9, 36 |  -3.9186475674927907e-05 |  -3.9186475674927907e-05 | 1
  9, 37 |  -4.3246071055162871e-05 |  -4.3246071055162871e-05 | 1
  9, 38 |  -3.9068141923021071e-05 |  -3.9068141923021071e-05 | 1
  9, 39 |  -2.8705094645550176e-05 |  -2.8705094645550176e-05 | 1
  9, 40 |  -7.0846495110619072e-09 |  -7.0846495110619072e-09 | 1
  9, 41 |   6.3936265394114162e-05 |   6.3936265394114162e-05 | 1
  9, 42 |  -3.2924823516179957e-05 |  -3.2924823516179957e-05 | 1
 10,  1 |   4.6014048789874183e-05 |   4.6014048789874183e-05 | 1
 10,  2 |   4.6404443026671363e-05 |   4.6404443026671363e-05 | 1
 10,  3 |   2.8431428556566298e-05 |   2.8431428556566298e-05 | 1
 10,  4 |   8.4981696507089680e-05 |   8.4981696507089680e-05 | 1
 10,  5 |  -5.8049056036987550e-05 |  -5.8049056036987550e-05 | 1
 10,  6 |  -3.4525451689222265e-05 |  -3.4525451689222265e-05 | 1
 10,  7 |   8.5057007819392007e-05 |   8.5057007819392007e-05 | 1
 10,  8 |   8.1143441038780846e-05 |   8.1143441038780846e-05 | 1
 10,  9 |   2.2651650313419922e-05 |   2.2651650313419922e-05 | 1
 10, 10 |   2.5223059424766294e-02 |   2.5223059424766294e-02 | 1
 10, 11 |   1.5040950871078015e-04 |   1.5040950871078015e-04 | 1
 10, 12 |   7.4995217559283763e-05 |   7.4995217559283763e-05 | 1
 10, 13 |   1.6107921670041381e-04 |   1.6107921670041381e-04 | 1
 10, 14 |   1.6407805995827411e-04 |   1.6407805995827411e-04 | 1
 10, 15 |   1.2876699947866040e-03 |   1.2876699947866040e-03 | 1
 10, 16 |   1.2844734188148003e-04 |   1.2844734188148003e-04 | 1
 10, 17 |   6.2426085203872347e-05 |   6.2426085203872347e-05 | 1
 10, 18 |   3.4870298628923377e-07 |   3.4870298628923377e-07 | 1
 10, 19 |   2.1496313707552723e-04 |   2.1496313707552723e-04 | 1
 10, 20 |   7.9345361652727290e-05 |   7.9345361652727290e-05 | 1
 10, 21 |  -7.2400358559268564e-05 |  -7.2400358559268564e-05 | 1
 10, 22 |   6.8670708822155571e-05 |   6.8670708822155571e-05 | 1
 10, 23 |  -1.0218145425298874e-05 |  -1.0218145425298874e-05 | 1
 10, 24 |   1.3178475982220935e-04 |   1.3178475982220935e-04 | 1
 10, 25 |   8.8009323119690229e-05 |   8.8009323119690229e-05 | 1
 10, 26 |   1.5913966446262050e-05 |   1.5913966446262050e-05 | 1
 10, 27 |  -5.9835271936642481e-05 |  -5.9835271936642481e-05 | 1
 10, 28 |   9.4803363338834436e-05 |   9.4803363338834436e-05 | 1
 10, 29 |   1.2700931916992327e-04 |   1.2700931916992327e-04 | 1
 10, 30 |   7.3650908544170698e-05 |   7.3650908544170698e-05 | 1
 10, 31 |   7.9947559754134373e-05 |   7.9947559754134373e-05 | 1
 10, 32 |  -2.4738794524967276e-04 |  -2.4738794524967276e-04 | 1
 10, 33 |   3.6682013384409815e-04 |   3.6682013384409815e-04 | 1
 10, 34 |   1.8658888164177945e-04 |   1.8658888164177945e-04 | 1
 10, 35 |  -2.9569458534583337e-05 |  -2.9569458534583337e-05 | 1
 10, 36 |  -1.7539271407983601e-05 |  -1.7539271407983601e-05 | 1
 10, 37 |  -1.6226799906254295e-05 |  -1.6226799906254295e-05 | 1
 10, 38 |  -2.7893846129928986e-05 |  -2.7893846129928986e-05 | 1
 10, 39 |  -3.0007700844730401e-05 |  -3.0007700844730401e-05 | 1
 10, 40 |  -7.1195819711301957e-09 |  -7.1195819711301957e-09 | 1
 10, 41 |   4.7979076351547510e-05 |   4.7979076351547510e-05 | 1
 10, 42 |   2.4726191303069904e-04 |   2.4726191303069904e-04 | 1
 11,  1 |   9.2712728062926261e-05 |   9.2712728062926261e-05 | 1
 11,  2 |   7.7360359886079140e-05 |   7.7360359886079140e-05 | 1
 11,  3 |   5.0930996093778887e-05 |   5.0930996093778887e-05 | 1
 11,  4 |   3.6409093950921278e-05 |   3.6409093950921278e-05 | 1
 11,  5 |  -1.3618046334196773e-04 |  -1.3618046334196773e-04 | 1
 11,  6 |   1.9795329586185767e-04 |   1.9795329586185767e-04 | 1
 11,  7 |   1.0226481072478561e-04 |   1.0226481072478561e-04 | 1
 11,  8 |   9.5349054709567034e-05 |   9.5349054709567034e-05 | 1
 11,  9 |   1.0943517981907795e-04 |   1.0943517981907795e-04 | 1
 11, 10 |   1.5040950871078015e-04 |   1.5040950871078015e-04 | 1
 11, 11 |   2.9970361366562469e-03 |   2.9970361366562469e-03 | 1
 11, 12 |   2.7819962905645430e-04 |   2.7819962905645430e-04 | 1
 11, 13 |  -4.2244593845692027e-04 |  -4.2244593845692027e-04 | 1
 11, 14 |  -2.7960121207429365e-04 |  -2.7960121207429365e-04 | 1
 11, 15 |   2.6797406869031766e-03 |   2.6797406869031766e-03 | 1
 11, 16 |   2.0997917695030814e-04 |   2.0997917695030814e-04 | 1
 11, 17 |   1.0445884406780971e-04 |   1.0445884406780971e-04 | 1
 11, 18 |   9.2779267887460547e-06 |   9.2779267887460547e-06 | 1
 11, 19 |  -2.1280338851388942e-04 |  -2.1280338851388942e-04 | 1
 11, 20 |   1.6163609478178574e-04 |   1.6163609478178574e-04 | 1
 11, 21 |   3.9324676176960831e-04 |   3.9324676176960831e-04 | 1
 11, 22 |   7.2072375404477621e-04 |   7.2072375404477621e-04 | 1
 11, 23 |   1.2386237819191070e-04 |   1.2386237819191070e-04 | 1
 11, 24 |   4.8742991429904809e-04 |   4.8742991429904809e-04 | 1
 11, 25 |   2.1192997112666760e-04 |   2.1192997112666760e-04 | 1
 11, 26 |   9.0150597221869556e-05 |   9.0150597221869556e-05 | 1
 11, 27 |   4.9657757056897119e-03 |   4.9657757056897119e-03 | 1
 11, 28 |   7.6043037652952878e-04 |   7.6043037652952878e-04 | 1
 11, 29 |   9.2737556880425687e-05 |   9.2737556880425687e-05 | 1
 11, 30 |   6.9248323145343956e-04 |   6.9248323145343956e-04 | 1
 11, 31 |   1.0462684585182123e-03 |   1.0462684585182123e-03 | 1
 11, 32 |   2.9411599764247814e-04 |   2.9411599764247814e-04 | 1
 11, 33 |  -4.2133848437486297e-03 |  -4.2133848437486297e-03 | 1
 11, 34 |   2.2255731946322897e-03 |   2.2255731946322897e-03 | 1
 11, 35 |  -7.8359413883073552e-05 |  -7.8359413883073552e-05 | 1
 11, 36 |  -6.8867664925234654e-05 |  -6.8867664925234654e-05 | 1
 11, 37 |  -7.2363544169339917e-05 |  -7.2363544169339917e-05 | 1
 11, 38 |  -6.7714548400870419e-05 |  -6.7714548400870419e-05 | 1
 11, 39 |  -5.8379140125146327e-05 |  -5.8379140125146327e-05 | 1
 11, 40 |  -4.8174259167448747e-09 |  -4.8174259167448747e-09 | 1
 11, 41 |   1.0675129180817263e-04 |   1.0675129180817263e-04 | 1
 11, 42 |  -2.9512743840280712e-04 |  -2.9512743840280712e-04 | 1
 12,  1 |   3.7710699873342687e-05 |   3.7710699873342687e-05 | 1
 12,  2 |   3.4952743771971950e-05 |   3.4952743771971950e-05 | 1
 12,  3 |   2.2443723716270772e-05 |   2.2443723716270772e-05 | 1
 12,  4 |   3.6732521965337753e-05 |   3.6732521965337753e-05 | 1
 12,  5 |   1.3101107707855281e-05 |   1.3101107707855281e-05 | 1
 12,  6 |   2.2517249210527633e-05 |   2.2517249210527633e-05 | 1
 12,  7 |   3.8982721653059197e-05 |   3.8982721653059197e-05 | 1
 12,  8 |   3.4247834682851251e-05 |   3.4247834682851251e-05 | 1
 12,  9 |   3.1908655201789410e-05 |   3.1908655201789410e-05 | 1
 12, 10 |   7.4995217559283763e-05 |   7.4995217559283763e-05 | 1
 12, 11 |   2.7819962905645430e-04 |   2.7819962905645430e-04 | 1
 12, 12 |   1.5867597617222690e-02 |   1.5867597617222690e-02 | 1
 12, 13 |   1.5940426070086947e-05 |   1.5940426070086947e-05 | 1
 12, 14 |   2.9656235595573461e-05 |   2.9656235595573461e-05 | 1
 12, 15 |   4.8376014259222271e-04 |   4.8376014259222271e-04 | 1
 12, 16 |   5.0775682090496099e-05 |   5.0775682090496099e-05 | 1
 12, 17 |   4.6406444503802407e-05 |   4.6406444503802407e-05 | 1
 12, 18 |   2.6089436502380763e-05 |   2.6089436502380763e-05 | 1
 12, 19 |   4.2550416048848853e-05 |   4.2550416048848853e-05 | 1
 12, 20 |   5.1770204137337026e-05 |   5.1770204137337026e-05 | 1
 12, 21 |   4.8888212261014128e-05 |   4.8888212261014128e-05 | 1
 12, 22 |   8.1105230080006822e-05 |   8.1105230080006822e-05 | 1
 12, 23 |   2.6528822655099065e-05 |   2.6528822655099065e-05 | 1
 12, 24 |   8.1486853052683937e-05 |   8.1486853052683937e-05 | 1
 12, 25 |   5.4674471212934339e-05 |   5.4674471212934339e-05 | 1
 12, 26 |   3.8113510368120655e-05 |   3.8113510368120655e-05 | 1
 12, 27 |   4.0184912636918413e-04 |   4.0184912636918413e-04 | 1
 12, 28 |   1.0065827515745505e-04 |   1.0065827515745505e-04 | 1
 12, 29 |   5.1471264931644584e-05 |   5.1471264931644584e-05 | 1
 12, 30 |   8.9270121726121415e-05 |   8.9270121726121415e-05 | 1
 12, 31 |   1.2155709485029425e-04 |   1.2155709485029425e-04 | 1
 12, 32 |  -1.4963002291180838e-05 |  -1.4963002291180838e-05 | 1
 12, 33 |  -2.8009674648364733e-04 |  -2.8009674648364733e-04 | 1
 12, 34 |   2.2918838572348285e-04 |   2.2918838572348285e-04 | 1
 12, 35 |  -2.5347140180207184e-05 |  -2.5347140180207184e-05 | 1
 12, 36 |  -3.1433329500616593e-05 |  -3.1433329500616593e-05 | 1
 12, 37 |  -2.5563445861157923e-05 |  -2.5563445861157923e-05 | 1
 12, 38 |  -3.0871033138816571e-05 |  -3.0871033138816571e-05 | 1
 12, 39 |  -2.4692379893866266e-06 |  -2.4692379893866266e-06 | 1
 12, 40 |  -7.4209056788728696e-09 |  -7.4209056788728696e-09 | 1
 12, 41 |   4.0700659272521490e-05 |   4.0700659272521490e-05 | 1
 12, 42 |   1.4060271261669269e-05 |   1.4060271261669269e-05 | 1
 13,  1 |   6.0451972476752372e-05 |   6.0451972476752372e-05 | 1
 13,  2 |   6.0073695203390249e-05 |   6.0073695203390249e-05 | 1
 13,  3 |   4.4630770685509664e-05 |   4.4630770685509664e-05 | 1
 13,  4 |   8.4374421498547669e-05 |   8.4374421498547669e-05 | 1
 13,  5 |   7.3773858257516678e-05 |   7.3773858257516678e-05 | 1
 13,  6 |  -1.2530328943445061e-05 |  -1.2530328943445061e-05 | 1
 13,  7 |   6.8220825542382942e-05 |   6.8220825542382942e-05 | 1
 13,  8 |   6.1999020903983419e-05 |   6.1999020903983419e-05 | 1
 13,  9 |   4.2300940213819843e-05 |   4.2300940213819843e-05 | 1
 13, 10 |   1.6107921670041381e-04 |   1.6107921670041381e-04 | 1
 13, 11 |  -4.2244593845692027e-04 |  -4.2244593845692027e-04 | 1
 13, 12 |   1.5940426070086947e-05 |   1.5940426070086947e-05 | 1
 13, 13 |   1.8423231621836150e-02 |   1.8423231621836150e-02 | 1
 13, 14 |   1.9269517396596273e-04 |   1.9269517396596273e-04 | 1
 13, 15 |   2.6570043264069080e-04 |   2.6570043264069080e-04 | 1
 13, 16 |   5.7952882203440891e-05 |   5.7952882203440891e-05 | 1
 13, 17 |   7.8165636811771997e-05 |   7.8165636811771997e-05 | 1
 13, 18 |   6.2795836103640462e-05 |   6.2795836103640462e-05 | 1
 13, 19 |   1.9930392475095267e-04 |   1.9930392475095267e-04 | 1
 13, 20 |   7.1636402707683433e-05 |   7.1636402707683433e-05 | 1
 13, 21 |  -3.2038479929402745e-05 |  -3.2038479929402745e-05 | 1
 13, 22 |  -5.1140585747395291e-05 |  -5.1140585747395291e-05 | 1
 13, 23 |   2.9377979698210070e-05 |   2.9377979698210070e-05 | 1
 13, 24 |   3.2220981581725027e-05 |   3.2220981581725027e-05 | 1
 13, 25 |   5.8763480196155903e-05 |   5.8763480196155903e-05 | 1
 13, 26 |   5.9888498191407649e-05 |   5.9888498191407649e-05 | 1
 13, 27 |  -9.3194649057707908e-04 |  -9.3194649057707908e-04 | 1
 13, 28 |  -3.8150282087385357e-05 |  -3.8150282087385357e-05 | 1
 13, 29 |   1.0221307525928403e-04 |   1.0221307525928403e-04 | 1
 13, 30 |  -3.1953438010495933e-05 |  -3.1953438010495933e-05 | 1
 13, 31 |  -1.0126611651745995e-04 |  -1.0126611651745995e-04 | 1
 13, 32 |  -1.6941182664132398e-04 |  -1.6941182664132398e-04 | 1
 13, 33 |   9.7123562879210474e-04 |   9.7123562879210474e-04 | 1
 13, 34 |  -2.8087602888599592e-04 |  -2.8087602888599592e-04 | 1
 13, 35 |  -4.3601693125995027e-05 |  -4.3601693125995027e-05 | 1
 13, 36 |  -4.3734178020867455e-05 |  -4.3734178020867455e-05 | 1
 13, 37 |  -4.5136458808295240e-05 |  -4.5136458808295240e-05 | 1
 13, 38 |  -4.5717048043685346e-05 |  -4.5717048043685346e-05 | 1
 13, 39 |  -1.7029960346996020e-05 |  -1.7029960346996020e-05 | 1
 13, 40 |  -8.8013548040007015e-09 |  -8.8013548040007015e-09 | 1
 13, 41 |   6.5732659953595692e-05 |   6.5732659953595692e-05 | 1
 13, 42 |   1.6874019859516813e-04 |   1.6874019859516813e-04 | 1
 14,  1 |   6.7425419007874281e-05 |   6.7425419007874281e-05 | 1
 14,  2 |   6.6645503846745274e-05 |   6.6645503846745274e-05 | 1
 14,  3 |   5.1939871205751616e-05 |   5.1939871205751616e-05 | 1
 14,  4 |   8.9467233618153430e-05 |   8.9467233618153430e-05 | 1
 14,  5 |   6.5597155539661272e-05 |   6.5597155539661272e-05 | 1
 14,  6 |  -2.8058468983122532e-06 |  -2.8058468983122532e-06 | 1
 14,  7 |   7.7240019010525670e-05 |   7.7240019010525670e-05 | 1
 14,  8 |   6.9647063000937901e-05 |   6.9647063000937901e-05 | 1
 14,  9 |   5.3647830201545297e-05 |   5.3647830201545297e-05 | 1
 14, 10 |   1.6407805995827411e-04 |   1.6407805995827411e-04 | 1
 14, 11 |  -2.7960121207429365e-04 |  -2.7960121207429365e-04 | 1
 14, 12 |   2.9656235595573461e-05 |   2.9656235595573461e-05 | 1
 14, 13 |   1.9269517396596273e-04 |   1.9269517396596273e-04 | 1
 14, 14 |   1.6403037365620675e-02 |   1.6403037365620675e-02 | 1
 14, 15 |   3.7007567507187902e-04 |   3.7007567507187902e-04 | 1
 14, 16 |   7.2964454832012075e-05 |   7.2964454832012075e-05 | 1
 14, 17 |   8.4482274671404472e-05 |   8.4482274671404472e-05 | 1
 14, 18 |   6.7115796235897335e-05 |   6.7115796235897335e-05 | 1
 14, 19 |   1.9176525270095019e-04 |   1.9176525270095019e-04 | 1
 14, 20 |   7.9131443371269588e-05 |   7.9131443371269588e-05 | 1
 14, 21 |  -1.8661043886294053e-05 |  -1.8661043886294053e-05 | 1
 14, 22 |  -1.0479104276156931e-05 |  -1.0479104276156931e-05 | 1
 14, 23 |   3.5287119551442533e-05 |   3.5287119551442533e-05 | 1
 14, 24 |   5.3614998635530042e-05 |   5.3614998635530042e-05 | 1
 14, 25 |   6.8249292640403517e-05 |   6.8249292640403517e-05 | 1
 14, 26 |   6.9651451542928510e-05 |   6.9651451542928510e-05 | 1
 14, 27 |  -7.2194455919772824e-04 |  -7.2194455919772824e-04 | 1
 14, 28 |  -6.7345666524089058e-07 |  -6.7345666524089058e-07 | 1
 14, 29 |   1.0853156570173002e-04 |   1.0853156570173002e-04 | 1
 14, 30 |   6.4392176728065624e-06 |   6.4392176728065624e-06 | 1
 14, 31 |  -5.6236653302347490e-05 |  -5.6236653302347490e-05 | 1
 14, 32 |  -1.5228679258751739e-04 |  -1.5228679258751739e-04 | 1
 14, 33 |   7.8640434354192482e-04 |   7.8640434354192482e-04 | 1
 14, 34 |  -1.8505552528005068e-04 |  -1.8505552528005068e-04 | 1
 14, 35 |  -3.8699358284041680e-05 |  -3.8699358284041680e-05 | 1
 14, 36 |  -4.2666133805556588e-05 |  -4.2666133805556588e-05 | 1
 14, 37 |  -4.6165497133801596e-05 |  -4.6165497133801596e-05 | 1
 14, 38 |  -3.3655958569328936e-05 |  -3.3655958569328936e-05 | 1
 14, 39 |  -3.8030441359711257e-05 |  -3.8030441359711257e-05 | 1
 14, 40 |  -8.8631252443025345e-09 |  -8.8631252443025345e-09 | 1
 14, 41 |   7.3755676303029883e-05 |   7.3755676303029883e-05 | 1
 14, 42 |   1.5104836734065641e-04 |   1.5104836734065641e-04 | 1
 15,  1 |   1.1871545774033326e-04 |   1.1871545774033326e-04 | 1
 15,  2 |   1.5335708237188171e-04 |   1.5335708237188171e-04 | 1
 15,  3 |   5.4025245684362373e-05 |   5.4025245684362373e-05 | 1
 15,  4 |   2.8023324833498177e-04 |   2.8023324833498177e-04 | 1
 15,  5 |  -7.6405893105587928e-04 |  -7.6405893105587928e-04 | 1
 15,  6 |  -1.3232205987962617e-04 |  -1.3232205987962617e-04 | 1
 15,  7 |   3.3287216606424017e-04 |   3.3287216606424017e-04 | 1
 15,  8 |   2.9817711543564103e-04 |   2.9817711543564103e-04 | 1
 15,  9 |   5.0205248050594582e-05 |   5.0205248050594582e-05 | 1
 15, 10 |   1.2876699947866040e-03 |   1.2876699947866040e-03 | 1
 15, 11 |   2.6797406869031766e-03 |   2.6797406869031766e-03 | 1
 15, 12 |   4.8376014259222271e-04 |   4.8376014259222271e-04 | 1
 15, 13 |   2.6570043264069080e-04 |   2.6570043264069080e-04 | 1
 15, 14 |   3.7007567507187902e-04 |   3.7007567507187902e-04 | 1
 15, 15 |   7.4072472103148157e-02 |   7.4072472103148157e-02 | 1
 15, 16 |   5.9365139298761819e-04 |   5.9365139298761819e-04 | 1
 15, 17 |   1.8062679988717855e-04 |   1.8062679988717855e-04 | 1
 15, 18 |  -6.1922633402126302e-05 |  -6.1922633402126302e-05 | 1
 15, 19 |   6.9808000481732147e-04 |   6.9808000481732147e-04 | 1
 15, 20 |   3.3868108239098153e-04 |   3.3868108239098153e-04 | 1
 15, 21 |  -2.3606276612686916e-04 |  -2.3606276612686916e-04 | 1
 15, 22 |   7.0348215423727037e-04 |   7.0348215423727037e-04 | 1
 15, 23 |  -1.3950533376625590e-04 |  -1.3950533376625590e-04 | 1
 15, 24 |   7.7982656183787523e-04 |   7.7982656183787523e-04 | 1
 15, 25 |   4.3501208612321883e-04 |   4.3501208612321883e-04 | 1
 15, 26 |   2.2512218576609798e-05 |   2.2512218576609798e-05 | 1
 15, 27 |   3.3049400111655443e-03 |   3.3049400111655443e-03 | 1
 15, 28 |   8.6215551838698598e-04 |   8.6215551838698598e-04 | 1
 15, 29 |   5.0527305820663362e-04 |   5.0527305820663362e-04 | 1
 15, 30 |   7.1578294352361198e-04 |   7.1578294352361198e-04 | 1
 15, 31 |   9.5034612411638852e-04 |   9.5034612411638852e-04 | 1
 15, 32 |  -9.7953432750643105e-04 |  -9.7953432750643105e-04 | 1
 15, 33 |  -1.3777573022589900e-03 |  -1.3777573022589900e-03 | 1
 15, 34 |   2.3787516570526286e-03 |   2.3787516570526286e-03 | 1
 15, 35 |  -1.7873691243118766e-04 |  -1.7873691243118766e-04 | 1
 15, 36 |  -1.5767742213194886e-04 |  -1.5767742213194886e-04 | 1
 15, 37 |  -1.3913667287037147e-04 |  -1.3913667287037147e-04 | 1
 15, 38 |  -6.0266366055108841e-05 |  -6.0266366055108841e-05 | 1
 15, 39 |   6.9315396738987620e-06 |   6.9315396738987620e-06 | 1
 15, 40 |  -1.0306324225372509e-08 |  -1.0306324225372509e-08 | 1
 15, 41 |   1.4233585700380654e-04 |   1.4233585700380654e-04 | 1
 15, 42 |   9.6609430205230897e-04 |   9.6609430205230897e-04 | 1
 16,  1 |   4.3017735962881063e-05 |   4.3017735962881063e-05 | 1
 16,  2 |   4.1266060581208426e-05 |   4.1266060581208426e-05 | 1
 16,  3 |   2.8229902031415243e-05 |   2.8229902031415243e-05 | 1
 16,  4 |   5.3920327573898954e-05 |   5.3920327573898954e-05 | 1
 16,  5 |   6.5920628390987161e-06 |   6.5920628390987161e-06 | 1
 16,  6 |   1.0997564634804412e-05 |   1.0997564634804412e-05 | 1
 16,  7 |   5.6591577920148071e-05 |   5.6591577920148071e-05 | 1
 16,  8 |   5.2716695468349862e-05 |   5.2716695468349862e-05 | 1
 16,  9 |   3.5874009933370792e-05 |   3.5874009933370792e-05 | 1
 16, 10 |   1.2844734188148003e-04 |   1.2844734188148003e-04 | 1
 16, 11 |   2.0997917695030814e-04 |   2.0997917695030814e-04 | 1
 16, 12 |   5.0775682090496099e-05 |   5.0775682090496099e-05 | 1
 16, 13 |   5.7952882203440891e-05 |   5.7952882203440891e-05 | 1
 16, 14 |   7.2964454832012075e-05 |   7.2964454832012075e-05 | 1
 16, 15 |   5.9365139298761819e-04 |   5.9365139298761819e-04 | 1
 16, 16 |   3.2399972306446675e-03 |   3.2399972306446675e-03 | 1
 16, 17 |   5.2536983225702116e-05 |   5.2536983225702116e-05 | 1
 16, 18 |   2.0729911130280169e-05 |   2.0729911130280169e-05 | 1
 16, 19 |   8.7828432124260474e-05 |   8.7828432124260474e-05 | 1
 16, 20 |   5.4778496381587360e-05 |   5.4778496381587360e-05 | 1
 16, 21 |   1.4978020023319026e-05 |   1.4978020023319026e-05 | 1
 16, 22 |   7.8740725467694512e-05 |   7.8740725467694512e-05 | 1
 16, 23 |   2.3261391205859746e-05 |   2.3261391205859746e-05 | 1
 16, 24 |   8.8900550593614639e-05 |   8.8900550593614639e-05 | 1
 16, 25 |   6.1619581135198334e-05 |   6.1619581135198334e-05 | 1
 16, 26 |   3.0166290987195662e-05 |   3.0166290987195662e-05 | 1
 16, 27 |   1.9682897212402255e-04 |   1.9682897212402255e-04 | 1
 16, 28 |   8.9377491039435941e-05 |   8.9377491039435941e-05 | 1
 16, 29 |   6.9384797639084067e-05 |   6.9384797639084067e-05 | 1
 16, 30 |   8.2367048462471929e-05 |   8.2367048462471929e-05 | 1
 16, 31 |   9.6804233138171993e-05 |   9.6804233138171993e-05 | 1
 16, 32 |  -7.1586495596066805e-05 |  -7.1586495596066805e-05 | 1
 16, 33 |  -4.8386186063746557e-05 |  -4.8386186063746557e-05 | 1
 16, 34 |   1.7850772673350904e-04 |   1.7850772673350904e-04 | 1
 16, 35 |  -1.4819809672962169e-05 |  -1.4819809672962169e-05 | 1
 16, 36 |  -1.5085571038803234e-05 |  -1.5085571038803234e-05 | 1
 16, 37 |  -1.2706255576256125e-05 |  -1.2706255576256125e-05 | 1
 16, 38 |  -9.4409394901888083e-06 |  -9.4409394901888083e-06 | 1
 16, 39 |  -3.3628212565437824e-05 |  -3.3628212565437824e-05 | 1
 16, 40 |  -8.4778180798807422e-09 |  -8.4778180798807422e-09 | 1
 16, 41 |   4.3961213930461543e-05 |   4.3961213930461543e-05 | 1
 16, 42 |   7.0535842669133217e-05 |   7.0535842669133217e-05 | 1
 17,  1 |   7.7769457255846543e-05 |   7.7769457255846543e-05 | 1
 17,  2 |   7.0673833545811766e-05 |   7.0673833545811766e-05 | 1
 17,  3 |   5.7993595112605373e-05 |   5.7993595112605373e-05 | 1
 17,  4 |   6.9997387068301579e-05 |   6.9997387068301579e-05 | 1
 17,  5 |   1.1285977214538409e-04 |   1.1285977214538409e-04 | 1
 17,  6 |   5.4415729057249555e-05 |   5.4415729057249555e-05 | 1
 17,  7 |   5.9540551005069875e-05 |   5.9540551005069875e-05 | 1
 17,  8 |   5.7028761949547317e-05 |   5.7028761949547317e-05 | 1
 17,  9 |   6.9299974004298617e-05 |   6.9299974004298617e-05 | 1
 17, 10 |   6.2426085203872347e-05 |   6.2426085203872347e-05 | 1
 17, 11 |   1.0445884406780971e-04 |   1.0445884406780971e-04 | 1
 17, 12 |   4.6406444503802407e-05 |   4.6406444503802407e-05 | 1
 17, 13 |   7.8165636811771997e-05 |   7.8165636811771997e-05 | 1
 17, 14 |   8.4482274671404472e-05 |   8.4482274671404472e-05 | 1
 17, 15 |   1.8062679988717855e-04 |   1.8062679988717855e-04 | 1
 17, 16 |   5.2536983225702116e-05 |   5.2536983225702116e-05 | 1
 17, 17 |   4.2868835345644439e-03 |   4.2868835345644439e-03 | 1
 17, 18 |   8.5355648410305441e-05 |   8.5355648410305441e-05 | 1
 17, 19 |   7.9176214314591521e-05 |   7.9176214314591521e-05 | 1
 17, 20 |   8.6367365114567305e-05 |   8.6367365114567305e-05 | 1
 17, 21 |   9.8873394889242372e-05 |   9.8873394889242372e-05 | 1
 17, 22 |   7.1399275728775056e-05 |   7.1399275728775056e-05 | 1
 17, 23 |   7.7355672757571989e-05 |   7.7355672757571989e-05 | 1
 17, 24 |   8.4421833001771263e-05 |   8.4421833001771263e-05 | 1
 17, 25 |   7.3395375317188513e-05 |   7.3395375317188513e-05 | 1
 17, 26 |   9.8849347158505802e-05 |   9.8849347158505802e-05 | 1
 17, 27 |   5.7513277415452490e-05 |   5.7513277415452490e-05 | 1
 17, 28 |   8.3313293882399109e-05 |   8.3313293882399109e-05 | 1
 17, 29 |   8.1535731894509839e-05 |   8.1535731894509839e-05 | 1
 17, 30 |   8.5928527326737663e-05 |   8.5928527326737663e-05 | 1
 17, 31 |   7.8816077967491755e-05 |   7.8816077967491755e-05 | 1
 17, 32 |   1.0198497533495073e-05 |   1.0198497533495073e-05 | 1
 17, 33 |  -1.3647267584095710e-05 |  -1.3647267584095710e-05 | 1
 17, 34 |   7.3151944194359828e-05 |   7.3151944194359828e-05 | 1
 17, 35 |  -5.0420222173108316e-05 |  -5.0420222173108316e-05 | 1
 17, 36 |  -5.6853288682191791e-05 |  -5.6853288682191791e-05 | 1
 17, 37 |  -5.7886084773967131e-05 |  -5.7886084773967131e-05 | 1
 17, 38 |  -5.6775620501316708e-05 |  -5.6775620501316708e-05 | 1
 17, 39 |  -2.8079899869154648e-05 |  -2.8079899869154648e-05 | 1
 17, 40 |  -1.0519986241286581e-08 |  -1.0519986241286581e-08 | 1
 17, 41 |   8.5498347516771531e-05 |   8.5498347516771531e-05 | 1
 17, 42 |  -1.0918878461745521e-05 |  -1.0918878461745521e-05 | 1
 18,  1 |   7.2613990544514079e-05 |   7.2613990544514079e-05 | 1
 18,  2 |   6.7763642429836252e-05 |   6.7763642429836252e-05 | 1
 18,  3 |   5.2894878472395730e-05 |   5.2894878472395730e-05 | 1
 18,  4 |   5.8453433854608765e-05 |   5.8453433854608765e-05 | 1
 18,  5 |   1.3795380467110889e-04 |   1.3795380467110889e-04 | 1
 18,  6 |   6.2871122628321656e-05 |   6.2871122628321656e-05 | 1
 18,  7 |   3.9928658723164165e-05 |   3.9928658723164165e-05 | 1
 18,  8 |   4.0799196928103815e-05 |   4.0799196928103815e-05 | 1
 18,  9 |   6.5321448276368506e-05 |   6.5321448276368506e-05 | 1
 18, 10 |   3.4870298628923377e-07 |   3.4870298628923377e-07 | 1
 18, 11 |   9.2779267887460547e-06 |   9.2779267887460547e-06 | 1
 18, 12 |   2.6089436502380763e-05 |   2.6089436502380763e-05 | 1
 18, 13 |   6.2795836103640462e-05 |   6.2795836103640462e-05 | 1
 18, 14 |   6.7115796235897335e-05 |   6.7115796235897335e-05 | 1
 18, 15 |  -6.1922633402126302e-05 |  -6.1922633402126302e-05 | 1
 18, 16 |   2.0729911130280169e-05 |   2.0729911130280169e-05 | 1
 18, 17 |   8.5355648410305441e-05 |   8.5355648410305441e-05 | 1
 18, 18 |   1.8597537858304956e-02 |   1.8597537858304956e-02 | 1
 18, 19 |   5.2203839334150225e-05 |   5.2203839334150225e-05 | 1
 18, 20 |   8.1570113536976472e-05 |   8.1570113536976472e-05 | 1
 18, 21 |   1.1417110222589923e-04 |   1.1417110222589923e-04 | 1
 18, 22 |   4.1716383591131059e-05 |   4.1716383591131059e-05 | 1
 18, 23 |   7.8830850594405460e-05 |   7.8830850594405460e-05 | 1
 18, 24 |   5.6010622567971216e-05 |   5.6010622567971216e-05 | 1
 18, 25 |   5.6371246358382322e-05 |   5.6371246358382322e-05 | 1
 18, 26 |   1.0990988237517630e-04 |   1.0990988237517630e-04 | 1
 18, 27 |  -3.3605697972057485e-05 |  -3.3605697972057485e-05 | 1
 18, 28 |   5.3603016210154185e-05 |   5.3603016210154185e-05 | 1
 18, 29 |   5.9358385455626567e-05 |   5.9358385455626567e-05 | 1
 18, 30 |   6.0628197204733855e-05 |   6.0628197204733855e-05 | 1
 18, 31 |   3.7537187234866083e-05 |   3.7537187234866083e-05 | 1
 18, 32 |   5.2280165744336476e-05 |   5.2280165744336476e-05 | 1
 18, 33 |   1.0094455343496212e-05 |   1.0094455343496212e-05 | 1
 18, 34 |  -1.0302987684689698e-05 |  -1.0302987684689698e-05 | 1
 18, 35 |  -6.1969300390838278e-05 |  -6.1969300390838278e-05 | 1
 18, 36 |  -6.9122360624316779e-05 |  -6.9122360624316779e-05 | 1
 18, 37 |  -6.8519881872134358e-05 |  -6.8519881872134358e-05 | 1
 18, 38 |  -5.7317320584991462e-05 |  -5.7317320584991462e-05 | 1
 18, 39 |  -6.6186162089675725e-06 |  -6.6186162089675725e-06 | 1
 18, 40 |  -9.8836336437078398e-09 |  -9.8836336437078398e-09 | 1
 18, 41 |   8.2230238382704422e-05 |   8.2230238382704422e-05 | 1
 18, 42 |  -5.4298923633177774e-05 |  -5.4298923633177774e-05 | 1
 19,  1 |   6.0462658321315733e-05 |   6.0462658321315733e-05 | 1
 19,  2 |   6.2502141292868714e-05 |   6.2502141292868714e-05 | 1
 19,  3 |   4.2688491443733359e-05 |   4.2688491443733359e-05 | 1
 19,  4 |   9.1178482984091415e-05 |   9.1178482984091415e-05 | 1
 19,  5 |   2.1708782083879906e-05 |   2.1708782083879906e-05 | 1
 19,  6 |  -1.3181425521447330e-05 |  -1.3181425521447330e-05 | 1
 19,  7 |   8.0740904132419922e-05 |   8.0740904132419922e-05 | 1
 19,  8 |   7.3794483692980707e-05 |   7.3794483692980707e-05 | 1
 19,  9 |   4.0954884300386051e-05 |   4.0954884300386051e-05 | 1
 19, 10 |   2.1496313707552723e-04 |   2.1496313707552723e-04 | 1
 19, 11 |  -2.1280338851388942e-04 |  -2.1280338851388942e-04 | 1
 19, 12 |   4.2550416048848853e-05 |   4.2550416048848853e-05 | 1
 19, 13 |   1.9930392475095267e-04 |   1.9930392475095267e-04 | 1
 19, 14 |   1.9176525270095019e-04 |   1.9176525270095019e-04 | 1
 19, 15 |   6.9808000481732147e-04 |   6.9808000481732147e-04 | 1
 19, 16 |   8.7828432124260474e-05 |   8.7828432124260474e-05 | 1
 19, 17 |   7.9176214314591521e-05 |   7.9176214314591521e-05 | 1
 19, 18 |   5.2203839334150225e-05 |   5.2203839334150225e-05 | 1
 19, 19 |   2.2131027593930201e-02 |   2.2131027593930201e-02 | 1
 19, 20 |   8.1381258771440500e-05 |   8.1381258771440500e-05 | 1
 19, 21 |  -3.6833249613113698e-05 |  -3.6833249613113698e-05 | 1
 19, 22 |  -2.4302377557403753e-06 |  -2.4302377557403753e-06 | 1
 19, 23 |   1.9709148491165480e-05 |   1.9709148491165480e-05 | 1
 19, 24 |   7.3482100018317751e-05 |   7.3482100018317751e-05 | 1
 19, 25 |   7.6354280240780446e-05 |   7.6354280240780446e-05 | 1
 19, 26 |   5.2705496428584158e-05 |   5.2705496428584158e-05 | 1
 19, 27 |  -6.2085936068271880e-04 |  -6.2085936068271880e-04 | 1
 19, 28 |   1.6425128389513504e-05 |   1.6425128389513504e-05 | 1
 19, 29 |   1.1779422308632898e-04 |   1.1779422308632898e-04 | 1
 19, 30 |   1.4988464114606352e-05 |   1.4988464114606352e-05 | 1
 19, 31 |  -3.4629805010134992e-05 |  -3.4629805010134992e-05 | 1
 19, 32 |  -2.0347477761015247e-04 |  -2.0347477761015247e-04 | 1
 19, 33 |   7.6990652782042441e-04 |   7.6990652782042441e-04 | 1
 19, 34 |  -1.0942342662533030e-04 |  -1.0942342662533030e-04 | 1
 19, 35 |  -4.3972883833674493e-05 |  -4.3972883833674493e-05 | 1
 19, 36 |  -4.2451102305131730e-05 |  -4.2451102305131730e-05 | 1
 19, 37 |  -4.3690818577155410e-05 |  -4.3690818577155410e-05 | 1
 19, 38 |  -3.3701496675610865e-05 |  -3.3701496675610865e-05 | 1
 19, 39 |  -2.0413078942164874e-05 |  -2.0413078942164874e-05 | 1
 19, 40 |  -9.3970091388137588e-09 |  -9.3970091388137588e-09 | 1
 19, 41 |   6.5505913879361309e-05 |   6.5505913879361309e-05 | 1
 19, 42 |   2.0190540461401878e-04 |   2.0190540461401878e-04 | 1
 20,  1 |   7.1653380545018376e-05 |   7.1653380545018376e-05 | 1
 20,  2 |   6.7236515808163005e-05 |   6.7236515808163005e-05 | 1
 20,  3 |   5.5781502237820898e-05 |   5.5781502237820898e-05 | 1
 20,  4 |   7.0002800596440242e-05 |   7.0002800596440242e-05 | 1
 20,  5 |   8.2071532959125502e-05 |   8.2071532959125502e-05 | 1
 20,  6 |   4.6781800988256582e-05 |   4.6781800988256582e-05 | 1
 20,  7 |   5.5908141751045988e-05 |   5.5908141751045988e-05 | 1
 20,  8 |   5.8299089339717907e-05 |   5.8299089339717907e-05 | 1
 20,  9 |   5.8896875600124361e-05 |   5.8896875600124361e-05 | 1
 20, 10 |   7.9345361652727290e-05 |   7.9345361652727290e-05 | 1
 20, 11 |   1.6163609478178574e-04 |   1.6163609478178574e-04 | 1
 20, 12 |   5.1770204137337026e-05 |   5.1770204137337026e-05 | 1
 20, 13 |   7.1636402707683433e-05 |   7.1636402707683433e-05 | 1
 20, 14 |   7.9131443371269588e-05 |   7.9131443371269588e-05 | 1
 20, 15 |   3.3868108239098153e-04 |   3.3868108239098153e-04 | 1
 20, 16 |   5.4778496381587360e-05 |   5.4778496381587360e-05 | 1
 20, 17 |   8.6367365114567305e-05 |   8.6367365114567305e-05 | 1
 20, 18 |   8.1570113536976472e-05 |   8.1570113536976472e-05 | 1
 20, 19 |   8.1381258771440500e-05 |   8.1381258771440500e-05 | 1
 20, 20 |   1.0004481812454951e-02 |   1.0004481812454951e-02 | 1
 20, 21 |   8.4485499194662144e-05 |   8.4485499194662144e-05 | 1
 20, 22 |   8.3140810529815730e-05 |   8.3140810529815730e-05 | 1
 20, 23 |   7.3041339005441497e-05 |   7.3041339005441497e-05 | 1
 20, 24 |   9.5933571508404055e-05 |   9.5933571508404055e-05 | 1
 20, 25 |   7.2205835597128685e-05 |   7.2205835597128685e-05 | 1
 20, 26 |   9.1917560560511672e-05 |   9.1917560560511672e-05 | 1
 20, 27 |   1.2798401344809909e-04 |   1.2798401344809909e-04 | 1
 20, 28 |   9.5274353879770142e-05 |   9.5274353879770142e-05 | 1
 20, 29 |   8.1455719145994272e-05 |   8.1455719145994272e-05 | 1
 20, 30 |   8.7743858900209083e-05 |   8.7743858900209083e-05 | 1
 20, 31 |   8.7061831993203917e-05 |   8.7061831993203917e-05 | 1
 20, 32 |  -6.9531308644608076e-06 |  -6.9531308644608076e-06 | 1
 20, 33 |  -5.0378510992588044e-05 |  -5.0378510992588044e-05 | 1
 20, 34 |   1.1431644136497391e-04 |   1.1431644136497391e-04 | 1
 20, 35 |  -6.5524230460902713e-05 |  -6.5524230460902713e-05 | 1
 20, 36 |  -6.3843301949232645e-05 |  -6.3843301949232645e-05 | 1
 20, 37 |  -5.6788274015238538e-05 |  -5.6788274015238538e-05 | 1
 20, 38 |  -5.7494955748317432e-05 |  -5.7494955748317432e-05 | 1
 20, 39 |  -2.9815313682609522e-05 |  -2.9815313682609522e-05 | 1
 20, 40 |  -5.0879859750323079e-09 |  -5.0879859750323079e-09 | 1
 20, 41 |   8.0813455176493882e-05 |   8.0813455176493882e-05 | 1
 20, 42 |   5.9560931551304400e-06 |   5.9560931551304400e-06 | 1
 21,  1 |   8.8997912214152660e-05 |   8.8997912214152660e-05 | 1
 21,  2 |   7.5102260693748991e-05 |   7.5102260693748991e-05 | 1
 21,  3 |   6.6417787021898171e-05 |   6.6417787021898171e-05 | 1
 21,  4 |   4.6402204400911135e-05 |   4.6402204400911135e-05 | 1
 21,  5 |   1.9875115591143323e-04 |   1.9875115591143323e-04 | 1
 21,  6 |   1.1717352568540966e-04 |   1.1717352568540966e-04 | 1
 21,  7 |   2.9494428337367853e-05 |   2.9494428337367853e-05 | 1
 21,  8 |   4.2098497408565280e-05 |   4.2098497408565280e-05 | 1
 21,  9 |   8.6144233227428710e-05 |   8.6144233227428710e-05 | 1
 21, 10 |  -7.2400358559268564e-05 |  -7.2400358559268564e-05 | 1
 21, 11 |   3.9324676176960831e-04 |   3.9324676176960831e-04 | 1
 21, 12 |   4.8888212261014128e-05 |   4.8888212261014128e-05 | 1
 21, 13 |  -3.2038479929402745e-05 |  -3.2038479929402745e-05 | 1
 21, 14 |  -1.8661043886294053e-05 |  -1.8661043886294053e-05 | 1
 21, 15 |  -2.3606276612686916e-04 |  -2.3606276612686916e-04 | 1
 21, 16 |   1.4978020023319026e-05 |   1.4978020023319026e-05 | 1
 21, 17 |   9.8873394889242372e-05 |   9.8873394889242372e-05 | 1
 21, 18 |   1.1417110222589923e-04 |   1.1417110222589923e-04 | 1
 21, 19 |  -3.6833249613113698e-05 |  -3.6833249613113698e-05 | 1
 21, 20 |   8.4485499194662144e-05 |   8.4485499194662144e-05 | 1
 21, 21 |   4.7871141274088092e-02 |   4.7871141274088092e-02 | 1
 21, 22 |   1.3852455227522997e-04 |   1.3852455227522997e-04 | 1
 21, 23 |   1.2311202867597130e-04 |   1.2311202867597130e-04 | 1
 21, 24 |   9.8125543774534827e-05 |   9.8125543774534827e-05 | 1
 21, 25 |   6.8698580875086758e-05 |   6.8698580875086758e-05 | 1
 21, 26 |   1.3800589442873406e-04 |   1.3800589442873406e-04 | 1
 21, 27 |   6.7596983944307582e-04 |   6.7596983944307582e-04 | 1
 21, 28 |   1.3472269031388233e-04 |   1.3472269031388233e-04 | 1
 21, 29 |   4.4205314440323105e-05 |   4.4205314440323105e-05 | 1
 21, 30 |   1.4966335256290568e-04 |   1.4966335256290568e-04 | 1
 21, 31 |   1.7433322861953166e-04 |   1.7433322861953166e-04 | 1
 21, 32 |   1.9772487100218084e-04 |   1.9772487100218084e-04 | 1
 21, 33 |  -7.1927837861700315e-04 |  -7.1927837861700315e-04 | 1
 21, 34 |   2.3850223630991117e-04 |   2.3850223630991117e-04 | 1
 21, 35 |  -6.5544260064562585e-05 |  -6.5544260064562585e-05 | 1
 21, 36 |  -6.1822190494473662e-05 |  -6.1822190494473662e-05 | 1
 21, 37 |  -7.8403984294823817e-05 |  -7.8403984294823817e-05 | 1
 21, 38 |  -7.8171666828200318e-05 |  -7.8171666828200318e-05 | 1
 21, 39 |  -2.3306935268961239e-05 |  -2.3306935268961239e-05 | 1
 21, 40 |  -1.1081190389712450e-08 |  -1.1081190389712450e-08 | 1
 21, 41 |   9.8712394440315303e-05 |   9.8712394440315303e-05 | 1
 21, 42 |  -1.9717101583109924e-04 |  -1.9717101583109924e-04 | 1
 22,  1 |   6.0724815850982323e-05 |   6.0724815850982323e-05 | 1
 22,  2 |   5.4271642111120889e-05 |   5.4271642111120889e-05 | 1
 22,  3 |   3.7911003940688138e-05 |   3.7911003940688138e-05 | 1
 22,  4 |   4.6690436458459172e-05 |   4.6690436458459172e-05 | 1
 22,  5 |   4.2761150297489873e-05 |   4.2761150297489873e-05 | 1
 22,  6 |   7.5250525076136962e-05 |   7.5250525076136962e-05 | 1
 22,  7 |   5.3024806738160222e-05 |   5.3024806738160222e-05 | 1
 22,  8 |   5.5134565525746909e-05 |   5.5134565525746909e-05 | 1
 22,  9 |   5.6520552437198018e-05 |   5.6520552437198018e-05 | 1
 22, 10 |   6.8670708822155571e-05 |   6.8670708822155571e-05 | 1
 22, 11 |   7.2072375404477621e-04 |   7.2072375404477621e-04 | 1
 22, 12 |   8.1105230080006822e-05 |   8.1105230080006822e-05 | 1
 22, 13 |  -5.1140585747395291e-05 |  -5.1140585747395291e-05 | 1
 22, 14 |  -1.0479104276156931e-05 |  -1.0479104276156931e-05 | 1
 22, 15 |   7.0348215423727037e-04 |   7.0348215423727037e-04 | 1
 22, 16 |   7.8740725467694512e-05 |   7.8740725467694512e-05 | 1
 22, 17 |   7.1399275728775056e-05 |   7.1399275728775056e-05 | 1
 22, 18 |   4.1716383591131059e-05 |   4.1716383591131059e-05 | 1
 22, 19 |  -2.4302377557403753e-06 |  -2.4302377557403753e-06 | 1
 22, 20 |   8.3140810529815730e-05 |   8.3140810529815730e-05 | 1
 22, 21 |   1.3852455227522997e-04 |   1.3852455227522997e-04 | 1
 22, 22 |   5.5683693592577056e-02 |   5.5683693592577056e-02 | 1
 22, 23 |   6.6386641832876056e-05 |   6.6386641832876056e-05 | 1
 22, 24 |   1.5786586738414596e-04 |   1.5786586738414596e-04 | 1
 22, 25 |   8.3029005676228890e-05 |   8.3029005676228890e-05 | 1
 22, 26 |   6.5111400694313877e-05 |   6.5111400694313877e-05 | 1
 22, 27 |   1.1323303630836183e-03 |   1.1323303630836183e-03 | 1
 22, 28 |   2.0902091030374653e-04 |   2.0902091030374653e-04 | 1
 22, 29 |   6.0834118260300323e-05 |   6.0834118260300323e-05 | 1
 22, 30 |   1.9365355754653383e-04 |   1.9365355754653383e-04 | 1
 22, 31 |   2.6929285236367581e-04 |   2.6929285236367581e-04 | 1
 22, 32 |   6.6238212806266707e-05 |   6.6238212806266707e-05 | 1
 22, 33 |  -9.3095560028129117e-04 |  -9.3095560028129117e-04 | 1
 22, 34 |   5.3058151628478632e-04 |   5.3058151628478632e-04 | 1
 22, 35 |  -4.6899505561963942e-05 |  -4.6899505561963942e-05 | 1
 22, 36 |  -3.5912873860336270e-05 |  -3.5912873860336270e-05 | 1
 22, 37 |  -3.7064598182297887e-05 |  -3.7064598182297887e-05 | 1
 22, 38 |  -3.6298025239279142e-05 |  -3.6298025239279142e-05 | 1
 22, 39 |  -3.0925419476460416e-05 |  -3.0925419476460416e-05 | 1
 22, 40 |  -8.1063852651842893e-09 |  -8.1063852651842893e-09 | 1
 22, 41 |   6.6836376573824798e-05 |   6.6836376573824798e-05 | 1
 22, 42 |  -6.7393979158369955e-05 |  -6.7393979158369955e-05 | 1
 23,  1 |   6.8039772268418529e-05 |   6.8039772268418529e-05 | 1
 23,  2 |   5.9264534501094772e-05 |   5.9264534501094772e-05 | 1
 23,  3 |   4.8744994719786635e-05 |   4.8744994719786635e-05 | 1
 23,  4 |   5.0097259475007512e-05 |   5.0097259475007512e-05 | 1
 23,  5 |   1.5854204938567059e-04 |   1.5854204938567059e-04 | 1
 23,  6 |   7.2972961763280295e-05 |   7.2972961763280295e-05 | 1
 23,  7 |   3.2958383059576164e-05 |   3.2958383059576164e-05 | 1
 23,  8 |   4.4332846590131591e-05 |   4.4332846590131591e-05 | 1
 23,  9 |   5.6101316571580172e-05 |   5.6101316571580172e-05 | 1
 23, 10 |  -1.0218145425298874e-05 |  -1.0218145425298874e-05 | 1
 23, 11 |   1.2386237819191070e-04 |   1.2386237819191070e-04 | 1
 23, 12 |   2.6528822655099065e-05 |   2.6528822655099065e-05 | 1
 23, 13 |   2.9377979698210070e-05 |   2.9377979698210070e-05 | 1
 23, 14 |   3.5287119551442533e-05 |   3.5287119551442533e-05 | 1
 23, 15 |  -1.3950533376625590e-04 |  -1.3950533376625590e-04 | 1
 23, 16 |   2.3261391205859746e-05 |   2.3261391205859746e-05 | 1
 23, 17 |   7.7355672757571989e-05 |   7.7355672757571989e-05 | 1
 23, 18 |   7.8830850594405460e-05 |   7.8830850594405460e-05 | 1
 23, 19 |   1.9709148491165480e-05 |   1.9709148491165480e-05 | 1
 23, 20 |   7.3041339005441497e-05 |   7.3041339005441497e-05 | 1
 23, 21 |   1.2311202867597130e-04 |   1.2311202867597130e-04 | 1
 23, 22 |   6.6386641832876056e-05 |   6.6386641832876056e-05 | 1
 23, 23 |   2.5300809282409954e-02 |   2.5300809282409954e-02 | 1
 23, 24 |   7.0792856282876835e-05 |   7.0792856282876835e-05 | 1
 23, 25 |   4.8773026023408867e-05 |   4.8773026023408867e-05 | 1
 23, 26 |   8.9080371382565482e-05 |   8.9080371382565482e-05 | 1
 23, 27 |   1.6940369139416310e-04 |   1.6940369139416310e-04 | 1
 23, 28 |   6.5357981048753754e-05 |   6.5357981048753754e-05 | 1
 23, 29 |   4.2394712483216916e-05 |   4.2394712483216916e-05 | 1
 23, 30 |   6.9337319135174955e-05 |   6.9337319135174955e-05 | 1
 23, 31 |   7.1854967575524036e-05 |   7.1854967575524036e-05 | 1
 23, 32 |   8.5078590771606074e-05 |   8.5078590771606074e-05 | 1
 23, 33 |  -1.9292180455718068e-04 |  -1.9292180455718068e-04 | 1
 23, 34 |   6.1755358908585205e-05 |   6.1755358908585205e-05 | 1
 23, 35 |  -5.6262270593829324e-05 |  -5.6262270593829324e-05 | 1
 23, 36 |  -4.0867796643119697e-05 |  -4.0867796643119697e-05 | 1
 23, 37 |  -4.1261512177769743e-05 |  -4.1261512177769743e-05 | 1
 23, 38 |  -5.0629868893808309e-05 |  -5.0629868893808309e-05 | 1
 23, 39 |  -2.4426610835744768e-05 |  -2.4426610835744768e-05 | 1
 23, 40 |  -9.8128540261310406e-09 |  -9.8128540261310406e-09 | 1
 23, 41 |   7.2926021358664172e-05 |   7.2926021358664172e-05 | 1
 23, 42 |  -8.5045887787405666e-05 |  -8.5045887787405666e-05 | 1
 24,  1 |   7.1593043011870558e-05 |   7.1593043011870558e-05 | 1
 24,  2 |   6.6097290725814043e-05 |   6.6097290725814043e-05 | 1
 24,  3 |   5.1259180326884554e-05 |   5.1259180326884554e-05 | 1
 24,  4 |   7.0091423556254011e-05 |   7.0091423556254011e-05 | 1
 24,  5 |   4.0586853530922990e-05 |   4.0586853530922990e-05 | 1
 24,  6 |   5.4153666501783961e-05 |   5.4153666501783961e-05 | 1
 24,  7 |   7.0655834100890902e-05 |   7.0655834100890902e-05 | 1
 24,  8 |   6.9889166092982258e-05 |   6.9889166092982258e-05 | 1
 24,  9 |   6.0435859185470952e-05 |   6.0435859185470952e-05 | 1
 24, 10 |   1.3178475982220935e-04 |   1.3178475982220935e-04 | 1
 24, 11 |   4.8742991429904809e-04 |   4.8742991429904809e-04 | 1
 24, 12 |   8.1486853052683937e-05 |   8.1486853052683937e-05 | 1
 24, 13 |   3.2220981581725027e-05 |   3.2220981581725027e-05 | 1
 24, 14 |   5.3614998635530042e-05 |   5.3614998635530042e-05 | 1
 24, 15 |   7.7982656183787523e-04 |   7.7982656183787523e-04 | 1
 24, 16 |   8.8900550593614639e-05 |   8.8900550593614639e-05 | 1
 24, 17 |   8.4421833001771263e-05 |   8.4421833001771263e-05 | 1
 24, 18 |   5.6010622567971216e-05 |   5.6010622567971216e-05 | 1
 24, 19 |   7.3482100018317751e-05 |   7.3482100018317751e-05 | 1
 24, 20 |   9.5933571508404055e-05 |   9.5933571508404055e-05 | 1
 24, 21 |   9.8125543774534827e-05 |   9.8125543774534827e-05 | 1
 24, 22 |   1.5786586738414596e-04 |   1.5786586738414596e-04 | 1
 24, 23 |   7.0792856282876835e-05 |   7.0792856282876835e-05 | 1
 24, 24 |   4.0744640322783535e-03 |   4.0744640322783535e-03 | 1
 24, 25 |   9.2426142809417557e-05 |   9.2426142809417557e-05 | 1
 24, 26 |   7.4726564197592985e-05 |   7.4726564197592985e-05 | 1
 24, 27 |   6.6161829463687132e-04 |   6.6161829463687132e-04 | 1
 24, 28 |   1.6834292943421984e-04 |   1.6834292943421984e-04 | 1
 24, 29 |   9.1050852610760846e-05 |   9.1050852610760846e-05 | 1
 24, 30 |   1.5886945703073320e-04 |   1.5886945703073320e-04 | 1
 24, 31 |   1.9909606417638055e-04 |   1.9909606417638055e-04 | 1
 24, 32 |  -1.5954047948186908e-05 |  -1.5954047948186908e-05 | 1
 24, 33 |  -4.5929967375183593e-04 |  -4.5929967375183593e-04 | 1
 24, 34 |   3.7555772697843350e-04 |   3.7555772697843350e-04 | 1
 24, 35 |  -5.9234501945841122e-05 |  -5.9234501945841122e-05 | 1
 24, 36 |  -4.6366180276927971e-05 |  -4.6366180276927971e-05 | 1
 24, 37 |  -4.7413500606533998e-05 |  -4.7413500606533998e-05 | 1
 24, 38 |  -4.8173628904925290e-05 |  -4.8173628904925290e-05 | 1
 24, 39 |  -2.9027198831489425e-05 |  -2.9027198831489425e-05 | 1
 24, 40 |  -9.2717123209826418e-09 |  -9.2717123209826418e-09 | 1
 24, 41 |   7.7487358453300095e-05 |   7.7487358453300095e-05 | 1
 24, 42 |   1.4556101173445548e-05 |   1.4556101173445548e-05 | 1
 25,  1 |   6.0781085756007330e-05 |   6.0781085756007330e-05 | 1
 25,  2 |   5.5625558079825974e-05 |   5.5625558079825974e-05 | 1
 25,  3 |   4.2616281223629588e-05 |   4.2616281223629588e-05 | 1
 25,  4 |   5.8551860974687929e-05 |   5.8551860974687929e-05 | 1
 25,  5 |   5.6394034609072040e-05 |   5.6394034609072040e-05 | 1
 25,  6 |   3.6251447070987268e-05 |   3.6251447070987268e-05 | 1
 25,  7 |   5.3975702166840091e-05 |   5.3975702166840091e-05 | 1
 25,  8 |   5.1158339807186662e-05 |   5.1158339807186662e-05 | 1
 25,  9 |   5.2403100404860112e-05 |   5.2403100404860112e-05 | 1
 25, 10 |   8.8009323119690229e-05 |   8.8009323119690229e-05 | 1
 25, 11 |   2.1192997112666760e-04 |   2.1192997112666760e-04 | 1
 25, 12 |   5.4674471212934339e-05 |   5.4674471212934339e-05 | 1
 25, 13 |   5.8763480196155903e-05 |   5.8763480196155903e-05 | 1
 25, 14 |   6.8249292640403517e-05 |   6.8249292640403517e-05 | 1
 25, 15 |   4.3501208612321883e-04 |   4.3501208612321883e-04 | 1
 25, 16 |   6.1619581135198334e-05 |   6.1619581135198334e-05 | 1
 25, 17 |   7.3395375317188513e-05 |   7.3395375317188513e-05 | 1
 25, 18 |   5.6371246358382322e-05 |   5.6371246358382322e-05 | 1
 25, 19 |   7.6354280240780446e-05 |   7.6354280240780446e-05 | 1
 25, 20 |   7.2205835597128685e-05 |   7.2205835597128685e-05 | 1
 25, 21 |   6.8698580875086758e-05 |   6.8698580875086758e-05 | 1
 25, 22 |   8.3029005676228890e-05 |   8.3029005676228890e-05 | 1
 25, 23 |   4.8773026023408867e-05 |   4.8773026023408867e-05 | 1
 25, 24 |   9.2426142809417557e-05 |   9.2426142809417557e-05 | 1
 25, 25 |   1.3218268191402077e-02 |   1.3218268191402077e-02 | 1
 25, 26 |   7.1853780169029495e-05 |   7.1853780169029495e-05 | 1
 25, 27 |   2.3911945478600712e-04 |   2.3911945478600712e-04 | 1
 25, 28 |   1.0064437264064043e-04 |   1.0064437264064043e-04 | 1
 25, 29 |   7.7278708300488737e-05 |   7.7278708300488737e-05 | 1
 25, 30 |   9.6707528031572684e-05 |   9.6707528031572684e-05 | 1
 25, 31 |   1.0811008026931635e-04 |   1.0811008026931635e-04 | 1
 25, 32 |  -2.0054759210820921e-05 |  -2.0054759210820921e-05 | 1
 25, 33 |  -1.3119165389134467e-04 |  -1.3119165389134467e-04 | 1
 25, 34 |   1.7089293797336366e-04 |   1.7089293797336366e-04 | 1
 25, 35 |  -3.6150181878278183e-05 |  -3.6150181878278183e-05 | 1
 25, 36 |  -4.2684881086465059e-05 |  -4.2684881086465059e-05 | 1
 25, 37 |  -4.4766613046188166e-05 |  -4.4766613046188166e-05 | 1
 25, 38 |  -4.4478106997435289e-05 |  -4.4478106997435289e-05 | 1
 25, 39 |  -1.9617451837520278e-05 |  -1.9617451837520278e-05 | 1
 25, 40 |  -9.3477866905385512e-09 |  -9.3477866905385512e-09 | 1
 25, 41 |   6.6546115942015221e-05 |   6.6546115942015221e-05 | 1
 25, 42 |   1.9503124509950953e-05 |   1.9503124509950953e-05 | 1
 26,  1 |   8.1663609205526080e-05 |   8.1663609205526080e-05 | 1
 26,  2 |   7.6165875922591105e-05 |   7.6165875922591105e-05 | 1
 26,  3 |   5.9358390620084567e-05 |   5.9358390620084567e-05 | 1
 26,  4 |   6.4900859153902270e-05 |   6.4900859153902270e-05 | 1
 26,  5 |   1.3955000982955132e-04 |   1.3955000982955132e-04 | 1
 26,  6 |   7.3546669048854936e-05 |   7.3546669048854936e-05 | 1
 26,  7 |   5.3237949820793555e-05 |   5.3237949820793555e-05 | 1
 26,  8 |   4.8322477868859910e-05 |   4.8322477868859910e-05 | 1
 26,  9 |   7.5564657482814825e-05 |   7.5564657482814825e-05 | 1
 26, 10 |   1.5913966446262050e-05 |   1.5913966446262050e-05 | 1
 26, 11 |   9.0150597221869556e-05 |   9.0150597221869556e-05 | 1
 26, 12 |   3.8113510368120655e-05 |   3.8113510368120655e-05 | 1
 26, 13 |   5.9888498191407649e-05 |   5.9888498191407649e-05 | 1
 26, 14 |   6.9651451542928510e-05 |   6.9651451542928510e-05 | 1
 26, 15 |   2.2512218576609798e-05 |   2.2512218576609798e-05 | 1
 26, 16 |   3.0166290987195662e-05 |   3.0166290987195662e-05 | 1
 26, 17 |   9.8849347158505802e-05 |   9.8849347158505802e-05 | 1
 26, 18 |   1.0990988237517630e-04 |   1.0990988237517630e-04 | 1
 26, 19 |   5.2705496428584158e-05 |   5.2705496428584158e-05 | 1
 26, 20 |   9.1917560560511672e-05 |   9.1917560560511672e-05 | 1
 26, 21 |   1.3800589442873406e-04 |   1.3800589442873406e-04 | 1
 26, 22 |   6.5111400694313877e-05 |   6.5111400694313877e-05 | 1
 26, 23 |   8.9080371382565482e-05 |   8.9080371382565482e-05 | 1
 26, 24 |   7.4726564197592985e-05 |   7.4726564197592985e-05 | 1
 26, 25 |   7.1853780169029495e-05 |   7.1853780169029495e-05 | 1
 26, 26 |   3.4329640474757492e-02 |   3.4329640474757492e-02 | 1
 26, 27 |   7.8658482236488688e-05 |   7.8658482236488688e-05 | 1
 26, 28 |   8.0583168905154278e-05 |   8.0583168905154278e-05 | 1
 26, 29 |   7.3082540531103603e-05 |   7.3082540531103603e-05 | 1
 26, 30 |   8.6938926428068727e-05 |   8.6938926428068727e-05 | 1
 26, 31 |   7.4752767239233685e-05 |   7.4752767239233685e-05 | 1
 26, 32 |   5.7402435228204568e-05 |   5.7402435228204568e-05 | 1
 26, 33 |  -8.0681226748532164e-05 |  -8.0681226748532164e-05 | 1
 26, 34 |   4.7117647046110935e-05 |   4.7117647046110935e-05 | 1
 26, 35 |  -7.2227750636302883e-05 |  -7.2227750636302883e-05 | 1
 26, 36 |  -7.9150360102870374e-05 |  -7.9150360102870374e-05 | 1
 26, 37 |  -8.4498778825917362e-05 |  -8.4498778825917362e-05 | 1
 26, 38 |  -7.1995485982196750e-05 |  -7.1995485982196750e-05 | 1
 26, 39 |  -1.0756101411748653e-05 |  -1.0756101411748653e-05 | 1
 26, 40 |  -8.4402888677736928e-09 |  -8.4402888677736928e-09 | 1
 26, 41 |   9.4352398336017946e-05 |   9.4352398336017946e-05 | 1
 26, 42 |  -5.8957865114908785e-05 |  -5.8957865114908785e-05 | 1
 27,  1 |   6.6421881251166217e-05 |   6.6421881251166217e-05 | 1
 27,  2 |   4.1673901881834397e-05 |   4.1673901881834397e-05 | 1
 27,  3 |   2.3817350482112190e-05 |   2.3817350482112190e-05 | 1
 27,  4 |  -6.7736381768826530e-05 |  -6.7736381768826530e-05 | 1
 27,  5 |  -2.5222245874034321e-04 |  -2.5222245874034321e-04 | 1
 27,  6 |   3.2639707413382611e-04 |   3.2639707413382611e-04 | 1
 27,  7 |   3.4687173336902871e-05 |   3.4687173336902871e-05 | 1
 27,  8 |   4.7335160920694555e-05 |   4.7335160920694555e-05 | 1
 27,  9 |   1.0723969563387927e-04 |   1.0723969563387927e-04 | 1
 27, 10 |  -5.9835271936642481e-05 |  -5.9835271936642481e-05 | 1
 27, 11 |   4.9657757056897119e-03 |   4.9657757056897119e-03 | 1
 27, 12 |   4.0184912636918413e-04 |   4.0184912636918413e-04 | 1
 27, 13 |  -9.3194649057707908e-04 |  -9.3194649057707908e-04 | 1
 27, 14 |  -7.2194455919772824e-04 |  -7.2194455919772824e-04 | 1
 27, 15 |   3.3049400111655443e-03 |   3.3049400111655443e-03 | 1
 27, 16 |   1.9682897212402255e-04 |   1.9682897212402255e-04 | 1
 27, 17 |   5.7513277415452490e-05 |   5.7513277415452490e-05 | 1
 27, 18 |  -3.3605697972057485e-05 |  -3.3605697972057485e-05 | 1
 27, 19 |  -6.2085936068271880e-04 |  -6.2085936068271880e-04 | 1
 27, 20 |   1.2798401344809909e-04 |   1.2798401344809909e-04 | 1
 27, 21 |   6.7596983944307582e-04 |   6.7596983944307582e-04 | 1
 27, 22 |   1.1323303630836183e-03 |   1.1323303630836183e-03 | 1
 27, 23 |   1.6940369139416310e-04 |   1.6940369139416310e-04 | 1
 27, 24 |   6.6161829463687132e-04 |   6.6161829463687132e-04 | 1
 27, 25 |   2.3911945478600712e-04 |   2.3911945478600712e-04 | 1
 27, 26 |   7.8658482236488688e-05 |   7.8658482236488688e-05 | 1
 27, 27 |   1.2818230584744012e-02 |   1.2818230584744012e-02 | 1
 27, 28 |   1.1711931016654931e-03 |   1.1711931016654931e-03 | 1
 27, 29 |  -1.6672353306511419e-05 |  -1.6672353306511419e-05 | 1
 27, 30 |   1.0733226343802825e-03 |   1.0733226343802825e-03 | 1
 27, 31 |   1.7006916778672311e-03 |   1.7006916778672311e-03 | 1
 27, 32 |   7.4205990748363326e-04 |   7.4205990748363326e-04 | 1
 27, 33 |  -7.7075313486229067e-03 |  -7.7075313486229067e-03 | 1
 27, 34 |   3.6604012461866416e-03 |   3.6604012461866416e-03 | 1
 27, 35 |  -6.2795947634094565e-05 |  -6.2795947634094565e-05 | 1
 27, 36 |  -5.4855519717996391e-05 |  -5.4855519717996391e-05 | 1
 27, 37 |  -5.4381502684804433e-05 |  -5.4381502684804433e-05 | 1
 27, 38 |  -5.9507068341496373e-05 |  -5.9507068341496373e-05 | 1
 27, 39 |  -7.3471451535774886e-06 |  -7.3471451535774886e-06 | 1
 27, 40 |  -8.7295418304927169e-09 |  -8.7295418304927169e-09 | 1
 27, 41 |   7.3102829416099243e-05 |   7.3102829416099243e-05 | 1
 27, 42 |  -7.4295646439604692e-04 |  -7.4295646439604692e-04 | 1
 28,  1 |   6.9812433876964848e-05 |   6.9812433876964848e-05 | 1
 28,  2 |   6.3195178431811312e-05 |   6.3195178431811312e-05 | 1
 28,  3 |   4.7051757310439545e-05 |   4.7051757310439545e-05 | 1
 28,  4 |   5.6771973039169152e-05 |   5.6771973039169152e-05 | 1
 28,  5 |   1.4125284010765712e-05 |   1.4125284010765712e-05 | 1
 28,  6 |   6.7209544389199735e-05 |   6.7209544389199735e-05 | 1
 28,  7 |   6.7616324938183861e-05 |   6.7616324938183861e-05 | 1
 28,  8 |   5.8690867212470314e-05 |   5.8690867212470314e-05 | 1
 28,  9 |   6.7071768404750279e-05 |   6.7071768404750279e-05 | 1
 28, 10 |   9.4803363338834436e-05 |   9.4803363338834436e-05 | 1
 28, 11 |   7.6043037652952878e-04 |   7.6043037652952878e-04 | 1
 28, 12 |   1.0065827515745505e-04 |   1.0065827515745505e-04 | 1
 28, 13 |  -3.8150282087385357e-05 |  -3.8150282087385357e-05 | 1
 28, 14 |  -6.7345666524089058e-07 |  -6.7345666524089058e-07 | 1
 28, 15 |   8.6215551838698598e-04 |   8.6215551838698598e-04 | 1
 28, 16 |   8.9377491039435941e-05 |   8.9377491039435941e-05 | 1
 28, 17 |   8.3313293882399109e-05 |   8.3313293882399109e-05 | 1
 28, 18 |   5.3603016210154185e-05 |   5.3603016210154185e-05 | 1
 28, 19 |   1.6425128389513504e-05 |   1.6425128389513504e-05 | 1
 28, 20 |   9.5274353879770142e-05 |   9.5274353879770142e-05 | 1
 28, 21 |   1.3472269031388233e-04 |   1.3472269031388233e-04 | 1
 28, 22 |   2.0902091030374653e-04 |   2.0902091030374653e-04 | 1
 28, 23 |   6.5357981048753754e-05 |   6.5357981048753754e-05 | 1
 28, 24 |   1.6834292943421984e-04 |   1.6834292943421984e-04 | 1
 28, 25 |   1.0064437264064043e-04 |   1.0064437264064043e-04 | 1
 28, 26 |   8.0583168905154278e-05 |   8.0583168905154278e-05 | 1
 28, 27 |   1.1711931016654931e-03 |   1.1711931016654931e-03 | 1
 28, 28 |   7.5803004761982647e-03 |   7.5803004761982647e-03 | 1
 28, 29 |   8.1528596969106617e-05 |   8.1528596969106617e-05 | 1
 28, 30 |   2.1429234005689349e-04 |   2.1429234005689349e-04 | 1
 28, 31 |   2.9655684791667916e-04 |   2.9655684791667916e-04 | 1
 28, 32 |   4.8425042022742380e-05 |   4.8425042022742380e-05 | 1
 28, 33 |  -9.4531605313964272e-04 |  -9.4531605313964272e-04 | 1
 28, 34 |   5.7489345813754975e-04 |   5.7489345813754975e-04 | 1
 28, 35 |  -4.8157501930064413e-05 |  -4.8157501930064413e-05 | 1
 28, 36 |  -6.1990048761834463e-05 |  -6.1990048761834463e-05 | 1
 28, 37 |  -5.3104180742864914e-05 |  -5.3104180742864914e-05 | 1
 28, 38 |  -5.3129608584527702e-05 |  -5.3129608584527702e-05 | 1
 28, 39 |  -2.7755363085858940e-05 |  -2.7755363085858940e-05 | 1
 28, 40 |  -7.3785488961398148e-09 |  -7.3785488961398148e-09 | 1
 28, 41 |   7.8610865346537842e-05 |   7.8610865346537842e-05 | 1
 28, 42 |  -4.9507800709970223e-05 |  -4.9507800709970223e-05 | 1
 29,  1 |   6.4529487614726989e-05 |   6.4529487614726989e-05 | 1
 29,  2 |   6.0899214445032391e-05 |   6.0899214445032391e-05 | 1
 29,  3 |   4.4288301815136069e-05 |   4.4288301815136069e-05 | 1
 29,  4 |   7.0513441533149717e-05 |   7.0513441533149717e-05 | 1
 29,  5 |   5.4743733058926171e-05 |   5.4743733058926171e-05 | 1
 29,  6 |   2.5458513550629938e-05 |   2.5458513550629938e-05 | 1
 29,  7 |   6.4584594591652177e-05 |   6.4584594591652177e-05 | 1
 29,  8 |   5.9284772979069787e-05 |   5.9284772979069787e-05 | 1
 29,  9 |   5.3885306652622833e-05 |   5.3885306652622833e-05 | 1
 29, 10 |   1.2700931916992327e-04 |   1.2700931916992327e-04 | 1
 29, 11 |   9.2737556880425687e-05 |   9.2737556880425687e-05 | 1
 29, 12 |   5.1471264931644584e-05 |   5.1471264931644584e-05 | 1
 29, 13 |   1.0221307525928403e-04 |   1.0221307525928403e-04 | 1
 29, 14 |   1.0853156570173002e-04 |   1.0853156570173002e-04 | 1
 29, 15 |   5.0527305820663362e-04 |   5.0527305820663362e-04 | 1
 29, 16 |   6.9384797639084067e-05 |   6.9384797639084067e-05 | 1
 29, 17 |   8.1535731894509839e-05 |   8.1535731894509839e-05 | 1
 29, 18 |   5.9358385455626567e-05 |   5.9358385455626567e-05 | 1
 29, 19 |   1.1779422308632898e-04 |   1.1779422308632898e-04 | 1
 29, 20 |   8.1455719145994272e-05 |   8.1455719145994272e-05 | 1
 29, 21 |   4.4205314440323105e-05 |   4.4205314440323105e-05 | 1
 29, 22 |   6.0834118260300323e-05 |   6.0834118260300323e-05 | 1
 29, 23 |   4.2394712483216916e-05 |   4.2394712483216916e-05 | 1
 29, 24 |   9.1050852610760846e-05 |   9.1050852610760846e-05 | 1
 29, 25 |   7.7278708300488737e-05 |   7.7278708300488737e-05 | 1
 29, 26 |   7.3082540531103603e-05 |   7.3082540531103603e-05 | 1
 29, 27 |  -1.6672353306511419e-05 |  -1.6672353306511419e-05 | 1
 29, 28 |   8.1528596969106617e-05 |   8.1528596969106617e-05 | 1
 29, 29 |   1.1428973706489496e-02 |   1.1428973706489496e-02 | 1
 29, 30 |   7.6042770151603300e-05 |   7.6042770151603300e-05 | 1
 29, 31 |   7.0719074963347607e-05 |   7.0719074963347607e-05 | 1
 29, 32 |  -7.0134957915585927e-05 |  -7.0134957915585927e-05 | 1
 29, 33 |   1.3338245832714076e-04 |   1.3338245832714076e-04 | 1
 29, 34 |   8.7553775936255143e-05 |   8.7553775936255143e-05 | 1
 29, 35 |  -4.5616942030179847e-05 |  -4.5616942030179847e-05 | 1
 29, 36 |  -5.3314058145375923e-05 |  -5.3314058145375923e-05 | 1
 29, 37 |  -5.5940523851191127e-05 |  -5.5940523851191127e-05 | 1
 29, 38 |  -5.5192476678477495e-05 |  -5.5192476678477495e-05 | 1
 29, 39 |  -2.3000970184367563e-05 |  -2.3000970184367563e-05 | 1
 29, 40 |  -6.4013089490219728e-09 |  -6.4013089490219728e-09 | 1
 29, 41 |   7.2966976464266777e-05 |   7.2966976464266777e-05 | 1
 29, 42 |   7.0274002742518884e-05 |   7.0274002742518884e-05 | 1
 30,  1 |   7.1822039757725383e-05 |   7.1822039757725383e-05 | 1
 30,  2 |   6.5224120766196167e-05 |   6.5224120766196167e-05 | 1
 30,  3 |   4.5177843355029846e-05 |   4.5177843355029846e-05 | 1
 30,  4 |   5.5224819911350150e-05 |   5.5224819911350150e-05 | 1
 30,  5 |   5.4218843067796647e-05 |   5.4218843067796647e-05 | 1
 30,  6 |   7.8860316405421653e-05 |   7.8860316405421653e-05 | 1
 30,  7 |   5.7626652934886368e-05 |   5.7626652934886368e-05 | 1
 30,  8 |   5.9359708137095049e-05 |   5.9359708137095049e-05 | 1
 30,  9 |   6.9178375633380175e-05 |   6.9178375633380175e-05 | 1
 30, 10 |   7.3650908544170698e-05 |   7.3650908544170698e-05 | 1
 30, 11 |   6.9248323145343956e-04 |   6.9248323145343956e-04 | 1
 30, 12 |   8.9270121726121415e-05 |   8.9270121726121415e-05 | 1
 30, 13 |  -3.1953438010495933e-05 |  -3.1953438010495933e-05 | 1
 30, 14 |   6.4392176728065624e-06 |   6.4392176728065624e-06 | 1
 30, 15 |   7.1578294352361198e-04 |   7.1578294352361198e-04 | 1
 30, 16 |   8.2367048462471929e-05 |   8.2367048462471929e-05 | 1
 30, 17 |   8.5928527326737663e-05 |   8.5928527326737663e-05 | 1
 30, 18 |   6.0628197204733855e-05 |   6.0628197204733855e-05 | 1
 30, 19 |   1.4988464114606352e-05 |   1.4988464114606352e-05 | 1
 30, 20 |   8.7743858900209083e-05 |   8.7743858900209083e-05 | 1
 30, 21 |   1.4966335256290568e-04 |   1.4966335256290568e-04 | 1
 30, 22 |   1.9365355754653383e-04 |   1.9365355754653383e-04 | 1
 30, 23 |   6.9337319135174955e-05 |   6.9337319135174955e-05 | 1
 30, 24 |   1.5886945703073320e-04 |   1.5886945703073320e-04 | 1
 30, 25 |   9.6707528031572684e-05 |   9.6707528031572684e-05 | 1
 30, 26 |   8.6938926428068727e-05 |   8.6938926428068727e-05 | 1
 30, 27 |   1.0733226343802825e-03 |   1.0733226343802825e-03 | 1
 30, 28 |   2.1429234005689349e-04 |   2.1429234005689349e-04 | 1
 30, 29 |   7.6042770151603300e-05 |   7.6042770151603300e-05 | 1
 30, 30 |   1.0147886821903434e-02 |   1.0147886821903434e-02 | 1
 30, 31 |   2.7061560652949751e-04 |   2.7061560652949751e-04 | 1
 30, 32 |   6.2656466859352194e-05 |   6.2656466859352194e-05 | 1
 30, 33 |  -8.7734141078990645e-04 |  -8.7734141078990645e-04 | 1
 30, 34 |   5.1369793299562718e-04 |   5.1369793299562718e-04 | 1
 30, 35 |  -4.5327432380709939e-05 |  -4.5327432380709939e-05 | 1
 30, 36 |  -4.8055757950102150e-05 |  -4.8055757950102150e-05 | 1
 30, 37 |  -5.7117031140619897e-05 |  -5.7117031140619897e-05 | 1
 30, 38 |  -4.6270707022655038e-05 |  -4.6270707022655038e-05 | 1
 30, 39 |  -2.7452935953143745e-05 |  -2.7452935953143745e-05 | 1
 30, 40 |  -1.0422188211438389e-08 |  -1.0422188211438389e-08 | 1
 30, 41 |   7.9891637002341918e-05 |   7.9891637002341918e-05 | 1
 30, 42 |  -6.3662453867854380e-05 |  -6.3662453867854380e-05 | 1
 31,  1 |   6.8175476367498633e-05 |   6.8175476367498633e-05 | 1
 31,  2 |   5.6958671889658764e-05 |   5.6958671889658764e-05 | 1
 31,  3 |   4.3508657881222302e-05 |   4.3508657881222302e-05 | 1
 31,  4 |   4.3611891523106993e-05 |   4.3611891523106993e-05 | 1
 31,  5 |   9.9473506752713239e-06 |   9.9473506752713239e-06 | 1
 31,  6 |   8.6725356742692062e-05 |   8.6725356742692062e-05 | 1
 31,  7 |   5.9250658221784983e-05 |   5.9250658221784983e-05 | 1
 31,  8 |   5.7377487970243114e-05 |   5.7377487970243114e-05 | 1
 31,  9 |   6.7737254623583589e-05 |   6.7737254623583589e-05 | 1
 31, 10 |   7.9947559754134373e-05 |   7.9947559754134373e-05 | 1
 31, 11 |   1.0462684585182123e-03 |   1.0462684585182123e-03 | 1
 31, 12 |   1.2155709485029425e-04 |   1.2155709485029425e-04 | 1
 31, 13 |  -1.0126611651745995e-04 |  -1.0126611651745995e-04 | 1
 31, 14 |  -5.6236653302347490e-05 |  -5.6236653302347490e-05 | 1
 31, 15 |   9.5034612411638852e-04 |   9.5034612411638852e-04 | 1
 31, 16 |   9.6804233138171993e-05 |   9.6804233138171993e-05 | 1
 31, 17 |   7.8816077967491755e-05 |   7.8816077967491755e-05 | 1
 31, 18 |   3.7537187234866083e-05 |   3.7537187234866083e-05 | 1
 31, 19 |  -3.4629805010134992e-05 |  -3.4629805010134992e-05 | 1
 31, 20 |   8.7061831993203917e-05 |   8.7061831993203917e-05 | 1
 31, 21 |   1.7433322861953166e-04 |   1.7433322861953166e-04 | 1
 31, 22 |   2.6929285236367581e-04 |   2.6929285236367581e-04 | 1
 31, 23 |   7.1854967575524036e-05 |   7.1854967575524036e-05 | 1
 31, 24 |   1.9909606417638055e-04 |   1.9909606417638055e-04 | 1
 31, 25 |   1.0811008026931635e-04 |   1.0811008026931635e-04 | 1
 31, 26 |   7.4752767239233685e-05 |   7.4752767239233685e-05 | 1
 31, 27 |   1.7006916778672311e-03 |   1.7006916778672311e-03 | 1
 31, 28 |   2.9655684791667916e-04 |   2.9655684791667916e-04 | 1
 31, 29 |   7.0719074963347607e-05 |   7.0719074963347607e-05 | 1
 31, 30 |   2.7061560652949751e-04 |   2.7061560652949751e-04 | 1
 31, 31 |   2.2262639597673071e-02 |   2.2262639597673071e-02 | 1
 31, 32 |   1.0345792555013981e-04 |   1.0345792555013981e-04 | 1
 31, 33 |  -1.4292441890086933e-03 |  -1.4292441890086933e-03 | 1
 31, 34 |   7.8692835033942598e-04 |   7.8692835033942598e-04 | 1
 31, 35 |  -3.3268767138559037e-05 |  -3.3268767138559037e-05 | 1
 31, 36 |  -4.5151199944066216e-05 |  -4.5151199944066216e-05 | 1
 31, 37 |  -4.2607697411270770e-05 |  -4.2607697411270770e-05 | 1
 31, 38 |  -5.4870359627687325e-05 |  -5.4870359627687325e-05 | 1
 31, 39 |  -3.0210443805702492e-05 |  -3.0210443805702492e-05 | 1
 31, 40 |  -9.6488629730070785e-09 |  -9.6488629730070785e-09 | 1
 31, 41 |   7.3751960478358325e-05 |   7.3751960478358325e-05 | 1
 31, 42 |  -1.0261379698673379e-04 |  -1.0261379698673379e-04 | 1
 32,  1 |   1.7298867289535917e-05 |   1.7298867289535917e-05 | 1
 32,  2 |  -3.7299474703679611e-04 |  -3.7299474703679611e-04 | 1
 32,  3 |   1.5353209942795052e-05 |   1.5353209942795052e-05 | 1
 32,  4 |  -3.7787345974506764e-05 |  -3.7787345974506764e-05 | 1
 32,  5 |   1.4891929742619578e-04 |   1.4891929742619578e-04 | 1
 32,  6 |   1.0216734663194431e-04 |   1.0216734663194431e-04 | 1
 32,  7 |  -4.1836634258131608e-05 |  -4.1836634258131608e-05 | 1
 32,  8 |  -3.1837321146749331e-05 |  -3.1837321146749331e-05 | 1
 32,  9 |   3.2882389069088661e-05 |   3.2882389069088661e-05 | 1
 32, 10 |  -2.4738794524967276e-04 |  -2.4738794524967276e-04 | 1
 32, 11 |   2.9411599764247814e-04 |   2.9411599764247814e-04 | 1
 32, 12 |  -1.4963002291180838e-05 |  -1.4963002291180838e-05 | 1
 32, 13 |  -1.6941182664132398e-04 |  -1.6941182664132398e-04 | 1
 32, 14 |  -1.5228679258751739e-04 |  -1.5228679258751739e-04 | 1
 32, 15 |  -9.7953432750643105e-04 |  -9.7953432750643105e-04 | 1
 32, 16 |  -7.1586495596066805e-05 |  -7.1586495596066805e-05 | 1
 32, 17 |   1.0198497533495073e-05 |   1.0198497533495073e-05 | 1
 32, 18 |   5.2280165744336476e-05 |   5.2280165744336476e-05 | 1
 32, 19 |  -2.0347477761015247e-04 |  -2.0347477761015247e-04 | 1
 32, 20 |  -6.9531308644608076e-06 |  -6.9531308644608076e-06 | 1
 32, 21 |   1.9772487100218084e-04 |   1.9772487100218084e-04 | 1
 32, 22 |   6.6238212806266707e-05 |   6.6238212806266707e-05 | 1
 32, 23 |   8.5078590771606074e-05 |   8.5078590771606074e-05 | 1
 32, 24 |  -1.5954047948186908e-05 |  -1.5954047948186908e-05 | 1
 32, 25 |  -2.0054759210820921e-05 |  -2.0054759210820921e-05 | 1
 32, 26 |   5.7402435228204568e-05 |   5.7402435228204568e-05 | 1
 32, 27 |   7.4205990748363326e-04 |   7.4205990748363326e-04 | 1
 32, 28 |   4.8425042022742380e-05 |   4.8425042022742380e-05 | 1
 32, 29 |  -7.0134957915585927e-05 |  -7.0134957915585927e-05 | 1
 32, 30 |   6.2656466859352194e-05 |   6.2656466859352194e-05 | 1
 32, 31 |   1.0345792555013981e-04 |   1.0345792555013981e-04 | 1
 32, 32 |   4.3600858502596229e-04 |   4.3600858502596229e-04 | 1
 32, 33 |  -9.4821950836718346e-04 |  -9.4821950836718346e-04 | 1
 32, 34 |   1.3420681584184579e-04 |   1.3420681584184579e-04 | 1
 32, 35 |  -9.1160884688541539e-06 |  -9.1160884688541539e-06 | 1
 32, 36 |  -1.3966838785549420e-05 |  -1.3966838785549420e-05 | 1
 32, 37 |  -1.6670048638949274e-05 |  -1.6670048638949274e-05 | 1
 32, 38 |  -2.0238734475726751e-05 |  -2.0238734475726751e-05 | 1
 32, 39 |  -1.8991765904828094e-06 |  -1.8991765904828094e-06 | 1
 32, 40 |  -2.2372512866181482e-09 |  -2.2372512866181482e-09 | 1
 32, 41 |   1.9311291595912006e-05 |   1.9311291595912006e-05 | 1
 32, 42 |  -4.3531579310523603e-04 |  -4.3531579310523603e-04 | 1
 33,  1 |  -3.5661346653970607e-05 |  -3.5661346653970607e-05 | 1
 33,  2 |  -6.8640158849161621e-06 |  -6.8640158849161621e-06 | 1
 33,  3 |  -9.1242813020841512e-06 |  -9.1242813020841512e-06 | 1
 33,  4 |   1.3090792337557420e-04 |   1.3090792337557420e-04 | 1
 33,  5 |   8.5153097620121909e-05 |   8.5153097620121909e-05 | 1
 33,  6 |  -3.5119813749261131e-04 |  -3.5119813749261131e-04 | 1
 33,  7 |   4.7332846905173412e-05 |   4.7332846905173412e-05 | 1
 33,  8 |   2.8191743613614100e-05 |   2.8191743613614100e-05 | 1
 33,  9 |  -9.0872265128670395e-05 |  -9.0872265128670395e-05 | 1
 33, 10 |   3.6682013384409815e-04 |   3.6682013384409815e-04 | 1
 33, 11 |  -4.2133848437486297e-03 |  -4.2133848437486297e-03 | 1
 33, 12 |  -2.8009674648364733e-04 |  -2.8009674648364733e-04 | 1
 33, 13 |   9.7123562879210474e-04 |   9.7123562879210474e-04 | 1
 33, 14 |   7.8640434354192482e-04 |   7.8640434354192482e-04 | 1
 33, 15 |  -1.3777573022589900e-03 |  -1.3777573022589900e-03 | 1
 33, 16 |  -4.8386186063746557e-05 |  -4.8386186063746557e-05 | 1
 33, 17 |  -1.3647267584095710e-05 |  -1.3647267584095710e-05 | 1
 33, 18 |   1.0094455343496212e-05 |   1.0094455343496212e-05 | 1
 33, 19 |   7.6990652782042441e-04 |   7.6990652782042441e-04 | 1
 33, 20 |  -5.0378510992588044e-05 |  -5.0378510992588044e-05 | 1
 33, 21 |  -7.1927837861700315e-04 |  -7.1927837861700315e-04 | 1
 33, 22 |  -9.3095560028129117e-04 |  -9.3095560028129117e-04 | 1
 33, 23 |  -1.9292180455718068e-04 |  -1.9292180455718068e-04 | 1
 33, 24 |  -4.5929967375183593e-04 |  -4.5929967375183593e-04 | 1
 33, 25 |  -1.3119165389134467e-04 |  -1.3119165389134467e-04 | 1
 33, 26 |  -8.0681226748532164e-05 |  -8.0681226748532164e-05 | 1
 33, 27 |  -7.7075313486229067e-03 |  -7.7075313486229067e-03 | 1
 33, 28 |  -9.4531605313964272e-04 |  -9.4531605313964272e-04 | 1
 33, 29 |   1.3338245832714076e-04 |   1.3338245832714076e-04 | 1
 33, 30 |  -8.7734141078990645e-04 |  -8.7734141078990645e-04 | 1
 33, 31 |  -1.4292441890086933e-03 |  -1.4292441890086933e-03 | 1
 33, 32 |  -9.4821950836718346e-04 |  -9.4821950836718346e-04 | 1
 33, 33 |   7.1913016031607538e-03 |   7.1913016031607538e-03 | 1
 33, 34 |  -3.0151055790351529e-03 |  -3.0151055790351529e-03 | 1
 33, 35 |   2.8050170494951474e-05 |   2.8050170494951474e-05 | 1
 33, 36 |   3.4388552568491150e-05 |   3.4388552568491150e-05 | 1
 33, 37 |   3.0328464997464848e-05 |   3.0328464997464848e-05 | 1
 33, 38 |   4.2062077706232336e-05 |   4.2062077706232336e-05 | 1
 33, 39 |  -3.4901486507728463e-06 |  -3.4901486507728463e-06 | 1
 33, 40 |   5.2333060772246667e-09 |   5.2333060772246667e-09 | 1
 33, 41 |  -3.9044483134395637e-05 |  -3.9044483134395637e-05 | 1
 33, 42 |   9.4758675831931461e-04 |   9.4758675831931461e-04 | 1
 34,  1 |   6.3219809027242977e-05 |   6.3219809027242977e-05 | 1
 34,  2 |   5.4604189570619301e-05 |   5.4604189570619301e-05 | 1
 34,  3 |   3.1307466513411503e-05 |   3.1307466513411503e-05 | 1
 34,  4 |   3.5099754623289662e-05 |   3.5099754623289662e-05 | 1
 34,  5 |  -1.6156000990582517e-04 |  -1.6156000990582517e-04 | 1
 34,  6 |   1.1466152740374518e-04 |   1.1466152740374518e-04 | 1
 34,  7 |   8.2177133021853904e-05 |   8.2177133021853904e-05 | 1
 34,  8 |   7.9025111740860634e-05 |   7.9025111740860634e-05 | 1
 34,  9 |   6.6073870394134143e-05 |   6.6073870394134143e-05 | 1
 34, 10 |   1.8658888164177945e-04 |   1.8658888164177945e-04 | 1
 34, 11 |   2.2255731946322897e-03 |   2.2255731946322897e-03 | 1
 34, 12 |   2.2918838572348285e-04 |   2.2918838572348285e-04 | 1
 34, 13 |  -2.8087602888599592e-04 |  -2.8087602888599592e-04 | 1
 34, 14 |  -1.8505552528005068e-04 |  -1.8505552528005068e-04 | 1
 34, 15 |   2.3787516570526286e-03 |   2.3787516570526286e-03 | 1
 34, 16 |   1.7850772673350904e-04 |   1.7850772673350904e-04 | 1
 34, 17 |   7.3151944194359828e-05 |   7.3151944194359828e-05 | 1
 34, 18 |  -1.0302987684689698e-05 |  -1.0302987684689698e-05 | 1
 34, 19 |  -1.0942342662533030e-04 |  -1.0942342662533030e-04 | 1
 34, 20 |   1.1431644136497391e-04 |   1.1431644136497391e-04 | 1
 34, 21 |   2.3850223630991117e-04 |   2.3850223630991117e-04 | 1
 34, 22 |   5.3058151628478632e-04 |   5.3058151628478632e-04 | 1
 34, 23 |   6.1755358908585205e-05 |   6.1755358908585205e-05 | 1
 34, 24 |   3.7555772697843350e-04 |   3.7555772697843350e-04 | 1
 34, 25 |   1.7089293797336366e-04 |   1.7089293797336366e-04 | 1
 34, 26 |   4.7117647046110935e-05 |   4.7117647046110935e-05 | 1
 34, 27 |   3.6604012461866416e-03 |   3.6604012461866416e-03 | 1
 34, 28 |   5.7489345813754975e-04 |   5.7489345813754975e-04 | 1
 34, 29 |   8.7553775936255143e-05 |   8.7553775936255143e-05 | 1
 34, 30 |   5.1369793299562718e-04 |   5.1369793299562718e-04 | 1
 34, 31 |   7.8692835033942598e-04 |   7.8692835033942598e-04 | 1
 34, 32 |   1.3420681584184579e-04 |   1.3420681584184579e-04 | 1
 34, 33 |  -3.0151055790351529e-03 |  -3.0151055790351529e-03 | 1
 34, 34 |   2.4720717713914088e-03 |   2.4720717713914088e-03 | 1
 34, 35 |  -4.7833405739152814e-05 |  -4.7833405739152814e-05 | 1
 34, 36 |  -4.7088069796173480e-05 |  -4.7088069796173480e-05 | 1
 34, 37 |  -4.0452386311950228e-05 |  -4.0452386311950228e-05 | 1
 34, 38 |  -4.4493967928917487e-05 |  -4.4493967928917487e-05 | 1
 34, 39 |  -2.3093805206121191e-05 |  -2.3093805206121191e-05 | 1
 34, 40 |  -8.6311147505607365e-09 |  -8.6311147505607365e-09 | 1
 34, 41 |   6.8721220157073122e-05 |   6.8721220157073122e-05 | 1
 34, 42 |  -1.3515891226361569e-04 |  -1.3515891226361569e-04 | 1
 35,  1 |  -4.3125378696370985e-05 |  -4.3125378696370985e-05 | 1
 35,  2 |  -4.0384284107589761e-05 |  -4.0384284107589761e-05 | 1
 35,  3 |  -3.7848530362160786e-05 |  -3.7848530362160786e-05 | 1
 35,  4 |  -3.8980264018538920e-05 |  -3.8980264018538920e-05 | 1
 35,  5 |  -5.7173859649503725e-05 |  -5.7173859649503725e-05 | 1
 35,  6 |  -3.8660468717249779e-05 |  -3.8660468717249779e-05 | 1
 35,  7 |  -2.4271571173892768e-05 |  -2.4271571173892768e-05 | 1
 35,  8 |  -2.9641399027384725e-05 |  -2.9641399027384725e-05 | 1
 35,  9 |  -3.2307407807940385e-05 |  -3.2307407807940385e-05 | 1
 35, 10 |  -2.9569458534583337e-05 |  -2.9569458534583337e-05 | 1
 35, 11 |  -7.8359413883073552e-05 |  -7.8359413883073552e-05 | 1
 35, 12 |  -2.5347140180207184e-05 |  -2.5347140180207184e-05 | 1
 35, 13 |  -4.3601693125995027e-05 |  -4.3601693125995027e-05 | 1
 35, 14 |  -3.8699358284041680e-05 |  -3.8699358284041680e-05 | 1
 35, 15 |  -1.7873691243118766e-04 |  -1.7873691243118766e-04 | 1
 35, 16 |  -1.4819809672962169e-05 |  -1.4819809672962169e-05 | 1
 35, 17 |  -5.0420222173108316e-05 |  -5.0420222173108316e-05 | 1
 35, 18 |  -6.1969300390838278e-05 |  -6.1969300390838278e-05 | 1
 35, 19 |  -4.3972883833674493e-05 |  -4.3972883833674493e-05 | 1
 35, 20 |  -6.5524230460902713e-05 |  -6.5524230460902713e-05 | 1
 35, 21 |  -6.5544260064562585e-05 |  -6.5544260064562585e-05 | 1
 35, 22 |  -4.6899505561963942e-05 |  -4.6899505561963942e-05 | 1
 35, 23 |  -5.6262270593829324e-05 |  -5.6262270593829324e-05 | 1
 35, 24 |  -5.9234501945841122e-05 |  -5.9234501945841122e-05 | 1
 35, 25 |  -3.6150181878278183e-05 |  -3.6150181878278183e-05 | 1
 35, 26 |  -7.2227750636302883e-05 |  -7.2227750636302883e-05 | 1
 35, 27 |  -6.2795947634094565e-05 |  -6.2795947634094565e-05 | 1
 35, 28 |  -4.8157501930064413e-05 |  -4.8157501930064413e-05 | 1
 35, 29 |  -4.5616942030179847e-05 |  -4.5616942030179847e-05 | 1
 35, 30 |  -4.5327432380709939e-05 |  -4.5327432380709939e-05 | 1
 35, 31 |  -3.3268767138559037e-05 |  -3.3268767138559037e-05 | 1
 35, 32 |  -9.1160884688541539e-06 |  -9.1160884688541539e-06 | 1
 35, 33 |   2.8050170494951474e-05 |   2.8050170494951474e-05 | 1
 35, 34 |  -4.7833405739152814e-05 |  -4.7833405739152814e-05 | 1
 35, 35 |   6.9184005840870221e-05 |   6.9184005840870221e-05 | 1
 35, 36 |   5.5012911381815849e-05 |   5.5012911381815849e-05 | 1
 35, 37 |   5.4027924815366116e-05 |   5.4027924815366116e-05 | 1
 35, 38 |   5.4536300279406857e-05 |   5.4536300279406857e-05 | 1
 35, 39 |   7.1547051099399320e-07 |   7.1547051099399320e-07 | 1
 35, 40 |  -1.3011266859265929e-09 |  -1.3011266859265929e-09 | 1
 35, 41 |  -5.2528381967590894e-05 |  -5.2528381967590894e-05 | 1
 35, 42 |   9.7816952659897292e-06 |   9.7816952659897292e-06 | 1
 36,  1 |  -4.5273263215191002e-05 |  -4.5273263215191002e-05 | 1
 36,  2 |  -4.2612785318723853e-05 |  -4.2612785318723853e-05 | 1
 36,  3 |  -3.8365328931317401e-05 |  -3.8365328931317401e-05 | 1
 36,  4 |  -3.9059887618948130e-05 |  -3.9059887618948130e-05 | 1
 36,  5 |  -4.1415885847458270e-05 |  -4.1415885847458270e-05 | 1
 36,  6 |  -2.8418956294125868e-05 |  -2.8418956294125868e-05 | 1
 36,  7 |  -3.1463816988235290e-05 |  -3.1463816988235290e-05 | 1
 36,  8 |  -2.2775347046060148e-05 |  -2.2775347046060148e-05 | 1
 36,  9 |  -3.9186475674927907e-05 |  -3.9186475674927907e-05 | 1
 36, 10 |  -1.7539271407983601e-05 |  -1.7539271407983601e-05 | 1
 36, 11 |  -6.8867664925234654e-05 |  -6.8867664925234654e-05 | 1
 36, 12 |  -3.1433329500616593e-05 |  -3.1433329500616593e-05 | 1
 36, 13 |  -4.3734178020867455e-05 |  -4.3734178020867455e-05 | 1
 36, 14 |  -4.2666133805556588e-05 |  -4.2666133805556588e-05 | 1
 36, 15 |  -1.5767742213194886e-04 |  -1.5767742213194886e-04 | 1
 36, 16 |  -1.5085571038803234e-05 |  -1.5085571038803234e-05 | 1
 36, 17 |  -5.6853288682191791e-05 |  -5.6853288682191791e-05 | 1
 36, 18 |  -6.9122360624316779e-05 |  -6.9122360624316779e-05 | 1
 36, 19 |  -4.2451102305131730e-05 |  -4.2451102305131730e-05 | 1
 36, 20 |  -6.3843301949232645e-05 |  -6.3843301949232645e-05 | 1
 36, 21 |  -6.1822190494473662e-05 |  -6.1822190494473662e-05 | 1
 36, 22 |  -3.5912873860336270e-05 |  -3.5912873860336270e-05 | 1
 36, 23 |  -4.0867796643119697e-05 |  -4.0867796643119697e-05 | 1
 36, 24 |  -4.6366180276927971e-05 |  -4.6366180276927971e-05 | 1
 36, 25 |  -4.2684881086465059e-05 |  -4.2684881086465059e-05 | 1
 36, 26 |  -7.9150360102870374e-05 |  -7.9150360102870374e-05 | 1
 36, 27 |  -5.4855519717996391e-05 |  -5.4855519717996391e-05 | 1
 36, 28 |  -6.1990048761834463e-05 |  -6.1990048761834463e-05 | 1
 36, 29 |  -5.3314058145375923e-05 |  -5.3314058145375923e-05 | 1
 36, 30 |  -4.8055757950102150e-05 |  -4.8055757950102150e-05 | 1
 36, 31 |  -4.5151199944066216e-05 |  -4.5151199944066216e-05 | 1
 36, 32 |  -1.3966838785549420e-05 |  -1.3966838785549420e-05 | 1
 36, 33 |   3.4388552568491150e-05 |   3.4388552568491150e-05 | 1
 36, 34 |  -4.7088069796173480e-05 |  -4.7088069796173480e-05 | 1
 36, 35 |   5.5012911381815849e-05 |   5.5012911381815849e-05 | 1
 36, 36 |   7.3757667400725931e-05 |   7.3757667400725931e-05 | 1
 36, 37 |   6.1679206771978910e-05 |   6.1679206771978910e-05 | 1
 36, 38 |   6.2138941056884335e-05 |   6.2138941056884335e-05 | 1
 36, 39 |   6.4579446641009975e-07 |   6.4579446641009975e-07 | 1
 36, 40 |  -1.9599323952605130e-09 |  -1.9599323952605130e-09 | 1
 36, 41 |  -5.7949760335222873e-05 |  -5.7949760335222873e-05 | 1
 36, 42 |   1.4525867107247255e-05 |   1.4525867107247255e-05 | 1
 37,  1 |  -4.4408465088983980e-05 |  -4.4408465088983980e-05 | 1
 37,  2 |  -4.0638918578269614e-05 |  -4.0638918578269614e-05 | 1
 37,  3 |  -3.4923035646361877e-05 |  -3.4923035646361877e-05 | 1
 37,  4 |  -3.3440941457190511e-05 |  -3.3440941457190511e-05 | 1
 37,  5 |  -6.0518536554582068e-05 |  -6.0518536554582068e-05 | 1
 37,  6 |  -3.8827719706364417e-05 |  -3.8827719706364417e-05 | 1
 37,  7 |  -2.4458300580113143e-05 |  -2.4458300580113143e-05 | 1
 37,  8 |  -2.1949895078607732e-05 |  -2.1949895078607732e-05 | 1
 37,  9 |  -4.3246071055162871e-05 |  -4.3246071055162871e-05 | 1
 37, 10 |  -1.6226799906254295e-05 |  -1.6226799906254295e-05 | 1
 37, 11 |  -7.2363544169339917e-05 |  -7.2363544169339917e-05 | 1
 37, 12 |  -2.5563445861157923e-05 |  -2.5563445861157923e-05 | 1
 37, 13 |  -4.5136458808295240e-05 |  -4.5136458808295240e-05 | 1
 37, 14 |  -4.6165497133801596e-05 |  -4.6165497133801596e-05 | 1
 37, 15 |  -1.3913667287037147e-04 |  -1.3913667287037147e-04 | 1
 37, 16 |  -1.2706255576256125e-05 |  -1.2706255576256125e-05 | 1
 37, 17 |  -5.7886084773967131e-05 |  -5.7886084773967131e-05 | 1
 37, 18 |  -6.8519881872134358e-05 |  -6.8519881872134358e-05 | 1
 37, 19 |  -4.3690818577155410e-05 |  -4.3690818577155410e-05 | 1
 37, 20 |  -5.6788274015238538e-05 |  -5.6788274015238538e-05 | 1
 37, 21 |  -7.8403984294823817e-05 |  -7.8403984294823817e-05 | 1
 37, 22 |  -3.7064598182297887e-05 |  -3.7064598182297887e-05 | 1
 37, 23 |  -4.1261512177769743e-05 |  -4.1261512177769743e-05 | 1
 37, 24 |  -4.7413500606533998e-05 |  -4.7413500606533998e-05 | 1
 37, 25 |  -4.4766613046188166e-05 |  -4.4766613046188166e-05 | 1
 37, 26 |  -8.4498778825917362e-05 |  -8.4498778825917362e-05 | 1
 37, 27 |  -5.4381502684804433e-05 |  -5.4381502684804433e-05 | 1
 37, 28 |  -5.3104180742864914e-05 |  -5.3104180742864914e-05 | 1
 37, 29 |  -5.5940523851191127e-05 |  -5.5940523851191127e-05 | 1
 37, 30 |  -5.7117031140619897e-05 |  -5.7117031140619897e-05 | 1
 37, 31 |  -4.2607697411270770e-05 |  -4.2607697411270770e-05 | 1
 37, 32 |  -1.6670048638949274e-05 |  -1.6670048638949274e-05 | 1
 37, 33 |   3.0328464997464848e-05 |   3.0328464997464848e-05 | 1
 37, 34 |  -4.0452386311950228e-05 |  -4.0452386311950228e-05 | 1
 37, 35 |   5.4027924815366116e-05 |   5.4027924815366116e-05 | 1
 37, 36 |   6.1679206771978910e-05 |   6.1679206771978910e-05 | 1
 37, 37 |   8.1821474643827986e-05 |   8.1821474643827986e-05 | 1
 37, 38 |   7.1953735510181684e-05 |   7.1953735510181684e-05 | 1
 37, 39 |   4.4424924671987243e-07 |   4.4424924671987243e-07 | 1
 37, 40 |  -4.0064066679424667e-09 |  -4.0064066679424667e-09 | 1
 37, 41 |  -5.9810624932910323e-05 |  -5.9810624932910323e-05 | 1
 37, 42 |   1.5609873502616270e-05 |   1.5609873502616270e-05 | 1
 38,  1 |  -4.4512364076444397e-05 |  -4.4512364076444397e-05 | 1
 38,  2 |  -3.5294648837203561e-05 |  -3.5294648837203561e-05 | 1
 38,  3 |  -3.8838873194156355e-05 |  -3.8838873194156355e-05 | 1
 38,  4 |  -3.0813142118913539e-05 |  -3.0813142118913539e-05 | 1
 38,  5 |  -6.0801105934602930e-05 |  -6.0801105934602930e-05 | 1
 38,  6 |  -3.6534129406451036e-05 |  -3.6534129406451036e-05 | 1
 38,  7 |  -3.1091984050035011e-05 |  -3.1091984050035011e-05 | 1
 38,  8 |  -2.1807370618613486e-05 |  -2.1807370618613486e-05 | 1
 38,  9 |  -3.9068141923021071e-05 |  -3.9068141923021071e-05 | 1
 38, 10 |  -2.7893846129928986e-05 |  -2.7893846129928986e-05 | 1
 38, 11 |  -6.7714548400870419e-05 |  -6.7714548400870419e-05 | 1
 38, 12 |  -3.0871033138816571e-05 |  -3.0871033138816571e-05 | 1
 38, 13 |  -4.5717048043685346e-05 |  -4.5717048043685346e-05 | 1
 38, 14 |  -3.3655958569328936e-05 |  -3.3655958569328936e-05 | 1
 38, 15 |  -6.0266366055108841e-05 |  -6.0266366055108841e-05 | 1
 38, 16 |  -9.4409394901888083e-06 |  -9.4409394901888083e-06 | 1
 38, 17 |  -5.6775620501316708e-05 |  -5.6775620501316708e-05 | 1
 38, 18 |  -5.7317320584991462e-05 |  -5.7317320584991462e-05 | 1
 38, 19 |  -3.3701496675610865e-05 |  -3.3701496675610865e-05 | 1
 38, 20 |  -5.7494955748317432e-05 |  -5.7494955748317432e-05 | 1
 38, 21 |  -7.8171666828200318e-05 |  -7.8171666828200318e-05 | 1
 38, 22 |  -3.6298025239279142e-05 |  -3.6298025239279142e-05 | 1
 38, 23 |  -5.0629868893808309e-05 |  -5.0629868893808309e-05 | 1
 38, 24 |  -4.8173628904925290e-05 |  -4.8173628904925290e-05 | 1
 38, 25 |  -4.4478106997435289e-05 |  -4.4478106997435289e-05 | 1
 38, 26 |  -7.1995485982196750e-05 |  -7.1995485982196750e-05 | 1
 38, 27 |  -5.9507068341496373e-05 |  -5.9507068341496373e-05 | 1
 38, 28 |  -5.3129608584527702e-05 |  -5.3129608584527702e-05 | 1
 38, 29 |  -5.5192476678477495e-05 |  -5.5192476678477495e-05 | 1
 38, 30 |  -4.6270707022655038e-05 |  -4.6270707022655038e-05 | 1
 38, 31 |  -5.4870359627687325e-05 |  -5.4870359627687325e-05 | 1
 38, 32 |  -2.0238734475726751e-05 |  -2.0238734475726751e-05 | 1
 38, 33 |   4.2062077706232336e-05 |   4.2062077706232336e-05 | 1
 38, 34 |  -4.4493967928917487e-05 |  -4.4493967928917487e-05 | 1
 38, 35 |   5.4536300279406857e-05 |   5.4536300279406857e-05 | 1
 38, 36 |   6.2138941056884335e-05 |   6.2138941056884335e-05 | 1
 38, 37 |   7.1953735510181684e-05 |   7.1953735510181684e-05 | 1
 38, 38 |   9.7592500564366755e-05 |   9.7592500564366755e-05 | 1
 38, 39 |   5.6677303271147329e-07 |   5.6677303271147329e-07 | 1
 38, 40 |  -6.1471558576300757e-09 |  -6.1471558576300757e-09 | 1
 38, 41 |  -5.7670728691218323e-05 |  -5.7670728691218323e-05 | 1
 38, 42 |   1.6045933294360346e-05 |   1.6045933294360346e-05 | 1
 39,  1 |  -2.3230129205555752e-05 |  -2.3230129205555752e-05 | 1
 39,  2 |  -1.9831740001947540e-05 |  -1.9831740001947540e-05 | 1
 39,  3 |  -1.4485002249702209e-05 |  -1.4485002249702209e-05 | 1
 39,  4 |  -2.4097215389221077e-05 |  -2.4097215389221077e-05 | 1
 39,  5 |  -4.4701074711256053e-05 |  -4.4701074711256053e-05 | 1
 39,  6 |  -1.8004533976675057e-05 |  -1.8004533976675057e-05 | 1
 39,  7 |  -3.5825680236113331e-05 |  -3.5825680236113331e-05 | 1
 39,  8 |  -2.3801854831222936e-05 |  -2.3801854831222936e-05 | 1
 39,  9 |  -2.8705094645550176e-05 |  -2.8705094645550176e-05 | 1
 39, 10 |  -3.0007700844730401e-05 |  -3.0007700844730401e-05 | 1
 39, 11 |  -5.8379140125146327e-05 |  -5.8379140125146327e-05 | 1
 39, 12 |  -2.4692379893866266e-06 |  -2.4692379893866266e-06 | 1
 39, 13 |  -1.7029960346996020e-05 |  -1.7029960346996020e-05 | 1
 39, 14 |  -3.8030441359711257e-05 |  -3.8030441359711257e-05 | 1
 39, 15 |   6.9315396738987620e-06 |   6.9315396738987620e-06 | 1
 39, 16 |  -3.3628212565437824e-05 |  -3.3628212565437824e-05 | 1
 39, 17 |  -2.8079899869154648e-05 |  -2.8079899869154648e-05 | 1
 39, 18 |  -6.6186162089675725e-06 |  -6.6186162089675725e-06 | 1
 39, 19 |  -2.0413078942164874e-05 |  -2.0413078942164874e-05 | 1
 39, 20 |  -2.9815313682609522e-05 |  -2.9815313682609522e-05 | 1
 39, 21 |  -2.3306935268961239e-05 |  -2.3306935268961239e-05 | 1
 39, 22 |  -3.0925419476460416e-05 |  -3.0925419476460416e-05 | 1
 39, 23 |  -2.4426610835744768e-05 |  -2.4426610835744768e-05 | 1
 39, 24 |  -2.9027198831489425e-05 |  -2.9027198831489425e-05 | 1
 39, 25 |  -1.9617451837520278e-05 |  -1.9617451837520278e-05 | 1
 39, 26 |  -1.0756101411748653e-05 |  -1.0756101411748653e-05 | 1
 39, 27 |  -7.3471451535774886e-06 |  -7.3471451535774886e-06 | 1
 39, 28 |  -2.7755363085858940e-05 |  -2.7755363085858940e-05 | 1
 39, 29 |  -2.3000970184367563e-05 |  -2.3000970184367563e-05 | 1
 39, 30 |  -2.7452935953143745e-05 |  -2.7452935953143745e-05 | 1
 39, 31 |  -3.0210443805702492e-05 |  -3.0210443805702492e-05 | 1
 39, 32 |  -1.8991765904828094e-06 |  -1.8991765904828094e-06 | 1
 39, 33 |  -3.4901486507728463e-06 |  -3.4901486507728463e-06 | 1
 39, 34 |  -2.3093805206121191e-05 |  -2.3093805206121191e-05 | 1
 39, 35 |   7.1547051099399320e-07 |   7.1547051099399320e-07 | 1
 39, 36 |   6.4579446641009975e-07 |   6.4579446641009975e-07 | 1
 39, 37 |   4.4424924671987243e-07 |   4.4424924671987243e-07 | 1
 39, 38 |   5.6677303271147329e-07 |   5.6677303271147329e-07 | 1
 39, 39 |   4.9151761177870677e-05 |   4.9151761177870677e-05 | 1
 39, 40 |   2.1451054098346316e-11 |   2.1451054098346316e-11 | 1
 39, 41 |  -2.6070620148244734e-05 |  -2.6070620148244734e-05 | 1
 39, 42 |   1.7318326684096306e-06 |   1.7318326684096306e-06 | 1
 40,  1 |  -1.0089691423697918e-08 |  -1.0089691423697918e-08 | 1
 40,  2 |  -9.8197239027967052e-09 |  -9.8197239027967052e-09 | 1
 40,  3 |  -6.1287553632653867e-09 |  -6.1287553632653867e-09 | 1
 40,  4 |  -9.7206012910391178e-09 |  -9.7206012910391178e-09 | 1
 40,  5 |  -1.8993472319957810e-08 |  -1.8993472319957810e-08 | 1
 40,  6 |  -6.5580783376000258e-09 |  -6.5580783376000258e-09 | 1
 40,  7 |  -4.7826750736814848e-09 |  -4.7826750736814848e-09 | 1
 40,  8 |  -9.3108826527986064e-09 |  -9.3108826527986064e-09 | 1
 40,  9 |  -7.0846495110619072e-09 |  -7.0846495110619072e-09 | 1
 40, 10 |  -7.1195819711301957e-09 |  -7.1195819711301957e-09 | 1
 40, 11 |  -4.8174259167448747e-09 |  -4.8174259167448747e-09 | 1
 40, 12 |  -7.4209056788728696e-09 |  -7.4209056788728696e-09 | 1
 40, 13 |  -8.8013548040007015e-09 |  -8.8013548040007015e-09 | 1
 40, 14 |  -8.8631252443025345e-09 |  -8.8631252443025345e-09 | 1
 40, 15 |  -1.0306324225372509e-08 |  -1.0306324225372509e-08 | 1
 40, 16 |  -8.4778180798807422e-09 |  -8.4778180798807422e-09 | 1
 40, 17 |  -1.0519986241286581e-08 |  -1.0519986241286581e-08 | 1
 40, 18 |  -9.8836336437078398e-09 |  -9.8836336437078398e-09 | 1
 40, 19 |  -9.3970091388137588e-09 |  -9.3970091388137588e-09 | 1
 40, 20 |  -5.0879859750323079e-09 |  -5.0879859750323079e-09 | 1
 40, 21 |  -1.1081190389712450e-08 |  -1.1081190389712450e-08 | 1
 40, 22 |  -8.1063852651842893e-09 |  -8.1063852651842893e-09 | 1
 40, 23 |  -9.8128540261310406e-09 |  -9.8128540261310406e-09 | 1
 40, 24 |  -9.2717123209826418e-09 |  -9.2717123209826418e-09 | 1
 40, 25 |  -9.3477866905385512e-09 |  -9.3477866905385512e-09 | 1
 40, 26 |  -8.4402888677736928e-09 |  -8.4402888677736928e-09 | 1
 40, 27 |  -8.7295418304927169e-09 |  -8.7295418304927169e-09 | 1
 40, 28 |  -7.3785488961398148e-09 |  -7.3785488961398148e-09 | 1
 40, 29 |  -6.4013089490219728e-09 |  -6.4013089490219728e-09 | 1
 40, 30 |  -1.0422188211438389e-08 |  -1.0422188211438389e-08 | 1
 40, 31 |  -9.6488629730070785e-09 |  -9.6488629730070785e-09 | 1
 40, 32 |  -2.2372512866181482e-09 |  -2.2372512866181482e-09 | 1
 40, 33 |   5.2333060772246667e-09 |   5.2333060772246667e-09 | 1
 40, 34 |  -8.6311147505607365e-09 |  -8.6311147505607365e-09 | 1
 40, 35 |  -1.3011266859265929e-09 |  -1.3011266859265929e-09 | 1
 40, 36 |  -1.9599323952605130e-09 |  -1.9599323952605130e-09 | 1
 40, 37 |  -4.0064066679424667e-09 |  -4.0064066679424667e-09 | 1
 40, 38 |  -6.1471558576300757e-09 |  -6.1471558576300757e-09 | 1
 40, 39 |   2.1451054098346316e-11 |   2.1451054098346316e-11 | 1
 40, 40 |   6.2646057996385212e-12 |   6.2646057996385212e-12 | 1
 40, 41 |  -7.2759372772311414e-09 |  -7.2759372772311414e-09 | 1
 40, 42 |   3.1007529068435503e-09 |   3.1007529068435503e-09 | 1
 41,  1 |   7.1269192567961466e-05 |   7.1269192567961466e-05 | 1
 41,  2 |   6.5050878202972876e-05 |   6.5050878202972876e-05 | 1
 41,  3 |   5.2798586043776839e-05 |   5.2798586043776839e-05 | 1
 41,  4 |   6.2595972841651224e-05 |   6.2595972841651224e-05 | 1
 41,  5 |   1.0764031926101237e-04 |   1.0764031926101237e-04 | 1
 41,  6 |   5.4192658866847351e-05 |   5.4192658866847351e-05 | 1
 41,  7 |   5.2204332294964098e-05 |   5.2204332294964098e-05 | 1
 41,  8 |   5.0398485228079580e-05 |   5.0398485228079580e-05 | 1
 41,  9 |   6.3936265394114162e-05 |   6.3936265394114162e-05 | 1
 41, 10 |   4.7979076351547510e-05 |   4.7979076351547510e-05 | 1
 41, 11 |   1.0675129180817263e-04 |   1.0675129180817263e-04 | 1
 41, 12 |   4.0700659272521490e-05 |   4.0700659272521490e-05 | 1
 41, 13 |   6.5732659953595692e-05 |   6.5732659953595692e-05 | 1
 41, 14 |   7.3755676303029883e-05 |   7.3755676303029883e-05 | 1
 41, 15 |   1.4233585700380654e-04 |   1.4233585700380654e-04 | 1
 41, 16 |   4.3961213930461543e-05 |   4.3961213930461543e-05 | 1
 41, 17 |   8.5498347516771531e-05 |   8.5498347516771531e-05 | 1
 41, 18 |   8.2230238382704422e-05 |   8.2230238382704422e-05 | 1
 41, 19 |   6.5505913879361309e-05 |   6.5505913879361309e-05 | 1
 41, 20 |   8.0813455176493882e-05 |   8.0813455176493882e-05 | 1
 41, 21 |   9.8712394440315303e-05 |   9.8712394440315303e-05 | 1
 41, 22 |   6.6836376573824798e-05 |   6.6836376573824798e-05 | 1
 41, 23 |   7.2926021358664172e-05 |   7.2926021358664172e-05 | 1
 41, 24 |   7.7487358453300095e-05 |   7.7487358453300095e-05 | 1
 41, 25 |   6.6546115942015221e-05 |   6.6546115942015221e-05 | 1
 41, 26 |   9.4352398336017946e-05 |   9.4352398336017946e-05 | 1
 41, 27 |   7.3102829416099243e-05 |   7.3102829416099243e-05 | 1
 41, 28 |   7.8610865346537842e-05 |   7.8610865346537842e-05 | 1
 41, 29 |   7.2966976464266777e-05 |   7.2966976464266777e-05 | 1
 41, 30 |   7.9891637002341918e-05 |   7.9891637002341918e-05 | 1
 41, 31 |   7.3751960478358325e-05 |   7.3751960478358325e-05 | 1
 41, 32 |   1.9311291595912006e-05 |   1.9311291595912006e-05 | 1
 41, 33 |  -3.9044483134395637e-05 |  -3.9044483134395637e-05 | 1
 41, 34 |   6.8721220157073122e-05 |   6.8721220157073122e-05 | 1
 41, 35 |  -5.2528381967590894e-05 |  -5.2528381967590894e-05 | 1
 41, 36 |  -5.7949760335222873e-05 |  -5.7949760335222873e-05 | 1
 41, 37 |  -5.9810624932910323e-05 |  -5.9810624932910323e-05 | 1
 41, 38 |  -5.7670728691218323e-05 |  -5.7670728691218323e-05 | 1
 41, 39 |  -2.6070620148244734e-05 |  -2.6070620148244734e-05 | 1
 41, 40 |  -7.2759372772311414e-09 |  -7.2759372772311414e-09 | 1
 41, 41 |   1.0271468856445065e-04 |   1.0271468856445065e-04 | 1
 41, 42 |  -4.0227907679379310e-05 |  -4.0227907679379310e-05 | 1
 42,  1 |  -1.8126925135988056e-05 |  -1.8126925135988056e-05 | 1
 42,  2 |   3.7148165144028925e-04 |   3.7148165144028925e-04 | 1
 42,  3 |  -1.5664110043306367e-05 |  -1.5664110043306367e-05 | 1
 42,  4 |   3.6194388903711351e-05 |   3.6194388903711351e-05 | 1
 42,  5 |  -1.4922500061217896e-04 |  -1.4922500061217896e-04 | 1
 42,  6 |  -1.0281553200363358e-04 |  -1.0281553200363358e-04 | 1
 42,  7 |   4.2241477831519047e-05 |   4.2241477831519047e-05 | 1
 42,  8 |   3.0526043695960985e-05 |   3.0526043695960985e-05 | 1
 42,  9 |  -3.2924823516179957e-05 |  -3.2924823516179957e-05 | 1
 42, 10 |   2.4726191303069904e-04 |   2.4726191303069904e-04 | 1
 42, 11 |  -2.9512743840280712e-04 |  -2.9512743840280712e-04 | 1
 42, 12 |   1.4060271261669269e-05 |   1.4060271261669269e-05 | 1
 42, 13 |   1.6874019859516813e-04 |   1.6874019859516813e-04 | 1
 42, 14 |   1.5104836734065641e-04 |   1.5104836734065641e-04 | 1
 42, 15 |   9.6609430205230897e-04 |   9.6609430205230897e-04 | 1
 42, 16 |   7.0535842669133217e-05 |   7.0535842669133217e-05 | 1
 42, 17 |  -1.0918878461745521e-05 |  -1.0918878461745521e-05 | 1
 42, 18 |  -5.4298923633177774e-05 |  -5.4298923633177774e-05 | 1
 42, 19 |   2.0190540461401878e-04 |   2.0190540461401878e-04 | 1
 42, 20 |   5.9560931551304400e-06 |   5.9560931551304400e-06 | 1
 42, 21 |  -1.9717101583109924e-04 |  -1.9717101583109924e-04 | 1
 42, 22 |  -6.7393979158369955e-05 |  -6.7393979158369955e-05 | 1
 42, 23 |  -8.5045887787405666e-05 |  -8.5045887787405666e-05 | 1
 42, 24 |   1.4556101173445548e-05 |   1.4556101173445548e-05 | 1
 42, 25 |   1.9503124509950953e-05 |   1.9503124509950953e-05 | 1
 42, 26 |  -5.8957865114908785e-05 |  -5.8957865114908785e-05 | 1
 42, 27 |  -7.4295646439604692e-04 |  -7.4295646439604692e-04 | 1
 42, 28 |  -4.9507800709970223e-05 |  -4.9507800709970223e-05 | 1
 42, 29 |   7.0274002742518884e-05 |   7.0274002742518884e-05 | 1
 42, 30 |  -6.3662453867854380e-05 |  -6.3662453867854380e-05 | 1
 42, 31 |  -1.0261379698673379e-04 |  -1.0261379698673379e-04 | 1
 42, 32 |  -4.3531579310523603e-04 |  -4.3531579310523603e-04 | 1
 42, 33 |   9.4758675831931461e-04 |   9.4758675831931461e-04 | 1
 42, 34 |  -1.3515891226361569e-04 |  -1.3515891226361569e-04 | 1
 42, 35 |   9.7816952659897292e-06 |   9.7816952659897292e-06 | 1
 42, 36 |   1.4525867107247255e-05 |   1.4525867107247255e-05 | 1
 42, 37 |   1.5609873502616270e-05 |   1.5609873502616270e-05 | 1
 42, 38 |   1.6045933294360346e-05 |   1.6045933294360346e-05 | 1
 42, 39 |   1.7318326684096306e-06 |   1.7318326684096306e-06 | 1
 42, 40 |   3.1007529068435503e-09 |   3.1007529068435503e-09 | 1
 42, 41 |  -4.0227907679379310e-05 |  -4.0227907679379310e-05 | 1
 42, 42 |   4.8430361319860458e-04 |   4.8430361319860458e-04 | 1
