row,col | V_base                   | V_new                    | equal
  1,  1 |   4.0864037691985990e-04 |   4.0864037691985990e-04 | 1
  1,  2 |   1.3344112222336637e-04 |   1.3344112222336637e-04 | 1
  1,  3 |   1.2132174290299593e-04 |   1.2132174290299593e-04 | 1
  1,  4 |   1.4466864144601808e-04 |   1.4466864144601808e-04 | 1
  1,  5 |   2.5667524870357660e-04 |   2.5667524870357660e-04 | 1
  1,  6 |   1.1603546609662645e-04 |   1.1603546609662645e-04 | 1
  1,  7 |   1.6067430213258466e-04 |   1.6067430213258466e-04 | 1
  1,  8 |   1.2339620728536968e-04 |   1.2339620728536968e-04 | 1
  1,  9 |   1.5827784459319119e-04 |   1.5827784459319119e-04 | 1
  1, 10 |   1.2357781457499306e-04 |   1.2357781457499306e-04 | 1
  1, 11 |   2.6966188437338608e-04 |   2.6966188437338608e-04 | 1
  1, 12 |   7.0319114883526034e-05 |   7.0319114883526034e-05 | 1
  1, 13 |   1.4687225836924834e-04 |   1.4687225836924834e-04 | 1
  1, 14 |   2.0090399909278940e-04 |   2.0090399909278940e-04 | 1
  1, 15 |   1.5986422796421951e-04 |   1.5986422796421951e-04 | 1
  1, 16 |   1.4713935529402463e-04 |   1.4713935529402463e-04 | 1
  1, 17 |   1.8031200017191778e-04 |   1.8031200017191778e-04 | 1
  1, 18 |   1.2636254310443863e-04 |   1.2636254310443863e-04 | 1
  1, 19 |   1.4307703741091199e-04 |   1.4307703741091199e-04 | 1
  1, 20 |   1.8805504300109735e-04 |   1.8805504300109735e-04 | 1
  1, 21 |   1.7943863691079090e-04 |   1.7943863691079090e-04 | 1
  1, 22 |   1.3257864100670567e-04 |   1.3257864100670567e-04 | 1
  1, 23 |   1.4584547798800749e-04 |   1.4584547798800749e-04 | 1
  1, 24 |   1.7238797502688481e-04 |   1.7238797502688481e-04 | 1
  1, 25 |   1.2797161758935119e-04 |   1.2797161758935119e-04 | 1
  1, 26 |   1.7111254197976281e-04 |   1.7111254197976281e-04 | 1
  1, 27 |   1.0631540672775639e-04 |   1.0631540672775639e-04 | 1
  1, 28 |   1.7956758312228388e-04 |   1.7956758312228388e-04 | 1
  1, 29 |   1.7103169157005858e-04 |   1.7103169157005858e-04 | 1
  1, 30 |   1.7121346707656571e-04 |   1.7121346707656571e-04 | 1
  1, 31 |   1.6261322563857611e-04 |   1.6261322563857611e-04 | 1
  1, 32 |   3.0323014957368962e-05 |   3.0323014957368962e-05 | 1
  1, 33 |  -2.8131704389912364e-05 |  -2.8131704389912364e-05 | 1
  1, 34 |   1.4598058302425383e-04 |   1.4598058302425383e-04 | 1
  1, 35 |  -8.3493634217998684e-05 |  -8.3493634217998684e-05 | 1
  1, 36 |  -9.7307348921250300e-05 |  -9.7307348921250300e-05 | 1
  1, 37 |  -1.0845362192147290e-04 |  -1.0845362192147290e-04 | 1
  1, 38 |  -1.2454704307694856e-04 |  -1.2454704307694856e-04 | 1
  1, 39 |  -1.6340870326990946e-04 |  -1.6340870326990946e-04 | 1
  1, 40 |   0.0000000000000000e+00 |   0.0000000000000000e+00 | 1
  2,  1 |   1.3344112222336637e-04 |   1.3344112222336637e-04 | 1
  2,  2 |   1.2912150791080592e-03 |   1.2912150791080592e-03 | 1
  2,  3 |   1.0277997956086615e-04 |   1.0277997956086615e-04 | 1
  2,  4 |   1.3466725177813235e-04 |   1.3466725177813235e-04 | 1
  2,  5 |   1.9966994239476040e-04 |   1.9966994239476040e-04 | 1
  2,  6 |   9.4705470624885629e-05 |   9.4705470624885629e-05 | 1
  2,  7 |   1.3783262591159968e-04 |   1.3783262591159968e-04 | 1
  2,  8 |   1.1085558946201873e-04 |   1.1085558946201873e-04 | 1
  2,  9 |   1.3938580868069945e-04 |   1.3938580868069945e-04 | 1
  2, 10 |   1.2061635785257784e-04 |   1.2061635785257784e-04 | 1
  2, 11 |   2.2589885783944137e-04 |   2.2589885783944137e-04 | 1
  2, 12 |   6.2807486934894516e-05 |   6.2807486934894516e-05 | 1
  2, 13 |   1.5943985037771512e-04 |   1.5943985037771512e-04 | 1
  2, 14 |   1.9624325354033914e-04 |   1.9624325354033914e-04 | 1
  2, 15 |   2.9364535025405778e-04 |   2.9364535025405778e-04 | 1
  2, 16 |   1.3508519608968053e-04 |   1.3508519608968053e-04 | 1
  2, 17 |   1.5703705332674006e-04 |   1.5703705332674006e-04 | 1
  2, 18 |   1.1479895508324483e-04 |   1.1479895508324483e-04 | 1
  2, 19 |   1.5315032080517792e-04 |   1.5315032080517792e-04 | 1
  2, 20 |   1.7119550794366111e-04 |   1.7119550794366111e-04 | 1
  2, 21 |   1.4111450840190653e-04 |   1.4111450840190653e-04 | 1
  2, 22 |   1.0605454366589189e-04 |   1.0605454366589189e-04 | 1
  2, 23 |   1.1272851448641073e-04 |   1.1272851448641073e-04 | 1
  2, 24 |   1.5441408769203290e-04 |   1.5441408769203290e-04 | 1
  2, 25 |   1.1218299591990205e-04 |   1.1218299591990205e-04 | 1
  2, 26 |   1.5849942328460337e-04 |   1.5849942328460337e-04 | 1
  2, 27 |   4.4294776850284594e-05 |   4.4294776850284594e-05 | 1
  2, 28 |   1.5359827056253691e-04 |   1.5359827056253691e-04 | 1
  2, 29 |   1.5710579776323082e-04 |   1.5710579776323082e-04 | 1
  2, 30 |   1.4619779579895268e-04 |   1.4619779579895268e-04 | 1
  2, 31 |   1.2172931917840866e-04 |   1.2172931917840866e-04 | 1
  2, 32 |  -2.5164108953223616e-04 |  -2.5164108953223616e-04 | 1
  2, 33 |   6.8024076882987388e-05 |   6.8024076882987388e-05 | 1
  2, 34 |   1.2004058866957326e-04 |   1.2004058866957326e-04 | 1
  2, 35 |  -7.8180581571572096e-05 |  -7.8180581571572096e-05 | 1
  2, 36 |  -9.3713843409941729e-05 |  -9.3713843409941729e-05 | 1
  2, 37 |  -9.7653604479493134e-05 |  -9.7653604479493134e-05 | 1
  2, 38 |  -9.0953779342054915e-05 |  -9.0953779342054915e-05 | 1
  2, 39 |  -1.3814515909634650e-04 |  -1.3814515909634650e-04 | 1
  2, 40 |   0.0000000000000000e+00 |   0.0000000000000000e+00 | 1
  3,  1 |   1.2132174290299593e-04 |   1.2132174290299593e-04 | 1
  3,  2 |   1.0277997956086615e-04 |   1.0277997956086615e-04 | 1
  3,  3 |   1.1531189775913898e-02 |   1.1531189775913898e-02 | 1
  3,  4 |   1.1191381065743339e-04 |   1.1191381065743339e-04 | 1
  3,  5 |   2.2378339958835212e-04 |   2.2378339958835212e-04 | 1
  3,  6 |   9.5710117310708392e-05 |   9.5710117310708392e-05 | 1
  3,  7 |   1.4012044845275294e-04 |   1.4012044845275294e-04 | 1
  3,  8 |   9.5349710828040009e-05 |   9.5349710828040009e-05 | 1
  3,  9 |   1.2162829652652806e-04 |   1.2162829652652806e-04 | 1
  3, 10 |   1.0685015353192184e-04 |   1.0685015353192184e-04 | 1
  3, 11 |   2.2773305201692298e-04 |   2.2773305201692298e-04 | 1
  3, 12 |   4.6350563032650384e-05 |   4.6350563032650384e-05 | 1
  3, 13 |   1.0507543002628354e-04 |   1.0507543002628354e-04 | 1
  3, 14 |   1.6144281214602009e-04 |   1.6144281214602009e-04 | 1
  3, 15 |   1.2001667949505451e-04 |   1.2001667949505451e-04 | 1
  3, 16 |   1.2279728092463822e-04 |   1.2279728092463822e-04 | 1
  3, 17 |   1.4041019772832202e-04 |   1.4041019772832202e-04 | 1
  3, 18 |   7.7373636126887784e-05 |   7.7373636126887784e-05 | 1
  3, 19 |   1.0624070091189465e-04 |   1.0624070091189465e-04 | 1
  3, 20 |   1.6353692030590336e-04 |   1.6353692030590336e-04 | 1
  3, 21 |   1.3909783529465918e-04 |   1.3909783529465918e-04 | 1
  3, 22 |   1.0090612896662786e-04 |   1.0090612896662786e-04 | 1
  3, 23 |   1.0894653719225469e-04 |   1.0894653719225469e-04 | 1
  3, 24 |   1.4357636460918174e-04 |   1.4357636460918174e-04 | 1
  3, 25 |   1.0053961272251576e-04 |   1.0053961272251576e-04 | 1
  3, 26 |   1.1449082997294323e-04 |   1.1449082997294323e-04 | 1
  3, 27 |   1.2364085592104460e-04 |   1.2364085592104460e-04 | 1
  3, 28 |   1.4592145067194418e-04 |   1.4592145067194418e-04 | 1
  3, 29 |   1.2967525921996518e-04 |   1.2967525921996518e-04 | 1
  3, 30 |   1.3212307871678938e-04 |   1.3212307871678938e-04 | 1
  3, 31 |   1.4394169646186571e-04 |   1.4394169646186571e-04 | 1
  3, 32 |   2.1621672095209410e-05 |   2.1621672095209410e-05 | 1
  3, 33 |  -6.2389852566794129e-05 |  -6.2389852566794129e-05 | 1
  3, 34 |   1.3484436263477259e-04 |   1.3484436263477259e-04 | 1
  3, 35 |  -7.3845329576149299e-05 |  -7.3845329576149299e-05 | 1
  3, 36 |  -8.0006676871794677e-05 |  -8.0006676871794677e-05 | 1
  3, 37 |  -8.1275260989006133e-05 |  -8.1275260989006133e-05 | 1
  3, 38 |  -1.1069937624580822e-04 |  -1.1069937624580822e-04 | 1
  3, 39 |  -1.1871500140296100e-04 |  -1.1871500140296100e-04 | 1
  3, 40 |   0.0000000000000000e+00 |   0.0000000000000000e+00 | 1
  4,  1 |   1.4466864144601808e-04 |   1.4466864144601808e-04 | 1
  4,  2 |   1.3466725177813235e-04 |   1.3466725177813235e-04 | 1
  4,  3 |   1.1191381065743339e-04 |   1.1191381065743339e-04 | 1
  4,  4 |   1.8600935784910339e-03 |   1.8600935784910339e-03 | 1
  4,  5 |   1.9319172065455394e-04 |   1.9319172065455394e-04 | 1
  4,  6 |   9.7569857151015164e-05 |   9.7569857151015164e-05 | 1
  4,  7 |   1.7551618696418563e-04 |   1.7551618696418563e-04 | 1
  4,  8 |   1.4190512699855496e-04 |   1.4190512699855496e-04 | 1
  4,  9 |   1.5924205845055514e-04 |   1.5924205845055514e-04 | 1
  4, 10 |   2.0630579460835009e-04 |   2.0630579460835009e-04 | 1
  4, 11 |   2.3057280275393181e-04 |   2.3057280275393181e-04 | 1
  4, 12 |   7.4502654438913854e-05 |   7.4502654438913854e-05 | 1
  4, 13 |   2.3883779889158965e-04 |   2.3883779889158965e-04 | 1
  4, 14 |   2.5371589419786474e-04 |   2.5371589419786474e-04 | 1
  4, 15 |   5.2434261465050098e-04 |   5.2434261465050098e-04 | 1
  4, 16 |   1.7218583834075949e-04 |   1.7218583834075949e-04 | 1
  4, 17 |   1.7661577729127705e-04 |   1.7661577729127705e-04 | 1
  4, 18 |   1.0716728387437786e-04 |   1.0716728387437786e-04 | 1
  4, 19 |   2.1367255663405803e-04 |   2.1367255663405803e-04 | 1
  4, 20 |   1.9784347490426675e-04 |   1.9784347490426675e-04 | 1
  4, 21 |   1.2815492906629130e-04 |   1.2815492906629130e-04 | 1
  4, 22 |   1.1412364904587414e-04 |   1.1412364904587414e-04 | 1
  4, 23 |   1.2182159540850398e-04 |   1.2182159540850398e-04 | 1
  4, 24 |   1.8616516460458855e-04 |   1.8616516460458855e-04 | 1
  4, 25 |   1.3262913180745099e-04 |   1.3262913180745099e-04 | 1
  4, 26 |   1.5189353267552763e-04 |   1.5189353267552763e-04 | 1
  4, 27 |  -6.9782807168271231e-05 |  -6.9782807168271231e-05 | 1
  4, 28 |   1.5620627201108818e-04 |   1.5620627201108818e-04 | 1
  4, 29 |   1.9188389783466440e-04 |   1.9188389783466440e-04 | 1
  4, 30 |   1.4933273462275180e-04 |   1.4933273462275180e-04 | 1
  4, 31 |   1.1652476423792190e-04 |   1.1652476423792190e-04 | 1
  4, 32 |  -7.9311276403783447e-05 |  -7.9311276403783447e-05 | 1
  4, 33 |   2.8464968139711418e-04 |   2.8464968139711418e-04 | 1
  4, 34 |   1.1730993257432432e-04 |   1.1730993257432432e-04 | 1
  4, 35 |  -8.3527504638448706e-05 |  -8.3527504638448706e-05 | 1
  4, 36 |  -8.7466302135572657e-05 |  -8.7466302135572657e-05 | 1
  4, 37 |  -8.5075569830520329e-05 |  -8.5075569830520329e-05 | 1
  4, 38 |  -8.4091522211858329e-05 |  -8.4091522211858329e-05 | 1
  4, 39 |  -1.7014169211734148e-04 |  -1.7014169211734148e-04 | 1
  4, 40 |   0.0000000000000000e+00 |   0.0000000000000000e+00 | 1
  5,  1 |   2.5667524870357660e-04 |   2.5667524870357660e-04 | 1
  5,  2 |   1.9966994239476040e-04 |   1.9966994239476040e-04 | 1
  5,  3 |   2.2378339958835212e-04 |   2.2378339958835212e-04 | 1
  5,  4 |   1.9319172065455394e-04 |   1.9319172065455394e-04 | 1
  5,  5 |   2.7880725333038182e-02 |   2.7880725333038182e-02 | 1
  5,  6 |   2.3207355526447075e-04 |   2.3207355526447075e-04 | 1
  5,  7 |   1.9345366308903865e-04 |   1.9345366308903865e-04 | 1
  5,  8 |   1.8032132326785064e-04 |   1.8032132326785064e-04 | 1
  5,  9 |   2.4764956913769044e-04 |   2.4764956913769044e-04 | 1
  5, 10 |   1.1279510960844445e-04 |   1.1279510960844445e-04 | 1
  5, 11 |   2.9022771258716592e-04 |   2.9022771258716592e-04 | 1
  5, 12 |   7.8523347954419936e-05 |   7.8523347954419936e-05 | 1
  5, 13 |   1.6981462131499599e-04 |   1.6981462131499599e-04 | 1
  5, 14 |   2.2803312903150316e-04 |   2.2803312903150316e-04 | 1
  5, 15 |  -4.1115091679514495e-04 |  -4.1115091679514495e-04 | 1
  5, 16 |   1.4683202358632279e-04 |   1.4683202358632279e-04 | 1
  5, 17 |   2.7148480603439060e-04 |   2.7148480603439060e-04 | 1
  5, 18 |   2.2890664468073517e-04 |   2.2890664468073517e-04 | 1
  5, 19 |   1.2756200589453693e-04 |   1.2756200589453693e-04 | 1
  5, 20 |   2.1558509469641425e-04 |   2.1558509469641425e-04 | 1
  5, 21 |   3.6180556240455553e-04 |   3.6180556240455553e-04 | 1
  5, 22 |   1.9342780460703348e-04 |   1.9342780460703348e-04 | 1
  5, 23 |   3.3593772457360122e-04 |   3.3593772457360122e-04 | 1
  5, 24 |   2.0763732882562200e-04 |   2.0763732882562200e-04 | 1
  5, 25 |   1.7044781700329244e-04 |   1.7044781700329244e-04 | 1
  5, 26 |   2.8151801725965987e-04 |   2.8151801725965987e-04 | 1
  5, 27 |   1.6046661163347150e-05 |   1.6046661163347150e-05 | 1
  5, 28 |   1.8247177799431851e-04 |   1.8247177799431851e-04 | 1
  5, 29 |   2.1816809661382865e-04 |   2.1816809661382865e-04 | 1
  5, 30 |   2.3737641519648627e-04 |   2.3737641519648627e-04 | 1
  5, 31 |   1.7395427620012205e-04 |   1.7395427620012205e-04 | 1
  5, 32 |   1.8708486351881251e-04 |   1.8708486351881251e-04 | 1
  5, 33 |  -3.5773900879552189e-05 |  -3.5773900879552189e-05 | 1
  5, 34 |   6.4517679541474949e-05 |   6.4517679541474949e-05 | 1
  5, 35 |  -1.3203428731327035e-04 |  -1.3203428731327035e-04 | 1
  5, 36 |  -7.0760780012420844e-05 |  -7.0760780012420844e-05 | 1
  5, 37 |  -1.8400524809117442e-04 |  -1.8400524809117442e-04 | 1
  5, 38 |  -2.1356935455452651e-04 |  -2.1356935455452651e-04 | 1
  5, 39 |  -2.8490508385394919e-04 |  -2.8490508385394919e-04 | 1
  5, 40 |   0.0000000000000000e+00 |   0.0000000000000000e+00 | 1
  6,  1 |   1.1603546609662645e-04 |   1.1603546609662645e-04 | 1
  6,  2 |   9.4705470624885629e-05 |   9.4705470624885629e-05 | 1
  6,  3 |   9.5710117310708392e-05 |   9.5710117310708392e-05 | 1
  6,  4 |   9.7569857151015164e-05 |   9.7569857151015164e-05 | 1
  6,  5 |   2.3207355526447075e-04 |   2.3207355526447075e-04 | 1
  6,  6 |   2.0820286545166117e-02 |   2.0820286545166117e-02 | 1
  6,  7 |   8.7653244079215751e-05 |   8.7653244079215751e-05 | 1
  6,  8 |   8.5698810915791308e-05 |   8.5698810915791308e-05 | 1
  6,  9 |   1.1573967072203505e-04 |   1.1573967072203505e-04 | 1
  6, 10 |   7.2551514476363791e-05 |   7.2551514476363791e-05 | 1
  6, 11 |   2.2237445142572046e-04 |   2.2237445142572046e-04 | 1
  6, 12 |   4.8252376174669144e-05 |   4.8252376174669144e-05 | 1
  6, 13 |   8.7617711551975705e-05 |   8.7617711551975705e-05 | 1
  6, 14 |   1.3172051760736397e-04 |   1.3172051760736397e-04 | 1
  6, 15 |   2.3782777817657319e-05 |   2.3782777817657319e-05 | 1
  6, 16 |   9.5371887692676411e-05 |   9.5371887692676411e-05 | 1
  6, 17 |   1.2678481043776284e-04 |   1.2678481043776284e-04 | 1
  6, 18 |   1.0504631837275413e-04 |   1.0504631837275413e-04 | 1
  6, 19 |   1.0497883315434395e-04 |   1.0497883315434395e-04 | 1
  6, 20 |   1.2506222149671515e-04 |   1.2506222149671515e-04 | 1
  6, 21 |   1.5914099723906276e-04 |   1.5914099723906276e-04 | 1
  6, 22 |   1.0964926903460909e-04 |   1.0964926903460909e-04 | 1
  6, 23 |   1.3922550501471211e-04 |   1.3922550501471211e-04 | 1
  6, 24 |   1.2562922050292987e-04 |   1.2562922050292987e-04 | 1
  6, 25 |   8.5609604583498092e-05 |   8.5609604583498092e-05 | 1
  6, 26 |   1.4433881088772319e-04 |   1.4433881088772319e-04 | 1
  6, 27 |   1.2910991377673015e-04 |   1.2910991377673015e-04 | 1
  6, 28 |   1.1777166988119383e-04 |   1.1777166988119383e-04 | 1
  6, 29 |   1.2196910374301874e-04 |   1.2196910374301874e-04 | 1
  6, 30 |   1.4020774047390582e-04 |   1.4020774047390582e-04 | 1
  6, 31 |   1.1388712584169068e-04 |   1.1388712584169068e-04 | 1
  6, 32 |   5.0510419244185621e-05 |   5.0510419244185621e-05 | 1
  6, 33 |  -9.4610583294220938e-05 |  -9.4610583294220938e-05 | 1
  6, 34 |   1.1009946992609201e-04 |   1.1009946992609201e-04 | 1
  6, 35 |  -8.1522574254682702e-05 |  -8.1522574254682702e-05 | 1
  6, 36 |  -3.4415057302938505e-05 |  -3.4415057302938505e-05 | 1
  6, 37 |  -1.0100216635766452e-04 |  -1.0100216635766452e-04 | 1
  6, 38 |  -1.0763755040944177e-04 |  -1.0763755040944177e-04 | 1
  6, 39 |  -1.1432244450726193e-04 |  -1.1432244450726193e-04 | 1
  6, 40 |   0.0000000000000000e+00 |   0.0000000000000000e+00 | 1
  7,  1 |   1.6067430213258466e-04 |   1.6067430213258466e-04 | 1
  7,  2 |   1.3783262591159968e-04 |   1.3783262591159968e-04 | 1
  7,  3 |   1.4012044845275294e-04 |   1.4012044845275294e-04 | 1
  7,  4 |   1.7551618696418563e-04 |   1.7551618696418563e-04 | 1
  7,  5 |   1.9345366308903865e-04 |   1.9345366308903865e-04 | 1
  7,  6 |   8.7653244079215751e-05 |   8.7653244079215751e-05 | 1
  7,  7 |   2.1925521508216774e-02 |   2.1925521508216774e-02 | 1
  7,  8 |   1.5271336434004372e-04 |   1.5271336434004372e-04 | 1
  7,  9 |   1.7323114237229097e-04 |   1.7323114237229097e-04 | 1
  7, 10 |   2.0415394308655204e-04 |   2.0415394308655204e-04 | 1
  7, 11 |   3.3431370479297022e-04 |   3.3431370479297022e-04 | 1
  7, 12 |   1.0492939900398171e-04 |   1.0492939900398171e-04 | 1
  7, 13 |   2.0739160632201630e-04 |   2.0739160632201630e-04 | 1
  7, 14 |   2.4120703736766155e-04 |   2.4120703736766155e-04 | 1
  7, 15 |   3.8764819142443130e-04 |   3.8764819142443130e-04 | 1
  7, 16 |   2.0203037195945414e-04 |   2.0203037195945414e-04 | 1
  7, 17 |   1.8890342358716640e-04 |   1.8890342358716640e-04 | 1
  7, 18 |   1.0614353663435274e-04 |   1.0614353663435274e-04 | 1
  7, 19 |   2.0645419490374431e-04 |   2.0645419490374431e-04 | 1
  7, 20 |   2.0468084392616983e-04 |   2.0468084392616983e-04 | 1
  7, 21 |   1.2567522850594459e-04 |   1.2567522850594459e-04 | 1
  7, 22 |   1.8844368845187569e-04 |   1.8844368845187569e-04 | 1
  7, 23 |   1.4178500710963432e-04 |   1.4178500710963432e-04 | 1
  7, 24 |   2.1342546361307783e-04 |   2.1342546361307783e-04 | 1
  7, 25 |   1.4623564099841668e-04 |   1.4623564099841668e-04 | 1
  7, 26 |   1.7780484615926233e-04 |   1.7780484615926233e-04 | 1
  7, 27 |   9.3736776355348632e-05 |   9.3736776355348632e-05 | 1
  7, 28 |   2.1947558173369063e-04 |   2.1947558173369063e-04 | 1
  7, 29 |   2.0525234342841711e-04 |   2.0525234342841711e-04 | 1
  7, 30 |   1.9191989083270890e-04 |   1.9191989083270890e-04 | 1
  7, 31 |   1.8853207796087386e-04 |   1.8853207796087386e-04 | 1
  7, 32 |  -4.9118984989014261e-05 |  -4.9118984989014261e-05 | 1
  7, 33 |   6.9344493612045680e-05 |   6.9344493612045680e-05 | 1
  7, 34 |   2.0643100715900308e-04 |   2.0643100715900308e-04 | 1
  7, 35 |  -3.0265779943239607e-05 |  -3.0265779943239607e-05 | 1
  7, 36 |  -8.4236955374638407e-05 |  -8.4236955374638407e-05 | 1
  7, 37 |  -5.0886959396591658e-05 |  -5.0886959396591658e-05 | 1
  7, 38 |  -9.5266402556590159e-05 |  -9.5266402556590159e-05 | 1
  7, 39 |  -2.3362750995667195e-04 |  -2.3362750995667195e-04 | 1
  7, 40 |   0.0000000000000000e+00 |   0.0000000000000000e+00 | 1
  8,  1 |   1.2339620728536968e-04 |   1.2339620728536968e-04 | 1
  8,  2 |   1.1085558946201873e-04 |   1.1085558946201873e-04 | 1
  8,  3 |   9.5349710828040009e-05 |   9.5349710828040009e-05 | 1
  8,  4 |   1.4190512699855496e-04 |   1.4190512699855496e-04 | 1
  8,  5 |   1.8032132326785064e-04 |   1.8032132326785064e-04 | 1
  8,  6 |   8.5698810915791308e-05 |   8.5698810915791308e-05 | 1
  8,  7 |   1.5271336434004372e-04 |   1.5271336434004372e-04 | 1
  8,  8 |   2.2937307055646912e-03 |   2.2937307055646912e-03 | 1
  8,  9 |   1.3715087578072881e-04 |   1.3715087578072881e-04 | 1
  8, 10 |   1.9910162167233831e-04 |   1.9910162167233831e-04 | 1
  8, 11 |   3.2374898972381766e-04 |   3.2374898972381766e-04 | 1
  8, 12 |   7.8908909242689126e-05 |   7.8908909242689126e-05 | 1
  8, 13 |   1.6105906311868141e-04 |   1.6105906311868141e-04 | 1
  8, 14 |   2.0349087117709278e-04 |   2.0349087117709278e-04 | 1
  8, 15 |   4.3983464917535687e-04 |   4.3983464917535687e-04 | 1
  8, 16 |   1.7467281817364072e-04 |   1.7467281817364072e-04 | 1
  8, 17 |   1.4691792621477880e-04 |   1.4691792621477880e-04 | 1
  8, 18 |   7.0631914479118686e-05 |   7.0631914479118686e-05 | 1
  8, 19 |   1.7688728091714342e-04 |   1.7688728091714342e-04 | 1
  8, 20 |   1.7903984514261180e-04 |   1.7903984514261180e-04 | 1
  8, 21 |   1.1340054063044398e-04 |   1.1340054063044398e-04 | 1
  8, 22 |   1.6476461007139626e-04 |   1.6476461007139626e-04 | 1
  8, 23 |   1.2001493099206647e-04 |   1.2001493099206647e-04 | 1
  8, 24 |   1.9338339285701248e-04 |   1.9338339285701248e-04 | 1
  8, 25 |   1.2092412024354460e-04 |   1.2092412024354460e-04 | 1
  8, 26 |   1.2014754685231601e-04 |   1.2014754685231601e-04 | 1
  8, 27 |   1.4625477771761580e-04 |   1.4625477771761580e-04 | 1
  8, 28 |   1.7346284800966890e-04 |   1.7346284800966890e-04 | 1
  8, 29 |   1.6281224226905435e-04 |   1.6281224226905435e-04 | 1
  8, 30 |   1.6776862896843907e-04 |   1.6776862896843907e-04 | 1
  8, 31 |   1.6707117667305940e-04 |   1.6707117667305940e-04 | 1
  8, 32 |  -6.2044452676659968e-05 |  -6.2044452676659968e-05 | 1
  8, 33 |   2.5416260317658605e-05 |   2.5416260317658605e-05 | 1
  8, 34 |   2.0144021811452644e-04 |   2.0144021811452644e-04 | 1
  8, 35 |  -6.2814319893543009e-05 |  -6.2814319893543009e-05 | 1
  8, 36 |  -4.5365926802820426e-05 |  -4.5365926802820426e-05 | 1
  8, 37 |  -5.7939163737115990e-05 |  -5.7939163737115990e-05 | 1
  8, 38 |  -7.0269802966074315e-05 |  -7.0269802966074315e-05 | 1
  8, 39 |  -1.6789777420971231e-04 |  -1.6789777420971231e-04 | 1
  8, 40 |   0.0000000000000000e+00 |   0.0000000000000000e+00 | 1
  9,  1 |   1.5827784459319119e-04 |   1.5827784459319119e-04 | 1
  9,  2 |   1.3938580868069945e-04 |   1.3938580868069945e-04 | 1
  9,  3 |   1.2162829652652806e-04 |   1.2162829652652806e-04 | 1
  9,  4 |   1.5924205845055514e-04 |   1.5924205845055514e-04 | 1
  9,  5 |   2.4764956913769044e-04 |   2.4764956913769044e-04 | 1
  9,  6 |   1.1573967072203505e-04 |   1.1573967072203505e-04 | 1
  9,  7 |   1.7323114237229097e-04 |   1.7323114237229097e-04 | 1
  9,  8 |   1.3715087578072881e-04 |   1.3715087578072881e-04 | 1
  9,  9 |   9.5809184726278300e-03 |   9.5809184726278300e-03 | 1
  9, 10 |   1.4747717261740314e-04 |   1.4747717261740314e-04 | 1
  9, 11 |   2.6504269673531170e-04 |   2.6504269673531170e-04 | 1
  9, 12 |   7.2422758585295537e-05 |   7.2422758585295537e-05 | 1
  9, 13 |   1.9775575867183589e-04 |   1.9775575867183589e-04 | 1
  9, 14 |   2.4114681052782414e-04 |   2.4114681052782414e-04 | 1
  9, 15 |   3.0927344207609328e-04 |   3.0927344207609328e-04 | 1
  9, 16 |   1.6499692988083389e-04 |   1.6499692988083389e-04 | 1
  9, 17 |   1.8896821760131812e-04 |   1.8896821760131812e-04 | 1
  9, 18 |   1.2810846560383846e-04 |   1.2810846560383846e-04 | 1
  9, 19 |   1.8581882969008012e-04 |   1.8581882969008012e-04 | 1
  9, 20 |   1.8801774186288868e-04 |   1.8801774186288868e-04 | 1
  9, 21 |   1.6345167162945903e-04 |   1.6345167162945903e-04 | 1
  9, 22 |   1.2439021592711353e-04 |   1.2439021592711353e-04 | 1
  9, 23 |   1.2389501525919951e-04 |   1.2389501525919951e-04 | 1
  9, 24 |   1.7848887299623382e-04 |   1.7848887299623382e-04 | 1
  9, 25 |   1.3329367472319565e-04 |   1.3329367472319565e-04 | 1
  9, 26 |   1.7584362568739864e-04 |   1.7584362568739864e-04 | 1
  9, 27 |   5.8500204376484556e-06 |   5.8500204376484556e-06 | 1
  9, 28 |   1.7210366609675664e-04 |   1.7210366609675664e-04 | 1
  9, 29 |   1.9294124792422257e-04 |   1.9294124792422257e-04 | 1
  9, 30 |   1.7607496775094678e-04 |   1.7607496775094678e-04 | 1
  9, 31 |   1.4003602487031334e-04 |   1.4003602487031334e-04 | 1
  9, 32 |  -1.3369388116856518e-05 |  -1.3369388116856518e-05 | 1
  9, 33 |   1.3699912053897318e-04 |   1.3699912053897318e-04 | 1
  9, 34 |   1.2294245739319877e-04 |   1.2294245739319877e-04 | 1
  9, 35 |  -6.2447616192472325e-05 |  -6.2447616192472325e-05 | 1
  9, 36 |  -7.5403105347849215e-05 |  -7.5403105347849215e-05 | 1
  9, 37 |  -1.1310395343577851e-04 |  -1.1310395343577851e-04 | 1
  9, 38 |  -8.9699442604518651e-05 |  -8.9699442604518651e-05 | 1
  9, 39 |  -1.9696762166329033e-04 |  -1.9696762166329033e-04 | 1
  9, 40 |   0.0000000000000000e+00 |   0.0000000000000000e+00 | 1
 10,  1 |   1.2357781457499306e-04 |   1.2357781457499306e-04 | 1
 10,  2 |   1.2061635785257784e-04 |   1.2061635785257784e-04 | 1
 10,  3 |   1.0685015353192184e-04 |   1.0685015353192184e-04 | 1
 10,  4 |   2.0630579460835009e-04 |   2.0630579460835009e-04 | 1
 10,  5 |   1.1279510960844445e-04 |   1.1279510960844445e-04 | 1
 10,  6 |   7.2551514476363791e-05 |   7.2551514476363791e-05 | 1
 10,  7 |   2.0415394308655204e-04 |   2.0415394308655204e-04 | 1
 10,  8 |   1.9910162167233831e-04 |   1.9910162167233831e-04 | 1
 10,  9 |   1.4747717261740314e-04 |   1.4747717261740314e-04 | 1
 10, 10 |   1.8534365091690923e-02 |   1.8534365091690923e-02 | 1
 10, 11 |   3.9621541173266576e-04 |   3.9621541173266576e-04 | 1
 10, 12 |   1.4548784481708106e-04 |   1.4548784481708106e-04 | 1
 10, 13 |   3.5169615500733767e-04 |   3.5169615500733767e-04 | 1
 10, 14 |   3.1277318888634441e-04 |   3.1277318888634441e-04 | 1
 10, 15 |   1.1775783943956983e-03 |   1.1775783943956983e-03 | 1
 10, 16 |   2.6975548801153732e-04 |   2.6975548801153732e-04 | 1
 10, 17 |   1.6712403049349791e-04 |   1.6712403049349791e-04 | 1
 10, 18 |   2.6501609294167487e-05 |   2.6501609294167487e-05 | 1
 10, 19 |   3.4343076508411914e-04 |   3.4343076508411914e-04 | 1
 10, 20 |   2.4883208358919215e-04 |   2.4883208358919215e-04 | 1
 10, 21 |   4.0983819148739654e-05 |   4.0983819148739654e-05 | 1
 10, 22 |   1.9874119479326089e-04 |   1.9874119479326089e-04 | 1
 10, 23 |   1.0625870101105359e-04 |   1.0625870101105359e-04 | 1
 10, 24 |   2.9995570824050820e-04 |   2.9995570824050820e-04 | 1
 10, 25 |   1.6464392784879006e-04 |   1.6464392784879006e-04 | 1
 10, 26 |   9.9287234740524693e-05 |   9.9287234740524693e-05 | 1
 10, 27 |   3.5692642553282950e-05 |   3.5692642553282950e-05 | 1
 10, 28 |   2.0590178069618211e-04 |   2.0590178069618211e-04 | 1
 10, 29 |   2.4217260861432498e-04 |   2.4217260861432498e-04 | 1
 10, 30 |   1.7770468886665934e-04 |   1.7770468886665934e-04 | 1
 10, 31 |   1.7856879050612954e-04 |   1.7856879050612954e-04 | 1
 10, 32 |  -2.8902859450880827e-04 |  -2.8902859450880827e-04 | 1
 10, 33 |   4.2966552989939951e-04 |   4.2966552989939951e-04 | 1
 10, 34 |   2.8824068993076079e-04 |   2.8824068993076079e-04 | 1
 10, 35 |  -7.2392935667389360e-05 |  -7.2392935667389360e-05 | 1
 10, 36 |  -5.5945830142655281e-06 |  -5.5945830142655281e-06 | 1
 10, 37 |  -5.8075918123130638e-06 |  -5.8075918123130638e-06 | 1
 10, 38 |  -7.9411744796851867e-05 |  -7.9411744796851867e-05 | 1
 10, 39 |  -1.9652592047743315e-04 |  -1.9652592047743315e-04 | 1
 10, 40 |   0.0000000000000000e+00 |   0.0000000000000000e+00 | 1
 11,  1 |   2.6966188437338608e-04 |   2.6966188437338608e-04 | 1
 11,  2 |   2.2589885783944137e-04 |   2.2589885783944137e-04 | 1
 11,  3 |   2.2773305201692298e-04 |   2.2773305201692298e-04 | 1
 11,  4 |   2.3057280275393181e-04 |   2.3057280275393181e-04 | 1
 11,  5 |   2.9022771258716592e-04 |   2.9022771258716592e-04 | 1
 11,  6 |   2.2237445142572046e-04 |   2.2237445142572046e-04 | 1
 11,  7 |   3.3431370479297022e-04 |   3.3431370479297022e-04 | 1
 11,  8 |   3.2374898972381766e-04 |   3.2374898972381766e-04 | 1
 11,  9 |   2.6504269673531170e-04 |   2.6504269673531170e-04 | 1
 11, 10 |   3.9621541173266576e-04 |   3.9621541173266576e-04 | 1
 11, 11 |   2.3161403897835478e-03 |   2.3161403897835478e-03 | 1
 11, 12 |   4.6697203565939326e-04 |   4.6697203565939326e-04 | 1
 11, 13 |  -4.2082498354555195e-04 |  -4.2082498354555195e-04 | 1
 11, 14 |   7.9051315368590996e-05 |   7.9051315368590996e-05 | 1
 11, 15 |   1.0215214925349127e-03 |   1.0215214925349127e-03 | 1
 11, 16 |   5.9744697951513335e-04 |   5.9744697951513335e-04 | 1
 11, 17 |   2.8884107551075246e-04 |   2.8884107551075246e-04 | 1
 11, 18 |   1.6044986005584488e-04 |   1.6044986005584488e-04 | 1
 11, 19 |   1.1152100206982042e-04 |   1.1152100206982042e-04 | 1
 11, 20 |   4.9419700549966847e-04 |   4.9419700549966847e-04 | 1
 11, 21 |   3.6426637762889406e-04 |   3.6426637762889406e-04 | 1
 11, 22 |   1.1787151991424958e-03 |   1.1787151991424958e-03 | 1
 11, 23 |   2.9337599990325624e-04 |   2.9337599990325624e-04 | 1
 11, 24 |   7.7355150522417286e-04 |   7.7355150522417286e-04 | 1
 11, 25 |   3.9541204163104728e-04 |   3.9541204163104728e-04 | 1
 11, 26 |   2.7322116905264594e-04 |   2.7322116905264594e-04 | 1
 11, 27 |   3.4373210434198503e-03 |   3.4373210434198503e-03 | 1
 11, 28 |   1.0603459493659124e-03 |   1.0603459493659124e-03 | 1
 11, 29 |   2.7800146531469161e-04 |   2.7800146531469161e-04 | 1
 11, 30 |   9.1667496433834195e-04 |   9.1667496433834195e-04 | 1
 11, 31 |   1.3343797795103789e-03 |   1.3343797795103789e-03 | 1
 11, 32 |   1.7016640834252041e-04 |   1.7016640834252041e-04 | 1
 11, 33 |  -3.5352803519605692e-03 |  -3.5352803519605692e-03 | 1
 11, 34 |   1.8154482231439286e-03 |   1.8154482231439286e-03 | 1
 11, 35 |  -1.5079840526941465e-04 |  -1.5079840526941465e-04 | 1
 11, 36 |  -1.1418123847715298e-04 |  -1.1418123847715298e-04 | 1
 11, 37 |  -1.2497082458694223e-04 |  -1.2497082458694223e-04 | 1
 11, 38 |  -9.2451975458871351e-05 |  -9.2451975458871351e-05 | 1
 11, 39 |  -3.8203834917666546e-04 |  -3.8203834917666546e-04 | 1
 11, 40 |   0.0000000000000000e+00 |   0.0000000000000000e+00 | 1
 12,  1 |   7.0319114883526034e-05 |   7.0319114883526034e-05 | 1
 12,  2 |   6.2807486934894516e-05 |   6.2807486934894516e-05 | 1
 12,  3 |   4.6350563032650384e-05 |   4.6350563032650384e-05 | 1
 12,  4 |   7.4502654438913854e-05 |   7.4502654438913854e-05 | 1
 12,  5 |   7.8523347954419936e-05 |   7.8523347954419936e-05 | 1
 12,  6 |   4.8252376174669144e-05 |   4.8252376174669144e-05 | 1
 12,  7 |   1.0492939900398171e-04 |   1.0492939900398171e-04 | 1
 12,  8 |   7.8908909242689126e-05 |   7.8908909242689126e-05 | 1
 12,  9 |   7.2422758585295537e-05 |   7.2422758585295537e-05 | 1
 12, 10 |   1.4548784481708106e-04 |   1.4548784481708106e-04 | 1
 12, 11 |   4.6697203565939326e-04 |   4.6697203565939326e-04 | 1
 12, 12 |   1.4352120183118130e-02 |   1.4352120183118130e-02 | 1
 12, 13 |  -1.0443924096468720e-05 |  -1.0443924096468720e-05 | 1
 12, 14 |   7.9233702340793778e-05 |   7.9233702340793778e-05 | 1
 12, 15 |   4.4104635986195480e-04 |   4.4104635986195480e-04 | 1
 12, 16 |   1.5140087188756577e-04 |   1.5140087188756577e-04 | 1
 12, 17 |   8.7395316540023427e-05 |   8.7395316540023427e-05 | 1
 12, 18 |   3.2033915795239552e-05 |   3.2033915795239552e-05 | 1
 12, 19 |   8.7850926581548461e-05 |   8.7850926581548461e-05 | 1
 12, 20 |   1.5659017781167358e-04 |   1.5659017781167358e-04 | 1
 12, 21 |   8.6658826159045658e-05 |   8.6658826159045658e-05 | 1
 12, 22 |   2.1631216554302945e-04 |   2.1631216554302945e-04 | 1
 12, 23 |   4.8486029927803511e-05 |   4.8486029927803511e-05 | 1
 12, 24 |   1.9209900411403761e-04 |   1.9209900411403761e-04 | 1
 12, 25 |   1.0838305595899278e-04 |   1.0838305595899278e-04 | 1
 12, 26 |   7.1882044495894085e-05 |   7.1882044495894085e-05 | 1
 12, 27 |   6.6310557856346752e-04 |   6.6310557856346752e-04 | 1
 12, 28 |   2.4201969365338717e-04 |   2.4201969365338717e-04 | 1
 12, 29 |   1.0375175254820411e-04 |   1.0375175254820411e-04 | 1
 12, 30 |   1.9441057135441165e-04 |   1.9441057135441165e-04 | 1
 12, 31 |   2.9132398062509926e-04 |   2.9132398062509926e-04 | 1
 12, 32 |  -2.8096541562531111e-05 |  -2.8096541562531111e-05 | 1
 12, 33 |  -5.9578994826642783e-04 |  -5.9578994826642783e-04 | 1
 12, 34 |   4.0111061686652486e-04 |   4.0111061686652486e-04 | 1
 12, 35 |  -5.8523011905673111e-05 |  -5.8523011905673111e-05 | 1
 12, 36 |  -6.9992722998077670e-05 |  -6.9992722998077670e-05 | 1
 12, 37 |  -6.0988434380938655e-05 |  -6.0988434380938655e-05 | 1
 12, 38 |  -9.9199418202747805e-05 |  -9.9199418202747805e-05 | 1
 12, 39 |  -3.6908948156381994e-05 |  -3.6908948156381994e-05 | 1
 12, 40 |   0.0000000000000000e+00 |   0.0000000000000000e+00 | 1
 13,  1 |   1.4687225836924834e-04 |   1.4687225836924834e-04 | 1
 13,  2 |   1.5943985037771512e-04 |   1.5943985037771512e-04 | 1
 13,  3 |   1.0507543002628354e-04 |   1.0507543002628354e-04 | 1
 13,  4 |   2.3883779889158965e-04 |   2.3883779889158965e-04 | 1
 13,  5 |   1.6981462131499599e-04 |   1.6981462131499599e-04 | 1
 13,  6 |   8.7617711551975705e-05 |   8.7617711551975705e-05 | 1
 13,  7 |   2.0739160632201630e-04 |   2.0739160632201630e-04 | 1
 13,  8 |   1.6105906311868141e-04 |   1.6105906311868141e-04 | 1
 13,  9 |   1.9775575867183589e-04 |   1.9775575867183589e-04 | 1
 13, 10 |   3.5169615500733767e-04 |   3.5169615500733767e-04 | 1
 13, 11 |  -4.2082498354555195e-04 |  -4.2082498354555195e-04 | 1
 13, 12 |  -1.0443924096468720e-05 |  -1.0443924096468720e-05 | 1
 13, 13 |   1.7116208085209934e-02 |   1.7116208085209934e-02 | 1
 13, 14 |   4.7114287701420352e-04 |   4.7114287701420352e-04 | 1
 13, 15 |   1.0347116940274963e-03 |   1.0347116940274963e-03 | 1
 13, 16 |   1.2469706859381450e-04 |   1.2469706859381450e-04 | 1
 13, 17 |   2.0905335274653994e-04 |   2.0905335274653994e-04 | 1
 13, 18 |   1.1193878243272457e-04 |   1.1193878243272457e-04 | 1
 13, 19 |   4.2229454527458387e-04 |   4.2229454527458387e-04 | 1
 13, 20 |   1.9181203136071971e-04 |   1.9181203136071971e-04 | 1
 13, 21 |   7.8514526778639902e-05 |   7.8514526778639902e-05 | 1
 13, 22 |  -2.0678628478208223e-04 |  -2.0678628478208223e-04 | 1
 13, 23 |   9.6487393319943455e-05 |   9.6487393319943455e-05 | 1
 13, 24 |   9.0805818165485823e-05 |   9.0805818165485823e-05 | 1
 13, 25 |   1.1930842658407948e-04 |   1.1930842658407948e-04 | 1
 13, 26 |   1.5216499754361134e-04 |   1.5216499754361134e-04 | 1
 13, 27 |  -1.4434886325504679e-03 |  -1.4434886325504679e-03 | 1
 13, 28 |  -1.1106443234583781e-04 |  -1.1106443234583781e-04 | 1
 13, 29 |   2.6955769943447705e-04 |   2.6955769943447705e-04 | 1
 13, 30 |  -5.9050104553151326e-05 |  -5.9050104553151326e-05 | 1
 13, 31 |  -2.7945425563452223e-04 |  -2.7945425563452223e-04 | 1
 13, 32 |  -3.3243429961658962e-04 |  -3.3243429961658962e-04 | 1
 13, 33 |   2.0277272527999502e-03 |   2.0277272527999502e-03 | 1
 13, 34 |  -4.2037780483630697e-04 |  -4.2037780483630697e-04 | 1
 13, 35 |  -1.0712368871129604e-04 |  -1.0712368871129604e-04 | 1
 13, 36 |  -1.0374629860660444e-04 |  -1.0374629860660444e-04 | 1
 13, 37 |  -1.1867529207420878e-04 |  -1.1867529207420878e-04 | 1
 13, 38 |  -1.1371453751004406e-04 |  -1.1371453751004406e-04 | 1
 13, 39 |  -1.3253804370670196e-04 |  -1.3253804370670196e-04 | 1
 13, 40 |   0.0000000000000000e+00 |   0.0000000000000000e+00 | 1
 14,  1 |   2.0090399909278940e-04 |   2.0090399909278940e-04 | 1
 14,  2 |   1.9624325354033914e-04 |   1.9624325354033914e-04 | 1
 14,  3 |   1.6144281214602009e-04 |   1.6144281214602009e-04 | 1
 14,  4 |   2.5371589419786474e-04 |   2.5371589419786474e-04 | 1
 14,  5 |   2.2803312903150316e-04 |   2.2803312903150316e-04 | 1
 14,  6 |   1.3172051760736397e-04 |   1.3172051760736397e-04 | 1
 14,  7 |   2.4120703736766155e-04 |   2.4120703736766155e-04 | 1
 14,  8 |   2.0349087117709278e-04 |   2.0349087117709278e-04 | 1
 14,  9 |   2.4114681052782414e-04 |   2.4114681052782414e-04 | 1
 14, 10 |   3.1277318888634441e-04 |   3.1277318888634441e-04 | 1
 14, 11 |   7.9051315368590996e-05 |   7.9051315368590996e-05 | 1
 14, 12 |   7.9233702340793778e-05 |   7.9233702340793778e-05 | 1
 14, 13 |   4.7114287701420352e-04 |   4.7114287701420352e-04 | 1
 14, 14 |   1.5317270723564629e-02 |   1.5317270723564629e-02 | 1
 14, 15 |   8.7867150635596836e-04 |   8.7867150635596836e-04 | 1
 14, 16 |   2.1295941411208461e-04 |   2.1295941411208461e-04 | 1
 14, 17 |   2.5506989431800119e-04 |   2.5506989431800119e-04 | 1
 14, 18 |   1.7023572495585386e-04 |   1.7023572495585386e-04 | 1
 14, 19 |   3.6507991907949332e-04 |   3.6507991907949332e-04 | 1
 14, 20 |   2.3957647459475444e-04 |   2.3957647459475444e-04 | 1
 14, 21 |   1.5983989680902174e-04 |   1.5983989680902174e-04 | 1
 14, 22 |   6.2020391204828520e-05 |   6.2020391204828520e-05 | 1
 14, 23 |   1.5028730187654897e-04 |   1.5028730187654897e-04 | 1
 14, 24 |   2.0682991239838548e-04 |   2.0682991239838548e-04 | 1
 14, 25 |   1.8048437564302847e-04 |   1.8048437564302847e-04 | 1
 14, 26 |   2.2870363919372293e-04 |   2.2870363919372293e-04 | 1
 14, 27 |  -6.1994912908020904e-04 |  -6.1994912908020904e-04 | 1
 14, 28 |   1.1499482008757321e-04 |   1.1499482008757321e-04 | 1
 14, 29 |   2.9028233178430483e-04 |   2.9028233178430483e-04 | 1
 14, 30 |   1.4728903306272220e-04 |   1.4728903306272220e-04 | 1
 14, 31 |   9.2230650200716696e-06 |   9.2230650200716696e-06 | 1
 14, 32 |  -1.8501182601545510e-04 |  -1.8501182601545510e-04 | 1
 14, 33 |   1.0308659944450603e-03 |   1.0308659944450603e-03 | 1
 14, 34 |  -5.4631363566409799e-05 |  -5.4631363566409799e-05 | 1
 14, 35 |  -8.4683323420024379e-05 |  -8.4683323420024379e-05 | 1
 14, 36 |  -1.1378321650289288e-04 |  -1.1378321650289288e-04 | 1
 14, 37 |  -1.4435986692819396e-04 |  -1.4435986692819396e-04 | 1
 14, 38 |  -8.4591722343375344e-05 |  -8.4591722343375344e-05 | 1
 14, 39 |  -2.5019165286462036e-04 |  -2.5019165286462036e-04 | 1
 14, 40 |   0.0000000000000000e+00 |   0.0000000000000000e+00 | 1
 15,  1 |   1.5986422796421951e-04 |   1.5986422796421951e-04 | 1
 15,  2 |   2.9364535025405778e-04 |   2.9364535025405778e-04 | 1
 15,  3 |   1.2001667949505451e-04 |   1.2001667949505451e-04 | 1
 15,  4 |   5.2434261465050098e-04 |   5.2434261465050098e-04 | 1
 15,  5 |  -4.1115091679514495e-04 |  -4.1115091679514495e-04 | 1
 15,  6 |   2.3782777817657319e-05 |   2.3782777817657319e-05 | 1
 15,  7 |   3.8764819142443130e-04 |   3.8764819142443130e-04 | 1
 15,  8 |   4.3983464917535687e-04 |   4.3983464917535687e-04 | 1
 15,  9 |   3.0927344207609328e-04 |   3.0927344207609328e-04 | 1
 15, 10 |   1.1775783943956983e-03 |   1.1775783943956983e-03 | 1
 15, 11 |   1.0215214925349127e-03 |   1.0215214925349127e-03 | 1
 15, 12 |   4.4104635986195480e-04 |   4.4104635986195480e-04 | 1
 15, 13 |   1.0347116940274963e-03 |   1.0347116940274963e-03 | 1
 15, 14 |   8.7867150635596836e-04 |   8.7867150635596836e-04 | 1
 15, 15 |   2.7138957347927331e-02 |   2.7138957347927331e-02 | 1
 15, 16 |   6.8560041609931198e-04 |   6.8560041609931198e-04 | 1
 15, 17 |   3.0349315904303347e-04 |   3.0349315904303347e-04 | 1
 15, 18 |   1.7671988125575794e-04 |   1.7671988125575794e-04 | 1
 15, 19 |   1.1221472506312835e-03 |   1.1221472506312835e-03 | 1
 15, 20 |   6.2485221613685880e-04 |   6.2485221613685880e-04 | 1
 15, 21 |  -8.7383536999856149e-05 |  -8.7383536999856149e-05 | 1
 15, 22 |   4.5170815008047750e-04 |   4.5170815008047750e-04 | 1
 15, 23 |  -5.0910416232317953e-05 |  -5.0910416232317953e-05 | 1
 15, 24 |   7.3919156844891548e-04 |   7.3919156844891548e-04 | 1
 15, 25 |   4.2316666296955165e-04 |   4.2316666296955165e-04 | 1
 15, 26 |   3.3288697296710349e-04 |   3.3288697296710349e-04 | 1
 15, 27 |   1.3561322098055583e-04 |   1.3561322098055583e-04 | 1
 15, 28 |   5.3192177434544224e-04 |   5.3192177434544224e-04 | 1
 15, 29 |   6.2063357405970189e-04 |   6.2063357405970189e-04 | 1
 15, 30 |   4.8186343882632154e-04 |   4.8186343882632154e-04 | 1
 15, 31 |   3.1879135509946607e-04 |   3.1879135509946607e-04 | 1
 15, 32 |  -1.1819428456045058e-03 |  -1.1819428456045058e-03 | 1
 15, 33 |   1.5520938167247306e-03 |   1.5520938167247306e-03 | 1
 15, 34 |   8.7516251576278542e-04 |   8.7516251576278542e-04 | 1
 15, 35 |  -3.2763571298108525e-04 |  -3.2763571298108525e-04 | 1
 15, 36 |  -2.7526525540667738e-04 |  -2.7526525540667738e-04 | 1
 15, 37 |  -2.3950388321124260e-04 |  -2.3950388321124260e-04 | 1
 15, 38 |   9.5444447913424412e-05 |   9.5444447913424412e-05 | 1
 15, 39 |  -7.4576739775786770e-05 |  -7.4576739775786770e-05 | 1
 15, 40 |   0.0000000000000000e+00 |   0.0000000000000000e+00 | 1
 16,  1 |   1.4713935529402463e-04 |   1.4713935529402463e-04 | 1
 16,  2 |   1.3508519608968053e-04 |   1.3508519608968053e-04 | 1
 16,  3 |   1.2279728092463822e-04 |   1.2279728092463822e-04 | 1
 16,  4 |   1.7218583834075949e-04 |   1.7218583834075949e-04 | 1
 16,  5 |   1.4683202358632279e-04 |   1.4683202358632279e-04 | 1
 16,  6 |   9.5371887692676411e-05 |   9.5371887692676411e-05 | 1
 16,  7 |   2.0203037195945414e-04 |   2.0203037195945414e-04 | 1
 16,  8 |   1.7467281817364072e-04 |   1.7467281817364072e-04 | 1
 16,  9 |   1.6499692988083389e-04 |   1.6499692988083389e-04 | 1
 16, 10 |   2.6975548801153732e-04 |   2.6975548801153732e-04 | 1
 16, 11 |   5.9744697951513335e-04 |   5.9744697951513335e-04 | 1
 16, 12 |   1.5140087188756577e-04 |   1.5140087188756577e-04 | 1
 16, 13 |   1.2469706859381450e-04 |   1.2469706859381450e-04 | 1
 16, 14 |   2.1295941411208461e-04 |   2.1295941411208461e-04 | 1
 16, 15 |   6.8560041609931198e-04 |   6.8560041609931198e-04 | 1
 16, 16 |   3.0722157957061309e-03 |   3.0722157957061309e-03 | 1
 16, 17 |   1.7812935890105811e-04 |   1.7812935890105811e-04 | 1
 16, 18 |   8.7999092763862952e-05 |   8.7999092763862952e-05 | 1
 16, 19 |   2.0050268267808770e-04 |   2.0050268267808770e-04 | 1
 16, 20 |   2.2348983582832693e-04 |   2.2348983582832693e-04 | 1
 16, 21 |   1.2850687284823151e-04 |   1.2850687284823151e-04 | 1
 16, 22 |   3.1569492787132550e-04 |   3.1569492787132550e-04 | 1
 16, 23 |   1.2945200624988156e-04 |   1.2945200624988156e-04 | 1
 16, 24 |   2.8388537091804280e-04 |   2.8388537091804280e-04 | 1
 16, 25 |   1.7533895529571090e-04 |   1.7533895529571090e-04 | 1
 16, 26 |   1.3828037858406667e-04 |   1.3828037858406667e-04 | 1
 16, 27 |   5.2790327768611534e-04 |   5.2790327768611534e-04 | 1
 16, 28 |   3.0749484876779255e-04 |   3.0749484876779255e-04 | 1
 16, 29 |   2.0167753496000017e-04 |   2.0167753496000017e-04 | 1
 16, 30 |   2.7637935975383755e-04 |   2.7637935975383755e-04 | 1
 16, 31 |   3.3216657390432560e-04 |   3.3216657390432560e-04 | 1
 16, 32 |  -7.6175901039690527e-05 |  -7.6175901039690527e-05 | 1
 16, 33 |  -3.3787502311430226e-04 |  -3.3787502311430226e-04 | 1
 16, 34 |   4.2370314421827761e-04 |   4.2370314421827761e-04 | 1
 16, 35 |  -5.3713531033868943e-05 |  -5.3713531033868943e-05 | 1
 16, 36 |  -5.9865934309406870e-05 |  -5.9865934309406870e-05 | 1
 16, 37 |  -5.6830151185624414e-05 |  -5.6830151185624414e-05 | 1
 16, 38 |  -4.9721620570816746e-05 |  -4.9721620570816746e-05 | 1
 16, 39 |  -2.2327177557361104e-04 |  -2.2327177557361104e-04 | 1
 16, 40 |   0.0000000000000000e+00 |   0.0000000000000000e+00 | 1
 17,  1 |   1.8031200017191778e-04 |   1.8031200017191778e-04 | 1
 17,  2 |   1.5703705332674006e-04 |   1.5703705332674006e-04 | 1
 17,  3 |   1.4041019772832202e-04 |   1.4041019772832202e-04 | 1
 17,  4 |   1.7661577729127705e-04 |   1.7661577729127705e-04 | 1
 17,  5 |   2.7148480603439060e-04 |   2.7148480603439060e-04 | 1
 17,  6 |   1.2678481043776284e-04 |   1.2678481043776284e-04 | 1
 17,  7 |   1.8890342358716640e-04 |   1.8890342358716640e-04 | 1
 17,  8 |   1.4691792621477880e-04 |   1.4691792621477880e-04 | 1
 17,  9 |   1.8896821760131812e-04 |   1.8896821760131812e-04 | 1
 17, 10 |   1.6712403049349791e-04 |   1.6712403049349791e-04 | 1
 17, 11 |   2.8884107551075246e-04 |   2.8884107551075246e-04 | 1
 17, 12 |   8.7395316540023427e-05 |   8.7395316540023427e-05 | 1
 17, 13 |   2.0905335274653994e-04 |   2.0905335274653994e-04 | 1
 17, 14 |   2.5506989431800119e-04 |   2.5506989431800119e-04 | 1
 17, 15 |   3.0349315904303347e-04 |   3.0349315904303347e-04 | 1
 17, 16 |   1.7812935890105811e-04 |   1.7812935890105811e-04 | 1
 17, 17 |   4.2991431265326620e-03 |   4.2991431265326620e-03 | 1
 17, 18 |   1.4489346805657494e-04 |   1.4489346805657494e-04 | 1
 17, 19 |   1.9722924419589361e-04 |   1.9722924419589361e-04 | 1
 17, 20 |   2.1606012784089544e-04 |   2.1606012784089544e-04 | 1
 17, 21 |   1.9150572492711320e-04 |   1.9150572492711320e-04 | 1
 17, 22 |   1.4860886512153897e-04 |   1.4860886512153897e-04 | 1
 17, 23 |   1.5756502617393100e-04 |   1.5756502617393100e-04 | 1
 17, 24 |   1.9884827208397553e-04 |   1.9884827208397553e-04 | 1
 17, 25 |   1.5281288990175404e-04 |   1.5281288990175404e-04 | 1
 17, 26 |   2.0659272778601420e-04 |   2.0659272778601420e-04 | 1
 17, 27 |   4.1843201538384504e-05 |   4.1843201538384504e-05 | 1
 17, 28 |   1.9910810671589703e-04 |   1.9910810671589703e-04 | 1
 17, 29 |   2.1280212983400547e-04 |   2.1280212983400547e-04 | 1
 17, 30 |   1.9879465543457426e-04 |   1.9879465543457426e-04 | 1
 17, 31 |   1.6937009144862963e-04 |   1.6937009144862963e-04 | 1
 17, 32 |  -3.5665810749104088e-06 |  -3.5665810749104088e-06 | 1
 17, 33 |   9.7534517738846131e-05 |   9.7534517738846131e-05 | 1
 17, 34 |   1.5288357489976108e-04 |   1.5288357489976108e-04 | 1
 17, 35 |  -7.8115698752516372e-05 |  -7.8115698752516372e-05 | 1
 17, 36 |  -1.1230529364775035e-04 |  -1.1230529364775035e-04 | 1
 17, 37 |  -1.3412991102826501e-04 |  -1.3412991102826501e-04 | 1
 17, 38 |  -1.3720185867546590e-04 |  -1.3720185867546590e-04 | 1
 17, 39 |  -1.9384906878393629e-04 |  -1.9384906878393629e-04 | 1
 17, 40 |   0.0000000000000000e+00 |   0.0000000000000000e+00 | 1
 18,  1 |   1.2636254310443863e-04 |   1.2636254310443863e-04 | 1
 18,  2 |   1.1479895508324483e-04 |   1.1479895508324483e-04 | 1
 18,  3 |   7.7373636126887784e-05 |   7.7373636126887784e-05 | 1
 18,  4 |   1.0716728387437786e-04 |   1.0716728387437786e-04 | 1
 18,  5 |   2.2890664468073517e-04 |   2.2890664468073517e-04 | 1
 18,  6 |   1.0504631837275413e-04 |   1.0504631837275413e-04 | 1
 18,  7 |   1.0614353663435274e-04 |   1.0614353663435274e-04 | 1
 18,  8 |   7.0631914479118686e-05 |   7.0631914479118686e-05 | 1
 18,  9 |   1.2810846560383846e-04 |   1.2810846560383846e-04 | 1
 18, 10 |   2.6501609294167487e-05 |   2.6501609294167487e-05 | 1
 18, 11 |   1.6044986005584488e-04 |   1.6044986005584488e-04 | 1
 18, 12 |   3.2033915795239552e-05 |   3.2033915795239552e-05 | 1
 18, 13 |   1.1193878243272457e-04 |   1.1193878243272457e-04 | 1
 18, 14 |   1.7023572495585386e-04 |   1.7023572495585386e-04 | 1
 18, 15 |   1.7671988125575794e-04 |   1.7671988125575794e-04 | 1
 18, 16 |   8.7999092763862952e-05 |   8.7999092763862952e-05 | 1
 18, 17 |   1.4489346805657494e-04 |   1.4489346805657494e-04 | 1
 18, 18 |   1.8905865612885205e-02 |   1.8905865612885205e-02 | 1
 18, 19 |   1.1467376774583604e-04 |   1.1467376774583604e-04 | 1
 18, 20 |   1.6806849448177232e-04 |   1.6806849448177232e-04 | 1
 18, 21 |   1.6727904763854282e-04 |   1.6727904763854282e-04 | 1
 18, 22 |   4.8770219090203359e-05 |   4.8770219090203359e-05 | 1
 18, 23 |   8.5156919925672838e-05 |   8.5156919925672838e-05 | 1
 18, 24 |   1.1352498233948292e-04 |   1.1352498233948292e-04 | 1
 18, 25 |   9.3327487492484391e-05 |   9.3327487492484391e-05 | 1
 18, 26 |   1.8363641585117933e-04 |   1.8363641585117933e-04 | 1
 18, 27 |   6.8043868046355281e-05 |   6.8043868046355281e-05 | 1
 18, 28 |   1.3036504296564291e-04 |   1.3036504296564291e-04 | 1
 18, 29 |   1.2796972083029809e-04 |   1.2796972083029809e-04 | 1
 18, 30 |   1.3258352514600673e-04 |   1.3258352514600673e-04 | 1
 18, 31 |   9.0524613200398284e-05 |   9.0524613200398284e-05 | 1
 18, 32 |   5.1405448022893903e-05 |   5.1405448022893903e-05 | 1
 18, 33 |  -2.5482343878645534e-05 |  -2.5482343878645534e-05 | 1
 18, 34 |   8.0281574349407036e-05 |   8.0281574349407036e-05 | 1
 18, 35 |  -1.0599533436049890e-04 |  -1.0599533436049890e-04 | 1
 18, 36 |  -1.4490669854274962e-04 |  -1.4490669854274962e-04 | 1
 18, 37 |  -1.6564695181477124e-04 |  -1.6564695181477124e-04 | 1
 18, 38 |  -1.2120749717849815e-04 |  -1.2120749717849815e-04 | 1
 18, 39 |  -5.5269069550046971e-05 |  -5.5269069550046971e-05 | 1
 18, 40 |   0.0000000000000000e+00 |   0.0000000000000000e+00 | 1
 19,  1 |   1.4307703741091199e-04 |   1.4307703741091199e-04 | 1
 19,  2 |   1.5315032080517792e-04 |   1.5315032080517792e-04 | 1
 19,  3 |   1.0624070091189465e-04 |   1.0624070091189465e-04 | 1
 19,  4 |   2.1367255663405803e-04 |   2.1367255663405803e-04 | 1
 19,  5 |   1.2756200589453693e-04 |   1.2756200589453693e-04 | 1
 19,  6 |   1.0497883315434395e-04 |   1.0497883315434395e-04 | 1
 19,  7 |   2.0645419490374431e-04 |   2.0645419490374431e-04 | 1
 19,  8 |   1.7688728091714342e-04 |   1.7688728091714342e-04 | 1
 19,  9 |   1.8581882969008012e-04 |   1.8581882969008012e-04 | 1
 19, 10 |   3.4343076508411914e-04 |   3.4343076508411914e-04 | 1
 19, 11 |   1.1152100206982042e-04 |   1.1152100206982042e-04 | 1
 19, 12 |   8.7850926581548461e-05 |   8.7850926581548461e-05 | 1
 19, 13 |   4.2229454527458387e-04 |   4.2229454527458387e-04 | 1
 19, 14 |   3.6507991907949332e-04 |   3.6507991907949332e-04 | 1
 19, 15 |   1.1221472506312835e-03 |   1.1221472506312835e-03 | 1
 19, 16 |   2.0050268267808770e-04 |   2.0050268267808770e-04 | 1
 19, 17 |   1.9722924419589361e-04 |   1.9722924419589361e-04 | 1
 19, 18 |   1.1467376774583604e-04 |   1.1467376774583604e-04 | 1
 19, 19 |   1.9081708034697477e-02 |   1.9081708034697477e-02 | 1
 19, 20 |   2.1961937440803504e-04 |   2.1961937440803504e-04 | 1
 19, 21 |   1.2161351242291908e-04 |   1.2161351242291908e-04 | 1
 19, 22 |   6.0548517076566084e-05 |   6.0548517076566084e-05 | 1
 19, 23 |   9.5633082005503324e-05 |   9.5633082005503324e-05 | 1
 19, 24 |   2.0626021947505000e-04 |   2.0626021947505000e-04 | 1
 19, 25 |   1.6281425787737915e-04 |   1.6281425787737915e-04 | 1
 19, 26 |   1.5869746063879980e-04 |   1.5869746063879980e-04 | 1
 19, 27 |  -4.4219020382615053e-04 |  -4.4219020382615053e-04 | 1
 19, 28 |   1.0695948230175724e-04 |   1.0695948230175724e-04 | 1
 19, 29 |   2.5001533576922744e-04 |   2.5001533576922744e-04 | 1
 19, 30 |   1.2824124482080533e-04 |   1.2824124482080533e-04 | 1
 19, 31 |   2.8266716452721430e-05 |   2.8266716452721430e-05 | 1
 19, 32 |  -2.5169398279722977e-04 |  -2.5169398279722977e-04 | 1
 19, 33 |   9.0285585625945260e-04 |   9.0285585625945260e-04 | 1
 19, 34 |   2.5416615393721308e-05 |   2.5416615393721308e-05 | 1
 19, 35 |  -9.5903764291268464e-05 |  -9.5903764291268464e-05 | 1
 19, 36 |  -9.1055429455909163e-05 |  -9.1055429455909163e-05 | 1
 19, 37 |  -1.2977990322250011e-04 |  -1.2977990322250011e-04 | 1
 19, 38 |  -7.1214685347176091e-05 |  -7.1214685347176091e-05 | 1
 19, 39 |  -1.4708404380719067e-04 |  -1.4708404380719067e-04 | 1
 19, 40 |   0.0000000000000000e+00 |   0.0000000000000000e+00 | 1
 20,  1 |   1.8805504300109735e-04 |   1.8805504300109735e-04 | 1
 20,  2 |   1.7119550794366111e-04 |   1.7119550794366111e-04 | 1
 20,  3 |   1.6353692030590336e-04 |   1.6353692030590336e-04 | 1
 20,  4 |   1.9784347490426675e-04 |   1.9784347490426675e-04 | 1
 20,  5 |   2.1558509469641425e-04 |   2.1558509469641425e-04 | 1
 20,  6 |   1.2506222149671515e-04 |   1.2506222149671515e-04 | 1
 20,  7 |   2.0468084392616983e-04 |   2.0468084392616983e-04 | 1
 20,  8 |   1.7903984514261180e-04 |   1.7903984514261180e-04 | 1
 20,  9 |   1.8801774186288868e-04 |   1.8801774186288868e-04 | 1
 20, 10 |   2.4883208358919215e-04 |   2.4883208358919215e-04 | 1
 20, 11 |   4.9419700549966847e-04 |   4.9419700549966847e-04 | 1
 20, 12 |   1.5659017781167358e-04 |   1.5659017781167358e-04 | 1
 20, 13 |   1.9181203136071971e-04 |   1.9181203136071971e-04 | 1
 20, 14 |   2.3957647459475444e-04 |   2.3957647459475444e-04 | 1
 20, 15 |   6.2485221613685880e-04 |   6.2485221613685880e-04 | 1
 20, 16 |   2.2348983582832693e-04 |   2.2348983582832693e-04 | 1
 20, 17 |   2.1606012784089544e-04 |   2.1606012784089544e-04 | 1
 20, 18 |   1.6806849448177232e-04 |   1.6806849448177232e-04 | 1
 20, 19 |   2.1961937440803504e-04 |   2.1961937440803504e-04 | 1
 20, 20 |   9.6456458516226019e-03 |   9.6456458516226019e-03 | 1
 20, 21 |   1.8978695856076099e-04 |   1.8978695856076099e-04 | 1
 20, 22 |   2.5898086906548322e-04 |   2.5898086906548322e-04 | 1
 20, 23 |   1.9453276233168514e-04 |   1.9453276233168514e-04 | 1
 20, 24 |   2.7303826630209016e-04 |   2.7303826630209016e-04 | 1
 20, 25 |   1.8486335299724668e-04 |   1.8486335299724668e-04 | 1
 20, 26 |   2.1640828253286540e-04 |   2.1640828253286540e-04 | 1
 20, 27 |   3.5882222792572437e-04 |   3.5882222792572437e-04 | 1
 20, 28 |   2.8587545887705462e-04 |   2.8587545887705462e-04 | 1
 20, 29 |   2.3476418420965910e-04 |   2.3476418420965910e-04 | 1
 20, 30 |   2.6486499604854672e-04 |   2.6486499604854672e-04 | 1
 20, 31 |   2.7646612215470010e-04 |   2.7646612215470010e-04 | 1
 20, 32 |  -3.8368685723547154e-05 |  -3.8368685723547154e-05 | 1
 20, 33 |  -1.7324221489867019e-04 |  -1.7324221489867019e-04 | 1
 20, 34 |   3.3531128794542708e-04 |   3.3531128794542708e-04 | 1
 20, 35 |  -1.3914171165043223e-04 |  -1.3914171165043223e-04 | 1
 20, 36 |  -1.2873904801921442e-04 |  -1.2873904801921442e-04 | 1
 20, 37 |  -1.2665332916979676e-04 |  -1.2665332916979676e-04 | 1
 20, 38 |  -1.3706838298403807e-04 |  -1.3706838298403807e-04 | 1
 20, 39 |  -1.8048884376134202e-04 |  -1.8048884376134202e-04 | 1
 20, 40 |   0.0000000000000000e+00 |   0.0000000000000000e+00 | 1
 21,  1 |   1.7943863691079090e-04 |   1.7943863691079090e-04 | 1
 21,  2 |   1.4111450840190653e-04 |   1.4111450840190653e-04 | 1
 21,  3 |   1.3909783529465918e-04 |   1.3909783529465918e-04 | 1
 21,  4 |   1.2815492906629130e-04 |   1.2815492906629130e-04 | 1
 21,  5 |   3.6180556240455553e-04 |   3.6180556240455553e-04 | 1
 21,  6 |   1.5914099723906276e-04 |   1.5914099723906276e-04 | 1
 21,  7 |   1.2567522850594459e-04 |   1.2567522850594459e-04 | 1
 21,  8 |   1.1340054063044398e-04 |   1.1340054063044398e-04 | 1
 21,  9 |   1.6345167162945903e-04 |   1.6345167162945903e-04 | 1
 21, 10 |   4.0983819148739654e-05 |   4.0983819148739654e-05 | 1
 21, 11 |   3.6426637762889406e-04 |   3.6426637762889406e-04 | 1
 21, 12 |   8.6658826159045658e-05 |   8.6658826159045658e-05 | 1
 21, 13 |   7.8514526778639902e-05 |   7.8514526778639902e-05 | 1
 21, 14 |   1.5983989680902174e-04 |   1.5983989680902174e-04 | 1
 21, 15 |  -8.7383536999856149e-05 |  -8.7383536999856149e-05 | 1
 21, 16 |   1.2850687284823151e-04 |   1.2850687284823151e-04 | 1
 21, 17 |   1.9150572492711320e-04 |   1.9150572492711320e-04 | 1
 21, 18 |   1.6727904763854282e-04 |   1.6727904763854282e-04 | 1
 21, 19 |   1.2161351242291908e-04 |   1.2161351242291908e-04 | 1
 21, 20 |   1.8978695856076099e-04 |   1.8978695856076099e-04 | 1
 21, 21 |   5.6029610831733363e-02 |   5.6029610831733363e-02 | 1
 21, 22 |   1.7040680631029377e-04 |   1.7040680631029377e-04 | 1
 21, 23 |   1.5759184793366550e-04 |   1.5759184793366550e-04 | 1
 21, 24 |   1.8231129099010722e-04 |   1.8231129099010722e-04 | 1
 21, 25 |   1.3029874181190451e-04 |   1.3029874181190451e-04 | 1
 21, 26 |   2.4547116128297735e-04 |   2.4547116128297735e-04 | 1
 21, 27 |   3.3039810239544220e-04 |   3.3039810239544220e-04 | 1
 21, 28 |   2.0904365295080677e-04 |   2.0904365295080677e-04 | 1
 21, 29 |   1.6841886032667404e-04 |   1.6841886032667404e-04 | 1
 21, 30 |   2.3619301930284214e-04 |   2.3619301930284214e-04 | 1
 21, 31 |   2.0217833122382117e-04 |   2.0217833122382117e-04 | 1
 21, 32 |   1.3305275436912621e-04 |   1.3305275436912621e-04 | 1
 21, 33 |  -3.5234702757431624e-04 |  -3.5234702757431624e-04 | 1
 21, 34 |   1.9942743783775326e-04 |   1.9942743783775326e-04 | 1
 21, 35 |  -8.6147052507466068e-05 |  -8.6147052507466068e-05 | 1
 21, 36 |  -8.3120003424218784e-05 |  -8.3120003424218784e-05 | 1
 21, 37 |  -1.9475050424252107e-04 |  -1.9475050424252107e-04 | 1
 21, 38 |  -1.7062375685930305e-04 |  -1.7062375685930305e-04 | 1
 21, 39 |  -1.5777996241540378e-04 |  -1.5777996241540378e-04 | 1
 21, 40 |   0.0000000000000000e+00 |   0.0000000000000000e+00 | 1
 22,  1 |   1.3257864100670567e-04 |   1.3257864100670567e-04 | 1
 22,  2 |   1.0605454366589189e-04 |   1.0605454366589189e-04 | 1
 22,  3 |   1.0090612896662786e-04 |   1.0090612896662786e-04 | 1
 22,  4 |   1.1412364904587414e-04 |   1.1412364904587414e-04 | 1
 22,  5 |   1.9342780460703348e-04 |   1.9342780460703348e-04 | 1
 22,  6 |   1.0964926903460909e-04 |   1.0964926903460909e-04 | 1
 22,  7 |   1.8844368845187569e-04 |   1.8844368845187569e-04 | 1
 22,  8 |   1.6476461007139626e-04 |   1.6476461007139626e-04 | 1
 22,  9 |   1.2439021592711353e-04 |   1.2439021592711353e-04 | 1
 22, 10 |   1.9874119479326089e-04 |   1.9874119479326089e-04 | 1
 22, 11 |   1.1787151991424958e-03 |   1.1787151991424958e-03 | 1
 22, 12 |   2.1631216554302945e-04 |   2.1631216554302945e-04 | 1
 22, 13 |  -2.0678628478208223e-04 |  -2.0678628478208223e-04 | 1
 22, 14 |   6.2020391204828520e-05 |   6.2020391204828520e-05 | 1
 22, 15 |   4.5170815008047750e-04 |   4.5170815008047750e-04 | 1
 22, 16 |   3.1569492787132550e-04 |   3.1569492787132550e-04 | 1
 22, 17 |   1.4860886512153897e-04 |   1.4860886512153897e-04 | 1
 22, 18 |   4.8770219090203359e-05 |   4.8770219090203359e-05 | 1
 22, 19 |   6.0548517076566084e-05 |   6.0548517076566084e-05 | 1
 22, 20 |   2.5898086906548322e-04 |   2.5898086906548322e-04 | 1
 22, 21 |   1.7040680631029377e-04 |   1.7040680631029377e-04 | 1
 22, 22 |   5.0392986984722443e-02 |   5.0392986984722443e-02 | 1
 22, 23 |   1.2289772073043298e-04 |   1.2289772073043298e-04 | 1
 22, 24 |   3.9533445286446360e-04 |   3.9533445286446360e-04 | 1
 22, 25 |   1.9106721753055168e-04 |   1.9106721753055168e-04 | 1
 22, 26 |   1.0342320645666736e-04 |   1.0342320645666736e-04 | 1
 22, 27 |   1.7235944712844465e-03 |   1.7235944712844465e-03 | 1
 22, 28 |   5.3478079585449266e-04 |   5.3478079585449266e-04 | 1
 22, 29 |   1.4461884420504059e-04 |   1.4461884420504059e-04 | 1
 22, 30 |   4.4776874836538678e-04 |   4.4776874836538678e-04 | 1
 22, 31 |   6.7863368111689161e-04 |   6.7863368111689161e-04 | 1
 22, 32 |   7.9600584021547035e-05 |   7.9600584021547035e-05 | 1
 22, 33 |  -1.7690243274759996e-03 |  -1.7690243274759996e-03 | 1
 22, 34 |   9.1523789147996272e-04 |   9.1523789147996272e-04 | 1
 22, 35 |  -6.2974813579471761e-05 |  -6.2974813579471761e-05 | 1
 22, 36 |  -2.3383990703546167e-05 |  -2.3383990703546167e-05 | 1
 22, 37 |  -3.2239373507623838e-05 |  -3.2239373507623838e-05 | 1
 22, 38 |  -4.5923929639348507e-05 |  -4.5923929639348507e-05 | 1
 22, 39 |  -2.2121043976043928e-04 |  -2.2121043976043928e-04 | 1
 22, 40 |   0.0000000000000000e+00 |   0.0000000000000000e+00 | 1
 23,  1 |   1.4584547798800749e-04 |   1.4584547798800749e-04 | 1
 23,  2 |   1.1272851448641073e-04 |   1.1272851448641073e-04 | 1
 23,  3 |   1.0894653719225469e-04 |   1.0894653719225469e-04 | 1
 23,  4 |   1.2182159540850398e-04 |   1.2182159540850398e-04 | 1
 23,  5 |   3.3593772457360122e-04 |   3.3593772457360122e-04 | 1
 23,  6 |   1.3922550501471211e-04 |   1.3922550501471211e-04 | 1
 23,  7 |   1.4178500710963432e-04 |   1.4178500710963432e-04 | 1
 23,  8 |   1.2001493099206647e-04 |   1.2001493099206647e-04 | 1
 23,  9 |   1.2389501525919951e-04 |   1.2389501525919951e-04 | 1
 23, 10 |   1.0625870101105359e-04 |   1.0625870101105359e-04 | 1
 23, 11 |   2.9337599990325624e-04 |   2.9337599990325624e-04 | 1
 23, 12 |   4.8486029927803511e-05 |   4.8486029927803511e-05 | 1
 23, 13 |   9.6487393319943455e-05 |   9.6487393319943455e-05 | 1
 23, 14 |   1.5028730187654897e-04 |   1.5028730187654897e-04 | 1
 23, 15 |  -5.0910416232317953e-05 |  -5.0910416232317953e-05 | 1
 23, 16 |   1.2945200624988156e-04 |   1.2945200624988156e-04 | 1
 23, 17 |   1.5756502617393100e-04 |   1.5756502617393100e-04 | 1
 23, 18 |   8.5156919925672838e-05 |   8.5156919925672838e-05 | 1
 23, 19 |   9.5633082005503324e-05 |   9.5633082005503324e-05 | 1
 23, 20 |   1.9453276233168514e-04 |   1.9453276233168514e-04 | 1
 23, 21 |   1.5759184793366550e-04 |   1.5759184793366550e-04 | 1
 23, 22 |   1.2289772073043298e-04 |   1.2289772073043298e-04 | 1
 23, 23 |   2.7441816423704104e-02 |   2.7441816423704104e-02 | 1
 23, 24 |   1.8303109263715251e-04 |   1.8303109263715251e-04 | 1
 23, 25 |   9.9121866302132733e-05 |   9.9121866302132733e-05 | 1
 23, 26 |   1.2785227000526594e-04 |   1.2785227000526594e-04 | 1
 23, 27 |   2.0219680431721616e-04 |   2.0219680431721616e-04 | 1
 23, 28 |   1.5904739931638830e-04 |   1.5904739931638830e-04 | 1
 23, 29 |   1.2386750811174517e-04 |   1.2386750811174517e-04 | 1
 23, 30 |   1.4071625455367787e-04 |   1.4071625455367787e-04 | 1
 23, 31 |   1.5467283331884423e-04 |   1.5467283331884423e-04 | 1
 23, 32 |   7.5108058944089084e-05 |   7.5108058944089084e-05 | 1
 23, 33 |  -1.7602972828127851e-04 |  -1.7602972828127851e-04 | 1
 23, 34 |   1.5097523086703065e-04 |   1.5097523086703065e-04 | 1
 23, 35 |  -1.1919075456303949e-04 |  -1.1919075456303949e-04 | 1
 23, 36 |  -4.4685295427710090e-05 |  -4.4685295427710090e-05 | 1
 23, 37 |  -5.6920294583334604e-05 |  -5.6920294583334604e-05 | 1
 23, 38 |  -1.2379430548575062e-04 |  -1.2379430548575062e-04 | 1
 23, 39 |  -1.6649939161980144e-04 |  -1.6649939161980144e-04 | 1
 23, 40 |   0.0000000000000000e+00 |   0.0000000000000000e+00 | 1
 24,  1 |   1.7238797502688481e-04 |   1.7238797502688481e-04 | 1
 24,  2 |   1.5441408769203290e-04 |   1.5441408769203290e-04 | 1
 24,  3 |   1.4357636460918174e-04 |   1.4357636460918174e-04 | 1
 24,  4 |   1.8616516460458855e-04 |   1.8616516460458855e-04 | 1
 24,  5 |   2.0763732882562200e-04 |   2.0763732882562200e-04 | 1
 24,  6 |   1.2562922050292987e-04 |   1.2562922050292987e-04 | 1
 24,  7 |   2.1342546361307783e-04 |   2.1342546361307783e-04 | 1
 24,  8 |   1.9338339285701248e-04 |   1.9338339285701248e-04 | 1
 24,  9 |   1.7848887299623382e-04 |   1.7848887299623382e-04 | 1
 24, 10 |   2.9995570824050820e-04 |   2.9995570824050820e-04 | 1
 24, 11 |   7.7355150522417286e-04 |   7.7355150522417286e-04 | 1
 24, 12 |   1.9209900411403761e-04 |   1.9209900411403761e-04 | 1
 24, 13 |   9.0805818165485823e-05 |   9.0805818165485823e-05 | 1
 24, 14 |   2.0682991239838548e-04 |   2.0682991239838548e-04 | 1
 24, 15 |   7.3919156844891548e-04 |   7.3919156844891548e-04 | 1
 24, 16 |   2.8388537091804280e-04 |   2.8388537091804280e-04 | 1
 24, 17 |   1.9884827208397553e-04 |   1.9884827208397553e-04 | 1
 24, 18 |   1.1352498233948292e-04 |   1.1352498233948292e-04 | 1
 24, 19 |   2.0626021947505000e-04 |   2.0626021947505000e-04 | 1
 24, 20 |   2.7303826630209016e-04 |   2.7303826630209016e-04 | 1
 24, 21 |   1.8231129099010722e-04 |   1.8231129099010722e-04 | 1
 24, 22 |   3.9533445286446360e-04 |   3.9533445286446360e-04 | 1
 24, 23 |   1.8303109263715251e-04 |   1.8303109263715251e-04 | 1
 24, 24 |   3.7924112254557230e-03 |   3.7924112254557230e-03 | 1
 24, 25 |   2.0297513845212741e-04 |   2.0297513845212741e-04 | 1
 24, 26 |   1.7552102157211930e-04 |   1.7552102157211930e-04 | 1
 24, 27 |   8.3553944478113179e-04 |   8.3553944478113179e-04 | 1
 24, 28 |   3.7984432829657271e-04 |   3.7984432829657271e-04 | 1
 24, 29 |   2.2384821565535272e-04 |   2.2384821565535272e-04 | 1
 24, 30 |   3.4792498275205291e-04 |   3.4792498275205291e-04 | 1
 24, 31 |   4.3041684801838032e-04 |   4.3041684801838032e-04 | 1
 24, 32 |  -4.9299822597603197e-05 |  -4.9299822597603197e-05 | 1
 24, 33 |  -6.5647088553213518e-04 |  -6.5647088553213518e-04 | 1
 24, 34 |   5.7105457431378933e-04 |   5.7105457431378933e-04 | 1
 24, 35 |  -1.1606430564091474e-04 |  -1.1606430564091474e-04 | 1
 24, 36 |  -7.4859351963160124e-05 |  -7.4859351963160124e-05 | 1
 24, 37 |  -9.8628096354035785e-05 |  -9.8628096354035785e-05 | 1
 24, 38 |  -1.1113041807398139e-04 |  -1.1113041807398139e-04 | 1
 24, 39 |  -2.0356859371735506e-04 |  -2.0356859371735506e-04 | 1
 24, 40 |   0.0000000000000000e+00 |   0.0000000000000000e+00 | 1
 25,  1 |   1.2797161758935119e-04 |   1.2797161758935119e-04 | 1
 25,  2 |   1.1218299591990205e-04 |   1.1218299591990205e-04 | 1
 25,  3 |   1.0053961272251576e-04 |   1.0053961272251576e-04 | 1
 25,  4 |   1.3262913180745099e-04 |   1.3262913180745099e-04 | 1
 25,  5 |   1.7044781700329244e-04 |   1.7044781700329244e-04 | 1
 25,  6 |   8.5609604583498092e-05 |   8.5609604583498092e-05 | 1
 25,  7 |   1.4623564099841668e-04 |   1.4623564099841668e-04 | 1
 25,  8 |   1.2092412024354460e-04 |   1.2092412024354460e-04 | 1
 25,  9 |   1.3329367472319565e-04 |   1.3329367472319565e-04 | 1
 25, 10 |   1.6464392784879006e-04 |   1.6464392784879006e-04 | 1
 25, 11 |   3.9541204163104728e-04 |   3.9541204163104728e-04 | 1
 25, 12 |   1.0838305595899278e-04 |   1.0838305595899278e-04 | 1
 25, 13 |   1.1930842658407948e-04 |   1.1930842658407948e-04 | 1
 25, 14 |   1.8048437564302847e-04 |   1.8048437564302847e-04 | 1
 25, 15 |   4.2316666296955165e-04 |   4.2316666296955165e-04 | 1
 25, 16 |   1.7533895529571090e-04 |   1.7533895529571090e-04 | 1
 25, 17 |   1.5281288990175404e-04 |   1.5281288990175404e-04 | 1
 25, 18 |   9.3327487492484391e-05 |   9.3327487492484391e-05 | 1
 25, 19 |   1.6281425787737915e-04 |   1.6281425787737915e-04 | 1
 25, 20 |   1.8486335299724668e-04 |   1.8486335299724668e-04 | 1
 25, 21 |   1.3029874181190451e-04 |   1.3029874181190451e-04 | 1
 25, 22 |   1.9106721753055168e-04 |   1.9106721753055168e-04 | 1
 25, 23 |   9.9121866302132733e-05 |   9.9121866302132733e-05 | 1
 25, 24 |   2.0297513845212741e-04 |   2.0297513845212741e-04 | 1
 25, 25 |   1.2319516826892564e-02 |   1.2319516826892564e-02 | 1
 25, 26 |   1.5054316087035951e-04 |   1.5054316087035951e-04 | 1
 25, 27 |   3.3649718378719027e-04 |   3.3649718378719027e-04 | 1
 25, 28 |   2.2538381204458075e-04 |   2.2538381204458075e-04 | 1
 25, 29 |   1.7057023501075463e-04 |   1.7057023501075463e-04 | 1
 25, 30 |   2.0625649580412756e-04 |   2.0625649580412756e-04 | 1
 25, 31 |   2.2674093552828165e-04 |   2.2674093552828165e-04 | 1
 25, 32 |  -3.0962569684586444e-05 |  -3.0962569684586444e-05 | 1
 25, 33 |  -2.0988371005036893e-04 |  -2.0988371005036893e-04 | 1
 25, 34 |   2.8085011686440240e-04 |   2.8085011686440240e-04 | 1
 25, 35 |  -5.3492785932397961e-05 |  -5.3492785932397961e-05 | 1
 25, 36 |  -7.4553530423858715e-05 |  -7.4553530423858715e-05 | 1
 25, 37 |  -9.4556796173898491e-05 |  -9.4556796173898491e-05 | 1
 25, 38 |  -1.0254030405983646e-04 |  -1.0254030405983646e-04 | 1
 25, 39 |  -1.4047588977908465e-04 |  -1.4047588977908465e-04 | 1
 25, 40 |   0.0000000000000000e+00 |   0.0000000000000000e+00 | 1
 26,  1 |   1.7111254197976281e-04 |   1.7111254197976281e-04 | 1
 26,  2 |   1.5849942328460337e-04 |   1.5849942328460337e-04 | 1
 26,  3 |   1.1449082997294323e-04 |   1.1449082997294323e-04 | 1
 26,  4 |   1.5189353267552763e-04 |   1.5189353267552763e-04 | 1
 26,  5 |   2.8151801725965987e-04 |   2.8151801725965987e-04 | 1
 26,  6 |   1.4433881088772319e-04 |   1.4433881088772319e-04 | 1
 26,  7 |   1.7780484615926233e-04 |   1.7780484615926233e-04 | 1
 26,  8 |   1.2014754685231601e-04 |   1.2014754685231601e-04 | 1
 26,  9 |   1.7584362568739864e-04 |   1.7584362568739864e-04 | 1
 26, 10 |   9.9287234740524693e-05 |   9.9287234740524693e-05 | 1
 26, 11 |   2.7322116905264594e-04 |   2.7322116905264594e-04 | 1
 26, 12 |   7.1882044495894085e-05 |   7.1882044495894085e-05 | 1
 26, 13 |   1.5216499754361134e-04 |   1.5216499754361134e-04 | 1
 26, 14 |   2.2870363919372293e-04 |   2.2870363919372293e-04 | 1
 26, 15 |   3.3288697296710349e-04 |   3.3288697296710349e-04 | 1
 26, 16 |   1.3828037858406667e-04 |   1.3828037858406667e-04 | 1
 26, 17 |   2.0659272778601420e-04 |   2.0659272778601420e-04 | 1
 26, 18 |   1.8363641585117933e-04 |   1.8363641585117933e-04 | 1
 26, 19 |   1.5869746063879980e-04 |   1.5869746063879980e-04 | 1
 26, 20 |   2.1640828253286540e-04 |   2.1640828253286540e-04 | 1
 26, 21 |   2.4547116128297735e-04 |   2.4547116128297735e-04 | 1
 26, 22 |   1.0342320645666736e-04 |   1.0342320645666736e-04 | 1
 26, 23 |   1.2785227000526594e-04 |   1.2785227000526594e-04 | 1
 26, 24 |   1.7552102157211930e-04 |   1.7552102157211930e-04 | 1
 26, 25 |   1.5054316087035951e-04 |   1.5054316087035951e-04 | 1
 26, 26 |   3.5328130263264326e-02 |   3.5328130263264326e-02 | 1
 26, 27 |   1.4360184984096481e-04 |   1.4360184984096481e-04 | 1
 26, 28 |   1.9666340742990589e-04 |   1.9666340742990589e-04 | 1
 26, 29 |   1.9190170458944665e-04 |   1.9190170458944665e-04 | 1
 26, 30 |   1.9839692189355812e-04 |   1.9839692189355812e-04 | 1
 26, 31 |   1.7626680092593466e-04 |   1.7626680092593466e-04 | 1
 26, 32 |   4.3687450243980761e-05 |   4.3687450243980761e-05 | 1
 26, 33 |  -5.3608507382041240e-05 |  -5.3608507382041240e-05 | 1
 26, 34 |   1.5092597287150444e-04 |   1.5092597287150444e-04 | 1
 26, 35 |  -1.5330268096185279e-04 |  -1.5330268096185279e-04 | 1
 26, 36 |  -1.6483565587812411e-04 |  -1.6483565587812411e-04 | 1
 26, 37 |  -2.1494139095216692e-04 |  -2.1494139095216692e-04 | 1
 26, 38 |  -1.5960236236567044e-04 |  -1.5960236236567044e-04 | 1
 26, 39 |  -8.5634628011373252e-05 |  -8.5634628011373252e-05 | 1
 26, 40 |   0.0000000000000000e+00 |   0.0000000000000000e+00 | 1
 27,  1 |   1.0631540672775639e-04 |   1.0631540672775639e-04 | 1
 27,  2 |   4.4294776850284594e-05 |   4.4294776850284594e-05 | 1
 27,  3 |   1.2364085592104460e-04 |   1.2364085592104460e-04 | 1
 27,  4 |  -6.9782807168271231e-05 |  -6.9782807168271231e-05 | 1
 27,  5 |   1.6046661163347150e-05 |   1.6046661163347150e-05 | 1
 27,  6 |   1.2910991377673015e-04 |   1.2910991377673015e-04 | 1
 27,  7 |   9.3736776355348632e-05 |   9.3736776355348632e-05 | 1
 27,  8 |   1.4625477771761580e-04 |   1.4625477771761580e-04 | 1
 27,  9 |   5.8500204376484556e-06 |   5.8500204376484556e-06 | 1
 27, 10 |   3.5692642553282950e-05 |   3.5692642553282950e-05 | 1
 27, 11 |   3.4373210434198503e-03 |   3.4373210434198503e-03 | 1
 27, 12 |   6.6310557856346752e-04 |   6.6310557856346752e-04 | 1
 27, 13 |  -1.4434886325504679e-03 |  -1.4434886325504679e-03 | 1
 27, 14 |  -6.1994912908020904e-04 |  -6.1994912908020904e-04 | 1
 27, 15 |   1.3561322098055583e-04 |   1.3561322098055583e-04 | 1
 27, 16 |   5.2790327768611534e-04 |   5.2790327768611534e-04 | 1
 27, 17 |   4.1843201538384504e-05 |   4.1843201538384504e-05 | 1
 27, 18 |   6.8043868046355281e-05 |   6.8043868046355281e-05 | 1
 27, 19 |  -4.4219020382615053e-04 |  -4.4219020382615053e-04 | 1
 27, 20 |   3.5882222792572437e-04 |   3.5882222792572437e-04 | 1
 27, 21 |   3.3039810239544220e-04 |   3.3039810239544220e-04 | 1
 27, 22 |   1.7235944712844465e-03 |   1.7235944712844465e-03 | 1
 27, 23 |   2.0219680431721616e-04 |   2.0219680431721616e-04 | 1
 27, 24 |   8.3553944478113179e-04 |   8.3553944478113179e-04 | 1
 27, 25 |   3.3649718378719027e-04 |   3.3649718378719027e-04 | 1
 27, 26 |   1.4360184984096481e-04 |   1.4360184984096481e-04 | 1
 27, 27 |   8.7207160427268827e-03 |   8.7207160427268827e-03 | 1
 27, 28 |   1.4927185152738313e-03 |   1.4927185152738313e-03 | 1
 27, 29 |  -2.3951402249246405e-05 |  -2.3951402249246405e-05 | 1
 27, 30 |   1.2171104440735451e-03 |   1.2171104440735451e-03 | 1
 27, 31 |   2.0793821566528975e-03 |   2.0793821566528975e-03 | 1
 27, 32 |   6.2259582820658208e-04 |   6.2259582820658208e-04 | 1
 27, 33 |  -7.3475613876253405e-03 |  -7.3475613876253405e-03 | 1
 27, 34 |   2.9321777928286172e-03 |   2.9321777928286172e-03 | 1
 27, 35 |  -1.1697276723647660e-04 |  -1.1697276723647660e-04 | 1
 27, 36 |  -8.6305827135581525e-05 |  -8.6305827135581525e-05 | 1
 27, 37 |  -6.9945020405081239e-05 |  -6.9945020405081239e-05 | 1
 27, 38 |  -9.3952661909634373e-05 |  -9.3952661909634373e-05 | 1
 27, 39 |  -7.8354650589239127e-05 |  -7.8354650589239127e-05 | 1
 27, 40 |   0.0000000000000000e+00 |   0.0000000000000000e+00 | 1
 28,  1 |   1.7956758312228388e-04 |   1.7956758312228388e-04 | 1
 28,  2 |   1.5359827056253691e-04 |   1.5359827056253691e-04 | 1
 28,  3 |   1.4592145067194418e-04 |   1.4592145067194418e-04 | 1
 28,  4 |   1.5620627201108818e-04 |   1.5620627201108818e-04 | 1
 28,  5 |   1.8247177799431851e-04 |   1.8247177799431851e-04 | 1
 28,  6 |   1.1777166988119383e-04 |   1.1777166988119383e-04 | 1
 28,  7 |   2.1947558173369063e-04 |   2.1947558173369063e-04 | 1
 28,  8 |   1.7346284800966890e-04 |   1.7346284800966890e-04 | 1
 28,  9 |   1.7210366609675664e-04 |   1.7210366609675664e-04 | 1
 28, 10 |   2.0590178069618211e-04 |   2.0590178069618211e-04 | 1
 28, 11 |   1.0603459493659124e-03 |   1.0603459493659124e-03 | 1
 28, 12 |   2.4201969365338717e-04 |   2.4201969365338717e-04 | 1
 28, 13 |  -1.1106443234583781e-04 |  -1.1106443234583781e-04 | 1
 28, 14 |   1.1499482008757321e-04 |   1.1499482008757321e-04 | 1
 28, 15 |   5.3192177434544224e-04 |   5.3192177434544224e-04 | 1
 28, 16 |   3.0749484876779255e-04 |   3.0749484876779255e-04 | 1
 28, 17 |   1.9910810671589703e-04 |   1.9910810671589703e-04 | 1
 28, 18 |   1.3036504296564291e-04 |   1.3036504296564291e-04 | 1
 28, 19 |   1.0695948230175724e-04 |   1.0695948230175724e-04 | 1
 28, 20 |   2.8587545887705462e-04 |   2.8587545887705462e-04 | 1
 28, 21 |   2.0904365295080677e-04 |   2.0904365295080677e-04 | 1
 28, 22 |   5.3478079585449266e-04 |   5.3478079585449266e-04 | 1
 28, 23 |   1.5904739931638830e-04 |   1.5904739931638830e-04 | 1
 28, 24 |   3.7984432829657271e-04 |   3.7984432829657271e-04 | 1
 28, 25 |   2.2538381204458075e-04 |   2.2538381204458075e-04 | 1
 28, 26 |   1.9666340742990589e-04 |   1.9666340742990589e-04 | 1
 28, 27 |   1.4927185152738313e-03 |   1.4927185152738313e-03 | 1
 28, 28 |   7.0232542872143847e-03 |   7.0232542872143847e-03 | 1
 28, 29 |   2.0324736564699935e-04 |   2.0324736564699935e-04 | 1
 28, 30 |   4.5728894370939918e-04 |   4.5728894370939918e-04 | 1
 28, 31 |   6.4474805172532183e-04 |   6.4474805172532183e-04 | 1
 28, 32 |   7.7517356414421045e-05 |   7.7517356414421045e-05 | 1
 28, 33 |  -1.5110257960341978e-03 |  -1.5110257960341978e-03 | 1
 28, 34 |   8.3791723659609112e-04 |   8.3791723659609112e-04 | 1
 28, 35 |  -8.3589649514191172e-05 |  -8.3589649514191172e-05 | 1
 28, 36 |  -1.4012412967915840e-04 |  -1.4012412967915840e-04 | 1
 28, 37 |  -1.1716379396478375e-04 |  -1.1716379396478375e-04 | 1
 28, 38 |  -1.2421494458968017e-04 |  -1.2421494458968017e-04 | 1
 28, 39 |  -1.9428169661370474e-04 |  -1.9428169661370474e-04 | 1
 28, 40 |   0.0000000000000000e+00 |   0.0000000000000000e+00 | 1
 29,  1 |   1.7103169157005858e-04 |   1.7103169157005858e-04 | 1
 29,  2 |   1.5710579776323082e-04 |   1.5710579776323082e-04 | 1
 29,  3 |   1.2967525921996518e-04 |   1.2967525921996518e-04 | 1
 29,  4 |   1.9188389783466440e-04 |   1.9188389783466440e-04 | 1
 29,  5 |   2.1816809661382865e-04 |   2.1816809661382865e-04 | 1
 29,  6 |   1.2196910374301874e-04 |   1.2196910374301874e-04 | 1
 29,  7 |   2.0525234342841711e-04 |   2.0525234342841711e-04 | 1
 29,  8 |   1.6281224226905435e-04 |   1.6281224226905435e-04 | 1
 29,  9 |   1.9294124792422257e-04 |   1.9294124792422257e-04 | 1
 29, 10 |   2.4217260861432498e-04 |   2.4217260861432498e-04 | 1
 29, 11 |   2.7800146531469161e-04 |   2.7800146531469161e-04 | 1
 29, 12 |   1.0375175254820411e-04 |   1.0375175254820411e-04 | 1
 29, 13 |   2.6955769943447705e-04 |   2.6955769943447705e-04 | 1
 29, 14 |   2.9028233178430483e-04 |   2.9028233178430483e-04 | 1
 29, 15 |   6.2063357405970189e-04 |   6.2063357405970189e-04 | 1
 29, 16 |   2.0167753496000017e-04 |   2.0167753496000017e-04 | 1
 29, 17 |   2.1280212983400547e-04 |   2.1280212983400547e-04 | 1
 29, 18 |   1.2796972083029809e-04 |   1.2796972083029809e-04 | 1
 29, 19 |   2.5001533576922744e-04 |   2.5001533576922744e-04 | 1
 29, 20 |   2.3476418420965910e-04 |   2.3476418420965910e-04 | 1
 29, 21 |   1.6841886032667404e-04 |   1.6841886032667404e-04 | 1
 29, 22 |   1.4461884420504059e-04 |   1.4461884420504059e-04 | 1
 29, 23 |   1.2386750811174517e-04 |   1.2386750811174517e-04 | 1
 29, 24 |   2.2384821565535272e-04 |   2.2384821565535272e-04 | 1
 29, 25 |   1.7057023501075463e-04 |   1.7057023501075463e-04 | 1
 29, 26 |   1.9190170458944665e-04 |   1.9190170458944665e-04 | 1
 29, 27 |  -2.3951402249246405e-05 |  -2.3951402249246405e-05 | 1
 29, 28 |   2.0324736564699935e-04 |   2.0324736564699935e-04 | 1
 29, 29 |   1.0839353485664747e-02 |   1.0839353485664747e-02 | 1
 29, 30 |   1.9407459249081203e-04 |   1.9407459249081203e-04 | 1
 29, 31 |   1.6533007344813965e-04 |   1.6533007344813965e-04 | 1
 29, 32 |  -9.0663360721574649e-05 |  -9.0663360721574649e-05 | 1
 29, 33 |   2.6957276393107523e-04 |   2.6957276393107523e-04 | 1
 29, 34 |   1.6584138855535815e-04 |   1.6584138855535815e-04 | 1
 29, 35 |  -7.5911770298068426e-05 |  -7.5911770298068426e-05 | 1
 29, 36 |  -1.2071100305852499e-04 |  -1.2071100305852499e-04 | 1
 29, 37 |  -1.3410897444191293e-04 |  -1.3410897444191293e-04 | 1
 29, 38 |  -1.3267991477750144e-04 |  -1.3267991477750144e-04 | 1
 29, 39 |  -1.7376905096617447e-04 |  -1.7376905096617447e-04 | 1
 29, 40 |   0.0000000000000000e+00 |   0.0000000000000000e+00 | 1
 30,  1 |   1.7121346707656571e-04 |   1.7121346707656571e-04 | 1
 30,  2 |   1.4619779579895268e-04 |   1.4619779579895268e-04 | 1
 30,  3 |   1.3212307871678938e-04 |   1.3212307871678938e-04 | 1
 30,  4 |   1.4933273462275180e-04 |   1.4933273462275180e-04 | 1
 30,  5 |   2.3737641519648627e-04 |   2.3737641519648627e-04 | 1
 30,  6 |   1.4020774047390582e-04 |   1.4020774047390582e-04 | 1
 30,  7 |   1.9191989083270890e-04 |   1.9191989083270890e-04 | 1
 30,  8 |   1.6776862896843907e-04 |   1.6776862896843907e-04 | 1
 30,  9 |   1.7607496775094678e-04 |   1.7607496775094678e-04 | 1
 30, 10 |   1.7770468886665934e-04 |   1.7770468886665934e-04 | 1
 30, 11 |   9.1667496433834195e-04 |   9.1667496433834195e-04 | 1
 30, 12 |   1.9441057135441165e-04 |   1.9441057135441165e-04 | 1
 30, 13 |  -5.9050104553151326e-05 |  -5.9050104553151326e-05 | 1
 30, 14 |   1.4728903306272220e-04 |   1.4728903306272220e-04 | 1
 30, 15 |   4.8186343882632154e-04 |   4.8186343882632154e-04 | 1
 30, 16 |   2.7637935975383755e-04 |   2.7637935975383755e-04 | 1
 30, 17 |   1.9879465543457426e-04 |   1.9879465543457426e-04 | 1
 30, 18 |   1.3258352514600673e-04 |   1.3258352514600673e-04 | 1
 30, 19 |   1.2824124482080533e-04 |   1.2824124482080533e-04 | 1
 30, 20 |   2.6486499604854672e-04 |   2.6486499604854672e-04 | 1
 30, 21 |   2.3619301930284214e-04 |   2.3619301930284214e-04 | 1
 30, 22 |   4.4776874836538678e-04 |   4.4776874836538678e-04 | 1
 30, 23 |   1.4071625455367787e-04 |   1.4071625455367787e-04 | 1
 30, 24 |   3.4792498275205291e-04 |   3.4792498275205291e-04 | 1
 30, 25 |   2.0625649580412756e-04 |   2.0625649580412756e-04 | 1
 30, 26 |   1.9839692189355812e-04 |   1.9839692189355812e-04 | 1
 30, 27 |   1.2171104440735451e-03 |   1.2171104440735451e-03 | 1
 30, 28 |   4.5728894370939918e-04 |   4.5728894370939918e-04 | 1
 30, 29 |   1.9407459249081203e-04 |   1.9407459249081203e-04 | 1
 30, 30 |   9.4457115240488242e-03 |   9.4457115240488242e-03 | 1
 30, 31 |   5.3553584972529616e-04 |   5.3553584972529616e-04 | 1
 30, 32 |   6.9316831019164166e-05 |   6.9316831019164166e-05 | 1
 30, 33 |  -1.1987770993890613e-03 |  -1.1987770993890613e-03 | 1
 30, 34 |   6.8665498043942938e-04 |   6.8665498043942938e-04 | 1
 30, 35 |  -8.3864157507067131e-05 |  -8.3864157507067131e-05 | 1
 30, 36 |  -9.4160504053089611e-05 |  -9.4160504053089611e-05 | 1
 30, 37 |  -1.4000810338425502e-04 |  -1.4000810338425502e-04 | 1
 30, 38 |  -1.0625192010051327e-04 |  -1.0625192010051327e-04 | 1
 30, 39 |  -1.9442599070733268e-04 |  -1.9442599070733268e-04 | 1
 30, 40 |   0.0000000000000000e+00 |   0.0000000000000000e+00 | 1
 31,  1 |   1.6261322563857611e-04 |   1.6261322563857611e-04 | 1
 31,  2 |   1.2172931917840866e-04 |   1.2172931917840866e-04 | 1
 31,  3 |   1.4394169646186571e-04 |   1.4394169646186571e-04 | 1
 31,  4 |   1.1652476423792190e-04 |   1.1652476423792190e-04 | 1
 31,  5 |   1.7395427620012205e-04 |   1.7395427620012205e-04 | 1
 31,  6 |   1.1388712584169068e-04 |   1.1388712584169068e-04 | 1
 31,  7 |   1.8853207796087386e-04 |   1.8853207796087386e-04 | 1
 31,  8 |   1.6707117667305940e-04 |   1.6707117667305940e-04 | 1
 31,  9 |   1.4003602487031334e-04 |   1.4003602487031334e-04 | 1
 31, 10 |   1.7856879050612954e-04 |   1.7856879050612954e-04 | 1
 31, 11 |   1.3343797795103789e-03 |   1.3343797795103789e-03 | 1
 31, 12 |   2.9132398062509926e-04 |   2.9132398062509926e-04 | 1
 31, 13 |  -2.7945425563452223e-04 |  -2.7945425563452223e-04 | 1
 31, 14 |   9.2230650200716696e-06 |   9.2230650200716696e-06 | 1
 31, 15 |   3.1879135509946607e-04 |   3.1879135509946607e-04 | 1
 31, 16 |   3.3216657390432560e-04 |   3.3216657390432560e-04 | 1
 31, 17 |   1.6937009144862963e-04 |   1.6937009144862963e-04 | 1
 31, 18 |   9.0524613200398284e-05 |   9.0524613200398284e-05 | 1
 31, 19 |   2.8266716452721430e-05 |   2.8266716452721430e-05 | 1
 31, 20 |   2.7646612215470010e-04 |   2.7646612215470010e-04 | 1
 31, 21 |   2.0217833122382117e-04 |   2.0217833122382117e-04 | 1
 31, 22 |   6.7863368111689161e-04 |   6.7863368111689161e-04 | 1
 31, 23 |   1.5467283331884423e-04 |   1.5467283331884423e-04 | 1
 31, 24 |   4.3041684801838032e-04 |   4.3041684801838032e-04 | 1
 31, 25 |   2.2674093552828165e-04 |   2.2674093552828165e-04 | 1
 31, 26 |   1.7626680092593466e-04 |   1.7626680092593466e-04 | 1
 31, 27 |   2.0793821566528975e-03 |   2.0793821566528975e-03 | 1
 31, 28 |   6.4474805172532183e-04 |   6.4474805172532183e-04 | 1
 31, 29 |   1.6533007344813965e-04 |   1.6533007344813965e-04 | 1
 31, 30 |   5.3553584972529616e-04 |   5.3553584972529616e-04 | 1
 31, 31 |   1.9655523025538236e-02 |   1.9655523025538236e-02 | 1
 31, 32 |   1.4919907647626109e-04 |   1.4919907647626109e-04 | 1
 31, 33 |  -2.2223104703967336e-03 |  -2.2223104703967336e-03 | 1
 31, 34 |   1.0812419933768211e-03 |   1.0812419933768211e-03 | 1
 31, 35 |  -3.2287837865491659e-05 |  -3.2287837865491659e-05 | 1
 31, 36 |  -8.6331006338477415e-05 |  -8.6331006338477415e-05 | 1
 31, 37 |  -7.0454953666139277e-05 |  -7.0454953666139277e-05 | 1
 31, 38 |  -1.2122948693901397e-04 |  -1.2122948693901397e-04 | 1
 31, 39 |  -2.1732455962989469e-04 |  -2.1732455962989469e-04 | 1
 31, 40 |   0.0000000000000000e+00 |   0.0000000000000000e+00 | 1
 32,  1 |   3.0323014957368962e-05 |   3.0323014957368962e-05 | 1
 32,  2 |  -2.5164108953223616e-04 |  -2.5164108953223616e-04 | 1
 32,  3 |   2.1621672095209410e-05 |   2.1621672095209410e-05 | 1
 32,  4 |  -7.9311276403783447e-05 |  -7.9311276403783447e-05 | 1
 32,  5 |   1.8708486351881251e-04 |   1.8708486351881251e-04 | 1
 32,  6 |   5.0510419244185621e-05 |   5.0510419244185621e-05 | 1
 32,  7 |  -4.9118984989014261e-05 |  -4.9118984989014261e-05 | 1
 32,  8 |  -6.2044452676659968e-05 |  -6.2044452676659968e-05 | 1
 32,  9 |  -1.3369388116856518e-05 |  -1.3369388116856518e-05 | 1
 32, 10 |  -2.8902859450880827e-04 |  -2.8902859450880827e-04 | 1
 32, 11 |   1.7016640834252041e-04 |   1.7016640834252041e-04 | 1
 32, 12 |  -2.8096541562531111e-05 |  -2.8096541562531111e-05 | 1
 32, 13 |  -3.3243429961658962e-04 |  -3.3243429961658962e-04 | 1
 32, 14 |  -1.8501182601545510e-04 |  -1.8501182601545510e-04 | 1
 32, 15 |  -1.1819428456045058e-03 |  -1.1819428456045058e-03 | 1
 32, 16 |  -7.6175901039690527e-05 |  -7.6175901039690527e-05 | 1
 32, 17 |  -3.5665810749104088e-06 |  -3.5665810749104088e-06 | 1
 32, 18 |   5.1405448022893903e-05 |   5.1405448022893903e-05 | 1
 32, 19 |  -2.5169398279722977e-04 |  -2.5169398279722977e-04 | 1
 32, 20 |  -3.8368685723547154e-05 |  -3.8368685723547154e-05 | 1
 32, 21 |   1.3305275436912621e-04 |   1.3305275436912621e-04 | 1
 32, 22 |   7.9600584021547035e-05 |   7.9600584021547035e-05 | 1
 32, 23 |   7.5108058944089084e-05 |   7.5108058944089084e-05 | 1
 32, 24 |  -4.9299822597603197e-05 |  -4.9299822597603197e-05 | 1
 32, 25 |  -3.0962569684586444e-05 |  -3.0962569684586444e-05 | 1
 32, 26 |   4.3687450243980761e-05 |   4.3687450243980761e-05 | 1
 32, 27 |   6.2259582820658208e-04 |   6.2259582820658208e-04 | 1
 32, 28 |   7.7517356414421045e-05 |   7.7517356414421045e-05 | 1
 32, 29 |  -9.0663360721574649e-05 |  -9.0663360721574649e-05 | 1
 32, 30 |   6.9316831019164166e-05 |   6.9316831019164166e-05 | 1
 32, 31 |   1.4919907647626109e-04 |   1.4919907647626109e-04 | 1
 32, 32 |   4.1941045280766652e-04 |   4.1941045280766652e-04 | 1
 32, 33 |  -1.0899314299094025e-03 |  -1.0899314299094025e-03 | 1
 32, 34 |   1.0685978407996862e-04 |   1.0685978407996862e-04 | 1
 32, 35 |  -4.6118075974842296e-07 |  -4.6118075974842296e-07 | 1
 32, 36 |  -2.4438301138290924e-05 |  -2.4438301138290924e-05 | 1
 32, 37 |  -3.8185089372818792e-05 |  -3.8185089372818792e-05 | 1
 32, 38 |  -6.0625179095616555e-05 |  -6.0625179095616555e-05 | 1
 32, 39 |  -1.0496310839254285e-05 |  -1.0496310839254285e-05 | 1
 32, 40 |   0.0000000000000000e+00 |   0.0000000000000000e+00 | 1
 33,  1 |  -2.8131704389912364e-05 |  -2.8131704389912364e-05 | 1
 33,  2 |   6.8024076882987388e-05 |   6.8024076882987388e-05 | 1
 33,  3 |  -6.2389852566794129e-05 |  -6.2389852566794129e-05 | 1
 33,  4 |   2.8464968139711418e-04 |   2.8464968139711418e-04 | 1
 33,  5 |  -3.5773900879552189e-05 |  -3.5773900879552189e-05 | 1
 33,  6 |  -9.4610583294220938e-05 |  -9.4610583294220938e-05 | 1
 33,  7 |   6.9344493612045680e-05 |   6.9344493612045680e-05 | 1
 33,  8 |   2.5416260317658605e-05 |   2.5416260317658605e-05 | 1
 33,  9 |   1.3699912053897318e-04 |   1.3699912053897318e-04 | 1
 33, 10 |   4.2966552989939951e-04 |   4.2966552989939951e-04 | 1
 33, 11 |  -3.5352803519605692e-03 |  -3.5352803519605692e-03 | 1
 33, 12 |  -5.9578994826642783e-04 |  -5.9578994826642783e-04 | 1
 33, 13 |   2.0277272527999502e-03 |   2.0277272527999502e-03 | 1
 33, 14 |   1.0308659944450603e-03 |   1.0308659944450603e-03 | 1
 33, 15 |   1.5520938167247306e-03 |   1.5520938167247306e-03 | 1
 33, 16 |  -3.3787502311430226e-04 |  -3.3787502311430226e-04 | 1
 33, 17 |   9.7534517738846131e-05 |   9.7534517738846131e-05 | 1
 33, 18 |  -2.5482343878645534e-05 |  -2.5482343878645534e-05 | 1
 33, 19 |   9.0285585625945260e-04 |   9.0285585625945260e-04 | 1
 33, 20 |  -1.7324221489867019e-04 |  -1.7324221489867019e-04 | 1
 33, 21 |  -3.5234702757431624e-04 |  -3.5234702757431624e-04 | 1
 33, 22 |  -1.7690243274759996e-03 |  -1.7690243274759996e-03 | 1
 33, 23 |  -1.7602972828127851e-04 |  -1.7602972828127851e-04 | 1
 33, 24 |  -6.5647088553213518e-04 |  -6.5647088553213518e-04 | 1
 33, 25 |  -2.0988371005036893e-04 |  -2.0988371005036893e-04 | 1
 33, 26 |  -5.3608507382041240e-05 |  -5.3608507382041240e-05 | 1
 33, 27 |  -7.3475613876253405e-03 |  -7.3475613876253405e-03 | 1
 33, 28 |  -1.5110257960341978e-03 |  -1.5110257960341978e-03 | 1
 33, 29 |   2.6957276393107523e-04 |   2.6957276393107523e-04 | 1
 33, 30 |  -1.1987770993890613e-03 |  -1.1987770993890613e-03 | 1
 33, 31 |  -2.2223104703967336e-03 |  -2.2223104703967336e-03 | 1
 33, 32 |  -1.0899314299094025e-03 |  -1.0899314299094025e-03 | 1
 33, 33 |   8.9430395785486550e-03 |   8.9430395785486550e-03 | 1
 33, 34 |  -3.0459769788605201e-03 |  -3.0459769788605201e-03 | 1
 33, 35 |   2.8529461156448387e-05 |   2.8529461156448387e-05 | 1
 33, 36 |   6.0524414237445850e-05 |   6.0524414237445850e-05 | 1
 33, 37 |   9.0920350394204385e-06 |   9.0920350394204385e-06 | 1
 33, 38 |   8.0775592107071840e-05 |   8.0775592107071840e-05 | 1
 33, 39 |  -1.6147399996323281e-05 |  -1.6147399996323281e-05 | 1
 33, 40 |   0.0000000000000000e+00 |   0.0000000000000000e+00 | 1
 34,  1 |   1.4598058302425383e-04 |   1.4598058302425383e-04 | 1
 34,  2 |   1.2004058866957326e-04 |   1.2004058866957326e-04 | 1
 34,  3 |   1.3484436263477259e-04 |   1.3484436263477259e-04 | 1
 34,  4 |   1.1730993257432432e-04 |   1.1730993257432432e-04 | 1
 34,  5 |   6.4517679541474949e-05 |   6.4517679541474949e-05 | 1
 34,  6 |   1.1009946992609201e-04 |   1.1009946992609201e-04 | 1
 34,  7 |   2.0643100715900308e-04 |   2.0643100715900308e-04 | 1
 34,  8 |   2.0144021811452644e-04 |   2.0144021811452644e-04 | 1
 34,  9 |   1.2294245739319877e-04 |   1.2294245739319877e-04 | 1
 34, 10 |   2.8824068993076079e-04 |   2.8824068993076079e-04 | 1
 34, 11 |   1.8154482231439286e-03 |   1.8154482231439286e-03 | 1
 34, 12 |   4.0111061686652486e-04 |   4.0111061686652486e-04 | 1
 34, 13 |  -4.2037780483630697e-04 |  -4.2037780483630697e-04 | 1
 34, 14 |  -5.4631363566409799e-05 |  -5.4631363566409799e-05 | 1
 34, 15 |   8.7516251576278542e-04 |   8.7516251576278542e-04 | 1
 34, 16 |   4.2370314421827761e-04 |   4.2370314421827761e-04 | 1
 34, 17 |   1.5288357489976108e-04 |   1.5288357489976108e-04 | 1
 34, 18 |   8.0281574349407036e-05 |   8.0281574349407036e-05 | 1
 34, 19 |   2.5416615393721308e-05 |   2.5416615393721308e-05 | 1
 34, 20 |   3.3531128794542708e-04 |   3.3531128794542708e-04 | 1
 34, 21 |   1.9942743783775326e-04 |   1.9942743783775326e-04 | 1
 34, 22 |   9.1523789147996272e-04 |   9.1523789147996272e-04 | 1
 34, 23 |   1.5097523086703065e-04 |   1.5097523086703065e-04 | 1
 34, 24 |   5.7105457431378933e-04 |   5.7105457431378933e-04 | 1
 34, 25 |   2.8085011686440240e-04 |   2.8085011686440240e-04 | 1
 34, 26 |   1.5092597287150444e-04 |   1.5092597287150444e-04 | 1
 34, 27 |   2.9321777928286172e-03 |   2.9321777928286172e-03 | 1
 34, 28 |   8.3791723659609112e-04 |   8.3791723659609112e-04 | 1
 34, 29 |   1.6584138855535815e-04 |   1.6584138855535815e-04 | 1
 34, 30 |   6.8665498043942938e-04 |   6.8665498043942938e-04 | 1
 34, 31 |   1.0812419933768211e-03 |   1.0812419933768211e-03 | 1
 34, 32 |   1.0685978407996862e-04 |   1.0685978407996862e-04 | 1
 34, 33 |  -3.0459769788605201e-03 |  -3.0459769788605201e-03 | 1
 34, 34 |   2.0855248315320295e-03 |   2.0855248315320295e-03 | 1
 34, 35 |  -9.7214957167040975e-05 |  -9.7214957167040975e-05 | 1
 34, 36 |  -9.8237261046214323e-05 |  -9.8237261046214323e-05 | 1
 34, 37 |  -6.7619126644601521e-05 |  -6.7619126644601521e-05 | 1
 34, 38 |  -9.1477025621114244e-05 |  -9.1477025621114244e-05 | 1
 34, 39 |  -1.6776362603829155e-04 |  -1.6776362603829155e-04 | 1
 34, 40 |   0.0000000000000000e+00 |   0.0000000000000000e+00 | 1
 35,  1 |  -8.3493634217998684e-05 |  -8.3493634217998684e-05 | 1
 35,  2 |  -7.8180581571572096e-05 |  -7.8180581571572096e-05 | 1
 35,  3 |  -7.3845329576149299e-05 |  -7.3845329576149299e-05 | 1
 35,  4 |  -8.3527504638448706e-05 |  -8.3527504638448706e-05 | 1
 35,  5 |  -1.3203428731327035e-04 |  -1.3203428731327035e-04 | 1
 35,  6 |  -8.1522574254682702e-05 |  -8.1522574254682702e-05 | 1
 35,  7 |  -3.0265779943239607e-05 |  -3.0265779943239607e-05 | 1
 35,  8 |  -6.2814319893543009e-05 |  -6.2814319893543009e-05 | 1
 35,  9 |  -6.2447616192472325e-05 |  -6.2447616192472325e-05 | 1
 35, 10 |  -7.2392935667389360e-05 |  -7.2392935667389360e-05 | 1
 35, 11 |  -1.5079840526941465e-04 |  -1.5079840526941465e-04 | 1
 35, 12 |  -5.8523011905673111e-05 |  -5.8523011905673111e-05 | 1
 35, 13 |  -1.0712368871129604e-04 |  -1.0712368871129604e-04 | 1
 35, 14 |  -8.4683323420024379e-05 |  -8.4683323420024379e-05 | 1
 35, 15 |  -3.2763571298108525e-04 |  -3.2763571298108525e-04 | 1
 35, 16 |  -5.3713531033868943e-05 |  -5.3713531033868943e-05 | 1
 35, 17 |  -7.8115698752516372e-05 |  -7.8115698752516372e-05 | 1
 35, 18 |  -1.0599533436049890e-04 |  -1.0599533436049890e-04 | 1
 35, 19 |  -9.5903764291268464e-05 |  -9.5903764291268464e-05 | 1
 35, 20 |  -1.3914171165043223e-04 |  -1.3914171165043223e-04 | 1
 35, 21 |  -8.6147052507466068e-05 |  -8.6147052507466068e-05 | 1
 35, 22 |  -6.2974813579471761e-05 |  -6.2974813579471761e-05 | 1
 35, 23 |  -1.1919075456303949e-04 |  -1.1919075456303949e-04 | 1
 35, 24 |  -1.1606430564091474e-04 |  -1.1606430564091474e-04 | 1
 35, 25 |  -5.3492785932397961e-05 |  -5.3492785932397961e-05 | 1
 35, 26 |  -1.5330268096185279e-04 |  -1.5330268096185279e-04 | 1
 35, 27 |  -1.1697276723647660e-04 |  -1.1697276723647660e-04 | 1
 35, 28 |  -8.3589649514191172e-05 |  -8.3589649514191172e-05 | 1
 35, 29 |  -7.5911770298068426e-05 |  -7.5911770298068426e-05 | 1
 35, 30 |  -8.3864157507067131e-05 |  -8.3864157507067131e-05 | 1
 35, 31 |  -3.2287837865491659e-05 |  -3.2287837865491659e-05 | 1
 35, 32 |  -4.6118075974842296e-07 |  -4.6118075974842296e-07 | 1
 35, 33 |   2.8529461156448387e-05 |   2.8529461156448387e-05 | 1
 35, 34 |  -9.7214957167040975e-05 |  -9.7214957167040975e-05 | 1
 35, 35 |   1.5921228459038174e-04 |   1.5921228459038174e-04 | 1
 35, 36 |   9.7022479471773720e-05 |   9.7022479471773720e-05 | 1
 35, 37 |   8.9140911346066324e-05 |   8.9140911346066324e-05 | 1
 35, 38 |   8.8337351578834613e-05 |   8.8337351578834613e-05 | 1
 35, 39 |  -4.1563715777195787e-07 |  -4.1563715777195787e-07 | 1
 35, 40 |   0.0000000000000000e+00 |   0.0000000000000000e+00 | 1
 36,  1 |  -9.7307348921250300e-05 |  -9.7307348921250300e-05 | 1
 36,  2 |  -9.3713843409941729e-05 |  -9.3713843409941729e-05 | 1
 36,  3 |  -8.0006676871794677e-05 |  -8.0006676871794677e-05 | 1
 36,  4 |  -8.7466302135572657e-05 |  -8.7466302135572657e-05 | 1
 36,  5 |  -7.0760780012420844e-05 |  -7.0760780012420844e-05 | 1
 36,  6 |  -3.4415057302938505e-05 |  -3.4415057302938505e-05 | 1
 36,  7 |  -8.4236955374638407e-05 |  -8.4236955374638407e-05 | 1
 36,  8 |  -4.5365926802820426e-05 |  -4.5365926802820426e-05 | 1
 36,  9 |  -7.5403105347849215e-05 |  -7.5403105347849215e-05 | 1
 36, 10 |  -5.5945830142655281e-06 |  -5.5945830142655281e-06 | 1
 36, 11 |  -1.1418123847715298e-04 |  -1.1418123847715298e-04 | 1
 36, 12 |  -6.9992722998077670e-05 |  -6.9992722998077670e-05 | 1
 36, 13 |  -1.0374629860660444e-04 |  -1.0374629860660444e-04 | 1
 36, 14 |  -1.1378321650289288e-04 |  -1.1378321650289288e-04 | 1
 36, 15 |  -2.7526525540667738e-04 |  -2.7526525540667738e-04 | 1
 36, 16 |  -5.9865934309406870e-05 |  -5.9865934309406870e-05 | 1
 36, 17 |  -1.1230529364775035e-04 |  -1.1230529364775035e-04 | 1
 36, 18 |  -1.4490669854274962e-04 |  -1.4490669854274962e-04 | 1
 36, 19 |  -9.1055429455909163e-05 |  -9.1055429455909163e-05 | 1
 36, 20 |  -1.2873904801921442e-04 |  -1.2873904801921442e-04 | 1
 36, 21 |  -8.3120003424218784e-05 |  -8.3120003424218784e-05 | 1
 36, 22 |  -2.3383990703546167e-05 |  -2.3383990703546167e-05 | 1
 36, 23 |  -4.4685295427710090e-05 |  -4.4685295427710090e-05 | 1
 36, 24 |  -7.4859351963160124e-05 |  -7.4859351963160124e-05 | 1
 36, 25 |  -7.4553530423858715e-05 |  -7.4553530423858715e-05 | 1
 36, 26 |  -1.6483565587812411e-04 |  -1.6483565587812411e-04 | 1
 36, 27 |  -8.6305827135581525e-05 |  -8.6305827135581525e-05 | 1
 36, 28 |  -1.4012412967915840e-04 |  -1.4012412967915840e-04 | 1
 36, 29 |  -1.2071100305852499e-04 |  -1.2071100305852499e-04 | 1
 36, 30 |  -9.4160504053089611e-05 |  -9.4160504053089611e-05 | 1
 36, 31 |  -8.6331006338477415e-05 |  -8.6331006338477415e-05 | 1
 36, 32 |  -2.4438301138290924e-05 |  -2.4438301138290924e-05 | 1
 36, 33 |   6.0524414237445850e-05 |   6.0524414237445850e-05 | 1
 36, 34 |  -9.8237261046214323e-05 |  -9.8237261046214323e-05 | 1
 36, 35 |   9.7022479471773720e-05 |   9.7022479471773720e-05 | 1
 36, 36 |   1.8442971498846994e-04 |   1.8442971498846994e-04 | 1
 36, 37 |   1.1473781439654278e-04 |   1.1473781439654278e-04 | 1
 36, 38 |   1.1346454215174800e-04 |   1.1346454215174800e-04 | 1
 36, 39 |   2.2828702821992630e-06 |   2.2828702821992630e-06 | 1
 36, 40 |   0.0000000000000000e+00 |   0.0000000000000000e+00 | 1
 37,  1 |  -1.0845362192147290e-04 |  -1.0845362192147290e-04 | 1
 37,  2 |  -9.7653604479493134e-05 |  -9.7653604479493134e-05 | 1
 37,  3 |  -8.1275260989006133e-05 |  -8.1275260989006133e-05 | 1
 37,  4 |  -8.5075569830520329e-05 |  -8.5075569830520329e-05 | 1
 37,  5 |  -1.8400524809117442e-04 |  -1.8400524809117442e-04 | 1
 37,  6 |  -1.0100216635766452e-04 |  -1.0100216635766452e-04 | 1
 37,  7 |  -5.0886959396591658e-05 |  -5.0886959396591658e-05 | 1
 37,  8 |  -5.7939163737115990e-05 |  -5.7939163737115990e-05 | 1
 37,  9 |  -1.1310395343577851e-04 |  -1.1310395343577851e-04 | 1
 37, 10 |  -5.8075918123130638e-06 |  -5.8075918123130638e-06 | 1
 37, 11 |  -1.2497082458694223e-04 |  -1.2497082458694223e-04 | 1
 37, 12 |  -6.0988434380938655e-05 |  -6.0988434380938655e-05 | 1
 37, 13 |  -1.1867529207420878e-04 |  -1.1867529207420878e-04 | 1
 37, 14 |  -1.4435986692819396e-04 |  -1.4435986692819396e-04 | 1
 37, 15 |  -2.3950388321124260e-04 |  -2.3950388321124260e-04 | 1
 37, 16 |  -5.6830151185624414e-05 |  -5.6830151185624414e-05 | 1
 37, 17 |  -1.3412991102826501e-04 |  -1.3412991102826501e-04 | 1
 37, 18 |  -1.6564695181477124e-04 |  -1.6564695181477124e-04 | 1
 37, 19 |  -1.2977990322250011e-04 |  -1.2977990322250011e-04 | 1
 37, 20 |  -1.2665332916979676e-04 |  -1.2665332916979676e-04 | 1
 37, 21 |  -1.9475050424252107e-04 |  -1.9475050424252107e-04 | 1
 37, 22 |  -3.2239373507623838e-05 |  -3.2239373507623838e-05 | 1
 37, 23 |  -5.6920294583334604e-05 |  -5.6920294583334604e-05 | 1
 37, 24 |  -9.8628096354035785e-05 |  -9.8628096354035785e-05 | 1
 37, 25 |  -9.4556796173898491e-05 |  -9.4556796173898491e-05 | 1
 37, 26 |  -2.1494139095216692e-04 |  -2.1494139095216692e-04 | 1
 37, 27 |  -6.9945020405081239e-05 |  -6.9945020405081239e-05 | 1
 37, 28 |  -1.1716379396478375e-04 |  -1.1716379396478375e-04 | 1
 37, 29 |  -1.3410897444191293e-04 |  -1.3410897444191293e-04 | 1
 37, 30 |  -1.4000810338425502e-04 |  -1.4000810338425502e-04 | 1
 37, 31 |  -7.0454953666139277e-05 |  -7.0454953666139277e-05 | 1
 37, 32 |  -3.8185089372818792e-05 |  -3.8185089372818792e-05 | 1
 37, 33 |   9.0920350394204385e-06 |   9.0920350394204385e-06 | 1
 37, 34 |  -6.7619126644601521e-05 |  -6.7619126644601521e-05 | 1
 37, 35 |   8.9140911346066324e-05 |   8.9140911346066324e-05 | 1
 37, 36 |   1.1473781439654278e-04 |   1.1473781439654278e-04 | 1
 37, 37 |   2.1792455741995040e-04 |   2.1792455741995040e-04 | 1
 37, 38 |   1.4678530978810470e-04 |   1.4678530978810470e-04 | 1
 37, 39 |  -9.2690503838830521e-09 |  -9.2690503838830521e-09 | 1
 37, 40 |   0.0000000000000000e+00 |   0.0000000000000000e+00 | 1
 38,  1 |  -1.2454704307694856e-04 |  -1.2454704307694856e-04 | 1
 38,  2 |  -9.0953779342054915e-05 |  -9.0953779342054915e-05 | 1
 38,  3 |  -1.1069937624580822e-04 |  -1.1069937624580822e-04 | 1
 38,  4 |  -8.4091522211858329e-05 |  -8.4091522211858329e-05 | 1
 38,  5 |  -2.1356935455452651e-04 |  -2.1356935455452651e-04 | 1
 38,  6 |  -1.0763755040944177e-04 |  -1.0763755040944177e-04 | 1
 38,  7 |  -9.5266402556590159e-05 |  -9.5266402556590159e-05 | 1
 38,  8 |  -7.0269802966074315e-05 |  -7.0269802966074315e-05 | 1
 38,  9 |  -8.9699442604518651e-05 |  -8.9699442604518651e-05 | 1
 38, 10 |  -7.9411744796851867e-05 |  -7.9411744796851867e-05 | 1
 38, 11 |  -9.2451975458871351e-05 |  -9.2451975458871351e-05 | 1
 38, 12 |  -9.9199418202747805e-05 |  -9.9199418202747805e-05 | 1
 38, 13 |  -1.1371453751004406e-04 |  -1.1371453751004406e-04 | 1
 38, 14 |  -8.4591722343375344e-05 |  -8.4591722343375344e-05 | 1
 38, 15 |   9.5444447913424412e-05 |   9.5444447913424412e-05 | 1
 38, 16 |  -4.9721620570816746e-05 |  -4.9721620570816746e-05 | 1
 38, 17 |  -1.3720185867546590e-04 |  -1.3720185867546590e-04 | 1
 38, 18 |  -1.2120749717849815e-04 |  -1.2120749717849815e-04 | 1
 38, 19 |  -7.1214685347176091e-05 |  -7.1214685347176091e-05 | 1
 38, 20 |  -1.3706838298403807e-04 |  -1.3706838298403807e-04 | 1
 38, 21 |  -1.7062375685930305e-04 |  -1.7062375685930305e-04 | 1
 38, 22 |  -4.5923929639348507e-05 |  -4.5923929639348507e-05 | 1
 38, 23 |  -1.2379430548575062e-04 |  -1.2379430548575062e-04 | 1
 38, 24 |  -1.1113041807398139e-04 |  -1.1113041807398139e-04 | 1
 38, 25 |  -1.0254030405983646e-04 |  -1.0254030405983646e-04 | 1
 38, 26 |  -1.5960236236567044e-04 |  -1.5960236236567044e-04 | 1
 38, 27 |  -9.3952661909634373e-05 |  -9.3952661909634373e-05 | 1
 38, 28 |  -1.2421494458968017e-04 |  -1.2421494458968017e-04 | 1
 38, 29 |  -1.3267991477750144e-04 |  -1.3267991477750144e-04 | 1
 38, 30 |  -1.0625192010051327e-04 |  -1.0625192010051327e-04 | 1
 38, 31 |  -1.2122948693901397e-04 |  -1.2122948693901397e-04 | 1
 38, 32 |  -6.0625179095616555e-05 |  -6.0625179095616555e-05 | 1
 38, 33 |   8.0775592107071840e-05 |   8.0775592107071840e-05 | 1
 38, 34 |  -9.1477025621114244e-05 |  -9.1477025621114244e-05 | 1
 38, 35 |   8.8337351578834613e-05 |   8.8337351578834613e-05 | 1
 38, 36 |   1.1346454215174800e-04 |   1.1346454215174800e-04 | 1
 38, 37 |   1.4678530978810470e-04 |   1.4678530978810470e-04 | 1
 38, 38 |   2.6443535576043276e-04 |   2.6443535576043276e-04 | 1
 38, 39 |   2.4679928567502402e-07 |   2.4679928567502402e-07 | 1
 38, 40 |   0.0000000000000000e+00 |   0.0000000000000000e+00 | 1
 39,  1 |  -1.6340870326990946e-04 |  -1.6340870326990946e-04 | 1
 39,  2 |  -1.3814515909634650e-04 |  -1.3814515909634650e-04 | 1
 39,  3 |  -1.1871500140296100e-04 |  -1.1871500140296100e-04 | 1
 39,  4 |  -1.7014169211734148e-04 |  -1.7014169211734148e-04 | 1
 39,  5 |  -2.8490508385394919e-04 |  -2.8490508385394919e-04 | 1
 39,  6 |  -1.1432244450726193e-04 |  -1.1432244450726193e-04 | 1
 39,  7 |  -2.3362750995667195e-04 |  -2.3362750995667195e-04 | 1
 39,  8 |  -1.6789777420971231e-04 |  -1.6789777420971231e-04 | 1
 39,  9 |  -1.9696762166329033e-04 |  -1.9696762166329033e-04 | 1
 39, 10 |  -1.9652592047743315e-04 |  -1.9652592047743315e-04 | 1
 39, 11 |  -3.8203834917666546e-04 |  -3.8203834917666546e-04 | 1
 39, 12 |  -3.6908948156381994e-05 |  -3.6908948156381994e-05 | 1
 39, 13 |  -1.3253804370670196e-04 |  -1.3253804370670196e-04 | 1
 39, 14 |  -2.5019165286462036e-04 |  -2.5019165286462036e-04 | 1
 39, 15 |  -7.4576739775786770e-05 |  -7.4576739775786770e-05 | 1
 39, 16 |  -2.2327177557361104e-04 |  -2.2327177557361104e-04 | 1
 39, 17 |  -1.9384906878393629e-04 |  -1.9384906878393629e-04 | 1
 39, 18 |  -5.5269069550046971e-05 |  -5.5269069550046971e-05 | 1
 39, 19 |  -1.4708404380719067e-04 |  -1.4708404380719067e-04 | 1
 39, 20 |  -1.8048884376134202e-04 |  -1.8048884376134202e-04 | 1
 39, 21 |  -1.5777996241540378e-04 |  -1.5777996241540378e-04 | 1
 39, 22 |  -2.2121043976043928e-04 |  -2.2121043976043928e-04 | 1
 39, 23 |  -1.6649939161980144e-04 |  -1.6649939161980144e-04 | 1
 39, 24 |  -2.0356859371735506e-04 |  -2.0356859371735506e-04 | 1
 39, 25 |  -1.4047588977908465e-04 |  -1.4047588977908465e-04 | 1
 39, 26 |  -8.5634628011373252e-05 |  -8.5634628011373252e-05 | 1
 39, 27 |  -7.8354650589239127e-05 |  -7.8354650589239127e-05 | 1
 39, 28 |  -1.9428169661370474e-04 |  -1.9428169661370474e-04 | 1
 39, 29 |  -1.7376905096617447e-04 |  -1.7376905096617447e-04 | 1
 39, 30 |  -1.9442599070733268e-04 |  -1.9442599070733268e-04 | 1
 39, 31 |  -2.1732455962989469e-04 |  -2.1732455962989469e-04 | 1
 39, 32 |  -1.0496310839254285e-05 |  -1.0496310839254285e-05 | 1
 39, 33 |  -1.6147399996323281e-05 |  -1.6147399996323281e-05 | 1
 39, 34 |  -1.6776362603829155e-04 |  -1.6776362603829155e-04 | 1
 39, 35 |  -4.1563715777195787e-07 |  -4.1563715777195787e-07 | 1
 39, 36 |   2.2828702821992630e-06 |   2.2828702821992630e-06 | 1
 39, 37 |  -9.2690503838830521e-09 |  -9.2690503838830521e-09 | 1
 39, 38 |   2.4679928567502402e-07 |   2.4679928567502402e-07 | 1
 39, 39 |   3.4883035288260048e-04 |   3.4883035288260048e-04 | 1
 39, 40 |   0.0000000000000000e+00 |   0.0000000000000000e+00 | 1
 40,  1 |   0.0000000000000000e+00 |   0.0000000000000000e+00 | 1
 40,  2 |   0.0000000000000000e+00 |   0.0000000000000000e+00 | 1
 40,  3 |   0.0000000000000000e+00 |   0.0000000000000000e+00 | 1
 40,  4 |   0.0000000000000000e+00 |   0.0000000000000000e+00 | 1
 40,  5 |   0.0000000000000000e+00 |   0.0000000000000000e+00 | 1
 40,  6 |   0.0000000000000000e+00 |   0.0000000000000000e+00 | 1
 40,  7 |   0.0000000000000000e+00 |   0.0000000000000000e+00 | 1
 40,  8 |   0.0000000000000000e+00 |   0.0000000000000000e+00 | 1
 40,  9 |   0.0000000000000000e+00 |   0.0000000000000000e+00 | 1
 40, 10 |   0.0000000000000000e+00 |   0.0000000000000000e+00 | 1
 40, 11 |   0.0000000000000000e+00 |   0.0000000000000000e+00 | 1
 40, 12 |   0.0000000000000000e+00 |   0.0000000000000000e+00 | 1
 40, 13 |   0.0000000000000000e+00 |   0.0000000000000000e+00 | 1
 40, 14 |   0.0000000000000000e+00 |   0.0000000000000000e+00 | 1
 40, 15 |   0.0000000000000000e+00 |   0.0000000000000000e+00 | 1
 40, 16 |   0.0000000000000000e+00 |   0.0000000000000000e+00 | 1
 40, 17 |   0.0000000000000000e+00 |   0.0000000000000000e+00 | 1
 40, 18 |   0.0000000000000000e+00 |   0.0000000000000000e+00 | 1
 40, 19 |   0.0000000000000000e+00 |   0.0000000000000000e+00 | 1
 40, 20 |   0.0000000000000000e+00 |   0.0000000000000000e+00 | 1
 40, 21 |   0.0000000000000000e+00 |   0.0000000000000000e+00 | 1
 40, 22 |   0.0000000000000000e+00 |   0.0000000000000000e+00 | 1
 40, 23 |   0.0000000000000000e+00 |   0.0000000000000000e+00 | 1
 40, 24 |   0.0000000000000000e+00 |   0.0000000000000000e+00 | 1
 40, 25 |   0.0000000000000000e+00 |   0.0000000000000000e+00 | 1
 40, 26 |   0.0000000000000000e+00 |   0.0000000000000000e+00 | 1
 40, 27 |   0.0000000000000000e+00 |   0.0000000000000000e+00 | 1
 40, 28 |   0.0000000000000000e+00 |   0.0000000000000000e+00 | 1
 40, 29 |   0.0000000000000000e+00 |   0.0000000000000000e+00 | 1
 40, 30 |   0.0000000000000000e+00 |   0.0000000000000000e+00 | 1
 40, 31 |   0.0000000000000000e+00 |   0.0000000000000000e+00 | 1
 40, 32 |   0.0000000000000000e+00 |   0.0000000000000000e+00 | 1
 40, 33 |   0.0000000000000000e+00 |   0.0000000000000000e+00 | 1
 40, 34 |   0.0000000000000000e+00 |   0.0000000000000000e+00 | 1
 40, 35 |   0.0000000000000000e+00 |   0.0000000000000000e+00 | 1
 40, 36 |   0.0000000000000000e+00 |   0.0000000000000000e+00 | 1
 40, 37 |   0.0000000000000000e+00 |   0.0000000000000000e+00 | 1
 40, 38 |   0.0000000000000000e+00 |   0.0000000000000000e+00 | 1
 40, 39 |   0.0000000000000000e+00 |   0.0000000000000000e+00 | 1
 40, 40 |   0.0000000000000000e+00 |   0.0000000000000000e+00 | 1
