row,col | V_base                   | V_new                    | equal
  1,  1 |   2.9189682372163147e-04 |   2.9189682372163147e-04 | 1
  1,  2 |   3.5260547358806620e-05 |   3.5260547358806620e-05 | 1
  1,  3 |   3.3821983251836450e-05 |   3.3821983251836450e-05 | 1
  1,  4 |   3.2072039722852666e-05 |   3.2072039722852666e-05 | 1
  1,  5 |   5.0381398474381737e-05 |   5.0381398474381737e-05 | 1
  1,  6 |   3.1000414495040200e-05 |   3.1000414495040200e-05 | 1
  1,  7 |   2.6757076911164372e-05 |   2.6757076911164372e-05 | 1
  1,  8 |   2.2712400854944953e-05 |   2.2712400854944953e-05 | 1
  1,  9 |   3.4695181976753632e-05 |   3.4695181976753632e-05 | 1
  1, 10 |   2.2058341514240313e-05 |   2.2058341514240313e-05 | 1
  1, 11 |   5.7412230087077671e-05 |   5.7412230087077671e-05 | 1
  1, 12 |   2.5938712222966548e-05 |   2.5938712222966548e-05 | 1
  1, 13 |   3.9240893376419639e-05 |   3.9240893376419639e-05 | 1
  1, 14 |   3.5388134105414803e-05 |   3.5388134105414803e-05 | 1
  1, 15 |   1.0303845214443752e-04 |   1.0303845214443752e-04 | 1
  1, 16 |   1.4615218722217860e-05 |   1.4615218722217860e-05 | 1
  1, 17 |   4.7653779314207106e-05 |   4.7653779314207106e-05 | 1
  1, 18 |   5.4123898083069212e-05 |   5.4123898083069212e-05 | 1
  1, 19 |   3.4891450563200873e-05 |   3.4891450563200873e-05 | 1
  1, 20 |   5.1618337648600749e-05 |   5.1618337648600749e-05 | 1
  1, 21 |   6.1116826792042886e-05 |   6.1116826792042886e-05 | 1
  1, 22 |   3.3382874763504512e-05 |   3.3382874763504512e-05 | 1
  1, 23 |   4.2676080338526395e-05 |   4.2676080338526395e-05 | 1
  1, 24 |   4.3000812993396618e-05 |   4.3000812993396618e-05 | 1
  1, 25 |   3.6629073901119102e-05 |   3.6629073901119102e-05 | 1
  1, 26 |   6.4189335344320649e-05 |   6.4189335344320649e-05 | 1
  1, 27 |   4.8410414075145068e-05 |   4.8410414075145068e-05 | 1
  1, 28 |   4.5739395508225986e-05 |   4.5739395508225986e-05 | 1
  1, 29 |   4.5093887566030746e-05 |   4.5093887566030746e-05 | 1
  1, 30 |   4.3572539644127279e-05 |   4.3572539644127279e-05 | 1
  1, 31 |   3.8964612800177140e-05 |   3.8964612800177140e-05 | 1
  1, 32 |   1.3044589760144792e-05 |   1.3044589760144792e-05 | 1
  1, 33 |  -2.8572260612915414e-05 |  -2.8572260612915414e-05 | 1
  1, 34 |   3.9324086895905583e-05 |   3.9324086895905583e-05 | 1
  1, 35 |  -4.5391016656585236e-05 |  -4.5391016656585236e-05 | 1
  1, 36 |  -4.9055403866881842e-05 |  -4.9055403866881842e-05 | 1
  1, 37 |  -5.2102092316694325e-05 |  -5.2102092316694325e-05 | 1
  1, 38 |  -5.5911585209245796e-05 |  -5.5911585209245796e-05 | 1
  1, 39 |   4.8744185020646915e-05 |   4.8744185020646915e-05 | 1
  1, 40 |  -1.2659215607865656e-05 |  -1.2659215607865656e-05 | 1
  2,  1 |   3.5260547358806620e-05 |   3.5260547358806620e-05 | 1
  2,  2 |   1.2177550707907817e-03 |   1.2177550707907817e-03 | 1
  2,  3 |   2.9640547014758919e-05 |   2.9640547014758919e-05 | 1
  2,  4 |   3.1242738810899100e-05 |   3.1242738810899100e-05 | 1
  2,  5 |   3.9253282572375572e-05 |   3.9253282572375572e-05 | 1
  2,  6 |   2.4969954692460263e-05 |   2.4969954692460263e-05 | 1
  2,  7 |   2.4458033034409039e-05 |   2.4458033034409039e-05 | 1
  2,  8 |   2.1724205015286500e-05 |   2.1724205015286500e-05 | 1
  2,  9 |   3.0376155486834462e-05 |   3.0376155486834462e-05 | 1
  2, 10 |   2.5774274030638537e-05 |   2.5774274030638537e-05 | 1
  2, 11 |   4.5123315962905458e-05 |   4.5123315962905458e-05 | 1
  2, 12 |   2.3393503571459811e-05 |   2.3393503571459811e-05 | 1
  2, 13 |   4.1498253381477300e-05 |   4.1498253381477300e-05 | 1
  2, 14 |   3.8787783441968709e-05 |   3.8787783441968709e-05 | 1
  2, 15 |   1.4123300537932719e-04 |   1.4123300537932719e-04 | 1
  2, 16 |   1.5971852999796922e-05 |   1.5971852999796922e-05 | 1
  2, 17 |   4.2826800072188804e-05 |   4.2826800072188804e-05 | 1
  2, 18 |   4.9345860399550430e-05 |   4.9345860399550430e-05 | 1
  2, 19 |   4.0205186508232041e-05 |   4.0205186508232041e-05 | 1
  2, 20 |   4.8442430418190667e-05 |   4.8442430418190667e-05 | 1
  2, 21 |   4.7746412111261390e-05 |   4.7746412111261390e-05 | 1
  2, 22 |   2.8378100750399422e-05 |   2.8378100750399422e-05 | 1
  2, 23 |   3.4319420014155056e-05 |   3.4319420014155056e-05 | 1
  2, 24 |   4.0064395575263898e-05 |   4.0064395575263898e-05 | 1
  2, 25 |   3.3311542646310041e-05 |   3.3311542646310041e-05 | 1
  2, 26 |   5.8675623423366861e-05 |   5.8675623423366861e-05 | 1
  2, 27 |   2.1993069343179979e-05 |   2.1993069343179979e-05 | 1
  2, 28 |   4.0712203603986236e-05 |   4.0712203603986236e-05 | 1
  2, 29 |   4.2810227782647018e-05 |   4.2810227782647018e-05 | 1
  2, 30 |   3.8237924576246991e-05 |   3.8237924576246991e-05 | 1
  2, 31 |   2.9384087583455491e-05 |   2.9384087583455491e-05 | 1
  2, 32 |  -3.6426462614234771e-04 |  -3.6426462614234771e-04 | 1
  2, 33 |   5.1619316908542379e-06 |   5.1619316908542379e-06 | 1
  2, 34 |   3.1940313948735833e-05 |   3.1940313948735833e-05 | 1
  2, 35 |  -4.2324553865671476e-05 |  -4.2324553865671476e-05 | 1
  2, 36 |  -4.5811524084558749e-05 |  -4.5811524084558749e-05 | 1
  2, 37 |  -4.7333368090071731e-05 |  -4.7333368090071731e-05 | 1
  2, 38 |  -4.5552435697437479e-05 |  -4.5552435697437479e-05 | 1
  2, 39 |   4.3813022523325255e-05 |   4.3813022523325255e-05 | 1
  2, 40 |   3.6398592180236897e-04 |   3.6398592180236897e-04 | 1
  3,  1 |   3.3821983251836450e-05 |   3.3821983251836450e-05 | 1
  3,  2 |   2.9640547014758919e-05 |   2.9640547014758919e-05 | 1
  3,  3 |   1.1645898660022259e-02 |   1.1645898660022259e-02 | 1
  3,  4 |   2.7333606686367109e-05 |   2.7333606686367109e-05 | 1
  3,  5 |   4.6147011397518160e-05 |   4.6147011397518160e-05 | 1
  3,  6 |   2.6102846228928309e-05 |   2.6102846228928309e-05 | 1
  3,  7 |   2.2339176379585156e-05 |   2.2339176379585156e-05 | 1
  3,  8 |   1.8896674219868693e-05 |   1.8896674219868693e-05 | 1
  3,  9 |   2.8178730810895280e-05 |   2.8178730810895280e-05 | 1
  3, 10 |   1.6314487737438890e-05 |   1.6314487737438890e-05 | 1
  3, 11 |   3.8320044374248077e-05 |   3.8320044374248077e-05 | 1
  3, 12 |   2.0747604437879383e-05 |   2.0747604437879383e-05 | 1
  3, 13 |   3.4897897964550517e-05 |   3.4897897964550517e-05 | 1
  3, 14 |   2.9898415793957893e-05 |   2.9898415793957893e-05 | 1
  3, 15 |   6.5399645827564714e-05 |   6.5399645827564714e-05 | 1
  3, 16 |   1.0872780330702299e-05 |   1.0872780330702299e-05 | 1
  3, 17 |   4.0096963006020864e-05 |   4.0096963006020864e-05 | 1
  3, 18 |   4.5778908671131782e-05 |   4.5778908671131782e-05 | 1
  3, 19 |   2.8967028225591707e-05 |   2.8967028225591707e-05 | 1
  3, 20 |   4.4802859202320100e-05 |   4.4802859202320100e-05 | 1
  3, 21 |   5.0779394965497004e-05 |   5.0779394965497004e-05 | 1
  3, 22 |   2.5419324121983147e-05 |   2.5419324121983147e-05 | 1
  3, 23 |   3.7540711707183581e-05 |   3.7540711707183581e-05 | 1
  3, 24 |   3.5215889726422861e-05 |   3.5215889726422861e-05 | 1
  3, 25 |   2.9164672539645997e-05 |   2.9164672539645997e-05 | 1
  3, 26 |   5.4286144802615524e-05 |   5.4286144802615524e-05 | 1
  3, 27 |   2.6185953533643301e-05 |   2.6185953533643301e-05 | 1
  3, 28 |   3.6013058612577976e-05 |   3.6013058612577976e-05 | 1
  3, 29 |   3.7324381765536803e-05 |   3.7324381765536803e-05 | 1
  3, 30 |   3.2769807471678616e-05 |   3.2769807471678616e-05 | 1
  3, 31 |   2.9085236457227086e-05 |   2.9085236457227086e-05 | 1
  3, 32 |   1.2431066139415010e-05 |   1.2431066139415010e-05 | 1
  3, 33 |  -1.3729914967167802e-05 |  -1.3729914967167802e-05 | 1
  3, 34 |   2.5457864104556385e-05 |   2.5457864104556385e-05 | 1
  3, 35 |  -3.9863132795209326e-05 |  -3.9863132795209326e-05 | 1
  3, 36 |  -4.1935848798143558e-05 |  -4.1935848798143558e-05 | 1
  3, 37 |  -4.1972320133611810e-05 |  -4.1972320133611810e-05 | 1
  3, 38 |  -4.8784357531939695e-05 |  -4.8784357531939695e-05 | 1
  3, 39 |   4.1177660668420703e-05 |   4.1177660668420703e-05 | 1
  3, 40 |  -1.2031683013708251e-05 |  -1.2031683013708251e-05 | 1
  4,  1 |   3.2072039722852666e-05 |   3.2072039722852666e-05 | 1
  4,  2 |   3.1242738810899100e-05 |   3.1242738810899100e-05 | 1
  4,  3 |   2.7333606686367109e-05 |   2.7333606686367109e-05 | 1
  4,  4 |   1.8087513406321773e-03 |   1.8087513406321773e-03 | 1
  4,  5 |   1.5823890287555606e-05 |   1.5823890287555606e-05 | 1
  4,  6 |   9.6946824069168399e-06 |   9.6946824069168399e-06 | 1
  4,  7 |   3.1381295210429849e-05 |   3.1381295210429849e-05 | 1
  4,  8 |   2.7541981337323078e-05 |   2.7541981337323078e-05 | 1
  4,  9 |   2.4461742989971317e-05 |   2.4461742989971317e-05 | 1
  4, 10 |   6.4943042716101603e-05 |   6.4943042716101603e-05 | 1
  4, 11 |  -1.9173863851813088e-06 |  -1.9173863851813088e-06 | 1
  4, 12 |   2.5835098756789637e-05 |   2.5835098756789637e-05 | 1
  4, 13 |   7.0024099692130574e-05 |   7.0024099692130574e-05 | 1
  4, 14 |   6.1392646832230516e-05 |   6.1392646832230516e-05 | 1
  4, 15 |   2.7362300892484553e-04 |   2.7362300892484553e-04 | 1
  4, 16 |   2.6982820964172637e-05 |   2.6982820964172637e-05 | 1
  4, 17 |   4.0618764037718621e-05 |   4.0618764037718621e-05 | 1
  4, 18 |   3.9832918477813900e-05 |   3.9832918477813900e-05 | 1
  4, 19 |   7.2091182022737227e-05 |   7.2091182022737227e-05 | 1
  4, 20 |   4.9413661523482771e-05 |   4.9413661523482771e-05 | 1
  4, 21 |   1.6755603073536196e-05 |   1.6755603073536196e-05 | 1
  4, 22 |   1.7388637123194890e-05 |   1.7388637123194890e-05 | 1
  4, 23 |   2.2751120764162958e-05 |   2.2751120764162958e-05 | 1
  4, 24 |   4.2562719781437662e-05 |   4.2562719781437662e-05 | 1
  4, 25 |   3.5519422358820020e-05 |   3.5519422358820020e-05 | 1
  4, 26 |   4.6984982006930765e-05 |   4.6984982006930765e-05 | 1
  4, 27 |  -9.1002613405137415e-05 |  -9.1002613405137415e-05 | 1
  4, 28 |   3.1538483034682357e-05 |   3.1538483034682357e-05 | 1
  4, 29 |   5.2123527910348657e-05 |   5.2123527910348657e-05 | 1
  4, 30 |   2.5925513216258255e-05 |   2.5925513216258255e-05 | 1
  4, 31 |   1.2362964601854272e-05 |   1.2362964601854272e-05 | 1
  4, 32 |  -4.7436373349890362e-05 |  -4.7436373349890362e-05 | 1
  4, 33 |   1.5322125641965557e-04 |   1.5322125641965557e-04 | 1
  4, 34 |   1.0291384888018744e-05 |   1.0291384888018744e-05 | 1
  4, 35 |  -4.0930017690673189e-05 |  -4.0930017690673189e-05 | 1
  4, 36 |  -4.2203532221984897e-05 |  -4.2203532221984897e-05 | 1
  4, 37 |  -4.0284554797362642e-05 |  -4.0284554797362642e-05 | 1
  4, 38 |  -4.1009114593859670e-05 |  -4.1009114593859670e-05 | 1
  4, 39 |   3.9326965787166070e-05 |   3.9326965787166070e-05 | 1
  4, 40 |   4.7058953494452728e-05 |   4.7058953494452728e-05 | 1
  5,  1 |   5.0381398474381737e-05 |   5.0381398474381737e-05 | 1
  5,  2 |   3.9253282572375572e-05 |   3.9253282572375572e-05 | 1
  5,  3 |   4.6147011397518160e-05 |   4.6147011397518160e-05 | 1
  5,  4 |   1.5823890287555606e-05 |   1.5823890287555606e-05 | 1
  5,  5 |   2.3875713763286528e-02 |   2.3875713763286528e-02 | 1
  5,  6 |   7.8371282792899638e-05 |   7.8371282792899638e-05 | 1
  5,  7 |   9.2282984490283879e-07 |   9.2282984490283879e-07 | 1
  5,  8 |   4.4552588571991346e-06 |   4.4552588571991346e-06 | 1
  5,  9 |   4.9634132157428345e-05 |   4.9634132157428345e-05 | 1
  5, 10 |  -1.1125254228490426e-04 |  -1.1125254228490426e-04 | 1
  5, 11 |  -1.9279561653293134e-04 |  -1.9279561653293134e-04 | 1
  5, 12 |  -2.2661155995294893e-05 |  -2.2661155995294893e-05 | 1
  5, 13 |   1.9953484724696349e-05 |   1.9953484724696349e-05 | 1
  5, 14 |   3.8320917956069162e-06 |   3.8320917956069162e-06 | 1
  5, 15 |  -7.7396665266685032e-04 |  -7.7396665266685032e-04 | 1
  5, 16 |  -5.0094500766262236e-05 |  -5.0094500766262236e-05 | 1
  5, 17 |   5.3345541751014436e-05 |   5.3345541751014436e-05 | 1
  5, 18 |   9.3056490785816879e-05 |   9.3056490785816879e-05 | 1
  5, 19 |  -3.9427889485583706e-05 |  -3.9427889485583706e-05 | 1
  5, 20 |   3.6512956051455653e-05 |   3.6512956051455653e-05 | 1
  5, 21 |   1.4292131093134627e-04 |   1.4292131093134627e-04 | 1
  5, 22 |  -1.8915874238551565e-05 |  -1.8915874238551565e-05 | 1
  5, 23 |   1.0030955703770155e-04 |   1.0030955703770155e-04 | 1
  5, 24 |  -1.8123059728230265e-05 |  -1.8123059728230265e-05 | 1
  5, 25 |   7.0723212905947467e-06 |   7.0723212905947467e-06 | 1
  5, 26 |   9.4266860103083938e-05 |   9.4266860103083938e-05 | 1
  5, 27 |  -2.5823509329545664e-04 |  -2.5823509329545664e-04 | 1
  5, 28 |  -3.6437999545057688e-05 |  -3.6437999545057688e-05 | 1
  5, 29 |   6.6396832897808068e-06 |   6.6396832897808068e-06 | 1
  5, 30 |  -6.6886498269845631e-06 |  -6.6886498269845631e-06 | 1
  5, 31 |  -4.8396351584235550e-05 |  -4.8396351584235550e-05 | 1
  5, 32 |   1.4468482379762505e-04 |   1.4468482379762505e-04 | 1
  5, 33 |   8.0233590624957635e-05 |   8.0233590624957635e-05 | 1
  5, 34 |  -2.0196347355966267e-04 |  -2.0196347355966267e-04 | 1
  5, 35 |  -5.9954521899895197e-05 |  -5.9954521899895197e-05 | 1
  5, 36 |  -4.5927152757011287e-05 |  -4.5927152757011287e-05 | 1
  5, 37 |  -7.0332752037546349e-05 |  -7.0332752037546349e-05 | 1
  5, 38 |  -7.6513629294270520e-05 |  -7.6513629294270520e-05 | 1
  5, 39 |   6.0088820297394590e-05 |   6.0088820297394590e-05 | 1
  5, 40 |  -1.4255576477227274e-04 |  -1.4255576477227274e-04 | 1
  6,  1 |   3.1000414495040200e-05 |   3.1000414495040200e-05 | 1
  6,  2 |   2.4969954692460263e-05 |   2.4969954692460263e-05 | 1
  6,  3 |   2.6102846228928309e-05 |   2.6102846228928309e-05 | 1
  6,  4 |   9.6946824069168399e-06 |   9.6946824069168399e-06 | 1
  6,  5 |   7.8371282792899638e-05 |   7.8371282792899638e-05 | 1
  6,  6 |   2.0187776557330311e-02 |   2.0187776557330311e-02 | 1
  6,  7 |   4.3348848556350863e-06 |   4.3348848556350863e-06 | 1
  6,  8 |   7.5802374140703116e-06 |   7.5802374140703116e-06 | 1
  6,  9 |   3.0771075697405356e-05 |   3.0771075697405356e-05 | 1
  6, 10 |  -4.6641570839719592e-05 |  -4.6641570839719592e-05 | 1
  6, 11 |   1.5196211226730540e-04 |   1.5196211226730540e-04 | 1
  6, 12 |   1.2351303423456226e-05 |   1.2351303423456226e-05 | 1
  6, 13 |  -2.9177492762512559e-05 |  -2.9177492762512559e-05 | 1
  6, 14 |  -2.1756978350420005e-05 |  -2.1756978350420005e-05 | 1
  6, 15 |  -1.2787769994690088e-04 |  -1.2787769994690088e-04 | 1
  6, 16 |  -7.8746191354455838e-06 |  -7.8746191354455838e-06 | 1
  6, 17 |   3.2951907651034237e-05 |   3.2951907651034237e-05 | 1
  6, 18 |   4.7802355103242303e-05 |   4.7802355103242303e-05 | 1
  6, 19 |  -2.9834869359836126e-05 |  -2.9834869359836126e-05 | 1
  6, 20 |   3.3118756027027024e-05 |   3.3118756027027024e-05 | 1
  6, 21 |   9.1937368619277163e-05 |   9.1937368619277163e-05 | 1
  6, 22 |   5.2442973283077508e-05 |   5.2442973283077508e-05 | 1
  6, 23 |   5.2596259048788641e-05 |   5.2596259048788641e-05 | 1
  6, 24 |   3.2476483034838736e-05 |   3.2476483034838736e-05 | 1
  6, 25 |   1.9473285547645609e-05 |   1.9473285547645609e-05 | 1
  6, 26 |   5.8237148953009112e-05 |   5.8237148953009112e-05 | 1
  6, 27 |   2.7261660208177457e-04 |   2.7261660208177457e-04 | 1
  6, 28 |   4.7509957926676575e-05 |   4.7509957926676575e-05 | 1
  6, 29 |   1.1656354661903736e-05 |   1.1656354661903736e-05 | 1
  6, 30 |   5.5338939039870186e-05 |   5.5338939039870186e-05 | 1
  6, 31 |   6.2539251720371047e-05 |   6.2539251720371047e-05 | 1
  6, 32 |   9.2737245308737994e-05 |   9.2737245308737994e-05 | 1
  6, 33 |  -3.1435833553416083e-04 |  -3.1435833553416083e-04 | 1
  6, 34 |   8.5232276911785683e-05 |   8.5232276911785683e-05 | 1
  6, 35 |  -4.0147235976629140e-05 |  -4.0147235976629140e-05 | 1
  6, 36 |  -3.1040619427493274e-05 |  -3.1040619427493274e-05 | 1
  6, 37 |  -4.3898707516379026e-05 |  -4.3898707516379026e-05 | 1
  6, 38 |  -4.4087691429017536e-05 |  -4.4087691429017536e-05 | 1
  6, 39 |   3.8161133196641680e-05 |   3.8161133196641680e-05 | 1
  6, 40 |  -9.2641401105979251e-05 |  -9.2641401105979251e-05 | 1
  7,  1 |   2.6757076911164372e-05 |   2.6757076911164372e-05 | 1
  7,  2 |   2.4458033034409039e-05 |   2.4458033034409039e-05 | 1
  7,  3 |   2.2339176379585156e-05 |   2.2339176379585156e-05 | 1
  7,  4 |   3.1381295210429849e-05 |   3.1381295210429849e-05 | 1
  7,  5 |   9.2282984490283879e-07 |   9.2282984490283879e-07 | 1
  7,  6 |   4.3348848556350863e-06 |   4.3348848556350863e-06 | 1
  7,  7 |   2.3202016939440837e-02 |   2.3202016939440837e-02 | 1
  7,  8 |   2.3745431322298946e-05 |   2.3745431322298946e-05 | 1
  7,  9 |   2.1221527083769997e-05 |   2.1221527083769997e-05 | 1
  7, 10 |   6.7622743128881819e-05 |   6.7622743128881819e-05 | 1
  7, 11 |   5.7830814811712561e-05 |   5.7830814811712561e-05 | 1
  7, 12 |   3.0960821909388546e-05 |   3.0960821909388546e-05 | 1
  7, 13 |   5.5089580392751506e-05 |   5.5089580392751506e-05 | 1
  7, 14 |   4.9083797756569806e-05 |   4.9083797756569806e-05 | 1
  7, 15 |   3.2288315576779682e-04 |   3.2288315576779682e-04 | 1
  7, 16 |   3.1023505338237067e-05 |   3.1023505338237067e-05 | 1
  7, 17 |   3.4401044802135226e-05 |   3.4401044802135226e-05 | 1
  7, 18 |   2.5726974807650210e-05 |   2.5726974807650210e-05 | 1
  7, 19 |   6.3687506609845182e-05 |   6.3687506609845182e-05 | 1
  7, 20 |   4.3425955756147929e-05 |   4.3425955756147929e-05 | 1
  7, 21 |   1.1198148778883018e-05 |   1.1198148778883018e-05 | 1
  7, 22 |   2.7228746297473348e-05 |   2.7228746297473348e-05 | 1
  7, 23 |   1.3501664448819922e-05 |   1.3501664448819922e-05 | 1
  7, 24 |   4.6212991062655347e-05 |   4.6212991062655347e-05 | 1
  7, 25 |   3.5623144231470132e-05 |   3.5623144231470132e-05 | 1
  7, 26 |   3.9005345396281864e-05 |   3.9005345396281864e-05 | 1
  7, 27 |   1.9570145002262100e-05 |   1.9570145002262100e-05 | 1
  7, 28 |   4.5010263572927214e-05 |   4.5010263572927214e-05 | 1
  7, 29 |   4.9135695497109052e-05 |   4.9135695497109052e-05 | 1
  7, 30 |   3.4907353604191361e-05 |   3.4907353604191361e-05 | 1
  7, 31 |   3.5456413698922722e-05 |   3.5456413698922722e-05 | 1
  7, 32 |  -4.6924340083247072e-05 |  -4.6924340083247072e-05 | 1
  7, 33 |   5.6008519874791894e-05 |   5.6008519874791894e-05 | 1
  7, 34 |   6.2145287774776172e-05 |   6.2145287774776172e-05 | 1
  7, 35 |  -2.7019424279505101e-05 |  -2.7019424279505101e-05 | 1
  7, 36 |  -3.6054334565447921e-05 |  -3.6054334565447921e-05 | 1
  7, 37 |  -3.2515444976782163e-05 |  -3.2515444976782163e-05 | 1
  7, 38 |  -4.1405930832502312e-05 |  -4.1405930832502312e-05 | 1
  7, 39 |   3.2958422526280963e-05 |   3.2958422526280963e-05 | 1
  7, 40 |   4.7533279791468687e-05 |   4.7533279791468687e-05 | 1
  8,  1 |   2.2712400854944953e-05 |   2.2712400854944953e-05 | 1
  8,  2 |   2.1724205015286500e-05 |   2.1724205015286500e-05 | 1
  8,  3 |   1.8896674219868693e-05 |   1.8896674219868693e-05 | 1
  8,  4 |   2.7541981337323078e-05 |   2.7541981337323078e-05 | 1
  8,  5 |   4.4552588571991346e-06 |   4.4552588571991346e-06 | 1
  8,  6 |   7.5802374140703116e-06 |   7.5802374140703116e-06 | 1
  8,  7 |   2.3745431322298946e-05 |   2.3745431322298946e-05 | 1
  8,  8 |   2.3042726365742677e-03 |   2.3042726365742677e-03 | 1
  8,  9 |   1.6318564959583227e-05 |   1.6318564959583227e-05 | 1
  8, 10 |   6.1799293125884807e-05 |   6.1799293125884807e-05 | 1
  8, 11 |   6.5428166055952244e-05 |   6.5428166055952244e-05 | 1
  8, 12 |   2.5286948044454527e-05 |   2.5286948044454527e-05 | 1
  8, 13 |   4.4478063875782027e-05 |   4.4478063875782027e-05 | 1
  8, 14 |   4.0826621846439242e-05 |   4.0826621846439242e-05 | 1
  8, 15 |   3.0096201913878517e-04 |   3.0096201913878517e-04 | 1
  8, 16 |   2.7143942510455330e-05 |   2.7143942510455330e-05 | 1
  8, 17 |   2.8514297613358279e-05 |   2.8514297613358279e-05 | 1
  8, 18 |   2.2791441363357187e-05 |   2.2791441363357187e-05 | 1
  8, 19 |   5.4334660861860107e-05 |   5.4334660861860107e-05 | 1
  8, 20 |   3.8173777214359550e-05 |   3.8173777214359550e-05 | 1
  8, 21 |   1.3201964742235586e-05 |   1.3201964742235586e-05 | 1
  8, 22 |   2.9800258543257664e-05 |   2.9800258543257664e-05 | 1
  8, 23 |   1.7116633819762357e-05 |   1.7116633819762357e-05 | 1
  8, 24 |   4.4855090109576122e-05 |   4.4855090109576122e-05 | 1
  8, 25 |   2.9620756112492425e-05 |   2.9620756112492425e-05 | 1
  8, 26 |   3.0877351075087115e-05 |   3.0877351075087115e-05 | 1
  8, 27 |   3.6038712378760822e-05 |   3.6038712378760822e-05 | 1
  8, 28 |   3.7174657272059018e-05 |   3.7174657272059018e-05 | 1
  8, 29 |   4.0833188477241518e-05 |   4.0833188477241518e-05 | 1
  8, 30 |   3.2881816201245113e-05 |   3.2881816201245113e-05 | 1
  8, 31 |   3.0927574009973461e-05 |   3.0927574009973461e-05 | 1
  8, 32 |  -4.0601312528431926e-05 |  -4.0601312528431926e-05 | 1
  8, 33 |   3.5469801846883564e-05 |   3.5469801846883564e-05 | 1
  8, 34 |   6.0678158553710896e-05 |   6.0678158553710896e-05 | 1
  8, 35 |  -3.1434146487608215e-05 |  -3.1434146487608215e-05 | 1
  8, 36 |  -2.5895829458459788e-05 |  -2.5895829458459788e-05 | 1
  8, 37 |  -2.8198699032180478e-05 |  -2.8198699032180478e-05 | 1
  8, 38 |  -3.1079349836849991e-05 |  -3.1079349836849991e-05 | 1
  8, 39 |   2.7453553060174222e-05 |   2.7453553060174222e-05 | 1
  8, 40 |   4.0461741944541643e-05 |   4.0461741944541643e-05 | 1
  9,  1 |   3.4695181976753632e-05 |   3.4695181976753632e-05 | 1
  9,  2 |   3.0376155486834462e-05 |   3.0376155486834462e-05 | 1
  9,  3 |   2.8178730810895280e-05 |   2.8178730810895280e-05 | 1
  9,  4 |   2.4461742989971317e-05 |   2.4461742989971317e-05 | 1
  9,  5 |   4.9634132157428345e-05 |   4.9634132157428345e-05 | 1
  9,  6 |   3.0771075697405356e-05 |   3.0771075697405356e-05 | 1
  9,  7 |   2.1221527083769997e-05 |   2.1221527083769997e-05 | 1
  9,  8 |   1.6318564959583227e-05 |   1.6318564959583227e-05 | 1
  9,  9 |   9.4216191896636901e-03 |   9.4216191896636901e-03 | 1
  9, 10 |   4.2968674756777815e-06 |   4.2968674756777815e-06 | 1
  9, 11 |   6.4248619629435095e-05 |   6.4248619629435095e-05 | 1
  9, 12 |   2.2132203788200545e-05 |   2.2132203788200545e-05 | 1
  9, 13 |   2.5766474657286664e-05 |   2.5766474657286664e-05 | 1
  9, 14 |   2.5077199277678835e-05 |   2.5077199277678835e-05 | 1
  9, 15 |   5.2210258502760664e-05 |   5.2210258502760664e-05 | 1
  9, 16 |   9.6274242762675454e-06 |   9.6274242762675454e-06 | 1
  9, 17 |   4.1997635284019656e-05 |   4.1997635284019656e-05 | 1
  9, 18 |   4.9385165778648895e-05 |   4.9385165778648895e-05 | 1
  9, 19 |   2.0879818232808092e-05 |   2.0879818232808092e-05 | 1
  9, 20 |   4.2402517526601724e-05 |   4.2402517526601724e-05 | 1
  9, 21 |   6.0790638186353643e-05 |   6.0790638186353643e-05 | 1
  9, 22 |   2.9624533706567825e-05 |   2.9624533706567825e-05 | 1
  9, 23 |   3.4014129952800572e-05 |   3.4014129952800572e-05 | 1
  9, 24 |   3.4064019321778340e-05 |   3.4064019321778340e-05 | 1
  9, 25 |   3.1394041529771143e-05 |   3.1394041529771143e-05 | 1
  9, 26 |   5.9897085718366351e-05 |   5.9897085718366351e-05 | 1
  9, 27 |   7.7236391580947874e-05 |   7.7236391580947874e-05 | 1
  9, 28 |   4.3192899339216531e-05 |   4.3192899339216531e-05 | 1
  9, 29 |   3.7501767477348755e-05 |   3.7501767477348755e-05 | 1
  9, 30 |   4.3038567032276226e-05 |   4.3038567032276226e-05 | 1
  9, 31 |   3.9796852278561198e-05 |   3.9796852278561198e-05 | 1
  9, 32 |   2.5420920501879416e-05 |   2.5420920501879416e-05 | 1
  9, 33 |  -7.0359423367554483e-05 |  -7.0359423367554483e-05 | 1
  9, 34 |   4.1125091565321403e-05 |   4.1125091565321403e-05 | 1
  9, 35 |  -3.4784151404960019e-05 |  -3.4784151404960019e-05 | 1
  9, 36 |  -4.2891319501630129e-05 |  -4.2891319501630129e-05 | 1
  9, 37 |  -5.0410521608853536e-05 |  -5.0410521608853536e-05 | 1
  9, 38 |  -4.9198738127263032e-05 |  -4.9198738127263032e-05 | 1
  9, 39 |   4.3563710307607657e-05 |   4.3563710307607657e-05 | 1
  9, 40 |  -2.4812478466089942e-05 |  -2.4812478466089942e-05 | 1
 10,  1 |   2.2058341514240313e-05 |   2.2058341514240313e-05 | 1
 10,  2 |   2.5774274030638537e-05 |   2.5774274030638537e-05 | 1
 10,  3 |   1.6314487737438890e-05 |   1.6314487737438890e-05 | 1
 10,  4 |   6.4943042716101603e-05 |   6.4943042716101603e-05 | 1
 10,  5 |  -1.1125254228490426e-04 |  -1.1125254228490426e-04 | 1
 10,  6 |  -4.6641570839719592e-05 |  -4.6641570839719592e-05 | 1
 10,  7 |   6.7622743128881819e-05 |   6.7622743128881819e-05 | 1
 10,  8 |   6.1799293125884807e-05 |   6.1799293125884807e-05 | 1
 10,  9 |   4.2968674756777815e-06 |   4.2968674756777815e-06 | 1
 10, 10 |   2.3922401818644363e-02 |   2.3922401818644363e-02 | 1
 10, 11 |   1.2832108132645922e-04 |   1.2832108132645922e-04 | 1
 10, 12 |   7.2756318976474512e-05 |   7.2756318976474512e-05 | 1
 10, 13 |   1.5463937271194847e-04 |   1.5463937271194847e-04 | 1
 10, 14 |   1.3844548141651910e-04 |   1.3844548141651910e-04 | 1
 10, 15 |   1.2656420358054372e-03 |   1.2656420358054372e-03 | 1
 10, 16 |   1.0680934912949207e-04 |   1.0680934912949207e-04 | 1
 10, 17 |   3.7381978512551233e-05 |   3.7381978512551233e-05 | 1
 10, 18 |  -1.4476896096976818e-05 |  -1.4476896096976818e-05 | 1
 10, 19 |   2.0692759619590751e-04 |   2.0692759619590751e-04 | 1
 10, 20 |   6.6325252764095136e-05 |   6.6325252764095136e-05 | 1
 10, 21 |  -9.2295609909837800e-05 |  -9.2295609909837800e-05 | 1
 10, 22 |   4.8544390974332433e-05 |   4.8544390974332433e-05 | 1
 10, 23 |  -3.3400203175418959e-05 |  -3.3400203175418959e-05 | 1
 10, 24 |   1.1337163267569769e-04 |   1.1337163267569769e-04 | 1
 10, 25 |   7.1026946853414922e-05 |   7.1026946853414922e-05 | 1
 10, 26 |   1.5050755134302237e-06 |   1.5050755134302237e-06 | 1
 10, 27 |  -4.6605315686672324e-05 |  -4.6605315686672324e-05 | 1
 10, 28 |   7.7522253612400944e-05 |   7.7522253612400944e-05 | 1
 10, 29 |   1.1159385945406797e-04 |   1.1159385945406797e-04 | 1
 10, 30 |   5.3126421464160222e-05 |   5.3126421464160222e-05 | 1
 10, 31 |   5.9888391975889328e-05 |   5.9888391975889328e-05 | 1
 10, 32 |  -2.5660608135140439e-04 |  -2.5660608135140439e-04 | 1
 10, 33 |   3.6012649873892803e-04 |   3.6012649873892803e-04 | 1
 10, 34 |   1.7795423624860341e-04 |   1.7795423624860341e-04 | 1
 10, 35 |  -3.2414915359435431e-05 |  -3.2414915359435431e-05 | 1
 10, 36 |  -2.1247196120087138e-05 |  -2.1247196120087138e-05 | 1
 10, 37 |  -2.2716917979982824e-05 |  -2.2716917979982824e-05 | 1
 10, 38 |  -3.6912141375986589e-05 |  -3.6912141375986589e-05 | 1
 10, 39 |   2.6197411753102490e-05 |   2.6197411753102490e-05 | 1
 10, 40 |   2.5717551295004377e-04 |   2.5717551295004377e-04 | 1
 11,  1 |   5.7412230087077671e-05 |   5.7412230087077671e-05 | 1
 11,  2 |   4.5123315962905458e-05 |   4.5123315962905458e-05 | 1
 11,  3 |   3.8320044374248077e-05 |   3.8320044374248077e-05 | 1
 11,  4 |  -1.9173863851813088e-06 |  -1.9173863851813088e-06 | 1
 11,  5 |  -1.9279561653293134e-04 |  -1.9279561653293134e-04 | 1
 11,  6 |   1.5196211226730540e-04 |   1.5196211226730540e-04 | 1
 11,  7 |   5.7830814811712561e-05 |   5.7830814811712561e-05 | 1
 11,  8 |   6.5428166055952244e-05 |   6.5428166055952244e-05 | 1
 11,  9 |   6.4248619629435095e-05 |   6.4248619629435095e-05 | 1
 11, 10 |   1.2832108132645922e-04 |   1.2832108132645922e-04 | 1
 11, 11 |   2.8423744259033919e-03 |   2.8423744259033919e-03 | 1
 11, 12 |   2.9883920400840692e-04 |   2.9883920400840692e-04 | 1
 11, 13 |  -4.9962546708480276e-04 |  -4.9962546708480276e-04 | 1
 11, 14 |  -3.3689979966878279e-04 |  -3.3689979966878279e-04 | 1
 11, 15 |   2.6406467270996873e-03 |   2.6406467270996873e-03 | 1
 11, 16 |   1.7906372462703435e-04 |   1.7906372462703435e-04 | 1
 11, 17 |   6.0267112475554089e-05 |   6.0267112475554089e-05 | 1
 11, 18 |  -1.1870928448410335e-06 |  -1.1870928448410335e-06 | 1
 11, 19 |  -2.4784235021330201e-04 |  -2.4784235021330201e-04 | 1
 11, 20 |   1.3261060496782249e-04 |   1.3261060496782249e-04 | 1
 11, 21 |   3.3275513795177897e-04 |   3.3275513795177897e-04 | 1
 11, 22 |   7.2265661016258529e-04 |   7.2265661016258529e-04 | 1
 11, 23 |   8.7615360550442157e-05 |   8.7615360550442157e-05 | 1
 11, 24 |   4.6178376057015461e-04 |   4.6178376057015461e-04 | 1
 11, 25 |   1.9074058011393194e-04 |   1.9074058011393194e-04 | 1
 11, 26 |   7.1969691549756819e-05 |   7.1969691549756819e-05 | 1
 11, 27 |   4.7350018092350721e-03 |   4.7350018092350721e-03 | 1
 11, 28 |   7.4460726105063510e-04 |   7.4460726105063510e-04 | 1
 11, 29 |   6.0913711060116757e-05 |   6.0913711060116757e-05 | 1
 11, 30 |   6.6233095293921932e-04 |   6.6233095293921932e-04 | 1
 11, 31 |   1.0312501409634298e-03 |   1.0312501409634298e-03 | 1
 11, 32 |   2.7602619435130883e-04 |   2.7602619435130883e-04 | 1
 11, 33 |  -4.1876139688161416e-03 |  -4.1876139688161416e-03 | 1
 11, 34 |   2.1379840094567304e-03 |   2.1379840094567304e-03 | 1
 11, 35 |  -7.8499993030970030e-05 |  -7.8499993030970030e-05 | 1
 11, 36 |  -6.9704037142737747e-05 |  -6.9704037142737747e-05 | 1
 11, 37 |  -7.4820690015434702e-05 |  -7.4820690015434702e-05 | 1
 11, 38 |  -7.1376975725436539e-05 |  -7.1376975725436539e-05 | 1
 11, 39 |   7.0357459963990050e-05 |   7.0357459963990050e-05 | 1
 11, 40 |  -2.7676145881782698e-04 |  -2.7676145881782698e-04 | 1
 12,  1 |   2.5938712222966548e-05 |   2.5938712222966548e-05 | 1
 12,  2 |   2.3393503571459811e-05 |   2.3393503571459811e-05 | 1
 12,  3 |   2.0747604437879383e-05 |   2.0747604437879383e-05 | 1
 12,  4 |   2.5835098756789637e-05 |   2.5835098756789637e-05 | 1
 12,  5 |  -2.2661155995294893e-05 |  -2.2661155995294893e-05 | 1
 12,  6 |   1.2351303423456226e-05 |   1.2351303423456226e-05 | 1
 12,  7 |   3.0960821909388546e-05 |   3.0960821909388546e-05 | 1
 12,  8 |   2.5286948044454527e-05 |   2.5286948044454527e-05 | 1
 12,  9 |   2.2132203788200545e-05 |   2.2132203788200545e-05 | 1
 12, 10 |   7.2756318976474512e-05 |   7.2756318976474512e-05 | 1
 12, 11 |   2.9883920400840692e-04 |   2.9883920400840692e-04 | 1
 12, 12 |   1.5646346676773160e-02 |   1.5646346676773160e-02 | 1
 12, 13 |   2.4774831857086776e-06 |   2.4774831857086776e-06 | 1
 12, 14 |   1.3015117804156102e-05 |   1.3015117804156102e-05 | 1
 12, 15 |   5.2048183386164417e-04 |   5.2048183386164417e-04 | 1
 12, 16 |   4.3516695455368581e-05 |   4.3516695455368581e-05 | 1
 12, 17 |   3.3058145826919843e-05 |   3.3058145826919843e-05 | 1
 12, 18 |   1.8820303245671615e-05 |   1.8820303245671615e-05 | 1
 12, 19 |   3.3726245008837046e-05 |   3.3726245008837046e-05 | 1
 12, 20 |   4.5558477693467776e-05 |   4.5558477693467776e-05 | 1
 12, 21 |   3.4006437184815984e-05 |   3.4006437184815984e-05 | 1
 12, 22 |   8.4836983854312106e-05 |   8.4836983854312106e-05 | 1
 12, 23 |   1.6189360702330313e-05 |   1.6189360702330313e-05 | 1
 12, 24 |   7.7861628172136221e-05 |   7.7861628172136221e-05 | 1
 12, 25 |   4.6853396564680230e-05 |   4.6853396564680230e-05 | 1
 12, 26 |   3.3512467467013355e-05 |   3.3512467467013355e-05 | 1
 12, 27 |   4.3001883713762062e-04 |   4.3001883713762062e-04 | 1
 12, 28 |   1.0318049123393443e-04 |   1.0318049123393443e-04 | 1
 12, 29 |   4.7929021663755169e-05 |   4.7929021663755169e-05 | 1
 12, 30 |   8.6682599034937141e-05 |   8.6682599034937141e-05 | 1
 12, 31 |   1.2264497357336747e-04 |   1.2264497357336747e-04 | 1
 12, 32 |  -2.0828637870532284e-05 |  -2.0828637870532284e-05 | 1
 12, 33 |  -3.1392302970952295e-04 |  -3.1392302970952295e-04 | 1
 12, 34 |   2.4253464205267351e-04 |   2.4253464205267351e-04 | 1
 12, 35 |  -2.7877597605971823e-05 |  -2.7877597605971823e-05 | 1
 12, 36 |  -3.4441659991371536e-05 |  -3.4441659991371536e-05 | 1
 12, 37 |  -3.1590076597326613e-05 |  -3.1590076597326613e-05 | 1
 12, 38 |  -3.9637652906289906e-05 |  -3.9637652906289906e-05 | 1
 12, 39 |   3.1999136734747687e-05 |   3.1999136734747687e-05 | 1
 12, 40 |   2.0972390743964462e-05 |   2.0972390743964462e-05 | 1
 13,  1 |   3.9240893376419639e-05 |   3.9240893376419639e-05 | 1
 13,  2 |   4.1498253381477300e-05 |   4.1498253381477300e-05 | 1
 13,  3 |   3.4897897964550517e-05 |   3.4897897964550517e-05 | 1
 13,  4 |   7.0024099692130574e-05 |   7.0024099692130574e-05 | 1
 13,  5 |   1.9953484724696349e-05 |   1.9953484724696349e-05 | 1
 13,  6 |  -2.9177492762512559e-05 |  -2.9177492762512559e-05 | 1
 13,  7 |   5.5089580392751506e-05 |   5.5089580392751506e-05 | 1
 13,  8 |   4.4478063875782027e-05 |   4.4478063875782027e-05 | 1
 13,  9 |   2.5766474657286664e-05 |   2.5766474657286664e-05 | 1
 13, 10 |   1.5463937271194847e-04 |   1.5463937271194847e-04 | 1
 13, 11 |  -4.9962546708480276e-04 |  -4.9962546708480276e-04 | 1
 13, 12 |   2.4774831857086776e-06 |   2.4774831857086776e-06 | 1
 13, 13 |   1.8122401437197896e-02 |   1.8122401437197896e-02 | 1
 13, 14 |   1.8763359906404027e-04 |   1.8763359906404027e-04 | 1
 13, 15 |   2.5438391437242126e-04 |   2.5438391437242126e-04 | 1
 13, 16 |   3.6199260940049777e-05 |   3.6199260940049777e-05 | 1
 13, 17 |   5.5745575144163892e-05 |   5.5745575144163892e-05 | 1
 13, 18 |   4.8743282540863065e-05 |   4.8743282540863065e-05 | 1
 13, 19 |   2.0618815377680916e-04 |   2.0618815377680916e-04 | 1
 13, 20 |   5.6383422666447793e-05 |   5.6383422666447793e-05 | 1
 13, 21 |  -6.3641293561055072e-05 |  -6.3641293561055072e-05 | 1
 13, 22 |  -9.4921793923363068e-05 |  -9.4921793923363068e-05 | 1
 13, 23 |   5.8744236730686205e-06 |   5.8744236730686205e-06 | 1
 13, 24 |   3.2802100098821680e-06 |   3.2802100098821680e-06 | 1
 13, 25 |   3.7952720944022815e-05 |   3.7952720944022815e-05 | 1
 13, 26 |   4.6927437108084110e-05 |   4.6927437108084110e-05 | 1
 13, 27 |  -1.0318097792031873e-03 |  -1.0318097792031873e-03 | 1
 13, 28 |  -7.4891327976037847e-05 |  -7.4891327976037847e-05 | 1
 13, 29 |   9.4530537435643844e-05 |   9.4530537435643844e-05 | 1
 13, 30 |  -6.8916467083911183e-05 |  -6.8916467083911183e-05 | 1
 13, 31 |  -1.5383600809235111e-04 |  -1.5383600809235111e-04 | 1
 13, 32 |  -1.9598882599819852e-04 |  -1.9598882599819852e-04 | 1
 13, 33 |   1.1096608417787374e-03 |   1.1096608417787374e-03 | 1
 13, 34 |  -3.3440303778550003e-04 |  -3.3440303778550003e-04 | 1
 13, 35 |  -4.5792108792214161e-05 |  -4.5792108792214161e-05 | 1
 13, 36 |  -4.7121194664843501e-05 |  -4.7121194664843501e-05 | 1
 13, 37 |  -5.1615038173106182e-05 |  -5.1615038173106182e-05 | 1
 13, 38 |  -5.5024676411045956e-05 |  -5.5024676411045956e-05 | 1
 13, 39 |   4.7654957148743444e-05 |   4.7654957148743444e-05 | 1
 13, 40 |   1.9631659509661503e-04 |   1.9631659509661503e-04 | 1
 14,  1 |   3.5388134105414803e-05 |   3.5388134105414803e-05 | 1
 14,  2 |   3.8787783441968709e-05 |   3.8787783441968709e-05 | 1
 14,  3 |   2.9898415793957893e-05 |   2.9898415793957893e-05 | 1
 14,  4 |   6.1392646832230516e-05 |   6.1392646832230516e-05 | 1
 14,  5 |   3.8320917956069162e-06 |   3.8320917956069162e-06 | 1
 14,  6 |  -2.1756978350420005e-05 |  -2.1756978350420005e-05 | 1
 14,  7 |   4.9083797756569806e-05 |   4.9083797756569806e-05 | 1
 14,  8 |   4.0826621846439242e-05 |   4.0826621846439242e-05 | 1
 14,  9 |   2.5077199277678835e-05 |   2.5077199277678835e-05 | 1
 14, 10 |   1.3844548141651910e-04 |   1.3844548141651910e-04 | 1
 14, 11 |  -3.3689979966878279e-04 |  -3.3689979966878279e-04 | 1
 14, 12 |   1.3015117804156102e-05 |   1.3015117804156102e-05 | 1
 14, 13 |   1.8763359906404027e-04 |   1.8763359906404027e-04 | 1
 14, 14 |   1.6336946875419943e-02 |   1.6336946875419943e-02 | 1
 14, 15 |   3.5004526864430678e-04 |   3.5004526864430678e-04 | 1
 14, 16 |   3.8656140013078013e-05 |   3.8656140013078013e-05 | 1
 14, 17 |   5.0050940363030578e-05 |   5.0050940363030578e-05 | 1
 14, 18 |   4.4518510200789057e-05 |   4.4518510200789057e-05 | 1
 14, 19 |   1.7553583727122142e-04 |   1.7553583727122142e-04 | 1
 14, 20 |   5.3123029840639914e-05 |   5.3123029840639914e-05 | 1
 14, 21 |  -5.1002698692714102e-05 |  -5.1002698692714102e-05 | 1
 14, 22 |  -5.6793998799023553e-05 |  -5.6793998799023553e-05 | 1
 14, 23 |   3.5723382796844277e-07 |   3.5723382796844277e-07 | 1
 14, 24 |   1.7877715780718881e-05 |   1.7877715780718881e-05 | 1
 14, 25 |   4.0276048878543267e-05 |   4.0276048878543267e-05 | 1
 14, 26 |   4.6321980204818089e-05 |   4.6321980204818089e-05 | 1
 14, 27 |  -7.4316033044975077e-04 |  -7.4316033044975077e-04 | 1
 14, 28 |  -3.8596131227077024e-05 |  -3.8596131227077024e-05 | 1
 14, 29 |   8.4235453695578254e-05 |   8.4235453695578254e-05 | 1
 14, 30 |  -3.4037733765097876e-05 |  -3.4037733765097876e-05 | 1
 14, 31 |  -1.0207062431951234e-04 |  -1.0207062431951234e-04 | 1
 14, 32 |  -1.6539478014152362e-04 |  -1.6539478014152362e-04 | 1
 14, 33 |   8.3141555587524292e-04 |   8.3141555587524292e-04 | 1
 14, 34 |  -2.1844442840243683e-04 |  -2.1844442840243683e-04 | 1
 14, 35 |  -4.0622278303918978e-05 |  -4.0622278303918978e-05 | 1
 14, 36 |  -4.5621511537910747e-05 |  -4.5621511537910747e-05 | 1
 14, 37 |  -5.1852534422356037e-05 |  -5.1852534422356037e-05 | 1
 14, 38 |  -4.2214511885317953e-05 |  -4.2214511885317953e-05 | 1
 14, 39 |   4.3851573452504053e-05 |   4.3851573452504053e-05 | 1
 14, 40 |   1.6513772665273108e-04 |   1.6513772665273108e-04 | 1
 15,  1 |   1.0303845214443752e-04 |   1.0303845214443752e-04 | 1
 15,  2 |   1.4123300537932719e-04 |   1.4123300537932719e-04 | 1
 15,  3 |   6.5399645827564714e-05 |   6.5399645827564714e-05 | 1
 15,  4 |   2.7362300892484553e-04 |   2.7362300892484553e-04 | 1
 15,  5 |  -7.7396665266685032e-04 |  -7.7396665266685032e-04 | 1
 15,  6 |  -1.2787769994690088e-04 |  -1.2787769994690088e-04 | 1
 15,  7 |   3.2288315576779682e-04 |   3.2288315576779682e-04 | 1
 15,  8 |   3.0096201913878517e-04 |   3.0096201913878517e-04 | 1
 15,  9 |   5.2210258502760664e-05 |   5.2210258502760664e-05 | 1
 15, 10 |   1.2656420358054372e-03 |   1.2656420358054372e-03 | 1
 15, 11 |   2.6406467270996873e-03 |   2.6406467270996873e-03 | 1
 15, 12 |   5.2048183386164417e-04 |   5.2048183386164417e-04 | 1
 15, 13 |   2.5438391437242126e-04 |   2.5438391437242126e-04 | 1
 15, 14 |   3.5004526864430678e-04 |   3.5004526864430678e-04 | 1
 15, 15 |   6.5755863478242305e-02 |   6.5755863478242305e-02 | 1
 15, 16 |   5.9713148575553593e-04 |   5.9713148575553593e-04 | 1
 15, 17 |   1.7012498845168133e-04 |   1.7012498845168133e-04 | 1
 15, 18 |  -5.7846136044775490e-05 |  -5.7846136044775490e-05 | 1
 15, 19 |   7.0885711280315941e-04 |   7.0885711280315941e-04 | 1
 15, 20 |   3.4761079151522959e-04 |   3.4761079151522959e-04 | 1
 15, 21 |  -2.3208973410681079e-04 |  -2.3208973410681079e-04 | 1
 15, 22 |   7.4187654499057311e-04 |   7.4187654499057311e-04 | 1
 15, 23 |  -1.4072673605746154e-04 |  -1.4072673605746154e-04 | 1
 15, 24 |   7.8967694442439720e-04 |   7.8967694442439720e-04 | 1
 15, 25 |   4.3253468937525365e-04 |   4.3253468937525365e-04 | 1
 15, 26 |   2.9886745496200604e-05 |   2.9886745496200604e-05 | 1
 15, 27 |   3.2276726609847530e-03 |   3.2276726609847530e-03 | 1
 15, 28 |   8.7677436875208820e-04 |   8.7677436875208820e-04 | 1
 15, 29 |   4.9389872532435656e-04 |   4.9389872532435656e-04 | 1
 15, 30 |   7.1933168654846448e-04 |   7.1933168654846448e-04 | 1
 15, 31 |   9.6954430129199713e-04 |   9.6954430129199713e-04 | 1
 15, 32 |  -9.5708883418851713e-04 |  -9.5708883418851713e-04 | 1
 15, 33 |  -1.4488996448900912e-03 |  -1.4488996448900912e-03 | 1
 15, 34 |   2.3273545959774143e-03 |   2.3273545959774143e-03 | 1
 15, 35 |  -1.7616029685386272e-04 |  -1.7616029685386272e-04 | 1
 15, 36 |  -1.5735715980477079e-04 |  -1.5735715980477079e-04 | 1
 15, 37 |  -1.4153928665476805e-04 |  -1.4153928665476805e-04 | 1
 15, 38 |  -6.7556796994176901e-05 |  -6.7556796994176901e-05 | 1
 15, 39 |   1.3020574731839596e-04 |   1.3020574731839596e-04 | 1
 15, 40 |   9.4544052636936549e-04 |   9.4544052636936549e-04 | 1
 16,  1 |   1.4615218722217860e-05 |   1.4615218722217860e-05 | 1
 16,  2 |   1.5971852999796922e-05 |   1.5971852999796922e-05 | 1
 16,  3 |   1.0872780330702299e-05 |   1.0872780330702299e-05 | 1
 16,  4 |   2.6982820964172637e-05 |   2.6982820964172637e-05 | 1
 16,  5 |  -5.0094500766262236e-05 |  -5.0094500766262236e-05 | 1
 16,  6 |  -7.8746191354455838e-06 |  -7.8746191354455838e-06 | 1
 16,  7 |   3.1023505338237067e-05 |   3.1023505338237067e-05 | 1
 16,  8 |   2.7143942510455330e-05 |   2.7143942510455330e-05 | 1
 16,  9 |   9.6274242762675454e-06 |   9.6274242762675454e-06 | 1
 16, 10 |   1.0680934912949207e-04 |   1.0680934912949207e-04 | 1
 16, 11 |   1.7906372462703435e-04 |   1.7906372462703435e-04 | 1
 16, 12 |   4.3516695455368581e-05 |   4.3516695455368581e-05 | 1
 16, 13 |   3.6199260940049777e-05 |   3.6199260940049777e-05 | 1
 16, 14 |   3.8656140013078013e-05 |   3.8656140013078013e-05 | 1
 16, 15 |   5.9713148575553593e-04 |   5.9713148575553593e-04 | 1
 16, 16 |   3.1837662852982973e-03 |   3.1837662852982973e-03 | 1
 16, 17 |   2.1453700208079763e-05 |   2.1453700208079763e-05 | 1
 16, 18 |   2.1433371191080712e-06 |   2.1433371191080712e-06 | 1
 16, 19 |   6.7041981749975691e-05 |   6.7041981749975691e-05 | 1
 16, 20 |   3.3867228650905379e-05 |   3.3867228650905379e-05 | 1
 16, 21 |  -1.3362596122544036e-05 |  -1.3362596122544036e-05 | 1
 16, 22 |   5.4127262169928221e-05 |   5.4127262169928221e-05 | 1
 16, 23 |  -6.1695109083914361e-06 |  -6.1695109083914361e-06 | 1
 16, 24 |   6.3862637238056220e-05 |   6.3862637238056220e-05 | 1
 16, 25 |   3.9539821002613640e-05 |   3.9539821002613640e-05 | 1
 16, 26 |   1.1246332955844414e-05 |   1.1246332955844414e-05 | 1
 16, 27 |   1.9847918672783290e-04 |   1.9847918672783290e-04 | 1
 16, 28 |   6.7777170407034795e-05 |   6.7777170407034795e-05 | 1
 16, 29 |   4.7898399806463965e-05 |   4.7898399806463965e-05 | 1
 16, 30 |   5.5608617810563816e-05 |   5.5608617810563816e-05 | 1
 16, 31 |   7.2543428688910298e-05 |   7.2543428688910298e-05 | 1
 16, 32 |  -7.9616951341052693e-05 |  -7.9616951341052693e-05 | 1
 16, 33 |  -5.8943764398738040e-05 |  -5.8943764398738040e-05 | 1
 16, 34 |   1.6382792648395175e-04 |   1.6382792648395175e-04 | 1
 16, 35 |  -1.7678835983418096e-05 |  -1.7678835983418096e-05 | 1
 16, 36 |  -1.8890012287070386e-05 |  -1.8890012287070386e-05 | 1
 16, 37 |  -1.9398699808594408e-05 |  -1.9398699808594408e-05 | 1
 16, 38 |  -1.8813535174313202e-05 |  -1.8813535174313202e-05 | 1
 16, 39 |   1.7913022079668026e-05 |   1.7913022079668026e-05 | 1
 16, 40 |   7.9519672479772560e-05 |   7.9519672479772560e-05 | 1
 17,  1 |   4.7653779314207106e-05 |   4.7653779314207106e-05 | 1
 17,  2 |   4.2826800072188804e-05 |   4.2826800072188804e-05 | 1
 17,  3 |   4.0096963006020864e-05 |   4.0096963006020864e-05 | 1
 17,  4 |   4.0618764037718621e-05 |   4.0618764037718621e-05 | 1
 17,  5 |   5.3345541751014436e-05 |   5.3345541751014436e-05 | 1
 17,  6 |   3.2951907651034237e-05 |   3.2951907651034237e-05 | 1
 17,  7 |   3.4401044802135226e-05 |   3.4401044802135226e-05 | 1
 17,  8 |   2.8514297613358279e-05 |   2.8514297613358279e-05 | 1
 17,  9 |   4.1997635284019656e-05 |   4.1997635284019656e-05 | 1
 17, 10 |   3.7381978512551233e-05 |   3.7381978512551233e-05 | 1
 17, 11 |   6.0267112475554089e-05 |   6.0267112475554089e-05 | 1
 17, 12 |   3.3058145826919843e-05 |   3.3058145826919843e-05 | 1
 17, 13 |   5.5745575144163892e-05 |   5.5745575144163892e-05 | 1
 17, 14 |   5.0050940363030578e-05 |   5.0050940363030578e-05 | 1
 17, 15 |   1.7012498845168133e-04 |   1.7012498845168133e-04 | 1
 17, 16 |   2.1453700208079763e-05 |   2.1453700208079763e-05 | 1
 17, 17 |   4.2144687100413017e-03 |   4.2144687100413017e-03 | 1
 17, 18 |   6.3327754033718275e-05 |   6.3327754033718275e-05 | 1
 17, 19 |   5.2533355980212444e-05 |   5.2533355980212444e-05 | 1
 17, 20 |   6.2394270390274772e-05 |   6.2394270390274772e-05 | 1
 17, 21 |   6.5233060069898698e-05 |   6.5233060069898698e-05 | 1
 17, 22 |   3.8658225197266740e-05 |   3.8658225197266740e-05 | 1
 17, 23 |   4.6482200643887010e-05 |   4.6482200643887010e-05 | 1
 17, 24 |   5.2285386580051463e-05 |   5.2285386580051463e-05 | 1
 17, 25 |   4.6371562137142357e-05 |   4.6371562137142357e-05 | 1
 17, 26 |   7.7071729960964322e-05 |   7.7071729960964322e-05 | 1
 17, 27 |   3.2378443681559077e-05 |   3.2378443681559077e-05 | 1
 17, 28 |   5.4767851724708976e-05 |   5.4767851724708976e-05 | 1
 17, 29 |   5.8629986814690046e-05 |   5.8629986814690046e-05 | 1
 17, 30 |   5.2580218409543396e-05 |   5.2580218409543396e-05 | 1
 17, 31 |   4.4364930534435250e-05 |   4.4364930534435250e-05 | 1
 17, 32 |   2.0564017643599453e-06 |   2.0564017643599453e-06 | 1
 17, 33 |   2.5872529737722748e-06 |   2.5872529737722748e-06 | 1
 17, 34 |   4.4918021652419677e-05 |   4.4918021652419677e-05 | 1
 17, 35 |  -5.1940404737753594e-05 |  -5.1940404737753594e-05 | 1
 17, 36 |  -5.9705277711190265e-05 |  -5.9705277711190265e-05 | 1
 17, 37 |  -6.4506467324007110e-05 |  -6.4506467324007110e-05 | 1
 17, 38 |  -6.7019381579378219e-05 |  -6.7019381579378219e-05 | 1
 17, 39 |   5.8678561448130917e-05 |   5.8678561448130917e-05 | 1
 17, 40 |  -1.5336446990530324e-06 |  -1.5336446990530324e-06 | 1
 18,  1 |   5.4123898083069212e-05 |   5.4123898083069212e-05 | 1
 18,  2 |   4.9345860399550430e-05 |   4.9345860399550430e-05 | 1
 18,  3 |   4.5778908671131782e-05 |   4.5778908671131782e-05 | 1
 18,  4 |   3.9832918477813900e-05 |   3.9832918477813900e-05 | 1
 18,  5 |   9.3056490785816879e-05 |   9.3056490785816879e-05 | 1
 18,  6 |   4.7802355103242303e-05 |   4.7802355103242303e-05 | 1
 18,  7 |   2.5726974807650210e-05 |   2.5726974807650210e-05 | 1
 18,  8 |   2.2791441363357187e-05 |   2.2791441363357187e-05 | 1
 18,  9 |   4.9385165778648895e-05 |   4.9385165778648895e-05 | 1
 18, 10 |  -1.4476896096976818e-05 |  -1.4476896096976818e-05 | 1
 18, 11 |  -1.1870928448410335e-06 |  -1.1870928448410335e-06 | 1
 18, 12 |   1.8820303245671615e-05 |   1.8820303245671615e-05 | 1
 18, 13 |   4.8743282540863065e-05 |   4.8743282540863065e-05 | 1
 18, 14 |   4.4518510200789057e-05 |   4.4518510200789057e-05 | 1
 18, 15 |  -5.7846136044775490e-05 |  -5.7846136044775490e-05 | 1
 18, 16 |   2.1433371191080712e-06 |   2.1433371191080712e-06 | 1
 18, 17 |   6.3327754033718275e-05 |   6.3327754033718275e-05 | 1
 18, 18 |   1.8577310270060206e-02 |   1.8577310270060206e-02 | 1
 18, 19 |   3.3206492899186683e-05 |   3.3206492899186683e-05 | 1
 18, 20 |   6.6177315186483318e-05 |   6.6177315186483318e-05 | 1
 18, 21 |   9.0646551837760586e-05 |   9.0646551837760586e-05 | 1
 18, 22 |   2.4555257280311745e-05 |   2.4555257280311745e-05 | 1
 18, 23 |   6.1334061238972815e-05 |   6.1334061238972815e-05 | 1
 18, 24 |   3.6098274800112603e-05 |   3.6098274800112603e-05 | 1
 18, 25 |   3.8141168562086692e-05 |   3.8141168562086692e-05 | 1
 18, 26 |   9.8961482375878340e-05 |   9.8961482375878340e-05 | 1
 18, 27 |  -3.8898365274017345e-05 |  -3.8898365274017345e-05 | 1
 18, 28 |   3.9099308173793152e-05 |   3.9099308173793152e-05 | 1
 18, 29 |   4.8639270398228012e-05 |   4.8639270398228012e-05 | 1
 18, 30 |   4.2035124192533644e-05 |   4.2035124192533644e-05 | 1
 18, 31 |   1.7187240280529448e-05 |   1.7187240280529448e-05 | 1
 18, 32 |   4.7551912839196721e-05 |   4.7551912839196721e-05 | 1
 18, 33 |   1.4520748208535303e-05 |   1.4520748208535303e-05 | 1
 18, 34 |  -2.1220762952343803e-05 |  -2.1220762952343803e-05 | 1
 18, 35 |  -6.3441121548104201e-05 |  -6.3441121548104201e-05 | 1
 18, 36 |  -7.1878760690071946e-05 |  -7.1878760690071946e-05 | 1
 18, 37 |  -7.5057220778574564e-05 |  -7.5057220778574564e-05 | 1
 18, 38 |  -6.7752966853856930e-05 |  -6.7752966853856930e-05 | 1
 18, 39 |   6.7562419037732493e-05 |   6.7562419037732493e-05 | 1
 18, 40 |  -4.8208083963850687e-05 |  -4.8208083963850687e-05 | 1
 19,  1 |   3.4891450563200873e-05 |   3.4891450563200873e-05 | 1
 19,  2 |   4.0205186508232041e-05 |   4.0205186508232041e-05 | 1
 19,  3 |   2.8967028225591707e-05 |   2.8967028225591707e-05 | 1
 19,  4 |   7.2091182022737227e-05 |   7.2091182022737227e-05 | 1
 19,  5 |  -3.9427889485583706e-05 |  -3.9427889485583706e-05 | 1
 19,  6 |  -2.9834869359836126e-05 |  -2.9834869359836126e-05 | 1
 19,  7 |   6.3687506609845182e-05 |   6.3687506609845182e-05 | 1
 19,  8 |   5.4334660861860107e-05 |   5.4334660861860107e-05 | 1
 19,  9 |   2.0879818232808092e-05 |   2.0879818232808092e-05 | 1
 19, 10 |   2.0692759619590751e-04 |   2.0692759619590751e-04 | 1
 19, 11 |  -2.4784235021330201e-04 |  -2.4784235021330201e-04 | 1
 19, 12 |   3.3726245008837046e-05 |   3.3726245008837046e-05 | 1
 19, 13 |   2.0618815377680916e-04 |   2.0618815377680916e-04 | 1
 19, 14 |   1.7553583727122142e-04 |   1.7553583727122142e-04 | 1
 19, 15 |   7.0885711280315941e-04 |   7.0885711280315941e-04 | 1
 19, 16 |   6.7041981749975691e-05 |   6.7041981749975691e-05 | 1
 19, 17 |   5.2533355980212444e-05 |   5.2533355980212444e-05 | 1
 19, 18 |   3.3206492899186683e-05 |   3.3206492899186683e-05 | 1
 19, 19 |   2.1666271476581754e-02 |   2.1666271476581754e-02 | 1
 19, 20 |   6.3595785250702736e-05 |   6.3595785250702736e-05 | 1
 19, 21 |  -6.6465719304435034e-05 |  -6.6465719304435034e-05 | 1
 19, 22 |  -3.4477364814480080e-05 |  -3.4477364814480080e-05 | 1
 19, 23 |  -7.5917876135364935e-06 |  -7.5917876135364935e-06 | 1
 19, 24 |   4.9501356685152062e-05 |   4.9501356685152062e-05 | 1
 19, 25 |   5.5891728113896470e-05 |   5.5891728113896470e-05 | 1
 19, 26 |   3.4781373675939439e-05 |   3.4781373675939439e-05 | 1
 19, 27 |  -6.4405944274615299e-04 |  -6.4405944274615299e-04 | 1
 19, 28 |  -1.0003419185394792e-05 |  -1.0003419185394792e-05 | 1
 19, 29 |   1.0538878637121679e-04 |   1.0538878637121679e-04 | 1
 19, 30 |  -1.4080370416628205e-05 |  -1.4080370416628205e-05 | 1
 19, 31 |  -6.9779456007328507e-05 |  -6.9779456007328507e-05 | 1
 19, 32 |  -2.2544458107879889e-04 |  -2.2544458107879889e-04 | 1
 19, 33 |   8.2736706462495759e-04 |   8.2736706462495759e-04 | 1
 19, 34 |  -1.3061832709242497e-04 |  -1.3061832709242497e-04 | 1
 19, 35 |  -4.4217387647727822e-05 |  -4.4217387647727822e-05 | 1
 19, 36 |  -4.3687360688023913e-05 |  -4.3687360688023913e-05 | 1
 19, 37 |  -4.8723600851523573e-05 |  -4.8723600851523573e-05 | 1
 19, 38 |  -4.1269368563792564e-05 |  -4.1269368563792564e-05 | 1
 19, 39 |   4.2829875543535329e-05 |   4.2829875543535329e-05 | 1
 19, 40 |   2.2499869195801445e-04 |   2.2499869195801445e-04 | 1
 20,  1 |   5.1618337648600749e-05 |   5.1618337648600749e-05 | 1
 20,  2 |   4.8442430418190667e-05 |   4.8442430418190667e-05 | 1
 20,  3 |   4.4802859202320100e-05 |   4.4802859202320100e-05 | 1
 20,  4 |   4.9413661523482771e-05 |   4.9413661523482771e-05 | 1
 20,  5 |   3.6512956051455653e-05 |   3.6512956051455653e-05 | 1
 20,  6 |   3.3118756027027024e-05 |   3.3118756027027024e-05 | 1
 20,  7 |   4.3425955756147929e-05 |   4.3425955756147929e-05 | 1
 20,  8 |   3.8173777214359550e-05 |   3.8173777214359550e-05 | 1
 20,  9 |   4.2402517526601724e-05 |   4.2402517526601724e-05 | 1
 20, 10 |   6.6325252764095136e-05 |   6.6325252764095136e-05 | 1
 20, 11 |   1.3261060496782249e-04 |   1.3261060496782249e-04 | 1
 20, 12 |   4.5558477693467776e-05 |   4.5558477693467776e-05 | 1
 20, 13 |   5.6383422666447793e-05 |   5.6383422666447793e-05 | 1
 20, 14 |   5.3123029840639914e-05 |   5.3123029840639914e-05 | 1
 20, 15 |   3.4761079151522959e-04 |   3.4761079151522959e-04 | 1
 20, 16 |   3.3867228650905379e-05 |   3.3867228650905379e-05 | 1
 20, 17 |   6.2394270390274772e-05 |   6.2394270390274772e-05 | 1
 20, 18 |   6.6177315186483318e-05 |   6.6177315186483318e-05 | 1
 20, 19 |   6.3595785250702736e-05 |   6.3595785250702736e-05 | 1
 20, 20 |   9.9749807620809015e-03 |   9.9749807620809015e-03 | 1
 20, 21 |   6.4681813084229841e-05 |   6.4681813084229841e-05 | 1
 20, 22 |   6.1782327625655323e-05 |   6.1782327625655323e-05 | 1
 20, 23 |   5.3136798057827993e-05 |   5.3136798057827993e-05 | 1
 20, 24 |   7.5026558899670261e-05 |   7.5026558899670261e-05 | 1
 20, 25 |   5.5620500123880704e-05 |   5.5620500123880704e-05 | 1
 20, 26 |   7.6761464910459271e-05 |   7.6761464910459271e-05 | 1
 20, 27 |   1.2674719517272775e-04 |   1.2674719517272775e-04 | 1
 20, 28 |   7.7442703893602525e-05 |   7.7442703893602525e-05 | 1
 20, 29 |   6.7044890378019161e-05 |   6.7044890378019161e-05 | 1
 20, 30 |   6.8562522995439692e-05 |   6.8562522995439692e-05 | 1
 20, 31 |   6.8880740231691567e-05 |   6.8880740231691567e-05 | 1
 20, 32 |  -1.3568324993752466e-05 |  -1.3568324993752466e-05 | 1
 20, 33 |  -5.3274116929933745e-05 |  -5.3274116929933745e-05 | 1
 20, 34 |   1.0391568728513830e-04 |   1.0391568728513830e-04 | 1
 20, 35 |  -6.7371632550658435e-05 |  -6.7371632550658435e-05 | 1
 20, 36 |  -6.6975655205920350e-05 |  -6.6975655205920350e-05 | 1
 20, 37 |  -6.3289504650041871e-05 |  -6.3289504650041871e-05 | 1
 20, 38 |  -6.6188748763064664e-05 |  -6.6188748763064664e-05 | 1
 20, 39 |   6.2557337028910101e-05 |   6.2557337028910101e-05 | 1
 20, 40 |   1.2933084662539515e-05 |   1.2933084662539515e-05 | 1
 21,  1 |   6.1116826792042886e-05 |   6.1116826792042886e-05 | 1
 21,  2 |   4.7746412111261390e-05 |   4.7746412111261390e-05 | 1
 21,  3 |   5.0779394965497004e-05 |   5.0779394965497004e-05 | 1
 21,  4 |   1.6755603073536196e-05 |   1.6755603073536196e-05 | 1
 21,  5 |   1.4292131093134627e-04 |   1.4292131093134627e-04 | 1
 21,  6 |   9.1937368619277163e-05 |   9.1937368619277163e-05 | 1
 21,  7 |   1.1198148778883018e-05 |   1.1198148778883018e-05 | 1
 21,  8 |   1.3201964742235586e-05 |   1.3201964742235586e-05 | 1
 21,  9 |   6.0790638186353643e-05 |   6.0790638186353643e-05 | 1
 21, 10 |  -9.2295609909837800e-05 |  -9.2295609909837800e-05 | 1
 21, 11 |   3.3275513795177897e-04 |   3.3275513795177897e-04 | 1
 21, 12 |   3.4006437184815984e-05 |   3.4006437184815984e-05 | 1
 21, 13 |  -6.3641293561055072e-05 |  -6.3641293561055072e-05 | 1
 21, 14 |  -5.1002698692714102e-05 |  -5.1002698692714102e-05 | 1
 21, 15 |  -2.3208973410681079e-04 |  -2.3208973410681079e-04 | 1
 21, 16 |  -1.3362596122544036e-05 |  -1.3362596122544036e-05 | 1
 21, 17 |   6.5233060069898698e-05 |   6.5233060069898698e-05 | 1
 21, 18 |   9.0646551837760586e-05 |   9.0646551837760586e-05 | 1
 21, 19 |  -6.6465719304435034e-05 |  -6.6465719304435034e-05 | 1
 21, 20 |   6.4681813084229841e-05 |   6.4681813084229841e-05 | 1
 21, 21 |   4.9485774141916912e-02 |   4.9485774141916912e-02 | 1
 21, 22 |   1.0858132890393792e-04 |   1.0858132890393792e-04 | 1
 21, 23 |   9.3829851088624190e-05 |   9.3829851088624190e-05 | 1
 21, 24 |   6.5573592996600056e-05 |   6.5573592996600056e-05 | 1
 21, 25 |   4.2254141586330868e-05 |   4.2254141586330868e-05 | 1
 21, 26 |   1.1520659581371283e-04 |   1.1520659581371283e-04 | 1
 21, 27 |   6.0243498154517500e-04 |   6.0243498154517500e-04 | 1
 21, 28 |   1.0787809134996278e-04 |   1.0787809134996278e-04 | 1
 21, 29 |   2.3577632972366085e-05 |   2.3577632972366085e-05 | 1
 21, 30 |   1.1668639478046018e-04 |   1.1668639478046018e-04 | 1
 21, 31 |   1.4142270198761614e-04 |   1.4142270198761614e-04 | 1
 21, 32 |   1.8677590140765568e-04 |   1.8677590140765568e-04 | 1
 21, 33 |  -6.8044699129501756e-04 |  -6.8044699129501756e-04 | 1
 21, 34 |   1.9832595564135295e-04 |   1.9832595564135295e-04 | 1
 21, 35 |  -6.7315748428178375e-05 |  -6.7315748428178375e-05 | 1
 21, 36 |  -6.5768519259350725e-05 |  -6.5768519259350725e-05 | 1
 21, 37 |  -8.6950168136955936e-05 |  -8.6950168136955936e-05 | 1
 21, 38 |  -9.0693475321346065e-05 |  -9.0693475321346065e-05 | 1
 21, 39 |   7.5194231001303073e-05 |   7.5194231001303073e-05 | 1
 21, 40 |  -1.8500273496442233e-04 |  -1.8500273496442233e-04 | 1
 22,  1 |   3.3382874763504512e-05 |   3.3382874763504512e-05 | 1
 22,  2 |   2.8378100750399422e-05 |   2.8378100750399422e-05 | 1
 22,  3 |   2.5419324121983147e-05 |   2.5419324121983147e-05 | 1
 22,  4 |   1.7388637123194890e-05 |   1.7388637123194890e-05 | 1
 22,  5 |  -1.8915874238551565e-05 |  -1.8915874238551565e-05 | 1
 22,  6 |   5.2442973283077508e-05 |   5.2442973283077508e-05 | 1
 22,  7 |   2.7228746297473348e-05 |   2.7228746297473348e-05 | 1
 22,  8 |   2.9800258543257664e-05 |   2.9800258543257664e-05 | 1
 22,  9 |   2.9624533706567825e-05 |   2.9624533706567825e-05 | 1
 22, 10 |   4.8544390974332433e-05 |   4.8544390974332433e-05 | 1
 22, 11 |   7.2265661016258529e-04 |   7.2265661016258529e-04 | 1
 22, 12 |   8.4836983854312106e-05 |   8.4836983854312106e-05 | 1
 22, 13 |  -9.4921793923363068e-05 |  -9.4921793923363068e-05 | 1
 22, 14 |  -5.6793998799023553e-05 |  -5.6793998799023553e-05 | 1
 22, 15 |   7.4187654499057311e-04 |   7.4187654499057311e-04 | 1
 22, 16 |   5.4127262169928221e-05 |   5.4127262169928221e-05 | 1
 22, 17 |   3.8658225197266740e-05 |   3.8658225197266740e-05 | 1
 22, 18 |   2.4555257280311745e-05 |   2.4555257280311745e-05 | 1
 22, 19 |  -3.4477364814480080e-05 |  -3.4477364814480080e-05 | 1
 22, 20 |   6.1782327625655323e-05 |   6.1782327625655323e-05 | 1
 22, 21 |   1.0858132890393792e-04 |   1.0858132890393792e-04 | 1
 22, 22 |   5.5289455712473200e-02 |   5.5289455712473200e-02 | 1
 22, 23 |   3.9830629927382395e-05 |   3.9830629927382395e-05 | 1
 22, 24 |   1.3940471602210829e-04 |   1.3940471602210829e-04 | 1
 22, 25 |   6.3754561687350426e-05 |   6.3754561687350426e-05 | 1
 22, 26 |   4.8473975803031200e-05 |   4.8473975803031200e-05 | 1
 22, 27 |   1.1743680656214435e-03 |   1.1743680656214435e-03 | 1
 22, 28 |   2.0330164363290150e-04 |   2.0330164363290150e-04 | 1
 22, 29 |   4.0133332776875964e-05 |   4.0133332776875964e-05 | 1
 22, 30 |   1.8022463800523115e-04 |   1.8022463800523115e-04 | 1
 22, 31 |   2.6668884915405171e-04 |   2.6668884915405171e-04 | 1
 22, 32 |   6.3904309568219085e-05 |   6.3904309568219085e-05 | 1
 22, 33 |  -1.0141558962033540e-03 |  -1.0141558962033540e-03 | 1
 22, 34 |   5.4217067123881314e-04 |   5.4217067123881314e-04 | 1
 22, 35 |  -4.7127153607579413e-05 |  -4.7127153607579413e-05 | 1
 22, 36 |  -3.7904979303208196e-05 |  -3.7904979303208196e-05 | 1
 22, 37 |  -4.2347314364748513e-05 |  -4.2347314364748513e-05 | 1
 22, 38 |  -4.4736920334362180e-05 |  -4.4736920334362180e-05 | 1
 22, 39 |   4.1472601287129474e-05 |   4.1472601287129474e-05 | 1
 22, 40 |  -6.4120714835706473e-05 |  -6.4120714835706473e-05 | 1
 23,  1 |   4.2676080338526395e-05 |   4.2676080338526395e-05 | 1
 23,  2 |   3.4319420014155056e-05 |   3.4319420014155056e-05 | 1
 23,  3 |   3.7540711707183581e-05 |   3.7540711707183581e-05 | 1
 23,  4 |   2.2751120764162958e-05 |   2.2751120764162958e-05 | 1
 23,  5 |   1.0030955703770155e-04 |   1.0030955703770155e-04 | 1
 23,  6 |   5.2596259048788641e-05 |   5.2596259048788641e-05 | 1
 23,  7 |   1.3501664448819922e-05 |   1.3501664448819922e-05 | 1
 23,  8 |   1.7116633819762357e-05 |   1.7116633819762357e-05 | 1
 23,  9 |   3.4014129952800572e-05 |   3.4014129952800572e-05 | 1
 23, 10 |  -3.3400203175418959e-05 |  -3.3400203175418959e-05 | 1
 23, 11 |   8.7615360550442157e-05 |   8.7615360550442157e-05 | 1
 23, 12 |   1.6189360702330313e-05 |   1.6189360702330313e-05 | 1
 23, 13 |   5.8744236730686205e-06 |   5.8744236730686205e-06 | 1
 23, 14 |   3.5723382796844277e-07 |   3.5723382796844277e-07 | 1
 23, 15 |  -1.4072673605746154e-04 |  -1.4072673605746154e-04 | 1
 23, 16 |  -6.1695109083914361e-06 |  -6.1695109083914361e-06 | 1
 23, 17 |   4.6482200643887010e-05 |   4.6482200643887010e-05 | 1
 23, 18 |   6.1334061238972815e-05 |   6.1334061238972815e-05 | 1
 23, 19 |  -7.5917876135364935e-06 |  -7.5917876135364935e-06 | 1
 23, 20 |   5.3136798057827993e-05 |   5.3136798057827993e-05 | 1
 23, 21 |   9.3829851088624190e-05 |   9.3829851088624190e-05 | 1
 23, 22 |   3.9830629927382395e-05 |   3.9830629927382395e-05 | 1
 23, 23 |   2.5797875413162280e-02 |   2.5797875413162280e-02 | 1
 23, 24 |   4.0788052278076280e-05 |   4.0788052278076280e-05 | 1
 23, 25 |   2.4503005530276980e-05 |   2.4503005530276980e-05 | 1
 23, 26 |   7.3290685337801928e-05 |   7.3290685337801928e-05 | 1
 23, 27 |   1.4908157231271140e-04 |   1.4908157231271140e-04 | 1
 23, 28 |   4.2177257000286144e-05 |   4.2177257000286144e-05 | 1
 23, 29 |   2.4706146251436746e-05 |   2.4706146251436746e-05 | 1
 23, 30 |   4.2655563182546609e-05 |   4.2655563182546609e-05 | 1
 23, 31 |   4.3625156627215067e-05 |   4.3625156627215067e-05 | 1
 23, 32 |   8.0886820036321167e-05 |   8.0886820036321167e-05 | 1
 23, 33 |  -1.8770369670409069e-04 |  -1.8770369670409069e-04 | 1
 23, 34 |   3.9485161385547618e-05 |   3.9485161385547618e-05 | 1
 23, 35 |  -5.8407474986605120e-05 |  -5.8407474986605120e-05 | 1
 23, 36 |  -4.4922191569085276e-05 |  -4.4922191569085276e-05 | 1
 23, 37 |  -4.9898619533299278e-05 |  -4.9898619533299278e-05 | 1
 23, 38 |  -6.3390716972547983e-05 |  -6.3390716972547983e-05 | 1
 23, 39 |   5.1258032057527561e-05 |   5.1258032057527561e-05 | 1
 23, 40 |  -7.9747659187415530e-05 |  -7.9747659187415530e-05 | 1
 24,  1 |   4.3000812993396618e-05 |   4.3000812993396618e-05 | 1
 24,  2 |   4.0064395575263898e-05 |   4.0064395575263898e-05 | 1
 24,  3 |   3.5215889726422861e-05 |   3.5215889726422861e-05 | 1
 24,  4 |   4.2562719781437662e-05 |   4.2562719781437662e-05 | 1
 24,  5 |  -1.8123059728230265e-05 |  -1.8123059728230265e-05 | 1
 24,  6 |   3.2476483034838736e-05 |   3.2476483034838736e-05 | 1
 24,  7 |   4.6212991062655347e-05 |   4.6212991062655347e-05 | 1
 24,  8 |   4.4855090109576122e-05 |   4.4855090109576122e-05 | 1
 24,  9 |   3.4064019321778340e-05 |   3.4064019321778340e-05 | 1
 24, 10 |   1.1337163267569769e-04 |   1.1337163267569769e-04 | 1
 24, 11 |   4.6178376057015461e-04 |   4.6178376057015461e-04 | 1
 24, 12 |   7.7861628172136221e-05 |   7.7861628172136221e-05 | 1
 24, 13 |   3.2802100098821680e-06 |   3.2802100098821680e-06 | 1
 24, 14 |   1.7877715780718881e-05 |   1.7877715780718881e-05 | 1
 24, 15 |   7.8967694442439720e-04 |   7.8967694442439720e-04 | 1
 24, 16 |   6.3862637238056220e-05 |   6.3862637238056220e-05 | 1
 24, 17 |   5.2285386580051463e-05 |   5.2285386580051463e-05 | 1
 24, 18 |   3.6098274800112603e-05 |   3.6098274800112603e-05 | 1
 24, 19 |   4.9501356685152062e-05 |   4.9501356685152062e-05 | 1
 24, 20 |   7.5026558899670261e-05 |   7.5026558899670261e-05 | 1
 24, 21 |   6.5573592996600056e-05 |   6.5573592996600056e-05 | 1
 24, 22 |   1.3940471602210829e-04 |   1.3940471602210829e-04 | 1
 24, 23 |   4.0788052278076280e-05 |   4.0788052278076280e-05 | 1
 24, 24 |   4.0074960600276661e-03 |   4.0074960600276661e-03 | 1
 24, 25 |   7.1017127950841587e-05 |   7.1017127950841587e-05 | 1
 24, 26 |   5.4932016170433965e-05 |   5.4932016170433965e-05 | 1
 24, 27 |   6.5837737628320482e-04 |   6.5837737628320482e-04 | 1
 24, 28 |   1.5173151336320508e-04 |   1.5173151336320508e-04 | 1
 24, 29 |   7.0119572013515206e-05 |   7.0119572013515206e-05 | 1
 24, 30 |   1.3531554896118071e-04 |   1.3531554896118071e-04 | 1
 24, 31 |   1.8064634303151678e-04 |   1.8064634303151678e-04 | 1
 24, 32 |  -2.5192619645298795e-05 |  -2.5192619645298795e-05 | 1
 24, 33 |  -4.7993763659110128e-04 |  -4.7993763659110128e-04 | 1
 24, 34 |   3.6399099023416844e-04 |   3.6399099023416844e-04 | 1
 24, 35 |  -6.0327569483838064e-05 |  -6.0327569483838064e-05 | 1
 24, 36 |  -4.9046041512425446e-05 |  -4.9046041512425446e-05 | 1
 24, 37 |  -5.3290214216152452e-05 |  -5.3290214216152452e-05 | 1
 24, 38 |  -5.7053719910146779e-05 |  -5.7053719910146779e-05 | 1
 24, 39 |   5.1578430729843719e-05 |   5.1578430729843719e-05 | 1
 24, 40 |   2.4890446982217353e-05 |   2.4890446982217353e-05 | 1
 25,  1 |   3.6629073901119102e-05 |   3.6629073901119102e-05 | 1
 25,  2 |   3.3311542646310041e-05 |   3.3311542646310041e-05 | 1
 25,  3 |   2.9164672539645997e-05 |   2.9164672539645997e-05 | 1
 25,  4 |   3.5519422358820020e-05 |   3.5519422358820020e-05 | 1
 25,  5 |   7.0723212905947467e-06 |   7.0723212905947467e-06 | 1
 25,  6 |   1.9473285547645609e-05 |   1.9473285547645609e-05 | 1
 25,  7 |   3.5623144231470132e-05 |   3.5623144231470132e-05 | 1
 25,  8 |   2.9620756112492425e-05 |   2.9620756112492425e-05 | 1
 25,  9 |   3.1394041529771143e-05 |   3.1394041529771143e-05 | 1
 25, 10 |   7.1026946853414922e-05 |   7.1026946853414922e-05 | 1
 25, 11 |   1.9074058011393194e-04 |   1.9074058011393194e-04 | 1
 25, 12 |   4.6853396564680230e-05 |   4.6853396564680230e-05 | 1
 25, 13 |   3.7952720944022815e-05 |   3.7952720944022815e-05 | 1
 25, 14 |   4.0276048878543267e-05 |   4.0276048878543267e-05 | 1
 25, 15 |   4.3253468937525365e-04 |   4.3253468937525365e-04 | 1
 25, 16 |   3.9539821002613640e-05 |   3.9539821002613640e-05 | 1
 25, 17 |   4.6371562137142357e-05 |   4.6371562137142357e-05 | 1
 25, 18 |   3.8141168562086692e-05 |   3.8141168562086692e-05 | 1
 25, 19 |   5.5891728113896470e-05 |   5.5891728113896470e-05 | 1
 25, 20 |   5.5620500123880704e-05 |   5.5620500123880704e-05 | 1
 25, 21 |   4.2254141586330868e-05 |   4.2254141586330868e-05 | 1
 25, 22 |   6.3754561687350426e-05 |   6.3754561687350426e-05 | 1
 25, 23 |   2.4503005530276980e-05 |   2.4503005530276980e-05 | 1
 25, 24 |   7.1017127950841587e-05 |   7.1017127950841587e-05 | 1
 25, 25 |   1.3091498948075332e-02 |   1.3091498948075332e-02 | 1
 25, 26 |   5.4408496457058933e-05 |   5.4408496457058933e-05 | 1
 25, 27 |   2.3380981012465141e-04 |   2.3380981012465141e-04 | 1
 25, 28 |   8.3344763356617467e-05 |   8.3344763356617467e-05 | 1
 25, 29 |   5.9977028032984596e-05 |   5.9977028032984596e-05 | 1
 25, 30 |   7.4112723503005104e-05 |   7.4112723503005104e-05 | 1
 25, 31 |   8.7315898680201965e-05 |   8.7315898680201965e-05 | 1
 25, 32 |  -2.6918661090420080e-05 |  -2.6918661090420080e-05 | 1
 25, 33 |  -1.3633530139078095e-04 |  -1.3633530139078095e-04 | 1
 25, 34 |   1.5723815829758283e-04 |   1.5723815829758283e-04 | 1
 25, 35 |  -3.8007559668912794e-05 |  -3.8007559668912794e-05 | 1
 25, 36 |  -4.5394511877693531e-05 |  -4.5394511877693531e-05 | 1
 25, 37 |  -5.0669212100106262e-05 |  -5.0669212100106262e-05 | 1
 25, 38 |  -5.3534791921716056e-05 |  -5.3534791921716056e-05 | 1
 25, 39 |   4.5586293852626260e-05 |   4.5586293852626260e-05 | 1
 25, 40 |   2.7471469236044570e-05 |   2.7471469236044570e-05 | 1
 26,  1 |   6.4189335344320649e-05 |   6.4189335344320649e-05 | 1
 26,  2 |   5.8675623423366861e-05 |   5.8675623423366861e-05 | 1
 26,  3 |   5.4286144802615524e-05 |   5.4286144802615524e-05 | 1
 26,  4 |   4.6984982006930765e-05 |   4.6984982006930765e-05 | 1
 26,  5 |   9.4266860103083938e-05 |   9.4266860103083938e-05 | 1
 26,  6 |   5.8237148953009112e-05 |   5.8237148953009112e-05 | 1
 26,  7 |   3.9005345396281864e-05 |   3.9005345396281864e-05 | 1
 26,  8 |   3.0877351075087115e-05 |   3.0877351075087115e-05 | 1
 26,  9 |   5.9897085718366351e-05 |   5.9897085718366351e-05 | 1
 26, 10 |   1.5050755134302237e-06 |   1.5050755134302237e-06 | 1
 26, 11 |   7.1969691549756819e-05 |   7.1969691549756819e-05 | 1
 26, 12 |   3.3512467467013355e-05 |   3.3512467467013355e-05 | 1
 26, 13 |   4.6927437108084110e-05 |   4.6927437108084110e-05 | 1
 26, 14 |   4.6321980204818089e-05 |   4.6321980204818089e-05 | 1
 26, 15 |   2.9886745496200604e-05 |   2.9886745496200604e-05 | 1
 26, 16 |   1.1246332955844414e-05 |   1.1246332955844414e-05 | 1
 26, 17 |   7.7071729960964322e-05 |   7.7071729960964322e-05 | 1
 26, 18 |   9.8961482375878340e-05 |   9.8961482375878340e-05 | 1
 26, 19 |   3.4781373675939439e-05 |   3.4781373675939439e-05 | 1
 26, 20 |   7.6761464910459271e-05 |   7.6761464910459271e-05 | 1
 26, 21 |   1.1520659581371283e-04 |   1.1520659581371283e-04 | 1
 26, 22 |   4.8473975803031200e-05 |   4.8473975803031200e-05 | 1
 26, 23 |   7.3290685337801928e-05 |   7.3290685337801928e-05 | 1
 26, 24 |   5.4932016170433965e-05 |   5.4932016170433965e-05 | 1
 26, 25 |   5.4408496457058933e-05 |   5.4408496457058933e-05 | 1
 26, 26 |   3.4297893732343404e-02 |   3.4297893732343404e-02 | 1
 26, 27 |   6.5910889416305278e-05 |   6.5910889416305278e-05 | 1
 26, 28 |   6.5909867454737309e-05 |   6.5909867454737309e-05 | 1
 26, 29 |   6.3214180803750845e-05 |   6.3214180803750845e-05 | 1
 26, 30 |   6.8935862080697711e-05 |   6.8935862080697711e-05 | 1
 26, 31 |   5.4349711760339805e-05 |   5.4349711760339805e-05 | 1
 26, 32 |   5.2346996496287508e-05 |   5.2346996496287508e-05 | 1
 26, 33 |  -7.2759821451759112e-05 |  -7.2759821451759112e-05 | 1
 26, 34 |   3.3900884167061761e-05 |   3.3900884167061761e-05 | 1
 26, 35 |  -7.3814416446196926e-05 |  -7.3814416446196926e-05 | 1
 26, 36 |  -8.1949588263525509e-05 |  -8.1949588263525509e-05 | 1
 26, 37 |  -9.0843208230823003e-05 |  -9.0843208230823003e-05 | 1
 26, 38 |  -8.1900038690183692e-05 |  -8.1900038690183692e-05 | 1
 26, 39 |   8.0001963730356066e-05 |   8.0001963730356066e-05 | 1
 26, 40 |  -5.2802252905021409e-05 |  -5.2802252905021409e-05 | 1
 27,  1 |   4.8410414075145068e-05 |   4.8410414075145068e-05 | 1
 27,  2 |   2.1993069343179979e-05 |   2.1993069343179979e-05 | 1
 27,  3 |   2.6185953533643301e-05 |   2.6185953533643301e-05 | 1
 27,  4 |  -9.1002613405137415e-05 |  -9.1002613405137415e-05 | 1
 27,  5 |  -2.5823509329545664e-04 |  -2.5823509329545664e-04 | 1
 27,  6 |   2.7261660208177457e-04 |   2.7261660208177457e-04 | 1
 27,  7 |   1.9570145002262100e-05 |   1.9570145002262100e-05 | 1
 27,  8 |   3.6038712378760822e-05 |   3.6038712378760822e-05 | 1
 27,  9 |   7.7236391580947874e-05 |   7.7236391580947874e-05 | 1
 27, 10 |  -4.6605315686672324e-05 |  -4.6605315686672324e-05 | 1
 27, 11 |   4.7350018092350721e-03 |   4.7350018092350721e-03 | 1
 27, 12 |   4.3001883713762062e-04 |   4.3001883713762062e-04 | 1
 27, 13 |  -1.0318097792031873e-03 |  -1.0318097792031873e-03 | 1
 27, 14 |  -7.4316033044975077e-04 |  -7.4316033044975077e-04 | 1
 27, 15 |   3.2276726609847530e-03 |   3.2276726609847530e-03 | 1
 27, 16 |   1.9847918672783290e-04 |   1.9847918672783290e-04 | 1
 27, 17 |   3.2378443681559077e-05 |   3.2378443681559077e-05 | 1
 27, 18 |  -3.8898365274017345e-05 |  -3.8898365274017345e-05 | 1
 27, 19 |  -6.4405944274615299e-04 |  -6.4405944274615299e-04 | 1
 27, 20 |   1.2674719517272775e-04 |   1.2674719517272775e-04 | 1
 27, 21 |   6.0243498154517500e-04 |   6.0243498154517500e-04 | 1
 27, 22 |   1.1743680656214435e-03 |   1.1743680656214435e-03 | 1
 27, 23 |   1.4908157231271140e-04 |   1.4908157231271140e-04 | 1
 27, 24 |   6.5837737628320482e-04 |   6.5837737628320482e-04 | 1
 27, 25 |   2.3380981012465141e-04 |   2.3380981012465141e-04 | 1
 27, 26 |   6.5910889416305278e-05 |   6.5910889416305278e-05 | 1
 27, 27 |   1.1848633629802992e-02 |   1.1848633629802992e-02 | 1
 27, 28 |   1.1770893525439160e-03 |   1.1770893525439160e-03 | 1
 27, 29 |  -3.0332469210175966e-05 |  -3.0332469210175966e-05 | 1
 27, 30 |   1.0543891514846037e-03 |   1.0543891514846037e-03 | 1
 27, 31 |   1.7046169548542421e-03 |   1.7046169548542421e-03 | 1
 27, 32 |   7.0671792799617962e-04 |   7.0671792799617962e-04 | 1
 27, 33 |  -7.5462021697773711e-03 |  -7.5462021697773711e-03 | 1
 27, 34 |   3.4972320445919849e-03 |   3.4972320445919849e-03 | 1
 27, 35 |  -6.4203243372143735e-05 |  -6.4203243372143735e-05 | 1
 27, 36 |  -5.7370368993710690e-05 |  -5.7370368993710690e-05 | 1
 27, 37 |  -5.9089497413400768e-05 |  -5.9089497413400768e-05 | 1
 27, 38 |  -6.6550061464713708e-05 |  -6.6550061464713708e-05 | 1
 27, 39 |   5.8500980094637514e-05 |   5.8500980094637514e-05 | 1
 27, 40 |  -7.0660855357144222e-04 |  -7.0660855357144222e-04 | 1
 28,  1 |   4.5739395508225986e-05 |   4.5739395508225986e-05 | 1
 28,  2 |   4.0712203603986236e-05 |   4.0712203603986236e-05 | 1
 28,  3 |   3.6013058612577976e-05 |   3.6013058612577976e-05 | 1
 28,  4 |   3.1538483034682357e-05 |   3.1538483034682357e-05 | 1
 28,  5 |  -3.6437999545057688e-05 |  -3.6437999545057688e-05 | 1
 28,  6 |   4.7509957926676575e-05 |   4.7509957926676575e-05 | 1
 28,  7 |   4.5010263572927214e-05 |   4.5010263572927214e-05 | 1
 28,  8 |   3.7174657272059018e-05 |   3.7174657272059018e-05 | 1
 28,  9 |   4.3192899339216531e-05 |   4.3192899339216531e-05 | 1
 28, 10 |   7.7522253612400944e-05 |   7.7522253612400944e-05 | 1
 28, 11 |   7.4460726105063510e-04 |   7.4460726105063510e-04 | 1
 28, 12 |   1.0318049123393443e-04 |   1.0318049123393443e-04 | 1
 28, 13 |  -7.4891327976037847e-05 |  -7.4891327976037847e-05 | 1
 28, 14 |  -3.8596131227077024e-05 |  -3.8596131227077024e-05 | 1
 28, 15 |   8.7677436875208820e-04 |   8.7677436875208820e-04 | 1
 28, 16 |   6.7777170407034795e-05 |   6.7777170407034795e-05 | 1
 28, 17 |   5.4767851724708976e-05 |   5.4767851724708976e-05 | 1
 28, 18 |   3.9099308173793152e-05 |   3.9099308173793152e-05 | 1
 28, 19 |  -1.0003419185394792e-05 |  -1.0003419185394792e-05 | 1
 28, 20 |   7.7442703893602525e-05 |   7.7442703893602525e-05 | 1
 28, 21 |   1.0787809134996278e-04 |   1.0787809134996278e-04 | 1
 28, 22 |   2.0330164363290150e-04 |   2.0330164363290150e-04 | 1
 28, 23 |   4.2177257000286144e-05 |   4.2177257000286144e-05 | 1
 28, 24 |   1.5173151336320508e-04 |   1.5173151336320508e-04 | 1
 28, 25 |   8.3344763356617467e-05 |   8.3344763356617467e-05 | 1
 28, 26 |   6.5909867454737309e-05 |   6.5909867454737309e-05 | 1
 28, 27 |   1.1770893525439160e-03 |   1.1770893525439160e-03 | 1
 28, 28 |   7.4996652364087363e-03 |   7.4996652364087363e-03 | 1
 28, 29 |   6.3005514814635621e-05 |   6.3005514814635621e-05 | 1
 28, 30 |   1.9942993018678116e-04 |   1.9942993018678116e-04 | 1
 28, 31 |   2.8978781862527500e-04 |   2.8978781862527500e-04 | 1
 28, 32 |   4.4698177204911970e-05 |   4.4698177204911970e-05 | 1
 28, 33 |  -9.9531264519593611e-04 |  -9.9531264519593611e-04 | 1
 28, 34 |   5.7132847598428179e-04 |   5.7132847598428179e-04 | 1
 28, 35 |  -4.9905666703666386e-05 |  -4.9905666703666386e-05 | 1
 28, 36 |  -6.4480183647991853e-05 |  -6.4480183647991853e-05 | 1
 28, 37 |  -5.8757274510416223e-05 |  -5.8757274510416223e-05 | 1
 28, 38 |  -6.1362175784200211e-05 |  -6.1362175784200211e-05 | 1
 28, 39 |   5.6496363852596953e-05 |   5.6496363852596953e-05 | 1
 28, 40 |  -4.4948270517950987e-05 |  -4.4948270517950987e-05 | 1
 29,  1 |   4.5093887566030746e-05 |   4.5093887566030746e-05 | 1
 29,  2 |   4.2810227782647018e-05 |   4.2810227782647018e-05 | 1
 29,  3 |   3.7324381765536803e-05 |   3.7324381765536803e-05 | 1
 29,  4 |   5.2123527910348657e-05 |   5.2123527910348657e-05 | 1
 29,  5 |   6.6396832897808068e-06 |   6.6396832897808068e-06 | 1
 29,  6 |   1.1656354661903736e-05 |   1.1656354661903736e-05 | 1
 29,  7 |   4.9135695497109052e-05 |   4.9135695497109052e-05 | 1
 29,  8 |   4.0833188477241518e-05 |   4.0833188477241518e-05 | 1
 29,  9 |   3.7501767477348755e-05 |   3.7501767477348755e-05 | 1
 29, 10 |   1.1159385945406797e-04 |   1.1159385945406797e-04 | 1
 29, 11 |   6.0913711060116757e-05 |   6.0913711060116757e-05 | 1
 29, 12 |   4.7929021663755169e-05 |   4.7929021663755169e-05 | 1
 29, 13 |   9.4530537435643844e-05 |   9.4530537435643844e-05 | 1
 29, 14 |   8.4235453695578254e-05 |   8.4235453695578254e-05 | 1
 29, 15 |   4.9389872532435656e-04 |   4.9389872532435656e-04 | 1
 29, 16 |   4.7898399806463965e-05 |   4.7898399806463965e-05 | 1
 29, 17 |   5.8629986814690046e-05 |   5.8629986814690046e-05 | 1
 29, 18 |   4.8639270398228012e-05 |   4.8639270398228012e-05 | 1
 29, 19 |   1.0538878637121679e-04 |   1.0538878637121679e-04 | 1
 29, 20 |   6.7044890378019161e-05 |   6.7044890378019161e-05 | 1
 29, 21 |   2.3577632972366085e-05 |   2.3577632972366085e-05 | 1
 29, 22 |   4.0133332776875964e-05 |   4.0133332776875964e-05 | 1
 29, 23 |   2.4706146251436746e-05 |   2.4706146251436746e-05 | 1
 29, 24 |   7.0119572013515206e-05 |   7.0119572013515206e-05 | 1
 29, 25 |   5.9977028032984596e-05 |   5.9977028032984596e-05 | 1
 29, 26 |   6.3214180803750845e-05 |   6.3214180803750845e-05 | 1
 29, 27 |  -3.0332469210175966e-05 |  -3.0332469210175966e-05 | 1
 29, 28 |   6.3005514814635621e-05 |   6.3005514814635621e-05 | 1
 29, 29 |   1.1456678989442691e-02 |   1.1456678989442691e-02 | 1
 29, 30 |   5.5673395444137011e-05 |   5.5673395444137011e-05 | 1
 29, 31 |   4.7437923865210652e-05 |   4.7437923865210652e-05 | 1
 29, 32 |  -7.6745785936633331e-05 |  -7.6745785936633331e-05 | 1
 29, 33 |   1.4599892814808741e-04 |   1.4599892814808741e-04 | 1
 29, 34 |   7.0351115637686023e-05 |   7.0351115637686023e-05 | 1
 29, 35 |  -4.7186775081881684e-05 |  -4.7186775081881684e-05 | 1
 29, 36 |  -5.6407596371327082e-05 |  -5.6407596371327082e-05 | 1
 29, 37 |  -6.1923126646010814e-05 |  -6.1923126646010814e-05 | 1
 29, 38 |  -6.3864820061634983e-05 |  -6.3864820061634983e-05 | 1
 29, 39 |   5.5581003782357920e-05 |   5.5581003782357920e-05 | 1
 29, 40 |   7.7540186561955303e-05 |   7.7540186561955303e-05 | 1
 30,  1 |   4.3572539644127279e-05 |   4.3572539644127279e-05 | 1
 30,  2 |   3.8237924576246991e-05 |   3.8237924576246991e-05 | 1
 30,  3 |   3.2769807471678616e-05 |   3.2769807471678616e-05 | 1
 30,  4 |   2.5925513216258255e-05 |   2.5925513216258255e-05 | 1
 30,  5 |  -6.6886498269845631e-06 |  -6.6886498269845631e-06 | 1
 30,  6 |   5.5338939039870186e-05 |   5.5338939039870186e-05 | 1
 30,  7 |   3.4907353604191361e-05 |   3.4907353604191361e-05 | 1
 30,  8 |   3.2881816201245113e-05 |   3.2881816201245113e-05 | 1
 30,  9 |   4.3038567032276226e-05 |   4.3038567032276226e-05 | 1
 30, 10 |   5.3126421464160222e-05 |   5.3126421464160222e-05 | 1
 30, 11 |   6.6233095293921932e-04 |   6.6233095293921932e-04 | 1
 30, 12 |   8.6682599034937141e-05 |   8.6682599034937141e-05 | 1
 30, 13 |  -6.8916467083911183e-05 |  -6.8916467083911183e-05 | 1
 30, 14 |  -3.4037733765097876e-05 |  -3.4037733765097876e-05 | 1
 30, 15 |   7.1933168654846448e-04 |   7.1933168654846448e-04 | 1
 30, 16 |   5.5608617810563816e-05 |   5.5608617810563816e-05 | 1
 30, 17 |   5.2580218409543396e-05 |   5.2580218409543396e-05 | 1
 30, 18 |   4.2035124192533644e-05 |   4.2035124192533644e-05 | 1
 30, 19 |  -1.4080370416628205e-05 |  -1.4080370416628205e-05 | 1
 30, 20 |   6.8562522995439692e-05 |   6.8562522995439692e-05 | 1
 30, 21 |   1.1668639478046018e-04 |   1.1668639478046018e-04 | 1
 30, 22 |   1.8022463800523115e-04 |   1.8022463800523115e-04 | 1
 30, 23 |   4.2655563182546609e-05 |   4.2655563182546609e-05 | 1
 30, 24 |   1.3531554896118071e-04 |   1.3531554896118071e-04 | 1
 30, 25 |   7.4112723503005104e-05 |   7.4112723503005104e-05 | 1
 30, 26 |   6.8935862080697711e-05 |   6.8935862080697711e-05 | 1
 30, 27 |   1.0543891514846037e-03 |   1.0543891514846037e-03 | 1
 30, 28 |   1.9942993018678116e-04 |   1.9942993018678116e-04 | 1
 30, 29 |   5.5673395444137011e-05 |   5.5673395444137011e-05 | 1
 30, 30 |   1.0085643843103193e-02 |   1.0085643843103193e-02 | 1
 30, 31 |   2.5420681722275798e-04 |   2.5420681722275798e-04 | 1
 30, 32 |   5.6567003221542284e-05 |   5.6567003221542284e-05 | 1
 30, 33 |  -9.0304033040924329e-04 |  -9.0304033040924329e-04 | 1
 30, 34 |   4.9753614098474387e-04 |   4.9753614098474387e-04 | 1
 30, 35 |  -4.7941851919705347e-05 |  -4.7941851919705347e-05 | 1
 30, 36 |  -5.2221705904745560e-05 |  -5.2221705904745560e-05 | 1
 30, 37 |  -6.5143504067577103e-05 |  -6.5143504067577103e-05 | 1
 30, 38 |  -5.8483862216134009e-05 |  -5.8483862216134009e-05 | 1
 30, 39 |   5.5163865240396949e-05 |   5.5163865240396949e-05 | 1
 30, 40 |  -5.6376183399860338e-05 |  -5.6376183399860338e-05 | 1
 31,  1 |   3.8964612800177140e-05 |   3.8964612800177140e-05 | 1
 31,  2 |   2.9384087583455491e-05 |   2.9384087583455491e-05 | 1
 31,  3 |   2.9085236457227086e-05 |   2.9085236457227086e-05 | 1
 31,  4 |   1.2362964601854272e-05 |   1.2362964601854272e-05 | 1
 31,  5 |  -4.8396351584235550e-05 |  -4.8396351584235550e-05 | 1
 31,  6 |   6.2539251720371047e-05 |   6.2539251720371047e-05 | 1
 31,  7 |   3.5456413698922722e-05 |   3.5456413698922722e-05 | 1
 31,  8 |   3.0927574009973461e-05 |   3.0927574009973461e-05 | 1
 31,  9 |   3.9796852278561198e-05 |   3.9796852278561198e-05 | 1
 31, 10 |   5.9888391975889328e-05 |   5.9888391975889328e-05 | 1
 31, 11 |   1.0312501409634298e-03 |   1.0312501409634298e-03 | 1
 31, 12 |   1.2264497357336747e-04 |   1.2264497357336747e-04 | 1
 31, 13 |  -1.5383600809235111e-04 |  -1.5383600809235111e-04 | 1
 31, 14 |  -1.0207062431951234e-04 |  -1.0207062431951234e-04 | 1
 31, 15 |   9.6954430129199713e-04 |   9.6954430129199713e-04 | 1
 31, 16 |   7.2543428688910298e-05 |   7.2543428688910298e-05 | 1
 31, 17 |   4.4364930534435250e-05 |   4.4364930534435250e-05 | 1
 31, 18 |   1.7187240280529448e-05 |   1.7187240280529448e-05 | 1
 31, 19 |  -6.9779456007328507e-05 |  -6.9779456007328507e-05 | 1
 31, 20 |   6.8880740231691567e-05 |   6.8880740231691567e-05 | 1
 31, 21 |   1.4142270198761614e-04 |   1.4142270198761614e-04 | 1
 31, 22 |   2.6668884915405171e-04 |   2.6668884915405171e-04 | 1
 31, 23 |   4.3625156627215067e-05 |   4.3625156627215067e-05 | 1
 31, 24 |   1.8064634303151678e-04 |   1.8064634303151678e-04 | 1
 31, 25 |   8.7315898680201965e-05 |   8.7315898680201965e-05 | 1
 31, 26 |   5.4349711760339805e-05 |   5.4349711760339805e-05 | 1
 31, 27 |   1.7046169548542421e-03 |   1.7046169548542421e-03 | 1
 31, 28 |   2.8978781862527500e-04 |   2.8978781862527500e-04 | 1
 31, 29 |   4.7437923865210652e-05 |   4.7437923865210652e-05 | 1
 31, 30 |   2.5420681722275798e-04 |   2.5420681722275798e-04 | 1
 31, 31 |   2.1903310091632901e-02 |   2.1903310091632901e-02 | 1
 31, 32 |   1.0001829383674097e-04 |   1.0001829383674097e-04 | 1
 31, 33 |  -1.4989078259230412e-03 |  -1.4989078259230412e-03 | 1
 31, 34 |   7.8364729709094294e-04 |   7.8364729709094294e-04 | 1
 31, 35 |  -3.5285695450736914e-05 |  -3.5285695450736914e-05 | 1
 31, 36 |  -4.8404406276701158e-05 |  -4.8404406276701158e-05 | 1
 31, 37 |  -4.9430982422105716e-05 |  -4.9430982422105716e-05 | 1
 31, 38 |  -6.4688457261948739e-05 |  -6.4688457261948739e-05 | 1
 31, 39 |   4.7659927177313081e-05 |   4.7659927177313081e-05 | 1
 31, 40 |  -9.8205502877935121e-05 |  -9.8205502877935121e-05 | 1
 32,  1 |   1.3044589760144792e-05 |   1.3044589760144792e-05 | 1
 32,  2 |  -3.6426462614234771e-04 |  -3.6426462614234771e-04 | 1
 32,  3 |   1.2431066139415010e-05 |   1.2431066139415010e-05 | 1
 32,  4 |  -4.7436373349890362e-05 |  -4.7436373349890362e-05 | 1
 32,  5 |   1.4468482379762505e-04 |   1.4468482379762505e-04 | 1
 32,  6 |   9.2737245308737994e-05 |   9.2737245308737994e-05 | 1
 32,  7 |  -4.6924340083247072e-05 |  -4.6924340083247072e-05 | 1
 32,  8 |  -4.0601312528431926e-05 |  -4.0601312528431926e-05 | 1
 32,  9 |   2.5420920501879416e-05 |   2.5420920501879416e-05 | 1
 32, 10 |  -2.5660608135140439e-04 |  -2.5660608135140439e-04 | 1
 32, 11 |   2.7602619435130883e-04 |   2.7602619435130883e-04 | 1
 32, 12 |  -2.0828637870532284e-05 |  -2.0828637870532284e-05 | 1
 32, 13 |  -1.9598882599819852e-04 |  -1.9598882599819852e-04 | 1
 32, 14 |  -1.6539478014152362e-04 |  -1.6539478014152362e-04 | 1
 32, 15 |  -9.5708883418851713e-04 |  -9.5708883418851713e-04 | 1
 32, 16 |  -7.9616951341052693e-05 |  -7.9616951341052693e-05 | 1
 32, 17 |   2.0564017643599453e-06 |   2.0564017643599453e-06 | 1
 32, 18 |   4.7551912839196721e-05 |   4.7551912839196721e-05 | 1
 32, 19 |  -2.2544458107879889e-04 |  -2.2544458107879889e-04 | 1
 32, 20 |  -1.3568324993752466e-05 |  -1.3568324993752466e-05 | 1
 32, 21 |   1.8677590140765568e-04 |   1.8677590140765568e-04 | 1
 32, 22 |   6.3904309568219085e-05 |   6.3904309568219085e-05 | 1
 32, 23 |   8.0886820036321167e-05 |   8.0886820036321167e-05 | 1
 32, 24 |  -2.5192619645298795e-05 |  -2.5192619645298795e-05 | 1
 32, 25 |  -2.6918661090420080e-05 |  -2.6918661090420080e-05 | 1
 32, 26 |   5.2346996496287508e-05 |   5.2346996496287508e-05 | 1
 32, 27 |   7.0671792799617962e-04 |   7.0671792799617962e-04 | 1
 32, 28 |   4.4698177204911970e-05 |   4.4698177204911970e-05 | 1
 32, 29 |  -7.6745785936633331e-05 |  -7.6745785936633331e-05 | 1
 32, 30 |   5.6567003221542284e-05 |   5.6567003221542284e-05 | 1
 32, 31 |   1.0001829383674097e-04 |   1.0001829383674097e-04 | 1
 32, 32 |   4.3095612921694674e-04 |   4.3095612921694674e-04 | 1
 32, 33 |  -9.5251585049357414e-04 |  -9.5251585049357414e-04 | 1
 32, 34 |   1.2076419920226487e-04 |   1.2076419920226487e-04 | 1
 32, 35 |  -9.3422299653775881e-06 |  -9.3422299653775881e-06 | 1
 32, 36 |  -1.4688982113589804e-05 |  -1.4688982113589804e-05 | 1
 32, 37 |  -1.8443594699615175e-05 |  -1.8443594699615175e-05 | 1
 32, 38 |  -2.3108304587080373e-05 |  -2.3108304587080373e-05 | 1
 32, 39 |   1.6100698111280384e-05 |   1.6100698111280384e-05 | 1
 32, 40 |  -4.2998271228506457e-04 |  -4.2998271228506457e-04 | 1
 33,  1 |  -2.8572260612915414e-05 |  -2.8572260612915414e-05 | 1
 33,  2 |   5.1619316908542379e-06 |   5.1619316908542379e-06 | 1
 33,  3 |  -1.3729914967167802e-05 |  -1.3729914967167802e-05 | 1
 33,  4 |   1.5322125641965557e-04 |   1.5322125641965557e-04 | 1
 33,  5 |   8.0233590624957635e-05 |   8.0233590624957635e-05 | 1
 33,  6 |  -3.1435833553416083e-04 |  -3.1435833553416083e-04 | 1
 33,  7 |   5.6008519874791894e-05 |   5.6008519874791894e-05 | 1
 33,  8 |   3.5469801846883564e-05 |   3.5469801846883564e-05 | 1
 33,  9 |  -7.0359423367554483e-05 |  -7.0359423367554483e-05 | 1
 33, 10 |   3.6012649873892803e-04 |   3.6012649873892803e-04 | 1
 33, 11 |  -4.1876139688161416e-03 |  -4.1876139688161416e-03 | 1
 33, 12 |  -3.1392302970952295e-04 |  -3.1392302970952295e-04 | 1
 33, 13 |   1.1096608417787374e-03 |   1.1096608417787374e-03 | 1
 33, 14 |   8.3141555587524292e-04 |   8.3141555587524292e-04 | 1
 33, 15 |  -1.4488996448900912e-03 |  -1.4488996448900912e-03 | 1
 33, 16 |  -5.8943764398738040e-05 |  -5.8943764398738040e-05 | 1
 33, 17 |   2.5872529737722748e-06 |   2.5872529737722748e-06 | 1
 33, 18 |   1.4520748208535303e-05 |   1.4520748208535303e-05 | 1
 33, 19 |   8.2736706462495759e-04 |   8.2736706462495759e-04 | 1
 33, 20 |  -5.3274116929933745e-05 |  -5.3274116929933745e-05 | 1
 33, 21 |  -6.8044699129501756e-04 |  -6.8044699129501756e-04 | 1
 33, 22 |  -1.0141558962033540e-03 |  -1.0141558962033540e-03 | 1
 33, 23 |  -1.8770369670409069e-04 |  -1.8770369670409069e-04 | 1
 33, 24 |  -4.7993763659110128e-04 |  -4.7993763659110128e-04 | 1
 33, 25 |  -1.3633530139078095e-04 |  -1.3633530139078095e-04 | 1
 33, 26 |  -7.2759821451759112e-05 |  -7.2759821451759112e-05 | 1
 33, 27 |  -7.5462021697773711e-03 |  -7.5462021697773711e-03 | 1
 33, 28 |  -9.9531264519593611e-04 |  -9.9531264519593611e-04 | 1
 33, 29 |   1.4599892814808741e-04 |   1.4599892814808741e-04 | 1
 33, 30 |  -9.0304033040924329e-04 |  -9.0304033040924329e-04 | 1
 33, 31 |  -1.4989078259230412e-03 |  -1.4989078259230412e-03 | 1
 33, 32 |  -9.5251585049357414e-04 |  -9.5251585049357414e-04 | 1
 33, 33 |   7.3334921994560893e-03 |   7.3334921994560893e-03 | 1
 33, 34 |  -2.9996388825226606e-03 |  -2.9996388825226606e-03 | 1
 33, 35 |   2.9058507871768734e-05 |   2.9058507871768734e-05 | 1
 33, 36 |   3.5782662389052372e-05 |   3.5782662389052372e-05 | 1
 33, 37 |   3.3053912728035374e-05 |   3.3053912728035374e-05 | 1
 33, 38 |   4.6567780940212552e-05 |   4.6567780940212552e-05 | 1
 33, 39 |  -3.4444449845733916e-05 |  -3.4444449845733916e-05 | 1
 33, 40 |   9.5125413605333430e-04 |   9.5125413605333430e-04 | 1
 34,  1 |   3.9324086895905583e-05 |   3.9324086895905583e-05 | 1
 34,  2 |   3.1940313948735833e-05 |   3.1940313948735833e-05 | 1
 34,  3 |   2.5457864104556385e-05 |   2.5457864104556385e-05 | 1
 34,  4 |   1.0291384888018744e-05 |   1.0291384888018744e-05 | 1
 34,  5 |  -2.0196347355966267e-04 |  -2.0196347355966267e-04 | 1
 34,  6 |   8.5232276911785683e-05 |   8.5232276911785683e-05 | 1
 34,  7 |   6.2145287774776172e-05 |   6.2145287774776172e-05 | 1
 34,  8 |   6.0678158553710896e-05 |   6.0678158553710896e-05 | 1
 34,  9 |   4.1125091565321403e-05 |   4.1125091565321403e-05 | 1
 34, 10 |   1.7795423624860341e-04 |   1.7795423624860341e-04 | 1
 34, 11 |   2.1379840094567304e-03 |   2.1379840094567304e-03 | 1
 34, 12 |   2.4253464205267351e-04 |   2.4253464205267351e-04 | 1
 34, 13 |  -3.3440303778550003e-04 |  -3.3440303778550003e-04 | 1
 34, 14 |  -2.1844442840243683e-04 |  -2.1844442840243683e-04 | 1
 34, 15 |   2.3273545959774143e-03 |   2.3273545959774143e-03 | 1
 34, 16 |   1.6382792648395175e-04 |   1.6382792648395175e-04 | 1
 34, 17 |   4.4918021652419677e-05 |   4.4918021652419677e-05 | 1
 34, 18 |  -2.1220762952343803e-05 |  -2.1220762952343803e-05 | 1
 34, 19 |  -1.3061832709242497e-04 |  -1.3061832709242497e-04 | 1
 34, 20 |   1.0391568728513830e-04 |   1.0391568728513830e-04 | 1
 34, 21 |   1.9832595564135295e-04 |   1.9832595564135295e-04 | 1
 34, 22 |   5.4217067123881314e-04 |   5.4217067123881314e-04 | 1
 34, 23 |   3.9485161385547618e-05 |   3.9485161385547618e-05 | 1
 34, 24 |   3.6399099023416844e-04 |   3.6399099023416844e-04 | 1
 34, 25 |   1.5723815829758283e-04 |   1.5723815829758283e-04 | 1
 34, 26 |   3.3900884167061761e-05 |   3.3900884167061761e-05 | 1
 34, 27 |   3.4972320445919849e-03 |   3.4972320445919849e-03 | 1
 34, 28 |   5.7132847598428179e-04 |   5.7132847598428179e-04 | 1
 34, 29 |   7.0351115637686023e-05 |   7.0351115637686023e-05 | 1
 34, 30 |   4.9753614098474387e-04 |   4.9753614098474387e-04 | 1
 34, 31 |   7.8364729709094294e-04 |   7.8364729709094294e-04 | 1
 34, 32 |   1.2076419920226487e-04 |   1.2076419920226487e-04 | 1
 34, 33 |  -2.9996388825226606e-03 |  -2.9996388825226606e-03 | 1
 34, 34 |   2.3862723714792233e-03 |   2.3862723714792233e-03 | 1
 34, 35 |  -5.0037370713991496e-05 |  -5.0037370713991496e-05 | 1
 34, 36 |  -5.0391258261867661e-05 |  -5.0391258261867661e-05 | 1
 34, 37 |  -4.6913899424012776e-05 |  -4.6913899424012776e-05 | 1
 34, 38 |  -5.3580015736718567e-05 |  -5.3580015736718567e-05 | 1
 34, 39 |   4.7690059427318459e-05 |   4.7690059427318459e-05 | 1
 34, 40 |  -1.2078509697249169e-04 |  -1.2078509697249169e-04 | 1
 35,  1 |  -4.5391016656585236e-05 |  -4.5391016656585236e-05 | 1
 35,  2 |  -4.2324553865671476e-05 |  -4.2324553865671476e-05 | 1
 35,  3 |  -3.9863132795209326e-05 |  -3.9863132795209326e-05 | 1
 35,  4 |  -4.0930017690673189e-05 |  -4.0930017690673189e-05 | 1
 35,  5 |  -5.9954521899895197e-05 |  -5.9954521899895197e-05 | 1
 35,  6 |  -4.0147235976629140e-05 |  -4.0147235976629140e-05 | 1
 35,  7 |  -2.7019424279505101e-05 |  -2.7019424279505101e-05 | 1
 35,  8 |  -3.1434146487608215e-05 |  -3.1434146487608215e-05 | 1
 35,  9 |  -3.4784151404960019e-05 |  -3.4784151404960019e-05 | 1
 35, 10 |  -3.2414915359435431e-05 |  -3.2414915359435431e-05 | 1
 35, 11 |  -7.8499993030970030e-05 |  -7.8499993030970030e-05 | 1
 35, 12 |  -2.7877597605971823e-05 |  -2.7877597605971823e-05 | 1
 35, 13 |  -4.5792108792214161e-05 |  -4.5792108792214161e-05 | 1
 35, 14 |  -4.0622278303918978e-05 |  -4.0622278303918978e-05 | 1
 35, 15 |  -1.7616029685386272e-04 |  -1.7616029685386272e-04 | 1
 35, 16 |  -1.7678835983418096e-05 |  -1.7678835983418096e-05 | 1
 35, 17 |  -5.1940404737753594e-05 |  -5.1940404737753594e-05 | 1
 35, 18 |  -6.3441121548104201e-05 |  -6.3441121548104201e-05 | 1
 35, 19 |  -4.4217387647727822e-05 |  -4.4217387647727822e-05 | 1
 35, 20 |  -6.7371632550658435e-05 |  -6.7371632550658435e-05 | 1
 35, 21 |  -6.7315748428178375e-05 |  -6.7315748428178375e-05 | 1
 35, 22 |  -4.7127153607579413e-05 |  -4.7127153607579413e-05 | 1
 35, 23 |  -5.8407474986605120e-05 |  -5.8407474986605120e-05 | 1
 35, 24 |  -6.0327569483838064e-05 |  -6.0327569483838064e-05 | 1
 35, 25 |  -3.8007559668912794e-05 |  -3.8007559668912794e-05 | 1
 35, 26 |  -7.3814416446196926e-05 |  -7.3814416446196926e-05 | 1
 35, 27 |  -6.4203243372143735e-05 |  -6.4203243372143735e-05 | 1
 35, 28 |  -4.9905666703666386e-05 |  -4.9905666703666386e-05 | 1
 35, 29 |  -4.7186775081881684e-05 |  -4.7186775081881684e-05 | 1
 35, 30 |  -4.7941851919705347e-05 |  -4.7941851919705347e-05 | 1
 35, 31 |  -3.5285695450736914e-05 |  -3.5285695450736914e-05 | 1
 35, 32 |  -9.3422299653775881e-06 |  -9.3422299653775881e-06 | 1
 35, 33 |   2.9058507871768734e-05 |   2.9058507871768734e-05 | 1
 35, 34 |  -5.0037370713991496e-05 |  -5.0037370713991496e-05 | 1
 35, 35 |   6.9195640868269115e-05 |   6.9195640868269115e-05 | 1
 35, 36 |   5.5087389835824764e-05 |   5.5087389835824764e-05 | 1
 35, 37 |   5.3917112026607255e-05 |   5.3917112026607255e-05 | 1
 35, 38 |   5.4101899659283516e-05 |   5.4101899659283516e-05 | 1
 35, 39 |  -5.4432555067877576e-05 |  -5.4432555067877576e-05 | 1
 35, 40 |   1.0270728203679243e-05 |   1.0270728203679243e-05 | 1
 36,  1 |  -4.9055403866881842e-05 |  -4.9055403866881842e-05 | 1
 36,  2 |  -4.5811524084558749e-05 |  -4.5811524084558749e-05 | 1
 36,  3 |  -4.1935848798143558e-05 |  -4.1935848798143558e-05 | 1
 36,  4 |  -4.2203532221984897e-05 |  -4.2203532221984897e-05 | 1
 36,  5 |  -4.5927152757011287e-05 |  -4.5927152757011287e-05 | 1
 36,  6 |  -3.1040619427493274e-05 |  -3.1040619427493274e-05 | 1
 36,  7 |  -3.6054334565447921e-05 |  -3.6054334565447921e-05 | 1
 36,  8 |  -2.5895829458459788e-05 |  -2.5895829458459788e-05 | 1
 36,  9 |  -4.2891319501630129e-05 |  -4.2891319501630129e-05 | 1
 36, 10 |  -2.1247196120087138e-05 |  -2.1247196120087138e-05 | 1
 36, 11 |  -6.9704037142737747e-05 |  -6.9704037142737747e-05 | 1
 36, 12 |  -3.4441659991371536e-05 |  -3.4441659991371536e-05 | 1
 36, 13 |  -4.7121194664843501e-05 |  -4.7121194664843501e-05 | 1
 36, 14 |  -4.5621511537910747e-05 |  -4.5621511537910747e-05 | 1
 36, 15 |  -1.5735715980477079e-04 |  -1.5735715980477079e-04 | 1
 36, 16 |  -1.8890012287070386e-05 |  -1.8890012287070386e-05 | 1
 36, 17 |  -5.9705277711190265e-05 |  -5.9705277711190265e-05 | 1
 36, 18 |  -7.1878760690071946e-05 |  -7.1878760690071946e-05 | 1
 36, 19 |  -4.3687360688023913e-05 |  -4.3687360688023913e-05 | 1
 36, 20 |  -6.6975655205920350e-05 |  -6.6975655205920350e-05 | 1
 36, 21 |  -6.5768519259350725e-05 |  -6.5768519259350725e-05 | 1
 36, 22 |  -3.7904979303208196e-05 |  -3.7904979303208196e-05 | 1
 36, 23 |  -4.4922191569085276e-05 |  -4.4922191569085276e-05 | 1
 36, 24 |  -4.9046041512425446e-05 |  -4.9046041512425446e-05 | 1
 36, 25 |  -4.5394511877693531e-05 |  -4.5394511877693531e-05 | 1
 36, 26 |  -8.1949588263525509e-05 |  -8.1949588263525509e-05 | 1
 36, 27 |  -5.7370368993710690e-05 |  -5.7370368993710690e-05 | 1
 36, 28 |  -6.4480183647991853e-05 |  -6.4480183647991853e-05 | 1
 36, 29 |  -5.6407596371327082e-05 |  -5.6407596371327082e-05 | 1
 36, 30 |  -5.2221705904745560e-05 |  -5.2221705904745560e-05 | 1
 36, 31 |  -4.8404406276701158e-05 |  -4.8404406276701158e-05 | 1
 36, 32 |  -1.4688982113589804e-05 |  -1.4688982113589804e-05 | 1
 36, 33 |   3.5782662389052372e-05 |   3.5782662389052372e-05 | 1
 36, 34 |  -5.0391258261867661e-05 |  -5.0391258261867661e-05 | 1
 36, 35 |   5.5087389835824764e-05 |   5.5087389835824764e-05 | 1
 36, 36 |   7.3961771523238314e-05 |   7.3961771523238314e-05 | 1
 36, 37 |   6.1684567190096920e-05 |   6.1684567190096920e-05 | 1
 36, 38 |   6.1735130749543616e-05 |   6.1735130749543616e-05 | 1
 36, 39 |  -6.1194675614575336e-05 |  -6.1194675614575336e-05 | 1
 36, 40 |   1.5629265146851241e-05 |   1.5629265146851241e-05 | 1
 37,  1 |  -5.2102092316694325e-05 |  -5.2102092316694325e-05 | 1
 37,  2 |  -4.7333368090071731e-05 |  -4.7333368090071731e-05 | 1
 37,  3 |  -4.1972320133611810e-05 |  -4.1972320133611810e-05 | 1
 37,  4 |  -4.0284554797362642e-05 |  -4.0284554797362642e-05 | 1
 37,  5 |  -7.0332752037546349e-05 |  -7.0332752037546349e-05 | 1
 37,  6 |  -4.3898707516379026e-05 |  -4.3898707516379026e-05 | 1
 37,  7 |  -3.2515444976782163e-05 |  -3.2515444976782163e-05 | 1
 37,  8 |  -2.8198699032180478e-05 |  -2.8198699032180478e-05 | 1
 37,  9 |  -5.0410521608853536e-05 |  -5.0410521608853536e-05 | 1
 37, 10 |  -2.2716917979982824e-05 |  -2.2716917979982824e-05 | 1
 37, 11 |  -7.4820690015434702e-05 |  -7.4820690015434702e-05 | 1
 37, 12 |  -3.1590076597326613e-05 |  -3.1590076597326613e-05 | 1
 37, 13 |  -5.1615038173106182e-05 |  -5.1615038173106182e-05 | 1
 37, 14 |  -5.1852534422356037e-05 |  -5.1852534422356037e-05 | 1
 37, 15 |  -1.4153928665476805e-04 |  -1.4153928665476805e-04 | 1
 37, 16 |  -1.9398699808594408e-05 |  -1.9398699808594408e-05 | 1
 37, 17 |  -6.4506467324007110e-05 |  -6.4506467324007110e-05 | 1
 37, 18 |  -7.5057220778574564e-05 |  -7.5057220778574564e-05 | 1
 37, 19 |  -4.8723600851523573e-05 |  -4.8723600851523573e-05 | 1
 37, 20 |  -6.3289504650041871e-05 |  -6.3289504650041871e-05 | 1
 37, 21 |  -8.6950168136955936e-05 |  -8.6950168136955936e-05 | 1
 37, 22 |  -4.2347314364748513e-05 |  -4.2347314364748513e-05 | 1
 37, 23 |  -4.9898619533299278e-05 |  -4.9898619533299278e-05 | 1
 37, 24 |  -5.3290214216152452e-05 |  -5.3290214216152452e-05 | 1
 37, 25 |  -5.0669212100106262e-05 |  -5.0669212100106262e-05 | 1
 37, 26 |  -9.0843208230823003e-05 |  -9.0843208230823003e-05 | 1
 37, 27 |  -5.9089497413400768e-05 |  -5.9089497413400768e-05 | 1
 37, 28 |  -5.8757274510416223e-05 |  -5.8757274510416223e-05 | 1
 37, 29 |  -6.1923126646010814e-05 |  -6.1923126646010814e-05 | 1
 37, 30 |  -6.5143504067577103e-05 |  -6.5143504067577103e-05 | 1
 37, 31 |  -4.9430982422105716e-05 |  -4.9430982422105716e-05 | 1
 37, 32 |  -1.8443594699615175e-05 |  -1.8443594699615175e-05 | 1
 37, 33 |   3.3053912728035374e-05 |   3.3053912728035374e-05 | 1
 37, 34 |  -4.6913899424012776e-05 |  -4.6913899424012776e-05 | 1
 37, 35 |   5.3917112026607255e-05 |   5.3917112026607255e-05 | 1
 37, 36 |   6.1684567190096920e-05 |   6.1684567190096920e-05 | 1
 37, 37 |   8.1234242072588945e-05 |   8.1234242072588945e-05 | 1
 37, 38 |   7.0446679500252096e-05 |   7.0446679500252096e-05 | 1
 37, 39 |  -6.6238775249046164e-05 |  -6.6238775249046164e-05 | 1
 37, 40 |   1.8070829416800616e-05 |   1.8070829416800616e-05 | 1
 38,  1 |  -5.5911585209245796e-05 |  -5.5911585209245796e-05 | 1
 38,  2 |  -4.5552435697437479e-05 |  -4.5552435697437479e-05 | 1
 38,  3 |  -4.8784357531939695e-05 |  -4.8784357531939695e-05 | 1
 38,  4 |  -4.1009114593859670e-05 |  -4.1009114593859670e-05 | 1
 38,  5 |  -7.6513629294270520e-05 |  -7.6513629294270520e-05 | 1
 38,  6 |  -4.4087691429017536e-05 |  -4.4087691429017536e-05 | 1
 38,  7 |  -4.1405930832502312e-05 |  -4.1405930832502312e-05 | 1
 38,  8 |  -3.1079349836849991e-05 |  -3.1079349836849991e-05 | 1
 38,  9 |  -4.9198738127263032e-05 |  -4.9198738127263032e-05 | 1
 38, 10 |  -3.6912141375986589e-05 |  -3.6912141375986589e-05 | 1
 38, 11 |  -7.1376975725436539e-05 |  -7.1376975725436539e-05 | 1
 38, 12 |  -3.9637652906289906e-05 |  -3.9637652906289906e-05 | 1
 38, 13 |  -5.5024676411045956e-05 |  -5.5024676411045956e-05 | 1
 38, 14 |  -4.2214511885317953e-05 |  -4.2214511885317953e-05 | 1
 38, 15 |  -6.7556796994176901e-05 |  -6.7556796994176901e-05 | 1
 38, 16 |  -1.8813535174313202e-05 |  -1.8813535174313202e-05 | 1
 38, 17 |  -6.7019381579378219e-05 |  -6.7019381579378219e-05 | 1
 38, 18 |  -6.7752966853856930e-05 |  -6.7752966853856930e-05 | 1
 38, 19 |  -4.1269368563792564e-05 |  -4.1269368563792564e-05 | 1
 38, 20 |  -6.6188748763064664e-05 |  -6.6188748763064664e-05 | 1
 38, 21 |  -9.0693475321346065e-05 |  -9.0693475321346065e-05 | 1
 38, 22 |  -4.4736920334362180e-05 |  -4.4736920334362180e-05 | 1
 38, 23 |  -6.3390716972547983e-05 |  -6.3390716972547983e-05 | 1
 38, 24 |  -5.7053719910146779e-05 |  -5.7053719910146779e-05 | 1
 38, 25 |  -5.3534791921716056e-05 |  -5.3534791921716056e-05 | 1
 38, 26 |  -8.1900038690183692e-05 |  -8.1900038690183692e-05 | 1
 38, 27 |  -6.6550061464713708e-05 |  -6.6550061464713708e-05 | 1
 38, 28 |  -6.1362175784200211e-05 |  -6.1362175784200211e-05 | 1
 38, 29 |  -6.3864820061634983e-05 |  -6.3864820061634983e-05 | 1
 38, 30 |  -5.8483862216134009e-05 |  -5.8483862216134009e-05 | 1
 38, 31 |  -6.4688457261948739e-05 |  -6.4688457261948739e-05 | 1
 38, 32 |  -2.3108304587080373e-05 |  -2.3108304587080373e-05 | 1
 38, 33 |   4.6567780940212552e-05 |   4.6567780940212552e-05 | 1
 38, 34 |  -5.3580015736718567e-05 |  -5.3580015736718567e-05 | 1
 38, 35 |   5.4101899659283516e-05 |   5.4101899659283516e-05 | 1
 38, 36 |   6.1735130749543616e-05 |   6.1735130749543616e-05 | 1
 38, 37 |   7.0446679500252096e-05 |   7.0446679500252096e-05 | 1
 38, 38 |   9.4606768744979520e-05 |   9.4606768744979520e-05 | 1
 38, 39 |  -6.6974857012057498e-05 |  -6.6974857012057498e-05 | 1
 38, 40 |   1.9918645306833798e-05 |   1.9918645306833798e-05 | 1
 39,  1 |   4.8744185020646915e-05 |   4.8744185020646915e-05 | 1
 39,  2 |   4.3813022523325255e-05 |   4.3813022523325255e-05 | 1
 39,  3 |   4.1177660668420703e-05 |   4.1177660668420703e-05 | 1
 39,  4 |   3.9326965787166070e-05 |   3.9326965787166070e-05 | 1
 39,  5 |   6.0088820297394590e-05 |   6.0088820297394590e-05 | 1
 39,  6 |   3.8161133196641680e-05 |   3.8161133196641680e-05 | 1
 39,  7 |   3.2958422526280963e-05 |   3.2958422526280963e-05 | 1
 39,  8 |   2.7453553060174222e-05 |   2.7453553060174222e-05 | 1
 39,  9 |   4.3563710307607657e-05 |   4.3563710307607657e-05 | 1
 39, 10 |   2.6197411753102490e-05 |   2.6197411753102490e-05 | 1
 39, 11 |   7.0357459963990050e-05 |   7.0357459963990050e-05 | 1
 39, 12 |   3.1999136734747687e-05 |   3.1999136734747687e-05 | 1
 39, 13 |   4.7654957148743444e-05 |   4.7654957148743444e-05 | 1
 39, 14 |   4.3851573452504053e-05 |   4.3851573452504053e-05 | 1
 39, 15 |   1.3020574731839596e-04 |   1.3020574731839596e-04 | 1
 39, 16 |   1.7913022079668026e-05 |   1.7913022079668026e-05 | 1
 39, 17 |   5.8678561448130917e-05 |   5.8678561448130917e-05 | 1
 39, 18 |   6.7562419037732493e-05 |   6.7562419037732493e-05 | 1
 39, 19 |   4.2829875543535329e-05 |   4.2829875543535329e-05 | 1
 39, 20 |   6.2557337028910101e-05 |   6.2557337028910101e-05 | 1
 39, 21 |   7.5194231001303073e-05 |   7.5194231001303073e-05 | 1
 39, 22 |   4.1472601287129474e-05 |   4.1472601287129474e-05 | 1
 39, 23 |   5.1258032057527561e-05 |   5.1258032057527561e-05 | 1
 39, 24 |   5.1578430729843719e-05 |   5.1578430729843719e-05 | 1
 39, 25 |   4.5586293852626260e-05 |   4.5586293852626260e-05 | 1
 39, 26 |   8.0001963730356066e-05 |   8.0001963730356066e-05 | 1
 39, 27 |   5.8500980094637514e-05 |   5.8500980094637514e-05 | 1
 39, 28 |   5.6496363852596953e-05 |   5.6496363852596953e-05 | 1
 39, 29 |   5.5581003782357920e-05 |   5.5581003782357920e-05 | 1
 39, 30 |   5.5163865240396949e-05 |   5.5163865240396949e-05 | 1
 39, 31 |   4.7659927177313081e-05 |   4.7659927177313081e-05 | 1
 39, 32 |   1.6100698111280384e-05 |   1.6100698111280384e-05 | 1
 39, 33 |  -3.4444449845733916e-05 |  -3.4444449845733916e-05 | 1
 39, 34 |   4.7690059427318459e-05 |   4.7690059427318459e-05 | 1
 39, 35 |  -5.4432555067877576e-05 |  -5.4432555067877576e-05 | 1
 39, 36 |  -6.1194675614575336e-05 |  -6.1194675614575336e-05 | 1
 39, 37 |  -6.6238775249046164e-05 |  -6.6238775249046164e-05 | 1
 39, 38 |  -6.6974857012057498e-05 |  -6.6974857012057498e-05 | 1
 39, 39 |   8.2535291955102951e-05 |   8.2535291955102951e-05 | 1
 39, 40 |  -3.6243859888180929e-05 |  -3.6243859888180929e-05 | 1
 40,  1 |  -1.2659215607865656e-05 |  -1.2659215607865656e-05 | 1
 40,  2 |   3.6398592180236897e-04 |   3.6398592180236897e-04 | 1
 40,  3 |  -1.2031683013708251e-05 |  -1.2031683013708251e-05 | 1
 40,  4 |   4.7058953494452728e-05 |   4.7058953494452728e-05 | 1
 40,  5 |  -1.4255576477227274e-04 |  -1.4255576477227274e-04 | 1
 40,  6 |  -9.2641401105979251e-05 |  -9.2641401105979251e-05 | 1
 40,  7 |   4.7533279791468687e-05 |   4.7533279791468687e-05 | 1
 40,  8 |   4.0461741944541643e-05 |   4.0461741944541643e-05 | 1
 40,  9 |  -2.4812478466089942e-05 |  -2.4812478466089942e-05 | 1
 40, 10 |   2.5717551295004377e-04 |   2.5717551295004377e-04 | 1
 40, 11 |  -2.7676145881782698e-04 |  -2.7676145881782698e-04 | 1
 40, 12 |   2.0972390743964462e-05 |   2.0972390743964462e-05 | 1
 40, 13 |   1.9631659509661503e-04 |   1.9631659509661503e-04 | 1
 40, 14 |   1.6513772665273108e-04 |   1.6513772665273108e-04 | 1
 40, 15 |   9.4544052636936549e-04 |   9.4544052636936549e-04 | 1
 40, 16 |   7.9519672479772560e-05 |   7.9519672479772560e-05 | 1
 40, 17 |  -1.5336446990530324e-06 |  -1.5336446990530324e-06 | 1
 40, 18 |  -4.8208083963850687e-05 |  -4.8208083963850687e-05 | 1
 40, 19 |   2.2499869195801445e-04 |   2.2499869195801445e-04 | 1
 40, 20 |   1.2933084662539515e-05 |   1.2933084662539515e-05 | 1
 40, 21 |  -1.8500273496442233e-04 |  -1.8500273496442233e-04 | 1
 40, 22 |  -6.4120714835706473e-05 |  -6.4120714835706473e-05 | 1
 40, 23 |  -7.9747659187415530e-05 |  -7.9747659187415530e-05 | 1
 40, 24 |   2.4890446982217353e-05 |   2.4890446982217353e-05 | 1
 40, 25 |   2.7471469236044570e-05 |   2.7471469236044570e-05 | 1
 40, 26 |  -5.2802252905021409e-05 |  -5.2802252905021409e-05 | 1
 40, 27 |  -7.0660855357144222e-04 |  -7.0660855357144222e-04 | 1
 40, 28 |  -4.4948270517950987e-05 |  -4.4948270517950987e-05 | 1
 40, 29 |   7.7540186561955303e-05 |   7.7540186561955303e-05 | 1
 40, 30 |  -5.6376183399860338e-05 |  -5.6376183399860338e-05 | 1
 40, 31 |  -9.8205502877935121e-05 |  -9.8205502877935121e-05 | 1
 40, 32 |  -4.2998271228506457e-04 |  -4.2998271228506457e-04 | 1
 40, 33 |   9.5125413605333430e-04 |   9.5125413605333430e-04 | 1
 40, 34 |  -1.2078509697249169e-04 |  -1.2078509697249169e-04 | 1
 40, 35 |   1.0270728203679243e-05 |   1.0270728203679243e-05 | 1
 40, 36 |   1.5629265146851241e-05 |   1.5629265146851241e-05 | 1
 40, 37 |   1.8070829416800616e-05 |   1.8070829416800616e-05 | 1
 40, 38 |   1.9918645306833798e-05 |   1.9918645306833798e-05 | 1
 40, 39 |  -3.6243859888180929e-05 |  -3.6243859888180929e-05 | 1
 40, 40 |   4.7858381590131551e-04 |   4.7858381590131551e-04 | 1
