row,col | V_base                   | V_new                    | equal
  1,  1 |   3.0297608715445699e-04 |   3.0297608715445699e-04 | 1
  1,  2 |   4.4608043559207291e-05 |   4.4608043559207291e-05 | 1
  1,  3 |   4.0611867929240761e-05 |   4.0611867929240761e-05 | 1
  1,  4 |   4.3446257776291405e-05 |   4.3446257776291405e-05 | 1
  1,  5 |   7.1735107440866483e-05 |   7.1735107440866483e-05 | 1
  1,  6 |   3.9540009469960004e-05 |   3.9540009469960004e-05 | 1
  1,  7 |   4.3708229743591443e-05 |   4.3708229743591443e-05 | 1
  1,  8 |   3.3965340519344883e-05 |   3.3965340519344883e-05 | 1
  1,  9 |   4.8409042729640278e-05 |   4.8409042729640278e-05 | 1
  1, 10 |   3.6071580384923830e-05 |   3.6071580384923830e-05 | 1
  1, 11 |   8.5036329902357647e-05 |   8.5036329902357647e-05 | 1
  1, 12 |   2.6767938608437131e-05 |   2.6767938608437131e-05 | 1
  1, 13 |   4.7351582503738130e-05 |   4.7351582503738130e-05 | 1
  1, 14 |   5.3414967590128314e-05 |   5.3414967590128314e-05 | 1
  1, 15 |   1.0081391493535760e-04 |   1.0081391493535760e-04 | 1
  1, 16 |   3.0509027869390635e-05 |   3.0509027869390635e-05 | 1
  1, 17 |   6.1022602455512669e-05 |   6.1022602455512669e-05 | 1
  1, 18 |   5.7166598516230569e-05 |   5.7166598516230569e-05 | 1
  1, 19 |   4.4764819211758827e-05 |   4.4764819211758827e-05 | 1
  1, 20 |   6.5697624285485345e-05 |   6.5697624285485345e-05 | 1
  1, 21 |   7.2374548621129356e-05 |   7.2374548621129356e-05 | 1
  1, 22 |   4.7886637990112314e-05 |   4.7886637990112314e-05 | 1
  1, 23 |   5.4107968437984444e-05 |   5.4107968437984444e-05 | 1
  1, 24 |   5.6705827102197956e-05 |   5.6705827102197956e-05 | 1
  1, 25 |   4.6032094576601232e-05 |   4.6032094576601232e-05 | 1
  1, 26 |   6.9002293558706601e-05 |   6.9002293558706601e-05 | 1
  1, 27 |   5.2096753536316065e-05 |   5.2096753536316065e-05 | 1
  1, 28 |   5.8720775613229533e-05 |   5.8720775613229533e-05 | 1
  1, 29 |   5.5891240524916645e-05 |   5.5891240524916645e-05 | 1
  1, 30 |   5.6357896726916411e-05 |   5.6357896726916411e-05 | 1
  1, 31 |   5.3549497397124761e-05 |   5.3549497397124761e-05 | 1
  1, 32 |   1.3988678169517831e-05 |   1.3988678169517831e-05 | 1
  1, 33 |  -2.7007357399509396e-05 |  -2.7007357399509396e-05 | 1
  1, 34 |   5.0260785880999271e-05 |   5.0260785880999271e-05 | 1
  1, 35 |  -4.5744443201527237e-05 |  -4.5744443201527237e-05 | 1
  1, 36 |  -4.9375775962576536e-05 |  -4.9375775962576536e-05 | 1
  1, 37 |  -5.2321213577566910e-05 |  -5.2321213577566910e-05 | 1
  1, 38 |  -5.6189301508358956e-05 |  -5.6189301508358956e-05 | 1
  1, 39 |  -2.3234540890904360e-05 |  -2.3234540890904360e-05 | 1
  1, 40 |   6.1070386007765177e-05 |   6.1070386007765177e-05 | 1
  1, 41 |  -1.3529657322208766e-05 |  -1.3529657322208766e-05 | 1
  2,  1 |   4.4608043559207291e-05 |   4.4608043559207291e-05 | 1
  2,  2 |   1.2260015321719846e-03 |   1.2260015321719846e-03 | 1
  2,  3 |   3.5555536800832545e-05 |   3.5555536800832545e-05 | 1
  2,  4 |   4.0894183989266265e-05 |   4.0894183989266265e-05 | 1
  2,  5 |   5.7250950152443048e-05 |   5.7250950152443048e-05 | 1
  2,  6 |   3.2131254326407964e-05 |   3.2131254326407964e-05 | 1
  2,  7 |   3.8661207601873356e-05 |   3.8661207601873356e-05 | 1
  2,  8 |   3.1276599069168557e-05 |   3.1276599069168557e-05 | 1
  2,  9 |   4.1972993706451933e-05 |   4.1972993706451933e-05 | 1
  2, 10 |   3.7408944266205963e-05 |   3.7408944266205963e-05 | 1
  2, 11 |   6.8444454499024188e-05 |   6.8444454499024188e-05 | 1
  2, 12 |   2.4258343414767987e-05 |   2.4258343414767987e-05 | 1
  2, 13 |   4.8464713028705451e-05 |   4.8464713028705451e-05 | 1
  2, 14 |   5.3913947190465584e-05 |   5.3913947190465584e-05 | 1
  2, 15 |   1.3995650539399694e-04 |   1.3995650539399694e-04 | 1
  2, 16 |   2.9352942825415948e-05 |   2.9352942825415948e-05 | 1
  2, 17 |   5.4163561000661808e-05 |   5.4163561000661808e-05 | 1
  2, 18 |   5.2136229873874645e-05 |   5.2136229873874645e-05 | 1
  2, 19 |   4.8467048134177439e-05 |   4.8467048134177439e-05 | 1
  2, 20 |   6.0263651385839462e-05 |   6.0263651385839462e-05 | 1
  2, 21 |   5.7314437023689786e-05 |   5.7314437023689786e-05 | 1
  2, 22 |   4.0788655597805071e-05 |   4.0788655597805071e-05 | 1
  2, 23 |   4.4150303247871471e-05 |   4.4150303247871471e-05 | 1
  2, 24 |   5.1663418054912312e-05 |   5.1663418054912312e-05 | 1
  2, 25 |   4.1271239533770618e-05 |   4.1271239533770618e-05 | 1
  2, 26 |   6.3011684877557224e-05 |   6.3011684877557224e-05 | 1
  2, 27 |   2.5237959134405940e-05 |   2.5237959134405940e-05 | 1
  2, 28 |   5.1764230263085781e-05 |   5.1764230263085781e-05 | 1
  2, 29 |   5.2016333006195032e-05 |   5.2016333006195032e-05 | 1
  2, 30 |   4.9164468010033233e-05 |   4.9164468010033233e-05 | 1
  2, 31 |   4.1764411172092510e-05 |   4.1764411172092510e-05 | 1
  2, 32 |  -3.6392984840813588e-04 |  -3.6392984840813588e-04 | 1
  2, 33 |   6.0333976021321567e-06 |   6.0333976021321567e-06 | 1
  2, 34 |   4.1267285398889834e-05 |   4.1267285398889834e-05 | 1
  2, 35 |  -4.2604413715104967e-05 |  -4.2604413715104967e-05 | 1
  2, 36 |  -4.6065583550644560e-05 |  -4.6065583550644560e-05 | 1
  2, 37 |  -4.7510800422972888e-05 |  -4.7510800422972888e-05 | 1
  2, 38 |  -4.5781528514379872e-05 |  -4.5781528514379872e-05 | 1
  2, 39 |  -1.9786404141543585e-05 |  -1.9786404141543585e-05 | 1
  2, 40 |   5.4295723898441131e-05 |   5.4295723898441131e-05 | 1
  2, 41 |   3.6371632565482492e-04 |   3.6371632565482492e-04 | 1
  3,  1 |   4.0611867929240761e-05 |   4.0611867929240761e-05 | 1
  3,  2 |   3.5555536800832545e-05 |   3.5555536800832545e-05 | 1
  3,  3 |   1.1711475078810258e-02 |   1.1711475078810258e-02 | 1
  3,  4 |   3.4360481601513277e-05 |   3.4360481601513277e-05 | 1
  3,  5 |   6.5119246947200764e-05 |   6.5119246947200764e-05 | 1
  3,  6 |   3.3121026398002474e-05 |   3.3121026398002474e-05 | 1
  3,  7 |   3.6166734007187407e-05 |   3.6166734007187407e-05 | 1
  3,  8 |   2.5869962530189269e-05 |   2.5869962530189269e-05 | 1
  3,  9 |   3.8009330092794009e-05 |   3.8009330092794009e-05 | 1
  3, 10 |   2.5827172848778763e-05 |   2.5827172848778763e-05 | 1
  3, 11 |   5.3381727167218119e-05 |   5.3381727167218119e-05 | 1
  3, 12 |   1.7283550801451609e-05 |   1.7283550801451609e-05 | 1
  3, 13 |   3.8411469509764125e-05 |   3.8411469509764125e-05 | 1
  3, 14 |   4.3764163767060537e-05 |   4.3764163767060537e-05 | 1
  3, 15 |   5.3525667290963601e-05 |   5.3525667290963601e-05 | 1
  3, 16 |   2.2108860334692064e-05 |   2.2108860334692064e-05 | 1
  3, 17 |   4.9052642946772615e-05 |   4.9052642946772615e-05 | 1
  3, 18 |   4.4347207062201099e-05 |   4.4347207062201099e-05 | 1
  3, 19 |   3.4135617330485563e-05 |   3.4135617330485563e-05 | 1
  3, 20 |   5.6209936474342534e-05 |   5.6209936474342534e-05 | 1
  3, 21 |   5.9353560683623864e-05 |   5.9353560683623864e-05 | 1
  3, 22 |   3.2846789182630653e-05 |   3.2846789182630653e-05 | 1
  3, 23 |   4.3717854891766768e-05 |   4.3717854891766768e-05 | 1
  3, 24 |   4.3867299815883897e-05 |   4.3867299815883897e-05 | 1
  3, 25 |   3.5136144450391316e-05 |   3.5136144450391316e-05 | 1
  3, 26 |   5.3582385242036232e-05 |   5.3582385242036232e-05 | 1
  3, 27 |   2.4492608597276455e-05 |   2.4492608597276455e-05 | 1
  3, 28 |   4.3140908360063637e-05 |   4.3140908360063637e-05 | 1
  3, 29 |   4.2554180568487340e-05 |   4.2554180568487340e-05 | 1
  3, 30 |   3.9596529480148411e-05 |   3.9596529480148411e-05 | 1
  3, 31 |   3.8656909656462308e-05 |   3.8656909656462308e-05 | 1
  3, 32 |   1.3469242470494674e-05 |   1.3469242470494674e-05 | 1
  3, 33 |  -1.0098936878670283e-05 |  -1.0098936878670283e-05 | 1
  3, 34 |   2.9974112705877371e-05 |   2.9974112705877371e-05 | 1
  3, 35 |  -4.0327231627789643e-05 |  -4.0327231627789643e-05 | 1
  3, 36 |  -4.2355153833040378e-05 |  -4.2355153833040378e-05 | 1
  3, 37 |  -4.2191102875091221e-05 |  -4.2191102875091221e-05 | 1
  3, 38 |  -4.8914675569038848e-05 |  -4.8914675569038848e-05 | 1
  3, 39 |  -1.4739978565865562e-05 |  -1.4739978565865562e-05 | 1
  3, 40 |   4.9128934083759174e-05 |   4.9128934083759174e-05 | 1
  3, 41 |  -1.3092137910672041e-05 |  -1.3092137910672041e-05 | 1
  4,  1 |   4.3446257776291405e-05 |   4.3446257776291405e-05 | 1
  4,  2 |   4.0894183989266265e-05 |   4.0894183989266265e-05 | 1
  4,  3 |   3.4360481601513277e-05 |   3.4360481601513277e-05 | 1
  4,  4 |   1.8207258233043019e-03 |   1.8207258233043019e-03 | 1
  4,  5 |   3.8093276211783727e-05 |   3.8093276211783727e-05 | 1
  4,  6 |   1.8254858221164774e-05 |   1.8254858221164774e-05 | 1
  4,  7 |   4.8796794383580629e-05 |   4.8796794383580629e-05 | 1
  4,  8 |   3.9127377614854702e-05 |   3.9127377614854702e-05 | 1
  4,  9 |   3.8518062362384109e-05 |   3.8518062362384109e-05 | 1
  4, 10 |   7.8805574577077732e-05 |   7.8805574577077732e-05 | 1
  4, 11 |   2.5566526927767016e-05 |   2.5566526927767016e-05 | 1
  4, 12 |   2.6736722821528204e-05 |   2.6736722821528204e-05 | 1
  4, 13 |   7.8489210596992021e-05 |   7.8489210596992021e-05 | 1
  4, 14 |   7.9716603454903500e-05 |   7.9716603454903500e-05 | 1
  4, 15 |   2.7405660079353559e-04 |   2.7405660079353559e-04 | 1
  4, 16 |   4.3267685792572555e-05 |   4.3267685792572555e-05 | 1
  4, 17 |   5.4338438883711309e-05 |   5.4338438883711309e-05 | 1
  4, 18 |   4.2946022315687071e-05 |   4.2946022315687071e-05 | 1
  4, 19 |   8.1549933338803367e-05 |   8.1549933338803367e-05 | 1
  4, 20 |   6.4003441686257397e-05 |   6.4003441686257397e-05 | 1
  4, 21 |   2.8437093022914206e-05 |   2.8437093022914206e-05 | 1
  4, 22 |   3.2469478830902666e-05 |   3.2469478830902666e-05 | 1
  4, 23 |   3.4710255814219672e-05 |   3.4710255814219672e-05 | 1
  4, 24 |   5.6725953505588583e-05 |   5.6725953505588583e-05 | 1
  4, 25 |   4.5175926430266479e-05 |   4.5175926430266479e-05 | 1
  4, 26 |   5.2044262227819894e-05 |   5.2044262227819894e-05 | 1
  4, 27 |  -8.6933423155270511e-05 |  -8.6933423155270511e-05 | 1
  4, 28 |   4.5033969053987608e-05 |   4.5033969053987608e-05 | 1
  4, 29 |   6.3127316974372972e-05 |   6.3127316974372972e-05 | 1
  4, 30 |   3.9263786536206750e-05 |   3.9263786536206750e-05 | 1
  4, 31 |   2.7723363949448316e-05 |   2.7723363949448316e-05 | 1
  4, 32 |  -4.6158080061570269e-05 |  -4.6158080061570269e-05 | 1
  4, 33 |   1.5305576023939173e-04 |   1.5305576023939173e-04 | 1
  4, 34 |   2.1864594153064069e-05 |   2.1864594153064069e-05 | 1
  4, 35 |  -4.1291564998579167e-05 |  -4.1291564998579167e-05 | 1
  4, 36 |  -4.2532480095706082e-05 |  -4.2532480095706082e-05 | 1
  4, 37 |  -4.0510473310114168e-05 |  -4.0510473310114168e-05 | 1
  4, 38 |  -4.1299547214505153e-05 |  -4.1299547214505153e-05 | 1
  4, 39 |  -2.4077248253797527e-05 |  -2.4077248253797527e-05 | 1
  4, 40 |   5.2097625528289139e-05 |   5.2097625528289139e-05 | 1
  4, 41 |   4.5857373263544163e-05 |   4.5857373263544163e-05 | 1
  5,  1 |   7.1735107440866483e-05 |   7.1735107440866483e-05 | 1
  5,  2 |   5.7250950152443048e-05 |   5.7250950152443048e-05 | 1
  5,  3 |   6.5119246947200764e-05 |   6.5119246947200764e-05 | 1
  5,  4 |   3.8093276211783727e-05 |   3.8093276211783727e-05 | 1
  5,  5 |   2.3820320449071047e-02 |   2.3820320449071047e-02 | 1
  5,  6 |   9.2141045994973059e-05 |   9.2141045994973059e-05 | 1
  5,  7 |   2.7956241932255155e-05 |   2.7956241932255155e-05 | 1
  5,  8 |   2.6339720975726426e-05 |   2.6339720975726426e-05 | 1
  5,  9 |   7.4013200380047486e-05 |   7.4013200380047486e-05 | 1
  5, 10 |  -8.4874638003490941e-05 |  -8.4874638003490941e-05 | 1
  5, 11 |  -1.3975323217141046e-04 |  -1.3975323217141046e-04 | 1
  5, 12 |  -1.3139771846781131e-05 |  -1.3139771846781131e-05 | 1
  5, 13 |   3.8697378875689820e-05 |   3.8697378875689820e-05 | 1
  5, 14 |   3.4130083853136599e-05 |   3.4130083853136599e-05 | 1
  5, 15 |  -7.7459435028581986e-04 |  -7.7459435028581986e-04 | 1
  5, 16 |  -2.1864577672970903e-05 |  -2.1864577672970903e-05 | 1
  5, 17 |   7.8233300093054418e-05 |   7.8233300093054418e-05 | 1
  5, 18 |   1.0584265376544779e-04 |   1.0584265376544779e-04 | 1
  5, 19 |  -1.7584204408626103e-05 |  -1.7584204408626103e-05 | 1
  5, 20 |   5.8690399678558806e-05 |   5.8690399678558806e-05 | 1
  5, 21 |   1.6159443501637875e-04 |   1.6159443501637875e-04 | 1
  5, 22 |   1.1564923559543630e-05 |   1.1564923559543630e-05 | 1
  5, 23 |   1.2455420053223966e-04 |   1.2455420053223966e-04 | 1
  5, 24 |   7.4376782869605017e-06 |   7.4376782869605017e-06 | 1
  5, 25 |   2.5233732322922153e-05 |   2.5233732322922153e-05 | 1
  5, 26 |   1.1053896803240687e-04 |   1.1053896803240687e-04 | 1
  5, 27 |  -2.5184286230178841e-04 |  -2.5184286230178841e-04 | 1
  5, 28 |  -1.0334291335152493e-05 |  -1.0334291335152493e-05 | 1
  5, 29 |   3.0206585190796227e-05 |   3.0206585190796227e-05 | 1
  5, 30 |   1.9817594158740319e-05 |   1.9817594158740319e-05 | 1
  5, 31 |  -2.1675349887972929e-05 |  -2.1675349887972929e-05 | 1
  5, 32 |   1.4569145689449076e-04 |   1.4569145689449076e-04 | 1
  5, 33 |   8.2045144741645554e-05 |   8.2045144741645554e-05 | 1
  5, 34 |  -1.7918753840835385e-04 |  -1.7918753840835385e-04 | 1
  5, 35 |  -6.0030044890153836e-05 |  -6.0030044890153836e-05 | 1
  5, 36 |  -4.5972316348354650e-05 |  -4.5972316348354650e-05 | 1
  5, 37 |  -7.0336939085484477e-05 |  -7.0336939085484477e-05 | 1
  5, 38 |  -7.6912126593986228e-05 |  -7.6912126593986228e-05 | 1
  5, 39 |  -4.4872292845673641e-05 |  -4.4872292845673641e-05 | 1
  5, 40 |   8.3445027038536867e-05 |   8.3445027038536867e-05 | 1
  5, 41 |  -1.4329046702541028e-04 |  -1.4329046702541028e-04 | 1
  6,  1 |   3.9540009469960004e-05 |   3.9540009469960004e-05 | 1
  6,  2 |   3.2131254326407964e-05 |   3.2131254326407964e-05 | 1
  6,  3 |   3.3121026398002474e-05 |   3.3121026398002474e-05 | 1
  6,  4 |   1.8254858221164774e-05 |   1.8254858221164774e-05 | 1
  6,  5 |   9.2141045994973059e-05 |   9.2141045994973059e-05 | 1
  6,  6 |   2.0235810183645765e-02 |   2.0235810183645765e-02 | 1
  6,  7 |   1.5240088924366212e-05 |   1.5240088924366212e-05 | 1
  6,  8 |   1.6104811038123386e-05 |   1.6104811038123386e-05 | 1
  6,  9 |   4.0920858756257519e-05 |   4.0920858756257519e-05 | 1
  6, 10 |  -3.7534062782958028e-05 |  -3.7534062782958028e-05 | 1
  6, 11 |   1.8089682891629026e-04 |   1.8089682891629026e-04 | 1
  6, 12 |   1.5256294029892181e-05 |   1.5256294029892181e-05 | 1
  6, 13 |  -2.4143217201559319e-05 |  -2.4143217201559319e-05 | 1
  6, 14 |  -1.0569041108306453e-05 |  -1.0569041108306453e-05 | 1
  6, 15 |  -1.3311548729388968e-04 |  -1.3311548729388968e-04 | 1
  6, 16 |   3.3257104951517996e-06 |   3.3257104951517996e-06 | 1
  6, 17 |   4.2989357188302954e-05 |   4.2989357188302954e-05 | 1
  6, 18 |   5.2420880857259166e-05 |   5.2420880857259166e-05 | 1
  6, 19 |  -2.2744720562209378e-05 |  -2.2744720562209378e-05 | 1
  6, 20 |   4.2184027330212693e-05 |   4.2184027330212693e-05 | 1
  6, 21 |   1.0111574537650688e-04 |   1.0111574537650688e-04 | 1
  6, 22 |   6.5665461829414584e-05 |   6.5665461829414584e-05 | 1
  6, 23 |   6.2563286971916815e-05 |   6.2563286971916815e-05 | 1
  6, 24 |   4.3090783837816603e-05 |   4.3090783837816603e-05 | 1
  6, 25 |   2.6487190682896697e-05 |   2.6487190682896697e-05 | 1
  6, 26 |   6.4436042790554768e-05 |   6.4436042790554768e-05 | 1
  6, 27 |   2.8677396401732553e-04 |   2.8677396401732553e-04 | 1
  6, 28 |   5.8847844693221484e-05 |   5.8847844693221484e-05 | 1
  6, 29 |   2.0466565273916637e-05 |   2.0466565273916637e-05 | 1
  6, 30 |   6.6576107990435178e-05 |   6.6576107990435178e-05 | 1
  6, 31 |   7.4503254058765577e-05 |   7.4503254058765577e-05 | 1
  6, 32 |   9.5601887617574529e-05 |   9.5601887617574529e-05 | 1
  6, 33 |  -3.2293834883975834e-04 |  -3.2293834883975834e-04 | 1
  6, 34 |   9.7159036480485742e-05 |   9.7159036480485742e-05 | 1
  6, 35 |  -4.0258541627644732e-05 |  -4.0258541627644732e-05 | 1
  6, 36 |  -3.1090140997626208e-05 |  -3.1090140997626208e-05 | 1
  6, 37 |  -4.3923037804421370e-05 |  -4.3923037804421370e-05 | 1
  6, 38 |  -4.4243579276562526e-05 |  -4.4243579276562526e-05 | 1
  6, 39 |  -1.7970372634571968e-05 |  -1.7970372634571968e-05 | 1
  6, 40 |   4.7549279456766825e-05 |   4.7549279456766825e-05 | 1
  6, 41 |  -9.5409816626092358e-05 |  -9.5409816626092358e-05 | 1
  7,  1 |   4.3708229743591443e-05 |   4.3708229743591443e-05 | 1
  7,  2 |   3.8661207601873356e-05 |   3.8661207601873356e-05 | 1
  7,  3 |   3.6166734007187407e-05 |   3.6166734007187407e-05 | 1
  7,  4 |   4.8796794383580629e-05 |   4.8796794383580629e-05 | 1
  7,  5 |   2.7956241932255155e-05 |   2.7956241932255155e-05 | 1
  7,  6 |   1.5240088924366212e-05 |   1.5240088924366212e-05 | 1
  7,  7 |   2.3326468525815682e-02 |   2.3326468525815682e-02 | 1
  7,  8 |   4.0921987547720313e-05 |   4.0921987547720313e-05 | 1
  7,  9 |   4.0648129368156264e-05 |   4.0648129368156264e-05 | 1
  7, 10 |   8.6654098130321835e-05 |   8.6654098130321835e-05 | 1
  7, 11 |   9.8827700628984687e-05 |   9.8827700628984687e-05 | 1
  7, 12 |   3.6493339706809155e-05 |   3.6493339706809155e-05 | 1
  7, 13 |   6.9723136508784985e-05 |   6.9723136508784985e-05 | 1
  7, 14 |   7.3495706592511552e-05 |   7.3495706592511552e-05 | 1
  7, 15 |   3.2679310790384745e-04 |   3.2679310790384745e-04 | 1
  7, 16 |   5.3336352930100528e-05 |   5.3336352930100528e-05 | 1
  7, 17 |   5.3997055170251077e-05 |   5.3997055170251077e-05 | 1
  7, 18 |   3.4409869567606928e-05 |   3.4409869567606928e-05 | 1
  7, 19 |   7.9081848276668144e-05 |   7.9081848276668144e-05 | 1
  7, 20 |   6.1701131402599465e-05 |   6.1701131402599465e-05 | 1
  7, 21 |   2.6593427270734033e-05 |   2.6593427270734033e-05 | 1
  7, 22 |   5.0689472685953383e-05 |   5.0689472685953383e-05 | 1
  7, 23 |   3.2505171996118223e-05 |   3.2505171996118223e-05 | 1
  7, 24 |   6.6440349940885643e-05 |   6.6440349940885643e-05 | 1
  7, 25 |   4.9379855757525026e-05 |   4.9379855757525026e-05 | 1
  7, 26 |   5.0999500618418536e-05 |   5.0999500618418536e-05 | 1
  7, 27 |   2.5250778013748346e-05 |   2.5250778013748346e-05 | 1
  7, 28 |   6.5197193767825576e-05 |   6.5197193767825576e-05 | 1
  7, 29 |   6.7120618073557905e-05 |   6.7120618073557905e-05 | 1
  7, 30 |   5.5095769506334521e-05 |   5.5095769506334521e-05 | 1
  7, 31 |   5.6053252494872287e-05 |   5.6053252494872287e-05 | 1
  7, 32 |  -4.5165615909422265e-05 |  -4.5165615909422265e-05 | 1
  7, 33 |   5.7753854444757285e-05 |   5.7753854444757285e-05 | 1
  7, 34 |   7.8870269723713940e-05 |   7.8870269723713940e-05 | 1
  7, 35 |  -2.7059846881703443e-05 |  -2.7059846881703443e-05 | 1
  7, 36 |  -3.6062056075606379e-05 |  -3.6062056075606379e-05 | 1
  7, 37 |  -3.2456971777257285e-05 |  -3.2456971777257285e-05 | 1
  7, 38 |  -4.1650786064914667e-05 |  -4.1650786064914667e-05 | 1
  7, 39 |  -3.5835890830241278e-05 |  -3.5835890830241278e-05 | 1
  7, 40 |   5.1572068612805887e-05 |   5.1572068612805887e-05 | 1
  7, 41 |   4.5978779926766412e-05 |   4.5978779926766412e-05 | 1
  8,  1 |   3.3965340519344883e-05 |   3.3965340519344883e-05 | 1
  8,  2 |   3.1276599069168557e-05 |   3.1276599069168557e-05 | 1
  8,  3 |   2.5869962530189269e-05 |   2.5869962530189269e-05 | 1
  8,  4 |   3.9127377614854702e-05 |   3.9127377614854702e-05 | 1
  8,  5 |   2.6339720975726426e-05 |   2.6339720975726426e-05 | 1
  8,  6 |   1.6104811038123386e-05 |   1.6104811038123386e-05 | 1
  8,  7 |   4.0921987547720313e-05 |   4.0921987547720313e-05 | 1
  8,  8 |   2.3140661218950271e-03 |   2.3140661218950271e-03 | 1
  8,  9 |   3.0188799636332809e-05 |   3.0188799636332809e-05 | 1
  8, 10 |   7.5629443964083829e-05 |   7.5629443964083829e-05 | 1
  8, 11 |   9.3011280428541873e-05 |   9.3011280428541873e-05 | 1
  8, 12 |   2.6106225585720189e-05 |   2.6106225585720189e-05 | 1
  8, 13 |   5.2998252414010181e-05 |   5.2998252414010181e-05 | 1
  8, 14 |   5.9134975496359979e-05 |   5.9134975496359979e-05 | 1
  8, 15 |   3.0131933055042815e-04 |   3.0131933055042815e-04 | 1
  8, 16 |   4.3243462294853839e-05 |   4.3243462294853839e-05 | 1
  8, 17 |   4.2076419088859944e-05 |   4.2076419088859944e-05 | 1
  8, 18 |   2.5892070184551261e-05 |   2.5892070184551261e-05 | 1
  8, 19 |   6.3916023187245759e-05 |   6.3916023187245759e-05 | 1
  8, 20 |   5.2528401828257418e-05 |   5.2528401828257418e-05 | 1
  8, 21 |   2.4680940756859286e-05 |   2.4680940756859286e-05 | 1
  8, 22 |   4.4642389059665314e-05 |   4.4642389059665314e-05 | 1
  8, 23 |   2.8938549474682849e-05 |   2.8938549474682849e-05 | 1
  8, 24 |   5.8858786610297553e-05 |   5.8858786610297553e-05 | 1
  8, 25 |   3.9072212112946309e-05 |   3.9072212112946309e-05 | 1
  8, 26 |   3.5959766515166009e-05 |   3.5959766515166009e-05 | 1
  8, 27 |   3.9996280544355177e-05 |   3.9996280544355177e-05 | 1
  8, 28 |   5.0431034698650493e-05 |   5.0431034698650493e-05 | 1
  8, 29 |   5.1858491033808507e-05 |   5.1858491033808507e-05 | 1
  8, 30 |   4.5914147326424844e-05 |   4.5914147326424844e-05 | 1
  8, 31 |   4.5709165885701259e-05 |   4.5709165885701259e-05 | 1
  8, 32 |  -3.9501050687596048e-05 |  -3.9501050687596048e-05 | 1
  8, 33 |   3.6809801447034910e-05 |   3.6809801447034910e-05 | 1
  8, 34 |   7.1749353599047104e-05 |   7.1749353599047104e-05 | 1
  8, 35 |  -3.1817838189294878e-05 |  -3.1817838189294878e-05 | 1
  8, 36 |  -2.6223515540013433e-05 |  -2.6223515540013433e-05 | 1
  8, 37 |  -2.8445730128478811e-05 |  -2.8445730128478811e-05 | 1
  8, 38 |  -3.1406912273242175e-05 |  -3.1406912273242175e-05 | 1
  8, 39 |  -2.3764735260048739e-05 |  -2.3764735260048739e-05 | 1
  8, 40 |   4.0078745396009061e-05 |   4.0078745396009061e-05 | 1
  8, 41 |   3.9439970722457169e-05 |   3.9439970722457169e-05 | 1
  9,  1 |   4.8409042729640278e-05 |   4.8409042729640278e-05 | 1
  9,  2 |   4.1972993706451933e-05 |   4.1972993706451933e-05 | 1
  9,  3 |   3.8009330092794009e-05 |   3.8009330092794009e-05 | 1
  9,  4 |   3.8518062362384109e-05 |   3.8518062362384109e-05 | 1
  9,  5 |   7.4013200380047486e-05 |   7.4013200380047486e-05 | 1
  9,  6 |   4.0920858756257519e-05 |   4.0920858756257519e-05 | 1
  9,  7 |   4.0648129368156264e-05 |   4.0648129368156264e-05 | 1
  9,  8 |   3.0188799636332809e-05 |   3.0188799636332809e-05 | 1
  9,  9 |   9.4014918922214058e-03 |   9.4014918922214058e-03 | 1
  9, 10 |   2.0654658700977534e-05 |   2.0654658700977534e-05 | 1
  9, 11 |   9.9838986744166697e-05 |   9.9838986744166697e-05 | 1
  9, 12 |   2.4956098805258198e-05 |   2.4956098805258198e-05 | 1
  9, 13 |   3.6060539358053232e-05 |   3.6060539358053232e-05 | 1
  9, 14 |   4.5844970397237639e-05 |   4.5844970397237639e-05 | 1
  9, 15 |   4.9101862397842086e-05 |   4.9101862397842086e-05 | 1
  9, 16 |   2.8497220548972889e-05 |   2.8497220548972889e-05 | 1
  9, 17 |   5.8333711186469923e-05 |   5.8333711186469923e-05 | 1
  9, 18 |   5.4934858550035657e-05 |   5.4934858550035657e-05 | 1
  9, 19 |   3.3039275961819348e-05 |   3.3039275961819348e-05 | 1
  9, 20 |   5.8591439453545841e-05 |   5.8591439453545841e-05 | 1
  9, 21 |   7.4548735920011255e-05 |   7.4548735920011255e-05 | 1
  9, 22 |   4.8412131200059873e-05 |   4.8412131200059873e-05 | 1
  9, 23 |   4.8900314742804047e-05 |   4.8900314742804047e-05 | 1
  9, 24 |   5.0820745443350417e-05 |   5.0820745443350417e-05 | 1
  9, 25 |   4.2903553273451487e-05 |   4.2903553273451487e-05 | 1
  9, 26 |   6.7779981431902804e-05 |   6.7779981431902804e-05 | 1
  9, 27 |   8.4501529462899071e-05 |   8.4501529462899071e-05 | 1
  9, 28 |   5.9742539631848577e-05 |   5.9742539631848577e-05 | 1
  9, 29 |   5.1405099482710433e-05 |   5.1405099482710433e-05 | 1
  9, 30 |   5.9466169804205191e-05 |   5.9466169804205191e-05 | 1
  9, 31 |   5.7672459643672224e-05 |   5.7672459643672224e-05 | 1
  9, 32 |   2.7337992704771971e-05 |   2.7337992704771971e-05 | 1
  9, 33 |  -7.1192029046519942e-05 |  -7.1192029046519942e-05 | 1
  9, 34 |   5.5468110087054691e-05 |   5.5468110087054691e-05 | 1
  9, 35 |  -3.5072347648200448e-05 |  -3.5072347648200448e-05 | 1
  9, 36 |  -4.3235768669187412e-05 |  -4.3235768669187412e-05 | 1
  9, 37 |  -5.0679275123665482e-05 |  -5.0679275123665482e-05 | 1
  9, 38 |  -4.9621014105564242e-05 |  -4.9621014105564242e-05 | 1
  9, 39 |  -2.8822024896735535e-05 |  -2.8822024896735535e-05 | 1
  9, 40 |   5.8819953319399340e-05 |   5.8819953319399340e-05 | 1
  9, 41 |  -2.6599291528957510e-05 |  -2.6599291528957510e-05 | 1
 10,  1 |   3.6071580384923830e-05 |   3.6071580384923830e-05 | 1
 10,  2 |   3.7408944266205963e-05 |   3.7408944266205963e-05 | 1
 10,  3 |   2.5827172848778763e-05 |   2.5827172848778763e-05 | 1
 10,  4 |   7.8805574577077732e-05 |   7.8805574577077732e-05 | 1
 10,  5 |  -8.4874638003490941e-05 |  -8.4874638003490941e-05 | 1
 10,  6 |  -3.7534062782958028e-05 |  -3.7534062782958028e-05 | 1
 10,  7 |   8.6654098130321835e-05 |   8.6654098130321835e-05 | 1
 10,  8 |   7.5629443964083829e-05 |   7.5629443964083829e-05 | 1
 10,  9 |   2.0654658700977534e-05 |   2.0654658700977534e-05 | 1
 10, 10 |   2.4393326269347405e-02 |   2.4393326269347405e-02 | 1
 10, 11 |   1.5900576482057700e-04 |   1.5900576482057700e-04 | 1
 10, 12 |   7.4373416861416711e-05 |   7.4373416861416711e-05 | 1
 10, 13 |   1.6584304223489016e-04 |   1.6584304223489016e-04 | 1
 10, 14 |   1.5905530545414132e-04 |   1.5905530545414132e-04 | 1
 10, 15 |   1.2714039011475645e-03 |   1.2714039011475645e-03 | 1
 10, 16 |   1.2524286164929962e-04 |   1.2524286164929962e-04 | 1
 10, 17 |   5.3515494207937268e-05 |   5.3515494207937268e-05 | 1
 10, 18 |  -9.5423736089870918e-06 |  -9.5423736089870918e-06 | 1
 10, 19 |   2.1643429964154567e-04 |   2.1643429964154567e-04 | 1
 10, 20 |   8.2651466235804296e-05 |   8.2651466235804296e-05 | 1
 10, 21 |  -7.8313958858475198e-05 |  -7.8313958858475198e-05 | 1
 10, 22 |   6.6917422017296512e-05 |   6.6917422017296512e-05 | 1
 10, 23 |  -1.8020630643078239e-05 |  -1.8020630643078239e-05 | 1
 10, 24 |   1.2984776765235609e-04 |   1.2984776765235609e-04 | 1
 10, 25 |   8.1824594942887037e-05 |   8.1824594942887037e-05 | 1
 10, 26 |   9.7486341834342850e-06 |   9.7486341834342850e-06 | 1
 10, 27 |  -4.1553961346933076e-05 |  -4.1553961346933076e-05 | 1
 10, 28 |   9.3581305448217498e-05 |   9.3581305448217498e-05 | 1
 10, 29 |   1.2509653838276347e-04 |   1.2509653838276347e-04 | 1
 10, 30 |   6.9112723124494147e-05 |   6.9112723124494147e-05 | 1
 10, 31 |   7.7295330299616676e-05 |   7.7295330299616676e-05 | 1
 10, 32 |  -2.5330703744845572e-04 |  -2.5330703744845572e-04 | 1
 10, 33 |   3.5841216251320614e-04 |   3.5841216251320614e-04 | 1
 10, 34 |   1.9048980242132102e-04 |   1.9048980242132102e-04 | 1
 10, 35 |  -3.2335205891092642e-05 |  -3.2335205891092642e-05 | 1
 10, 36 |  -2.1252201013583565e-05 |  -2.1252201013583565e-05 | 1
 10, 37 |  -2.2734109285912401e-05 |  -2.2734109285912401e-05 | 1
 10, 38 |  -3.7056694722887927e-05 |  -3.7056694722887927e-05 | 1
 10, 39 |  -2.9974628320729167e-05 |  -2.9974628320729167e-05 | 1
 10, 40 |   4.1766750465852974e-05 |   4.1766750465852974e-05 | 1
 10, 41 |   2.5401483411010439e-04 |   2.5401483411010439e-04 | 1
 11,  1 |   8.5036329902357647e-05 |   8.5036329902357647e-05 | 1
 11,  2 |   6.8444454499024188e-05 |   6.8444454499024188e-05 | 1
 11,  3 |   5.3381727167218119e-05 |   5.3381727167218119e-05 | 1
 11,  4 |   2.5566526927767016e-05 |   2.5566526927767016e-05 | 1
 11,  5 |  -1.3975323217141046e-04 |  -1.3975323217141046e-04 | 1
 11,  6 |   1.8089682891629026e-04 |   1.8089682891629026e-04 | 1
 11,  7 |   9.8827700628984687e-05 |   9.8827700628984687e-05 | 1
 11,  8 |   9.3011280428541873e-05 |   9.3011280428541873e-05 | 1
 11,  9 |   9.9838986744166697e-05 |   9.9838986744166697e-05 | 1
 11, 10 |   1.5900576482057700e-04 |   1.5900576482057700e-04 | 1
 11, 11 |   2.9831520932258990e-03 |   2.9831520932258990e-03 | 1
 11, 12 |   2.9832079212554834e-04 |   2.9832079212554834e-04 | 1
 11, 13 |  -4.9270451640966661e-04 |  -4.9270451640966661e-04 | 1
 11, 14 |  -2.9695553801753038e-04 |  -2.9695553801753038e-04 | 1
 11, 15 |   2.6406462063310074e-03 |   2.6406462063310074e-03 | 1
 11, 16 |   2.1939573029565251e-04 |   2.1939573029565251e-04 | 1
 11, 17 |   9.3863074391022414e-05 |   9.3863074391022414e-05 | 1
 11, 18 |   4.9454282213375849e-06 |   4.9454282213375849e-06 | 1
 11, 19 |  -2.2844348870300417e-04 |  -2.2844348870300417e-04 | 1
 11, 20 |   1.6735643905591854e-04 |   1.6735643905591854e-04 | 1
 11, 21 |   3.6961279882321825e-04 |   3.6961279882321825e-04 | 1
 11, 22 |   7.6847911073298710e-04 |   7.6847911073298710e-04 | 1
 11, 23 |   1.1706868110452610e-04 |   1.1706868110452610e-04 | 1
 11, 24 |   5.0128397004954193e-04 |   5.0128397004954193e-04 | 1
 11, 25 |   2.1222197670832572e-04 |   2.1222197670832572e-04 | 1
 11, 26 |   8.4770537735676249e-05 |   8.4770537735676249e-05 | 1
 11, 27 |   4.8435105260212167e-03 |   4.8435105260212167e-03 | 1
 11, 28 |   7.8631670539230415e-04 |   7.8631670539230415e-04 | 1
 11, 29 |   8.8125634109811752e-05 |   8.8125634109811752e-05 | 1
 11, 30 |   6.9963845212752860e-04 |   6.9963845212752860e-04 | 1
 11, 31 |   1.0737689047920478e-03 |   1.0737689047920478e-03 | 1
 11, 32 |   2.8939257201981029e-04 |   2.8939257201981029e-04 | 1
 11, 33 |  -4.2356503064357783e-03 |  -4.2356503064357783e-03 | 1
 11, 34 |   2.1905290554441043e-03 |   2.1905290554441043e-03 | 1
 11, 35 |  -7.9652543126794423e-05 |  -7.9652543126794423e-05 | 1
 11, 36 |  -7.0846952946279157e-05 |  -7.0846952946279157e-05 | 1
 11, 37 |  -7.5735372589865108e-05 |  -7.5735372589865108e-05 | 1
 11, 38 |  -7.2588615582078086e-05 |  -7.2588615582078086e-05 | 1
 11, 39 |  -5.7806118173608061e-05 |  -5.7806118173608061e-05 | 1
 11, 40 |   1.0138152577175136e-04 |   1.0138152577175136e-04 | 1
 11, 41 |  -2.8992478971660797e-04 |  -2.8992478971660797e-04 | 1
 12,  1 |   2.6767938608437131e-05 |   2.6767938608437131e-05 | 1
 12,  2 |   2.4258343414767987e-05 |   2.4258343414767987e-05 | 1
 12,  3 |   1.7283550801451609e-05 |   1.7283550801451609e-05 | 1
 12,  4 |   2.6736722821528204e-05 |   2.6736722821528204e-05 | 1
 12,  5 |  -1.3139771846781131e-05 |  -1.3139771846781131e-05 | 1
 12,  6 |   1.5256294029892181e-05 |   1.5256294029892181e-05 | 1
 12,  7 |   3.6493339706809155e-05 |   3.6493339706809155e-05 | 1
 12,  8 |   2.6106225585720189e-05 |   2.6106225585720189e-05 | 1
 12,  9 |   2.4956098805258198e-05 |   2.4956098805258198e-05 | 1
 12, 10 |   7.4373416861416711e-05 |   7.4373416861416711e-05 | 1
 12, 11 |   2.9832079212554834e-04 |   2.9832079212554834e-04 | 1
 12, 12 |   1.5641505580887047e-02 |   1.5641505580887047e-02 | 1
 12, 13 |   1.5293593314570125e-06 |   1.5293593314570125e-06 | 1
 12, 14 |   1.8570784359086809e-05 |   1.8570784359086809e-05 | 1
 12, 15 |   5.0765258537892712e-04 |   5.0765258537892712e-04 | 1
 12, 16 |   4.6449455611138933e-05 |   4.6449455611138933e-05 | 1
 12, 17 |   3.4971195140674840e-05 |   3.4971195140674840e-05 | 1
 12, 18 |   1.4394814940440249e-05 |   1.4394814940440249e-05 | 1
 12, 19 |   3.3470026303193662e-05 |   3.3470026303193662e-05 | 1
 12, 20 |   5.0072141176424830e-05 |   5.0072141176424830e-05 | 1
 12, 21 |   3.6889822530440899e-05 |   3.6889822530440899e-05 | 1
 12, 22 |   8.3240680549454324e-05 |   8.3240680549454324e-05 | 1
 12, 23 |   1.5653490857988811e-05 |   1.5653490857988811e-05 | 1
 12, 24 |   7.8886304675490447e-05 |   7.8886304675490447e-05 | 1
 12, 25 |   4.7335767632076414e-05 |   4.7335767632076414e-05 | 1
 12, 26 |   2.9006662960789435e-05 |   2.9006662960789435e-05 | 1
 12, 27 |   4.2353074767959394e-04 |   4.2353074767959394e-04 | 1
 12, 28 |   1.0237429816271107e-04 |   1.0237429816271107e-04 | 1
 12, 29 |   4.6976800980686676e-05 |   4.6976800980686676e-05 | 1
 12, 30 |   8.5392182823828449e-05 |   8.5392182823828449e-05 | 1
 12, 31 |   1.2297712648832025e-04 |   1.2297712648832025e-04 | 1
 12, 32 |  -2.0286408130681383e-05 |  -2.0286408130681383e-05 | 1
 12, 33 |  -3.0521928923889680e-04 |  -3.0521928923889680e-04 | 1
 12, 34 |   2.3839658080863847e-04 |   2.3839658080863847e-04 | 1
 12, 35 |  -2.8136225146193528e-05 |  -2.8136225146193528e-05 | 1
 12, 36 |  -3.4739168969348706e-05 |  -3.4739168969348706e-05 | 1
 12, 37 |  -3.1708555714282210e-05 |  -3.1708555714282210e-05 | 1
 12, 38 |  -3.9574334166638097e-05 |  -3.9574334166638097e-05 | 1
 12, 39 |  -2.3035655321674281e-06 |  -2.3035655321674281e-06 | 1
 12, 40 |   3.3365837202278338e-05 |   3.3365837202278338e-05 | 1
 12, 41 |   2.0343700073723782e-05 |   2.0343700073723782e-05 | 1
 13,  1 |   4.7351582503738130e-05 |   4.7351582503738130e-05 | 1
 13,  2 |   4.8464713028705451e-05 |   4.8464713028705451e-05 | 1
 13,  3 |   3.8411469509764125e-05 |   3.8411469509764125e-05 | 1
 13,  4 |   7.8489210596992021e-05 |   7.8489210596992021e-05 | 1
 13,  5 |   3.8697378875689820e-05 |   3.8697378875689820e-05 | 1
 13,  6 |  -2.4143217201559319e-05 |  -2.4143217201559319e-05 | 1
 13,  7 |   6.9723136508784985e-05 |   6.9723136508784985e-05 | 1
 13,  8 |   5.2998252414010181e-05 |   5.2998252414010181e-05 | 1
 13,  9 |   3.6060539358053232e-05 |   3.6060539358053232e-05 | 1
 13, 10 |   1.6584304223489016e-04 |   1.6584304223489016e-04 | 1
 13, 11 |  -4.9270451640966661e-04 |  -4.9270451640966661e-04 | 1
 13, 12 |   1.5293593314570125e-06 |   1.5293593314570125e-06 | 1
 13, 13 |   1.8143186011737786e-02 |   1.8143186011737786e-02 | 1
 13, 14 |   2.0298193855721228e-04 |   2.0298193855721228e-04 | 1
 13, 15 |   2.6216823631680880e-04 |   2.6216823631680880e-04 | 1
 13, 16 |   4.8854773903736780e-05 |   4.8854773903736780e-05 | 1
 13, 17 |   6.5783304807672609e-05 |   6.5783304807672609e-05 | 1
 13, 18 |   4.8819977228701830e-05 |   4.8819977228701830e-05 | 1
 13, 19 |   2.1264348350735670e-04 |   2.1264348350735670e-04 | 1
 13, 20 |   6.8764221898807727e-05 |   6.8764221898807727e-05 | 1
 13, 21 |  -5.6154482016971027e-05 |  -5.6154482016971027e-05 | 1
 13, 22 |  -8.6045923409744103e-05 |  -8.6045923409744103e-05 | 1
 13, 23 |   1.3557646276802781e-05 |   1.3557646276802781e-05 | 1
 13, 24 |   1.3334759552498058e-05 |   1.3334759552498058e-05 | 1
 13, 25 |   4.5518822042581514e-05 |   4.5518822042581514e-05 | 1
 13, 26 |   4.8167224995038078e-05 |   4.8167224995038078e-05 | 1
 13, 27 |  -1.0443450116031342e-03 |  -1.0443450116031342e-03 | 1
 13, 28 |  -6.6516831331691527e-05 |  -6.6516831331691527e-05 | 1
 13, 29 |   1.0163138154278448e-04 |   1.0163138154278448e-04 | 1
 13, 30 |  -6.0200646869754416e-05 |  -6.0200646869754416e-05 | 1
 13, 31 |  -1.4226699766963738e-04 |  -1.4226699766963738e-04 | 1
 13, 32 |  -1.9732470331480415e-04 |  -1.9732470331480415e-04 | 1
 13, 33 |   1.1159526003770110e-03 |   1.1159526003770110e-03 | 1
 13, 34 |  -3.2905029392400937e-04 |  -3.2905029392400937e-04 | 1
 13, 35 |  -4.6233171037828861e-05 |  -4.6233171037828861e-05 | 1
 13, 36 |  -4.7470890494631767e-05 |  -4.7470890494631767e-05 | 1
 13, 37 |  -5.1828706945659692e-05 |  -5.1828706945659692e-05 | 1
 13, 38 |  -5.5117084494600574e-05 |  -5.5117084494600574e-05 | 1
 13, 39 |  -1.7429176002853397e-05 |  -1.7429176002853397e-05 | 1
 13, 40 |   5.6963163394470985e-05 |   5.6963163394470985e-05 | 1
 13, 41 |   1.9765587531920737e-04 |   1.9765587531920737e-04 | 1
 14,  1 |   5.3414967590128314e-05 |   5.3414967590128314e-05 | 1
 14,  2 |   5.3913947190465584e-05 |   5.3913947190465584e-05 | 1
 14,  3 |   4.3764163767060537e-05 |   4.3764163767060537e-05 | 1
 14,  4 |   7.9716603454903500e-05 |   7.9716603454903500e-05 | 1
 14,  5 |   3.4130083853136599e-05 |   3.4130083853136599e-05 | 1
 14,  6 |  -1.0569041108306453e-05 |  -1.0569041108306453e-05 | 1
 14,  7 |   7.3495706592511552e-05 |   7.3495706592511552e-05 | 1
 14,  8 |   5.9134975496359979e-05 |   5.9134975496359979e-05 | 1
 14,  9 |   4.5844970397237639e-05 |   4.5844970397237639e-05 | 1
 14, 10 |   1.5905530545414132e-04 |   1.5905530545414132e-04 | 1
 14, 11 |  -2.9695553801753038e-04 |  -2.9695553801753038e-04 | 1
 14, 12 |   1.8570784359086809e-05 |   1.8570784359086809e-05 | 1
 14, 13 |   2.0298193855721228e-04 |   2.0298193855721228e-04 | 1
 14, 14 |   1.6446973672374934e-02 |   1.6446973672374934e-02 | 1
 14, 15 |   3.6198173430288661e-04 |   3.6198173430288661e-04 | 1
 14, 16 |   6.2917292115745974e-05 |   6.2917292115745974e-05 | 1
 14, 17 |   7.0974334050610160e-05 |   7.0974334050610160e-05 | 1
 14, 18 |   5.2618256105644392e-05 |   5.2618256105644392e-05 | 1
 14, 19 |   1.9035649365723990e-04 |   1.9035649365723990e-04 | 1
 14, 20 |   7.3803742144213323e-05 |   7.3803742144213323e-05 | 1
 14, 21 |  -3.4280828111841433e-05 |  -3.4280828111841433e-05 | 1
 14, 22 |  -3.1719707943709777e-05 |  -3.1719707943709777e-05 | 1
 14, 23 |   2.0366373299516069e-05 |   2.0366373299516069e-05 | 1
 14, 24 |   3.9906309116412975e-05 |   3.9906309116412975e-05 | 1
 14, 25 |   5.5562415456269154e-05 |   5.5562415456269154e-05 | 1
 14, 26 |   5.7726194191801077e-05 |   5.7726194191801077e-05 | 1
 14, 27 |  -7.3765202394123755e-04 |  -7.3765202394123755e-04 | 1
 14, 28 |  -1.6657396239855820e-05 |  -1.6657396239855820e-05 | 1
 14, 29 |   1.0261756907896017e-04 |   1.0261756907896017e-04 | 1
 14, 30 |  -1.1777203834659179e-05 |  -1.1777203834659179e-05 | 1
 14, 31 |  -7.7676377448636846e-05 |  -7.7676377448636846e-05 | 1
 14, 32 |  -1.6371004562894438e-04 |  -1.6371004562894438e-04 | 1
 14, 33 |   8.2697348410087175e-04 |   8.2697348410087175e-04 | 1
 14, 34 |  -1.9848851771063128e-04 |  -1.9848851771063128e-04 | 1
 14, 35 |  -4.0971921480176802e-05 |  -4.0971921480176802e-05 | 1
 14, 36 |  -4.5792469198192294e-05 |  -4.5792469198192294e-05 | 1
 14, 37 |  -5.2007127652718411e-05 |  -5.2007127652718411e-05 | 1
 14, 38 |  -4.2604082267118554e-05 |  -4.2604082267118554e-05 | 1
 14, 39 |  -3.7978889385893513e-05 |  -3.7978889385893513e-05 | 1
 14, 40 |   6.3777489063741757e-05 |   6.3777489063741757e-05 | 1
 14, 41 |   1.6363748785546049e-04 |   1.6363748785546049e-04 | 1
 15,  1 |   1.0081391493535760e-04 |   1.0081391493535760e-04 | 1
 15,  2 |   1.3995650539399694e-04 |   1.3995650539399694e-04 | 1
 15,  3 |   5.3525667290963601e-05 |   5.3525667290963601e-05 | 1
 15,  4 |   2.7405660079353559e-04 |   2.7405660079353559e-04 | 1
 15,  5 |  -7.7459435028581986e-04 |  -7.7459435028581986e-04 | 1
 15,  6 |  -1.3311548729388968e-04 |  -1.3311548729388968e-04 | 1
 15,  7 |   3.2679310790384745e-04 |   3.2679310790384745e-04 | 1
 15,  8 |   3.0131933055042815e-04 |   3.0131933055042815e-04 | 1
 15,  9 |   4.9101862397842086e-05 |   4.9101862397842086e-05 | 1
 15, 10 |   1.2714039011475645e-03 |   1.2714039011475645e-03 | 1
 15, 11 |   2.6406462063310074e-03 |   2.6406462063310074e-03 | 1
 15, 12 |   5.0765258537892712e-04 |   5.0765258537892712e-04 | 1
 15, 13 |   2.6216823631680880e-04 |   2.6216823631680880e-04 | 1
 15, 14 |   3.6198173430288661e-04 |   3.6198173430288661e-04 | 1
 15, 15 |   6.5921161469561271e-02 |   6.5921161469561271e-02 | 1
 15, 16 |   6.0113986556884608e-04 |   6.0113986556884608e-04 | 1
 15, 17 |   1.6844044391820683e-04 |   1.6844044391820683e-04 | 1
 15, 18 |  -7.1091445790112006e-05 |  -7.1091445790112006e-05 | 1
 15, 19 |   7.1195098926942401e-04 |   7.1195098926942401e-04 | 1
 15, 20 |   3.5318085191614909e-04 |   3.5318085191614909e-04 | 1
 15, 21 |  -2.3932023629284107e-04 |  -2.3932023629284107e-04 | 1
 15, 22 |   7.3492957208375152e-04 |   7.3492957208375152e-04 | 1
 15, 23 |  -1.5010750791475379e-04 |  -1.5010750791475379e-04 | 1
 15, 24 |   7.9355770271864496e-04 |   7.9355770271864496e-04 | 1
 15, 25 |   4.3012028399438485e-04 |   4.3012028399438485e-04 | 1
 15, 26 |   1.9999672428031709e-05 |   1.9999672428031709e-05 | 1
 15, 27 |   3.2244276026124901e-03 |   3.2244276026124901e-03 | 1
 15, 28 |   8.7384699530495299e-04 |   8.7384699530495299e-04 | 1
 15, 29 |   4.9471322888311280e-04 |   4.9471322888311280e-04 | 1
 15, 30 |   7.1184923543507125e-04 |   7.1184923543507125e-04 | 1
 15, 31 |   9.6151350317052434e-04 |   9.6151350317052434e-04 | 1
 15, 32 |  -9.7369588893511932e-04 |  -9.7369588893511932e-04 | 1
 15, 33 |  -1.4006611416554366e-03 |  -1.4006611416554366e-03 | 1
 15, 34 |   2.3242989204393348e-03 |   2.3242989204393348e-03 | 1
 15, 35 |  -1.7848487683910970e-04 |  -1.7848487683910970e-04 | 1
 15, 36 |  -1.5896298492366440e-04 |  -1.5896298492366440e-04 | 1
 15, 37 |  -1.4247499168270529e-04 |  -1.4247499168270529e-04 | 1
 15, 38 |  -6.7409230937976578e-05 |  -6.7409230937976578e-05 | 1
 15, 39 |   5.4930487106746970e-06 |   5.4930487106746970e-06 | 1
 15, 40 |   1.2850661869191423e-04 |   1.2850661869191423e-04 | 1
 15, 41 |   9.6169728366332142e-04 |   9.6169728366332142e-04 | 1
 16,  1 |   3.0509027869390635e-05 |   3.0509027869390635e-05 | 1
 16,  2 |   2.9352942825415948e-05 |   2.9352942825415948e-05 | 1
 16,  3 |   2.2108860334692064e-05 |   2.2108860334692064e-05 | 1
 16,  4 |   4.3267685792572555e-05 |   4.3267685792572555e-05 | 1
 16,  5 |  -2.1864577672970903e-05 |  -2.1864577672970903e-05 | 1
 16,  6 |   3.3257104951517996e-06 |   3.3257104951517996e-06 | 1
 16,  7 |   5.3336352930100528e-05 |   5.3336352930100528e-05 | 1
 16,  8 |   4.3243462294853839e-05 |   4.3243462294853839e-05 | 1
 16,  9 |   2.8497220548972889e-05 |   2.8497220548972889e-05 | 1
 16, 10 |   1.2524286164929962e-04 |   1.2524286164929962e-04 | 1
 16, 11 |   2.1939573029565251e-04 |   2.1939573029565251e-04 | 1
 16, 12 |   4.6449455611138933e-05 |   4.6449455611138933e-05 | 1
 16, 13 |   4.8854773903736780e-05 |   4.8854773903736780e-05 | 1
 16, 14 |   6.2917292115745974e-05 |   6.2917292115745974e-05 | 1
 16, 15 |   6.0113986556884608e-04 |   6.0113986556884608e-04 | 1
 16, 16 |   3.2059207879269521e-03 |   3.2059207879269521e-03 | 1
 16, 17 |   4.0134605644342721e-05 |   4.0134605644342721e-05 | 1
 16, 18 |   8.1945667493108830e-06 |   8.1945667493108830e-06 | 1
 16, 19 |   8.0590894219116356e-05 |   8.0590894219116356e-05 | 1
 16, 20 |   5.2598046228087690e-05 |   5.2598046228087690e-05 | 1
 16, 21 |   2.1264083951771914e-06 |   2.1264083951771914e-06 | 1
 16, 22 |   7.5767123622383470e-05 |   7.5767123622383470e-05 | 1
 16, 23 |   1.1068037590329646e-05 |   1.1068037590329646e-05 | 1
 16, 24 |   8.3369486497140283e-05 |   8.3369486497140283e-05 | 1
 16, 25 |   5.2479268663037818e-05 |   5.2479268663037818e-05 | 1
 16, 26 |   2.0377735047900640e-05 |   2.0377735047900640e-05 | 1
 16, 27 |   2.0665339726787832e-04 |   2.0665339726787832e-04 | 1
 16, 28 |   8.6807591834564969e-05 |   8.6807591834564969e-05 | 1
 16, 29 |   6.4088024110152230e-05 |   6.4088024110152230e-05 | 1
 16, 30 |   7.4318691881647896e-05 |   7.4318691881647896e-05 | 1
 16, 31 |   9.2604108779018490e-05 |   9.2604108779018490e-05 | 1
 16, 32 |  -7.7747162991759195e-05 |  -7.7747162991759195e-05 | 1
 16, 33 |  -5.8129490302451470e-05 |  -5.8129490302451470e-05 | 1
 16, 34 |   1.7996346465210374e-04 |   1.7996346465210374e-04 | 1
 16, 35 |  -1.7939332581691318e-05 |  -1.7939332581691318e-05 | 1
 16, 36 |  -1.9119275044646588e-05 |  -1.9119275044646588e-05 | 1
 16, 37 |  -1.9569931186976149e-05 |  -1.9569931186976149e-05 | 1
 16, 38 |  -1.9206424888704995e-05 |  -1.9206424888704995e-05 | 1
 16, 39 |  -3.3569037766809038e-05 |  -3.3569037766809038e-05 | 1
 16, 40 |   3.5556450421679890e-05 |   3.5556450421679890e-05 | 1
 16, 41 |   7.7803098804128792e-05 |   7.7803098804128792e-05 | 1
 17,  1 |   6.1022602455512669e-05 |   6.1022602455512669e-05 | 1
 17,  2 |   5.4163561000661808e-05 |   5.4163561000661808e-05 | 1
 17,  3 |   4.9052642946772615e-05 |   4.9052642946772615e-05 | 1
 17,  4 |   5.4338438883711309e-05 |   5.4338438883711309e-05 | 1
 17,  5 |   7.8233300093054418e-05 |   7.8233300093054418e-05 | 1
 17,  6 |   4.2989357188302954e-05 |   4.2989357188302954e-05 | 1
 17,  7 |   5.3997055170251077e-05 |   5.3997055170251077e-05 | 1
 17,  8 |   4.2076419088859944e-05 |   4.2076419088859944e-05 | 1
 17,  9 |   5.8333711186469923e-05 |   5.8333711186469923e-05 | 1
 17, 10 |   5.3515494207937268e-05 |   5.3515494207937268e-05 | 1
 17, 11 |   9.3863074391022414e-05 |   9.3863074391022414e-05 | 1
 17, 12 |   3.4971195140674840e-05 |   3.4971195140674840e-05 | 1
 17, 13 |   6.5783304807672609e-05 |   6.5783304807672609e-05 | 1
 17, 14 |   7.0974334050610160e-05 |   7.0974334050610160e-05 | 1
 17, 15 |   1.6844044391820683e-04 |   1.6844044391820683e-04 | 1
 17, 16 |   4.0134605644342721e-05 |   4.0134605644342721e-05 | 1
 17, 17 |   4.2308895327648867e-03 |   4.2308895327648867e-03 | 1
 17, 18 |   6.8020083083111127e-05 |   6.8020083083111127e-05 | 1
 17, 19 |   6.4275254684792031e-05 |   6.4275254684792031e-05 | 1
 17, 20 |   7.8816466340898432e-05 |   7.8816466340898432e-05 | 1
 17, 21 |   7.8843438851643655e-05 |   7.8843438851643655e-05 | 1
 17, 22 |   5.6598648063927422e-05 |   5.6598648063927422e-05 | 1
 17, 23 |   6.0766046357606536e-05 |   6.0766046357606536e-05 | 1
 17, 24 |   6.8750392520182174e-05 |   6.8750392520182174e-05 | 1
 17, 25 |   5.7677190143780898e-05 |   5.7677190143780898e-05 | 1
 17, 26 |   8.4031497065569053e-05 |   8.4031497065569053e-05 | 1
 17, 27 |   3.8005345104180285e-05 |   3.8005345104180285e-05 | 1
 17, 28 |   7.0676163199719417e-05 |   7.0676163199719417e-05 | 1
 17, 29 |   7.1944805849514045e-05 |   7.1944805849514045e-05 | 1
 17, 30 |   6.8357812927714439e-05 |   6.8357812927714439e-05 | 1
 17, 31 |   6.1920220490638880e-05 |   6.1920220490638880e-05 | 1
 17, 32 |   3.7023383927188672e-06 |   3.7023383927188672e-06 | 1
 17, 33 |   2.7298142400811501e-06 |   2.7298142400811501e-06 | 1
 17, 34 |   5.8490679810823307e-05 |   5.8490679810823307e-05 | 1
 17, 35 |  -5.2416394512814589e-05 |  -5.2416394512814589e-05 | 1
 17, 36 |  -6.0137229445527990e-05 |  -6.0137229445527990e-05 | 1
 17, 37 |  -6.4871168839646321e-05 |  -6.4871168839646321e-05 | 1
 17, 38 |  -6.7480541370981191e-05 |  -6.7480541370981191e-05 | 1
 17, 39 |  -2.8035365998134576e-05 |  -2.8035365998134576e-05 | 1
 17, 40 |   7.3625667154484043e-05 |   7.3625667154484043e-05 | 1
 17, 41 |  -3.0723164208282899e-06 |  -3.0723164208282899e-06 | 1
 18,  1 |   5.7166598516230569e-05 |   5.7166598516230569e-05 | 1
 18,  2 |   5.2136229873874645e-05 |   5.2136229873874645e-05 | 1
 18,  3 |   4.4347207062201099e-05 |   4.4347207062201099e-05 | 1
 18,  4 |   4.2946022315687071e-05 |   4.2946022315687071e-05 | 1
 18,  5 |   1.0584265376544779e-04 |   1.0584265376544779e-04 | 1
 18,  6 |   5.2420880857259166e-05 |   5.2420880857259166e-05 | 1
 18,  7 |   3.4409869567606928e-05 |   3.4409869567606928e-05 | 1
 18,  8 |   2.5892070184551261e-05 |   2.5892070184551261e-05 | 1
 18,  9 |   5.4934858550035657e-05 |   5.4934858550035657e-05 | 1
 18, 10 |  -9.5423736089870918e-06 |  -9.5423736089870918e-06 | 1
 18, 11 |   4.9454282213375849e-06 |   4.9454282213375849e-06 | 1
 18, 12 |   1.4394814940440249e-05 |   1.4394814940440249e-05 | 1
 18, 13 |   4.8819977228701830e-05 |   4.8819977228701830e-05 | 1
 18, 14 |   5.2618256105644392e-05 |   5.2618256105644392e-05 | 1
 18, 15 |  -7.1091445790112006e-05 |  -7.1091445790112006e-05 | 1
 18, 16 |   8.1945667493108830e-06 |   8.1945667493108830e-06 | 1
 18, 17 |   6.8020083083111127e-05 |   6.8020083083111127e-05 | 1
 18, 18 |   1.8663083451059877e-02 |   1.8663083451059877e-02 | 1
 18, 19 |   3.4946728667239063e-05 |   3.4946728667239063e-05 | 1
 18, 20 |   7.3367895633752483e-05 |   7.3367895633752483e-05 | 1
 18, 21 |   9.6010046247901935e-05 |   9.6010046247901935e-05 | 1
 18, 22 |   2.6917526308010615e-05 |   2.6917526308010615e-05 | 1
 18, 23 |   6.3418771458937634e-05 |   6.3418771458937634e-05 | 1
 18, 24 |   4.0179605195544499e-05 |   4.0179605195544499e-05 | 1
 18, 25 |   4.1188788360054958e-05 |   4.1188788360054958e-05 | 1
 18, 26 |   9.6027481919698640e-05 |   9.6027481919698640e-05 | 1
 18, 27 |  -4.1249814020431611e-05 |  -4.1249814020431611e-05 | 1
 18, 28 |   4.1831397827666419e-05 |   4.1831397827666419e-05 | 1
 18, 29 |   4.9866474590115525e-05 |   4.9866474590115525e-05 | 1
 18, 30 |   4.4609605989830086e-05 |   4.4609605989830086e-05 | 1
 18, 31 |   2.2422588281225033e-05 |   2.2422588281225033e-05 | 1
 18, 32 |   4.8563785564741440e-05 |   4.8563785564741440e-05 | 1
 18, 33 |   1.6127623308647287e-05 |   1.6127623308647287e-05 | 1
 18, 34 |  -2.0089330962654493e-05 |  -2.0089330962654493e-05 | 1
 18, 35 |  -6.4003536088072538e-05 |  -6.4003536088072538e-05 | 1
 18, 36 |  -7.2431136565795942e-05 |  -7.2431136565795942e-05 | 1
 18, 37 |  -7.5432105233709136e-05 |  -7.5432105233709136e-05 | 1
 18, 38 |  -6.7888627143847160e-05 |  -6.7888627143847160e-05 | 1
 18, 39 |  -6.6177587347248823e-06 |  -6.6177587347248823e-06 | 1
 18, 40 |   7.1411711950467830e-05 |   7.1411711950467830e-05 | 1
 18, 41 |  -4.9295152866383832e-05 |  -4.9295152866383832e-05 | 1
 19,  1 |   4.4764819211758827e-05 |   4.4764819211758827e-05 | 1
 19,  2 |   4.8467048134177439e-05 |   4.8467048134177439e-05 | 1
 19,  3 |   3.4135617330485563e-05 |   3.4135617330485563e-05 | 1
 19,  4 |   8.1549933338803367e-05 |   8.1549933338803367e-05 | 1
 19,  5 |  -1.7584204408626103e-05 |  -1.7584204408626103e-05 | 1
 19,  6 |  -2.2744720562209378e-05 |  -2.2744720562209378e-05 | 1
 19,  7 |   7.9081848276668144e-05 |   7.9081848276668144e-05 | 1
 19,  8 |   6.3916023187245759e-05 |   6.3916023187245759e-05 | 1
 19,  9 |   3.3039275961819348e-05 |   3.3039275961819348e-05 | 1
 19, 10 |   2.1643429964154567e-04 |   2.1643429964154567e-04 | 1
 19, 11 |  -2.2844348870300417e-04 |  -2.2844348870300417e-04 | 1
 19, 12 |   3.3470026303193662e-05 |   3.3470026303193662e-05 | 1
 19, 13 |   2.1264348350735670e-04 |   2.1264348350735670e-04 | 1
 19, 14 |   1.9035649365723990e-04 |   1.9035649365723990e-04 | 1
 19, 15 |   7.1195098926942401e-04 |   7.1195098926942401e-04 | 1
 19, 16 |   8.0590894219116356e-05 |   8.0590894219116356e-05 | 1
 19, 17 |   6.4275254684792031e-05 |   6.4275254684792031e-05 | 1
 19, 18 |   3.4946728667239063e-05 |   3.4946728667239063e-05 | 1
 19, 19 |   2.1759277621808456e-02 |   2.1759277621808456e-02 | 1
 19, 20 |   7.7089109532135267e-05 |   7.7089109532135267e-05 | 1
 19, 21 |  -5.5321373157136133e-05 |  -5.5321373157136133e-05 | 1
 19, 22 |  -2.1746166961961033e-05 |  -2.1746166961961033e-05 | 1
 19, 23 |   2.8682031243019213e-06 |   2.8682031243019213e-06 | 1
 19, 24 |   6.1587296675143374e-05 |   6.1587296675143374e-05 | 1
 19, 25 |   6.4219728187088620e-05 |   6.4219728187088620e-05 | 1
 19, 26 |   3.8452230242173760e-05 |   3.8452230242173760e-05 | 1
 19, 27 |  -6.3945881735980904e-04 |  -6.3945881735980904e-04 | 1
 19, 28 |   1.6387137796178959e-06 |   1.6387137796178959e-06 | 1
 19, 29 |   1.1361665067282361e-04 |   1.1361665067282361e-04 | 1
 19, 30 |  -2.3135072670879840e-06 |  -2.3135072670879840e-06 | 1
 19, 31 |  -5.4818602439353153e-05 |  -5.4818602439353153e-05 | 1
 19, 32 |  -2.2238463916217659e-04 |  -2.2238463916217659e-04 | 1
 19, 33 |   8.1881892443975296e-04 |   8.1881892443975296e-04 | 1
 19, 34 |  -1.1994571142538425e-04 |  -1.1994571142538425e-04 | 1
 19, 35 |  -4.4849664490585525e-05 |  -4.4849664490585525e-05 | 1
 19, 36 |  -4.4334553227068641e-05 |  -4.4334553227068641e-05 | 1
 19, 37 |  -4.9272493774619525e-05 |  -4.9272493774619525e-05 | 1
 19, 38 |  -4.1992456810118277e-05 |  -4.1992456810118277e-05 | 1
 19, 39 |  -2.0447063609413058e-05 |  -2.0447063609413058e-05 | 1
 19, 40 |   5.4038436107247123e-05 |   5.4038436107247123e-05 | 1
 19, 41 |   2.2199561406484764e-04 |   2.2199561406484764e-04 | 1
 20,  1 |   6.5697624285485345e-05 |   6.5697624285485345e-05 | 1
 20,  2 |   6.0263651385839462e-05 |   6.0263651385839462e-05 | 1
 20,  3 |   5.6209936474342534e-05 |   5.6209936474342534e-05 | 1
 20,  4 |   6.4003441686257397e-05 |   6.4003441686257397e-05 | 1
 20,  5 |   5.8690399678558806e-05 |   5.8690399678558806e-05 | 1
 20,  6 |   4.2184027330212693e-05 |   4.2184027330212693e-05 | 1
 20,  7 |   6.1701131402599465e-05 |   6.1701131402599465e-05 | 1
 20,  8 |   5.2528401828257418e-05 |   5.2528401828257418e-05 | 1
 20,  9 |   5.8591439453545841e-05 |   5.8591439453545841e-05 | 1
 20, 10 |   8.2651466235804296e-05 |   8.2651466235804296e-05 | 1
 20, 11 |   1.6735643905591854e-04 |   1.6735643905591854e-04 | 1
 20, 12 |   5.0072141176424830e-05 |   5.0072141176424830e-05 | 1
 20, 13 |   6.8764221898807727e-05 |   6.8764221898807727e-05 | 1
 20, 14 |   7.3803742144213323e-05 |   7.3803742144213323e-05 | 1
 20, 15 |   3.5318085191614909e-04 |   3.5318085191614909e-04 | 1
 20, 16 |   5.2598046228087690e-05 |   5.2598046228087690e-05 | 1
 20, 17 |   7.8816466340898432e-05 |   7.8816466340898432e-05 | 1
 20, 18 |   7.3367895633752483e-05 |   7.3367895633752483e-05 | 1
 20, 19 |   7.7089109532135267e-05 |   7.7089109532135267e-05 | 1
 20, 20 |   9.9893685855899309e-03 |   9.9893685855899309e-03 | 1
 20, 21 |   7.7320027748380089e-05 |   7.7320027748380089e-05 | 1
 20, 22 |   8.1274872307419380e-05 |   8.1274872307419380e-05 | 1
 20, 23 |   6.8781080805186751e-05 |   6.8781080805186751e-05 | 1
 20, 24 |   9.1930290620649069e-05 |   9.1930290620649069e-05 | 1
 20, 25 |   6.7185580747946492e-05 |   6.7185580747946492e-05 | 1
 20, 26 |   8.6649349307319550e-05 |   8.6649349307319550e-05 | 1
 20, 27 |   1.3117130357991747e-04 |   1.3117130357991747e-04 | 1
 20, 28 |   9.4250025533634926e-05 |   9.4250025533634926e-05 | 1
 20, 29 |   8.2225672845556187e-05 |   8.2225672845556187e-05 | 1
 20, 30 |   8.5298907677413641e-05 |   8.5298907677413641e-05 | 1
 20, 31 |   8.5925351815682044e-05 |   8.5925351815682044e-05 | 1
 20, 32 |  -1.2663137573122532e-05 |  -1.2663137573122532e-05 | 1
 20, 33 |  -5.0251769426174694e-05 |  -5.0251769426174694e-05 | 1
 20, 34 |   1.1789508399437246e-04 |   1.1789508399437246e-04 | 1
 20, 35 |  -6.7387999626499886e-05 |  -6.7387999626499886e-05 | 1
 20, 36 |  -6.7025864010944919e-05 |  -6.7025864010944919e-05 | 1
 20, 37 |  -6.3265737118554602e-05 |  -6.3265737118554602e-05 | 1
 20, 38 |  -6.6451671613534051e-05 |  -6.6451671613534051e-05 | 1
 20, 39 |  -2.9724638858120911e-05 |  -2.9724638858120911e-05 | 1
 20, 40 |   7.8023465014903694e-05 |   7.8023465014903694e-05 | 1
 20, 41 |   1.2196606268133700e-05 |   1.2196606268133700e-05 | 1
 21,  1 |   7.2374548621129356e-05 |   7.2374548621129356e-05 | 1
 21,  2 |   5.7314437023689786e-05 |   5.7314437023689786e-05 | 1
 21,  3 |   5.9353560683623864e-05 |   5.9353560683623864e-05 | 1
 21,  4 |   2.8437093022914206e-05 |   2.8437093022914206e-05 | 1
 21,  5 |   1.6159443501637875e-04 |   1.6159443501637875e-04 | 1
 21,  6 |   1.0111574537650688e-04 |   1.0111574537650688e-04 | 1
 21,  7 |   2.6593427270734033e-05 |   2.6593427270734033e-05 | 1
 21,  8 |   2.4680940756859286e-05 |   2.4680940756859286e-05 | 1
 21,  9 |   7.4548735920011255e-05 |   7.4548735920011255e-05 | 1
 21, 10 |  -7.8313958858475198e-05 |  -7.8313958858475198e-05 | 1
 21, 11 |   3.6961279882321825e-04 |   3.6961279882321825e-04 | 1
 21, 12 |   3.6889822530440899e-05 |   3.6889822530440899e-05 | 1
 21, 13 |  -5.6154482016971027e-05 |  -5.6154482016971027e-05 | 1
 21, 14 |  -3.4280828111841433e-05 |  -3.4280828111841433e-05 | 1
 21, 15 |  -2.3932023629284107e-04 |  -2.3932023629284107e-04 | 1
 21, 16 |   2.1264083951771914e-06 |   2.1264083951771914e-06 | 1
 21, 17 |   7.8843438851643655e-05 |   7.8843438851643655e-05 | 1
 21, 18 |   9.6010046247901935e-05 |   9.6010046247901935e-05 | 1
 21, 19 |  -5.5321373157136133e-05 |  -5.5321373157136133e-05 | 1
 21, 20 |   7.7320027748380089e-05 |   7.7320027748380089e-05 | 1
 21, 21 |   4.9055482381372868e-02 |   4.9055482381372868e-02 | 1
 21, 22 |   1.2497375711240070e-04 |   1.2497375711240070e-04 | 1
 21, 23 |   1.0630264726670936e-04 |   1.0630264726670936e-04 | 1
 21, 24 |   7.9637575736958932e-05 |   7.9637575736958932e-05 | 1
 21, 25 |   5.1758852422566765e-05 |   5.1758852422566765e-05 | 1
 21, 26 |   1.2247309781529959e-04 |   1.2247309781529959e-04 | 1
 21, 27 |   6.1527803206999133e-04 |   6.1527803206999133e-04 | 1
 21, 28 |   1.2212675392980421e-04 |   1.2212675392980421e-04 | 1
 21, 29 |   3.5588877084993242e-05 |   3.5588877084993242e-05 | 1
 21, 30 |   1.3065284724887087e-04 |   1.3065284724887087e-04 | 1
 21, 31 |   1.5609306231188709e-04 |   1.5609306231188709e-04 | 1
 21, 32 |   1.8876233874567629e-04 |   1.8876233874567629e-04 | 1
 21, 33 |  -6.8273308600976055e-04 |  -6.8273308600976055e-04 | 1
 21, 34 |   2.1184391322653516e-04 |   2.1184391322653516e-04 | 1
 21, 35 |  -6.7630057213974079e-05 |  -6.7630057213974079e-05 | 1
 21, 36 |  -6.6056600319987452e-05 |  -6.6056600319987452e-05 | 1
 21, 37 |  -8.7215978111727488e-05 |  -8.7215978111727488e-05 | 1
 21, 38 |  -9.1065570692762100e-05 |  -9.1065570692762100e-05 | 1
 21, 39 |  -2.3499764374086748e-05 |  -2.3499764374086748e-05 | 1
 21, 40 |   8.7665150132546919e-05 |   8.7665150132546919e-05 | 1
 21, 41 |  -1.8687301896630167e-04 |  -1.8687301896630167e-04 | 1
 22,  1 |   4.7886637990112314e-05 |   4.7886637990112314e-05 | 1
 22,  2 |   4.0788655597805071e-05 |   4.0788655597805071e-05 | 1
 22,  3 |   3.2846789182630653e-05 |   3.2846789182630653e-05 | 1
 22,  4 |   3.2469478830902666e-05 |   3.2469478830902666e-05 | 1
 22,  5 |   1.1564923559543630e-05 |   1.1564923559543630e-05 | 1
 22,  6 |   6.5665461829414584e-05 |   6.5665461829414584e-05 | 1
 22,  7 |   5.0689472685953383e-05 |   5.0689472685953383e-05 | 1
 22,  8 |   4.4642389059665314e-05 |   4.4642389059665314e-05 | 1
 22,  9 |   4.8412131200059873e-05 |   4.8412131200059873e-05 | 1
 22, 10 |   6.6917422017296512e-05 |   6.6917422017296512e-05 | 1
 22, 11 |   7.6847911073298710e-04 |   7.6847911073298710e-04 | 1
 22, 12 |   8.3240680549454324e-05 |   8.3240680549454324e-05 | 1
 22, 13 |  -8.6045923409744103e-05 |  -8.6045923409744103e-05 | 1
 22, 14 |  -3.1719707943709777e-05 |  -3.1719707943709777e-05 | 1
 22, 15 |   7.3492957208375152e-04 |   7.3492957208375152e-04 | 1
 22, 16 |   7.5767123622383470e-05 |   7.5767123622383470e-05 | 1
 22, 17 |   5.6598648063927422e-05 |   5.6598648063927422e-05 | 1
 22, 18 |   2.6917526308010615e-05 |   2.6917526308010615e-05 | 1
 22, 19 |  -2.1746166961961033e-05 |  -2.1746166961961033e-05 | 1
 22, 20 |   8.1274872307419380e-05 |   8.1274872307419380e-05 | 1
 22, 21 |   1.2497375711240070e-04 |   1.2497375711240070e-04 | 1
 22, 22 |   5.5245253313135158e-02 |   5.5245253313135158e-02 | 1
 22, 23 |   5.4444811765333253e-05 |   5.4444811765333253e-05 | 1
 22, 24 |   1.5810500692769016e-04 |   1.5810500692769016e-04 | 1
 22, 25 |   7.5470384801068377e-05 |   7.5470384801068377e-05 | 1
 22, 26 |   5.3477661909922506e-05 |   5.3477661909922506e-05 | 1
 22, 27 |   1.1891733762850064e-03 |   1.1891733762850064e-03 | 1
 22, 28 |   2.2069238977626290e-04 |   2.2069238977626290e-04 | 1
 22, 29 |   5.4139520747376133e-05 |   5.4139520747376133e-05 | 1
 22, 30 |   1.9647080672753934e-04 |   1.9647080672753934e-04 | 1
 22, 31 |   2.8508114340602899e-04 |   2.8508114340602899e-04 | 1
 22, 32 |   6.6295552547180497e-05 |   6.6295552547180497e-05 | 1
 22, 33 |  -1.0112094379787946e-03 |  -1.0112094379787946e-03 | 1
 22, 34 |   5.5683374275965691e-04 |   5.5683374275965691e-04 | 1
 22, 35 |  -4.7721074260155587e-05 |  -4.7721074260155587e-05 | 1
 22, 36 |  -3.8415197193803831e-05 |  -3.8415197193803831e-05 | 1
 22, 37 |  -4.2659882217420034e-05 |  -4.2659882217420034e-05 | 1
 22, 38 |  -4.5056685827353428e-05 |  -4.5056685827353428e-05 | 1
 22, 39 |  -3.0842612356425889e-05 |  -3.0842612356425889e-05 | 1
 22, 40 |   5.7887685836247362e-05 |   5.7887685836247362e-05 | 1
 22, 41 |  -6.6442887059469253e-05 |  -6.6442887059469253e-05 | 1
 23,  1 |   5.4107968437984444e-05 |   5.4107968437984444e-05 | 1
 23,  2 |   4.4150303247871471e-05 |   4.4150303247871471e-05 | 1
 23,  3 |   4.3717854891766768e-05 |   4.3717854891766768e-05 | 1
 23,  4 |   3.4710255814219672e-05 |   3.4710255814219672e-05 | 1
 23,  5 |   1.2455420053223966e-04 |   1.2455420053223966e-04 | 1
 23,  6 |   6.2563286971916815e-05 |   6.2563286971916815e-05 | 1
 23,  7 |   3.2505171996118223e-05 |   3.2505171996118223e-05 | 1
 23,  8 |   2.8938549474682849e-05 |   2.8938549474682849e-05 | 1
 23,  9 |   4.8900314742804047e-05 |   4.8900314742804047e-05 | 1
 23, 10 |  -1.8020630643078239e-05 |  -1.8020630643078239e-05 | 1
 23, 11 |   1.1706868110452610e-04 |   1.1706868110452610e-04 | 1
 23, 12 |   1.5653490857988811e-05 |   1.5653490857988811e-05 | 1
 23, 13 |   1.3557646276802781e-05 |   1.3557646276802781e-05 | 1
 23, 14 |   2.0366373299516069e-05 |   2.0366373299516069e-05 | 1
 23, 15 |  -1.5010750791475379e-04 |  -1.5010750791475379e-04 | 1
 23, 16 |   1.1068037590329646e-05 |   1.1068037590329646e-05 | 1
 23, 17 |   6.0766046357606536e-05 |   6.0766046357606536e-05 | 1
 23, 18 |   6.3418771458937634e-05 |   6.3418771458937634e-05 | 1
 23, 19 |   2.8682031243019213e-06 |   2.8682031243019213e-06 | 1
 23, 20 |   6.8781080805186751e-05 |   6.8781080805186751e-05 | 1
 23, 21 |   1.0630264726670936e-04 |   1.0630264726670936e-04 | 1
 23, 22 |   5.4444811765333253e-05 |   5.4444811765333253e-05 | 1
 23, 23 |   2.6217440127087311e-02 |   2.6217440127087311e-02 | 1
 23, 24 |   5.5187641829278241e-05 |   5.5187641829278241e-05 | 1
 23, 25 |   3.4396425342916589e-05 |   3.4396425342916589e-05 | 1
 23, 26 |   7.6965797923712718e-05 |   7.6965797923712718e-05 | 1
 23, 27 |   1.5198372572759066e-04 |   1.5198372572759066e-04 | 1
 23, 28 |   5.5410524999982357e-05 |   5.5410524999982357e-05 | 1
 23, 29 |   3.5554029115207904e-05 |   3.5554029115207904e-05 | 1
 23, 30 |   5.5569926752627055e-05 |   5.5569926752627055e-05 | 1
 23, 31 |   5.8911307952534200e-05 |   5.8911307952534200e-05 | 1
 23, 32 |   8.1965305334090157e-05 |   8.1965305334090157e-05 | 1
 23, 33 |  -1.8440469841756355e-04 |  -1.8440469841756355e-04 | 1
 23, 34 |   5.0078656858293280e-05 |   5.0078656858293280e-05 | 1
 23, 35 |  -5.8912722165619508e-05 |  -5.8912722165619508e-05 | 1
 23, 36 |  -4.5324731299614034e-05 |  -4.5324731299614034e-05 | 1
 23, 37 |  -5.0118306090879941e-05 |  -5.0118306090879941e-05 | 1
 23, 38 |  -6.3595123860155602e-05 |  -6.3595123860155602e-05 | 1
 23, 39 |  -2.4377621963377642e-05 |  -2.4377621963377642e-05 | 1
 23, 40 |   6.4222746605052477e-05 |   6.4222746605052477e-05 | 1
 23, 41 |  -8.0775921593495106e-05 |  -8.0775921593495106e-05 | 1
 24,  1 |   5.6705827102197956e-05 |   5.6705827102197956e-05 | 1
 24,  2 |   5.1663418054912312e-05 |   5.1663418054912312e-05 | 1
 24,  3 |   4.3867299815883897e-05 |   4.3867299815883897e-05 | 1
 24,  4 |   5.6725953505588583e-05 |   5.6725953505588583e-05 | 1
 24,  5 |   7.4376782869605017e-06 |   7.4376782869605017e-06 | 1
 24,  6 |   4.3090783837816603e-05 |   4.3090783837816603e-05 | 1
 24,  7 |   6.6440349940885643e-05 |   6.6440349940885643e-05 | 1
 24,  8 |   5.8858786610297553e-05 |   5.8858786610297553e-05 | 1
 24,  9 |   5.0820745443350417e-05 |   5.0820745443350417e-05 | 1
 24, 10 |   1.2984776765235609e-04 |   1.2984776765235609e-04 | 1
 24, 11 |   5.0128397004954193e-04 |   5.0128397004954193e-04 | 1
 24, 12 |   7.8886304675490447e-05 |   7.8886304675490447e-05 | 1
 24, 13 |   1.3334759552498058e-05 |   1.3334759552498058e-05 | 1
 24, 14 |   3.9906309116412975e-05 |   3.9906309116412975e-05 | 1
 24, 15 |   7.9355770271864496e-04 |   7.9355770271864496e-04 | 1
 24, 16 |   8.3369486497140283e-05 |   8.3369486497140283e-05 | 1
 24, 17 |   6.8750392520182174e-05 |   6.8750392520182174e-05 | 1
 24, 18 |   4.0179605195544499e-05 |   4.0179605195544499e-05 | 1
 24, 19 |   6.1587296675143374e-05 |   6.1587296675143374e-05 | 1
 24, 20 |   9.1930290620649069e-05 |   9.1930290620649069e-05 | 1
 24, 21 |   7.9637575736958932e-05 |   7.9637575736958932e-05 | 1
 24, 22 |   1.5810500692769016e-04 |   1.5810500692769016e-04 | 1
 24, 23 |   5.5187641829278241e-05 |   5.5187641829278241e-05 | 1
 24, 24 |   4.0282052180042587e-03 |   4.0282052180042587e-03 | 1
 24, 25 |   8.2183336360755461e-05 |   8.2183336360755461e-05 | 1
 24, 26 |   6.1759465852029250e-05 |   6.1759465852029250e-05 | 1
 24, 27 |   6.6980024024386291e-04 |   6.6980024024386291e-04 | 1
 24, 28 |   1.6838194908554366e-04 |   1.6838194908554366e-04 | 1
 24, 29 |   8.4043631621164938e-05 |   8.4043631621164938e-05 | 1
 24, 30 |   1.5127876658832800e-04 |   1.5127876658832800e-04 | 1
 24, 31 |   1.9810333373625135e-04 |   1.9810333373625135e-04 | 1
 24, 32 |  -2.3586774751871037e-05 |  -2.3586774751871037e-05 | 1
 24, 33 |  -4.7866287069930240e-04 |  -4.7866287069930240e-04 | 1
 24, 34 |   3.7860246983838946e-04 |   3.7860246983838946e-04 | 1
 24, 35 |  -6.0644741392892361e-05 |  -6.0644741392892361e-05 | 1
 24, 36 |  -4.9346990056326959e-05 |  -4.9346990056326959e-05 | 1
 24, 37 |  -5.3495126122011030e-05 |  -5.3495126122011030e-05 | 1
 24, 38 |  -5.7403199634187415e-05 |  -5.7403199634187415e-05 | 1
 24, 39 |  -2.9001923843879675e-05 |  -2.9001923843879675e-05 | 1
 24, 40 |   6.6890686991482410e-05 |   6.6890686991482410e-05 | 1
 24, 41 |   2.3396307290125550e-05 |   2.3396307290125550e-05 | 1
 25,  1 |   4.6032094576601232e-05 |   4.6032094576601232e-05 | 1
 25,  2 |   4.1271239533770618e-05 |   4.1271239533770618e-05 | 1
 25,  3 |   3.5136144450391316e-05 |   3.5136144450391316e-05 | 1
 25,  4 |   4.5175926430266479e-05 |   4.5175926430266479e-05 | 1
 25,  5 |   2.5233732322922153e-05 |   2.5233732322922153e-05 | 1
 25,  6 |   2.6487190682896697e-05 |   2.6487190682896697e-05 | 1
 25,  7 |   4.9379855757525026e-05 |   4.9379855757525026e-05 | 1
 25,  8 |   3.9072212112946309e-05 |   3.9072212112946309e-05 | 1
 25,  9 |   4.2903553273451487e-05 |   4.2903553273451487e-05 | 1
 25, 10 |   8.1824594942887037e-05 |   8.1824594942887037e-05 | 1
 25, 11 |   2.1222197670832572e-04 |   2.1222197670832572e-04 | 1
 25, 12 |   4.7335767632076414e-05 |   4.7335767632076414e-05 | 1
 25, 13 |   4.5518822042581514e-05 |   4.5518822042581514e-05 | 1
 25, 14 |   5.5562415456269154e-05 |   5.5562415456269154e-05 | 1
 25, 15 |   4.3012028399438485e-04 |   4.3012028399438485e-04 | 1
 25, 16 |   5.2479268663037818e-05 |   5.2479268663037818e-05 | 1
 25, 17 |   5.7677190143780898e-05 |   5.7677190143780898e-05 | 1
 25, 18 |   4.1188788360054958e-05 |   4.1188788360054958e-05 | 1
 25, 19 |   6.4219728187088620e-05 |   6.4219728187088620e-05 | 1
 25, 20 |   6.7185580747946492e-05 |   6.7185580747946492e-05 | 1
 25, 21 |   5.1758852422566765e-05 |   5.1758852422566765e-05 | 1
 25, 22 |   7.5470384801068377e-05 |   7.5470384801068377e-05 | 1
 25, 23 |   3.4396425342916589e-05 |   3.4396425342916589e-05 | 1
 25, 24 |   8.2183336360755461e-05 |   8.2183336360755461e-05 | 1
 25, 25 |   1.3112327599360922e-02 |   1.3112327599360922e-02 | 1
 25, 26 |   5.9195711756107209e-05 |   5.9195711756107209e-05 | 1
 25, 27 |   2.3389269541420151e-04 |   2.3389269541420151e-04 | 1
 25, 28 |   9.3710368734228165e-05 |   9.3710368734228165e-05 | 1
 25, 29 |   6.9311999781692250e-05 |   6.9311999781692250e-05 | 1
 25, 30 |   8.4316789730146550e-05 |   8.4316789730146550e-05 | 1
 25, 31 |   9.8294340252745891e-05 |   9.8294340252745891e-05 | 1
 25, 32 |  -2.5839881372691496e-05 |  -2.5839881372691496e-05 | 1
 25, 33 |  -1.3115127806584957e-04 |  -1.3115127806584957e-04 | 1
 25, 34 |   1.6426135560553581e-04 |   1.6426135560553581e-04 | 1
 25, 35 |  -3.8322455989458442e-05 |  -3.8322455989458442e-05 | 1
 25, 36 |  -4.5734104963022479e-05 |  -4.5734104963022479e-05 | 1
 25, 37 |  -5.0977601676737875e-05 |  -5.0977601676737875e-05 | 1
 25, 38 |  -5.3936364357033456e-05 |  -5.3936364357033456e-05 | 1
 25, 39 |  -1.9686170191364746e-05 |  -1.9686170191364746e-05 | 1
 25, 40 |   5.6120983975189697e-05 |   5.6120983975189697e-05 | 1
 25, 41 |   2.6470726752982341e-05 |   2.6470726752982341e-05 | 1
 26,  1 |   6.9002293558706601e-05 |   6.9002293558706601e-05 | 1
 26,  2 |   6.3011684877557224e-05 |   6.3011684877557224e-05 | 1
 26,  3 |   5.3582385242036232e-05 |   5.3582385242036232e-05 | 1
 26,  4 |   5.2044262227819894e-05 |   5.2044262227819894e-05 | 1
 26,  5 |   1.1053896803240687e-04 |   1.1053896803240687e-04 | 1
 26,  6 |   6.4436042790554768e-05 |   6.4436042790554768e-05 | 1
 26,  7 |   5.0999500618418536e-05 |   5.0999500618418536e-05 | 1
 26,  8 |   3.5959766515166009e-05 |   3.5959766515166009e-05 | 1
 26,  9 |   6.7779981431902804e-05 |   6.7779981431902804e-05 | 1
 26, 10 |   9.7486341834342850e-06 |   9.7486341834342850e-06 | 1
 26, 11 |   8.4770537735676249e-05 |   8.4770537735676249e-05 | 1
 26, 12 |   2.9006662960789435e-05 |   2.9006662960789435e-05 | 1
 26, 13 |   4.8167224995038078e-05 |   4.8167224995038078e-05 | 1
 26, 14 |   5.7726194191801077e-05 |   5.7726194191801077e-05 | 1
 26, 15 |   1.9999672428031709e-05 |   1.9999672428031709e-05 | 1
 26, 16 |   2.0377735047900640e-05 |   2.0377735047900640e-05 | 1
 26, 17 |   8.4031497065569053e-05 |   8.4031497065569053e-05 | 1
 26, 18 |   9.6027481919698640e-05 |   9.6027481919698640e-05 | 1
 26, 19 |   3.8452230242173760e-05 |   3.8452230242173760e-05 | 1
 26, 20 |   8.6649349307319550e-05 |   8.6649349307319550e-05 | 1
 26, 21 |   1.2247309781529959e-04 |   1.2247309781529959e-04 | 1
 26, 22 |   5.3477661909922506e-05 |   5.3477661909922506e-05 | 1
 26, 23 |   7.6965797923712718e-05 |   7.6965797923712718e-05 | 1
 26, 24 |   6.1759465852029250e-05 |   6.1759465852029250e-05 | 1
 26, 25 |   5.9195711756107209e-05 |   5.9195711756107209e-05 | 1
 26, 26 |   3.4137880666228609e-02 |   3.4137880666228609e-02 | 1
 26, 27 |   6.6524490762204707e-05 |   6.6524490762204707e-05 | 1
 26, 28 |   7.1158300624400060e-05 |   7.1158300624400060e-05 | 1
 26, 29 |   6.6292343167650216e-05 |   6.6292343167650216e-05 | 1
 26, 30 |   7.3845416738134461e-05 |   7.3845416738134461e-05 | 1
 26, 31 |   6.2537127235962964e-05 |   6.2537127235962964e-05 | 1
 26, 32 |   5.2922843256957865e-05 |   5.2922843256957865e-05 | 1
 26, 33 |  -7.1360024882439094e-05 |  -7.1360024882439094e-05 | 1
 26, 34 |   3.8104657121104512e-05 |   3.8104657121104512e-05 | 1
 26, 35 |  -7.4550002104439232e-05 |  -7.4550002104439232e-05 | 1
 26, 36 |  -8.2555251090893328e-05 |  -8.2555251090893328e-05 | 1
 26, 37 |  -9.1314593744966035e-05 |  -9.1314593744966035e-05 | 1
 26, 38 |  -8.2135224455005064e-05 |  -8.2135224455005064e-05 | 1
 26, 39 |  -1.0327056913054886e-05 |  -1.0327056913054886e-05 | 1
 26, 40 |   8.5868297831624880e-05 |   8.5868297831624880e-05 | 1
 26, 41 |  -5.3446388639544452e-05 |  -5.3446388639544452e-05 | 1
 27,  1 |   5.2096753536316065e-05 |   5.2096753536316065e-05 | 1
 27,  2 |   2.5237959134405940e-05 |   2.5237959134405940e-05 | 1
 27,  3 |   2.4492608597276455e-05 |   2.4492608597276455e-05 | 1
 27,  4 |  -8.6933423155270511e-05 |  -8.6933423155270511e-05 | 1
 27,  5 |  -2.5184286230178841e-04 |  -2.5184286230178841e-04 | 1
 27,  6 |   2.8677396401732553e-04 |   2.8677396401732553e-04 | 1
 27,  7 |   2.5250778013748346e-05 |   2.5250778013748346e-05 | 1
 27,  8 |   3.9996280544355177e-05 |   3.9996280544355177e-05 | 1
 27,  9 |   8.4501529462899071e-05 |   8.4501529462899071e-05 | 1
 27, 10 |  -4.1553961346933076e-05 |  -4.1553961346933076e-05 | 1
 27, 11 |   4.8435105260212167e-03 |   4.8435105260212167e-03 | 1
 27, 12 |   4.2353074767959394e-04 |   4.2353074767959394e-04 | 1
 27, 13 |  -1.0443450116031342e-03 |  -1.0443450116031342e-03 | 1
 27, 14 |  -7.3765202394123755e-04 |  -7.3765202394123755e-04 | 1
 27, 15 |   3.2244276026124901e-03 |   3.2244276026124901e-03 | 1
 27, 16 |   2.0665339726787832e-04 |   2.0665339726787832e-04 | 1
 27, 17 |   3.8005345104180285e-05 |   3.8005345104180285e-05 | 1
 27, 18 |  -4.1249814020431611e-05 |  -4.1249814020431611e-05 | 1
 27, 19 |  -6.3945881735980904e-04 |  -6.3945881735980904e-04 | 1
 27, 20 |   1.3117130357991747e-04 |   1.3117130357991747e-04 | 1
 27, 21 |   6.1527803206999133e-04 |   6.1527803206999133e-04 | 1
 27, 22 |   1.1891733762850064e-03 |   1.1891733762850064e-03 | 1
 27, 23 |   1.5198372572759066e-04 |   1.5198372572759066e-04 | 1
 27, 24 |   6.6980024024386291e-04 |   6.6980024024386291e-04 | 1
 27, 25 |   2.3389269541420151e-04 |   2.3389269541420151e-04 | 1
 27, 26 |   6.6524490762204707e-05 |   6.6524490762204707e-05 | 1
 27, 27 |   1.2307932719978223e-02 |   1.2307932719978223e-02 | 1
 27, 28 |   1.1908248650583664e-03 |   1.1908248650583664e-03 | 1
 27, 29 |  -2.4437072012786308e-05 |  -2.4437072012786308e-05 | 1
 27, 30 |   1.0620551104242096e-03 |   1.0620551104242096e-03 | 1
 27, 31 |   1.7107006045463335e-03 |   1.7107006045463335e-03 | 1
 27, 32 |   7.1592581836652913e-04 |   7.1592581836652913e-04 | 1
 27, 33 |  -7.5777535314849633e-03 |  -7.5777535314849633e-03 | 1
 27, 34 |   3.5252193693958416e-03 |   3.5252193693958416e-03 | 1
 27, 35 |  -6.4541071500324031e-05 |  -6.4541071500324031e-05 | 1
 27, 36 |  -5.7409505533986856e-05 |  -5.7409505533986856e-05 | 1
 27, 37 |  -5.9211379271424799e-05 |  -5.9211379271424799e-05 | 1
 27, 38 |  -6.6677335402777450e-05 |  -6.6677335402777450e-05 | 1
 27, 39 |  -7.8032966690439686e-06 |  -7.8032966690439686e-06 | 1
 27, 40 |   6.2681352470822269e-05 |   6.2681352470822269e-05 | 1
 27, 41 |  -7.1580618740455415e-04 |  -7.1580618740455415e-04 | 1
 28,  1 |   5.8720775613229533e-05 |   5.8720775613229533e-05 | 1
 28,  2 |   5.1764230263085781e-05 |   5.1764230263085781e-05 | 1
 28,  3 |   4.3140908360063637e-05 |   4.3140908360063637e-05 | 1
 28,  4 |   4.5033969053987608e-05 |   4.5033969053987608e-05 | 1
 28,  5 |  -1.0334291335152493e-05 |  -1.0334291335152493e-05 | 1
 28,  6 |   5.8847844693221484e-05 |   5.8847844693221484e-05 | 1
 28,  7 |   6.5197193767825576e-05 |   6.5197193767825576e-05 | 1
 28,  8 |   5.0431034698650493e-05 |   5.0431034698650493e-05 | 1
 28,  9 |   5.9742539631848577e-05 |   5.9742539631848577e-05 | 1
 28, 10 |   9.3581305448217498e-05 |   9.3581305448217498e-05 | 1
 28, 11 |   7.8631670539230415e-04 |   7.8631670539230415e-04 | 1
 28, 12 |   1.0237429816271107e-04 |   1.0237429816271107e-04 | 1
 28, 13 |  -6.6516831331691527e-05 |  -6.6516831331691527e-05 | 1
 28, 14 |  -1.6657396239855820e-05 |  -1.6657396239855820e-05 | 1
 28, 15 |   8.7384699530495299e-04 |   8.7384699530495299e-04 | 1
 28, 16 |   8.6807591834564969e-05 |   8.6807591834564969e-05 | 1
 28, 17 |   7.0676163199719417e-05 |   7.0676163199719417e-05 | 1
 28, 18 |   4.1831397827666419e-05 |   4.1831397827666419e-05 | 1
 28, 19 |   1.6387137796178959e-06 |   1.6387137796178959e-06 | 1
 28, 20 |   9.4250025533634926e-05 |   9.4250025533634926e-05 | 1
 28, 21 |   1.2212675392980421e-04 |   1.2212675392980421e-04 | 1
 28, 22 |   2.2069238977626290e-04 |   2.2069238977626290e-04 | 1
 28, 23 |   5.5410524999982357e-05 |   5.5410524999982357e-05 | 1
 28, 24 |   1.6838194908554366e-04 |   1.6838194908554366e-04 | 1
 28, 25 |   9.3710368734228165e-05 |   9.3710368734228165e-05 | 1
 28, 26 |   7.1158300624400060e-05 |   7.1158300624400060e-05 | 1
 28, 27 |   1.1908248650583664e-03 |   1.1908248650583664e-03 | 1
 28, 28 |   7.5296681942877905e-03 |   7.5296681942877905e-03 | 1
 28, 29 |   7.5900827515760995e-05 |   7.5900827515760995e-05 | 1
 28, 30 |   2.1401002959504564e-04 |   2.1401002959504564e-04 | 1
 28, 31 |   3.0581910046765268e-04 |   3.0581910046765268e-04 | 1
 28, 32 |   4.6733315008148772e-05 |   4.6733315008148772e-05 | 1
 28, 33 |  -9.9219153762077940e-04 |  -9.9219153762077940e-04 | 1
 28, 34 |   5.8456618935486264e-04 |   5.8456618935486264e-04 | 1
 28, 35 |  -5.0273041227354692e-05 |  -5.0273041227354692e-05 | 1
 28, 36 |  -6.4821637350691004e-05 |  -6.4821637350691004e-05 | 1
 28, 37 |  -5.8963531886528905e-05 |  -5.8963531886528905e-05 | 1
 28, 38 |  -6.1646166838842952e-05 |  -6.1646166838842952e-05 | 1
 28, 39 |  -2.7620658696053420e-05 |  -2.7620658696053420e-05 | 1
 28, 40 |   7.1106929291725988e-05 |   7.1106929291725988e-05 | 1
 28, 41 |  -4.6900978245773925e-05 |  -4.6900978245773925e-05 | 1
 29,  1 |   5.5891240524916645e-05 |   5.5891240524916645e-05 | 1
 29,  2 |   5.2016333006195032e-05 |   5.2016333006195032e-05 | 1
 29,  3 |   4.2554180568487340e-05 |   4.2554180568487340e-05 | 1
 29,  4 |   6.3127316974372972e-05 |   6.3127316974372972e-05 | 1
 29,  5 |   3.0206585190796227e-05 |   3.0206585190796227e-05 | 1
 29,  6 |   2.0466565273916637e-05 |   2.0466565273916637e-05 | 1
 29,  7 |   6.7120618073557905e-05 |   6.7120618073557905e-05 | 1
 29,  8 |   5.1858491033808507e-05 |   5.1858491033808507e-05 | 1
 29,  9 |   5.1405099482710433e-05 |   5.1405099482710433e-05 | 1
 29, 10 |   1.2509653838276347e-04 |   1.2509653838276347e-04 | 1
 29, 11 |   8.8125634109811752e-05 |   8.8125634109811752e-05 | 1
 29, 12 |   4.6976800980686676e-05 |   4.6976800980686676e-05 | 1
 29, 13 |   1.0163138154278448e-04 |   1.0163138154278448e-04 | 1
 29, 14 |   1.0261756907896017e-04 |   1.0261756907896017e-04 | 1
 29, 15 |   4.9471322888311280e-04 |   4.9471322888311280e-04 | 1
 29, 16 |   6.4088024110152230e-05 |   6.4088024110152230e-05 | 1
 29, 17 |   7.1944805849514045e-05 |   7.1944805849514045e-05 | 1
 29, 18 |   4.9866474590115525e-05 |   4.9866474590115525e-05 | 1
 29, 19 |   1.1361665067282361e-04 |   1.1361665067282361e-04 | 1
 29, 20 |   8.2225672845556187e-05 |   8.2225672845556187e-05 | 1
 29, 21 |   3.5588877084993242e-05 |   3.5588877084993242e-05 | 1
 29, 22 |   5.4139520747376133e-05 |   5.4139520747376133e-05 | 1
 29, 23 |   3.5554029115207904e-05 |   3.5554029115207904e-05 | 1
 29, 24 |   8.4043631621164938e-05 |   8.4043631621164938e-05 | 1
 29, 25 |   6.9311999781692250e-05 |   6.9311999781692250e-05 | 1
 29, 26 |   6.6292343167650216e-05 |   6.6292343167650216e-05 | 1
 29, 27 |  -2.4437072012786308e-05 |  -2.4437072012786308e-05 | 1
 29, 28 |   7.5900827515760995e-05 |   7.5900827515760995e-05 | 1
 29, 29 |   1.1428395048471283e-02 |   1.1428395048471283e-02 | 1
 29, 30 |   6.8238259727522956e-05 |   6.8238259727522956e-05 | 1
 29, 31 |   6.2954409484290680e-05 |   6.2954409484290680e-05 | 1
 29, 32 |  -7.5266465960429577e-05 |  -7.5266465960429577e-05 | 1
 29, 33 |   1.4426605948932071e-04 |   1.4426605948932071e-04 | 1
 29, 34 |   8.1918781836884185e-05 |   8.1918781836884185e-05 | 1
 29, 35 |  -4.7747816558170190e-05 |  -4.7747816558170190e-05 | 1
 29, 36 |  -5.6877189227972536e-05 |  -5.6877189227972536e-05 | 1
 29, 37 |  -6.2280953526001328e-05 |  -6.2280953526001328e-05 | 1
 29, 38 |  -6.4230376505516543e-05 |  -6.4230376505516543e-05 | 1
 29, 39 |  -2.2880207989938922e-05 |  -2.2880207989938922e-05 | 1
 29, 40 |   6.7868969121204898e-05 |   6.7868969121204898e-05 | 1
 29, 41 |   7.6102842833523010e-05 |   7.6102842833523010e-05 | 1
 30,  1 |   5.6357896726916411e-05 |   5.6357896726916411e-05 | 1
 30,  2 |   4.9164468010033233e-05 |   4.9164468010033233e-05 | 1
 30,  3 |   3.9596529480148411e-05 |   3.9596529480148411e-05 | 1
 30,  4 |   3.9263786536206750e-05 |   3.9263786536206750e-05 | 1
 30,  5 |   1.9817594158740319e-05 |   1.9817594158740319e-05 | 1
 30,  6 |   6.6576107990435178e-05 |   6.6576107990435178e-05 | 1
 30,  7 |   5.5095769506334521e-05 |   5.5095769506334521e-05 | 1
 30,  8 |   4.5914147326424844e-05 |   4.5914147326424844e-05 | 1
 30,  9 |   5.9466169804205191e-05 |   5.9466169804205191e-05 | 1
 30, 10 |   6.9112723124494147e-05 |   6.9112723124494147e-05 | 1
 30, 11 |   6.9963845212752860e-04 |   6.9963845212752860e-04 | 1
 30, 12 |   8.5392182823828449e-05 |   8.5392182823828449e-05 | 1
 30, 13 |  -6.0200646869754416e-05 |  -6.0200646869754416e-05 | 1
 30, 14 |  -1.1777203834659179e-05 |  -1.1777203834659179e-05 | 1
 30, 15 |   7.1184923543507125e-04 |   7.1184923543507125e-04 | 1
 30, 16 |   7.4318691881647896e-05 |   7.4318691881647896e-05 | 1
 30, 17 |   6.8357812927714439e-05 |   6.8357812927714439e-05 | 1
 30, 18 |   4.4609605989830086e-05 |   4.4609605989830086e-05 | 1
 30, 19 |  -2.3135072670879840e-06 |  -2.3135072670879840e-06 | 1
 30, 20 |   8.5298907677413641e-05 |   8.5298907677413641e-05 | 1
 30, 21 |   1.3065284724887087e-04 |   1.3065284724887087e-04 | 1
 30, 22 |   1.9647080672753934e-04 |   1.9647080672753934e-04 | 1
 30, 23 |   5.5569926752627055e-05 |   5.5569926752627055e-05 | 1
 30, 24 |   1.5127876658832800e-04 |   1.5127876658832800e-04 | 1
 30, 25 |   8.4316789730146550e-05 |   8.4316789730146550e-05 | 1
 30, 26 |   7.3845416738134461e-05 |   7.3845416738134461e-05 | 1
 30, 27 |   1.0620551104242096e-03 |   1.0620551104242096e-03 | 1
 30, 28 |   2.1401002959504564e-04 |   2.1401002959504564e-04 | 1
 30, 29 |   6.8238259727522956e-05 |   6.8238259727522956e-05 | 1
 30, 30 |   1.0133474150638241e-02 |   1.0133474150638241e-02 | 1
 30, 31 |   2.6919499606643392e-04 |   2.6919499606643392e-04 | 1
 30, 32 |   5.8281155116460902e-05 |   5.8281155116460902e-05 | 1
 30, 33 |  -8.9561031009166364e-04 |  -8.9561031009166364e-04 | 1
 30, 34 |   5.0819104921955114e-04 |   5.0819104921955114e-04 | 1
 30, 35 |  -4.8376059100740387e-05 |  -4.8376059100740387e-05 | 1
 30, 36 |  -5.2610790308697357e-05 |  -5.2610790308697357e-05 | 1
 30, 37 |  -6.5464323570265629e-05 |  -6.5464323570265629e-05 | 1
 30, 38 |  -5.8805366768544270e-05 |  -5.8805366768544270e-05 | 1
 30, 39 |  -2.7153346057068590e-05 |  -2.7153346057068590e-05 | 1
 30, 40 |   6.9602666325719131e-05 |   6.9602666325719131e-05 | 1
 30, 41 |  -5.8017803920967255e-05 |  -5.8017803920967255e-05 | 1
 31,  1 |   5.3549497397124761e-05 |   5.3549497397124761e-05 | 1
 31,  2 |   4.1764411172092510e-05 |   4.1764411172092510e-05 | 1
 31,  3 |   3.8656909656462308e-05 |   3.8656909656462308e-05 | 1
 31,  4 |   2.7723363949448316e-05 |   2.7723363949448316e-05 | 1
 31,  5 |  -2.1675349887972929e-05 |  -2.1675349887972929e-05 | 1
 31,  6 |   7.4503254058765577e-05 |   7.4503254058765577e-05 | 1
 31,  7 |   5.6053252494872287e-05 |   5.6053252494872287e-05 | 1
 31,  8 |   4.5709165885701259e-05 |   4.5709165885701259e-05 | 1
 31,  9 |   5.7672459643672224e-05 |   5.7672459643672224e-05 | 1
 31, 10 |   7.7295330299616676e-05 |   7.7295330299616676e-05 | 1
 31, 11 |   1.0737689047920478e-03 |   1.0737689047920478e-03 | 1
 31, 12 |   1.2297712648832025e-04 |   1.2297712648832025e-04 | 1
 31, 13 |  -1.4226699766963738e-04 |  -1.4226699766963738e-04 | 1
 31, 14 |  -7.7676377448636846e-05 |  -7.7676377448636846e-05 | 1
 31, 15 |   9.6151350317052434e-04 |   9.6151350317052434e-04 | 1
 31, 16 |   9.2604108779018490e-05 |   9.2604108779018490e-05 | 1
 31, 17 |   6.1920220490638880e-05 |   6.1920220490638880e-05 | 1
 31, 18 |   2.2422588281225033e-05 |   2.2422588281225033e-05 | 1
 31, 19 |  -5.4818602439353153e-05 |  -5.4818602439353153e-05 | 1
 31, 20 |   8.5925351815682044e-05 |   8.5925351815682044e-05 | 1
 31, 21 |   1.5609306231188709e-04 |   1.5609306231188709e-04 | 1
 31, 22 |   2.8508114340602899e-04 |   2.8508114340602899e-04 | 1
 31, 23 |   5.8911307952534200e-05 |   5.8911307952534200e-05 | 1
 31, 24 |   1.9810333373625135e-04 |   1.9810333373625135e-04 | 1
 31, 25 |   9.8294340252745891e-05 |   9.8294340252745891e-05 | 1
 31, 26 |   6.2537127235962964e-05 |   6.2537127235962964e-05 | 1
 31, 27 |   1.7107006045463335e-03 |   1.7107006045463335e-03 | 1
 31, 28 |   3.0581910046765268e-04 |   3.0581910046765268e-04 | 1
 31, 29 |   6.2954409484290680e-05 |   6.2954409484290680e-05 | 1
 31, 30 |   2.6919499606643392e-04 |   2.6919499606643392e-04 | 1
 31, 31 |   2.2007832476451432e-02 |   2.2007832476451432e-02 | 1
 31, 32 |   1.0147385362659954e-04 |   1.0147385362659954e-04 | 1
 31, 33 |  -1.4831320739431863e-03 |  -1.4831320739431863e-03 | 1
 31, 34 |   7.9332640078421182e-04 |   7.9332640078421182e-04 | 1
 31, 35 |  -3.5656189338478217e-05 |  -3.5656189338478217e-05 | 1
 31, 36 |  -4.8759687265455333e-05 |  -4.8759687265455333e-05 | 1
 31, 37 |  -4.9752253362997168e-05 |  -4.9752253362997168e-05 | 1
 31, 38 |  -6.5206397113866583e-05 |  -6.5206397113866583e-05 | 1
 31, 39 |  -3.0603022249899004e-05 |  -3.0603022249899004e-05 | 1
 31, 40 |   6.3890436302044935e-05 |   6.3890436302044935e-05 | 1
 31, 41 |  -9.9518208891841424e-05 |  -9.9518208891841424e-05 | 1
 32,  1 |   1.3988678169517831e-05 |   1.3988678169517831e-05 | 1
 32,  2 |  -3.6392984840813588e-04 |  -3.6392984840813588e-04 | 1
 32,  3 |   1.3469242470494674e-05 |   1.3469242470494674e-05 | 1
 32,  4 |  -4.6158080061570269e-05 |  -4.6158080061570269e-05 | 1
 32,  5 |   1.4569145689449076e-04 |   1.4569145689449076e-04 | 1
 32,  6 |   9.5601887617574529e-05 |   9.5601887617574529e-05 | 1
 32,  7 |  -4.5165615909422265e-05 |  -4.5165615909422265e-05 | 1
 32,  8 |  -3.9501050687596048e-05 |  -3.9501050687596048e-05 | 1
 32,  9 |   2.7337992704771971e-05 |   2.7337992704771971e-05 | 1
 32, 10 |  -2.5330703744845572e-04 |  -2.5330703744845572e-04 | 1
 32, 11 |   2.8939257201981029e-04 |   2.8939257201981029e-04 | 1
 32, 12 |  -2.0286408130681383e-05 |  -2.0286408130681383e-05 | 1
 32, 13 |  -1.9732470331480415e-04 |  -1.9732470331480415e-04 | 1
 32, 14 |  -1.6371004562894438e-04 |  -1.6371004562894438e-04 | 1
 32, 15 |  -9.7369588893511932e-04 |  -9.7369588893511932e-04 | 1
 32, 16 |  -7.7747162991759195e-05 |  -7.7747162991759195e-05 | 1
 32, 17 |   3.7023383927188672e-06 |   3.7023383927188672e-06 | 1
 32, 18 |   4.8563785564741440e-05 |   4.8563785564741440e-05 | 1
 32, 19 |  -2.2238463916217659e-04 |  -2.2238463916217659e-04 | 1
 32, 20 |  -1.2663137573122532e-05 |  -1.2663137573122532e-05 | 1
 32, 21 |   1.8876233874567629e-04 |   1.8876233874567629e-04 | 1
 32, 22 |   6.6295552547180497e-05 |   6.6295552547180497e-05 | 1
 32, 23 |   8.1965305334090157e-05 |   8.1965305334090157e-05 | 1
 32, 24 |  -2.3586774751871037e-05 |  -2.3586774751871037e-05 | 1
 32, 25 |  -2.5839881372691496e-05 |  -2.5839881372691496e-05 | 1
 32, 26 |   5.2922843256957865e-05 |   5.2922843256957865e-05 | 1
 32, 27 |   7.1592581836652913e-04 |   7.1592581836652913e-04 | 1
 32, 28 |   4.6733315008148772e-05 |   4.6733315008148772e-05 | 1
 32, 29 |  -7.5266465960429577e-05 |  -7.5266465960429577e-05 | 1
 32, 30 |   5.8281155116460902e-05 |   5.8281155116460902e-05 | 1
 32, 31 |   1.0147385362659954e-04 |   1.0147385362659954e-04 | 1
 32, 32 |   4.3194857611896241e-04 |   4.3194857611896241e-04 | 1
 32, 33 |  -9.5384485610844815e-04 |  -9.5384485610844815e-04 | 1
 32, 34 |   1.2378394721662792e-04 |   1.2378394721662792e-04 | 1
 32, 35 |  -9.4299646722128036e-06 |  -9.4299646722128036e-06 | 1
 32, 36 |  -1.4768054066528799e-05 |  -1.4768054066528799e-05 | 1
 32, 37 |  -1.8505726700578199e-05 |  -1.8505726700578199e-05 | 1
 32, 38 |  -2.3168096900362238e-05 |  -2.3168096900362238e-05 | 1
 32, 39 |  -1.8972851791896275e-06 |  -1.8972851791896275e-06 | 1
 32, 40 |   1.7152341836496173e-05 |   1.7152341836496173e-05 | 1
 32, 41 |  -4.3096770791847540e-04 |  -4.3096770791847540e-04 | 1
 33,  1 |  -2.7007357399509396e-05 |  -2.7007357399509396e-05 | 1
 33,  2 |   6.0333976021321567e-06 |   6.0333976021321567e-06 | 1
 33,  3 |  -1.0098936878670283e-05 |  -1.0098936878670283e-05 | 1
 33,  4 |   1.5305576023939173e-04 |   1.5305576023939173e-04 | 1
 33,  5 |   8.2045144741645554e-05 |   8.2045144741645554e-05 | 1
 33,  6 |  -3.2293834883975834e-04 |  -3.2293834883975834e-04 | 1
 33,  7 |   5.7753854444757285e-05 |   5.7753854444757285e-05 | 1
 33,  8 |   3.6809801447034910e-05 |   3.6809801447034910e-05 | 1
 33,  9 |  -7.1192029046519942e-05 |  -7.1192029046519942e-05 | 1
 33, 10 |   3.5841216251320614e-04 |   3.5841216251320614e-04 | 1
 33, 11 |  -4.2356503064357783e-03 |  -4.2356503064357783e-03 | 1
 33, 12 |  -3.0521928923889680e-04 |  -3.0521928923889680e-04 | 1
 33, 13 |   1.1159526003770110e-03 |   1.1159526003770110e-03 | 1
 33, 14 |   8.2697348410087175e-04 |   8.2697348410087175e-04 | 1
 33, 15 |  -1.4006611416554366e-03 |  -1.4006611416554366e-03 | 1
 33, 16 |  -5.8129490302451470e-05 |  -5.8129490302451470e-05 | 1
 33, 17 |   2.7298142400811501e-06 |   2.7298142400811501e-06 | 1
 33, 18 |   1.6127623308647287e-05 |   1.6127623308647287e-05 | 1
 33, 19 |   8.1881892443975296e-04 |   8.1881892443975296e-04 | 1
 33, 20 |  -5.0251769426174694e-05 |  -5.0251769426174694e-05 | 1
 33, 21 |  -6.8273308600976055e-04 |  -6.8273308600976055e-04 | 1
 33, 22 |  -1.0112094379787946e-03 |  -1.0112094379787946e-03 | 1
 33, 23 |  -1.8440469841756355e-04 |  -1.8440469841756355e-04 | 1
 33, 24 |  -4.7866287069930240e-04 |  -4.7866287069930240e-04 | 1
 33, 25 |  -1.3115127806584957e-04 |  -1.3115127806584957e-04 | 1
 33, 26 |  -7.1360024882439094e-05 |  -7.1360024882439094e-05 | 1
 33, 27 |  -7.5777535314849633e-03 |  -7.5777535314849633e-03 | 1
 33, 28 |  -9.9219153762077940e-04 |  -9.9219153762077940e-04 | 1
 33, 29 |   1.4426605948932071e-04 |   1.4426605948932071e-04 | 1
 33, 30 |  -8.9561031009166364e-04 |  -8.9561031009166364e-04 | 1
 33, 31 |  -1.4831320739431863e-03 |  -1.4831320739431863e-03 | 1
 33, 32 |  -9.5384485610844815e-04 |  -9.5384485610844815e-04 | 1
 33, 33 |   7.2935726317140135e-03 |   7.2935726317140135e-03 | 1
 33, 34 |  -2.9894013899851497e-03 |  -2.9894013899851497e-03 | 1
 33, 35 |   2.9121668996385200e-05 |   2.9121668996385200e-05 | 1
 33, 36 |   3.5826796424594248e-05 |   3.5826796424594248e-05 | 1
 33, 37 |   3.3103471855727645e-05 |   3.3103471855727645e-05 | 1
 33, 38 |   4.6532329081278918e-05 |   4.6532329081278918e-05 | 1
 33, 39 |  -3.3669773520696093e-06 |  -3.3669773520696093e-06 | 1
 33, 40 |  -3.2729093433825955e-05 |  -3.2729093433825955e-05 | 1
 33, 41 |   9.5260387203623966e-04 |   9.5260387203623966e-04 | 1
 34,  1 |   5.0260785880999271e-05 |   5.0260785880999271e-05 | 1
 34,  2 |   4.1267285398889834e-05 |   4.1267285398889834e-05 | 1
 34,  3 |   2.9974112705877371e-05 |   2.9974112705877371e-05 | 1
 34,  4 |   2.1864594153064069e-05 |   2.1864594153064069e-05 | 1
 34,  5 |  -1.7918753840835385e-04 |  -1.7918753840835385e-04 | 1
 34,  6 |   9.7159036480485742e-05 |   9.7159036480485742e-05 | 1
 34,  7 |   7.8870269723713940e-05 |   7.8870269723713940e-05 | 1
 34,  8 |   7.1749353599047104e-05 |   7.1749353599047104e-05 | 1
 34,  9 |   5.5468110087054691e-05 |   5.5468110087054691e-05 | 1
 34, 10 |   1.9048980242132102e-04 |   1.9048980242132102e-04 | 1
 34, 11 |   2.1905290554441043e-03 |   2.1905290554441043e-03 | 1
 34, 12 |   2.3839658080863847e-04 |   2.3839658080863847e-04 | 1
 34, 13 |  -3.2905029392400937e-04 |  -3.2905029392400937e-04 | 1
 34, 14 |  -1.9848851771063128e-04 |  -1.9848851771063128e-04 | 1
 34, 15 |   2.3242989204393348e-03 |   2.3242989204393348e-03 | 1
 34, 16 |   1.7996346465210374e-04 |   1.7996346465210374e-04 | 1
 34, 17 |   5.8490679810823307e-05 |   5.8490679810823307e-05 | 1
 34, 18 |  -2.0089330962654493e-05 |  -2.0089330962654493e-05 | 1
 34, 19 |  -1.1994571142538425e-04 |  -1.1994571142538425e-04 | 1
 34, 20 |   1.1789508399437246e-04 |   1.1789508399437246e-04 | 1
 34, 21 |   2.1184391322653516e-04 |   2.1184391322653516e-04 | 1
 34, 22 |   5.5683374275965691e-04 |   5.5683374275965691e-04 | 1
 34, 23 |   5.0078656858293280e-05 |   5.0078656858293280e-05 | 1
 34, 24 |   3.7860246983838946e-04 |   3.7860246983838946e-04 | 1
 34, 25 |   1.6426135560553581e-04 |   1.6426135560553581e-04 | 1
 34, 26 |   3.8104657121104512e-05 |   3.8104657121104512e-05 | 1
 34, 27 |   3.5252193693958416e-03 |   3.5252193693958416e-03 | 1
 34, 28 |   5.8456618935486264e-04 |   5.8456618935486264e-04 | 1
 34, 29 |   8.1918781836884185e-05 |   8.1918781836884185e-05 | 1
 34, 30 |   5.0819104921955114e-04 |   5.0819104921955114e-04 | 1
 34, 31 |   7.9332640078421182e-04 |   7.9332640078421182e-04 | 1
 34, 32 |   1.2378394721662792e-04 |   1.2378394721662792e-04 | 1
 34, 33 |  -2.9894013899851497e-03 |  -2.9894013899851497e-03 | 1
 34, 34 |   2.3978704714873343e-03 |   2.3978704714873343e-03 | 1
 34, 35 |  -5.0459007965586753e-05 |  -5.0459007965586753e-05 | 1
 34, 36 |  -5.0784444229569308e-05 |  -5.0784444229569308e-05 | 1
 34, 37 |  -4.7208264920435835e-05 |  -4.7208264920435835e-05 | 1
 34, 38 |  -5.3943303096890761e-05 |  -5.3943303096890761e-05 | 1
 34, 39 |  -2.3106262604145920e-05 |  -2.3106262604145920e-05 | 1
 34, 40 |   6.0022439403657776e-05 |   6.0022439403657776e-05 | 1
 34, 41 |  -1.2373610155101198e-04 |  -1.2373610155101198e-04 | 1
 35,  1 |  -4.5744443201527237e-05 |  -4.5744443201527237e-05 | 1
 35,  2 |  -4.2604413715104967e-05 |  -4.2604413715104967e-05 | 1
 35,  3 |  -4.0327231627789643e-05 |  -4.0327231627789643e-05 | 1
 35,  4 |  -4.1291564998579167e-05 |  -4.1291564998579167e-05 | 1
 35,  5 |  -6.0030044890153836e-05 |  -6.0030044890153836e-05 | 1
 35,  6 |  -4.0258541627644732e-05 |  -4.0258541627644732e-05 | 1
 35,  7 |  -2.7059846881703443e-05 |  -2.7059846881703443e-05 | 1
 35,  8 |  -3.1817838189294878e-05 |  -3.1817838189294878e-05 | 1
 35,  9 |  -3.5072347648200448e-05 |  -3.5072347648200448e-05 | 1
 35, 10 |  -3.2335205891092642e-05 |  -3.2335205891092642e-05 | 1
 35, 11 |  -7.9652543126794423e-05 |  -7.9652543126794423e-05 | 1
 35, 12 |  -2.8136225146193528e-05 |  -2.8136225146193528e-05 | 1
 35, 13 |  -4.6233171037828861e-05 |  -4.6233171037828861e-05 | 1
 35, 14 |  -4.0971921480176802e-05 |  -4.0971921480176802e-05 | 1
 35, 15 |  -1.7848487683910970e-04 |  -1.7848487683910970e-04 | 1
 35, 16 |  -1.7939332581691318e-05 |  -1.7939332581691318e-05 | 1
 35, 17 |  -5.2416394512814589e-05 |  -5.2416394512814589e-05 | 1
 35, 18 |  -6.4003536088072538e-05 |  -6.4003536088072538e-05 | 1
 35, 19 |  -4.4849664490585525e-05 |  -4.4849664490585525e-05 | 1
 35, 20 |  -6.7387999626499886e-05 |  -6.7387999626499886e-05 | 1
 35, 21 |  -6.7630057213974079e-05 |  -6.7630057213974079e-05 | 1
 35, 22 |  -4.7721074260155587e-05 |  -4.7721074260155587e-05 | 1
 35, 23 |  -5.8912722165619508e-05 |  -5.8912722165619508e-05 | 1
 35, 24 |  -6.0644741392892361e-05 |  -6.0644741392892361e-05 | 1
 35, 25 |  -3.8322455989458442e-05 |  -3.8322455989458442e-05 | 1
 35, 26 |  -7.4550002104439232e-05 |  -7.4550002104439232e-05 | 1
 35, 27 |  -6.4541071500324031e-05 |  -6.4541071500324031e-05 | 1
 35, 28 |  -5.0273041227354692e-05 |  -5.0273041227354692e-05 | 1
 35, 29 |  -4.7747816558170190e-05 |  -4.7747816558170190e-05 | 1
 35, 30 |  -4.8376059100740387e-05 |  -4.8376059100740387e-05 | 1
 35, 31 |  -3.5656189338478217e-05 |  -3.5656189338478217e-05 | 1
 35, 32 |  -9.4299646722128036e-06 |  -9.4299646722128036e-06 | 1
 35, 33 |   2.9121668996385200e-05 |   2.9121668996385200e-05 | 1
 35, 34 |  -5.0459007965586753e-05 |  -5.0459007965586753e-05 | 1
 35, 35 |   6.9176442543478672e-05 |   6.9176442543478672e-05 | 1
 35, 36 |   5.5067353394112042e-05 |   5.5067353394112042e-05 | 1
 35, 37 |   5.3903553120509927e-05 |   5.3903553120509927e-05 | 1
 35, 38 |   5.4113734067333071e-05 |   5.4113734067333071e-05 | 1
 35, 39 |   7.1314815929361867e-07 |   7.1314815929361867e-07 | 1
 35, 40 |  -5.4788677054924032e-05 |  -5.4788677054924032e-05 | 1
 35, 41 |   1.0346927053384673e-05 |   1.0346927053384673e-05 | 1
 36,  1 |  -4.9375775962576536e-05 |  -4.9375775962576536e-05 | 1
 36,  2 |  -4.6065583550644560e-05 |  -4.6065583550644560e-05 | 1
 36,  3 |  -4.2355153833040378e-05 |  -4.2355153833040378e-05 | 1
 36,  4 |  -4.2532480095706082e-05 |  -4.2532480095706082e-05 | 1
 36,  5 |  -4.5972316348354650e-05 |  -4.5972316348354650e-05 | 1
 36,  6 |  -3.1090140997626208e-05 |  -3.1090140997626208e-05 | 1
 36,  7 |  -3.6062056075606379e-05 |  -3.6062056075606379e-05 | 1
 36,  8 |  -2.6223515540013433e-05 |  -2.6223515540013433e-05 | 1
 36,  9 |  -4.3235768669187412e-05 |  -4.3235768669187412e-05 | 1
 36, 10 |  -2.1252201013583565e-05 |  -2.1252201013583565e-05 | 1
 36, 11 |  -7.0846952946279157e-05 |  -7.0846952946279157e-05 | 1
 36, 12 |  -3.4739168969348706e-05 |  -3.4739168969348706e-05 | 1
 36, 13 |  -4.7470890494631767e-05 |  -4.7470890494631767e-05 | 1
 36, 14 |  -4.5792469198192294e-05 |  -4.5792469198192294e-05 | 1
 36, 15 |  -1.5896298492366440e-04 |  -1.5896298492366440e-04 | 1
 36, 16 |  -1.9119275044646588e-05 |  -1.9119275044646588e-05 | 1
 36, 17 |  -6.0137229445527990e-05 |  -6.0137229445527990e-05 | 1
 36, 18 |  -7.2431136565795942e-05 |  -7.2431136565795942e-05 | 1
 36, 19 |  -4.4334553227068641e-05 |  -4.4334553227068641e-05 | 1
 36, 20 |  -6.7025864010944919e-05 |  -6.7025864010944919e-05 | 1
 36, 21 |  -6.6056600319987452e-05 |  -6.6056600319987452e-05 | 1
 36, 22 |  -3.8415197193803831e-05 |  -3.8415197193803831e-05 | 1
 36, 23 |  -4.5324731299614034e-05 |  -4.5324731299614034e-05 | 1
 36, 24 |  -4.9346990056326959e-05 |  -4.9346990056326959e-05 | 1
 36, 25 |  -4.5734104963022479e-05 |  -4.5734104963022479e-05 | 1
 36, 26 |  -8.2555251090893328e-05 |  -8.2555251090893328e-05 | 1
 36, 27 |  -5.7409505533986856e-05 |  -5.7409505533986856e-05 | 1
 36, 28 |  -6.4821637350691004e-05 |  -6.4821637350691004e-05 | 1
 36, 29 |  -5.6877189227972536e-05 |  -5.6877189227972536e-05 | 1
 36, 30 |  -5.2610790308697357e-05 |  -5.2610790308697357e-05 | 1
 36, 31 |  -4.8759687265455333e-05 |  -4.8759687265455333e-05 | 1
 36, 32 |  -1.4768054066528799e-05 |  -1.4768054066528799e-05 | 1
 36, 33 |   3.5826796424594248e-05 |   3.5826796424594248e-05 | 1
 36, 34 |  -5.0784444229569308e-05 |  -5.0784444229569308e-05 | 1
 36, 35 |   5.5067353394112042e-05 |   5.5067353394112042e-05 | 1
 36, 36 |   7.3941514731045902e-05 |   7.3941514731045902e-05 | 1
 36, 37 |   6.1668832131637027e-05 |   6.1668832131637027e-05 | 1
 36, 38 |   6.1740691858044205e-05 |   6.1740691858044205e-05 | 1
 36, 39 |   6.5468873281404615e-07 |   6.5468873281404615e-07 | 1
 36, 40 |  -6.1519619073518541e-05 |  -6.1519619073518541e-05 | 1
 36, 41 |   1.5698268254270530e-05 |   1.5698268254270530e-05 | 1
 37,  1 |  -5.2321213577566910e-05 |  -5.2321213577566910e-05 | 1
 37,  2 |  -4.7510800422972888e-05 |  -4.7510800422972888e-05 | 1
 37,  3 |  -4.2191102875091221e-05 |  -4.2191102875091221e-05 | 1
 37,  4 |  -4.0510473310114168e-05 |  -4.0510473310114168e-05 | 1
 37,  5 |  -7.0336939085484477e-05 |  -7.0336939085484477e-05 | 1
 37,  6 |  -4.3923037804421370e-05 |  -4.3923037804421370e-05 | 1
 37,  7 |  -3.2456971777257285e-05 |  -3.2456971777257285e-05 | 1
 37,  8 |  -2.8445730128478811e-05 |  -2.8445730128478811e-05 | 1
 37,  9 |  -5.0679275123665482e-05 |  -5.0679275123665482e-05 | 1
 37, 10 |  -2.2734109285912401e-05 |  -2.2734109285912401e-05 | 1
 37, 11 |  -7.5735372589865108e-05 |  -7.5735372589865108e-05 | 1
 37, 12 |  -3.1708555714282210e-05 |  -3.1708555714282210e-05 | 1
 37, 13 |  -5.1828706945659692e-05 |  -5.1828706945659692e-05 | 1
 37, 14 |  -5.2007127652718411e-05 |  -5.2007127652718411e-05 | 1
 37, 15 |  -1.4247499168270529e-04 |  -1.4247499168270529e-04 | 1
 37, 16 |  -1.9569931186976149e-05 |  -1.9569931186976149e-05 | 1
 37, 17 |  -6.4871168839646321e-05 |  -6.4871168839646321e-05 | 1
 37, 18 |  -7.5432105233709136e-05 |  -7.5432105233709136e-05 | 1
 37, 19 |  -4.9272493774619525e-05 |  -4.9272493774619525e-05 | 1
 37, 20 |  -6.3265737118554602e-05 |  -6.3265737118554602e-05 | 1
 37, 21 |  -8.7215978111727488e-05 |  -8.7215978111727488e-05 | 1
 37, 22 |  -4.2659882217420034e-05 |  -4.2659882217420034e-05 | 1
 37, 23 |  -5.0118306090879941e-05 |  -5.0118306090879941e-05 | 1
 37, 24 |  -5.3495126122011030e-05 |  -5.3495126122011030e-05 | 1
 37, 25 |  -5.0977601676737875e-05 |  -5.0977601676737875e-05 | 1
 37, 26 |  -9.1314593744966035e-05 |  -9.1314593744966035e-05 | 1
 37, 27 |  -5.9211379271424799e-05 |  -5.9211379271424799e-05 | 1
 37, 28 |  -5.8963531886528905e-05 |  -5.8963531886528905e-05 | 1
 37, 29 |  -6.2280953526001328e-05 |  -6.2280953526001328e-05 | 1
 37, 30 |  -6.5464323570265629e-05 |  -6.5464323570265629e-05 | 1
 37, 31 |  -4.9752253362997168e-05 |  -4.9752253362997168e-05 | 1
 37, 32 |  -1.8505726700578199e-05 |  -1.8505726700578199e-05 | 1
 37, 33 |   3.3103471855727645e-05 |   3.3103471855727645e-05 | 1
 37, 34 |  -4.7208264920435835e-05 |  -4.7208264920435835e-05 | 1
 37, 35 |   5.3903553120509927e-05 |   5.3903553120509927e-05 | 1
 37, 36 |   6.1668832131637027e-05 |   6.1668832131637027e-05 | 1
 37, 37 |   8.1225628341964786e-05 |   8.1225628341964786e-05 | 1
 37, 38 |   7.0451889082521072e-05 |   7.0451889082521072e-05 | 1
 37, 39 |   4.6609796430223353e-07 |   4.6609796430223353e-07 | 1
 37, 40 |  -6.6471550789094165e-05 |  -6.6471550789094165e-05 | 1
 37, 41 |   1.8127881849522520e-05 |   1.8127881849522520e-05 | 1
 38,  1 |  -5.6189301508358956e-05 |  -5.6189301508358956e-05 | 1
 38,  2 |  -4.5781528514379872e-05 |  -4.5781528514379872e-05 | 1
 38,  3 |  -4.8914675569038848e-05 |  -4.8914675569038848e-05 | 1
 38,  4 |  -4.1299547214505153e-05 |  -4.1299547214505153e-05 | 1
 38,  5 |  -7.6912126593986228e-05 |  -7.6912126593986228e-05 | 1
 38,  6 |  -4.4243579276562526e-05 |  -4.4243579276562526e-05 | 1
 38,  7 |  -4.1650786064914667e-05 |  -4.1650786064914667e-05 | 1
 38,  8 |  -3.1406912273242175e-05 |  -3.1406912273242175e-05 | 1
 38,  9 |  -4.9621014105564242e-05 |  -4.9621014105564242e-05 | 1
 38, 10 |  -3.7056694722887927e-05 |  -3.7056694722887927e-05 | 1
 38, 11 |  -7.2588615582078086e-05 |  -7.2588615582078086e-05 | 1
 38, 12 |  -3.9574334166638097e-05 |  -3.9574334166638097e-05 | 1
 38, 13 |  -5.5117084494600574e-05 |  -5.5117084494600574e-05 | 1
 38, 14 |  -4.2604082267118554e-05 |  -4.2604082267118554e-05 | 1
 38, 15 |  -6.7409230937976578e-05 |  -6.7409230937976578e-05 | 1
 38, 16 |  -1.9206424888704995e-05 |  -1.9206424888704995e-05 | 1
 38, 17 |  -6.7480541370981191e-05 |  -6.7480541370981191e-05 | 1
 38, 18 |  -6.7888627143847160e-05 |  -6.7888627143847160e-05 | 1
 38, 19 |  -4.1992456810118277e-05 |  -4.1992456810118277e-05 | 1
 38, 20 |  -6.6451671613534051e-05 |  -6.6451671613534051e-05 | 1
 38, 21 |  -9.1065570692762100e-05 |  -9.1065570692762100e-05 | 1
 38, 22 |  -4.5056685827353428e-05 |  -4.5056685827353428e-05 | 1
 38, 23 |  -6.3595123860155602e-05 |  -6.3595123860155602e-05 | 1
 38, 24 |  -5.7403199634187415e-05 |  -5.7403199634187415e-05 | 1
 38, 25 |  -5.3936364357033456e-05 |  -5.3936364357033456e-05 | 1
 38, 26 |  -8.2135224455005064e-05 |  -8.2135224455005064e-05 | 1
 38, 27 |  -6.6677335402777450e-05 |  -6.6677335402777450e-05 | 1
 38, 28 |  -6.1646166838842952e-05 |  -6.1646166838842952e-05 | 1
 38, 29 |  -6.4230376505516543e-05 |  -6.4230376505516543e-05 | 1
 38, 30 |  -5.8805366768544270e-05 |  -5.8805366768544270e-05 | 1
 38, 31 |  -6.5206397113866583e-05 |  -6.5206397113866583e-05 | 1
 38, 32 |  -2.3168096900362238e-05 |  -2.3168096900362238e-05 | 1
 38, 33 |   4.6532329081278918e-05 |   4.6532329081278918e-05 | 1
 38, 34 |  -5.3943303096890761e-05 |  -5.3943303096890761e-05 | 1
 38, 35 |   5.4113734067333071e-05 |   5.4113734067333071e-05 | 1
 38, 36 |   6.1740691858044205e-05 |   6.1740691858044205e-05 | 1
 38, 37 |   7.0451889082521072e-05 |   7.0451889082521072e-05 | 1
 38, 38 |   9.4608674566991810e-05 |   9.4608674566991810e-05 | 1
 38, 39 |   6.0612215400171800e-07 |   6.0612215400171800e-07 | 1
 38, 40 |  -6.7294587045226676e-05 |  -6.7294587045226676e-05 | 1
 38, 41 |   1.9971171232180306e-05 |   1.9971171232180306e-05 | 1
 39,  1 |  -2.3234540890904360e-05 |  -2.3234540890904360e-05 | 1
 39,  2 |  -1.9786404141543585e-05 |  -1.9786404141543585e-05 | 1
 39,  3 |  -1.4739978565865562e-05 |  -1.4739978565865562e-05 | 1
 39,  4 |  -2.4077248253797527e-05 |  -2.4077248253797527e-05 | 1
 39,  5 |  -4.4872292845673641e-05 |  -4.4872292845673641e-05 | 1
 39,  6 |  -1.7970372634571968e-05 |  -1.7970372634571968e-05 | 1
 39,  7 |  -3.5835890830241278e-05 |  -3.5835890830241278e-05 | 1
 39,  8 |  -2.3764735260048739e-05 |  -2.3764735260048739e-05 | 1
 39,  9 |  -2.8822024896735535e-05 |  -2.8822024896735535e-05 | 1
 39, 10 |  -2.9974628320729167e-05 |  -2.9974628320729167e-05 | 1
 39, 11 |  -5.7806118173608061e-05 |  -5.7806118173608061e-05 | 1
 39, 12 |  -2.3035655321674281e-06 |  -2.3035655321674281e-06 | 1
 39, 13 |  -1.7429176002853397e-05 |  -1.7429176002853397e-05 | 1
 39, 14 |  -3.7978889385893513e-05 |  -3.7978889385893513e-05 | 1
 39, 15 |   5.4930487106746970e-06 |   5.4930487106746970e-06 | 1
 39, 16 |  -3.3569037766809038e-05 |  -3.3569037766809038e-05 | 1
 39, 17 |  -2.8035365998134576e-05 |  -2.8035365998134576e-05 | 1
 39, 18 |  -6.6177587347248823e-06 |  -6.6177587347248823e-06 | 1
 39, 19 |  -2.0447063609413058e-05 |  -2.0447063609413058e-05 | 1
 39, 20 |  -2.9724638858120911e-05 |  -2.9724638858120911e-05 | 1
 39, 21 |  -2.3499764374086748e-05 |  -2.3499764374086748e-05 | 1
 39, 22 |  -3.0842612356425889e-05 |  -3.0842612356425889e-05 | 1
 39, 23 |  -2.4377621963377642e-05 |  -2.4377621963377642e-05 | 1
 39, 24 |  -2.9001923843879675e-05 |  -2.9001923843879675e-05 | 1
 39, 25 |  -1.9686170191364746e-05 |  -1.9686170191364746e-05 | 1
 39, 26 |  -1.0327056913054886e-05 |  -1.0327056913054886e-05 | 1
 39, 27 |  -7.8032966690439686e-06 |  -7.8032966690439686e-06 | 1
 39, 28 |  -2.7620658696053420e-05 |  -2.7620658696053420e-05 | 1
 39, 29 |  -2.2880207989938922e-05 |  -2.2880207989938922e-05 | 1
 39, 30 |  -2.7153346057068590e-05 |  -2.7153346057068590e-05 | 1
 39, 31 |  -3.0603022249899004e-05 |  -3.0603022249899004e-05 | 1
 39, 32 |  -1.8972851791896275e-06 |  -1.8972851791896275e-06 | 1
 39, 33 |  -3.3669773520696093e-06 |  -3.3669773520696093e-06 | 1
 39, 34 |  -2.3106262604145920e-05 |  -2.3106262604145920e-05 | 1
 39, 35 |   7.1314815929361867e-07 |   7.1314815929361867e-07 | 1
 39, 36 |   6.5468873281404615e-07 |   6.5468873281404615e-07 | 1
 39, 37 |   4.6609796430223353e-07 |   4.6609796430223353e-07 | 1
 39, 38 |   6.0612215400171800e-07 |   6.0612215400171800e-07 | 1
 39, 39 |   4.9153801537035585e-05 |   4.9153801537035585e-05 | 1
 39, 40 |  -2.6066921043393681e-05 |  -2.6066921043393681e-05 | 1
 39, 41 |   1.7363427521912436e-06 |   1.7363427521912436e-06 | 1
 40,  1 |   6.1070386007765177e-05 |   6.1070386007765177e-05 | 1
 40,  2 |   5.4295723898441131e-05 |   5.4295723898441131e-05 | 1
 40,  3 |   4.9128934083759174e-05 |   4.9128934083759174e-05 | 1
 40,  4 |   5.2097625528289139e-05 |   5.2097625528289139e-05 | 1
 40,  5 |   8.3445027038536867e-05 |   8.3445027038536867e-05 | 1
 40,  6 |   4.7549279456766825e-05 |   4.7549279456766825e-05 | 1
 40,  7 |   5.1572068612805887e-05 |   5.1572068612805887e-05 | 1
 40,  8 |   4.0078745396009061e-05 |   4.0078745396009061e-05 | 1
 40,  9 |   5.8819953319399340e-05 |   5.8819953319399340e-05 | 1
 40, 10 |   4.1766750465852974e-05 |   4.1766750465852974e-05 | 1
 40, 11 |   1.0138152577175136e-04 |   1.0138152577175136e-04 | 1
 40, 12 |   3.3365837202278338e-05 |   3.3365837202278338e-05 | 1
 40, 13 |   5.6963163394470985e-05 |   5.6963163394470985e-05 | 1
 40, 14 |   6.3777489063741757e-05 |   6.3777489063741757e-05 | 1
 40, 15 |   1.2850661869191423e-04 |   1.2850661869191423e-04 | 1
 40, 16 |   3.5556450421679890e-05 |   3.5556450421679890e-05 | 1
 40, 17 |   7.3625667154484043e-05 |   7.3625667154484043e-05 | 1
 40, 18 |   7.1411711950467830e-05 |   7.1411711950467830e-05 | 1
 40, 19 |   5.4038436107247123e-05 |   5.4038436107247123e-05 | 1
 40, 20 |   7.8023465014903694e-05 |   7.8023465014903694e-05 | 1
 40, 21 |   8.7665150132546919e-05 |   8.7665150132546919e-05 | 1
 40, 22 |   5.7887685836247362e-05 |   5.7887685836247362e-05 | 1
 40, 23 |   6.4222746605052477e-05 |   6.4222746605052477e-05 | 1
 40, 24 |   6.6890686991482410e-05 |   6.6890686991482410e-05 | 1
 40, 25 |   5.6120983975189697e-05 |   5.6120983975189697e-05 | 1
 40, 26 |   8.5868297831624880e-05 |   8.5868297831624880e-05 | 1
 40, 27 |   6.2681352470822269e-05 |   6.2681352470822269e-05 | 1
 40, 28 |   7.1106929291725988e-05 |   7.1106929291725988e-05 | 1
 40, 29 |   6.7868969121204898e-05 |   6.7868969121204898e-05 | 1
 40, 30 |   6.9602666325719131e-05 |   6.9602666325719131e-05 | 1
 40, 31 |   6.3890436302044935e-05 |   6.3890436302044935e-05 | 1
 40, 32 |   1.7152341836496173e-05 |   1.7152341836496173e-05 | 1
 40, 33 |  -3.2729093433825955e-05 |  -3.2729093433825955e-05 | 1
 40, 34 |   6.0022439403657776e-05 |   6.0022439403657776e-05 | 1
 40, 35 |  -5.4788677054924032e-05 |  -5.4788677054924032e-05 | 1
 40, 36 |  -6.1519619073518541e-05 |  -6.1519619073518541e-05 | 1
 40, 37 |  -6.6471550789094165e-05 |  -6.6471550789094165e-05 | 1
 40, 38 |  -6.7294587045226676e-05 |  -6.7294587045226676e-05 | 1
 40, 39 |  -2.6066921043393681e-05 |  -2.6066921043393681e-05 | 1
 40, 40 |   9.6342492739088877e-05 |   9.6342492739088877e-05 | 1
 40, 41 |  -3.7202768849410523e-05 |  -3.7202768849410523e-05 | 1
 41,  1 |  -1.3529657322208766e-05 |  -1.3529657322208766e-05 | 1
 41,  2 |   3.6371632565482492e-04 |   3.6371632565482492e-04 | 1
 41,  3 |  -1.3092137910672041e-05 |  -1.3092137910672041e-05 | 1
 41,  4 |   4.5857373263544163e-05 |   4.5857373263544163e-05 | 1
 41,  5 |  -1.4329046702541028e-04 |  -1.4329046702541028e-04 | 1
 41,  6 |  -9.5409816626092358e-05 |  -9.5409816626092358e-05 | 1
 41,  7 |   4.5978779926766412e-05 |   4.5978779926766412e-05 | 1
 41,  8 |   3.9439970722457169e-05 |   3.9439970722457169e-05 | 1
 41,  9 |  -2.6599291528957510e-05 |  -2.6599291528957510e-05 | 1
 41, 10 |   2.5401483411010439e-04 |   2.5401483411010439e-04 | 1
 41, 11 |  -2.8992478971660797e-04 |  -2.8992478971660797e-04 | 1
 41, 12 |   2.0343700073723782e-05 |   2.0343700073723782e-05 | 1
 41, 13 |   1.9765587531920737e-04 |   1.9765587531920737e-04 | 1
 41, 14 |   1.6363748785546049e-04 |   1.6363748785546049e-04 | 1
 41, 15 |   9.6169728366332142e-04 |   9.6169728366332142e-04 | 1
 41, 16 |   7.7803098804128792e-05 |   7.7803098804128792e-05 | 1
 41, 17 |  -3.0723164208282899e-06 |  -3.0723164208282899e-06 | 1
 41, 18 |  -4.9295152866383832e-05 |  -4.9295152866383832e-05 | 1
 41, 19 |   2.2199561406484764e-04 |   2.2199561406484764e-04 | 1
 41, 20 |   1.2196606268133700e-05 |   1.2196606268133700e-05 | 1
 41, 21 |  -1.8687301896630167e-04 |  -1.8687301896630167e-04 | 1
 41, 22 |  -6.6442887059469253e-05 |  -6.6442887059469253e-05 | 1
 41, 23 |  -8.0775921593495106e-05 |  -8.0775921593495106e-05 | 1
 41, 24 |   2.3396307290125550e-05 |   2.3396307290125550e-05 | 1
 41, 25 |   2.6470726752982341e-05 |   2.6470726752982341e-05 | 1
 41, 26 |  -5.3446388639544452e-05 |  -5.3446388639544452e-05 | 1
 41, 27 |  -7.1580618740455415e-04 |  -7.1580618740455415e-04 | 1
 41, 28 |  -4.6900978245773925e-05 |  -4.6900978245773925e-05 | 1
 41, 29 |   7.6102842833523010e-05 |   7.6102842833523010e-05 | 1
 41, 30 |  -5.8017803920967255e-05 |  -5.8017803920967255e-05 | 1
 41, 31 |  -9.9518208891841424e-05 |  -9.9518208891841424e-05 | 1
 41, 32 |  -4.3096770791847540e-04 |  -4.3096770791847540e-04 | 1
 41, 33 |   9.5260387203623966e-04 |   9.5260387203623966e-04 | 1
 41, 34 |  -1.2373610155101198e-04 |  -1.2373610155101198e-04 | 1
 41, 35 |   1.0346927053384673e-05 |   1.0346927053384673e-05 | 1
 41, 36 |   1.5698268254270530e-05 |   1.5698268254270530e-05 | 1
 41, 37 |   1.8127881849522520e-05 |   1.8127881849522520e-05 | 1
 41, 38 |   1.9971171232180306e-05 |   1.9971171232180306e-05 | 1
 41, 39 |   1.7363427521912436e-06 |   1.7363427521912436e-06 | 1
 41, 40 |  -3.7202768849410523e-05 |  -3.7202768849410523e-05 | 1
 41, 41 |   4.7956074160849507e-04 |   4.7956074160849507e-04 | 1
