row,col | V_base                   | V_new                    | equal
  1,  1 |   3.8149844446433261e-04 |   3.8149844446433261e-04 | 1
  1,  2 |   1.8114389442399438e-04 |   1.8114389442399438e-04 | 1
  1,  3 |   1.6954070515958562e-04 |   1.6954070515958562e-04 | 1
  1,  4 |   1.6969463160775185e-04 |   1.6969463160775185e-04 | 1
  1,  5 |   2.1718150778981285e-04 |   2.1718150778981285e-04 | 1
  1,  6 |   1.7212308160985022e-04 |   1.7212308160985022e-04 | 1
  1,  7 |   1.3244662887143145e-04 |   1.3244662887143145e-04 | 1
  1,  8 |   1.6724433517734745e-04 |   1.6724433517734745e-04 | 1
  1,  9 |   1.6059360893376612e-04 |   1.6059360893376612e-04 | 1
  1, 10 |   1.8705301588405591e-04 |   1.8705301588405591e-04 | 1
  1, 11 |   2.9995653945091508e-04 |   2.9995653945091508e-04 | 1
  1, 12 |   1.5009932152551552e-04 |   1.5009932152551552e-04 | 1
  1, 13 |   1.6597412350372482e-04 |   1.6597412350372482e-04 | 1
  1, 14 |   1.9057233334827047e-04 |   1.9057233334827047e-04 | 1
  1, 15 |   1.9348281018115651e-04 |   1.9348281018115651e-04 | 1
  1, 16 |   1.7381507262422474e-04 |   1.7381507262422474e-04 | 1
  1, 17 |   1.8667294722640374e-04 |   1.8667294722640374e-04 | 1
  1, 18 |   1.8349665979991558e-04 |   1.8349665979991558e-04 | 1
  1, 19 |   2.0468186601644669e-04 |   2.0468186601644669e-04 | 1
  1, 20 |   1.8652075518494650e-04 |   1.8652075518494650e-04 | 1
  1, 21 |   1.7327043784885732e-04 |   1.7327043784885732e-04 | 1
  1, 22 |   1.3706729486234731e-04 |   1.3706729486234731e-04 | 1
  1, 23 |   1.9723480420176211e-04 |   1.9723480420176211e-04 | 1
  1, 24 |   1.9322363981802703e-04 |   1.9322363981802703e-04 | 1
  1, 25 |   1.7827342274377727e-04 |   1.7827342274377727e-04 | 1
  1, 26 |   2.2133326209592837e-04 |   2.2133326209592837e-04 | 1
  1, 27 |   2.0366401227659336e-04 |   2.0366401227659336e-04 | 1
  1, 28 |   2.0416766227254003e-04 |   2.0416766227254003e-04 | 1
  1, 29 |   2.0171455082002729e-04 |   2.0171455082002729e-04 | 1
  1, 30 |   1.9964215911174088e-04 |   1.9964215911174088e-04 | 1
  1, 31 |   2.0344734476886547e-04 |   2.0344734476886547e-04 | 1
  1, 32 |   1.4736947560097514e-05 |   1.4736947560097514e-05 | 1
  1, 33 |  -6.0183082815207033e-05 |  -6.0183082815207033e-05 | 1
  1, 34 |   2.1127737449978161e-04 |   2.1127737449978161e-04 | 1
  1, 35 |  -3.4802880666663011e-05 |  -3.4802880666663011e-05 | 1
  1, 36 |  -3.3541892932219657e-05 |  -3.3541892932219657e-05 | 1
  1, 37 |  -2.4531364794916289e-05 |  -2.4531364794916289e-05 | 1
  1, 38 |  -1.7811101207131525e-05 |  -1.7811101207131525e-05 | 1
  1, 39 |  -2.9886532461721027e-05 |  -2.9886532461721027e-05 | 1
  1, 40 |  -2.3529311937649837e-08 |  -2.3529311937649837e-08 | 1
  1, 41 |  -2.5093522041166726e-05 |  -2.5093522041166726e-05 | 1
  1, 42 |   1.1557409440020148e-06 |   1.1557409440020148e-06 | 1
  1, 43 |   1.7551117442586795e-04 |   1.7551117442586795e-04 | 1
  1, 44 |  -1.7678806588028534e-06 |  -1.7678806588028534e-06 | 1
  2,  1 |   1.8114389442399438e-04 |   1.8114389442399438e-04 | 1
  2,  2 |   1.2152288089865028e-03 |   1.2152288089865028e-03 | 1
  2,  3 |   1.8269655000622851e-04 |   1.8269655000622851e-04 | 1
  2,  4 |   1.8054979191799636e-04 |   1.8054979191799636e-04 | 1
  2,  5 |   2.2732561976555342e-04 |   2.2732561976555342e-04 | 1
  2,  6 |   1.8957954028266363e-04 |   1.8957954028266363e-04 | 1
  2,  7 |   1.4021959623534896e-04 |   1.4021959623534896e-04 | 1
  2,  8 |   1.7960210180146700e-04 |   1.7960210180146700e-04 | 1
  2,  9 |   1.7098423802006012e-04 |   1.7098423802006012e-04 | 1
  2, 10 |   1.9468551892957411e-04 |   1.9468551892957411e-04 | 1
  2, 11 |   3.3722774971156329e-04 |   3.3722774971156329e-04 | 1
  2, 12 |   1.6470332334879277e-04 |   1.6470332334879277e-04 | 1
  2, 13 |   1.7262069465876761e-04 |   1.7262069465876761e-04 | 1
  2, 14 |   2.0118625071642414e-04 |   2.0118625071642414e-04 | 1
  2, 15 |   1.9554668160310962e-04 |   1.9554668160310962e-04 | 1
  2, 16 |   1.8499635161559955e-04 |   1.8499635161559955e-04 | 1
  2, 17 |   1.9470110559087646e-04 |   1.9470110559087646e-04 | 1
  2, 18 |   1.9716279174113662e-04 |   1.9716279174113662e-04 | 1
  2, 19 |   2.1550996943708618e-04 |   2.1550996943708618e-04 | 1
  2, 20 |   2.0020536090735257e-04 |   2.0020536090735257e-04 | 1
  2, 21 |   1.8256666165288754e-04 |   1.8256666165288754e-04 | 1
  2, 22 |   1.4684935750047969e-04 |   1.4684935750047969e-04 | 1
  2, 23 |   2.0992678702623301e-04 |   2.0992678702623301e-04 | 1
  2, 24 |   2.0461373706148070e-04 |   2.0461373706148070e-04 | 1
  2, 25 |   1.8625855036950877e-04 |   1.8625855036950877e-04 | 1
  2, 26 |   2.3381830577761075e-04 |   2.3381830577761075e-04 | 1
  2, 27 |   2.2378968126219380e-04 |   2.2378968126219380e-04 | 1
  2, 28 |   2.1640864815221177e-04 |   2.1640864815221177e-04 | 1
  2, 29 |   2.1022761899433905e-04 |   2.1022761899433905e-04 | 1
  2, 30 |   2.1419424821325425e-04 |   2.1419424821325425e-04 | 1
  2, 31 |   2.1164683046080300e-04 |   2.1164683046080300e-04 | 1
  2, 32 |  -4.8096122022815312e-04 |  -4.8096122022815312e-04 | 1
  2, 33 |  -8.2894453625712971e-05 |  -8.2894453625712971e-05 | 1
  2, 34 |   2.2438465353970963e-04 |   2.2438465353970963e-04 | 1
  2, 35 |  -3.2925388537997586e-05 |  -3.2925388537997586e-05 | 1
  2, 36 |  -3.0935944267913320e-05 |  -3.0935944267913320e-05 | 1
  2, 37 |  -1.9823089671846649e-05 |  -1.9823089671846649e-05 | 1
  2, 38 |  -5.5329336686912777e-06 |  -5.5329336686912777e-06 | 1
  2, 39 |  -2.8392776718679508e-05 |  -2.8392776718679508e-05 | 1
  2, 40 |  -2.4984932283429423e-08 |  -2.4984932283429423e-08 | 1
  2, 41 |  -2.8021812080533077e-05 |  -2.8021812080533077e-05 | 1
  2, 42 |   1.2775870079648220e-06 |   1.2775870079648220e-06 | 1
  2, 43 |   1.8465468827658338e-04 |   1.8465468827658338e-04 | 1
  2, 44 |   4.9527994944610122e-04 |   4.9527994944610122e-04 | 1
  3,  1 |   1.6954070515958562e-04 |   1.6954070515958562e-04 | 1
  3,  2 |   1.8269655000622851e-04 |   1.8269655000622851e-04 | 1
  3,  3 |   1.3237173365393616e-02 |   1.3237173365393616e-02 | 1
  3,  4 |   1.7055756421689510e-04 |   1.7055756421689510e-04 | 1
  3,  5 |   2.2557779343940272e-04 |   2.2557779343940272e-04 | 1
  3,  6 |   1.7437416994850295e-04 |   1.7437416994850295e-04 | 1
  3,  7 |   1.3192560997874850e-04 |   1.3192560997874850e-04 | 1
  3,  8 |   1.7029553816361024e-04 |   1.7029553816361024e-04 | 1
  3,  9 |   1.5656436500899982e-04 |   1.5656436500899982e-04 | 1
  3, 10 |   1.8642699646896830e-04 |   1.8642699646896830e-04 | 1
  3, 11 |   1.3086545590945274e-04 |   1.3086545590945274e-04 | 1
  3, 12 |   1.5685174121326783e-04 |   1.5685174121326783e-04 | 1
  3, 13 |   1.5873937904143612e-04 |   1.5873937904143612e-04 | 1
  3, 14 |   1.9866855369586714e-04 |   1.9866855369586714e-04 | 1
  3, 15 |   1.8763959210701280e-04 |   1.8763959210701280e-04 | 1
  3, 16 |   1.7637180168691600e-04 |   1.7637180168691600e-04 | 1
  3, 17 |   1.8261727433979791e-04 |   1.8261727433979791e-04 | 1
  3, 18 |   1.8399217446657821e-04 |   1.8399217446657821e-04 | 1
  3, 19 |   2.0506551424416970e-04 |   2.0506551424416970e-04 | 1
  3, 20 |   1.8940719115082466e-04 |   1.8940719115082466e-04 | 1
  3, 21 |   1.6785934175535263e-04 |   1.6785934175535263e-04 | 1
  3, 22 |   1.0060546726616678e-04 |   1.0060546726616678e-04 | 1
  3, 23 |   1.9776847926899848e-04 |   1.9776847926899848e-04 | 1
  3, 24 |   1.9255701653617422e-04 |   1.9255701653617422e-04 | 1
  3, 25 |   1.7378227827739544e-04 |   1.7378227827739544e-04 | 1
  3, 26 |   2.2016694102347479e-04 |   2.2016694102347479e-04 | 1
  3, 27 |   1.6288035042107119e-04 |   1.6288035042107119e-04 | 1
  3, 28 |   1.9759124213944071e-04 |   1.9759124213944071e-04 | 1
  3, 29 |   1.9717954334849913e-04 |   1.9717954334849913e-04 | 1
  3, 30 |   1.8737484608993496e-04 |   1.8737484608993496e-04 | 1
  3, 31 |   1.9840988653880366e-04 |   1.9840988653880366e-04 | 1
  3, 32 |   1.4081510056421781e-05 |   1.4081510056421781e-05 | 1
  3, 33 |   2.7631468839173278e-05 |   2.7631468839173278e-05 | 1
  3, 34 |   1.6022008046034507e-04 |   1.6022008046034507e-04 | 1
  3, 35 |  -3.1926898204509094e-05 |  -3.1926898204509094e-05 | 1
  3, 36 |  -2.7407558046140466e-05 |  -2.7407558046140466e-05 | 1
  3, 37 |  -1.4029269887691491e-05 |  -1.4029269887691491e-05 | 1
  3, 38 |  -9.8230716879406287e-06 |  -9.8230716879406287e-06 | 1
  3, 39 |  -2.0478680963418872e-05 |  -2.0478680963418872e-05 | 1
  3, 40 |  -2.1857657379473708e-08 |  -2.1857657379473708e-08 | 1
  3, 41 |  -2.8176155701404958e-05 |  -2.8176155701404958e-05 | 1
  3, 42 |   1.2961822125972070e-06 |   1.2961822125972070e-06 | 1
  3, 43 |   1.7239146161435539e-04 |   1.7239146161435539e-04 | 1
  3, 44 |   8.2080147068478493e-07 |   8.2080147068478493e-07 | 1
  4,  1 |   1.6969463160775185e-04 |   1.6969463160775185e-04 | 1
  4,  2 |   1.8054979191799636e-04 |   1.8054979191799636e-04 | 1
  4,  3 |   1.7055756421689510e-04 |   1.7055756421689510e-04 | 1
  4,  4 |   1.6991321952285715e-03 |   1.6991321952285715e-03 | 1
  4,  5 |   2.0210180087088761e-04 |   2.0210180087088761e-04 | 1
  4,  6 |   1.6137560147103309e-04 |   1.6137560147103309e-04 | 1
  4,  7 |   1.3711655104196586e-04 |   1.3711655104196586e-04 | 1
  4,  8 |   1.7114379482933092e-04 |   1.7114379482933092e-04 | 1
  4,  9 |   1.5561174906416017e-04 |   1.5561174906416017e-04 | 1
  4, 10 |   1.9839144386530396e-04 |   1.9839144386530396e-04 | 1
  4, 11 |   1.8803136081980260e-04 |   1.8803136081980260e-04 | 1
  4, 12 |   1.5095681855963180e-04 |   1.5095681855963180e-04 | 1
  4, 13 |   1.5621704619842310e-04 |   1.5621704619842310e-04 | 1
  4, 14 |   2.0360490758320691e-04 |   2.0360490758320691e-04 | 1
  4, 15 |   2.1601537986458283e-04 |   2.1601537986458283e-04 | 1
  4, 16 |   1.8515062958317539e-04 |   1.8515062958317539e-04 | 1
  4, 17 |   1.8307132111416085e-04 |   1.8307132111416085e-04 | 1
  4, 18 |   1.7800240696488298e-04 |   1.7800240696488298e-04 | 1
  4, 19 |   2.1248314636639995e-04 |   2.1248314636639995e-04 | 1
  4, 20 |   1.8888252242195956e-04 |   1.8888252242195956e-04 | 1
  4, 21 |   1.6121423631980971e-04 |   1.6121423631980971e-04 | 1
  4, 22 |   1.3023927912255735e-04 |   1.3023927912255735e-04 | 1
  4, 23 |   1.9660513701304195e-04 |   1.9660513701304195e-04 | 1
  4, 24 |   1.9479599003782439e-04 |   1.9479599003782439e-04 | 1
  4, 25 |   1.7466172922138808e-04 |   1.7466172922138808e-04 | 1
  4, 26 |   2.1486235870392186e-04 |   2.1486235870392186e-04 | 1
  4, 27 |   1.8372127488191072e-04 |   1.8372127488191072e-04 | 1
  4, 28 |   2.0530602163321656e-04 |   2.0530602163321656e-04 | 1
  4, 29 |   1.9648557195251794e-04 |   1.9648557195251794e-04 | 1
  4, 30 |   1.9589282153032649e-04 |   1.9589282153032649e-04 | 1
  4, 31 |   1.9628293520770630e-04 |   1.9628293520770630e-04 | 1
  4, 32 |  -8.8352992841620174e-06 |  -8.8352992841620174e-06 | 1
  4, 33 |   2.6203634592892818e-05 |   2.6203634592892818e-05 | 1
  4, 34 |   2.0675886475844896e-04 |   2.0675886475844896e-04 | 1
  4, 35 |  -3.2757889428946168e-05 |  -3.2757889428946168e-05 | 1
  4, 36 |  -3.0089118611963983e-05 |  -3.0089118611963983e-05 | 1
  4, 37 |  -1.3972228948618698e-05 |  -1.3972228948618698e-05 | 1
  4, 38 |  -5.2807305585036291e-06 |  -5.2807305585036291e-06 | 1
  4, 39 |  -3.2506731421008995e-05 |  -3.2506731421008995e-05 | 1
  4, 40 |  -2.3104175616691932e-08 |  -2.3104175616691932e-08 | 1
  4, 41 |  -2.5683741724575197e-05 |  -2.5683741724575197e-05 | 1
  4, 42 |   1.1668938538075583e-06 |   1.1668938538075583e-06 | 1
  4, 43 |   1.7254964928059178e-04 |   1.7254964928059178e-04 | 1
  4, 44 |   2.2112652256946707e-05 |   2.2112652256946707e-05 | 1
  5,  1 |   2.1718150778981285e-04 |   2.1718150778981285e-04 | 1
  5,  2 |   2.2732561976555342e-04 |   2.2732561976555342e-04 | 1
  5,  3 |   2.2557779343940272e-04 |   2.2557779343940272e-04 | 1
  5,  4 |   2.0210180087088761e-04 |   2.0210180087088761e-04 | 1
  5,  5 |   1.0478419238508707e-02 |   1.0478419238508707e-02 | 1
  5,  6 |   2.3266292608572657e-04 |   2.3266292608572657e-04 | 1
  5,  7 |   1.7692872536691689e-04 |   1.7692872536691689e-04 | 1
  5,  8 |   2.0594422047136429e-04 |   2.0594422047136429e-04 | 1
  5,  9 |   2.0884310504001462e-04 |   2.0884310504001462e-04 | 1
  5, 10 |   1.7990991838493192e-04 |   1.7990991838493192e-04 | 1
  5, 11 |  -5.5416265509310148e-04 |  -5.5416265509310148e-04 | 1
  5, 12 |   2.2097304931318267e-04 |   2.2097304931318267e-04 | 1
  5, 13 |   2.1568306056135361e-04 |   2.1568306056135361e-04 | 1
  5, 14 |   2.4694903452325285e-04 |   2.4694903452325285e-04 | 1
  5, 15 |   1.5234658007403013e-04 |   1.5234658007403013e-04 | 1
  5, 16 |   1.6613924967179679e-04 |   1.6613924967179679e-04 | 1
  5, 17 |   2.3022905494154389e-04 |   2.3022905494154389e-04 | 1
  5, 18 |   2.6814670580292482e-04 |   2.6814670580292482e-04 | 1
  5, 19 |   2.2440215560360526e-04 |   2.2440215560360526e-04 | 1
  5, 20 |   2.3195999035844828e-04 |   2.3195999035844828e-04 | 1
  5, 21 |   2.4433953870517936e-04 |   2.4433953870517936e-04 | 1
  5, 22 |  -1.7080775470481858e-05 |  -1.7080775470481858e-05 | 1
  5, 23 |   2.6725452737924712e-04 |   2.6725452737924712e-04 | 1
  5, 24 |   2.2259970800065591e-04 |   2.2259970800065591e-04 | 1
  5, 25 |   2.1530767306106595e-04 |   2.1530767306106595e-04 | 1
  5, 26 |   2.8532318573658402e-04 |   2.8532318573658402e-04 | 1
  5, 27 |  -7.3701190237164025e-05 |  -7.3701190237164025e-05 | 1
  5, 28 |   1.8273049521863713e-04 |   1.8273049521863713e-04 | 1
  5, 29 |   2.4618965451750937e-04 |   2.4618965451750937e-04 | 1
  5, 30 |   1.9594979845761313e-04 |   1.9594979845761313e-04 | 1
  5, 31 |   2.3056803240464833e-04 |   2.3056803240464833e-04 | 1
  5, 32 |   1.1187615384119213e-04 |   1.1187615384119213e-04 | 1
  5, 33 |   3.4063812267221721e-04 |   3.4063812267221721e-04 | 1
  5, 34 |  -1.6132376164797971e-04 |  -1.6132376164797971e-04 | 1
  5, 35 |  -4.1747572780761981e-05 |  -4.1747572780761981e-05 | 1
  5, 36 |  -2.4997073447145160e-05 |  -2.4997073447145160e-05 | 1
  5, 37 |  -3.2331177286092619e-05 |  -3.2331177286092619e-05 | 1
  5, 38 |  -2.5967504359146709e-05 |  -2.5967504359146709e-05 | 1
  5, 39 |  -4.2167562143429683e-05 |  -4.2167562143429683e-05 | 1
  5, 40 |  -3.0993037113734601e-08 |  -3.0993037113734601e-08 | 1
  5, 41 |  -3.1134053642936302e-05 |  -3.1134053642936302e-05 | 1
  5, 42 |   1.4624998029502690e-06 |   1.4624998029502690e-06 | 1
  5, 43 |   2.1868269182648980e-04 |   2.1868269182648980e-04 | 1
  5, 44 |  -9.5969902461920381e-05 |  -9.5969902461920381e-05 | 1
  6,  1 |   1.7212308160985022e-04 |   1.7212308160985022e-04 | 1
  6,  2 |   1.8957954028266363e-04 |   1.8957954028266363e-04 | 1
  6,  3 |   1.7437416994850295e-04 |   1.7437416994850295e-04 | 1
  6,  4 |   1.6137560147103309e-04 |   1.6137560147103309e-04 | 1
  6,  5 |   2.3266292608572657e-04 |   2.3266292608572657e-04 | 1
  6,  6 |   1.7326201836041274e-02 |   1.7326201836041274e-02 | 1
  6,  7 |   1.0639580788541659e-04 |   1.0639580788541659e-04 | 1
  6,  8 |   1.6862023711705580e-04 |   1.6862023711705580e-04 | 1
  6,  9 |   1.7320414471383813e-04 |   1.7320414471383813e-04 | 1
  6, 10 |   1.3127620852704328e-04 |   1.3127620852704328e-04 | 1
  6, 11 |   1.3587684800853634e-03 |   1.3587684800853634e-03 | 1
  6, 12 |   1.5367316411260464e-04 |   1.5367316411260464e-04 | 1
  6, 13 |   1.7788606452709494e-04 |   1.7788606452709494e-04 | 1
  6, 14 |   1.0473728219566153e-04 |   1.0473728219566153e-04 | 1
  6, 15 |   5.2127522425754218e-05 |   5.2127522425754218e-05 | 1
  6, 16 |   1.4574610251027846e-04 |   1.4574610251027846e-04 | 1
  6, 17 |   1.8261964376881505e-04 |   1.8261964376881505e-04 | 1
  6, 18 |   1.8379529676524275e-04 |   1.8379529676524275e-04 | 1
  6, 19 |   1.6254966643310716e-04 |   1.6254966643310716e-04 | 1
  6, 20 |   1.9604629334412646e-04 |   1.9604629334412646e-04 | 1
  6, 21 |   2.0230764614273365e-04 |   2.0230764614273365e-04 | 1
  6, 22 |   2.8115826088166999e-04 |   2.8115826088166999e-04 | 1
  6, 23 |   2.0682205883690150e-04 |   2.0682205883690150e-04 | 1
  6, 24 |   2.0458519783721226e-04 |   2.0458519783721226e-04 | 1
  6, 25 |   1.7966281486299943e-04 |   1.7966281486299943e-04 | 1
  6, 26 |   2.3038034421419038e-04 |   2.3038034421419038e-04 | 1
  6, 27 |   4.7600431313224906e-04 |   4.7600431313224906e-04 | 1
  6, 28 |   2.2245551489614204e-04 |   2.2245551489614204e-04 | 1
  6, 29 |   1.9780561581931455e-04 |   1.9780561581931455e-04 | 1
  6, 30 |   2.3372255181472310e-04 |   2.3372255181472310e-04 | 1
  6, 31 |   2.1711158005753944e-04 |   2.1711158005753944e-04 | 1
  6, 32 |   1.2137148213023648e-04 |   1.2137148213023648e-04 | 1
  6, 33 |  -7.6410822572780591e-04 |  -7.6410822572780591e-04 | 1
  6, 34 |   4.1002788959853555e-04 |   4.1002788959853555e-04 | 1
  6, 35 |  -3.5857382293819470e-05 |  -3.5857382293819470e-05 | 1
  6, 36 |  -2.1438853521530404e-05 |  -2.1438853521530404e-05 | 1
  6, 37 |  -1.8801109773733508e-05 |  -1.8801109773733508e-05 | 1
  6, 38 |  -6.7766937960587796e-06 |  -6.7766937960587796e-06 | 1
  6, 39 |  -2.2673453988833107e-05 |  -2.2673453988833107e-05 | 1
  6, 40 |  -2.3191844604770867e-08 |  -2.3191844604770867e-08 | 1
  6, 41 |  -2.7011804087696501e-05 |  -2.7011804087696501e-05 | 1
  6, 42 |   1.1932422654684488e-06 |   1.1932422654684488e-06 | 1
  6, 43 |   1.7558926430052952e-04 |   1.7558926430052952e-04 | 1
  6, 44 |  -1.0567959196552512e-04 |  -1.0567959196552512e-04 | 1
  7,  1 |   1.3244662887143145e-04 |   1.3244662887143145e-04 | 1
  7,  2 |   1.4021959623534896e-04 |   1.4021959623534896e-04 | 1
  7,  3 |   1.3192560997874850e-04 |   1.3192560997874850e-04 | 1
  7,  4 |   1.3711655104196586e-04 |   1.3711655104196586e-04 | 1
  7,  5 |   1.7692872536691689e-04 |   1.7692872536691689e-04 | 1
  7,  6 |   1.0639580788541659e-04 |   1.0639580788541659e-04 | 1
  7,  7 |   1.8342631149185974e-02 |   1.8342631149185974e-02 | 1
  7,  8 |   1.3961652915879430e-04 |   1.3961652915879430e-04 | 1
  7,  9 |   1.1107126364066276e-04 |   1.1107126364066276e-04 | 1
  7, 10 |   1.9086429940147150e-04 |   1.9086429940147150e-04 | 1
  7, 11 |  -2.8240912266396868e-04 |  -2.8240912266396868e-04 | 1
  7, 12 |   1.2724391771817660e-04 |   1.2724391771817660e-04 | 1
  7, 13 |   1.1233472931493092e-04 |   1.1233472931493092e-04 | 1
  7, 14 |   1.9588035983082871e-04 |   1.9588035983082871e-04 | 1
  7, 15 |   2.2019139473430021e-04 |   2.2019139473430021e-04 | 1
  7, 16 |   1.6084677314613885e-04 |   1.6084677314613885e-04 | 1
  7, 17 |   1.4602821484780608e-04 |   1.4602821484780608e-04 | 1
  7, 18 |   1.2975356910428250e-04 |   1.2975356910428250e-04 | 1
  7, 19 |   1.7007601527501955e-04 |   1.7007601527501955e-04 | 1
  7, 20 |   1.4681363326714833e-04 |   1.4681363326714833e-04 | 1
  7, 21 |   1.1899455670420450e-04 |   1.1899455670420450e-04 | 1
  7, 22 |   5.5981183293650214e-05 |   5.5981183293650214e-05 | 1
  7, 23 |   1.4691122720214065e-04 |   1.4691122720214065e-04 | 1
  7, 24 |   1.4997995962316235e-04 |   1.4997995962316235e-04 | 1
  7, 25 |   1.4377218552992255e-04 |   1.4377218552992255e-04 | 1
  7, 26 |   1.8584795123060237e-04 |   1.8584795123060237e-04 | 1
  7, 27 |   4.8166145444776339e-05 |   4.8166145444776339e-05 | 1
  7, 28 |   1.5492932484020513e-04 |   1.5492932484020513e-04 | 1
  7, 29 |   1.6666428935308253e-04 |   1.6666428935308253e-04 | 1
  7, 30 |   1.4249641203908844e-04 |   1.4249641203908844e-04 | 1
  7, 31 |   1.5226639521982396e-04 |   1.5226639521982396e-04 | 1
  7, 32 |  -3.3171726443137860e-05 |  -3.3171726443137860e-05 | 1
  7, 33 |   2.9128001133985157e-04 |   2.9128001133985157e-04 | 1
  7, 34 |   6.7862361568622693e-05 |   6.7862361568622693e-05 | 1
  7, 35 |  -2.2875428163925098e-05 |  -2.2875428163925098e-05 | 1
  7, 36 |  -2.0167519145785895e-05 |  -2.0167519145785895e-05 | 1
  7, 37 |  -1.5404901217098717e-05 |  -1.5404901217098717e-05 | 1
  7, 38 |  -1.5852216803243195e-05 |  -1.5852216803243195e-05 | 1
  7, 39 |  -4.3210955328873546e-05 |  -4.3210955328873546e-05 | 1
  7, 40 |  -1.5081900247146595e-08 |  -1.5081900247146595e-08 | 1
  7, 41 |  -1.6300127558932963e-05 |  -1.6300127558932963e-05 | 1
  7, 42 |   5.6261987459970781e-07 |   5.6261987459970781e-07 | 1
  7, 43 |   1.3730222297653785e-04 |   1.3730222297653785e-04 | 1
  7, 44 |   5.0804939898887625e-05 |   5.0804939898887625e-05 | 1
  8,  1 |   1.6724433517734745e-04 |   1.6724433517734745e-04 | 1
  8,  2 |   1.7960210180146700e-04 |   1.7960210180146700e-04 | 1
  8,  3 |   1.7029553816361024e-04 |   1.7029553816361024e-04 | 1
  8,  4 |   1.7114379482933092e-04 |   1.7114379482933092e-04 | 1
  8,  5 |   2.0594422047136429e-04 |   2.0594422047136429e-04 | 1
  8,  6 |   1.6862023711705580e-04 |   1.6862023711705580e-04 | 1
  8,  7 |   1.3961652915879430e-04 |   1.3961652915879430e-04 | 1
  8,  8 |   1.9837819994256304e-03 |   1.9837819994256304e-03 | 1
  8,  9 |   1.5366166977004100e-04 |   1.5366166977004100e-04 | 1
  8, 10 |   1.9949315265814038e-04 |   1.9949315265814038e-04 | 1
  8, 11 |   2.1200934975947668e-04 |   2.1200934975947668e-04 | 1
  8, 12 |   1.5104205582694777e-04 |   1.5104205582694777e-04 | 1
  8, 13 |   1.5363017185740681e-04 |   1.5363017185740681e-04 | 1
  8, 14 |   2.0314491931814260e-04 |   2.0314491931814260e-04 | 1
  8, 15 |   2.1425555130826971e-04 |   2.1425555130826971e-04 | 1
  8, 16 |   1.9134156656790141e-04 |   1.9134156656790141e-04 | 1
  8, 17 |   1.7753887436133505e-04 |   1.7753887436133505e-04 | 1
  8, 18 |   1.6864928606295793e-04 |   1.6864928606295793e-04 | 1
  8, 19 |   2.0896825478071012e-04 |   2.0896825478071012e-04 | 1
  8, 20 |   1.8615155686875278e-04 |   1.8615155686875278e-04 | 1
  8, 21 |   1.5966690853189938e-04 |   1.5966690853189938e-04 | 1
  8, 22 |   1.3441656165059240e-04 |   1.3441656165059240e-04 | 1
  8, 23 |   1.9956636135879649e-04 |   1.9956636135879649e-04 | 1
  8, 24 |   1.9600188560342041e-04 |   1.9600188560342041e-04 | 1
  8, 25 |   1.7215556296236618e-04 |   1.7215556296236618e-04 | 1
  8, 26 |   2.0780811233341099e-04 |   2.0780811233341099e-04 | 1
  8, 27 |   2.0483775464087581e-04 |   2.0483775464087581e-04 | 1
  8, 28 |   1.9941434053629933e-04 |   1.9941434053629933e-04 | 1
  8, 29 |   1.9414740469674807e-04 |   1.9414740469674807e-04 | 1
  8, 30 |   1.9725940321079196e-04 |   1.9725940321079196e-04 | 1
  8, 31 |   1.9760258438737593e-04 |   1.9760258438737593e-04 | 1
  8, 32 |  -8.9959177207751101e-06 |  -8.9959177207751101e-06 | 1
  8, 33 |   6.1029874197597386e-06 |   6.1029874197597386e-06 | 1
  8, 34 |   2.1994363209641363e-04 |   2.1994363209641363e-04 | 1
  8, 35 |  -2.3872528342164084e-05 |  -2.3872528342164084e-05 | 1
  8, 36 |  -1.1173078573244590e-05 |  -1.1173078573244590e-05 | 1
  8, 37 |  -9.4413999316757775e-07 |  -9.4413999316757775e-07 | 1
  8, 38 |   7.1849274776799702e-06 |   7.1849274776799702e-06 | 1
  8, 39 |  -2.7311188296844828e-05 |  -2.7311188296844828e-05 | 1
  8, 40 |  -2.4917122256711523e-08 |  -2.4917122256711523e-08 | 1
  8, 41 |  -2.6865553450845382e-05 |  -2.6865553450845382e-05 | 1
  8, 42 |   1.1770315634158283e-06 |   1.1770315634158283e-06 | 1
  8, 43 |   1.6756922020772568e-04 |   1.6756922020772568e-04 | 1
  8, 44 |   2.4717184451509927e-05 |   2.4717184451509927e-05 | 1
  9,  1 |   1.6059360893376612e-04 |   1.6059360893376612e-04 | 1
  9,  2 |   1.7098423802006012e-04 |   1.7098423802006012e-04 | 1
  9,  3 |   1.5656436500899982e-04 |   1.5656436500899982e-04 | 1
  9,  4 |   1.5561174906416017e-04 |   1.5561174906416017e-04 | 1
  9,  5 |   2.0884310504001462e-04 |   2.0884310504001462e-04 | 1
  9,  6 |   1.7320414471383813e-04 |   1.7320414471383813e-04 | 1
  9,  7 |   1.1107126364066276e-04 |   1.1107126364066276e-04 | 1
  9,  8 |   1.5366166977004100e-04 |   1.5366166977004100e-04 | 1
  9,  9 |   8.0544132618860249e-03 |   8.0544132618860249e-03 | 1
  9, 10 |   1.6605211764091478e-04 |   1.6605211764091478e-04 | 1
  9, 11 |   4.8547215775354978e-04 |   4.8547215775354978e-04 | 1
  9, 12 |   1.4329290396148002e-04 |   1.4329290396148002e-04 | 1
  9, 13 |   1.5722351765267808e-04 |   1.5722351765267808e-04 | 1
  9, 14 |   1.6299250676298584e-04 |   1.6299250676298584e-04 | 1
  9, 15 |   1.4993362157819605e-04 |   1.4993362157819605e-04 | 1
  9, 16 |   1.5874370350194646e-04 |   1.5874370350194646e-04 | 1
  9, 17 |   1.7550473606668297e-04 |   1.7550473606668297e-04 | 1
  9, 18 |   1.6819633162145562e-04 |   1.6819633162145562e-04 | 1
  9, 19 |   1.8016666703741578e-04 |   1.8016666703741578e-04 | 1
  9, 20 |   1.7271908863839800e-04 |   1.7271908863839800e-04 | 1
  9, 21 |   1.6562410514883027e-04 |   1.6562410514883027e-04 | 1
  9, 22 |   1.5053571118296385e-04 |   1.5053571118296385e-04 | 1
  9, 23 |   1.7955050605780856e-04 |   1.7955050605780856e-04 | 1
  9, 24 |   1.7630788398167695e-04 |   1.7630788398167695e-04 | 1
  9, 25 |   1.7011330651985106e-04 |   1.7011330651985106e-04 | 1
  9, 26 |   2.1725997599350693e-04 |   2.1725997599350693e-04 | 1
  9, 27 |   2.3575358662939209e-04 |   2.3575358662939209e-04 | 1
  9, 28 |   1.9769587319505843e-04 |   1.9769587319505843e-04 | 1
  9, 29 |   1.9169194403583086e-04 |   1.9169194403583086e-04 | 1
  9, 30 |   1.9205176417834896e-04 |   1.9205176417834896e-04 | 1
  9, 31 |   1.9206076428270066e-04 |   1.9206076428270066e-04 | 1
  9, 32 |   3.6842211783166468e-05 |   3.6842211783166468e-05 | 1
  9, 33 |  -1.9093754333668041e-04 |  -1.9093754333668041e-04 | 1
  9, 34 |   2.2899928705560771e-04 |   2.2899928705560771e-04 | 1
  9, 35 |  -2.6805244450596448e-05 |  -2.6805244450596448e-05 | 1
  9, 36 |  -3.1135627444268450e-05 |  -3.1135627444268450e-05 | 1
  9, 37 |  -2.5618656891332166e-05 |  -2.5618656891332166e-05 | 1
  9, 38 |  -1.7724310087043887e-05 |  -1.7724310087043887e-05 | 1
  9, 39 |  -3.5179893897917150e-05 |  -3.5179893897917150e-05 | 1
  9, 40 |  -2.0458031335574367e-08 |  -2.0458031335574367e-08 | 1
  9, 41 |  -2.3566919338452517e-05 |  -2.3566919338452517e-05 | 1
  9, 42 |   1.0893891955696263e-06 |   1.0893891955696263e-06 | 1
  9, 43 |   1.6502888196909593e-04 |   1.6502888196909593e-04 | 1
  9, 44 |  -2.4338149338639643e-05 |  -2.4338149338639643e-05 | 1
 10,  1 |   1.8705301588405591e-04 |   1.8705301588405591e-04 | 1
 10,  2 |   1.9468551892957411e-04 |   1.9468551892957411e-04 | 1
 10,  3 |   1.8642699646896830e-04 |   1.8642699646896830e-04 | 1
 10,  4 |   1.9839144386530396e-04 |   1.9839144386530396e-04 | 1
 10,  5 |   1.7990991838493192e-04 |   1.7990991838493192e-04 | 1
 10,  6 |   1.3127620852704328e-04 |   1.3127620852704328e-04 | 1
 10,  7 |   1.9086429940147150e-04 |   1.9086429940147150e-04 | 1
 10,  8 |   1.9949315265814038e-04 |   1.9949315265814038e-04 | 1
 10,  9 |   1.6605211764091478e-04 |   1.6605211764091478e-04 | 1
 10, 10 |   3.4457912222851821e-02 |   3.4457912222851821e-02 | 1
 10, 11 |  -2.5606432821950926e-04 |  -2.5606432821950926e-04 | 1
 10, 12 |   1.6062459992087470e-04 |   1.6062459992087470e-04 | 1
 10, 13 |   1.6395563763279571e-04 |   1.6395563763279571e-04 | 1
 10, 14 |   2.8706700412528205e-04 |   2.8706700412528205e-04 | 1
 10, 15 |   3.7820179691044816e-04 |   3.7820179691044816e-04 | 1
 10, 16 |   2.4426196967210055e-04 |   2.4426196967210055e-04 | 1
 10, 17 |   2.0473896031808123e-04 |   2.0473896031808123e-04 | 1
 10, 18 |   1.8693937209973512e-04 |   1.8693937209973512e-04 | 1
 10, 19 |   2.7026948031305187e-04 |   2.7026948031305187e-04 | 1
 10, 20 |   2.0485917723657383e-04 |   2.0485917723657383e-04 | 1
 10, 21 |   1.5683981239391763e-04 |   1.5683981239391763e-04 | 1
 10, 22 |   1.1884971536923884e-04 |   1.1884971536923884e-04 | 1
 10, 23 |   2.1122152930509543e-04 |   2.1122152930509543e-04 | 1
 10, 24 |   2.2307098143259257e-04 |   2.2307098143259257e-04 | 1
 10, 25 |   2.0461665494633322e-04 |   2.0461665494633322e-04 | 1
 10, 26 |   2.2151780946754509e-04 |   2.2151780946754509e-04 | 1
 10, 27 |   1.5051279250736973e-04 |   1.5051279250736973e-04 | 1
 10, 28 |   2.3033491023589133e-04 |   2.3033491023589133e-04 | 1
 10, 29 |   2.2469548386370913e-04 |   2.2469548386370913e-04 | 1
 10, 30 |   2.2288087313612282e-04 |   2.2288087313612282e-04 | 1
 10, 31 |   2.2142623854117335e-04 |   2.2142623854117335e-04 | 1
 10, 32 |  -1.1713973771364403e-04 |  -1.1713973771364403e-04 | 1
 10, 33 |   3.9656519516448265e-04 |   3.9656519516448265e-04 | 1
 10, 34 |   2.3842203456838474e-04 |   2.3842203456838474e-04 | 1
 10, 35 |  -3.6809817142001327e-05 |  -3.6809817142001327e-05 | 1
 10, 36 |  -3.1080730585053074e-05 |  -3.1080730585053074e-05 | 1
 10, 37 |  -2.4899193767287961e-05 |  -2.4899193767287961e-05 | 1
 10, 38 |  -1.3694756204780055e-05 |  -1.3694756204780055e-05 | 1
 10, 39 |  -2.4045594750629406e-05 |  -2.4045594750629406e-05 | 1
 10, 40 |  -2.4168856977618313e-08 |  -2.4168856977618313e-08 | 1
 10, 41 |  -2.8022904326396049e-05 |  -2.8022904326396049e-05 | 1
 10, 42 |   1.1725691100934707e-06 |   1.1725691100934707e-06 | 1
 10, 43 |   1.9171291847721808e-04 |   1.9171291847721808e-04 | 1
 10, 44 |   1.3695501514476618e-04 |   1.3695501514476618e-04 | 1
 11,  1 |   2.9995653945091508e-04 |   2.9995653945091508e-04 | 1
 11,  2 |   3.3722774971156329e-04 |   3.3722774971156329e-04 | 1
 11,  3 |   1.3086545590945274e-04 |   1.3086545590945274e-04 | 1
 11,  4 |   1.8803136081980260e-04 |   1.8803136081980260e-04 | 1
 11,  5 |  -5.5416265509310148e-04 |  -5.5416265509310148e-04 | 1
 11,  6 |   1.3587684800853634e-03 |   1.3587684800853634e-03 | 1
 11,  7 |  -2.8240912266396868e-04 |  -2.8240912266396868e-04 | 1
 11,  8 |   2.1200934975947668e-04 |   2.1200934975947668e-04 | 1
 11,  9 |   4.8547215775354978e-04 |   4.8547215775354978e-04 | 1
 11, 10 |  -2.5606432821950926e-04 |  -2.5606432821950926e-04 | 1
 11, 11 |   3.0029653216252155e-02 |   3.0029653216252155e-02 | 1
 11, 12 |  -2.6329461846437424e-04 |  -2.6329461846437424e-04 | 1
 11, 13 |   5.9154043245029638e-04 |   5.9154043245029638e-04 | 1
 11, 14 |  -1.3940447378078449e-03 |  -1.3940447378078449e-03 | 1
 11, 15 |  -1.2289261973062429e-03 |  -1.2289261973062429e-03 | 1
 11, 16 |   1.9792363104435622e-04 |   1.9792363104435622e-04 | 1
 11, 17 |   3.4992626038230824e-04 |   3.4992626038230824e-04 | 1
 11, 18 |  -1.2701286806026126e-04 |  -1.2701286806026126e-04 | 1
 11, 19 |  -8.5776841532458708e-05 |  -8.5776841532458708e-05 | 1
 11, 20 |   3.6675863188050193e-04 |   3.6675863188050193e-04 | 1
 11, 21 |   6.5501856776987012e-04 |   6.5501856776987012e-04 | 1
 11, 22 |   4.9625346409108021e-03 |   4.9625346409108021e-03 | 1
 11, 23 |   3.5450514349930334e-04 |   3.5450514349930334e-04 | 1
 11, 24 |   6.9362741720514721e-04 |   6.9362741720514721e-04 | 1
 11, 25 |   4.6421638670862155e-04 |   4.6421638670862155e-04 | 1
 11, 26 |   2.9788523560928123e-04 |   2.9788523560928123e-04 | 1
 11, 27 |   8.6325398783439027e-03 |   8.6325398783439027e-03 | 1
 11, 28 |   1.4017485182287116e-03 |   1.4017485182287116e-03 | 1
 11, 29 |   3.5222421086055031e-04 |   3.5222421086055031e-04 | 1
 11, 30 |   1.4757745082882359e-03 |   1.4757745082882359e-03 | 1
 11, 31 |   8.7578337117737853e-04 |   8.7578337117737853e-04 | 1
 11, 32 |   8.9183417438776376e-04 |   8.9183417438776376e-04 | 1
 11, 33 |  -1.7283985709868409e-02 |  -1.7283985709868409e-02 | 1
 11, 34 |   8.5816249136851167e-03 |   8.5816249136851167e-03 | 1
 11, 35 |  -1.7255928817335722e-04 |  -1.7255928817335722e-04 | 1
 11, 36 |  -1.5975814790164072e-04 |  -1.5975814790164072e-04 | 1
 11, 37 |  -1.4831520358199511e-04 |  -1.4831520358199511e-04 | 1
 11, 38 |  -1.3263103171117104e-04 |  -1.3263103171117104e-04 | 1
 11, 39 |  -5.7970400927379826e-05 |  -5.7970400927379826e-05 | 1
 11, 40 |  -2.3646868132102293e-08 |  -2.3646868132102293e-08 | 1
 11, 41 |  -3.5032650926632093e-05 |  -3.5032650926632093e-05 | 1
 11, 42 |   1.9253082028940305e-06 |   1.9253082028940305e-06 | 1
 11, 43 |   3.2518919639195541e-04 |   3.2518919639195541e-04 | 1
 11, 44 |  -8.8732091219598090e-04 |  -8.8732091219598090e-04 | 1
 12,  1 |   1.5009932152551552e-04 |   1.5009932152551552e-04 | 1
 12,  2 |   1.6470332334879277e-04 |   1.6470332334879277e-04 | 1
 12,  3 |   1.5685174121326783e-04 |   1.5685174121326783e-04 | 1
 12,  4 |   1.5095681855963180e-04 |   1.5095681855963180e-04 | 1
 12,  5 |   2.2097304931318267e-04 |   2.2097304931318267e-04 | 1
 12,  6 |   1.5367316411260464e-04 |   1.5367316411260464e-04 | 1
 12,  7 |   1.2724391771817660e-04 |   1.2724391771817660e-04 | 1
 12,  8 |   1.5104205582694777e-04 |   1.5104205582694777e-04 | 1
 12,  9 |   1.4329290396148002e-04 |   1.4329290396148002e-04 | 1
 12, 10 |   1.6062459992087470e-04 |   1.6062459992087470e-04 | 1
 12, 11 |  -2.6329461846437424e-04 |  -2.6329461846437424e-04 | 1
 12, 12 |   1.4922677758339572e-02 |   1.4922677758339572e-02 | 1
 12, 13 |   1.3710573909401743e-04 |   1.3710573909401743e-04 | 1
 12, 14 |   1.9158684112319021e-04 |   1.9158684112319021e-04 | 1
 12, 15 |   1.6069946873319856e-04 |   1.6069946873319856e-04 | 1
 12, 16 |   1.5688336016693466e-04 |   1.5688336016693466e-04 | 1
 12, 17 |   1.5720105268949257e-04 |   1.5720105268949257e-04 | 1
 12, 18 |   1.6737532542309449e-04 |   1.6737532542309449e-04 | 1
 12, 19 |   1.7450524700261566e-04 |   1.7450524700261566e-04 | 1
 12, 20 |   1.6872602312120096e-04 |   1.6872602312120096e-04 | 1
 12, 21 |   1.4696107410751020e-04 |   1.4696107410751020e-04 | 1
 12, 22 |   2.3327273440335982e-05 |   2.3327273440335982e-05 | 1
 12, 23 |   1.7211113855375332e-04 |   1.7211113855375332e-04 | 1
 12, 24 |   1.5126707608362525e-04 |   1.5126707608362525e-04 | 1
 12, 25 |   1.5443796898992465e-04 |   1.5443796898992465e-04 | 1
 12, 26 |   2.0155676698002624e-04 |   2.0155676698002624e-04 | 1
 12, 27 |   4.3426688086057696e-05 |   4.3426688086057696e-05 | 1
 12, 28 |   1.6135464364584360e-04 |   1.6135464364584360e-04 | 1
 12, 29 |   1.7563781328724942e-04 |   1.7563781328724942e-04 | 1
 12, 30 |   1.5443291762759183e-04 |   1.5443291762759183e-04 | 1
 12, 31 |   1.7240018242794457e-04 |   1.7240018242794457e-04 | 1
 12, 32 |   3.0137485171477835e-05 |   3.0137485171477835e-05 | 1
 12, 33 |   1.9613418127427545e-04 |   1.9613418127427545e-04 | 1
 12, 34 |   1.4056484653161010e-05 |   1.4056484653161010e-05 | 1
 12, 35 |  -2.7870797184721576e-06 |  -2.7870797184721576e-06 | 1
 12, 36 |  -1.1270082805893472e-05 |  -1.1270082805893472e-05 | 1
 12, 37 |   5.5966336839453762e-06 |   5.5966336839453762e-06 | 1
 12, 38 |   1.3040322047385288e-05 |   1.3040322047385288e-05 | 1
 12, 39 |  -1.1608492811579132e-05 |  -1.1608492811579132e-05 | 1
 12, 40 |  -2.4827942957979848e-08 |  -2.4827942957979848e-08 | 1
 12, 41 |  -2.5322306104873876e-05 |  -2.5322306104873876e-05 | 1
 12, 42 |   1.0594455329607278e-06 |   1.0594455329607278e-06 | 1
 12, 43 |   1.5002247494178792e-04 |   1.5002247494178792e-04 | 1
 12, 44 |  -1.3455154793683177e-05 |  -1.3455154793683177e-05 | 1
 13,  1 |   1.6597412350372482e-04 |   1.6597412350372482e-04 | 1
 13,  2 |   1.7262069465876761e-04 |   1.7262069465876761e-04 | 1
 13,  3 |   1.5873937904143612e-04 |   1.5873937904143612e-04 | 1
 13,  4 |   1.5621704619842310e-04 |   1.5621704619842310e-04 | 1
 13,  5 |   2.1568306056135361e-04 |   2.1568306056135361e-04 | 1
 13,  6 |   1.7788606452709494e-04 |   1.7788606452709494e-04 | 1
 13,  7 |   1.1233472931493092e-04 |   1.1233472931493092e-04 | 1
 13,  8 |   1.5363017185740681e-04 |   1.5363017185740681e-04 | 1
 13,  9 |   1.5722351765267808e-04 |   1.5722351765267808e-04 | 1
 13, 10 |   1.6395563763279571e-04 |   1.6395563763279571e-04 | 1
 13, 11 |   5.9154043245029638e-04 |   5.9154043245029638e-04 | 1
 13, 12 |   1.3710573909401743e-04 |   1.3710573909401743e-04 | 1
 13, 13 |   1.2263023318000768e-02 |   1.2263023318000768e-02 | 1
 13, 14 |   1.5527080377894184e-04 |   1.5527080377894184e-04 | 1
 13, 15 |   1.4851833729868976e-04 |   1.4851833729868976e-04 | 1
 13, 16 |   1.5460194134722248e-04 |   1.5460194134722248e-04 | 1
 13, 17 |   1.8115041932899721e-04 |   1.8115041932899721e-04 | 1
 13, 18 |   1.7194007614005117e-04 |   1.7194007614005117e-04 | 1
 13, 19 |   1.8352043987489118e-04 |   1.8352043987489118e-04 | 1
 13, 20 |   1.7250235197290451e-04 |   1.7250235197290451e-04 | 1
 13, 21 |   1.7765507526061974e-04 |   1.7765507526061974e-04 | 1
 13, 22 |   1.6178378051505301e-04 |   1.6178378051505301e-04 | 1
 13, 23 |   1.9094438865664226e-04 |   1.9094438865664226e-04 | 1
 13, 24 |   1.8227554741367041e-04 |   1.8227554741367041e-04 | 1
 13, 25 |   1.7510256102000658e-04 |   1.7510256102000658e-04 | 1
 13, 26 |   2.1570444358743978e-04 |   2.1570444358743978e-04 | 1
 13, 27 |   2.6247951556376126e-04 |   2.6247951556376126e-04 | 1
 13, 28 |   1.9904373896791798e-04 |   1.9904373896791798e-04 | 1
 13, 29 |   1.9773285285034498e-04 |   1.9773285285034498e-04 | 1
 13, 30 |   2.0009109803734897e-04 |   2.0009109803734897e-04 | 1
 13, 31 |   2.0644394428646399e-04 |   2.0644394428646399e-04 | 1
 13, 32 |   4.2372990695371009e-05 |   4.2372990695371009e-05 | 1
 13, 33 |  -2.5468141408285626e-04 |  -2.5468141408285626e-04 | 1
 13, 34 |   2.5714659538122483e-04 |   2.5714659538122483e-04 | 1
 13, 35 |  -3.3773321324550697e-05 |  -3.3773321324550697e-05 | 1
 13, 36 |  -3.3650797756268012e-05 |  -3.3650797756268012e-05 | 1
 13, 37 |  -3.2203898518620194e-05 |  -3.2203898518620194e-05 | 1
 13, 38 |  -3.0010907018573949e-05 |  -3.0010907018573949e-05 | 1
 13, 39 |  -2.8566296733699851e-05 |  -2.8566296733699851e-05 | 1
 13, 40 |  -2.3419193996693152e-08 |  -2.3419193996693152e-08 | 1
 13, 41 |  -2.3364349187343966e-05 |  -2.3364349187343966e-05 | 1
 13, 42 |   1.1302096604314622e-06 |   1.1302096604314622e-06 | 1
 13, 43 |   1.6884389214757978e-04 |   1.6884389214757978e-04 | 1
 13, 44 |  -3.2106602390031161e-05 |  -3.2106602390031161e-05 | 1
 14,  1 |   1.9057233334827047e-04 |   1.9057233334827047e-04 | 1
 14,  2 |   2.0118625071642414e-04 |   2.0118625071642414e-04 | 1
 14,  3 |   1.9866855369586714e-04 |   1.9866855369586714e-04 | 1
 14,  4 |   2.0360490758320691e-04 |   2.0360490758320691e-04 | 1
 14,  5 |   2.4694903452325285e-04 |   2.4694903452325285e-04 | 1
 14,  6 |   1.0473728219566153e-04 |   1.0473728219566153e-04 | 1
 14,  7 |   1.9588035983082871e-04 |   1.9588035983082871e-04 | 1
 14,  8 |   2.0314491931814260e-04 |   2.0314491931814260e-04 | 1
 14,  9 |   1.6299250676298584e-04 |   1.6299250676298584e-04 | 1
 14, 10 |   2.8706700412528205e-04 |   2.8706700412528205e-04 | 1
 14, 11 |  -1.3940447378078449e-03 |  -1.3940447378078449e-03 | 1
 14, 12 |   1.9158684112319021e-04 |   1.9158684112319021e-04 | 1
 14, 13 |   1.5527080377894184e-04 |   1.5527080377894184e-04 | 1
 14, 14 |   9.5178474822667971e-03 |   9.5178474822667971e-03 | 1
 14, 15 |   3.9062641336466117e-04 |   3.9062641336466117e-04 | 1
 14, 16 |   2.4220386052587790e-04 |   2.4220386052587790e-04 | 1
 14, 17 |   2.0477921706057111e-04 |   2.0477921706057111e-04 | 1
 14, 18 |   2.1284997572524434e-04 |   2.1284997572524434e-04 | 1
 14, 19 |   2.8016861269587479e-04 |   2.8016861269587479e-04 | 1
 14, 20 |   2.0413258873558081e-04 |   2.0413258873558081e-04 | 1
 14, 21 |   1.4743395887766096e-04 |   1.4743395887766096e-04 | 1
 14, 22 |  -9.8158813489766466e-05 |  -9.8158813489766466e-05 | 1
 14, 23 |   2.1690394913224299e-04 |   2.1690394913224299e-04 | 1
 14, 24 |   2.0506188677670809e-04 |   2.0506188677670809e-04 | 1
 14, 25 |   1.9399454607250499e-04 |   1.9399454607250499e-04 | 1
 14, 26 |   2.3731939702733239e-04 |   2.3731939702733239e-04 | 1
 14, 27 |  -2.0921176909013479e-04 |  -2.0921176909013479e-04 | 1
 14, 28 |   1.8488220460214299e-04 |   1.8488220460214299e-04 | 1
 14, 29 |   2.2499378073186245e-04 |   2.2499378073186245e-04 | 1
 14, 30 |   1.7681896002248433e-04 |   1.7681896002248433e-04 | 1
 14, 31 |   1.9885388696997902e-04 |   1.9885388696997902e-04 | 1
 14, 32 |  -1.1174956701840965e-04 |  -1.1174956701840965e-04 | 1
 14, 33 |   1.0260148675387054e-03 |   1.0260148675387054e-03 | 1
 14, 34 |  -1.4027385532104772e-04 |  -1.4027385532104772e-04 | 1
 14, 35 |  -2.1315846454813514e-05 |  -2.1315846454813514e-05 | 1
 14, 36 |  -1.7787228276957359e-05 |  -1.7787228276957359e-05 | 1
 14, 37 |  -1.0579067857988032e-05 |  -1.0579067857988032e-05 | 1
 14, 38 |   8.8960493782672230e-06 |   8.8960493782672230e-06 | 1
 14, 39 |  -3.5679490434769220e-05 |  -3.5679490434769220e-05 | 1
 14, 40 |  -2.6413344182277113e-08 |  -2.6413344182277113e-08 | 1
 14, 41 |  -3.1135580870650319e-05 |  -3.1135580870650319e-05 | 1
 14, 42 |   1.4030387499204495e-06 |   1.4030387499204495e-06 | 1
 14, 43 |   1.9290041955839234e-04 |   1.9290041955839234e-04 | 1
 14, 44 |   1.2846485071781668e-04 |   1.2846485071781668e-04 | 1
 15,  1 |   1.9348281018115651e-04 |   1.9348281018115651e-04 | 1
 15,  2 |   1.9554668160310962e-04 |   1.9554668160310962e-04 | 1
 15,  3 |   1.8763959210701280e-04 |   1.8763959210701280e-04 | 1
 15,  4 |   2.1601537986458283e-04 |   2.1601537986458283e-04 | 1
 15,  5 |   1.5234658007403013e-04 |   1.5234658007403013e-04 | 1
 15,  6 |   5.2127522425754218e-05 |   5.2127522425754218e-05 | 1
 15,  7 |   2.2019139473430021e-04 |   2.2019139473430021e-04 | 1
 15,  8 |   2.1425555130826971e-04 |   2.1425555130826971e-04 | 1
 15,  9 |   1.4993362157819605e-04 |   1.4993362157819605e-04 | 1
 15, 10 |   3.7820179691044816e-04 |   3.7820179691044816e-04 | 1
 15, 11 |  -1.2289261973062429e-03 |  -1.2289261973062429e-03 | 1
 15, 12 |   1.6069946873319856e-04 |   1.6069946873319856e-04 | 1
 15, 13 |   1.4851833729868976e-04 |   1.4851833729868976e-04 | 1
 15, 14 |   3.9062641336466117e-04 |   3.9062641336466117e-04 | 1
 15, 15 |   2.1723536654287490e-02 |   2.1723536654287490e-02 | 1
 15, 16 |   2.9965957248355706e-04 |   2.9965957248355706e-04 | 1
 15, 17 |   2.1427061890166586e-04 |   2.1427061890166586e-04 | 1
 15, 18 |   1.7842613125288587e-04 |   1.7842613125288587e-04 | 1
 15, 19 |   3.3001030315246531e-04 |   3.3001030315246531e-04 | 1
 15, 20 |   2.0235759901755690e-04 |   2.0235759901755690e-04 | 1
 15, 21 |   1.2528095616998801e-04 |   1.2528095616998801e-04 | 1
 15, 22 |   2.2530303003449120e-05 |   2.2530303003449120e-05 | 1
 15, 23 |   2.0682508148406174e-04 |   2.0682508148406174e-04 | 1
 15, 24 |   2.2623642046312511e-04 |   2.2623642046312511e-04 | 1
 15, 25 |   2.1666181257257481e-04 |   2.1666181257257481e-04 | 1
 15, 26 |   2.2047382730295916e-04 |   2.2047382730295916e-04 | 1
 15, 27 |  -5.7413194949136777e-05 |  -5.7413194949136777e-05 | 1
 15, 28 |   2.2565344513599683e-04 |   2.2565344513599683e-04 | 1
 15, 29 |   2.3823157227041255e-04 |   2.3823157227041255e-04 | 1
 15, 30 |   2.1505776250406737e-04 |   2.1505776250406737e-04 | 1
 15, 31 |   2.1439988635131251e-04 |   2.1439988635131251e-04 | 1
 15, 32 |  -2.5932319443014266e-04 |  -2.5932319443014266e-04 | 1
 15, 33 |   1.0872422065383593e-03 |   1.0872422065383593e-03 | 1
 15, 34 |   1.2707696528283305e-04 |   1.2707696528283305e-04 | 1
 15, 35 |  -3.5775239453492410e-05 |  -3.5775239453492410e-05 | 1
 15, 36 |  -3.1276096623381839e-05 |  -3.1276096623381839e-05 | 1
 15, 37 |  -2.4224933893978108e-05 |  -2.4224933893978108e-05 | 1
 15, 38 |  -4.8114588450837209e-06 |  -4.8114588450837209e-06 | 1
 15, 39 |  -2.7659519812774490e-05 |  -2.7659519812774490e-05 | 1
 15, 40 |  -3.2483481349434024e-08 |  -3.2483481349434024e-08 | 1
 15, 41 |  -2.4315464912506567e-05 |  -2.4315464912506567e-05 | 1
 15, 42 |   9.3777679761774467e-07 |   9.3777679761774467e-07 | 1
 15, 43 |   1.9535014321296146e-04 |   1.9535014321296146e-04 | 1
 15, 44 |   2.7811725838367289e-04 |   2.7811725838367289e-04 | 1
 16,  1 |   1.7381507262422474e-04 |   1.7381507262422474e-04 | 1
 16,  2 |   1.8499635161559955e-04 |   1.8499635161559955e-04 | 1
 16,  3 |   1.7637180168691600e-04 |   1.7637180168691600e-04 | 1
 16,  4 |   1.8515062958317539e-04 |   1.8515062958317539e-04 | 1
 16,  5 |   1.6613924967179679e-04 |   1.6613924967179679e-04 | 1
 16,  6 |   1.4574610251027846e-04 |   1.4574610251027846e-04 | 1
 16,  7 |   1.6084677314613885e-04 |   1.6084677314613885e-04 | 1
 16,  8 |   1.9134156656790141e-04 |   1.9134156656790141e-04 | 1
 16,  9 |   1.5874370350194646e-04 |   1.5874370350194646e-04 | 1
 16, 10 |   2.4426196967210055e-04 |   2.4426196967210055e-04 | 1
 16, 11 |   1.9792363104435622e-04 |   1.9792363104435622e-04 | 1
 16, 12 |   1.5688336016693466e-04 |   1.5688336016693466e-04 | 1
 16, 13 |   1.5460194134722248e-04 |   1.5460194134722248e-04 | 1
 16, 14 |   2.4220386052587790e-04 |   2.4220386052587790e-04 | 1
 16, 15 |   2.9965957248355706e-04 |   2.9965957248355706e-04 | 1
 16, 16 |   3.0248426523690054e-03 |   3.0248426523690054e-03 | 1
 16, 17 |   1.8512793135963275e-04 |   1.8512793135963275e-04 | 1
 16, 18 |   1.5744129733318593e-04 |   1.5744129733318593e-04 | 1
 16, 19 |   2.3937352667369692e-04 |   2.3937352667369692e-04 | 1
 16, 20 |   1.8561371867164333e-04 |   1.8561371867164333e-04 | 1
 16, 21 |   1.4021927799394895e-04 |   1.4021927799394895e-04 | 1
 16, 22 |   1.6148790430948161e-04 |   1.6148790430948161e-04 | 1
 16, 23 |   2.0160742113644256e-04 |   2.0160742113644256e-04 | 1
 16, 24 |   2.0548585181943182e-04 |   2.0548585181943182e-04 | 1
 16, 25 |   1.8710775954452767e-04 |   1.8710775954452767e-04 | 1
 16, 26 |   2.0202188083890131e-04 |   2.0202188083890131e-04 | 1
 16, 27 |   2.4741256143726833e-04 |   2.4741256143726833e-04 | 1
 16, 28 |   2.2786855785386862e-04 |   2.2786855785386862e-04 | 1
 16, 29 |   2.0315127193377950e-04 |   2.0315127193377950e-04 | 1
 16, 30 |   2.1889679154511762e-04 |   2.1889679154511762e-04 | 1
 16, 31 |   2.1103323325915319e-04 |   2.1103323325915319e-04 | 1
 16, 32 |  -7.9046230506080249e-05 |  -7.9046230506080249e-05 | 1
 16, 33 |   9.7381026878729638e-05 |   9.7381026878729638e-05 | 1
 16, 34 |   3.1835107520168031e-04 |   3.1835107520168031e-04 | 1
 16, 35 |  -4.3459091903085443e-06 |  -4.3459091903085443e-06 | 1
 16, 36 |  -1.0427403372516898e-06 |  -1.0427403372516898e-06 | 1
 16, 37 |   1.2230865681150323e-05 |   1.2230865681150323e-05 | 1
 16, 38 |   2.3019381355777257e-05 |   2.3019381355777257e-05 | 1
 16, 39 |  -3.9570865276219560e-05 |  -3.9570865276219560e-05 | 1
 16, 40 |  -2.5365284321884021e-08 |  -2.5365284321884021e-08 | 1
 16, 41 |  -2.9927209989703801e-05 |  -2.9927209989703801e-05 | 1
 16, 42 |   1.3210316871108173e-06 |   1.3210316871108173e-06 | 1
 16, 43 |   1.7279267400788266e-04 |   1.7279267400788266e-04 | 1
 16, 44 |   9.6657363162457131e-05 |   9.6657363162457131e-05 | 1
 17,  1 |   1.8667294722640374e-04 |   1.8667294722640374e-04 | 1
 17,  2 |   1.9470110559087646e-04 |   1.9470110559087646e-04 | 1
 17,  3 |   1.8261727433979791e-04 |   1.8261727433979791e-04 | 1
 17,  4 |   1.8307132111416085e-04 |   1.8307132111416085e-04 | 1
 17,  5 |   2.3022905494154389e-04 |   2.3022905494154389e-04 | 1
 17,  6 |   1.8261964376881505e-04 |   1.8261964376881505e-04 | 1
 17,  7 |   1.4602821484780608e-04 |   1.4602821484780608e-04 | 1
 17,  8 |   1.7753887436133505e-04 |   1.7753887436133505e-04 | 1
 17,  9 |   1.7550473606668297e-04 |   1.7550473606668297e-04 | 1
 17, 10 |   2.0473896031808123e-04 |   2.0473896031808123e-04 | 1
 17, 11 |   3.4992626038230824e-04 |   3.4992626038230824e-04 | 1
 17, 12 |   1.5720105268949257e-04 |   1.5720105268949257e-04 | 1
 17, 13 |   1.8115041932899721e-04 |   1.8115041932899721e-04 | 1
 17, 14 |   2.0477921706057111e-04 |   2.0477921706057111e-04 | 1
 17, 15 |   2.1427061890166586e-04 |   2.1427061890166586e-04 | 1
 17, 16 |   1.8512793135963275e-04 |   1.8512793135963275e-04 | 1
 17, 17 |   4.0086608950838211e-03 |   4.0086608950838211e-03 | 1
 17, 18 |   2.0016716854294659e-04 |   2.0016716854294659e-04 | 1
 17, 19 |   2.2283532991882387e-04 |   2.2283532991882387e-04 | 1
 17, 20 |   2.0284605867375901e-04 |   2.0284605867375901e-04 | 1
 17, 21 |   1.8966079254014497e-04 |   1.8966079254014497e-04 | 1
 17, 22 |   1.5644124047995816e-04 |   1.5644124047995816e-04 | 1
 17, 23 |   2.1231498263272954e-04 |   2.1231498263272954e-04 | 1
 17, 24 |   2.0930826330562774e-04 |   2.0930826330562774e-04 | 1
 17, 25 |   1.9371058481637619e-04 |   1.9371058481637619e-04 | 1
 17, 26 |   2.4149160335863723e-04 |   2.4149160335863723e-04 | 1
 17, 27 |   2.2645744558411572e-04 |   2.2645744558411572e-04 | 1
 17, 28 |   2.2348420783980868e-04 |   2.2348420783980868e-04 | 1
 17, 29 |   2.2162352563722543e-04 |   2.2162352563722543e-04 | 1
 17, 30 |   2.2003902668772373e-04 |   2.2003902668772373e-04 | 1
 17, 31 |   2.2325345995452076e-04 |   2.2325345995452076e-04 | 1
 17, 32 |   1.2828249298685753e-05 |   1.2828249298685753e-05 | 1
 17, 33 |  -7.2916332502473517e-05 |  -7.2916332502473517e-05 | 1
 17, 34 |   2.4004971418603230e-04 |   2.4004971418603230e-04 | 1
 17, 35 |  -4.3432029233831475e-05 |  -4.3432029233831475e-05 | 1
 17, 36 |  -4.5154716240764271e-05 |  -4.5154716240764271e-05 | 1
 17, 37 |  -3.7104070243809578e-05 |  -3.7104070243809578e-05 | 1
 17, 38 |  -2.9692367352059328e-05 |  -2.9692367352059328e-05 | 1
 17, 39 |  -3.3087711928031715e-05 |  -3.3087711928031715e-05 | 1
 17, 40 |  -2.4343016242532128e-08 |  -2.4343016242532128e-08 | 1
 17, 41 |  -2.5840826861377368e-05 |  -2.5840826861377368e-05 | 1
 17, 42 |   1.1876719240615709e-06 |   1.1876719240615709e-06 | 1
 17, 43 |   1.9236446480217734e-04 |   1.9236446480217734e-04 | 1
 17, 44 |   7.1626867529470754e-07 |   7.1626867529470754e-07 | 1
 18,  1 |   1.8349665979991558e-04 |   1.8349665979991558e-04 | 1
 18,  2 |   1.9716279174113662e-04 |   1.9716279174113662e-04 | 1
 18,  3 |   1.8399217446657821e-04 |   1.8399217446657821e-04 | 1
 18,  4 |   1.7800240696488298e-04 |   1.7800240696488298e-04 | 1
 18,  5 |   2.6814670580292482e-04 |   2.6814670580292482e-04 | 1
 18,  6 |   1.8379529676524275e-04 |   1.8379529676524275e-04 | 1
 18,  7 |   1.2975356910428250e-04 |   1.2975356910428250e-04 | 1
 18,  8 |   1.6864928606295793e-04 |   1.6864928606295793e-04 | 1
 18,  9 |   1.6819633162145562e-04 |   1.6819633162145562e-04 | 1
 18, 10 |   1.8693937209973512e-04 |   1.8693937209973512e-04 | 1
 18, 11 |  -1.2701286806026126e-04 |  -1.2701286806026126e-04 | 1
 18, 12 |   1.6737532542309449e-04 |   1.6737532542309449e-04 | 1
 18, 13 |   1.7194007614005117e-04 |   1.7194007614005117e-04 | 1
 18, 14 |   2.1284997572524434e-04 |   2.1284997572524434e-04 | 1
 18, 15 |   1.7842613125288587e-04 |   1.7842613125288587e-04 | 1
 18, 16 |   1.5744129733318593e-04 |   1.5744129733318593e-04 | 1
 18, 17 |   2.0016716854294659e-04 |   2.0016716854294659e-04 | 1
 18, 18 |   1.4258273337397969e-02 |   1.4258273337397969e-02 | 1
 18, 19 |   2.1751815096175946e-04 |   2.1751815096175946e-04 | 1
 18, 20 |   2.0667109744534917e-04 |   2.0667109744534917e-04 | 1
 18, 21 |   1.9467865661812361e-04 |   1.9467865661812361e-04 | 1
 18, 22 |   4.9861760777713507e-05 |   4.9861760777713507e-05 | 1
 18, 23 |   2.0869886002080118e-04 |   2.0869886002080118e-04 | 1
 18, 24 |   1.9481980431607405e-04 |   1.9481980431607405e-04 | 1
 18, 25 |   1.8369833338304257e-04 |   1.8369833338304257e-04 | 1
 18, 26 |   2.5548873730446000e-04 |   2.5548873730446000e-04 | 1
 18, 27 |   5.8329663738311197e-05 |   5.8329663738311197e-05 | 1
 18, 28 |   1.9290477596538812e-04 |   1.9290477596538812e-04 | 1
 18, 29 |   2.1504659775285642e-04 |   2.1504659775285642e-04 | 1
 18, 30 |   1.8898265037047560e-04 |   1.8898265037047560e-04 | 1
 18, 31 |   1.9959178644362793e-04 |   1.9959178644362793e-04 | 1
 18, 32 |   4.2982180240753830e-05 |   4.2982180240753830e-05 | 1
 18, 33 |   1.5260628123176878e-04 |   1.5260628123176878e-04 | 1
 18, 34 |   3.6506883810927241e-05 |   3.6506883810927241e-05 | 1
 18, 35 |  -5.4388312992362952e-05 |  -5.4388312992362952e-05 | 1
 18, 36 |  -5.6838820575517651e-05 |  -5.6838820575517651e-05 | 1
 18, 37 |  -4.7810846903756988e-05 |  -4.7810846903756988e-05 | 1
 18, 38 |  -3.1593286705076842e-05 |  -3.1593286705076842e-05 | 1
 18, 39 |  -1.6860219653177453e-05 |  -1.6860219653177453e-05 | 1
 18, 40 |  -2.2875066581881280e-08 |  -2.2875066581881280e-08 | 1
 18, 41 |  -2.7311826505953348e-05 |  -2.7311826505953348e-05 | 1
 18, 42 |   1.3244842097280625e-06 |   1.3244842097280625e-06 | 1
 18, 43 |   1.9100664016236460e-04 |   1.9100664016236460e-04 | 1
 18, 44 |  -3.2572077437279136e-05 |  -3.2572077437279136e-05 | 1
 19,  1 |   2.0468186601644669e-04 |   2.0468186601644669e-04 | 1
 19,  2 |   2.1550996943708618e-04 |   2.1550996943708618e-04 | 1
 19,  3 |   2.0506551424416970e-04 |   2.0506551424416970e-04 | 1
 19,  4 |   2.1248314636639995e-04 |   2.1248314636639995e-04 | 1
 19,  5 |   2.2440215560360526e-04 |   2.2440215560360526e-04 | 1
 19,  6 |   1.6254966643310716e-04 |   1.6254966643310716e-04 | 1
 19,  7 |   1.7007601527501955e-04 |   1.7007601527501955e-04 | 1
 19,  8 |   2.0896825478071012e-04 |   2.0896825478071012e-04 | 1
 19,  9 |   1.8016666703741578e-04 |   1.8016666703741578e-04 | 1
 19, 10 |   2.7026948031305187e-04 |   2.7026948031305187e-04 | 1
 19, 11 |  -8.5776841532458708e-05 |  -8.5776841532458708e-05 | 1
 19, 12 |   1.7450524700261566e-04 |   1.7450524700261566e-04 | 1
 19, 13 |   1.8352043987489118e-04 |   1.8352043987489118e-04 | 1
 19, 14 |   2.8016861269587479e-04 |   2.8016861269587479e-04 | 1
 19, 15 |   3.3001030315246531e-04 |   3.3001030315246531e-04 | 1
 19, 16 |   2.3937352667369692e-04 |   2.3937352667369692e-04 | 1
 19, 17 |   2.2283532991882387e-04 |   2.2283532991882387e-04 | 1
 19, 18 |   2.1751815096175946e-04 |   2.1751815096175946e-04 | 1
 19, 19 |   3.2770614004580548e-02 |   3.2770614004580548e-02 | 1
 19, 20 |   2.2002718211985557e-04 |   2.2002718211985557e-04 | 1
 19, 21 |   1.7883024025904139e-04 |   1.7883024025904139e-04 | 1
 19, 22 |   1.1039019678454027e-04 |   1.1039019678454027e-04 | 1
 19, 23 |   2.3451806031603306e-04 |   2.3451806031603306e-04 | 1
 19, 24 |   2.3922198572178145e-04 |   2.3922198572178145e-04 | 1
 19, 25 |   2.0878500980997023e-04 |   2.0878500980997023e-04 | 1
 19, 26 |   2.5086059278190819e-04 |   2.5086059278190819e-04 | 1
 19, 27 |   1.4961966288438506e-04 |   1.4961966288438506e-04 | 1
 19, 28 |   2.4323541779741446e-04 |   2.4323541779741446e-04 | 1
 19, 29 |   2.3845518379715178e-04 |   2.3845518379715178e-04 | 1
 19, 30 |   2.3333350231385830e-04 |   2.3333350231385830e-04 | 1
 19, 31 |   2.3520606658467848e-04 |   2.3520606658467848e-04 | 1
 19, 32 |  -7.1734796388363243e-05 |  -7.1734796388363243e-05 | 1
 19, 33 |   2.7731435452669497e-04 |   2.7731435452669497e-04 | 1
 19, 34 |   2.2123840652230799e-04 |   2.2123840652230799e-04 | 1
 19, 35 |  -4.5909788528190040e-05 |  -4.5909788528190040e-05 | 1
 19, 36 |  -3.9818873996424309e-05 |  -3.9818873996424309e-05 | 1
 19, 37 |  -2.5951974947607712e-05 |  -2.5951974947607712e-05 | 1
 19, 38 |  -9.9831619939283905e-06 |  -9.9831619939283905e-06 | 1
 19, 39 |  -3.4405912125533517e-05 |  -3.4405912125533517e-05 | 1
 19, 40 |  -2.6081579665488226e-08 |  -2.6081579665488226e-08 | 1
 19, 41 |  -3.2988128377824501e-05 |  -3.2988128377824501e-05 | 1
 19, 42 |   1.6094505183280062e-06 |   1.6094505183280062e-06 | 1
 19, 43 |   2.0852708592484457e-04 |   2.0852708592484457e-04 | 1
 19, 44 |   8.4359911113523220e-05 |   8.4359911113523220e-05 | 1
 20,  1 |   1.8652075518494650e-04 |   1.8652075518494650e-04 | 1
 20,  2 |   2.0020536090735257e-04 |   2.0020536090735257e-04 | 1
 20,  3 |   1.8940719115082466e-04 |   1.8940719115082466e-04 | 1
 20,  4 |   1.8888252242195956e-04 |   1.8888252242195956e-04 | 1
 20,  5 |   2.3195999035844828e-04 |   2.3195999035844828e-04 | 1
 20,  6 |   1.9604629334412646e-04 |   1.9604629334412646e-04 | 1
 20,  7 |   1.4681363326714833e-04 |   1.4681363326714833e-04 | 1
 20,  8 |   1.8615155686875278e-04 |   1.8615155686875278e-04 | 1
 20,  9 |   1.7271908863839800e-04 |   1.7271908863839800e-04 | 1
 20, 10 |   2.0485917723657383e-04 |   2.0485917723657383e-04 | 1
 20, 11 |   3.6675863188050193e-04 |   3.6675863188050193e-04 | 1
 20, 12 |   1.6872602312120096e-04 |   1.6872602312120096e-04 | 1
 20, 13 |   1.7250235197290451e-04 |   1.7250235197290451e-04 | 1
 20, 14 |   2.0413258873558081e-04 |   2.0413258873558081e-04 | 1
 20, 15 |   2.0235759901755690e-04 |   2.0235759901755690e-04 | 1
 20, 16 |   1.8561371867164333e-04 |   1.8561371867164333e-04 | 1
 20, 17 |   2.0284605867375901e-04 |   2.0284605867375901e-04 | 1
 20, 18 |   2.0667109744534917e-04 |   2.0667109744534917e-04 | 1
 20, 19 |   2.2002718211985557e-04 |   2.2002718211985557e-04 | 1
 20, 20 |   8.6736412328179240e-03 |   8.6736412328179240e-03 | 1
 20, 21 |   1.9096210866627783e-04 |   1.9096210866627783e-04 | 1
 20, 22 |   1.7196723807856037e-04 |   1.7196723807856037e-04 | 1
 20, 23 |   2.1578685075717311e-04 |   2.1578685075717311e-04 | 1
 20, 24 |   2.1973651394881466e-04 |   2.1973651394881466e-04 | 1
 20, 25 |   1.9130983884366266e-04 |   1.9130983884366266e-04 | 1
 20, 26 |   2.4791963091478779e-04 |   2.4791963091478779e-04 | 1
 20, 27 |   2.3981448662327849e-04 |   2.3981448662327849e-04 | 1
 20, 28 |   2.2981647450611773e-04 |   2.2981647450611773e-04 | 1
 20, 29 |   2.1808440341117925e-04 |   2.1808440341117925e-04 | 1
 20, 30 |   2.1865156970310700e-04 |   2.1865156970310700e-04 | 1
 20, 31 |   2.1652171812546064e-04 |   2.1652171812546064e-04 | 1
 20, 32 |   2.3515088580680823e-05 |   2.3515088580680823e-05 | 1
 20, 33 |  -9.2916733110220414e-05 |  -9.2916733110220414e-05 | 1
 20, 34 |   2.3628867100865822e-04 |   2.3628867100865822e-04 | 1
 20, 35 |  -5.3838832638777650e-05 |  -5.3838832638777650e-05 | 1
 20, 36 |  -4.8434857528318283e-05 |  -4.8434857528318283e-05 | 1
 20, 37 |  -2.9247989768602729e-05 |  -2.9247989768602729e-05 | 1
 20, 38 |  -2.0531064234967535e-05 |  -2.0531064234967535e-05 | 1
 20, 39 |  -3.6199246167521368e-05 |  -3.6199246167521368e-05 | 1
 20, 40 |  -2.1566291442217518e-08 |  -2.1566291442217518e-08 | 1
 20, 41 |  -2.5620688952313007e-05 |  -2.5620688952313007e-05 | 1
 20, 42 |   1.0691174805990399e-06 |   1.0691174805990399e-06 | 1
 20, 43 |   1.9394719620787821e-04 |   1.9394719620787821e-04 | 1
 20, 44 |  -6.0201141010587015e-06 |  -6.0201141010587015e-06 | 1
 21,  1 |   1.7327043784885732e-04 |   1.7327043784885732e-04 | 1
 21,  2 |   1.8256666165288754e-04 |   1.8256666165288754e-04 | 1
 21,  3 |   1.6785934175535263e-04 |   1.6785934175535263e-04 | 1
 21,  4 |   1.6121423631980971e-04 |   1.6121423631980971e-04 | 1
 21,  5 |   2.4433953870517936e-04 |   2.4433953870517936e-04 | 1
 21,  6 |   2.0230764614273365e-04 |   2.0230764614273365e-04 | 1
 21,  7 |   1.1899455670420450e-04 |   1.1899455670420450e-04 | 1
 21,  8 |   1.5966690853189938e-04 |   1.5966690853189938e-04 | 1
 21,  9 |   1.6562410514883027e-04 |   1.6562410514883027e-04 | 1
 21, 10 |   1.5683981239391763e-04 |   1.5683981239391763e-04 | 1
 21, 11 |   6.5501856776987012e-04 |   6.5501856776987012e-04 | 1
 21, 12 |   1.4696107410751020e-04 |   1.4696107410751020e-04 | 1
 21, 13 |   1.7765507526061974e-04 |   1.7765507526061974e-04 | 1
 21, 14 |   1.4743395887766096e-04 |   1.4743395887766096e-04 | 1
 21, 15 |   1.2528095616998801e-04 |   1.2528095616998801e-04 | 1
 21, 16 |   1.4021927799394895e-04 |   1.4021927799394895e-04 | 1
 21, 17 |   1.8966079254014497e-04 |   1.8966079254014497e-04 | 1
 21, 18 |   1.9467865661812361e-04 |   1.9467865661812361e-04 | 1
 21, 19 |   1.7883024025904139e-04 |   1.7883024025904139e-04 | 1
 21, 20 |   1.9096210866627783e-04 |   1.9096210866627783e-04 | 1
 21, 21 |   2.4907825809104688e-02 |   2.4907825809104688e-02 | 1
 21, 22 |   1.8134960795565243e-04 |   1.8134960795565243e-04 | 1
 21, 23 |   1.9468355425570065e-04 |   1.9468355425570065e-04 | 1
 21, 24 |   1.9622543012614999e-04 |   1.9622543012614999e-04 | 1
 21, 25 |   1.8138002903674092e-04 |   1.8138002903674092e-04 | 1
 21, 26 |   2.3783731387591015e-04 |   2.3783731387591015e-04 | 1
 21, 27 |   2.7746553014070278e-04 |   2.7746553014070278e-04 | 1
 21, 28 |   2.0148765075055249e-04 |   2.0148765075055249e-04 | 1
 21, 29 |   2.0542498740558091e-04 |   2.0542498740558091e-04 | 1
 21, 30 |   2.0773114918790558e-04 |   2.0773114918790558e-04 | 1
 21, 31 |   2.0709040533892697e-04 |   2.0709040533892697e-04 | 1
 21, 32 |   7.8117070017740870e-05 |   7.8117070017740870e-05 | 1
 21, 33 |  -3.2135166505644724e-04 |  -3.2135166505644724e-04 | 1
 21, 34 |   2.3743638711772898e-04 |   2.3743638711772898e-04 | 1
 21, 35 |  -5.3270560858504614e-05 |  -5.3270560858504614e-05 | 1
 21, 36 |  -4.6884129052415734e-05 |  -4.6884129052415734e-05 | 1
 21, 37 |  -5.0042195032207079e-05 |  -5.0042195032207079e-05 | 1
 21, 38 |  -4.1749173475823885e-05 |  -4.1749173475823885e-05 | 1
 21, 39 |  -2.3707879473809529e-05 |  -2.3707879473809529e-05 | 1
 21, 40 |  -2.2033496256128889e-08 |  -2.2033496256128889e-08 | 1
 21, 41 |  -2.2136683410491283e-05 |  -2.2136683410491283e-05 | 1
 21, 42 |   9.8335652186297762e-07 |   9.8335652186297762e-07 | 1
 21, 43 |   1.8025483301791211e-04 |   1.8025483301791211e-04 | 1
 21, 44 |  -6.4395043174526016e-05 |  -6.4395043174526016e-05 | 1
 22,  1 |   1.3706729486234731e-04 |   1.3706729486234731e-04 | 1
 22,  2 |   1.4684935750047969e-04 |   1.4684935750047969e-04 | 1
 22,  3 |   1.0060546726616678e-04 |   1.0060546726616678e-04 | 1
 22,  4 |   1.3023927912255735e-04 |   1.3023927912255735e-04 | 1
 22,  5 |  -1.7080775470481858e-05 |  -1.7080775470481858e-05 | 1
 22,  6 |   2.8115826088166999e-04 |   2.8115826088166999e-04 | 1
 22,  7 |   5.5981183293650214e-05 |   5.5981183293650214e-05 | 1
 22,  8 |   1.3441656165059240e-04 |   1.3441656165059240e-04 | 1
 22,  9 |   1.5053571118296385e-04 |   1.5053571118296385e-04 | 1
 22, 10 |   1.1884971536923884e-04 |   1.1884971536923884e-04 | 1
 22, 11 |   4.9625346409108021e-03 |   4.9625346409108021e-03 | 1
 22, 12 |   2.3327273440335982e-05 |   2.3327273440335982e-05 | 1
 22, 13 |   1.6178378051505301e-04 |   1.6178378051505301e-04 | 1
 22, 14 |  -9.8158813489766466e-05 |  -9.8158813489766466e-05 | 1
 22, 15 |   2.2530303003449120e-05 |   2.2530303003449120e-05 | 1
 22, 16 |   1.6148790430948161e-04 |   1.6148790430948161e-04 | 1
 22, 17 |   1.5644124047995816e-04 |   1.5644124047995816e-04 | 1
 22, 18 |   4.9861760777713507e-05 |   4.9861760777713507e-05 | 1
 22, 19 |   1.1039019678454027e-04 |   1.1039019678454027e-04 | 1
 22, 20 |   1.7196723807856037e-04 |   1.7196723807856037e-04 | 1
 22, 21 |   1.8134960795565243e-04 |   1.8134960795565243e-04 | 1
 22, 22 |   4.6304477249429370e-02 |   4.6304477249429370e-02 | 1
 22, 23 |   1.5035358007744632e-04 |   1.5035358007744632e-04 | 1
 22, 24 |   2.3634953665133677e-04 |   2.3634953665133677e-04 | 1
 22, 25 |   1.7679231596006974e-04 |   1.7679231596006974e-04 | 1
 22, 26 |   1.6024619159799342e-04 |   1.6024619159799342e-04 | 1
 22, 27 |   1.5709909899327018e-03 |   1.5709909899327018e-03 | 1
 22, 28 |   3.6175286177499665e-04 |   3.6175286177499665e-04 | 1
 22, 29 |   1.6892556516144623e-04 |   1.6892556516144623e-04 | 1
 22, 30 |   3.5584405749830128e-04 |   3.5584405749830128e-04 | 1
 22, 31 |   2.5692480553912169e-04 |   2.5692480553912169e-04 | 1
 22, 32 |   7.1993176289509995e-05 |   7.1993176289509995e-05 | 1
 22, 33 |  -2.7236270965138734e-03 |  -2.7236270965138734e-03 | 1
 22, 34 |   1.6128396216073672e-03 |   1.6128396216073672e-03 | 1
 22, 35 |  -6.5225634198044801e-05 |  -6.5225634198044801e-05 | 1
 22, 36 |  -5.1362972669591762e-05 |  -5.1362972669591762e-05 | 1
 22, 37 |  -3.3097333353297709e-05 |  -3.3097333353297709e-05 | 1
 22, 38 |  -3.3327364322633193e-05 |  -3.3327364322633193e-05 | 1
 22, 39 |  -2.4498856732227270e-05 |  -2.4498856732227270e-05 | 1
 22, 40 |  -1.7978770438072068e-08 |  -1.7978770438072068e-08 | 1
 22, 41 |  -1.1073037190948414e-05 |  -1.1073037190948414e-05 | 1
 22, 42 |   2.2754840225003621e-07 |   2.2754840225003621e-07 | 1
 22, 43 |   1.4557618780201148e-04 |   1.4557618780201148e-04 | 1
 22, 44 |  -5.5508337238450650e-05 |  -5.5508337238450650e-05 | 1
 23,  1 |   1.9723480420176211e-04 |   1.9723480420176211e-04 | 1
 23,  2 |   2.0992678702623301e-04 |   2.0992678702623301e-04 | 1
 23,  3 |   1.9776847926899848e-04 |   1.9776847926899848e-04 | 1
 23,  4 |   1.9660513701304195e-04 |   1.9660513701304195e-04 | 1
 23,  5 |   2.6725452737924712e-04 |   2.6725452737924712e-04 | 1
 23,  6 |   2.0682205883690150e-04 |   2.0682205883690150e-04 | 1
 23,  7 |   1.4691122720214065e-04 |   1.4691122720214065e-04 | 1
 23,  8 |   1.9956636135879649e-04 |   1.9956636135879649e-04 | 1
 23,  9 |   1.7955050605780856e-04 |   1.7955050605780856e-04 | 1
 23, 10 |   2.1122152930509543e-04 |   2.1122152930509543e-04 | 1
 23, 11 |   3.5450514349930334e-04 |   3.5450514349930334e-04 | 1
 23, 12 |   1.7211113855375332e-04 |   1.7211113855375332e-04 | 1
 23, 13 |   1.9094438865664226e-04 |   1.9094438865664226e-04 | 1
 23, 14 |   2.1690394913224299e-04 |   2.1690394913224299e-04 | 1
 23, 15 |   2.0682508148406174e-04 |   2.0682508148406174e-04 | 1
 23, 16 |   2.0160742113644256e-04 |   2.0160742113644256e-04 | 1
 23, 17 |   2.1231498263272954e-04 |   2.1231498263272954e-04 | 1
 23, 18 |   2.0869886002080118e-04 |   2.0869886002080118e-04 | 1
 23, 19 |   2.3451806031603306e-04 |   2.3451806031603306e-04 | 1
 23, 20 |   2.1578685075717311e-04 |   2.1578685075717311e-04 | 1
 23, 21 |   1.9468355425570065e-04 |   1.9468355425570065e-04 | 1
 23, 22 |   1.5035358007744632e-04 |   1.5035358007744632e-04 | 1
 23, 23 |   1.7928450035021474e-02 |   1.7928450035021474e-02 | 1
 23, 24 |   2.3156176895813347e-04 |   2.3156176895813347e-04 | 1
 23, 25 |   1.9778496421433975e-04 |   1.9778496421433975e-04 | 1
 23, 26 |   2.5186063680317412e-04 |   2.5186063680317412e-04 | 1
 23, 27 |   2.3207562611410971e-04 |   2.3207562611410971e-04 | 1
 23, 28 |   2.2678747654103970e-04 |   2.2678747654103970e-04 | 1
 23, 29 |   2.2712565530095985e-04 |   2.2712565530095985e-04 | 1
 23, 30 |   2.2036925247884872e-04 |   2.2036925247884872e-04 | 1
 23, 31 |   2.3001773250866457e-04 |   2.3001773250866457e-04 | 1
 23, 32 |   2.4732947952144407e-05 |   2.4732947952144407e-05 | 1
 23, 33 |  -7.7645412671613047e-05 |  -7.7645412671613047e-05 | 1
 23, 34 |   2.3069902664044772e-04 |   2.3069902664044772e-04 | 1
 23, 35 |  -4.2324440049544963e-05 |  -4.2324440049544963e-05 | 1
 23, 36 |  -2.4285504279814692e-05 |  -2.4285504279814692e-05 | 1
 23, 37 |  -1.5225954647596160e-05 |  -1.5225954647596160e-05 | 1
 23, 38 |  -1.2785610725488711e-05 |  -1.2785610725488711e-05 | 1
 23, 39 |  -3.5067117642358821e-05 |  -3.5067117642358821e-05 | 1
 23, 40 |  -2.5876649075212196e-08 |  -2.5876649075212196e-08 | 1
 23, 41 |  -3.1872293934159546e-05 |  -3.1872293934159546e-05 | 1
 23, 42 |   1.5147050211835128e-06 |   1.5147050211835128e-06 | 1
 23, 43 |   1.9955505925330227e-04 |   1.9955505925330227e-04 | 1
 23, 44 |  -9.6304142738102037e-06 |  -9.6304142738102037e-06 | 1
 24,  1 |   1.9322363981802703e-04 |   1.9322363981802703e-04 | 1
 24,  2 |   2.0461373706148070e-04 |   2.0461373706148070e-04 | 1
 24,  3 |   1.9255701653617422e-04 |   1.9255701653617422e-04 | 1
 24,  4 |   1.9479599003782439e-04 |   1.9479599003782439e-04 | 1
 24,  5 |   2.2259970800065591e-04 |   2.2259970800065591e-04 | 1
 24,  6 |   2.0458519783721226e-04 |   2.0458519783721226e-04 | 1
 24,  7 |   1.4997995962316235e-04 |   1.4997995962316235e-04 | 1
 24,  8 |   1.9600188560342041e-04 |   1.9600188560342041e-04 | 1
 24,  9 |   1.7630788398167695e-04 |   1.7630788398167695e-04 | 1
 24, 10 |   2.2307098143259257e-04 |   2.2307098143259257e-04 | 1
 24, 11 |   6.9362741720514721e-04 |   6.9362741720514721e-04 | 1
 24, 12 |   1.5126707608362525e-04 |   1.5126707608362525e-04 | 1
 24, 13 |   1.8227554741367041e-04 |   1.8227554741367041e-04 | 1
 24, 14 |   2.0506188677670809e-04 |   2.0506188677670809e-04 | 1
 24, 15 |   2.2623642046312511e-04 |   2.2623642046312511e-04 | 1
 24, 16 |   2.0548585181943182e-04 |   2.0548585181943182e-04 | 1
 24, 17 |   2.0930826330562774e-04 |   2.0930826330562774e-04 | 1
 24, 18 |   1.9481980431607405e-04 |   1.9481980431607405e-04 | 1
 24, 19 |   2.3922198572178145e-04 |   2.3922198572178145e-04 | 1
 24, 20 |   2.1973651394881466e-04 |   2.1973651394881466e-04 | 1
 24, 21 |   1.9622543012614999e-04 |   1.9622543012614999e-04 | 1
 24, 22 |   2.3634953665133677e-04 |   2.3634953665133677e-04 | 1
 24, 23 |   2.3156176895813347e-04 |   2.3156176895813347e-04 | 1
 24, 24 |   3.9797196005492757e-03 |   3.9797196005492757e-03 | 1
 24, 25 |   1.9827078612917869e-04 |   1.9827078612917869e-04 | 1
 24, 26 |   2.4162398294205788e-04 |   2.4162398294205788e-04 | 1
 24, 27 |   3.4700101632348591e-04 |   3.4700101632348591e-04 | 1
 24, 28 |   2.4253192801629121e-04 |   2.4253192801629121e-04 | 1
 24, 29 |   2.2584423857867141e-04 |   2.2584423857867141e-04 | 1
 24, 30 |   2.4147397308985617e-04 |   2.4147397308985617e-04 | 1
 24, 31 |   2.3143515069853928e-04 |   2.3143515069853928e-04 | 1
 24, 32 |  -1.0155490455875565e-06 |  -1.0155490455875565e-06 | 1
 24, 33 |  -2.3707407379374652e-04 |  -2.3707407379374652e-04 | 1
 24, 34 |   3.7255892827446082e-04 |   3.7255892827446082e-04 | 1
 24, 35 |  -5.7413858188118260e-05 |  -5.7413858188118260e-05 | 1
 24, 36 |  -3.5778344061707932e-05 |  -3.5778344061707932e-05 | 1
 24, 37 |  -2.7398960087147283e-05 |  -2.7398960087147283e-05 | 1
 24, 38 |  -2.0622687823264599e-05 |  -2.0622687823264599e-05 | 1
 24, 39 |  -3.5420922915030338e-05 |  -3.5420922915030338e-05 | 1
 24, 40 |  -2.4116507295593708e-08 |  -2.4116507295593708e-08 | 1
 24, 41 |  -2.8064498926649291e-05 |  -2.8064498926649291e-05 | 1
 24, 42 |   1.2683453410144106e-06 |   1.2683453410144106e-06 | 1
 24, 43 |   1.9812628030620820e-04 |   1.9812628030620820e-04 | 1
 24, 44 |   1.6036759839441191e-05 |   1.6036759839441191e-05 | 1
 25,  1 |   1.7827342274377727e-04 |   1.7827342274377727e-04 | 1
 25,  2 |   1.8625855036950877e-04 |   1.8625855036950877e-04 | 1
 25,  3 |   1.7378227827739544e-04 |   1.7378227827739544e-04 | 1
 25,  4 |   1.7466172922138808e-04 |   1.7466172922138808e-04 | 1
 25,  5 |   2.1530767306106595e-04 |   2.1530767306106595e-04 | 1
 25,  6 |   1.7966281486299943e-04 |   1.7966281486299943e-04 | 1
 25,  7 |   1.4377218552992255e-04 |   1.4377218552992255e-04 | 1
 25,  8 |   1.7215556296236618e-04 |   1.7215556296236618e-04 | 1
 25,  9 |   1.7011330651985106e-04 |   1.7011330651985106e-04 | 1
 25, 10 |   2.0461665494633322e-04 |   2.0461665494633322e-04 | 1
 25, 11 |   4.6421638670862155e-04 |   4.6421638670862155e-04 | 1
 25, 12 |   1.5443796898992465e-04 |   1.5443796898992465e-04 | 1
 25, 13 |   1.7510256102000658e-04 |   1.7510256102000658e-04 | 1
 25, 14 |   1.9399454607250499e-04 |   1.9399454607250499e-04 | 1
 25, 15 |   2.1666181257257481e-04 |   2.1666181257257481e-04 | 1
 25, 16 |   1.8710775954452767e-04 |   1.8710775954452767e-04 | 1
 25, 17 |   1.9371058481637619e-04 |   1.9371058481637619e-04 | 1
 25, 18 |   1.8369833338304257e-04 |   1.8369833338304257e-04 | 1
 25, 19 |   2.0878500980997023e-04 |   2.0878500980997023e-04 | 1
 25, 20 |   1.9130983884366266e-04 |   1.9130983884366266e-04 | 1
 25, 21 |   1.8138002903674092e-04 |   1.8138002903674092e-04 | 1
 25, 22 |   1.7679231596006974e-04 |   1.7679231596006974e-04 | 1
 25, 23 |   1.9778496421433975e-04 |   1.9778496421433975e-04 | 1
 25, 24 |   1.9827078612917869e-04 |   1.9827078612917869e-04 | 1
 25, 25 |   1.2401321954901408e-02 |   1.2401321954901408e-02 | 1
 25, 26 |   2.3343862983626006e-04 |   2.3343862983626006e-04 | 1
 25, 27 |   2.7818910627440451e-04 |   2.7818910627440451e-04 | 1
 25, 28 |   2.2281675352753735e-04 |   2.2281675352753735e-04 | 1
 25, 29 |   2.1837221010613663e-04 |   2.1837221010613663e-04 | 1
 25, 30 |   2.2343726011153295e-04 |   2.2343726011153295e-04 | 1
 25, 31 |   2.2599510989809466e-04 |   2.2599510989809466e-04 | 1
 25, 32 |   1.0090562796847357e-05 |   1.0090562796847357e-05 | 1
 25, 33 |  -1.4924804882575203e-04 |  -1.4924804882575203e-04 | 1
 25, 34 |   2.8758002110693278e-04 |   2.8758002110693278e-04 | 1
 25, 35 |  -2.8633003969801696e-05 |  -2.8633003969801696e-05 | 1
 25, 36 |  -3.4196654278649565e-05 |  -3.4196654278649565e-05 | 1
 25, 37 |  -2.8857315001209953e-05 |  -2.8857315001209953e-05 | 1
 25, 38 |  -2.2402905344802843e-05 |  -2.2402905344802843e-05 | 1
 25, 39 |  -2.7950375996225876e-05 |  -2.7950375996225876e-05 | 1
 25, 40 |  -2.5682249100761241e-08 |  -2.5682249100761241e-08 | 1
 25, 41 |  -2.3957872557942218e-05 |  -2.3957872557942218e-05 | 1
 25, 42 |   9.8935022783864455e-07 |   9.8935022783864455e-07 | 1
 25, 43 |   1.8324907463201725e-04 |   1.8324907463201725e-04 | 1
 25, 44 |   7.2583331125547544e-06 |   7.2583331125547544e-06 | 1
 26,  1 |   2.2133326209592837e-04 |   2.2133326209592837e-04 | 1
 26,  2 |   2.3381830577761075e-04 |   2.3381830577761075e-04 | 1
 26,  3 |   2.2016694102347479e-04 |   2.2016694102347479e-04 | 1
 26,  4 |   2.1486235870392186e-04 |   2.1486235870392186e-04 | 1
 26,  5 |   2.8532318573658402e-04 |   2.8532318573658402e-04 | 1
 26,  6 |   2.3038034421419038e-04 |   2.3038034421419038e-04 | 1
 26,  7 |   1.8584795123060237e-04 |   1.8584795123060237e-04 | 1
 26,  8 |   2.0780811233341099e-04 |   2.0780811233341099e-04 | 1
 26,  9 |   2.1725997599350693e-04 |   2.1725997599350693e-04 | 1
 26, 10 |   2.2151780946754509e-04 |   2.2151780946754509e-04 | 1
 26, 11 |   2.9788523560928123e-04 |   2.9788523560928123e-04 | 1
 26, 12 |   2.0155676698002624e-04 |   2.0155676698002624e-04 | 1
 26, 13 |   2.1570444358743978e-04 |   2.1570444358743978e-04 | 1
 26, 14 |   2.3731939702733239e-04 |   2.3731939702733239e-04 | 1
 26, 15 |   2.2047382730295916e-04 |   2.2047382730295916e-04 | 1
 26, 16 |   2.0202188083890131e-04 |   2.0202188083890131e-04 | 1
 26, 17 |   2.4149160335863723e-04 |   2.4149160335863723e-04 | 1
 26, 18 |   2.5548873730446000e-04 |   2.5548873730446000e-04 | 1
 26, 19 |   2.5086059278190819e-04 |   2.5086059278190819e-04 | 1
 26, 20 |   2.4791963091478779e-04 |   2.4791963091478779e-04 | 1
 26, 21 |   2.3783731387591015e-04 |   2.3783731387591015e-04 | 1
 26, 22 |   1.6024619159799342e-04 |   1.6024619159799342e-04 | 1
 26, 23 |   2.5186063680317412e-04 |   2.5186063680317412e-04 | 1
 26, 24 |   2.4162398294205788e-04 |   2.4162398294205788e-04 | 1
 26, 25 |   2.3343862983626006e-04 |   2.3343862983626006e-04 | 1
 26, 26 |   2.4724885043034304e-02 |   2.4724885043034304e-02 | 1
 26, 27 |   2.2901928325661571e-04 |   2.2901928325661571e-04 | 1
 26, 28 |   2.5865229504575091e-04 |   2.5865229504575091e-04 | 1
 26, 29 |   2.6070068292457246e-04 |   2.6070068292457246e-04 | 1
 26, 30 |   2.5742029579111134e-04 |   2.5742029579111134e-04 | 1
 26, 31 |   2.5890102886623131e-04 |   2.5890102886623131e-04 | 1
 26, 32 |   4.9188857452902698e-05 |   4.9188857452902698e-05 | 1
 26, 33 |  -6.4529084691724477e-05 |  -6.4529084691724477e-05 | 1
 26, 34 |   2.0936886805288682e-04 |   2.0936886805288682e-04 | 1
 26, 35 |  -5.3552606439743927e-05 |  -5.3552606439743927e-05 | 1
 26, 36 |  -6.0562676353567263e-05 |  -6.0562676353567263e-05 | 1
 26, 37 |  -5.2822170545976623e-05 |  -5.2822170545976623e-05 | 1
 26, 38 |  -3.6360929094301966e-05 |  -3.6360929094301966e-05 | 1
 26, 39 |  -3.1103294070935697e-05 |  -3.1103294070935697e-05 | 1
 26, 40 |  -2.7252368209309951e-08 |  -2.7252368209309951e-08 | 1
 26, 41 |  -3.0310594045912731e-05 |  -3.0310594045912731e-05 | 1
 26, 42 |   1.3188729267241154e-06 |   1.3188729267241154e-06 | 1
 26, 43 |   2.3080130549183979e-04 |   2.3080130549183979e-04 | 1
 26, 44 |  -3.0381800898252800e-05 |  -3.0381800898252800e-05 | 1
 27,  1 |   2.0366401227659336e-04 |   2.0366401227659336e-04 | 1
 27,  2 |   2.2378968126219380e-04 |   2.2378968126219380e-04 | 1
 27,  3 |   1.6288035042107119e-04 |   1.6288035042107119e-04 | 1
 27,  4 |   1.8372127488191072e-04 |   1.8372127488191072e-04 | 1
 27,  5 |  -7.3701190237164025e-05 |  -7.3701190237164025e-05 | 1
 27,  6 |   4.7600431313224906e-04 |   4.7600431313224906e-04 | 1
 27,  7 |   4.8166145444776339e-05 |   4.8166145444776339e-05 | 1
 27,  8 |   2.0483775464087581e-04 |   2.0483775464087581e-04 | 1
 27,  9 |   2.3575358662939209e-04 |   2.3575358662939209e-04 | 1
 27, 10 |   1.5051279250736973e-04 |   1.5051279250736973e-04 | 1
 27, 11 |   8.6325398783439027e-03 |   8.6325398783439027e-03 | 1
 27, 12 |   4.3426688086057696e-05 |   4.3426688086057696e-05 | 1
 27, 13 |   2.6247951556376126e-04 |   2.6247951556376126e-04 | 1
 27, 14 |  -2.0921176909013479e-04 |  -2.0921176909013479e-04 | 1
 27, 15 |  -5.7413194949136777e-05 |  -5.7413194949136777e-05 | 1
 27, 16 |   2.4741256143726833e-04 |   2.4741256143726833e-04 | 1
 27, 17 |   2.2645744558411572e-04 |   2.2645744558411572e-04 | 1
 27, 18 |   5.8329663738311197e-05 |   5.8329663738311197e-05 | 1
 27, 19 |   1.4961966288438506e-04 |   1.4961966288438506e-04 | 1
 27, 20 |   2.3981448662327849e-04 |   2.3981448662327849e-04 | 1
 27, 21 |   2.7746553014070278e-04 |   2.7746553014070278e-04 | 1
 27, 22 |   1.5709909899327018e-03 |   1.5709909899327018e-03 | 1
 27, 23 |   2.3207562611410971e-04 |   2.3207562611410971e-04 | 1
 27, 24 |   3.4700101632348591e-04 |   3.4700101632348591e-04 | 1
 27, 25 |   2.7818910627440451e-04 |   2.7818910627440451e-04 | 1
 27, 26 |   2.2901928325661571e-04 |   2.2901928325661571e-04 | 1
 27, 27 |   6.5451076312519299e-02 |   6.5451076312519299e-02 | 1
 27, 28 |   5.6758052178083646e-04 |   5.6758052178083646e-04 | 1
 27, 29 |   2.5302635327420178e-04 |   2.5302635327420178e-04 | 1
 27, 30 |   5.8720167350286533e-04 |   5.8720167350286533e-04 | 1
 27, 31 |   4.1130042119979978e-04 |   4.1130042119979978e-04 | 1
 27, 32 |   1.4760380304008734e-04 |   1.4760380304008734e-04 | 1
 27, 33 |  -4.7988090525533170e-03 |  -4.7988090525533170e-03 | 1
 27, 34 |   2.7501218847890210e-03 |   2.7501218847890210e-03 | 1
 27, 35 |  -5.3879775974724150e-05 |  -5.3879775974724150e-05 | 1
 27, 36 |  -4.2326289098064973e-05 |  -4.2326289098064973e-05 | 1
 27, 37 |  -3.1485073625198339e-05 |  -3.1485073625198339e-05 | 1
 27, 38 |  -2.7508583687857394e-05 |  -2.7508583687857394e-05 | 1
 27, 39 |  -1.2926240955235056e-05 |  -1.2926240955235056e-05 | 1
 27, 40 |  -2.7441009514279317e-08 |  -2.7441009514279317e-08 | 1
 27, 41 |  -2.7849846232678126e-05 |  -2.7849846232678126e-05 | 1
 27, 42 |   1.0346237397153452e-06 |   1.0346237397153452e-06 | 1
 27, 43 |   2.1084498608549986e-04 |   2.1084498608549986e-04 | 1
 27, 44 |  -1.2304324964746777e-04 |  -1.2304324964746777e-04 | 1
 28,  1 |   2.0416766227254003e-04 |   2.0416766227254003e-04 | 1
 28,  2 |   2.1640864815221177e-04 |   2.1640864815221177e-04 | 1
 28,  3 |   1.9759124213944071e-04 |   1.9759124213944071e-04 | 1
 28,  4 |   2.0530602163321656e-04 |   2.0530602163321656e-04 | 1
 28,  5 |   1.8273049521863713e-04 |   1.8273049521863713e-04 | 1
 28,  6 |   2.2245551489614204e-04 |   2.2245551489614204e-04 | 1
 28,  7 |   1.5492932484020513e-04 |   1.5492932484020513e-04 | 1
 28,  8 |   1.9941434053629933e-04 |   1.9941434053629933e-04 | 1
 28,  9 |   1.9769587319505843e-04 |   1.9769587319505843e-04 | 1
 28, 10 |   2.3033491023589133e-04 |   2.3033491023589133e-04 | 1
 28, 11 |   1.4017485182287116e-03 |   1.4017485182287116e-03 | 1
 28, 12 |   1.6135464364584360e-04 |   1.6135464364584360e-04 | 1
 28, 13 |   1.9904373896791798e-04 |   1.9904373896791798e-04 | 1
 28, 14 |   1.8488220460214299e-04 |   1.8488220460214299e-04 | 1
 28, 15 |   2.2565344513599683e-04 |   2.2565344513599683e-04 | 1
 28, 16 |   2.2786855785386862e-04 |   2.2786855785386862e-04 | 1
 28, 17 |   2.2348420783980868e-04 |   2.2348420783980868e-04 | 1
 28, 18 |   1.9290477596538812e-04 |   1.9290477596538812e-04 | 1
 28, 19 |   2.4323541779741446e-04 |   2.4323541779741446e-04 | 1
 28, 20 |   2.2981647450611773e-04 |   2.2981647450611773e-04 | 1
 28, 21 |   2.0148765075055249e-04 |   2.0148765075055249e-04 | 1
 28, 22 |   3.6175286177499665e-04 |   3.6175286177499665e-04 | 1
 28, 23 |   2.2678747654103970e-04 |   2.2678747654103970e-04 | 1
 28, 24 |   2.4253192801629121e-04 |   2.4253192801629121e-04 | 1
 28, 25 |   2.2281675352753735e-04 |   2.2281675352753735e-04 | 1
 28, 26 |   2.5865229504575091e-04 |   2.5865229504575091e-04 | 1
 28, 27 |   5.6758052178083646e-04 |   5.6758052178083646e-04 | 1
 28, 28 |   8.7023490838099050e-03 |   8.7023490838099050e-03 | 1
 28, 29 |   2.4297648376007773e-04 |   2.4297648376007773e-04 | 1
 28, 30 |   2.8888824006215110e-04 |   2.8888824006215110e-04 | 1
 28, 31 |   2.6246590092990054e-04 |   2.6246590092990054e-04 | 1
 28, 32 |   2.7005433631902598e-06 |   2.7005433631902598e-06 | 1
 28, 33 |  -6.3182994997791966e-04 |  -6.3182994997791966e-04 | 1
 28, 34 |   6.1113790315700056e-04 |   6.1113790315700056e-04 | 1
 28, 35 |  -3.8601784131587181e-05 |  -3.8601784131587181e-05 | 1
 28, 36 |  -5.1121063668934736e-05 |  -5.1121063668934736e-05 | 1
 28, 37 |  -2.9087737438140739e-05 |  -2.9087737438140739e-05 | 1
 28, 38 |  -1.8269940203869015e-05 |  -1.8269940203869015e-05 | 1
 28, 39 |  -4.1586671685876418e-05 |  -4.1586671685876418e-05 | 1
 28, 40 |  -2.5340496138214985e-08 |  -2.5340496138214985e-08 | 1
 28, 41 |  -2.9244024445427805e-05 |  -2.9244024445427805e-05 | 1
 28, 42 |   1.2875377464645699e-06 |   1.2875377464645699e-06 | 1
 28, 43 |   2.1139249373688734e-04 |   2.1139249373688734e-04 | 1
 28, 44 |   1.4347468543427916e-05 |   1.4347468543427916e-05 | 1
 29,  1 |   2.0171455082002729e-04 |   2.0171455082002729e-04 | 1
 29,  2 |   2.1022761899433905e-04 |   2.1022761899433905e-04 | 1
 29,  3 |   1.9717954334849913e-04 |   1.9717954334849913e-04 | 1
 29,  4 |   1.9648557195251794e-04 |   1.9648557195251794e-04 | 1
 29,  5 |   2.4618965451750937e-04 |   2.4618965451750937e-04 | 1
 29,  6 |   1.9780561581931455e-04 |   1.9780561581931455e-04 | 1
 29,  7 |   1.6666428935308253e-04 |   1.6666428935308253e-04 | 1
 29,  8 |   1.9414740469674807e-04 |   1.9414740469674807e-04 | 1
 29,  9 |   1.9169194403583086e-04 |   1.9169194403583086e-04 | 1
 29, 10 |   2.2469548386370913e-04 |   2.2469548386370913e-04 | 1
 29, 11 |   3.5222421086055031e-04 |   3.5222421086055031e-04 | 1
 29, 12 |   1.7563781328724942e-04 |   1.7563781328724942e-04 | 1
 29, 13 |   1.9773285285034498e-04 |   1.9773285285034498e-04 | 1
 29, 14 |   2.2499378073186245e-04 |   2.2499378073186245e-04 | 1
 29, 15 |   2.3823157227041255e-04 |   2.3823157227041255e-04 | 1
 29, 16 |   2.0315127193377950e-04 |   2.0315127193377950e-04 | 1
 29, 17 |   2.2162352563722543e-04 |   2.2162352563722543e-04 | 1
 29, 18 |   2.1504659775285642e-04 |   2.1504659775285642e-04 | 1
 29, 19 |   2.3845518379715178e-04 |   2.3845518379715178e-04 | 1
 29, 20 |   2.1808440341117925e-04 |   2.1808440341117925e-04 | 1
 29, 21 |   2.0542498740558091e-04 |   2.0542498740558091e-04 | 1
 29, 22 |   1.6892556516144623e-04 |   1.6892556516144623e-04 | 1
 29, 23 |   2.2712565530095985e-04 |   2.2712565530095985e-04 | 1
 29, 24 |   2.2584423857867141e-04 |   2.2584423857867141e-04 | 1
 29, 25 |   2.1837221010613663e-04 |   2.1837221010613663e-04 | 1
 29, 26 |   2.6070068292457246e-04 |   2.6070068292457246e-04 | 1
 29, 27 |   2.5302635327420178e-04 |   2.5302635327420178e-04 | 1
 29, 28 |   2.4297648376007773e-04 |   2.4297648376007773e-04 | 1
 29, 29 |   9.7077123754738311e-03 |   9.7077123754738311e-03 | 1
 29, 30 |   2.3795921298403697e-04 |   2.3795921298403697e-04 | 1
 29, 31 |   2.4301337882168996e-04 |   2.4301337882168996e-04 | 1
 29, 32 |   1.0412537587370940e-05 |   1.0412537587370940e-05 | 1
 29, 33 |  -6.3168443169417819e-05 |  -6.3168443169417819e-05 | 1
 29, 34 |   2.6149000567894794e-04 |   2.6149000567894794e-04 | 1
 29, 35 |  -4.2647721059425398e-05 |  -4.2647721059425398e-05 | 1
 29, 36 |  -4.6659813309448843e-05 |  -4.6659813309448843e-05 | 1
 29, 37 |  -4.3615571003186481e-05 |  -4.3615571003186481e-05 | 1
 29, 38 |  -3.8242274718322558e-05 |  -3.8242274718322558e-05 | 1
 29, 39 |  -3.1704275621547219e-05 |  -3.1704275621547219e-05 | 1
 29, 40 |  -2.4462868106884910e-08 |  -2.4462868106884910e-08 | 1
 29, 41 |  -2.8759441259942390e-05 |  -2.8759441259942390e-05 | 1
 29, 42 |   1.2936852322380512e-06 |   1.2936852322380512e-06 | 1
 29, 43 |   2.0869748888999263e-04 |   2.0869748888999263e-04 | 1
 29, 44 |   7.2475141383189908e-06 |   7.2475141383189908e-06 | 1
 30,  1 |   1.9964215911174088e-04 |   1.9964215911174088e-04 | 1
 30,  2 |   2.1419424821325425e-04 |   2.1419424821325425e-04 | 1
 30,  3 |   1.8737484608993496e-04 |   1.8737484608993496e-04 | 1
 30,  4 |   1.9589282153032649e-04 |   1.9589282153032649e-04 | 1
 30,  5 |   1.9594979845761313e-04 |   1.9594979845761313e-04 | 1
 30,  6 |   2.3372255181472310e-04 |   2.3372255181472310e-04 | 1
 30,  7 |   1.4249641203908844e-04 |   1.4249641203908844e-04 | 1
 30,  8 |   1.9725940321079196e-04 |   1.9725940321079196e-04 | 1
 30,  9 |   1.9205176417834896e-04 |   1.9205176417834896e-04 | 1
 30, 10 |   2.2288087313612282e-04 |   2.2288087313612282e-04 | 1
 30, 11 |   1.4757745082882359e-03 |   1.4757745082882359e-03 | 1
 30, 12 |   1.5443291762759183e-04 |   1.5443291762759183e-04 | 1
 30, 13 |   2.0009109803734897e-04 |   2.0009109803734897e-04 | 1
 30, 14 |   1.7681896002248433e-04 |   1.7681896002248433e-04 | 1
 30, 15 |   2.1505776250406737e-04 |   2.1505776250406737e-04 | 1
 30, 16 |   2.1889679154511762e-04 |   2.1889679154511762e-04 | 1
 30, 17 |   2.2003902668772373e-04 |   2.2003902668772373e-04 | 1
 30, 18 |   1.8898265037047560e-04 |   1.8898265037047560e-04 | 1
 30, 19 |   2.3333350231385830e-04 |   2.3333350231385830e-04 | 1
 30, 20 |   2.1865156970310700e-04 |   2.1865156970310700e-04 | 1
 30, 21 |   2.0773114918790558e-04 |   2.0773114918790558e-04 | 1
 30, 22 |   3.5584405749830128e-04 |   3.5584405749830128e-04 | 1
 30, 23 |   2.2036925247884872e-04 |   2.2036925247884872e-04 | 1
 30, 24 |   2.4147397308985617e-04 |   2.4147397308985617e-04 | 1
 30, 25 |   2.2343726011153295e-04 |   2.2343726011153295e-04 | 1
 30, 26 |   2.5742029579111134e-04 |   2.5742029579111134e-04 | 1
 30, 27 |   5.8720167350286533e-04 |   5.8720167350286533e-04 | 1
 30, 28 |   2.8888824006215110e-04 |   2.8888824006215110e-04 | 1
 30, 29 |   2.3795921298403697e-04 |   2.3795921298403697e-04 | 1
 30, 30 |   1.0247179938513368e-02 |   1.0247179938513368e-02 | 1
 30, 31 |   2.5197915509883335e-04 |   2.5197915509883335e-04 | 1
 30, 32 |   1.2226683173513781e-05 |   1.2226683173513781e-05 | 1
 30, 33 |  -6.8563732683767434e-04 |  -6.8563732683767434e-04 | 1
 30, 34 |   6.1365832368498322e-04 |   6.1365832368498322e-04 | 1
 30, 35 |  -3.9702618058886358e-05 |  -3.9702618058886358e-05 | 1
 30, 36 |  -3.9730270987625677e-05 |  -3.9730270987625677e-05 | 1
 30, 37 |  -3.9261516509383260e-05 |  -3.9261516509383260e-05 | 1
 30, 38 |  -1.6368387756492811e-05 |  -1.6368387756492811e-05 | 1
 30, 39 |  -3.1246840157281628e-05 |  -3.1246840157281628e-05 | 1
 30, 40 |  -2.5938726629370669e-08 |  -2.5938726629370669e-08 | 1
 30, 41 |  -2.9493488314397033e-05 |  -2.9493488314397033e-05 | 1
 30, 42 |   1.3184719428927789e-06 |   1.3184719428927789e-06 | 1
 30, 43 |   2.0659396683220325e-04 |   2.0659396683220325e-04 | 1
 30, 44 |   4.6579921919099356e-06 |   4.6579921919099356e-06 | 1
 31,  1 |   2.0344734476886547e-04 |   2.0344734476886547e-04 | 1
 31,  2 |   2.1164683046080300e-04 |   2.1164683046080300e-04 | 1
 31,  3 |   1.9840988653880366e-04 |   1.9840988653880366e-04 | 1
 31,  4 |   1.9628293520770630e-04 |   1.9628293520770630e-04 | 1
 31,  5 |   2.3056803240464833e-04 |   2.3056803240464833e-04 | 1
 31,  6 |   2.1711158005753944e-04 |   2.1711158005753944e-04 | 1
 31,  7 |   1.5226639521982396e-04 |   1.5226639521982396e-04 | 1
 31,  8 |   1.9760258438737593e-04 |   1.9760258438737593e-04 | 1
 31,  9 |   1.9206076428270066e-04 |   1.9206076428270066e-04 | 1
 31, 10 |   2.2142623854117335e-04 |   2.2142623854117335e-04 | 1
 31, 11 |   8.7578337117737853e-04 |   8.7578337117737853e-04 | 1
 31, 12 |   1.7240018242794457e-04 |   1.7240018242794457e-04 | 1
 31, 13 |   2.0644394428646399e-04 |   2.0644394428646399e-04 | 1
 31, 14 |   1.9885388696997902e-04 |   1.9885388696997902e-04 | 1
 31, 15 |   2.1439988635131251e-04 |   2.1439988635131251e-04 | 1
 31, 16 |   2.1103323325915319e-04 |   2.1103323325915319e-04 | 1
 31, 17 |   2.2325345995452076e-04 |   2.2325345995452076e-04 | 1
 31, 18 |   1.9959178644362793e-04 |   1.9959178644362793e-04 | 1
 31, 19 |   2.3520606658467848e-04 |   2.3520606658467848e-04 | 1
 31, 20 |   2.1652171812546064e-04 |   2.1652171812546064e-04 | 1
 31, 21 |   2.0709040533892697e-04 |   2.0709040533892697e-04 | 1
 31, 22 |   2.5692480553912169e-04 |   2.5692480553912169e-04 | 1
 31, 23 |   2.3001773250866457e-04 |   2.3001773250866457e-04 | 1
 31, 24 |   2.3143515069853928e-04 |   2.3143515069853928e-04 | 1
 31, 25 |   2.2599510989809466e-04 |   2.2599510989809466e-04 | 1
 31, 26 |   2.5890102886623131e-04 |   2.5890102886623131e-04 | 1
 31, 27 |   4.1130042119979978e-04 |   4.1130042119979978e-04 | 1
 31, 28 |   2.6246590092990054e-04 |   2.6246590092990054e-04 | 1
 31, 29 |   2.4301337882168996e-04 |   2.4301337882168996e-04 | 1
 31, 30 |   2.5197915509883335e-04 |   2.5197915509883335e-04 | 1
 31, 31 |   2.0720817617656768e-02 |   2.0720817617656768e-02 | 1
 31, 32 |   1.8846767940799942e-05 |   1.8846767940799942e-05 | 1
 31, 33 |  -3.6520459019487902e-04 |  -3.6520459019487902e-04 | 1
 31, 34 |   4.2139479509016727e-04 |   4.2139479509016727e-04 | 1
 31, 35 |  -3.4224320603356549e-05 |  -3.4224320603356549e-05 | 1
 31, 36 |  -3.9649426640074471e-05 |  -3.9649426640074471e-05 | 1
 31, 37 |  -3.1957668600206611e-05 |  -3.1957668600206611e-05 | 1
 31, 38 |  -4.0714889119820619e-05 |  -4.0714889119820619e-05 | 1
 31, 39 |  -2.7358790608757513e-05 |  -2.7358790608757513e-05 | 1
 31, 40 |  -2.5174527560962598e-08 |  -2.5174527560962598e-08 | 1
 31, 41 |  -3.1638326041836613e-05 |  -3.1638326041836613e-05 | 1
 31, 42 |   1.4834640793368283e-06 |   1.4834640793368283e-06 | 1
 31, 43 |   2.0759662513984226e-04 |   2.0759662513984226e-04 | 1
 31, 44 |  -8.9054193682763850e-07 |  -8.9054193682763850e-07 | 1
 32,  1 |   1.4736947560097514e-05 |   1.4736947560097514e-05 | 1
 32,  2 |  -4.8096122022815312e-04 |  -4.8096122022815312e-04 | 1
 32,  3 |   1.4081510056421781e-05 |   1.4081510056421781e-05 | 1
 32,  4 |  -8.8352992841620174e-06 |  -8.8352992841620174e-06 | 1
 32,  5 |   1.1187615384119213e-04 |   1.1187615384119213e-04 | 1
 32,  6 |   1.2137148213023648e-04 |   1.2137148213023648e-04 | 1
 32,  7 |  -3.3171726443137860e-05 |  -3.3171726443137860e-05 | 1
 32,  8 |  -8.9959177207751101e-06 |  -8.9959177207751101e-06 | 1
 32,  9 |   3.6842211783166468e-05 |   3.6842211783166468e-05 | 1
 32, 10 |  -1.1713973771364403e-04 |  -1.1713973771364403e-04 | 1
 32, 11 |   8.9183417438776376e-04 |   8.9183417438776376e-04 | 1
 32, 12 |   3.0137485171477835e-05 |   3.0137485171477835e-05 | 1
 32, 13 |   4.2372990695371009e-05 |   4.2372990695371009e-05 | 1
 32, 14 |  -1.1174956701840965e-04 |  -1.1174956701840965e-04 | 1
 32, 15 |  -2.5932319443014266e-04 |  -2.5932319443014266e-04 | 1
 32, 16 |  -7.9046230506080249e-05 |  -7.9046230506080249e-05 | 1
 32, 17 |   1.2828249298685753e-05 |   1.2828249298685753e-05 | 1
 32, 18 |   4.2982180240753830e-05 |   4.2982180240753830e-05 | 1
 32, 19 |  -7.1734796388363243e-05 |  -7.1734796388363243e-05 | 1
 32, 20 |   2.3515088580680823e-05 |   2.3515088580680823e-05 | 1
 32, 21 |   7.8117070017740870e-05 |   7.8117070017740870e-05 | 1
 32, 22 |   7.1993176289509995e-05 |   7.1993176289509995e-05 | 1
 32, 23 |   2.4732947952144407e-05 |   2.4732947952144407e-05 | 1
 32, 24 |  -1.0155490455875565e-06 |  -1.0155490455875565e-06 | 1
 32, 25 |   1.0090562796847357e-05 |   1.0090562796847357e-05 | 1
 32, 26 |   4.9188857452902698e-05 |   4.9188857452902698e-05 | 1
 32, 27 |   1.4760380304008734e-04 |   1.4760380304008734e-04 | 1
 32, 28 |   2.7005433631902598e-06 |   2.7005433631902598e-06 | 1
 32, 29 |   1.0412537587370940e-05 |   1.0412537587370940e-05 | 1
 32, 30 |   1.2226683173513781e-05 |   1.2226683173513781e-05 | 1
 32, 31 |   1.8846767940799942e-05 |   1.8846767940799942e-05 | 1
 32, 32 |   4.7613632470032972e-04 |   4.7613632470032972e-04 | 1
 32, 33 |  -7.3587408244752458e-04 |  -7.3587408244752458e-04 | 1
 32, 34 |  -1.4868446191516691e-05 |  -1.4868446191516691e-05 | 1
 32, 35 |  -7.1663154618249402e-06 |  -7.1663154618249402e-06 | 1
 32, 36 |  -1.0924485320451371e-05 |  -1.0924485320451371e-05 | 1
 32, 37 |  -1.3954173553024369e-05 |  -1.3954173553024369e-05 | 1
 32, 38 |  -1.8847835224213614e-05 |  -1.8847835224213614e-05 | 1
 32, 39 |  -2.3520849829220731e-06 |  -2.3520849829220731e-06 | 1
 32, 40 |  -1.9176711340765859e-09 |  -1.9176711340765859e-09 | 1
 32, 41 |   2.6861526827110181e-07 |   2.6861526827110181e-07 | 1
 32, 42 |  -2.5007388703146006e-08 |  -2.5007388703146006e-08 | 1
 32, 43 |   1.6161412269972599e-05 |   1.6161412269972599e-05 | 1
 32, 44 |  -4.7490095143741821e-04 |  -4.7490095143741821e-04 | 1
 33,  1 |  -6.0183082815207033e-05 |  -6.0183082815207033e-05 | 1
 33,  2 |  -8.2894453625712971e-05 |  -8.2894453625712971e-05 | 1
 33,  3 |   2.7631468839173278e-05 |   2.7631468839173278e-05 | 1
 33,  4 |   2.6203634592892818e-05 |   2.6203634592892818e-05 | 1
 33,  5 |   3.4063812267221721e-04 |   3.4063812267221721e-04 | 1
 33,  6 |  -7.6410822572780591e-04 |  -7.6410822572780591e-04 | 1
 33,  7 |   2.9128001133985157e-04 |   2.9128001133985157e-04 | 1
 33,  8 |   6.1029874197597386e-06 |   6.1029874197597386e-06 | 1
 33,  9 |  -1.9093754333668041e-04 |  -1.9093754333668041e-04 | 1
 33, 10 |   3.9656519516448265e-04 |   3.9656519516448265e-04 | 1
 33, 11 |  -1.7283985709868409e-02 |  -1.7283985709868409e-02 | 1
 33, 12 |   1.9613418127427545e-04 |   1.9613418127427545e-04 | 1
 33, 13 |  -2.5468141408285626e-04 |  -2.5468141408285626e-04 | 1
 33, 14 |   1.0260148675387054e-03 |   1.0260148675387054e-03 | 1
 33, 15 |   1.0872422065383593e-03 |   1.0872422065383593e-03 | 1
 33, 16 |   9.7381026878729638e-05 |   9.7381026878729638e-05 | 1
 33, 17 |  -7.2916332502473517e-05 |  -7.2916332502473517e-05 | 1
 33, 18 |   1.5260628123176878e-04 |   1.5260628123176878e-04 | 1
 33, 19 |   2.7731435452669497e-04 |   2.7731435452669497e-04 | 1
 33, 20 |  -9.2916733110220414e-05 |  -9.2916733110220414e-05 | 1
 33, 21 |  -3.2135166505644724e-04 |  -3.2135166505644724e-04 | 1
 33, 22 |  -2.7236270965138734e-03 |  -2.7236270965138734e-03 | 1
 33, 23 |  -7.7645412671613047e-05 |  -7.7645412671613047e-05 | 1
 33, 24 |  -2.3707407379374652e-04 |  -2.3707407379374652e-04 | 1
 33, 25 |  -1.4924804882575203e-04 |  -1.4924804882575203e-04 | 1
 33, 26 |  -6.4529084691724477e-05 |  -6.4529084691724477e-05 | 1
 33, 27 |  -4.7988090525533170e-03 |  -4.7988090525533170e-03 | 1
 33, 28 |  -6.3182994997791966e-04 |  -6.3182994997791966e-04 | 1
 33, 29 |  -6.3168443169417819e-05 |  -6.3168443169417819e-05 | 1
 33, 30 |  -6.8563732683767434e-04 |  -6.8563732683767434e-04 | 1
 33, 31 |  -3.6520459019487902e-04 |  -3.6520459019487902e-04 | 1
 33, 32 |  -7.3587408244752458e-04 |  -7.3587408244752458e-04 | 1
 33, 33 |   1.0302075924752397e-02 |   1.0302075924752397e-02 | 1
 33, 34 |  -4.5695028139270052e-03 |  -4.5695028139270052e-03 | 1
 33, 35 |   6.4825837190147763e-05 |   6.4825837190147763e-05 | 1
 33, 36 |   6.9511886969253150e-05 |   6.9511886969253150e-05 | 1
 33, 37 |   6.4078177801176931e-05 |   6.4078177801176931e-05 | 1
 33, 38 |   6.9203197152240383e-05 |   6.9203197152240383e-05 | 1
 33, 39 |  -7.2472644337454746e-06 |  -7.2472644337454746e-06 | 1
 33, 40 |   5.4137625264489381e-09 |   5.4137625264489381e-09 | 1
 33, 41 |   1.1510274147213432e-06 |   1.1510274147213432e-06 | 1
 33, 42 |  -1.0820843401037084e-07 |  -1.0820843401037084e-07 | 1
 33, 43 |  -6.8702117702932166e-05 |  -6.8702117702932166e-05 | 1
 33, 44 |   7.3732384473806239e-04 |   7.3732384473806239e-04 | 1
 34,  1 |   2.1127737449978161e-04 |   2.1127737449978161e-04 | 1
 34,  2 |   2.2438465353970963e-04 |   2.2438465353970963e-04 | 1
 34,  3 |   1.6022008046034507e-04 |   1.6022008046034507e-04 | 1
 34,  4 |   2.0675886475844896e-04 |   2.0675886475844896e-04 | 1
 34,  5 |  -1.6132376164797971e-04 |  -1.6132376164797971e-04 | 1
 34,  6 |   4.1002788959853555e-04 |   4.1002788959853555e-04 | 1
 34,  7 |   6.7862361568622693e-05 |   6.7862361568622693e-05 | 1
 34,  8 |   2.1994363209641363e-04 |   2.1994363209641363e-04 | 1
 34,  9 |   2.2899928705560771e-04 |   2.2899928705560771e-04 | 1
 34, 10 |   2.3842203456838474e-04 |   2.3842203456838474e-04 | 1
 34, 11 |   8.5816249136851167e-03 |   8.5816249136851167e-03 | 1
 34, 12 |   1.4056484653161010e-05 |   1.4056484653161010e-05 | 1
 34, 13 |   2.5714659538122483e-04 |   2.5714659538122483e-04 | 1
 34, 14 |  -1.4027385532104772e-04 |  -1.4027385532104772e-04 | 1
 34, 15 |   1.2707696528283305e-04 |   1.2707696528283305e-04 | 1
 34, 16 |   3.1835107520168031e-04 |   3.1835107520168031e-04 | 1
 34, 17 |   2.4004971418603230e-04 |   2.4004971418603230e-04 | 1
 34, 18 |   3.6506883810927241e-05 |   3.6506883810927241e-05 | 1
 34, 19 |   2.2123840652230799e-04 |   2.2123840652230799e-04 | 1
 34, 20 |   2.3628867100865822e-04 |   2.3628867100865822e-04 | 1
 34, 21 |   2.3743638711772898e-04 |   2.3743638711772898e-04 | 1
 34, 22 |   1.6128396216073672e-03 |   1.6128396216073672e-03 | 1
 34, 23 |   2.3069902664044772e-04 |   2.3069902664044772e-04 | 1
 34, 24 |   3.7255892827446082e-04 |   3.7255892827446082e-04 | 1
 34, 25 |   2.8758002110693278e-04 |   2.8758002110693278e-04 | 1
 34, 26 |   2.0936886805288682e-04 |   2.0936886805288682e-04 | 1
 34, 27 |   2.7501218847890210e-03 |   2.7501218847890210e-03 | 1
 34, 28 |   6.1113790315700056e-04 |   6.1113790315700056e-04 | 1
 34, 29 |   2.6149000567894794e-04 |   2.6149000567894794e-04 | 1
 34, 30 |   6.1365832368498322e-04 |   6.1365832368498322e-04 | 1
 34, 31 |   4.2139479509016727e-04 |   4.2139479509016727e-04 | 1
 34, 32 |  -1.4868446191516691e-05 |  -1.4868446191516691e-05 | 1
 34, 33 |  -4.5695028139270052e-03 |  -4.5695028139270052e-03 | 1
 34, 34 |   4.0792276336383167e-03 |   4.0792276336383167e-03 | 1
 34, 35 |  -5.9924602717204952e-05 |  -5.9924602717204952e-05 | 1
 34, 36 |  -5.3769279478682506e-05 |  -5.3769279478682506e-05 | 1
 34, 37 |  -3.3284667553017626e-05 |  -3.3284667553017626e-05 | 1
 34, 38 |  -2.4000683384793281e-05 |  -2.4000683384793281e-05 | 1
 34, 39 |  -3.1382535768597489e-05 |  -3.1382535768597489e-05 | 1
 34, 40 |  -2.6669042212134805e-08 |  -2.6669042212134805e-08 | 1
 34, 41 |  -2.9702848201838360e-05 |  -2.9702848201838360e-05 | 1
 34, 42 |   1.2865966474755992e-06 |   1.2865966474755992e-06 | 1
 34, 43 |   2.1831588946260303e-04 |   2.1831588946260303e-04 | 1
 34, 44 |   3.2835238242293257e-05 |   3.2835238242293257e-05 | 1
 35,  1 |  -3.4802880666663011e-05 |  -3.4802880666663011e-05 | 1
 35,  2 |  -3.2925388537997586e-05 |  -3.2925388537997586e-05 | 1
 35,  3 |  -3.1926898204509094e-05 |  -3.1926898204509094e-05 | 1
 35,  4 |  -3.2757889428946168e-05 |  -3.2757889428946168e-05 | 1
 35,  5 |  -4.1747572780761981e-05 |  -4.1747572780761981e-05 | 1
 35,  6 |  -3.5857382293819470e-05 |  -3.5857382293819470e-05 | 1
 35,  7 |  -2.2875428163925098e-05 |  -2.2875428163925098e-05 | 1
 35,  8 |  -2.3872528342164084e-05 |  -2.3872528342164084e-05 | 1
 35,  9 |  -2.6805244450596448e-05 |  -2.6805244450596448e-05 | 1
 35, 10 |  -3.6809817142001327e-05 |  -3.6809817142001327e-05 | 1
 35, 11 |  -1.7255928817335722e-04 |  -1.7255928817335722e-04 | 1
 35, 12 |  -2.7870797184721576e-06 |  -2.7870797184721576e-06 | 1
 35, 13 |  -3.3773321324550697e-05 |  -3.3773321324550697e-05 | 1
 35, 14 |  -2.1315846454813514e-05 |  -2.1315846454813514e-05 | 1
 35, 15 |  -3.5775239453492410e-05 |  -3.5775239453492410e-05 | 1
 35, 16 |  -4.3459091903085443e-06 |  -4.3459091903085443e-06 | 1
 35, 17 |  -4.3432029233831475e-05 |  -4.3432029233831475e-05 | 1
 35, 18 |  -5.4388312992362952e-05 |  -5.4388312992362952e-05 | 1
 35, 19 |  -4.5909788528190040e-05 |  -4.5909788528190040e-05 | 1
 35, 20 |  -5.3838832638777650e-05 |  -5.3838832638777650e-05 | 1
 35, 21 |  -5.3270560858504614e-05 |  -5.3270560858504614e-05 | 1
 35, 22 |  -6.5225634198044801e-05 |  -6.5225634198044801e-05 | 1
 35, 23 |  -4.2324440049544963e-05 |  -4.2324440049544963e-05 | 1
 35, 24 |  -5.7413858188118260e-05 |  -5.7413858188118260e-05 | 1
 35, 25 |  -2.8633003969801696e-05 |  -2.8633003969801696e-05 | 1
 35, 26 |  -5.3552606439743927e-05 |  -5.3552606439743927e-05 | 1
 35, 27 |  -5.3879775974724150e-05 |  -5.3879775974724150e-05 | 1
 35, 28 |  -3.8601784131587181e-05 |  -3.8601784131587181e-05 | 1
 35, 29 |  -4.2647721059425398e-05 |  -4.2647721059425398e-05 | 1
 35, 30 |  -3.9702618058886358e-05 |  -3.9702618058886358e-05 | 1
 35, 31 |  -3.4224320603356549e-05 |  -3.4224320603356549e-05 | 1
 35, 32 |  -7.1663154618249402e-06 |  -7.1663154618249402e-06 | 1
 35, 33 |   6.4825837190147763e-05 |   6.4825837190147763e-05 | 1
 35, 34 |  -5.9924602717204952e-05 |  -5.9924602717204952e-05 | 1
 35, 35 |   6.4682467924380668e-05 |   6.4682467924380668e-05 | 1
 35, 36 |   5.1180997715782206e-05 |   5.1180997715782206e-05 | 1
 35, 37 |   5.0351057871189604e-05 |   5.0351057871189604e-05 | 1
 35, 38 |   5.0775419104381144e-05 |   5.0775419104381144e-05 | 1
 35, 39 |  -1.5269774285963775e-07 |  -1.5269774285963775e-07 | 1
 35, 40 |  -1.5454739751510813e-09 |  -1.5454739751510813e-09 | 1
 35, 41 |  -9.0196941917660820e-07 |  -9.0196941917660820e-07 | 1
 35, 42 |   3.9094338724100919e-08 |   3.9094338724100919e-08 | 1
 35, 43 |  -4.3833807300228612e-05 |  -4.3833807300228612e-05 | 1
 35, 44 |   7.9757191779339251e-06 |   7.9757191779339251e-06 | 1
 36,  1 |  -3.3541892932219657e-05 |  -3.3541892932219657e-05 | 1
 36,  2 |  -3.0935944267913320e-05 |  -3.0935944267913320e-05 | 1
 36,  3 |  -2.7407558046140466e-05 |  -2.7407558046140466e-05 | 1
 36,  4 |  -3.0089118611963983e-05 |  -3.0089118611963983e-05 | 1
 36,  5 |  -2.4997073447145160e-05 |  -2.4997073447145160e-05 | 1
 36,  6 |  -2.1438853521530404e-05 |  -2.1438853521530404e-05 | 1
 36,  7 |  -2.0167519145785895e-05 |  -2.0167519145785895e-05 | 1
 36,  8 |  -1.1173078573244590e-05 |  -1.1173078573244590e-05 | 1
 36,  9 |  -3.1135627444268450e-05 |  -3.1135627444268450e-05 | 1
 36, 10 |  -3.1080730585053074e-05 |  -3.1080730585053074e-05 | 1
 36, 11 |  -1.5975814790164072e-04 |  -1.5975814790164072e-04 | 1
 36, 12 |  -1.1270082805893472e-05 |  -1.1270082805893472e-05 | 1
 36, 13 |  -3.3650797756268012e-05 |  -3.3650797756268012e-05 | 1
 36, 14 |  -1.7787228276957359e-05 |  -1.7787228276957359e-05 | 1
 36, 15 |  -3.1276096623381839e-05 |  -3.1276096623381839e-05 | 1
 36, 16 |  -1.0427403372516898e-06 |  -1.0427403372516898e-06 | 1
 36, 17 |  -4.5154716240764271e-05 |  -4.5154716240764271e-05 | 1
 36, 18 |  -5.6838820575517651e-05 |  -5.6838820575517651e-05 | 1
 36, 19 |  -3.9818873996424309e-05 |  -3.9818873996424309e-05 | 1
 36, 20 |  -4.8434857528318283e-05 |  -4.8434857528318283e-05 | 1
 36, 21 |  -4.6884129052415734e-05 |  -4.6884129052415734e-05 | 1
 36, 22 |  -5.1362972669591762e-05 |  -5.1362972669591762e-05 | 1
 36, 23 |  -2.4285504279814692e-05 |  -2.4285504279814692e-05 | 1
 36, 24 |  -3.5778344061707932e-05 |  -3.5778344061707932e-05 | 1
 36, 25 |  -3.4196654278649565e-05 |  -3.4196654278649565e-05 | 1
 36, 26 |  -6.0562676353567263e-05 |  -6.0562676353567263e-05 | 1
 36, 27 |  -4.2326289098064973e-05 |  -4.2326289098064973e-05 | 1
 36, 28 |  -5.1121063668934736e-05 |  -5.1121063668934736e-05 | 1
 36, 29 |  -4.6659813309448843e-05 |  -4.6659813309448843e-05 | 1
 36, 30 |  -3.9730270987625677e-05 |  -3.9730270987625677e-05 | 1
 36, 31 |  -3.9649426640074471e-05 |  -3.9649426640074471e-05 | 1
 36, 32 |  -1.0924485320451371e-05 |  -1.0924485320451371e-05 | 1
 36, 33 |   6.9511886969253150e-05 |   6.9511886969253150e-05 | 1
 36, 34 |  -5.3769279478682506e-05 |  -5.3769279478682506e-05 | 1
 36, 35 |   5.1180997715782206e-05 |   5.1180997715782206e-05 | 1
 36, 36 |   6.9098218324135336e-05 |   6.9098218324135336e-05 | 1
 36, 37 |   5.7629614959209355e-05 |   5.7629614959209355e-05 | 1
 36, 38 |   5.8212530510427381e-05 |   5.8212530510427381e-05 | 1
 36, 39 |  -5.3380911007680671e-07 |  -5.3380911007680671e-07 | 1
 36, 40 |  -2.5825642270220318e-09 |  -2.5825642270220318e-09 | 1
 36, 41 |  -1.5842776319445413e-06 |  -1.5842776319445413e-06 | 1
 36, 42 |   6.4885732717740260e-08 |   6.4885732717740260e-08 | 1
 36, 43 |  -4.5153849925874471e-05 |  -4.5153849925874471e-05 | 1
 36, 44 |   1.2335936220183894e-05 |   1.2335936220183894e-05 | 1
 37,  1 |  -2.4531364794916289e-05 |  -2.4531364794916289e-05 | 1
 37,  2 |  -1.9823089671846649e-05 |  -1.9823089671846649e-05 | 1
 37,  3 |  -1.4029269887691491e-05 |  -1.4029269887691491e-05 | 1
 37,  4 |  -1.3972228948618698e-05 |  -1.3972228948618698e-05 | 1
 37,  5 |  -3.2331177286092619e-05 |  -3.2331177286092619e-05 | 1
 37,  6 |  -1.8801109773733508e-05 |  -1.8801109773733508e-05 | 1
 37,  7 |  -1.5404901217098717e-05 |  -1.5404901217098717e-05 | 1
 37,  8 |  -9.4413999316757775e-07 |  -9.4413999316757775e-07 | 1
 37,  9 |  -2.5618656891332166e-05 |  -2.5618656891332166e-05 | 1
 37, 10 |  -2.4899193767287961e-05 |  -2.4899193767287961e-05 | 1
 37, 11 |  -1.4831520358199511e-04 |  -1.4831520358199511e-04 | 1
 37, 12 |   5.5966336839453762e-06 |   5.5966336839453762e-06 | 1
 37, 13 |  -3.2203898518620194e-05 |  -3.2203898518620194e-05 | 1
 37, 14 |  -1.0579067857988032e-05 |  -1.0579067857988032e-05 | 1
 37, 15 |  -2.4224933893978108e-05 |  -2.4224933893978108e-05 | 1
 37, 16 |   1.2230865681150323e-05 |   1.2230865681150323e-05 | 1
 37, 17 |  -3.7104070243809578e-05 |  -3.7104070243809578e-05 | 1
 37, 18 |  -4.7810846903756988e-05 |  -4.7810846903756988e-05 | 1
 37, 19 |  -2.5951974947607712e-05 |  -2.5951974947607712e-05 | 1
 37, 20 |  -2.9247989768602729e-05 |  -2.9247989768602729e-05 | 1
 37, 21 |  -5.0042195032207079e-05 |  -5.0042195032207079e-05 | 1
 37, 22 |  -3.3097333353297709e-05 |  -3.3097333353297709e-05 | 1
 37, 23 |  -1.5225954647596160e-05 |  -1.5225954647596160e-05 | 1
 37, 24 |  -2.7398960087147283e-05 |  -2.7398960087147283e-05 | 1
 37, 25 |  -2.8857315001209953e-05 |  -2.8857315001209953e-05 | 1
 37, 26 |  -5.2822170545976623e-05 |  -5.2822170545976623e-05 | 1
 37, 27 |  -3.1485073625198339e-05 |  -3.1485073625198339e-05 | 1
 37, 28 |  -2.9087737438140739e-05 |  -2.9087737438140739e-05 | 1
 37, 29 |  -4.3615571003186481e-05 |  -4.3615571003186481e-05 | 1
 37, 30 |  -3.9261516509383260e-05 |  -3.9261516509383260e-05 | 1
 37, 31 |  -3.1957668600206611e-05 |  -3.1957668600206611e-05 | 1
 37, 32 |  -1.3954173553024369e-05 |  -1.3954173553024369e-05 | 1
 37, 33 |   6.4078177801176931e-05 |   6.4078177801176931e-05 | 1
 37, 34 |  -3.3284667553017626e-05 |  -3.3284667553017626e-05 | 1
 37, 35 |   5.0351057871189604e-05 |   5.0351057871189604e-05 | 1
 37, 36 |   5.7629614959209355e-05 |   5.7629614959209355e-05 | 1
 37, 37 |   7.7480647198355208e-05 |   7.7480647198355208e-05 | 1
 37, 38 |   6.8404580632858489e-05 |   6.8404580632858489e-05 | 1
 37, 39 |  -1.6951815828541110e-06 |  -1.6951815828541110e-06 | 1
 37, 40 |  -5.3745359691629610e-09 |  -5.3745359691629610e-09 | 1
 37, 41 |  -3.3045399091774018e-06 |  -3.3045399091774018e-06 | 1
 37, 42 |   1.3620763493826779e-07 |   1.3620763493826779e-07 | 1
 37, 43 |  -3.8287011648759703e-05 |  -3.8287011648759703e-05 | 1
 37, 44 |   1.5448703441429470e-05 |   1.5448703441429470e-05 | 1
 38,  1 |  -1.7811101207131525e-05 |  -1.7811101207131525e-05 | 1
 38,  2 |  -5.5329336686912777e-06 |  -5.5329336686912777e-06 | 1
 38,  3 |  -9.8230716879406287e-06 |  -9.8230716879406287e-06 | 1
 38,  4 |  -5.2807305585036291e-06 |  -5.2807305585036291e-06 | 1
 38,  5 |  -2.5967504359146709e-05 |  -2.5967504359146709e-05 | 1
 38,  6 |  -6.7766937960587796e-06 |  -6.7766937960587796e-06 | 1
 38,  7 |  -1.5852216803243195e-05 |  -1.5852216803243195e-05 | 1
 38,  8 |   7.1849274776799702e-06 |   7.1849274776799702e-06 | 1
 38,  9 |  -1.7724310087043887e-05 |  -1.7724310087043887e-05 | 1
 38, 10 |  -1.3694756204780055e-05 |  -1.3694756204780055e-05 | 1
 38, 11 |  -1.3263103171117104e-04 |  -1.3263103171117104e-04 | 1
 38, 12 |   1.3040322047385288e-05 |   1.3040322047385288e-05 | 1
 38, 13 |  -3.0010907018573949e-05 |  -3.0010907018573949e-05 | 1
 38, 14 |   8.8960493782672230e-06 |   8.8960493782672230e-06 | 1
 38, 15 |  -4.8114588450837209e-06 |  -4.8114588450837209e-06 | 1
 38, 16 |   2.3019381355777257e-05 |   2.3019381355777257e-05 | 1
 38, 17 |  -2.9692367352059328e-05 |  -2.9692367352059328e-05 | 1
 38, 18 |  -3.1593286705076842e-05 |  -3.1593286705076842e-05 | 1
 38, 19 |  -9.9831619939283905e-06 |  -9.9831619939283905e-06 | 1
 38, 20 |  -2.0531064234967535e-05 |  -2.0531064234967535e-05 | 1
 38, 21 |  -4.1749173475823885e-05 |  -4.1749173475823885e-05 | 1
 38, 22 |  -3.3327364322633193e-05 |  -3.3327364322633193e-05 | 1
 38, 23 |  -1.2785610725488711e-05 |  -1.2785610725488711e-05 | 1
 38, 24 |  -2.0622687823264599e-05 |  -2.0622687823264599e-05 | 1
 38, 25 |  -2.2402905344802843e-05 |  -2.2402905344802843e-05 | 1
 38, 26 |  -3.6360929094301966e-05 |  -3.6360929094301966e-05 | 1
 38, 27 |  -2.7508583687857394e-05 |  -2.7508583687857394e-05 | 1
 38, 28 |  -1.8269940203869015e-05 |  -1.8269940203869015e-05 | 1
 38, 29 |  -3.8242274718322558e-05 |  -3.8242274718322558e-05 | 1
 38, 30 |  -1.6368387756492811e-05 |  -1.6368387756492811e-05 | 1
 38, 31 |  -4.0714889119820619e-05 |  -4.0714889119820619e-05 | 1
 38, 32 |  -1.8847835224213614e-05 |  -1.8847835224213614e-05 | 1
 38, 33 |   6.9203197152240383e-05 |   6.9203197152240383e-05 | 1
 38, 34 |  -2.4000683384793281e-05 |  -2.4000683384793281e-05 | 1
 38, 35 |   5.0775419104381144e-05 |   5.0775419104381144e-05 | 1
 38, 36 |   5.8212530510427381e-05 |   5.8212530510427381e-05 | 1
 38, 37 |   6.8404580632858489e-05 |   6.8404580632858489e-05 | 1
 38, 38 |   9.4082741213702488e-05 |   9.4082741213702488e-05 | 1
 38, 39 |  -2.2550394893046100e-06 |  -2.2550394893046100e-06 | 1
 38, 40 |  -8.1803255677531371e-09 |  -8.1803255677531371e-09 | 1
 38, 41 |  -4.6575454526976621e-06 |  -4.6575454526976621e-06 | 1
 38, 42 |   1.9155378876256372e-07 |   1.9155378876256372e-07 | 1
 38, 43 |  -2.9471290954386645e-05 |  -2.9471290954386645e-05 | 1
 38, 44 |   1.8823373496730308e-05 |   1.8823373496730308e-05 | 1
 39,  1 |  -2.9886532461721027e-05 |  -2.9886532461721027e-05 | 1
 39,  2 |  -2.8392776718679508e-05 |  -2.8392776718679508e-05 | 1
 39,  3 |  -2.0478680963418872e-05 |  -2.0478680963418872e-05 | 1
 39,  4 |  -3.2506731421008995e-05 |  -3.2506731421008995e-05 | 1
 39,  5 |  -4.2167562143429683e-05 |  -4.2167562143429683e-05 | 1
 39,  6 |  -2.2673453988833107e-05 |  -2.2673453988833107e-05 | 1
 39,  7 |  -4.3210955328873546e-05 |  -4.3210955328873546e-05 | 1
 39,  8 |  -2.7311188296844828e-05 |  -2.7311188296844828e-05 | 1
 39,  9 |  -3.5179893897917150e-05 |  -3.5179893897917150e-05 | 1
 39, 10 |  -2.4045594750629406e-05 |  -2.4045594750629406e-05 | 1
 39, 11 |  -5.7970400927379826e-05 |  -5.7970400927379826e-05 | 1
 39, 12 |  -1.1608492811579132e-05 |  -1.1608492811579132e-05 | 1
 39, 13 |  -2.8566296733699851e-05 |  -2.8566296733699851e-05 | 1
 39, 14 |  -3.5679490434769220e-05 |  -3.5679490434769220e-05 | 1
 39, 15 |  -2.7659519812774490e-05 |  -2.7659519812774490e-05 | 1
 39, 16 |  -3.9570865276219560e-05 |  -3.9570865276219560e-05 | 1
 39, 17 |  -3.3087711928031715e-05 |  -3.3087711928031715e-05 | 1
 39, 18 |  -1.6860219653177453e-05 |  -1.6860219653177453e-05 | 1
 39, 19 |  -3.4405912125533517e-05 |  -3.4405912125533517e-05 | 1
 39, 20 |  -3.6199246167521368e-05 |  -3.6199246167521368e-05 | 1
 39, 21 |  -2.3707879473809529e-05 |  -2.3707879473809529e-05 | 1
 39, 22 |  -2.4498856732227270e-05 |  -2.4498856732227270e-05 | 1
 39, 23 |  -3.5067117642358821e-05 |  -3.5067117642358821e-05 | 1
 39, 24 |  -3.5420922915030338e-05 |  -3.5420922915030338e-05 | 1
 39, 25 |  -2.7950375996225876e-05 |  -2.7950375996225876e-05 | 1
 39, 26 |  -3.1103294070935697e-05 |  -3.1103294070935697e-05 | 1
 39, 27 |  -1.2926240955235056e-05 |  -1.2926240955235056e-05 | 1
 39, 28 |  -4.1586671685876418e-05 |  -4.1586671685876418e-05 | 1
 39, 29 |  -3.1704275621547219e-05 |  -3.1704275621547219e-05 | 1
 39, 30 |  -3.1246840157281628e-05 |  -3.1246840157281628e-05 | 1
 39, 31 |  -2.7358790608757513e-05 |  -2.7358790608757513e-05 | 1
 39, 32 |  -2.3520849829220731e-06 |  -2.3520849829220731e-06 | 1
 39, 33 |  -7.2472644337454746e-06 |  -7.2472644337454746e-06 | 1
 39, 34 |  -3.1382535768597489e-05 |  -3.1382535768597489e-05 | 1
 39, 35 |  -1.5269774285963775e-07 |  -1.5269774285963775e-07 | 1
 39, 36 |  -5.3380911007680671e-07 |  -5.3380911007680671e-07 | 1
 39, 37 |  -1.6951815828541110e-06 |  -1.6951815828541110e-06 | 1
 39, 38 |  -2.2550394893046100e-06 |  -2.2550394893046100e-06 | 1
 39, 39 |   4.1873270089077321e-05 |   4.1873270089077321e-05 | 1
 39, 40 |   1.5259615339514688e-09 |   1.5259615339514688e-09 | 1
 39, 41 |   2.0572417527884638e-06 |   2.0572417527884638e-06 | 1
 39, 42 |  -8.2073596490321606e-08 |  -8.2073596490321606e-08 | 1
 39, 43 |  -3.1645669158652953e-05 |  -3.1645669158652953e-05 | 1
 39, 44 |   5.1036187778427088e-07 |   5.1036187778427088e-07 | 1
 40,  1 |  -2.3529311937649837e-08 |  -2.3529311937649837e-08 | 1
 40,  2 |  -2.4984932283429423e-08 |  -2.4984932283429423e-08 | 1
 40,  3 |  -2.1857657379473708e-08 |  -2.1857657379473708e-08 | 1
 40,  4 |  -2.3104175616691932e-08 |  -2.3104175616691932e-08 | 1
 40,  5 |  -3.0993037113734601e-08 |  -3.0993037113734601e-08 | 1
 40,  6 |  -2.3191844604770867e-08 |  -2.3191844604770867e-08 | 1
 40,  7 |  -1.5081900247146595e-08 |  -1.5081900247146595e-08 | 1
 40,  8 |  -2.4917122256711523e-08 |  -2.4917122256711523e-08 | 1
 40,  9 |  -2.0458031335574367e-08 |  -2.0458031335574367e-08 | 1
 40, 10 |  -2.4168856977618313e-08 |  -2.4168856977618313e-08 | 1
 40, 11 |  -2.3646868132102293e-08 |  -2.3646868132102293e-08 | 1
 40, 12 |  -2.4827942957979848e-08 |  -2.4827942957979848e-08 | 1
 40, 13 |  -2.3419193996693152e-08 |  -2.3419193996693152e-08 | 1
 40, 14 |  -2.6413344182277113e-08 |  -2.6413344182277113e-08 | 1
 40, 15 |  -3.2483481349434024e-08 |  -3.2483481349434024e-08 | 1
 40, 16 |  -2.5365284321884021e-08 |  -2.5365284321884021e-08 | 1
 40, 17 |  -2.4343016242532128e-08 |  -2.4343016242532128e-08 | 1
 40, 18 |  -2.2875066581881280e-08 |  -2.2875066581881280e-08 | 1
 40, 19 |  -2.6081579665488226e-08 |  -2.6081579665488226e-08 | 1
 40, 20 |  -2.1566291442217518e-08 |  -2.1566291442217518e-08 | 1
 40, 21 |  -2.2033496256128889e-08 |  -2.2033496256128889e-08 | 1
 40, 22 |  -1.7978770438072068e-08 |  -1.7978770438072068e-08 | 1
 40, 23 |  -2.5876649075212196e-08 |  -2.5876649075212196e-08 | 1
 40, 24 |  -2.4116507295593708e-08 |  -2.4116507295593708e-08 | 1
 40, 25 |  -2.5682249100761241e-08 |  -2.5682249100761241e-08 | 1
 40, 26 |  -2.7252368209309951e-08 |  -2.7252368209309951e-08 | 1
 40, 27 |  -2.7441009514279317e-08 |  -2.7441009514279317e-08 | 1
 40, 28 |  -2.5340496138214985e-08 |  -2.5340496138214985e-08 | 1
 40, 29 |  -2.4462868106884910e-08 |  -2.4462868106884910e-08 | 1
 40, 30 |  -2.5938726629370669e-08 |  -2.5938726629370669e-08 | 1
 40, 31 |  -2.5174527560962598e-08 |  -2.5174527560962598e-08 | 1
 40, 32 |  -1.9176711340765859e-09 |  -1.9176711340765859e-09 | 1
 40, 33 |   5.4137625264489381e-09 |   5.4137625264489381e-09 | 1
 40, 34 |  -2.6669042212134805e-08 |  -2.6669042212134805e-08 | 1
 40, 35 |  -1.5454739751510813e-09 |  -1.5454739751510813e-09 | 1
 40, 36 |  -2.5825642270220318e-09 |  -2.5825642270220318e-09 | 1
 40, 37 |  -5.3745359691629610e-09 |  -5.3745359691629610e-09 | 1
 40, 38 |  -8.1803255677531371e-09 |  -8.1803255677531371e-09 | 1
 40, 39 |   1.5259615339514688e-09 |   1.5259615339514688e-09 | 1
 40, 40 |   7.5882025092705711e-12 |   7.5882025092705711e-12 | 1
 40, 41 |   2.7893934365480860e-09 |   2.7893934365480860e-09 | 1
 40, 42 |  -1.0930798388776686e-10 |  -1.0930798388776686e-10 | 1
 40, 43 |  -2.0900443314879860e-08 |  -2.0900443314879860e-08 | 1
 40, 44 |   1.6815766285566109e-10 |   1.6815766285566109e-10 | 1
 41,  1 |  -2.5093522041166726e-05 |  -2.5093522041166726e-05 | 1
 41,  2 |  -2.8021812080533077e-05 |  -2.8021812080533077e-05 | 1
 41,  3 |  -2.8176155701404958e-05 |  -2.8176155701404958e-05 | 1
 41,  4 |  -2.5683741724575197e-05 |  -2.5683741724575197e-05 | 1
 41,  5 |  -3.1134053642936302e-05 |  -3.1134053642936302e-05 | 1
 41,  6 |  -2.7011804087696501e-05 |  -2.7011804087696501e-05 | 1
 41,  7 |  -1.6300127558932963e-05 |  -1.6300127558932963e-05 | 1
 41,  8 |  -2.6865553450845382e-05 |  -2.6865553450845382e-05 | 1
 41,  9 |  -2.3566919338452517e-05 |  -2.3566919338452517e-05 | 1
 41, 10 |  -2.8022904326396049e-05 |  -2.8022904326396049e-05 | 1
 41, 11 |  -3.5032650926632093e-05 |  -3.5032650926632093e-05 | 1
 41, 12 |  -2.5322306104873876e-05 |  -2.5322306104873876e-05 | 1
 41, 13 |  -2.3364349187343966e-05 |  -2.3364349187343966e-05 | 1
 41, 14 |  -3.1135580870650319e-05 |  -3.1135580870650319e-05 | 1
 41, 15 |  -2.4315464912506567e-05 |  -2.4315464912506567e-05 | 1
 41, 16 |  -2.9927209989703801e-05 |  -2.9927209989703801e-05 | 1
 41, 17 |  -2.5840826861377368e-05 |  -2.5840826861377368e-05 | 1
 41, 18 |  -2.7311826505953348e-05 |  -2.7311826505953348e-05 | 1
 41, 19 |  -3.2988128377824501e-05 |  -3.2988128377824501e-05 | 1
 41, 20 |  -2.5620688952313007e-05 |  -2.5620688952313007e-05 | 1
 41, 21 |  -2.2136683410491283e-05 |  -2.2136683410491283e-05 | 1
 41, 22 |  -1.1073037190948414e-05 |  -1.1073037190948414e-05 | 1
 41, 23 |  -3.1872293934159546e-05 |  -3.1872293934159546e-05 | 1
 41, 24 |  -2.8064498926649291e-05 |  -2.8064498926649291e-05 | 1
 41, 25 |  -2.3957872557942218e-05 |  -2.3957872557942218e-05 | 1
 41, 26 |  -3.0310594045912731e-05 |  -3.0310594045912731e-05 | 1
 41, 27 |  -2.7849846232678126e-05 |  -2.7849846232678126e-05 | 1
 41, 28 |  -2.9244024445427805e-05 |  -2.9244024445427805e-05 | 1
 41, 29 |  -2.8759441259942390e-05 |  -2.8759441259942390e-05 | 1
 41, 30 |  -2.9493488314397033e-05 |  -2.9493488314397033e-05 | 1
 41, 31 |  -3.1638326041836613e-05 |  -3.1638326041836613e-05 | 1
 41, 32 |   2.6861526827110181e-07 |   2.6861526827110181e-07 | 1
 41, 33 |   1.1510274147213432e-06 |   1.1510274147213432e-06 | 1
 41, 34 |  -2.9702848201838360e-05 |  -2.9702848201838360e-05 | 1
 41, 35 |  -9.0196941917660820e-07 |  -9.0196941917660820e-07 | 1
 41, 36 |  -1.5842776319445413e-06 |  -1.5842776319445413e-06 | 1
 41, 37 |  -3.3045399091774018e-06 |  -3.3045399091774018e-06 | 1
 41, 38 |  -4.6575454526976621e-06 |  -4.6575454526976621e-06 | 1
 41, 39 |   2.0572417527884638e-06 |   2.0572417527884638e-06 | 1
 41, 40 |   2.7893934365480860e-09 |   2.7893934365480860e-09 | 1
 41, 41 |   6.4862176004705769e-06 |   6.4862176004705769e-06 | 1
 41, 42 |  -3.4570300592247926e-07 |  -3.4570300592247926e-07 | 1
 41, 43 |  -2.4664882089818495e-05 |  -2.4664882089818495e-05 | 1
 41, 44 |  -1.6791740151520136e-06 |  -1.6791740151520136e-06 | 1
 42,  1 |   1.1557409440020148e-06 |   1.1557409440020148e-06 | 1
 42,  2 |   1.2775870079648220e-06 |   1.2775870079648220e-06 | 1
 42,  3 |   1.2961822125972070e-06 |   1.2961822125972070e-06 | 1
 42,  4 |   1.1668938538075583e-06 |   1.1668938538075583e-06 | 1
 42,  5 |   1.4624998029502690e-06 |   1.4624998029502690e-06 | 1
 42,  6 |   1.1932422654684488e-06 |   1.1932422654684488e-06 | 1
 42,  7 |   5.6261987459970781e-07 |   5.6261987459970781e-07 | 1
 42,  8 |   1.1770315634158283e-06 |   1.1770315634158283e-06 | 1
 42,  9 |   1.0893891955696263e-06 |   1.0893891955696263e-06 | 1
 42, 10 |   1.1725691100934707e-06 |   1.1725691100934707e-06 | 1
 42, 11 |   1.9253082028940305e-06 |   1.9253082028940305e-06 | 1
 42, 12 |   1.0594455329607278e-06 |   1.0594455329607278e-06 | 1
 42, 13 |   1.1302096604314622e-06 |   1.1302096604314622e-06 | 1
 42, 14 |   1.4030387499204495e-06 |   1.4030387499204495e-06 | 1
 42, 15 |   9.3777679761774467e-07 |   9.3777679761774467e-07 | 1
 42, 16 |   1.3210316871108173e-06 |   1.3210316871108173e-06 | 1
 42, 17 |   1.1876719240615709e-06 |   1.1876719240615709e-06 | 1
 42, 18 |   1.3244842097280625e-06 |   1.3244842097280625e-06 | 1
 42, 19 |   1.6094505183280062e-06 |   1.6094505183280062e-06 | 1
 42, 20 |   1.0691174805990399e-06 |   1.0691174805990399e-06 | 1
 42, 21 |   9.8335652186297762e-07 |   9.8335652186297762e-07 | 1
 42, 22 |   2.2754840225003621e-07 |   2.2754840225003621e-07 | 1
 42, 23 |   1.5147050211835128e-06 |   1.5147050211835128e-06 | 1
 42, 24 |   1.2683453410144106e-06 |   1.2683453410144106e-06 | 1
 42, 25 |   9.8935022783864455e-07 |   9.8935022783864455e-07 | 1
 42, 26 |   1.3188729267241154e-06 |   1.3188729267241154e-06 | 1
 42, 27 |   1.0346237397153452e-06 |   1.0346237397153452e-06 | 1
 42, 28 |   1.2875377464645699e-06 |   1.2875377464645699e-06 | 1
 42, 29 |   1.2936852322380512e-06 |   1.2936852322380512e-06 | 1
 42, 30 |   1.3184719428927789e-06 |   1.3184719428927789e-06 | 1
 42, 31 |   1.4834640793368283e-06 |   1.4834640793368283e-06 | 1
 42, 32 |  -2.5007388703146006e-08 |  -2.5007388703146006e-08 | 1
 42, 33 |  -1.0820843401037084e-07 |  -1.0820843401037084e-07 | 1
 42, 34 |   1.2865966474755992e-06 |   1.2865966474755992e-06 | 1
 42, 35 |   3.9094338724100919e-08 |   3.9094338724100919e-08 | 1
 42, 36 |   6.4885732717740260e-08 |   6.4885732717740260e-08 | 1
 42, 37 |   1.3620763493826779e-07 |   1.3620763493826779e-07 | 1
 42, 38 |   1.9155378876256372e-07 |   1.9155378876256372e-07 | 1
 42, 39 |  -8.2073596490321606e-08 |  -8.2073596490321606e-08 | 1
 42, 40 |  -1.0930798388776686e-10 |  -1.0930798388776686e-10 | 1
 42, 41 |  -3.4570300592247926e-07 |  -3.4570300592247926e-07 | 1
 42, 42 |   2.0467784989443120e-08 |   2.0467784989443120e-08 | 1
 42, 43 |   1.1246325129712363e-06 |   1.1246325129712363e-06 | 1
 42, 44 |   1.5206957668062662e-08 |   1.5206957668062662e-08 | 1
 43,  1 |   1.7551117442586795e-04 |   1.7551117442586795e-04 | 1
 43,  2 |   1.8465468827658338e-04 |   1.8465468827658338e-04 | 1
 43,  3 |   1.7239146161435539e-04 |   1.7239146161435539e-04 | 1
 43,  4 |   1.7254964928059178e-04 |   1.7254964928059178e-04 | 1
 43,  5 |   2.1868269182648980e-04 |   2.1868269182648980e-04 | 1
 43,  6 |   1.7558926430052952e-04 |   1.7558926430052952e-04 | 1
 43,  7 |   1.3730222297653785e-04 |   1.3730222297653785e-04 | 1
 43,  8 |   1.6756922020772568e-04 |   1.6756922020772568e-04 | 1
 43,  9 |   1.6502888196909593e-04 |   1.6502888196909593e-04 | 1
 43, 10 |   1.9171291847721808e-04 |   1.9171291847721808e-04 | 1
 43, 11 |   3.2518919639195541e-04 |   3.2518919639195541e-04 | 1
 43, 12 |   1.5002247494178792e-04 |   1.5002247494178792e-04 | 1
 43, 13 |   1.6884389214757978e-04 |   1.6884389214757978e-04 | 1
 43, 14 |   1.9290041955839234e-04 |   1.9290041955839234e-04 | 1
 43, 15 |   1.9535014321296146e-04 |   1.9535014321296146e-04 | 1
 43, 16 |   1.7279267400788266e-04 |   1.7279267400788266e-04 | 1
 43, 17 |   1.9236446480217734e-04 |   1.9236446480217734e-04 | 1
 43, 18 |   1.9100664016236460e-04 |   1.9100664016236460e-04 | 1
 43, 19 |   2.0852708592484457e-04 |   2.0852708592484457e-04 | 1
 43, 20 |   1.9394719620787821e-04 |   1.9394719620787821e-04 | 1
 43, 21 |   1.8025483301791211e-04 |   1.8025483301791211e-04 | 1
 43, 22 |   1.4557618780201148e-04 |   1.4557618780201148e-04 | 1
 43, 23 |   1.9955505925330227e-04 |   1.9955505925330227e-04 | 1
 43, 24 |   1.9812628030620820e-04 |   1.9812628030620820e-04 | 1
 43, 25 |   1.8324907463201725e-04 |   1.8324907463201725e-04 | 1
 43, 26 |   2.3080130549183979e-04 |   2.3080130549183979e-04 | 1
 43, 27 |   2.1084498608549986e-04 |   2.1084498608549986e-04 | 1
 43, 28 |   2.1139249373688734e-04 |   2.1139249373688734e-04 | 1
 43, 29 |   2.0869748888999263e-04 |   2.0869748888999263e-04 | 1
 43, 30 |   2.0659396683220325e-04 |   2.0659396683220325e-04 | 1
 43, 31 |   2.0759662513984226e-04 |   2.0759662513984226e-04 | 1
 43, 32 |   1.6161412269972599e-05 |   1.6161412269972599e-05 | 1
 43, 33 |  -6.8702117702932166e-05 |  -6.8702117702932166e-05 | 1
 43, 34 |   2.1831588946260303e-04 |   2.1831588946260303e-04 | 1
 43, 35 |  -4.3833807300228612e-05 |  -4.3833807300228612e-05 | 1
 43, 36 |  -4.5153849925874471e-05 |  -4.5153849925874471e-05 | 1
 43, 37 |  -3.8287011648759703e-05 |  -3.8287011648759703e-05 | 1
 43, 38 |  -2.9471290954386645e-05 |  -2.9471290954386645e-05 | 1
 43, 39 |  -3.1645669158652953e-05 |  -3.1645669158652953e-05 | 1
 43, 40 |  -2.0900443314879860e-08 |  -2.0900443314879860e-08 | 1
 43, 41 |  -2.4664882089818495e-05 |  -2.4664882089818495e-05 | 1
 43, 42 |   1.1246325129712363e-06 |   1.1246325129712363e-06 | 1
 43, 43 |   2.0209038271085759e-04 |   2.0209038271085759e-04 | 1
 43, 44 |  -2.1012848762488584e-05 |  -2.1012848762488584e-05 | 1
 44,  1 |  -1.7678806588028534e-06 |  -1.7678806588028534e-06 | 1
 44,  2 |   4.9527994944610122e-04 |   4.9527994944610122e-04 | 1
 44,  3 |   8.2080147068478493e-07 |   8.2080147068478493e-07 | 1
 44,  4 |   2.2112652256946707e-05 |   2.2112652256946707e-05 | 1
 44,  5 |  -9.5969902461920381e-05 |  -9.5969902461920381e-05 | 1
 44,  6 |  -1.0567959196552512e-04 |  -1.0567959196552512e-04 | 1
 44,  7 |   5.0804939898887625e-05 |   5.0804939898887625e-05 | 1
 44,  8 |   2.4717184451509927e-05 |   2.4717184451509927e-05 | 1
 44,  9 |  -2.4338149338639643e-05 |  -2.4338149338639643e-05 | 1
 44, 10 |   1.3695501514476618e-04 |   1.3695501514476618e-04 | 1
 44, 11 |  -8.8732091219598090e-04 |  -8.8732091219598090e-04 | 1
 44, 12 |  -1.3455154793683177e-05 |  -1.3455154793683177e-05 | 1
 44, 13 |  -3.2106602390031161e-05 |  -3.2106602390031161e-05 | 1
 44, 14 |   1.2846485071781668e-04 |   1.2846485071781668e-04 | 1
 44, 15 |   2.7811725838367289e-04 |   2.7811725838367289e-04 | 1
 44, 16 |   9.6657363162457131e-05 |   9.6657363162457131e-05 | 1
 44, 17 |   7.1626867529470754e-07 |   7.1626867529470754e-07 | 1
 44, 18 |  -3.2572077437279136e-05 |  -3.2572077437279136e-05 | 1
 44, 19 |   8.4359911113523220e-05 |   8.4359911113523220e-05 | 1
 44, 20 |  -6.0201141010587015e-06 |  -6.0201141010587015e-06 | 1
 44, 21 |  -6.4395043174526016e-05 |  -6.4395043174526016e-05 | 1
 44, 22 |  -5.5508337238450650e-05 |  -5.5508337238450650e-05 | 1
 44, 23 |  -9.6304142738102037e-06 |  -9.6304142738102037e-06 | 1
 44, 24 |   1.6036759839441191e-05 |   1.6036759839441191e-05 | 1
 44, 25 |   7.2583331125547544e-06 |   7.2583331125547544e-06 | 1
 44, 26 |  -3.0381800898252800e-05 |  -3.0381800898252800e-05 | 1
 44, 27 |  -1.2304324964746777e-04 |  -1.2304324964746777e-04 | 1
 44, 28 |   1.4347468543427916e-05 |   1.4347468543427916e-05 | 1
 44, 29 |   7.2475141383189908e-06 |   7.2475141383189908e-06 | 1
 44, 30 |   4.6579921919099356e-06 |   4.6579921919099356e-06 | 1
 44, 31 |  -8.9054193682763850e-07 |  -8.9054193682763850e-07 | 1
 44, 32 |  -4.7490095143741821e-04 |  -4.7490095143741821e-04 | 1
 44, 33 |   7.3732384473806239e-04 |   7.3732384473806239e-04 | 1
 44, 34 |   3.2835238242293257e-05 |   3.2835238242293257e-05 | 1
 44, 35 |   7.9757191779339251e-06 |   7.9757191779339251e-06 | 1
 44, 36 |   1.2335936220183894e-05 |   1.2335936220183894e-05 | 1
 44, 37 |   1.5448703441429470e-05 |   1.5448703441429470e-05 | 1
 44, 38 |   1.8823373496730308e-05 |   1.8823373496730308e-05 | 1
 44, 39 |   5.1036187778427088e-07 |   5.1036187778427088e-07 | 1
 44, 40 |   1.6815766285566109e-10 |   1.6815766285566109e-10 | 1
 44, 41 |  -1.6791740151520136e-06 |  -1.6791740151520136e-06 | 1
 44, 42 |   1.5206957668062662e-08 |   1.5206957668062662e-08 | 1
 44, 43 |  -2.1012848762488584e-05 |  -2.1012848762488584e-05 | 1
 44, 44 |   5.1951986604370536e-04 |   5.1951986604370536e-04 | 1
